scenario_id,run_id,step,t,vehicle_id,vehicle_type,compliance_state,x_global,y,v,a,physical_lane,road_role,primary_leader_id,lane_change_state,merge_state,active_event_tags
BASIC-06,basic_01_06_900_bugcheck_20260605,0,0.0,B06_MV,cav,not_applicable,6852.04,-3.5,20.4,4.0,on_ramp,on_ramp_mv,,normal,not_started,commit
BASIC-06,basic_01_06_900_bugcheck_20260605,0,0.0,B06_CLV,cav,not_applicable,6866.04,0.0,20.4,4.0,lane_2,mainline,,normal,none,commit
BASIC-06,basic_01_06_900_bugcheck_20260605,0,0.0,B06_CFV,cav,not_applicable,6845.989090909091,0.0,19.89090909090909,-1.0909090909090908,lane_2,mainline,,normal,none,commit
BASIC-06,basic_01_06_900_bugcheck_20260605,0,0.0,B06_TLV_CFV,cav,not_applicable,6854.489090909091,3.5,14.89090909090909,-1.0909090909090908,lane_1,mainline,,normal,none,commit
BASIC-06,basic_01_06_900_bugcheck_20260605,0,0.0,B06_TLV_CLV,cav,not_applicable,6874.54,3.5,15.4,4.0,lane_1,mainline,,normal,none,commit
BASIC-06,basic_01_06_900_bugcheck_20260605,1,0.1,B06_MV,cav,not_applicable,6854.031733333333,-3.5,19.917333333333332,-4.826666666666666,on_ramp,on_ramp_mv,,normal,not_started,commit
BASIC-06,basic_01_06_900_bugcheck_20260605,1,0.1,B06_CLV,cav,not_applicable,6868.1184,0.0,20.784,3.8400000000000007,lane_2,mainline,,normal,none,commit
BASIC-06,basic_01_06_900_bugcheck_20260605,1,0.1,B06_CFV,cav,not_applicable,6847.958347107438,0.0,19.692561983471073,-1.9834710743801651,lane_2,mainline,,normal,none,commit
BASIC-06,basic_01_06_900_bugcheck_20260605,1,0.1,B06_TLV_CFV,cav,not_applicable,6855.958347107438,3.5,14.692561983471075,-1.9834710743801651,lane_1,mainline,,normal,none,commit
BASIC-06,basic_01_06_900_bugcheck_20260605,1,0.1,B06_TLV_CLV,cav,not_applicable,6876.12,3.5,15.8,4.0,lane_1,mainline,,normal,none,commit
BASIC-06,basic_01_06_900_bugcheck_20260605,2,0.2,B06_MV,cav,not_applicable,6855.977130666666,-3.5,19.45397333333333,-4.6335999999999995,on_ramp,on_ramp_mv,,normal,not_started,commit
BASIC-06,basic_01_06_900_bugcheck_20260605,2,0.2,B06_CLV,cav,not_applicable,6870.233664,0.0,21.152639999999998,3.686400000000001,lane_2,mainline,,normal,none,commit
BASIC-06,basic_01_06_900_bugcheck_20260605,2,0.2,B06_CFV,cav,not_applicable,6849.900465815177,0.0,19.421187077385422,-2.7137490608564985,lane_2,mainline,,normal,none,commit
BASIC-06,basic_01_06_900_bugcheck_20260605,2,0.2,B06_TLV_CFV,cav,not_applicable,6857.418647633359,3.5,14.603005259203607,-0.8955672426746804,lane_1,mainline,,normal,none,commit
BASIC-06,basic_01_06_900_bugcheck_20260605,2,0.2,B06_TLV_CLV,cav,not_applicable,6877.74,3.5,16.2,4.0,lane_1,mainline,,normal,none,commit
BASIC-06,basic_01_06_900_bugcheck_20260605,3,0.30000000000000004,B06_MV,cav,not_applicable,6857.878045439999,-3.5,19.00914773333333,-4.448255999999999,on_ramp,on_ramp_mv,,normal,not_started,commit
BASIC-06,basic_01_06_900_bugcheck_20260605,3,0.30000000000000004,B06_CLV,cav,not_applicable,6872.38431744,0.0,21.5065344,3.5389440000000008,lane_2,mainline,,normal,none,commit
BASIC-06,basic_01_06_900_bugcheck_20260605,3,0.30000000000000004,B06_CFV,cav,not_applicable,6851.8094720306,0.0,19.090062154224437,-3.311249231609862,lane_2,mainline,,normal,none,commit
BASIC-06,basic_01_06_900_bugcheck_20260605,3,0.30000000000000004,B06_TLV_CFV,cav,not_applicable,6858.867091045694,3.5,14.484434123349395,-1.1857113585421217,lane_1,mainline,,normal,none,commit
BASIC-06,basic_01_06_900_bugcheck_20260605,3,0.30000000000000004,B06_TLV_CLV,cav,not_applicable,6879.4,3.5,16.599999999999998,4.0,lane_1,mainline,,normal,none,commit
BASIC-06,basic_01_06_900_bugcheck_20260605,4,0.4,B06_MV,cav,not_applicable,6859.736256955733,-3.5,18.58211515733333,-4.270325759999998,on_ramp,on_ramp_mv,,normal,not_started,commit
BASIC-06,basic_01_06_900_bugcheck_20260605,4,0.4,B06_CLV,cav,not_applicable,6874.5689447424,0.0,21.846273024,3.3973862400000003,lane_2,mainline,,normal,none,commit
BASIC-06,basic_01_06_900_bugcheck_20260605,4,0.4,B06_CFV,cav,not_applicable,6853.680477115946,0.0,18.71005085345636,-3.800113007680796,lane_2,mainline,,normal,none,commit
BASIC-06,basic_01_06_900_bugcheck_20260605,4,0.4,B06_TLV_CFV,cav,not_applicable,6860.31310591055,3.5,14.460148648559585,-0.24285474789809947,lane_1,mainline,,normal,none,commit
BASIC-06,basic_01_06_900_bugcheck_20260605,4,0.4,B06_TLV_CLV,cav,not_applicable,6881.099999999999,3.5,16.999999999999996,4.0,lane_1,mainline,,normal,none,commit
BASIC-06,basic_01_06_900_bugcheck_20260605,5,0.5,B06_MV,cav,not_applicable,6861.55347334417,-3.5,18.17216388437333,-4.099512729599999,on_ramp,on_ramp_mv,,normal,not_started,commit
BASIC-06,basic_01_06_900_bugcheck_20260605,5,0.5,B06_CLV,cav,not_applicable,6876.786186952704,0.0,22.17242210304,3.261490790400001,lane_2,mainline,,normal,none,commit
BASIC-06,basic_01_06_900_bugcheck_20260605,5,0.5,B06_CFV,cav,not_applicable,6855.509481276683,0.0,18.290041607373386,-4.200092460829742,lane_2,mainline,,normal,none,commit
BASIC-06,basic_01_06_900_bugcheck_20260605,5,0.5,B06_TLV_CFV,cav,not_applicable,6861.764406509286,3.5,14.513005987367922,0.5285733880833732,lane_1,mainline,,normal,none,commit
BASIC-06,basic_01_06_900_bugcheck_20260605,5,0.5,B06_TLV_CLV,cav,not_applicable,6882.839999999999,3.5,17.399999999999995,4.0,lane_1,mainline,,normal,none,commit
BASIC-06,basic_01_06_900_bugcheck_20260605,6,0.6,B06_MV,cav,not_applicable,6863.3313344104035,-3.5,17.77861066233173,-3.9355322204159986,on_ramp,on_ramp_mv,,normal,not_started,commit
BASIC-06,basic_01_06_900_bugcheck_20260605,6,0.6,B06_CLV,cav,not_applicable,6879.034739474596,0.0,22.485525218918397,3.1310311587840007,lane_2,mainline,,normal,none,commit
BASIC-06,basic_01_06_900_bugcheck_20260605,6,0.6,B06_CFV,cav,not_applicable,6857.29321195365,0.0,17.837306769669134,-4.527348377042516,lane_2,mainline,,normal,none,commit
BASIC-06,basic_01_06_900_bugcheck_20260605,6,0.6,B06_TLV_CFV,cav,not_applicable,6863.227304526653,3.5,14.628980173665653,1.1597418629773053,lane_1,mainline,,normal,none,commit
BASIC-06,basic_01_06_900_bugcheck_20260605,6,0.6,B06_TLV_CLV,cav,not_applicable,6884.619999999999,3.5,17.799999999999994,4.0,lane_1,mainline,,normal,none,commit
BASIC-06,basic_01_06_900_bugcheck_20260605,7,0.7,B06_MV,cav,not_applicable,6865.07141436732,-3.5,17.400799569171795,-3.7781109315993584,on_ramp,on_ramp_mv,,normal,not_started,commit
BASIC-06,basic_01_06_900_bugcheck_20260605,7,0.7,B06_CLV,cav,not_applicable,6881.313349895612,0.0,22.78610421016166,3.0057899124326415,lane_2,mainline,,normal,none,commit
BASIC-06,basic_01_06_900_bugcheck_20260605,7,0.7,B06_CFV,cav,not_applicable,6859.028991598441,0.0,17.35779644791111,-4.79510321758024,lane_2,mainline,,normal,none,commit
BASIC-06,basic_01_06_900_bugcheck_20260605,7,0.7,B06_TLV_CFV,cav,not_applicable,6864.688782250171,3.5,14.614777235181977,-0.1420293848367502,lane_1,mainline,,normal,none,commit
BASIC-06,basic_01_06_900_bugcheck_20260605,7,0.7,B06_TLV_CLV,cav,not_applicable,6886.439999999999,3.5,18.199999999999992,4.0,lane_1,mainline,,normal,none,commit
BASIC-06,basic_01_06_900_bugcheck_20260605,8,0.7999999999999999,B06_MV,cav,not_applicable,6866.775224459294,-3.5,17.038100919738255,-3.6269864943353847,on_ramp,on_ramp_mv,,normal,not_started,commit
BASIC-06,basic_01_06_900_bugcheck_20260605,8,0.7999999999999999,B06_CLV,cav,not_applicable,6883.620815899788,0.0,23.074660041755195,2.885558315935336,lane_2,mainline,,normal,none,commit
BASIC-06,basic_01_06_900_bugcheck_20260605,8,0.7999999999999999,B06_CFV,cav,not_applicable,6860.714629489634,0.0,16.856378911927273,-5.014175359838378,lane_2,mainline,,normal,none,commit
BASIC-06,basic_01_06_900_bugcheck_20260605,8,0.7999999999999999,B06_TLV_CFV,cav,not_applicable,6866.1563706423585,3.5,14.675883921877151,0.6110668669517498,lane_1,mainline,,normal,none,commit
BASIC-06,basic_01_06_900_bugcheck_20260605,8,0.7999999999999999,B06_TLV_CLV,cav,not_applicable,6888.299999999998,3.5,18.59999999999999,4.0,lane_1,mainline,,normal,none,commit
BASIC-06,basic_01_06_900_bugcheck_20260605,9,0.8999999999999999,B06_MV,cav,not_applicable,6868.444215480922,-3.5,16.68991021628206,-3.481907034561969,on_ramp,on_ramp_mv,,normal,not_started,commit
BASIC-06,basic_01_06_900_bugcheck_20260605,9,0.8999999999999999,B06_CLV,cav,not_applicable,6885.955983263796,0.0,23.351673640084986,2.7701359832979224,lane_2,mainline,,normal,none,commit
BASIC-06,basic_01_06_900_bugcheck_20260605,9,0.8999999999999999,B06_CFV,cav,not_applicable,6862.348333218792,0.0,16.33703729157686,-5.1934162035041265,lane_2,mainline,,normal,none,commit
BASIC-06,basic_01_06_900_bugcheck_20260605,9,0.8999999999999999,B06_TLV_CFV,cav,not_applicable,6867.636231399822,3.5,14.798607574627749,1.2272365275059771,lane_1,mainline,,normal,none,commit
BASIC-06,basic_01_06_900_bugcheck_20260605,9,0.8999999999999999,B06_TLV_CLV,cav,not_applicable,6890.199999999998,3.5,18.99999999999999,4.0,lane_1,mainline,,normal,none,commit
BASIC-06,basic_01_06_900_bugcheck_20260605,10,0.9999999999999999,B06_MV,cav,not_applicable,6870.079780195018,-3.5,16.35564714096411,-3.34263075317949,on_ramp,on_ramp_mv,,normal,not_started,commit
BASIC-06,basic_01_06_900_bugcheck_20260605,10,0.9999999999999999,B06_CLV,cav,not_applicable,6888.317743933244,0.0,23.617606694481587,2.6593305439660058,lane_2,mainline,,normal,none,commit
BASIC-06,basic_01_06_900_bugcheck_20260605,10,0.9999999999999999,B06_CFV,cav,not_applicable,6863.92863626992,0.0,15.803030511290158,-5.340067802867012,lane_2,mainline,,normal,none,commit
BASIC-06,basic_01_06_900_bugcheck_20260605,10,0.9999999999999999,B06_TLV_CFV,cav,not_applicable,6869.133405910691,3.5,14.97174510869642,1.7313753406867085,lane_1,mainline,,normal,none,commit
BASIC-06,basic_01_06_900_bugcheck_20260605,10,0.9999999999999999,B06_TLV_CLV,cav,not_applicable,6892.139999999998,3.5,19.399999999999988,4.0,lane_1,mainline,,normal,none,commit
BASIC-06,basic_01_06_900_bugcheck_20260605,11,1.0999999999999999,B06_MV,cav,not_applicable,6871.683255653885,-3.5,16.034754588658878,-3.20892552305231,on_ramp,on_ramp_mv,,normal,not_started,commit
BASIC-06,basic_01_06_900_bugcheck_20260605,11,1.0999999999999999,B06_CLV,cav,not_applicable,6890.705034175914,0.0,23.872902426702325,2.5529573222073654,lane_2,mainline,,normal,none,commit
BASIC-06,basic_01_06_900_bugcheck_20260605,11,1.0999999999999999,B06_CFV,cav,not_applicable,6865.454338766299,0.0,15.257024963782857,-5.46005547507301,lane_2,mainline,,normal,none,commit
BASIC-06,basic_01_06_900_bugcheck_20260605,11,1.0999999999999999,B06_TLV_CFV,cav,not_applicable,6870.652018947076,3.5,15.186130363843514,2.1438525514709434,lane_1,mainline,,normal,none,commit
BASIC-06,basic_01_06_900_bugcheck_20260605,11,1.0999999999999999,B06_TLV_CLV,cav,not_applicable,6894.119999999997,3.5,19.799999999999986,4.0,lane_1,mainline,,normal,none,commit
BASIC-06,basic_01_06_900_bugcheck_20260605,12,1.2,B06_MV,cav,not_applicable,6873.255925427729,-3.5,15.726697738445855,-3.080568502130218,on_ramp,on_ramp_mv,,normal,not_started,commit
BASIC-06,basic_01_06_900_bugcheck_20260605,12,1.2,B06_CLV,cav,not_applicable,6893.116832808878,0.0,24.11798632963423,2.45083902931907,lane_2,mainline,,normal,none,commit
BASIC-06,basic_01_06_900_bugcheck_20260605,12,1.2,B06_CFV,cav,not_applicable,6866.94264080879,0.0019125413463547125,14.883020424913248,-3.7400453886960987,lane_2,mainline,,executing,none,commit
BASIC-06,basic_01_06_900_bugcheck_20260605,12,1.2,B06_TLV_CFV,cav,not_applicable,6872.195445322517,3.5,15.43426375441841,2.4813339057489534,lane_1,mainline,,normal,none,commit
BASIC-06,basic_01_06_900_bugcheck_20260605,12,1.2,B06_TLV_CLV,cav,not_applicable,6896.139999999998,3.5,20.199999999999985,4.0,lane_1,mainline,,normal,none,commit
BASIC-06,basic_01_06_900_bugcheck_20260605,13,1.3,B06_MV,cav,not_applicable,6874.799021743954,-3.5,15.430963162241355,-2.9573457620450085,on_ramp,on_ramp_mv,,normal,not_started,commit
BASIC-06,basic_01_06_900_bugcheck_20260605,13,1.3,B06_CLV,cav,not_applicable,6895.552159496523,0.0,24.353266876448863,2.3528054681463075,lane_2,mainline,,normal,none,commit
BASIC-06,basic_01_06_900_bugcheck_20260605,13,1.3,B06_CFV,cav,not_applicable,6868.38943338901,0.007434371791624483,14.46792580220175,-4.150946227114989,lane_2,mainline,,executing,none,commit
BASIC-06,basic_01_06_900_bugcheck_20260605,13,1.3,B06_TLV_CFV,cav,not_applicable,6873.766446248097,3.5,15.71000925579787,2.7574550137945977,lane_1,mainline,,normal,none,commit
BASIC-06,basic_01_06_900_bugcheck_20260605,13,1.3,B06_TLV_CLV,cav,not_applicable,6898.199199999997,3.5,20.591999999999985,3.920000000000006,lane_1,mainline,,normal,none,commit
BASIC-06,basic_01_06_900_bugcheck_20260605,14,1.4000000000000001,B06_MV,cav,not_applicable,6876.382118060178,-3.5,15.830963162241355,4.0,on_ramp,on_ramp_mv,,normal,not_started,commit
BASIC-06,basic_01_06_900_bugcheck_20260605,14,1.4000000000000001,B06_CLV,cav,not_applicable,6898.010073116662,0.0,24.57913620139091,2.2586932494204546,lane_2,mainline,,normal,none,commit
BASIC-06,basic_01_06_900_bugcheck_20260605,14,1.4000000000000001,B06_CFV,cav,not_applicable,6869.791354591009,0.016218767146648022,14.01921201998325,-4.487137822184991,lane_2,mainline,,executing,none,commit
BASIC-06,basic_01_06_900_bugcheck_20260605,14,1.4000000000000001,B06_TLV_CFV,cav,not_applicable,6875.367280896517,3.5,16.008346484199247,2.983372284013762,lane_1,mainline,,normal,none,commit
BASIC-06,basic_01_06_900_bugcheck_20260605,14,1.4000000000000001,B06_TLV_CLV,cav,not_applicable,6900.2960319999975,3.5,20.968319999999984,3.7632000000000065,lane_1,mainline,,normal,none,commit
BASIC-06,basic_01_06_900_bugcheck_20260605,15,1.5000000000000002,B06_MV,cav,not_applicable,6878.005214376402,-3.5,16.230963162241355,4.0,on_ramp,on_ramp_mv,,normal,not_started,commit
BASIC-06,basic_01_06_900_bugcheck_20260605,15,1.5000000000000002,B06_CLV,cav,not_applicable,6900.489670191996,0.0,24.795970753335272,2.1683455194436365,lane_2,mainline,,normal,none,commit
BASIC-06,basic_01_06_900_bugcheck_20260605,15,1.5000000000000002,B06_CFV,cav,not_applicable,6871.14565375628,0.02789817212202944,13.54299165271357,-4.76220367269681,lane_2,mainline,,executing,none,commit
BASIC-06,basic_01_06_900_bugcheck_20260605,15,1.5000000000000002,B06_TLV_CFV,cav,not_applicable,6876.999797681806,3.5,16.325167852891283,3.1682136869203505,lane_1,mainline,,normal,none,commit
BASIC-06,basic_01_06_900_bugcheck_20260605,15,1.5000000000000002,B06_TLV_CLV,cav,not_applicable,6902.428990719997,3.5,21.329587199999985,3.6126720000000065,lane_1,mainline,,normal,none,commit
BASIC-06,basic_01_06_900_bugcheck_20260605,16,1.6000000000000003,B06_MV,cav,not_applicable,6879.668310692627,-3.5,16.630963162241354,4.0,on_ramp,on_ramp_mv,,normal,not_started,commit
BASIC-06,basic_01_06_900_bugcheck_20260605,16,1.6000000000000003,B06_CLV,cav,not_applicable,6902.990083384317,0.0,25.00413192320186,2.0816116986658915,lane_2,mainline,,normal,none,commit
BASIC-06,basic_01_06_900_bugcheck_20260605,16,1.6000000000000003,B06_CFV,cav,not_applicable,6872.450080346048,0.04209461043906443,13.04426589767474,-4.987257550388298,lane_2,mainline,,executing,none,commit
BASIC-06,basic_01_06_900_bugcheck_20260605,16,1.6000000000000003,B06_TLV_CFV,cav,not_applicable,6878.665508942715,3.5,16.657112609093858,3.319447562025741,lane_1,mainline,,normal,none,commit
BASIC-06,basic_01_06_900_bugcheck_20260605,16,1.6000000000000003,B06_TLV_CLV,cav,not_applicable,6904.596631091197,3.5,21.676403711999985,3.4681651200000063,lane_1,mainline,,normal,none,commit
BASIC-06,basic_01_06_900_bugcheck_20260605,17,1.7000000000000004,B06_MV,cav,not_applicable,6881.371407008851,-3.5,17.030963162241353,4.0,on_ramp,on_ramp_mv,,normal,not_started,commit
BASIC-06,basic_01_06_900_bugcheck_20260605,17,1.7000000000000004,B06_CLV,cav,not_applicable,6905.510480048944,0.0,25.203966646273788,1.9983472307192558,lane_2,mainline,,normal,none,commit
BASIC-06,basic_01_06_900_bugcheck_20260605,17,1.7000000000000004,B06_CFV,cav,not_applicable,6873.702793010403,0.05842804338687091,12.52712664355206,-5.171392541226789,lane_2,mainline,,executing,none,commit
BASIC-06,basic_01_06_900_bugcheck_20260605,17,1.7000000000000004,B06_TLV_CFV,cav,not_applicable,6880.365652047313,3.5,17.001431045986873,3.443184368930152,lane_1,mainline,,normal,none,commit
BASIC-06,basic_01_06_900_bugcheck_20260605,17,1.7000000000000004,B06_TLV_CLV,cav,not_applicable,6906.797565847549,3.5,22.009347563519984,3.3294385152000063,lane_1,mainline,,normal,none,commit
BASIC-06,basic_01_06_900_bugcheck_20260605,18,1.8000000000000005,B06_MV,cav,not_applicable,6883.114503325075,-3.5,17.43096316224135,4.0,on_ramp,on_ramp_mv,,normal,not_started,commit
BASIC-06,basic_01_06_900_bugcheck_20260605,18,1.8000000000000005,B06_CLV,cav,not_applicable,6908.0500608469865,0.0,25.395807980422838,1.918413341490485,lane_2,mainline,,normal,none,commit
BASIC-06,basic_01_06_900_bugcheck_20260605,18,1.8000000000000005,B06_CFV,cav,not_applicable,6874.90228519033,0.07652297792155302,11.99492179926987,-5.3220484428219175,lane_2,mainline,,executing,none,commit
BASIC-06,basic_01_06_900_bugcheck_20260605,18,1.8000000000000005,B06_TLV_CFV,cav,not_applicable,6882.101239387658,3.5,17.355873403444793,3.5444235745792145,lane_1,mainline,,normal,none,commit
BASIC-06,basic_01_06_900_bugcheck_20260605,18,1.8000000000000005,B06_TLV_CLV,cav,not_applicable,6909.030463213647,3.5,22.328973660979184,3.1962609745920063,lane_1,mainline,,normal,none,commit
BASIC-06,basic_01_06_900_bugcheck_20260605,19,1.9000000000000006,B06_MV,cav,not_applicable,6884.897599641299,-3.5,17.83096316224135,4.0,on_ramp,on_ramp_mv,,normal,not_started,commit
BASIC-06,basic_01_06_900_bugcheck_20260605,19,1.9000000000000006,B06_CLV,cav,not_applicable,6910.608058413107,0.0,25.579975661205925,1.841676807830865,lane_2,mainline,,normal,none,commit
BASIC-06,basic_01_06_900_bugcheck_20260605,19,1.9000000000000006,B06_CFV,cav,not_applicable,6876.065506064816,0.09634041452391387,11.632208744857166,-3.6271305441270227,lane_2,mainline,,executing,none,commit
BASIC-06,basic_01_06_900_bugcheck_20260605,19,1.9000000000000006,B06_TLV_CFV,cav,not_applicable,6883.873099284522,3.5,17.71859896863764,3.627255651928448,lane_1,mainline,,normal,none,commit
BASIC-06,basic_01_06_900_bugcheck_20260605,19,1.9000000000000006,B06_TLV_CLV,cav,not_applicable,6911.294044685101,3.5,22.635814714540018,3.0684105356083267,lane_1,mainline,,normal,none,commit
BASIC-06,basic_01_06_900_bugcheck_20260605,20,2.0000000000000004,B06_MV,cav,not_applicable,6886.720695957523,-3.5,18.23096316224135,4.0,on_ramp,on_ramp_mv,,normal,not_started,commit
BASIC-06,basic_01_06_900_bugcheck_20260605,20,2.0000000000000004,B06_CLV,cav,not_applicable,6913.183736076583,0.0,25.75677663475769,1.76800973551763,lane_2,mainline,,normal,none,commit
BASIC-06,basic_01_06_900_bugcheck_20260605,20,2.0000000000000004,B06_CFV,cav,not_applicable,6877.206323143941,0.11792107599890547,11.408170791246773,-2.2403795361039274,lane_2,mainline,,executing,none,commit
BASIC-06,basic_01_06_900_bugcheck_20260605,20,2.0000000000000004,B06_TLV_CFV,cav,not_applicable,6885.681909454902,3.5,18.08810170379542,3.6950273515778207,lane_1,mainline,,normal,none,commit
BASIC-06,basic_01_06_900_bugcheck_20260605,20,2.0000000000000004,B06_TLV_CLV,cav,not_applicable,6913.587082897697,3.5,22.930382125958417,2.945674114183993,lane_1,mainline,,normal,none,commit
BASIC-06,basic_01_06_900_bugcheck_20260605,21,2.1000000000000005,B06_MV,cav,not_applicable,6888.583792273747,-3.5,18.630963162241347,4.0,on_ramp,on_ramp_mv,,normal,not_started,commit
BASIC-06,basic_01_06_900_bugcheck_20260605,21,2.1000000000000005,B06_CLV,cav,not_applicable,6915.77638663352,0.0,25.926505569367382,1.6972893460969247,lane_2,mainline,,normal,none,commit
BASIC-06,basic_01_06_900_bugcheck_20260605,21,2.1000000000000005,B06_CFV,cav,not_applicable,6878.317900754134,0.14096513327459645,11.115776101929178,-2.9239468931759403,lane_2,mainline,,executing,none,commit
BASIC-06,basic_01_06_900_bugcheck_20260605,21,2.1000000000000005,B06_TLV_CFV,cav,not_applicable,6887.528224394521,3.5,18.46314939619724,3.7504769240182165,lane_1,mainline,,normal,none,commit
BASIC-06,basic_01_06_900_bugcheck_20260605,21,2.1000000000000005,B06_TLV_CLV,cav,not_applicable,6915.908399581789,3.5,23.21316684092008,2.8278471496166335,lane_1,mainline,,normal,none,commit
BASIC-06,basic_01_06_900_bugcheck_20260605,22,2.2000000000000006,B06_MV,cav,not_applicable,6890.486888589971,-3.5,19.030963162241346,4.0,on_ramp,on_ramp_mv,,normal,not_started,commit
BASIC-06,basic_01_06_900_bugcheck_20260605,22,2.2000000000000006,B06_CLV,cav,not_applicable,6918.38533116818,0.0,26.089445346592687,1.6293977722530473,lane_2,mainline,,normal,none,commit
BASIC-06,basic_01_06_900_bugcheck_20260605,22,2.2000000000000006,B06_CFV,cav,not_applicable,6879.412827889746,0.1655823001032871,10.949271356123875,-1.6650474580530419,lane_2,mainline,,executing,none,commit
BASIC-06,basic_01_06_900_bugcheck_20260605,22,2.2000000000000006,B06_TLV_CFV,cav,not_applicable,6889.401039610874,3.5,18.72815216352719,2.6500276732994896,lane_1,mainline,,normal,none,commit
BASIC-06,basic_01_06_900_bugcheck_20260605,22,2.2000000000000006,B06_TLV_CLV,cav,not_applicable,6918.256863598517,3.5,23.484640167283278,2.7147332636319677,lane_1,mainline,,normal,none,commit
BASIC-06,basic_01_06_900_bugcheck_20260605,23,2.3000000000000007,B06_MV,cav,not_applicable,6892.429984906195,-3.5,19.430963162241344,4.0,on_ramp,on_ramp_mv,,normal,not_started,commit
BASIC-06,basic_01_06_900_bugcheck_20260605,23,2.3000000000000007,B06_CLV,cav,not_applicable,6921.009917921452,0.0,26.24586753272898,1.5642218613629255,lane_2,mainline,,normal,none,commit
BASIC-06,basic_01_06_900_bugcheck_20260605,23,2.3000000000000007,B06_CFV,cav,not_applicable,6880.501404637065,0.19191502412649142,10.885767473192262,-0.6350388293161251,lane_2,mainline,,executing,none,commit
BASIC-06,basic_01_06_900_bugcheck_20260605,23,2.3000000000000007,B06_TLV_CFV,cav,not_applicable,6891.302809599099,3.5,19.017699882251694,2.895477187245037,lane_1,mainline,,normal,none,commit
BASIC-06,basic_01_06_900_bugcheck_20260605,23,2.3000000000000007,B06_TLV_CLV,cav,not_applicable,6920.631389054576,3.5,23.745254560591945,2.606143933086689,lane_1,mainline,,normal,none,commit
BASIC-06,basic_01_06_900_bugcheck_20260605,24,2.400000000000001,B06_MV,cav,not_applicable,6894.413081222419,-3.5,19.830963162241343,4.0,on_ramp,on_ramp_mv,,normal,not_started,commit
BASIC-06,basic_01_06_900_bugcheck_20260605,24,2.400000000000001,B06_CLV,cav,not_applicable,6923.649521204594,0.0,26.39603283141982,1.5016529869084083,lane_2,mainline,,normal,none,commit
BASIC-06,basic_01_06_900_bugcheck_20260605,24,2.400000000000001,B06_CFV,cav,not_applicable,6881.592058339417,0.2201252638434398,10.906537023520942,0.20769550328680675,lane_2,mainline,,executing,none,commit
BASIC-06,basic_01_06_900_bugcheck_20260605,24,2.400000000000001,B06_TLV_CFV,cav,not_applicable,6893.235542582493,3.5,19.32732983393538,3.096299516836848,lane_1,mainline,,normal,none,commit
BASIC-06,basic_01_06_900_bugcheck_20260605,24,2.400000000000001,B06_TLV_CLV,cav,not_applicable,6923.030933492393,3.5,23.99544437816827,2.501898175763222,lane_1,mainline,,normal,none,commit
BASIC-06,basic_01_06_900_bugcheck_20260605,25,2.500000000000001,B06_MV,cav,not_applicable,6896.436177538643,-3.5,20.23096316224134,4.0,on_ramp,on_ramp_mv,,normal,not_started,commit
BASIC-06,basic_01_06_900_bugcheck_20260605,25,2.500000000000001,B06_CLV,cav,not_applicable,6926.30354035641,0.0,26.540191518163027,1.441586867432072,lane_2,mainline,,normal,none,commit
BASIC-06,basic_01_06_900_bugcheck_20260605,25,2.500000000000001,B06_CFV,cav,not_applicable,6882.6916840958875,0.25038561438149715,10.996257564698952,0.8972054117801146,lane_2,mainline,,executing,none,commit
BASIC-06,basic_01_06_900_bugcheck_20260605,25,2.500000000000001,B06_TLV_CFV,cav,not_applicable,6895.200881652842,3.5,19.653390703494757,3.2606086955937847,lane_1,mainline,,normal,none,commit
BASIC-06,basic_01_06_900_bugcheck_20260605,25,2.500000000000001,B06_TLV_CLV,cav,not_applicable,6925.454496152697,3.5,24.23562660304154,2.4018222487326923,lane_1,mainline,,normal,none,commit
BASIC-06,basic_01_06_900_bugcheck_20260605,26,2.600000000000001,B06_MV,cav,not_applicable,6898.498350002218,-3.5,20.621724635751686,3.9076147351034636,on_ramp,on_ramp_mv,,normal,not_started,commit
BASIC-06,basic_01_06_900_bugcheck_20260605,26,2.600000000000001,B06_CLV,cav,not_applicable,6928.971398742154,0.0,26.678583857436507,1.3839233927347891,lane_2,mainline,,normal,none,commit
BASIC-06,basic_01_06_900_bugcheck_20260605,26,2.600000000000001,B06_CFV,cav,not_applicable,6883.805923351181,0.2828732462812793,11.142392552935508,1.4613498823655484,lane_2,mainline,,executing,none,commit
BASIC-06,basic_01_06_900_bugcheck_20260605,26,2.600000000000001,B06_TLV_CFV,cav,not_applicable,6897.200171157974,3.5,19.99289505131607,3.395043478213096,lane_1,mainline,,normal,none,commit
BASIC-06,basic_01_06_900_bugcheck_20260605,26,2.600000000000001,B06_TLV_CLV,cav,not_applicable,6927.901116306589,3.5,24.466201538919876,2.305749358783385,lane_1,mainline,,normal,none,commit
BASIC-06,basic_01_06_900_bugcheck_20260605,27,2.700000000000001,B06_MV,cav,not_applicable,6900.59803556725,-3.5,20.99685565032162,3.7513101456993256,on_ramp,on_ramp_mv,,normal,not_started,commit
BASIC-06,basic_01_06_900_bugcheck_20260605,27,2.700000000000001,B06_CLV,cav,not_applicable,6931.652542792468,0.0,26.811440503139046,1.3285664570253972,lane_2,mainline,,normal,none,commit
BASIC-06,basic_01_06_900_bugcheck_20260605,27,2.700000000000001,B06_CFV,cav,not_applicable,6884.939391832785,0.31776564146900166,11.334684816038143,1.9229226310263576,lane_2,mainline,,executing,none,commit
BASIC-06,basic_01_06_900_bugcheck_20260605,27,2.700000000000001,B06_TLV_CFV,cav,not_applicable,6899.234511018836,3.5,20.343398608624412,3.5050355730834424,lane_1,mainline,,normal,none,commit
BASIC-06,basic_01_06_900_bugcheck_20260605,27,2.700000000000001,B06_TLV_CLV,cav,not_applicable,6930.369871654325,3.5,24.687553477363082,2.21351938443205,lane_1,mainline,,normal,none,commit
BASIC-06,basic_01_06_900_bugcheck_20260605,28,2.800000000000001,B06_MV,cav,not_applicable,6902.733733709681,-3.5,21.356981424308756,3.601257739871352,on_ramp,on_ramp_mv,,normal,not_started,commit
BASIC-06,basic_01_06_900_bugcheck_20260605,28,2.800000000000001,B06_CLV,cav,not_applicable,6934.346441080769,0.0,26.938982883013484,1.2754237987443817,lane_2,mainline,,normal,none,commit
BASIC-06,basic_01_06_900_bugcheck_20260605,28,2.800000000000001,B06_CFV,cav,not_applicable,6886.095866045006,0.3552374557677783,11.564742122213026,2.300573061748838,lane_2,mainline,,executing,none,commit
BASIC-06,basic_01_06_900_bugcheck_20260605,28,2.800000000000001,B06_TLV_CFV,cav,not_applicable,6901.3048011707515,3.5,20.70290151914942,3.595029105250089,lane_1,mainline,,normal,none,commit
BASIC-06,basic_01_06_900_bugcheck_20260605,28,2.800000000000001,B06_TLV_CLV,cav,not_applicable,6932.859876788152,3.5,24.900051338268558,2.1249786090547675,lane_1,mainline,,normal,none,commit
BASIC-06,basic_01_06_900_bugcheck_20260605,29,2.9000000000000012,B06_MV,cav,not_applicable,6904.904003926415,-3.5,21.702702167336405,3.4572074302764975,on_ramp,on_ramp_mv,,normal,not_started,commit
BASIC-06,basic_01_06_900_bugcheck_20260605,29,2.9000000000000012,B06_CLV,cav,not_applicable,6937.0525834375385,0.0,27.061423567692945,1.2244068467946065,lane_2,mainline,,normal,none,commit
BASIC-06,basic_01_06_900_bugcheck_20260605,29,2.9000000000000012,B06_CFV,cav,not_applicable,6887.278435855005,0.395458066108901,11.825698099992476,2.6095597777945034,lane_2,mainline,,executing,none,commit
BASIC-06,basic_01_06_900_bugcheck_20260605,29,2.9000000000000012,B06_TLV_CFV,cav,not_applicable,6903.407475646841,3.5,21.026744760892377,3.238432417429566,lane_1,mainline,,normal,none,commit
BASIC-06,basic_01_06_900_bugcheck_20260605,29,2.9000000000000012,B06_TLV_CLV,cav,not_applicable,6935.370281716626,3.5,25.104049284737815,2.039979464692577,lane_1,mainline,,normal,none,commit
BASIC-06,basic_01_06_900_bugcheck_20260605,30,3.0000000000000013,B06_MV,cav,not_applicable,6907.107463334479,-3.5,22.034594080642947,3.3189191330654384,on_ramp,on_ramp_mv,,normal,not_started,commit
BASIC-06,basic_01_06_900_bugcheck_20260605,30,3.0000000000000013,B06_CLV,cav,not_applicable,6939.770480100037,0.0,27.178966624985225,1.1754305729228223,lane_2,mainline,,normal,none,commit
BASIC-06,basic_01_06_900_bugcheck_20260605,30,3.0000000000000013,B06_CFV,cav,not_applicable,6888.489629335913,0.4385895122006628,12.111934809084753,2.862367090922775,lane_2,mainline,,executing,none,commit
BASIC-06,basic_01_06_900_bugcheck_20260605,30,3.0000000000000013,B06_TLV_CFV,cav,not_applicable,6905.543919115436,3.5,21.364434685954798,3.3768992506241906,lane_1,mainline,,normal,none,commit
BASIC-06,basic_01_06_900_bugcheck_20260605,30,3.0000000000000013,B06_TLV_CLV,cav,not_applicable,6937.900270447961,3.5,25.299887313348304,1.958380286104874,lane_1,mainline,,normal,none,commit
BASIC-06,basic_01_06_900_bugcheck_20260605,31,3.1000000000000014,B06_MV,cav,not_applicable,6909.34278436622,-3.5,22.35321031741723,3.1861623677428215,on_ramp,on_ramp_mv,,normal,not_started,commit
BASIC-06,basic_01_06_900_bugcheck_20260605,31,3.1000000000000014,B06_CLV,cav,not_applicable,6942.4996608960355,0.0,27.291807959985817,1.12841335000591,lane_2,mainline,,normal,none,commit
BASIC-06,basic_01_06_900_bugcheck_20260605,31,3.1000000000000014,B06_CFV,cav,not_applicable,6889.731514911202,0.4847846429157369,12.418855752887525,3.069209438027725,lane_2,mainline,,executing,none,commit
BASIC-06,basic_01_06_900_bugcheck_20260605,31,3.1000000000000014,B06_TLV_CFV,cav,not_applicable,6907.713887398938,3.5,21.699682835012513,3.3524814905771496,lane_1,mainline,,normal,none,commit
BASIC-06,basic_01_06_900_bugcheck_20260605,31,3.1000000000000014,B06_TLV_CLV,cav,not_applicable,6940.449059630042,3.5,25.487891820814372,1.8800450746606785,lane_1,mainline,,normal,none,commit
BASIC-06,basic_01_06_900_bugcheck_20260605,32,3.2000000000000015,B06_MV,cav,not_applicable,6911.608692556692,-3.5,22.65908190472054,3.0587158730331083,on_ramp,on_ramp_mv,,normal,not_started,commit
BASIC-06,basic_01_06_900_bugcheck_20260605,32,3.2000000000000015,B06_CLV,cav,not_applicable,6945.239674460194,0.0,27.400135641586385,1.0832768160056732,lane_2,mainline,,normal,none,commit
BASIC-06,basic_01_06_900_bugcheck_20260605,32,3.2000000000000015,B06_CFV,cav,not_applicable,6891.005784927347,0.5341853444346133,12.74270016145343,3.2384440856590473,lane_2,mainline,,executing,none,commit
BASIC-06,basic_01_06_900_bugcheck_20260605,32,3.2000000000000015,B06_TLV_CFV,cav,not_applicable,6909.906089854798,3.5,21.922024558601635,2.223417235891203,lane_1,mainline,,normal,none,commit
BASIC-06,basic_01_06_900_bugcheck_20260605,32,3.2000000000000015,B06_TLV_CLV,cav,not_applicable,6943.01589724484,3.5,25.668376147981796,1.804843271674251,lane_1,mainline,,normal,none,commit
BASIC-06,basic_01_06_900_bugcheck_20260605,33,3.3000000000000016,B06_MV,cav,not_applicable,6913.903964419545,-3.5,22.95271862853172,2.936367238111784,on_ramp,on_ramp_mv,,normal,not_started,commit
BASIC-06,basic_01_06_900_bugcheck_20260605,33,3.3000000000000016,B06_CLV,cav,not_applicable,6947.990087481786,0.0,27.504130215922928,1.0399457433654462,lane_2,mainline,,normal,none,commit
BASIC-06,basic_01_06_900_bugcheck_20260605,33,3.3000000000000016,B06_CFV,cav,not_applicable,6892.313824031466,0.5869207717525768,13.08039104118917,3.3769087973574026,lane_2,mainline,,executing,none,commit
BASIC-06,basic_01_06_900_bugcheck_20260605,33,3.3000000000000016,B06_TLV_CFV,cav,not_applicable,6912.123756633497,3.5,22.176667786992734,2.546432283910984,lane_1,mainline,,normal,none,commit
BASIC-06,basic_01_06_900_bugcheck_20260605,33,3.3000000000000016,B06_TLV_CLV,cav,not_applicable,6945.600061355046,3.5,25.841641102062525,1.7326495408072817,lane_1,mainline,,normal,none,commit
BASIC-06,basic_01_06_900_bugcheck_20260605,34,3.4000000000000017,B06_MV,cav,not_applicable,6916.227425407885,-3.5,23.23460988339045,2.818912548587312,on_ramp,on_ramp_mv,,normal,not_started,commit
BASIC-06,basic_01_06_900_bugcheck_20260605,34,3.4000000000000017,B06_CLV,cav,not_applicable,6950.750483982514,0.0,27.60396500728601,0.9983479136308291,lane_2,mainline,,normal,none,commit
BASIC-06,basic_01_06_900_bugcheck_20260605,34,3.4000000000000017,B06_CFV,cav,not_applicable,6893.656765116654,0.6431055351512889,13.429410851882048,3.4901981069287835,lane_2,mainline,,executing,none,commit
BASIC-06,basic_01_06_900_bugcheck_20260605,34,3.4000000000000017,B06_TLV_CFV,cav,not_applicable,6914.369530585428,3.5,22.457739519312724,2.8107173231998956,lane_1,mainline,,normal,none,commit
BASIC-06,basic_01_06_900_bugcheck_20260605,34,3.4000000000000017,B06_TLV_CLV,cav,not_applicable,6948.200858900844,3.5,26.007975457980024,1.66334355917499,lane_1,mainline,,normal,none,commit
BASIC-06,basic_01_06_900_bugcheck_20260605,35,3.5000000000000018,B06_MV,cav,not_applicable,6918.57794795669,-3.5,23.505225488054833,2.7061560466438195,on_ramp,on_ramp_mv,,normal,not_started,commit
BASIC-06,basic_01_06_900_bugcheck_20260605,35,3.5000000000000018,B06_CLV,cav,not_applicable,6953.520464623213,0.0,27.69980640699457,0.9584139970855958,lane_2,mainline,,normal,none,commit
BASIC-06,basic_01_06_900_bugcheck_20260605,35,3.5000000000000018,B06_CFV,cav,not_applicable,6895.035535095444,0.7028378137000469,13.787699787903493,3.582889360214459,lane_2,mainline,,executing,none,commit
BASIC-06,basic_01_06_900_bugcheck_20260605,35,3.5000000000000018,B06_TLV_CFV,cav,not_applicable,6916.645574042731,3.5,22.76043457302908,3.0269505371635512,lane_1,mainline,,normal,none,commit
BASIC-06,basic_01_06_900_bugcheck_20260605,35,3.5000000000000018,B06_TLV_CLV,cav,not_applicable,6950.817624544809,3.5,26.167656439660824,1.5968098168079905,lane_1,mainline,,normal,none,commit
BASIC-06,basic_01_06_900_bugcheck_20260605,36,3.600000000000002,B06_MV,cav,not_applicable,6920.954449603543,-3.5,23.76501646853264,2.597909804778067,on_ramp,on_ramp_mv,,normal,not_started,commit
BASIC-06,basic_01_06_900_bugcheck_20260605,36,3.600000000000002,B06_CLV,cav,not_applicable,6956.299646038285,0.0,27.791814150714785,0.9200774372021727,lane_2,mainline,,normal,none,commit
BASIC-06,basic_01_06_900_bugcheck_20260605,36,3.600000000000002,B06_CFV,cav,not_applicable,6896.450892350818,0.7661973821201151,14.153572553739222,3.658727658357284,lane_2,mainline,,executing,none,commit
BASIC-06,basic_01_06_900_bugcheck_20260605,36,3.600000000000002,B06_TLV_CFV,cav,not_applicable,6918.953656186247,3.5,23.080821435160644,3.2038686213156327,lane_1,mainline,,normal,none,commit
BASIC-06,basic_01_06_900_bugcheck_20260605,36,3.600000000000002,B06_TLV_CLV,cav,not_applicable,6953.4497195630165,3.5,26.32095018207439,1.5329374241356704,lane_1,mainline,,normal,none,commit
BASIC-06,basic_01_06_900_bugcheck_20260605,37,3.700000000000002,B06_MV,cav,not_applicable,6923.355891184522,-3.5,24.014415809791334,2.4939934125869443,on_ramp,on_ramp_mv,,normal,not_started,commit
BASIC-06,basic_01_06_900_bugcheck_20260605,37,3.700000000000002,B06_CLV,cav,not_applicable,6959.087660196753,0.0,27.880141584686193,0.883274339714086,lane_2,mainline,,normal,none,commit
BASIC-06,basic_01_06_900_bugcheck_20260605,37,3.700000000000002,B06_CFV,cav,not_applicable,6897.903457377943,0.8332435476170011,14.525650271241181,3.720777175019596,lane_2,mainline,,executing,none,commit
BASIC-06,basic_01_06_900_bugcheck_20260605,37,3.700000000000002,B06_TLV_CFV,cav,not_applicable,6921.277042709392,3.5,23.233865231450103,1.5304379628946085,lane_1,mainline,,normal,none,commit
BASIC-06,basic_01_06_900_bugcheck_20260605,37,3.700000000000002,B06_TLV_CLV,cav,not_applicable,6956.096530780495,3.5,26.468112174791415,1.4716199271702437,lane_1,mainline,,normal,none,commit
BASIC-06,basic_01_06_900_bugcheck_20260605,38,3.800000000000002,B06_MV,cav,not_applicable,6925.781275102262,-3.5,24.25383917739968,2.3942336760834664,on_ramp,on_ramp_mv,,normal,not_started,commit
BASIC-06,basic_01_06_900_bugcheck_20260605,38,3.800000000000002,B06_CLV,cav,not_applicable,6961.884153788883,0.0,27.964935921298746,0.8479433661255229,lane_2,mainline,,normal,none,commit
BASIC-06,basic_01_06_900_bugcheck_20260605,38,3.800000000000002,B06_CFV,cav,not_applicable,6899.393737854681,0.9040130010071508,14.902804767379148,3.7715449613796697,lane_2,mainline,,executing,none,commit
BASIC-06,basic_01_06_900_bugcheck_20260605,38,3.800000000000002,B06_TLV_CFV,cav,not_applicable,6923.620223724961,3.5,23.431810155686936,1.979449242368316,lane_1,mainline,,normal,none,commit
BASIC-06,basic_01_06_900_bugcheck_20260605,38,3.800000000000002,B06_TLV_CLV,cav,not_applicable,6958.757469549276,3.5,26.609387687799757,1.4127551300834342,lane_1,mainline,,normal,none,commit
BASIC-06,basic_01_06_900_bugcheck_20260605,39,3.900000000000002,B06_MV,cav,not_applicable,6928.229643663292,-3.5,24.48368561030369,2.298464329040128,on_ramp,on_ramp_mv,,normal,not_started,commit
BASIC-06,basic_01_06_900_bugcheck_20260605,39,3.900000000000002,B06_CLV,cav,not_applicable,6964.688787637328,0.0,28.046338484446796,0.8140256314805016,lane_2,mainline,,normal,none,commit
BASIC-06,basic_01_06_900_bugcheck_20260605,39,3.900000000000002,B06_CFV,cav,not_applicable,6900.92214915383,0.9785175925857477,15.28411299149203,3.8130822411288205,lane_2,mainline,,executing,none,commit
BASIC-06,basic_01_06_900_bugcheck_20260605,39,3.900000000000002,B06_TLV_CFV,cav,not_applicable,6925.986872961604,3.5,23.666492366426162,2.3468221073922586,lane_1,mainline,,normal,none,commit
BASIC-06,basic_01_06_900_bugcheck_20260605,39,3.900000000000002,B06_TLV_CLV,cav,not_applicable,6961.431970767305,3.5,26.745012180287766,1.3562449248800974,lane_1,mainline,,normal,none,commit
BASIC-06,basic_01_06_900_bugcheck_20260605,40,4.000000000000002,B06_MV,cav,not_applicable,6930.700077481882,-3.5,24.704338185891544,2.2065257558785234,on_ramp,on_ramp_mv,,normal,not_started,commit
BASIC-06,basic_01_06_900_bugcheck_20260605,40,4.000000000000002,B06_CLV,cav,not_applicable,6967.501236131834,0.0,28.124484945068925,0.7814646062212817,lane_2,mainline,,normal,none,commit
BASIC-06,basic_01_06_900_bugcheck_20260605,40,4.000000000000002,B06_CFV,cav,not_applicable,6902.489031125861,1.0567420483187846,15.66881972031166,3.8470672881963077,lane_2,mainline,,executing,none,commit
BASIC-06,basic_01_06_900_bugcheck_20260605,40,4.000000000000002,B06_TLV_CFV,cav,not_applicable,6928.379996197306,3.5,23.931232357030982,2.6473999060482116,lane_1,mainline,,normal,none,commit
BASIC-06,basic_01_06_900_bugcheck_20260605,40,4.000000000000002,B06_TLV_CLV,cav,not_applicable,6964.119491936613,3.5,26.875211693076256,1.3019951278848936,lane_1,mainline,,normal,none,commit
BASIC-06,basic_01_06_900_bugcheck_20260605,41,4.100000000000001,B06_MV,cav,not_applicable,6933.191693947727,-3.5,24.916164658455884,2.1182647256433826,on_ramp,on_ramp_mv,,normal,not_started,commit
BASIC-06,basic_01_06_900_bugcheck_20260605,41,4.100000000000001,B06_CLV,cav,not_applicable,6970.32118668656,0.0,28.199505547266167,0.75020602197243,lane_2,mainline,,normal,none,commit
BASIC-06,basic_01_06_900_bugcheck_20260605,41,4.100000000000001,B06_CFV,cav,not_applicable,6904.0946618302505,1.1386416464925084,16.05630704389136,3.8748732357969784,lane_2,mainline,,executing,none,commit
BASIC-06,basic_01_06_900_bugcheck_20260605,41,4.100000000000001,B06_TLV_CFV,cav,not_applicable,6930.802052704968,3.5,24.220565076616744,2.893327195857627,lane_1,mainline,,normal,none,commit
BASIC-06,basic_01_06_900_bugcheck_20260605,41,4.100000000000001,B06_TLV_CLV,cav,not_applicable,6966.819512259148,3.5,27.000203225353207,1.2499153227694977,lane_1,mainline,,normal,none,commit
BASIC-06,basic_01_06_900_bugcheck_20260605,42,4.200000000000001,B06_MV,cav,not_applicable,6935.703645754938,-3.5,25.11951807211765,2.0335341366176465,on_ramp,on_ramp_mv,,normal,not_started,commit
BASIC-06,basic_01_06_900_bugcheck_20260605,42,4.200000000000001,B06_CLV,cav,not_applicable,6973.148339219098,0.0,28.27152532537552,0.7201977810935333,lane_2,mainline,,normal,none,commit
BASIC-06,basic_01_06_900_bugcheck_20260605,42,4.200000000000001,B06_CFV,cav,not_applicable,6905.739268770205,1.224139879166302,16.446069399547476,3.8976235565611637,lane_2,mainline,,executing,none,commit
BASIC-06,basic_01_06_900_bugcheck_20260605,42,4.200000000000001,B06_TLV_CFV,cav,not_applicable,6933.236872798778,3.5,24.348200938096003,1.276358614792604,lane_1,mainline,,normal,none,commit
BASIC-06,basic_01_06_900_bugcheck_20260605,42,4.200000000000001,B06_TLV_CLV,cav,not_applicable,6969.531531768782,3.5,27.120195096339078,1.1999187098587172,lane_1,mainline,,normal,none,commit
BASIC-06,basic_01_06_900_bugcheck_20260605,43,4.300000000000001,B06_MV,cav,not_applicable,6938.235119489862,-3.5,25.314737349232942,1.95219277115294,on_ramp,on_ramp_mv,,normal,not_started,commit
BASIC-06,basic_01_06_900_bugcheck_20260605,43,4.300000000000001,B06_CLV,cav,not_applicable,6975.982405650334,0.0,28.3406643123605,0.6913898698497918,lane_2,mainline,,normal,none,commit
BASIC-06,basic_01_06_900_bugcheck_20260605,43,4.300000000000001,B06_CFV,cav,not_applicable,6907.423038084713,1.3131261268007475,16.837693145084298,3.9162374553682247,lane_2,mainline,,executing,none,commit
BASIC-06,basic_01_06_900_bugcheck_20260605,43,4.300000000000001,B06_TLV_CFV,cav,not_applicable,6935.689408553981,3.5,24.52535755203358,1.771566139375767,lane_1,mainline,,normal,none,commit
BASIC-06,basic_01_06_900_bugcheck_20260605,43,4.300000000000001,B06_TLV_CLV,cav,not_applicable,6972.25507049803,3.5,27.235387292485516,1.151921961464369,lane_1,mainline,,normal,none,commit
BASIC-06,basic_01_06_900_bugcheck_20260605,44,4.4,B06_MV,cav,not_applicable,6940.785334275389,-3.5,25.502147855263626,1.8741050603068232,on_ramp,on_ramp_mv,,normal,not_started,commit
BASIC-06,basic_01_06_900_bugcheck_20260605,44,4.4,B06_CLV,cav,not_applicable,6978.82310942432,0.0,28.40703773986608,0.6637342750558006,lane_2,mainline,,normal,none,commit
BASIC-06,basic_01_06_900_bugcheck_20260605,44,4.4,B06_CFV,cav,not_applicable,6909.146122069311,1.4054533783520515,17.23083984597806,3.931467008937638,lane_2,mainline,,executing,none,commit
BASIC-06,basic_01_06_900_bugcheck_20260605,44,4.4,B06_TLV_CFV,cav,not_applicable,6938.163711668506,3.5,24.743031145255234,2.1767359322165367,lane_1,mainline,,normal,none,commit
BASIC-06,basic_01_06_900_bugcheck_20260605,44,4.4,B06_TLV_CLV,cav,not_applicable,6974.989667678109,3.5,27.345971800786096,1.1058450830057935,lane_1,mainline,,normal,none,commit
BASIC-06,basic_01_06_900_bugcheck_20260605,45,4.5,B06_MV,cav,not_applicable,6943.353540469494,-3.5,25.68206194105308,1.7991408578945496,on_ramp,on_ramp_mv,,normal,not_started,commit
BASIC-06,basic_01_06_900_bugcheck_20260605,45,4.5,B06_CLV,cav,not_applicable,6981.670185047347,0.0,28.470756230271437,0.637184904053568,lane_2,mainline,,normal,none,commit
BASIC-06,basic_01_06_900_bugcheck_20260605,45,4.5,B06_CFV,cav,not_applicable,6910.908645329437,1.5009360329702062,17.625232601254776,3.943927552767158,lane_2,mainline,,executing,none,commit
BASIC-06,basic_01_06_900_bugcheck_20260605,45,4.5,B06_TLV_CFV,cav,not_applicable,6940.6630971679315,3.5,24.993854994254768,2.508238489995348,lane_1,mainline,,normal,none,commit
BASIC-06,basic_01_06_900_bugcheck_20260605,45,4.5,B06_TLV_CLV,cav,not_applicable,6977.734880970985,3.5,27.45213292875465,1.0616112796855617,lane_1,mainline,,normal,none,commit
BASIC-06,basic_01_06_900_bugcheck_20260605,46,4.6,B06_MV,cav,not_applicable,6945.939018415835,-3.5,25.85477946341096,1.7271752235787674,on_ramp,on_ramp_mv,,normal,not_started,commit
BASIC-06,basic_01_06_900_bugcheck_20260605,46,4.6,B06_CLV,cav,not_applicable,6984.523377645453,0.0,28.53192598106058,0.6116975078914252,lane_2,mainline,,normal,none,commit
BASIC-06,basic_01_06_900_bugcheck_20260605,46,4.6,B06_CFV,cav,not_applicable,6912.710709814994,1.5993478232090974,18.02064485557209,3.9541225431731286,lane_2,mainline,,executing,none,commit
BASIC-06,basic_01_06_900_bugcheck_20260605,46,4.6,B06_TLV_CFV,cav,not_applicable,6943.188994636913,3.5,25.258974689813936,2.6511969555916655,lane_1,mainline,,normal,none,commit
BASIC-06,basic_01_06_900_bugcheck_20260605,46,4.6,B06_TLV_CLV,cav,not_applicable,6980.490285732145,3.5,27.554047611604464,1.0191468284981398,lane_1,mainline,,normal,none,commit
BASIC-06,basic_01_06_900_bugcheck_20260605,47,4.699999999999999,B06_MV,cav,not_applicable,6948.541077244322,-3.5,26.02058828487452,1.6580882146356162,on_ramp,on_ramp_mv,,normal,not_started,commit
BASIC-06,basic_01_06_900_bugcheck_20260605,47,4.699999999999999,B06_CLV,cav,not_applicable,6987.382442539635,0.0,28.59064894181816,0.5872296075757675,lane_2,mainline,,normal,none,commit
BASIC-06,basic_01_06_900_bugcheck_20260605,47,4.699999999999999,B06_CFV,cav,not_applicable,6914.552398939541,1.7004199033240335,18.416891245468072,3.9624638989598324,lane_2,mainline,,executing,none,commit
BASIC-06,basic_01_06_900_bugcheck_20260605,47,4.699999999999999,B06_TLV_CFV,cav,not_applicable,6945.72567462644,3.5,25.366799895271434,1.0782520545749987,lane_1,mainline,,normal,none,commit
BASIC-06,basic_01_06_900_bugcheck_20260605,47,4.699999999999999,B06_TLV_CLV,cav,not_applicable,6983.255474302859,3.5,27.651885707140284,0.9783809553582146,lane_1,mainline,,normal,none,commit
BASIC-06,basic_01_06_900_bugcheck_20260605,48,4.799999999999999,B06_MV,cav,not_applicable,6951.15905371967,-3.5,26.17976475347954,1.591764686050192,on_ramp,on_ramp_mv,,normal,not_started,commit
BASIC-06,basic_01_06_900_bugcheck_20260605,48,4.799999999999999,B06_CLV,cav,not_applicable,6990.247144838049,0.0,28.647022984145433,0.5637404232727363,lane_2,mainline,,normal,none,commit
BASIC-06,basic_01_06_900_bugcheck_20260605,48,4.799999999999999,B06_CFV,cav,not_applicable,6916.433780950533,1.8038391497467416,18.81382010992842,3.969288644603499,lane_2,mainline,,executing,none,commit
BASIC-06,basic_01_06_900_bugcheck_20260605,48,4.799999999999999,B06_TLV_CFV,cav,not_applicable,6948.278449405505,3.5,25.52774779064575,1.6094789537431806,lane_1,mainline,,normal,none,commit
BASIC-06,basic_01_06_900_bugcheck_20260605,48,4.799999999999999,B06_TLV_CLV,cav,not_applicable,6986.030055330744,3.5,27.745810278854673,0.9392457171438864,lane_1,mainline,,normal,none,commit
BASIC-06,basic_01_06_900_bugcheck_20260605,49,4.899999999999999,B06_MV,cav,not_applicable,6953.792311136004,-3.5,26.332574163340357,1.5280940986081846,on_ramp,on_ramp_mv,,normal,not_started,commit
BASIC-06,basic_01_06_900_bugcheck_20260605,49,4.899999999999999,B06_CLV,cav,not_applicable,6993.117259044528,0.0,28.701142064779617,0.5411908063418267,lane_2,mainline,,normal,none,commit
BASIC-06,basic_01_06_900_bugcheck_20260605,49,4.899999999999999,B06_CFV,cav,not_applicable,6918.3549116868,1.909246724123716,19.21130736266871,3.974872527402863,lane_2,mainline,,executing,none,commit
BASIC-06,basic_01_06_900_bugcheck_20260605,49,4.899999999999999,B06_TLV_CFV,cav,not_applicable,6950.851665376009,3.5,25.73215970504292,2.0441191439716935,lane_1,mainline,,normal,none,commit
BASIC-06,basic_01_06_900_bugcheck_20260605,49,4.899999999999999,B06_TLV_CLV,cav,not_applicable,6988.813653117514,3.5,27.835977867700485,0.9016758884581307,lane_1,mainline,,normal,none,commit
BASIC-06,basic_01_06_900_bugcheck_20260605,50,4.999999999999998,B06_MV,cav,not_applicable,6956.440238255685,-3.5,26.479271196806742,1.4669703346638572,on_ramp,on_ramp_mv,,normal,not_started,commit
BASIC-06,basic_01_06_900_bugcheck_20260605,50,4.999999999999998,B06_CLV,cav,not_applicable,6995.992568682746,0.0,28.75309638218843,0.5195431740881532,lane_2,mainline,,normal,none,commit
BASIC-06,basic_01_06_900_bugcheck_20260605,50,4.999999999999998,B06_CFV,cav,not_applicable,6920.315836834655,2.016236952300125,19.609251478547126,3.9794411587841605,lane_2,mainline,,executing,none,commit
BASIC-06,basic_01_06_900_bugcheck_20260605,50,4.999999999999998,B06_TLV_CFV,cav,not_applicable,6953.448878684964,3.5,25.972133089549697,2.399733845067749,lane_1,mainline,,normal,none,commit
BASIC-06,basic_01_06_900_bugcheck_20260605,50,4.999999999999998,B06_TLV_CLV,cav,not_applicable,6991.605906992813,3.5,27.922538752992466,0.8656088529198058,lane_1,mainline,,normal,none,commit
BASIC-06,basic_01_06_900_bugcheck_20260605,51,5.099999999999998,B06_MV,cav,not_applicable,6959.102248290578,-3.5,26.62010034893447,1.4082915212773033,on_ramp,on_ramp_mv,,normal,not_started,commit
BASIC-06,basic_01_06_900_bugcheck_20260605,51,5.099999999999998,B06_CLV,cav,not_applicable,6998.8728659354365,0.0,28.802972526900895,0.4987614471246275,lane_2,mainline,,normal,none,commit
BASIC-06,basic_01_06_900_bugcheck_20260605,51,5.099999999999998,B06_CFV,cav,not_applicable,6922.316593773809,2.1243565752349163,20.007569391538556,3.983179129914313,lane_2,mainline,,executing,none,commit
BASIC-06,basic_01_06_900_bugcheck_20260605,51,5.099999999999998,B06_TLV_CFV,cav,not_applicable,6956.054817089015,3.5,26.059384040509787,0.8725095096008855,lane_1,mainline,,normal,none,commit
BASIC-06,basic_01_06_900_bugcheck_20260605,51,5.099999999999998,B06_TLV_CLV,cav,not_applicable,6994.4064707131,3.5,28.005637202872766,0.8309844988030136,lane_1,mainline,,normal,none,commit
BASIC-06,basic_01_06_900_bugcheck_20260605,52,5.1999999999999975,B06_MV,cav,not_applicable,6961.777777924076,-3.5,26.755296334977093,1.3519598604262115,on_ramp,on_ramp_mv,,normal,not_started,commit
BASIC-06,basic_01_06_900_bugcheck_20260605,52,5.1999999999999975,B06_CLV,cav,not_applicable,7001.757951298019,0.0,28.850853625824858,0.47881098923964205,lane_2,mainline,,normal,none,commit
BASIC-06,basic_01_06_900_bugcheck_20260605,52,5.1999999999999975,B06_CFV,cav,not_applicable,6924.357213087662,2.233104429938354,20.406193138531545,3.9862374699298924,lane_2,mainline,,executing,none,commit
BASIC-06,basic_01_06_900_bugcheck_20260605,52,5.1999999999999975,B06_TLV_CFV,cav,not_applicable,6958.6751669345085,3.5,26.203498454931676,1.4411441442189061,lane_1,mainline,,normal,none,commit
BASIC-06,basic_01_06_900_bugcheck_20260605,52,5.1999999999999975,B06_TLV_CLV,cav,not_applicable,6997.215011884576,3.5,28.085411714757853,0.7977451188508937,lane_1,mainline,,normal,none,commit
BASIC-06,basic_01_06_900_bugcheck_20260605,53,5.299999999999997,B06_MV,cav,not_applicable,6964.466286372234,-3.5,26.88508448157801,1.297881466009163,on_ramp,on_ramp_mv,,normal,not_started,commit
BASIC-06,basic_01_06_900_bugcheck_20260605,53,5.299999999999997,B06_CLV,cav,not_applicable,7004.647633246098,0.0,28.896819480791862,0.459658549670057,lane_2,mainline,,normal,none,commit
BASIC-06,basic_01_06_900_bugcheck_20260605,53,5.299999999999997,B06_CFV,cav,not_applicable,6926.437719798996,2.3419316200163225,20.80506711334399,3.9887397481244573,lane_2,mainline,,executing,none,commit
BASIC-06,basic_01_06_900_bugcheck_20260605,53,5.299999999999997,B06_TLV_CFV,cav,not_applicable,6961.314580686636,3.5,26.39413752127686,1.9063906634518322,lane_1,mainline,,normal,none,commit
BASIC-06,basic_01_06_900_bugcheck_20260605,53,5.299999999999997,B06_TLV_CLV,cav,not_applicable,7000.031211409192,3.5,28.16199524616754,0.7658353140968587,lane_1,mainline,,normal,none,commit
BASIC-06,basic_01_06_900_bugcheck_20260605,54,5.399999999999997,B06_MV,cav,not_applicable,6967.167254482466,-3.5,27.00968110231489,1.2459662073687967,on_ramp,on_ramp_mv,,normal,not_started,commit
BASIC-06,basic_01_06_900_bugcheck_20260605,54,5.399999999999997,B06_CLV,cav,not_applicable,7007.541727916254,0.0,28.940946701560186,0.44127220768325515,lane_2,mainline,,normal,none,commit
BASIC-06,basic_01_06_900_bugcheck_20260605,54,5.399999999999997,B06_CFV,cav,not_applicable,6928.558134380997,2.450242236162899,21.20414582000872,3.9907870666472833,lane_2,mainline,,executing,none,commit
BASIC-06,basic_01_06_900_bugcheck_20260605,54,5.399999999999997,B06_TLV_CFV,cav,not_applicable,6963.976864907828,3.5,26.62284221192292,2.28704690646059,lane_1,mainline,,normal,none,commit
BASIC-06,basic_01_06_900_bugcheck_20260605,54,5.399999999999997,B06_TLV_CLV,cav,not_applicable,7002.854762952824,3.5,28.23551543632084,0.7352019015329845,lane_1,mainline,,normal,none,commit
BASIC-06,basic_01_06_900_bugcheck_20260605,55,5.4999999999999964,B06_MV,cav,not_applicable,6969.880183868288,-3.5,27.129293858222294,1.1961275590740443,on_ramp,on_ramp_mv,,normal,not_started,commit
BASIC-06,basic_01_06_900_bugcheck_20260605,55,5.4999999999999964,B06_CLV,cav,not_applicable,7010.440058799603,0.0,28.98330883349778,0.4236213193759255,lane_2,mainline,,normal,none,commit
BASIC-06,basic_01_06_900_bugcheck_20260605,55,5.4999999999999964,B06_CFV,cav,not_applicable,6930.718473584452,2.557394686833711,21.603392034552588,3.9924621454386857,lane_2,mainline,,executing,none,commit
BASIC-06,basic_01_06_900_bugcheck_20260605,55,5.4999999999999964,B06_TLV_CFV,cav,not_applicable,6966.646952240073,3.5,26.700873322451514,0.7803111052859371,lane_1,mainline,,normal,none,commit
BASIC-06,basic_01_06_900_bugcheck_20260605,55,5.4999999999999964,B06_TLV_CLV,cav,not_applicable,7005.685372434711,3.5,28.306094818868004,0.7057938254716647,lane_1,mainline,,normal,none,commit
BASIC-06,basic_01_06_900_bugcheck_20260605,56,5.599999999999996,B06_MV,cav,not_applicable,6972.604596078678,-3.5,27.244122103893403,1.1482824567110825,on_ramp,on_ramp_mv,,normal,not_started,commit
BASIC-06,basic_01_06_900_bugcheck_20260605,56,5.599999999999996,B06_CLV,cav,not_applicable,7013.342456447619,0.0,29.02397648015787,0.40667646660088796,lane_2,mainline,,normal,none,commit
BASIC-06,basic_01_06_900_bugcheck_20260605,56,5.599999999999996,B06_CFV,cav,not_applicable,6932.918751114552,2.6627036982222574,22.00277530099757,3.993832664449833,lane_2,mainline,,executing,none,commit
BASIC-06,basic_01_06_900_bugcheck_20260605,56,5.599999999999996,B06_TLV_CFV,cav,not_applicable,6969.33069666318,3.5,26.837444231065817,1.3657090861430394,lane_1,mainline,,normal,none,commit
BASIC-06,basic_01_06_900_bugcheck_20260605,56,5.599999999999996,B06_TLV_CLV,cav,not_applicable,7008.522757537323,3.5,28.373851026113286,0.6775620724527983,lane_1,mainline,,normal,none,commit
BASIC-06,basic_01_06_900_bugcheck_20260605,57,5.699999999999996,B06_MV,cav,not_applicable,6975.340031800652,-3.5,27.35435721973767,1.1023511584426389,on_ramp,on_ramp_mv,,normal,not_started,commit
BASIC-06,basic_01_06_900_bugcheck_20260605,57,5.699999999999996,B06_CLV,cav,not_applicable,7016.248758189714,0.0,29.063017420951557,0.39040940793685197,lane_2,mainline,,normal,none,commit
BASIC-06,basic_01_06_900_bugcheck_20260605,57,5.699999999999996,B06_CFV,cav,not_applicable,6935.158978184633,2.7654430404114785,22.402270700816192,3.9949539981862268,lane_2,mainline,,executing,none,commit
BASIC-06,basic_01_06_900_bugcheck_20260605,57,5.699999999999996,B06_TLV_CFV,cav,not_applicable,6972.032887796991,3.5,27.021911338113885,1.8446710704806686,lane_1,mainline,,normal,none,commit
BASIC-06,basic_01_06_900_bugcheck_20260605,57,5.699999999999996,B06_TLV_CLV,cav,not_applicable,7011.36664723583,3.5,28.438896985068755,0.6504595895546856,lane_1,mainline,,normal,none,commit
BASIC-06,basic_01_06_900_bugcheck_20260605,58,5.799999999999995,B06_MV,cav,not_applicable,6978.086050093746,-3.5,27.46018293094816,1.0582571121049327,on_ramp,on_ramp_mv,,normal,not_started,commit
BASIC-06,basic_01_06_900_bugcheck_20260605,58,5.799999999999995,B06_CLV,cav,not_applicable,7019.158807862125,0.0,29.100496724113494,0.3747930316193774,lane_2,mainline,,normal,none,commit
BASIC-06,basic_01_06_900_bugcheck_20260605,58,5.799999999999995,B06_CFV,cav,not_applicable,6937.439163969246,2.8648490330455267,22.80185784612234,3.995871453061458,lane_2,mainline,,executing,none,commit
BASIC-06,basic_01_06_900_bugcheck_20260605,58,5.799999999999995,B06_TLV_CFV,cav,not_applicable,6974.739262603198,3.5,27.063748062062302,0.4183672394841833,lane_1,mainline,,normal,none,commit
BASIC-06,basic_01_06_900_bugcheck_20260605,58,5.799999999999995,B06_TLV_CLV,cav,not_applicable,7014.216781346397,3.5,28.501341105666004,0.624441205972498,lane_1,mainline,,normal,none,commit
BASIC-06,basic_01_06_900_bugcheck_20260605,59,5.899999999999995,B06_MV,cav,not_applicable,6980.842227655117,-3.5,27.561775613710235,1.0159268276207356,on_ramp,on_ramp_mv,,normal,not_started,commit
BASIC-06,basic_01_06_900_bugcheck_20260605,59,5.899999999999995,B06_CLV,cav,not_applicable,7022.07245554764,0.0,29.136476855148956,0.35980131035460233,lane_2,mainline,,normal,none,commit
BASIC-06,basic_01_06_900_bugcheck_20260605,59,5.899999999999995,B06_CFV,cav,not_applicable,6939.759315974838,2.9601248789267034,23.201520055918277,3.9966220979593743,lane_2,mainline,,executing,none,commit
BASIC-06,basic_01_06_900_bugcheck_20260605,59,5.899999999999995,B06_TLV_CFV,cav,not_applicable,6977.456333141364,3.5,27.17070538165646,1.0695731959416044,lane_1,mainline,,normal,none,commit
BASIC-06,basic_01_06_900_bugcheck_20260605,59,5.899999999999995,B06_TLV_CLV,cav,not_applicable,7017.072910092541,3.5,28.561287461439363,0.5994635577335984,lane_1,mainline,,normal,none,commit
BASIC-06,basic_01_06_900_bugcheck_20260605,60,5.999999999999995,B06_MV,cav,not_applicable,6983.608158114033,-3.5,27.659304589161827,0.9752897545159058,on_ramp,on_ramp_mv,,normal,not_started,commit
BASIC-06,basic_01_06_900_bugcheck_20260605,60,5.999999999999995,B06_CLV,cav,not_applicable,7024.9895573257345,0.0,29.171017780942996,0.34540925794041755,lane_2,mainline,,normal,none,commit
BASIC-06,basic_01_06_900_bugcheck_20260605,60,5.999999999999995,B06_CFV,cav,not_applicable,6942.119440343049,3.0504458674615123,23.60124368211495,3.9972362619667603,lane_2,mainline,,executing,none,commit
BASIC-06,basic_01_06_900_bugcheck_20260605,60,5.999999999999995,B06_TLV_CFV,cav,not_applicable,6980.189427460224,3.5,27.33094318859714,1.6023780694067673,lane_1,mainline,,normal,none,commit
BASIC-06,basic_01_06_900_bugcheck_20260605,60,5.999999999999995,B06_TLV_CLV,cav,not_applicable,7019.934793688839,3.5,28.618835962981787,0.5754850154242547,lane_1,mainline,,normal,none,commit
BASIC-06,basic_01_06_900_bugcheck_20260605,61,6.099999999999994,B06_MV,cav,not_applicable,6986.383451354593,-3.5,27.752932405595356,0.9362781643352691,on_ramp,on_ramp_mv,,normal,not_started,commit
BASIC-06,basic_01_06_900_bugcheck_20260605,61,6.099999999999994,B06_CLV,cav,not_applicable,7027.909975032705,0.0,29.204177069705278,0.3315928876228014,lane_2,mainline,,normal,none,commit
BASIC-06,basic_01_06_900_bugcheck_20260605,61,6.099999999999994,B06_CFV,cav,not_applicable,6944.519542098858,3.134965481740087,24.00101755809405,3.9977387597909857,lane_2,mainline,,executing,none,commit
BASIC-06,basic_01_06_900_bugcheck_20260605,61,6.099999999999994,B06_TLV_CFV,cav,not_applicable,6982.935162811968,3.5,27.45735351745116,1.264103288540209,lane_1,mainline,,normal,none,commit
BASIC-06,basic_01_06_900_bugcheck_20260605,61,6.099999999999994,B06_TLV_CLV,cav,not_applicable,7022.802201941286,3.5,28.674082524462516,0.5524656148072851,lane_1,mainline,,normal,none,commit
BASIC-06,basic_01_06_900_bugcheck_20260605,62,6.199999999999994,B06_MV,cav,not_applicable,6989.16773286553,-3.5,27.842815109371543,0.8988270377618577,on_ramp,on_ramp_mv,,normal,not_started,commit
BASIC-06,basic_01_06_900_bugcheck_20260605,62,6.199999999999994,B06_CLV,cav,not_applicable,7030.833576031397,0.0,29.236009986917068,0.31832917211788897,lane_2,mainline,,normal,none,commit
BASIC-06,basic_01_06_900_bugcheck_20260605,62,6.199999999999994,B06_CFV,cav,not_applicable,6946.959625353612,3.2128224331323345,24.400832547531493,3.9981498943744427,lane_2,mainline,,executing,none,commit
BASIC-06,basic_01_06_900_bugcheck_20260605,62,6.199999999999994,B06_TLV_CFV,cav,not_applicable,6985.698513554256,3.5,27.633507422877177,1.761539054260171,lane_1,mainline,,normal,none,commit
BASIC-06,basic_01_06_900_bugcheck_20260605,62,6.199999999999994,B06_TLV_CLV,cav,not_applicable,7025.674913863634,3.5,28.727119223484017,0.5303669902149935,lane_1,mainline,,normal,none,commit
BASIC-06,basic_01_06_900_bugcheck_20260605,63,6.299999999999994,B06_MV,cav,not_applicable,6991.960643116029,-3.5,27.92910250499668,0.862873956251383,on_ramp,on_ramp_mv,,normal,not_started,commit
BASIC-06,basic_01_06_900_bugcheck_20260605,63,6.299999999999994,B06_CLV,cav,not_applicable,7033.760232990141,0.0,29.266569587440387,0.30559600523317276,lane_2,mainline,,normal,none,commit
BASIC-06,basic_01_06_900_bugcheck_20260605,63,6.299999999999994,B06_CFV,cav,not_applicable,6949.439693471138,3.2831486355399035,24.80068117525304,3.998486277215453,lane_2,mainline,,executing,none,commit
BASIC-06,basic_01_06_900_bugcheck_20260605,63,6.299999999999994,B06_TLV_CFV,cav,not_applicable,6988.465367797897,3.5,27.668542436407556,0.35035013530377634,lane_1,mainline,,normal,none,commit
BASIC-06,basic_01_06_900_bugcheck_20260605,63,6.299999999999994,B06_TLV_CLV,cav,not_applicable,7028.552717309089,3.5,28.778034454544656,0.5091523106063932,lane_1,mainline,,normal,none,commit
BASIC-06,basic_01_06_900_bugcheck_20260605,64,6.399999999999993,B06_MV,cav,not_applicable,6994.761836956509,-3.5,28.011938404796815,0.8283589980013275,on_ramp,on_ramp_mv,,normal,not_started,commit
BASIC-06,basic_01_06_900_bugcheck_20260605,64,6.399999999999993,B06_CLV,cav,not_applicable,7036.689823670536,0.0,29.29590680394277,0.2933721650238454,lane_2,mainline,,normal,none,commit
BASIC-06,basic_01_06_900_bugcheck_20260605,64,6.399999999999993,B06_CFV,cav,not_applicable,6951.959749203658,3.345078117799045,25.200557325207033,3.998761499539916,lane_2,mainline,,executing,none,commit
BASIC-06,basic_01_06_900_bugcheck_20260605,64,6.399999999999993,B06_TLV_CFV,cav,not_applicable,6991.242361269918,3.5,27.76993472020514,1.013922837975817,lane_1,mainline,,normal,none,commit
BASIC-06,basic_01_06_900_bugcheck_20260605,64,6.399999999999993,B06_TLV_CLV,cav,not_applicable,7031.435408616725,3.5,28.82691307636287,0.48878621818213763,lane_1,mainline,,normal,none,commit
BASIC-06,basic_01_06_900_bugcheck_20260605,65,6.499999999999993,B06_MV,cav,not_applicable,6997.57098304337,-3.5,28.091460868604944,0.7952246380812739,on_ramp,on_ramp_mv,,normal,not_started,commit
BASIC-06,basic_01_06_900_bugcheck_20260605,65,6.499999999999993,B06_CLV,cav,not_applicable,7039.622230723714,0.0,29.32407053178506,0.28163727842289177,lane_2,mainline,,normal,none,commit
BASIC-06,basic_01_06_900_bugcheck_20260605,65,6.499999999999993,B06_CFV,cav,not_applicable,6954.507747573617,3.39753366446183,25.479983699590743,2.79426374383711,lane_2,mainline,,executing,none,commit
BASIC-06,basic_01_06_900_bugcheck_20260605,65,6.499999999999993,B06_TLV_CFV,cav,not_applicable,6994.034923201521,3.5,27.925619316039523,1.55684595834385,lane_1,mainline,,normal,none,commit
BASIC-06,basic_01_06_900_bugcheck_20260605,65,6.499999999999993,B06_TLV_CLV,cav,not_applicable,7034.322792272056,3.5,28.873836553308355,0.46923476945485165,lane_1,mainline,,normal,none,commit
BASIC-06,basic_01_06_900_bugcheck_20260605,66,6.5999999999999925,B06_MV,cav,not_applicable,7000.387763286756,-3.5,28.167802433860746,0.7634156525580225,on_ramp,on_ramp_mv,,normal,not_started,commit
BASIC-06,basic_01_06_900_bugcheck_20260605,66,6.5999999999999925,B06_CLV,cav,not_applicable,7042.557341494766,0.0,29.35110771051366,0.27037178728597555,lane_2,mainline,,normal,none,commit
BASIC-06,basic_01_06_900_bugcheck_20260605,66,6.5999999999999925,B06_CFV,cav,not_applicable,6957.085880828753,3.439869367727619,25.781332551359235,3.013488517684908,lane_2,mainline,,executing,none,commit
BASIC-06,basic_01_06_900_bugcheck_20260605,66,6.5999999999999925,B06_TLV_CFV,cav,not_applicable,6996.829313872785,3.5,27.943906712631293,0.18287396591769545,lane_1,mainline,,normal,none,commit
BASIC-06,basic_01_06_900_bugcheck_20260605,66,6.5999999999999925,B06_TLV_CLV,cav,not_applicable,7037.2146805811735,3.5,28.91888309117602,0.4504653786766582,lane_1,mainline,,normal,none,commit
BASIC-06,basic_01_06_900_bugcheck_20260605,67,6.699999999999992,B06_MV,cav,not_applicable,7003.211872320407,-3.5,28.241090336506318,0.7328790264557015,on_ramp,on_ramp_mv,,normal,not_started,commit
BASIC-06,basic_01_06_900_bugcheck_20260605,67,6.699999999999992,B06_CLV,cav,not_applicable,7045.495047834975,0.0,29.377063402093114,0.25955691579453627,lane_2,mainline,,normal,none,commit
BASIC-06,basic_01_06_900_bugcheck_20260605,67,6.699999999999992,B06_CFV,cav,not_applicable,6959.6959426263065,3.5,26.100617975533453,3.1928542417421975,lane_1,mainline,,normal,none,commit
BASIC-06,basic_01_06_900_bugcheck_20260605,67,6.699999999999992,B06_TLV_CFV,cav,not_applicable,6999.63247351286,3.5,28.03159640075183,0.8768968812053872,lane_1,mainline,,normal,none,commit
BASIC-06,basic_01_06_900_bugcheck_20260605,67,6.699999999999992,B06_TLV_CLV,cav,not_applicable,7040.110893357926,3.5,28.96212776752898,0.43244676352959177,lane_1,mainline,,normal,none,commit
BASIC-06,basic_01_06_900_bugcheck_20260605,68,6.799999999999992,B06_MV,cav,not_applicable,7006.043016992711,-3.5,28.311446723046064,0.703563865397473,on_ramp,on_ramp_mv,,normal,not_started,commit
BASIC-06,basic_01_06_900_bugcheck_20260605,68,6.799999999999992,B06_CLV,cav,not_applicable,7048.435245921575,0.0,29.40198086600939,0.2491746391627544,lane_2,mainline,,normal,none,commit
BASIC-06,basic_01_06_900_bugcheck_20260605,68,6.799999999999992,B06_CFV,cav,not_applicable,6962.332044771777,3.5,26.361021454707497,2.6040347917404483,lane_1,mainline,,normal,none,commit
BASIC-06,basic_01_06_900_bugcheck_20260605,68,6.799999999999992,B06_TLV_CFV,cav,not_applicable,7002.450080491054,3.5,28.17606978194136,1.4447338118953168,lane_1,mainline,,normal,none,commit
BASIC-06,basic_01_06_900_bugcheck_20260605,68,6.799999999999992,B06_TLV_CLV,cav,not_applicable,7043.011257623609,3.5,29.00364265682782,0.4151488929884082,lane_1,mainline,,normal,none,commit
BASIC-06,basic_01_06_900_bugcheck_20260605,69,6.8999999999999915,B06_MV,cav,not_applicable,7008.880915878124,-3.5,28.37898885412422,0.6754213107815744,on_ramp,on_ramp_mv,,normal,not_started,commit
BASIC-06,basic_01_06_900_bugcheck_20260605,69,6.8999999999999915,B06_CLV,cav,not_applicable,7051.377836084712,0.0,29.425901631369012,0.23920765359624455,lane_2,mainline,,normal,none,commit
BASIC-06,basic_01_06_900_bugcheck_20260605,69,6.8999999999999915,B06_CFV,cav,not_applicable,6964.996725383726,3.5,26.64680611948626,2.857846647787639,lane_1,mainline,,normal,none,commit
BASIC-06,basic_01_06_900_bugcheck_20260605,69,6.8999999999999915,B06_TLV_CFV,cav,not_applicable,7005.268598927709,3.5,28.185184366550978,0.09114584609616827,lane_1,mainline,,normal,none,commit
BASIC-06,basic_01_06_900_bugcheck_20260605,69,6.8999999999999915,B06_TLV_CLV,cav,not_applicable,7045.915607318664,3.5,29.043496950554708,0.39854293726887136,lane_1,mainline,,normal,none,commit
BASIC-06,basic_01_06_900_bugcheck_20260605,70,6.999999999999991,B06_MV,cav,not_applicable,7011.72529880812,-3.5,28.44382929995925,0.6484044583503121,on_ramp,on_ramp_mv,,normal,not_started,commit
BASIC-06,basic_01_06_900_bugcheck_20260605,70,6.999999999999991,B06_CLV,cav,not_applicable,7054.322722641323,0.0,29.44886556611425,0.22963934745239528,lane_2,mainline,,normal,none,commit
BASIC-06,basic_01_06_900_bugcheck_20260605,70,6.999999999999991,B06_CFV,cav,not_applicable,6967.673879286429,3.5,26.77153902703252,1.2473290754626136,lane_1,mainline,,normal,none,commit
BASIC-06,basic_01_06_900_bugcheck_20260605,70,6.999999999999991,B06_TLV_CFV,cav,not_applicable,7008.095135830377,3.5,28.26536902668612,0.8018466013514104,lane_1,mainline,,normal,none,commit
BASIC-06,basic_01_06_900_bugcheck_20260605,70,6.999999999999991,B06_TLV_CLV,cav,not_applicable,7048.823783025918,3.5,29.08175707253252,0.3826012197781168,lane_1,mainline,,normal,none,commit
BASIC-06,basic_01_06_900_bugcheck_20260605,71,7.099999999999991,B06_MV,cav,not_applicable,7014.575906420916,-3.5,28.50607612796088,0.6224682800162995,on_ramp,on_ramp_mv,,normal,not_started,commit
BASIC-06,basic_01_06_900_bugcheck_20260605,71,7.099999999999991,B06_CLV,cav,not_applicable,7057.26981373567,0.0,29.47091094346968,0.22045377355429993,lane_2,mainline,,normal,none,commit
BASIC-06,basic_01_06_900_bugcheck_20260605,71,7.099999999999991,B06_CFV,cav,not_applicable,6970.368511336113,3.5,26.9463204968431,1.7478146981057747,lane_1,mainline,,normal,none,commit
BASIC-06,basic_01_06_900_bugcheck_20260605,71,7.099999999999991,B06_TLV_CFV,cav,not_applicable,7010.93550602342,3.5,28.403701930433055,1.3833290374693359,lane_1,mainline,,normal,none,commit
BASIC-06,basic_01_06_900_bugcheck_20260605,71,7.099999999999991,B06_TLV_CLV,cav,not_applicable,7051.735631704881,3.5,29.118486789631216,0.3672971709869927,lane_1,mainline,,normal,none,commit
BASIC-06,basic_01_06_900_bugcheck_20260605,72,7.19999999999999,B06_MV,cav,not_applicable,7017.4324897292,-3.5,28.565833082842445,0.5975695488156475,on_ramp,on_ramp_mv,,normal,not_started,commit
BASIC-06,basic_01_06_900_bugcheck_20260605,72,7.19999999999999,B06_CLV,cav,not_applicable,7060.2190211862435,0.0,29.49207450573089,0.21163562261212832,lane_2,mainline,,normal,none,commit
BASIC-06,basic_01_06_900_bugcheck_20260605,72,7.19999999999999,B06_CFV,cav,not_applicable,6973.0847164151455,3.5,27.162050790324482,2.1573029348138153,lane_1,mainline,,normal,none,commit
BASIC-06,basic_01_06_900_bugcheck_20260605,72,7.19999999999999,B06_TLV_CFV,cav,not_applicable,7013.776285272224,3.5,28.407792488044183,0.04090557611127488,lane_1,mainline,,normal,none,commit
BASIC-06,basic_01_06_900_bugcheck_20260605,72,7.19999999999999,B06_TLV_CLV,cav,not_applicable,7054.651006436685,3.5,29.15374731804597,0.3526052841475135,lane_1,mainline,,normal,none,commit
BASIC-06,basic_01_06_900_bugcheck_20260605,73,7.29999999999999,B06_MV,cav,not_applicable,7020.294809705153,-3.5,28.62319975952875,0.5736667668630219,on_ramp,on_ramp_mv,,normal,not_started,commit
BASIC-06,basic_01_06_900_bugcheck_20260605,73,7.29999999999999,B06_CLV,cav,not_applicable,7063.170260338794,0.0,29.512391525501656,0.20317019770764377,lane_2,mainline,,normal,none,commit
BASIC-06,basic_01_06_900_bugcheck_20260605,73,7.29999999999999,B06_CFV,cav,not_applicable,6975.825844881826,3.5,27.411284666809248,2.492338764847667,lane_1,mainline,,normal,none,commit
BASIC-06,basic_01_06_900_bugcheck_20260605,73,7.29999999999999,B06_TLV_CFV,cav,not_applicable,7016.624671930288,3.5,28.483866580635105,0.7607409259092249,lane_1,mainline,,normal,none,commit
BASIC-06,basic_01_06_900_bugcheck_20260605,73,7.29999999999999,B06_TLV_CLV,cav,not_applicable,7057.569766179217,3.5,29.18759742532413,0.33850107278161234,lane_1,mainline,,normal,none,commit
BASIC-06,basic_01_06_900_bugcheck_20260605,74,7.39999999999999,B06_MV,cav,not_applicable,7023.162636882068,-3.5,28.6782717691476,0.5507200961885005,on_ramp,on_ramp_mv,,normal,not_started,commit
BASIC-06,basic_01_06_900_bugcheck_20260605,74,7.39999999999999,B06_CLV,cav,not_applicable,7066.123449925242,0.0,29.53189586448159,0.19504338979933777,lane_2,mainline,,normal,none,commit
BASIC-06,basic_01_06_900_bugcheck_20260605,74,7.39999999999999,B06_CFV,cav,not_applicable,6978.5764561202195,3.5,27.506112383933147,0.9482771712390003,lane_1,mainline,,normal,none,commit
BASIC-06,basic_01_06_900_bugcheck_20260605,74,7.39999999999999,B06_TLV_CFV,cav,not_applicable,7019.486555559563,3.5,28.618836292754953,1.3496971211984568,lane_1,mainline,,normal,none,commit
BASIC-06,basic_01_06_900_bugcheck_20260605,74,7.39999999999999,B06_TLV_CLV,cav,not_applicable,7060.491775532048,3.5,29.220093528311168,0.32496102987034736,lane_1,mainline,,normal,none,commit
BASIC-06,basic_01_06_900_bugcheck_20260605,75,7.499999999999989,B06_MV,cav,not_applicable,7026.035750971906,-3.5,28.731140898381696,0.5286912923409602,on_ramp,on_ramp_mv,,normal,not_started,commit
BASIC-06,basic_01_06_900_bugcheck_20260605,75,7.499999999999989,B06_CLV,cav,not_applicable,7069.078511928233,0.0,29.550620029902326,0.18724165420736372,lane_2,mainline,,normal,none,commit
BASIC-06,basic_01_06_900_bugcheck_20260605,75,7.499999999999989,B06_CFV,cav,not_applicable,6981.342098717287,3.5,27.656425970670885,1.503135867377364,lane_1,mainline,,normal,none,commit
BASIC-06,basic_01_06_900_bugcheck_20260605,75,7.499999999999989,B06_TLV_CFV,cav,not_applicable,7022.348573074376,3.5,28.620175148125735,0.01338855370782821,lane_1,mainline,,normal,none,commit
BASIC-06,basic_01_06_900_bugcheck_20260605,75,7.499999999999989,B06_TLV_CLV,cav,not_applicable,7063.4169045107665,3.5,29.25128978717872,0.311962588675533,lane_1,mainline,,normal,none,commit
BASIC-06,basic_01_06_900_bugcheck_20260605,76,7.599999999999989,B06_MV,cav,not_applicable,7028.913940498151,-3.5,28.78189526244643,0.5075436406473216,on_ramp,on_ramp_mv,,normal,not_started,commit
BASIC-06,basic_01_06_900_bugcheck_20260605,76,7.599999999999989,B06_CLV,cav,not_applicable,7072.035371451103,0.0,29.568595228706233,0.1797519880390695,lane_2,mainline,,normal,none,commit
BASIC-06,basic_01_06_900_bugcheck_20260605,76,7.599999999999989,B06_CFV,cav,not_applicable,6984.127312425996,3.5,27.852137087092668,1.9571111642178431,lane_1,mainline,,normal,none,commit
BASIC-06,basic_01_06_900_bugcheck_20260605,76,7.599999999999989,B06_TLV_CFV,cav,not_applicable,7025.217972859174,3.5,28.693997847974558,0.7382269984882232,lane_1,mainline,,normal,none,commit
BASIC-06,basic_01_06_900_bugcheck_20260605,76,7.599999999999989,B06_TLV_CLV,cav,not_applicable,7066.3450283303355,3.5,29.28123819569157,0.2994840851285119,lane_1,mainline,,normal,none,commit
BASIC-06,basic_01_06_900_bugcheck_20260605,77,7.699999999999989,B06_MV,cav,not_applicable,7031.797002443345,-3.5,28.83061945194857,0.48724189502142823,on_ramp,on_ramp_mv,,normal,not_started,commit
BASIC-06,basic_01_06_900_bugcheck_20260605,77,7.699999999999989,B06_CLV,cav,not_applicable,7074.993956593059,0.0,29.585851419557983,0.17256190851750688,lane_2,mainline,,normal,none,commit
BASIC-06,basic_01_06_900_bugcheck_20260605,77,7.699999999999989,B06_CFV,cav,not_applicable,6986.917629771503,3.5,27.90317345507413,0.510363679814599,lane_1,mainline,,normal,none,commit
BASIC-06,basic_01_06_900_bugcheck_20260605,77,7.699999999999989,B06_TLV_CFV,cav,not_applicable,7028.1006854103225,3.5,28.827125511487232,1.331276635126728,lane_1,mainline,,normal,none,commit
BASIC-06,basic_01_06_900_bugcheck_20260605,77,7.699999999999989,B06_TLV_CLV,cav,not_applicable,7069.276027197122,3.5,29.30998866786391,0.28750472172337144,lane_1,mainline,,normal,none,commit
BASIC-06,basic_01_06_900_bugcheck_20260605,78,7.799999999999988,B06_MV,cav,not_applicable,7034.684741910733,-3.5,28.87739467387063,0.4677522192205714,on_ramp,on_ramp_mv,,normal,not_started,commit
BASIC-06,basic_01_06_900_bugcheck_20260605,78,7.799999999999988,B06_CLV,cav,not_applicable,7077.954198329337,0.0,29.602417362775665,0.16565943217680684,lane_2,mainline,,normal,none,commit
BASIC-06,basic_01_06_900_bugcheck_20260605,78,7.799999999999988,B06_CFV,cav,not_applicable,6989.719395547118,3.5,28.01765775614987,1.1448430107573992,lane_1,mainline,,normal,none,commit
BASIC-06,basic_01_06_900_bugcheck_20260605,78,7.799999999999988,B06_TLV_CFV,cav,not_applicable,7030.98338113394,3.5,28.826957236179418,-0.0016827530781315936,lane_1,mainline,,normal,none,commit
BASIC-06,basic_01_06_900_bugcheck_20260605,78,7.799999999999988,B06_TLV_CLV,cav,not_applicable,7072.209786109237,3.5,29.337589121149353,0.2760045328544365,lane_1,mainline,,normal,none,commit
BASIC-06,basic_01_06_900_bugcheck_20260605,79,7.899999999999988,B06_MV,cav,not_applicable,7037.576971799424,-3.5,28.922298886915804,0.4490421304517483,on_ramp,on_ramp_mv,,normal,not_started,commit
BASIC-06,basic_01_06_900_bugcheck_20260605,79,7.899999999999988,B06_CLV,cav,not_applicable,7080.9160303961635,0.0,29.618320668264637,0.15903305488973418,lane_2,mainline,,normal,none,commit
BASIC-06,basic_01_06_900_bugcheck_20260605,79,7.899999999999988,B06_CFV,cav,not_applicable,6992.537800947367,3.5,28.184054002484565,1.663962463346963,lane_1,mainline,,normal,none,commit
BASIC-06,basic_01_06_900_bugcheck_20260605,79,7.899999999999988,B06_TLV_CFV,cav,not_applicable,7033.873335816851,3.5,28.89954682910939,0.7258959292997106,lane_1,mainline,,normal,none,commit
BASIC-06,basic_01_06_900_bugcheck_20260605,79,7.899999999999988,B06_TLV_CLV,cav,not_applicable,7075.146194664867,3.5,29.36408555630338,0.26496435154025877,lane_1,mainline,,normal,none,commit
BASIC-06,basic_01_06_900_bugcheck_20260605,80,7.999999999999988,B06_MV,cav,not_applicable,7040.473512492568,-3.5,28.965406931439173,0.4310804452336783,on_ramp,on_ramp_mv,,normal,not_started,commit
BASIC-06,basic_01_06_900_bugcheck_20260605,80,7.999999999999988,B06_CLV,cav,not_applicable,7083.879389180317,0.0,29.63358784153405,0.15267173269414513,lane_2,mainline,,normal,none,commit
BASIC-06,basic_01_06_900_bugcheck_20260605,80,7.999999999999988,B06_CFV,cav,not_applicable,6995.358911495043,3.5,28.21110547675841,0.27051474273842424,lane_1,mainline,,normal,none,commit
BASIC-06,basic_01_06_900_bugcheck_20260605,80,7.999999999999988,B06_TLV_CFV,cav,not_applicable,7036.771205272073,3.5,28.978694552216385,0.7914772310699593,lane_1,mainline,,normal,none,commit
BASIC-06,basic_01_06_900_bugcheck_20260605,80,7.999999999999988,B06_TLV_CLV,cav,not_applicable,7078.085146878272,3.5,29.389522134051244,0.2543657774786482,lane_1,mainline,,normal,none,commit
BASIC-06,basic_01_06_900_bugcheck_20260605,81,8.099999999999987,B06_MV,cav,not_applicable,7043.374191557987,-3.5,29.006790654181607,0.41383722742433093,on_ramp,on_ramp_mv,,normal,not_started,commit
BASIC-06,basic_01_06_900_bugcheck_20260605,81,8.099999999999987,B06_CLV,cav,not_applicable,7086.844213613104,0.0,29.64824432787269,0.14656486338637933,lane_2,mainline,,normal,none,commit
BASIC-06,basic_01_06_900_bugcheck_20260605,81,8.099999999999987,B06_CFV,cav,not_applicable,6998.189508072432,3.5,28.305965773891554,0.948602971331438,lane_1,mainline,,normal,none,commit
BASIC-06,basic_01_06_900_bugcheck_20260605,81,8.099999999999987,B06_TLV_CFV,cav,not_applicable,7039.664641359185,3.5,28.93436087112211,-0.44333681094276056,lane_1,mainline,,normal,none,commit
BASIC-06,basic_01_06_900_bugcheck_20260605,81,8.099999999999987,B06_TLV_CLV,cav,not_applicable,7081.026541003141,3.5,29.413941248689195,0.24419114637950232,lane_1,mainline,,normal,none,commit
BASIC-06,basic_01_06_900_bugcheck_20260605,82,8.199999999999987,B06_MV,cav,not_applicable,7046.278843460788,-3.5,29.046519028014345,0.39728373832735714,on_ramp,on_ramp_mv,,normal,not_started,commit
BASIC-06,basic_01_06_900_bugcheck_20260605,82,8.199999999999987,B06_CLV,cav,not_applicable,7089.8104450685805,0.0,29.66231455475778,0.14070226885092438,lane_2,mainline,,normal,none,commit
BASIC-06,basic_01_06_900_bugcheck_20260605,82,8.199999999999987,B06_CFV,cav,not_applicable,7001.035138674131,3.5,28.45630601700049,1.5034024310893583,lane_1,mainline,,normal,none,commit
BASIC-06,basic_01_06_900_bugcheck_20260605,82,8.199999999999987,B06_TLV_CFV,cav,not_applicable,7042.5617228723895,3.5,28.970815132044976,0.3645426092286505,lane_1,mainline,,normal,none,commit
BASIC-06,basic_01_06_900_bugcheck_20260605,82,8.199999999999987,B06_TLV_CLV,cav,not_applicable,7083.970279363015,3.5,29.437383598741626,0.23442350052432204,lane_1,mainline,,normal,none,commit
BASIC-06,basic_01_06_900_bugcheck_20260605,83,8.299999999999986,B06_MV,cav,not_applicable,7049.187309287478,-3.5,29.084658266893772,0.3813923887942622,on_ramp,on_ramp_mv,,normal,not_started,commit
BASIC-06,basic_01_06_900_bugcheck_20260605,83,8.299999999999986,B06_CLV,cav,not_applicable,7092.778027265837,0.0,29.67582197256747,0.13507417809688746,lane_2,mainline,,normal,none,commit
BASIC-06,basic_01_06_900_bugcheck_20260605,83,8.299999999999986,B06_CFV,cav,not_applicable,7003.882160750268,3.5,28.470220761362345,0.1391474436185658,lane_1,mainline,,normal,none,commit
BASIC-06,basic_01_06_900_bugcheck_20260605,83,8.299999999999986,B06_TLV_CFV,cav,not_applicable,7045.469059734215,3.5,29.07336861825459,1.0255348620961686,lane_1,mainline,,normal,none,commit
BASIC-06,basic_01_06_900_bugcheck_20260605,83,8.299999999999986,B06_TLV_CLV,cav,not_applicable,7086.9162681884945,3.5,29.45988825479196,0.22504656050334973,lane_1,mainline,,normal,none,commit
BASIC-06,basic_01_06_900_bugcheck_20260605,84,8.399999999999986,B06_MV,cav,not_applicable,7052.0994364810995,-3.5,29.121271936218022,0.3661366932424912,on_ramp,on_ramp_mv,,normal,not_started,commit
BASIC-06,basic_01_06_900_bugcheck_20260605,84,8.399999999999986,B06_CLV,cav,not_applicable,7095.746906175204,0.0,29.68878909366477,0.12967121097301232,lane_2,mainline,,normal,none,commit
BASIC-06,basic_01_06_900_bugcheck_20260605,84,8.399999999999986,B06_CFV,cav,not_applicable,7006.737594032761,3.5,28.554332824931137,0.8411206356879175,lane_1,mainline,,normal,none,commit
BASIC-06,basic_01_06_900_bugcheck_20260605,84,8.399999999999986,B06_TLV_CFV,cav,not_applicable,7048.373878244912,3.5,29.04818510697155,-0.2518351128304075,lane_1,mainline,,normal,none,commit
BASIC-06,basic_01_06_900_bugcheck_20260605,84,8.399999999999986,B06_TLV_CLV,cav,not_applicable,7089.864417460954,3.5,29.48149272460028,0.21604469808321625,lane_1,mainline,,normal,none,commit
BASIC-06,basic_01_06_900_bugcheck_20260605,85,8.499999999999986,B06_MV,cav,not_applicable,7055.015078586976,-3.5,29.1564210587693,0.3514912255127911,on_ramp,on_ramp_mv,,normal,not_started,commit
BASIC-06,basic_01_06_900_bugcheck_20260605,85,8.499999999999986,B06_CLV,cav,not_applicable,7098.717029928195,0.0,29.701237529918178,0.124484362534092,lane_2,mainline,,normal,none,commit
BASIC-06,basic_01_06_900_bugcheck_20260605,85,8.499999999999986,B06_CFV,cav,not_applicable,7009.607181938637,3.5,28.69587905876015,1.4154623382901144,lane_1,mainline,,normal,none,commit
BASIC-06,basic_01_06_900_bugcheck_20260605,85,8.499999999999986,B06_TLV_CFV,cav,not_applicable,7051.283909013777,3.5,29.100307688649064,0.5212258167751211,lane_1,mainline,,normal,none,commit
BASIC-06,basic_01_06_900_bugcheck_20260605,85,8.499999999999986,B06_TLV_CLV,cav,not_applicable,7092.814640762516,3.5,29.50223301561627,0.20740291015988818,lane_1,mainline,,normal,none,commit
BASIC-06,basic_01_06_900_bugcheck_20260605,86,8.599999999999985,B06_MV,cav,not_applicable,7057.934095008618,-3.5,29.190164216418527,0.33743157649227984,on_ramp,on_ramp_mv,,normal,not_started,commit
BASIC-06,basic_01_06_900_bugcheck_20260605,86,8.599999999999985,B06_CLV,cav,not_applicable,7101.688348731067,0.0,29.71318802872145,0.11950498803272894,lane_2,mainline,,normal,none,commit
BASIC-06,basic_01_06_900_bugcheck_20260605,86,8.599999999999985,B06_CFV,cav,not_applicable,7012.477441809099,3.5,28.70259870462025,0.06719645860100276,lane_1,mainline,,normal,none,commit
BASIC-06,basic_01_06_900_bugcheck_20260605,86,8.599999999999985,B06_TLV_CFV,cav,not_applicable,7054.205477084779,3.5,29.215680710021573,1.153730213725099,lane_1,mainline,,normal,none,commit
BASIC-06,basic_01_06_900_bugcheck_20260605,86,8.599999999999985,B06_TLV_CLV,cav,not_applicable,7095.766855132016,3.5,29.52214369499162,0.1991067937534922,lane_1,mainline,,normal,none,commit
BASIC-06,basic_01_06_900_bugcheck_20260605,87,8.699999999999985,B06_MV,cav,not_applicable,7060.856350773394,-3.5,29.222557647761786,0.32393431343258927,on_ramp,on_ramp_mv,,normal,not_started,commit
BASIC-06,basic_01_06_900_bugcheck_20260605,87,8.699999999999985,B06_CLV,cav,not_applicable,7104.660814781824,0.0,29.724660507572594,0.11472478851141972,lane_2,mainline,,normal,none,commit
BASIC-06,basic_01_06_900_bugcheck_20260605,87,8.699999999999985,B06_CFV,cav,not_applicable,7015.35552419604,3.5,28.780823869414878,0.782251647946275,lane_1,mainline,,normal,none,commit
BASIC-06,basic_01_06_900_bugcheck_20260605,87,8.699999999999985,B06_TLV_CFV,cav,not_applicable,7057.125575675712,3.5,29.200985909326352,-0.14694800695219168,lane_1,mainline,,normal,none,commit
BASIC-06,basic_01_06_900_bugcheck_20260605,87,8.699999999999985,B06_TLV_CLV,cav,not_applicable,7098.720980926735,3.5,29.541257947191955,0.19114252200335216,lane_1,mainline,,normal,none,commit
BASIC-06,basic_01_06_900_bugcheck_20260605,88,8.799999999999985,B06_MV,cav,not_applicable,7063.78171630758,-3.5,29.253655341851314,0.31097694089528577,on_ramp,on_ramp_mv,,normal,not_started,commit
BASIC-06,basic_01_06_900_bugcheck_20260605,88,8.799999999999985,B06_CLV,cav,not_applicable,7107.634382190551,0.0,29.73567408726969,0.11013579697096249,lane_2,mainline,,normal,none,commit
BASIC-06,basic_01_06_900_bugcheck_20260605,88,8.799999999999985,B06_CFV,cav,not_applicable,7018.24727955101,3.5,28.917553549701392,1.367296802865134,lane_1,mainline,,normal,none,commit
BASIC-06,basic_01_06_900_bugcheck_20260605,88,8.799999999999985,B06_TLV_CFV,cav,not_applicable,7060.051744692042,3.5,29.26169016330299,0.6070425397663887,lane_1,mainline,,normal,none,commit
BASIC-06,basic_01_06_900_bugcheck_20260605,88,8.799999999999985,B06_TLV_CLV,cav,not_applicable,7101.676941689666,3.5,29.559607629304278,0.18349682112321802,lane_1,mainline,,normal,none,commit
BASIC-06,basic_01_06_900_bugcheck_20260605,89,8.899999999999984,B06_MV,cav,not_applicable,7066.710067220398,-3.5,29.28350912817726,0.29853786325947457,on_ramp,on_ramp_mv,,normal,not_started,commit
BASIC-06,basic_01_06_900_bugcheck_20260605,89,8.899999999999984,B06_CLV,cav,not_applicable,7110.609006902929,0.0,29.7462471237789,0.10573036509212415,lane_2,mainline,,normal,none,commit
BASIC-06,basic_01_06_900_bugcheck_20260605,89,8.899999999999984,B06_CFV,cav,not_applicable,7021.139312788913,3.5,28.92033237902672,0.027788293253291352,lane_1,mainline,,normal,none,commit
BASIC-06,basic_01_06_900_bugcheck_20260605,89,8.899999999999984,B06_TLV_CFV,cav,not_applicable,7062.97820857579,3.5,29.26463883747782,0.029486741748272816,lane_1,mainline,,normal,none,commit
BASIC-06,basic_01_06_900_bugcheck_20260605,89,8.899999999999984,B06_TLV_CLV,cav,not_applicable,7104.634664022079,3.5,29.577223324132106,0.1761569482782889,lane_1,mainline,,normal,none,commit
BASIC-06,basic_01_06_900_bugcheck_20260605,90,8.999999999999984,B06_MV,cav,not_applicable,7069.641284096703,-3.5,29.31216876305017,0.2865963487290955,on_ramp,on_ramp_mv,,normal,not_started,commit
BASIC-06,basic_01_06_900_bugcheck_20260605,90,8.999999999999984,B06_CLV,cav,not_applicable,7113.584646626811,0.0,29.756397238827745,0.10150115048843987,lane_2,mainline,,normal,none,commit
BASIC-06,basic_01_06_900_bugcheck_20260605,90,8.999999999999984,B06_CFV,cav,not_applicable,7024.038846112851,3.5,28.995333239383807,0.7500086035708747,lane_1,mainline,,normal,none,commit
BASIC-06,basic_01_06_900_bugcheck_20260605,90,8.999999999999984,B06_TLV_CFV,cav,not_applicable,7065.91218644197,3.5,29.339778661802676,0.7513982432485868,lane_1,mainline,,normal,none,commit
BASIC-06,basic_01_06_900_bugcheck_20260605,90,8.999999999999984,B06_TLV_CLV,cav,not_applicable,7107.594077461195,3.5,29.594134391166822,0.16911067034715757,lane_1,mainline,,normal,none,commit
BASIC-06,basic_01_06_900_bugcheck_20260605,91,9.099999999999984,B06_MV,cav,not_applicable,7072.5752522979565,-3.5,29.339682012528165,0.27513249477993185,on_ramp,on_ramp_mv,,normal,not_started,commit
BASIC-06,basic_01_06_900_bugcheck_20260605,91,9.099999999999984,B06_CLV,cav,not_applicable,7116.561260761739,0.0,29.766141349274633,0.09744110446890204,lane_2,mainline,,normal,none,commit
BASIC-06,basic_01_06_900_bugcheck_20260605,91,9.099999999999984,B06_CFV,cav,not_applicable,7026.951788598091,3.5,29.129424852403243,1.3409161301943522,lane_1,mainline,,normal,none,commit
BASIC-06,basic_01_06_900_bugcheck_20260605,91,9.099999999999984,B06_TLV_CFV,cav,not_applicable,7068.84140302105,3.5,29.292165790795742,-0.476128710069338,lane_1,mainline,,normal,none,commit
BASIC-06,basic_01_06_900_bugcheck_20260605,91,9.099999999999984,B06_TLV_CLV,cav,not_applicable,7110.555114362747,3.5,29.61036901552015,0.1623462435332712,lane_1,mainline,,normal,none,commit
BASIC-06,basic_01_06_900_bugcheck_20260605,92,9.199999999999983,B06_MV,cav,not_applicable,7075.51186177116,-3.5,29.366094732027037,0.264127194988734,on_ramp,on_ramp_mv,,normal,not_started,commit
BASIC-06,basic_01_06_900_bugcheck_20260605,92,9.199999999999983,B06_CLV,cav,not_applicable,7119.538810331269,0.0,29.775495695303647,0.09354346029014665,lane_2,mainline,,normal,none,commit
BASIC-06,basic_01_06_900_bugcheck_20260605,92,9.199999999999983,B06_CFV,cav,not_applicable,7029.864793124397,3.5,29.130045263055507,0.006204106522651687,lane_1,mainline,,normal,none,commit
BASIC-06,basic_01_06_900_bugcheck_20260605,92,9.199999999999983,B06_TLV_CFV,cav,not_applicable,7071.773996728865,3.5,29.325937078153707,0.3377128735796326,lane_1,mainline,,normal,none,commit
BASIC-06,basic_01_06_900_bugcheck_20260605,92,9.199999999999983,B06_TLV_CLV,cav,not_applicable,7113.517709788237,3.5,29.625954254899344,0.15585239379194038,lane_1,mainline,,normal,none,commit
BASIC-06,basic_01_06_900_bugcheck_20260605,93,9.299999999999983,B06_MV,cav,not_applicable,7078.4510068654345,-3.5,29.391450942745955,0.2535621071891853,on_ramp,on_ramp_mv,,normal,not_started,commit
BASIC-06,basic_01_06_900_bugcheck_20260605,93,9.299999999999983,B06_CLV,cav,not_applicable,7122.517257918018,0.0,29.7844758674915,0.08980172187854124,lane_2,mainline,,normal,none,commit
BASIC-06,basic_01_06_900_bugcheck_20260605,93,9.299999999999983,B06_CFV,cav,not_applicable,7032.785121138847,3.5,29.20328014449827,0.7323488144276241,lane_1,mainline,,normal,none,commit
BASIC-06,basic_01_06_900_bugcheck_20260605,93,9.299999999999983,B06_TLV_CFV,cav,not_applicable,7074.716626269283,3.5,29.42629540417386,1.0035832602015176,lane_1,mainline,,normal,none,commit
BASIC-06,basic_01_06_900_bugcheck_20260605,93,9.299999999999983,B06_TLV_CLV,cav,not_applicable,7116.481801396707,3.5,29.64091608470337,0.14961829804026225,lane_1,mainline,,normal,none,commit
BASIC-06,basic_01_06_900_bugcheck_20260605,94,9.399999999999983,B06_MV,cav,not_applicable,7081.392586155938,-3.5,29.415792905036117,0.24341962290161803,on_ramp,on_ramp_mv,,normal,not_started,commit
BASIC-06,basic_01_06_900_bugcheck_20260605,94,9.399999999999983,B06_CLV,cav,not_applicable,7125.496567601297,0.0,29.793096832791843,0.08620965300339947,lane_2,mainline,,normal,none,commit
BASIC-06,basic_01_06_900_bugcheck_20260605,94,9.399999999999983,B06_CFV,cav,not_applicable,7035.714345672871,3.5,29.292245340242953,0.8896519574468518,lane_1,mainline,,normal,none,commit
BASIC-06,basic_01_06_900_bugcheck_20260605,94,9.399999999999983,B06_TLV_CFV,cav,not_applicable,7077.656557854556,3.5,29.399315852735803,-0.2697955143805765,lane_1,mainline,,normal,none,commit
BASIC-06,basic_01_06_900_bugcheck_20260605,94,9.399999999999983,B06_TLV_CLV,cav,not_applicable,7119.447329340838,3.5,29.655279441315237,0.14363356611865186,lane_1,mainline,,normal,none,commit
BASIC-06,basic_01_06_900_bugcheck_20260605,95,9.499999999999982,B06_MV,cav,not_applicable,7084.336502274822,-3.5,29.43916118883467,0.23368283798555325,on_ramp,on_ramp_mv,,normal,not_started,commit
BASIC-06,basic_01_06_900_bugcheck_20260605,95,9.499999999999982,B06_CLV,cav,not_applicable,7128.476704897245,0.0,29.80137295948017,0.08276126688326287,lane_2,mainline,,normal,none,commit
BASIC-06,basic_01_06_900_bugcheck_20260605,95,9.499999999999982,B06_CFV,cav,not_applicable,7038.639940086547,3.5,29.255944136761332,-0.36301203481621214,lane_1,mainline,,normal,none,commit
BASIC-06,basic_01_06_900_bugcheck_20260605,95,9.499999999999982,B06_TLV_CFV,cav,not_applicable,7080.601554749257,3.5,29.449968947013755,0.5065309427795284,lane_1,mainline,,normal,none,commit
BASIC-06,basic_01_06_900_bugcheck_20260605,95,9.499999999999982,B06_TLV_CLV,cav,not_applicable,7122.414236167205,3.5,29.669068263662627,0.13788822347390522,lane_1,mainline,,normal,none,commit
BASIC-06,basic_01_06_900_bugcheck_20260605,96,9.599999999999982,B06_MV,cav,not_applicable,7087.28266174895,-3.5,29.461594741281285,0.22433552446613164,on_ramp,on_ramp_mv,,normal,not_started,commit
BASIC-06,basic_01_06_900_bugcheck_20260605,96,9.599999999999982,B06_CLV,cav,not_applicable,7131.457636701355,0.0,29.809318041100962,0.07945081620793247,lane_2,mainline,,normal,none,commit
BASIC-06,basic_01_06_900_bugcheck_20260605,96,9.599999999999982,B06_CFV,cav,not_applicable,7041.569837129029,3.5,29.298970424821825,0.4302628806049174,lane_1,mainline,,normal,none,commit
BASIC-06,basic_01_06_900_bugcheck_20260605,96,9.599999999999982,B06_TLV_CFV,cav,not_applicable,7083.547743915206,3.5,29.461891659495482,0.11922712481726205,lane_1,mainline,,normal,none,commit
BASIC-06,basic_01_06_900_bugcheck_20260605,96,9.599999999999982,B06_TLV_CLV,cav,not_applicable,7125.382466720516,3.5,29.68230553311612,0.13237269453494918,lane_1,mainline,,normal,none,commit
BASIC-06,basic_01_06_900_bugcheck_20260605,97,9.699999999999982,B06_MV,cav,not_applicable,7090.230974844113,-3.5,29.483130951630034,0.21536210348748597,on_ramp,on_ramp_mv,,normal,not_started,commit
BASIC-06,basic_01_06_900_bugcheck_20260605,97,9.699999999999982,B06_CLV,cav,not_applicable,7134.4393312333,0.0,29.816945319456924,0.07627278355961523,lane_2,mainline,,normal,none,commit
BASIC-06,basic_01_06_900_bugcheck_20260605,97,9.699999999999982,B06_CFV,cav,not_applicable,7044.510527231443,3.5,29.406901024144044,1.079305993222205,lane_1,mainline,,normal,none,commit
BASIC-06,basic_01_06_900_bugcheck_20260605,97,9.699999999999982,B06_TLV_CFV,cav,not_applicable,7086.502181303086,3.5,29.544373878798712,0.8248221930323053,lane_1,mainline,,normal,none,commit
BASIC-06,basic_01_06_900_bugcheck_20260605,97,9.699999999999982,B06_TLV_CLV,cav,not_applicable,7128.351968051696,3.5,29.695013311791477,0.12707778675355144,lane_1,mainline,,normal,none,commit
BASIC-06,basic_01_06_900_bugcheck_20260605,98,9.799999999999981,B06_MV,cav,not_applicable,7093.18135541547,-3.5,29.503805713564834,0.20674761934798624,on_ramp,on_ramp_mv,,normal,not_started,commit
BASIC-06,basic_01_06_900_bugcheck_20260605,98,9.799999999999981,B06_CLV,cav,not_applicable,7137.421757983969,0.0,29.82426750667865,0.07322187221723056,lane_2,mainline,,normal,none,commit
BASIC-06,basic_01_06_900_bugcheck_20260605,98,9.799999999999981,B06_CFV,cav,not_applicable,7047.449138928348,3.5,29.386116969044043,-0.20784055100001397,lane_1,mainline,,normal,none,commit
BASIC-06,basic_01_06_900_bugcheck_20260605,98,9.799999999999981,B06_TLV_CFV,cav,not_applicable,7089.452458145272,3.5,29.502768421864992,-0.41605456933720475,lane_1,mainline,,normal,none,commit
BASIC-06,basic_01_06_900_bugcheck_20260605,98,9.799999999999981,B06_TLV_CLV,cav,not_applicable,7131.322689329628,3.5,29.707212779319818,0.12199467528340904,lane_1,mainline,,normal,none,commit
BASIC-06,basic_01_06_900_bugcheck_20260605,99,9.89999999999998,B06_MV,cav,not_applicable,7096.133720763972,-3.5,29.52365348502224,0.19847771457406652,on_ramp,on_ramp_mv,,normal,not_started,commit
BASIC-06,basic_01_06_900_bugcheck_20260605,99,9.89999999999998,B06_CLV,cav,not_applicable,7140.40488766461,0.0,29.8312968064115,0.0702929973285407,lane_2,mainline,,normal,none,commit
BASIC-06,basic_01_06_900_bugcheck_20260605,99,9.89999999999998,B06_CFV,cav,not_applicable,7050.393322838926,3.5,29.441839105780407,0.5572213673636249,lane_1,mainline,,normal,none,commit
BASIC-06,basic_01_06_900_bugcheck_20260605,99,9.89999999999998,B06_TLV_CFV,cav,not_applicable,7092.406603631892,3.5,29.54145486619195,0.3868644432695598,lane_1,mainline,,normal,none,commit
BASIC-06,basic_01_06_900_bugcheck_20260605,99,9.89999999999998,B06_TLV_CLV,cav,not_applicable,7134.294581756442,3.5,29.718924268147024,0.1171148882720729,lane_1,mainline,,normal,none,commit
BASIC-06,basic_01_06_900_bugcheck_20260605,100,9.99999999999998,B06_MV,cav,not_applicable,7099.0879914985335,-3.5,29.542707345621352,0.1905386059911038,on_ramp,on_ramp_mv,,normal,not_started,commit
BASIC-06,basic_01_06_900_bugcheck_20260605,100,9.99999999999998,B06_CLV,cav,not_applicable,7143.388692158026,0.0,29.83804493415504,0.06748127743539954,lane_2,mainline,,normal,none,commit
BASIC-06,basic_01_06_900_bugcheck_20260605,100,9.99999999999998,B06_CFV,cav,not_applicable,7053.339106527633,3.5,29.457836887069696,0.15997781289289448,lane_1,mainline,,normal,none,commit
BASIC-06,basic_01_06_900_bugcheck_20260605,100,9.99999999999998,B06_TLV_CFV,cav,not_applicable,7095.368102641949,3.5,29.614990100576296,0.7353523438434852,lane_1,mainline,,normal,none,commit
BASIC-06,basic_01_06_900_bugcheck_20260605,100,9.99999999999998,B06_TLV_CLV,cav,not_applicable,7137.267598486184,3.5,29.730167297421144,0.11243029274119039,lane_1,mainline,,normal,none,commit
BASIC-06,basic_01_06_900_bugcheck_20260605,101,10.09999999999998,B06_MV,cav,not_applicable,7102.0440914037135,-3.5,29.560999051796497,0.1829170617514592,on_ramp,on_ramp_mv,,normal,not_started,commit
BASIC-06,basic_01_06_900_bugcheck_20260605,101,10.09999999999998,B06_CLV,cav,not_applicable,7146.373144471705,0.0,29.844523136788837,0.06478202633798417,lane_2,mainline,,normal,none,commit
BASIC-06,basic_01_06_900_bugcheck_20260605,101,10.09999999999998,B06_CFV,cav,not_applicable,7056.2934718529905,3.5,29.543653253579116,0.8581636650941864,lane_1,mainline,,normal,none,commit
BASIC-06,basic_01_06_900_bugcheck_20260605,101,10.09999999999998,B06_TLV_CFV,cav,not_applicable,7098.324709080274,3.5,29.5660643832544,-0.48925717321896656,lane_1,mainline,,normal,none,commit
BASIC-06,basic_01_06_900_bugcheck_20260605,101,10.09999999999998,B06_TLV_CLV,cav,not_applicable,7140.241694546737,3.5,29.740960605524297,0.1079330810315426,lane_1,mainline,,normal,none,commit
BASIC-06,basic_01_06_900_bugcheck_20260605,102,10.19999999999998,B06_MV,cav,not_applicable,7105.001947312686,-3.5,29.578559089724635,0.17560037928140135,on_ramp,on_ramp_mv,,normal,not_started,commit
BASIC-06,basic_01_06_900_bugcheck_20260605,102,10.19999999999998,B06_CLV,cav,not_applicable,7149.358218692837,0.0,29.850742211317282,0.06219074528446527,lane_2,mainline,,normal,none,commit
BASIC-06,basic_01_06_900_bugcheck_20260605,102,10.19999999999998,B06_CFV,cav,not_applicable,7059.243949426517,3.5,29.50477573526864,-0.38877518310475656,lane_1,mainline,,normal,none,commit
BASIC-06,basic_01_06_900_bugcheck_20260605,102,10.19999999999998,B06_TLV_CFV,cav,not_applicable,7101.284585232637,3.5,29.59876152362739,0.3269714037299365,lane_1,mainline,,normal,none,commit
BASIC-06,basic_01_06_900_bugcheck_20260605,102,10.19999999999998,B06_TLV_CLV,cav,not_applicable,7143.216826764867,3.5,29.751322181303326,0.1036157577902813,lane_1,mainline,,normal,none,commit
BASIC-06,basic_01_06_900_bugcheck_20260605,103,10.29999999999998,B06_MV,cav,not_applicable,7107.961488985299,-3.5,29.59541672613565,0.16857636411014598,on_ramp,on_ramp_mv,,normal,not_started,commit
BASIC-06,basic_01_06_900_bugcheck_20260605,103,10.29999999999998,B06_CLV,cav,not_applicable,7152.343889945123,0.0,29.85671252286459,0.05970311547308711,lane_2,mainline,,normal,none,commit
BASIC-06,basic_01_06_900_bugcheck_20260605,103,10.29999999999998,B06_CFV,cav,not_applicable,7062.198518839455,3.5,29.54569412937825,0.40918394109610834,lane_1,mainline,,normal,none,commit
BASIC-06,basic_01_06_900_bugcheck_20260605,103,10.29999999999998,B06_TLV_CFV,cav,not_applicable,7104.254038521079,3.5,29.694532884412975,0.9577136078558386,lane_1,mainline,,normal,none,commit
BASIC-06,basic_01_06_900_bugcheck_20260605,103,10.29999999999998,B06_TLV_CLV,cav,not_applicable,7146.192953694272,3.5,29.761269294051193,0.09947112747866954,lane_1,mainline,,normal,none,commit
BASIC-06,basic_01_06_900_bugcheck_20260605,104,10.399999999999979,B06_MV,cav,not_applicable,7110.922648991008,-3.5,29.611600057090225,0.16183330954574018,on_ramp,on_ramp_mv,,normal,not_started,commit
BASIC-06,basic_01_06_900_bugcheck_20260605,104,10.399999999999979,B06_CLV,cav,not_applicable,7155.330134347318,0.0,29.862444021950008,0.05731499085416374,lane_2,mainline,,normal,none,commit
BASIC-06,basic_01_06_900_bugcheck_20260605,104,10.399999999999979,B06_CFV,cav,not_applicable,7065.163708848274,3.5,29.651900088195205,1.0620595881695432,lane_1,mainline,,normal,none,commit
BASIC-06,basic_01_06_900_bugcheck_20260605,104,10.399999999999979,B06_TLV_CFV,cav,not_applicable,7107.220418557221,3.5,29.663800361419362,-0.3073252299361321,lane_1,mainline,,normal,none,commit
BASIC-06,basic_01_06_900_bugcheck_20260605,104,10.399999999999979,B06_TLV_CLV,cav,not_applicable,7149.170035546501,3.5,29.770818522289144,0.09549228237952292,lane_1,mainline,,normal,none,commit
BASIC-06,basic_01_06_900_bugcheck_20260605,105,10.499999999999979,B06_MV,cav,not_applicable,7113.885362596488,-3.5,29.627136054806616,0.15535997716390995,on_ramp,on_ramp_mv,,normal,not_started,commit
BASIC-06,basic_01_06_900_bugcheck_20260605,105,10.499999999999979,B06_CLV,cav,not_applicable,7158.316928973425,0.0,29.867946261072007,0.055022391219996795,lane_2,mainline,,normal,none,commit
BASIC-06,basic_01_06_900_bugcheck_20260605,105,10.499999999999979,B06_CFV,cav,not_applicable,7068.126679344633,3.5,29.629704963590896,-0.221951246043101,lane_1,mainline,,normal,none,commit
BASIC-06,basic_01_06_900_bugcheck_20260605,105,10.499999999999979,B06_TLV_CFV,cav,not_applicable,7110.1915568414815,3.5,29.711382842606405,0.4758248118704374,lane_1,mainline,,normal,none,commit
BASIC-06,basic_01_06_900_bugcheck_20260605,105,10.499999999999979,B06_TLV_CLV,cav,not_applicable,7152.148034124641,3.5,29.779985781397578,0.09167259108434252,lane_1,mainline,,normal,none,commit
BASIC-06,basic_01_06_900_bugcheck_20260605,106,10.599999999999978,B06_MV,cav,not_applicable,7116.8495676577495,-3.5,29.64205061261435,0.14914557807735349,on_ramp,on_ramp_mv,,normal,not_started,commit
BASIC-06,basic_01_06_900_bugcheck_20260605,106,10.599999999999978,B06_CLV,cav,not_applicable,7161.304251814488,0.0,29.873228410629125,0.05282149557119738,lane_2,mainline,,normal,none,commit
BASIC-06,basic_01_06_900_bugcheck_20260605,106,10.599999999999978,B06_CFV,cav,not_applicable,7071.095106603524,3.5,29.68427258891464,0.5456762532374628,lane_1,mainline,,normal,none,commit
BASIC-06,basic_01_06_900_bugcheck_20260605,106,10.599999999999978,B06_TLV_CFV,cav,not_applicable,7113.15567914693,3.5,29.641223054486712,-0.7015978811969148,lane_1,mainline,,normal,none,commit
BASIC-06,basic_01_06_900_bugcheck_20260605,106,10.599999999999978,B06_TLV_CLV,cav,not_applicable,7155.126912759655,3.5,29.788786350141674,0.08800568744096893,lane_1,mainline,,normal,none,commit
BASIC-06,basic_01_06_900_bugcheck_20260605,107,10.699999999999978,B06_MV,cav,not_applicable,7119.815204516561,-3.5,29.65636858810978,0.14317975495425941,on_ramp,on_ramp_mv,,normal,not_started,commit
BASIC-06,basic_01_06_900_bugcheck_20260605,107,10.699999999999978,B06_CLV,cav,not_applicable,7164.292081741909,0.0,29.87829927420396,0.05070863574835016,lane_2,mainline,,normal,none,commit
BASIC-06,basic_01_06_900_bugcheck_20260605,107,10.699999999999978,B06_CFV,cav,not_applicable,7074.057089395396,3.5,29.61982791872498,-0.6444467018966213,lane_1,mainline,,normal,none,commit
BASIC-06,basic_01_06_900_bugcheck_20260605,107,10.699999999999978,B06_TLV_CFV,cav,not_applicable,7116.121333833351,3.5,29.656546864206966,0.15323809720252435,lane_1,mainline,,normal,none,commit
BASIC-06,basic_01_06_900_bugcheck_20260605,107,10.699999999999978,B06_TLV_CLV,cav,not_applicable,7158.106636249268,3.5,29.797234896136008,0.08448545994333045,lane_1,mainline,,normal,none,commit
BASIC-06,basic_01_06_900_bugcheck_20260605,108,10.799999999999978,B06_MV,cav,not_applicable,7122.782215901019,-3.5,29.670113844585387,0.1374525647560887,on_ramp,on_ramp_mv,,normal,not_started,commit
BASIC-06,basic_01_06_900_bugcheck_20260605,108,10.799999999999978,B06_CLV,cav,not_applicable,7167.280398472232,0.0,29.8831673032358,0.04868029031841559,lane_2,mainline,,normal,none,commit
BASIC-06,basic_01_06_900_bugcheck_20260605,108,10.799999999999978,B06_CFV,cav,not_applicable,7077.021072168799,3.5,29.639827734024347,0.19999815299367352,lane_1,mainline,,normal,none,commit
BASIC-06,basic_01_06_900_bugcheck_20260605,108,10.799999999999978,B06_TLV_CFV,cav,not_applicable,7119.095515013294,3.5,29.74181179943263,0.8526493522566109,lane_1,mainline,,normal,none,commit
BASIC-06,basic_01_06_900_bugcheck_20260605,108,10.799999999999978,B06_TLV_CLV,cav,not_applicable,7161.087170799297,3.5,29.805345500290567,0.08110604154559696,lane_1,mainline,,normal,none,commit
BASIC-06,basic_01_06_900_bugcheck_20260605,109,10.899999999999977,B06_MV,cav,not_applicable,7125.727684315697,-3.5,29.454684146778057,0.13195446216584514,on_ramp,on_ramp_mv,,normal,not_started,commit
BASIC-06,basic_01_06_900_bugcheck_20260605,109,10.899999999999977,B06_CLV,cav,not_applicable,7170.269182533343,0.0,29.88784061110637,0.04673307870567953,lane_2,mainline,,normal,none,commit
BASIC-06,basic_01_06_900_bugcheck_20260605,109,10.899999999999977,B06_CFV,cav,not_applicable,7079.993964017999,3.5,29.728918491996556,0.8909075797220966,lane_1,mainline,,normal,none,commit
BASIC-06,basic_01_06_900_bugcheck_20260605,109,10.899999999999977,B06_TLV_CFV,cav,not_applicable,7122.065763324301,3.5,29.702483110071807,-0.39328689360822744,lane_1,mainline,,normal,none,commit
BASIC-06,basic_01_06_900_bugcheck_20260605,109,10.899999999999977,B06_TLV_CLV,cav,not_applicable,7164.068483967325,3.5,29.813131680278943,0.07786179988377313,lane_1,mainline,,normal,none,commit
BASIC-06,basic_01_06_900_bugcheck_20260605,110,10.999999999999977,B06_MV,cav,not_applicable,7128.602742568032,-3.5,28.75058252335535,0.21812634128877734,on_ramp,on_ramp_mv,,normal,not_started,commit
BASIC-06,basic_01_06_900_bugcheck_20260605,110,10.999999999999977,B06_CLV,cav,not_applicable,7173.25841523201,0.0,29.892326986662116,0.044863755557452124,lane_2,mainline,,normal,none,commit
BASIC-06,basic_01_06_900_bugcheck_20260605,110,10.999999999999977,B06_CFV,cav,not_applicable,7082.963236020124,3.5,29.692720021246544,-0.3619847075001028,lane_1,mainline,,normal,none,commit
BASIC-06,basic_01_06_900_bugcheck_20260605,110,10.999999999999977,B06_TLV_CFV,cav,not_applicable,7125.040066560724,3.5,29.743032364231134,0.40549254159326853,lane_1,mainline,,normal,none,commit
BASIC-06,basic_01_06_900_bugcheck_20260605,110,10.999999999999977,B06_TLV_CLV,cav,not_applicable,7167.050544608632,3.5,29.820606413067786,0.0747473278884229,lane_1,mainline,,normal,none,commit
BASIC-06,basic_01_06_900_bugcheck_20260605,111,11.099999999999977,B06_MV,cav,not_applicable,7131.409073782834,-3.5,28.063312148016532,0.4997669906578594,on_ramp,on_ramp_mv,,normal,not_started,commit
BASIC-06,basic_01_06_900_bugcheck_20260605,111,11.099999999999977,B06_CLV,cav,not_applicable,7176.248078622729,0.0,29.896633907195632,0.04306920533515353,lane_2,mainline,,normal,none,commit
BASIC-06,basic_01_06_900_bugcheck_20260605,111,11.099999999999977,B06_CFV,cav,not_applicable,7085.93681905646,3.5,29.735830363360172,0.4311034211362796,lane_1,mainline,,normal,none,commit
BASIC-06,basic_01_06_900_bugcheck_20260605,111,11.099999999999977,B06_TLV_CFV,cav,not_applicable,7128.006778372487,3.5,29.66711811763422,-0.7591424659691439,lane_1,mainline,,normal,none,commit
BASIC-06,basic_01_06_900_bugcheck_20260605,111,11.099999999999977,B06_TLV_CLV,cav,not_applicable,7170.033322824286,3.5,29.827782156545073,0.07175743477288564,lane_1,mainline,,normal,none,commit
BASIC-06,basic_01_06_900_bugcheck_20260605,112,11.199999999999976,B06_MV,cav,not_applicable,7134.1483208505315,-3.5,27.392470676976753,0.7746751407933872,on_ramp,on_ramp_mv,,normal,not_started,commit
BASIC-06,basic_01_06_900_bugcheck_20260605,112,11.199999999999976,B06_CLV,cav,not_applicable,7179.238155477819,0.0,29.900768550907806,0.041346437121747216,lane_2,mainline,,normal,none,commit
BASIC-06,basic_01_06_900_bugcheck_20260605,112,11.199999999999976,B06_CFV,cav,not_applicable,7088.9030202116965,3.5,29.66201155236223,-0.7381881099794075,lane_1,mainline,,normal,none,commit
BASIC-06,basic_01_06_900_bugcheck_20260605,112,11.199999999999976,B06_TLV_CFV,cav,not_applicable,7130.974551745892,3.5,29.67773373405493,0.10615616420706409,lane_1,mainline,,normal,none,commit
BASIC-06,basic_01_06_900_bugcheck_20260605,112,11.199999999999976,B06_TLV_CLV,cav,not_applicable,7173.016789911315,3.5,29.83467087028327,0.06888713738197083,lane_1,mainline,,normal,none,commit
BASIC-06,basic_01_06_900_bugcheck_20260605,113,11.299999999999976,B06_MV,cav,not_applicable,7136.822087388962,-3.5,26.73766538430721,1.0430117292092989,on_ramp,on_ramp_mv,,normal,not_started,commit
BASIC-06,basic_01_06_900_bugcheck_20260605,113,11.299999999999976,B06_CLV,cav,not_applicable,7182.228629258707,0.0,29.904737808871495,0.03969257963687767,lane_2,mainline,,normal,none,commit
BASIC-06,basic_01_06_900_bugcheck_20260605,113,11.299999999999976,B06_CFV,cav,not_applicable,7091.870454373306,3.5,29.674341616091187,0.12330063728957574,lane_1,mainline,,normal,none,commit
BASIC-06,basic_01_06_900_bugcheck_20260605,113,11.299999999999976,B06_TLV_CFV,cav,not_applicable,7133.950466397005,3.5,29.759146511126417,0.8141277707148706,lane_1,mainline,,normal,none,commit
BASIC-06,basic_01_06_900_bugcheck_20260605,113,11.299999999999976,B06_TLV_CLV,cav,not_applicable,7176.000918314862,3.5,29.841284035471936,0.06613165188669257,lane_1,mainline,,normal,none,commit
BASIC-06,basic_01_06_900_bugcheck_20260605,114,11.399999999999975,B06_MV,cav,not_applicable,7139.431938682164,-3.5,26.098512932024526,1.304933846277116,on_ramp,on_ramp_mv,,normal,not_started,commit
BASIC-06,basic_01_06_900_bugcheck_20260605,114,11.399999999999975,B06_CLV,cav,not_applicable,7185.2194840883585,0.0,29.908548296516635,0.038104876451401995,lane_2,mainline,,normal,none,commit
BASIC-06,basic_01_06_900_bugcheck_20260605,114,11.399999999999975,B06_CFV,cav,not_applicable,7094.846170085583,3.5,29.757157122778516,0.8281550668732892,lane_1,mainline,,normal,none,commit
BASIC-06,basic_01_06_900_bugcheck_20260605,114,11.399999999999975,B06_TLV_CFV,cav,not_applicable,7136.922133002605,3.5,29.71666605600309,-0.42480455123328764,lane_1,mainline,,normal,none,commit
BASIC-06,basic_01_06_900_bugcheck_20260605,114,11.399999999999975,B06_TLV_CLV,cav,not_applicable,7178.985681582268,3.5,29.84763267405306,0.06348638581122544,lane_1,mainline,,normal,none,commit
BASIC-06,basic_01_06_900_bugcheck_20260605,115,11.499999999999975,B06_MV,cav,not_applicable,7141.979402596732,-3.5,25.47463914567581,1.5605948271901895,on_ramp,on_ramp_mv,,normal,not_started,commit
BASIC-06,basic_01_06_900_bugcheck_20260605,115,11.499999999999975,B06_CLV,cav,not_applicable,7188.210704724824,0.0,29.91220636465597,0.036580681393346026,lane_2,mainline,,normal,none,commit
BASIC-06,basic_01_06_900_bugcheck_20260605,115,11.499999999999975,B06_CFV,cav,not_applicable,7097.817752521136,3.5,29.715824355522695,-0.4133276725582179,lane_1,mainline,,normal,none,commit
BASIC-06,basic_01_06_900_bugcheck_20260605,115,11.499999999999975,B06_TLV_CFV,cav,not_applicable,7139.897596661877,3.5,29.754636592720367,0.3797053671727647,lane_1,mainline,,normal,none,commit
BASIC-06,basic_01_06_900_bugcheck_20260605,115,11.499999999999975,B06_TLV_CLV,cav,not_applicable,7181.971054318977,3.5,29.853727367090936,0.06094693037877619,lane_1,mainline,,normal,none,commit
BASIC-06,basic_01_06_900_bugcheck_20260605,116,11.599999999999975,B06_MV,cav,not_applicable,7144.465970476261,-3.5,24.865678795288137,1.8101443417296765,on_ramp,on_ramp_mv,,normal,not_started,commit
BASIC-06,basic_01_06_900_bugcheck_20260605,116,11.599999999999975,B06_CLV,cav,not_applicable,7191.202276535831,0.0,29.91571811006973,0.03511745413761247,lane_2,mainline,,normal,none,commit
BASIC-06,basic_01_06_900_bugcheck_20260605,116,11.599999999999975,B06_CFV,cav,not_applicable,7100.793225912094,3.5,29.754733909586115,0.3890955406341854,lane_1,mainline,,normal,none,commit
BASIC-06,basic_01_06_900_bugcheck_20260605,116,11.599999999999975,B06_TLV_CFV,cav,not_applicable,7142.869607933516,3.5,29.720112716388005,-0.3452387633235985,lane_1,mainline,,normal,none,commit
BASIC-06,basic_01_06_900_bugcheck_20260605,116,11.599999999999975,B06_TLV_CLV,cav,not_applicable,7184.9570121462175,3.5,29.859578272407298,0.058509053163625424,lane_1,mainline,,normal,none,commit
BASIC-06,basic_01_06_900_bugcheck_20260605,117,11.699999999999974,B06_MV,cav,not_applicable,7146.893098014416,-3.5,24.27127538155523,2.0537284818847454,on_ramp,on_ramp_mv,,normal,not_started,commit
BASIC-06,basic_01_06_900_bugcheck_20260605,117,11.699999999999974,B06_CLV,cav,not_applicable,7194.194185474397,0.0,29.91908938566694,0.03371275597210826,lane_2,mainline,,normal,none,commit
BASIC-06,basic_01_06_900_bugcheck_20260605,117,11.699999999999974,B06_CFV,cav,not_applicable,7103.760973721112,3.5,29.677478090183456,-0.7725581940265756,lane_1,mainline,,normal,none,commit
BASIC-06,basic_01_06_900_bugcheck_20260605,117,11.699999999999974,B06_TLV_CFV,cav,not_applicable,7145.846067251637,3.5,29.764593181206983,0.4448046481897831,lane_1,mainline,,normal,none,commit
BASIC-06,basic_01_06_900_bugcheck_20260605,117,11.699999999999974,B06_TLV_CLV,cav,not_applicable,7187.9435316603685,3.5,29.865195141511006,0.05616869103708098,lane_1,mainline,,normal,none,commit
BASIC-06,basic_01_06_900_bugcheck_20260605,118,11.799999999999974,B06_MV,cav,not_applicable,7149.26220610713,-3.5,23.69108092713394,2.2914898473779077,on_ramp,on_ramp_mv,,normal,not_started,commit
BASIC-06,basic_01_06_900_bugcheck_20260605,118,11.799999999999974,B06_CLV,cav,not_applicable,7197.186418055421,0.0,29.922325810240263,0.0323642457332241,lane_2,mainline,,normal,none,commit
BASIC-06,basic_01_06_900_bugcheck_20260605,118,11.799999999999974,B06_CFV,cav,not_applicable,7106.729673326725,3.5,29.686996056126738,0.09517965943280193,lane_1,mainline,,normal,none,commit
BASIC-06,basic_01_06_900_bugcheck_20260605,118,11.799999999999974,B06_TLV_CFV,cav,not_applicable,7148.815256789606,3.5,29.69189537969524,-0.7269780151174501,lane_1,mainline,,normal,none,commit
BASIC-06,basic_01_06_900_bugcheck_20260605,118,11.799999999999974,B06_TLV_CLV,cav,not_applicable,7190.930590393954,3.5,29.870587335850566,0.0539219433955978,lane_1,mainline,,normal,none,commit
BASIC-06,basic_01_06_900_bugcheck_20260605,119,11.899999999999974,B06_MV,cav,not_applicable,7151.574681684423,-3.5,23.124755772930513,2.5235676291464246,on_ramp,on_ramp_mv,,normal,not_started,commit
BASIC-06,basic_01_06_900_bugcheck_20260605,119,11.899999999999974,B06_CLV,cav,not_applicable,7200.178961333204,0.0,29.925432777830654,0.031069675903894735,lane_2,mainline,,normal,none,commit
BASIC-06,basic_01_06_900_bugcheck_20260605,119,11.899999999999974,B06_CFV,cav,not_applicable,7109.706424402279,3.5,29.767510755534875,0.8051469940813835,lane_1,mainline,,normal,none,commit
BASIC-06,basic_01_06_900_bugcheck_20260605,119,11.899999999999974,B06_TLV_CFV,cav,not_applicable,7151.785771052906,3.5,29.705142633003813,0.1324725330857227,lane_1,mainline,,normal,none,commit
BASIC-06,basic_01_06_900_bugcheck_20260605,119,11.899999999999974,B06_TLV_CLV,cav,not_applicable,7193.918166778196,3.5,29.875763842416543,0.05176506565977377,lane_1,mainline,,normal,none,commit
BASIC-06,basic_01_06_900_bugcheck_20260605,120,11.999999999999973,B06_MV,cav,not_applicable,7153.831878522349,-3.5,22.57196837925691,2.750097690827795,on_ramp,on_ramp_mv,,normal,not_started,commit
BASIC-06,basic_01_06_900_bugcheck_20260605,120,11.999999999999973,B06_CLV,cav,not_applicable,7203.171802879876,0.0,29.92841546671743,0.029826888867738433,lane_2,mainline,,normal,none,commit
BASIC-06,basic_01_06_900_bugcheck_20260605,120,11.999999999999973,B06_CFV,cav,not_applicable,7112.678853953238,3.5,29.72429550959608,-0.432152459387959,lane_1,mainline,,normal,none,commit
BASIC-06,basic_01_06_900_bugcheck_20260605,120,11.999999999999973,B06_TLV_CFV,cav,not_applicable,7154.764641909659,3.5,29.78870856752901,0.835659345251955,lane_1,mainline,,normal,none,commit
BASIC-06,basic_01_06_900_bugcheck_20260605,120,11.999999999999973,B06_TLV_CLV,cav,not_applicable,7196.906240107068,3.5,29.88073328871988,0.049694463033382874,lane_1,mainline,,normal,none,commit
BASIC-06,basic_01_06_900_bugcheck_20260605,121,12.099999999999973,B06_MV,cav,not_applicable,7156.035118035523,-3.5,22.03239513173922,2.9712126482972367,on_ramp,on_ramp_mv,,normal,not_started,commit
BASIC-06,basic_01_06_900_bugcheck_20260605,121,12.099999999999973,B06_CLV,cav,not_applicable,7206.164930764681,0.0,29.93127884804873,0.02863381331302861,lane_2,mainline,,normal,none,commit
BASIC-06,basic_01_06_900_bugcheck_20260605,121,12.099999999999973,B06_CFV,cav,not_applicable,7115.655020438621,3.5,29.761664853827973,0.3736934423189427,lane_1,mainline,,normal,none,commit
BASIC-06,basic_01_06_900_bugcheck_20260605,121,12.099999999999973,B06_TLV_CFV,cav,not_applicable,7157.739440888327,3.5,29.747989786685988,-0.4071878084302186,lane_1,mainline,,normal,none,commit
BASIC-06,basic_01_06_900_bugcheck_20260605,121,12.099999999999973,B06_TLV_CLV,cav,not_applicable,7199.894790502785,3.5,29.885503957171085,0.04770668451204756,lane_1,mainline,,normal,none,commit
BASIC-06,basic_01_06_900_bugcheck_20260605,122,12.199999999999973,B06_MV,cav,not_applicable,7158.185690050709,-3.5,21.505720151866985,3.1870419473043117,on_ramp,on_ramp_mv,,normal,not_started,commit
BASIC-06,basic_01_06_900_bugcheck_20260605,122,12.199999999999973,B06_CLV,cav,not_applicable,7209.158333534094,0.0,29.934027694126783,0.02748846078050775,lane_2,mainline,,normal,none,commit
BASIC-06,basic_01_06_900_bugcheck_20260605,122,12.199999999999973,B06_CFV,cav,not_applicable,7118.623335324895,3.5,29.68314886274498,-0.7851599108299558,lane_1,mainline,,normal,none,commit
BASIC-06,basic_01_06_900_bugcheck_20260605,122,12.199999999999973,B06_TLV_CFV,cav,not_applicable,7160.718181057654,3.5,29.78740169326897,0.39411906582982115,lane_1,mainline,,normal,none,commit
BASIC-06,basic_01_06_900_bugcheck_20260605,122,12.199999999999973,B06_TLV_CLV,cav,not_applicable,7202.883798882674,3.5,29.89008379888424,0.04579841713156583,lane_1,mainline,,normal,none,commit
BASIC-06,basic_01_06_900_bugcheck_20260605,123,12.299999999999972,B06_MV,cav,not_applicable,7160.284853561916,-3.5,20.99163511207007,3.397711939253206,on_ramp,on_ramp_mv,,normal,not_started,commit
BASIC-06,basic_01_06_900_bugcheck_20260605,123,12.299999999999972,B06_CLV,cav,not_applicable,7212.15200019273,0.0,29.93666658636171,0.02638892234928676,lane_2,mainline,,normal,none,commit
BASIC-06,basic_01_06_900_bugcheck_20260605,123,12.299999999999972,B06_CFV,cav,not_applicable,7121.592498902809,3.5,29.69163577913162,0.08486916386639987,lane_1,mainline,,normal,none,commit
BASIC-06,basic_01_06_900_bugcheck_20260605,123,12.299999999999972,B06_TLV_CFV,cav,not_applicable,7163.696151260296,3.5,29.779702026415702,-0.07699666853265147,lane_1,mainline,,normal,none,commit
BASIC-06,basic_01_06_900_bugcheck_20260605,123,12.299999999999972,B06_TLV_CLV,cav,not_applicable,7205.873246927366,3.5,29.89448044692887,0.04396648044630354,lane_1,mainline,,normal,none,commit
BASIC-06,basic_01_06_900_bugcheck_20260605,124,12.399999999999972,B06_MV,cav,not_applicable,7162.333837467438,-3.5,20.489839055217022,3.6033459551719718,on_ramp,on_ramp_mv,,normal,not_started,commit
BASIC-06,basic_01_06_900_bugcheck_20260605,124,12.399999999999972,B06_CLV,cav,not_applicable,7215.145920185021,0.0,29.939199922907243,0.025333365455315972,lane_2,mainline,,normal,none,commit
BASIC-06,basic_01_06_900_bugcheck_20260605,124,12.399999999999972,B06_CFV,cav,not_applicable,7124.5696295920625,3.5,29.77130689253887,0.796711134072509,lane_1,mainline,,normal,none,commit
BASIC-06,basic_01_06_900_bugcheck_20260605,124,12.399999999999972,B06_TLV_CFV,cav,not_applicable,7166.680764217467,3.5,29.846129571717576,0.6642754530187397,lane_1,mainline,,normal,none,commit
BASIC-06,basic_01_06_900_bugcheck_20260605,124,12.399999999999972,B06_TLV_CLV,cav,not_applicable,7208.863117050271,3.5,29.898701229051717,0.04220782122845179,lane_1,mainline,,normal,none,commit
BASIC-06,basic_01_06_900_bugcheck_20260605,125,12.499999999999972,B06_MV,cav,not_applicable,7164.333841289281,-3.5,20.000038218427967,3.8040643779131913,on_ramp,on_ramp_mv,,normal,not_started,commit
BASIC-06,basic_01_06_900_bugcheck_20260605,125,12.499999999999972,B06_CLV,cav,not_applicable,7218.140083377621,0.0,29.941631925990954,0.02432003083710299,lane_2,mainline,,normal,none,commit
BASIC-06,basic_01_06_900_bugcheck_20260605,125,12.499999999999972,B06_CFV,cav,not_applicable,7127.542369736049,3.5,29.727401439872075,-0.4390545266679471,lane_1,mainline,,normal,none,commit
BASIC-06,basic_01_06_900_bugcheck_20260605,125,12.499999999999972,B06_TLV_CFV,cav,not_applicable,7169.659903064709,3.5,29.791388472419108,-0.5474109929846674,lane_1,mainline,,normal,none,commit
BASIC-06,basic_01_06_900_bugcheck_20260605,125,12.499999999999972,B06_TLV_CLV,cav,not_applicable,7211.85339236826,3.5,29.902753179889647,0.04051950837931315,lane_1,mainline,,normal,none,commit
BASIC-06,basic_01_06_900_bugcheck_20260605,126,12.599999999999971,B06_MV,cav,not_applicable,7166.286035875391,-3.5,19.521945861098953,3.9999847126288133,on_ramp,on_ramp_mv,,normal,not_started,commit
BASIC-06,basic_01_06_900_bugcheck_20260605,126,12.599999999999971,B06_CLV,cav,not_applicable,7221.134480042516,0.0,29.943966648951317,0.023347229603618305,lane_2,mainline,,normal,none,commit
BASIC-06,basic_01_06_900_bugcheck_20260605,126,12.599999999999971,B06_CFV,cav,not_applicable,7130.518790343001,3.5,29.764206069508333,0.3680462963625888,lane_1,mainline,,normal,none,commit
BASIC-06,basic_01_06_900_bugcheck_20260605,126,12.599999999999971,B06_TLV_CFV,cav,not_applicable,7172.641835822009,3.5,29.81932757299309,0.2793910057398176,lane_1,mainline,,normal,none,commit
BASIC-06,basic_01_06_900_bugcheck_20260605,126,12.599999999999971,B06_TLV_CLV,cav,not_applicable,7214.844056673529,3.5,29.90664305269406,0.038898728044141254,lane_1,mainline,,normal,none,commit
BASIC-06,basic_01_06_900_bugcheck_20260605,127,12.69999999999997,B06_MV,cav,not_applicable,7168.191564085094,-3.5,19.05528209703774,4.0,on_ramp,on_ramp_mv,,normal,not_started,commit
BASIC-06,basic_01_06_900_bugcheck_20260605,127,12.69999999999997,B06_CLV,cav,not_applicable,7224.129100840815,0.0,29.946207982993265,0.022413340419473116,lane_2,mainline,,normal,none,commit
BASIC-06,basic_01_06_900_bugcheck_20260605,127,12.69999999999997,B06_CFV,cav,not_applicable,7133.492108815465,3.5,29.733184724645362,-0.3102134486297016,lane_1,mainline,,normal,none,commit
BASIC-06,basic_01_06_900_bugcheck_20260605,127,12.69999999999997,B06_TLV_CFV,cav,not_applicable,7175.633194227172,3.5,29.913584051626536,0.9425647863344858,lane_1,mainline,,normal,none,commit
BASIC-06,basic_01_06_900_bugcheck_20260605,127,12.69999999999997,B06_TLV_CLV,cav,not_applicable,7217.835094406588,3.5,29.9103773305863,0.03734277892237543,lane_1,mainline,,normal,none,commit
BASIC-06,basic_01_06_900_bugcheck_20260605,128,12.79999999999997,B06_MV,cav,not_applicable,7170.051541458155,-3.5,18.599773730611506,4.0,on_ramp,on_ramp_mv,,normal,not_started,commit
BASIC-06,basic_01_06_900_bugcheck_20260605,128,12.79999999999997,B06_CLV,cav,not_applicable,7227.123936807183,0.0,29.948359663673536,0.021516806802694077,lane_2,mainline,,normal,none,commit
BASIC-06,basic_01_06_900_bugcheck_20260605,128,12.79999999999997,B06_CFV,cav,not_applicable,7136.470161905168,3.5,29.780530897030204,0.473461723848426,lane_1,mainline,,normal,none,commit
BASIC-06,basic_01_06_900_bugcheck_20260605,128,12.79999999999997,B06_TLV_CFV,cav,not_applicable,7178.621355435132,3.5,29.881612079599357,-0.3197197202717843,lane_1,mainline,,normal,none,commit
BASIC-06,basic_01_06_900_bugcheck_20260605,128,12.79999999999997,B06_TLV_CLV,cav,not_applicable,7220.826490630324,3.5,29.91396223736285,0.03584906776547996,lane_1,mainline,,normal,none,commit
BASIC-06,basic_01_06_900_bugcheck_20260605,129,12.89999999999997,B06_MV,cav,not_applicable,7171.867056867836,-3.5,18.15515409681204,4.0,on_ramp,on_ramp_mv,,normal,not_started,commit
BASIC-06,basic_01_06_900_bugcheck_20260605,129,12.89999999999997,B06_CLV,cav,not_applicable,7230.118979334896,0.0,29.950425277126595,0.02065613453058575,lane_2,mainline,,normal,none,commit
BASIC-06,basic_01_06_900_bugcheck_20260605,129,12.89999999999997,B06_CFV,cav,not_applicable,7139.441179681703,3.5,29.710177765345076,-0.7035313168512878,lane_1,mainline,,normal,none,commit
BASIC-06,basic_01_06_900_bugcheck_20260605,129,12.89999999999997,B06_TLV_CFV,cav,not_applicable,7181.614173481744,3.5,29.928180466122576,0.46568386523217653,lane_1,mainline,,normal,none,commit
BASIC-06,basic_01_06_900_bugcheck_20260605,129,12.89999999999997,B06_TLV_CLV,cav,not_applicable,7223.818231005111,3.5,29.917403747868335,0.03441510505486036,lane_1,mainline,,normal,none,commit
BASIC-06,basic_01_06_900_bugcheck_20260605,130,12.99999999999997,B06_MV,cav,not_applicable,7173.639173158351,-3.5,17.721162905144354,4.0,on_ramp,on_ramp_mv,,normal,not_started,commit
BASIC-06,basic_01_06_900_bugcheck_20260605,130,12.99999999999997,B06_CLV,cav,not_applicable,7233.1142201615,0.0,29.95240826604153,0.019829889149362147,lane_2,mainline,,normal,none,commit
BASIC-06,basic_01_06_900_bugcheck_20260605,130,12.99999999999997,B06_CFV,cav,not_applicable,7142.41371402019,3.5,29.725343384875426,0.15165619530349184,lane_1,mainline,,normal,none,commit
BASIC-06,basic_01_06_900_bugcheck_20260605,130,12.99999999999997,B06_TLV_CFV,cav,not_applicable,7184.599892578162,3.5,29.857190964187026,-0.7098950193554918,lane_1,mainline,,normal,none,commit
BASIC-06,basic_01_06_900_bugcheck_20260605,130,12.99999999999997,B06_TLV_CLV,cav,not_applicable,7226.810301764906,3.5,29.9207075979536,0.03303850085266618,lane_1,mainline,,normal,none,commit
BASIC-06,basic_01_06_900_bugcheck_20260605,131,13.09999999999997,B06_MV,cav,not_applicable,7175.368927767076,-3.5,17.297546087246253,4.0,on_ramp,on_ramp_mv,,normal,not_started,commit
BASIC-06,basic_01_06_900_bugcheck_20260605,131,13.09999999999997,B06_CLV,cav,not_applicable,7236.10965135504,0.0,29.95431193539987,0.019036693583387887,lane_2,mainline,,normal,none,commit
BASIC-06,basic_01_06_900_bugcheck_20260605,131,13.09999999999997,B06_CFV,cav,not_applicable,7145.394761909367,3.5,29.810478891763893,0.8513550688846752,lane_1,mainline,,normal,none,commit
BASIC-06,basic_01_06_900_bugcheck_20260605,131,13.09999999999997,B06_TLV_CFV,cav,not_applicable,7187.587076169877,3.5,29.87183591714885,0.146449529618234,lane_1,mainline,,normal,none,commit
BASIC-06,basic_01_06_900_bugcheck_20260605,131,13.09999999999997,B06_TLV_CLV,cav,not_applicable,7229.80268969431,3.5,29.92387929403546,0.03171696081855942,lane_1,mainline,,normal,none,commit
BASIC-06,basic_01_06_900_bugcheck_20260605,132,13.199999999999969,B06_MV,cav,not_applicable,7177.057333331891,-3.5,16.884055648151083,4.0,on_ramp,on_ramp_mv,,normal,not_started,commit
BASIC-06,basic_01_06_900_bugcheck_20260605,132,13.199999999999969,B06_CLV,cav,not_applicable,7239.105265300838,0.0,29.956139457983873,0.018275225840052655,lane_2,mainline,,normal,none,commit
BASIC-06,basic_01_06_900_bugcheck_20260605,132,13.199999999999969,B06_CFV,cav,not_applicable,7148.371866340016,3.5,29.771044306490822,-0.3943458527307203,lane_1,mainline,,normal,none,commit
BASIC-06,basic_01_06_900_bugcheck_20260605,132,13.199999999999969,B06_TLV_CFV,cav,not_applicable,7190.582730712289,3.5,29.956545424117614,0.847095069687646,lane_1,mainline,,normal,none,commit
BASIC-06,basic_01_06_900_bugcheck_20260605,132,13.199999999999969,B06_TLV_CLV,cav,not_applicable,7232.7953821065375,3.5,29.92692412227404,0.030448282385816584,lane_1,mainline,,normal,none,commit
BASIC-06,basic_01_06_900_bugcheck_20260605,133,13.299999999999969,B06_MV,cav,not_applicable,7178.705378284001,-3.5,16.48044952110578,4.0,on_ramp,on_ramp_mv,,normal,not_started,commit
BASIC-06,basic_01_06_900_bugcheck_20260605,133,13.299999999999969,B06_CLV,cav,not_applicable,7242.101054688805,0.0,29.957893879664518,0.017544216806450665,lane_2,mainline,,normal,none,commit
BASIC-06,basic_01_06_900_bugcheck_20260605,133,13.299999999999969,B06_CFV,cav,not_applicable,7151.35301703187,3.5,29.811506918540125,0.4046261204930471,lane_1,mainline,,normal,none,commit
BASIC-06,basic_01_06_900_bugcheck_20260605,133,13.299999999999969,B06_TLV_CFV,cav,not_applicable,7193.574406941635,3.5,29.916762293455694,-0.39783130661919863,lane_1,mainline,,normal,none,commit
BASIC-06,basic_01_06_900_bugcheck_20260605,133,13.299999999999969,B06_TLV_CLV,cav,not_applicable,7235.788366822276,3.5,29.92984715738308,0.029230351090383522,lane_1,mainline,,normal,none,commit
BASIC-06,basic_01_06_900_bugcheck_20260605,134,13.399999999999968,B06_MV,cav,not_applicable,7180.314027426587,-3.5,16.086491425859467,4.0,on_ramp,on_ramp_mv,,normal,not_started,commit
BASIC-06,basic_01_06_900_bugcheck_20260605,134,13.399999999999968,B06_CLV,cav,not_applicable,7245.097012501253,0.0,29.959578124477936,0.01684244813419298,lane_2,mainline,,normal,none,commit
BASIC-06,basic_01_06_900_bugcheck_20260605,134,13.399999999999968,B06_CFV,cav,not_applicable,7154.334500462787,3.5,29.814834309171317,0.03327390631190752,lane_1,mainline,,normal,none,commit
BASIC-06,basic_01_06_900_bugcheck_20260605,134,13.399999999999968,B06_TLV_CFV,cav,not_applicable,7196.570100914835,3.5,29.956939732005033,0.40177438549338296,lane_1,mainline,,normal,none,commit
BASIC-06,basic_01_06_900_bugcheck_20260605,134,13.399999999999968,B06_TLV_CLV,cav,not_applicable,7238.781632149385,3.5,29.932653271087755,0.028061137046768183,lane_1,mainline,,normal,none,commit
BASIC-06,basic_01_06_900_bugcheck_20260605,135,13.499999999999968,B06_MV,cav,not_applicable,7181.884222499621,-3.5,15.701950730339506,4.0,on_ramp,on_ramp_mv,,normal,not_started,commit
BASIC-06,basic_01_06_900_bugcheck_20260605,135,13.499999999999968,B06_CLV,cav,not_applicable,7248.093132001202,0.0,29.96119499949882,0.016168750208825602,lane_2,mainline,,normal,none,commit
BASIC-06,basic_01_06_900_bugcheck_20260605,135,13.499999999999968,B06_CFV,cav,not_applicable,7157.323528862029,3.5,29.890283992415018,0.7544968324370153,lane_1,mainline,,normal,none,commit
BASIC-06,basic_01_06_900_bugcheck_20260605,135,13.499999999999968,B06_TLV_CFV,cav,not_applicable,7199.558173042099,3.5,29.88072127263631,-0.762184593687232,lane_1,mainline,,normal,none,commit
BASIC-06,basic_01_06_900_bugcheck_20260605,135,13.499999999999968,B06_TLV_CLV,cav,not_applicable,7241.775166863409,3.5,29.935347140244247,0.026938691564897966,lane_1,mainline,,normal,none,commit
BASIC-06,basic_01_06_900_bugcheck_20260605,136,13.599999999999968,B06_MV,cav,not_applicable,7183.416882731184,-3.5,15.326602315634378,4.0,on_ramp,on_ramp_mv,,normal,not_started,commit
BASIC-06,basic_01_06_900_bugcheck_20260605,136,13.599999999999968,B06_CLV,cav,not_applicable,7251.089406721154,0.0,29.962747199518866,0.01552200020047252,lane_2,mainline,,normal,none,commit
BASIC-06,basic_01_06_900_bugcheck_20260605,136,13.599999999999968,B06_CFV,cav,not_applicable,7160.307821326263,3.5,29.842924642341682,-0.47359350073335116,lane_1,mainline,,normal,none,commit
BASIC-06,basic_01_06_900_bugcheck_20260605,136,13.599999999999968,B06_TLV_CFV,cav,not_applicable,7202.547281840869,3.5,29.891087987698263,0.10366715061953746,lane_1,mainline,,normal,none,commit
BASIC-06,basic_01_06_900_bugcheck_20260605,136,13.599999999999968,B06_TLV_CLV,cav,not_applicable,7244.768960188872,3.5,29.937933254634476,0.025861143902301365,lane_1,mainline,,normal,none,commit
BASIC-06,basic_01_06_900_bugcheck_20260605,137,13.699999999999967,B06_MV,cav,not_applicable,7184.912905375604,-3.5,14.960226444203608,4.0,on_ramp,on_ramp_mv,,normal,not_started,commit
BASIC-06,basic_01_06_900_bugcheck_20260605,137,13.699999999999967,B06_CLV,cav,not_applicable,7254.085830452308,0.0,29.96423731153811,0.014901120192453732,lane_2,mainline,,normal,none,commit
BASIC-06,basic_01_06_900_bugcheck_20260605,137,13.699999999999967,B06_CFV,cav,not_applicable,7163.295511661855,3.5,29.876903355918046,0.33978713576362185,lane_1,mainline,,normal,none,commit
BASIC-06,basic_01_06_900_bugcheck_20260605,137,13.699999999999967,B06_TLV_CFV,cav,not_applicable,7205.544511552689,3.5,29.9722971182035,0.8120913050523488,lane_1,mainline,,normal,none,commit
BASIC-06,basic_01_06_900_bugcheck_20260605,137,13.699999999999967,B06_TLV_CLV,cav,not_applicable,7247.763001781317,3.5,29.9404159244491,0.024826698146209483,lane_1,mainline,,normal,none,commit
BASIC-06,basic_01_06_900_bugcheck_20260605,138,13.799999999999967,B06_MV,cav,not_applicable,7186.373166238728,-3.5,14.60260863123903,4.0,on_ramp,on_ramp_mv,,normal,not_started,commit
BASIC-06,basic_01_06_900_bugcheck_20260605,138,13.799999999999967,B06_CLV,cav,not_applicable,7257.082397234216,0.0,29.965667819076586,0.014305075384756095,lane_2,mainline,,normal,none,commit
BASIC-06,basic_01_06_900_bugcheck_20260605,138,13.799999999999967,B06_CFV,cav,not_applicable,7166.285571393478,3.5,29.90059731623173,0.2369396031368229,lane_1,mainline,,normal,none,commit
BASIC-06,basic_01_06_900_bugcheck_20260605,138,13.799999999999967,B06_TLV_CFV,cav,not_applicable,7208.537476557005,3.5,29.92965004316233,-0.42647075041171456,lane_1,mainline,,normal,none,commit
BASIC-06,basic_01_06_900_bugcheck_20260605,138,13.799999999999967,B06_TLV_CLV,cav,not_applicable,7250.7572817100645,3.5,29.942799287471136,0.023833630220360648,lane_1,mainline,,normal,none,commit
BASIC-06,basic_01_06_900_bugcheck_20260605,139,13.899999999999967,B06_MV,cav,not_applicable,7187.798520190638,-3.5,14.253539519099615,4.0,on_ramp,on_ramp_mv,,normal,not_started,commit
BASIC-06,basic_01_06_900_bugcheck_20260605,139,13.899999999999967,B06_CLV,cav,not_applicable,7260.079101344847,0.0,29.967041106313523,0.013732872369365623,lane_2,mainline,,normal,none,commit
BASIC-06,basic_01_06_900_bugcheck_20260605,139,13.899999999999967,B06_CFV,cav,not_applicable,7169.2810943252825,3.5,29.95522931804636,0.5463200181463304,lane_1,mainline,,normal,none,commit
BASIC-06,basic_01_06_900_bugcheck_20260605,139,13.899999999999967,B06_TLV_CFV,cav,not_applicable,7211.534224982454,3.5,29.96748425449228,0.3783421132995063,lane_1,mainline,,normal,none,commit
BASIC-06,basic_01_06_900_bugcheck_20260605,139,13.899999999999967,B06_TLV_CLV,cav,not_applicable,7253.751790441662,3.5,29.94508731597229,0.02288028501154571,lane_1,mainline,,normal,none,commit
BASIC-06,basic_01_06_900_bugcheck_20260605,140,13.999999999999966,B06_MV,cav,not_applicable,7189.1898016661125,-3.5,13.912814754749594,4.0,on_ramp,on_ramp_mv,,normal,not_started,commit
BASIC-06,basic_01_06_900_bugcheck_20260605,140,13.999999999999966,B06_CLV,cav,not_applicable,7263.075937291053,0.0,29.96835946206098,0.013183557474590657,lane_2,mainline,,normal,none,commit
BASIC-06,basic_01_06_900_bugcheck_20260605,140,13.999999999999966,B06_CFV,cav,not_applicable,7172.270178057236,3.5,29.89083731953106,-0.6439199851530024,lane_1,mainline,,normal,none,commit
BASIC-06,basic_01_06_900_bugcheck_20260605,140,13.999999999999966,B06_TLV_CFV,cav,not_applicable,7214.523159843376,3.5,29.889348609216785,-0.7813564527549494,lane_1,mainline,,normal,none,commit
BASIC-06,basic_01_06_900_bugcheck_20260605,140,13.999999999999966,B06_TLV_CLV,cav,not_applicable,7256.746518823995,3.5,29.9472838233334,0.0219650736110836,lane_1,mainline,,normal,none,commit
BASIC-06,basic_01_06_900_bugcheck_20260605,141,14.099999999999966,B06_MV,cav,not_applicable,7190.547825153125,-3.5,13.580234870124679,4.0,on_ramp,on_ramp_mv,,normal,not_started,commit
BASIC-06,basic_01_06_900_bugcheck_20260605,141,14.099999999999966,B06_CLV,cav,not_applicable,7266.072899799411,0.0,29.969625083578542,0.0126562151756076,lane_2,mainline,,normal,none,commit
BASIC-06,basic_01_06_900_bugcheck_20260605,141,14.099999999999966,B06_CFV,cav,not_applicable,7175.26126608022,3.5,29.91088022983672,0.20042910305663442,lane_1,mainline,,normal,none,commit
BASIC-06,basic_01_06_900_bugcheck_20260605,141,14.099999999999966,B06_TLV_CFV,cav,not_applicable,7217.512974515138,3.5,29.898146717627743,0.08798108410958694,lane_1,mainline,,normal,none,commit
BASIC-06,basic_01_06_900_bugcheck_20260605,141,14.099999999999966,B06_TLV_CLV,cav,not_applicable,7259.741458071035,3.5,29.949392470400063,0.021086470666639913,lane_1,mainline,,normal,none,commit
BASIC-06,basic_01_06_900_bugcheck_20260605,142,14.199999999999966,B06_MV,cav,not_applicable,7191.873385669661,-3.5,13.255605165359635,4.0,on_ramp,on_ramp_mv,,normal,not_started,commit
BASIC-06,basic_01_06_900_bugcheck_20260605,142,14.199999999999966,B06_CLV,cav,not_applicable,7269.069983807434,0.0,29.9708400802354,0.012149966568583182,lane_2,mainline,,normal,none,commit
BASIC-06,basic_01_06_900_bugcheck_20260605,142,14.199999999999966,B06_CFV,cav,not_applicable,7178.257157846902,3.5,29.958917666826842,0.4803743699012194,lane_1,mainline,,normal,none,commit
BASIC-06,basic_01_06_900_bugcheck_20260605,142,14.199999999999966,B06_TLV_CFV,cav,not_applicable,7220.510781759407,3.5,29.978072442691253,0.7992572506351165,lane_1,mainline,,normal,none,commit
BASIC-06,basic_01_06_900_bugcheck_20260605,142,14.199999999999966,B06_TLV_CLV,cav,not_applicable,7262.736599748193,3.5,29.95141677158406,0.020243011839974658,lane_1,mainline,,normal,none,commit
BASIC-06,basic_01_06_900_bugcheck_20260605,143,14.299999999999965,B06_MV,cav,not_applicable,7193.167259229142,-3.5,12.938735594806074,4.0,on_ramp,on_ramp_mv,,normal,not_started,commit
BASIC-06,basic_01_06_900_bugcheck_20260605,143,14.299999999999965,B06_CLV,cav,not_applicable,7272.067184455137,0.0,29.972006477025985,0.011663967905839456,lane_2,mainline,,normal,none,commit
BASIC-06,basic_01_06_900_bugcheck_20260605,143,14.299999999999965,B06_CFV,cav,not_applicable,7181.246070858429,3.5,29.889130115273307,-0.697875515535366,lane_1,mainline,,normal,none,commit
BASIC-06,basic_01_06_900_bugcheck_20260605,143,14.299999999999965,B06_TLV_CFV,cav,not_applicable,7223.504219290272,3.5,29.93437530865231,-0.43697134038945007,lane_1,mainline,,normal,none,commit
BASIC-06,basic_01_06_900_bugcheck_20260605,143,14.299999999999965,B06_TLV_CLV,cav,not_applicable,7265.731935758265,3.5,29.953360100720698,0.019433291366375727,lane_1,mainline,,normal,none,commit
BASIC-06,basic_01_06_900_bugcheck_20260605,144,14.399999999999965,B06_MV,cav,not_applicable,7194.430203294719,-3.5,12.62944065577553,4.0,on_ramp,on_ramp_mv,,normal,not_started,commit
BASIC-06,basic_01_06_900_bugcheck_20260605,144,14.399999999999965,B06_CLV,cav,not_applicable,7275.064497076932,0.0,29.973126217944944,0.011197409189605878,lane_2,mainline,,normal,none,commit
BASIC-06,basic_01_06_900_bugcheck_20260605,144,14.399999999999965,B06_CFV,cav,not_applicable,7184.2365467066475,3.5,29.90475848218405,0.15628366910742786,lane_1,mainline,,normal,none,commit
BASIC-06,basic_01_06_900_bugcheck_20260605,144,14.399999999999965,B06_TLV_CFV,cav,not_applicable,7226.501354328352,3.5,29.971350380802264,0.3697507214995409,lane_1,mainline,,normal,none,commit
BASIC-06,basic_01_06_900_bugcheck_20260605,144,14.399999999999965,B06_TLV_CLV,cav,not_applicable,7268.727458327934,3.5,29.95522569669187,0.018655959711720984,lane_1,mainline,,normal,none,commit
BASIC-06,basic_01_06_900_bugcheck_20260605,145,14.499999999999964,B06_MV,cav,not_applicable,7195.662957222713,-3.5,12.327539279942101,4.0,on_ramp,on_ramp_mv,,normal,not_started,commit
BASIC-06,basic_01_06_900_bugcheck_20260605,145,14.499999999999964,B06_CLV,cav,not_applicable,7278.061917193854,0.0,29.974201169227147,0.010749512822022212,lane_2,mainline,,normal,none,commit
BASIC-06,basic_01_06_900_bugcheck_20260605,145,14.499999999999964,B06_CFV,cav,not_applicable,7187.235573966704,3.5,29.990272600565568,0.8551411838151682,lane_1,mainline,,normal,none,commit
BASIC-06,basic_01_06_900_bugcheck_20260605,145,14.499999999999964,B06_TLV_CFV,cav,not_applicable,7229.490605508699,3.5,29.89251180347041,-0.7883857733185573,lane_1,mainline,,normal,none,commit
BASIC-06,basic_01_06_900_bugcheck_20260605,145,14.499999999999964,B06_TLV_CLV,cav,not_applicable,7271.723159994816,3.5,29.957016668824195,0.01790972132325237,lane_1,mainline,,normal,none,commit
BASIC-06,basic_01_06_900_bugcheck_20260605,146,14.599999999999964,B06_MV,cav,not_applicable,7196.866242695447,-3.5,12.032854727340531,4.0,on_ramp,on_ramp_mv,,normal,not_started,commit
BASIC-06,basic_01_06_900_bugcheck_20260605,146,14.599999999999964,B06_CLV,cav,not_applicable,7281.0594405061,0.0,29.97523312245806,0.010319532309141267,lane_2,mainline,,normal,none,commit
BASIC-06,basic_01_06_900_bugcheck_20260605,146,14.599999999999964,B06_CFV,cav,not_applicable,7190.230688745537,3.5,29.951147788332264,-0.3912481223330442,lane_1,mainline,,normal,none,commit
BASIC-06,basic_01_06_900_bugcheck_20260605,146,14.599999999999964,B06_TLV_CFV,cav,not_applicable,7232.480678987265,3.5,29.900734785653437,0.08222982183027139,lane_1,mainline,,normal,none,commit
BASIC-06,basic_01_06_900_bugcheck_20260605,146,14.599999999999964,B06_TLV_CLV,cav,not_applicable,7274.719033595024,3.5,29.958736002071227,0.017193332470321822,lane_1,mainline,,normal,none,commit
BASIC-06,basic_01_06_900_bugcheck_20260605,147,14.699999999999964,B06_MV,cav,not_applicable,7198.040764143737,-3.5,11.745214482898898,4.0,on_ramp,on_ramp_mv,,normal,not_started,commit
BASIC-06,basic_01_06_900_bugcheck_20260605,147,14.699999999999964,B06_CLV,cav,not_applicable,7284.057062885856,0.0,29.97622379755974,0.009906751016775673,lane_2,mainline,,normal,none,commit
BASIC-06,basic_01_06_900_bugcheck_20260605,147,14.699999999999964,B06_CFV,cav,not_applicable,7193.229875130642,3.5,29.991863851050468,0.4071606271820548,lane_1,mainline,,normal,none,commit
BASIC-06,basic_01_06_900_bugcheck_20260605,147,14.699999999999964,B06_TLV_CFV,cav,not_applicable,7235.478697982554,3.5,29.980189952894097,0.7945516724065858,lane_1,mainline,,normal,none,commit
BASIC-06,basic_01_06_900_bugcheck_20260605,147,14.699999999999964,B06_TLV_CLV,cav,not_applicable,7277.715072251222,3.5,29.96038656198838,0.01650559917150929,lane_1,mainline,,normal,none,commit
BASIC-06,basic_01_06_900_bugcheck_20260605,148,14.799999999999963,B06_MV,cav,not_applicable,7199.187209159281,-3.5,11.46445015544432,4.0,on_ramp,on_ramp_mv,,normal,not_started,commit
BASIC-06,basic_01_06_900_bugcheck_20260605,148,14.799999999999963,B06_CLV,cav,not_applicable,7287.054780370421,0.0,29.977174845657352,0.009510480976103963,lane_2,mainline,,normal,none,commit
BASIC-06,basic_01_06_900_bugcheck_20260605,148,14.799999999999963,B06_CFV,cav,not_applicable,7196.22148373906,3.5,29.916086084183544,-0.7577776686692278,lane_1,mainline,,normal,none,commit
BASIC-06,basic_01_06_900_bugcheck_20260605,148,14.799999999999963,B06_TLV_CFV,cav,not_applicable,7238.472308764254,3.5,29.936107817000092,-0.44082135894006613,lane_1,mainline,,normal,none,commit
BASIC-06,basic_01_06_900_bugcheck_20260605,148,14.799999999999963,B06_TLV_CLV,cav,not_applicable,7280.711269361173,3.5,29.961971099508844,0.01584537520464835,lane_1,mainline,,normal,none,commit
BASIC-06,basic_01_06_900_bugcheck_20260605,149,14.899999999999963,B06_MV,cav,not_applicable,7200.306248897194,-3.5,11.190397379122803,4.0,on_ramp,on_ramp_mv,,normal,not_started,commit
BASIC-06,basic_01_06_900_bugcheck_20260605,149,14.899999999999963,B06_CLV,cav,not_applicable,7290.052589155604,0.0,29.97808785183106,0.009130061737059237,lane_2,mainline,,normal,none,commit
BASIC-06,basic_01_06_900_bugcheck_20260605,149,14.899999999999963,B06_CFV,cav,not_applicable,7199.214165075644,3.5,29.92681336583788,0.10727281654335918,lane_1,mainline,,normal,none,commit
BASIC-06,basic_01_06_900_bugcheck_20260605,149,14.899999999999963,B06_TLV_CFV,cav,not_applicable,7241.469585553017,3.5,29.97276788763227,0.3666007063217641,lane_1,mainline,,normal,none,commit
BASIC-06,basic_01_06_900_bugcheck_20260605,149,14.899999999999963,B06_TLV_CLV,cav,not_applicable,7283.707618586726,3.5,29.96349225552849,0.015211560196462415,lane_1,mainline,,normal,none,commit
BASIC-06,basic_01_06_900_bugcheck_20260605,150,14.999999999999963,B06_MV,cav,not_applicable,7201.398538468911,-3.5,10.92289571717583,4.0,on_ramp,on_ramp_mv,,normal,not_started,commit
BASIC-06,basic_01_06_900_bugcheck_20260605,150,14.999999999999963,B06_CLV,cav,not_applicable,7293.0504855893805,0.0,29.978964337757816,0.008764859267576242,lane_2,mainline,,normal,none,commit
BASIC-06,basic_01_06_900_bugcheck_20260605,150,14.999999999999963,B06_CFV,cav,not_applicable,7202.214996826181,3.5,30.008317505373245,0.8150413953536575,lane_1,mainline,,normal,none,commit
BASIC-06,basic_01_06_900_bugcheck_20260605,150,14.999999999999963,B06_TLV_CFV,cav,not_applicable,7244.458952711196,3.5,29.893671581785867,-0.790963058464011,lane_1,mainline,,normal,none,commit
BASIC-06,basic_01_06_900_bugcheck_20260605,150,14.999999999999963,B06_TLV_CLV,cav,not_applicable,7286.704113843257,3.5,29.96495256530735,0.014603097788604203,lane_1,mainline,,normal,none,commit
BASIC-06,basic_01_06_900_bugcheck_20260605,151,15.099999999999962,B06_MV,cav,not_applicable,7202.464717325713,-3.5,10.661788568016926,4.0,on_ramp,on_ramp_mv,,normal,not_started,commit
BASIC-06,basic_01_06_900_bugcheck_20260605,151,15.099999999999962,B06_CLV,cav,not_applicable,7296.048466165806,0.0,29.9798057642475,0.008414264896873648,lane_2,mainline,,normal,none,commit
BASIC-06,basic_01_06_900_bugcheck_20260605,151,15.099999999999962,B06_CFV,cav,not_applicable,7205.211588006317,3.5,29.965911801356725,-0.4240570401651893,lane_1,mainline,,normal,none,commit
BASIC-06,basic_01_06_900_bugcheck_20260605,151,15.099999999999962,B06_TLV_CFV,cav,not_applicable,7247.449121080715,3.5,29.901683695184268,0.08012113398399101,lane_1,mainline,,normal,none,commit
BASIC-06,basic_01_06_900_bugcheck_20260605,151,15.099999999999962,B06_TLV_CLV,cav,not_applicable,7289.700749289526,3.5,29.966354462695055,0.014018973877060149,lane_1,mainline,,normal,none,commit
BASIC-06,basic_01_06_900_bugcheck_20260605,152,15.199999999999962,B06_MV,cav,not_applicable,7203.505409633068,-3.5,10.406923073553644,4.0,on_ramp,on_ramp_mv,,normal,not_started,commit
BASIC-06,basic_01_06_900_bugcheck_20260605,152,15.199999999999962,B06_CLV,cav,not_applicable,7299.046527519174,0.0,29.9806135336776,0.008077694300999383,lane_2,mainline,,normal,none,commit
BASIC-06,basic_01_06_900_bugcheck_20260605,152,15.199999999999962,B06_CFV,cav,not_applicable,7208.211982356123,3.5,30.003943498070484,0.38031696713757246,lane_1,mainline,,normal,none,commit
BASIC-06,basic_01_06_900_bugcheck_20260605,152,15.199999999999962,B06_TLV_CFV,cav,not_applicable,7250.447217714057,3.5,29.98096633341932,0.7928263823505382,lane_1,mainline,,normal,none,commit
BASIC-06,basic_01_06_900_bugcheck_20260605,152,15.199999999999962,B06_TLV_CLV,cav,not_applicable,7292.697519317945,3.5,29.967700284187252,0.013458214921978141,lane_1,mainline,,normal,none,commit
BASIC-06,basic_01_06_900_bugcheck_20260605,153,15.299999999999962,B06_MV,cav,not_applicable,7204.521224636038,-3.5,10.15815002970063,4.0,on_ramp,on_ramp_mv,,normal,not_started,commit
BASIC-06,basic_01_06_900_bugcheck_20260605,153,15.299999999999962,B06_CLV,cav,not_applicable,7302.044666418406,0.0,29.981388992330498,0.007754586528959351,lane_2,mainline,,normal,none,commit
BASIC-06,basic_01_06_900_bugcheck_20260605,153,15.299999999999962,B06_CFV,cav,not_applicable,7211.204579299298,3.5,29.925969431745376,-0.779740663251077,lane_1,mainline,,normal,none,commit
BASIC-06,basic_01_06_900_bugcheck_20260605,153,15.299999999999962,B06_TLV_CFV,cav,not_applicable,7253.4408920178,3.5,29.93674303742982,-0.4422329598950142,lane_1,mainline,,normal,none,commit
BASIC-06,basic_01_06_900_bugcheck_20260605,153,15.299999999999962,B06_TLV_CLV,cav,not_applicable,7295.694418545227,3.5,29.96899227281976,0.012919886325099128,lane_1,mainline,,normal,none,commit
BASIC-06,basic_01_06_900_bugcheck_20260605,154,15.399999999999961,B06_MV,cav,not_applicable,7205.512757015941,-3.5,9.915323799032423,4.0,on_ramp,on_ramp_mv,,normal,not_started,commit
BASIC-06,basic_01_06_900_bugcheck_20260605,154,15.399999999999961,B06_CLV,cav,not_applicable,7305.0428797616705,0.0,29.982133432637276,0.00744440306780092,lane_2,mainline,,normal,none,commit
BASIC-06,basic_01_06_900_bugcheck_20260605,154,15.399999999999961,B06_CFV,cav,not_applicable,7214.19806927341,3.5,29.934899741115743,0.0893030937036643,lane_1,mainline,,normal,none,commit
BASIC-06,basic_01_06_900_bugcheck_20260605,154,15.399999999999961,B06_TLV_CFV,cav,not_applicable,7256.438220779144,3.5,29.973287613438412,0.3654457600858975,lane_1,mainline,,normal,none,commit
BASIC-06,basic_01_06_900_bugcheck_20260605,154,15.399999999999961,B06_TLV_CLV,cav,not_applicable,7298.691441803418,3.5,29.97023258190697,0.012403090872095391,lane_1,mainline,,normal,none,commit
BASIC-06,basic_01_06_900_bugcheck_20260605,155,15.499999999999961,B06_MV,cav,not_applicable,7206.480587238493,-3.5,9.678302225524074,4.0,on_ramp,on_ramp_mv,,normal,not_started,commit
BASIC-06,basic_01_06_900_bugcheck_20260605,155,15.499999999999961,B06_CLV,cav,not_applicable,7308.041164571204,0.0,29.982848095331786,0.007146626945089452,lane_2,mainline,,normal,none,commit
BASIC-06,basic_01_06_900_bugcheck_20260605,155,15.499999999999961,B06_CFV,cav,not_applicable,7217.19956263647,3.5,30.014933630600588,0.8003388948484527,lane_1,mainline,,normal,none,commit
BASIC-06,basic_01_06_900_bugcheck_20260605,155,15.499999999999961,B06_TLV_CFV,cav,not_applicable,7259.427630460344,3.5,29.894096811990895,-0.7919080144751747,lane_1,mainline,,normal,none,commit
BASIC-06,basic_01_06_900_bugcheck_20260605,155,15.499999999999961,B06_TLV_CLV,cav,not_applicable,7301.688584131281,3.5,29.97142327863069,0.01190696723721203,lane_1,mainline,,normal,none,commit
BASIC-06,basic_01_06_900_bugcheck_20260605,156,15.59999999999996,B06_MV,cav,not_applicable,7207.425281893627,-3.5,9.44694655132954,4.0,on_ramp,on_ramp_mv,,normal,not_started,commit
BASIC-06,basic_01_06_900_bugcheck_20260605,156,15.59999999999996,B06_CLV,cav,not_applicable,7311.039517988355,0.0,29.983534171518514,0.006860761867285703,lane_2,mainline,,normal,none,commit
BASIC-06,basic_01_06_900_bugcheck_20260605,156,15.59999999999996,B06_CFV,cav,not_applicable,7220.196695135942,3.5,29.97132499472455,-0.43608635876035684,lane_1,mainline,,normal,none,commit
BASIC-06,basic_01_06_900_bugcheck_20260605,156,15.59999999999996,B06_TLV_CFV,cav,not_applicable,7262.4178336214245,3.5,29.902031610806564,0.07934798815667532,lane_1,mainline,,normal,none,commit
BASIC-06,basic_01_06_900_bugcheck_20260605,156,15.59999999999996,B06_TLV_CLV,cav,not_applicable,7304.685840766029,3.5,29.972566347485465,0.011430688547723378,lane_1,mainline,,normal,none,commit
BASIC-06,basic_01_06_900_bugcheck_20260605,157,15.69999999999996,B06_MV,cav,not_applicable,7208.3473940271815,-3.5,9.221121335549396,4.0,on_ramp,on_ramp_mv,,normal,not_started,commit
BASIC-06,basic_01_06_900_bugcheck_20260605,157,15.69999999999996,B06_CLV,cav,not_applicable,7314.037937268821,0.0,29.984192804657773,0.006586331392594503,lane_2,mainline,,normal,none,commit
BASIC-06,basic_01_06_900_bugcheck_20260605,157,15.69999999999996,B06_CFV,cav,not_applicable,7223.197532383388,3.5,30.00837247446234,0.3704747973778899,lane_1,mainline,,normal,none,commit
BASIC-06,basic_01_06_900_bugcheck_20260605,157,15.69999999999996,B06_TLV_CFV,cav,not_applicable,7265.41595872059,3.5,29.981250991655745,0.7921938084918253,lane_1,mainline,,normal,none,commit
BASIC-06,basic_01_06_900_bugcheck_20260605,157,15.69999999999996,B06_TLV_CLV,cav,not_applicable,7307.683207135388,3.5,29.973663693586047,0.010973461005814046,lane_1,mainline,,normal,none,commit
BASIC-06,basic_01_06_900_bugcheck_20260605,158,15.79999999999996,B06_MV,cav,not_applicable,7209.247463464676,-3.5,9.000694374941547,4.0,on_ramp,on_ramp_mv,,normal,not_started,commit
BASIC-06,basic_01_06_900_bugcheck_20260605,158,15.79999999999996,B06_CLV,cav,not_applicable,7317.036419778068,0.0,29.984825092471464,0.006322878136890609,lane_2,mainline,,normal,none,commit
BASIC-06,basic_01_06_900_bugcheck_20260605,158,15.79999999999996,B06_CFV,cav,not_applicable,7226.190491697358,3.5,29.92959313970235,-0.7877933475999082,lane_1,mainline,,normal,none,commit
BASIC-06,basic_01_06_900_bugcheck_20260605,158,15.79999999999996,B06_TLV_CFV,cav,not_applicable,7268.409656314553,3.5,29.93697593962326,-0.44275052032487017,lane_1,mainline,,normal,none,commit
BASIC-06,basic_01_06_900_bugcheck_20260605,158,15.79999999999996,B06_TLV_CLV,cav,not_applicable,7310.6806788499725,3.5,29.974717145842604,0.01053452256558103,lane_1,mainline,,normal,none,commit
BASIC-06,basic_01_06_900_bugcheck_20260605,159,15.89999999999996,B06_MV,cav,not_applicable,7210.126017127329,-3.5,8.78553662652536,4.0,on_ramp,on_ramp_mv,,normal,not_started,commit
BASIC-06,basic_01_06_900_bugcheck_20260605,159,15.89999999999996,B06_CLV,cav,not_applicable,7320.034962986945,0.0,29.985432088772605,0.006069963011414359,lane_2,mainline,,normal,none,commit
BASIC-06,basic_01_06_900_bugcheck_20260605,159,15.89999999999996,B06_CFV,cav,not_applicable,7229.184278156667,3.5,29.93786459308054,0.08271453378189342,lane_1,mainline,,normal,none,commit
BASIC-06,basic_01_06_900_bugcheck_20260605,159,15.89999999999996,B06_TLV_CFV,cav,not_applicable,7271.407004131531,3.5,29.9734781697785,0.365022301552379,lane_1,mainline,,normal,none,commit
BASIC-06,basic_01_06_900_bugcheck_20260605,159,15.89999999999996,B06_TLV_CLV,cav,not_applicable,7313.678251695974,3.5,29.9757284600089,0.01011314166295847,lane_1,mainline,,normal,none,commit
BASIC-06,basic_01_06_900_bugcheck_20260605,160,15.99999999999996,B06_MV,cav,not_applicable,7210.983569340533,-3.5,8.575522132037719,4.0,on_ramp,on_ramp_mv,,normal,not_started,commit
BASIC-06,basic_01_06_900_bugcheck_20260605,160,15.99999999999996,B06_CLV,cav,not_applicable,7323.033564467467,0.0,29.9860148052217,0.005827164490958126,lane_2,mainline,,normal,none,commit
BASIC-06,basic_01_06_900_bugcheck_20260605,160,15.99999999999996,B06_CFV,cav,not_applicable,7232.186014098524,3.5,30.017359418571786,0.7949482549124582,lane_1,mainline,,normal,none,commit
BASIC-06,basic_01_06_900_bugcheck_20260605,160,15.99999999999996,B06_TLV_CFV,cav,not_applicable,7274.396429403703,3.5,29.894252721723692,-0.7922544805480535,lane_1,mainline,,normal,none,commit
BASIC-06,basic_01_06_900_bugcheck_20260605,160,15.99999999999996,B06_TLV_CLV,cav,not_applicable,7316.675921628134,3.5,29.976699321608542,0.00970861599644053,lane_1,mainline,,normal,none,commit
BASIC-06,basic_01_06_900_bugcheck_20260605,161,16.09999999999996,B06_MV,cav,not_applicable,7211.820622134953,-3.5,8.370527944193796,4.0,on_ramp,on_ramp_mv,,normal,not_started,commit
BASIC-06,basic_01_06_900_bugcheck_20260605,161,16.09999999999996,B06_CLV,cav,not_applicable,7326.032221888769,0.0,29.986574213012833,0.005594077911320028,lane_2,mainline,,normal,none,commit
BASIC-06,basic_01_06_900_bugcheck_20260605,161,16.09999999999996,B06_CFV,cav,not_applicable,7235.183345071558,3.5,29.973309730337352,-0.44049688234435236,lane_1,mainline,,normal,none,commit
BASIC-06,basic_01_06_900_bugcheck_20260605,161,16.09999999999996,B06_TLV_CFV,cav,not_applicable,7277.386645321035,3.5,29.902159173315216,0.079064515915229,lane_1,mainline,,normal,none,commit
BASIC-06,basic_01_06_900_bugcheck_20260605,161,16.09999999999996,B06_TLV_CLV,cav,not_applicable,7319.673684763009,3.5,29.9776313487442,0.009320271356583022,lane_1,mainline,,normal,none,commit
BASIC-06,basic_01_06_900_bugcheck_20260605,162,16.19999999999996,B06_MV,cav,not_applicable,7212.637665540424,-3.5,8.170434054711018,4.0,on_ramp,on_ramp_mv,,normal,not_started,commit
BASIC-06,basic_01_06_900_bugcheck_20260605,162,16.19999999999996,B06_CLV,cav,not_applicable,7329.030933013218,0.0,29.98711124449232,0.005370314794866715,lane_2,mainline,,normal,none,commit
BASIC-06,basic_01_06_900_bugcheck_20260605,162,16.19999999999996,B06_CFV,cav,not_applicable,7238.184344706463,3.5,30.00999634905463,0.36686618717280267,lane_1,mainline,,normal,none,commit
BASIC-06,basic_01_06_900_bugcheck_20260605,162,16.19999999999996,B06_TLV_CFV,cav,not_applicable,7280.384780857133,3.5,29.981355360981006,0.7919618766579146,lane_1,mainline,,normal,none,commit
BASIC-06,basic_01_06_900_bugcheck_20260605,162,16.19999999999996,B06_TLV_CLV,cav,not_applicable,7322.671537372488,3.5,29.978526094794432,0.00894746050231987,lane_1,mainline,,normal,none,commit
BASIC-06,basic_01_06_900_bugcheck_20260605,163,16.29999999999996,B06_MV,cav,not_applicable,7213.435177872829,-3.5,7.975123324053644,4.0,on_ramp,on_ramp_mv,,normal,not_started,commit
BASIC-06,basic_01_06_900_bugcheck_20260605,163,16.29999999999996,B06_CLV,cav,not_applicable,7332.029695692689,0.0,29.987626794712625,0.005155502203072615,lane_2,mainline,,normal,none,commit
BASIC-06,basic_01_06_900_bugcheck_20260605,163,16.29999999999996,B06_CFV,cav,not_applicable,7241.1774368829,3.5,29.93092176436877,-0.7907458468586159,lane_1,mainline,,normal,none,commit
BASIC-06,basic_01_06_900_bugcheck_20260605,163,16.29999999999996,B06_TLV_CFV,cav,not_applicable,7283.378486990404,3.5,29.93706133270756,-0.4429402827344334,lane_1,mainline,,normal,none,commit
BASIC-06,basic_01_06_900_bugcheck_20260605,163,16.29999999999996,B06_TLV_CLV,cav,not_applicable,7325.669475877588,3.5,29.979385051002655,0.008589562082227076,lane_1,mainline,,normal,none,commit
BASIC-06,basic_01_06_900_bugcheck_20260605,164,16.399999999999963,B06_MV,cav,not_applicable,7214.213626014114,-3.5,7.784481412856166,4.0,on_ramp,on_ramp_mv,,normal,not_started,commit
BASIC-06,basic_01_06_900_bugcheck_20260605,164,16.399999999999963,B06_CLV,cav,not_applicable,7335.028507864981,0.0,29.98812172292412,0.004949282114949938,lane_2,mainline,,normal,none,commit
BASIC-06,basic_01_06_900_bugcheck_20260605,164,16.399999999999963,B06_CFV,cav,not_applicable,7244.171332047863,3.5,29.938951649625793,0.0802988525702234,lane_1,mainline,,normal,none,commit
BASIC-06,basic_01_06_900_bugcheck_20260605,164,16.399999999999963,B06_TLV_CFV,cav,not_applicable,7286.375841794089,3.5,29.973548036847472,0.3648670413991,lane_1,mainline,,normal,none,commit
BASIC-06,basic_01_06_900_bugcheck_20260605,164,16.399999999999963,B06_TLV_CLV,cav,not_applicable,7328.667496842485,3.5,29.98020964896255,0.008245979598937936,lane_1,mainline,,normal,none,commit
BASIC-06,basic_01_06_900_bugcheck_20260605,165,16.499999999999964,B06_MV,cav,not_applicable,7214.973465685613,-3.5,7.598396714986648,4.0,on_ramp,on_ramp_mv,,normal,not_started,commit
BASIC-06,basic_01_06_900_bugcheck_20260605,165,16.499999999999964,B06_CLV,cav,not_applicable,7338.027367550382,0.0,29.988596854007156,0.004751310830351941,lane_2,mainline,,normal,none,commit
BASIC-06,basic_01_06_900_bugcheck_20260605,165,16.499999999999964,B06_CFV,cav,not_applicable,7247.17315693071,3.5,30.018248828472448,0.7929717884665465,lane_1,mainline,,normal,none,commit
BASIC-06,basic_01_06_900_bugcheck_20260605,165,16.499999999999964,B06_TLV_CFV,cav,not_applicable,7289.3652727826575,3.5,29.894309885689218,-0.7923815115825545,lane_1,mainline,,normal,none,commit
BASIC-06,basic_01_06_900_bugcheck_20260605,165,16.499999999999964,B06_TLV_CLV,cav,not_applicable,7331.665596968785,3.5,29.981001263004046,0.007916140414980078,lane_1,mainline,,normal,none,commit
BASIC-06,basic_01_06_900_bugcheck_20260605,166,16.599999999999966,B06_MV,cav,not_applicable,7215.715141714833,-3.5,7.416760292210218,4.0,on_ramp,on_ramp_mv,,normal,not_started,commit
BASIC-06,basic_01_06_900_bugcheck_20260605,166,16.599999999999966,B06_CLV,cav,not_applicable,7341.026272848367,0.0,29.98905297984687,0.004561258397137636,lane_2,mainline,,normal,none,commit
BASIC-06,basic_01_06_900_bugcheck_20260605,166,16.599999999999966,B06_CFV,cav,not_applicable,7250.170560673645,3.5,29.974037429346982,-0.4421139912546438,lane_1,mainline,,normal,none,commit
BASIC-06,basic_01_06_900_bugcheck_20260605,166,16.599999999999966,B06_TLV_CFV,cav,not_applicable,7292.355493377041,3.5,29.902205943832463,0.07896058143245543,lane_1,mainline,,normal,none,commit
BASIC-06,basic_01_06_900_bugcheck_20260605,166,16.599999999999966,B06_TLV_CLV,cav,not_applicable,7334.663773090034,3.5,29.981761212483885,0.007599494798381557,lane_1,mainline,,normal,none,commit
BASIC-06,basic_01_06_900_bugcheck_20260605,167,16.699999999999967,B06_MV,cav,not_applicable,7216.439088295875,-3.5,7.239465810413772,4.0,on_ramp,on_ramp_mv,,normal,not_started,commit
BASIC-06,basic_01_06_900_bugcheck_20260605,167,16.699999999999967,B06_CLV,cav,not_applicable,7344.025221934432,0.0,29.989490860652996,0.004378808061251504,lane_2,mainline,,normal,none,commit
BASIC-06,basic_01_06_900_bugcheck_20260605,167,16.699999999999967,B06_CFV,cav,not_applicable,7253.171619847561,3.5,30.01059173915342,0.3655430980643824,lane_1,mainline,,normal,none,commit
BASIC-06,basic_01_06_900_bugcheck_20260605,167,16.699999999999967,B06_TLV_CFV,cav,not_applicable,7295.353632739818,3.5,29.981393627767847,0.7918768393538271,lane_1,mainline,,normal,none,commit
BASIC-06,basic_01_06_900_bugcheck_20260605,167,16.699999999999967,B06_TLV_CLV,cav,not_applicable,7337.6620221664325,3.5,29.98249076398453,0.007295515006445897,lane_1,mainline,,normal,none,commit
BASIC-06,basic_01_06_900_bugcheck_20260605,168,16.79999999999997,B06_MV,cav,not_applicable,7217.145729243611,-3.5,7.066409477355606,4.0,on_ramp,on_ramp_mv,,normal,not_started,commit
BASIC-06,basic_01_06_900_bugcheck_20260605,168,16.79999999999997,B06_CLV,cav,not_applicable,7347.024213057055,0.0,29.989911226226877,0.004203655738801615,lane_2,mainline,,normal,none,commit
BASIC-06,basic_01_06_900_bugcheck_20260605,168,16.79999999999997,B06_CFV,cav,not_applicable,7256.164760737733,3.5,29.931408901722325,-0.7918283743109598,lane_1,mainline,,normal,none,commit
BASIC-06,basic_01_06_900_bugcheck_20260605,168,16.79999999999997,B06_TLV_CFV,cav,not_applicable,7298.347342004007,3.5,29.937092641896797,-0.443009858710505,lane_1,mainline,,normal,none,commit
BASIC-06,basic_01_06_900_bugcheck_20260605,168,16.79999999999997,B06_TLV_CLV,cav,not_applicable,7340.660341279775,3.5,29.983191133425148,0.007003694406188288,lane_1,mainline,,normal,none,commit
BASIC-06,basic_01_06_900_bugcheck_20260605,169,16.89999999999997,B06_MV,cav,not_applicable,7217.835478241801,-3.5,6.897489981903442,4.0,on_ramp,on_ramp_mv,,normal,not_started,commit
BASIC-06,basic_01_06_900_bugcheck_20260605,169,16.89999999999997,B06_CLV,cav,not_applicable,7350.023244534773,0.0,29.9903147771778,0.00403550950924938,lane_2,mainline,,normal,none,commit
BASIC-06,basic_01_06_900_bugcheck_20260605,169,16.89999999999997,B06_CFV,cav,not_applicable,7259.158695759388,3.5,29.93935021655143,0.07941314829103296,lane_1,mainline,,normal,none,commit
BASIC-06,basic_01_06_900_bugcheck_20260605,169,16.89999999999997,B06_TLV_CFV,cav,not_applicable,7301.344699369353,3.5,29.973573653456846,0.3648101156004959,lane_1,mainline,,normal,none,commit
BASIC-06,basic_01_06_900_bugcheck_20260605,169,16.89999999999997,B06_TLV_CLV,cav,not_applicable,7343.658727628584,3.5,29.983863488088144,0.0067235466299408134,lane_1,mainline,,normal,none,commit
BASIC-06,basic_01_06_900_bugcheck_20260605,170,16.99999999999997,B06_MV,cav,not_applicable,7218.508739085273,-3.5,6.732608434724104,4.0,on_ramp,on_ramp_mv,,normal,not_started,commit
BASIC-06,basic_01_06_900_bugcheck_20260605,170,16.99999999999997,B06_CLV,cav,not_applicable,7353.022314753382,0.0,29.99070218609069,0.003874089128879632,lane_2,mainline,,normal,none,commit
BASIC-06,basic_01_06_900_bugcheck_20260605,170,16.99999999999997,B06_CFV,cav,not_applicable,7262.160553252256,3.5,30.01857492868433,0.792247121329027,lane_1,mainline,,normal,none,commit
BASIC-06,basic_01_06_900_bugcheck_20260605,170,16.99999999999997,B06_TLV_CFV,cav,not_applicable,7304.334132453827,3.5,29.89433084473325,-0.7924280872359578,lane_1,mainline,,normal,none,commit
BASIC-06,basic_01_06_900_bugcheck_20260605,170,16.99999999999997,B06_TLV_CLV,cav,not_applicable,7346.65717852344,3.5,29.984508948564617,0.006454604764742556,lane_1,mainline,,normal,none,commit
BASIC-06,basic_01_06_900_bugcheck_20260605,171,17.099999999999973,B06_MV,cav,not_applicable,7219.165905916312,-3.5,6.57166831039158,4.0,on_ramp,on_ramp_mv,,normal,not_started,commit
BASIC-06,basic_01_06_900_bugcheck_20260605,171,17.099999999999973,B06_CLV,cav,not_applicable,7356.021422163246,0.0,29.99107409864706,0.0037191255637239354,lane_2,mainline,,normal,none,commit
BASIC-06,basic_01_06_900_bugcheck_20260605,171,17.099999999999973,B06_CFV,cav,not_applicable,7265.1579836761175,3.5,29.97430423861125,-0.4427069007307961,lane_1,mainline,,normal,none,commit
BASIC-06,basic_01_06_900_bugcheck_20260605,171,17.099999999999973,B06_TLV_CFV,cav,not_applicable,7307.324354763041,3.5,29.902223092141217,0.0789224740796709,lane_1,mainline,,normal,none,commit
BASIC-06,basic_01_06_900_bugcheck_20260605,171,17.099999999999973,B06_TLV_CLV,cav,not_applicable,7349.6556913825025,3.5,29.985128590622033,0.006196420574153195,lane_1,mainline,,normal,none,commit
BASIC-06,basic_01_06_900_bugcheck_20260605,172,17.199999999999974,B06_MV,cav,not_applicable,7219.8073634554,-3.5,6.414575390878912,4.0,on_ramp,on_ramp_mv,,normal,not_started,commit
BASIC-06,basic_01_06_900_bugcheck_20260605,172,17.199999999999974,B06_CLV,cav,not_applicable,7359.020565276716,0.0,29.99143113470118,0.0035703605411754324,lane_2,mainline,,normal,none,commit
BASIC-06,basic_01_06_900_bugcheck_20260605,172,17.199999999999974,B06_CFV,cav,not_applicable,7268.159064679881,3.5,30.010810037642365,0.36505799031116687,lane_1,mainline,,normal,none,commit
BASIC-06,basic_01_06_900_bugcheck_20260605,172,17.199999999999974,B06_TLV_CFV,cav,not_applicable,7310.3224955288615,3.5,29.98140765820228,0.7918456606106399,lane_1,mainline,,normal,none,commit
BASIC-06,basic_01_06_900_bugcheck_20260605,172,17.199999999999974,B06_TLV_CLV,cav,not_applicable,7352.654263727202,3.5,29.985723446997152,0.005948563751186953,lane_1,mainline,,normal,none,commit
BASIC-06,basic_01_06_900_bugcheck_20260605,173,17.299999999999976,B06_MV,cav,not_applicable,7220.433487226441,-3.5,6.261237710400633,4.0,on_ramp,on_ramp_mv,,normal,not_started,commit
BASIC-06,basic_01_06_900_bugcheck_20260605,173,17.299999999999976,B06_CLV,cav,not_applicable,7362.019742665648,0.0,29.991773889313134,0.003427546119527847,lane_2,mainline,,normal,none,commit
BASIC-06,basic_01_06_900_bugcheck_20260605,173,17.299999999999976,B06_CFV,cav,not_applicable,7271.152223430839,3.5,29.931587509576914,-0.7922252806544998,lane_1,mainline,,normal,none,commit
BASIC-06,basic_01_06_900_bugcheck_20260605,173,17.299999999999976,B06_TLV_CFV,cav,not_applicable,7313.316205940996,3.5,29.93710412134315,-0.44303536859129466,lane_1,mainline,,normal,none,commit
BASIC-06,basic_01_06_900_bugcheck_20260605,173,17.299999999999976,B06_TLV_CLV,cav,not_applicable,7355.652893178114,3.5,29.986294509117265,0.005710621201139077,lane_1,mainline,,normal,none,commit
BASIC-06,basic_01_06_900_bugcheck_20260605,174,17.399999999999977,B06_MV,cav,not_applicable,7221.044643776599,-3.5,6.111565501574241,4.0,on_ramp,on_ramp_mv,,normal,not_started,commit
BASIC-06,basic_01_06_900_bugcheck_20260605,174,17.399999999999977,B06_CLV,cav,not_applicable,7365.018952959022,0.0,29.992102933740608,0.0032904442747465623,lane_2,mainline,,normal,none,commit
BASIC-06,basic_01_06_900_bugcheck_20260605,174,17.399999999999977,B06_CFV,cav,not_applicable,7274.146173065864,3.5,29.939496350250636,0.0790884067372275,lane_1,mainline,,normal,none,commit
BASIC-06,basic_01_06_900_bugcheck_20260605,174,17.399999999999977,B06_TLV_CFV,cav,not_applicable,7316.313564245569,3.5,29.973583045731136,0.36478924387984984,lane_1,mainline,,normal,none,commit
BASIC-06,basic_01_06_900_bugcheck_20260605,174,17.399999999999977,B06_TLV_CLV,cav,not_applicable,7358.651577450989,3.5,29.986842728752574,0.0054821963530940826,lane_1,mainline,,normal,none,commit
BASIC-06,basic_01_06_900_bugcheck_20260605,175,17.49999999999998,B06_MV,cav,not_applicable,7221.641190890886,-3.5,5.9654711428680915,4.0,on_ramp,on_ramp_mv,,normal,not_started,commit
BASIC-06,basic_01_06_900_bugcheck_20260605,175,17.49999999999998,B06_CLV,cav,not_applicable,7368.018194840661,0.0,29.992418816390984,0.003158826503756984,lane_2,mainline,,normal,none,commit
BASIC-06,basic_01_06_900_bugcheck_20260605,175,17.49999999999998,B06_CFV,cav,not_applicable,7277.148042515126,3.5,30.018694492620046,0.7919814236940952,lane_1,mainline,,normal,none,commit
BASIC-06,basic_01_06_900_bugcheck_20260605,175,17.49999999999998,B06_TLV_CFV,cav,not_applicable,7319.302998098501,3.5,29.894338529321306,-0.7924451640983046,lane_1,mainline,,normal,none,commit
BASIC-06,basic_01_06_900_bugcheck_20260605,175,17.49999999999998,B06_TLV_CLV,cav,not_applicable,7361.650314352949,3.5,29.987369019602472,0.005262908498970376,lane_1,mainline,,normal,none,commit
BASIC-06,basic_01_06_900_bugcheck_20260605,176,17.59999999999998,B06_MV,cav,not_applicable,7222.223477801616,-3.5,5.822869107305704,4.0,on_ramp,on_ramp_mv,,normal,not_started,commit
BASIC-06,basic_01_06_900_bugcheck_20260605,176,17.59999999999998,B06_CLV,cav,not_applicable,7371.017467047034,0.0,29.992722063735343,0.0030324734436064206,lane_2,mainline,,normal,none,commit
BASIC-06,basic_01_06_900_bugcheck_20260605,176,17.59999999999998,B06_CFV,cav,not_applicable,7280.145482721491,3.5,29.974402063649563,-0.4429242897048312,lane_1,mainline,,normal,none,commit
BASIC-06,basic_01_06_900_bugcheck_20260605,176,17.59999999999998,B06_TLV_CFV,cav,not_applicable,7322.293221036454,3.5,29.902229379531445,0.07890850210138722,lane_1,mainline,,normal,none,commit
BASIC-06,basic_01_06_900_bugcheck_20260605,176,17.59999999999998,B06_TLV_CLV,cav,not_applicable,7364.649101778831,3.5,29.987874258818373,0.0050523921590112765,lane_1,mainline,,normal,none,commit
BASIC-06,basic_01_06_900_bugcheck_20260605,177,17.69999999999998,B06_MV,cav,not_applicable,7222.791845392856,-3.5,5.6836759123964855,4.0,on_ramp,on_ramp_mv,,normal,not_started,commit
BASIC-06,basic_01_06_900_bugcheck_20260605,177,17.69999999999998,B06_CLV,cav,not_applicable,7374.0167683651525,0.0,29.99301318118593,0.002911174505862846,lane_2,mainline,,normal,none,commit
BASIC-06,basic_01_06_900_bugcheck_20260605,177,17.69999999999998,B06_CFV,cav,not_applicable,7283.146571729122,3.5,30.010890076310076,0.36488012660513813,lane_1,mainline,,normal,none,commit
BASIC-06,basic_01_06_900_bugcheck_20260605,177,17.69999999999998,B06_TLV_CFV,cav,not_applicable,7325.291362316697,3.5,29.98141280243065,0.7918342289920441,lane_1,mainline,,normal,none,commit
BASIC-06,basic_01_06_900_bugcheck_20260605,177,17.69999999999998,B06_TLV_CLV,cav,not_applicable,7367.647937707678,3.5,29.988359288465638,0.00485029647265094,lane_1,mainline,,normal,none,commit
BASIC-06,basic_01_06_900_bugcheck_20260605,178,17.799999999999983,B06_MV,cav,not_applicable,7223.346626399983,-3.5,5.547810071262871,4.0,on_ramp,on_ramp_mv,,normal,not_started,commit
BASIC-06,basic_01_06_900_bugcheck_20260605,178,17.799999999999983,B06_CLV,cav,not_applicable,7377.016097630546,0.0,29.993292653938493,0.0027947275256281047,lane_2,mainline,,normal,none,commit
BASIC-06,basic_01_06_900_bugcheck_20260605,178,17.799999999999983,B06_CFV,cav,not_applicable,7286.139737028698,3.5,29.93165299575959,-0.7923708055048869,lane_1,mainline,,normal,none,commit
BASIC-06,basic_01_06_900_bugcheck_20260605,178,17.799999999999983,B06_TLV_CFV,cav,not_applicable,7328.285073149723,3.5,29.93710833025727,-0.44304472173378207,lane_1,mainline,,normal,none,commit
BASIC-06,basic_01_06_900_bugcheck_20260605,178,17.799999999999983,B06_TLV_CLV,cav,not_applicable,7370.64682019937,3.5,29.988824916927012,0.004656284613744788,lane_1,mainline,,normal,none,commit
BASIC-06,basic_01_06_900_bugcheck_20260605,179,17.899999999999984,B06_MV,cav,not_applicable,7223.888145604476,-3.5,5.415192044936254,4.0,on_ramp,on_ramp_mv,,normal,not_started,commit
BASIC-06,basic_01_06_900_bugcheck_20260605,179,17.899999999999984,B06_CLV,cav,not_applicable,7380.015453725324,0.0,29.993560947780953,0.00268293842460281,lane_2,mainline,,normal,none,commit
BASIC-06,basic_01_06_900_bugcheck_20260605,179,17.899999999999984,B06_CFV,cav,not_applicable,7289.133692021684,3.5,29.939549929854643,0.07896934095054708,lane_1,mainline,,normal,none,commit
BASIC-06,basic_01_06_900_bugcheck_20260605,179,17.899999999999984,B06_TLV_CFV,cav,not_applicable,7331.2824317986615,3.5,29.973586489388143,0.3647815913087238,lane_1,mainline,,normal,none,commit
BASIC-06,basic_01_06_900_bugcheck_20260605,179,17.899999999999984,B06_TLV_CLV,cav,not_applicable,7373.645747391395,3.5,29.98927192024993,0.004470033229195281,lane_1,mainline,,normal,none,commit
BASIC-06,basic_01_06_900_bugcheck_20260605,180,17.999999999999986,B06_MV,cav,not_applicable,7224.416720024055,-3.5,5.285744195793243,4.0,on_ramp,on_ramp_mv,,normal,not_started,commit
BASIC-06,basic_01_06_900_bugcheck_20260605,180,17.999999999999986,B06_CLV,cav,not_applicable,7383.01483557631,0.0,29.993818509869715,0.002575620887618868,lane_2,mainline,,normal,none,commit
BASIC-06,basic_01_06_900_bugcheck_20260605,180,17.999999999999986,B06_CFV,cav,not_applicable,7292.135565854732,3.5,30.01873833047787,0.7918840062322658,lane_1,mainline,,normal,none,commit
BASIC-06,basic_01_06_900_bugcheck_20260605,180,17.999999999999986,B06_TLV_CFV,cav,not_applicable,7334.272992153582,3.5,29.905603549204475,-0.6798294018366712,lane_1,mainline,,normal,none,commit
BASIC-06,basic_01_06_900_bugcheck_20260605,180,17.999999999999986,B06_TLV_CLV,cav,not_applicable,7376.644717495739,3.5,29.989701043439933,0.004291231900027981,lane_1,mainline,,normal,none,commit
BASIC-06,basic_01_06_900_bugcheck_20260605,181,18.099999999999987,B06_MV,cav,not_applicable,7224.9326590982655,-3.5,5.159390742104628,4.0,on_ramp,on_ramp_mv,,normal,not_started,commit
BASIC-06,basic_01_06_900_bugcheck_20260605,181,18.099999999999987,B06_CLV,cav,not_applicable,7386.014242153258,0.0,29.994065769474926,0.0024725960521138294,lane_2,mainline,,normal,none,commit
BASIC-06,basic_01_06_900_bugcheck_20260605,181,18.099999999999987,B06_CFV,cav,not_applicable,7295.1330096478305,3.5,29.974437930987783,-0.4430039949008734,lane_1,mainline,,normal,none,commit
BASIC-06,basic_01_06_900_bugcheck_20260605,181,18.099999999999987,B06_TLV_CFV,cav,not_applicable,7337.2652629952145,3.5,29.92270841632693,0.17104867122454182,lane_1,mainline,,normal,none,commit
BASIC-06,basic_01_06_900_bugcheck_20260605,181,18.099999999999987,B06_TLV_CLV,cav,not_applicable,7379.64372879591,3.5,29.990113001702337,0.004119582624026919,lane_1,mainline,,normal,none,commit
BASIC-06,basic_01_06_900_bugcheck_20260605,182,18.19999999999999,B06_MV,cav,not_applicable,7225.436264869632,-3.5,5.036057713670743,4.0,on_ramp,on_ramp_mv,,normal,not_started,commit
BASIC-06,basic_01_06_900_bugcheck_20260605,182,18.19999999999999,B06_CLV,cav,not_applicable,7389.013672467127,0.0,29.99430313869593,0.0023736922100297876,lane_2,mainline,,normal,none,commit
BASIC-06,basic_01_06_900_bugcheck_20260605,182,18.19999999999999,B06_CFV,cav,not_applicable,7298.134101590062,3.5,30.010919422314075,0.3648149132629218,lane_1,mainline,,normal,none,commit
BASIC-06,basic_01_06_900_bugcheck_20260605,182,18.19999999999999,B06_TLV_CFV,cav,not_applicable,7340.266206053248,3.5,30.00943058033621,0.867221640092807,lane_1,mainline,,normal,none,commit
BASIC-06,basic_01_06_900_bugcheck_20260605,182,18.19999999999999,B06_TLV_CLV,cav,not_applicable,7382.642779644073,3.5,29.990508481634244,0.003954799319065216,lane_1,mainline,,normal,none,commit
BASIC-06,basic_01_06_900_bugcheck_20260605,183,18.29999999999999,B06_MV,cav,not_applicable,7225.927832160484,-3.5,4.915672908518018,4.0,on_ramp,on_ramp_mv,,normal,not_started,commit
BASIC-06,basic_01_06_900_bugcheck_20260605,183,18.29999999999999,B06_CLV,cav,not_applicable,7392.013125568442,0.0,29.99453101314809,0.0022787445216280846,lane_2,mainline,,normal,none,commit
BASIC-06,basic_01_06_900_bugcheck_20260605,183,18.29999999999999,B06_CFV,cav,not_applicable,7301.127269290674,3.5,29.931677006126495,-0.7924241618757912,lane_1,mainline,,normal,none,commit
BASIC-06,basic_01_06_900_bugcheck_20260605,183,18.29999999999999,B06_TLV_CFV,cav,not_applicable,7343.263335470156,3.5,29.971294169071076,-0.38136411265133974,lane_1,mainline,,normal,none,commit
BASIC-06,basic_01_06_900_bugcheck_20260605,183,18.29999999999999,B06_TLV_CLV,cav,not_applicable,7385.64186845831,3.5,29.990888142368874,0.003796607346302494,lane_1,mainline,,normal,none,commit
BASIC-06,basic_01_06_900_bugcheck_20260605,184,18.39999999999999,B06_MV,cav,not_applicable,7226.407648745548,-3.5,4.798165850630182,4.0,on_ramp,on_ramp_mv,,normal,not_started,commit
BASIC-06,basic_01_06_900_bugcheck_20260605,184,18.39999999999999,B06_CLV,cav,not_applicable,7395.012600545704,0.0,29.994749772622168,0.0021875947407636433,lane_2,mainline,,normal,none,commit
BASIC-06,basic_01_06_900_bugcheck_20260605,184,18.39999999999999,B06_CFV,cav,not_applicable,7304.121226248144,3.5,29.939569574700293,0.07892568573798908,lane_1,mainline,,normal,none,commit
BASIC-06,basic_01_06_900_bugcheck_20260605,184,18.39999999999999,B06_TLV_CFV,cav,not_applicable,7346.264617362504,3.5,30.01281892349051,0.41524754419435844,lane_1,mainline,,normal,none,commit
BASIC-06,basic_01_06_900_bugcheck_20260605,184,18.39999999999999,B06_TLV_CLV,cav,not_applicable,7388.640993719977,3.5,29.991252616674117,0.0036447430524503945,lane_1,mainline,,normal,none,commit
BASIC-06,basic_01_06_900_bugcheck_20260605,185,18.499999999999993,B06_MV,cav,not_applicable,7226.875995520417,-3.5,4.6834677486899965,4.0,on_ramp,on_ramp_mv,,normal,not_started,commit
BASIC-06,basic_01_06_900_bugcheck_20260605,185,18.499999999999993,B06_CLV,cav,not_applicable,7398.012096523876,0.0,29.99495978171728,0.002100090951132927,lane_2,mainline,,normal,none,commit
BASIC-06,basic_01_06_900_bugcheck_20260605,185,18.499999999999993,B06_CFV,cav,not_applicable,7307.123101688498,3.5,30.0187544035334,0.791848288331082,lane_1,mainline,,normal,none,commit
BASIC-06,basic_01_06_900_bugcheck_20260605,185,18.499999999999993,B06_TLV_CFV,cav,not_applicable,7349.258387643851,3.5,29.93770281347005,-0.7511611002046157,lane_1,mainline,,normal,none,commit
BASIC-06,basic_01_06_900_bugcheck_20260605,185,18.499999999999993,B06_TLV_CLV,cav,not_applicable,7391.640153971178,3.5,29.99160251200715,0.003498953330353061,lane_1,mainline,,normal,none,commit
BASIC-06,basic_01_06_900_bugcheck_20260605,186,18.599999999999994,B06_MV,cav,not_applicable,7227.333146665997,-3.5,4.57151145580738,4.0,on_ramp,on_ramp_mv,,normal,not_started,commit
BASIC-06,basic_01_06_900_bugcheck_20260605,186,18.599999999999994,B06_CLV,cav,not_applicable,7401.011612662921,0.0,29.99516139044859,0.0020160873130876666,lane_2,mainline,,normal,none,commit
BASIC-06,basic_01_06_900_bugcheck_20260605,186,18.599999999999994,B06_CFV,cav,not_applicable,7310.120546796665,3.5,29.974451081669578,-0.44303321863820555,lane_1,mainline,,normal,none,commit
BASIC-06,basic_01_06_900_bugcheck_20260605,186,18.599999999999994,B06_TLV_CFV,cav,not_applicable,7352.253284788923,3.5,29.948971450726035,0.11268637255985992,lane_1,mainline,,normal,none,commit
BASIC-06,basic_01_06_900_bugcheck_20260605,186,18.599999999999994,B06_TLV_CLV,cav,not_applicable,7394.639347812331,3.5,29.991938411526867,0.003358995197139336,lane_1,mainline,,normal,none,commit
BASIC-06,basic_01_06_900_bugcheck_20260605,187,18.699999999999996,B06_MV,cav,not_applicable,7227.779369809018,-3.5,4.462231430209792,4.0,on_ramp,on_ramp_mv,,normal,not_started,commit
BASIC-06,basic_01_06_900_bugcheck_20260605,187,18.699999999999996,B06_CLV,cav,not_applicable,7404.011148156404,0.0,29.995354934830647,0.0019354438205638758,lane_2,mainline,,normal,none,commit
BASIC-06,basic_01_06_900_bugcheck_20260605,187,18.699999999999996,B06_CFV,cav,not_applicable,7313.121639814861,3.5,30.010930181962816,0.3647910029323773,lane_1,mainline,,normal,none,commit
BASIC-06,basic_01_06_900_bugcheck_20260605,187,18.699999999999996,B06_TLV_CFV,cav,not_applicable,7355.25637664068,3.5,30.03091851757184,0.8194706684580673,lane_1,mainline,,normal,none,commit
BASIC-06,basic_01_06_900_bugcheck_20260605,187,18.699999999999996,B06_TLV_CLV,cav,not_applicable,7397.638573899838,3.5,29.992260875065792,0.0032246353892531943,lane_1,mainline,,normal,none,commit
BASIC-06,basic_01_06_900_bugcheck_20260605,188,18.799999999999997,B06_MV,cav,not_applicable,7228.214926178705,-3.5,4.3555636968727045,4.0,on_ramp,on_ramp_mv,,normal,not_started,commit
BASIC-06,basic_01_06_900_bugcheck_20260605,188,18.799999999999997,B06_CLV,cav,not_applicable,7407.010702230147,0.0,29.995540737437423,0.0018580260677410366,lane_2,mainline,,normal,none,commit
BASIC-06,basic_01_06_900_bugcheck_20260605,188,18.799999999999997,B06_CFV,cav,not_applicable,7316.114808395809,3.5,29.931685809475464,-0.7924437248735094,lane_1,mainline,,normal,none,commit
BASIC-06,basic_01_06_900_bugcheck_20260605,188,18.799999999999997,B06_TLV_CFV,cav,not_applicable,7358.255264161543,3.5,29.9888752086275,-0.4204330894433995,lane_1,mainline,,normal,none,commit
BASIC-06,basic_01_06_900_bugcheck_20260605,188,18.799999999999997,B06_TLV_CLV,cav,not_applicable,7400.637830943844,3.5,29.99257044006316,0.0030956499736831235,lane_1,mainline,,normal,none,commit
BASIC-06,basic_01_06_900_bugcheck_20260605,189,18.9,B06_MV,cav,not_applicable,7228.640070759712,-3.5,4.251445810067106,4.0,on_ramp,on_ramp_mv,,normal,not_started,commit
BASIC-06,basic_01_06_900_bugcheck_20260605,189,18.9,B06_CLV,cav,not_applicable,7410.010274140941,0.0,29.995719107939927,0.001783705025030713,lane_2,mainline,,normal,none,commit
BASIC-06,basic_01_06_900_bugcheck_20260605,189,18.9,B06_CFV,cav,not_applicable,7319.108766073553,3.5,29.939576777440358,0.0789096796489469,lane_1,mainline,,normal,none,commit
BASIC-06,basic_01_06_900_bugcheck_20260605,189,18.9,B06_TLV_CFV,cav,not_applicable,7361.257984502583,3.5,30.027203410400315,0.3832820177281277,lane_1,mainline,,normal,none,commit
BASIC-06,basic_01_06_900_bugcheck_20260605,189,18.9,B06_TLV_CLV,cav,not_applicable,7403.63711770609,3.5,29.992867622460636,0.002971823974735344,lane_1,mainline,,normal,none,commit
BASIC-06,basic_01_06_900_bugcheck_20260605,190,19.0,B06_MV,cav,not_applicable,7229.055052441392,-3.5,4.149816816802529,4.0,on_ramp,on_ramp_mv,,normal,not_started,commit
BASIC-06,basic_01_06_900_bugcheck_20260605,190,19.0,B06_CLV,cav,not_applicable,7413.0098631753035,0.0,29.995890343622328,0.0017123568240293707,lane_2,mainline,,normal,none,commit
BASIC-06,basic_01_06_900_bugcheck_20260605,190,19.0,B06_CFV,cav,not_applicable,7322.110642103221,3.5,30.018760296684363,0.7918351924400475,lane_1,mainline,,normal,none,commit
BASIC-06,basic_01_06_900_bugcheck_20260605,190,19.0,B06_TLV_CFV,cav,not_applicable,7364.252931696496,3.5,29.949471939123526,-0.7773147127678954,lane_1,mainline,,normal,none,commit
BASIC-06,basic_01_06_900_bugcheck_20260605,190,19.0,B06_TLV_CLV,cav,not_applicable,7406.636432997846,3.5,29.99315291756221,0.0028529510157454755,lane_1,mainline,,normal,none,commit
BASIC-06,basic_01_06_900_bugcheck_20260605,191,19.1,B06_MV,cav,not_applicable,7229.460114163507,-3.5,4.050617221143845,4.0,on_ramp,on_ramp_mv,,normal,not_started,commit
BASIC-06,basic_01_06_900_bugcheck_20260605,191,19.1,B06_CLV,cav,not_applicable,7416.009468648292,0.0,29.996054729877436,0.0016438625510687645,lane_2,mainline,,normal,none,commit
BASIC-06,basic_01_06_900_bugcheck_20260605,191,19.1,B06_CFV,cav,not_applicable,7325.108087693555,3.5,29.974455903338548,-0.44304393345814286,lane_1,mainline,,normal,none,commit
BASIC-06,basic_01_06_900_bugcheck_20260605,191,19.1,B06_TLV_CFV,cav,not_applicable,7367.248791770031,3.5,29.95860073535161,0.09128796228081293,lane_1,mainline,,normal,none,commit
BASIC-06,basic_01_06_900_bugcheck_20260605,191,19.1,B06_TLV_CLV,cav,not_applicable,7409.635775677932,3.5,29.993426800859723,0.002738832975116168,lane_1,mainline,,normal,none,commit
BASIC-06,basic_01_06_900_bugcheck_20260605,192,19.200000000000003,B06_MV,cav,not_applicable,7229.855493058445,-3.5,3.953788949380314,4.0,on_ramp,on_ramp_mv,,normal,not_started,commit
BASIC-06,basic_01_06_900_bugcheck_20260605,192,19.200000000000003,B06_CLV,cav,not_applicable,7419.00908990236,0.0,29.99621254068234,0.0015781080490256728,lane_2,mainline,,normal,none,commit
BASIC-06,basic_01_06_900_bugcheck_20260605,192,19.200000000000003,B06_CFV,cav,not_applicable,7328.1091811062515,3.5,30.0109341269647,0.3647822362615195,lane_1,mainline,,normal,none,commit
BASIC-06,basic_01_06_900_bugcheck_20260605,192,19.200000000000003,B06_TLV_CFV,cav,not_applicable,7370.252671472348,3.5,30.038797023174585,0.8019628782297561,lane_1,mainline,,normal,none,commit
BASIC-06,basic_01_06_900_bugcheck_20260605,192,19.200000000000003,B06_TLV_CLV,cav,not_applicable,7412.635144650814,3.5,29.993689728825334,0.0026292796561108393,lane_1,mainline,,normal,none,commit
BASIC-06,basic_01_06_900_bugcheck_20260605,193,19.300000000000004,B06_MV,cav,not_applicable,7230.241420590048,-3.5,3.859275316028835,4.0,on_ramp,on_ramp_mv,,normal,not_started,commit
BASIC-06,basic_01_06_900_bugcheck_20260605,193,19.300000000000004,B06_CLV,cav,not_applicable,7422.008726306265,0.0,29.996364039055045,0.0015149837270641343,lane_2,mainline,,normal,none,commit
BASIC-06,basic_01_06_900_bugcheck_20260605,193,19.300000000000004,B06_CFV,cav,not_applicable,7331.102350009972,3.5,29.93168903720428,-0.7924508976042113,lane_1,mainline,,normal,none,commit
BASIC-06,basic_01_06_900_bugcheck_20260605,193,19.300000000000004,B06_TLV_CFV,cav,not_applicable,7373.252203598215,3.5,29.99532125866611,-0.434757645084745,lane_1,mainline,,normal,none,commit
BASIC-06,basic_01_06_900_bugcheck_20260605,193,19.300000000000004,B06_TLV_CLV,cav,not_applicable,7415.6345388647815,3.5,29.99394213967232,0.0025241084698663487,lane_1,mainline,,normal,none,commit
BASIC-06,basic_01_06_900_bugcheck_20260605,194,19.400000000000006,B06_MV,cav,not_applicable,7230.618122689112,-3.5,3.7670209906485774,4.0,on_ramp,on_ramp_mv,,normal,not_started,commit
BASIC-06,basic_01_06_900_bugcheck_20260605,194,19.400000000000006,B06_CLV,cav,not_applicable,7425.008377254015,0.0,29.996509477492843,0.00145438437798191,lane_2,mainline,,normal,none,commit
BASIC-06,basic_01_06_900_bugcheck_20260605,194,19.400000000000006,B06_CFV,cav,not_applicable,7334.096307951802,3.5,29.93957941830939,0.07890381105109989,lane_1,mainline,,normal,none,commit
BASIC-06,basic_01_06_900_bugcheck_20260605,194,19.400000000000006,B06_TLV_CFV,cav,not_applicable,7376.255451343349,3.5,30.032477451340995,0.37156192674884503,lane_1,mainline,,normal,none,commit
BASIC-06,basic_01_06_900_bugcheck_20260605,194,19.400000000000006,B06_TLV_CLV,cav,not_applicable,7418.63395731019,3.5,29.994184454085428,0.0024231441310718083,lane_1,mainline,,normal,none,commit
BASIC-06,basic_01_06_900_bugcheck_20260605,195,19.500000000000007,B06_MV,cav,not_applicable,7230.985819885657,-3.5,3.6769719654489452,4.0,on_ramp,on_ramp_mv,,normal,not_started,commit
BASIC-06,basic_01_06_900_bugcheck_20260605,195,19.500000000000007,B06_CLV,cav,not_applicable,7428.008042163854,0.0,29.996649098393128,0.0013962090028627472,lane_2,mainline,,normal,none,commit
BASIC-06,basic_01_06_900_bugcheck_20260605,195,19.500000000000007,B06_CFV,cav,not_applicable,7337.098184197542,3.5,30.01876245739539,0.7918303908599909,lane_1,mainline,,normal,none,commit
BASIC-06,basic_01_06_900_bugcheck_20260605,195,19.500000000000007,B06_TLV_CFV,cav,not_applicable,7379.250830049702,3.5,29.953787063529536,-0.7869038781145813,lane_1,mainline,,normal,none,commit
BASIC-06,basic_01_06_900_bugcheck_20260605,195,19.500000000000007,B06_TLV_CLV,cav,not_applicable,7421.633399017783,3.5,29.994417075922012,0.002326218365828936,lane_1,mainline,,normal,none,commit
BASIC-06,basic_01_06_900_bugcheck_20260605,196,19.60000000000001,B06_MV,cav,not_applicable,7231.344727438024,-3.5,3.589075523672389,4.0,on_ramp,on_ramp_mv,,normal,not_started,commit
BASIC-06,basic_01_06_900_bugcheck_20260605,196,19.60000000000001,B06_CLV,cav,not_applicable,7431.0077204773,0.0,29.996783134457402,0.0013403606427488059,lane_2,mainline,,normal,none,commit
BASIC-06,basic_01_06_900_bugcheck_20260605,196,19.60000000000001,B06_CFV,cav,not_applicable,7340.095629964661,3.5,29.974457671193026,-0.44304786202364377,lane_1,mainline,,normal,none,commit
BASIC-06,basic_01_06_900_bugcheck_20260605,196,19.60000000000001,B06_TLV_CFV,cav,not_applicable,7382.247043178871,3.5,29.962131291683797,0.08344228154261535,lane_1,mainline,,normal,none,commit
BASIC-06,basic_01_06_900_bugcheck_20260605,196,19.60000000000001,B06_TLV_CLV,cav,not_applicable,7424.6328630570715,3.5,29.99464039288513,0.002233169631195153,lane_1,mainline,,normal,none,commit
BASIC-06,basic_01_06_900_bugcheck_20260605,197,19.70000000000001,B06_MV,cav,not_applicable,7231.6950554588975,-3.5,3.503280208733375,4.0,on_ramp,on_ramp_mv,,normal,not_started,commit
BASIC-06,basic_01_06_900_bugcheck_20260605,197,19.70000000000001,B06_CLV,cav,not_applicable,7434.007411658207,0.0,29.996911809079105,0.001286746217039081,lane_2,mainline,,normal,none,commit
BASIC-06,basic_01_06_900_bugcheck_20260605,197,19.70000000000001,B06_CFV,cav,not_applicable,7343.0967235220005,3.5,30.01093557339109,0.36477902198065515,lane_1,mainline,,normal,none,commit
BASIC-06,basic_01_06_900_bugcheck_20260605,197,19.70000000000001,B06_TLV_CFV,cav,not_applicable,7385.251211744888,3.5,30.04168566017365,0.7955436848985035,lane_1,mainline,,normal,none,commit
BASIC-06,basic_01_06_900_bugcheck_20260605,197,19.70000000000001,B06_TLV_CLV,cav,not_applicable,7427.632348534788,3.5,29.994854777169724,0.0021438428459475745,lane_1,mainline,,normal,none,commit
BASIC-06,basic_01_06_900_bugcheck_20260605,198,19.80000000000001,B06_MV,cav,not_applicable,7232.037009038307,-3.5,3.4195357940935103,4.0,on_ramp,on_ramp_mv,,normal,not_started,commit
BASIC-06,basic_01_06_900_bugcheck_20260605,198,19.80000000000001,B06_CLV,cav,not_applicable,7437.007115191879,0.0,29.99703533671594,0.0012352763683580294,lane_2,mainline,,normal,none,commit
BASIC-06,basic_01_06_900_bugcheck_20260605,198,19.80000000000001,B06_CFV,cav,not_applicable,7346.089892544065,3.5,29.931690220644054,-0.792453527470373,lane_1,mainline,,normal,none,commit
BASIC-06,basic_01_06_900_bugcheck_20260605,198,19.80000000000001,B06_TLV_CFV,cav,not_applicable,7388.250980213782,3.5,29.997684688938072,-0.4400097123557699,lane_1,mainline,,normal,none,commit
BASIC-06,basic_01_06_900_bugcheck_20260605,198,19.80000000000001,B06_TLV_CLV,cav,not_applicable,7430.631854593396,3.5,29.995060586082936,0.002058089132110297,lane_1,mainline,,normal,none,commit
BASIC-06,basic_01_06_900_bugcheck_20260605,199,19.900000000000013,B06_MV,cav,not_applicable,7232.370788363693,-3.5,3.337793253858684,4.0,on_ramp,on_ramp_mv,,normal,not_started,commit
BASIC-06,basic_01_06_900_bugcheck_20260605,199,19.900000000000013,B06_CLV,cav,not_applicable,7440.006830584204,0.0,29.9971539232473,0.0011858653136243903,lane_2,mainline,,normal,none,commit
BASIC-06,basic_01_06_900_bugcheck_20260605,199,19.900000000000013,B06_CFV,cav,not_applicable,7349.083850582723,3.5,29.939580386578296,0.0789016593424221,lane_1,mainline,,normal,none,commit
BASIC-06,basic_01_06_900_bugcheck_20260605,199,19.900000000000013,B06_TLV_CFV,cav,not_applicable,7391.254421330484,3.5,30.034411167018053,0.36726478079982466,lane_1,mainline,,normal,none,commit
BASIC-06,basic_01_06_900_bugcheck_20260605,199,19.900000000000013,B06_TLV_CLV,cav,not_applicable,7433.631380409661,3.5,29.99525816263962,0.001975765566825771,lane_1,mainline,,normal,none,commit
BASIC-06,basic_01_06_900_bugcheck_20260605,200,20.000000000000014,B06_MV,cav,not_applicable,7232.6965888371005,-3.5,3.258004734077577,4.0,on_ramp,on_ramp_mv,,normal,not_started,commit
BASIC-06,basic_01_06_900_bugcheck_20260605,200,20.000000000000014,B06_CLV,cav,not_applicable,7443.006557360836,0.0,29.997267766317407,0.00113843070108004,lane_2,mainline,,normal,none,commit
BASIC-06,basic_01_06_900_bugcheck_20260605,200,20.000000000000014,B06_CFV,cav,not_applicable,7352.085726907685,3.5,30.018763249615404,0.7918286303710727,lane_1,mainline,,normal,none,commit
BASIC-06,basic_01_06_900_bugcheck_20260605,200,20.000000000000014,B06_TLV_CFV,cav,not_applicable,7394.249958249938,3.5,29.95536919453804,-0.7904197248001434,lane_1,mainline,,normal,none,commit
BASIC-06,basic_01_06_900_bugcheck_20260605,200,20.000000000000014,B06_TLV_CLV,cav,not_applicable,7436.630925193274,3.5,29.995447836134034,0.0018967349441524563,lane_1,mainline,,normal,none,commit
BASIC-06,basic_01_06_900_bugcheck_20260605,201,20.100000000000016,B06_MV,cav,not_applicable,7233.014601189573,-3.5,3.1801235247271955,4.0,on_ramp,on_ramp_mv,,normal,not_started,commit
BASIC-06,basic_01_06_900_bugcheck_20260605,201,20.100000000000016,B06_CLV,cav,not_applicable,7446.006295066402,0.0,29.99737705566471,0.001092893473037293,lane_2,mainline,,normal,none,commit
BASIC-06,basic_01_06_900_bugcheck_20260605,201,20.100000000000016,B06_CFV,cav,not_applicable,7355.083172739623,3.5,29.97445831937304,-0.4430493024236678,lane_1,mainline,,normal,none,commit
BASIC-06,basic_01_06_900_bugcheck_20260605,201,20.100000000000016,B06_TLV_CFV,cav,not_applicable,7397.246300826188,3.5,29.963425762508937,0.08056567970897366,lane_1,mainline,,normal,none,commit
BASIC-06,basic_01_06_900_bugcheck_20260605,201,20.100000000000016,B06_TLV_CLV,cav,not_applicable,7439.630488185543,3.5,29.99562992268867,0.0018208655463865854,lane_1,mainline,,normal,none,commit
BASIC-06,basic_01_06_900_bugcheck_20260605,202,20.200000000000017,B06_MV,cav,not_applicable,7233.3250115928095,-3.5,3.1041040323678035,4.0,on_ramp,on_ramp_mv,,normal,not_started,commit
BASIC-06,basic_01_06_900_bugcheck_20260605,202,20.200000000000017,B06_CLV,cav,not_applicable,7449.0060432637465,0.0,29.997481973438124,0.0010491777341158583,lane_2,mainline,,normal,none,commit
BASIC-06,basic_01_06_900_bugcheck_20260605,202,20.200000000000017,B06_CFV,cav,not_applicable,7358.084266349994,3.5,30.010936103720194,0.36477784347154457,lane_1,mainline,,normal,none,commit
BASIC-06,basic_01_06_900_bugcheck_20260605,202,20.200000000000017,B06_TLV_CFV,cav,not_applicable,7400.250575303455,3.5,30.042744772666943,0.7931901015800694,lane_1,mainline,,normal,none,commit
BASIC-06,basic_01_06_900_bugcheck_20260605,202,20.200000000000017,B06_TLV_CLV,cav,not_applicable,7442.630068658121,3.5,29.995804725781124,0.001748030924531463,lane_1,mainline,,normal,none,commit
BASIC-06,basic_01_06_900_bugcheck_20260605,203,20.30000000000002,B06_MV,cav,not_applicable,7233.628001768155,-3.5,3.0299017534511825,4.0,on_ramp,on_ramp_mv,,normal,not_started,commit
BASIC-06,basic_01_06_900_bugcheck_20260605,203,20.30000000000002,B06_CLV,cav,not_applicable,7452.005801533197,0.0,29.997582694500597,0.0010072106247505986,lane_2,mainline,,normal,none,commit
BASIC-06,basic_01_06_900_bugcheck_20260605,203,20.30000000000002,B06_CFV,cav,not_applicable,7361.077435415449,3.5,29.931690654549683,-0.7924544917050999,lane_1,mainline,,normal,none,commit
BASIC-06,basic_01_06_900_bugcheck_20260605,203,20.30000000000002,B06_TLV_CFV,cav,not_applicable,7403.250430427007,3.5,29.998551235523493,-0.4419353714344886,lane_1,mainline,,normal,none,commit
BASIC-06,basic_01_06_900_bugcheck_20260605,203,20.30000000000002,B06_TLV_CLV,cav,not_applicable,7445.629665911796,3.5,29.99597253674988,0.0016781096875504887,lane_1,mainline,,normal,none,commit
BASIC-06,basic_01_06_900_bugcheck_20260605,204,20.40000000000002,B06_MV,cav,not_applicable,7233.923749092982,-3.5,2.957473248267203,4.0,on_ramp,on_ramp_mv,,normal,not_started,commit
BASIC-06,basic_01_06_900_bugcheck_20260605,204,20.40000000000002,B06_CLV,cav,not_applicable,7455.005569471869,0.0,29.997679386720574,0.0009669221997611999,lane_2,mainline,,normal,none,commit
BASIC-06,basic_01_06_900_bugcheck_20260605,204,20.40000000000002,B06_CFV,cav,not_applicable,7364.071393489608,3.5,29.939580741591993,0.07890087042310023,lane_1,mainline,,normal,none,commit
BASIC-06,basic_01_06_900_bugcheck_20260605,204,20.40000000000002,B06_TLV_CFV,cav,not_applicable,7406.253942442975,3.5,30.035120159678854,0.3656892415536003,lane_1,mainline,,normal,none,commit
BASIC-06,basic_01_06_900_bugcheck_20260605,204,20.40000000000002,B06_TLV_CLV,cav,not_applicable,7448.629279275324,3.5,29.996133635279882,0.0016109853000486397,lane_1,mainline,,normal,none,commit
BASIC-06,basic_01_06_900_bugcheck_20260605,205,20.50000000000002,B06_MV,cav,not_applicable,7234.212426704533,-3.5,2.8867761155137197,4.0,on_ramp,on_ramp_mv,,normal,not_started,commit
BASIC-06,basic_01_06_900_bugcheck_20260605,205,20.50000000000002,B06_CLV,cav,not_applicable,7458.005346692995,0.0,29.99777221125175,0.0009282453117705814,lane_2,mainline,,normal,none,commit
BASIC-06,basic_01_06_900_bugcheck_20260605,205,20.50000000000002,B06_CFV,cav,not_applicable,7367.073269843617,3.5,30.018763540081157,0.7918279848916274,lane_1,mainline,,normal,none,commit
BASIC-06,basic_01_06_900_bugcheck_20260605,205,20.50000000000002,B06_TLV_CFV,cav,not_applicable,7409.249537370919,3.5,29.95594927944233,-0.7917088023652361,lane_1,mainline,,normal,none,commit
BASIC-06,basic_01_06_900_bugcheck_20260605,205,20.50000000000002,B06_TLV_CLV,cav,not_applicable,7451.6289081043105,3.5,29.996288289868687,0.001546545888047035,lane_1,mainline,,normal,none,commit
BASIC-06,basic_01_06_900_bugcheck_20260605,206,20.600000000000023,B06_MV,cav,not_applicable,7234.49420360128,-3.5,2.8177689674736888,4.0,on_ramp,on_ramp_mv,,normal,not_started,commit
BASIC-06,basic_01_06_900_bugcheck_20260605,206,20.600000000000023,B06_CLV,cav,not_applicable,7461.005132825275,0.0,29.99786132280168,0.0008911154993000991,lane_2,mainline,,normal,none,commit
BASIC-06,basic_01_06_900_bugcheck_20260605,206,20.600000000000023,B06_CFV,cav,not_applicable,7370.070715699319,3.5,29.974458557026836,-0.4430498305432139,lane_1,mainline,,normal,none,commit
BASIC-06,basic_01_06_900_bugcheck_20260605,206,20.600000000000023,B06_TLV_CFV,cav,not_applicable,7412.245927408662,3.5,29.96390037743063,0.07951097988298872,lane_1,mainline,,normal,none,commit
BASIC-06,basic_01_06_900_bugcheck_20260605,206,20.600000000000023,B06_TLV_CLV,cav,not_applicable,7454.628551780138,3.5,29.99643675827394,0.0014846840525251537,lane_1,mainline,,normal,none,commit
BASIC-06,basic_01_06_900_bugcheck_20260605,207,20.700000000000024,B06_MV,cav,not_applicable,7234.7692447418585,-3.5,2.7504114057853855,4.0,on_ramp,on_ramp_mv,,normal,not_started,commit
BASIC-06,basic_01_06_900_bugcheck_20260605,207,20.700000000000024,B06_CLV,cav,not_applicable,7464.004927512264,0.0,29.997946869889613,0.0008554708793283794,lane_2,mainline,,normal,none,commit
BASIC-06,basic_01_06_900_bugcheck_20260605,207,20.700000000000024,B06_CFV,cav,not_applicable,7373.071809329136,3.5,30.01093629816421,0.36477741137373415,lane_1,mainline,,normal,none,commit
BASIC-06,basic_01_06_900_bugcheck_20260605,207,20.700000000000024,B06_TLV_CFV,cav,not_applicable,7415.250240718059,3.5,30.04313309396651,0.792327165358809,lane_1,mainline,,normal,none,commit
BASIC-06,basic_01_06_900_bugcheck_20260605,207,20.700000000000024,B06_TLV_CLV,cav,not_applicable,7457.628209708932,3.5,29.996579287942982,0.0014252966904237498,lane_1,mainline,,normal,none,commit
BASIC-06,basic_01_06_900_bugcheck_20260605,208,20.800000000000026,B06_MV,cav,not_applicable,7235.037711141637,-3.5,2.684663997792672,4.0,on_ramp,on_ramp_mv,,normal,not_started,commit
BASIC-06,basic_01_06_900_bugcheck_20260605,208,20.800000000000026,B06_CLV,cav,not_applicable,7467.004730411773,0.0,29.998028995094028,0.0008212520441546189,lane_2,mainline,,normal,none,commit
BASIC-06,basic_01_06_900_bugcheck_20260605,208,20.800000000000026,B06_CFV,cav,not_applicable,7376.0649784105,3.5,29.931690813640245,-0.792454845239672,lane_1,mainline,,normal,none,commit
BASIC-06,basic_01_06_900_bugcheck_20260605,208,20.800000000000026,B06_TLV_CFV,cav,not_applicable,7418.250127613354,3.5,29.998868952950414,-0.44264141016097447,lane_1,mainline,,normal,none,commit
BASIC-06,basic_01_06_900_bugcheck_20260605,208,20.800000000000026,B06_TLV_CLV,cav,not_applicable,7460.627881320575,3.5,29.99671611642526,0.0013682848228071976,lane_1,mainline,,normal,none,commit
BASIC-06,basic_01_06_900_bugcheck_20260605,209,20.900000000000027,B06_MV,cav,not_applicable,7235.299759966983,-3.5,2.620488253460536,4.0,on_ramp,on_ramp_mv,,normal,not_started,commit
BASIC-06,basic_01_06_900_bugcheck_20260605,209,20.900000000000027,B06_CLV,cav,not_applicable,7470.004541195302,0.0,29.998107835290266,0.0007884019623887184,lane_2,mainline,,normal,none,commit
BASIC-06,basic_01_06_900_bugcheck_20260605,209,20.900000000000027,B06_CFV,cav,not_applicable,7379.058936497676,3.5,29.939580871757,0.07890058116754117,lane_1,mainline,,normal,none,commit
BASIC-06,basic_01_06_900_bugcheck_20260605,209,20.900000000000027,B06_TLV_CFV,cav,not_applicable,7421.253665624385,3.5,30.035380110300878,0.3651115735046573,lane_1,mainline,,normal,none,commit
BASIC-06,basic_01_06_900_bugcheck_20260605,209,20.900000000000027,B06_TLV_CLV,cav,not_applicable,7463.627566067752,3.5,29.996847471768252,0.0013135534298953644,lane_1,mainline,,normal,none,commit
BASIC-06,basic_01_06_900_bugcheck_20260605,210,21.00000000000003,B06_MV,cav,not_applicable,7235.555544627267,-3.5,2.557846602841327,4.0,on_ramp,on_ramp_mv,,normal,not_started,commit
BASIC-06,basic_01_06_900_bugcheck_20260605,210,21.00000000000003,B06_CLV,cav,not_applicable,7473.00435954749,0.0,29.998183521878655,0.0007568658838934539,lane_2,mainline,,normal,none,commit
BASIC-06,basic_01_06_900_bugcheck_20260605,210,21.00000000000003,B06_CFV,cav,not_applicable,7382.0608128623335,3.5,30.018763646579796,0.7918277482279883,lane_1,mainline,,normal,none,commit
BASIC-06,basic_01_06_900_bugcheck_20260605,210,21.00000000000003,B06_TLV_CFV,cav,not_applicable,7424.249281821016,3.5,29.956161966314895,-0.7921814398598258,lane_1,mainline,,normal,none,commit
BASIC-06,basic_01_06_900_bugcheck_20260605,210,21.00000000000003,B06_TLV_CLV,cav,not_applicable,7466.627263425042,3.5,29.99697357289752,0.0012610112926992657,lane_1,mainline,,normal,none,commit
BASIC-06,basic_01_06_900_bugcheck_20260605,211,21.10000000000003,B06_MV,cav,not_applicable,7235.805214864676,-3.5,2.4967023740812624,4.0,on_ramp,on_ramp_mv,,normal,not_started,commit
BASIC-06,basic_01_06_900_bugcheck_20260605,211,21.10000000000003,B06_CLV,cav,not_applicable,7476.004185165591,0.0,29.99825618100351,0.000726591248538,lane_2,mainline,,normal,none,commit
BASIC-06,basic_01_06_900_bugcheck_20260605,211,21.10000000000003,B06_CFV,cav,not_applicable,7385.05825872675,3.5,29.974458644162087,-0.4430500241771005,lane_1,mainline,,normal,none,commit
BASIC-06,basic_01_06_900_bugcheck_20260605,211,21.10000000000003,B06_TLV_CFV,cav,not_applicable,7427.245689260412,3.5,29.964074393962726,0.07912427647832443,lane_1,mainline,,normal,none,commit
BASIC-06,basic_01_06_900_bugcheck_20260605,211,21.10000000000003,B06_TLV_CLV,cav,not_applicable,7469.62697288804,3.5,29.997094629981618,0.0012105708409919204,lane_1,mainline,,normal,none,commit
BASIC-06,basic_01_06_900_bugcheck_20260605,212,21.20000000000003,B06_MV,cav,not_applicable,7236.048916841871,-3.5,2.437019771951325,4.0,on_ramp,on_ramp_mv,,normal,not_started,commit
BASIC-06,basic_01_06_900_bugcheck_20260605,212,21.20000000000003,B06_CLV,cav,not_applicable,7479.004017758967,0.0,29.99832593376337,0.0006975275985965368,lane_2,mainline,,normal,none,commit
BASIC-06,basic_01_06_900_bugcheck_20260605,212,21.20000000000003,B06_CFV,cav,not_applicable,7388.059352363695,3.5,30.010936369456687,0.3647772529460087,lane_1,mainline,,normal,none,commit
BASIC-06,basic_01_06_900_bugcheck_20260605,212,21.20000000000003,B06_TLV_CFV,cav,not_applicable,7430.250016807525,3.5,30.043275471129135,0.7920107716640836,lane_1,mainline,,normal,none,commit
BASIC-06,basic_01_06_900_bugcheck_20260605,212,21.20000000000003,B06_TLV_CLV,cav,not_applicable,7472.626693972518,3.5,29.99721084478235,0.0011621480073529256,lane_1,mainline,,normal,none,commit
BASIC-06,basic_01_06_900_bugcheck_20260605,213,21.300000000000033,B06_MV,cav,not_applicable,7236.28679322756,-3.5,2.3787638568923395,4.0,on_ramp,on_ramp_mv,,normal,not_started,commit
BASIC-06,basic_01_06_900_bugcheck_20260605,213,21.300000000000033,B06_CLV,cav,not_applicable,7482.003857048609,0.0,29.998392896412835,0.0006696264946526754,lane_2,mainline,,normal,none,commit
BASIC-06,basic_01_06_900_bugcheck_20260605,213,21.300000000000033,B06_CFV,cav,not_applicable,7391.0525214508925,3.5,29.93169087197045,-0.7924549748623564,lane_1,mainline,,normal,none,commit
BASIC-06,basic_01_06_900_bugcheck_20260605,213,21.300000000000033,B06_TLV_CFV,cav,not_applicable,7433.24991535186,3.5,29.998985443356197,-0.4429002777293861,lane_1,mainline,,normal,none,commit
BASIC-06,basic_01_06_900_bugcheck_20260605,213,21.300000000000033,B06_TLV_CLV,cav,not_applicable,7475.626426213617,3.5,29.997322410991057,0.001115662087059377,lane_1,mainline,,normal,none,commit
BASIC-06,basic_01_06_900_bugcheck_20260605,214,21.400000000000034,B06_MV,cav,not_applicable,7236.518983280016,-3.5,2.3219005245600943,4.0,on_ramp,on_ramp_mv,,normal,not_started,commit
BASIC-06,basic_01_06_900_bugcheck_20260605,214,21.400000000000034,B06_CLV,cav,not_applicable,7485.003702766664,0.0,29.998457180556322,0.0006428414348661704,lane_2,mainline,,normal,none,commit
BASIC-06,basic_01_06_900_bugcheck_20260605,214,21.400000000000034,B06_CFV,cav,not_applicable,7394.046479542841,3.5,29.93958091948171,0.07890047511261755,lane_1,mainline,,normal,none,commit
BASIC-06,basic_01_06_900_bugcheck_20260605,214,21.400000000000034,B06_TLV_CFV,cav,not_applicable,7436.253462893924,3.5,30.035475420632885,0.36489977276686597,lane_1,mainline,,normal,none,commit
BASIC-06,basic_01_06_900_bugcheck_20260605,214,21.400000000000034,B06_TLV_CLV,cav,not_applicable,7478.6261691650725,3.5,29.997429514551413,0.0010710356035772862,lane_1,mainline,,normal,none,commit
BASIC-06,basic_01_06_900_bugcheck_20260605,215,21.500000000000036,B06_MV,cav,not_applicable,7236.745622928602,-3.5,2.266396485860505,4.0,on_ramp,on_ramp_mv,,normal,not_started,commit
BASIC-06,basic_01_06_900_bugcheck_20260605,215,21.500000000000036,B06_CLV,cav,not_applicable,7488.0035546559975,0.0,29.99851889333407,0.0006171277774711826,lane_2,mainline,,normal,none,commit
BASIC-06,basic_01_06_900_bugcheck_20260605,215,21.500000000000036,B06_CFV,cav,not_applicable,7397.048355911404,3.5,30.018763685627288,0.791827661455778,lane_1,mainline,,normal,none,commit
BASIC-06,basic_01_06_900_bugcheck_20260605,215,21.500000000000036,B06_TLV_CFV,cav,not_applicable,7439.249086888673,3.5,29.95623994749563,-0.7923547313725641,lane_1,mainline,,normal,none,commit
BASIC-06,basic_01_06_900_bugcheck_20260605,215,21.500000000000036,B06_TLV_CLV,cav,not_applicable,7481.62592239847,3.5,29.997532333969357,0.0010281941794346495,lane_1,mainline,,normal,none,commit
BASIC-06,basic_01_06_900_bugcheck_20260605,216,21.600000000000037,B06_MV,cav,not_applicable,7236.9668448533475,-3.5,2.21221924746069,4.0,on_ramp,on_ramp_mv,,normal,not_started,commit
BASIC-06,basic_01_06_900_bugcheck_20260605,216,21.600000000000037,B06_CLV,cav,not_applicable,7491.003412469758,0.0,29.998578137600706,0.0005924426663725058,lane_2,mainline,,normal,none,commit
BASIC-06,basic_01_06_900_bugcheck_20260605,216,21.600000000000037,B06_CFV,cav,not_applicable,7400.045801779014,3.5,29.974458676110032,-0.44305009517254523,lane_1,mainline,,normal,none,commit
BASIC-06,basic_01_06_900_bugcheck_20260605,216,21.600000000000037,B06_TLV_CFV,cav,not_applicable,7442.245500708348,3.5,29.964138196746966,0.07898249251335676,lane_1,mainline,,normal,none,commit
BASIC-06,basic_01_06_900_bugcheck_20260605,216,21.600000000000037,B06_TLV_CLV,cav,not_applicable,7484.625685502531,3.5,29.99763104061058,0.0009870664122573203,lane_1,mainline,,normal,none,commit
BASIC-06,basic_01_06_900_bugcheck_20260605,217,21.70000000000004,B06_MV,cav,not_applicable,7237.182778562625,-3.5,2.1593370927670485,4.0,on_ramp,on_ramp_mv,,normal,not_started,commit
BASIC-06,basic_01_06_900_bugcheck_20260605,217,21.70000000000004,B06_CLV,cav,not_applicable,7494.0032759709675,0.0,29.998635012096678,0.0005687449597175487,lane_2,mainline,,normal,none,commit
BASIC-06,basic_01_06_900_bugcheck_20260605,217,21.70000000000004,B06_CFV,cav,not_applicable,7403.0468954185735,3.5,30.010936395595916,0.36477719485882665,lane_1,mainline,,normal,none,commit
BASIC-06,basic_01_06_900_bugcheck_20260605,217,21.70000000000004,B06_TLV_CFV,cav,not_applicable,7445.249833475689,3.5,30.04332767340715,0.7918947666018373,lane_1,mainline,,normal,none,commit
BASIC-06,basic_01_06_900_bugcheck_20260605,217,21.70000000000004,B06_TLV_CLV,cav,not_applicable,7487.62545808243,3.5,29.99772579898616,0.0009475837557673117,lane_1,mainline,,normal,none,commit
BASIC-06,basic_01_06_900_bugcheck_20260605,218,21.80000000000004,B06_MV,cav,not_applicable,7237.393550468961,-3.5,2.107719063357506,4.0,on_ramp,on_ramp_mv,,normal,not_started,commit
BASIC-06,basic_01_06_900_bugcheck_20260605,218,21.80000000000004,B06_CLV,cav,not_applicable,7497.003144932129,0.0,29.99868961161281,0.0005459951613289605,lane_2,mainline,,normal,none,commit
BASIC-06,basic_01_06_900_bugcheck_20260605,218,21.80000000000004,B06_CFV,cav,not_applicable,7406.040064507909,3.5,29.931690893357093,-0.7924550223882327,lane_1,mainline,,normal,none,commit
BASIC-06,basic_01_06_900_bugcheck_20260605,218,21.80000000000004,B06_TLV_CFV,cav,not_applicable,7448.24973629112,3.5,29.999028154310935,-0.442995190962133,lane_1,mainline,,normal,none,commit
BASIC-06,basic_01_06_900_bugcheck_20260605,218,21.80000000000004,B06_TLV_CLV,cav,not_applicable,7490.6252397591325,3.5,29.997816767026713,0.0009096804055360509,lane_1,mainline,,normal,none,commit
BASIC-06,basic_01_06_900_bugcheck_20260605,219,21.90000000000004,B06_MV,cav,not_applicable,7237.599283963046,-3.5,2.057334940858147,4.0,on_ramp,on_ramp_mv,,normal,not_started,commit
BASIC-06,basic_01_06_900_bugcheck_20260605,219,21.90000000000004,B06_CLV,cav,not_applicable,7500.003019134843,0.0,29.9987420271483,0.0005241553548756883,lane_2,mainline,,normal,none,commit
BASIC-06,basic_01_06_900_bugcheck_20260605,219,21.90000000000004,B06_CFV,cav,not_applicable,7409.034022601607,3.5,29.939580936979873,0.07890043622780962,lane_1,mainline,,normal,none,commit
BASIC-06,basic_01_06_900_bugcheck_20260605,219,21.90000000000004,B06_TLV_CFV,cav,not_applicable,7451.253287327716,3.5,30.03551036595949,0.3648221164855276,lane_1,mainline,,normal,none,commit
BASIC-06,basic_01_06_900_bugcheck_20260605,219,21.90000000000004,B06_TLV_CLV,cav,not_applicable,7493.625030168767,3.5,29.997904096345643,0.0008732931893149498,lane_1,mainline,,normal,none,commit
BASIC-06,basic_01_06_900_bugcheck_20260605,220,22.000000000000043,B06_MV,cav,not_applicable,7237.800099485971,-3.5,2.0081552292522815,4.0,on_ramp,on_ramp_mv,,normal,not_started,commit
BASIC-06,basic_01_06_900_bugcheck_20260605,220,22.000000000000043,B06_CLV,cav,not_applicable,7503.002898369449,0.0,29.998792346062366,0.0005031891406801492,lane_2,mainline,,normal,none,commit
BASIC-06,basic_01_06_900_bugcheck_20260605,220,22.000000000000043,B06_CFV,cav,not_applicable,7412.0358989716015,3.5,30.018763699943968,0.7918276296409351,lane_1,mainline,,normal,none,commit
BASIC-06,basic_01_06_900_bugcheck_20260605,220,22.000000000000043,B06_TLV_CFV,cav,not_applicable,7454.248914181629,3.5,29.956268539126487,-0.7924182683300228,lane_1,mainline,,normal,none,commit
BASIC-06,basic_01_06_900_bugcheck_20260605,220,22.000000000000043,B06_TLV_CLV,cav,not_applicable,7496.624828962016,3.5,29.997987932491817,0.0008383614617429203,lane_1,mainline,,normal,none,commit
BASIC-06,basic_01_06_900_bugcheck_20260605,221,22.100000000000044,B06_MV,cav,not_applicable,7237.996114599732,-3.5,1.9601511376125904,4.0,on_ramp,on_ramp_mv,,normal,not_started,commit
BASIC-06,basic_01_06_900_bugcheck_20260605,221,22.100000000000044,B06_CLV,cav,not_applicable,7506.002782434672,0.0,29.998840652219872,0.00048306157505351166,lane_2,mainline,,normal,none,commit
BASIC-06,basic_01_06_900_bugcheck_20260605,221,22.100000000000044,B06_CFV,cav,not_applicable,7415.0333448403835,3.5,29.97445868782368,-0.44305012120287124,lane_1,mainline,,normal,none,commit
BASIC-06,basic_01_06_900_bugcheck_20260605,221,22.100000000000044,B06_TLV_CFV,cav,not_applicable,7457.245330340618,3.5,29.964161589899486,0.07893050772998145,lane_1,mainline,,normal,none,commit
BASIC-06,basic_01_06_900_bugcheck_20260605,221,22.100000000000044,B06_TLV_CLV,cav,not_applicable,7499.624635803535,3.5,29.998068415192144,0.0008048270032730898,lane_1,mainline,,normal,none,commit
BASIC-06,basic_01_06_900_bugcheck_20260605,222,22.200000000000045,B06_MV,cav,not_applicable,7238.187444056057,-3.5,1.913294563246786,4.0,on_ramp,on_ramp_mv,,normal,not_started,commit
BASIC-06,basic_01_06_900_bugcheck_20260605,222,22.200000000000045,B06_CLV,cav,not_applicable,7509.002671137285,0.0,29.998887026131076,0.000463739112051087,lane_2,mainline,,normal,none,commit
BASIC-06,basic_01_06_900_bugcheck_20260605,222,22.200000000000045,B06_CFV,cav,not_applicable,7418.034438480901,3.5,30.01093640517981,0.3647771735612872,lane_1,mainline,,normal,none,commit
BASIC-06,basic_01_06_900_bugcheck_20260605,222,22.200000000000045,B06_TLV_CFV,cav,not_applicable,7460.249665021945,3.5,30.043346813259213,0.7918522335972575,lane_1,mainline,,normal,none,commit
BASIC-06,basic_01_06_900_bugcheck_20260605,222,22.200000000000045,B06_TLV_CLV,cav,not_applicable,7502.624450371393,3.5,29.998145678584457,0.0007726339231425073,lane_1,mainline,,normal,none,commit
BASIC-06,basic_01_06_900_bugcheck_20260605,223,22.300000000000047,B06_MV,cav,not_applicable,7238.374199863581,-3.5,1.8675580752452652,4.0,on_ramp,on_ramp_mv,,normal,not_started,commit
BASIC-06,basic_01_06_900_bugcheck_20260605,223,22.300000000000047,B06_CLV,cav,not_applicable,7512.0025642917935,0.0,29.99893154508583,0.0004451895475696688,lane_2,mainline,,normal,none,commit
BASIC-06,basic_01_06_900_bugcheck_20260605,223,22.300000000000047,B06_CFV,cav,not_applicable,7421.027607571021,3.5,29.93169090119846,-0.7924550398134922,lane_1,mainline,,normal,none,commit
BASIC-06,basic_01_06_900_bugcheck_20260605,223,22.300000000000047,B06_TLV_CFV,cav,not_applicable,7463.249569403363,3.5,29.999043814189896,-0.44302999069315285,lane_1,mainline,,normal,none,commit
BASIC-06,basic_01_06_900_bugcheck_20260605,223,22.300000000000047,B06_TLV_CLV,cav,not_applicable,7505.624272356537,3.5,29.99821985144108,0.000741728566217148,lane_1,mainline,,normal,none,commit
BASIC-06,basic_01_06_900_bugcheck_20260605,224,22.40000000000005,B06_MV,cav,not_applicable,7238.556491353424,-3.5,1.8229148984227141,4.0,on_ramp,on_ramp_mv,,normal,not_started,commit
BASIC-06,basic_01_06_900_bugcheck_20260605,224,22.40000000000005,B06_CLV,cav,not_applicable,7515.002461720122,0.0,29.998974283282397,0.00042738196566745047,lane_2,mainline,,normal,none,commit
BASIC-06,basic_01_06_900_bugcheck_20260605,224,22.40000000000005,B06_CFV,cav,not_applicable,7424.02156566536,3.5,29.93958094339554,0.07890042197077918,lane_1,mainline,,normal,none,commit
BASIC-06,basic_01_06_900_bugcheck_20260605,224,22.40000000000005,B06_TLV_CFV,cav,not_applicable,7466.253121721222,3.5,30.03552317858773,0.36479364397832953,lane_1,mainline,,normal,none,commit
BASIC-06,basic_01_06_900_bugcheck_20260605,224,22.40000000000005,B06_TLV_CLV,cav,not_applicable,7508.624101462276,3.5,29.998291057383437,0.0007120594235686895,lane_1,mainline,,normal,none,commit
BASIC-06,basic_01_06_900_bugcheck_20260605,225,22.50000000000005,B06_MV,cav,not_applicable,7238.734425243188,-3.5,1.7793388976432205,4.0,on_ramp,on_ramp_mv,,normal,not_started,commit
BASIC-06,basic_01_06_900_bugcheck_20260605,225,22.50000000000005,B06_CLV,cav,not_applicable,7518.002363251317,0.0,29.9990153119511,0.00041028668704115037,lane_2,mainline,,normal,none,commit
BASIC-06,basic_01_06_900_bugcheck_20260605,225,22.50000000000005,B06_CFV,cav,not_applicable,7427.023442035879,3.5,30.018763705193148,0.791827617976092,lane_1,mainline,,normal,none,commit
BASIC-06,basic_01_06_900_bugcheck_20260605,225,22.50000000000005,B06_TLV_CFV,cav,not_applicable,7469.248749623441,3.5,29.956279022185957,-0.7924415640177302,lane_1,mainline,,normal,none,commit
BASIC-06,basic_01_06_900_bugcheck_20260605,225,22.50000000000005,B06_TLV_CLV,cav,not_applicable,7511.623937403784,3.5,29.9983594150881,0.0006835770466253167,lane_1,mainline,,normal,none,commit
BASIC-06,basic_01_06_900_bugcheck_20260605,226,22.60000000000005,B06_MV,cav,not_applicable,7238.90810569944,-3.5,1.7368045625199884,4.0,on_ramp,on_ramp_mv,,normal,not_started,commit
BASIC-06,basic_01_06_900_bugcheck_20260605,226,22.60000000000005,B06_CLV,cav,not_applicable,7521.002268721264,0.0,29.999054699473056,0.0003938752195594475,lane_2,mainline,,normal,none,commit
BASIC-06,basic_01_06_900_bugcheck_20260605,226,22.60000000000005,B06_CFV,cav,not_applicable,7430.0208879050915,3.5,29.974458692118464,-0.44305013074683375,lane_1,mainline,,normal,none,commit
BASIC-06,basic_01_06_900_bugcheck_20260605,226,22.60000000000005,B06_TLV_CFV,cav,not_applicable,7472.245166640136,3.5,29.964170166948144,0.07891144762185709,lane_1,mainline,,normal,none,commit
BASIC-06,basic_01_06_900_bugcheck_20260605,226,22.60000000000005,B06_TLV_CLV,cav,not_applicable,7514.6237799076325,3.5,29.998425038484577,0.0006562339647601334,lane_1,mainline,,normal,none,commit
BASIC-06,basic_01_06_900_bugcheck_20260605,227,22.700000000000053,B06_MV,cav,not_applicable,7239.077634398688,-3.5,1.6952869924809548,4.0,on_ramp,on_ramp_mv,,normal,not_started,commit
BASIC-06,basic_01_06_900_bugcheck_20260605,227,22.700000000000053,B06_CLV,cav,not_applicable,7524.002177972414,0.0,29.999092511494133,0.0003781202107774107,lane_2,mainline,,normal,none,commit
BASIC-06,basic_01_06_900_bugcheck_20260605,227,22.700000000000053,B06_CFV,cav,not_applicable,7433.02198154596,3.5,30.010936408693723,0.3647771657525906,lane_1,mainline,,normal,none,commit
BASIC-06,basic_01_06_900_bugcheck_20260605,227,22.700000000000053,B06_TLV_CFV,cav,not_applicable,7475.24950202322,3.5,30.043353830844477,0.7918366389633377,lane_1,mainline,,normal,none,commit
BASIC-06,basic_01_06_900_bugcheck_20260605,227,22.700000000000053,B06_TLV_CLV,cav,not_applicable,7517.623628711327,3.5,29.998488036945194,0.000629984606169387,lane_1,mainline,,normal,none,commit
BASIC-06,basic_01_06_900_bugcheck_20260605,228,22.800000000000054,B06_MV,cav,not_applicable,7239.243110586907,-3.5,1.6547618821920456,4.0,on_ramp,on_ramp_mv,,normal,not_started,commit
BASIC-06,basic_01_06_900_bugcheck_20260605,228,22.800000000000054,B06_CLV,cav,not_applicable,7527.002090853517,0.0,29.999128811034367,0.0003629954023466553,lane_2,mainline,,normal,none,commit
BASIC-06,basic_01_06_900_bugcheck_20260605,228,22.800000000000054,B06_CFV,cav,not_applicable,7436.015150636368,3.5,29.93169090407348,-0.7924550462024258,lane_1,mainline,,normal,none,commit
BASIC-06,basic_01_06_900_bugcheck_20260605,228,22.800000000000054,B06_TLV_CFV,cav,not_applicable,7478.249406978805,3.5,29.99904955585057,-0.4430427499390873,lane_1,mainline,,normal,none,commit
BASIC-06,basic_01_06_900_bugcheck_20260605,228,22.800000000000054,B06_TLV_CLV,cav,not_applicable,7520.623483562874,3.5,29.998548515467387,0.0006047852219225547,lane_1,mainline,,normal,none,commit
BASIC-06,basic_01_06_900_bugcheck_20260605,229,22.900000000000055,B06_MV,cav,not_applicable,7239.40463113764,-3.5,1.6152055073274205,4.0,on_ramp,on_ramp_mv,,normal,not_started,commit
BASIC-06,basic_01_06_900_bugcheck_20260605,229,22.900000000000055,B06_CLV,cav,not_applicable,7530.0020072193765,0.0,29.99916365859299,0.00034847558625301646,lane_2,mainline,,normal,none,commit
BASIC-06,basic_01_06_900_bugcheck_20260605,229,22.900000000000055,B06_CFV,cav,not_applicable,7439.009108730943,3.5,29.939580945747828,0.07890041674346993,lane_1,mainline,,normal,none,commit
BASIC-06,basic_01_06_900_bugcheck_20260605,229,22.900000000000055,B06_TLV_CFV,cav,not_applicable,7481.252959766436,3.5,30.0355278763101,0.36478320459529223,lane_1,mainline,,normal,none,commit
BASIC-06,basic_01_06_900_bugcheck_20260605,229,22.900000000000055,B06_TLV_CLV,cav,not_applicable,7523.623344220358,3.5,29.998606574848694,0.0005805938130450273,lane_1,mainline,,normal,none,commit
BASIC-06,basic_01_06_900_bugcheck_20260605,230,23.000000000000057,B06_MV,cav,not_applicable,7239.562290608707,-3.5,1.5765947106812706,4.0,on_ramp,on_ramp_mv,,normal,not_started,commit
BASIC-06,basic_01_06_900_bugcheck_20260605,230,23.000000000000057,B06_CLV,cav,not_applicable,7533.001926930601,0.0,29.99919711224927,0.0003345365628035779,lane_2,mainline,,normal,none,commit
BASIC-06,basic_01_06_900_bugcheck_20260605,230,23.000000000000057,B06_CFV,cav,not_applicable,7442.010985101655,3.5,30.01876370711775,0.7918276136992026,lane_1,mainline,,normal,none,commit
BASIC-06,basic_01_06_900_bugcheck_20260605,230,23.000000000000057,B06_TLV_CFV,cav,not_applicable,7484.248588053014,3.5,29.956282865776984,-0.7924501053311245,lane_1,mainline,,normal,none,commit
BASIC-06,basic_01_06_900_bugcheck_20260605,230,23.000000000000057,B06_TLV_CLV,cav,not_applicable,7526.623210451544,3.5,29.998662311854744,0.0005573700605225441,lane_1,mainline,,normal,none,commit
BASIC-06,basic_01_06_900_bugcheck_20260605,231,23.10000000000006,B06_MV,cav,not_applicable,7239.716181297568,-3.5,1.5389068886107309,4.0,on_ramp,on_ramp_mv,,normal,not_started,commit
BASIC-06,basic_01_06_900_bugcheck_20260605,231,23.10000000000006,B06_CLV,cav,not_applicable,7536.001849853377,0.0,29.9992292277593,0.00032115510029200327,lane_2,mainline,,normal,none,commit
BASIC-06,basic_01_06_900_bugcheck_20260605,231,23.10000000000006,B06_CFV,cav,not_applicable,7445.008430971025,3.5,29.974458693693137,-0.44305013424610695,lane_1,mainline,,normal,none,commit
BASIC-06,basic_01_06_900_bugcheck_20260605,231,23.10000000000006,B06_TLV_CFV,cav,not_applicable,7487.245005384184,3.5,29.96417331170444,0.0789044592745346,lane_1,mainline,,normal,none,commit
BASIC-06,basic_01_06_900_bugcheck_20260605,231,23.10000000000006,B06_TLV_CLV,cav,not_applicable,7529.623082033482,3.5,29.998715819380553,0.0005350752581023244,lane_1,mainline,,normal,none,commit
BASIC-06,basic_01_06_900_bugcheck_20260605,232,23.20000000000006,B06_MV,cav,not_applicable,7239.866393295349,-3.5,1.5021199778033898,4.0,on_ramp,on_ramp_mv,,normal,not_started,commit
BASIC-06,basic_01_06_900_bugcheck_20260605,232,23.20000000000006,B06_CLV,cav,not_applicable,7539.001775859242,0.0,29.99926005864893,0.000308308896279641,lane_2,mainline,,normal,none,commit
BASIC-06,basic_01_06_900_bugcheck_20260605,232,23.20000000000006,B06_CFV,cav,not_applicable,7448.009524612023,3.5,30.01093640998209,0.3647771628895489,lane_1,mainline,,normal,none,commit
BASIC-06,basic_01_06_900_bugcheck_20260605,232,23.20000000000006,B06_TLV_CFV,cav,not_applicable,7490.249341024567,3.5,30.043356403826902,0.7918309212246193,lane_1,mainline,,normal,none,commit
BASIC-06,basic_01_06_900_bugcheck_20260605,232,23.20000000000006,B06_TLV_CLV,cav,not_applicable,7532.622958752143,3.5,29.99876718660533,0.0005136722477786293,lane_1,mainline,,normal,none,commit
BASIC-06,basic_01_06_900_bugcheck_20260605,233,23.30000000000006,B06_MV,cav,not_applicable,7240.013014539585,-3.5,1.4662124423609109,4.0,on_ramp,on_ramp_mv,,normal,not_started,commit
BASIC-06,basic_01_06_900_bugcheck_20260605,233,23.30000000000006,B06_CLV,cav,not_applicable,7542.001704824873,0.0,29.99928965630297,0.00029597654042845534,lane_2,mainline,,normal,none,commit
BASIC-06,basic_01_06_900_bugcheck_20260605,233,23.30000000000006,B06_CFV,cav,not_applicable,7451.002693702535,3.5,29.9316909051276,-0.7924550485449144,lane_1,mainline,,normal,none,commit
BASIC-06,basic_01_06_900_bugcheck_20260605,233,23.30000000000006,B06_TLV_CFV,cav,not_applicable,7493.249246190669,3.5,29.999051661018008,-0.4430474280889478,lane_1,mainline,,normal,none,commit
BASIC-06,basic_01_06_900_bugcheck_20260605,233,23.30000000000006,B06_TLV_CLV,cav,not_applicable,7535.622840402057,3.5,29.998816499141117,0.000493125357867541,lane_1,mainline,,normal,none,commit
BASIC-06,basic_01_06_900_bugcheck_20260605,234,23.400000000000063,B06_MV,cav,not_applicable,7240.156130865705,-3.5,1.4311632611913803,4.0,on_ramp,on_ramp_mv,,normal,not_started,commit
BASIC-06,basic_01_06_900_bugcheck_20260605,234,23.400000000000063,B06_CLV,cav,not_applicable,7545.001636631878,0.0,29.99931807005085,0.00028413747881188555,lane_2,mainline,,normal,none,commit
BASIC-06,basic_01_06_900_bugcheck_20260605,234,23.400000000000063,B06_CFV,cav,not_applicable,7453.996651797196,3.5,29.93958094661029,0.07890041482688825,lane_1,mainline,,normal,none,commit
BASIC-06,basic_01_06_900_bugcheck_20260605,234,23.400000000000063,B06_TLV_CFV,cav,not_applicable,7496.25279915054,3.5,30.035529598719823,0.3647793770181337,lane_1,mainline,,normal,none,commit
BASIC-06,basic_01_06_900_bugcheck_20260605,234,23.400000000000063,B06_TLV_CLV,cav,not_applicable,7538.622726785974,3.5,29.998863839175474,0.0004734003435530099,lane_1,mainline,,normal,none,commit
BASIC-06,basic_01_06_900_bugcheck_20260605,235,23.500000000000064,B06_MV,cav,not_applicable,7240.295826057275,-3.5,1.3969519157032029,4.0,on_ramp,on_ramp_mv,,normal,not_started,commit
BASIC-06,basic_01_06_900_bugcheck_20260605,235,23.500000000000064,B06_CLV,cav,not_applicable,7548.001571166603,0.0,29.999345347248816,0.00027277197965958067,lane_2,mainline,,normal,none,commit
BASIC-06,basic_01_06_900_bugcheck_20260605,235,23.500000000000064,B06_CFV,cav,not_applicable,7456.998528167978,3.5,30.018763707823396,0.7918276121310904,lane_1,mainline,,normal,none,commit
BASIC-06,basic_01_06_900_bugcheck_20260605,235,23.500000000000064,B06_TLV_CFV,cav,not_applicable,7499.2484275780425,3.5,29.956284275021307,-0.7924532369851633,lane_1,mainline,,normal,none,commit
BASIC-06,basic_01_06_900_bugcheck_20260605,235,23.500000000000064,B06_TLV_CLV,cav,not_applicable,7541.6226177145345,3.5,29.998909285608455,0.0004544643298103779,lane_1,mainline,,normal,none,commit
BASIC-06,basic_01_06_900_bugcheck_20260605,236,23.600000000000065,B06_MV,cav,not_applicable,7240.432181895054,-3.5,1.3635583777929356,4.0,on_ramp,on_ramp_mv,,normal,not_started,commit
BASIC-06,basic_01_06_900_bugcheck_20260605,236,23.600000000000065,B06_CLV,cav,not_applicable,7551.001508319939,0.0,29.999371533358865,0.00026186110047348165,lane_2,mainline,,normal,none,commit
BASIC-06,basic_01_06_900_bugcheck_20260605,236,23.600000000000065,B06_CFV,cav,not_applicable,7459.995974037405,3.5,29.974458694270485,-0.44305013552910777,lane_1,mainline,,normal,none,commit
BASIC-06,basic_01_06_900_bugcheck_20260605,236,23.600000000000065,B06_TLV_CFV,cav,not_applicable,7502.244845024515,3.5,29.96417446472252,0.07890189701213912,lane_1,mainline,,normal,none,commit
BASIC-06,basic_01_06_900_bugcheck_20260605,236,23.600000000000065,B06_TLV_CLV,cav,not_applicable,7544.622513005953,3.5,29.998952914184116,0.0004362857566178491,lane_1,mainline,,normal,none,commit
BASIC-06,basic_01_06_900_bugcheck_20260605,237,23.700000000000067,B06_MV,cav,not_applicable,7240.5652782048655,-3.5,1.3309630981203238,4.0,on_ramp,on_ramp_mv,,normal,not_started,commit
BASIC-06,basic_01_06_900_bugcheck_20260605,237,23.700000000000067,B06_CLV,cav,not_applicable,7554.001447987142,0.0,29.99939667202451,0.0002513866564541445,lane_2,mainline,,normal,none,commit
BASIC-06,basic_01_06_900_bugcheck_20260605,237,23.700000000000067,B06_CFV,cav,not_applicable,7462.997067678451,3.5,30.010936410454466,0.36477716183982095,lane_1,mainline,,normal,none,commit
BASIC-06,basic_01_06_900_bugcheck_20260605,237,23.700000000000067,B06_TLV_CFV,cav,not_applicable,7505.249180759235,3.5,30.043357347205333,0.7918288248281138,lane_1,mainline,,normal,none,commit
BASIC-06,basic_01_06_900_bugcheck_20260605,237,23.700000000000067,B06_TLV_CLV,cav,not_applicable,7547.622412485714,3.5,29.998994797616753,0.00041883432635358986,lane_1,mainline,,normal,none,commit
BASIC-06,basic_01_06_900_bugcheck_20260605,238,23.800000000000068,B06_MV,cav,not_applicable,7240.695192904332,-3.5,1.2991469946635772,4.0,on_ramp,on_ramp_mv,,normal,not_started,commit
BASIC-06,basic_01_06_900_bugcheck_20260605,238,23.800000000000068,B06_CLV,cav,not_applicable,7557.001390067656,0.0,29.99942080514353,0.0002413311901960924,lane_2,mainline,,normal,none,commit
BASIC-06,basic_01_06_900_bugcheck_20260605,238,23.800000000000068,B06_CFV,cav,not_applicable,7465.990236769002,3.5,29.93169090551409,-0.7924550494037828,lane_1,mainline,,normal,none,commit
BASIC-06,basic_01_06_900_bugcheck_20260605,238,23.800000000000068,B06_TLV_CFV,cav,not_applicable,7508.249086002523,3.5,29.99905243287309,-0.4430491433224524,lane_1,mainline,,normal,none,commit
BASIC-06,basic_01_06_900_bugcheck_20260605,238,23.800000000000068,B06_TLV_CLV,cav,not_applicable,7550.622315986286,3.5,29.999035005712084,0.00040208095329887785,lane_1,mainline,,normal,none,commit
BASIC-06,basic_01_06_900_bugcheck_20260605,239,23.90000000000007,B06_MV,cav,not_applicable,7240.822002048487,-3.5,1.268091441548585,4.0,on_ramp,on_ramp_mv,,normal,not_started,commit
BASIC-06,basic_01_06_900_bugcheck_20260605,239,23.90000000000007,B06_CLV,cav,not_applicable,7560.00133446495,0.0,29.999443972937787,0.0002316779425882487,lane_2,mainline,,normal,none,commit
BASIC-06,basic_01_06_900_bugcheck_20260605,239,23.90000000000007,B06_CFV,cav,not_applicable,7468.984194863695,3.5,29.939580946926505,0.07890041412417781,lane_1,mainline,,normal,none,commit
BASIC-06,basic_01_06_900_bugcheck_20260605,239,23.90000000000007,B06_TLV_CFV,cav,not_applicable,7511.252639025546,3.5,30.035530230237615,0.36477797364526626,lane_1,mainline,,normal,none,commit
BASIC-06,basic_01_06_900_bugcheck_20260605,239,23.90000000000007,B06_TLV_CLV,cav,not_applicable,7553.622223346834,3.5,29.999073605483602,0.00038599771516629745,lane_1,mainline,,normal,none,commit
BASIC-06,basic_01_06_900_bugcheck_20260605,240,24.00000000000007,B06_MV,cav,not_applicable,7240.9457798743015,-3.5,1.2377782581446766,4.0,on_ramp,on_ramp_mv,,normal,not_started,commit
BASIC-06,basic_01_06_900_bugcheck_20260605,240,24.00000000000007,B06_CLV,cav,not_applicable,7563.001281086352,0.0,29.999466214020273,0.00022241082488534404,lane_2,mainline,,normal,none,commit
BASIC-06,basic_01_06_900_bugcheck_20260605,240,24.00000000000007,B06_CFV,cav,not_applicable,7471.9860712345035,3.5,30.01876370808212,0.7918276115561454,lane_1,mainline,,normal,none,commit
BASIC-06,basic_01_06_900_bugcheck_20260605,240,24.00000000000007,B06_TLV_CFV,cav,not_applicable,7514.248267504718,3.5,29.95628479171768,-0.7924543851993275,lane_1,mainline,,normal,none,commit
BASIC-06,basic_01_06_900_bugcheck_20260605,240,24.00000000000007,B06_TLV_CLV,cav,not_applicable,7556.622134412961,3.5,29.999110661264258,0.00037055780655919084,lane_1,mainline,,normal,none,commit
BASIC-06,basic_01_06_900_bugcheck_20260605,241,24.100000000000072,B06_MV,cav,not_applicable,7241.066598844143,-3.5,1.2081896984217095,4.0,on_ramp,on_ramp_mv,,normal,not_started,commit
BASIC-06,basic_01_06_900_bugcheck_20260605,241,24.100000000000072,B06_CLV,cav,not_applicable,7566.001229842897,0.0,29.99948756545946,0.0002135143918906124,lane_2,mainline,,normal,none,commit
BASIC-06,basic_01_06_900_bugcheck_20260605,241,24.100000000000072,B06_CFV,cav,not_applicable,7474.983517103951,3.5,29.974458694482166,-0.44305013599951737,lane_1,mainline,,normal,none,commit
BASIC-06,basic_01_06_900_bugcheck_20260605,241,24.100000000000072,B06_TLV_CFV,cav,not_applicable,7517.244684993465,3.5,29.9641748874741,0.07890095756418658,lane_1,mainline,,normal,none,commit
BASIC-06,basic_01_06_900_bugcheck_20260605,241,24.100000000000072,B06_TLV_CLV,cav,not_applicable,7559.622049036442,3.5,29.999146234813686,0.0003557354942969937,lane_1,mainline,,normal,none,commit
BASIC-06,basic_01_06_900_bugcheck_20260605,242,24.200000000000074,B06_MV,cav,not_applicable,7241.184529688199,-3.5,1.1793084405606589,4.0,on_ramp,on_ramp_mv,,normal,not_started,commit
BASIC-06,basic_01_06_900_bugcheck_20260605,242,24.200000000000074,B06_CLV,cav,not_applicable,7569.001180649181,0.0,29.999508062841084,0.00020497381621567003,lane_2,mainline,,normal,none,commit
BASIC-06,basic_01_06_900_bugcheck_20260605,242,24.200000000000074,B06_CFV,cav,not_applicable,7477.984610745014,3.5,30.01093641062766,0.3647771614549404,lane_1,mainline,,normal,none,commit
BASIC-06,basic_01_06_900_bugcheck_20260605,242,24.200000000000074,B06_TLV_CFV,cav,not_applicable,7520.249020762774,3.5,30.04335769309299,0.79182805618888,lane_1,mainline,,normal,none,commit
BASIC-06,basic_01_06_900_bugcheck_20260605,242,24.200000000000074,B06_TLV_CLV,cav,not_applicable,7562.621967074984,3.5,29.999180385421138,0.00034150607452545503,lane_1,mainline,,normal,none,commit
BASIC-06,basic_01_06_900_bugcheck_20260605,243,24.300000000000075,B06_MV,cav,not_applicable,7241.29964144588,-3.5,1.1511175768129243,4.0,on_ramp,on_ramp_mv,,normal,not_started,commit
BASIC-06,basic_01_06_900_bugcheck_20260605,243,24.300000000000075,B06_CLV,cav,not_applicable,7572.001133423214,0.0,29.99952774032744,0.00019677486356641796,lane_2,mainline,,normal,none,commit
BASIC-06,basic_01_06_900_bugcheck_20260605,243,24.300000000000075,B06_CFV,cav,not_applicable,7480.97777983558,3.5,29.931690905655792,-0.7924550497186851,lane_1,mainline,,normal,none,commit
BASIC-06,basic_01_06_900_bugcheck_20260605,243,24.300000000000075,B06_TLV_CFV,cav,not_applicable,7523.248926034362,3.5,29.99905271587208,-0.44304977220909814,lane_1,mainline,,normal,none,commit
BASIC-06,basic_01_06_900_bugcheck_20260605,243,24.300000000000075,B06_TLV_CLV,cav,not_applicable,7565.621888391985,3.5,29.999213170004293,0.0003278458315449484,lane_1,mainline,,normal,none,commit
BASIC-06,basic_01_06_900_bugcheck_20260605,244,24.400000000000077,B06_MV,cav,not_applicable,7241.412001506241,-3.5,1.1236006036027029,4.0,on_ramp,on_ramp_mv,,normal,not_started,commit
BASIC-06,basic_01_06_900_bugcheck_20260605,244,24.400000000000077,B06_CLV,cav,not_applicable,7575.001088086286,0.0,29.99954663071434,0.00018890386902370437,lane_2,mainline,,normal,none,commit
BASIC-06,basic_01_06_900_bugcheck_20260605,244,24.400000000000077,B06_CFV,cav,not_applicable,7483.971737930284,3.5,29.939580947042444,0.07890041386653046,lane_1,mainline,,normal,none,commit
BASIC-06,basic_01_06_900_bugcheck_20260605,244,24.400000000000077,B06_TLV_CFV,cav,not_applicable,7526.25247908054,3.5,30.035530461782244,0.36477745910164705,lane_1,mainline,,normal,none,commit
BASIC-06,basic_01_06_900_bugcheck_20260605,244,24.400000000000077,B06_TLV_CLV,cav,not_applicable,7568.621812856305,3.5,29.999244643204122,0.00031473199828297994,lane_1,mainline,,normal,none,commit
BASIC-06,basic_01_06_900_bugcheck_20260605,245,24.500000000000078,B06_MV,cav,not_applicable,7241.521675647427,-3.5,1.0967414118648173,4.0,on_ramp,on_ramp_mv,,normal,not_started,commit
BASIC-06,basic_01_06_900_bugcheck_20260605,245,24.500000000000078,B06_CLV,cav,not_applicable,7578.001044562834,0.0,29.99956476548577,0.00018134771426332464,lane_2,mainline,,normal,none,commit
BASIC-06,basic_01_06_900_bugcheck_20260605,245,24.500000000000078,B06_CFV,cav,not_applicable,7486.973614301101,3.5,30.018763708176976,0.7918276113453431,lane_1,mainline,,normal,none,commit
BASIC-06,basic_01_06_900_bugcheck_20260605,245,24.500000000000078,B06_TLV_CFV,cav,not_applicable,7529.248107578656,3.5,29.95628498116329,-0.7924548061895614,lane_1,mainline,,normal,none,commit
BASIC-06,basic_01_06_900_bugcheck_20260605,245,24.500000000000078,B06_TLV_CLV,cav,not_applicable,7571.621740342052,3.5,29.999274857475957,0.00030214271835120603,lane_1,mainline,,normal,none,commit
BASIC-06,basic_01_06_900_bugcheck_20260605,246,24.60000000000008,B06_MV,cav,not_applicable,7241.6287280751885,-3.5,1.0705242776147395,4.0,on_ramp,on_ramp_mv,,normal,not_started,commit
BASIC-06,basic_01_06_900_bugcheck_20260605,246,24.60000000000008,B06_CLV,cav,not_applicable,7581.001002780321,0.0,29.999582174866337,0.00017409380569262113,lane_2,mainline,,normal,none,commit
BASIC-06,basic_01_06_900_bugcheck_20260605,246,24.60000000000008,B06_CFV,cav,not_applicable,7489.971060170557,3.5,29.97445869455978,-0.44305013617199196,lane_1,mainline,,normal,none,commit
BASIC-06,basic_01_06_900_bugcheck_20260605,246,24.60000000000008,B06_TLV_CFV,cav,not_applicable,7532.244525082904,3.5,29.964175042475052,0.07890061311763163,lane_1,mainline,,normal,none,commit
BASIC-06,basic_01_06_900_bugcheck_20260605,246,24.60000000000008,B06_TLV_CLV,cav,not_applicable,7574.62167072837,3.5,29.99930386317692,0.0002900570096173283,lane_1,mainline,,normal,none,commit
BASIC-06,basic_01_06_900_bugcheck_20260605,247,24.70000000000008,B06_MV,cav,not_applicable,7241.733221460463,-3.5,1.044933852742981,4.0,on_ramp,on_ramp_mv,,normal,not_started,commit
BASIC-06,basic_01_06_900_bugcheck_20260605,247,24.70000000000008,B06_CLV,cav,not_applicable,7584.000962669108,0.0,29.999598887871684,0.0001671300534653142,lane_2,mainline,,normal,none,commit
BASIC-06,basic_01_06_900_bugcheck_20260605,247,24.70000000000008,B06_CFV,cav,not_applicable,7492.972153811626,3.5,30.010936410691162,0.3647771613138248,lane_1,mainline,,normal,none,commit
BASIC-06,basic_01_06_900_bugcheck_20260605,247,24.70000000000008,B06_TLV_CFV,cav,not_applicable,7535.2488608648955,3.5,30.04335781991195,0.7918277743689713,lane_1,mainline,,normal,none,commit
BASIC-06,basic_01_06_900_bugcheck_20260605,247,24.70000000000008,B06_TLV_CLV,cav,not_applicable,7577.621603899235,3.5,29.999331708649844,0.0002784547292321804,lane_1,mainline,,normal,none,commit
BASIC-06,basic_01_06_900_bugcheck_20260605,248,24.800000000000082,B06_MV,cav,not_applicable,7241.835216976066,-3.5,1.0199551560297222,4.0,on_ramp,on_ramp_mv,,normal,not_started,commit
BASIC-06,basic_01_06_900_bugcheck_20260605,248,24.800000000000082,B06_CLV,cav,not_applicable,7587.000924162344,0.0,29.999614932356817,0.00016044485132624687,lane_2,mainline,,normal,none,commit
BASIC-06,basic_01_06_900_bugcheck_20260605,248,24.800000000000082,B06_CFV,cav,not_applicable,7495.965322902197,3.5,29.931690905707747,-0.7924550498341433,lane_1,mainline,,normal,none,commit
BASIC-06,basic_01_06_900_bugcheck_20260605,248,24.800000000000082,B06_TLV_CFV,cav,not_applicable,7538.2487661468585,3.5,29.999052819633047,-0.4430500027890234,lane_1,mainline,,normal,none,commit
BASIC-06,basic_01_06_900_bugcheck_20260605,248,24.800000000000082,B06_TLV_CLV,cav,not_applicable,7580.621539743265,3.5,29.99935844030385,0.00026731654006226794,lane_1,mainline,,normal,none,commit
BASIC-06,basic_01_06_900_bugcheck_20260605,249,24.900000000000084,B06_MV,cav,not_applicable,7241.934774332503,-3.5,0.9955735643753287,4.0,on_ramp,on_ramp_mv,,normal,not_started,commit
BASIC-06,basic_01_06_900_bugcheck_20260605,249,24.900000000000084,B06_CLV,cav,not_applicable,7590.00088719585,0.0,29.999630335062545,0.00015402705727325384,lane_2,mainline,,normal,none,commit
BASIC-06,basic_01_06_900_bugcheck_20260605,249,24.900000000000084,B06_CFV,cav,not_applicable,7498.959280996905,3.5,29.939580947084952,0.07890041377206469,lane_1,mainline,,normal,none,commit
BASIC-06,basic_01_06_900_bugcheck_20260605,249,24.900000000000084,B06_TLV_CFV,cav,not_applicable,7541.252319201526,3.5,30.03553054667758,0.3647772704453445,lane_1,mainline,,normal,none,commit
BASIC-06,basic_01_06_900_bugcheck_20260605,249,24.900000000000084,B06_TLV_CLV,cav,not_applicable,7583.621478153535,3.5,29.999384102691696,0.0002566238784595498,lane_1,mainline,,normal,none,commit
BASIC-06,basic_01_06_900_bugcheck_20260605,250,25.000000000000085,B06_MV,cav,not_applicable,7242.031951812927,-3.5,0.9717748042384968,4.0,on_ramp,on_ramp_mv,,normal,not_started,commit
BASIC-06,basic_01_06_900_bugcheck_20260605,250,25.000000000000085,B06_CLV,cav,not_applicable,7593.000851708016,0.0,29.99964512166004,0.00014786597498215315,lane_2,mainline,,normal,none,commit
BASIC-06,basic_01_06_900_bugcheck_20260605,250,25.000000000000085,B06_CFV,cav,not_applicable,7501.961157367727,3.5,30.018763708211758,0.7918276112680529,lane_1,mainline,,normal,none,commit
BASIC-06,basic_01_06_900_bugcheck_20260605,250,25.000000000000085,B06_TLV_CFV,cav,not_applicable,7544.247947706588,3.5,29.95628505062311,-0.792454960544718,lane_1,mainline,,normal,none,commit
BASIC-06,basic_01_06_900_bugcheck_20260605,250,25.000000000000085,B06_TLV_CLV,cav,not_applicable,7586.621419027393,3.5,29.999408738584027,0.00024635892332156576,lane_1,mainline,,normal,none,commit
BASIC-06,basic_01_06_900_bugcheck_20260605,251,25.100000000000087,B06_MV,cav,not_applicable,7242.126806307256,-3.5,0.9485449432813726,4.0,on_ramp,on_ramp_mv,,normal,not_started,commit
BASIC-06,basic_01_06_900_bugcheck_20260605,251,25.100000000000087,B06_CLV,cav,not_applicable,7596.000817639695,0.0,29.99965931679364,0.0001419513359834923,lane_2,mainline,,normal,none,commit
BASIC-06,basic_01_06_900_bugcheck_20260605,251,25.100000000000087,B06_CFV,cav,not_applicable,7504.958603237185,3.5,29.974458694588236,-0.4430501362352294,lane_1,mainline,,normal,none,commit
BASIC-06,basic_01_06_900_bugcheck_20260605,251,25.100000000000087,B06_TLV_CFV,cav,not_applicable,7547.244365216518,3.5,29.964175099305812,0.07890048682704898,lane_1,mainline,,normal,none,commit
BASIC-06,basic_01_06_900_bugcheck_20260605,251,25.100000000000087,B06_TLV_CLV,cav,not_applicable,7589.621362266297,3.5,29.999432389040667,0.00023650456638932838,lane_1,mainline,,normal,none,commit
BASIC-06,basic_01_06_900_bugcheck_20260605,252,25.200000000000088,B06_MV,cav,not_applicable,7242.219393345477,-3.5,0.9258703822122982,4.0,on_ramp,on_ramp_mv,,normal,not_started,commit
BASIC-06,basic_01_06_900_bugcheck_20260605,252,25.200000000000088,B06_CLV,cav,not_applicable,7599.000784934107,0.0,29.999672944121894,0.0001362732825441526,lane_2,mainline,,normal,none,commit
BASIC-06,basic_01_06_900_bugcheck_20260605,252,25.200000000000088,B06_CFV,cav,not_applicable,7507.959696878257,3.5,30.010936410714443,0.3647771612620851,lane_1,mainline,,normal,none,commit
BASIC-06,basic_01_06_900_bugcheck_20260605,252,25.200000000000088,B06_TLV_CFV,cav,not_applicable,7550.248701003159,3.5,30.043357866409846,0.7918276710403128,lane_1,mainline,,normal,none,commit
BASIC-06,basic_01_06_900_bugcheck_20260605,252,25.200000000000088,B06_TLV_CLV,cav,not_applicable,7592.621307775645,3.5,29.99945509347904,0.00022704438373324367,lane_1,mainline,,normal,none,commit
BASIC-06,basic_01_06_900_bugcheck_20260605,253,25.30000000000009,B06_MV,cav,not_applicable,7242.30976713016,-3.5,0.9037378468250975,4.0,on_ramp,on_ramp_mv,,normal,not_started,commit
BASIC-06,basic_01_06_900_bugcheck_20260605,253,25.30000000000009,B06_CLV,cav,not_applicable,7602.000753536743,0.0,29.99968602635702,0.00013082235124244336,lane_2,mainline,,normal,none,commit
BASIC-06,basic_01_06_900_bugcheck_20260605,253,25.30000000000009,B06_CFV,cav,not_applicable,7510.952865968829,3.5,29.931690905726796,-0.7924550498764757,lane_1,mainline,,normal,none,commit
BASIC-06,basic_01_06_900_bugcheck_20260605,253,25.30000000000009,B06_TLV_CFV,cav,not_applicable,7553.248606288927,3.5,29.99905285767678,-0.4430500873306531,lane_1,mainline,,normal,none,commit
BASIC-06,basic_01_06_900_bugcheck_20260605,253,25.30000000000009,B06_TLV_CLV,cav,not_applicable,7595.621255464619,3.5,29.999476889739878,0.0002179626083844255,lane_1,mainline,,normal,none,commit
BASIC-06,basic_01_06_900_bugcheck_20260605,254,25.40000000000009,B06_MV,cav,not_applicable,7242.397980568183,-3.5,0.882134380227726,4.0,on_ramp,on_ramp_mv,,normal,not_started,commit
BASIC-06,basic_01_06_900_bugcheck_20260605,254,25.40000000000009,B06_CLV,cav,not_applicable,7605.000723395274,0.0,29.99969858530274,0.00012558945719263193,lane_2,mainline,,normal,none,commit
BASIC-06,basic_01_06_900_bugcheck_20260605,254,25.40000000000009,B06_CFV,cav,not_applicable,7513.94682406354,3.5,29.939580947100538,0.07890041373742895,lane_1,mainline,,normal,none,commit
BASIC-06,basic_01_06_900_bugcheck_20260605,254,25.40000000000009,B06_TLV_CFV,cav,not_applicable,7556.252159346707,3.5,30.035530577804273,0.36477720127492025,lane_1,mainline,,normal,none,commit
BASIC-06,basic_01_06_900_bugcheck_20260605,254,25.40000000000009,B06_TLV_CLV,cav,not_applicable,7598.621205246034,3.5,29.99949781415028,0.00020924410404887794,lane_1,mainline,,normal,none,commit
BASIC-06,basic_01_06_900_bugcheck_20260605,255,25.500000000000092,B06_MV,cav,not_applicable,7242.484085301709,-3.5,0.8610473352572426,4.0,on_ramp,on_ramp_mv,,normal,not_started,commit
BASIC-06,basic_01_06_900_bugcheck_20260605,255,25.500000000000092,B06_CLV,cav,not_applicable,7608.0006944594625,0.0,29.99971064189063,0.00012056587890469929,lane_2,mainline,,normal,none,commit
BASIC-06,basic_01_06_900_bugcheck_20260605,255,25.500000000000092,B06_CFV,cav,not_applicable,7516.948700434362,3.5,30.01876370822451,0.7918276112397146,lane_1,mainline,,normal,none,commit
BASIC-06,basic_01_06_900_bugcheck_20260605,255,25.500000000000092,B06_TLV_CFV,cav,not_applicable,7559.247787854316,3.5,29.956285076090403,-0.7924550171387015,lane_1,mainline,,normal,none,commit
BASIC-06,basic_01_06_900_bugcheck_20260605,255,25.500000000000092,B06_TLV_CLV,cav,not_applicable,7601.621157036193,3.5,29.99951790158427,0.00020087433988749128,lane_1,mainline,,normal,none,commit
BASIC-06,basic_01_06_900_bugcheck_20260605,256,25.600000000000094,B06_MV,cav,not_applicable,7242.568131738416,-3.5,0.8404643670754497,4.0,on_ramp,on_ramp_mv,,normal,not_started,commit
BASIC-06,basic_01_06_900_bugcheck_20260605,256,25.600000000000094,B06_CLV,cav,not_applicable,7611.000666681084,0.0,29.999722216215005,0.00011574324374805656,lane_2,mainline,,normal,none,commit
BASIC-06,basic_01_06_900_bugcheck_20260605,256,25.600000000000094,B06_CFV,cav,not_applicable,7519.9461463038215,3.5,29.974458694598667,-0.4430501362584153,lane_1,mainline,,normal,none,commit
BASIC-06,basic_01_06_900_bugcheck_20260605,256,25.600000000000094,B06_TLV_CFV,cav,not_applicable,7562.24420536633,3.5,29.96417512014269,0.0789004405228807,lane_1,mainline,,normal,none,commit
BASIC-06,basic_01_06_900_bugcheck_20260605,256,25.600000000000094,B06_TLV_CLV,cav,not_applicable,7604.621110754745,3.5,29.9995371855209,0.00019283936629221898,lane_1,mainline,,normal,none,commit
BASIC-06,basic_01_06_900_bugcheck_20260605,257,25.700000000000095,B06_MV,cav,not_applicable,7242.65016908101,-3.5,0.8203734259423743,4.0,on_ramp,on_ramp_mv,,normal,not_started,commit
BASIC-06,basic_01_06_900_bugcheck_20260605,257,25.700000000000095,B06_CLV,cav,not_applicable,7614.000640013841,0.0,29.999733327566403,0.00011111351399790693,lane_2,mainline,,normal,none,commit
BASIC-06,basic_01_06_900_bugcheck_20260605,257,25.700000000000095,B06_CFV,cav,not_applicable,7522.947239944894,3.5,30.010936410722977,0.3647771612431148,lane_1,mainline,,normal,none,commit
BASIC-06,basic_01_06_900_bugcheck_20260605,257,25.700000000000095,B06_TLV_CFV,cav,not_applicable,7565.248541154676,3.5,30.0433578834582,0.7918276331550842,lane_1,mainline,,normal,none,commit
BASIC-06,basic_01_06_900_bugcheck_20260605,257,25.700000000000095,B06_TLV_CLV,cav,not_applicable,7607.621066324555,3.5,29.999555698100064,0.0001851257916399618,lane_1,mainline,,normal,none,commit
BASIC-06,basic_01_06_900_bugcheck_20260605,258,25.800000000000097,B06_MV,cav,not_applicable,7242.730245356026,-3.5,0.8007627501619394,4.0,on_ramp,on_ramp_mv,,normal,not_started,commit
BASIC-06,basic_01_06_900_bugcheck_20260605,258,25.800000000000097,B06_CLV,cav,not_applicable,7617.000614413288,0.0,29.999743994463746,0.00010666897343867277,lane_2,mainline,,normal,none,commit
BASIC-06,basic_01_06_900_bugcheck_20260605,258,25.800000000000097,B06_CFV,cav,not_applicable,7525.940409035467,3.5,29.931690905733777,-0.7924550498919969,lane_1,mainline,,normal,none,commit
BASIC-06,basic_01_06_900_bugcheck_20260605,258,25.800000000000097,B06_TLV_CFV,cav,not_applicable,7568.2484464418385,3.5,29.999052871625434,-0.4430501183276584,lane_1,mainline,,normal,none,commit
BASIC-06,basic_01_06_900_bugcheck_20260605,258,25.800000000000097,B06_TLV_CLV,cav,not_applicable,7610.621023671572,3.5,29.99957347017606,0.00017772075997442017,lane_1,mainline,,normal,none,commit
BASIC-06,basic_01_06_900_bugcheck_20260605,259,25.900000000000098,B06_MV,cav,not_applicable,7242.808407441946,-3.5,0.7816208591963465,4.0,on_ramp,on_ramp_mv,,normal,not_started,commit
BASIC-06,basic_01_06_900_bugcheck_20260605,259,25.900000000000098,B06_CLV,cav,not_applicable,7620.000589836756,0.0,29.999754234685195,0.00010240221450175113,lane_2,mainline,,normal,none,commit
BASIC-06,basic_01_06_900_bugcheck_20260605,259,25.900000000000098,B06_CFV,cav,not_applicable,7528.934367130178,3.5,29.93958094710625,0.07890041372472989,lane_1,mainline,,normal,none,commit
BASIC-06,basic_01_06_900_bugcheck_20260605,259,25.900000000000098,B06_TLV_CFV,cav,not_applicable,7571.251999500761,3.5,30.03553058921681,0.3647771759137341,lane_1,mainline,,normal,none,commit
BASIC-06,basic_01_06_900_bugcheck_20260605,259,25.900000000000098,B06_TLV_CLV,cav,not_applicable,7613.620982724709,3.5,29.999590531369016,0.00017061192957612548,lane_1,mainline,,normal,none,commit
BASIC-06,basic_01_06_900_bugcheck_20260605,260,26.0000000000001,B06_MV,cav,not_applicable,7242.88470109664,-3.5,0.7629365469450371,4.0,on_ramp,on_ramp_mv,,normal,not_started,commit
BASIC-06,basic_01_06_900_bugcheck_20260605,260,26.0000000000001,B06_CLV,cav,not_applicable,7623.000566243286,0.0,29.999764065297786,9.830612592196531e-05,lane_2,mainline,,normal,none,commit
BASIC-06,basic_01_06_900_bugcheck_20260605,260,26.0000000000001,B06_CFV,cav,not_applicable,7531.936243501001,3.5,30.018763708229184,0.7918276112293244,lane_1,mainline,,normal,none,commit
BASIC-06,basic_01_06_900_bugcheck_20260605,260,26.0000000000001,B06_TLV_CFV,cav,not_applicable,7574.247628009303,3.5,29.956285085427933,-0.7924550378887629,lane_1,mainline,,normal,none,commit
BASIC-06,basic_01_06_900_bugcheck_20260605,260,26.0000000000001,B06_TLV_CLV,cav,not_applicable,7616.620943415721,3.5,29.999606910114256,0.0001637874523936489,lane_1,mainline,,normal,none,commit
BASIC-06,basic_01_06_900_bugcheck_20260605,261,26.1000000000001,B06_MV,cav,not_applicable,7242.959170984159,-3.5,0.7446988751847562,4.0,on_ramp,on_ramp_mv,,normal,not_started,commit
BASIC-06,basic_01_06_900_bugcheck_20260605,261,26.1000000000001,B06_CLV,cav,not_applicable,7626.0005435935545,0.0,29.999773502685873,9.437388088571197e-05,lane_2,mainline,,normal,none,commit
BASIC-06,basic_01_06_900_bugcheck_20260605,261,26.1000000000001,B06_CFV,cav,not_applicable,7534.933689370461,3.5,29.974458694602493,-0.44305013626691636,lane_1,mainline,,normal,none,commit
BASIC-06,basic_01_06_900_bugcheck_20260605,261,26.1000000000001,B06_TLV_CFV,cav,not_applicable,7577.244045522081,3.5,29.96417512778249,0.07890042354555771,lane_1,mainline,,normal,none,commit
BASIC-06,basic_01_06_900_bugcheck_20260605,261,26.1000000000001,B06_TLV_CLV,cav,not_applicable,7619.620905679092,3.5,29.999622633709684,0.00015723595429761872,lane_1,mainline,,normal,none,commit
BASIC-06,basic_01_06_900_bugcheck_20260605,262,26.200000000000102,B06_MV,cav,not_applicable,7243.031860700876,-3.5,0.7268971671654992,4.0,on_ramp,on_ramp_mv,,normal,not_started,commit
BASIC-06,basic_01_06_900_bugcheck_20260605,262,26.200000000000102,B06_CLV,cav,not_applicable,7629.000521849813,0.0,29.99978256257844,9.059892565090878e-05,lane_2,mainline,,normal,none,commit
BASIC-06,basic_01_06_900_bugcheck_20260605,262,26.200000000000102,B06_CFV,cav,not_applicable,7537.934783011534,3.5,30.01093641072611,0.3647771612361594,lane_1,mainline,,normal,none,commit
BASIC-06,basic_01_06_900_bugcheck_20260605,262,26.200000000000102,B06_TLV_CFV,cav,not_applicable,7580.248381311052,3.5,30.043357889708943,0.7918276192645473,lane_1,mainline,,normal,none,commit
BASIC-06,basic_01_06_900_bugcheck_20260605,262,26.200000000000102,B06_TLV_CLV,cav,not_applicable,7622.620869451928,3.5,29.999637728361296,0.00015094651612628242,lane_1,mainline,,normal,none,commit
BASIC-06,basic_01_06_900_bugcheck_20260605,263,26.300000000000104,B06_MV,cav,not_applicable,7243.102812801012,-3.5,0.7095210013606036,4.0,on_ramp,on_ramp_mv,,normal,not_started,commit
BASIC-06,basic_01_06_900_bugcheck_20260605,263,26.300000000000104,B06_CLV,cav,not_applicable,7632.000500975821,0.0,29.999791260075302,8.697496862453136e-05,lane_2,mainline,,normal,none,commit
BASIC-06,basic_01_06_900_bugcheck_20260605,263,26.300000000000104,B06_CFV,cav,not_applicable,7540.927952102107,3.5,29.931690905736343,-0.7924550498976877,lane_1,mainline,,normal,none,commit
BASIC-06,basic_01_06_900_bugcheck_20260605,263,26.300000000000104,B06_TLV_CFV,cav,not_applicable,7583.248286598726,3.5,29.99905287673968,-0.4430501296926431,lane_1,mainline,,normal,none,commit
BASIC-06,basic_01_06_900_bugcheck_20260605,263,26.300000000000104,B06_TLV_CLV,cav,not_applicable,7625.620834673851,3.5,29.999652219226846,0.00014490865548140165,lane_1,mainline,,normal,none,commit
BASIC-06,basic_01_06_900_bugcheck_20260605,264,26.400000000000105,B06_MV,cav,not_applicable,7243.172068821548,-3.5,0.6925602053655483,4.0,on_ramp,on_ramp_mv,,normal,not_started,commit
BASIC-06,basic_01_06_900_bugcheck_20260605,264,26.400000000000105,B06_CLV,cav,not_applicable,7635.000480936787,0.0,29.99979960967229,8.349596987926589e-05,lane_2,mainline,,normal,none,commit
BASIC-06,basic_01_06_900_bugcheck_20260605,264,26.400000000000105,B06_CFV,cav,not_applicable,7543.921910196818,3.5,29.93958094710835,0.07890041372007384,lane_1,mainline,,normal,none,commit
BASIC-06,basic_01_06_900_bugcheck_20260605,264,26.400000000000105,B06_TLV_CFV,cav,not_applicable,7586.251839658066,3.5,30.03553059340119,0.3647771666151102,lane_1,mainline,,normal,none,commit
BASIC-06,basic_01_06_900_bugcheck_20260605,264,26.400000000000105,B06_TLV_CLV,cav,not_applicable,7628.620801286897,3.5,29.999666130457772,0.00013911230926169082,lane_1,mainline,,normal,none,commit
BASIC-06,basic_01_06_900_bugcheck_20260605,265,26.500000000000107,B06_MV,cav,not_applicable,7243.239669306543,-3.5,0.6760048499428548,4.0,on_ramp,on_ramp_mv,,normal,not_started,commit
BASIC-06,basic_01_06_900_bugcheck_20260605,265,26.500000000000107,B06_CLV,cav,not_applicable,7638.000461699316,0.0,29.9998076252854,8.015613108369735e-05,lane_2,mainline,,normal,none,commit
BASIC-06,basic_01_06_900_bugcheck_20260605,265,26.500000000000107,B06_CFV,cav,not_applicable,7546.923786567641,3.5,30.018763708230903,0.7918276112255149,lane_1,mainline,,normal,none,commit
BASIC-06,basic_01_06_900_bugcheck_20260605,265,26.500000000000107,B06_TLV_CFV,cav,not_applicable,7589.247468166952,3.5,29.95628508885152,-0.792455045496728,lane_1,mainline,,normal,none,commit
BASIC-06,basic_01_06_900_bugcheck_20260605,265,26.500000000000107,B06_TLV_CLV,cav,not_applicable,7631.620769235421,3.5,29.99967948523946,0.00013354781689116637,lane_1,mainline,,normal,none,commit
BASIC-06,basic_01_06_900_bugcheck_20260605,266,26.600000000000108,B06_MV,cav,not_applicable,7243.305653830864,-3.5,0.659845243208739,4.0,on_ramp,on_ramp_mv,,normal,not_started,commit
BASIC-06,basic_01_06_900_bugcheck_20260605,266,26.600000000000108,B06_CLV,cav,not_applicable,7641.000443231343,0.0,29.99981532027398,7.694988584034946e-05,lane_2,mainline,,normal,none,commit
BASIC-06,basic_01_06_900_bugcheck_20260605,266,26.600000000000108,B06_CFV,cav,not_applicable,7549.921232437102,3.5,29.9744586946039,-0.4430501362700332,lane_1,mainline,,normal,none,commit
BASIC-06,basic_01_06_900_bugcheck_20260605,266,26.600000000000108,B06_TLV_CFV,cav,not_applicable,7592.24388568001,3.5,29.964175130583605,0.07890041732085906,lane_1,mainline,,normal,none,commit
BASIC-06,basic_01_06_900_bugcheck_20260605,266,26.600000000000108,B06_TLV_CLV,cav,not_applicable,7634.620738466004,3.5,29.999692305829882,0.00012820590421540602,lane_1,mainline,,normal,none,commit
BASIC-06,basic_01_06_900_bugcheck_20260605,267,26.70000000000011,B06_MV,cav,not_applicable,7243.37006102336,-3.5,0.6440719249604282,4.0,on_ramp,on_ramp_mv,,normal,not_started,commit
BASIC-06,basic_01_06_900_bugcheck_20260605,267,26.70000000000011,B06_CLV,cav,not_applicable,7644.000425502089,0.0,29.99982270746302,7.38718904074176e-05,lane_2,mainline,,normal,none,commit
BASIC-06,basic_01_06_900_bugcheck_20260605,267,26.70000000000011,B06_CFV,cav,not_applicable,7552.922326078175,3.5,30.01093641072726,0.36477716123360926,lane_1,mainline,,normal,none,commit
BASIC-06,basic_01_06_900_bugcheck_20260605,267,26.70000000000011,B06_TLV_CFV,cav,not_applicable,7595.24822146921,3.5,30.043357892000767,0.791827614171612,lane_1,mainline,,normal,none,commit
BASIC-06,basic_01_06_900_bugcheck_20260605,267,26.70000000000011,B06_TLV_CLV,cav,not_applicable,7637.620708927363,3.5,29.999704613596688,0.00012307766804724453,lane_1,mainline,,normal,none,commit
BASIC-06,basic_01_06_900_bugcheck_20260605,268,26.80000000000011,B06_MV,cav,not_applicable,7243.432928589474,-3.5,0.6286756611367504,4.0,on_ramp,on_ramp_mv,,normal,not_started,commit
BASIC-06,basic_01_06_900_bugcheck_20260605,268,26.80000000000011,B06_CLV,cav,not_applicable,7647.000408482005,0.0,29.9998297991645,7.09170147914051e-05,lane_2,mainline,,normal,none,commit
BASIC-06,basic_01_06_900_bugcheck_20260605,268,26.80000000000011,B06_CFV,cav,not_applicable,7555.915495168749,3.5,29.931690905737284,-0.7924550498997742,lane_1,mainline,,normal,none,commit
BASIC-06,basic_01_06_900_bugcheck_20260605,268,26.80000000000011,B06_TLV_CFV,cav,not_applicable,7598.248126757071,3.5,29.99905287861481,-0.44305013385959013,lane_1,mainline,,normal,none,commit
BASIC-06,basic_01_06_900_bugcheck_20260605,268,26.80000000000011,B06_TLV_CLV,cav,not_applicable,7640.620680570269,3.5,29.99971642905282,0.00011815456132495683,lane_1,mainline,,normal,none,commit
BASIC-06,basic_01_06_900_bugcheck_20260605,269,26.900000000000112,B06_MV,cav,not_applicable,7243.494293333315,-3.5,0.6136474384130851,4.0,on_ramp,on_ramp_mv,,normal,not_started,commit
BASIC-06,basic_01_06_900_bugcheck_20260605,269,26.900000000000112,B06_CLV,cav,not_applicable,7650.000392142724,0.0,29.99983660719792,6.808033419929416e-05,lane_2,mainline,,normal,none,commit
BASIC-06,basic_01_06_900_bugcheck_20260605,269,26.900000000000112,B06_CFV,cav,not_applicable,7558.90945326346,3.5,29.93958094710912,0.07890041371836665,lane_1,mainline,,normal,none,commit
BASIC-06,basic_01_06_900_bugcheck_20260605,269,26.900000000000112,B06_TLV_CFV,cav,not_applicable,7601.251679816564,3.5,30.035530594935388,0.36477716320578996,lane_1,mainline,,normal,none,commit
BASIC-06,basic_01_06_900_bugcheck_20260605,269,26.900000000000112,B06_TLV_CLV,cav,not_applicable,7643.620653347458,3.5,29.999727771890708,0.00011342837887156066,lane_1,mainline,,normal,none,commit
BASIC-06,basic_01_06_900_bugcheck_20260605,270,27.000000000000114,B06_MV,cav,not_applicable,7243.554191179207,-3.5,0.5989784589243665,4.0,on_ramp,on_ramp_mv,,normal,not_started,commit
BASIC-06,basic_01_06_900_bugcheck_20260605,270,27.000000000000114,B06_CLV,cav,not_applicable,7653.000376457016,0.0,29.999843142910002,6.535712083177714e-05,lane_2,mainline,,normal,none,commit
BASIC-06,basic_01_06_900_bugcheck_20260605,270,27.000000000000114,B06_CFV,cav,not_applicable,7561.911329634283,3.5,30.018763708231532,0.7918276112241182,lane_1,mainline,,normal,none,commit
BASIC-06,basic_01_06_900_bugcheck_20260605,270,27.000000000000114,B06_TLV_CFV,cav,not_applicable,7604.247308325575,3.5,29.95628509010677,-0.7924550482861719,lane_1,mainline,,normal,none,commit
BASIC-06,basic_01_06_900_bugcheck_20260605,270,27.000000000000114,B06_TLV_CLV,cav,not_applicable,7646.62062721356,3.5,29.99973866101508,0.00010889124371686876,lane_1,mainline,,normal,none,commit
BASIC-06,basic_01_06_900_bugcheck_20260605,271,27.100000000000115,B06_MV,cav,not_applicable,7243.612657192719,-3.5,0.5846601351148399,4.0,on_ramp,on_ramp_mv,,normal,not_started,commit
BASIC-06,basic_01_06_900_bugcheck_20260605,271,27.100000000000115,B06_CLV,cav,not_applicable,7656.000361398735,0.0,29.9998494171936,6.27428359990745e-05,lane_2,mainline,,normal,none,commit
BASIC-06,basic_01_06_900_bugcheck_20260605,271,27.100000000000115,B06_CFV,cav,not_applicable,7564.9087755037435,3.5,29.974458694604415,-0.44305013627117606,lane_1,mainline,,normal,none,commit
BASIC-06,basic_01_06_900_bugcheck_20260605,271,27.100000000000115,B06_TLV_CFV,cav,not_applicable,7607.243725838736,3.5,29.96417513161063,0.07890041503858669,lane_1,mainline,,normal,none,commit
BASIC-06,basic_01_06_900_bugcheck_20260605,271,27.100000000000115,B06_TLV_CLV,cav,not_applicable,7649.620602125017,3.5,29.999749114574477,0.00010453559396808033,lane_1,mainline,,normal,none,commit
BASIC-06,basic_01_06_900_bugcheck_20260605,272,27.200000000000117,B06_MV,cav,not_applicable,7243.66972560119,-3.5,0.5706840847102184,4.0,on_ramp,on_ramp_mv,,normal,not_started,commit
BASIC-06,basic_01_06_900_bugcheck_20260605,272,27.200000000000117,B06_CLV,cav,not_applicable,7659.000346942786,0.0,29.999855440505858,6.023312255933888e-05,lane_2,mainline,,normal,none,commit
BASIC-06,basic_01_06_900_bugcheck_20260605,272,27.200000000000117,B06_CFV,cav,not_applicable,7567.909869144816,3.5,30.010936410727684,0.3647771612326742,lane_1,mainline,,normal,none,commit
BASIC-06,basic_01_06_900_bugcheck_20260605,272,27.200000000000117,B06_TLV_CFV,cav,not_applicable,7610.24806162802,3.5,30.043357892841062,0.7918276123042982,lane_1,mainline,,normal,none,commit
BASIC-06,basic_01_06_900_bugcheck_20260605,272,27.200000000000117,B06_TLV_CLV,cav,not_applicable,7652.620578040017,3.5,29.999759149991498,0.00010035417020901605,lane_1,mainline,,normal,none,commit
BASIC-06,basic_01_06_900_bugcheck_20260605,273,27.300000000000118,B06_MV,cav,not_applicable,7243.725429813771,-3.5,0.5570421258113731,4.0,on_ramp,on_ramp_mv,,normal,not_started,commit
BASIC-06,basic_01_06_900_bugcheck_20260605,273,27.300000000000118,B06_CLV,cav,not_applicable,7662.000333065074,0.0,29.999861222885624,5.7823797656908486e-05,lane_2,mainline,,normal,none,commit
BASIC-06,basic_01_06_900_bugcheck_20260605,273,27.300000000000118,B06_CFV,cav,not_applicable,7570.90303823539,3.5,29.93169090573763,-0.7924550499005393,lane_1,mainline,,normal,none,commit
BASIC-06,basic_01_06_900_bugcheck_20260605,273,27.300000000000118,B06_TLV_CFV,cav,not_applicable,7613.24796691595,3.5,29.999052879302322,-0.44305013538739235,lane_1,mainline,,normal,none,commit
BASIC-06,basic_01_06_900_bugcheck_20260605,273,27.300000000000118,B06_TLV_CLV,cav,not_applicable,7655.620554918416,3.5,29.999768783991836,9.634000340099647e-05,lane_1,mainline,,normal,none,commit
BASIC-06,basic_01_06_900_bugcheck_20260605,274,27.40000000000012,B06_MV,cav,not_applicable,7243.779802440982,-3.5,0.5437262721039036,4.0,on_ramp,on_ramp_mv,,normal,not_started,commit
BASIC-06,basic_01_06_900_bugcheck_20260605,274,27.40000000000012,B06_CLV,cav,not_applicable,7665.000319742471,0.0,29.999866773970197,5.551084575046162e-05,lane_2,mainline,,normal,none,commit
BASIC-06,basic_01_06_900_bugcheck_20260605,274,27.40000000000012,B06_CFV,cav,not_applicable,7573.8969963301015,3.5,29.939580947109402,0.0789004137177407,lane_1,mainline,,normal,none,commit
BASIC-06,basic_01_06_900_bugcheck_20260605,274,27.40000000000012,B06_TLV_CFV,cav,not_applicable,7616.2515199755,3.5,30.0355305954979,0.3647771619557699,lane_1,mainline,,normal,none,commit
BASIC-06,basic_01_06_900_bugcheck_20260605,274,27.40000000000012,B06_TLV_CLV,cav,not_applicable,7658.620532721679,3.5,29.999778032632165,9.24864032654682e-05,lane_1,mainline,,normal,none,commit
BASIC-06,basic_01_06_900_bugcheck_20260605,275,27.50000000000012,B06_MV,cav,not_applicable,7243.8328753138,-3.5,0.5307287281825002,4.0,on_ramp,on_ramp_mv,,normal,not_started,commit
BASIC-06,basic_01_06_900_bugcheck_20260605,275,27.50000000000012,B06_CLV,cav,not_applicable,7668.000306952772,0.0,29.999872103011388,5.3290411921125275e-05,lane_2,mainline,,normal,none,commit
BASIC-06,basic_01_06_900_bugcheck_20260605,275,27.50000000000012,B06_CFV,cav,not_applicable,7576.898872700925,3.5,30.018763708231763,0.791827611223606,lane_1,mainline,,normal,none,commit
BASIC-06,basic_01_06_900_bugcheck_20260605,275,27.50000000000012,B06_TLV_CFV,cav,not_applicable,7619.247148484556,3.5,29.956285090567008,-0.7924550493089155,lane_1,mainline,,normal,none,commit
BASIC-06,basic_01_06_900_bugcheck_20260605,275,27.50000000000012,B06_TLV_CLV,cav,not_applicable,7661.620511412812,3.5,29.99978691132688,8.878694713416736e-05,lane_1,mainline,,normal,none,commit
BASIC-06,basic_01_06_900_bugcheck_20260605,276,27.600000000000122,B06_MV,cav,not_applicable,7243.884679502299,-3.5,0.5180418849881435,4.0,on_ramp,on_ramp_mv,,normal,not_started,commit
BASIC-06,basic_01_06_900_bugcheck_20260605,276,27.600000000000122,B06_CLV,cav,not_applicable,7671.000294674661,0.0,29.999877218890934,5.115879544490554e-05,lane_2,mainline,,normal,none,commit
BASIC-06,basic_01_06_900_bugcheck_20260605,276,27.600000000000122,B06_CFV,cav,not_applicable,7579.896318570385,3.5,29.974458694604603,-0.44305013627159506,lane_1,mainline,,normal,none,commit
BASIC-06,basic_01_06_900_bugcheck_20260605,276,27.600000000000122,B06_TLV_CFV,cav,not_applicable,7622.2435659977555,3.5,29.964175131987187,0.0789004142017965,lane_1,mainline,,normal,none,commit
BASIC-06,basic_01_06_900_bugcheck_20260605,276,27.600000000000122,B06_TLV_CLV,cav,not_applicable,7664.6204909563,3.5,29.999795434873803,8.523546924834592e-05,lane_1,mainline,,normal,none,commit
BASIC-06,basic_01_06_900_bugcheck_20260605,277,27.700000000000124,B06_MV,cav,not_applicable,7243.935245333834,-3.5,0.5056583153527049,4.0,on_ramp,on_ramp_mv,,normal,not_started,commit
BASIC-06,basic_01_06_900_bugcheck_20260605,277,27.700000000000124,B06_CLV,cav,not_applicable,7674.000282887674,0.0,29.999882130135298,4.9112443626597724e-05,lane_2,mainline,,normal,none,commit
BASIC-06,basic_01_06_900_bugcheck_20260605,277,27.700000000000124,B06_CFV,cav,not_applicable,7582.897412211458,3.5,30.010936410727837,0.36477716123233134,lane_1,mainline,,normal,none,commit
BASIC-06,basic_01_06_900_bugcheck_20260605,277,27.700000000000124,B06_TLV_CFV,cav,not_applicable,7625.24790178707,3.5,30.043357893149153,0.7918276116196517,lane_1,mainline,,normal,none,commit
BASIC-06,basic_01_06_900_bugcheck_20260605,277,27.700000000000124,B06_TLV_CLV,cav,not_applicable,7667.620471318048,3.5,29.99980361747885,8.182605047863946e-05,lane_1,mainline,,normal,none,commit
BASIC-06,basic_01_06_900_bugcheck_20260605,278,27.800000000000125,B06_MV,cav,not_applicable,7243.984602410799,-3.5,0.493570769651599,4.0,on_ramp,on_ramp_mv,,normal,not_started,commit
BASIC-06,basic_01_06_900_bugcheck_20260605,278,27.800000000000125,B06_CLV,cav,not_applicable,7677.000271572167,0.0,29.999886844929886,4.7147945880965385e-05,lane_2,mainline,,normal,none,commit
BASIC-06,basic_01_06_900_bugcheck_20260605,278,27.800000000000125,B06_CFV,cav,not_applicable,7585.890581302032,3.5,29.931690905737753,-0.7924550499008198,lane_1,mainline,,normal,none,commit
BASIC-06,basic_01_06_900_bugcheck_20260605,278,27.800000000000125,B06_TLV_CFV,cav,not_applicable,7628.247807075026,3.5,29.999052879554398,-0.4430501359475577,lane_1,mainline,,normal,none,commit
BASIC-06,basic_01_06_900_bugcheck_20260605,278,27.800000000000125,B06_TLV_CLV,cav,not_applicable,7670.620452465326,3.5,29.999811472779697,7.855300845989178e-05,lane_1,mainline,,normal,none,commit
BASIC-06,basic_01_06_900_bugcheck_20260605,279,27.900000000000126,B06_MV,cav,not_applicable,7244.032779627955,-3.5,0.4817721715592729,4.0,on_ramp,on_ramp_mv,,normal,not_started,commit
BASIC-06,basic_01_06_900_bugcheck_20260605,279,27.900000000000126,B06_CLV,cav,not_applicable,7680.00026070928,0.0,29.99989137113269,4.5262028045556235e-05,lane_2,mainline,,normal,none,commit
BASIC-06,basic_01_06_900_bugcheck_20260605,279,27.900000000000126,B06_CFV,cav,not_applicable,7588.884539396743,3.5,29.939580947109505,0.07890041371751111,lane_1,mainline,,normal,none,commit
BASIC-06,basic_01_06_900_bugcheck_20260605,279,27.900000000000126,B06_TLV_CFV,cav,not_applicable,7631.251360134596,3.5,30.03553059570414,0.3647771614974528,lane_1,mainline,,normal,none,commit
BASIC-06,basic_01_06_900_bugcheck_20260605,279,27.900000000000126,B06_TLV_CLV,cav,not_applicable,7673.620434366712,3.5,29.99981901386851,7.541088812104136e-05,lane_1,mainline,,normal,none,commit
BASIC-06,basic_01_06_900_bugcheck_20260605,280,28.000000000000128,B06_MV,cav,not_applicable,7244.079805189346,-3.5,0.4702556139066602,4.0,on_ramp,on_ramp_mv,,normal,not_started,commit
BASIC-06,basic_01_06_900_bugcheck_20260605,280,28.000000000000128,B06_CLV,cav,not_applicable,7683.000250280909,0.0,29.999895716287384,4.345154692373399e-05,lane_2,mainline,,normal,none,commit
BASIC-06,basic_01_06_900_bugcheck_20260605,280,28.000000000000128,B06_CFV,cav,not_applicable,7591.886415767566,3.5,30.018763708231848,0.7918276112234182,lane_1,mainline,,normal,none,commit
BASIC-06,basic_01_06_900_bugcheck_20260605,280,28.000000000000128,B06_TLV_CFV,cav,not_applicable,7634.24698864367,3.5,29.95628509073575,-0.7924550496839022,lane_1,mainline,,normal,none,commit
BASIC-06,basic_01_06_900_bugcheck_20260605,280,28.000000000000128,B06_TLV_CLV,cav,not_applicable,7676.620416992044,3.5,29.99982625331377,7.239445259585864e-05,lane_1,mainline,,normal,none,commit
BASIC-06,basic_01_06_900_bugcheck_20260605,281,28.10000000000013,B06_MV,cav,not_applicable,7244.12570662481,-3.5,0.45901435463777485,4.0,on_ramp,on_ramp_mv,,normal,not_started,commit
BASIC-06,basic_01_06_900_bugcheck_20260605,281,28.10000000000013,B06_CLV,cav,not_applicable,7686.000240269673,0.0,29.999899887635888,4.171348504655725e-05,lane_2,mainline,,normal,none,commit
BASIC-06,basic_01_06_900_bugcheck_20260605,281,28.10000000000013,B06_CFV,cav,not_applicable,7594.883861637027,3.5,29.974458694604674,-0.4430501362717487,lane_1,mainline,,normal,none,commit
BASIC-06,basic_01_06_900_bugcheck_20260605,281,28.10000000000013,B06_TLV_CFV,cav,not_applicable,7637.243406156883,3.5,29.96417513212525,0.07890041389498914,lane_1,mainline,,normal,none,commit
BASIC-06,basic_01_06_900_bugcheck_20260605,281,28.10000000000013,B06_TLV_CLV,cav,not_applicable,7679.620400312362,3.5,29.99983320318122,6.949867449179692e-05,lane_1,mainline,,normal,none,commit
BASIC-06,basic_01_06_900_bugcheck_20260605,282,28.20000000000013,B06_MV,cav,not_applicable,7244.170510806096,-3.5,0.4480418128626174,4.0,on_ramp,on_ramp_mv,,normal,not_started,commit
BASIC-06,basic_01_06_900_bugcheck_20260605,282,28.20000000000013,B06_CLV,cav,not_applicable,7689.000230658886,0.0,29.99990389213045,4.0044945644979184e-05,lane_2,mainline,,normal,none,commit
BASIC-06,basic_01_06_900_bugcheck_20260605,282,28.20000000000013,B06_CFV,cav,not_applicable,7597.884955278099,3.5,30.010936410727894,0.36477716123220566,lane_1,mainline,,normal,none,commit
BASIC-06,basic_01_06_900_bugcheck_20260605,282,28.20000000000013,B06_TLV_CFV,cav,not_applicable,7640.247741946209,3.5,30.04335789326211,0.7918276113686274,lane_1,mainline,,normal,none,commit
BASIC-06,basic_01_06_900_bugcheck_20260605,282,28.20000000000013,B06_TLV_CLV,cav,not_applicable,7682.6203842998675,3.5,29.99983987505397,6.671872751269347e-05,lane_1,mainline,,normal,none,commit
BASIC-06,basic_01_06_900_bugcheck_20260605,283,28.300000000000132,B06_MV,cav,not_applicable,7244.214243962597,-3.5,0.43733156500443815,4.0,on_ramp,on_ramp_mv,,normal,not_started,commit
BASIC-06,basic_01_06_900_bugcheck_20260605,283,28.300000000000132,B06_CLV,cav,not_applicable,7692.00022143253,0.0,29.999907736445234,3.844314781957792e-05,lane_2,mainline,,normal,none,commit
BASIC-06,basic_01_06_900_bugcheck_20260605,283,28.300000000000132,B06_CFV,cav,not_applicable,7600.8781243686735,3.5,29.931690905737803,-0.7924550499009226,lane_1,mainline,,normal,none,commit
BASIC-06,basic_01_06_900_bugcheck_20260605,283,28.300000000000132,B06_TLV_CFV,cav,not_applicable,7643.247647234174,3.5,29.99905287964682,-0.4430501361529412,lane_1,mainline,,normal,none,commit
BASIC-06,basic_01_06_900_bugcheck_20260605,283,28.300000000000132,B06_TLV_CLV,cav,not_applicable,7685.620368927873,3.5,29.99984628005181,6.404997841258364e-05,lane_1,mainline,,normal,none,commit
BASIC-06,basic_01_06_900_bugcheck_20260605,284,28.400000000000134,B06_MV,cav,not_applicable,7244.256931696701,-3.5,0.4268773410391823,4.0,on_ramp,on_ramp_mv,,normal,not_started,commit
BASIC-06,basic_01_06_900_bugcheck_20260605,284,28.400000000000134,B06_CLV,cav,not_applicable,7695.000212575229,0.0,29.999911426987424,3.69054219063969e-05,lane_2,mainline,,normal,none,commit
BASIC-06,basic_01_06_900_bugcheck_20260605,284,28.400000000000134,B06_CFV,cav,not_applicable,7603.872082463385,3.5,29.939580947109544,0.07890041371742695,lane_1,mainline,,normal,none,commit
BASIC-06,basic_01_06_900_bugcheck_20260605,284,28.400000000000134,B06_TLV_CFV,cav,not_applicable,7646.251200293752,3.5,30.03553059577976,0.3647771613294118,lane_1,mainline,,normal,none,commit
BASIC-06,basic_01_06_900_bugcheck_20260605,284,28.400000000000134,B06_TLV_CLV,cav,not_applicable,7688.620354170757,3.5,29.999852428849735,6.148797927636451e-05,lane_1,mainline,,normal,none,commit
BASIC-06,basic_01_06_900_bugcheck_20260605,285,28.500000000000135,B06_MV,cav,not_applicable,7244.298598998784,-3.5,0.4166730208253776,4.0,on_ramp,on_ramp_mv,,normal,not_started,commit
BASIC-06,basic_01_06_900_bugcheck_20260605,285,28.500000000000135,B06_CLV,cav,not_applicable,7698.00020407222,0.0,29.999914969907927,3.54292050303684e-05,lane_2,mainline,,normal,none,commit
BASIC-06,basic_01_06_900_bugcheck_20260605,285,28.500000000000135,B06_CFV,cav,not_applicable,7606.873958834208,3.5,30.01876370823188,0.7918276112233493,lane_1,mainline,,normal,none,commit
BASIC-06,basic_01_06_900_bugcheck_20260605,285,28.500000000000135,B06_TLV_CFV,cav,not_applicable,7649.246828802831,3.5,29.95628509079762,-0.7924550498213903,lane_1,mainline,,normal,none,commit
BASIC-06,basic_01_06_900_bugcheck_20260605,285,28.500000000000135,B06_TLV_CLV,cav,not_applicable,7691.620340003927,3.5,29.999858331695744,5.9028460105992055e-05,lane_1,mainline,,normal,none,commit
BASIC-06,basic_01_06_900_bugcheck_20260605,286,28.600000000000136,B06_MV,cav,not_applicable,7244.339270261836,-3.5,0.4067126305207698,4.0,on_ramp,on_ramp_mv,,normal,not_started,commit
BASIC-06,basic_01_06_900_bugcheck_20260605,286,28.600000000000136,B06_CLV,cav,not_applicable,7701.0001959093315,0.0,29.999918371111608,3.401203682926734e-05,lane_2,mainline,,normal,none,commit
BASIC-06,basic_01_06_900_bugcheck_20260605,286,28.600000000000136,B06_CFV,cav,not_applicable,7609.871404703668,3.5,29.9744586946047,-0.4430501362718051,lane_1,mainline,,normal,none,commit
BASIC-06,basic_01_06_900_bugcheck_20260605,286,28.600000000000136,B06_TLV_CFV,cav,not_applicable,7652.2432463160485,3.5,29.96417513217587,0.0789004137824989,lane_1,mainline,,normal,none,commit
BASIC-06,basic_01_06_900_bugcheck_20260605,286,28.600000000000136,B06_TLV_CLV,cav,not_applicable,7694.6203264037695,3.5,29.999863998427916,5.666732170226397e-05,lane_1,mainline,,normal,none,commit
BASIC-06,basic_01_06_900_bugcheck_20260605,287,28.700000000000138,B06_MV,cav,not_applicable,7244.378969295744,-3.5,0.396990339085269,4.0,on_ramp,on_ramp_mv,,normal,not_started,commit
BASIC-06,basic_01_06_900_bugcheck_20260605,287,28.700000000000138,B06_CLV,cav,not_applicable,7704.000188072958,0.0,29.999921636267143,3.265155535672193e-05,lane_2,mainline,,normal,none,commit
BASIC-06,basic_01_06_900_bugcheck_20260605,287,28.700000000000138,B06_CFV,cav,not_applicable,7612.872498344741,3.5,30.010936410727915,0.3647771612321595,lane_1,mainline,,normal,none,commit
BASIC-06,basic_01_06_900_bugcheck_20260605,287,28.700000000000138,B06_TLV_CFV,cav,not_applicable,7655.247582105379,3.5,30.04335789330353,0.7918276112765901,lane_1,mainline,,normal,none,commit
BASIC-06,basic_01_06_900_bugcheck_20260605,287,28.700000000000138,B06_TLV_CLV,cav,not_applicable,7697.620313347618,3.5,29.999869438490798,5.440062883366181e-05,lane_1,mainline,,normal,none,commit
BASIC-06,basic_01_06_900_bugcheck_20260605,288,28.80000000000014,B06_MV,cav,not_applicable,7244.417719341231,-3.5,0.3875004548671655,4.0,on_ramp,on_ramp_mv,,normal,not_started,commit
BASIC-06,basic_01_06_900_bugcheck_20260605,288,28.80000000000014,B06_CLV,cav,not_applicable,7707.00018055004,0.0,29.999924770816456,3.134549314296464e-05,lane_2,mainline,,normal,none,commit
BASIC-06,basic_01_06_900_bugcheck_20260605,288,28.80000000000014,B06_CFV,cav,not_applicable,7615.8657677009,3.5,29.93269356158282,-0.7824284914509427,lane_1,mainline,,normal,none,commit
BASIC-06,basic_01_06_900_bugcheck_20260605,288,28.80000000000014,B06_TLV_CFV,cav,not_applicable,7658.247487393347,3.5,29.999052879680704,-0.4430501362282444,lane_1,mainline,,normal,none,commit
BASIC-06,basic_01_06_900_bugcheck_20260605,288,28.80000000000014,B06_TLV_CLV,cav,not_applicable,7700.620300813714,3.5,29.999874660951164,5.222460368088378e-05,lane_1,mainline,,normal,none,commit
BASIC-06,basic_01_06_900_bugcheck_20260605,289,28.90000000000014,B06_MV,cav,not_applicable,7244.455543083458,-3.5,0.37823742227152635,4.0,on_ramp,on_ramp_mv,,normal,not_started,commit
BASIC-06,basic_01_06_900_bugcheck_20260605,289,28.90000000000014,B06_CLV,cav,not_applicable,7710.000173328038,0.0,29.999927779983796,3.009167341758712e-05,lane_2,mainline,,normal,none,commit
BASIC-06,basic_01_06_900_bugcheck_20260605,289,28.90000000000014,B06_CFV,cav,not_applicable,7618.859908096673,3.5,29.941403957736835,0.08710396154013789,lane_1,mainline,,normal,none,commit
BASIC-06,basic_01_06_900_bugcheck_20260605,289,28.90000000000014,B06_TLV_CFV,cav,not_applicable,7661.251040452928,3.5,30.035530595807483,0.3647771612678001,lane_1,mainline,,normal,none,commit
BASIC-06,basic_01_06_900_bugcheck_20260605,289,28.90000000000014,B06_TLV_CLV,cav,not_applicable,7703.620288781165,3.5,29.999879674513117,5.013561953433055e-05,lane_1,mainline,,normal,none,commit
BASIC-06,basic_01_06_900_bugcheck_20260605,290,29.000000000000142,B06_MV,cav,not_applicable,7244.492462665308,-3.5,0.36919581850707694,4.0,on_ramp,on_ramp_mv,,normal,not_started,commit
BASIC-06,basic_01_06_900_bugcheck_20260605,290,29.000000000000142,B06_CLV,cav,not_applicable,7713.000166394916,0.0,29.999930668784444,2.888800648150891e-05,lane_2,mainline,,normal,none,commit
BASIC-06,basic_01_06_900_bugcheck_20260605,290,29.000000000000142,B06_CFV,cav,not_applicable,7621.862033888496,3.5,30.021257918226482,0.7985396048964765,lane_1,mainline,,normal,none,commit
BASIC-06,basic_01_06_900_bugcheck_20260605,290,29.000000000000142,B06_TLV_CFV,cav,not_applicable,7664.24666896201,3.5,29.9562850908203,-0.7924550498717999,lane_1,mainline,,normal,none,commit
BASIC-06,basic_01_06_900_bugcheck_20260605,290,29.000000000000142,B06_TLV_CLV,cav,not_applicable,7706.620277229918,3.5,29.999884487532594,4.813019475307101e-05,lane_1,mainline,,normal,none,commit
BASIC-06,basic_01_06_900_bugcheck_20260605,291,29.100000000000144,B06_MV,cav,not_applicable,7244.528499700349,-3.5,0.36037035041265575,4.0,on_ramp,on_ramp_mv,,normal,not_started,commit
BASIC-06,basic_01_06_900_bugcheck_20260605,291,29.100000000000144,B06_CLV,cav,not_applicable,7716.000159739119,0.0,29.999933442033065,2.773248622247593e-05,lane_2,mainline,,normal,none,commit
BASIC-06,basic_01_06_900_bugcheck_20260605,291,29.100000000000144,B06_CFV,cav,not_applicable,7624.859784095268,3.5,29.97750206771801,-0.43755850508470107,lane_1,mainline,,normal,none,commit
BASIC-06,basic_01_06_900_bugcheck_20260605,291,29.100000000000144,B06_TLV_CFV,cav,not_applicable,7667.243086475229,3.5,29.964175132194427,0.07890041374125467,lane_1,mainline,,normal,none,commit
BASIC-06,basic_01_06_900_bugcheck_20260605,291,29.100000000000144,B06_TLV_CLV,cav,not_applicable,7709.6202661407215,3.5,29.99988910803129,4.620498696255027e-05,lane_1,mainline,,normal,none,commit
BASIC-06,basic_01_06_900_bugcheck_20260605,292,29.200000000000145,B06_MV,cav,not_applicable,7244.563675285485,-3.5,0.35175585135737064,4.0,on_ramp,on_ramp_mv,,normal,not_started,commit
BASIC-06,basic_01_06_900_bugcheck_20260605,292,29.200000000000145,B06_CLV,cav,not_applicable,7719.000153349554,0.0,29.999936104351743,2.6623186774088484e-05,lane_2,mainline,,normal,none,commit
BASIC-06,basic_01_06_900_bugcheck_20260605,292,29.200000000000145,B06_CFV,cav,not_applicable,7627.86122700518,3.5,30.01442909912017,0.36927031402160826,lane_1,mainline,,normal,none,commit
BASIC-06,basic_01_06_900_bugcheck_20260605,292,29.200000000000145,B06_TLV_CFV,cav,not_applicable,7670.247422264561,3.5,30.04335789331871,0.7918276112428447,lane_1,mainline,,normal,none,commit
BASIC-06,basic_01_06_900_bugcheck_20260605,292,29.200000000000145,B06_TLV_CLV,cav,not_applicable,7712.620255495092,3.5,29.999893543710037,4.435678748393457e-05,lane_1,mainline,,normal,none,commit
BASIC-06,basic_01_06_900_bugcheck_20260605,293,29.300000000000146,B06_MV,cav,not_applicable,7244.5980100133065,-3.5,0.34334727821641453,4.0,on_ramp,on_ramp_mv,,normal,not_started,commit
BASIC-06,basic_01_06_900_bugcheck_20260605,293,29.300000000000146,B06_CLV,cav,not_applicable,7722.000147215572,0.0,29.999938660177673,2.5558259302727038e-05,lane_2,mainline,,normal,none,commit
BASIC-06,basic_01_06_900_bugcheck_20260605,293,29.300000000000146,B06_CFV,cav,not_applicable,7630.854782126752,3.5,29.93555121572194,-0.7887788339823205,lane_1,mainline,,normal,none,commit
BASIC-06,basic_01_06_900_bugcheck_20260605,293,29.300000000000146,B06_TLV_CFV,cav,not_applicable,7673.24732755253,3.5,29.999052879693124,-0.4430501362558543,lane_1,mainline,,normal,none,commit
BASIC-06,basic_01_06_900_bugcheck_20260605,293,29.300000000000146,B06_TLV_CLV,cav,not_applicable,7715.620245275289,3.5,29.999897801961637,4.258251598514562e-05,lane_1,mainline,,normal,none,commit
BASIC-06,basic_01_06_900_bugcheck_20260605,294,29.400000000000148,B06_MV,cav,not_applicable,7244.631523984149,-3.5,0.3351397084192785,4.0,on_ramp,on_ramp_mv,,normal,not_started,commit
BASIC-06,basic_01_06_900_bugcheck_20260605,294,29.400000000000148,B06_CLV,cav,not_applicable,7725.000141326949,0.0,29.999941113770564,2.4535928930902175e-05,lane_2,mainline,,normal,none,commit
BASIC-06,basic_01_06_900_bugcheck_20260605,294,29.400000000000148,B06_CFV,cav,not_applicable,7633.8491563305915,3.5,29.943742038396113,0.08190822674173781,lane_1,mainline,,normal,none,commit
BASIC-06,basic_01_06_900_bugcheck_20260605,294,29.400000000000148,B06_TLV_CFV,cav,not_applicable,7676.250880612111,3.5,30.035530595817644,0.36477716124521015,lane_1,mainline,,normal,none,commit
BASIC-06,basic_01_06_900_bugcheck_20260605,294,29.400000000000148,B06_TLV_CLV,cav,not_applicable,7718.620235464277,3.5,29.999901889883173,4.0879215345057676e-05,lane_1,mainline,,normal,none,commit
BASIC-06,basic_01_06_900_bugcheck_20260605,295,29.50000000000015,B06_MV,cav,not_applicable,7244.664236817855,-3.5,0.3271283370666673,4.0,on_ramp,on_ramp_mv,,normal,not_started,commit
BASIC-06,basic_01_06_900_bugcheck_20260605,295,29.50000000000015,B06_CLV,cav,not_applicable,7728.000135673871,0.0,29.99994346921974,2.3554491774291365e-05,lane_2,mainline,,normal,none,commit
BASIC-06,basic_01_06_900_bugcheck_20260605,295,29.50000000000015,B06_CFV,cav,not_applicable,7636.8514734199225,3.5,30.023170893311345,0.7942885491523309,lane_1,mainline,,normal,none,commit
BASIC-06,basic_01_06_900_bugcheck_20260605,295,29.50000000000015,B06_TLV_CFV,cav,not_applicable,7679.246509121194,3.5,29.956285090828615,-0.7924550498902825,lane_1,mainline,,normal,none,commit
BASIC-06,basic_01_06_900_bugcheck_20260605,295,29.50000000000015,B06_TLV_CLV,cav,not_applicable,7721.620226045706,3.5,29.999905814287846,3.9244046730857464e-05,lane_1,mainline,,normal,none,commit
BASIC-06,basic_01_06_900_bugcheck_20260605,296,29.60000000000015,B06_MV,cav,not_applicable,7244.696167665267,-3.5,0.3193084741189422,4.0,on_ramp,on_ramp_mv,,normal,not_started,commit
BASIC-06,basic_01_06_900_bugcheck_20260605,296,29.60000000000015,B06_CLV,cav,not_applicable,7731.000130246916,0.0,29.99994573045095,2.26123121038313e-05,lane_2,mainline,,normal,none,commit
BASIC-06,basic_01_06_900_bugcheck_20260605,296,29.60000000000015,B06_CFV,cav,not_applicable,7639.849380142838,3.5,29.97906722915108,-0.44103664160263834,lane_1,mainline,,normal,none,commit
BASIC-06,basic_01_06_900_bugcheck_20260605,296,29.60000000000015,B06_TLV_CFV,cav,not_applicable,7682.242926634414,3.5,29.964175132201227,0.07890041372613255,lane_1,mainline,,normal,none,commit
BASIC-06,basic_01_06_900_bugcheck_20260605,296,29.60000000000015,B06_TLV_CLV,cav,not_applicable,7724.620217003878,3.5,29.99990958171633,3.767428486156632e-05,lane_1,mainline,,normal,none,commit
BASIC-06,basic_01_06_900_bugcheck_20260605,297,29.700000000000152,B06_MV,cav,not_applicable,7244.7273352194325,-3.5,0.3116755416495706,4.0,on_ramp,on_ramp_mv,,normal,not_started,commit
BASIC-06,basic_01_06_900_bugcheck_20260605,297,29.700000000000152,B06_CLV,cav,not_applicable,7734.00012503704,0.0,29.99994790123291,2.1707819620075952e-05,lane_2,mainline,,normal,none,commit
BASIC-06,basic_01_06_900_bugcheck_20260605,297,29.700000000000152,B06_CFV,cav,not_applicable,7642.8509511114125,3.5,30.01570968574723,0.36642456596147777,lane_1,mainline,,normal,none,commit
BASIC-06,basic_01_06_900_bugcheck_20260605,297,29.700000000000152,B06_TLV_CFV,cav,not_applicable,7685.247262423747,3.5,30.043357893324274,0.7918276112304721,lane_1,mainline,,normal,none,commit
BASIC-06,basic_01_06_900_bugcheck_20260605,297,29.700000000000152,B06_TLV_CLV,cav,not_applicable,7727.620208323722,3.5,29.99991319844768,3.61673134676721e-05,lane_1,mainline,,normal,none,commit
BASIC-06,basic_01_06_900_bugcheck_20260605,298,29.800000000000153,B06_MV,cav,not_applicable,7244.757757726549,-3.5,0.30422507116532005,4.0,on_ramp,on_ramp_mv,,normal,not_started,commit
BASIC-06,basic_01_06_900_bugcheck_20260605,298,29.800000000000153,B06_CLV,cav,not_applicable,7737.000120035558,0.0,29.999949985183594,2.0839506835557134e-05,lane_2,mainline,,normal,none,commit
BASIC-06,basic_01_06_900_bugcheck_20260605,298,29.800000000000153,B06_CFV,cav,not_applicable,7645.845277051104,3.5,29.94325939691116,-0.724502888360681,lane_1,mainline,,normal,none,commit
BASIC-06,basic_01_06_900_bugcheck_20260605,298,29.800000000000153,B06_TLV_CFV,cav,not_applicable,7688.247167711716,3.5,29.999052879697675,-0.44305013626597733,lane_1,mainline,,normal,none,commit
BASIC-06,basic_01_06_900_bugcheck_20260605,298,29.800000000000153,B06_TLV_CLV,cav,not_applicable,7730.6201999907735,3.5,29.999916670509773,3.4720620928396786e-05,lane_1,mainline,,normal,none,commit
BASIC-06,basic_01_06_900_bugcheck_20260605,299,29.900000000000155,B06_MV,cav,not_applicable,7244.787452996648,-3.5,0.2969527009905886,4.0,on_ramp,on_ramp_mv,,normal,not_started,commit
BASIC-06,basic_01_06_900_bugcheck_20260605,299,29.900000000000155,B06_CLV,cav,not_applicable,7740.000115234136,0.0,29.99995198577625,2.000592656230538e-05,lane_2,mainline,,normal,none,commit
BASIC-06,basic_01_06_900_bugcheck_20260605,299,29.900000000000155,B06_CFV,cav,not_applicable,7648.840947967163,3.5,29.95670916059074,0.1344976367958065,lane_1,mainline,,normal,none,commit
BASIC-06,basic_01_06_900_bugcheck_20260605,299,29.900000000000155,B06_TLV_CFV,cav,not_applicable,7691.250720771299,3.5,30.035530595821367,0.36477716123692766,lane_1,mainline,,normal,none,commit
BASIC-06,basic_01_06_900_bugcheck_20260605,299,29.900000000000155,B06_TLV_CLV,cav,not_applicable,7733.620191991143,3.5,29.999920003689382,3.333179609086301e-05,lane_1,mainline,,normal,none,commit
BASIC-06,basic_01_06_900_bugcheck_20260605,300,30.000000000000156,B06_MV,cav,not_applicable,7244.81643841402,-3.5,0.28985417371369765,4.0,on_ramp,on_ramp_mv,,normal,not_started,commit
BASIC-06,basic_01_06_900_bugcheck_20260605,300,30.000000000000156,B06_CLV,cav,not_applicable,7743.00011062477,0.0,29.999953906345198,1.920568950026791e-05,lane_2,mainline,,normal,none,commit
BASIC-06,basic_01_06_900_bugcheck_20260605,300,30.000000000000156,B06_CFV,cav,not_applicable,7651.844992045705,3.5,30.040440785419488,0.8373162482874781,lane_1,mainline,,normal,none,commit
BASIC-06,basic_01_06_900_bugcheck_20260605,300,30.000000000000156,B06_TLV_CFV,cav,not_applicable,7694.246349280382,3.5,29.95628509083166,-0.7924550498970591,lane_1,mainline,,normal,none,commit
BASIC-06,basic_01_06_900_bugcheck_20260605,300,30.000000000000156,B06_TLV_CLV,cav,not_applicable,7736.620184311497,3.5,29.999923203541808,3.199852424700112e-05,lane_1,mainline,,normal,none,commit
BASIC-06,basic_01_06_900_bugcheck_20260605,301,30.100000000000158,B06_MV,cav,not_applicable,7244.8447309473895,-3.5,0.28292533369449396,4.0,on_ramp,on_ramp_mv,,normal,not_started,commit
BASIC-06,basic_01_06_900_bugcheck_20260605,301,30.100000000000158,B06_CLV,cav,not_applicable,7746.000106199779,0.0,29.999955750091388,1.8437461920939314e-05,lane_2,mainline,,normal,none,commit
BASIC-06,basic_01_06_900_bugcheck_20260605,301,30.100000000000158,B06_CFV,cav,not_applicable,7654.8449778026425,3.5,29.99985756937028,-0.4058321604920634,lane_1,mainline,,normal,none,commit
BASIC-06,basic_01_06_900_bugcheck_20260605,301,30.100000000000158,B06_TLV_CFV,cav,not_applicable,7697.242766793602,3.5,29.964175132203717,0.07890041372058809,lane_1,mainline,,normal,none,commit
BASIC-06,basic_01_06_900_bugcheck_20260605,301,30.100000000000158,B06_TLV_CLV,cav,not_applicable,7739.620176939037,3.5,29.999926275400135,3.0718583276723165e-05,lane_1,mainline,,normal,none,commit
BASIC-06,basic_01_06_900_bugcheck_20260605,302,30.20000000000016,B06_MV,cav,not_applicable,7244.872347159852,-3.5,0.27616212463174034,4.0,on_ramp,on_ramp_mv,,normal,not_started,commit
BASIC-06,basic_01_06_900_bugcheck_20260605,302,30.20000000000016,B06_CLV,cav,not_applicable,7749.000101951788,0.0,29.999957520087733,1.7699963444783864e-05,lane_2,mainline,,normal,none,commit
BASIC-06,basic_01_06_900_bugcheck_20260605,302,30.20000000000016,B06_CFV,cav,not_applicable,7657.848915841902,3.5,30.039380392602748,0.39522823232467547,lane_1,mainline,,normal,none,commit
BASIC-06,basic_01_06_900_bugcheck_20260605,302,30.20000000000016,B06_TLV_CFV,cav,not_applicable,7700.2471025829345,3.5,30.04335789332631,0.7918276112259357,lane_1,mainline,,normal,none,commit
BASIC-06,basic_01_06_900_bugcheck_20260605,302,30.20000000000016,B06_TLV_CLV,cav,not_applicable,7742.620169861476,3.5,29.99992922438413,2.94898399459953e-05,lane_1,mainline,,normal,none,commit
BASIC-06,basic_01_06_900_bugcheck_20260605,303,30.30000000000016,B06_MV,cav,not_applicable,7244.899303218571,-3.5,0.2695605871883371,4.0,on_ramp,on_ramp_mv,,normal,not_started,commit
BASIC-06,basic_01_06_900_bugcheck_20260605,303,30.30000000000016,B06_CLV,cav,not_applicable,7752.000097873716,0.0,29.999959219284225,1.6991964906765136e-05,lane_2,mainline,,normal,none,commit
BASIC-06,basic_01_06_900_bugcheck_20260605,303,30.30000000000016,B06_CFV,cav,not_applicable,7660.845178475791,3.5,29.962626338883858,-0.7675405371889019,lane_1,mainline,,normal,none,commit
BASIC-06,basic_01_06_900_bugcheck_20260605,303,30.30000000000016,B06_TLV_CFV,cav,not_applicable,7703.247007870905,3.5,29.99905287969934,-0.4430501362696889,lane_1,mainline,,normal,none,commit
BASIC-06,basic_01_06_900_bugcheck_20260605,303,30.30000000000016,B06_TLV_CLV,cav,not_applicable,7745.620163067017,3.5,29.999932055408763,2.8310246348439706e-05,lane_1,mainline,,normal,none,commit
BASIC-06,basic_01_06_900_bugcheck_20260605,304,30.400000000000162,B06_MV,cav,not_applicable,7244.9256149042385,-3.5,0.263116856673288,4.0,on_ramp,on_ramp_mv,,normal,not_started,commit
BASIC-06,basic_01_06_900_bugcheck_20260605,304,30.400000000000162,B06_CLV,cav,not_applicable,7755.000093958767,0.0,29.999960850512856,1.6312286309982937e-05,lane_2,mainline,,normal,none,commit
BASIC-06,basic_01_06_900_bugcheck_20260605,304,30.400000000000162,B06_CFV,cav,not_applicable,7663.84243395983,3.5,29.972554840386586,0.09928501502726217,lane_1,mainline,,normal,none,commit
BASIC-06,basic_01_06_900_bugcheck_20260605,304,30.400000000000162,B06_TLV_CFV,cav,not_applicable,7706.250560930487,3.5,30.03553059582273,0.3647771612338909,lane_1,mainline,,normal,none,commit
BASIC-06,basic_01_06_900_bugcheck_20260605,304,30.400000000000162,B06_TLV_CLV,cav,not_applicable,7748.620156544336,3.5,29.99993477319241,2.7177836494729492e-05,lane_1,mainline,,normal,none,commit
BASIC-06,basic_01_06_900_bugcheck_20260605,305,30.500000000000163,B06_MV,cav,not_applicable,7244.951297620317,-3.5,0.2568271607793233,4.0,on_ramp,on_ramp_mv,,normal,not_started,commit
BASIC-06,basic_01_06_900_bugcheck_20260605,305,30.500000000000163,B06_CLV,cav,not_applicable,7758.000090200417,0.0,29.99996241649234,1.5659794857469934e-05,lane_2,mainline,,normal,none,commit
BASIC-06,basic_01_06_900_bugcheck_20260605,305,30.500000000000163,B06_CFV,cav,not_applicable,7666.847774503082,3.5,30.05340543252518,0.8085059213859418,lane_1,mainline,,normal,none,commit
BASIC-06,basic_01_06_900_bugcheck_20260605,305,30.500000000000163,B06_TLV_CFV,cav,not_applicable,7709.24618943957,3.5,29.956285090832775,-0.7924550498995437,lane_1,mainline,,normal,none,commit
BASIC-06,basic_01_06_900_bugcheck_20260605,305,30.500000000000163,B06_TLV_CLV,cav,not_applicable,7751.6201502825625,3.5,29.999937382264715,2.609072303556559e-05,lane_1,mainline,,normal,none,commit
BASIC-06,basic_01_06_900_bugcheck_20260605,306,30.600000000000165,B06_MV,cav,not_applicable,7244.976366402055,-3.5,0.2506878173748754,4.0,on_ramp,on_ramp_mv,,normal,not_started,commit
BASIC-06,basic_01_06_900_bugcheck_20260605,306,30.600000000000165,B06_CLV,cav,not_applicable,7761.0000865924,0.0,29.99996391983265,1.503340306356904e-05,lane_2,mainline,,normal,none,commit
BASIC-06,basic_01_06_900_bugcheck_20260605,306,30.600000000000165,B06_CFV,cav,not_applicable,7669.848821003873,3.5,30.010465007911304,-0.4294042461387748,lane_1,mainline,,normal,none,commit
BASIC-06,basic_01_06_900_bugcheck_20260605,306,30.600000000000165,B06_TLV_CFV,cav,not_applicable,7712.242606952791,3.5,29.96417513220463,0.07890041371855516,lane_1,mainline,,normal,none,commit
BASIC-06,basic_01_06_900_bugcheck_20260605,306,30.600000000000165,B06_TLV_CLV,cav,not_applicable,7754.62014427126,3.5,29.999939886974126,2.5047094113972437e-05,lane_1,mainline,,normal,none,commit
BASIC-06,basic_01_06_900_bugcheck_20260605,307,30.700000000000166,B06_MV,cav,not_applicable,7245.00083592529,-3.5,0.2446952323480158,4.0,on_ramp,on_ramp_mv,,normal,not_started,commit
BASIC-06,basic_01_06_900_bugcheck_20260605,307,30.700000000000166,B06_CLV,cav,not_applicable,7764.000083128704,0.0,29.999965363039344,1.4432066940628374e-05,lane_2,mainline,,normal,none,commit
BASIC-06,basic_01_06_900_bugcheck_20260605,307,30.700000000000166,B06_CFV,cav,not_applicable,7672.853626924469,3.5,30.048059205954495,0.37594198043191157,lane_1,mainline,,normal,none,commit
BASIC-06,basic_01_06_900_bugcheck_20260605,307,30.700000000000166,B06_TLV_CFV,cav,not_applicable,7715.246942742124,3.5,30.04335789332706,0.7918276112242724,lane_1,mainline,,normal,none,commit
BASIC-06,basic_01_06_900_bugcheck_20260605,307,30.700000000000166,B06_TLV_CLV,cav,not_applicable,7757.62013850041,3.5,29.99994229149516,2.40452103497546e-05,lane_1,mainline,,normal,none,commit
BASIC-06,basic_01_06_900_bugcheck_20260605,308,30.800000000000168,B06_MV,cav,not_applicable,7245.02472051504,-3.5,0.23884589750257068,4.0,on_ramp,on_ramp_mv,,normal,not_started,commit
BASIC-06,basic_01_06_900_bugcheck_20260605,308,30.800000000000168,B06_CLV,cav,not_applicable,7767.000079803556,0.0,29.99996674851777,1.3854784262434806e-05,lane_2,mainline,,normal,none,commit
BASIC-06,basic_01_06_900_bugcheck_20260605,308,30.800000000000168,B06_CFV,cav,not_applicable,7675.850599643086,3.5,29.96972718617165,-0.7833201978284359,lane_1,mainline,,normal,none,commit
BASIC-06,basic_01_06_900_bugcheck_20260605,308,30.800000000000168,B06_TLV_CFV,cav,not_applicable,7718.246848030094,3.5,29.999052879699953,-0.44305013627104983,lane_1,mainline,,normal,none,commit
BASIC-06,basic_01_06_900_bugcheck_20260605,308,30.800000000000168,B06_TLV_CLV,cav,not_applicable,7760.620132960393,3.5,29.999944599835352,2.3083401936219163e-05,lane_1,mainline,,normal,none,commit
BASIC-06,basic_01_06_900_bugcheck_20260605,309,30.90000000000017,B06_MV,cav,not_applicable,7245.0480341538905,-3.5,0.23313638850424082,4.0,on_ramp,on_ramp_mv,,normal,not_started,commit
BASIC-06,basic_01_06_900_bugcheck_20260605,309,30.90000000000017,B06_CLV,cav,not_applicable,7770.0000766114135,0.0,29.99996807857706,1.3300592891596353e-05,lane_2,mainline,,normal,none,commit
BASIC-06,basic_01_06_900_bugcheck_20260605,309,30.90000000000017,B06_CFV,cav,not_applicable,7678.848436105539,3.5,29.978364624531142,0.08637438359491623,lane_1,mainline,,normal,none,commit
BASIC-06,basic_01_06_900_bugcheck_20260605,309,30.90000000000017,B06_TLV_CFV,cav,not_applicable,7721.250401089676,3.5,30.035530595823232,0.3647771612327775,lane_1,mainline,,normal,none,commit
BASIC-06,basic_01_06_900_bugcheck_20260605,309,30.90000000000017,B06_TLV_CLV,cav,not_applicable,7763.620127641977,3.5,29.999946815841938,2.2160065859111457e-05,lane_1,mainline,,normal,none,commit
BASIC-06,basic_01_06_900_bugcheck_20260605,310,31.00000000000017,B06_MV,cav,not_applicable,7245.070790490178,-3.5,0.22756336287585652,4.0,on_ramp,on_ramp_mv,,normal,not_started,commit
BASIC-06,basic_01_06_900_bugcheck_20260605,310,31.00000000000017,B06_CLV,cav,not_applicable,7773.000073546957,0.0,29.999969355433976,1.2768569176557777e-05,lane_2,mainline,,normal,none,commit
BASIC-06,basic_01_06_900_bugcheck_20260605,310,31.00000000000017,B06_CFV,cav,not_applicable,7681.854251994767,3.5,30.058158892279817,0.7979426774867496,lane_1,mainline,,normal,none,commit
BASIC-06,basic_01_06_900_bugcheck_20260605,310,31.00000000000017,B06_TLV_CFV,cav,not_applicable,7724.246029598759,3.5,29.956285090833187,-0.7924550499004548,lane_1,mainline,,normal,none,commit
BASIC-06,basic_01_06_900_bugcheck_20260605,310,31.00000000000017,B06_TLV_CLV,cav,not_applicable,7766.6201225362975,3.5,29.99994894320826,2.127366322497437e-05,lane_1,mainline,,normal,none,commit
BASIC-06,basic_01_06_900_bugcheck_20260605,311,31.100000000000172,B06_MV,cav,not_applicable,7245.0930028459825,-3.5,0.22212355804089762,4.0,on_ramp,on_ramp_mv,,normal,not_started,commit
BASIC-06,basic_01_06_900_bugcheck_20260605,311,31.100000000000172,B06_CLV,cav,not_applicable,7776.000070605079,0.0,29.999970581216616,1.225782640972284e-05,lane_2,mainline,,normal,none,commit
BASIC-06,basic_01_06_900_bugcheck_20260605,311,31.100000000000172,B06_CFV,cav,not_applicable,7684.855687414993,3.5,30.014354202256005,-0.4380469002381139,lane_1,mainline,,normal,none,commit
BASIC-06,basic_01_06_900_bugcheck_20260605,311,31.100000000000172,B06_TLV_CFV,cav,not_applicable,7727.24244711198,3.5,29.964175132204968,0.07890041371780976,lane_1,mainline,,normal,none,commit
BASIC-06,basic_01_06_900_bugcheck_20260605,311,31.100000000000172,B06_TLV_CLV,cav,not_applicable,7769.620117634846,3.5,29.99995098547993,2.0422716696089085e-05,lane_1,mainline,,normal,none,commit
BASIC-06,basic_01_06_900_bugcheck_20260605,312,31.200000000000173,B06_MV,cav,not_applicable,7245.114684224924,-3.5,0.21681378941332208,4.0,on_ramp,on_ramp_mv,,normal,not_started,commit
BASIC-06,basic_01_06_900_bugcheck_20260605,312,31.200000000000173,B06_CLV,cav,not_applicable,7779.000067780876,0.0,29.999971757967952,1.1767513353788673e-05,lane_2,mainline,,normal,none,commit
BASIC-06,basic_01_06_900_bugcheck_20260605,312,31.200000000000173,B06_CFV,cav,not_applicable,7687.860811542399,3.5,30.051241274054703,0.3688707179869978,lane_1,mainline,,normal,none,commit
BASIC-06,basic_01_06_900_bugcheck_20260605,312,31.200000000000173,B06_TLV_CFV,cav,not_applicable,7730.246782901313,3.5,30.043357893327332,0.7918276112236625,lane_1,mainline,,normal,none,commit
BASIC-06,basic_01_06_900_bugcheck_20260605,312,31.200000000000173,B06_TLV_CLV,cav,not_applicable,7772.620112929452,3.5,29.999952946060734,1.960580802773393e-05,lane_1,mainline,,normal,none,commit
BASIC-06,basic_01_06_900_bugcheck_20260605,313,31.300000000000175,B06_MV,cav,not_applicable,7245.135847319777,-3.5,0.21163094853326817,4.0,on_ramp,on_ramp_mv,,normal,not_started,commit
BASIC-06,basic_01_06_900_bugcheck_20260605,313,31.300000000000175,B06_CLV,cav,not_applicable,7782.000065069641,0.0,29.999972887649236,1.1296812819239222e-05,lane_2,mainline,,normal,none,commit
BASIC-06,basic_01_06_900_bugcheck_20260605,313,31.300000000000175,B06_CFV,cav,not_applicable,7690.858044612042,3.5,29.972330696435456,-0.7891057761924563,lane_1,mainline,,normal,none,commit
BASIC-06,basic_01_06_900_bugcheck_20260605,313,31.300000000000175,B06_TLV_CFV,cav,not_applicable,7733.246688189283,3.5,29.999052879700177,-0.44305013627154877,lane_1,mainline,,normal,none,commit
BASIC-06,basic_01_06_900_bugcheck_20260605,313,31.300000000000175,B06_TLV_CLV,cav,not_applicable,7775.620108412274,3.5,29.999954828218304,1.8821575706340356e-05,lane_1,mainline,,normal,none,commit
BASIC-06,basic_01_06_900_bugcheck_20260605,314,31.400000000000176,B06_MV,cav,not_applicable,7245.156504519901,-3.5,0.20657200124710856,4.0,on_ramp,on_ramp_mv,,normal,not_started,commit
BASIC-06,basic_01_06_900_bugcheck_20260605,314,31.400000000000176,B06_CLV,cav,not_applicable,7785.0000624668555,0.0,29.999973972143266,1.0844940305787532e-05,lane_2,mainline,,normal,none,commit
BASIC-06,basic_01_06_900_bugcheck_20260605,314,31.400000000000176,B06_CFV,cav,not_applicable,7693.856094088971,3.5,29.980494769292438,0.08164072856980864,lane_1,mainline,,normal,none,commit
BASIC-06,basic_01_06_900_bugcheck_20260605,314,31.400000000000176,B06_TLV_CFV,cav,not_applicable,7736.250241248866,3.5,30.035530595823413,0.36477716123236925,lane_1,mainline,,normal,none,commit
BASIC-06,basic_01_06_900_bugcheck_20260605,314,31.400000000000176,B06_TLV_CLV,cav,not_applicable,7778.620104075783,3.5,29.99995663508957,1.8068712678598333e-05,lane_1,mainline,,normal,none,commit
BASIC-06,basic_01_06_900_bugcheck_20260605,315,31.500000000000178,B06_MV,cav,not_applicable,7245.176667918495,-3.5,0.2016339859316388,4.0,on_ramp,on_ramp_mv,,normal,not_started,commit
BASIC-06,basic_01_06_900_bugcheck_20260605,315,31.500000000000178,B06_CLV,cav,not_applicable,7788.000059968182,0.0,29.999975013257536,1.0411142693556031e-05,lane_2,mainline,,normal,none,commit
BASIC-06,basic_01_06_900_bugcheck_20260605,315,31.500000000000178,B06_CFV,cav,not_applicable,7696.862084262771,3.5,30.059901737993606,0.7940696870116616,lane_1,mainline,,normal,none,commit
BASIC-06,basic_01_06_900_bugcheck_20260605,315,31.500000000000178,B06_TLV_CFV,cav,not_applicable,7739.245869757949,3.5,29.956285090833333,-0.7924550499007887,lane_1,mainline,,normal,none,commit
BASIC-06,basic_01_06_900_bugcheck_20260605,315,31.500000000000178,B06_TLV_CLV,cav,not_applicable,7781.620099912752,3.5,29.999958369685988,1.734596417151124e-05,lane_1,mainline,,normal,none,commit
BASIC-06,basic_01_06_900_bugcheck_20260605,316,31.60000000000018,B06_MV,cav,not_applicable,7245.196349319671,-3.5,0.1968140117595737,4.0,on_ramp,on_ramp_mv,,normal,not_started,commit
BASIC-06,basic_01_06_900_bugcheck_20260605,316,31.60000000000018,B06_CLV,cav,not_applicable,7791.000057569454,0.0,29.999976012727235,9.994696985415886e-06,lane_2,mainline,,normal,none,commit
BASIC-06,basic_01_06_900_bugcheck_20260605,316,31.60000000000018,B06_CFV,cav,not_applicable,7699.863662279464,3.5,30.015780166930924,-0.4412157106268223,lane_1,mainline,,normal,none,commit
BASIC-06,basic_01_06_900_bugcheck_20260605,316,31.60000000000018,B06_TLV_CFV,cav,not_applicable,7742.2422872711695,3.5,29.964175132205085,0.07890041371753653,lane_1,mainline,,normal,none,commit
BASIC-06,basic_01_06_900_bugcheck_20260605,316,31.60000000000018,B06_TLV_CLV,cav,not_applicable,7784.6200959162425,3.5,29.99996003489855,1.6652125604821322e-05,lane_1,mainline,,normal,none,commit
BASIC-06,basic_01_06_900_bugcheck_20260605,317,31.70000000000018,B06_MV,cav,not_applicable,7245.215560245371,-3.5,0.19210925700809128,4.0,on_ramp,on_ramp_mv,,normal,not_started,commit
BASIC-06,basic_01_06_900_bugcheck_20260605,317,31.70000000000018,B06_CLV,cav,not_applicable,7794.000055266676,0.0,29.999976972218146,9.594909106169781e-06,lane_2,mainline,,normal,none,commit
BASIC-06,basic_01_06_900_bugcheck_20260605,317,31.70000000000018,B06_CFV,cav,not_applicable,7702.868903076706,3.5,30.052407972425094,0.3662780549416909,lane_1,mainline,,normal,none,commit
BASIC-06,basic_01_06_900_bugcheck_20260605,317,31.70000000000018,B06_TLV_CFV,cav,not_applicable,7745.246623060502,3.5,30.04335789332743,0.791827611223439,lane_1,mainline,,normal,none,commit
BASIC-06,basic_01_06_900_bugcheck_20260605,317,31.70000000000018,B06_TLV_CLV,cav,not_applicable,7787.620092079593,3.5,29.999961633502608,1.598604058017372e-05,lane_1,mainline,,normal,none,commit
BASIC-06,basic_01_06_900_bugcheck_20260605,318,31.800000000000182,B06_MV,cav,not_applicable,7245.234311942112,-3.5,0.1875169674062931,4.0,on_ramp,on_ramp_mv,,normal,not_started,commit
BASIC-06,basic_01_06_900_bugcheck_20260605,318,31.800000000000182,B06_CLV,cav,not_applicable,7797.000053056009,0.0,29.99997789332942,9.211112741525085e-06,lane_2,mainline,,normal,none,commit
BASIC-06,basic_01_06_900_bugcheck_20260605,318,31.800000000000182,B06_CFV,cav,not_applicable,7705.86623160349,3.5,29.973285267829414,-0.7912270459567983,lane_1,mainline,,normal,none,commit
BASIC-06,basic_01_06_900_bugcheck_20260605,318,31.800000000000182,B06_TLV_CFV,cav,not_applicable,7748.246528348473,3.5,29.999052879700255,-0.4430501362717316,lane_1,mainline,,normal,none,commit
BASIC-06,basic_01_06_900_bugcheck_20260605,318,31.800000000000182,B06_TLV_CLV,cav,not_applicable,7790.620088396409,3.5,29.999963168162502,1.5346598956966773e-05,lane_1,mainline,,normal,none,commit
BASIC-06,basic_01_06_900_bugcheck_20260605,319,31.900000000000183,B06_MV,cav,not_applicable,7245.252615387564,-3.5,0.18303445452266823,4.0,on_ramp,on_ramp_mv,,normal,not_started,commit
BASIC-06,basic_01_06_900_bugcheck_20260605,319,31.900000000000183,B06_CLV,cav,not_applicable,7800.000050933769,0.0,29.99997877759624,8.84266823248936e-06,lane_2,mainline,,normal,none,commit
BASIC-06,basic_01_06_900_bugcheck_20260605,319,31.900000000000183,B06_CFV,cav,not_applicable,7708.8643591817145,3.5,29.98127578225113,0.0799051442171651,lane_1,mainline,,normal,none,commit
BASIC-06,basic_01_06_900_bugcheck_20260605,319,31.900000000000183,B06_TLV_CFV,cav,not_applicable,7751.250081408055,3.5,30.035530595823477,0.36477716123221965,lane_1,mainline,,normal,none,commit
BASIC-06,basic_01_06_900_bugcheck_20260605,319,31.900000000000183,B06_TLV_CLV,cav,not_applicable,7793.620084860553,3.5,29.999964641436,1.4732734999256537e-05,lane_1,mainline,,normal,none,commit
BASIC-06,basic_01_06_900_bugcheck_20260605,320,32.000000000000185,B06_MV,cav,not_applicable,7245.270481296983,-3.5,0.17865909419190856,4.0,on_ramp,on_ramp_mv,,normal,not_started,commit
BASIC-06,basic_01_06_900_bugcheck_20260605,320,32.000000000000185,B06_CLV,cav,not_applicable,7803.000048896418,0.0,29.99997962649239,8.488961503871905e-06,lane_2,mainline,,normal,none,commit
BASIC-06,basic_01_06_900_bugcheck_20260605,320,32.000000000000185,B06_CFV,cav,not_applicable,7711.8704132565745,3.5,30.06054074859617,0.7926496634504079,lane_1,mainline,,normal,none,commit
BASIC-06,basic_01_06_900_bugcheck_20260605,320,32.000000000000185,B06_TLV_CFV,cav,not_applicable,7754.245709917138,3.5,29.956285090833386,-0.7924550499009111,lane_1,mainline,,normal,none,commit
BASIC-06,basic_01_06_900_bugcheck_20260605,320,32.000000000000185,B06_TLV_CLV,cav,not_applicable,7796.620081466131,3.5,29.99996605577856,1.4143425599399962e-05,lane_1,mainline,,normal,none,commit
BASIC-06,basic_01_06_900_bugcheck_20260605,321,32.100000000000186,B06_MV,cav,not_applicable,7245.287920129481,-3.5,0.1743883249780318,4.0,on_ramp,on_ramp_mv,,normal,not_started,commit
BASIC-06,basic_01_06_900_bugcheck_20260605,321,32.100000000000186,B06_CLV,cav,not_applicable,7806.000046940561,0.0,29.999980441432694,8.149403043944403e-06,lane_2,mainline,,normal,none,commit
BASIC-06,basic_01_06_900_bugcheck_20260605,321,32.100000000000186,B06_CFV,cav,not_applicable,7714.8720435559535,3.5,30.01630299378757,-0.4423775480860299,lane_1,mainline,,normal,none,commit
BASIC-06,basic_01_06_900_bugcheck_20260605,321,32.100000000000186,B06_TLV_CFV,cav,not_applicable,7757.242127430359,3.5,29.96417513220513,0.0789004137174365,lane_1,mainline,,normal,none,commit
BASIC-06,basic_01_06_900_bugcheck_20260605,321,32.100000000000186,B06_TLV_CLV,cav,not_applicable,7799.620078207486,3.5,29.99996741354742,1.3577688575594495e-05,lane_1,mainline,,normal,none,commit
BASIC-06,basic_01_06_900_bugcheck_20260605,322,32.20000000000019,B06_MV,cav,not_applicable,7245.304942094149,-3.5,0.17021964667511638,4.0,on_ramp,on_ramp_mv,,normal,not_started,commit
BASIC-06,basic_01_06_900_bugcheck_20260605,322,32.20000000000019,B06_CLV,cav,not_applicable,7809.000045062939,0.0,29.999981223775386,7.823426922470845e-06,lane_2,mainline,,normal,none,commit
BASIC-06,basic_01_06_900_bugcheck_20260605,322,32.20000000000019,B06_CFV,cav,not_applicable,7717.877327129939,3.5,30.052835739853258,0.36532746065688465,lane_1,mainline,,normal,none,commit
BASIC-06,basic_01_06_900_bugcheck_20260605,322,32.20000000000019,B06_TLV_CFV,cav,not_applicable,7760.246463219692,3.5,30.043357893327467,0.7918276112233571,lane_1,mainline,,normal,none,commit
BASIC-06,basic_01_06_900_bugcheck_20260605,322,32.20000000000019,B06_TLV_CLV,cav,not_applicable,7802.620075079186,3.5,29.999968717005522,1.3034581031945436e-05,lane_1,mainline,,normal,none,commit
BASIC-06,basic_01_06_900_bugcheck_20260605,323,32.30000000000019,B06_MV,cav,not_applicable,7245.321557156033,-3.5,0.16615061884347448,4.0,on_ramp,on_ramp_mv,,normal,not_started,commit
BASIC-06,basic_01_06_900_bugcheck_20260605,323,32.30000000000019,B06_CLV,cav,not_applicable,7812.000043260421,0.0,29.99998197482437,7.5104898456856976e-06,lane_2,mainline,,normal,none,commit
BASIC-06,basic_01_06_900_bugcheck_20260605,323,32.30000000000019,B06_CFV,cav,not_applicable,7720.8746906558745,3.5,29.973635259361547,-0.7920048049170942,lane_1,mainline,,normal,none,commit
BASIC-06,basic_01_06_900_bugcheck_20260605,323,32.30000000000019,B06_TLV_CFV,cav,not_applicable,7763.246368507662,3.5,29.999052879700287,-0.4430501362717987,lane_1,mainline,,normal,none,commit
BASIC-06,basic_01_06_900_bugcheck_20260605,323,32.30000000000019,B06_TLV_CLV,cav,not_applicable,7805.620072076018,3.5,29.999969968325303,1.251319779100868e-05,lane_1,mainline,,normal,none,commit
BASIC-06,basic_01_06_900_bugcheck_20260605,324,32.40000000000019,B06_MV,cav,not_applicable,7245.337775041971,-3.5,0.16217885938148036,4.0,on_ramp,on_ramp_mv,,normal,not_started,commit
BASIC-06,basic_01_06_900_bugcheck_20260605,324,32.40000000000019,B06_CLV,cav,not_applicable,7815.000041530005,0.0,29.999982695831395,7.210070252483547e-06,lane_2,mainline,,normal,none,commit
BASIC-06,basic_01_06_900_bugcheck_20260605,324,32.40000000000019,B06_CFV,cav,not_applicable,7723.87284686977,3.5,29.98156213895924,0.07926879597692293,lane_1,mainline,,normal,none,commit
BASIC-06,basic_01_06_900_bugcheck_20260605,324,32.40000000000019,B06_TLV_CFV,cav,not_applicable,7766.249921567244,3.5,30.035530595823502,0.36477716123216475,lane_1,mainline,,normal,none,commit
BASIC-06,basic_01_06_900_bugcheck_20260605,324,32.40000000000019,B06_TLV_CLV,cav,not_applicable,7808.620069192977,3.5,29.99997116959229,1.2012669878913585e-05,lane_1,mainline,,normal,none,commit
BASIC-06,basic_01_06_900_bugcheck_20260605,325,32.50000000000019,B06_MV,cav,not_applicable,7245.353605246284,-3.5,0.15830204313022772,4.0,on_ramp,on_ramp_mv,,normal,not_started,commit
BASIC-06,basic_01_06_900_bugcheck_20260605,325,32.50000000000019,B06_CLV,cav,not_applicable,7818.000039868804,0.0,29.99998338799814,6.921667441872614e-06,lane_2,mainline,,normal,none,commit
BASIC-06,basic_01_06_900_bugcheck_20260605,325,32.50000000000019,B06_CFV,cav,not_applicable,7726.878924373815,3.5,30.060775040448263,0.7921290148902097,lane_1,mainline,,normal,none,commit
BASIC-06,basic_01_06_900_bugcheck_20260605,325,32.50000000000019,B06_TLV_CFV,cav,not_applicable,7769.245550076327,3.5,29.956285090833408,-0.792455049900956,lane_1,mainline,,normal,none,commit
BASIC-06,basic_01_06_900_bugcheck_20260605,325,32.50000000000019,B06_TLV_CLV,cav,not_applicable,7811.620066425258,3.5,29.9999723228086,1.153216308438232e-05,lane_1,mainline,,normal,none,commit
BASIC-06,basic_01_06_900_bugcheck_20260605,326,32.60000000000019,B06_MV,cav,not_applicable,7245.369057036335,-3.5,0.15451790051297284,4.0,on_ramp,on_ramp_mv,,normal,not_started,commit
BASIC-06,basic_01_06_900_bugcheck_20260605,326,32.60000000000019,B06_CLV,cav,not_applicable,7821.000038274052,0.0,29.99998405247821,6.6448007444819275e-06,lane_2,mainline,,normal,none,commit
BASIC-06,basic_01_06_900_bugcheck_20260605,326,32.60000000000019,B06_CFV,cav,not_applicable,7729.880573842527,3.5,30.0164946871211,-0.44280353327164657,lane_1,mainline,,normal,none,commit
BASIC-06,basic_01_06_900_bugcheck_20260605,326,32.60000000000019,B06_TLV_CFV,cav,not_applicable,7772.241967589548,3.5,29.96417513220515,0.07890041371739964,lane_1,mainline,,normal,none,commit
BASIC-06,basic_01_06_900_bugcheck_20260605,326,32.60000000000019,B06_TLV_CLV,cav,not_applicable,7814.620063768248,3.5,29.999973429896254,1.1070876560381748e-05,lane_1,mainline,,normal,none,commit
BASIC-06,basic_01_06_900_bugcheck_20260605,327,32.700000000000195,B06_MV,cav,not_applicable,7245.384139457956,-3.5,0.15082421620610217,4.0,on_ramp,on_ramp_mv,,normal,not_started,commit
BASIC-06,basic_01_06_900_bugcheck_20260605,327,32.700000000000195,B06_CLV,cav,not_applicable,7824.000036743089,0.0,29.999984690379083,6.379008715384771e-06,lane_2,mainline,,normal,none,commit
BASIC-06,basic_01_06_900_bugcheck_20260605,327,32.700000000000195,B06_CFV,cav,not_applicable,7732.885873100512,3.5,30.05299257985342,0.3649789273231983,lane_1,mainline,,normal,none,commit
BASIC-06,basic_01_06_900_bugcheck_20260605,327,32.700000000000195,B06_TLV_CFV,cav,not_applicable,7775.246303378881,3.5,30.04335789332748,0.791827611223327,lane_1,mainline,,normal,none,commit
BASIC-06,basic_01_06_900_bugcheck_20260605,327,32.700000000000195,B06_TLV_CLV,cav,not_applicable,7817.620061217518,3.5,29.999974492700403,1.0628041498250696e-05,lane_1,mainline,,normal,none,commit
BASIC-06,basic_01_06_900_bugcheck_20260605,328,32.800000000000196,B06_MV,cav,not_applicable,7245.39886134074,-3.5,0.14721882784227694,4.0,on_ramp,on_ramp_mv,,normal,not_started,commit
BASIC-06,basic_01_06_900_bugcheck_20260605,328,32.800000000000196,B06_CLV,cav,not_applicable,7827.000035273366,0.0,29.99998530276392,6.123848366712537e-06,lane_2,mainline,,normal,none,commit
BASIC-06,basic_01_06_900_bugcheck_20260605,328,32.800000000000196,B06_CFV,cav,not_applicable,7735.883249458812,3.5,29.973763582998046,-0.7922899685537468,lane_1,mainline,,normal,none,commit
BASIC-06,basic_01_06_900_bugcheck_20260605,328,32.800000000000196,B06_TLV_CFV,cav,not_applicable,7778.246208666851,3.5,29.9990528797003,-0.4430501362718233,lane_1,mainline,,normal,none,commit
BASIC-06,basic_01_06_900_bugcheck_20260605,328,32.800000000000196,B06_TLV_CLV,cav,not_applicable,7820.620058768817,3.5,29.999975512992386,1.0202919838775415e-05,lane_1,mainline,,normal,none,commit
BASIC-06,basic_01_06_900_bugcheck_20260605,329,32.9000000000002,B06_MV,cav,not_applicable,7245.413231303214,-3.5,0.14369962474488462,4.0,on_ramp,on_ramp_mv,,normal,not_started,commit
BASIC-06,basic_01_06_900_bugcheck_20260605,329,32.9000000000002,B06_CLV,cav,not_applicable,7830.000033862431,0.0,29.999985890653363,5.8788944315324445e-06,lane_2,mainline,,normal,none,commit
BASIC-06,basic_01_06_900_bugcheck_20260605,329,32.9000000000002,B06_CFV,cav,not_applicable,7738.881416171915,3.5,29.981667131025468,0.07903548027420726,lane_1,mainline,,normal,none,commit
BASIC-06,basic_01_06_900_bugcheck_20260605,329,32.9000000000002,B06_TLV_CFV,cav,not_applicable,7781.2497617264335,3.5,30.035530595823516,0.3647771612321446,lane_1,mainline,,normal,none,commit
BASIC-06,basic_01_06_900_bugcheck_20260605,329,32.9000000000002,B06_TLV_CLV,cav,not_applicable,7823.620056418064,3.5,29.99997649247269,9.794803045792834e-06,lane_1,mainline,,normal,none,commit
BASIC-06,basic_01_06_900_bugcheck_20260605,330,33.0000000000002,B06_MV,cav,not_applicable,7245.427257757883,-3.5,0.14026454669205857,4.0,on_ramp,on_ramp_mv,,normal,not_started,commit
BASIC-06,basic_01_06_900_bugcheck_20260605,330,33.0000000000002,B06_CLV,cav,not_applicable,7833.000032507934,0.0,29.99998645502723,5.643738654725894e-06,lane_2,mainline,,normal,none,commit
BASIC-06,basic_01_06_900_bugcheck_20260605,330,33.0000000000002,B06_CFV,cav,not_applicable,7741.88750226622,3.5,30.060860943047903,0.7919381202243514,lane_1,mainline,,normal,none,commit
BASIC-06,basic_01_06_900_bugcheck_20260605,330,33.0000000000002,B06_TLV_CFV,cav,not_applicable,7784.245390235516,3.5,29.95628509083342,-0.7924550499009726,lane_1,mainline,,normal,none,commit
BASIC-06,basic_01_06_900_bugcheck_20260605,330,33.0000000000002,B06_TLV_CLV,cav,not_applicable,7826.620054161342,3.5,29.999977432773782,9.403010923847433e-06,lane_1,mainline,,normal,none,commit
BASIC-06,basic_01_06_900_bugcheck_20260605,331,33.1000000000002,B06_MV,cav,not_applicable,7245.440948916154,-3.5,0.1369115827104828,4.0,on_ramp,on_ramp_mv,,normal,not_started,commit
BASIC-06,basic_01_06_900_bugcheck_20260605,331,33.1000000000002,B06_CLV,cav,not_applicable,7836.000031207616,0.0,29.99998699682614,5.417989108025267e-06,lane_2,mainline,,normal,none,commit
BASIC-06,basic_01_06_900_bugcheck_20260605,331,33.1000000000002,B06_CFV,cav,not_applicable,7744.889158763326,3.5,30.01656497106626,-0.4429597198164398,lane_1,mainline,,normal,none,commit
BASIC-06,basic_01_06_900_bugcheck_20260605,331,33.1000000000002,B06_TLV_CFV,cav,not_applicable,7787.241807748737,3.5,29.964175132205156,0.0789004137173861,lane_1,mainline,,normal,none,commit
BASIC-06,basic_01_06_900_bugcheck_20260605,331,33.1000000000002,B06_TLV_CLV,cav,not_applicable,7829.620051994888,3.5,29.99997833546283,9.026890487007222e-06,lane_1,mainline,,normal,none,commit
BASIC-06,basic_01_06_900_bugcheck_20260605,332,33.2000000000002,B06_MV,cav,not_applicable,7245.454312793144,-3.5,0.13363876989832965,4.0,on_ramp,on_ramp_mv,,normal,not_started,commit
BASIC-06,basic_01_06_900_bugcheck_20260605,332,33.2000000000002,B06_CLV,cav,not_applicable,7839.000029959311,0.0,29.999987516953095,5.20126954342004e-06,lane_2,mainline,,normal,none,commit
BASIC-06,basic_01_06_900_bugcheck_20260605,332,33.2000000000002,B06_CFV,cav,not_applicable,7747.894463771816,3.5,30.05305008489946,0.3648511383320039,lane_1,mainline,,normal,none,commit
BASIC-06,basic_01_06_900_bugcheck_20260605,332,33.2000000000002,B06_TLV_CFV,cav,not_applicable,7790.24614353807,3.5,30.04335789332749,0.7918276112233159,lane_1,mainline,,normal,none,commit
BASIC-06,basic_01_06_900_bugcheck_20260605,332,33.2000000000002,B06_TLV_CLV,cav,not_applicable,7832.620049915093,3.5,29.99997920204432,8.66581486747009e-06,lane_1,mainline,,normal,none,commit
BASIC-06,basic_01_06_900_bugcheck_20260605,333,33.3000000000002,B06_MV,cav,not_applicable,7245.467357212371,-3.5,0.13044419227646128,4.0,on_ramp,on_ramp_mv,,normal,not_started,commit
BASIC-06,basic_01_06_900_bugcheck_20260605,333,33.3000000000002,B06_CLV,cav,not_applicable,7842.000028760938,0.0,29.99998801627497,4.993218762194829e-06,lane_2,mainline,,normal,none,commit
BASIC-06,basic_01_06_900_bugcheck_20260605,333,33.3000000000002,B06_CFV,cav,not_applicable,7750.891844835074,3.5,29.97381063258117,-0.7923945231829059,lane_1,mainline,,normal,none,commit
BASIC-06,basic_01_06_900_bugcheck_20260605,333,33.3000000000002,B06_TLV_CFV,cav,not_applicable,7793.24604882604,3.5,29.999052879700304,-0.44305013627183243,lane_1,mainline,,normal,none,commit
BASIC-06,basic_01_06_900_bugcheck_20260605,333,33.3000000000002,B06_TLV_CLV,cav,not_applicable,7835.620047918489,3.5,29.999980033962547,8.31918227248707e-06,lane_1,mainline,,normal,none,commit
BASIC-06,basic_01_06_900_bugcheck_20260605,334,33.400000000000205,B06_MV,cav,not_applicable,7245.480089810338,-3.5,0.1273259796659374,4.0,on_ramp,on_ramp_mv,,normal,not_started,commit
BASIC-06,basic_01_06_900_bugcheck_20260605,334,33.400000000000205,B06_CLV,cav,not_applicable,7845.0000276105,0.0,29.99998849562397,4.793490012389157e-06,lane_2,mainline,,normal,none,commit
BASIC-06,basic_01_06_900_bugcheck_20260605,334,33.400000000000205,B06_CFV,cav,not_applicable,7753.890015397688,3.5,29.981705626138933,0.07894993557762253,lane_1,mainline,,normal,none,commit
BASIC-06,basic_01_06_900_bugcheck_20260605,334,33.400000000000205,B06_TLV_CFV,cav,not_applicable,7796.249601885623,3.5,30.03553059582352,0.36477716123213716,lane_1,mainline,,normal,none,commit
BASIC-06,basic_01_06_900_bugcheck_20260605,334,33.400000000000205,B06_TLV_CLV,cav,not_applicable,7838.62004600175,3.5,29.999980832604045,7.986414981075996e-06,lane_1,mainline,,normal,none,commit
BASIC-06,basic_01_06_900_bugcheck_20260605,335,33.500000000000206,B06_MV,cav,not_applicable,7245.492518040997,-3.5,0.12428230659378679,4.0,on_ramp,on_ramp_mv,,normal,not_started,commit
BASIC-06,basic_01_06_900_bugcheck_20260605,335,33.500000000000206,B06_CLV,cav,not_applicable,7848.00002650608,0.0,29.99998895579901,4.601750411836747e-06,lane_2,mainline,,normal,none,commit
BASIC-06,basic_01_06_900_bugcheck_20260605,335,33.500000000000206,B06_CFV,cav,not_applicable,7756.896104641593,3.5,30.06089243904983,0.7918681291089639,lane_1,mainline,,normal,none,commit
BASIC-06,basic_01_06_900_bugcheck_20260605,335,33.500000000000206,B06_TLV_CFV,cav,not_applicable,7799.245230394706,3.5,29.956285090833422,-0.7924550499009786,lane_1,mainline,,normal,none,commit
BASIC-06,basic_01_06_900_bugcheck_20260605,335,33.500000000000206,B06_TLV_CLV,cav,not_applicable,7841.62004416168,3.5,29.999981599299883,7.666958381946642e-06,lane_1,mainline,,normal,none,commit
BASIC-06,basic_01_06_900_bugcheck_20260605,336,33.60000000000021,B06_MV,cav,not_applicable,7245.5046491801195,-3.5,0.12131139122421558,4.0,on_ramp,on_ramp_mv,,normal,not_started,commit
BASIC-06,basic_01_06_900_bugcheck_20260605,336,33.60000000000021,B06_CLV,cav,not_applicable,7851.000025445836,0.0,29.999989397567052,4.417680395363277e-06,lane_2,mainline,,normal,none,commit
BASIC-06,basic_01_06_900_bugcheck_20260605,336,33.60000000000021,B06_CFV,cav,not_applicable,7759.897763715646,3.5,30.016590740522382,-0.4430169852744841,lane_1,mainline,,normal,none,commit
BASIC-06,basic_01_06_900_bugcheck_20260605,336,33.60000000000021,B06_TLV_CFV,cav,not_applicable,7802.241647907927,3.5,29.96417513220516,0.07890041371738121,lane_1,mainline,,normal,none,commit
BASIC-06,basic_01_06_900_bugcheck_20260605,336,33.60000000000021,B06_TLV_CLV,cav,not_applicable,7844.620042395213,3.5,29.999982335327886,7.3602800469529945e-06,lane_1,mainline,,normal,none,commit
BASIC-06,basic_01_06_900_bugcheck_20260605,337,33.70000000000021,B06_MV,cav,not_applicable,7245.516490329551,-3.5,0.11841149431568768,4.0,on_ramp,on_ramp_mv,,normal,not_started,commit
BASIC-06,basic_01_06_900_bugcheck_20260605,337,33.70000000000021,B06_CLV,cav,not_applicable,7854.000024428003,0.0,29.99998982166437,4.240973179037155e-06,lane_2,mainline,,normal,none,commit
BASIC-06,basic_01_06_900_bugcheck_20260605,337,33.70000000000021,B06_CFV,cav,not_applicable,7762.903070832546,3.5,30.053071168999924,0.36480428477542215,lane_1,mainline,,normal,none,commit
BASIC-06,basic_01_06_900_bugcheck_20260605,337,33.70000000000021,B06_TLV_CFV,cav,not_applicable,7805.245983697259,3.5,30.043357893327492,0.7918276112233119,lane_1,mainline,,normal,none,commit
BASIC-06,basic_01_06_900_bugcheck_20260605,337,33.70000000000021,B06_TLV_CLV,cav,not_applicable,7847.620040699405,3.5,29.99998304191477,7.065868845756996e-06,lane_1,mainline,,normal,none,commit
BASIC-06,basic_01_06_900_bugcheck_20260605,338,33.80000000000021,B06_MV,cav,not_applicable,7245.528048421371,-3.5,0.11558091820213758,4.0,on_ramp,on_ramp_mv,,normal,not_started,commit
BASIC-06,basic_01_06_900_bugcheck_20260605,338,33.80000000000021,B06_CLV,cav,not_applicable,7857.0000234508825,0.0,29.999990228797795,4.071334251420922e-06,lane_2,mainline,,normal,none,commit
BASIC-06,basic_01_06_900_bugcheck_20260605,338,33.80000000000021,B06_CFV,cav,not_applicable,7765.900453620867,3.5,29.973827883208823,-0.7924328579110183,lane_1,mainline,,normal,none,commit
BASIC-06,basic_01_06_900_bugcheck_20260605,338,33.80000000000021,B06_TLV_CFV,cav,not_applicable,7808.24588898523,3.5,29.999052879700308,-0.44305013627183565,lane_1,mainline,,normal,none,commit
BASIC-06,basic_01_06_900_bugcheck_20260605,338,33.80000000000021,B06_TLV_CLV,cav,not_applicable,7850.620039071428,3.5,29.99998372023818,6.783234091756185e-06,lane_1,mainline,,normal,none,commit
BASIC-06,basic_01_06_900_bugcheck_20260605,339,33.90000000000021,B06_MV,cav,not_applicable,7245.539330221951,-3.5,0.11281800579962041,4.0,on_ramp,on_ramp_mv,,normal,not_started,commit
BASIC-06,basic_01_06_900_bugcheck_20260605,339,33.90000000000021,B06_CLV,cav,not_applicable,7860.000022512847,0.0,29.999990619645885,3.908480881875676e-06,lane_2,mainline,,normal,none,commit
BASIC-06,basic_01_06_900_bugcheck_20260605,339,33.90000000000021,B06_CFV,cav,not_applicable,7768.898625594896,3.5,29.98171974028883,0.07891857080007603,lane_1,mainline,,normal,none,commit
BASIC-06,basic_01_06_900_bugcheck_20260605,339,33.90000000000021,B06_TLV_CFV,cav,not_applicable,7811.249442044812,3.5,30.03553059582352,0.3647771612321345,lane_1,mainline,,normal,none,commit
BASIC-06,basic_01_06_900_bugcheck_20260605,339,33.90000000000021,B06_TLV_CLV,cav,not_applicable,7853.620037508571,3.5,29.999984371428653,6.511904727801721e-06,lane_1,mainline,,normal,none,commit
BASIC-06,basic_01_06_900_bugcheck_20260605,340,34.00000000000021,B06_MV,cav,not_applicable,7245.550342335914,-3.5,0.11012113963600745,4.0,on_ramp,on_ramp_mv,,normal,not_started,commit
BASIC-06,basic_01_06_900_bugcheck_20260605,340,34.00000000000021,B06_CLV,cav,not_applicable,7863.000021612333,0.0,29.99999099486005,3.752141645918528e-06,lane_2,mainline,,normal,none,commit
BASIC-06,basic_01_06_900_bugcheck_20260605,340,34.00000000000021,B06_CFV,cav,not_applicable,7771.904715993594,3.5,30.060903986990656,0.791842467018244,lane_1,mainline,,normal,none,commit
BASIC-06,basic_01_06_900_bugcheck_20260605,340,34.00000000000021,B06_TLV_CFV,cav,not_applicable,7814.245070553895,3.5,29.956285090833422,-0.7924550499009808,lane_1,mainline,,normal,none,commit
BASIC-06,basic_01_06_900_bugcheck_20260605,340,34.00000000000021,B06_TLV_CLV,cav,not_applicable,7856.620036008228,3.5,29.999984996571506,6.251428538917026e-06,lane_1,mainline,,normal,none,commit
BASIC-06,basic_01_06_900_bugcheck_20260605,341,34.100000000000215,B06_MV,cav,not_applicable,7245.561091210005,-3.5,0.10748874090437938,4.0,on_ramp,on_ramp_mv,,normal,not_started,commit
BASIC-06,basic_01_06_900_bugcheck_20260605,341,34.100000000000215,B06_CLV,cav,not_applicable,7866.000020747839,0.0,29.999991355065646,3.602055980422847e-06,lane_2,mainline,,normal,none,commit
BASIC-06,basic_01_06_900_bugcheck_20260605,341,34.100000000000215,B06_CFV,cav,not_applicable,7774.906376012478,3.5,30.016600188837604,-0.44303798153052765,lane_1,mainline,,normal,none,commit
BASIC-06,basic_01_06_900_bugcheck_20260605,341,34.100000000000215,B06_TLV_CFV,cav,not_applicable,7817.241488067116,3.5,29.96417513220516,0.07890041371737944,lane_1,mainline,,normal,none,commit
BASIC-06,basic_01_06_900_bugcheck_20260605,341,34.100000000000215,B06_TLV_CLV,cav,not_applicable,7859.620034567899,3.5,29.999985596708644,6.001371397701405e-06,lane_1,mainline,,normal,none,commit
BASIC-06,basic_01_06_900_bugcheck_20260605,342,34.200000000000216,B06_MV,cav,not_applicable,7245.571583136859,-3.5,0.10491926853816068,4.0,on_ramp,on_ramp_mv,,normal,not_started,commit
BASIC-06,basic_01_06_900_bugcheck_20260605,342,34.200000000000216,B06_CLV,cav,not_applicable,7869.000019917925,0.0,29.99999170086302,3.4579737416606807e-06,lane_2,mainline,,normal,none,commit
BASIC-06,basic_01_06_900_bugcheck_20260605,342,34.200000000000216,B06_CFV,cav,not_applicable,7777.911683902422,3.5,30.05307889943965,0.3647871060204774,lane_1,mainline,,normal,none,commit
BASIC-06,basic_01_06_900_bugcheck_20260605,342,34.200000000000216,B06_TLV_CFV,cav,not_applicable,7820.245823856449,3.5,30.043357893327492,0.7918276112233105,lane_1,mainline,,normal,none,commit
BASIC-06,basic_01_06_900_bugcheck_20260605,342,34.200000000000216,B06_TLV_CLV,cav,not_applicable,7862.620033185183,3.5,29.9999861728403,5.761316542418627e-06,lane_1,mainline,,normal,none,commit
BASIC-06,basic_01_06_900_bugcheck_20260605,343,34.30000000000022,B06_MV,cav,not_applicable,7245.58182425869,-3.5,0.10241121830951704,4.0,on_ramp,on_ramp_mv,,normal,not_started,commit
BASIC-06,basic_01_06_900_bugcheck_20260605,343,34.30000000000022,B06_CLV,cav,not_applicable,7872.0000191212075,0.0,29.9999920328285,3.3196547917668797e-06,lane_2,mainline,,normal,none,commit
BASIC-06,basic_01_06_900_bugcheck_20260605,343,34.30000000000022,B06_CFV,cav,not_applicable,7780.909067323233,3.5,29.973834208114052,-0.7924469132559729,lane_1,mainline,,normal,none,commit
BASIC-06,basic_01_06_900_bugcheck_20260605,343,34.30000000000022,B06_TLV_CFV,cav,not_applicable,7823.245729144419,3.5,29.999052879700308,-0.44305013627183687,lane_1,mainline,,normal,none,commit
BASIC-06,basic_01_06_900_bugcheck_20260605,343,34.30000000000022,B06_TLV_CLV,cav,not_applicable,7865.620031857776,3.5,29.999986725926686,5.530863880665038e-06,lane_1,mainline,,normal,none,commit
BASIC-06,basic_01_06_900_bugcheck_20260605,344,34.40000000000022,B06_MV,cav,not_applicable,7245.591820570885,-3.5,0.09996312194862401,4.0,on_ramp,on_ramp_mv,,normal,not_started,commit
BASIC-06,basic_01_06_900_bugcheck_20260605,344,34.40000000000022,B06_CLV,cav,not_applicable,7875.000018356359,0.0,29.99999235151536,3.1868685994140835e-06,lane_2,mainline,,normal,none,commit
BASIC-06,basic_01_06_900_bugcheck_20260605,344,34.40000000000022,B06_CFV,cav,not_applicable,7783.907239814755,3.5,29.98172491521129,0.0789070709723858,lane_1,mainline,,normal,none,commit
BASIC-06,basic_01_06_900_bugcheck_20260605,344,34.40000000000022,B06_TLV_CFV,cav,not_applicable,7826.249282204001,3.5,30.03553059582352,0.3647771612321335,lane_1,mainline,,normal,none,commit
BASIC-06,basic_01_06_900_bugcheck_20260605,344,34.40000000000022,B06_TLV_CLV,cav,not_applicable,7868.6200305834645,3.5,29.999987256889618,5.309629325722654e-06,lane_1,mainline,,normal,none,commit
BASIC-06,basic_01_06_900_bugcheck_20260605,345,34.50000000000022,B06_MV,cav,not_applicable,7245.601577925513,-3.5,0.09757354628402476,4.0,on_ramp,on_ramp_mv,,normal,not_started,commit
BASIC-06,basic_01_06_900_bugcheck_20260605,345,34.50000000000022,B06_CLV,cav,not_applicable,7878.000017622105,0.0,29.999992657454744,3.0593938561196413e-06,lane_2,mainline,,normal,none,commit
BASIC-06,basic_01_06_900_bugcheck_20260605,345,34.50000000000022,B06_CFV,cav,not_applicable,7786.913330636857,3.5,30.060908221018124,0.7918330580683157,lane_1,mainline,,normal,none,commit
BASIC-06,basic_01_06_900_bugcheck_20260605,345,34.50000000000022,B06_TLV_CFV,cav,not_applicable,7829.244910713084,3.5,29.956285090833422,-0.7924550499009817,lane_1,mainline,,normal,none,commit
BASIC-06,basic_01_06_900_bugcheck_20260605,345,34.50000000000022,B06_TLV_CLV,cav,not_applicable,7871.620029360126,3.5,29.999987766614034,5.097244152807434e-06,lane_1,mainline,,normal,none,commit
BASIC-06,basic_01_06_900_bugcheck_20260605,346,34.60000000000022,B06_MV,cav,not_applicable,7245.6111020347535,-3.5,0.09524109240342422,4.0,on_ramp,on_ramp_mv,,normal,not_started,commit
BASIC-06,basic_01_06_900_bugcheck_20260605,346,34.60000000000022,B06_CLV,cav,not_applicable,7881.00001691722,0.0,29.999992951156553,2.937018102500133e-06,lane_2,mainline,,normal,none,commit
BASIC-06,basic_01_06_900_bugcheck_20260605,346,34.60000000000022,B06_CFV,cav,not_applicable,7789.914991002161,3.5,30.016603653041894,-0.44304567976228715,lane_1,mainline,,normal,none,commit
BASIC-06,basic_01_06_900_bugcheck_20260605,346,34.60000000000022,B06_TLV_CFV,cav,not_applicable,7832.241328226305,3.5,29.96417513220516,0.07890041371737866,lane_1,mainline,,normal,none,commit
BASIC-06,basic_01_06_900_bugcheck_20260605,346,34.60000000000022,B06_TLV_CLV,cav,not_applicable,7874.620028185721,3.5,29.99998825594947,4.89335438658145e-06,lane_1,mainline,,normal,none,commit
BASIC-06,basic_01_06_900_bugcheck_20260605,347,34.70000000000022,B06_MV,cav,not_applicable,7245.620398474237,-3.5,0.09296439483492003,4.0,on_ramp,on_ramp_mv,,normal,not_started,commit
BASIC-06,basic_01_06_900_bugcheck_20260605,347,34.70000000000022,B06_CLV,cav,not_applicable,7884.000016240531,0.0,29.999993233110292,2.8195373786843447e-06,lane_2,mainline,,normal,none,commit
BASIC-06,basic_01_06_900_bugcheck_20260605,347,34.70000000000022,B06_CFV,cav,not_applicable,7792.920299175539,3.5,30.053081733788616,0.36478080746721964,lane_1,mainline,,normal,none,commit
BASIC-06,basic_01_06_900_bugcheck_20260605,347,34.70000000000022,B06_TLV_CFV,cav,not_applicable,7835.245664015638,3.5,30.043357893327492,0.7918276112233098,lane_1,mainline,,normal,none,commit
BASIC-06,basic_01_06_900_bugcheck_20260605,347,34.70000000000022,B06_TLV_CLV,cav,not_applicable,7877.620027058292,3.5,29.999988725711493,4.6976202114024095e-06,lane_1,mainline,,normal,none,commit
BASIC-06,basic_01_06_900_bugcheck_20260605,348,34.800000000000225,B06_MV,cav,not_applicable,7245.629472686312,-3.5,0.09074212074780028,4.0,on_ramp,on_ramp_mv,,normal,not_started,commit
BASIC-06,basic_01_06_900_bugcheck_20260605,348,34.800000000000225,B06_CLV,cav,not_applicable,7887.00001559091,0.0,29.99999350378588,2.706755883252754e-06,lane_2,mainline,,normal,none,commit
BASIC-06,basic_01_06_900_bugcheck_20260605,348,34.800000000000225,B06_CFV,cav,not_applicable,7795.917682828252,3.5,29.973836527126842,-0.7924520666177293,lane_1,mainline,,normal,none,commit
BASIC-06,basic_01_06_900_bugcheck_20260605,348,34.800000000000225,B06_TLV_CFV,cav,not_applicable,7838.245569303608,3.5,29.999052879700308,-0.4430501362718374,lane_1,mainline,,normal,none,commit
BASIC-06,basic_01_06_900_bugcheck_20260605,348,34.800000000000225,B06_TLV_CLV,cav,not_applicable,7880.620025975961,3.5,29.999989176683034,4.509715402889469e-06,lane_1,mainline,,normal,none,commit
BASIC-06,basic_01_06_900_bugcheck_20260605,349,34.900000000000226,B06_MV,cav,not_applicable,7245.638329983229,-3.5,0.08857296917203873,4.0,on_ramp,on_ramp_mv,,normal,not_started,commit
BASIC-06,basic_01_06_900_bugcheck_20260605,349,34.900000000000226,B06_CLV,cav,not_applicable,7890.000014967273,0.0,29.999993763634446,2.598485647808957e-06,lane_2,mainline,,normal,none,commit
BASIC-06,basic_01_06_900_bugcheck_20260605,349,34.900000000000226,B06_CFV,cav,not_applicable,7798.91585550951,3.5,29.981726812585393,0.07890285458549429,lane_1,mainline,,normal,none,commit
BASIC-06,basic_01_06_900_bugcheck_20260605,349,34.900000000000226,B06_TLV_CFV,cav,not_applicable,7841.2491223631905,3.5,30.03553059582352,0.36477716123213305,lane_1,mainline,,normal,none,commit
BASIC-06,basic_01_06_900_bugcheck_20260605,349,34.900000000000226,B06_TLV_CLV,cav,not_applicable,7883.620024936922,3.5,29.999989609615714,4.329326786489674e-06,lane_1,mainline,,normal,none,commit
BASIC-06,basic_01_06_900_bugcheck_20260605,350,35.00000000000023,B06_MV,cav,not_applicable,7245.646975550252,-3.5,0.08645567023670475,4.0,on_ramp,on_ramp_mv,,normal,not_started,commit
BASIC-06,basic_01_06_900_bugcheck_20260605,350,35.00000000000023,B06_CLV,cav,not_applicable,7893.000014368582,0.0,29.99999401308907,2.4945462214986947e-06,lane_2,mainline,,normal,none,commit
BASIC-06,basic_01_06_900_bugcheck_20260605,350,35.00000000000023,B06_CFV,cav,not_applicable,7801.921946486852,3.5,30.060909773415116,0.7918296082972226,lane_1,mainline,,normal,none,commit
BASIC-06,basic_01_06_900_bugcheck_20260605,350,35.00000000000023,B06_TLV_CFV,cav,not_applicable,7844.2447508722735,3.5,29.956285090833422,-0.7924550499009819,lane_1,mainline,,normal,none,commit
BASIC-06,basic_01_06_900_bugcheck_20260605,350,35.00000000000023,B06_TLV_CLV,cav,not_applicable,7886.620023939446,3.5,29.999990025231085,4.156153714518496e-06,lane_1,mainline,,normal,none,commit
BASIC-06,basic_01_06_900_bugcheck_20260605,351,35.10000000000023,B06_MV,cav,not_applicable,7245.6554144486945,-3.5,0.08438898442663567,4.0,on_ramp,on_ramp_mv,,normal,not_started,commit
BASIC-06,basic_01_06_900_bugcheck_20260605,351,35.10000000000023,B06_CLV,cav,not_applicable,7896.000013793839,0.0,29.999994252565507,2.3947643725819034e-06,lane_2,mainline,,normal,none,commit
BASIC-06,basic_01_06_900_bugcheck_20260605,351,35.10000000000023,B06_CFV,cav,not_applicable,7804.9236069791705,3.5,30.01660492318489,-0.44304850230227244,lane_1,mainline,,normal,none,commit
BASIC-06,basic_01_06_900_bugcheck_20260605,351,35.10000000000023,B06_TLV_CFV,cav,not_applicable,7847.241168385494,3.5,29.96417513220516,0.07890041371737855,lane_1,mainline,,normal,none,commit
BASIC-06,basic_01_06_900_bugcheck_20260605,351,35.10000000000023,B06_TLV_CLV,cav,not_applicable,7889.620022981868,3.5,29.999990424221842,3.989907565937756e-06,lane_1,mainline,,normal,none,commit
BASIC-06,basic_01_06_900_bugcheck_20260605,352,35.20000000000023,B06_MV,cav,not_applicable,7245.66365161888,-3.5,0.08237170185671949,4.0,on_ramp,on_ramp_mv,,normal,not_started,commit
BASIC-06,basic_01_06_900_bugcheck_20260605,352,35.20000000000023,B06_CLV,cav,not_applicable,7899.000013242085,0.0,29.99999448246289,2.298973797110193e-06,lane_2,mainline,,normal,none,commit
BASIC-06,basic_01_06_900_bugcheck_20260605,352,35.20000000000023,B06_CFV,cav,not_applicable,7807.92891525647,3.5,30.05308277299652,0.36477849811632257,lane_1,mainline,,normal,none,commit
BASIC-06,basic_01_06_900_bugcheck_20260605,352,35.20000000000023,B06_TLV_CFV,cav,not_applicable,7850.245504174827,3.5,30.043357893327492,0.7918276112233097,lane_1,mainline,,normal,none,commit
BASIC-06,basic_01_06_900_bugcheck_20260605,352,35.20000000000023,B06_TLV_CLV,cav,not_applicable,7892.620022062593,3.5,29.999990807252967,3.830311263186559e-06,lane_1,mainline,,normal,none,commit
BASIC-06,basic_01_06_900_bugcheck_20260605,353,35.30000000000023,B06_MV,cav,not_applicable,7245.671691883036,-3.5,0.08040264156357045,4.0,on_ramp,on_ramp_mv,,normal,not_started,commit
BASIC-06,basic_01_06_900_bugcheck_20260605,353,35.30000000000023,B06_CLV,cav,not_applicable,7902.000012712401,0.0,29.999994703164372,2.207014844657351e-06,lane_2,mainline,,normal,none,commit
BASIC-06,basic_01_06_900_bugcheck_20260605,353,35.30000000000023,B06_CFV,cav,not_applicable,7810.926298994208,3.5,29.973837377387856,-0.792453956086645,lane_1,mainline,,normal,none,commit
BASIC-06,basic_01_06_900_bugcheck_20260605,353,35.30000000000023,B06_TLV_CFV,cav,not_applicable,7853.245409462797,3.5,29.999052879700308,-0.44305013627183754,lane_1,mainline,,normal,none,commit
BASIC-06,basic_01_06_900_bugcheck_20260605,353,35.30000000000023,B06_TLV_CLV,cav,not_applicable,7895.62002118009,3.5,29.999991174962847,3.6770988131706875e-06,lane_1,mainline,,normal,none,commit
BASIC-06,basic_01_06_900_bugcheck_20260605,354,35.40000000000023,B06_MV,cav,not_applicable,7245.679539948118,-3.5,0.07848065081438003,4.0,on_ramp,on_ramp_mv,,normal,not_started,commit
BASIC-06,basic_01_06_900_bugcheck_20260605,354,35.40000000000023,B06_CLV,cav,not_applicable,7905.000012203905,0.0,29.999994915037796,2.1187342511552743e-06,lane_2,mainline,,normal,none,commit
BASIC-06,basic_01_06_900_bugcheck_20260605,354,35.40000000000023,B06_CFV,cav,not_applicable,7813.924471745034,3.5,29.981727508253496,0.07890130865638145,lane_1,mainline,,normal,none,commit
BASIC-06,basic_01_06_900_bugcheck_20260605,354,35.40000000000023,B06_TLV_CFV,cav,not_applicable,7856.24896252238,3.5,30.03553059582352,0.364777161232133,lane_1,mainline,,normal,none,commit
BASIC-06,basic_01_06_900_bugcheck_20260605,354,35.40000000000023,B06_TLV_CLV,cav,not_applicable,7898.620020332886,3.5,29.999991527964333,3.530014861041764e-06,lane_1,mainline,,normal,none,commit
BASIC-06,basic_01_06_900_bugcheck_20260605,355,35.500000000000234,B06_MV,cav,not_applicable,7245.687200408561,-3.5,0.07660460443163897,4.0,on_ramp,on_ramp_mv,,normal,not_started,commit
BASIC-06,basic_01_06_900_bugcheck_20260605,355,35.500000000000234,B06_CLV,cav,not_applicable,7908.000011715748,0.0,29.999995118436285,2.0339848816774976e-06,lane_2,mainline,,normal,none,commit
BASIC-06,basic_01_06_900_bugcheck_20260605,355,35.500000000000234,B06_CFV,cav,not_applicable,7816.930562779294,3.5,30.06091034259811,0.7918283434461303,lane_1,mainline,,normal,none,commit
BASIC-06,basic_01_06_900_bugcheck_20260605,355,35.500000000000234,B06_TLV_CFV,cav,not_applicable,7859.244591031463,3.5,29.956285090833422,-0.792455049900982,lane_1,mainline,,normal,none,commit
BASIC-06,basic_01_06_900_bugcheck_20260605,355,35.500000000000234,B06_TLV_CLV,cav,not_applicable,7901.620019519571,3.5,29.99999186684576,3.38881426671378e-06,lane_1,mainline,,normal,none,commit
BASIC-06,basic_01_06_900_bugcheck_20260605,356,35.600000000000236,B06_MV,cav,not_applicable,7245.694677748975,-3.5,0.0747734041352521,4.0,on_ramp,on_ramp_mv,,normal,not_started,commit
BASIC-06,basic_01_06_900_bugcheck_20260605,356,35.600000000000236,B06_CLV,cav,not_applicable,7911.000011247118,0.0,29.999995313698832,1.952625486012494e-06,lane_2,mainline,,normal,none,commit
BASIC-06,basic_01_06_900_bugcheck_20260605,356,35.600000000000236,B06_CFV,cav,not_applicable,7819.932223318182,3.5,30.016605388880066,-0.4430495371804388,lane_1,mainline,,normal,none,commit
BASIC-06,basic_01_06_900_bugcheck_20260605,356,35.600000000000236,B06_TLV_CFV,cav,not_applicable,7862.241008544684,3.5,29.96417513220516,0.07890041371737844,lane_1,mainline,,normal,none,commit
BASIC-06,basic_01_06_900_bugcheck_20260605,356,35.600000000000236,B06_TLV_CLV,cav,not_applicable,7904.620018738788,3.5,29.99999219217193,3.2532616955904814e-06,lane_1,mainline,,normal,none,commit
BASIC-06,basic_01_06_900_bugcheck_20260605,357,35.70000000000024,B06_MV,cav,not_applicable,7245.701976346764,-3.5,0.07298597789835014,4.0,on_ramp,on_ramp_mv,,normal,not_started,commit
BASIC-06,basic_01_06_900_bugcheck_20260605,357,35.70000000000024,B06_CLV,cav,not_applicable,7914.000010797233,0.0,29.999995501150877,1.8745204670267413e-06,lane_2,mainline,,normal,none,commit
BASIC-06,basic_01_06_900_bugcheck_20260605,357,35.70000000000024,B06_CFV,cav,not_applicable,7822.937531633584,3.5,30.05308315401985,0.3647776513978228,lane_1,mainline,,normal,none,commit
BASIC-06,basic_01_06_900_bugcheck_20260605,357,35.70000000000024,B06_TLV_CFV,cav,not_applicable,7865.245344334016,3.5,30.043357893327492,0.7918276112233097,lane_1,mainline,,normal,none,commit
BASIC-06,basic_01_06_900_bugcheck_20260605,357,35.70000000000024,B06_TLV_CLV,cav,not_applicable,7907.620017989236,3.5,29.999992504485054,3.1231312277668622e-06,lane_1,mainline,,normal,none,commit
BASIC-06,basic_01_06_900_bugcheck_20260605,358,35.80000000000024,B06_MV,cav,not_applicable,7245.709100474696,-3.5,0.07124127932114646,4.0,on_ramp,on_ramp_mv,,normal,not_started,commit
BASIC-06,basic_01_06_900_bugcheck_20260605,358,35.80000000000024,B06_CLV,cav,not_applicable,7917.000010365343,0.0,29.999995681104842,1.7995396490277927e-06,lane_2,mainline,,normal,none,commit
BASIC-06,basic_01_06_900_bugcheck_20260605,358,35.80000000000024,B06_CFV,cav,not_applicable,7825.934915402497,3.5,29.973837689134214,-0.7924546488563267,lane_1,mainline,,normal,none,commit
BASIC-06,basic_01_06_900_bugcheck_20260605,358,35.80000000000024,B06_TLV_CFV,cav,not_applicable,7868.245249621987,3.5,29.999052879700308,-0.44305013627183754,lane_1,mainline,,normal,none,commit
BASIC-06,basic_01_06_900_bugcheck_20260605,358,35.80000000000024,B06_TLV_CLV,cav,not_applicable,7910.620017269666,3.5,29.999992804305652,2.9982059785993442e-06,lane_1,mainline,,normal,none,commit
BASIC-06,basic_01_06_900_bugcheck_20260605,359,35.90000000000024,B06_MV,cav,not_applicable,7245.716054303398,-3.5,0.06953828701696906,4.0,on_ramp,on_ramp_mv,,normal,not_started,commit
BASIC-06,basic_01_06_900_bugcheck_20260605,359,35.90000000000024,B06_CLV,cav,not_applicable,7920.000009950729,0.0,29.99999585386065,1.7275580631803678e-06,lane_2,mainline,,normal,none,commit
BASIC-06,basic_01_06_900_bugcheck_20260605,359,35.90000000000024,B06_CFV,cav,not_applicable,7828.933088178828,3.5,29.9817277633187,0.07890074184482376,lane_1,mainline,,normal,none,commit
BASIC-06,basic_01_06_900_bugcheck_20260605,359,35.90000000000024,B06_TLV_CFV,cav,not_applicable,7871.248802681569,3.5,30.03553059582352,0.364777161232133,lane_1,mainline,,normal,none,commit
BASIC-06,basic_01_06_900_bugcheck_20260605,359,35.90000000000024,B06_TLV_CLV,cav,not_applicable,7913.62001657888,3.5,29.999993092133426,2.8782777391711535e-06,lane_1,mainline,,normal,none,commit
BASIC-06,basic_01_06_900_bugcheck_20260605,360,36.00000000000024,B06_MV,cav,not_applicable,7245.722841903799,-3.5,0.0678760040152503,4.0,on_ramp,on_ramp_mv,,normal,not_started,commit
BASIC-06,basic_01_06_900_bugcheck_20260605,360,36.00000000000024,B06_CLV,cav,not_applicable,7923.000009552699,0.0,29.999996019706224,1.6584557400278755e-06,lane_2,mainline,,normal,none,commit
BASIC-06,basic_01_06_900_bugcheck_20260605,360,36.00000000000024,B06_CFV,cav,not_applicable,7831.9391792339575,3.5,30.06091055128782,0.7918278796912195,lane_1,mainline,,normal,none,commit
BASIC-06,basic_01_06_900_bugcheck_20260605,360,36.00000000000024,B06_TLV_CFV,cav,not_applicable,7874.244431190652,3.5,29.956285090833422,-0.792455049900982,lane_1,mainline,,normal,none,commit
BASIC-06,basic_01_06_900_bugcheck_20260605,360,36.00000000000024,B06_TLV_CLV,cav,not_applicable,7916.620015915724,3.5,29.999993368448088,2.763146629547464e-06,lane_1,mainline,,normal,none,commit
BASIC-06,basic_01_06_900_bugcheck_20260605,361,36.10000000000024,B06_MV,cav,not_applicable,7245.729467249517,-3.5,0.06625345717756162,4.0,on_ramp,on_ramp_mv,,normal,not_started,commit
BASIC-06,basic_01_06_900_bugcheck_20260605,361,36.10000000000024,B06_CLV,cav,not_applicable,7926.0000091705915,0.0,29.999996178917975,1.5921175105404474e-06,lane_2,mainline,,normal,none,commit
BASIC-06,basic_01_06_900_bugcheck_20260605,361,36.10000000000024,B06_CFV,cav,not_applicable,7834.94083978992,3.5,30.016605559626193,-0.4430499166162749,lane_1,mainline,,normal,none,commit
BASIC-06,basic_01_06_900_bugcheck_20260605,361,36.10000000000024,B06_TLV_CFV,cav,not_applicable,7877.240848703873,3.5,29.96417513220516,0.07890041371737844,lane_1,mainline,,normal,none,commit
BASIC-06,basic_01_06_900_bugcheck_20260605,361,36.10000000000024,B06_TLV_CLV,cav,not_applicable,7919.620015279095,3.5,29.999993633710165,2.6526207648203126e-06,lane_1,mainline,,normal,none,commit
BASIC-06,basic_01_06_900_bugcheck_20260605,362,36.200000000000244,B06_MV,cav,not_applicable,7245.73593421918,-3.5,0.06466969662777966,4.0,on_ramp,on_ramp_mv,,normal,not_started,commit
BASIC-06,basic_01_06_900_bugcheck_20260605,362,36.200000000000244,B06_CLV,cav,not_applicable,7929.000008803768,0.0,29.999996331761256,1.5284328100051426e-06,lane_2,mainline,,normal,none,commit
BASIC-06,basic_01_06_900_bugcheck_20260605,362,36.200000000000244,B06_CFV,cav,not_applicable,7837.946148119292,3.5,30.053083293721226,0.36477734095032055,lane_1,mainline,,normal,none,commit
BASIC-06,basic_01_06_900_bugcheck_20260605,362,36.200000000000244,B06_TLV_CFV,cav,not_applicable,7880.245184493206,3.5,30.043357893327492,0.7918276112233097,lane_1,mainline,,normal,none,commit
BASIC-06,basic_01_06_900_bugcheck_20260605,362,36.200000000000244,B06_TLV_CLV,cav,not_applicable,7922.620014667931,3.5,29.999993888361757,2.546515933943283e-06,lane_1,mainline,,normal,none,commit
BASIC-06,basic_01_06_900_bugcheck_20260605,363,36.300000000000246,B06_MV,cav,not_applicable,7245.7422465987,-3.5,0.06312379519638427,4.0,on_ramp,on_ramp_mv,,normal,not_started,commit
BASIC-06,basic_01_06_900_bugcheck_20260605,363,36.300000000000246,B06_CLV,cav,not_applicable,7932.000008451617,0.0,29.999996478490807,1.4672954975480934e-06,lane_2,mainline,,normal,none,commit
BASIC-06,basic_01_06_900_bugcheck_20260605,363,36.300000000000246,B06_CFV,cav,not_applicable,7840.943531899636,3.5,29.973837803435345,-0.7924549028588286,lane_1,mainline,,normal,none,commit
BASIC-06,basic_01_06_900_bugcheck_20260605,363,36.300000000000246,B06_TLV_CFV,cav,not_applicable,7883.245089781176,3.5,29.999052879700308,-0.44305013627183754,lane_1,mainline,,normal,none,commit
BASIC-06,basic_01_06_900_bugcheck_20260605,363,36.300000000000246,B06_TLV_CLV,cav,not_applicable,7925.620014081214,3.5,29.999994132827286,2.4446552970402993e-06,lane_1,mainline,,normal,none,commit
BASIC-06,basic_01_06_900_bugcheck_20260605,364,36.40000000000025,B06_MV,cav,not_applicable,7245.748408083487,-3.5,0.06161484787736623,4.0,on_ramp,on_ramp_mv,,normal,not_started,commit
BASIC-06,basic_01_06_900_bugcheck_20260605,364,36.40000000000025,B06_CLV,cav,not_applicable,7935.000008113552,0.0,29.999996619351176,1.4086036770777357e-06,lane_2,mainline,,normal,none,commit
BASIC-06,basic_01_06_900_bugcheck_20260605,364,36.40000000000025,B06_CFV,cav,not_applicable,7843.94170468532,3.5,29.981727856837804,0.07890053402459485,lane_1,mainline,,normal,none,commit
BASIC-06,basic_01_06_900_bugcheck_20260605,364,36.40000000000025,B06_TLV_CFV,cav,not_applicable,7886.248642840758,3.5,30.03553059582352,0.364777161232133,lane_1,mainline,,normal,none,commit
BASIC-06,basic_01_06_900_bugcheck_20260605,364,36.40000000000025,B06_TLV_CLV,cav,not_applicable,7928.620013517966,3.5,29.999994367514194,2.346869085556591e-06,lane_1,mainline,,normal,none,commit
BASIC-06,basic_01_06_900_bugcheck_20260605,365,36.50000000000025,B06_MV,cav,not_applicable,7245.754422280617,-3.5,0.06014197129861459,4.0,on_ramp,on_ramp_mv,,normal,not_started,commit
BASIC-06,basic_01_06_900_bugcheck_20260605,365,36.50000000000025,B06_CLV,cav,not_applicable,7938.00000778901,0.0,29.99999675457713,1.3522595295967222e-06,lane_2,mainline,,normal,none,commit
BASIC-06,basic_01_06_900_bugcheck_20260605,365,36.50000000000025,B06_CFV,cav,not_applicable,7846.9477957481,3.5,30.06091062780345,0.7918277096564867,lane_1,mainline,,normal,none,commit
BASIC-06,basic_01_06_900_bugcheck_20260605,365,36.50000000000025,B06_TLV_CFV,cav,not_applicable,7889.244271349841,3.5,29.956285090833422,-0.792455049900982,lane_1,mainline,,normal,none,commit
BASIC-06,basic_01_06_900_bugcheck_20260605,365,36.50000000000025,B06_TLV_CLV,cav,not_applicable,7931.620012977248,3.5,29.999994592813625,2.2529943223048575e-06,lane_1,mainline,,normal,none,commit
BASIC-06,basic_01_06_900_bugcheck_20260605,366,36.60000000000025,B06_MV,cav,not_applicable,7245.760292710937,-3.5,0.05870430320426143,4.0,on_ramp,on_ramp_mv,,normal,not_started,commit
BASIC-06,basic_01_06_900_bugcheck_20260605,366,36.60000000000025,B06_CLV,cav,not_applicable,7941.00000747745,0.0,29.999996884394044,1.2981691483560099e-06,lane_2,mainline,,normal,none,commit
BASIC-06,basic_01_06_900_bugcheck_20260605,366,36.60000000000025,B06_CFV,cav,not_applicable,7849.9494563103235,3.5,30.016605622229893,-0.44305005573560174,lane_1,mainline,,normal,none,commit
BASIC-06,basic_01_06_900_bugcheck_20260605,366,36.60000000000025,B06_TLV_CFV,cav,not_applicable,7892.240688863062,3.5,29.96417513220516,0.07890041371737844,lane_1,mainline,,normal,none,commit
BASIC-06,basic_01_06_900_bugcheck_20260605,366,36.60000000000025,B06_TLV_CLV,cav,not_applicable,7934.620012458158,3.5,29.99999480910108,2.162874550037941e-06,lane_1,mainline,,normal,none,commit
BASIC-06,basic_01_06_900_bugcheck_20260605,367,36.70000000000025,B06_MV,cav,not_applicable,7245.766022811133,-3.5,0.057301001950723636,4.0,on_ramp,on_ramp_mv,,normal,not_started,commit
BASIC-06,basic_01_06_900_bugcheck_20260605,367,36.70000000000025,B06_CLV,cav,not_applicable,7944.000007178352,0.0,29.999997009018283,1.2462423825354564e-06,lane_2,mainline,,normal,none,commit
BASIC-06,basic_01_06_900_bugcheck_20260605,367,36.70000000000025,B06_CFV,cav,not_applicable,7852.954764644818,3.5,30.053083344942433,0.3647772271254168,lane_1,mainline,,normal,none,commit
BASIC-06,basic_01_06_900_bugcheck_20260605,367,36.70000000000025,B06_TLV_CFV,cav,not_applicable,7895.245024652395,3.5,30.043357893327492,0.7918276112233097,lane_1,mainline,,normal,none,commit
BASIC-06,basic_01_06_900_bugcheck_20260605,367,36.70000000000025,B06_TLV_CLV,cav,not_applicable,7937.620011959832,3.5,29.999995016737035,2.0763595685480142e-06,lane_1,mainline,,normal,none,commit
BASIC-06,basic_01_06_900_bugcheck_20260605,368,36.80000000000025,B06_MV,cav,not_applicable,7245.771615935734,-3.5,0.05593124601318032,4.0,on_ramp,on_ramp_mv,,normal,not_started,commit
BASIC-06,basic_01_06_900_bugcheck_20260605,368,36.80000000000025,B06_CLV,cav,not_applicable,7947.000006891218,0.0,29.99999712865755,1.1963926866087605e-06,lane_2,mainline,,normal,none,commit
BASIC-06,basic_01_06_900_bugcheck_20260605,368,36.80000000000025,B06_CFV,cav,not_applicable,7855.952148429353,3.5,29.973837845343603,-0.7924549959882953,lane_1,mainline,,normal,none,commit
BASIC-06,basic_01_06_900_bugcheck_20260605,368,36.80000000000025,B06_TLV_CFV,cav,not_applicable,7898.244929940365,3.5,29.999052879700308,-0.44305013627183754,lane_1,mainline,,normal,none,commit
BASIC-06,basic_01_06_900_bugcheck_20260605,368,36.80000000000025,B06_TLV_CLV,cav,not_applicable,7940.620011481438,3.5,29.999995216067553,1.993305185976624e-06,lane_1,mainline,,normal,none,commit
BASIC-06,basic_01_06_900_bugcheck_20260605,369,36.900000000000254,B06_MV,cav,not_applicable,7245.777075359085,-3.5,0.05459423350531232,4.0,on_ramp,on_ramp_mv,,normal,not_started,commit
BASIC-06,basic_01_06_900_bugcheck_20260605,369,36.900000000000254,B06_CLV,cav,not_applicable,7950.000006615569,0.0,29.99999724351125,1.1485369796560009e-06,lane_2,mainline,,normal,none,commit
BASIC-06,basic_01_06_900_bugcheck_20260605,369,36.900000000000254,B06_CFV,cav,not_applicable,7858.950321218465,3.5,29.98172789112638,0.07890045782775845,lane_1,mainline,,normal,none,commit
BASIC-06,basic_01_06_900_bugcheck_20260605,369,36.900000000000254,B06_TLV_CFV,cav,not_applicable,7901.248482999948,3.5,30.03553059582352,0.364777161232133,lane_1,mainline,,normal,none,commit
BASIC-06,basic_01_06_900_bugcheck_20260605,369,36.900000000000254,B06_TLV_CLV,cav,not_applicable,7943.620011022181,3.5,29.99999540742485,1.9135729786512457e-06,lane_1,mainline,,normal,none,commit
BASIC-06,basic_01_06_900_bugcheck_20260605,370,37.000000000000256,B06_MV,cav,not_applicable,7245.782404277255,-3.5,0.05328918170947745,4.0,on_ramp,on_ramp_mv,,normal,not_started,commit
BASIC-06,basic_01_06_900_bugcheck_20260605,370,37.000000000000256,B06_CLV,cav,not_applicable,7953.000006350946,0.0,29.999997353770798,1.1025955004129174e-06,lane_2,mainline,,normal,none,commit
BASIC-06,basic_01_06_900_bugcheck_20260605,370,37.000000000000256,B06_CFV,cav,not_applicable,7861.956412284051,3.5,30.06091065585774,0.7918276473136205,lane_1,mainline,,normal,none,commit
BASIC-06,basic_01_06_900_bugcheck_20260605,370,37.000000000000256,B06_TLV_CFV,cav,not_applicable,7904.2441115090305,3.5,29.956285090833422,-0.792455049900982,lane_1,mainline,,normal,none,commit
BASIC-06,basic_01_06_900_bugcheck_20260605,370,37.000000000000256,B06_TLV_CLV,cav,not_applicable,7946.620010581293,3.5,29.999995591127856,1.8370300594483526e-06,lane_1,mainline,,normal,none,commit
BASIC-06,basic_01_06_900_bugcheck_20260605,371,37.10000000000026,B06_MV,cav,not_applicable,7245.787605809917,-3.5,0.052015326618625866,4.0,on_ramp,on_ramp_mv,,normal,not_started,commit
BASIC-06,basic_01_06_900_bugcheck_20260605,371,37.10000000000026,B06_CLV,cav,not_applicable,7956.000006096908,0.0,29.999997459619966,1.0584916807943045e-06,lane_2,mainline,,normal,none,commit
BASIC-06,basic_01_06_900_bugcheck_20260605,371,37.10000000000026,B06_CFV,cav,not_applicable,7864.95807284857,3.5,30.0166056451834,-0.4430501067434014,lane_1,mainline,,normal,none,commit
BASIC-06,basic_01_06_900_bugcheck_20260605,371,37.10000000000026,B06_TLV_CFV,cav,not_applicable,7907.240529022251,3.5,29.96417513220516,0.07890041371737844,lane_1,mainline,,normal,none,commit
BASIC-06,basic_01_06_900_bugcheck_20260605,371,37.10000000000026,B06_TLV_CLV,cav,not_applicable,7949.620010158042,3.5,29.99999576748274,1.7635488575251657e-06,lane_1,mainline,,normal,none,commit
BASIC-06,basic_01_06_900_bugcheck_20260605,372,37.20000000000026,B06_MV,cav,not_applicable,7245.792683002166,-3.5,0.05077192248865125,4.0,on_ramp,on_ramp_mv,,normal,not_started,commit
BASIC-06,basic_01_06_900_bugcheck_20260605,372,37.20000000000026,B06_CLV,cav,not_applicable,7959.000005853031,0.0,29.999997561235165,1.0161520137330628e-06,lane_2,mainline,,normal,none,commit
BASIC-06,basic_01_06_900_bugcheck_20260605,372,37.20000000000026,B06_CFV,cav,not_applicable,7867.963381184942,3.5,30.05308336372258,0.3647771853917625,lane_1,mainline,,normal,none,commit
BASIC-06,basic_01_06_900_bugcheck_20260605,372,37.20000000000026,B06_TLV_CFV,cav,not_applicable,7910.244864811584,3.5,30.043357893327492,0.7918276112233097,lane_1,mainline,,normal,none,commit
BASIC-06,basic_01_06_900_bugcheck_20260605,372,37.20000000000026,B06_TLV_CLV,cav,not_applicable,7952.62000975172,3.5,29.99999593678343,1.6930069037357498e-06,lane_1,mainline,,normal,none,commit
BASIC-06,basic_01_06_900_bugcheck_20260605,373,37.30000000000026,B06_MV,cav,not_applicable,7245.797638826306,-3.5,0.04955824140248206,4.0,on_ramp,on_ramp_mv,,normal,not_started,commit
BASIC-06,basic_01_06_900_bugcheck_20260605,373,37.30000000000026,B06_CLV,cav,not_applicable,7962.00000561891,0.0,29.99999765878576,9.755059338090177e-07,lane_2,mainline,,normal,none,commit
BASIC-06,basic_01_06_900_bugcheck_20260605,373,37.30000000000026,B06_CFV,cav,not_applicable,7870.960764971012,3.5,29.973837860709178,-0.7924550301340124,lane_1,mainline,,normal,none,commit
BASIC-06,basic_01_06_900_bugcheck_20260605,373,37.30000000000026,B06_TLV_CFV,cav,not_applicable,7913.244770099554,3.5,29.999052879700308,-0.44305013627183754,lane_1,mainline,,normal,none,commit
BASIC-06,basic_01_06_900_bugcheck_20260605,373,37.30000000000026,B06_TLV_CLV,cav,not_applicable,7955.620009361652,3.5,29.999996099312096,1.6252866274157896e-06,lane_1,mainline,,normal,none,commit
BASIC-06,basic_01_06_900_bugcheck_20260605,374,37.40000000000026,B06_MV,cav,not_applicable,7245.80247618359,-3.5,0.04837357284352154,4.0,on_ramp,on_ramp_mv,,normal,not_started,commit
BASIC-06,basic_01_06_900_bugcheck_20260605,374,37.40000000000026,B06_CLV,cav,not_applicable,7965.000005394154,0.0,29.99999775243433,9.364856964566571e-07,lane_2,mainline,,normal,none,commit
BASIC-06,basic_01_06_900_bugcheck_20260605,374,37.40000000000026,B06_CFV,cav,not_applicable,7873.958937761382,3.5,29.981727903698214,0.07890042989035351,lane_1,mainline,,normal,none,commit
BASIC-06,basic_01_06_900_bugcheck_20260605,374,37.40000000000026,B06_TLV_CFV,cav,not_applicable,7916.248323159137,3.5,30.03553059582352,0.364777161232133,lane_1,mainline,,normal,none,commit
BASIC-06,basic_01_06_900_bugcheck_20260605,374,37.40000000000026,B06_TLV_CLV,cav,not_applicable,7958.620008987185,3.5,29.99999625533961,1.5602751616938804e-06,lane_1,mainline,,normal,none,commit
BASIC-06,basic_01_06_900_bugcheck_20260605,375,37.50000000000026,B06_MV,cav,not_applicable,7245.807197905919,-3.5,0.04721722327952343,4.0,on_ramp,on_ramp_mv,,normal,not_started,commit
BASIC-06,basic_01_06_900_bugcheck_20260605,375,37.50000000000026,B06_CLV,cav,not_applicable,7968.000005178387,0.0,29.999997842336956,8.990262685415473e-07,lane_2,mainline,,normal,none,commit
BASIC-06,basic_01_06_900_bugcheck_20260605,375,37.50000000000026,B06_CFV,cav,not_applicable,7876.965028827996,3.5,30.060910666143787,0.7918276244557438,lane_1,mainline,,normal,none,commit
BASIC-06,basic_01_06_900_bugcheck_20260605,375,37.50000000000026,B06_TLV_CFV,cav,not_applicable,7919.24395166822,3.5,29.956285090833422,-0.792455049900982,lane_1,mainline,,normal,none,commit
BASIC-06,basic_01_06_900_bugcheck_20260605,375,37.50000000000026,B06_TLV_CLV,cav,not_applicable,7961.620008627698,3.5,29.999996405126026,1.4978641559082463e-06,lane_1,mainline,,normal,none,commit
BASIC-06,basic_01_06_900_bugcheck_20260605,376,37.600000000000264,B06_MV,cav,not_applicable,7245.811806757494,-3.5,0.04608851575712074,4.0,on_ramp,on_ramp_mv,,normal,not_started,commit
BASIC-06,basic_01_06_900_bugcheck_20260605,376,37.600000000000264,B06_CLV,cav,not_applicable,7971.000004971252,0.0,29.999997928643477,8.630652175156683e-07,lane_2,mainline,,normal,none,commit
BASIC-06,basic_01_06_900_bugcheck_20260605,376,37.600000000000264,B06_CFV,cav,not_applicable,7879.966689393356,3.5,30.016605653599257,-0.4430501254453004,lane_1,mainline,,normal,none,commit
BASIC-06,basic_01_06_900_bugcheck_20260605,376,37.600000000000264,B06_TLV_CFV,cav,not_applicable,7922.240369181441,3.5,29.96417513220516,0.07890041371737844,lane_1,mainline,,normal,none,commit
BASIC-06,basic_01_06_900_bugcheck_20260605,376,37.600000000000264,B06_TLV_CLV,cav,not_applicable,7964.62000828259,3.5,29.999996548920986,1.4379495894445428e-06,lane_1,mainline,,normal,none,commit
BASIC-06,basic_01_06_900_bugcheck_20260605,377,37.700000000000266,B06_MV,cav,not_applicable,7245.816305436445,-3.5,0.04498678950526847,4.0,on_ramp,on_ramp_mv,,normal,not_started,commit
BASIC-06,basic_01_06_900_bugcheck_20260605,377,37.700000000000266,B06_CLV,cav,not_applicable,7974.000004772402,0.0,29.999998011497738,8.285426090992588e-07,lane_2,mainline,,normal,none,commit
BASIC-06,basic_01_06_900_bugcheck_20260605,377,37.700000000000266,B06_CFV,cav,not_applicable,7882.971997730418,3.5,30.053083370608277,0.36477717009020877,lane_1,mainline,,normal,none,commit
BASIC-06,basic_01_06_900_bugcheck_20260605,377,37.700000000000266,B06_TLV_CFV,cav,not_applicable,7925.2447049707735,3.5,30.043357893327492,0.7918276112233097,lane_1,mainline,,normal,none,commit
BASIC-06,basic_01_06_900_bugcheck_20260605,377,37.700000000000266,B06_TLV_CLV,cav,not_applicable,7967.620007951286,3.5,29.999996686964145,1.380431605468857e-06,lane_1,mainline,,normal,none,commit
BASIC-06,basic_01_06_900_bugcheck_20260605,378,37.80000000000027,B06_MV,cav,not_applicable,7245.820696576399,-3.5,0.04391139954803492,4.0,on_ramp,on_ramp_mv,,normal,not_started,commit
BASIC-06,basic_01_06_900_bugcheck_20260605,378,37.80000000000027,B06_CLV,cav,not_applicable,7977.000004581505,0.0,29.999998091037828,7.954009049626621e-07,lane_2,mainline,,normal,none,commit
BASIC-06,basic_01_06_900_bugcheck_20260605,378,37.80000000000027,B06_CFV,cav,not_applicable,7885.969381517052,3.5,29.97383786634293,-0.7924550426534656,lane_1,mainline,,normal,none,commit
BASIC-06,basic_01_06_900_bugcheck_20260605,378,37.80000000000027,B06_TLV_CFV,cav,not_applicable,7928.244610258744,3.5,29.999052879700308,-0.44305013627183754,lane_1,mainline,,normal,none,commit
BASIC-06,basic_01_06_900_bugcheck_20260605,378,37.80000000000027,B06_TLV_CLV,cav,not_applicable,7970.620007633235,3.5,29.99999681948558,1.325214341818537e-06,lane_1,mainline,,normal,none,commit
BASIC-06,basic_01_06_900_bugcheck_20260605,379,37.90000000000027,B06_MV,cav,not_applicable,7245.824982748032,-3.5,0.042861716327828744,4.0,on_ramp,on_ramp_mv,,normal,not_started,commit
BASIC-06,basic_01_06_900_bugcheck_20260605,379,37.90000000000027,B06_CLV,cav,not_applicable,7980.0000043982445,0.0,29.999998167396313,7.635848689346859e-07,lane_2,mainline,,normal,none,commit
BASIC-06,basic_01_06_900_bugcheck_20260605,379,37.90000000000027,B06_CFV,cav,not_applicable,7888.967554307883,3.5,29.981727908307647,0.07890041964716465,lane_1,mainline,,normal,none,commit
BASIC-06,basic_01_06_900_bugcheck_20260605,379,37.90000000000027,B06_TLV_CFV,cav,not_applicable,7931.248163318326,3.5,30.03553059582352,0.364777161232133,lane_1,mainline,,normal,none,commit
BASIC-06,basic_01_06_900_bugcheck_20260605,379,37.90000000000027,B06_TLV_CLV,cav,not_applicable,7973.620007327906,3.5,29.99999694670616,1.2722057675773613e-06,lane_1,mainline,,normal,none,commit
BASIC-06,basic_01_06_900_bugcheck_20260605,380,38.00000000000027,B06_MV,cav,not_applicable,7245.829166460566,-3.5,0.041837125335800564,4.0,on_ramp,on_ramp_mv,,normal,not_started,commit
BASIC-06,basic_01_06_900_bugcheck_20260605,380,38.00000000000027,B06_CLV,cav,not_applicable,7983.000004222315,0.0,29.99999824070046,7.330414746320457e-07,lane_2,mainline,,normal,none,commit
BASIC-06,basic_01_06_900_bugcheck_20260605,380,38.00000000000027,B06_CFV,cav,not_applicable,7891.973645374875,3.5,30.060910669915142,0.7918276160749529,lane_1,mainline,,normal,none,commit
BASIC-06,basic_01_06_900_bugcheck_20260605,380,38.00000000000027,B06_TLV_CFV,cav,not_applicable,7934.243791827409,3.5,29.956285090833422,-0.792455049900982,lane_1,mainline,,normal,none,commit
BASIC-06,basic_01_06_900_bugcheck_20260605,380,38.00000000000027,B06_TLV_CLV,cav,not_applicable,7976.6200070347895,3.5,29.999997068837914,1.2213175367037367e-06,lane_1,mainline,,normal,none,commit
BASIC-06,basic_01_06_900_bugcheck_20260605,381,38.10000000000027,B06_MV,cav,not_applicable,7245.833250163241,-3.5,0.040837026753115124,4.0,on_ramp,on_ramp_mv,,normal,not_started,commit
BASIC-06,basic_01_06_900_bugcheck_20260605,381,38.10000000000027,B06_CLV,cav,not_applicable,7986.000004053421,0.0,29.999998311072442,7.03719815930981e-07,lane_2,mainline,,normal,none,commit
BASIC-06,basic_01_06_900_bugcheck_20260605,381,38.10000000000027,B06_CFV,cav,not_applicable,7894.975305940543,3.5,30.01660565668491,-0.4430501323023113,lane_1,mainline,,normal,none,commit
BASIC-06,basic_01_06_900_bugcheck_20260605,381,38.10000000000027,B06_TLV_CFV,cav,not_applicable,7937.24020934063,3.5,29.96417513220516,0.07890041371737844,lane_1,mainline,,normal,none,commit
BASIC-06,basic_01_06_900_bugcheck_20260605,381,38.10000000000027,B06_TLV_CLV,cav,not_applicable,7979.620006753398,3.5,29.999997186084396,1.172464834553466e-06,lane_1,mainline,,normal,none,commit
BASIC-06,basic_01_06_900_bugcheck_20260605,382,38.20000000000027,B06_MV,cav,not_applicable,7245.837236246751,-3.5,0.039860835099180564,4.0,on_ramp,on_ramp_mv,,normal,not_started,commit
BASIC-06,basic_01_06_900_bugcheck_20260605,382,38.20000000000027,B06_CLV,cav,not_applicable,7989.000003891284,0.0,29.999998378629545,6.755710231232115e-07,lane_2,mainline,,normal,none,commit
BASIC-06,basic_01_06_900_bugcheck_20260605,382,38.20000000000027,B06_CFV,cav,not_applicable,7897.980614277856,3.5,30.053083373132903,0.3647771644799272,lane_1,mainline,,normal,none,commit
BASIC-06,basic_01_06_900_bugcheck_20260605,382,38.20000000000027,B06_TLV_CFV,cav,not_applicable,7940.244545129963,3.5,30.043357893327492,0.7918276112233097,lane_1,mainline,,normal,none,commit
BASIC-06,basic_01_06_900_bugcheck_20260605,382,38.20000000000027,B06_TLV_CLV,cav,not_applicable,7982.620006483262,3.5,29.99999729864102,1.1255662414555446e-06,lane_1,mainline,,normal,none,commit
BASIC-06,basic_01_06_900_bugcheck_20260605,383,38.300000000000274,B06_MV,cav,not_applicable,7245.8411270446395,-3.5,0.03890797888922644,4.0,on_ramp,on_ramp_mv,,normal,not_started,commit
BASIC-06,basic_01_06_900_bugcheck_20260605,383,38.300000000000274,B06_CLV,cav,not_applicable,7992.000003735632,0.0,29.999998443484362,6.48548181914066e-07,lane_2,mainline,,normal,none,commit
BASIC-06,basic_01_06_900_bugcheck_20260605,383,38.300000000000274,B06_CFV,cav,not_applicable,7900.977998064697,3.5,29.973837868408534,-0.7924550472436959,lane_1,mainline,,normal,none,commit
BASIC-06,basic_01_06_900_bugcheck_20260605,383,38.300000000000274,B06_TLV_CFV,cav,not_applicable,7943.244450417933,3.5,29.999052879700308,-0.44305013627183754,lane_1,mainline,,normal,none,commit
BASIC-06,basic_01_06_900_bugcheck_20260605,383,38.300000000000274,B06_TLV_CLV,cav,not_applicable,7985.620006223931,3.5,29.99999740669538,1.0805435920246965e-06,lane_1,mainline,,normal,none,commit
BASIC-06,basic_01_06_900_bugcheck_20260605,384,38.400000000000276,B06_MV,cav,not_applicable,7245.84492483467,-3.5,0.03797790029927357,4.0,on_ramp,on_ramp_mv,,normal,not_started,commit
BASIC-06,basic_01_06_900_bugcheck_20260605,384,38.400000000000276,B06_CLV,cav,not_applicable,7995.000003586207,0.0,29.999998505744987,6.22606255262781e-07,lane_2,mainline,,normal,none,commit
BASIC-06,basic_01_06_900_bugcheck_20260605,384,38.400000000000276,B06_CFV,cav,not_applicable,7903.976170855697,3.5,29.981727909997687,0.07890041589152164,lane_1,mainline,,normal,none,commit
BASIC-06,basic_01_06_900_bugcheck_20260605,384,38.400000000000276,B06_TLV_CFV,cav,not_applicable,7946.248003477515,3.5,30.03553059582352,0.364777161232133,lane_1,mainline,,normal,none,commit
BASIC-06,basic_01_06_900_bugcheck_20260605,384,38.400000000000276,B06_TLV_CLV,cav,not_applicable,7988.620005974974,3.5,29.999997510427562,1.037321848684769e-06,lane_1,mainline,,normal,none,commit
BASIC-06,basic_01_06_900_bugcheck_20260605,385,38.50000000000028,B06_MV,cav,not_applicable,7245.848631840154,-3.5,0.0370700548400179,4.0,on_ramp,on_ramp_mv,,normal,not_started,commit
BASIC-06,basic_01_06_900_bugcheck_20260605,385,38.50000000000028,B06_CLV,cav,not_applicable,7998.0000034427585,0.0,29.999998565515188,5.977020052227999e-07,lane_2,mainline,,normal,none,commit
BASIC-06,basic_01_06_900_bugcheck_20260605,385,38.50000000000028,B06_CFV,cav,not_applicable,7906.982261922827,3.5,30.060910671297904,0.7918276130021541,lane_1,mainline,,normal,none,commit
BASIC-06,basic_01_06_900_bugcheck_20260605,385,38.50000000000028,B06_TLV_CFV,cav,not_applicable,7949.243631986598,3.5,29.956285090833422,-0.792455049900982,lane_1,mainline,,normal,none,commit
BASIC-06,basic_01_06_900_bugcheck_20260605,385,38.50000000000028,B06_TLV_CLV,cav,not_applicable,7991.620005735976,3.5,29.99999761001046,9.958289751921257e-07,lane_1,mainline,,normal,none,commit
BASIC-06,basic_01_06_900_bugcheck_20260605,386,38.60000000000028,B06_MV,cav,not_applicable,7245.852250231257,-3.5,0.03618391103810616,4.0,on_ramp,on_ramp_mv,,normal,not_started,commit
BASIC-06,basic_01_06_900_bugcheck_20260605,386,38.60000000000028,B06_CLV,cav,not_applicable,8001.000003305048,0.0,29.99999862289458,5.737939247296709e-07,lane_2,mainline,,normal,none,commit
BASIC-06,basic_01_06_900_bugcheck_20260605,386,38.60000000000028,B06_CFV,cav,not_applicable,7909.983922488609,3.5,30.016605657816264,-0.4430501348164193,lane_1,mainline,,normal,none,commit
BASIC-06,basic_01_06_900_bugcheck_20260605,386,38.60000000000028,B06_TLV_CFV,cav,not_applicable,7952.240049499819,3.5,29.96417513220516,0.07890041371737844,lane_1,mainline,,normal,none,commit
BASIC-06,basic_01_06_900_bugcheck_20260605,386,38.60000000000028,B06_TLV_CLV,cav,not_applicable,7994.6200055065365,3.5,29.999997705610042,9.559958158433801e-07,lane_1,mainline,,normal,none,commit
BASIC-06,basic_01_06_900_bugcheck_20260605,387,38.70000000000028,B06_MV,cav,not_applicable,7245.855782126269,-3.5,0.035318950124803634,4.0,on_ramp,on_ramp_mv,,normal,not_started,commit
BASIC-06,basic_01_06_900_bugcheck_20260605,387,38.70000000000028,B06_CLV,cav,not_applicable,8004.000003172846,0.0,29.999998677978798,5.508421679678577e-07,lane_2,mainline,,normal,none,commit
BASIC-06,basic_01_06_900_bugcheck_20260605,387,38.70000000000028,B06_CFV,cav,not_applicable,7912.989230826015,3.5,30.053083374058556,0.3647771624229297,lane_1,mainline,,normal,none,commit
BASIC-06,basic_01_06_900_bugcheck_20260605,387,38.70000000000028,B06_TLV_CFV,cav,not_applicable,7955.244385289152,3.5,30.043357893327492,0.7918276112233097,lane_1,mainline,,normal,none,commit
BASIC-06,basic_01_06_900_bugcheck_20260605,387,38.70000000000028,B06_TLV_CLV,cav,not_applicable,7997.620005286275,3.5,29.99999779738564,9.177559832096449e-07,lane_1,mainline,,normal,none,commit
BASIC-06,basic_01_06_900_bugcheck_20260605,388,38.80000000000028,B06_MV,cav,not_applicable,7245.859229592843,-3.5,0.034474665732053815,4.0,on_ramp,on_ramp_mv,,normal,not_started,commit
BASIC-06,basic_01_06_900_bugcheck_20260605,388,38.80000000000028,B06_CLV,cav,not_applicable,8007.000003045932,0.0,29.999998730859645,5.288084807375526e-07,lane_2,mainline,,normal,none,commit
BASIC-06,basic_01_06_900_bugcheck_20260605,388,38.80000000000028,B06_CFV,cav,not_applicable,7915.986614612932,3.5,29.973837869165887,-0.7924550489266938,lane_1,mainline,,normal,none,commit
BASIC-06,basic_01_06_900_bugcheck_20260605,388,38.80000000000028,B06_TLV_CFV,cav,not_applicable,7958.244290577122,3.5,29.999052879700308,-0.44305013627183754,lane_1,mainline,,normal,none,commit
BASIC-06,basic_01_06_900_bugcheck_20260605,388,38.80000000000028,B06_TLV_CLV,cav,not_applicable,8000.620005074824,3.5,29.999997885490213,8.810457444496933e-07,lane_1,mainline,,normal,none,commit
BASIC-06,basic_01_06_900_bugcheck_20260605,389,38.90000000000028,B06_MV,cav,not_applicable,7245.862594649203,-3.5,0.03365056359636486,4.0,on_ramp,on_ramp_mv,,normal,not_started,commit
BASIC-06,basic_01_06_900_bugcheck_20260605,389,38.90000000000028,B06_CLV,cav,not_applicable,8010.000002924095,0.0,29.99999878162526,5.076561421901716e-07,lane_2,mainline,,normal,none,commit
BASIC-06,basic_01_06_900_bugcheck_20260605,389,38.90000000000028,B06_CFV,cav,not_applicable,7918.984787403993,3.5,29.98172791061734,0.07890041451452334,lane_1,mainline,,normal,none,commit
BASIC-06,basic_01_06_900_bugcheck_20260605,389,38.90000000000028,B06_TLV_CFV,cav,not_applicable,7961.247843636705,3.5,30.03553059582352,0.364777161232133,lane_1,mainline,,normal,none,commit
BASIC-06,basic_01_06_900_bugcheck_20260605,389,38.90000000000028,B06_TLV_CLV,cav,not_applicable,8003.620004871831,3.5,29.999997970070606,8.45803914728549e-07,lane_1,mainline,,normal,none,commit
BASIC-06,basic_01_06_900_bugcheck_20260605,390,39.000000000000284,B06_MV,cav,not_applicable,7245.86587926533,-3.5,0.03284616126965323,4.0,on_ramp,on_ramp_mv,,normal,not_started,commit
BASIC-06,basic_01_06_900_bugcheck_20260605,390,39.000000000000284,B06_CLV,cav,not_applicable,8013.000002807131,0.0,29.999998830360248,4.873498966162515e-07,lane_2,mainline,,normal,none,commit
BASIC-06,basic_01_06_900_bugcheck_20260605,390,39.000000000000284,B06_CFV,cav,not_applicable,7921.990878471174,3.5,30.060910671804894,0.7918276118755191,lane_1,mainline,,normal,none,commit
BASIC-06,basic_01_06_900_bugcheck_20260605,390,39.000000000000284,B06_TLV_CFV,cav,not_applicable,7964.243472145788,3.5,29.956285090833422,-0.792455049900982,lane_1,mainline,,normal,none,commit
BASIC-06,basic_01_06_900_bugcheck_20260605,390,39.000000000000284,B06_TLV_CLV,cav,not_applicable,8006.620004676958,3.5,29.99999805126778,8.119717577415032e-07,lane_1,mainline,,normal,none,commit
BASIC-06,basic_01_06_900_bugcheck_20260605,391,39.100000000000286,B06_MV,cav,not_applicable,7245.869085364113,-3.5,0.0320609878366096,4.0,on_ramp,on_ramp_mv,,normal,not_started,commit
BASIC-06,basic_01_06_900_bugcheck_20260605,391,39.100000000000286,B06_CLV,cav,not_applicable,8016.0000026948455,0.0,29.99999887714584,4.678559008652883e-07,lane_2,mainline,,normal,none,commit
BASIC-06,basic_01_06_900_bugcheck_20260605,391,39.100000000000286,B06_CFV,cav,not_applicable,7924.992539036997,3.5,30.01660565823107,-0.4430501357382116,lane_1,mainline,,normal,none,commit
BASIC-06,basic_01_06_900_bugcheck_20260605,391,39.100000000000286,B06_TLV_CFV,cav,not_applicable,7967.239889659008,3.5,29.96417513220516,0.07890041371737844,lane_1,mainline,,normal,none,commit
BASIC-06,basic_01_06_900_bugcheck_20260605,391,39.100000000000286,B06_TLV_CLV,cav,not_applicable,8009.62000448988,3.5,29.99999812921707,7.794928876592167e-07,lane_1,mainline,,normal,none,commit
BASIC-06,basic_01_06_900_bugcheck_20260605,392,39.20000000000029,B06_MV,cav,not_applicable,7245.872214822477,-3.5,0.031294583638587135,4.0,on_ramp,on_ramp_mv,,normal,not_started,commit
BASIC-06,basic_01_06_900_bugcheck_20260605,392,39.20000000000029,B06_CLV,cav,not_applicable,8019.000002587051,0.0,29.999998922060005,4.491416646601465e-07,lane_2,mainline,,normal,none,commit
BASIC-06,basic_01_06_900_bugcheck_20260605,392,39.20000000000029,B06_CFV,cav,not_applicable,7927.997847374437,3.5,30.053083374397946,0.36477716166873597,lane_1,mainline,,normal,none,commit
BASIC-06,basic_01_06_900_bugcheck_20260605,392,39.20000000000029,B06_TLV_CFV,cav,not_applicable,7970.244225448341,3.5,30.043357893327492,0.7918276112233097,lane_1,mainline,,normal,none,commit
BASIC-06,basic_01_06_900_bugcheck_20260605,392,39.20000000000029,B06_TLV_CLV,cav,not_applicable,8012.6200043102845,3.5,29.999998204048385,7.483131724939085e-07,lane_1,mainline,,normal,none,commit
BASIC-06,basic_01_06_900_bugcheck_20260605,393,39.30000000000029,B06_MV,cav,not_applicable,7245.875269472477,-3.5,0.030546500004881728,4.0,on_ramp,on_ramp_mv,,normal,not_started,commit
BASIC-06,basic_01_06_900_bugcheck_20260605,393,39.30000000000029,B06_CLV,cav,not_applicable,8022.000002483569,0.0,29.999998965177603,4.311759980168972e-07,lane_2,mainline,,normal,none,commit
BASIC-06,basic_01_06_900_bugcheck_20260605,393,39.30000000000029,B06_CFV,cav,not_applicable,7930.9952311613815,3.5,29.97383786944357,-0.7924550495437614,lane_1,mainline,,normal,none,commit
BASIC-06,basic_01_06_900_bugcheck_20260605,393,39.30000000000029,B06_TLV_CFV,cav,not_applicable,7973.2441307363115,3.5,29.999052879700308,-0.44305013627183754,lane_1,mainline,,normal,none,commit
BASIC-06,basic_01_06_900_bugcheck_20260605,393,39.30000000000029,B06_TLV_CLV,cav,not_applicable,8015.620004137873,3.5,29.99999827588645,7.183806459920562e-07,lane_1,mainline,,normal,none,commit
BASIC-06,basic_01_06_900_bugcheck_20260605,394,39.40000000000029,B06_MV,cav,not_applicable,7245.878251102376,-3.5,0.029816298990534534,4.0,on_ramp,on_ramp_mv,,normal,not_started,commit
BASIC-06,basic_01_06_900_bugcheck_20260605,394,39.40000000000029,B06_CLV,cav,not_applicable,8025.000002384226,0.0,29.999999006570498,4.139289586646555e-07,lane_2,mainline,,normal,none,commit
BASIC-06,basic_01_06_900_bugcheck_20260605,394,39.40000000000029,B06_CFV,cav,not_applicable,7933.993403952466,3.5,29.981727910844537,0.07890041400964976,lane_1,mainline,,normal,none,commit
BASIC-06,basic_01_06_900_bugcheck_20260605,394,39.40000000000029,B06_TLV_CFV,cav,not_applicable,7976.247683795894,3.5,30.03553059582352,0.364777161232133,lane_1,mainline,,normal,none,commit
BASIC-06,basic_01_06_900_bugcheck_20260605,394,39.40000000000029,B06_TLV_CLV,cav,not_applicable,8018.620003972358,3.5,29.999998344850994,6.896454195270963e-07,lane_1,mainline,,normal,none,commit
BASIC-06,basic_01_06_900_bugcheck_20260605,395,39.50000000000029,B06_MV,cav,not_applicable,7245.881161457688,-3.5,0.029103553118917568,4.0,on_ramp,on_ramp_mv,,normal,not_started,commit
BASIC-06,basic_01_06_900_bugcheck_20260605,395,39.50000000000029,B06_CLV,cav,not_applicable,8028.000002288856,0.0,29.99999904630768,3.973718008865035e-07,lane_2,mainline,,normal,none,commit
BASIC-06,basic_01_06_900_bugcheck_20260605,395,39.50000000000029,B06_CFV,cav,not_applicable,7936.999495019665,3.5,30.06091067199078,0.7918276114624407,lane_1,mainline,,normal,none,commit
BASIC-06,basic_01_06_900_bugcheck_20260605,395,39.50000000000029,B06_TLV_CFV,cav,not_applicable,7979.243312304977,3.5,29.956285090833422,-0.792455049900982,lane_1,mainline,,normal,none,commit
BASIC-06,basic_01_06_900_bugcheck_20260605,395,39.50000000000029,B06_TLV_CLV,cav,not_applicable,8021.620003813464,3.5,29.999998411056954,6.620596025186388e-07,lane_1,mainline,,normal,none,commit
BASIC-06,basic_01_06_900_bugcheck_20260605,396,39.60000000000029,B06_MV,cav,not_applicable,7245.884002242201,-3.5,0.028407845132580923,4.0,on_ramp,on_ramp_mv,,normal,not_started,commit
BASIC-06,basic_01_06_900_bugcheck_20260605,396,39.60000000000029,B06_CLV,cav,not_applicable,8031.000002197302,0.0,29.99999908445537,3.814769286236697e-07,lane_2,mainline,,normal,none,commit
BASIC-06,basic_01_06_900_bugcheck_20260605,396,39.60000000000029,B06_CFV,cav,not_applicable,7940.0011555855035,3.5,30.01660565838316,-0.4430501360761848,lane_1,mainline,,normal,none,commit
BASIC-06,basic_01_06_900_bugcheck_20260605,396,39.60000000000029,B06_TLV_CFV,cav,not_applicable,7982.239729818198,3.5,29.96417513220516,0.07890041371737844,lane_1,mainline,,normal,none,commit
BASIC-06,basic_01_06_900_bugcheck_20260605,396,39.60000000000029,B06_TLV_CLV,cav,not_applicable,8024.620003660925,3.5,29.999998474614674,6.355772185884235e-07,lane_1,mainline,,normal,none,commit
BASIC-06,basic_01_06_900_bugcheck_20260605,397,39.700000000000294,B06_MV,cav,not_applicable,7245.8867751189755,-3.5,0.027728767748013344,4.0,on_ramp,on_ramp_mv,,normal,not_started,commit
BASIC-06,basic_01_06_900_bugcheck_20260605,397,39.700000000000294,B06_CLV,cav,not_applicable,8034.000002109409,0.0,29.999999121077156,3.6621785142187947e-07,lane_2,mainline,,normal,none,commit
BASIC-06,basic_01_06_900_bugcheck_20260605,397,39.700000000000294,B06_CFV,cav,not_applicable,7943.006463922956,3.5,30.05308337452238,0.36477716139221245,lane_1,mainline,,normal,none,commit
BASIC-06,basic_01_06_900_bugcheck_20260605,397,39.700000000000294,B06_TLV_CFV,cav,not_applicable,7985.2440656075305,3.5,30.043357893327492,0.7918276112233097,lane_1,mainline,,normal,none,commit
BASIC-06,basic_01_06_900_bugcheck_20260605,397,39.700000000000294,B06_TLV_CLV,cav,not_applicable,8027.620003514488,3.5,29.999998535630088,6.101541302427905e-07,lane_1,mainline,,normal,none,commit
BASIC-06,basic_01_06_900_bugcheck_20260605,398,39.800000000000296,B06_MV,cav,not_applicable,7245.889481711317,-3.5,0.027065923417794818,4.0,on_ramp,on_ramp_mv,,normal,not_started,commit
BASIC-06,basic_01_06_900_bugcheck_20260605,398,39.800000000000296,B06_CLV,cav,not_applicable,8037.000002025033,0.0,29.999999156234068,3.515691375355346e-07,lane_2,mainline,,normal,none,commit
BASIC-06,basic_01_06_900_bugcheck_20260605,398,39.800000000000296,B06_CFV,cav,not_applicable,7946.003847709911,3.5,29.97383786954538,-0.7924550497700079,lane_1,mainline,,normal,none,commit
BASIC-06,basic_01_06_900_bugcheck_20260605,398,39.800000000000296,B06_TLV_CFV,cav,not_applicable,7988.243970895501,3.5,29.999052879700308,-0.44305013627183754,lane_1,mainline,,normal,none,commit
BASIC-06,basic_01_06_900_bugcheck_20260605,398,39.800000000000296,B06_TLV_CLV,cav,not_applicable,8030.620003373909,3.5,29.999998594204882,5.857479649762354e-07,lane_1,mainline,,normal,none,commit
BASIC-06,basic_01_06_900_bugcheck_20260605,399,39.9000000000003,B06_MV,cav,not_applicable,7245.892123603727,-3.5,0.026418924097749572,4.0,on_ramp,on_ramp_mv,,normal,not_started,commit
BASIC-06,basic_01_06_900_bugcheck_20260605,399,39.9000000000003,B06_CLV,cav,not_applicable,8040.000001944031,0.0,29.999999189984706,3.375063727162342e-07,lane_2,mainline,,normal,none,commit
BASIC-06,basic_01_06_900_bugcheck_20260605,399,39.9000000000003,B06_CFV,cav,not_applicable,7949.002020501003,3.5,29.981727910927834,0.07890041382453905,lane_1,mainline,,normal,none,commit
BASIC-06,basic_01_06_900_bugcheck_20260605,399,39.9000000000003,B06_TLV_CFV,cav,not_applicable,7991.247523955083,3.5,30.03553059582352,0.364777161232133,lane_1,mainline,,normal,none,commit
BASIC-06,basic_01_06_900_bugcheck_20260605,399,39.9000000000003,B06_TLV_CLV,cav,not_applicable,8033.620003238952,3.5,29.999998650436687,5.623180470593071e-07,lane_1,mainline,,normal,none,commit
BASIC-06,basic_01_06_900_bugcheck_20260605,400,40.0000000000003,B06_MV,cav,not_applicable,7245.894702342829,-3.5,0.025787391019534357,4.0,on_ramp,on_ramp_mv,,normal,not_started,commit
BASIC-06,basic_01_06_900_bugcheck_20260605,400,40.0000000000003,B06_CLV,cav,not_applicable,8043.0000018662695,0.0,29.999999222385316,3.2400611758021116e-07,lane_2,mainline,,normal,none,commit
BASIC-06,basic_01_06_900_bugcheck_20260605,400,40.0000000000003,B06_CFV,cav,not_applicable,7952.008111568209,3.5,30.06091067205893,0.7918276113109866,lane_1,mainline,,normal,none,commit
BASIC-06,basic_01_06_900_bugcheck_20260605,400,40.0000000000003,B06_TLV_CFV,cav,not_applicable,7994.243152464166,3.5,29.956285090833422,-0.792455049900982,lane_1,mainline,,normal,none,commit
BASIC-06,basic_01_06_900_bugcheck_20260605,400,40.0000000000003,B06_TLV_CLV,cav,not_applicable,8036.620003109394,3.5,29.99999870441922,5.398253250632479e-07,lane_1,mainline,,normal,none,commit
BASIC-06,basic_01_06_900_bugcheck_20260605,401,40.1000000000003,B06_MV,cav,not_applicable,7245.897219438276,-3.5,0.02517095446931425,4.0,on_ramp,on_ramp_mv,,normal,not_started,commit
BASIC-06,basic_01_06_900_bugcheck_20260605,401,40.1000000000003,B06_CLV,cav,not_applicable,8046.000001791618,0.0,29.999999253489904,3.110458735022803e-07,lane_2,mainline,,normal,none,commit
BASIC-06,basic_01_06_900_bugcheck_20260605,401,40.1000000000003,B06_CFV,cav,not_applicable,7955.009772134053,3.5,30.01660565843892,-0.4430501362001019,lane_1,mainline,,normal,none,commit
BASIC-06,basic_01_06_900_bugcheck_20260605,401,40.1000000000003,B06_TLV_CFV,cav,not_applicable,7997.239569977387,3.5,29.96417513220516,0.07890041371737844,lane_1,mainline,,normal,none,commit
BASIC-06,basic_01_06_900_bugcheck_20260605,401,40.1000000000003,B06_TLV_CLV,cav,not_applicable,8039.620002985018,3.5,29.99999875624245,5.182323121744048e-07,lane_1,mainline,,normal,none,commit
BASIC-06,basic_01_06_900_bugcheck_20260605,402,40.2000000000003,B06_MV,cav,not_applicable,7245.899676363633,-3.5,0.02456925357122146,4.0,on_ramp,on_ramp_mv,,normal,not_started,commit
BASIC-06,basic_01_06_900_bugcheck_20260605,402,40.2000000000003,B06_CLV,cav,not_applicable,8049.000001719954,0.0,29.999999283350306,2.9860403856218913e-07,lane_2,mainline,,normal,none,commit
BASIC-06,basic_01_06_900_bugcheck_20260605,402,40.2000000000003,B06_CFV,cav,not_applicable,7958.0150804715095,3.5,30.053083374568,0.36477716129082577,lane_1,mainline,,normal,none,commit
BASIC-06,basic_01_06_900_bugcheck_20260605,402,40.2000000000003,B06_TLV_CFV,cav,not_applicable,8000.24390576672,3.5,30.043357893327492,0.7918276112233097,lane_1,mainline,,normal,none,commit
BASIC-06,basic_01_06_900_bugcheck_20260605,402,40.2000000000003,B06_TLV_CLV,cav,not_applicable,8042.620002865618,3.5,29.999998805992753,4.975030194032116e-07,lane_1,mainline,,normal,none,commit
BASIC-06,basic_01_06_900_bugcheck_20260605,403,40.3000000000003,B06_MV,cav,not_applicable,7245.902074557241,-3.5,0.02398193607559722,4.0,on_ramp,on_ramp_mv,,normal,not_started,commit
BASIC-06,basic_01_06_900_bugcheck_20260605,403,40.3000000000003,B06_CLV,cav,not_applicable,8052.000001651155,0.0,29.999999312016293,2.8665987770182257e-07,lane_2,mainline,,normal,none,commit
BASIC-06,basic_01_06_900_bugcheck_20260605,403,40.3000000000003,B06_CFV,cav,not_applicable,7961.012464258468,3.5,29.973837869582706,-0.7924550498529607,lane_1,mainline,,normal,none,commit
BASIC-06,basic_01_06_900_bugcheck_20260605,403,40.3000000000003,B06_TLV_CFV,cav,not_applicable,8003.24381105469,3.5,29.999052879700308,-0.44305013627183754,lane_1,mainline,,normal,none,commit
BASIC-06,basic_01_06_900_bugcheck_20260605,403,40.3000000000003,B06_TLV_CLV,cav,not_applicable,8045.620002750993,3.5,29.99999885375304,4.776028987407699e-07,lane_1,mainline,,normal,none,commit
BASIC-06,basic_01_06_900_bugcheck_20260605,404,40.400000000000304,B06_MV,cav,not_applicable,7245.904415423056,-3.5,0.023408658153538528,4.0,on_ramp,on_ramp_mv,,normal,not_started,commit
BASIC-06,basic_01_06_900_bugcheck_20260605,404,40.400000000000304,B06_CLV,cav,not_applicable,8055.000001585108,0.0,29.99999933953564,2.751934829348102e-07,lane_2,mainline,,normal,none,commit
BASIC-06,basic_01_06_900_bugcheck_20260605,404,40.400000000000304,B06_CFV,cav,not_applicable,7964.010637049563,3.5,29.981727910958373,0.07890041375666856,lane_1,mainline,,normal,none,commit
BASIC-06,basic_01_06_900_bugcheck_20260605,404,40.400000000000304,B06_TLV_CFV,cav,not_applicable,8006.247364114272,3.5,30.03553059582352,0.364777161232133,lane_1,mainline,,normal,none,commit
BASIC-06,basic_01_06_900_bugcheck_20260605,404,40.400000000000304,B06_TLV_CLV,cav,not_applicable,8048.620002640953,3.5,29.999998899602918,4.5849878347326014e-07,lane_1,mainline,,normal,none,commit
BASIC-06,basic_01_06_900_bugcheck_20260605,405,40.500000000000306,B06_MV,cav,not_applicable,7245.906700331476,-3.5,0.02284908419492353,4.0,on_ramp,on_ramp_mv,,normal,not_started,commit
BASIC-06,basic_01_06_900_bugcheck_20260605,405,40.500000000000306,B06_CLV,cav,not_applicable,8058.000001521704,0.0,29.999999365954217,2.641857435037309e-07,lane_2,mainline,,normal,none,commit
BASIC-06,basic_01_06_900_bugcheck_20260605,405,40.500000000000306,B06_CFV,cav,not_applicable,7967.016728116771,3.5,30.060910672083917,0.7918276112554561,lane_1,mainline,,normal,none,commit
BASIC-06,basic_01_06_900_bugcheck_20260605,405,40.500000000000306,B06_TLV_CFV,cav,not_applicable,8009.242992623355,3.5,29.956285090833422,-0.792455049900982,lane_1,mainline,,normal,none,commit
BASIC-06,basic_01_06_900_bugcheck_20260605,405,40.500000000000306,B06_TLV_CLV,cav,not_applicable,8051.6200025353155,3.5,29.999998943618802,4.4015883275960733e-07,lane_1,mainline,,normal,none,commit
BASIC-06,basic_01_06_900_bugcheck_20260605,406,40.60000000000031,B06_MV,cav,not_applicable,7245.908930620137,-3.5,0.022302886612306946,4.0,on_ramp,on_ramp_mv,,normal,not_started,commit
BASIC-06,basic_01_06_900_bugcheck_20260605,406,40.60000000000031,B06_CLV,cav,not_applicable,8061.000001460835,0.0,29.99999939131605,2.536183131951475e-07,lane_2,mainline,,normal,none,commit
BASIC-06,basic_01_06_900_bugcheck_20260605,406,40.60000000000031,B06_CFV,cav,not_applicable,7970.018388682617,3.5,30.016605658459362,-0.4430501362455359,lane_1,mainline,,normal,none,commit
BASIC-06,basic_01_06_900_bugcheck_20260605,406,40.60000000000031,B06_TLV_CFV,cav,not_applicable,8012.239410136576,3.5,29.96417513220516,0.07890041371737844,lane_1,mainline,,normal,none,commit
BASIC-06,basic_01_06_900_bugcheck_20260605,406,40.60000000000031,B06_TLV_CLV,cav,not_applicable,8054.620002433903,3.5,29.99999898587405,4.225524790513191e-07,lane_1,mainline,,normal,none,commit
BASIC-06,basic_01_06_900_bugcheck_20260605,407,40.70000000000031,B06_MV,cav,not_applicable,7245.911107594702,-3.5,0.021769745649381136,4.0,on_ramp,on_ramp_mv,,normal,not_started,commit
BASIC-06,basic_01_06_900_bugcheck_20260605,407,40.70000000000031,B06_CLV,cav,not_applicable,8064.000001402402,0.0,29.999999415663407,2.4347358049681136e-07,lane_2,mainline,,normal,none,commit
BASIC-06,basic_01_06_900_bugcheck_20260605,407,40.70000000000031,B06_CFV,cav,not_applicable,7973.023697020076,3.5,30.053083374584727,0.3647771612536525,lane_1,mainline,,normal,none,commit
BASIC-06,basic_01_06_900_bugcheck_20260605,407,40.70000000000031,B06_TLV_CFV,cav,not_applicable,8015.243745925909,3.5,30.043357893327492,0.7918276112233097,lane_1,mainline,,normal,none,commit
BASIC-06,basic_01_06_900_bugcheck_20260605,407,40.70000000000031,B06_TLV_CLV,cav,not_applicable,8057.620002336547,3.5,29.999999026439088,4.056503797755795e-07,lane_1,mainline,,normal,none,commit
BASIC-06,basic_01_06_900_bugcheck_20260605,408,40.80000000000031,B06_MV,cav,not_applicable,7245.913232529621,-3.5,0.02124934919291576,4.0,on_ramp,on_ramp_mv,,normal,not_started,commit
BASIC-06,basic_01_06_900_bugcheck_20260605,408,40.80000000000031,B06_CLV,cav,not_applicable,8067.000001346305,0.0,29.99999943903687,2.337346373337823e-07,lane_2,mainline,,normal,none,commit
BASIC-06,basic_01_06_900_bugcheck_20260605,408,40.80000000000031,B06_CFV,cav,not_applicable,7976.021080807035,3.5,29.97383786959639,-0.7924550498833751,lane_1,mainline,,normal,none,commit
BASIC-06,basic_01_06_900_bugcheck_20260605,408,40.80000000000031,B06_TLV_CFV,cav,not_applicable,8018.243651213879,3.5,29.999052879700308,-0.44305013627183754,lane_1,mainline,,normal,none,commit
BASIC-06,basic_01_06_900_bugcheck_20260605,408,40.80000000000031,B06_TLV_CLV,cav,not_applicable,8060.620002243086,3.5,29.999999065381523,3.8942436475508657e-07,lane_1,mainline,,normal,none,commit
BASIC-06,basic_01_06_900_bugcheck_20260605,409,40.90000000000031,B06_MV,cav,not_applicable,7245.9153066688805,-3.5,0.02074139259121973,4.0,on_ramp,on_ramp_mv,,normal,not_started,commit
BASIC-06,basic_01_06_900_bugcheck_20260605,409,40.90000000000031,B06_CLV,cav,not_applicable,8070.000001292453,0.0,29.999999461475394,2.243852520678047e-07,lane_2,mainline,,normal,none,commit
BASIC-06,basic_01_06_900_bugcheck_20260605,409,40.90000000000031,B06_CFV,cav,not_applicable,7979.019253598132,3.5,29.98172791096957,0.07890041373178402,lane_1,mainline,,normal,none,commit
BASIC-06,basic_01_06_900_bugcheck_20260605,409,40.90000000000031,B06_TLV_CFV,cav,not_applicable,8021.247204273462,3.5,30.03553059582352,0.364777161232133,lane_1,mainline,,normal,none,commit
BASIC-06,basic_01_06_900_bugcheck_20260605,409,40.90000000000031,B06_TLV_CLV,cav,not_applicable,8063.620002153362,3.5,29.999999102766264,3.7384739073331733e-07,lane_1,mainline,,normal,none,commit
BASIC-06,basic_01_06_900_bugcheck_20260605,410,41.00000000000031,B06_MV,cav,not_applicable,7245.917331226728,-3.5,0.02024557847477729,4.0,on_ramp,on_ramp_mv,,normal,not_started,commit
BASIC-06,basic_01_06_900_bugcheck_20260605,410,41.00000000000031,B06_CLV,cav,not_applicable,8073.0000012407545,0.0,29.999999483016378,2.154098424966833e-07,lane_2,mainline,,normal,none,commit
BASIC-06,basic_01_06_900_bugcheck_20260605,410,41.00000000000031,B06_CFV,cav,not_applicable,7982.025344665341,3.5,30.06091067209308,0.791827611235096,lane_1,mainline,,normal,none,commit
BASIC-06,basic_01_06_900_bugcheck_20260605,410,41.00000000000031,B06_TLV_CFV,cav,not_applicable,8024.242832782545,3.5,29.956285090833422,-0.792455049900982,lane_1,mainline,,normal,none,commit
BASIC-06,basic_01_06_900_bugcheck_20260605,410,41.00000000000031,B06_TLV_CLV,cav,not_applicable,8066.620002067228,3.5,29.999999138655614,3.58893494478707e-07,lane_1,mainline,,normal,none,commit
BASIC-06,basic_01_06_900_bugcheck_20260605,411,41.100000000000314,B06_MV,cav,not_applicable,7245.919307388386,-3.5,0.019761616582754188,4.0,on_ramp,on_ramp_mv,,normal,not_started,commit
BASIC-06,basic_01_06_900_bugcheck_20260605,411,41.100000000000314,B06_CLV,cav,not_applicable,8076.000001191124,0.0,29.999999503695722,2.0679344885365937e-07,lane_2,mainline,,normal,none,commit
BASIC-06,basic_01_06_900_bugcheck_20260605,411,41.100000000000314,B06_CFV,cav,not_applicable,7985.027005231188,3.5,30.01660565846686,-0.44305013626219414,lane_1,mainline,,normal,none,commit
BASIC-06,basic_01_06_900_bugcheck_20260605,411,41.100000000000314,B06_TLV_CFV,cav,not_applicable,8027.2392502957655,3.5,29.96417513220516,0.07890041371737844,lane_1,mainline,,normal,none,commit
BASIC-06,basic_01_06_900_bugcheck_20260605,411,41.100000000000314,B06_TLV_CLV,cav,not_applicable,8069.620001984538,3.5,29.99999917310939,3.4453775441534165e-07,lane_1,mainline,,normal,none,commit
BASIC-06,basic_01_06_900_bugcheck_20260605,412,41.200000000000315,B06_MV,cav,not_applicable,7245.921236310745,-3.5,0.019289223592547592,4.0,on_ramp,on_ramp_mv,,normal,not_started,commit
BASIC-06,basic_01_06_900_bugcheck_20260605,412,41.200000000000315,B06_CLV,cav,not_applicable,8079.0000011434795,0.0,29.999999523547892,1.9852171107004324e-07,lane_2,mainline,,normal,none,commit
BASIC-06,basic_01_06_900_bugcheck_20260605,412,41.200000000000315,B06_CFV,cav,not_applicable,7988.032313568647,3.5,30.053083374590862,0.364777161240023,lane_1,mainline,,normal,none,commit
BASIC-06,basic_01_06_900_bugcheck_20260605,412,41.200000000000315,B06_TLV_CFV,cav,not_applicable,8030.243586085098,3.5,30.043357893327492,0.7918276112233097,lane_1,mainline,,normal,none,commit
BASIC-06,basic_01_06_900_bugcheck_20260605,412,41.200000000000315,B06_TLV_CLV,cav,not_applicable,8072.620001905157,3.5,29.999999206185016,3.307562437271372e-07,lane_1,mainline,,normal,none,commit
BASIC-06,basic_01_06_900_bugcheck_20260605,413,41.30000000000032,B06_MV,cav,not_applicable,7245.923119123041,-3.5,0.01882812295477127,4.0,on_ramp,on_ramp_mv,,normal,not_started,commit
BASIC-06,basic_01_06_900_bugcheck_20260605,413,41.30000000000032,B06_CLV,cav,not_applicable,8082.00000109774,0.0,29.999999542605977,1.9058084319567572e-07,lane_2,mainline,,normal,none,commit
BASIC-06,basic_01_06_900_bugcheck_20260605,413,41.30000000000032,B06_CFV,cav,not_applicable,7991.029697355607,3.5,29.97383786960141,-0.7924550498945266,lane_1,mainline,,normal,none,commit
BASIC-06,basic_01_06_900_bugcheck_20260605,413,41.30000000000032,B06_TLV_CFV,cav,not_applicable,8033.2434913730685,3.5,29.999052879700308,-0.44305013627183754,lane_1,mainline,,normal,none,commit
BASIC-06,basic_01_06_900_bugcheck_20260605,413,41.30000000000032,B06_TLV_CLV,cav,not_applicable,8075.62000182895,3.5,29.999999237937615,3.1752599340961754e-07,lane_1,mainline,,normal,none,commit
BASIC-06,basic_01_06_900_bugcheck_20260605,414,41.40000000000032,B06_MV,cav,not_applicable,7245.924956927514,-3.5,0.018378044730414912,4.0,on_ramp,on_ramp_mv,,normal,not_started,commit
BASIC-06,basic_01_06_900_bugcheck_20260605,414,41.40000000000032,B06_CLV,cav,not_applicable,8085.000001053831,0.0,29.99999956090174,1.82957609240475e-07,lane_2,mainline,,normal,none,commit
BASIC-06,basic_01_06_900_bugcheck_20260605,414,41.40000000000032,B06_CFV,cav,not_applicable,7994.027870146704,3.5,29.981727910973678,0.0789004137226601,lane_1,mainline,,normal,none,commit
BASIC-06,basic_01_06_900_bugcheck_20260605,414,41.40000000000032,B06_TLV_CFV,cav,not_applicable,8036.247044432651,3.5,30.03553059582352,0.364777161232133,lane_1,mainline,,normal,none,commit
BASIC-06,basic_01_06_900_bugcheck_20260605,414,41.40000000000032,B06_TLV_CLV,cav,not_applicable,8078.620001755792,3.5,29.99999926842011,3.0482495390060653e-07,lane_1,mainline,,normal,none,commit
BASIC-06,basic_01_06_900_bugcheck_20260605,415,41.50000000000032,B06_MV,cav,not_applicable,7245.926750800058,-3.5,0.01793872543343867,4.0,on_ramp,on_ramp_mv,,normal,not_started,commit
BASIC-06,basic_01_06_900_bugcheck_20260605,415,41.50000000000032,B06_CLV,cav,not_applicable,8088.000001011677,0.0,29.99999957846567,1.7563930470032575e-07,lane_2,mainline,,normal,none,commit
BASIC-06,basic_01_06_900_bugcheck_20260605,415,41.50000000000032,B06_CFV,cav,not_applicable,7997.033961213914,3.5,30.06091067209644,0.791827611227631,lane_1,mainline,,normal,none,commit
BASIC-06,basic_01_06_900_bugcheck_20260605,415,41.50000000000032,B06_TLV_CFV,cav,not_applicable,8039.242672941734,3.5,29.956285090833422,-0.792455049900982,lane_1,mainline,,normal,none,commit
BASIC-06,basic_01_06_900_bugcheck_20260605,415,41.50000000000032,B06_TLV_CLV,cav,not_applicable,8081.62000168556,3.5,29.999999297683306,2.926319552898349e-07,lane_1,mainline,,normal,none,commit
BASIC-06,basic_01_06_900_bugcheck_20260605,416,41.60000000000032,B06_MV,cav,not_applicable,7245.928501790845,-3.5,0.017509907876411494,4.0,on_ramp,on_ramp_mv,,normal,not_started,commit
BASIC-06,basic_01_06_900_bugcheck_20260605,416,41.60000000000032,B06_CLV,cav,not_applicable,8091.00000097121,0.0,29.999999595327044,1.686137323986259e-07,lane_2,mainline,,normal,none,commit
BASIC-06,basic_01_06_900_bugcheck_20260605,416,41.60000000000032,B06_CFV,cav,not_applicable,8000.035621779761,3.5,30.01660565846961,-0.4430501362683019,lane_1,mainline,,normal,none,commit
BASIC-06,basic_01_06_900_bugcheck_20260605,416,41.60000000000032,B06_TLV_CFV,cav,not_applicable,8042.239090454955,3.5,29.96417513220516,0.07890041371737844,lane_1,mainline,,normal,none,commit
BASIC-06,basic_01_06_900_bugcheck_20260605,416,41.60000000000032,B06_TLV_CLV,cav,not_applicable,8084.620001618137,3.5,29.999999325775974,2.809266774761454e-07,lane_1,mainline,,normal,none,commit
BASIC-06,basic_01_06_900_bugcheck_20260605,417,41.70000000000032,B06_MV,cav,not_applicable,7245.9302109249475,-3.5,0.017091341019628017,4.0,on_ramp,on_ramp_mv,,normal,not_started,commit
BASIC-06,basic_01_06_900_bugcheck_20260605,417,41.70000000000032,B06_CLV,cav,not_applicable,8094.000000932362,0.0,29.99999961151396,1.618691825910901e-07,lane_2,mainline,,normal,none,commit
BASIC-06,basic_01_06_900_bugcheck_20260605,417,41.70000000000032,B06_CFV,cav,not_applicable,8003.04093011722,3.5,30.053083374593115,0.36477716123502574,lane_1,mainline,,normal,none,commit
BASIC-06,basic_01_06_900_bugcheck_20260605,417,41.70000000000032,B06_TLV_CFV,cav,not_applicable,8045.243426244288,3.5,30.043357893327492,0.7918276112233097,lane_1,mainline,,normal,none,commit
BASIC-06,basic_01_06_900_bugcheck_20260605,417,41.70000000000032,B06_TLV_CLV,cav,not_applicable,8087.620001553412,3.5,29.999999352744936,2.696896103770996e-07,lane_1,mainline,,normal,none,commit
BASIC-06,basic_01_06_900_bugcheck_20260605,418,41.800000000000324,B06_MV,cav,not_applicable,7245.93187920293,-3.5,0.016682779824356272,4.0,on_ramp,on_ramp_mv,,normal,not_started,commit
BASIC-06,basic_01_06_900_bugcheck_20260605,418,41.800000000000324,B06_CLV,cav,not_applicable,8097.000000895067,0.0,29.999999627053402,1.5539441591272408e-07,lane_2,mainline,,normal,none,commit
BASIC-06,basic_01_06_900_bugcheck_20260605,418,41.800000000000324,B06_CFV,cav,not_applicable,8006.0383139041805,3.5,29.973837869603255,-0.7924550498986153,lane_1,mainline,,normal,none,commit
BASIC-06,basic_01_06_900_bugcheck_20260605,418,41.800000000000324,B06_TLV_CFV,cav,not_applicable,8048.243331532258,3.5,29.999052879700308,-0.44305013627183754,lane_1,mainline,,normal,none,commit
BASIC-06,basic_01_06_900_bugcheck_20260605,418,41.800000000000324,B06_TLV_CLV,cav,not_applicable,8090.620001491276,3.5,29.999999378635138,2.589020255072683e-07,lane_1,mainline,,normal,none,commit
BASIC-06,basic_01_06_900_bugcheck_20260605,419,41.900000000000325,B06_MV,cav,not_applicable,7245.93350760144,-3.5,0.01628398510978134,4.0,on_ramp,on_ramp_mv,,normal,not_started,commit
BASIC-06,basic_01_06_900_bugcheck_20260605,419,41.900000000000325,B06_CLV,cav,not_applicable,8100.000000859264,0.0,29.999999641971264,1.491786392193717e-07,lane_2,mainline,,normal,none,commit
BASIC-06,basic_01_06_900_bugcheck_20260605,419,41.900000000000325,B06_CFV,cav,not_applicable,8009.036486695278,3.5,29.981727910975188,0.07890041371931489,lane_1,mainline,,normal,none,commit
BASIC-06,basic_01_06_900_bugcheck_20260605,419,41.900000000000325,B06_TLV_CFV,cav,not_applicable,8051.24688459184,3.5,30.03553059582352,0.364777161232133,lane_1,mainline,,normal,none,commit
BASIC-06,basic_01_06_900_bugcheck_20260605,419,41.900000000000325,B06_TLV_CLV,cav,not_applicable,8093.620001431625,3.5,29.99999940348973,2.485459447143512e-07,lane_1,mainline,,normal,none,commit
BASIC-06,basic_01_06_900_bugcheck_20260605,420,42.00000000000033,B06_MV,cav,not_applicable,7245.935097073781,-3.5,0.015894723412340585,4.0,on_ramp,on_ramp_mv,,normal,not_started,commit
BASIC-06,basic_01_06_900_bugcheck_20260605,420,42.00000000000033,B06_CLV,cav,not_applicable,8103.0000008248935,0.0,29.999999656292413,1.43211494219031e-07,lane_2,mainline,,normal,none,commit
BASIC-06,basic_01_06_900_bugcheck_20260605,420,42.00000000000033,B06_CFV,cav,not_applicable,8012.042577762488,3.5,30.060910672097677,0.791827611224894,lane_1,mainline,,normal,none,commit
BASIC-06,basic_01_06_900_bugcheck_20260605,420,42.00000000000033,B06_TLV_CFV,cav,not_applicable,8054.242513100923,3.5,29.956285090833422,-0.792455049900982,lane_1,mainline,,normal,none,commit
BASIC-06,basic_01_06_900_bugcheck_20260605,420,42.00000000000033,B06_TLV_CLV,cav,not_applicable,8096.620001374359,3.5,29.999999427350144,2.386041074942114e-07,lane_1,mainline,,normal,none,commit
BASIC-06,basic_01_06_900_bugcheck_20260605,421,42.10000000000033,B06_MV,cav,not_applicable,7245.936648550466,-3.5,0.015514766849189635,4.0,on_ramp,on_ramp_mv,,normal,not_started,commit
BASIC-06,basic_01_06_900_bugcheck_20260605,421,42.10000000000033,B06_CLV,cav,not_applicable,8106.000000791898,0.0,29.999999670040715,1.3748303473448686e-07,lane_2,mainline,,normal,none,commit
BASIC-06,basic_01_06_900_bugcheck_20260605,421,42.10000000000033,B06_CFV,cav,not_applicable,8015.044238328335,3.5,30.016605658470624,-0.44305013627054124,lane_1,mainline,,normal,none,commit
BASIC-06,basic_01_06_900_bugcheck_20260605,421,42.10000000000033,B06_TLV_CFV,cav,not_applicable,8057.238930614144,3.5,29.96417513220516,0.07890041371737844,lane_1,mainline,,normal,none,commit
BASIC-06,basic_01_06_900_bugcheck_20260605,421,42.10000000000033,B06_TLV_CLV,cav,not_applicable,8099.620001319385,3.5,29.999999450256137,2.290599425691653e-07,lane_1,mainline,,normal,none,commit
BASIC-06,basic_01_06_900_bugcheck_20260605,422,42.20000000000033,B06_MV,cav,not_applicable,7245.938162939765,-3.5,0.015143892985146982,4.0,on_ramp,on_ramp_mv,,normal,not_started,commit
BASIC-06,basic_01_06_900_bugcheck_20260605,422,42.20000000000033,B06_CLV,cav,not_applicable,8109.000000760222,0.0,29.999999683239086,1.319837139135416e-07,lane_2,mainline,,normal,none,commit
BASIC-06,basic_01_06_900_bugcheck_20260605,422,42.20000000000033,B06_CFV,cav,not_applicable,8018.049546665795,3.5,30.053083374593943,0.3647771612331936,lane_1,mainline,,normal,none,commit
BASIC-06,basic_01_06_900_bugcheck_20260605,422,42.20000000000033,B06_TLV_CFV,cav,not_applicable,8060.243266403477,3.5,30.043357893327492,0.7918276112233097,lane_1,mainline,,normal,none,commit
BASIC-06,basic_01_06_900_bugcheck_20260605,422,42.20000000000033,B06_TLV_CLV,cav,not_applicable,8102.6200012666095,3.5,29.999999472245893,2.198975451506158e-07,lane_1,mainline,,normal,none,commit
BASIC-06,basic_01_06_900_bugcheck_20260605,423,42.30000000000033,B06_MV,cav,not_applicable,7245.939641128235,-3.5,0.014781884702030065,4.0,on_ramp,on_ramp_mv,,normal,not_started,commit
BASIC-06,basic_01_06_900_bugcheck_20260605,423,42.30000000000033,B06_CLV,cav,not_applicable,8112.000000729813,0.0,29.999999695909523,1.2670436575490384e-07,lane_2,mainline,,normal,none,commit
BASIC-06,basic_01_06_900_bugcheck_20260605,423,42.30000000000033,B06_CFV,cav,not_applicable,8021.046930452755,3.5,29.97383786960393,-0.7924550499001143,lane_1,mainline,,normal,none,commit
BASIC-06,basic_01_06_900_bugcheck_20260605,423,42.30000000000033,B06_TLV_CFV,cav,not_applicable,8063.243171691447,3.5,29.999052879700308,-0.44305013627183754,lane_1,mainline,,normal,none,commit
BASIC-06,basic_01_06_900_bugcheck_20260605,423,42.30000000000033,B06_TLV_CLV,cav,not_applicable,8105.620001215945,3.5,29.999999493356057,2.1110164283300037e-07,lane_1,mainline,,normal,none,commit
BASIC-06,basic_01_06_900_bugcheck_20260605,424,42.40000000000033,B06_MV,cav,not_applicable,7245.941083981243,-3.5,0.014428530072122182,4.0,on_ramp,on_ramp_mv,,normal,not_started,commit
BASIC-06,basic_01_06_900_bugcheck_20260605,424,42.40000000000033,B06_CLV,cav,not_applicable,8115.00000070062,0.0,29.99999970807314,1.2163619089733402e-07,lane_2,mainline,,normal,none,commit
BASIC-06,basic_01_06_900_bugcheck_20260605,424,42.40000000000033,B06_CFV,cav,not_applicable,8024.045103243852,3.5,29.98172791097574,0.07890041371808842,lane_1,mainline,,normal,none,commit
BASIC-06,basic_01_06_900_bugcheck_20260605,424,42.40000000000033,B06_TLV_CFV,cav,not_applicable,8066.246724751029,3.5,30.03553059582352,0.364777161232133,lane_1,mainline,,normal,none,commit
BASIC-06,basic_01_06_900_bugcheck_20260605,424,42.40000000000033,B06_TLV_CLV,cav,not_applicable,8108.620001167307,3.5,29.999999513621816,2.0265757711968037e-07,lane_1,mainline,,normal,none,commit
BASIC-06,basic_01_06_900_bugcheck_20260605,425,42.500000000000334,B06_MV,cav,not_applicable,7245.942492343466,-3.5,0.014083622233378681,4.0,on_ramp,on_ramp_mv,,normal,not_started,commit
BASIC-06,basic_01_06_900_bugcheck_20260605,425,42.500000000000334,B06_CLV,cav,not_applicable,8118.000000672595,0.0,29.999999719750214,1.1677074382987485e-07,lane_2,mainline,,normal,none,commit
BASIC-06,basic_01_06_900_bugcheck_20260605,425,42.500000000000334,B06_CFV,cav,not_applicable,8027.051194311062,3.5,30.060910672098128,0.7918276112238906,lane_1,mainline,,normal,none,commit
BASIC-06,basic_01_06_900_bugcheck_20260605,425,42.500000000000334,B06_TLV_CFV,cav,not_applicable,8069.242353260112,3.5,29.956285090833422,-0.792455049900982,lane_1,mainline,,normal,none,commit
BASIC-06,basic_01_06_900_bugcheck_20260605,425,42.500000000000334,B06_TLV_CLV,cav,not_applicable,8111.620001120615,3.5,29.999999533076945,1.945512735801458e-07,lane_1,mainline,,normal,none,commit
BASIC-06,basic_01_06_900_bugcheck_20260605,426,42.600000000000335,B06_MV,cav,not_applicable,7245.943867039393,-3.5,0.013746959268981363,4.0,on_ramp,on_ramp_mv,,normal,not_started,commit
BASIC-06,basic_01_06_900_bugcheck_20260605,426,42.600000000000335,B06_CLV,cav,not_applicable,8121.000000645691,0.0,29.999999730960205,1.1209991441774037e-07,lane_2,mainline,,normal,none,commit
BASIC-06,basic_01_06_900_bugcheck_20260605,426,42.600000000000335,B06_CFV,cav,not_applicable,8030.05285487691,3.5,30.016605658470993,-0.44305013627136225,lane_1,mainline,,normal,none,commit
BASIC-06,basic_01_06_900_bugcheck_20260605,426,42.600000000000335,B06_TLV_CFV,cav,not_applicable,8072.238770773333,3.5,29.96417513220516,0.07890041371737844,lane_1,mainline,,normal,none,commit
BASIC-06,basic_01_06_900_bugcheck_20260605,426,42.600000000000335,B06_TLV_CLV,cav,not_applicable,8114.62000107579,3.5,29.999999551753866,1.8676922195481895e-07,lane_1,mainline,,normal,none,commit
BASIC-06,basic_01_06_900_bugcheck_20260605,427,42.70000000000034,B06_MV,cav,not_applicable,7245.945208873802,-3.5,0.013418344088849591,4.0,on_ramp,on_ramp_mv,,normal,not_started,commit
BASIC-06,basic_01_06_900_bugcheck_20260605,427,42.70000000000034,B06_CLV,cav,not_applicable,8124.000000619863,0.0,29.999999741721798,1.0761591795471759e-07,lane_2,mainline,,normal,none,commit
BASIC-06,basic_01_06_900_bugcheck_20260605,427,42.70000000000034,B06_CFV,cav,not_applicable,8033.058163214369,3.5,30.053083374594245,0.36477716123252185,lane_1,mainline,,normal,none,commit
BASIC-06,basic_01_06_900_bugcheck_20260605,427,42.70000000000034,B06_TLV_CFV,cav,not_applicable,8075.243106562666,3.5,30.043357893327492,0.7918276112233097,lane_1,mainline,,normal,none,commit
BASIC-06,basic_01_06_900_bugcheck_20260605,427,42.70000000000034,B06_TLV_CLV,cav,not_applicable,8117.620001032758,3.5,29.999999569683713,1.792984534176867e-07,lane_1,mainline,,normal,none,commit
BASIC-06,basic_01_06_900_bugcheck_20260605,428,42.80000000000034,B06_MV,cav,not_applicable,7245.946518632233,-3.5,0.01309758431397773,4.0,on_ramp,on_ramp_mv,,normal,not_started,commit
BASIC-06,basic_01_06_900_bugcheck_20260605,428,42.80000000000034,B06_CLV,cav,not_applicable,8127.000000595069,0.0,29.999999752052926,1.033112809523118e-07,lane_2,mainline,,normal,none,commit
BASIC-06,basic_01_06_900_bugcheck_20260605,428,42.80000000000034,B06_CFV,cav,not_applicable,8036.05554700133,3.5,29.97383786960418,-0.792455049900664,lane_1,mainline,,normal,none,commit
BASIC-06,basic_01_06_900_bugcheck_20260605,428,42.80000000000034,B06_TLV_CFV,cav,not_applicable,8078.243011850636,3.5,29.999052879700308,-0.44305013627183754,lane_1,mainline,,normal,none,commit
BASIC-06,basic_01_06_900_bugcheck_20260605,428,42.80000000000034,B06_TLV_CLV,cav,not_applicable,8120.620000991448,3.5,29.999999586896365,1.7212651499676214e-07,lane_1,mainline,,normal,none,commit
BASIC-06,basic_01_06_900_bugcheck_20260605,429,42.90000000000034,B06_MV,cav,not_applicable,7245.94779708145,-3.5,0.01278449216425117,4.0,on_ramp,on_ramp_mv,,normal,not_started,commit
BASIC-06,basic_01_06_900_bugcheck_20260605,429,42.90000000000034,B06_CLV,cav,not_applicable,8130.000000571265,0.0,29.99999976197081,9.917882977106274e-08,lane_2,mainline,,normal,none,commit
BASIC-06,basic_01_06_900_bugcheck_20260605,429,42.90000000000034,B06_CFV,cav,not_applicable,8039.053719792427,3.5,29.98172791097594,0.07890041371763867,lane_1,mainline,,normal,none,commit
BASIC-06,basic_01_06_900_bugcheck_20260605,429,42.90000000000034,B06_TLV_CFV,cav,not_applicable,8081.246564910219,3.5,30.03553059582352,0.364777161232133,lane_1,mainline,,normal,none,commit
BASIC-06,basic_01_06_900_bugcheck_20260605,429,42.90000000000034,B06_TLV_CLV,cav,not_applicable,8123.620000951791,3.5,29.99999960342051,1.652414539421443e-07,lane_1,mainline,,normal,none,commit
BASIC-06,basic_01_06_900_bugcheck_20260605,430,43.00000000000034,B06_MV,cav,not_applicable,7245.949044969884,-3.5,0.01247888434843645,4.0,on_ramp,on_ramp_mv,,normal,not_started,commit
BASIC-06,basic_01_06_900_bugcheck_20260605,430,43.00000000000034,B06_CLV,cav,not_applicable,8133.000000548414,0.0,29.999999771491975,9.521167640968998e-08,lane_2,mainline,,normal,none,commit
BASIC-06,basic_01_06_900_bugcheck_20260605,430,43.00000000000034,B06_CFV,cav,not_applicable,8042.059810859637,3.5,30.060910672098295,0.7918276112235225,lane_1,mainline,,normal,none,commit
BASIC-06,basic_01_06_900_bugcheck_20260605,430,43.00000000000034,B06_TLV_CFV,cav,not_applicable,8084.242193419302,3.5,29.956285090833422,-0.792455049900982,lane_1,mainline,,normal,none,commit
BASIC-06,basic_01_06_900_bugcheck_20260605,430,43.00000000000034,B06_TLV_CLV,cav,not_applicable,8126.620000913719,3.5,29.999999619283688,1.5863179640973614e-07,lane_1,mainline,,normal,none,commit
BASIC-06,basic_01_06_900_bugcheck_20260605,431,43.10000000000034,B06_MV,cav,not_applicable,7245.9502630280795,-3.5,0.012180581956780314,4.0,on_ramp,on_ramp_mv,,normal,not_started,commit
BASIC-06,basic_01_06_900_bugcheck_20260605,431,43.10000000000034,B06_CLV,cav,not_applicable,8136.000000526477,0.0,29.999999780632297,9.140320997857999e-08,lane_2,mainline,,normal,none,commit
BASIC-06,basic_01_06_900_bugcheck_20260605,431,43.10000000000034,B06_CFV,cav,not_applicable,8045.061471425484,3.5,30.01660565847113,-0.44305013627166334,lane_1,mainline,,normal,none,commit
BASIC-06,basic_01_06_900_bugcheck_20260605,431,43.10000000000034,B06_TLV_CFV,cav,not_applicable,8087.2386109325225,3.5,29.96417513220516,0.07890041371737844,lane_1,mainline,,normal,none,commit
BASIC-06,basic_01_06_900_bugcheck_20260605,431,43.10000000000034,B06_TLV_CLV,cav,not_applicable,8129.62000087717,3.5,29.999999634512342,1.5228652472387694e-07,lane_1,mainline,,normal,none,commit
BASIC-06,basic_01_06_900_bugcheck_20260605,432,43.200000000000344,B06_MV,cav,not_applicable,7245.951451969115,-3.5,0.011889410356217697,4.0,on_ramp,on_ramp_mv,,normal,not_started,commit
BASIC-06,basic_01_06_900_bugcheck_20260605,432,43.200000000000344,B06_CLV,cav,not_applicable,8139.000000505418,0.0,29.999999789407006,8.774708106784602e-08,lane_2,mainline,,normal,none,commit
BASIC-06,basic_01_06_900_bugcheck_20260605,432,43.200000000000344,B06_CFV,cav,not_applicable,8048.066779762944,3.5,30.053083374594355,0.3647771612322755,lane_1,mainline,,normal,none,commit
BASIC-06,basic_01_06_900_bugcheck_20260605,432,43.200000000000344,B06_TLV_CFV,cav,not_applicable,8090.242946721855,3.5,30.043357893327492,0.7918276112233097,lane_1,mainline,,normal,none,commit
BASIC-06,basic_01_06_900_bugcheck_20260605,432,43.200000000000344,B06_TLV_CLV,cav,not_applicable,8132.620000842084,3.5,29.999999649131848,1.4619506316648767e-07,lane_1,mainline,,normal,none,commit
BASIC-06,basic_01_06_900_bugcheck_20260605,433,43.300000000000345,B06_MV,cav,not_applicable,7245.9526124890235,-3.5,0.011605199088188644,4.0,on_ramp,on_ramp_mv,,normal,not_started,commit
BASIC-06,basic_01_06_900_bugcheck_20260605,433,43.300000000000345,B06_CLV,cav,not_applicable,8142.000000485201,0.0,29.999999797830725,8.423719748407167e-08,lane_2,mainline,,normal,none,commit
BASIC-06,basic_01_06_900_bugcheck_20260605,433,43.300000000000345,B06_CFV,cav,not_applicable,8051.064163549904,3.5,29.973837869604267,-0.7924550499008655,lane_1,mainline,,normal,none,commit
BASIC-06,basic_01_06_900_bugcheck_20260605,433,43.300000000000345,B06_TLV_CFV,cav,not_applicable,8093.242852009826,3.5,29.999052879700308,-0.44305013627183754,lane_1,mainline,,normal,none,commit
BASIC-06,basic_01_06_900_bugcheck_20260605,433,43.300000000000345,B06_TLV_CLV,cav,not_applicable,8135.620000808401,3.5,29.999999663166573,1.4034726092404526e-07,lane_1,mainline,,normal,none,commit
BASIC-06,basic_01_06_900_bugcheck_20260605,434,43.40000000000035,B06_MV,cav,not_applicable,7245.9537452672,-3.5,0.011327781768846738,4.0,on_ramp,on_ramp_mv,,normal,not_started,commit
BASIC-06,basic_01_06_900_bugcheck_20260605,434,43.40000000000035,B06_CLV,cav,not_applicable,8145.000000465792,0.0,29.999999805917497,8.086771003945614e-08,lane_2,mainline,,normal,none,commit
BASIC-06,basic_01_06_900_bugcheck_20260605,434,43.40000000000035,B06_CFV,cav,not_applicable,8054.062336341001,3.5,29.981727910976016,0.0789004137174738,lane_1,mainline,,normal,none,commit
BASIC-06,basic_01_06_900_bugcheck_20260605,434,43.40000000000035,B06_TLV_CFV,cav,not_applicable,8096.246405069408,3.5,30.03553059582352,0.364777161232133,lane_1,mainline,,normal,none,commit
BASIC-06,basic_01_06_900_bugcheck_20260605,434,43.40000000000035,B06_TLV_CLV,cav,not_applicable,8138.620000776064,3.5,29.99999967663991,1.3473337077130054e-07,lane_1,mainline,,normal,none,commit
BASIC-06,basic_01_06_900_bugcheck_20260605,435,43.50000000000035,B06_MV,cav,not_applicable,7245.954850966799,-3.5,0.011056995991876472,4.0,on_ramp,on_ramp_mv,,normal,not_started,commit
BASIC-06,basic_01_06_900_bugcheck_20260605,435,43.50000000000035,B06_CLV,cav,not_applicable,8148.00000044716,0.0,29.999999813680798,7.763300118313056e-08,lane_2,mainline,,normal,none,commit
BASIC-06,basic_01_06_900_bugcheck_20260605,435,43.50000000000035,B06_CFV,cav,not_applicable,8057.068427408211,3.5,30.060910672098355,0.7918276112233876,lane_1,mainline,,normal,none,commit
BASIC-06,basic_01_06_900_bugcheck_20260605,435,43.50000000000035,B06_TLV_CFV,cav,not_applicable,8099.242033578491,3.5,29.956285090833422,-0.792455049900982,lane_1,mainline,,normal,none,commit
BASIC-06,basic_01_06_900_bugcheck_20260605,435,43.50000000000035,B06_TLV_CLV,cav,not_applicable,8141.620000745022,3.5,29.999999689574313,1.2934403628150904e-07,lane_1,mainline,,normal,none,commit
BASIC-06,basic_01_06_900_bugcheck_20260605,436,43.60000000000035,B06_MV,cav,not_applicable,7245.955930235123,-3.5,0.010792683233049893,4.0,on_ramp,on_ramp_mv,,normal,not_started,commit
BASIC-06,basic_01_06_900_bugcheck_20260605,436,43.60000000000035,B06_CLV,cav,not_applicable,8151.000000429273,0.0,29.999999821133567,7.45276807379014e-08,lane_2,mainline,,normal,none,commit
BASIC-06,basic_01_06_900_bugcheck_20260605,436,43.60000000000035,B06_CFV,cav,not_applicable,8060.070087974059,3.5,30.01660565847118,-0.4430501362717737,lane_1,mainline,,normal,none,commit
BASIC-06,basic_01_06_900_bugcheck_20260605,436,43.60000000000035,B06_TLV_CFV,cav,not_applicable,8102.238451091712,3.5,29.96417513220516,0.07890041371737844,lane_1,mainline,,normal,none,commit
BASIC-06,basic_01_06_900_bugcheck_20260605,436,43.60000000000035,B06_TLV_CLV,cav,not_applicable,8144.620000715221,3.5,29.999999701991342,1.2417027477340526e-07,lane_1,mainline,,normal,none,commit
BASIC-06,basic_01_06_900_bugcheck_20260605,437,43.70000000000035,B06_MV,cav,not_applicable,7245.956983703998,-3.5,0.0105346887576096,4.0,on_ramp,on_ramp_mv,,normal,not_started,commit
BASIC-06,basic_01_06_900_bugcheck_20260605,437,43.70000000000035,B06_CLV,cav,not_applicable,8154.000000412102,0.0,29.999999828288225,7.15465731104814e-08,lane_2,mainline,,normal,none,commit
BASIC-06,basic_01_06_900_bugcheck_20260605,437,43.70000000000035,B06_CFV,cav,not_applicable,8063.0753963115185,3.5,30.053083374594397,0.3647771612321852,lane_1,mainline,,normal,none,commit
BASIC-06,basic_01_06_900_bugcheck_20260605,437,43.70000000000035,B06_TLV_CFV,cav,not_applicable,8105.242786881045,3.5,30.043357893327492,0.7918276112233097,lane_1,mainline,,normal,none,commit
BASIC-06,basic_01_06_900_bugcheck_20260605,437,43.70000000000035,B06_TLV_CLV,cav,not_applicable,8147.620000686612,3.5,29.999999713911688,1.1920346310034802e-07,lane_1,mainline,,normal,none,commit
BASIC-06,basic_01_06_900_bugcheck_20260605,438,43.80000000000035,B06_MV,cav,not_applicable,7245.958011990151,-3.5,0.01028286152982584,4.0,on_ramp,on_ramp_mv,,normal,not_started,commit
BASIC-06,basic_01_06_900_bugcheck_20260605,438,43.80000000000035,B06_CLV,cav,not_applicable,8157.0000003956175,0.0,29.999999835156697,6.868471018606215e-08,lane_2,mainline,,normal,none,commit
BASIC-06,basic_01_06_900_bugcheck_20260605,438,43.80000000000035,B06_CFV,cav,not_applicable,8066.072780098479,3.5,29.973837869604303,-0.7924550499009393,lane_1,mainline,,normal,none,commit
BASIC-06,basic_01_06_900_bugcheck_20260605,438,43.80000000000035,B06_TLV_CFV,cav,not_applicable,8108.242692169015,3.5,29.999052879700308,-0.44305013627183754,lane_1,mainline,,normal,none,commit
BASIC-06,basic_01_06_900_bugcheck_20260605,438,43.80000000000035,B06_TLV_CLV,cav,not_applicable,8150.620000659147,3.5,29.99999972535522,1.144353248605512e-07,lane_1,mainline,,normal,none,commit
BASIC-06,basic_01_06_900_bugcheck_20260605,439,43.900000000000354,B06_MV,cav,not_applicable,7245.959015695564,-3.5,0.010037054124075488,4.0,on_ramp,on_ramp_mv,,normal,not_started,commit
BASIC-06,basic_01_06_900_bugcheck_20260605,439,43.900000000000354,B06_CLV,cav,not_applicable,8160.000000379792,0.0,29.99999984175043,6.593732138071573e-08,lane_2,mainline,,normal,none,commit
BASIC-06,basic_01_06_900_bugcheck_20260605,439,43.900000000000354,B06_CFV,cav,not_applicable,8069.070952889576,3.5,29.981727910976044,0.07890041371741341,lane_1,mainline,,normal,none,commit
BASIC-06,basic_01_06_900_bugcheck_20260605,439,43.900000000000354,B06_TLV_CFV,cav,not_applicable,8111.246245228597,3.5,30.03553059582352,0.364777161232133,lane_1,mainline,,normal,none,commit
BASIC-06,basic_01_06_900_bugcheck_20260605,439,43.900000000000354,B06_TLV_CLV,cav,not_applicable,8153.620000632781,3.5,29.99999973634101,1.0985791192297257e-07,lane_1,mainline,,normal,none,commit
BASIC-06,basic_01_06_900_bugcheck_20260605,440,44.000000000000355,B06_MV,cav,not_applicable,7245.959995407828,-3.5,0.009797122639182178,4.0,on_ramp,on_ramp_mv,,normal,not_started,commit
BASIC-06,basic_01_06_900_bugcheck_20260605,440,44.000000000000355,B06_CLV,cav,not_applicable,8163.0000003646,0.0,29.999999848080414,6.329982795705292e-08,lane_2,mainline,,normal,none,commit
BASIC-06,basic_01_06_900_bugcheck_20260605,440,44.000000000000355,B06_CFV,cav,not_applicable,8072.077043956786,3.5,30.060910672098377,0.7918276112233382,lane_1,mainline,,normal,none,commit
BASIC-06,basic_01_06_900_bugcheck_20260605,440,44.000000000000355,B06_TLV_CFV,cav,not_applicable,8114.24187373768,3.5,29.956285090833422,-0.792455049900982,lane_1,mainline,,normal,none,commit
BASIC-06,basic_01_06_900_bugcheck_20260605,440,44.000000000000355,B06_TLV_CLV,cav,not_applicable,8156.62000060747,3.5,29.99999974688737,1.0546359590080102e-07,lane_1,mainline,,normal,none,commit
BASIC-06,basic_01_06_900_bugcheck_20260605,441,44.10000000000036,B06_MV,cav,not_applicable,7245.960951700489,-3.5,0.0095629266138435,4.0,on_ramp,on_ramp_mv,,normal,not_started,commit
BASIC-06,basic_01_06_900_bugcheck_20260605,441,44.10000000000036,B06_CLV,cav,not_applicable,8166.000000350015,0.0,29.999999854157196,6.076783449771029e-08,lane_2,mainline,,normal,none,commit
BASIC-06,basic_01_06_900_bugcheck_20260605,441,44.10000000000036,B06_CFV,cav,not_applicable,8075.078704522633,3.5,30.016605658471196,-0.4430501362718141,lane_1,mainline,,normal,none,commit
BASIC-06,basic_01_06_900_bugcheck_20260605,441,44.10000000000036,B06_TLV_CFV,cav,not_applicable,8117.238291250901,3.5,29.96417513220516,0.07890041371737844,lane_1,mainline,,normal,none,commit
BASIC-06,basic_01_06_900_bugcheck_20260605,441,44.10000000000036,B06_TLV_CLV,cav,not_applicable,8159.620000583171,3.5,29.999999757011874,1.0124505251951632e-07,lane_1,mainline,,normal,none,commit
BASIC-06,basic_01_06_900_bugcheck_20260605,442,44.20000000000036,B06_MV,cav,not_applicable,7245.9618851333835,-3.5,0.009334328944232298,4.0,on_ramp,on_ramp_mv,,normal,not_started,commit
BASIC-06,basic_01_06_900_bugcheck_20260605,442,44.20000000000036,B06_CLV,cav,not_applicable,8169.000000336015,0.0,29.999999859990908,5.83371217999229e-08,lane_2,mainline,,normal,none,commit
BASIC-06,basic_01_06_900_bugcheck_20260605,442,44.20000000000036,B06_CFV,cav,not_applicable,8078.084012860093,3.5,30.05308337459441,0.36477716123215215,lane_1,mainline,,normal,none,commit
BASIC-06,basic_01_06_900_bugcheck_20260605,442,44.20000000000036,B06_TLV_CFV,cav,not_applicable,8120.242627040234,3.5,30.043357893327492,0.7918276112233097,lane_1,mainline,,normal,none,commit
BASIC-06,basic_01_06_900_bugcheck_20260605,442,44.20000000000036,B06_TLV_CLV,cav,not_applicable,8162.620000559844,3.5,29.9999997667314,9.719525024820541e-08,lane_1,mainline,,normal,none,commit
BASIC-06,basic_01_06_900_bugcheck_20260605,443,44.30000000000036,B06_MV,cav,not_applicable,7245.962796252964,-3.5,0.009111195804206903,4.0,on_ramp,on_ramp_mv,,normal,not_started,commit
BASIC-06,basic_01_06_900_bugcheck_20260605,443,44.30000000000036,B06_CLV,cav,not_applicable,8172.000000322574,0.0,29.99999986559127,5.600363692792598e-08,lane_2,mainline,,normal,none,commit
BASIC-06,basic_01_06_900_bugcheck_20260605,443,44.30000000000036,B06_CFV,cav,not_applicable,8081.081396647053,3.5,29.973837869604314,-0.7924550499009664,lane_1,mainline,,normal,none,commit
BASIC-06,basic_01_06_900_bugcheck_20260605,443,44.30000000000036,B06_TLV_CFV,cav,not_applicable,8123.242532328204,3.5,29.999052879700308,-0.44305013627183754,lane_1,mainline,,normal,none,commit
BASIC-06,basic_01_06_900_bugcheck_20260605,443,44.30000000000036,B06_TLV_CLV,cav,not_applicable,8165.62000053745,3.5,29.999999776062143,9.330744035196404e-08,lane_1,mainline,,normal,none,commit
BASIC-06,basic_01_06_900_bugcheck_20260605,444,44.40000000000036,B06_MV,cav,not_applicable,7245.963685592621,-3.5,0.008893396566391003,4.0,on_ramp,on_ramp_mv,,normal,not_started,commit
BASIC-06,basic_01_06_900_bugcheck_20260605,444,44.40000000000036,B06_CLV,cav,not_applicable,8175.000000309671,0.0,29.99999987096762,5.376349179186946e-08,lane_2,mainline,,normal,none,commit
BASIC-06,basic_01_06_900_bugcheck_20260605,444,44.40000000000036,B06_CFV,cav,not_applicable,8084.07956943815,3.5,29.98172791097605,0.0789004137173912,lane_1,mainline,,normal,none,commit
BASIC-06,basic_01_06_900_bugcheck_20260605,444,44.40000000000036,B06_TLV_CFV,cav,not_applicable,8126.2460853877865,3.5,30.03553059582352,0.364777161232133,lane_1,mainline,,normal,none,commit
BASIC-06,basic_01_06_900_bugcheck_20260605,444,44.40000000000036,B06_TLV_CLV,cav,not_applicable,8168.620000515953,3.5,29.999999785019657,8.957514268104206e-08,lane_1,mainline,,normal,none,commit
BASIC-06,basic_01_06_900_bugcheck_20260605,445,44.50000000000036,B06_MV,cav,not_applicable,7245.964553672994,-3.5,0.00868080372607986,4.0,on_ramp,on_ramp_mv,,normal,not_started,commit
BASIC-06,basic_01_06_900_bugcheck_20260605,445,44.50000000000036,B06_CLV,cav,not_applicable,8178.000000297284,0.0,29.999999876128914,5.1612951779134165e-08,lane_2,mainline,,normal,none,commit
BASIC-06,basic_01_06_900_bugcheck_20260605,445,44.50000000000036,B06_CFV,cav,not_applicable,8087.0856605053605,3.5,30.060910672098384,0.7918276112233201,lane_1,mainline,,normal,none,commit
BASIC-06,basic_01_06_900_bugcheck_20260605,445,44.50000000000036,B06_TLV_CFV,cav,not_applicable,8129.241713896869,3.5,29.956285090833422,-0.792455049900982,lane_1,mainline,,normal,none,commit
BASIC-06,basic_01_06_900_bugcheck_20260605,445,44.50000000000036,B06_TLV_CLV,cav,not_applicable,8171.620000495314,3.5,29.99999979361887,8.599213714433063e-08,lane_1,mainline,,normal,none,commit
BASIC-06,basic_01_06_900_bugcheck_20260605,446,44.600000000000364,B06_MV,cav,not_applicable,7245.965401002277,-3.5,0.008473292826668394,4.0,on_ramp,on_ramp_mv,,normal,not_started,commit
BASIC-06,basic_01_06_900_bugcheck_20260605,446,44.600000000000364,B06_CLV,cav,not_applicable,8181.000000285392,0.0,29.999999881083756,4.9548434333246406e-08,lane_2,mainline,,normal,none,commit
BASIC-06,basic_01_06_900_bugcheck_20260605,446,44.600000000000364,B06_CFV,cav,not_applicable,8090.087321071208,3.5,30.0166056584712,-0.443050136271829,lane_1,mainline,,normal,none,commit
BASIC-06,basic_01_06_900_bugcheck_20260605,446,44.600000000000364,B06_TLV_CFV,cav,not_applicable,8132.23813141009,3.5,29.96417513220516,0.07890041371737844,lane_1,mainline,,normal,none,commit
BASIC-06,basic_01_06_900_bugcheck_20260605,446,44.600000000000364,B06_TLV_CLV,cav,not_applicable,8174.620000475502,3.5,29.999999801874115,8.255245234067843e-08,lane_1,mainline,,normal,none,commit
BASIC-06,basic_01_06_900_bugcheck_20260605,447,44.700000000000365,B06_MV,cav,not_applicable,7245.966228076515,-3.5,0.008270742386601153,4.0,on_ramp,on_ramp_mv,,normal,not_started,commit
BASIC-06,basic_01_06_900_bugcheck_20260605,447,44.700000000000365,B06_CLV,cav,not_applicable,8184.000000273976,0.0,29.999999885840406,4.756649758519416e-08,lane_2,mainline,,normal,none,commit
BASIC-06,basic_01_06_900_bugcheck_20260605,447,44.700000000000365,B06_CFV,cav,not_applicable,8093.092629408668,3.5,30.053083374594415,0.36477716123214,lane_1,mainline,,normal,none,commit
BASIC-06,basic_01_06_900_bugcheck_20260605,447,44.700000000000365,B06_TLV_CFV,cav,not_applicable,8135.242467199423,3.5,30.043357893327492,0.7918276112233097,lane_1,mainline,,normal,none,commit
BASIC-06,basic_01_06_900_bugcheck_20260605,447,44.700000000000365,B06_TLV_CLV,cav,not_applicable,8177.620000456482,3.5,29.99999980979915,7.925035419020788e-08,lane_1,mainline,,normal,none,commit
BASIC-06,basic_01_06_900_bugcheck_20260605,448,44.80000000000037,B06_MV,cav,not_applicable,7245.967035379898,-3.5,0.008073033828278977,4.0,on_ramp,on_ramp_mv,,normal,not_started,commit
BASIC-06,basic_01_06_900_bugcheck_20260605,448,44.80000000000037,B06_CLV,cav,not_applicable,8187.000000263017,0.0,29.99999989040679,4.566383751125614e-08,lane_2,mainline,,normal,none,commit
BASIC-06,basic_01_06_900_bugcheck_20260605,448,44.80000000000037,B06_CFV,cav,not_applicable,8096.090013195628,3.5,29.973837869604317,-0.7924550499009764,lane_1,mainline,,normal,none,commit
BASIC-06,basic_01_06_900_bugcheck_20260605,448,44.80000000000037,B06_TLV_CFV,cav,not_applicable,8138.242372487393,3.5,29.999052879700308,-0.44305013627183754,lane_1,mainline,,normal,none,commit
BASIC-06,basic_01_06_900_bugcheck_20260605,448,44.80000000000037,B06_TLV_CLV,cav,not_applicable,8180.620000438223,3.5,29.999999817407183,7.608034024997323e-08,lane_1,mainline,,normal,none,commit
BASIC-06,basic_01_06_900_bugcheck_20260605,449,44.90000000000037,B06_MV,cav,not_applicable,7245.967823385039,-3.5,0.00788005140827012,4.0,on_ramp,on_ramp_mv,,normal,not_started,commit
BASIC-06,basic_01_06_900_bugcheck_20260605,449,44.90000000000037,B06_CLV,cav,not_applicable,8190.000000252496,0.0,29.99999989479052,4.3837283669745376e-08,lane_2,mainline,,normal,none,commit
BASIC-06,basic_01_06_900_bugcheck_20260605,449,44.90000000000037,B06_CFV,cav,not_applicable,8099.088185986725,3.5,29.981727910976055,0.07890041371738299,lane_1,mainline,,normal,none,commit
BASIC-06,basic_01_06_900_bugcheck_20260605,449,44.90000000000037,B06_TLV_CFV,cav,not_applicable,8141.245925546976,3.5,30.03553059582352,0.364777161232133,lane_1,mainline,,normal,none,commit
BASIC-06,basic_01_06_900_bugcheck_20260605,449,44.90000000000037,B06_TLV_CLV,cav,not_applicable,8183.620000420694,3.5,29.999999824710894,7.30371269241914e-08,lane_1,mainline,,normal,none,commit
BASIC-06,basic_01_06_900_bugcheck_20260605,450,45.00000000000037,B06_MV,cav,not_applicable,7245.968592553254,-3.5,0.007691682150565136,4.0,on_ramp,on_ramp_mv,,normal,not_started,commit
BASIC-06,basic_01_06_900_bugcheck_20260605,450,45.00000000000037,B06_CLV,cav,not_applicable,8193.000000242395,0.0,29.999999898998897,4.2083792095581886e-08,lane_2,mainline,,normal,none,commit
BASIC-06,basic_01_06_900_bugcheck_20260605,450,45.00000000000037,B06_CFV,cav,not_applicable,8102.094277053935,3.5,30.060910672098387,0.7918276112233134,lane_1,mainline,,normal,none,commit
BASIC-06,basic_01_06_900_bugcheck_20260605,450,45.00000000000037,B06_TLV_CFV,cav,not_applicable,8144.241554056059,3.5,29.956285090833422,-0.792455049900982,lane_1,mainline,,normal,none,commit
BASIC-06,basic_01_06_900_bugcheck_20260605,450,45.00000000000037,B06_TLV_CLV,cav,not_applicable,8186.6200004038665,3.5,29.99999983172246,7.011564235881451e-08,lane_1,mainline,,normal,none,commit
BASIC-06,basic_01_06_900_bugcheck_20260605,451,45.10000000000037,B06_MV,cav,not_applicable,7245.969343334832,-3.5,0.007507815779396928,4.0,on_ramp,on_ramp_mv,,normal,not_started,commit
BASIC-06,basic_01_06_900_bugcheck_20260605,451,45.10000000000037,B06_CLV,cav,not_applicable,8196.0000002327,0.0,29.99999990303894,4.040044103703622e-08,lane_2,mainline,,normal,none,commit
BASIC-06,basic_01_06_900_bugcheck_20260605,451,45.10000000000037,B06_CFV,cav,not_applicable,8105.0959376197825,3.5,30.016605658471203,-0.44305013627183454,lane_1,mainline,,normal,none,commit
BASIC-06,basic_01_06_900_bugcheck_20260605,451,45.10000000000037,B06_TLV_CFV,cav,not_applicable,8147.23797156928,3.5,29.96417513220516,0.07890041371737844,lane_1,mainline,,normal,none,commit
BASIC-06,basic_01_06_900_bugcheck_20260605,451,45.10000000000037,B06_TLV_CLV,cav,not_applicable,8189.620000387712,3.5,29.99999983845356,6.731101649393168e-08,lane_1,mainline,,normal,none,commit
BASIC-06,basic_01_06_900_bugcheck_20260605,452,45.20000000000037,B06_MV,cav,not_applicable,7245.9700761692975,-3.5,0.007328344655104566,4.0,on_ramp,on_ramp_mv,,normal,not_started,commit
BASIC-06,basic_01_06_900_bugcheck_20260605,452,45.20000000000037,B06_CLV,cav,not_applicable,8199.000000223392,0.0,29.99999990691738,3.878442385030212e-08,lane_2,mainline,,normal,none,commit
BASIC-06,basic_01_06_900_bugcheck_20260605,452,45.20000000000037,B06_CFV,cav,not_applicable,8108.101245957242,3.5,30.053083374594415,0.36477716123213544,lane_1,mainline,,normal,none,commit
BASIC-06,basic_01_06_900_bugcheck_20260605,452,45.20000000000037,B06_TLV_CFV,cav,not_applicable,8150.242307358612,3.5,30.043357893327492,0.7918276112233097,lane_1,mainline,,normal,none,commit
BASIC-06,basic_01_06_900_bugcheck_20260605,452,45.20000000000037,B06_TLV_CLV,cav,not_applicable,8192.620000372204,3.5,29.99999984491542,6.461857537942706e-08,lane_1,mainline,,normal,none,commit
BASIC-06,basic_01_06_900_bugcheck_20260605,453,45.300000000000374,B06_MV,cav,not_applicable,7245.970791485669,-3.5,0.007153163711301551,4.0,on_ramp,on_ramp_mv,,normal,not_started,commit
BASIC-06,basic_01_06_900_bugcheck_20260605,453,45.300000000000374,B06_CLV,cav,not_applicable,8202.000000214455,0.0,29.999999910640685,3.7233047578411064e-08,lane_2,mainline,,normal,none,commit
BASIC-06,basic_01_06_900_bugcheck_20260605,453,45.300000000000374,B06_CFV,cav,not_applicable,8111.098629744202,3.5,29.973837869604317,-0.79245504990098,lane_1,mainline,,normal,none,commit
BASIC-06,basic_01_06_900_bugcheck_20260605,453,45.300000000000374,B06_TLV_CFV,cav,not_applicable,8153.242212646583,3.5,29.999052879700308,-0.44305013627183754,lane_1,mainline,,normal,none,commit
BASIC-06,basic_01_06_900_bugcheck_20260605,453,45.300000000000374,B06_TLV_CLV,cav,not_applicable,8195.620000357316,3.5,29.9999998511188,6.203383264846707e-08,lane_1,mainline,,normal,none,commit
BASIC-06,basic_01_06_900_bugcheck_20260605,454,45.400000000000375,B06_MV,cav,not_applicable,7245.971489702708,-3.5,0.006982170392913743,4.0,on_ramp,on_ramp_mv,,normal,not_started,commit
BASIC-06,basic_01_06_900_bugcheck_20260605,454,45.400000000000375,B06_CLV,cav,not_applicable,8205.000000205877,0.0,29.999999914215056,3.5743725845804876e-08,lane_2,mainline,,normal,none,commit
BASIC-06,basic_01_06_900_bugcheck_20260605,454,45.400000000000375,B06_CFV,cav,not_applicable,8114.0968025352995,3.5,29.981727910976055,0.07890041371737999,lane_1,mainline,,normal,none,commit
BASIC-06,basic_01_06_900_bugcheck_20260605,454,45.400000000000375,B06_TLV_CFV,cav,not_applicable,8156.245765706165,3.5,30.03553059582352,0.364777161232133,lane_1,mainline,,normal,none,commit
BASIC-06,basic_01_06_900_bugcheck_20260605,454,45.400000000000375,B06_TLV_CLV,cav,not_applicable,8198.620000343024,3.5,29.999999857074048,5.9552479569902064e-08,lane_1,mainline,,normal,none,commit
BASIC-06,basic_01_06_900_bugcheck_20260605,455,45.50000000000038,B06_MV,cav,not_applicable,7245.9721712291675,-3.5,0.006815264596826198,4.0,on_ramp,on_ramp_mv,,normal,not_started,commit
BASIC-06,basic_01_06_900_bugcheck_20260605,455,45.50000000000038,B06_CLV,cav,not_applicable,8208.000000197642,0.0,29.999999917646456,3.431397743725029e-08,lane_2,mainline,,normal,none,commit
BASIC-06,basic_01_06_900_bugcheck_20260605,455,45.50000000000038,B06_CFV,cav,not_applicable,8117.1028936025095,3.5,30.060910672098387,0.7918276112233109,lane_1,mainline,,normal,none,commit
BASIC-06,basic_01_06_900_bugcheck_20260605,455,45.50000000000038,B06_TLV_CFV,cav,not_applicable,8159.241394215248,3.5,29.956285090833422,-0.792455049900982,lane_1,mainline,,normal,none,commit
BASIC-06,basic_01_06_900_bugcheck_20260605,455,45.50000000000038,B06_TLV_CLV,cav,not_applicable,8201.620000329303,3.5,29.999999862791086,5.7170380785009916e-08,lane_1,mainline,,normal,none,commit
BASIC-06,basic_01_06_900_bugcheck_20260605,456,45.60000000000038,B06_MV,cav,not_applicable,7245.972836464029,-3.5,0.006652348612312609,4.0,on_ramp,on_ramp_mv,,normal,not_started,commit
BASIC-06,basic_01_06_900_bugcheck_20260605,456,45.60000000000038,B06_CLV,cav,not_applicable,8211.000000189737,0.0,29.999999920940596,3.294141777132609e-08,lane_2,mainline,,normal,none,commit
BASIC-06,basic_01_06_900_bugcheck_20260605,456,45.60000000000038,B06_CFV,cav,not_applicable,8120.104554168357,3.5,30.016605658471203,-0.44305013627183654,lane_1,mainline,,normal,none,commit
BASIC-06,basic_01_06_900_bugcheck_20260605,456,45.60000000000038,B06_TLV_CFV,cav,not_applicable,8162.237811728469,3.5,29.96417513220516,0.07890041371737844,lane_1,mainline,,normal,none,commit
BASIC-06,basic_01_06_900_bugcheck_20260605,456,45.60000000000038,B06_TLV_CLV,cav,not_applicable,8204.620000316132,3.5,29.999999868279442,5.488356578098319e-08,lane_1,mainline,,normal,none,commit
BASIC-06,basic_01_06_900_bugcheck_20260605,457,45.70000000000038,B06_MV,cav,not_applicable,7245.973485796735,-3.5,0.006493327064725904,4.0,on_ramp,on_ramp_mv,,normal,not_started,commit
BASIC-06,basic_01_06_900_bugcheck_20260605,457,45.70000000000038,B06_CLV,cav,not_applicable,8214.000000182148,0.0,29.999999924102973,3.162376174259407e-08,lane_2,mainline,,normal,none,commit
BASIC-06,basic_01_06_900_bugcheck_20260605,457,45.70000000000038,B06_CFV,cav,not_applicable,8123.109862505817,3.5,30.053083374594415,0.3647771612321338,lane_1,mainline,,normal,none,commit
BASIC-06,basic_01_06_900_bugcheck_20260605,457,45.70000000000038,B06_TLV_CFV,cav,not_applicable,8165.242147517802,3.5,30.043357893327492,0.7918276112233097,lane_1,mainline,,normal,none,commit
BASIC-06,basic_01_06_900_bugcheck_20260605,457,45.70000000000038,B06_TLV_CLV,cav,not_applicable,8207.620000303486,3.5,29.999999873548266,5.268822320658728e-08,lane_1,mainline,,normal,none,commit
BASIC-06,basic_01_06_900_bugcheck_20260605,458,45.80000000000038,B06_MV,cav,not_applicable,7245.974119607421,-3.5,0.006338106859188841,4.0,on_ramp,on_ramp_mv,,normal,not_started,commit
BASIC-06,basic_01_06_900_bugcheck_20260605,458,45.80000000000038,B06_CLV,cav,not_applicable,8217.000000174861,0.0,29.999999927138855,3.035881093182979e-08,lane_2,mainline,,normal,none,commit
BASIC-06,basic_01_06_900_bugcheck_20260605,458,45.80000000000038,B06_CFV,cav,not_applicable,8126.107246292777,3.5,29.973837869604317,-0.7924550499009815,lane_1,mainline,,normal,none,commit
BASIC-06,basic_01_06_900_bugcheck_20260605,458,45.80000000000038,B06_TLV_CFV,cav,not_applicable,8168.242052805772,3.5,29.999052879700308,-0.44305013627183754,lane_1,mainline,,normal,none,commit
BASIC-06,basic_01_06_900_bugcheck_20260605,458,45.80000000000038,B06_TLV_CLV,cav,not_applicable,8210.620000291347,3.5,29.999999878606335,5.0580693766733026e-08,lane_1,mainline,,normal,none,commit
BASIC-06,basic_01_06_900_bugcheck_20260605,459,45.90000000000038,B06_MV,cav,not_applicable,7245.974738267134,-3.5,0.00618659712624131,4.0,on_ramp,on_ramp_mv,,normal,not_started,commit
BASIC-06,basic_01_06_900_bugcheck_20260605,459,45.90000000000038,B06_CLV,cav,not_applicable,8220.000000167867,0.0,29.999999930053303,2.9144457869278997e-08,lane_2,mainline,,normal,none,commit
BASIC-06,basic_01_06_900_bugcheck_20260605,459,45.90000000000038,B06_CFV,cav,not_applicable,8129.105419083874,3.5,29.981727910976055,0.07890041371737888,lane_1,mainline,,normal,none,commit
BASIC-06,basic_01_06_900_bugcheck_20260605,459,45.90000000000038,B06_TLV_CFV,cav,not_applicable,8171.245605865354,3.5,30.03553059582352,0.364777161232133,lane_1,mainline,,normal,none,commit
BASIC-06,basic_01_06_900_bugcheck_20260605,459,45.90000000000038,B06_TLV_CLV,cav,not_applicable,8213.620000279692,3.5,29.99999988346208,4.8557465959220286e-08,lane_1,mainline,,normal,none,commit
BASIC-06,basic_01_06_900_bugcheck_20260605,460,46.000000000000384,B06_MV,cav,not_applicable,7245.975342138051,-3.5,0.006038709168574676,4.0,on_ramp,on_ramp_mv,,normal,not_started,commit
BASIC-06,basic_01_06_900_bugcheck_20260605,460,46.000000000000384,B06_CLV,cav,not_applicable,8223.000000161152,0.0,29.99999993285117,2.7978678929230227e-08,lane_2,mainline,,normal,none,commit
BASIC-06,basic_01_06_900_bugcheck_20260605,460,46.000000000000384,B06_CFV,cav,not_applicable,8132.111510151084,3.5,30.060910672098387,0.79182761122331,lane_1,mainline,,normal,none,commit
BASIC-06,basic_01_06_900_bugcheck_20260605,460,46.000000000000384,B06_TLV_CFV,cav,not_applicable,8174.241234374437,3.5,29.956285090833422,-0.792455049900982,lane_1,mainline,,normal,none,commit
BASIC-06,basic_01_06_900_bugcheck_20260605,460,46.000000000000384,B06_TLV_CLV,cav,not_applicable,8216.620000268505,3.5,29.999999888123597,4.661516754822515e-08,lane_1,mainline,,normal,none,commit
BASIC-06,basic_01_06_900_bugcheck_20260605,461,46.100000000000385,B06_MV,cav,not_applicable,7245.975931573692,-3.5,0.005894356409288007,4.0,on_ramp,on_ramp_mv,,normal,not_started,commit
BASIC-06,basic_01_06_900_bugcheck_20260605,461,46.100000000000385,B06_CLV,cav,not_applicable,8226.000000154705,0.0,29.999999935537126,2.6859531487843924e-08,lane_2,mainline,,normal,none,commit
BASIC-06,basic_01_06_900_bugcheck_20260605,461,46.100000000000385,B06_CFV,cav,not_applicable,8135.113170716932,3.5,30.016605658471203,-0.4430501362718372,lane_1,mainline,,normal,none,commit
BASIC-06,basic_01_06_900_bugcheck_20260605,461,46.100000000000385,B06_TLV_CFV,cav,not_applicable,8177.237651887658,3.5,29.96417513220516,0.07890041371737844,lane_1,mainline,,normal,none,commit
BASIC-06,basic_01_06_900_bugcheck_20260605,461,46.100000000000385,B06_TLV_CLV,cav,not_applicable,8219.620000257766,3.5,29.99999989259865,4.4750561301043494e-08,lane_1,mainline,,normal,none,commit
BASIC-06,basic_01_06_900_bugcheck_20260605,462,46.20000000000039,B06_MV,cav,not_applicable,7245.976506919126,-3.5,0.005753454341013945,4.0,on_ramp,on_ramp_mv,,normal,not_started,commit
BASIC-06,basic_01_06_900_bugcheck_20260605,462,46.20000000000039,B06_CLV,cav,not_applicable,8229.000000148517,0.0,29.99999993811564,2.578514965989598e-08,lane_2,mainline,,normal,none,commit
BASIC-06,basic_01_06_900_bugcheck_20260605,462,46.20000000000039,B06_CFV,cav,not_applicable,8138.118479054391,3.5,30.053083374594415,0.3647771612321332,lane_1,mainline,,normal,none,commit
BASIC-06,basic_01_06_900_bugcheck_20260605,462,46.20000000000039,B06_TLV_CFV,cav,not_applicable,8180.241987676991,3.5,30.043357893327492,0.7918276112233097,lane_1,mainline,,normal,none,commit
BASIC-06,basic_01_06_900_bugcheck_20260605,462,46.20000000000039,B06_TLV_CLV,cav,not_applicable,8222.620000247456,3.5,29.999999896894707,4.2960539303749104e-08,lane_1,mainline,,normal,none,commit
BASIC-06,basic_01_06_900_bugcheck_20260605,463,46.30000000000039,B06_MV,cav,not_applicable,7245.9770685111735,-3.5,0.005615920476349037,4.0,on_ramp,on_ramp_mv,,normal,not_started,commit
BASIC-06,basic_01_06_900_bugcheck_20260605,463,46.30000000000039,B06_CLV,cav,not_applicable,8232.000000142576,0.0,29.999999940591014,2.475374429877775e-08,lane_2,mainline,,normal,none,commit
BASIC-06,basic_01_06_900_bugcheck_20260605,463,46.30000000000039,B06_CFV,cav,not_applicable,8141.115862841351,3.5,29.973837869604317,-0.7924550499009819,lane_1,mainline,,normal,none,commit
BASIC-06,basic_01_06_900_bugcheck_20260605,463,46.30000000000039,B06_TLV_CFV,cav,not_applicable,8183.241892964961,3.5,29.999052879700308,-0.44305013627183754,lane_1,mainline,,normal,none,commit
BASIC-06,basic_01_06_900_bugcheck_20260605,463,46.30000000000039,B06_TLV_CLV,cav,not_applicable,8225.620000237557,3.5,29.999999901018917,4.1242117276851786e-08,lane_1,mainline,,normal,none,commit
BASIC-06,basic_01_06_900_bugcheck_20260605,464,46.40000000000039,B06_MV,cav,not_applicable,7245.977616678603,-3.5,0.005481674300023356,4.0,on_ramp,on_ramp_mv,,normal,not_started,commit
BASIC-06,basic_01_06_900_bugcheck_20260605,464,46.40000000000039,B06_CLV,cav,not_applicable,8235.000000136873,0.0,29.999999942967374,2.376359446998322e-08,lane_2,mainline,,normal,none,commit
BASIC-06,basic_01_06_900_bugcheck_20260605,464,46.40000000000039,B06_CFV,cav,not_applicable,8144.114035632449,3.5,29.981727910976055,0.07890041371737855,lane_1,mainline,,normal,none,commit
BASIC-06,basic_01_06_900_bugcheck_20260605,464,46.40000000000039,B06_TLV_CFV,cav,not_applicable,8186.2454460245435,3.5,30.03553059582352,0.364777161232133,lane_1,mainline,,normal,none,commit
BASIC-06,basic_01_06_900_bugcheck_20260605,464,46.40000000000039,B06_TLV_CLV,cav,not_applicable,8228.620000228055,3.5,29.99999990497816,3.959243315421191e-08,lane_1,mainline,,normal,none,commit
BASIC-06,basic_01_06_900_bugcheck_20260605,465,46.50000000000039,B06_MV,cav,not_applicable,7245.978151742325,-3.5,0.005350637221070117,4.0,on_ramp,on_ramp_mv,,normal,not_started,commit
BASIC-06,basic_01_06_900_bugcheck_20260605,465,46.50000000000039,B06_CLV,cav,not_applicable,8238.000000131398,0.0,29.99999994524868,2.281305029327996e-08,lane_2,mainline,,normal,none,commit
BASIC-06,basic_01_06_900_bugcheck_20260605,465,46.50000000000039,B06_CFV,cav,not_applicable,8147.119800466844,3.5,30.057648343957485,0.7592043298142955,lane_1,mainline,,normal,none,commit
BASIC-06,basic_01_06_900_bugcheck_20260605,465,46.50000000000039,B06_TLV_CFV,cav,not_applicable,8189.2410745336265,3.5,29.956285090833422,-0.792455049900982,lane_1,mainline,,normal,none,commit
BASIC-06,basic_01_06_900_bugcheck_20260605,465,46.50000000000039,B06_TLV_CLV,cav,not_applicable,8231.620000218933,3.5,29.999999908779035,3.800873571435659e-08,lane_1,mainline,,normal,none,commit
BASIC-06,basic_01_06_900_bugcheck_20260605,466,46.60000000000039,B06_MV,cav,not_applicable,7245.978674015578,-3.5,0.005222732527386827,4.0,on_ramp,on_ramp_mv,,normal,not_started,commit
BASIC-06,basic_01_06_900_bugcheck_20260605,466,46.60000000000039,B06_CLV,cav,not_applicable,8241.000000126141,0.0,29.99999994743873,2.1900528679452694e-08,lane_2,mainline,,normal,none,commit
BASIC-06,basic_01_06_900_bugcheck_20260605,466,46.60000000000039,B06_CFV,cav,not_applicable,8150.12086788212,3.5,30.010674152760473,-0.46974191197012183,lane_1,mainline,,normal,none,commit
BASIC-06,basic_01_06_900_bugcheck_20260605,466,46.60000000000039,B06_TLV_CFV,cav,not_applicable,8192.237492046846,3.5,29.96417513220516,0.07890041371737844,lane_1,mainline,,normal,none,commit
BASIC-06,basic_01_06_900_bugcheck_20260605,466,46.60000000000039,B06_TLV_CLV,cav,not_applicable,8234.620000210176,3.5,29.999999912427874,3.648838600156524e-08,lane_1,mainline,,normal,none,commit
BASIC-06,basic_01_06_900_bugcheck_20260605,467,46.700000000000394,B06_MV,cav,not_applicable,7245.979183804112,-3.5,0.005097885340731232,4.0,on_ramp,on_ramp_mv,,normal,not_started,commit
BASIC-06,basic_01_06_900_bugcheck_20260605,467,46.700000000000394,B06_CLV,cav,not_applicable,8244.000000121096,0.0,29.99999994954118,2.1024507645961424e-08,lane_2,mainline,,normal,none,commit
BASIC-06,basic_01_06_900_bugcheck_20260605,467,46.700000000000394,B06_CFV,cav,not_applicable,8153.125364681753,3.5,30.044967996326555,0.34293843566080945,lane_1,mainline,,normal,none,commit
BASIC-06,basic_01_06_900_bugcheck_20260605,467,46.700000000000394,B06_TLV_CFV,cav,not_applicable,8195.241827836178,3.5,30.043357893327492,0.7918276112233097,lane_1,mainline,,normal,none,commit
BASIC-06,basic_01_06_900_bugcheck_20260605,467,46.700000000000394,B06_TLV_CLV,cav,not_applicable,8237.620000201769,3.5,29.999999915930758,3.502885022044211e-08,lane_1,mainline,,normal,none,commit
BASIC-06,basic_01_06_900_bugcheck_20260605,468,46.800000000000395,B06_MV,cav,not_applicable,7245.979681406369,-3.5,0.004976022572586933,4.0,on_ramp,on_ramp_mv,,normal,not_started,commit
BASIC-06,basic_01_06_900_bugcheck_20260605,468,46.800000000000395,B06_CLV,cav,not_applicable,8247.000000116252,0.0,29.999999951559534,2.0183527738026896e-08,lane_2,mainline,,normal,none,commit
BASIC-06,basic_01_06_900_bugcheck_20260605,468,46.800000000000395,B06_CFV,cav,not_applicable,8156.121758250405,3.5,29.963935686516987,-0.8103230980957012,lane_1,mainline,,normal,none,commit
BASIC-06,basic_01_06_900_bugcheck_20260605,468,46.800000000000395,B06_TLV_CFV,cav,not_applicable,8198.241733124149,3.5,29.999052879700308,-0.44305013627183754,lane_1,mainline,,normal,none,commit
BASIC-06,basic_01_06_900_bugcheck_20260605,468,46.800000000000395,B06_TLV_CLV,cav,not_applicable,8240.620000193698,3.5,29.99999991929353,3.3627696893745455e-08,lane_1,mainline,,normal,none,commit
BASIC-06,basic_01_06_900_bugcheck_20260605,469,46.9000000000004,B06_MV,cav,not_applicable,7245.980167113657,-3.5,0.004857072881768267,4.0,on_ramp,on_ramp_mv,,normal,not_started,commit
BASIC-06,basic_01_06_900_bugcheck_20260605,469,46.9000000000004,B06_CLV,cav,not_applicable,8250.0000001116,0.0,29.999999953497152,1.9376186344288728e-08,lane_2,mainline,,normal,none,commit
BASIC-06,basic_01_06_900_bugcheck_20260605,469,46.9000000000004,B06_CFV,cav,not_applicable,8159.118794630072,3.5,29.970363796672792,0.06428110155806266,lane_1,mainline,,normal,none,commit
BASIC-06,basic_01_06_900_bugcheck_20260605,469,46.9000000000004,B06_TLV_CFV,cav,not_applicable,8201.24528618373,3.5,30.03553059582352,0.364777161232133,lane_1,mainline,,normal,none,commit
BASIC-06,basic_01_06_900_bugcheck_20260605,469,46.9000000000004,B06_TLV_CLV,cav,not_applicable,8243.62000018595,3.5,29.999999922521788,3.228258833587461e-08,lane_1,mainline,,normal,none,commit
BASIC-06,basic_01_06_900_bugcheck_20260605,470,47.0000000000004,B06_MV,cav,not_applicable,7245.980641210321,-3.5,0.004740966632460028,4.0,on_ramp,on_ramp_mv,,normal,not_started,commit
BASIC-06,basic_01_06_900_bugcheck_20260605,470,47.0000000000004,B06_CLV,cav,not_applicable,8253.000000107137,0.0,29.999999955357268,1.8601139117890853e-08,lane_2,mainline,,normal,none,commit
BASIC-06,basic_01_06_900_bugcheck_20260605,470,47.0000000000004,B06_CFV,cav,not_applicable,8162.123629673298,3.5,30.048350432254814,0.7798663558202331,lane_1,mainline,,normal,none,commit
BASIC-06,basic_01_06_900_bugcheck_20260605,470,47.0000000000004,B06_TLV_CFV,cav,not_applicable,8204.240914692813,3.5,29.956285090833422,-0.792455049900982,lane_1,mainline,,normal,none,commit
BASIC-06,basic_01_06_900_bugcheck_20260605,470,47.0000000000004,B06_TLV_CLV,cav,not_applicable,8246.620000178513,3.5,29.999999925620916,3.0991284916126464e-08,lane_1,mainline,,normal,none,commit
BASIC-06,basic_01_06_900_bugcheck_20260605,471,47.1000000000004,B06_MV,cav,not_applicable,7245.981103973906,-3.5,0.004627635853344225,4.0,on_ramp,on_ramp_mv,,normal,not_started,commit
BASIC-06,basic_01_06_900_bugcheck_20260605,471,47.1000000000004,B06_CLV,cav,not_applicable,8256.000000102851,0.0,29.999999957142975,1.785709287105419e-08,lane_2,mainline,,normal,none,commit
BASIC-06,basic_01_06_900_bugcheck_20260605,471,47.1000000000004,B06_CFV,cav,not_applicable,8165.123936350344,3.5,30.00306677045829,-0.45283661796526375,lane_1,mainline,,normal,none,commit
BASIC-06,basic_01_06_900_bugcheck_20260605,471,47.1000000000004,B06_TLV_CFV,cav,not_applicable,8207.237332206034,3.5,29.96417513220516,0.07890041371737844,lane_1,mainline,,normal,none,commit
BASIC-06,basic_01_06_900_bugcheck_20260605,471,47.1000000000004,B06_TLV_CLV,cav,not_applicable,8249.620000171373,3.5,29.99999992859608,2.975163369001166e-08,lane_1,mainline,,normal,none,commit
BASIC-06,basic_01_06_900_bugcheck_20260605,472,47.2000000000004,B06_MV,cav,not_applicable,7245.981555675326,-3.5,0.00451701419803132,4.0,on_ramp,on_ramp_mv,,normal,not_started,commit
BASIC-06,basic_01_06_900_bugcheck_20260605,472,47.2000000000004,B06_CLV,cav,not_applicable,8259.000000098737,0.0,29.999999958857256,1.714280983833305e-08,lane_2,mainline,,normal,none,commit
BASIC-06,basic_01_06_900_bugcheck_20260605,472,47.2000000000004,B06_CFV,cav,not_applicable,8168.127810727788,3.5,30.03874377444295,0.35677003984660244,lane_1,mainline,,normal,none,commit
BASIC-06,basic_01_06_900_bugcheck_20260605,472,47.2000000000004,B06_TLV_CFV,cav,not_applicable,8210.241667995366,3.5,30.043357893327492,0.7918276112233097,lane_1,mainline,,normal,none,commit
BASIC-06,basic_01_06_900_bugcheck_20260605,472,47.2000000000004,B06_TLV_CLV,cav,not_applicable,8252.62000016452,3.5,29.999999931452237,2.8561568399254614e-08,lane_1,mainline,,normal,none,commit
BASIC-06,basic_01_06_900_bugcheck_20260605,473,47.3000000000004,B06_MV,cav,not_applicable,7245.981996579017,-3.5,0.004409036906143687,4.0,on_ramp,on_ramp_mv,,normal,not_started,commit
BASIC-06,basic_01_06_900_bugcheck_20260605,473,47.3000000000004,B06_CLV,cav,not_applicable,8262.000000094788,0.0,29.999999960502965,1.6457097729016824e-08,lane_2,mainline,,normal,none,commit
BASIC-06,basic_01_06_900_bugcheck_20260605,473,47.3000000000004,B06_CFV,cav,not_applicable,8171.123695041922,3.5,29.95884314133949,-0.799006331034598,lane_1,mainline,,normal,none,commit
BASIC-06,basic_01_06_900_bugcheck_20260605,473,47.3000000000004,B06_TLV_CFV,cav,not_applicable,8213.241573283336,3.5,29.999052879700308,-0.44305013627183754,lane_1,mainline,,normal,none,commit
BASIC-06,basic_01_06_900_bugcheck_20260605,473,47.3000000000004,B06_TLV_CLV,cav,not_applicable,8255.620000157938,3.5,29.999999934194147,2.7419105208537076e-08,lane_1,mainline,,normal,none,commit
BASIC-06,basic_01_06_900_bugcheck_20260605,474,47.400000000000404,B06_MV,cav,not_applicable,7245.982426943093,-3.5,0.0043036407650513114,4.0,on_ramp,on_ramp_mv,,normal,not_started,commit
BASIC-06,basic_01_06_900_bugcheck_20260605,474,47.400000000000404,B06_CLV,cav,not_applicable,8265.000000090995,0.0,29.999999962082846,1.5798813990386406e-08,lane_2,mainline,,normal,none,commit
BASIC-06,basic_01_06_900_bugcheck_20260605,474,47.400000000000404,B06_CFV,cav,not_applicable,8174.120314758801,3.5,29.966197168800296,0.07354027460805634,lane_1,mainline,,normal,none,commit
BASIC-06,basic_01_06_900_bugcheck_20260605,474,47.400000000000404,B06_TLV_CFV,cav,not_applicable,8216.245126342918,3.5,30.03553059582352,0.364777161232133,lane_1,mainline,,normal,none,commit
BASIC-06,basic_01_06_900_bugcheck_20260605,474,47.400000000000404,B06_TLV_CLV,cav,not_applicable,8258.62000015162,3.5,29.99999993682638,2.6322341284412688e-08,lane_1,mainline,,normal,none,commit
BASIC-06,basic_01_06_900_bugcheck_20260605,475,47.500000000000405,B06_MV,cav,not_applicable,7245.9828470195,-3.5,0.004200764073781591,4.0,on_ramp,on_ramp_mv,,normal,not_started,commit
BASIC-06,basic_01_06_900_bugcheck_20260605,475,47.500000000000405,B06_CLV,cav,not_applicable,8268.000000087355,0.0,29.99999996359953,1.5166861544457788e-08,lane_2,mainline,,normal,none,commit
BASIC-06,basic_01_06_900_bugcheck_20260605,475,47.500000000000405,B06_CFV,cav,not_applicable,8177.12480889611,3.5,30.04494137308641,0.7874420428611371,lane_1,mainline,,normal,none,commit
BASIC-06,basic_01_06_900_bugcheck_20260605,475,47.500000000000405,B06_TLV_CFV,cav,not_applicable,8219.240754852,3.5,29.956285090833422,-0.792455049900982,lane_1,mainline,,normal,none,commit
BASIC-06,basic_01_06_900_bugcheck_20260605,475,47.500000000000405,B06_TLV_CLV,cav,not_applicable,8261.620000145556,3.5,29.999999939353327,2.52694476898796e-08,lane_1,mainline,,normal,none,commit
BASIC-06,basic_01_06_900_bugcheck_20260605,476,47.600000000000406,B06_MV,cav,not_applicable,7245.98325705416,-3.5,0.0041003466058420895,4.0,on_ramp,on_ramp_mv,,normal,not_started,commit
BASIC-06,basic_01_06_900_bugcheck_20260605,476,47.600000000000406,B06_CLV,cav,not_applicable,8271.00000008386,0.0,29.99999996505555,1.4560187366896572e-08,lane_2,mainline,,normal,none,commit
BASIC-06,basic_01_06_900_bugcheck_20260605,476,47.600000000000406,B06_CFV,cav,not_applicable,8180.124836650133,3.5,30.000277540229593,-0.44663832856816055,lane_1,mainline,,normal,none,commit
BASIC-06,basic_01_06_900_bugcheck_20260605,476,47.600000000000406,B06_TLV_CFV,cav,not_applicable,8222.237172365221,3.5,29.96417513220516,0.07890041371737844,lane_1,mainline,,normal,none,commit
BASIC-06,basic_01_06_900_bugcheck_20260605,476,47.600000000000406,B06_TLV_CLV,cav,not_applicable,8264.620000139734,3.5,29.999999941779194,2.4258669384380484e-08,lane_1,mainline,,normal,none,commit
BASIC-06,basic_01_06_900_bugcheck_20260605,477,47.70000000000041,B06_MV,cav,not_applicable,7245.983657287118,-3.5,0.004002329574434803,4.0,on_ramp,on_ramp_mv,,normal,not_started,commit
BASIC-06,basic_01_06_900_bugcheck_20260605,477,47.70000000000041,B06_CLV,cav,not_applicable,8274.000000080507,0.0,29.99999996645333,1.3977779644847033e-08,lane_2,mainline,,normal,none,commit
BASIC-06,basic_01_06_900_bugcheck_20260605,477,47.70000000000041,B06_CFV,cav,not_applicable,8183.128482817831,3.5,30.03646167698311,0.3618413675351414,lane_1,mainline,,normal,none,commit
BASIC-06,basic_01_06_900_bugcheck_20260605,477,47.70000000000041,B06_TLV_CFV,cav,not_applicable,8225.241508154553,3.5,30.043357893327492,0.7918276112233097,lane_1,mainline,,normal,none,commit
BASIC-06,basic_01_06_900_bugcheck_20260605,477,47.70000000000041,B06_TLV_CLV,cav,not_applicable,8267.620000134144,3.5,29.999999944108026,2.3288322381631588e-08,lane_1,mainline,,normal,none,commit
BASIC-06,basic_01_06_900_bugcheck_20260605,478,47.80000000000041,B06_MV,cav,not_applicable,7245.984047952678,-3.5,0.003906655598105255,4.0,on_ramp,on_ramp_mv,,normal,not_started,commit
BASIC-06,basic_01_06_900_bugcheck_20260605,478,47.80000000000041,B06_CLV,cav,not_applicable,8277.000000077287,0.0,29.999999967795198,1.3418667776932126e-08,lane_2,mainline,,normal,none,commit
BASIC-06,basic_01_06_900_bugcheck_20260605,478,47.80000000000041,B06_CFV,cav,not_applicable,8186.1241804149,3.5,29.95697597069053,-0.7948570629257934,lane_1,mainline,,normal,none,commit
BASIC-06,basic_01_06_900_bugcheck_20260605,478,47.80000000000041,B06_TLV_CFV,cav,not_applicable,8228.241413442523,3.5,29.999052879700308,-0.44305013627183754,lane_1,mainline,,normal,none,commit
BASIC-06,basic_01_06_900_bugcheck_20260605,478,47.80000000000041,B06_TLV_CLV,cav,not_applicable,8270.620000128778,3.5,29.999999946343706,2.2356789486366327e-08,lane_1,mainline,,normal,none,commit
BASIC-06,basic_01_06_900_bugcheck_20260605,479,47.90000000000041,B06_MV,cav,not_applicable,7245.984429279545,-3.5,0.0038132686672612227,4.0,on_ramp,on_ramp_mv,,normal,not_started,commit
BASIC-06,basic_01_06_900_bugcheck_20260605,479,47.90000000000041,B06_CLV,cav,not_applicable,8280.000000074195,0.0,29.99999996908339,1.2881920952168004e-08,lane_2,mainline,,normal,none,commit
BASIC-06,basic_01_06_900_bugcheck_20260605,479,47.90000000000041,B06_CFV,cav,not_applicable,8189.120647363273,3.5,29.964669483723874,0.07693513033344179,lane_1,mainline,,normal,none,commit
BASIC-06,basic_01_06_900_bugcheck_20260605,479,47.90000000000041,B06_TLV_CFV,cav,not_applicable,8231.244966502105,3.5,30.03553059582352,0.364777161232133,lane_1,mainline,,normal,none,commit
BASIC-06,basic_01_06_900_bugcheck_20260605,479,47.90000000000041,B06_TLV_CLV,cav,not_applicable,8273.620000123627,3.5,29.999999948489958,2.1462517452164322e-08,lane_1,mainline,,normal,none,commit
BASIC-06,basic_01_06_900_bugcheck_20260605,480,48.00000000000041,B06_MV,cav,not_applicable,7245.984801490957,-3.5,0.003722114111126302,4.0,on_ramp,on_ramp_mv,,normal,not_started,commit
BASIC-06,basic_01_06_900_bugcheck_20260605,480,48.00000000000041,B06_CLV,cav,not_applicable,8283.000000071226,0.0,29.999999970320054,1.2366643886707608e-08,lane_2,mainline,,normal,none,commit
BASIC-06,basic_01_06_900_bugcheck_20260605,480,48.00000000000041,B06_CFV,cav,not_applicable,8192.125016508166,3.5,30.043691448932975,0.7902196520909979,lane_1,mainline,,normal,none,commit
BASIC-06,basic_01_06_900_bugcheck_20260605,480,48.00000000000041,B06_TLV_CFV,cav,not_applicable,8234.240595011188,3.5,29.956285090833422,-0.792455049900982,lane_1,mainline,,normal,none,commit
BASIC-06,basic_01_06_900_bugcheck_20260605,480,48.00000000000041,B06_TLV_CLV,cav,not_applicable,8276.62000011868,3.5,29.99999995055036,2.0604016981451424e-08,lane_1,mainline,,normal,none,commit
BASIC-06,basic_01_06_900_bugcheck_20260605,481,48.10000000000041,B06_MV,cav,not_applicable,7245.985164804813,-3.5,0.003633138565563099,4.0,on_ramp,on_ramp_mv,,normal,not_started,commit
BASIC-06,basic_01_06_900_bugcheck_20260605,481,48.10000000000041,B06_CLV,cav,not_applicable,8286.000000068378,0.0,29.99999997150725,1.1871978244926141e-08,lane_2,mainline,,normal,none,commit
BASIC-06,basic_01_06_900_bugcheck_20260605,481,48.10000000000041,B06_CFV,cav,not_applicable,8195.124941995668,3.5,29.999254875013147,-0.4443657391982745,lane_1,mainline,,normal,none,commit
BASIC-06,basic_01_06_900_bugcheck_20260605,481,48.10000000000041,B06_TLV_CFV,cav,not_applicable,8237.237012524409,3.5,29.96417513220516,0.07890041371737844,lane_1,mainline,,normal,none,commit
BASIC-06,basic_01_06_900_bugcheck_20260605,481,48.10000000000041,B06_TLV_CLV,cav,not_applicable,8279.620000113933,3.5,29.999999952528345,1.977985562007234e-08,lane_1,mainline,,normal,none,commit
BASIC-06,basic_01_06_900_bugcheck_20260605,482,48.200000000000415,B06_MV,cav,not_applicable,7245.985519433808,-3.5,0.0035462899424183103,4.0,on_ramp,on_ramp_mv,,normal,not_started,commit
BASIC-06,basic_01_06_900_bugcheck_20260605,482,48.200000000000415,B06_CLV,cav,not_applicable,8289.000000065642,0.0,29.99999997264696,1.1397099797250122e-08,lane_2,mainline,,normal,none,commit
BASIC-06,basic_01_06_900_bugcheck_20260605,482,48.200000000000415,B06_CFV,cav,not_applicable,8198.128504490758,3.5,30.035624950896924,0.3637007588377755,lane_1,mainline,,normal,none,commit
BASIC-06,basic_01_06_900_bugcheck_20260605,482,48.200000000000415,B06_TLV_CFV,cav,not_applicable,8240.24134831374,3.5,30.043357893327492,0.7918276112233097,lane_1,mainline,,normal,none,commit
BASIC-06,basic_01_06_900_bugcheck_20260605,482,48.200000000000415,B06_TLV_CLV,cav,not_applicable,8282.620000109377,3.5,29.99999995442721,1.8988662020547054e-08,lane_1,mainline,,normal,none,commit
BASIC-06,basic_01_06_900_bugcheck_20260605,483,48.300000000000416,B06_MV,cav,not_applicable,7245.985865585548,-3.5,0.003461517398432972,4.0,on_ramp,on_ramp_mv,,normal,not_started,commit
BASIC-06,basic_01_06_900_bugcheck_20260605,483,48.300000000000416,B06_CLV,cav,not_applicable,8292.000000063015,0.0,29.999999973741083,1.0941215577986442e-08,lane_2,mainline,,normal,none,commit
BASIC-06,basic_01_06_900_bugcheck_20260605,483,48.300000000000416,B06_CFV,cav,not_applicable,8201.12413362842,3.5,29.956291376620015,-0.7933357427690928,lane_1,mainline,,normal,none,commit
BASIC-06,basic_01_06_900_bugcheck_20260605,483,48.300000000000416,B06_TLV_CFV,cav,not_applicable,8243.241253601711,3.5,29.999052879700308,-0.44305013627183754,lane_1,mainline,,normal,none,commit
BASIC-06,basic_01_06_900_bugcheck_20260605,483,48.300000000000416,B06_TLV_CLV,cav,not_applicable,8285.620000105002,3.5,29.99999995625012,1.8229115994472522e-08,lane_1,mainline,,normal,none,commit
BASIC-06,basic_01_06_900_bugcheck_20260605,484,48.40000000000042,B06_MV,cav,not_applicable,7245.9862034626785,-3.5,0.003378771305892001,4.0,on_ramp,on_ramp_mv,,normal,not_started,commit
BASIC-06,basic_01_06_900_bugcheck_20260605,484,48.40000000000042,B06_CLV,cav,not_applicable,8295.000000060494,0.0,29.99999997479144,1.0503566727493308e-08,lane_2,mainline,,normal,none,commit
BASIC-06,basic_01_06_900_bugcheck_20260605,484,48.40000000000042,B06_CFV,cav,not_applicable,8204.12054456455,3.5,29.964109361302544,0.07817984682528778,lane_1,mainline,,normal,none,commit
BASIC-06,basic_01_06_900_bugcheck_20260605,484,48.40000000000042,B06_TLV_CFV,cav,not_applicable,8246.244806661292,3.5,30.03553059582352,0.364777161232133,lane_1,mainline,,normal,none,commit
BASIC-06,basic_01_06_900_bugcheck_20260605,484,48.40000000000042,B06_TLV_CLV,cav,not_applicable,8288.620000100802,3.5,29.999999958000117,1.7499951354693623e-08,lane_1,mainline,,normal,none,commit
BASIC-06,basic_01_06_900_bugcheck_20260605,485,48.50000000000042,B06_MV,cav,not_applicable,7245.986533263001,-3.5,0.0032980032232737353,4.0,on_ramp,on_ramp_mv,,normal,not_started,commit
BASIC-06,basic_01_06_900_bugcheck_20260605,485,48.50000000000042,B06_CLV,cav,not_applicable,8298.000000058075,0.0,29.99999997579978,1.0083424228923832e-08,lane_2,mainline,,normal,none,commit
BASIC-06,basic_01_06_900_bugcheck_20260605,485,48.50000000000042,B06_CFV,cav,not_applicable,8207.124867881244,3.5,30.043233166951886,0.7912380564934173,lane_1,mainline,,normal,none,commit
BASIC-06,basic_01_06_900_bugcheck_20260605,485,48.50000000000042,B06_TLV_CFV,cav,not_applicable,8249.240435170375,3.5,29.956285090833422,-0.792455049900982,lane_1,mainline,,normal,none,commit
BASIC-06,basic_01_06_900_bugcheck_20260605,485,48.50000000000042,B06_TLV_CLV,cav,not_applicable,8291.62000009677,3.5,29.999999959680114,1.6799953073132202e-08,lane_1,mainline,,normal,none,commit
BASIC-06,basic_01_06_900_bugcheck_20260605,486,48.60000000000042,B06_MV,cav,not_applicable,7245.986855179587,-3.5,0.003219165867203938,4.0,on_ramp,on_ramp_mv,,normal,not_started,commit
BASIC-06,basic_01_06_900_bugcheck_20260605,486,48.60000000000042,B06_CLV,cav,not_applicable,8301.000000055752,0.0,29.99999997676779,9.680087487140555e-09,lane_2,mainline,,normal,none,commit
BASIC-06,basic_01_06_900_bugcheck_20260605,486,48.60000000000042,B06_CFV,cav,not_applicable,8210.124755872946,3.5,29.99887991702862,-0.4435324992326586,lane_1,mainline,,normal,none,commit
BASIC-06,basic_01_06_900_bugcheck_20260605,486,48.60000000000042,B06_TLV_CFV,cav,not_applicable,8252.236852683596,3.5,29.96417513220516,0.07890041371737844,lane_1,mainline,,normal,none,commit
BASIC-06,basic_01_06_900_bugcheck_20260605,486,48.60000000000042,B06_TLV_CLV,cav,not_applicable,8294.620000092898,3.5,29.99999996129291,1.6127954438616145e-08,lane_1,mainline,,normal,none,commit
BASIC-06,basic_01_06_900_bugcheck_20260605,487,48.70000000000042,B06_MV,cav,not_applicable,7245.987169400895,-3.5,0.0031422130844098,4.0,on_ramp,on_ramp_mv,,normal,not_started,commit
BASIC-06,basic_01_06_900_bugcheck_20260605,487,48.70000000000042,B06_CLV,cav,not_applicable,8304.000000053522,0.0,29.999999977697076,9.292884328715446e-09,lane_2,mainline,,normal,none,commit
BASIC-06,basic_01_06_900_bugcheck_20260605,487,48.70000000000042,B06_CFV,cav,not_applicable,8213.128287689655,3.5,30.035318167091404,0.36438250062782485,lane_1,mainline,,normal,none,commit
BASIC-06,basic_01_06_900_bugcheck_20260605,487,48.70000000000042,B06_TLV_CFV,cav,not_applicable,8255.241188472928,3.5,30.043357893327492,0.7918276112233097,lane_1,mainline,,normal,none,commit
BASIC-06,basic_01_06_900_bugcheck_20260605,487,48.70000000000042,B06_TLV_CLV,cav,not_applicable,8297.620000089182,3.5,29.999999962841194,1.548283563579389e-08,lane_1,mainline,,normal,none,commit
BASIC-06,basic_01_06_900_bugcheck_20260605,488,48.80000000000042,B06_MV,cav,not_applicable,7245.987476110878,-3.5,0.0030670998249784135,4.0,on_ramp,on_ramp_mv,,normal,not_started,commit
BASIC-06,basic_01_06_900_bugcheck_20260605,488,48.80000000000042,B06_CLV,cav,not_applicable,8307.000000051381,0.0,29.999999978589194,8.921169580844435e-09,lane_2,mainline,,normal,none,commit
BASIC-06,basic_01_06_900_bugcheck_20260605,488,48.80000000000042,B06_CFV,cav,not_applicable,8216.123891726824,3.5,29.956040371688225,-0.7927779540317796,lane_1,mainline,,normal,none,commit
BASIC-06,basic_01_06_900_bugcheck_20260605,488,48.80000000000042,B06_TLV_CFV,cav,not_applicable,8258.241093760898,3.5,29.999052879700308,-0.44305013627183754,lane_1,mainline,,normal,none,commit
BASIC-06,basic_01_06_900_bugcheck_20260605,488,48.80000000000042,B06_TLV_CLV,cav,not_applicable,8300.620000085615,3.5,29.999999964327547,1.4863522324048973e-08,lane_1,mainline,,normal,none,commit
BASIC-06,basic_01_06_900_bugcheck_20260605,489,48.900000000000425,B06_MV,cav,not_applicable,7245.9877754890895,-3.5,0.002993782115832648,4.0,on_ramp,on_ramp_mv,,normal,not_started,commit
BASIC-06,basic_01_06_900_bugcheck_20260605,489,48.900000000000425,B06_CLV,cav,not_applicable,8310.000000049326,0.0,29.999999979445626,8.564322229176468e-09,lane_2,mainline,,normal,none,commit
BASIC-06,basic_01_06_900_bugcheck_20260605,489,48.900000000000425,B06_CFV,cav,not_applicable,8219.120282126187,3.5,29.963903993631078,0.07863621942854404,lane_1,mainline,,normal,none,commit
BASIC-06,basic_01_06_900_bugcheck_20260605,489,48.900000000000425,B06_TLV_CFV,cav,not_applicable,8261.24464682048,3.5,30.03553059582352,0.364777161232133,lane_1,mainline,,normal,none,commit
BASIC-06,basic_01_06_900_bugcheck_20260605,489,48.900000000000425,B06_TLV_CLV,cav,not_applicable,8303.62000008219,3.5,29.999999965754444,1.4268981374243595e-08,lane_1,mainline,,normal,none,commit
BASIC-06,basic_01_06_900_bugcheck_20260605,490,49.000000000000426,B06_MV,cav,not_applicable,7245.988067710793,-3.5,0.0029222170350766763,4.0,on_ramp,on_ramp_mv,,normal,not_started,commit
BASIC-06,basic_01_06_900_bugcheck_20260605,490,49.000000000000426,B06_CLV,cav,not_applicable,8313.000000047352,0.0,29.999999980267802,8.221749681069924e-09,lane_2,mainline,,normal,none,commit
BASIC-06,basic_01_06_900_bugcheck_20260605,490,49.000000000000426,B06_CFV,cav,not_applicable,8222.124588640072,3.5,30.04306513885705,0.7916114522597179,lane_1,mainline,,normal,none,commit
BASIC-06,basic_01_06_900_bugcheck_20260605,490,49.000000000000426,B06_TLV_CFV,cav,not_applicable,8264.240275329563,3.5,29.956285090833422,-0.792455049900982,lane_1,mainline,,normal,none,commit
BASIC-06,basic_01_06_900_bugcheck_20260605,490,49.000000000000426,B06_TLV_CLV,cav,not_applicable,8306.620000078903,3.5,29.999999967124268,1.3698222289804108e-08,lane_1,mainline,,normal,none,commit
BASIC-06,basic_01_06_900_bugcheck_20260605,491,49.10000000000043,B06_MV,cav,not_applicable,7245.988352947062,-3.5,0.0028523626869937303,4.0,on_ramp,on_ramp_mv,,normal,not_started,commit
BASIC-06,basic_01_06_900_bugcheck_20260605,491,49.10000000000043,B06_CLV,cav,not_applicable,8316.000000045458,0.0,29.99999998105709,7.892879239079775e-09,lane_2,mainline,,normal,none,commit
BASIC-06,basic_01_06_900_bugcheck_20260605,491,49.10000000000043,B06_CFV,cav,not_applicable,8225.124462884021,3.5,29.998742439496482,-0.4432269936056854,lane_1,mainline,,normal,none,commit
BASIC-06,basic_01_06_900_bugcheck_20260605,491,49.10000000000043,B06_TLV_CFV,cav,not_applicable,8267.236692842784,3.5,29.96417513220516,0.07890041371737844,lane_1,mainline,,normal,none,commit
BASIC-06,basic_01_06_900_bugcheck_20260605,491,49.10000000000043,B06_TLV_CLV,cav,not_applicable,8309.620000075747,3.5,29.999999968439298,1.3150292943464593e-08,lane_1,mainline,,normal,none,commit
BASIC-06,basic_01_06_900_bugcheck_20260605,492,49.20000000000043,B06_MV,cav,not_applicable,7245.988631364879,-3.5,0.002784178177261267,4.0,on_ramp,on_ramp_mv,,normal,not_started,commit
BASIC-06,basic_01_06_900_bugcheck_20260605,492,49.20000000000043,B06_CLV,cav,not_applicable,8319.00000004364,0.0,29.999999981814806,7.57716378529949e-09,lane_2,mainline,,normal,none,commit
BASIC-06,basic_01_06_900_bugcheck_20260605,492,49.20000000000043,B06_CFV,cav,not_applicable,8228.127983452569,3.5,30.0352056854742,0.3646324597771665,lane_1,mainline,,normal,none,commit
BASIC-06,basic_01_06_900_bugcheck_20260605,492,49.20000000000043,B06_TLV_CFV,cav,not_applicable,8270.241028632116,3.5,30.043357893327492,0.7918276112233097,lane_1,mainline,,normal,none,commit
BASIC-06,basic_01_06_900_bugcheck_20260605,492,49.20000000000043,B06_TLV_CLV,cav,not_applicable,8312.620000072717,3.5,29.999999969701726,1.2624280998352334e-08,lane_1,mainline,,normal,none,commit
BASIC-06,basic_01_06_900_bugcheck_20260605,493,49.30000000000043,B06_MV,cav,not_applicable,7245.988903127239,-3.5,0.002717623589035779,4.0,on_ramp,on_ramp_mv,,normal,not_started,commit
BASIC-06,basic_01_06_900_bugcheck_20260605,493,49.30000000000043,B06_CLV,cav,not_applicable,8322.000000041893,0.0,29.999999982542214,7.274077518104605e-09,lane_2,mainline,,normal,none,commit
BASIC-06,basic_01_06_900_bugcheck_20260605,493,49.30000000000043,B06_CFV,cav,not_applicable,8231.123578286695,3.5,29.955948341274148,-0.7925734420005001,lane_1,mainline,,normal,none,commit
BASIC-06,basic_01_06_900_bugcheck_20260605,493,49.30000000000043,B06_TLV_CFV,cav,not_applicable,8273.240933920086,3.5,29.999052879700308,-0.44305013627183754,lane_1,mainline,,normal,none,commit
BASIC-06,basic_01_06_900_bugcheck_20260605,493,49.30000000000043,B06_TLV_CLV,cav,not_applicable,8315.620000069808,3.5,29.999999970913656,1.2119309644731403e-08,lane_1,mainline,,normal,none,commit
BASIC-06,basic_01_06_900_bugcheck_20260605,494,49.40000000000043,B06_MV,cav,not_applicable,7245.989168393235,-3.5,0.0026526599596898366,4.0,on_ramp,on_ramp_mv,,normal,not_started,commit
BASIC-06,basic_01_06_900_bugcheck_20260605,494,49.40000000000043,B06_CLV,cav,not_applicable,8325.000000040218,0.0,29.999999983240524,6.983114531067258e-09,lane_2,mainline,,normal,none,commit
BASIC-06,basic_01_06_900_bugcheck_20260605,494,49.40000000000043,B06_CFV,cav,not_applicable,8234.119961156297,3.5,29.96382869601956,0.07880354745413642,lane_1,mainline,,normal,none,commit
BASIC-06,basic_01_06_900_bugcheck_20260605,494,49.40000000000043,B06_TLV_CFV,cav,not_applicable,8276.244486979667,3.5,30.03553059582352,0.364777161232133,lane_1,mainline,,normal,none,commit
BASIC-06,basic_01_06_900_bugcheck_20260605,494,49.40000000000043,B06_TLV_CLV,cav,not_applicable,8318.620000067016,3.5,29.99999997207711,1.163453760000266e-08,lane_1,mainline,,normal,none,commit
BASIC-06,basic_01_06_900_bugcheck_20260605,495,49.50000000000043,B06_MV,cav,not_applicable,7245.989427318161,-3.5,0.0025892492582013644,4.0,on_ramp,on_ramp_mv,,normal,not_started,commit
BASIC-06,basic_01_06_900_bugcheck_20260605,495,49.50000000000043,B06_CLV,cav,not_applicable,8328.000000038608,0.0,29.999999983910904,6.703790234041663e-09,lane_2,mainline,,normal,none,commit
BASIC-06,basic_01_06_900_bugcheck_20260605,495,49.50000000000043,B06_CFV,cav,not_applicable,8237.124261509469,3.5,30.043003531720355,0.7917483570079298,lane_1,mainline,,normal,none,commit
BASIC-06,basic_01_06_900_bugcheck_20260605,495,49.50000000000043,B06_TLV_CFV,cav,not_applicable,8279.24011548875,3.5,29.956285090833422,-0.792455049900982,lane_1,mainline,,normal,none,commit
BASIC-06,basic_01_06_900_bugcheck_20260605,495,49.50000000000043,B06_TLV_CLV,cav,not_applicable,8321.620000064335,3.5,29.999999973194026,1.116915626653281e-08,lane_1,mainline,,normal,none,commit
BASIC-06,basic_01_06_900_bugcheck_20260605,496,49.600000000000435,B06_MV,cav,not_applicable,7245.989680053597,-3.5,0.0025273543623255024,4.0,on_ramp,on_ramp_mv,,normal,not_started,commit
BASIC-06,basic_01_06_900_bugcheck_20260605,496,49.600000000000435,B06_CLV,cav,not_applicable,8331.000000037064,0.0,29.999999984554467,6.435638510993159e-09,lane_2,mainline,,normal,none,commit
BASIC-06,basic_01_06_900_bugcheck_20260605,496,49.600000000000435,B06_CFV,cav,not_applicable,8240.124130712835,3.5,29.998692033657367,-0.44311498062987564,lane_1,mainline,,normal,none,commit
BASIC-06,basic_01_06_900_bugcheck_20260605,496,49.600000000000435,B06_TLV_CFV,cav,not_applicable,8282.236533001971,3.5,29.96417513220516,0.07890041371737844,lane_1,mainline,,normal,none,commit
BASIC-06,basic_01_06_900_bugcheck_20260605,496,49.600000000000435,B06_TLV_CLV,cav,not_applicable,8324.620000061761,3.5,29.999999974266263,1.0722389731654404e-08,lane_1,mainline,,normal,none,commit
BASIC-06,basic_01_06_900_bugcheck_20260605,497,49.700000000000436,B06_MV,cav,not_applicable,7245.989926747501,-3.5,0.0024669390375057607,4.0,on_ramp,on_ramp_mv,,normal,not_started,commit
BASIC-06,basic_01_06_900_bugcheck_20260605,497,49.700000000000436,B06_CLV,cav,not_applicable,8334.000000035581,0.0,29.999999985172288,6.178213141083689e-09,lane_2,mainline,,normal,none,commit
BASIC-06,basic_01_06_900_bugcheck_20260605,497,49.700000000000436,B06_CFV,cav,not_applicable,8243.127647157267,3.5,30.035164444333105,0.36472410675737454,lane_1,mainline,,normal,none,commit
BASIC-06,basic_01_06_900_bugcheck_20260605,497,49.700000000000436,B06_TLV_CFV,cav,not_applicable,8285.240868791303,3.5,30.043357893327492,0.7918276112233097,lane_1,mainline,,normal,none,commit
BASIC-06,basic_01_06_900_bugcheck_20260605,497,49.700000000000436,B06_TLV_CLV,cav,not_applicable,8327.62000005929,3.5,29.999999975295612,1.0293494767665835e-08,lane_1,mainline,,normal,none,commit
BASIC-06,basic_01_06_900_bugcheck_20260605,498,49.80000000000044,B06_MV,cav,not_applicable,7245.9901675442925,-3.5,0.0024079679151329334,4.0,on_ramp,on_ramp_mv,,normal,not_started,commit
BASIC-06,basic_01_06_900_bugcheck_20260605,498,49.80000000000044,B06_CLV,cav,not_applicable,8337.000000034157,0.0,29.999999985765395,5.931084956500854e-09,lane_2,mainline,,normal,none,commit
BASIC-06,basic_01_06_900_bugcheck_20260605,498,49.80000000000044,B06_CFV,cav,not_applicable,8246.12323861712,3.5,29.955914598522345,-0.7924984581076027,lane_1,mainline,,normal,none,commit
BASIC-06,basic_01_06_900_bugcheck_20260605,498,49.80000000000044,B06_TLV_CFV,cav,not_applicable,8288.240774079273,3.5,29.999052879700308,-0.44305013627183754,lane_1,mainline,,normal,none,commit
BASIC-06,basic_01_06_900_bugcheck_20260605,498,49.80000000000044,B06_TLV_CLV,cav,not_applicable,8330.620000056919,3.5,29.99999997628379,9.881755147489458e-09,lane_1,mainline,,normal,none,commit
BASIC-06,basic_01_06_900_bugcheck_20260605,499,49.90000000000044,B06_MV,cav,not_applicable,7245.99040258494,-3.5,0.002350406472325896,4.0,on_ramp,on_ramp_mv,,normal,not_started,commit
BASIC-06,basic_01_06_900_bugcheck_20260605,499,49.90000000000044,B06_CLV,cav,not_applicable,8340.000000032791,0.0,29.999999986334778,5.693841842457914e-09,lane_2,mainline,,normal,none,commit
BASIC-06,basic_01_06_900_bugcheck_20260605,499,49.90000000000044,B06_CFV,cav,not_applicable,8249.11961872595,3.5,29.96380108831354,0.0788648979119615,lane_1,mainline,,normal,none,commit
BASIC-06,basic_01_06_900_bugcheck_20260605,499,49.90000000000044,B06_TLV_CFV,cav,not_applicable,8291.244327138855,3.5,30.03553059582352,0.364777161232133,lane_1,mainline,,normal,none,commit
BASIC-06,basic_01_06_900_bugcheck_20260605,499,49.90000000000044,B06_TLV_CLV,cav,not_applicable,8333.620000054641,3.5,29.999999977232438,9.486484486842528e-09,lane_1,mainline,,normal,none,commit
BASIC-06,basic_01_06_900_bugcheck_20260605,500,50.00000000000044,B06_MV,cav,not_applicable,7245.990632007041,-3.5,0.002294221011060166,4.0,on_ramp,on_ramp_mv,,normal,not_started,commit
BASIC-06,basic_01_06_900_bugcheck_20260605,500,50.00000000000044,B06_CLV,cav,not_applicable,8343.00000003148,0.0,29.999999986881388,5.466088737193787e-09,lane_2,mainline,,normal,none,commit
BASIC-06,basic_01_06_900_bugcheck_20260605,500,50.00000000000044,B06_CFV,cav,not_applicable,8252.12391682031,3.5,30.042980943597247,0.7917985528370595,lane_1,mainline,,normal,none,commit
BASIC-06,basic_01_06_900_bugcheck_20260605,500,50.00000000000044,B06_TLV_CFV,cav,not_applicable,8294.239955647938,3.5,29.956285090833422,-0.792455049900982,lane_1,mainline,,normal,none,commit
BASIC-06,basic_01_06_900_bugcheck_20260605,500,50.00000000000044,B06_TLV_CLV,cav,not_applicable,8336.620000052455,3.5,29.99999997814314,9.107024823151733e-09,lane_1,mainline,,normal,none,commit
BASIC-06,basic_01_06_900_bugcheck_20260605,501,50.10000000000044,B06_MV,cav,not_applicable,7245.990855944905,-3.5,0.00223937863925316,4.0,on_ramp,on_ramp_mv,,normal,not_started,commit
BASIC-06,basic_01_06_900_bugcheck_20260605,501,50.10000000000044,B06_CLV,cav,not_applicable,8346.00000003022,0.0,29.99999998740613,5.247444789802103e-09,lane_2,mainline,,normal,none,commit
BASIC-06,basic_01_06_900_bugcheck_20260605,501,50.10000000000044,B06_CFV,cav,not_applicable,8255.123784175557,3.5,29.998673552465732,-0.4430739113151332,lane_1,mainline,,normal,none,commit
BASIC-06,basic_01_06_900_bugcheck_20260605,501,50.10000000000044,B06_TLV_CFV,cav,not_applicable,8297.236373161159,3.5,29.96417513220516,0.07890041371737844,lane_1,mainline,,normal,none,commit
BASIC-06,basic_01_06_900_bugcheck_20260605,501,50.10000000000044,B06_TLV_CLV,cav,not_applicable,8339.620000050356,3.5,29.999999979017414,8.742743773382245e-09,lane_1,mainline,,normal,none,commit
BASIC-06,basic_01_06_900_bugcheck_20260605,502,50.20000000000044,B06_MV,cav,not_applicable,7245.99107452963,-3.5,0.0021858472509798128,4.0,on_ramp,on_ramp_mv,,normal,not_started,commit
BASIC-06,basic_01_06_900_bugcheck_20260605,502,50.20000000000044,B06_CLV,cav,not_applicable,8349.000000029011,0.0,29.999999987909884,5.037547623487626e-09,lane_2,mainline,,normal,none,commit
BASIC-06,basic_01_06_900_bugcheck_20260605,502,50.20000000000044,B06_CFV,cav,not_applicable,8258.127299107893,3.5,30.03514932335813,0.36475770892398196,lane_1,mainline,,normal,none,commit
BASIC-06,basic_01_06_900_bugcheck_20260605,502,50.20000000000044,B06_TLV_CFV,cav,not_applicable,8300.24070895049,3.5,30.043357893327492,0.7918276112233097,lane_1,mainline,,normal,none,commit
BASIC-06,basic_01_06_900_bugcheck_20260605,502,50.20000000000044,B06_TLV_CLV,cav,not_applicable,8342.620000048342,3.5,29.999999979856717,8.393034534037725e-09,lane_1,mainline,,normal,none,commit
BASIC-06,basic_01_06_900_bugcheck_20260605,503,50.300000000000445,B06_MV,cav,not_applicable,7245.991287889181,-3.5,0.0021335955075578324,4.0,on_ramp,on_ramp_mv,,normal,not_started,commit
BASIC-06,basic_01_06_900_bugcheck_20260605,503,50.300000000000445,B06_CLV,cav,not_applicable,8352.00000002785,0.0,29.99999998839349,4.836046230138891e-09,lane_2,mainline,,normal,none,commit
BASIC-06,basic_01_06_900_bugcheck_20260605,503,50.300000000000445,B06_CFV,cav,not_applicable,8261.122889330574,3.5,29.955902226815546,-0.7924709654258328,lane_1,mainline,,normal,none,commit
BASIC-06,basic_01_06_900_bugcheck_20260605,503,50.300000000000445,B06_TLV_CFV,cav,not_applicable,8303.24061423846,3.5,29.999052879700308,-0.44305013627183754,lane_1,mainline,,normal,none,commit
BASIC-06,basic_01_06_900_bugcheck_20260605,503,50.300000000000445,B06_TLV_CLV,cav,not_applicable,8345.620000046409,3.5,29.999999980662448,8.057313038989378e-09,lane_1,mainline,,normal,none,commit
BASIC-06,basic_01_06_900_bugcheck_20260605,504,50.400000000000446,B06_MV,cav,not_applicable,7245.991496148463,-3.5,0.0020825928197200153,4.0,on_ramp,on_ramp_mv,,normal,not_started,commit
BASIC-06,basic_01_06_900_bugcheck_20260605,504,50.400000000000446,B06_CLV,cav,not_applicable,8355.000000026736,0.0,29.999999988857752,4.642603812499147e-09,lane_2,mainline,,normal,none,commit
BASIC-06,basic_01_06_900_bugcheck_20260605,504,50.400000000000446,B06_CFV,cav,not_applicable,8264.119268427175,3.5,29.963790966007977,0.0788873919243187,lane_1,mainline,,normal,none,commit
BASIC-06,basic_01_06_900_bugcheck_20260605,504,50.400000000000446,B06_TLV_CFV,cav,not_applicable,8306.244167298042,3.5,30.03553059582352,0.364777161232133,lane_1,mainline,,normal,none,commit
BASIC-06,basic_01_06_900_bugcheck_20260605,504,50.400000000000446,B06_TLV_CLV,cav,not_applicable,8348.620000044551,3.5,29.99999998143595,7.735020801646898e-09,lane_1,mainline,,normal,none,commit
BASIC-06,basic_01_06_900_bugcheck_20260605,505,50.50000000000045,B06_MV,cav,not_applicable,7245.991699429395,-3.5,0.0020328093293517373,4.0,on_ramp,on_ramp_mv,,normal,not_started,commit
BASIC-06,basic_01_06_900_bugcheck_20260605,505,50.50000000000045,B06_CLV,cav,not_applicable,8358.000000025666,0.0,29.999999989303443,4.45689920525183e-09,lane_2,mainline,,normal,none,commit
BASIC-06,basic_01_06_900_bugcheck_20260605,505,50.50000000000045,B06_CFV,cav,not_applicable,8267.123565693346,3.5,30.042972661710877,0.791816957028988,lane_1,mainline,,normal,none,commit
BASIC-06,basic_01_06_900_bugcheck_20260605,505,50.50000000000045,B06_TLV_CFV,cav,not_applicable,8309.239795807125,3.5,29.956285090833422,-0.792455049900982,lane_1,mainline,,normal,none,commit
BASIC-06,basic_01_06_900_bugcheck_20260605,505,50.50000000000045,B06_TLV_CLV,cav,not_applicable,8351.620000042769,3.5,29.99999998217851,7.425620651702048e-09,lane_1,mainline,,normal,none,commit
BASIC-06,basic_01_06_900_bugcheck_20260605,506,50.60000000000045,B06_MV,cav,not_applicable,7245.991897850985,-3.5,0.001984215892098089,4.0,on_ramp,on_ramp_mv,,normal,not_started,commit
BASIC-06,basic_01_06_900_bugcheck_20260605,506,50.60000000000045,B06_CLV,cav,not_applicable,8361.000000024638,0.0,29.999999989731307,4.278622611764149e-09,lane_2,mainline,,normal,none,commit
BASIC-06,basic_01_06_900_bugcheck_20260605,506,50.60000000000045,B06_CFV,cav,not_applicable,8270.123432370983,3.5,29.998666776376886,-0.4430588533399189,lane_1,mainline,,normal,none,commit
BASIC-06,basic_01_06_900_bugcheck_20260605,506,50.60000000000045,B06_TLV_CFV,cav,not_applicable,8312.236213320346,3.5,29.96417513220516,0.07890041371737844,lane_1,mainline,,normal,none,commit
BASIC-06,basic_01_06_900_bugcheck_20260605,506,50.60000000000045,B06_TLV_CLV,cav,not_applicable,8354.620000041057,3.5,29.99999998289137,7.128595314043196e-09,lane_1,mainline,,normal,none,commit
BASIC-06,basic_01_06_900_bugcheck_20260605,507,50.70000000000045,B06_MV,cav,not_applicable,7245.992091529391,-3.5,0.0019367840599710082,4.0,on_ramp,on_ramp_mv,,normal,not_started,commit
BASIC-06,basic_01_06_900_bugcheck_20260605,507,50.70000000000045,B06_CLV,cav,not_applicable,8364.000000023652,0.0,29.999999990142054,4.107477025172557e-09,lane_2,mainline,,normal,none,commit
BASIC-06,basic_01_06_900_bugcheck_20260605,507,50.70000000000045,B06_CFV,cav,not_applicable,8273.126946748911,3.5,30.035143779285438,0.3647700290855209,lane_1,mainline,,normal,none,commit
BASIC-06,basic_01_06_900_bugcheck_20260605,507,50.70000000000045,B06_TLV_CFV,cav,not_applicable,8315.240549109678,3.5,30.043357893327492,0.7918276112233097,lane_1,mainline,,normal,none,commit
BASIC-06,basic_01_06_900_bugcheck_20260605,507,50.70000000000045,B06_TLV_CLV,cav,not_applicable,8357.620000039415,3.5,29.999999983575716,6.843451672011725e-09,lane_1,mainline,,normal,none,commit
BASIC-06,basic_01_06_900_bugcheck_20260605,508,50.80000000000045,B06_MV,cav,not_applicable,7245.992280577997,-3.5,0.0018904860656957033,4.0,on_ramp,on_ramp_mv,,normal,not_started,commit
BASIC-06,basic_01_06_900_bugcheck_20260605,508,50.80000000000045,B06_CLV,cav,not_applicable,8367.000000022706,0.0,29.999999990536374,3.943178228382749e-09,lane_2,mainline,,normal,none,commit
BASIC-06,basic_01_06_900_bugcheck_20260605,508,50.80000000000045,B06_CFV,cav,not_applicable,8276.122536517987,3.5,29.95589769075607,-0.7924608852936647,lane_1,mainline,,normal,none,commit
BASIC-06,basic_01_06_900_bugcheck_20260605,508,50.80000000000045,B06_TLV_CFV,cav,not_applicable,8318.240454397648,3.5,29.999052879700308,-0.44305013627183754,lane_1,mainline,,normal,none,commit
BASIC-06,basic_01_06_900_bugcheck_20260605,508,50.80000000000045,B06_TLV_CLV,cav,not_applicable,8360.620000037838,3.5,29.999999984232687,6.569713661974674e-09,lane_1,mainline,,normal,none,commit
BASIC-06,basic_01_06_900_bugcheck_20260605,509,50.90000000000045,B06_MV,cav,not_applicable,7245.992465107477,-3.5,0.0018452948051003758,4.0,on_ramp,on_ramp_mv,,normal,not_started,commit
BASIC-06,basic_01_06_900_bugcheck_20260605,509,50.90000000000045,B06_CLV,cav,not_applicable,8370.000000021799,0.0,29.99999999091492,3.7854505308132506e-09,lane_2,mainline,,normal,none,commit
BASIC-06,basic_01_06_900_bugcheck_20260605,509,50.90000000000045,B06_CFV,cav,not_applicable,8279.118915243456,3.5,29.96378725468659,0.07889563930518351,lane_1,mainline,,normal,none,commit
BASIC-06,basic_01_06_900_bugcheck_20260605,509,50.90000000000045,B06_TLV_CFV,cav,not_applicable,8321.24400745723,3.5,30.03553059582352,0.364777161232133,lane_1,mainline,,normal,none,commit
BASIC-06,basic_01_06_900_bugcheck_20260605,509,50.90000000000045,B06_TLV_CLV,cav,not_applicable,8363.620000036324,3.5,29.99999998486338,6.306925115495688e-09,lane_1,mainline,,normal,none,commit
BASIC-06,basic_01_06_900_bugcheck_20260605,510,51.000000000000455,B06_MV,cav,not_applicable,7245.99264522586,-3.5,0.0018011838223322848,4.0,on_ramp,on_ramp_mv,,normal,not_started,commit
BASIC-06,basic_01_06_900_bugcheck_20260605,510,51.000000000000455,B06_CLV,cav,not_applicable,8373.000000020927,0.0,29.999999991278322,3.6340324527373016e-09,lane_2,mainline,,normal,none,commit
BASIC-06,basic_01_06_900_bugcheck_20260605,510,51.000000000000455,B06_CFV,cav,not_applicable,8282.123212205974,3.5,30.042969625175196,0.7918237048860592,lane_1,mainline,,normal,none,commit
BASIC-06,basic_01_06_900_bugcheck_20260605,510,51.000000000000455,B06_TLV_CFV,cav,not_applicable,8324.239635966313,3.5,29.956285090833422,-0.792455049900982,lane_1,mainline,,normal,none,commit
BASIC-06,basic_01_06_900_bugcheck_20260605,510,51.000000000000455,B06_TLV_CLV,cav,not_applicable,8366.62000003487,3.5,29.999999985468843,6.054648338249535e-09,lane_1,mainline,,normal,none,commit
BASIC-06,basic_01_06_900_bugcheck_20260605,511,51.100000000000456,B06_MV,cav,not_applicable,7245.992821038589,-3.5,0.0017581272935519362,4.0,on_ramp,on_ramp_mv,,normal,not_started,commit
BASIC-06,basic_01_06_900_bugcheck_20260605,511,51.100000000000456,B06_CLV,cav,not_applicable,8376.00000002009,0.0,29.999999991627188,3.488671040940972e-09,lane_2,mainline,,normal,none,commit
BASIC-06,basic_01_06_900_bugcheck_20260605,511,51.100000000000456,B06_CFV,cav,not_applicable,8285.123078635168,3.5,29.998664291938603,-0.44305333236595146,lane_1,mainline,,normal,none,commit
BASIC-06,basic_01_06_900_bugcheck_20260605,511,51.100000000000456,B06_TLV_CFV,cav,not_applicable,8327.236053479533,3.5,29.96417513220516,0.07890041371737844,lane_1,mainline,,normal,none,commit
BASIC-06,basic_01_06_900_bugcheck_20260605,511,51.100000000000456,B06_TLV_CLV,cav,not_applicable,8369.620000033476,3.5,29.99999998605009,5.812462688936648e-09,lane_1,mainline,,normal,none,commit
BASIC-06,basic_01_06_900_bugcheck_20260605,512,51.20000000000046,B06_MV,cav,not_applicable,7245.99299264859,-3.5,0.0017161000128013794,4.0,on_ramp,on_ramp_mv,,normal,not_started,commit
BASIC-06,basic_01_06_900_bugcheck_20260605,512,51.20000000000046,B06_CLV,cav,not_applicable,8379.000000019287,0.0,29.9999999919621,3.3491247108941026e-09,lane_2,mainline,,normal,none,commit
BASIC-06,basic_01_06_900_bugcheck_20260605,512,51.20000000000046,B06_CFV,cav,not_applicable,8288.126592809824,3.5,30.035141746563205,0.3647745462460398,lane_1,mainline,,normal,none,commit
BASIC-06,basic_01_06_900_bugcheck_20260605,512,51.20000000000046,B06_TLV_CFV,cav,not_applicable,8330.240389268865,3.5,30.043357893327492,0.7918276112233097,lane_1,mainline,,normal,none,commit
BASIC-06,basic_01_06_900_bugcheck_20260605,512,51.20000000000046,B06_TLV_CLV,cav,not_applicable,8372.620000032137,3.5,29.999999986608085,5.579964579283115e-09,lane_1,mainline,,normal,none,commit
BASIC-06,basic_01_06_900_bugcheck_20260605,513,51.30000000000046,B06_MV,cav,not_applicable,7245.993160156328,-3.5,0.0016750773761332173,4.0,on_ramp,on_ramp_mv,,normal,not_started,commit
BASIC-06,basic_01_06_900_bugcheck_20260605,513,51.30000000000046,B06_CLV,cav,not_applicable,8382.000000018515,0.0,29.999999992283616,3.215160404579365e-09,lane_2,mainline,,normal,none,commit
BASIC-06,basic_01_06_900_bugcheck_20260605,513,51.30000000000046,B06_CFV,cav,not_applicable,8291.122182412586,3.5,29.9558960276197,-0.7924571894350583,lane_1,mainline,,normal,none,commit
BASIC-06,basic_01_06_900_bugcheck_20260605,513,51.30000000000046,B06_TLV_CFV,cav,not_applicable,8333.240294556836,3.5,29.999052879700308,-0.44305013627183754,lane_1,mainline,,normal,none,commit
BASIC-06,basic_01_06_900_bugcheck_20260605,513,51.30000000000046,B06_TLV_CLV,cav,not_applicable,8375.62000003085,3.5,29.999999987143763,5.356766052955209e-09,lane_1,mainline,,normal,none,commit
BASIC-06,basic_01_06_900_bugcheck_20260605,514,51.40000000000046,B06_MV,cav,not_applicable,7245.9933236598645,-3.5,0.0016350353681311358,4.0,on_ramp,on_ramp_mv,,normal,not_started,commit
BASIC-06,basic_01_06_900_bugcheck_20260605,514,51.40000000000046,B06_CLV,cav,not_applicable,8385.000000017775,0.0,29.999999992592272,3.0865535904922584e-09,lane_2,mainline,,normal,none,commit
BASIC-06,basic_01_06_900_bugcheck_20260605,514,51.40000000000046,B06_CFV,cav,not_applicable,8294.11856100198,3.5,29.963785893938653,0.0788986631894979,lane_1,mainline,,normal,none,commit
BASIC-06,basic_01_06_900_bugcheck_20260605,514,51.40000000000046,B06_TLV_CFV,cav,not_applicable,8336.243847616417,3.5,30.03553059582352,0.364777161232133,lane_1,mainline,,normal,none,commit
BASIC-06,basic_01_06_900_bugcheck_20260605,514,51.40000000000046,B06_TLV_CLV,cav,not_applicable,8378.620000029616,3.5,29.99999998765801,5.142494785559393e-09,lane_1,mainline,,normal,none,commit
BASIC-06,basic_01_06_900_bugcheck_20260605,515,51.50000000000046,B06_MV,cav,not_applicable,7245.993483254919,-3.5,0.0015959505471259685,4.0,on_ramp,on_ramp_mv,,normal,not_started,commit
BASIC-06,basic_01_06_900_bugcheck_20260605,515,51.50000000000046,B06_CLV,cav,not_applicable,8388.000000017064,0.0,29.999999992888583,2.9630911058120546e-09,lane_2,mainline,,normal,none,commit
BASIC-06,basic_01_06_900_bugcheck_20260605,515,51.50000000000046,B06_CFV,cav,not_applicable,8297.122857853165,3.5,30.042968511835976,0.7918261789732256,lane_1,mainline,,normal,none,commit
BASIC-06,basic_01_06_900_bugcheck_20260605,515,51.50000000000046,B06_TLV_CFV,cav,not_applicable,8339.2394761255,3.5,29.956285090833422,-0.792455049900982,lane_1,mainline,,normal,none,commit
BASIC-06,basic_01_06_900_bugcheck_20260605,515,51.50000000000046,B06_TLV_CLV,cav,not_applicable,8381.620000028432,3.5,29.99999998815169,4.936795505727787e-09,lane_1,mainline,,normal,none,commit
BASIC-06,basic_01_06_900_bugcheck_20260605,516,51.60000000000046,B06_MV,cav,not_applicable,7245.993639034922,-3.5,0.001557800032151047,4.0,on_ramp,on_ramp_mv,,normal,not_started,commit
BASIC-06,basic_01_06_900_bugcheck_20260605,516,51.60000000000046,B06_CLV,cav,not_applicable,8391.000000016382,0.0,29.999999993173038,2.844566893145384e-09,lane_2,mainline,,normal,none,commit
BASIC-06,basic_01_06_900_bugcheck_20260605,516,51.60000000000046,B06_CFV,cav,not_applicable,8300.122724191267,3.5,29.998663381024695,-0.44305130811281535,lane_1,mainline,,normal,none,commit
BASIC-06,basic_01_06_900_bugcheck_20260605,516,51.60000000000046,B06_TLV_CFV,cav,not_applicable,8342.23589363872,3.5,29.96417513220516,0.07890041371737844,lane_1,mainline,,normal,none,commit
BASIC-06,basic_01_06_900_bugcheck_20260605,516,51.60000000000046,B06_TLV_CLV,cav,not_applicable,8384.620000027295,3.5,29.99999998862562,4.7393243107762835e-09,lane_1,mainline,,normal,none,commit
BASIC-06,basic_01_06_900_bugcheck_20260605,517,51.700000000000465,B06_MV,cav,not_applicable,7245.993791091071,-3.5,0.0015205614888104987,4.0,on_ramp,on_ramp_mv,,normal,not_started,commit
BASIC-06,basic_01_06_900_bugcheck_20260605,517,51.700000000000465,B06_CLV,cav,not_applicable,8394.000000015727,0.0,29.999999993446117,2.7307848426971762e-09,lane_2,mainline,,normal,none,commit
BASIC-06,basic_01_06_900_bugcheck_20260605,517,51.700000000000465,B06_CFV,cav,not_applicable,8303.126238291394,3.5,30.03514100127001,0.3647762024531511,lane_1,mainline,,normal,none,commit
BASIC-06,basic_01_06_900_bugcheck_20260605,517,51.700000000000465,B06_TLV_CFV,cav,not_applicable,8345.240229428053,3.5,30.043357893327492,0.7918276112233097,lane_1,mainline,,normal,none,commit
BASIC-06,basic_01_06_900_bugcheck_20260605,517,51.700000000000465,B06_TLV_CLV,cav,not_applicable,8387.620000026203,3.5,29.999999989080596,4.549751508875489e-09,lane_1,mainline,,normal,none,commit
BASIC-06,basic_01_06_900_bugcheck_20260605,518,51.800000000000466,B06_MV,cav,not_applicable,7245.993939512383,-3.5,0.0014842131168868288,4.0,on_ramp,on_ramp_mv,,normal,not_started,commit
BASIC-06,basic_01_06_900_bugcheck_20260605,518,51.800000000000466,B06_CLV,cav,not_applicable,8397.000000015098,0.0,29.999999993708272,2.621553107928776e-09,lane_2,mainline,,normal,none,commit
BASIC-06,basic_01_06_900_bugcheck_20260605,518,51.800000000000466,B06_CFV,cav,not_applicable,8306.121827833178,3.5,29.95589541783436,-0.7924558343565127,lane_1,mainline,,normal,none,commit
BASIC-06,basic_01_06_900_bugcheck_20260605,518,51.800000000000466,B06_TLV_CFV,cav,not_applicable,8348.240134716023,3.5,29.999052879700308,-0.44305013627183754,lane_1,mainline,,normal,none,commit
BASIC-06,basic_01_06_900_bugcheck_20260605,518,51.800000000000466,B06_TLV_CLV,cav,not_applicable,8390.620000025156,3.5,29.999999989517374,4.3677616190507255e-09,lane_1,mainline,,normal,none,commit
BASIC-06,basic_01_06_900_bugcheck_20260605,519,51.90000000000047,B06_MV,cav,not_applicable,7245.994084385747,-3.5,0.0014487336372962728,4.0,on_ramp,on_ramp_mv,,normal,not_started,commit
BASIC-06,basic_01_06_900_bugcheck_20260605,519,51.90000000000047,B06_CLV,cav,not_applicable,8400.000000014494,0.0,29.999999993959943,2.5166912109853005e-09,lane_2,mainline,,normal,none,commit
BASIC-06,basic_01_06_900_bugcheck_20260605,519,51.90000000000047,B06_CFV,cav,not_applicable,8309.118206372681,3.5,29.963785395023372,0.07889977189012609,lane_1,mainline,,normal,none,commit
BASIC-06,basic_01_06_900_bugcheck_20260605,519,51.90000000000047,B06_TLV_CFV,cav,not_applicable,8351.243687775604,3.5,30.03553059582352,0.364777161232133,lane_1,mainline,,normal,none,commit
BASIC-06,basic_01_06_900_bugcheck_20260605,519,51.90000000000047,B06_TLV_CLV,cav,not_applicable,8393.62000002415,3.5,29.99999998993668,4.193050529011089e-09,lane_1,mainline,,normal,none,commit
BASIC-06,basic_01_06_900_bugcheck_20260605,520,52.00000000000047,B06_MV,cav,not_applicable,7245.994225795975,-3.5,0.0014141022794789684,4.0,on_ramp,on_ramp_mv,,normal,not_started,commit
BASIC-06,basic_01_06_900_bugcheck_20260605,520,52.00000000000047,B06_CLV,cav,not_applicable,8403.000000013913,0.0,29.999999994201545,2.4160229372682807e-09,lane_2,mainline,,normal,none,commit
BASIC-06,basic_01_06_900_bugcheck_20260605,520,52.00000000000047,B06_CFV,cav,not_applicable,8312.122503183044,3.5,30.042968103632564,0.7918270860919213,lane_1,mainline,,normal,none,commit
BASIC-06,basic_01_06_900_bugcheck_20260605,520,52.00000000000047,B06_TLV_CFV,cav,not_applicable,8354.239316284687,3.5,29.956285090833422,-0.792455049900982,lane_1,mainline,,normal,none,commit
BASIC-06,basic_01_06_900_bugcheck_20260605,520,52.00000000000047,B06_TLV_CLV,cav,not_applicable,8396.620000023184,3.5,29.999999990339212,4.025328337320388e-09,lane_1,mainline,,normal,none,commit
BASIC-06,basic_01_06_900_bugcheck_20260605,521,52.10000000000047,B06_MV,cav,not_applicable,7245.994363825852,-3.5,0.0013802987694413599,4.0,on_ramp,on_ramp_mv,,normal,not_started,commit
BASIC-06,basic_01_06_900_bugcheck_20260605,521,52.10000000000047,B06_CLV,cav,not_applicable,8406.000000013357,0.0,29.999999994433484,2.3193820197775494e-09,lane_2,mainline,,normal,none,commit
BASIC-06,basic_01_06_900_bugcheck_20260605,521,52.10000000000047,B06_CFV,cav,not_applicable,8315.122369487748,3.5,29.998663047040086,-0.44305056592479164,lane_1,mainline,,normal,none,commit
BASIC-06,basic_01_06_900_bugcheck_20260605,521,52.10000000000047,B06_TLV_CFV,cav,not_applicable,8357.235733797908,3.5,29.96417513220516,0.07890041371737844,lane_1,mainline,,normal,none,commit
BASIC-06,basic_01_06_900_bugcheck_20260605,521,52.10000000000047,B06_TLV_CLV,cav,not_applicable,8399.620000022256,3.5,29.999999990725644,3.864315090140735e-09,lane_1,mainline,,normal,none,commit
BASIC-06,basic_01_06_900_bugcheck_20260605,522,52.20000000000047,B06_MV,cav,not_applicable,7245.994498556183,-3.5,0.0013473033177986045,4.0,on_ramp,on_ramp_mv,,normal,not_started,commit
BASIC-06,basic_01_06_900_bugcheck_20260605,522,52.20000000000047,B06_CLV,cav,not_applicable,8409.000000012822,0.0,29.999999994656143,2.226606454769353e-09,lane_2,mainline,,normal,none,commit
BASIC-06,basic_01_06_900_bugcheck_20260605,522,52.20000000000047,B06_CFV,cav,not_applicable,8318.12588356055,3.5,30.035140728009875,0.3647768096978978,lane_1,mainline,,normal,none,commit
BASIC-06,basic_01_06_900_bugcheck_20260605,522,52.20000000000047,B06_TLV_CFV,cav,not_applicable,8360.24006958724,3.5,30.043357893327492,0.7918276112233097,lane_1,mainline,,normal,none,commit
BASIC-06,basic_01_06_900_bugcheck_20260605,522,52.20000000000047,B06_TLV_CLV,cav,not_applicable,8402.620000021367,3.5,29.99999999109662,3.709742202318012e-09,lane_1,mainline,,normal,none,commit
BASIC-06,basic_01_06_900_bugcheck_20260605,523,52.30000000000047,B06_MV,cav,not_applicable,7245.994630065844,-3.5,0.0013150966084692088,4.0,on_ramp,on_ramp_mv,,normal,not_started,commit
BASIC-06,basic_01_06_900_bugcheck_20260605,523,52.30000000000047,B06_CLV,cav,not_applicable,8412.00000001231,0.0,29.999999994869896,2.137542765012768e-09,lane_2,mainline,,normal,none,commit
BASIC-06,basic_01_06_900_bugcheck_20260605,523,52.30000000000047,B06_CFV,cav,not_applicable,8321.121473079975,3.5,29.955895194257884,-0.7924553375199017,lane_1,mainline,,normal,none,commit
BASIC-06,basic_01_06_900_bugcheck_20260605,523,52.30000000000047,B06_TLV_CFV,cav,not_applicable,8363.23997487521,3.5,29.999052879700308,-0.44305013627183754,lane_1,mainline,,normal,none,commit
BASIC-06,basic_01_06_900_bugcheck_20260605,523,52.30000000000047,B06_TLV_CLV,cav,not_applicable,8405.620000020512,3.5,29.999999991452754,3.5613524573818726e-09,lane_1,mainline,,normal,none,commit
BASIC-06,basic_01_06_900_bugcheck_20260605,524,52.400000000000475,B06_MV,cav,not_applicable,7245.994758431822,-3.5,0.0012836597867174342,4.0,on_ramp,on_ramp_mv,,normal,not_started,commit
BASIC-06,basic_01_06_900_bugcheck_20260605,524,52.400000000000475,B06_CLV,cav,not_applicable,8415.000000011816,0.0,29.9999999950751,2.0520417365332833e-09,lane_2,mainline,,normal,none,commit
BASIC-06,basic_01_06_900_bugcheck_20260605,524,52.400000000000475,B06_CFV,cav,not_applicable,8324.117851601184,3.5,29.963785212097164,0.07890017839280772,lane_1,mainline,,normal,none,commit
BASIC-06,basic_01_06_900_bugcheck_20260605,524,52.400000000000475,B06_TLV_CFV,cav,not_applicable,8366.243527934792,3.5,30.03553059582352,0.364777161232133,lane_1,mainline,,normal,none,commit
BASIC-06,basic_01_06_900_bugcheck_20260605,524,52.400000000000475,B06_TLV_CLV,cav,not_applicable,8408.620000019691,3.5,29.999999991794642,3.418898586460273e-09,lane_1,mainline,,normal,none,commit
BASIC-06,basic_01_06_900_bugcheck_20260605,525,52.500000000000476,B06_MV,cav,not_applicable,7245.994883729268,-3.5,0.0012529744487175776,4.0,on_ramp,on_ramp_mv,,normal,not_started,commit
BASIC-06,basic_01_06_900_bugcheck_20260605,525,52.500000000000476,B06_CLV,cav,not_applicable,8418.000000011343,0.0,29.999999995272095,1.9699598396982766e-09,lane_2,mainline,,normal,none,commit
BASIC-06,basic_01_06_900_bugcheck_20260605,525,52.500000000000476,B06_CFV,cav,not_applicable,8327.12214839658,3.5,30.042967953965668,0.7918274186850245,lane_1,mainline,,normal,none,commit
BASIC-06,basic_01_06_900_bugcheck_20260605,525,52.500000000000476,B06_TLV_CFV,cav,not_applicable,8369.239156443875,3.5,29.956285090833422,-0.792455049900982,lane_1,mainline,,normal,none,commit
BASIC-06,basic_01_06_900_bugcheck_20260605,525,52.500000000000476,B06_TLV_CLV,cav,not_applicable,8411.620000018904,3.5,29.999999992122856,3.2821432682794696e-09,lane_1,mainline,,normal,none,commit
BASIC-06,basic_01_06_900_bugcheck_20260605,526,52.60000000000048,B06_MV,cav,not_applicable,7245.9950060315305,-3.5,0.0012230226304660201,4.0,on_ramp,on_ramp_mv,,normal,not_started,commit
BASIC-06,basic_01_06_900_bugcheck_20260605,526,52.60000000000048,B06_CLV,cav,not_applicable,8421.000000010888,0.0,29.99999999546121,1.891162071387953e-09,lane_2,mainline,,normal,none,commit
BASIC-06,basic_01_06_900_bugcheck_20260605,526,52.60000000000048,B06_CFV,cav,not_applicable,8330.12201468904,3.5,29.998662924585354,-0.44305029380316174,lane_1,mainline,,normal,none,commit
BASIC-06,basic_01_06_900_bugcheck_20260605,526,52.60000000000048,B06_TLV_CFV,cav,not_applicable,8372.235573957096,3.5,29.96417513220516,0.07890041371737844,lane_1,mainline,,normal,none,commit
BASIC-06,basic_01_06_900_bugcheck_20260605,526,52.60000000000048,B06_TLV_CLV,cav,not_applicable,8414.620000018147,3.5,29.999999992437942,3.1508577080785475e-09,lane_1,mainline,,normal,none,commit
BASIC-06,basic_01_06_900_bugcheck_20260605,527,52.70000000000048,B06_MV,cav,not_applicable,7245.995125410211,-3.5,0.0011937867977803284,4.0,on_ramp,on_ramp_mv,,normal,not_started,commit
BASIC-06,basic_01_06_900_bugcheck_20260605,527,52.70000000000048,B06_CLV,cav,not_applicable,8424.000000010452,0.0,29.99999999564276,1.8155162706534612e-09,lane_2,mainline,,normal,none,commit
BASIC-06,basic_01_06_900_bugcheck_20260605,527,52.70000000000048,B06_CFV,cav,not_applicable,8333.125528751822,3.5,30.03514062781964,0.36477703234286774,lane_1,mainline,,normal,none,commit
BASIC-06,basic_01_06_900_bugcheck_20260605,527,52.70000000000048,B06_TLV_CFV,cav,not_applicable,8375.239909746428,3.5,30.043357893327492,0.7918276112233097,lane_1,mainline,,normal,none,commit
BASIC-06,basic_01_06_900_bugcheck_20260605,527,52.70000000000048,B06_TLV_CLV,cav,not_applicable,8417.620000017421,3.5,29.999999992740424,3.024823058694892e-09,lane_1,mainline,,normal,none,commit
BASIC-06,basic_01_06_900_bugcheck_20260605,528,52.80000000000048,B06_MV,cav,not_applicable,7245.995241935194,-3.5,0.0011652498349938936,4.0,on_ramp,on_ramp_mv,,normal,not_started,commit
BASIC-06,basic_01_06_900_bugcheck_20260605,528,52.80000000000048,B06_CLV,cav,not_applicable,8427.000000010034,0.0,29.99999999581705,1.742895960887836e-09,lane_2,mainline,,normal,none,commit
BASIC-06,basic_01_06_900_bugcheck_20260605,528,52.80000000000048,B06_CFV,cav,not_applicable,8336.12111826305,3.5,29.955895112284058,-0.7924551553558354,lane_1,mainline,,normal,none,commit
BASIC-06,basic_01_06_900_bugcheck_20260605,528,52.80000000000048,B06_TLV_CFV,cav,not_applicable,8378.239815034398,3.5,29.999052879700308,-0.44305013627183754,lane_1,mainline,,normal,none,commit
BASIC-06,basic_01_06_900_bugcheck_20260605,528,52.80000000000048,B06_TLV_CLV,cav,not_applicable,8420.620000016725,3.5,29.99999999303081,2.903830420564191e-09,lane_1,mainline,,normal,none,commit
BASIC-06,basic_01_06_900_bugcheck_20260605,529,52.90000000000048,B06_MV,cav,not_applicable,7245.995355674698,-3.5,0.0011373950362594974,4.0,on_ramp,on_ramp_mv,,normal,not_started,commit
BASIC-06,basic_01_06_900_bugcheck_20260605,529,52.90000000000048,B06_CLV,cav,not_applicable,8430.000000009632,0.0,29.999999995984368,1.673180349825998e-09,lane_2,mainline,,normal,none,commit
BASIC-06,basic_01_06_900_bugcheck_20260605,529,52.90000000000048,B06_CFV,cav,not_applicable,8339.117496777553,3.5,29.96378514502767,0.07890032743613473,lane_1,mainline,,normal,none,commit
BASIC-06,basic_01_06_900_bugcheck_20260605,529,52.90000000000048,B06_TLV_CFV,cav,not_applicable,8381.24336809398,3.5,30.03553059582352,0.364777161232133,lane_1,mainline,,normal,none,commit
BASIC-06,basic_01_06_900_bugcheck_20260605,529,52.90000000000048,B06_TLV_CLV,cav,not_applicable,8423.620000016055,3.5,29.999999993309576,2.787676578464016e-09,lane_1,mainline,,normal,none,commit
BASIC-06,basic_01_06_900_bugcheck_20260605,530,53.00000000000048,B06_MV,cav,not_applicable,7245.995466695307,-3.5,0.001110206094461361,4.0,on_ramp,on_ramp_mv,,normal,not_started,commit
BASIC-06,basic_01_06_900_bugcheck_20260605,530,53.00000000000048,B06_CLV,cav,not_applicable,8433.000000009246,0.0,29.999999996144993,1.6062529084592825e-09,lane_2,mainline,,normal,none,commit
BASIC-06,basic_01_06_900_bugcheck_20260605,530,53.00000000000048,B06_CFV,cav,not_applicable,8342.121793567463,3.5,30.042967899090627,0.7918275406295648,lane_1,mainline,,normal,none,commit
BASIC-06,basic_01_06_900_bugcheck_20260605,530,53.00000000000048,B06_TLV_CFV,cav,not_applicable,8384.238996603062,3.5,29.956285090833422,-0.792455049900982,lane_1,mainline,,normal,none,commit
BASIC-06,basic_01_06_900_bugcheck_20260605,530,53.00000000000048,B06_TLV_CLV,cav,not_applicable,8426.620000015413,3.5,29.99999999357719,2.6761696858557117e-09,lane_1,mainline,,normal,none,commit
BASIC-06,basic_01_06_900_bugcheck_20260605,531,53.100000000000485,B06_MV,cav,not_applicable,7245.9955750620165,-3.5,0.0010836670927361228,4.0,on_ramp,on_ramp_mv,,normal,not_started,commit
BASIC-06,basic_01_06_900_bugcheck_20260605,531,53.100000000000485,B06_CLV,cav,not_applicable,8436.000000008877,0.0,29.999999996299195,1.5420027921209112e-09,lane_2,mainline,,normal,none,commit
BASIC-06,basic_01_06_900_bugcheck_20260605,531,53.100000000000485,B06_CFV,cav,not_applicable,8345.121659855431,3.5,29.99866287968759,-0.44305019403035606,lane_1,mainline,,normal,none,commit
BASIC-06,basic_01_06_900_bugcheck_20260605,531,53.100000000000485,B06_TLV_CFV,cav,not_applicable,8387.235414116283,3.5,29.96417513220516,0.07890041371737844,lane_1,mainline,,normal,none,commit
BASIC-06,basic_01_06_900_bugcheck_20260605,531,53.100000000000485,B06_TLV_CLV,cav,not_applicable,8429.620000014796,3.5,29.999999993834102,2.5691235805425094e-09,lane_1,mainline,,normal,none,commit
BASIC-06,basic_01_06_900_bugcheck_20260605,532,53.200000000000486,B06_MV,cav,not_applicable,7245.995680838266,-3.5,0.0010577624944719413,4.0,on_ramp,on_ramp_mv,,normal,not_started,commit
BASIC-06,basic_01_06_900_bugcheck_20260605,532,53.200000000000486,B06_CLV,cav,not_applicable,8439.000000008522,0.0,29.999999996447226,1.4803219983150485e-09,lane_2,mainline,,normal,none,commit
BASIC-06,basic_01_06_900_bugcheck_20260605,532,53.200000000000486,B06_CFV,cav,not_applicable,8348.12517391454,3.5,30.035140591085106,0.36477711397516327,lane_1,mainline,,normal,none,commit
BASIC-06,basic_01_06_900_bugcheck_20260605,532,53.200000000000486,B06_TLV_CFV,cav,not_applicable,8390.239749905615,3.5,30.043357893327492,0.7918276112233097,lane_1,mainline,,normal,none,commit
BASIC-06,basic_01_06_900_bugcheck_20260605,532,53.200000000000486,B06_TLV_CLV,cav,not_applicable,8432.620000014205,3.5,29.99999999408074,2.4663592057549978e-09,lane_1,mainline,,normal,none,commit
BASIC-06,basic_01_06_900_bugcheck_20260605,533,53.30000000000049,B06_MV,cav,not_applicable,7245.995784085979,-3.5,0.0010324771346120621,4.0,on_ramp,on_ramp_mv,,normal,not_started,commit
BASIC-06,basic_01_06_900_bugcheck_20260605,533,53.30000000000049,B06_CLV,cav,not_applicable,8442.00000000818,0.0,29.999999996589338,1.4211096299732164e-09,lane_2,mainline,,normal,none,commit
BASIC-06,basic_01_06_900_bugcheck_20260605,533,53.30000000000049,B06_CFV,cav,not_applicable,8351.120763422761,3.5,29.95589508222853,-0.7924550885657755,lane_1,mainline,,normal,none,commit
BASIC-06,basic_01_06_900_bugcheck_20260605,533,53.30000000000049,B06_TLV_CFV,cav,not_applicable,8393.239655193585,3.5,29.999052879700308,-0.44305013627183754,lane_1,mainline,,normal,none,commit
BASIC-06,basic_01_06_900_bugcheck_20260605,533,53.30000000000049,B06_TLV_CLV,cav,not_applicable,8435.620000013638,3.5,29.99999999431751,2.3677046101511227e-09,lane_1,mainline,,normal,none,commit
BASIC-06,basic_01_06_900_bugcheck_20260605,534,53.40000000000049,B06_MV,cav,not_applicable,7245.9958848656,-3.5,0.0010077962105235637,4.0,on_ramp,on_ramp_mv,,normal,not_started,commit
BASIC-06,basic_01_06_900_bugcheck_20260605,534,53.40000000000049,B06_CLV,cav,not_applicable,8445.000000007853,0.0,29.999999996725766,1.3642647900269368e-09,lane_2,mainline,,normal,none,commit
BASIC-06,basic_01_06_900_bugcheck_20260605,534,53.40000000000049,B06_CFV,cav,not_applicable,8354.117141934805,3.5,29.963785120436786,0.07890038208254735,lane_1,mainline,,normal,none,commit
BASIC-06,basic_01_06_900_bugcheck_20260605,534,53.40000000000049,B06_TLV_CFV,cav,not_applicable,8396.243208253167,3.5,30.03553059582352,0.364777161232133,lane_1,mainline,,normal,none,commit
BASIC-06,basic_01_06_900_bugcheck_20260605,534,53.40000000000049,B06_TLV_CLV,cav,not_applicable,8438.620000013092,3.5,29.999999994544808,2.272996368901659e-09,lane_1,mainline,,normal,none,commit
BASIC-06,basic_01_06_900_bugcheck_20260605,535,53.50000000000049,B06_MV,cav,not_applicable,7245.995983236127,-3.5,0.0009837052733009243,4.0,on_ramp,on_ramp_mv,,normal,not_started,commit
BASIC-06,basic_01_06_900_bugcheck_20260605,535,53.50000000000049,B06_CLV,cav,not_applicable,8448.000000007538,0.0,29.999999996856737,1.3096936868350895e-09,lane_2,mainline,,normal,none,commit
BASIC-06,basic_01_06_900_bugcheck_20260605,535,53.50000000000049,B06_CFV,cav,not_applicable,8357.121438722701,3.5,30.042967878970813,0.791827585340266,lane_1,mainline,,normal,none,commit
BASIC-06,basic_01_06_900_bugcheck_20260605,535,53.50000000000049,B06_TLV_CFV,cav,not_applicable,8399.23883676225,3.5,29.956285090833422,-0.792455049900982,lane_1,mainline,,normal,none,commit
BASIC-06,basic_01_06_900_bugcheck_20260605,535,53.50000000000049,B06_TLV_CLV,cav,not_applicable,8441.620000012568,3.5,29.999999994763016,2.1820767415192677e-09,lane_1,mainline,,normal,none,commit
BASIC-06,basic_01_06_900_bugcheck_20260605,536,53.60000000000049,B06_MV,cav,not_applicable,7245.996079255149,-3.5,0.0009601902195044117,4.0,on_ramp,on_ramp_mv,,normal,not_started,commit
BASIC-06,basic_01_06_900_bugcheck_20260605,536,53.60000000000049,B06_CLV,cav,not_applicable,8451.000000007236,0.0,29.999999996982467,1.2573053709274973e-09,lane_2,mainline,,normal,none,commit
BASIC-06,basic_01_06_900_bugcheck_20260605,536,53.60000000000049,B06_CFV,cav,not_applicable,8360.121305009023,3.5,29.998662863225928,-0.4430501574488732,lane_1,mainline,,normal,none,commit
BASIC-06,basic_01_06_900_bugcheck_20260605,536,53.60000000000049,B06_TLV_CFV,cav,not_applicable,8402.23525427547,3.5,29.96417513220516,0.07890041371737844,lane_1,mainline,,normal,none,commit
BASIC-06,basic_01_06_900_bugcheck_20260605,536,53.60000000000049,B06_TLV_CLV,cav,not_applicable,8444.620000012066,3.5,29.999999994972494,2.094793671858497e-09,lane_1,mainline,,normal,none,commit
BASIC-06,basic_01_06_900_bugcheck_20260605,537,53.70000000000049,B06_MV,cav,not_applicable,7245.996172978877,-3.5,0.0009372372831158821,4.0,on_ramp,on_ramp_mv,,normal,not_started,commit
BASIC-06,basic_01_06_900_bugcheck_20260605,537,53.70000000000049,B06_CLV,cav,not_applicable,8454.000000006947,0.0,29.999999997103167,1.2070131560903974e-09,lane_2,mainline,,normal,none,commit
BASIC-06,basic_01_06_900_bugcheck_20260605,537,53.70000000000049,B06_CFV,cav,not_applicable,8363.124819066785,3.5,30.035140577616474,0.3647771439054674,lane_1,mainline,,normal,none,commit
BASIC-06,basic_01_06_900_bugcheck_20260605,537,53.70000000000049,B06_TLV_CFV,cav,not_applicable,8405.239590064803,3.5,30.043357893327492,0.7918276112233097,lane_1,mainline,,normal,none,commit
BASIC-06,basic_01_06_900_bugcheck_20260605,537,53.70000000000049,B06_TLV_CLV,cav,not_applicable,8447.620000011584,3.5,29.999999995173596,2.0110022092012516e-09,lane_1,mainline,,normal,none,commit
BASIC-06,basic_01_06_900_bugcheck_20260605,538,53.800000000000495,B06_MV,cav,not_applicable,7245.99626446218,-3.5,0.0009148330268423478,4.0,on_ramp,on_ramp_mv,,normal,not_started,commit
BASIC-06,basic_01_06_900_bugcheck_20260605,538,53.800000000000495,B06_CLV,cav,not_applicable,8457.000000006668,0.0,29.99999999721904,1.1587331982809702e-09,lane_2,mainline,,normal,none,commit
BASIC-06,basic_01_06_900_bugcheck_20260605,538,53.800000000000495,B06_CFV,cav,not_applicable,8366.120408573906,3.5,29.95589507120874,-0.7924550640773448,lane_1,mainline,,normal,none,commit
BASIC-06,basic_01_06_900_bugcheck_20260605,538,53.800000000000495,B06_TLV_CFV,cav,not_applicable,8408.239495352773,3.5,29.999052879700308,-0.44305013627183754,lane_1,mainline,,normal,none,commit
BASIC-06,basic_01_06_900_bugcheck_20260605,538,53.800000000000495,B06_TLV_CLV,cav,not_applicable,8450.62000001112,3.5,29.99999999536665,1.9305616660858506e-09,lane_1,mainline,,normal,none,commit
BASIC-06,basic_01_06_900_bugcheck_20260605,539,53.900000000000496,B06_MV,cav,not_applicable,7245.996353758614,-3.5,0.0008929643347240096,4.0,on_ramp,on_ramp_mv,,normal,not_started,commit
BASIC-06,basic_01_06_900_bugcheck_20260605,539,53.900000000000496,B06_CLV,cav,not_applicable,8460.000000006401,0.0,29.999999997330278,1.1123844956273388e-09,lane_2,mainline,,normal,none,commit
BASIC-06,basic_01_06_900_bugcheck_20260605,539,53.900000000000496,B06_CFV,cav,not_applicable,8369.116787085048,3.5,29.963785111420595,0.0789004021185361,lane_1,mainline,,normal,none,commit
BASIC-06,basic_01_06_900_bugcheck_20260605,539,53.900000000000496,B06_TLV_CFV,cav,not_applicable,8411.243048412354,3.5,30.03553059582352,0.364777161232133,lane_1,mainline,,normal,none,commit
BASIC-06,basic_01_06_900_bugcheck_20260605,539,53.900000000000496,B06_TLV_CLV,cav,not_applicable,8453.620000010675,3.5,29.999999995551985,1.853339881563443e-09,lane_1,mainline,,normal,none,commit
BASIC-06,basic_01_06_900_bugcheck_20260605,540,54.0000000000005,B06_MV,cav,not_applicable,7245.996440920454,-3.5,0.000871618404307467,4.0,on_ramp,on_ramp_mv,,normal,not_started,commit
BASIC-06,basic_01_06_900_bugcheck_20260605,540,54.0000000000005,B06_CLV,cav,not_applicable,8463.000000006145,0.0,29.999999997437065,1.0678888884285698e-09,lane_2,mainline,,normal,none,commit
BASIC-06,basic_01_06_900_bugcheck_20260605,540,54.0000000000005,B06_CFV,cav,not_applicable,8372.121083872207,3.5,30.04296787159393,0.7918276017333478,lane_1,mainline,,normal,none,commit
BASIC-06,basic_01_06_900_bugcheck_20260605,540,54.0000000000005,B06_TLV_CFV,cav,not_applicable,8414.238676921437,3.5,29.956285090833422,-0.792455049900982,lane_1,mainline,,normal,none,commit
BASIC-06,basic_01_06_900_bugcheck_20260605,540,54.0000000000005,B06_TLV_CLV,cav,not_applicable,8456.620000010247,3.5,29.999999995729905,1.7792061157706485e-09,lane_1,mainline,,normal,none,commit
BASIC-06,basic_01_06_900_bugcheck_20260605,541,54.1000000000005,B06_MV,cav,not_applicable,7245.9965259987275,-3.5,0.0008507827392537506,4.0,on_ramp,on_ramp_mv,,normal,not_started,commit
BASIC-06,basic_01_06_900_bugcheck_20260605,541,54.1000000000005,B06_CLV,cav,not_applicable,8466.000000005899,0.0,29.999999997539582,1.0251739013256155e-09,lane_2,mainline,,normal,none,commit
BASIC-06,basic_01_06_900_bugcheck_20260605,541,54.1000000000005,B06_CFV,cav,not_applicable,8375.120950157927,3.5,29.998662857190297,-0.4430501440363518,lane_1,mainline,,normal,none,commit
BASIC-06,basic_01_06_900_bugcheck_20260605,541,54.1000000000005,B06_TLV_CFV,cav,not_applicable,8417.235094434658,3.5,29.96417513220516,0.07890041371737844,lane_1,mainline,,normal,none,commit
BASIC-06,basic_01_06_900_bugcheck_20260605,541,54.1000000000005,B06_TLV_CLV,cav,not_applicable,8459.620000009838,3.5,29.99999999590071,1.7080381553569168e-09,lane_1,mainline,,normal,none,commit
BASIC-06,basic_01_06_900_bugcheck_20260605,542,54.2000000000005,B06_MV,cav,not_applicable,7245.996609043242,-3.5,0.0008304451419463543,4.0,on_ramp,on_ramp_mv,,normal,not_started,commit
BASIC-06,basic_01_06_900_bugcheck_20260605,542,54.2000000000005,B06_CLV,cav,not_applicable,8469.000000005663,0.0,29.999999997638,9.841670589594288e-10,lane_2,mainline,,normal,none,commit
BASIC-06,basic_01_06_900_bugcheck_20260605,542,54.2000000000005,B06_CFV,cav,not_applicable,8378.124464215194,3.5,30.03514057267823,0.3647771548793486,lane_1,mainline,,normal,none,commit
BASIC-06,basic_01_06_900_bugcheck_20260605,542,54.2000000000005,B06_TLV_CFV,cav,not_applicable,8420.23943022399,3.5,30.043357893327492,0.7918276112233097,lane_1,mainline,,normal,none,commit
BASIC-06,basic_01_06_900_bugcheck_20260605,542,54.2000000000005,B06_TLV_CLV,cav,not_applicable,8462.620000009445,3.5,29.99999999606468,1.6397166291426402e-09,lane_1,mainline,,normal,none,commit
BASIC-06,basic_01_06_900_bugcheck_20260605,543,54.3000000000005,B06_MV,cav,not_applicable,7245.996690102613,-3.5,0.0008105937060992676,4.0,on_ramp,on_ramp_mv,,normal,not_started,commit
BASIC-06,basic_01_06_900_bugcheck_20260605,543,54.3000000000005,B06_CLV,cav,not_applicable,8472.000000005435,0.0,29.99999999773248,9.448001492273762e-10,lane_2,mainline,,normal,none,commit
BASIC-06,basic_01_06_900_bugcheck_20260605,543,54.3000000000005,B06_CFV,cav,not_applicable,8381.12005372191,3.5,29.95589506716836,-0.7924550550987147,lane_1,mainline,,normal,none,commit
BASIC-06,basic_01_06_900_bugcheck_20260605,543,54.3000000000005,B06_TLV_CFV,cav,not_applicable,8423.23933551196,3.5,29.999052879700308,-0.44305013627183754,lane_1,mainline,,normal,none,commit
BASIC-06,basic_01_06_900_bugcheck_20260605,543,54.3000000000005,B06_TLV_CLV,cav,not_applicable,8465.620000009067,3.5,29.999999996222094,1.574127850290097e-09,lane_1,mainline,,normal,none,commit
BASIC-06,basic_01_06_900_bugcheck_20260605,544,54.4000000000005,B06_MV,cav,not_applicable,7245.9967692242935,-3.5,0.0007912168102346506,4.0,on_ramp,on_ramp_mv,,normal,not_started,commit
BASIC-06,basic_01_06_900_bugcheck_20260605,544,54.4000000000005,B06_CLV,cav,not_applicable,8475.000000005217,0.0,29.99999999782318,9.070078021977679e-10,lane_2,mainline,,normal,none,commit
BASIC-06,basic_01_06_900_bugcheck_20260605,544,54.4000000000005,B06_CFV,cav,not_applicable,8384.116432232722,3.5,29.963785108114827,0.07890040946468801,lane_1,mainline,,normal,none,commit
BASIC-06,basic_01_06_900_bugcheck_20260605,544,54.4000000000005,B06_TLV_CFV,cav,not_applicable,8426.242888571542,3.5,30.03553059582352,0.364777161232133,lane_1,mainline,,normal,none,commit
BASIC-06,basic_01_06_900_bugcheck_20260605,544,54.4000000000005,B06_TLV_CLV,cav,not_applicable,8468.620000008705,3.5,29.99999999637321,1.5111623952179799e-09,lane_1,mainline,,normal,none,commit
BASIC-06,basic_01_06_900_bugcheck_20260605,545,54.500000000000504,B06_MV,cav,not_applicable,7245.996846454605,-3.5,0.0007723031109430993,4.0,on_ramp,on_ramp_mv,,normal,not_started,commit
BASIC-06,basic_01_06_900_bugcheck_20260605,545,54.500000000000504,B06_CLV,cav,not_applicable,8478.000000005008,0.0,29.999999997910255,8.707274901098572e-10,lane_2,mainline,,normal,none,commit
BASIC-06,basic_01_06_900_bugcheck_20260605,545,54.500000000000504,B06_CFV,cav,not_applicable,8387.12072901961,3.5,30.04296786888921,0.7918276077438356,lane_1,mainline,,normal,none,commit
BASIC-06,basic_01_06_900_bugcheck_20260605,545,54.500000000000504,B06_TLV_CFV,cav,not_applicable,8429.238517080625,3.5,29.956285090833422,-0.792455049900982,lane_1,mainline,,normal,none,commit
BASIC-06,basic_01_06_900_bugcheck_20260605,545,54.500000000000504,B06_TLV_CLV,cav,not_applicable,8471.620000008357,3.5,29.99999999651828,1.4507165246868682e-09,lane_1,mainline,,normal,none,commit
BASIC-06,basic_01_06_900_bugcheck_20260605,546,54.600000000000506,B06_MV,cav,not_applicable,7245.996921838758,-3.5,0.0007538415354916776,4.0,on_ramp,on_ramp_mv,,normal,not_started,commit
BASIC-06,basic_01_06_900_bugcheck_20260605,546,54.600000000000506,B06_CLV,cav,not_applicable,8481.000000004808,0.0,29.999999997993843,8.358981062883687e-10,lane_2,mainline,,normal,none,commit
BASIC-06,basic_01_06_900_bugcheck_20260605,546,54.600000000000506,B06_CFV,cav,not_applicable,8390.120595305109,3.5,29.998662854977344,-0.44305013911867985,lane_1,mainline,,normal,none,commit
BASIC-06,basic_01_06_900_bugcheck_20260605,546,54.600000000000506,B06_TLV_CFV,cav,not_applicable,8432.234934593846,3.5,29.96417513220516,0.07890041371737844,lane_1,mainline,,normal,none,commit
BASIC-06,basic_01_06_900_bugcheck_20260605,546,54.600000000000506,B06_TLV_CLV,cav,not_applicable,8474.620000008023,3.5,29.99999999665755,1.3926879205428124e-09,lane_1,mainline,,normal,none,commit
BASIC-06,basic_01_06_900_bugcheck_20260605,547,54.70000000000051,B06_MV,cav,not_applicable,7245.9969954208855,-3.5,0.0007358212761712356,4.0,on_ramp,on_ramp_mv,,normal,not_started,commit
BASIC-06,basic_01_06_900_bugcheck_20260605,547,54.70000000000051,B06_CLV,cav,not_applicable,8484.000000004615,0.0,29.999999998074088,8.024628073144413e-10,lane_2,mainline,,normal,none,commit
BASIC-06,basic_01_06_900_bugcheck_20260605,547,54.70000000000051,B06_CFV,cav,not_applicable,8393.124109362196,3.5,30.035140570867632,0.36477715890289836,lane_1,mainline,,normal,none,commit
BASIC-06,basic_01_06_900_bugcheck_20260605,547,54.70000000000051,B06_TLV_CFV,cav,not_applicable,8435.239270383177,3.5,30.043357893327492,0.7918276112233097,lane_1,mainline,,normal,none,commit
BASIC-06,basic_01_06_900_bugcheck_20260605,547,54.70000000000051,B06_TLV_CLV,cav,not_applicable,8477.620000007702,3.5,29.99999999679125,1.336979948973749e-09,lane_1,mainline,,normal,none,commit
BASIC-06,basic_01_06_900_bugcheck_20260605,548,54.80000000000051,B06_MV,cav,not_applicable,7245.997067244064,-3.5,0.0007182317833392641,4.0,on_ramp,on_ramp_mv,,normal,not_started,commit
BASIC-06,basic_01_06_900_bugcheck_20260605,548,54.80000000000051,B06_CLV,cav,not_applicable,8487.00000000443,0.0,29.999999998151125,7.703647497692146e-10,lane_2,mainline,,normal,none,commit
BASIC-06,basic_01_06_900_bugcheck_20260605,548,54.80000000000051,B06_CFV,cav,not_applicable,8396.119698868764,3.5,29.95589506568696,-0.7924550518067195,lane_1,mainline,,normal,none,commit
BASIC-06,basic_01_06_900_bugcheck_20260605,548,54.80000000000051,B06_TLV_CFV,cav,not_applicable,8438.239175671148,3.5,29.999052879700308,-0.44305013627183754,lane_1,mainline,,normal,none,commit
BASIC-06,basic_01_06_900_bugcheck_20260605,548,54.80000000000051,B06_TLV_CLV,cav,not_applicable,8480.620000007395,3.5,29.9999999969196,1.2835002394240292e-09,lane_1,mainline,,normal,none,commit
BASIC-06,basic_01_06_900_bugcheck_20260605,549,54.90000000000051,B06_MV,cav,not_applicable,7245.99713735034,-3.5,0.0007010627597672128,4.0,on_ramp,on_ramp_mv,,normal,not_started,commit
BASIC-06,basic_01_06_900_bugcheck_20260605,549,54.90000000000051,B06_CLV,cav,not_applicable,8490.000000004251,0.0,29.99999999822508,7.395499324047706e-10,lane_2,mainline,,normal,none,commit
BASIC-06,basic_01_06_900_bugcheck_20260605,549,54.90000000000051,B06_CFV,cav,not_applicable,8399.116077379455,3.5,29.963785106902773,0.0789004121581387,lane_1,mainline,,normal,none,commit
BASIC-06,basic_01_06_900_bugcheck_20260605,549,54.90000000000051,B06_TLV_CFV,cav,not_applicable,8441.24272873073,3.5,30.03553059582352,0.364777161232133,lane_1,mainline,,normal,none,commit
BASIC-06,basic_01_06_900_bugcheck_20260605,549,54.90000000000051,B06_TLV_CLV,cav,not_applicable,8483.620000007098,3.5,29.999999997042814,1.232160684594419e-09,lane_1,mainline,,normal,none,commit
BASIC-06,basic_01_06_900_bugcheck_20260605,550,55.00000000000051,B06_MV,cav,not_applicable,7245.997205780755,-3.5,0.000684304154335577,4.0,on_ramp,on_ramp_mv,,normal,not_started,commit
BASIC-06,basic_01_06_900_bugcheck_20260605,550,55.00000000000051,B06_CLV,cav,not_applicable,8493.00000000408,0.0,29.999999998296076,7.099686172296061e-10,lane_2,mainline,,normal,none,commit
BASIC-06,basic_01_06_900_bugcheck_20260605,550,55.00000000000051,B06_CFV,cav,not_applicable,8402.120374166245,3.5,30.04296786789753,0.7918276099475681,lane_1,mainline,,normal,none,commit
BASIC-06,basic_01_06_900_bugcheck_20260605,550,55.00000000000051,B06_TLV_CFV,cav,not_applicable,8444.238357239812,3.5,29.956285090833422,-0.792455049900982,lane_1,mainline,,normal,none,commit
BASIC-06,basic_01_06_900_bugcheck_20260605,550,55.00000000000051,B06_TLV_CLV,cav,not_applicable,8486.620000006815,3.5,29.9999999971611,1.1828745982711554e-09,lane_1,mainline,,normal,none,commit
BASIC-06,basic_01_06_900_bugcheck_20260605,551,55.10000000000051,B06_MV,cav,not_applicable,7245.997272575371,-3.5,0.0006679461563812163,4.0,on_ramp,on_ramp_mv,,normal,not_started,commit
BASIC-06,basic_01_06_900_bugcheck_20260605,551,55.10000000000051,B06_CLV,cav,not_applicable,8496.000000003916,0.0,29.99999999836423,6.815696451667464e-10,lane_2,mainline,,normal,none,commit
BASIC-06,basic_01_06_900_bugcheck_20260605,551,55.10000000000051,B06_CFV,cav,not_applicable,8405.12024045166,3.5,29.998662854165968,-0.44305013731562615,lane_1,mainline,,normal,none,commit
BASIC-06,basic_01_06_900_bugcheck_20260605,551,55.10000000000051,B06_TLV_CFV,cav,not_applicable,8447.234774753033,3.5,29.96417513220516,0.07890041371737844,lane_1,mainline,,normal,none,commit
BASIC-06,basic_01_06_900_bugcheck_20260605,551,55.10000000000051,B06_TLV_CLV,cav,not_applicable,8489.620000006542,3.5,29.999999997274656,1.1355595574968903e-09,lane_1,mainline,,normal,none,commit
BASIC-06,basic_01_06_900_bugcheck_20260605,552,55.200000000000514,B06_MV,cav,not_applicable,7245.99733777329,-3.5,0.0006519791891750296,4.0,on_ramp,on_ramp_mv,,normal,not_started,commit
BASIC-06,basic_01_06_900_bugcheck_20260605,552,55.200000000000514,B06_CLV,cav,not_applicable,8499.00000000376,0.0,29.99999999842966,6.543075414811029e-10,lane_2,mainline,,normal,none,commit
BASIC-06,basic_01_06_900_bugcheck_20260605,552,55.200000000000514,B06_CFV,cav,not_applicable,8408.12375450868,3.5,30.03514057020378,0.36477716037812413,lane_1,mainline,,normal,none,commit
BASIC-06,basic_01_06_900_bugcheck_20260605,552,55.200000000000514,B06_TLV_CFV,cav,not_applicable,8450.239110542365,3.5,30.043357893327492,0.7918276112233097,lane_1,mainline,,normal,none,commit
BASIC-06,basic_01_06_900_bugcheck_20260605,552,55.200000000000514,B06_TLV_CLV,cav,not_applicable,8492.62000000628,3.5,29.99999999738367,1.0901374025706901e-09,lane_1,mainline,,normal,none,commit
BASIC-06,basic_01_06_900_bugcheck_20260605,553,55.300000000000516,B06_MV,cav,not_applicable,7245.997401412681,-3.5,0.0006363939055737394,4.0,on_ramp,on_ramp_mv,,normal,not_started,commit
BASIC-06,basic_01_06_900_bugcheck_20260605,553,55.300000000000516,B06_CLV,cav,not_applicable,8502.000000003609,0.0,29.999999998492473,6.281354103521154e-10,lane_2,mainline,,normal,none,commit
BASIC-06,basic_01_06_900_bugcheck_20260605,553,55.300000000000516,B06_CFV,cav,not_applicable,8411.119344015195,3.5,29.955895065143807,-0.7924550505997165,lane_1,mainline,,normal,none,commit
BASIC-06,basic_01_06_900_bugcheck_20260605,553,55.300000000000516,B06_TLV_CFV,cav,not_applicable,8453.239015830335,3.5,29.999052879700308,-0.44305013627183754,lane_1,mainline,,normal,none,commit
BASIC-06,basic_01_06_900_bugcheck_20260605,553,55.300000000000516,B06_TLV_CLV,cav,not_applicable,8495.620000006029,3.5,29.999999997488324,1.0465313948770928e-09,lane_1,mainline,,normal,none,commit
BASIC-06,basic_01_06_900_bugcheck_20260605,554,55.40000000000052,B06_MV,cav,not_applicable,7245.997463530799,-3.5,0.0006211811814975668,4.0,on_ramp,on_ramp_mv,,normal,not_started,commit
BASIC-06,basic_01_06_900_bugcheck_20260605,554,55.40000000000052,B06_CLV,cav,not_applicable,8505.000000003463,0.0,29.999999998552774,6.030106192156382e-10,lane_2,mainline,,normal,none,commit
BASIC-06,basic_01_06_900_bugcheck_20260605,554,55.40000000000052,B06_CFV,cav,not_applicable,8414.115722525841,3.5,29.963785106458374,0.07890041314568652,lane_1,mainline,,normal,none,commit
BASIC-06,basic_01_06_900_bugcheck_20260605,554,55.40000000000052,B06_TLV_CFV,cav,not_applicable,8456.242568889917,3.5,30.03553059582352,0.364777161232133,lane_1,mainline,,normal,none,commit
BASIC-06,basic_01_06_900_bugcheck_20260605,554,55.40000000000052,B06_TLV_CLV,cav,not_applicable,8498.620000005787,3.5,29.99999999758879,1.0046704801425223e-09,lane_1,mainline,,normal,none,commit
BASIC-06,basic_01_06_900_bugcheck_20260605,555,55.50000000000052,B06_MV,cav,not_applicable,7245.99752416401,-3.5,0.0006063321111471937,4.0,on_ramp,on_ramp_mv,,normal,not_started,commit
BASIC-06,basic_01_06_900_bugcheck_20260605,555,55.50000000000052,B06_CLV,cav,not_applicable,8508.000000003325,0.0,29.99999999861066,5.788905355075258e-10,lane_2,mainline,,normal,none,commit
BASIC-06,basic_01_06_900_bugcheck_20260605,555,55.50000000000052,B06_CFV,cav,not_applicable,8417.120019312595,3.5,30.042967867533932,0.7918276107555617,lane_1,mainline,,normal,none,commit
BASIC-06,basic_01_06_900_bugcheck_20260605,555,55.50000000000052,B06_TLV_CFV,cav,not_applicable,8459.238197399,3.5,29.956285090833422,-0.792455049900982,lane_1,mainline,,normal,none,commit
BASIC-06,basic_01_06_900_bugcheck_20260605,555,55.50000000000052,B06_TLV_CLV,cav,not_applicable,8501.620000005556,3.5,29.99999999768524,9.644836040934024e-10,lane_1,mainline,,normal,none,commit
BASIC-06,basic_01_06_900_bugcheck_20260605,556,55.60000000000052,B06_MV,cav,not_applicable,7245.99758334781,-3.5,0.0005918380013510817,4.0,on_ramp,on_ramp_mv,,normal,not_started,commit
BASIC-06,basic_01_06_900_bugcheck_20260605,556,55.60000000000052,B06_CLV,cav,not_applicable,8511.000000003192,0.0,29.999999998666237,5.557353688345757e-10,lane_2,mainline,,normal,none,commit
BASIC-06,basic_01_06_900_bugcheck_20260605,556,55.60000000000052,B06_CFV,cav,not_applicable,8420.119885597982,3.5,29.998662853868478,-0.4430501366545404,lane_1,mainline,,normal,none,commit
BASIC-06,basic_01_06_900_bugcheck_20260605,556,55.60000000000052,B06_TLV_CFV,cav,not_applicable,8462.23461491222,3.5,29.96417513220516,0.07890041371737844,lane_1,mainline,,normal,none,commit
BASIC-06,basic_01_06_900_bugcheck_20260605,556,55.60000000000052,B06_TLV_CLV,cav,not_applicable,8504.620000005334,3.5,29.99999999777783,9.259039757125721e-10,lane_1,mainline,,normal,none,commit
BASIC-06,basic_01_06_900_bugcheck_20260605,557,55.70000000000052,B06_MV,cav,not_applicable,7245.997641116847,-3.5,0.0005776903672172555,4.0,on_ramp,on_ramp_mv,,normal,not_started,commit
BASIC-06,basic_01_06_900_bugcheck_20260605,557,55.70000000000052,B06_CLV,cav,not_applicable,8514.000000003065,0.0,29.999999998719588,5.335053288035851e-10,lane_2,mainline,,normal,none,commit
BASIC-06,basic_01_06_900_bugcheck_20260605,557,55.70000000000052,B06_CFV,cav,not_applicable,8423.123399654978,3.5,30.03514056996038,0.36477716091901247,lane_1,mainline,,normal,none,commit
BASIC-06,basic_01_06_900_bugcheck_20260605,557,55.70000000000052,B06_TLV_CFV,cav,not_applicable,8465.238950701552,3.5,30.043357893327492,0.7918276112233097,lane_1,mainline,,normal,none,commit
BASIC-06,basic_01_06_900_bugcheck_20260605,557,55.70000000000052,B06_TLV_CLV,cav,not_applicable,8507.620000005121,3.5,29.999999997866716,8.888676461538125e-10,lane_1,mainline,,normal,none,commit
BASIC-06,basic_01_06_900_bugcheck_20260605,558,55.80000000000052,B06_MV,cav,not_applicable,7245.997697504939,-3.5,0.0005638809260457998,4.0,on_ramp,on_ramp_mv,,normal,not_started,commit
BASIC-06,basic_01_06_900_bugcheck_20260605,558,55.80000000000052,B06_CLV,cav,not_applicable,8517.000000002941,0.0,29.999999998770804,5.121648882777663e-10,lane_2,mainline,,normal,none,commit
BASIC-06,basic_01_06_900_bugcheck_20260605,558,55.80000000000052,B06_CFV,cav,not_applicable,8426.118989161472,3.5,29.955895064944663,-0.7924550501571715,lane_1,mainline,,normal,none,commit
BASIC-06,basic_01_06_900_bugcheck_20260605,558,55.80000000000052,B06_TLV_CFV,cav,not_applicable,8468.238855989523,3.5,29.999052879700308,-0.44305013627183754,lane_1,mainline,,normal,none,commit
BASIC-06,basic_01_06_900_bugcheck_20260605,558,55.80000000000052,B06_TLV_CLV,cav,not_applicable,8510.620000004916,3.5,29.99999999795205,8.533135087418487e-10,lane_1,mainline,,normal,none,commit
BASIC-06,basic_01_06_900_bugcheck_20260605,559,55.900000000000524,B06_MV,cav,not_applicable,7245.997752545099,-3.5,0.0005504015938502871,4.0,on_ramp,on_ramp_mv,,normal,not_started,commit
BASIC-06,basic_01_06_900_bugcheck_20260605,559,55.900000000000524,B06_CLV,cav,not_applicable,8520.000000002823,0.0,29.999999998819973,4.916785201203311e-10,lane_2,mainline,,normal,none,commit
BASIC-06,basic_01_06_900_bugcheck_20260605,559,55.900000000000524,B06_CFV,cav,not_applicable,8429.115367672102,3.5,29.96378510629544,0.07890041350776877,lane_1,mainline,,normal,none,commit
BASIC-06,basic_01_06_900_bugcheck_20260605,559,55.900000000000524,B06_TLV_CFV,cav,not_applicable,8471.242409049104,3.5,30.03553059582352,0.364777161232133,lane_1,mainline,,normal,none,commit
BASIC-06,basic_01_06_900_bugcheck_20260605,559,55.900000000000524,B06_TLV_CLV,cav,not_applicable,8513.62000000472,3.5,29.999999998033967,8.19180456801405e-10,lane_1,mainline,,normal,none,commit
BASIC-06,basic_01_06_900_bugcheck_20260605,560,56.000000000000526,B06_MV,cav,not_applicable,7245.997806269546,-3.5,0.0005372444792702737,4.0,on_ramp,on_ramp_mv,,normal,not_started,commit
BASIC-06,basic_01_06_900_bugcheck_20260605,560,56.000000000000526,B06_CLV,cav,not_applicable,8523.00000000271,0.0,29.999999998867175,4.720106971944916e-10,lane_2,mainline,,normal,none,commit
BASIC-06,basic_01_06_900_bugcheck_20260605,560,56.000000000000526,B06_CFV,cav,not_applicable,8432.119664458842,3.5,30.04296786740062,0.7918276110518109,lane_1,mainline,,normal,none,commit
BASIC-06,basic_01_06_900_bugcheck_20260605,560,56.000000000000526,B06_TLV_CFV,cav,not_applicable,8474.238037558187,3.5,29.956285090833422,-0.792455049900982,lane_1,mainline,,normal,none,commit
BASIC-06,basic_01_06_900_bugcheck_20260605,560,56.000000000000526,B06_TLV_CLV,cav,not_applicable,8516.62000000453,3.5,29.99999999811261,7.864130679990922e-10,lane_1,mainline,,normal,none,commit
BASIC-06,basic_01_06_900_bugcheck_20260605,561,56.10000000000053,B06_MV,cav,not_applicable,7245.997858709734,-3.5,0.0005244018798753167,4.0,on_ramp,on_ramp_mv,,normal,not_started,commit
BASIC-06,basic_01_06_900_bugcheck_20260605,561,56.10000000000053,B06_CLV,cav,not_applicable,8526.000000002601,0.0,29.999999998912486,4.5313015561987414e-10,lane_2,mainline,,normal,none,commit
BASIC-06,basic_01_06_900_bugcheck_20260605,561,56.10000000000053,B06_CFV,cav,not_applicable,8435.119530744218,3.5,29.998662853759406,-0.44305013641215474,lane_1,mainline,,normal,none,commit
BASIC-06,basic_01_06_900_bugcheck_20260605,561,56.10000000000053,B06_TLV_CFV,cav,not_applicable,8477.234455071408,3.5,29.96417513220516,0.07890041371737844,lane_1,mainline,,normal,none,commit
BASIC-06,basic_01_06_900_bugcheck_20260605,561,56.10000000000053,B06_TLV_CLV,cav,not_applicable,8519.620000004348,3.5,29.999999998188105,7.54955920001521e-10,lane_1,mainline,,normal,none,commit
BASIC-06,basic_01_06_900_bugcheck_20260605,562,56.20000000000053,B06_MV,cav,not_applicable,7245.997909896361,-3.5,0.0005118662773819352,4.0,on_ramp,on_ramp_mv,,normal,not_started,commit
BASIC-06,basic_01_06_900_bugcheck_20260605,562,56.20000000000053,B06_CLV,cav,not_applicable,8529.000000002497,0.0,29.999999998955985,4.3500563151610554e-10,lane_2,mainline,,normal,none,commit
BASIC-06,basic_01_06_900_bugcheck_20260605,562,56.20000000000053,B06_CFV,cav,not_applicable,8438.123044801205,3.5,30.03514056987114,0.364777161117328,lane_1,mainline,,normal,none,commit
BASIC-06,basic_01_06_900_bugcheck_20260605,562,56.20000000000053,B06_TLV_CFV,cav,not_applicable,8480.23879086074,3.5,30.043357893327492,0.7918276112233097,lane_1,mainline,,normal,none,commit
BASIC-06,basic_01_06_900_bugcheck_20260605,562,56.20000000000053,B06_TLV_CLV,cav,not_applicable,8522.620000004174,3.5,29.99999999826058,7.247578537317168e-10,lane_1,mainline,,normal,none,commit
BASIC-06,basic_01_06_900_bugcheck_20260605,563,56.30000000000053,B06_MV,cav,not_applicable,7245.9979598593945,-3.5,0.000499630333087984,4.0,on_ramp,on_ramp_mv,,normal,not_started,commit
BASIC-06,basic_01_06_900_bugcheck_20260605,563,56.30000000000053,B06_CLV,cav,not_applicable,8532.000000002397,0.0,29.999999998997747,4.176058610028122e-10,lane_2,mainline,,normal,none,commit
BASIC-06,basic_01_06_900_bugcheck_20260605,563,56.30000000000053,B06_CFV,cav,not_applicable,8441.118634307692,3.5,29.955895064871648,-0.7924550499949135,lane_1,mainline,,normal,none,commit
BASIC-06,basic_01_06_900_bugcheck_20260605,563,56.30000000000053,B06_TLV_CFV,cav,not_applicable,8483.23869614871,3.5,29.999052879700308,-0.44305013627183754,lane_1,mainline,,normal,none,commit
BASIC-06,basic_01_06_900_bugcheck_20260605,563,56.30000000000053,B06_TLV_CLV,cav,not_applicable,8525.620000004006,3.5,29.999999998330157,6.957677101127047e-10,lane_1,mainline,,normal,none,commit
BASIC-06,basic_01_06_900_bugcheck_20260605,564,56.40000000000053,B06_MV,cav,not_applicable,7245.998008628083,-3.5,0.0004876868837418475,4.0,on_ramp,on_ramp_mv,,normal,not_started,commit
BASIC-06,basic_01_06_900_bugcheck_20260605,564,56.40000000000053,B06_CLV,cav,not_applicable,8535.000000002301,0.0,29.999999999037836,4.0090100128509223e-10,lane_2,mainline,,normal,none,commit
BASIC-06,basic_01_06_900_bugcheck_20260605,564,56.40000000000053,B06_CFV,cav,not_applicable,8444.115012818314,3.5,29.9637851062357,0.07890041364052547,lane_1,mainline,,normal,none,commit
BASIC-06,basic_01_06_900_bugcheck_20260605,564,56.40000000000053,B06_TLV_CFV,cav,not_applicable,8486.242249208291,3.5,30.03553059582352,0.364777161232133,lane_1,mainline,,normal,none,commit
BASIC-06,basic_01_06_900_bugcheck_20260605,564,56.40000000000053,B06_TLV_CLV,cav,not_applicable,8528.620000003846,3.5,29.99999999839695,6.679371722384531e-10,lane_1,mainline,,normal,none,commit
BASIC-06,basic_01_06_900_bugcheck_20260605,565,56.50000000000053,B06_MV,cav,not_applicable,7245.9980562309765,-3.5,0.00047602893741163413,4.0,on_ramp,on_ramp_mv,,normal,not_started,commit
BASIC-06,basic_01_06_900_bugcheck_20260605,565,56.50000000000053,B06_CLV,cav,not_applicable,8538.000000002208,0.0,29.999999999076323,3.8486547282445827e-10,lane_2,mainline,,normal,none,commit
BASIC-06,basic_01_06_900_bugcheck_20260605,565,56.50000000000053,B06_CFV,cav,not_applicable,8447.11930960505,3.5,30.042967867351745,0.79182761116043,lane_1,mainline,,normal,none,commit
BASIC-06,basic_01_06_900_bugcheck_20260605,565,56.50000000000053,B06_TLV_CFV,cav,not_applicable,8489.237877717374,3.5,29.956285090833422,-0.792455049900982,lane_1,mainline,,normal,none,commit
BASIC-06,basic_01_06_900_bugcheck_20260605,565,56.50000000000053,B06_TLV_CLV,cav,not_applicable,8531.620000003692,3.5,29.999999998461075,6.412193442884018e-10,lane_1,mainline,,normal,none,commit
BASIC-06,basic_01_06_900_bugcheck_20260605,566,56.600000000000534,B06_MV,cav,not_applicable,7245.998102695943,-3.5,0.0004646496693543713,4.0,on_ramp,on_ramp_mv,,normal,not_started,commit
BASIC-06,basic_01_06_900_bugcheck_20260605,566,56.600000000000534,B06_CLV,cav,not_applicable,8541.00000000212,0.0,29.99999999911327,3.6947085391147995e-10,lane_2,mainline,,normal,none,commit
BASIC-06,basic_01_06_900_bugcheck_20260605,566,56.600000000000534,B06_CFV,cav,not_applicable,8450.119175890422,3.5,29.998662853719416,-0.4430501363232845,lane_1,mainline,,normal,none,commit
BASIC-06,basic_01_06_900_bugcheck_20260605,566,56.600000000000534,B06_TLV_CFV,cav,not_applicable,8492.234295230595,3.5,29.96417513220516,0.07890041371737844,lane_1,mainline,,normal,none,commit
BASIC-06,basic_01_06_900_bugcheck_20260605,566,56.600000000000534,B06_TLV_CLV,cav,not_applicable,8534.620000003544,3.5,29.999999998522632,6.155701726129337e-10,lane_1,mainline,,normal,none,commit
BASIC-06,basic_01_06_900_bugcheck_20260605,567,56.700000000000536,B06_MV,cav,not_applicable,7245.998148050185,-3.5,0.0004535424178851993,4.0,on_ramp,on_ramp_mv,,normal,not_started,commit
BASIC-06,basic_01_06_900_bugcheck_20260605,567,56.700000000000536,B06_CLV,cav,not_applicable,8544.000000002034,0.0,29.99999999914874,3.5469156500766986e-10,lane_2,mainline,,normal,none,commit
BASIC-06,basic_01_06_900_bugcheck_20260605,567,56.700000000000536,B06_CFV,cav,not_applicable,8453.122689947406,3.5,30.035140569838422,0.36477716119004,lane_1,mainline,,normal,none,commit
BASIC-06,basic_01_06_900_bugcheck_20260605,567,56.700000000000536,B06_TLV_CFV,cav,not_applicable,8495.238631019927,3.5,30.043357893327492,0.7918276112233097,lane_1,mainline,,normal,none,commit
BASIC-06,basic_01_06_900_bugcheck_20260605,567,56.700000000000536,B06_TLV_CLV,cav,not_applicable,8537.620000003402,3.5,29.99999999858173,5.909470246479032e-10,lane_1,mainline,,normal,none,commit
BASIC-06,basic_01_06_900_bugcheck_20260605,568,56.80000000000054,B06_MV,cav,not_applicable,7245.998192320253,-3.5,0.00044270068046397697,4.0,on_ramp,on_ramp_mv,,normal,not_started,commit
BASIC-06,basic_01_06_900_bugcheck_20260605,568,56.80000000000054,B06_CLV,cav,not_applicable,8547.000000001952,0.0,29.99999999918279,3.405034476600122e-10,lane_2,mainline,,normal,none,commit
BASIC-06,basic_01_06_900_bugcheck_20260605,568,56.80000000000054,B06_CFV,cav,not_applicable,8456.11827945389,3.5,29.95589506484488,-0.7924550499354217,lane_1,mainline,,normal,none,commit
BASIC-06,basic_01_06_900_bugcheck_20260605,568,56.80000000000054,B06_TLV_CFV,cav,not_applicable,8498.238536307897,3.5,29.999052879700308,-0.44305013627183754,lane_1,mainline,,normal,none,commit
BASIC-06,basic_01_06_900_bugcheck_20260605,568,56.80000000000054,B06_TLV_CLV,cav,not_applicable,8540.620000003266,3.5,29.999999998638458,5.673086889146362e-10,lane_1,mainline,,normal,none,commit
BASIC-06,basic_01_06_900_bugcheck_20260605,569,56.90000000000054,B06_MV,cav,not_applicable,7245.998235532064,-3.5,0.00043211810999929765,4.0,on_ramp,on_ramp_mv,,normal,not_started,commit
BASIC-06,basic_01_06_900_bugcheck_20260605,569,56.90000000000054,B06_CLV,cav,not_applicable,8550.000000001874,0.0,29.99999999921548,3.268837645009626e-10,lane_2,mainline,,normal,none,commit
BASIC-06,basic_01_06_900_bugcheck_20260605,569,56.90000000000054,B06_CFV,cav,not_applicable,8459.114657964512,3.5,29.963785106213802,0.07890041368920053,lane_1,mainline,,normal,none,commit
BASIC-06,basic_01_06_900_bugcheck_20260605,569,56.90000000000054,B06_TLV_CFV,cav,not_applicable,8501.242089367479,3.5,30.03553059582352,0.364777161232133,lane_1,mainline,,normal,none,commit
BASIC-06,basic_01_06_900_bugcheck_20260605,569,56.90000000000054,B06_TLV_CLV,cav,not_applicable,8543.620000003135,3.5,29.99999999869292,5.446167961054016e-10,lane_1,mainline,,normal,none,commit
BASIC-06,basic_01_06_900_bugcheck_20260605,570,57.00000000000054,B06_MV,cav,not_applicable,7245.998277710915,-3.5,0.0004217885113699162,4.0,on_ramp,on_ramp_mv,,normal,not_started,commit
BASIC-06,basic_01_06_900_bugcheck_20260605,570,57.00000000000054,B06_CLV,cav,not_applicable,8553.000000001799,0.0,29.99999999924686,3.1380835707750525e-10,lane_2,mainline,,normal,none,commit
BASIC-06,basic_01_06_900_bugcheck_20260605,570,57.00000000000054,B06_CFV,cav,not_applicable,8462.118954751246,3.5,30.04296786733383,0.791827611200255,lane_1,mainline,,normal,none,commit
BASIC-06,basic_01_06_900_bugcheck_20260605,570,57.00000000000054,B06_TLV_CFV,cav,not_applicable,8504.237717876562,3.5,29.956285090833422,-0.792455049900982,lane_1,mainline,,normal,none,commit
BASIC-06,basic_01_06_900_bugcheck_20260605,570,57.00000000000054,B06_TLV_CLV,cav,not_applicable,8546.62000000301,3.5,29.999999998745203,5.228315558269969e-10,lane_1,mainline,,normal,none,commit
BASIC-06,basic_01_06_900_bugcheck_20260605,571,57.10000000000054,B06_MV,cav,not_applicable,7245.9983188814995,-3.5,0.00041170583751135395,4.0,on_ramp,on_ramp_mv,,normal,not_started,commit
BASIC-06,basic_01_06_900_bugcheck_20260605,571,57.10000000000054,B06_CLV,cav,not_applicable,8556.000000001726,0.0,29.999999999276987,3.012559091075673e-10,lane_2,mainline,,normal,none,commit
BASIC-06,basic_01_06_900_bugcheck_20260605,571,57.10000000000054,B06_CFV,cav,not_applicable,8465.118821036616,3.5,29.998662853704758,-0.44305013629070045,lane_1,mainline,,normal,none,commit
BASIC-06,basic_01_06_900_bugcheck_20260605,571,57.10000000000054,B06_TLV_CFV,cav,not_applicable,8507.234135389783,3.5,29.96417513220516,0.07890041371737844,lane_1,mainline,,normal,none,commit
BASIC-06,basic_01_06_900_bugcheck_20260605,571,57.10000000000054,B06_TLV_CLV,cav,not_applicable,8549.62000000289,3.5,29.999999998795396,5.019188620281057e-10,lane_1,mainline,,normal,none,commit
BASIC-06,basic_01_06_900_bugcheck_20260605,572,57.20000000000054,B06_MV,cav,not_applicable,7245.998359067918,-3.5,0.00040186418550250457,4.0,on_ramp,on_ramp_mv,,normal,not_started,commit
BASIC-06,basic_01_06_900_bugcheck_20260605,572,57.20000000000054,B06_CLV,cav,not_applicable,8559.000000001657,0.0,29.999999999305906,2.89205104309076e-10,lane_2,mainline,,normal,none,commit
BASIC-06,basic_01_06_900_bugcheck_20260605,572,57.20000000000054,B06_CFV,cav,not_applicable,8468.1223350936,3.5,30.035140569826428,0.3647771612166997,lane_1,mainline,,normal,none,commit
BASIC-06,basic_01_06_900_bugcheck_20260605,572,57.20000000000054,B06_TLV_CFV,cav,not_applicable,8510.238471179115,3.5,30.043357893327492,0.7918276112233097,lane_1,mainline,,normal,none,commit
BASIC-06,basic_01_06_900_bugcheck_20260605,572,57.20000000000054,B06_TLV_CLV,cav,not_applicable,8552.620000002773,3.5,29.99999999884358,4.818417664864682e-10,lane_1,mainline,,normal,none,commit
BASIC-06,basic_01_06_900_bugcheck_20260605,573,57.300000000000544,B06_MV,cav,not_applicable,7245.998398293697,-3.5,0.00039225779417411457,4.0,on_ramp,on_ramp_mv,,normal,not_started,commit
BASIC-06,basic_01_06_900_bugcheck_20260605,573,57.300000000000544,B06_CLV,cav,not_applicable,8562.00000000159,0.0,29.99999999933367,2.7763746857090155e-10,lane_2,mainline,,normal,none,commit
BASIC-06,basic_01_06_900_bugcheck_20260605,573,57.300000000000544,B06_CFV,cav,not_applicable,8471.117924600083,3.5,29.95589506483507,-0.7924550499136094,lane_1,mainline,,normal,none,commit
BASIC-06,basic_01_06_900_bugcheck_20260605,573,57.300000000000544,B06_TLV_CFV,cav,not_applicable,8513.238376467085,3.5,29.999052879700308,-0.44305013627183754,lane_1,mainline,,normal,none,commit
BASIC-06,basic_01_06_900_bugcheck_20260605,573,57.300000000000544,B06_TLV_CLV,cav,not_applicable,8555.620000002662,3.5,29.999999998889837,4.625675842362398e-10,lane_1,mainline,,normal,none,commit
BASIC-06,basic_01_06_900_bugcheck_20260605,574,57.400000000000546,B06_MV,cav,not_applicable,7245.998436581801,-3.5,0.0003828810393257456,4.0,on_ramp,on_ramp_mv,,normal,not_started,commit
BASIC-06,basic_01_06_900_bugcheck_20260605,574,57.400000000000546,B06_CLV,cav,not_applicable,8565.000000001526,0.0,29.999999999360323,2.665316856109712e-10,lane_2,mainline,,normal,none,commit
BASIC-06,basic_01_06_900_bugcheck_20260605,574,57.400000000000546,B06_CFV,cav,not_applicable,8474.114303110704,3.5,29.963785106205773,0.07890041370704692,lane_1,mainline,,normal,none,commit
BASIC-06,basic_01_06_900_bugcheck_20260605,574,57.400000000000546,B06_TLV_CFV,cav,not_applicable,8516.241929526666,3.5,30.03553059582352,0.364777161232133,lane_1,mainline,,normal,none,commit
BASIC-06,basic_01_06_900_bugcheck_20260605,574,57.400000000000546,B06_TLV_CLV,cav,not_applicable,8558.620000002555,3.5,29.999999998934243,4.440650513970468e-10,lane_1,mainline,,normal,none,commit
BASIC-06,basic_01_06_900_bugcheck_20260605,575,57.50000000000055,B06_MV,cav,not_applicable,7245.998473954644,-3.5,0.00037372843198648763,4.0,on_ramp,on_ramp_mv,,normal,not_started,commit
BASIC-06,basic_01_06_900_bugcheck_20260605,575,57.50000000000055,B06_CLV,cav,not_applicable,8568.000000001464,0.0,29.99999999938591,2.5587070240362663e-10,lane_2,mainline,,normal,none,commit
BASIC-06,basic_01_06_900_bugcheck_20260605,575,57.50000000000055,B06_CFV,cav,not_applicable,8477.118599897436,3.5,30.04296786732726,0.7918276112148566,lane_1,mainline,,normal,none,commit
BASIC-06,basic_01_06_900_bugcheck_20260605,575,57.50000000000055,B06_TLV_CFV,cav,not_applicable,8519.23755803575,3.5,29.956285090833422,-0.792455049900982,lane_1,mainline,,normal,none,commit
BASIC-06,basic_01_06_900_bugcheck_20260605,575,57.50000000000055,B06_TLV_CLV,cav,not_applicable,8561.620000002453,3.5,29.99999999897687,4.263029040885158e-10,lane_1,mainline,,normal,none,commit
BASIC-06,basic_01_06_900_bugcheck_20260605,576,57.60000000000055,B06_MV,cav,not_applicable,7245.998510434106,-3.5,0.00036479461363192136,4.0,on_ramp,on_ramp_mv,,normal,not_started,commit
BASIC-06,basic_01_06_900_bugcheck_20260605,576,57.60000000000055,B06_CLV,cav,not_applicable,8571.000000001406,0.0,29.999999999410473,2.456360448377382e-10,lane_2,mainline,,normal,none,commit
BASIC-06,basic_01_06_900_bugcheck_20260605,576,57.60000000000055,B06_CFV,cav,not_applicable,8480.118466182807,3.5,29.998662853699383,-0.44305013627875367,lane_1,mainline,,normal,none,commit
BASIC-06,basic_01_06_900_bugcheck_20260605,576,57.60000000000055,B06_TLV_CFV,cav,not_applicable,8522.23397554897,3.5,29.96417513220516,0.07890041371737844,lane_1,mainline,,normal,none,commit
BASIC-06,basic_01_06_900_bugcheck_20260605,576,57.60000000000055,B06_TLV_CLV,cav,not_applicable,8564.620000002355,3.5,29.999999999017795,4.092512995157449e-10,lane_1,mainline,,normal,none,commit
BASIC-06,basic_01_06_900_bugcheck_20260605,577,57.70000000000055,B06_MV,cav,not_applicable,7245.998546041541,-3.5,0.0003560743544448313,4.0,on_ramp,on_ramp_mv,,normal,not_started,commit
BASIC-06,basic_01_06_900_bugcheck_20260605,577,57.70000000000055,B06_CLV,cav,not_applicable,8574.00000000135,0.0,29.999999999434053,2.358106598876475e-10,lane_2,mainline,,normal,none,commit
BASIC-06,basic_01_06_900_bugcheck_20260605,577,57.70000000000055,B06_CFV,cav,not_applicable,8483.121980239788,3.5,30.03514056982203,0.3647771612264743,lane_1,mainline,,normal,none,commit
BASIC-06,basic_01_06_900_bugcheck_20260605,577,57.70000000000055,B06_TLV_CFV,cav,not_applicable,8525.238311338302,3.5,30.043357893327492,0.7918276112233097,lane_1,mainline,,normal,none,commit
BASIC-06,basic_01_06_900_bugcheck_20260605,577,57.70000000000055,B06_TLV_CLV,cav,not_applicable,8567.62000000226,3.5,29.999999999057085,3.9288181596930375e-10,lane_1,mainline,,normal,none,commit
BASIC-06,basic_01_06_900_bugcheck_20260605,578,57.80000000000055,B06_MV,cav,not_applicable,7245.9985807977955,-3.5,0.0003475625494018113,4.0,on_ramp,on_ramp_mv,,normal,not_started,commit
BASIC-06,basic_01_06_900_bugcheck_20260605,578,57.80000000000055,B06_CLV,cav,not_applicable,8577.000000001295,0.0,29.99999999945669,2.2637891561316792e-10,lane_2,mainline,,normal,none,commit
BASIC-06,basic_01_06_900_bugcheck_20260605,578,57.80000000000055,B06_CFV,cav,not_applicable,8486.117569746271,3.5,29.95589506483147,-0.7924550499056119,lane_1,mainline,,normal,none,commit
BASIC-06,basic_01_06_900_bugcheck_20260605,578,57.80000000000055,B06_TLV_CFV,cav,not_applicable,8528.238216626272,3.5,29.999052879700308,-0.44305013627183754,lane_1,mainline,,normal,none,commit
BASIC-06,basic_01_06_900_bugcheck_20260605,578,57.80000000000055,B06_TLV_CLV,cav,not_applicable,8570.620000002169,3.5,29.9999999990948,3.7716603173976183e-10,lane_1,mainline,,normal,none,commit
BASIC-06,basic_01_06_900_bugcheck_20260605,579,57.90000000000055,B06_MV,cav,not_applicable,7245.998614723217,-3.5,0.00033925421544692385,4.0,on_ramp,on_ramp_mv,,normal,not_started,commit
BASIC-06,basic_01_06_900_bugcheck_20260605,579,57.90000000000055,B06_CLV,cav,not_applicable,8580.000000001242,0.0,29.999999999478423,2.1732375898864122e-10,lane_2,mainline,,normal,none,commit
BASIC-06,basic_01_06_900_bugcheck_20260605,579,57.90000000000055,B06_CFV,cav,not_applicable,8489.113948256892,3.5,29.963785106202828,0.07890041371359036,lane_1,mainline,,normal,none,commit
BASIC-06,basic_01_06_900_bugcheck_20260605,579,57.90000000000055,B06_TLV_CFV,cav,not_applicable,8531.241769685854,3.5,30.03553059582352,0.364777161232133,lane_1,mainline,,normal,none,commit
BASIC-06,basic_01_06_900_bugcheck_20260605,579,57.90000000000055,B06_TLV_CLV,cav,not_applicable,8573.620000002082,3.5,29.99999999913101,3.620797883741034e-10,lane_1,mainline,,normal,none,commit
BASIC-06,basic_01_06_900_bugcheck_20260605,580,58.000000000000554,B06_MV,cav,not_applicable,7245.998647837666,-3.5,0.0003311444886653594,4.0,on_ramp,on_ramp_mv,,normal,not_started,commit
BASIC-06,basic_01_06_900_bugcheck_20260605,580,58.000000000000554,B06_CLV,cav,not_applicable,8583.000000001191,0.0,29.999999999499284,2.0863097915935214e-10,lane_2,mainline,,normal,none,commit
BASIC-06,basic_01_06_900_bugcheck_20260605,580,58.000000000000554,B06_CFV,cav,not_applicable,8492.118245043624,3.5,30.042967867324847,0.7918276112202103,lane_1,mainline,,normal,none,commit
BASIC-06,basic_01_06_900_bugcheck_20260605,580,58.000000000000554,B06_TLV_CFV,cav,not_applicable,8534.237398194937,3.5,29.956285090833422,-0.792455049900982,lane_1,mainline,,normal,none,commit
BASIC-06,basic_01_06_900_bugcheck_20260605,580,58.000000000000554,B06_TLV_CLV,cav,not_applicable,8576.620000001998,3.5,29.99999999916577,3.475960852483695e-10,lane_1,mainline,,normal,none,commit
BASIC-06,basic_01_06_900_bugcheck_20260605,581,58.100000000000556,B06_MV,cav,not_applicable,7245.998680160528,-3.5,0.0003232286212396849,4.0,on_ramp,on_ramp_mv,,normal,not_started,commit
BASIC-06,basic_01_06_900_bugcheck_20260605,581,58.100000000000556,B06_CLV,cav,not_applicable,8586.000000001144,0.0,29.999999999519314,2.0028636527058554e-10,lane_2,mainline,,normal,none,commit
BASIC-06,basic_01_06_900_bugcheck_20260605,581,58.100000000000556,B06_CFV,cav,not_applicable,8495.118111328995,3.5,29.99866285369741,-0.4430501362743734,lane_1,mainline,,normal,none,commit
BASIC-06,basic_01_06_900_bugcheck_20260605,581,58.100000000000556,B06_TLV_CFV,cav,not_applicable,8537.233815708158,3.5,29.96417513220516,0.07890041371737844,lane_1,mainline,,normal,none,commit
BASIC-06,basic_01_06_900_bugcheck_20260605,581,58.100000000000556,B06_TLV_CLV,cav,not_applicable,8579.620000001918,3.5,29.99999999919914,3.3369218499501585e-10,lane_1,mainline,,normal,none,commit
BASIC-06,basic_01_06_900_bugcheck_20260605,582,58.20000000000056,B06_MV,cav,not_applicable,7245.998711710726,-3.5,0.0003155019792757358,4.0,on_ramp,on_ramp_mv,,normal,not_started,commit
BASIC-06,basic_01_06_900_bugcheck_20260605,582,58.20000000000056,B06_CLV,cav,not_applicable,8589.000000001099,0.0,29.99999999953854,1.9227428538215464e-10,lane_2,mainline,,normal,none,commit
BASIC-06,basic_01_06_900_bugcheck_20260605,582,58.20000000000056,B06_CFV,cav,not_applicable,8498.121625385977,3.5,30.035140569820417,0.36477716123005816,lane_1,mainline,,normal,none,commit
BASIC-06,basic_01_06_900_bugcheck_20260605,582,58.20000000000056,B06_TLV_CFV,cav,not_applicable,8540.23815149749,3.5,30.043357893327492,0.7918276112233097,lane_1,mainline,,normal,none,commit
BASIC-06,basic_01_06_900_bugcheck_20260605,582,58.20000000000056,B06_TLV_CLV,cav,not_applicable,8582.620000001842,3.5,29.999999999231175,3.203439291610266e-10,lane_1,mainline,,normal,none,commit
BASIC-06,basic_01_06_900_bugcheck_20260605,583,58.30000000000056,B06_MV,cav,not_applicable,7245.998742506729,-3.5,0.0003079600395414536,4.0,on_ramp,on_ramp_mv,,normal,not_started,commit
BASIC-06,basic_01_06_900_bugcheck_20260605,583,58.30000000000056,B06_CLV,cav,not_applicable,8592.000000001055,0.0,29.999999999557,1.8458337081028733e-10,lane_2,mainline,,normal,none,commit
BASIC-06,basic_01_06_900_bugcheck_20260605,583,58.30000000000056,B06_CFV,cav,not_applicable,8501.11721489246,3.5,29.95589506483015,-0.7924550499026797,lane_1,mainline,,normal,none,commit
BASIC-06,basic_01_06_900_bugcheck_20260605,583,58.30000000000056,B06_TLV_CFV,cav,not_applicable,8543.23805678546,3.5,29.999052879700308,-0.44305013627183754,lane_1,mainline,,normal,none,commit
BASIC-06,basic_01_06_900_bugcheck_20260605,583,58.30000000000056,B06_TLV_CLV,cav,not_applicable,8585.620000001767,3.5,29.999999999261927,3.0753000146432896e-10,lane_1,mainline,,normal,none,commit
BASIC-06,basic_01_06_900_bugcheck_20260605,584,58.40000000000056,B06_MV,cav,not_applicable,7245.998772566568,-3.5,0.0003005983866405452,4.0,on_ramp,on_ramp_mv,,normal,not_started,commit
BASIC-06,basic_01_06_900_bugcheck_20260605,584,58.40000000000056,B06_CLV,cav,not_applicable,8595.000000001013,0.0,29.999999999574722,1.7719941070026836e-10,lane_2,mainline,,normal,none,commit
BASIC-06,basic_01_06_900_bugcheck_20260605,584,58.40000000000056,B06_CFV,cav,not_applicable,8504.11359340308,3.5,29.963785106201748,0.07890041371598944,lane_1,mainline,,normal,none,commit
BASIC-06,basic_01_06_900_bugcheck_20260605,584,58.40000000000056,B06_TLV_CFV,cav,not_applicable,8546.241609845041,3.5,30.03553059582352,0.364777161232133,lane_1,mainline,,normal,none,commit
BASIC-06,basic_01_06_900_bugcheck_20260605,584,58.40000000000056,B06_TLV_CLV,cav,not_applicable,8588.620000001696,3.5,29.99999999929145,2.9522908562285013e-10,lane_1,mainline,,normal,none,commit
BASIC-06,basic_01_06_900_bugcheck_20260605,585,58.50000000000056,B06_MV,cav,not_applicable,7245.998801907839,-3.5,0.0002934127108383751,4.0,on_ramp,on_ramp_mv,,normal,not_started,commit
BASIC-06,basic_01_06_900_bugcheck_20260605,585,58.50000000000056,B06_CLV,cav,not_applicable,8598.000000000973,0.0,29.999999999591733,1.7011103636832559e-10,lane_2,mainline,,normal,none,commit
BASIC-06,basic_01_06_900_bugcheck_20260605,585,58.50000000000056,B06_CFV,cav,not_applicable,8507.117890189813,3.5,30.042967867323966,0.7918276112221732,lane_1,mainline,,normal,none,commit
BASIC-06,basic_01_06_900_bugcheck_20260605,585,58.50000000000056,B06_TLV_CFV,cav,not_applicable,8549.237238354124,3.5,29.956285090833422,-0.792455049900982,lane_1,mainline,,normal,none,commit
BASIC-06,basic_01_06_900_bugcheck_20260605,585,58.50000000000056,B06_TLV_CLV,cav,not_applicable,8591.620000001629,3.5,29.999999999319794,2.8341986535451726e-10,lane_1,mainline,,normal,none,commit
BASIC-06,basic_01_06_900_bugcheck_20260605,586,58.60000000000056,B06_MV,cav,not_applicable,7245.99883054772,-3.5,0.00028639880545303493,4.0,on_ramp,on_ramp_mv,,normal,not_started,commit
BASIC-06,basic_01_06_900_bugcheck_20260605,586,58.60000000000056,B06_CLV,cav,not_applicable,8601.000000000933,0.0,29.999999999608065,1.6330687913068688e-10,lane_2,mainline,,normal,none,commit
BASIC-06,basic_01_06_900_bugcheck_20260605,586,58.60000000000056,B06_CFV,cav,not_applicable,8510.117756475183,3.5,29.99866285369669,-0.44305013627276735,lane_1,mainline,,normal,none,commit
BASIC-06,basic_01_06_900_bugcheck_20260605,586,58.60000000000056,B06_TLV_CFV,cav,not_applicable,8552.233655867345,3.5,29.96417513220516,0.07890041371737844,lane_1,mainline,,normal,none,commit
BASIC-06,basic_01_06_900_bugcheck_20260605,586,58.60000000000056,B06_TLV_CLV,cav,not_applicable,8594.620000001563,3.5,29.999999999347,2.720824454627291e-10,lane_1,mainline,,normal,none,commit
BASIC-06,basic_01_06_900_bugcheck_20260605,587,58.700000000000564,B06_MV,cav,not_applicable,7245.998858502977,-3.5,0.00027955256446382515,4.0,on_ramp,on_ramp_mv,,normal,not_started,commit
BASIC-06,basic_01_06_900_bugcheck_20260605,587,58.700000000000564,B06_CLV,cav,not_applicable,8604.000000000895,0.0,29.999999999623743,1.567741492181085e-10,lane_2,mainline,,normal,none,commit
BASIC-06,basic_01_06_900_bugcheck_20260605,587,58.700000000000564,B06_CFV,cav,not_applicable,8513.121270532165,3.5,30.035140569819827,0.3647771612313722,lane_1,mainline,,normal,none,commit
BASIC-06,basic_01_06_900_bugcheck_20260605,587,58.700000000000564,B06_TLV_CFV,cav,not_applicable,8555.237991656677,3.5,30.043357893327492,0.7918276112233097,lane_1,mainline,,normal,none,commit
BASIC-06,basic_01_06_900_bugcheck_20260605,587,58.700000000000564,B06_TLV_CLV,cav,not_applicable,8597.620000001501,3.5,29.99999999937312,2.611997729218274e-10,lane_1,mainline,,normal,none,commit
BASIC-06,basic_01_06_900_bugcheck_20260605,588,58.800000000000566,B06_MV,cav,not_applicable,7245.998885789975,-3.5,0.0002728699799023247,4.0,on_ramp,on_ramp_mv,,normal,not_started,commit
BASIC-06,basic_01_06_900_bugcheck_20260605,588,58.800000000000566,B06_CLV,cav,not_applicable,8607.000000000859,0.0,29.999999999638792,1.5050289903228987e-10,lane_2,mainline,,normal,none,commit
BASIC-06,basic_01_06_900_bugcheck_20260605,588,58.800000000000566,B06_CFV,cav,not_applicable,8516.116860038648,3.5,29.955895064829665,-0.7924550499016045,lane_1,mainline,,normal,none,commit
BASIC-06,basic_01_06_900_bugcheck_20260605,588,58.800000000000566,B06_TLV_CFV,cav,not_applicable,8558.237896944647,3.5,29.999052879700308,-0.44305013627183754,lane_1,mainline,,normal,none,commit
BASIC-06,basic_01_06_900_bugcheck_20260605,588,58.800000000000566,B06_TLV_CLV,cav,not_applicable,8600.620000001441,3.5,29.999999999398195,2.507519525352109e-10,lane_1,mainline,,normal,none,commit
BASIC-06,basic_01_06_900_bugcheck_20260605,589,58.90000000000057,B06_MV,cav,not_applicable,7245.9989124246895,-3.5,0.0002663471396782832,4.0,on_ramp,on_ramp_mv,,normal,not_started,commit
BASIC-06,basic_01_06_900_bugcheck_20260605,589,58.90000000000057,B06_CLV,cav,not_applicable,8610.000000000824,0.0,29.99999999965324,1.444831809749303e-10,lane_2,mainline,,normal,none,commit
BASIC-06,basic_01_06_900_bugcheck_20260605,589,58.90000000000057,B06_CFV,cav,not_applicable,8519.113238549267,3.5,29.963785106201353,0.07890041371686907,lane_1,mainline,,normal,none,commit
BASIC-06,basic_01_06_900_bugcheck_20260605,589,58.90000000000057,B06_TLV_CFV,cav,not_applicable,8561.241450004229,3.5,30.03553059582352,0.364777161232133,lane_1,mainline,,normal,none,commit
BASIC-06,basic_01_06_900_bugcheck_20260605,589,58.90000000000057,B06_TLV_CLV,cav,not_applicable,8603.620000001383,3.5,29.99999999942227,2.407219312772213e-10,lane_1,mainline,,normal,none,commit
BASIC-06,basic_01_06_900_bugcheck_20260605,590,59.00000000000057,B06_MV,cav,not_applicable,7245.998938422712,-3.5,0.00025998022518810177,4.0,on_ramp,on_ramp_mv,,normal,not_started,commit
BASIC-06,basic_01_06_900_bugcheck_20260605,590,59.00000000000057,B06_CLV,cav,not_applicable,8613.000000000791,0.0,29.99999999966711,1.3870362636225763e-10,lane_2,mainline,,normal,none,commit
BASIC-06,basic_01_06_900_bugcheck_20260605,590,59.00000000000057,B06_CFV,cav,not_applicable,8522.117535336,3.5,30.042967867323643,0.7918276112228929,lane_1,mainline,,normal,none,commit
BASIC-06,basic_01_06_900_bugcheck_20260605,590,59.00000000000057,B06_TLV_CFV,cav,not_applicable,8564.237078513312,3.5,29.956285090833422,-0.792455049900982,lane_1,mainline,,normal,none,commit
BASIC-06,basic_01_06_900_bugcheck_20260605,590,59.00000000000057,B06_TLV_CLV,cav,not_applicable,8606.620000001329,3.5,29.99999999944538,2.3109265612220043e-10,lane_1,mainline,,normal,none,commit
BASIC-06,basic_01_06_900_bugcheck_20260605,591,59.10000000000057,B06_MV,cav,not_applicable,7245.998963799263,-3.5,0.00025376550914072473,4.0,on_ramp,on_ramp_mv,,normal,not_started,commit
BASIC-06,basic_01_06_900_bugcheck_20260605,591,59.10000000000057,B06_CLV,cav,not_applicable,8616.000000000759,0.0,29.999999999680426,1.3315570868144277e-10,lane_2,mainline,,normal,none,commit
BASIC-06,basic_01_06_900_bugcheck_20260605,591,59.10000000000057,B06_CFV,cav,not_applicable,8525.11740162137,3.5,29.998662853696427,-0.4430501362721785,lane_1,mainline,,normal,none,commit
BASIC-06,basic_01_06_900_bugcheck_20260605,591,59.10000000000057,B06_TLV_CFV,cav,not_applicable,8567.233496026533,3.5,29.96417513220516,0.07890041371737844,lane_1,mainline,,normal,none,commit
BASIC-06,basic_01_06_900_bugcheck_20260605,591,59.10000000000057,B06_TLV_CLV,cav,not_applicable,8609.620000001276,3.5,29.999999999467562,2.2184849512996153e-10,lane_1,mainline,,normal,none,commit
BASIC-06,basic_01_06_900_bugcheck_20260605,592,59.20000000000057,B06_MV,cav,not_applicable,7245.998988569198,-3.5,0.000247699353166121,4.0,on_ramp,on_ramp_mv,,normal,not_started,commit
BASIC-06,basic_01_06_900_bugcheck_20260605,592,59.20000000000057,B06_CLV,cav,not_applicable,8619.000000000728,0.0,29.99999999969321,1.2782948033418507e-10,lane_2,mainline,,normal,none,commit
BASIC-06,basic_01_06_900_bugcheck_20260605,592,59.20000000000057,B06_CFV,cav,not_applicable,8528.120915678352,3.5,30.035140569819614,0.364777161231854,lane_1,mainline,,normal,none,commit
BASIC-06,basic_01_06_900_bugcheck_20260605,592,59.20000000000057,B06_TLV_CFV,cav,not_applicable,8570.237831815864,3.5,30.043357893327492,0.7918276112233097,lane_1,mainline,,normal,none,commit
BASIC-06,basic_01_06_900_bugcheck_20260605,592,59.20000000000057,B06_TLV_CLV,cav,not_applicable,8612.620000001225,3.5,29.99999999948886,2.129752374457894e-10,lane_1,mainline,,normal,none,commit
BASIC-06,basic_01_06_900_bugcheck_20260605,593,59.30000000000057,B06_MV,cav,not_applicable,7245.999012747019,-3.5,0.00024177820607599717,4.0,on_ramp,on_ramp_mv,,normal,not_started,commit
BASIC-06,basic_01_06_900_bugcheck_20260605,593,59.30000000000057,B06_CLV,cav,not_applicable,8622.000000000698,0.0,29.99999999970548,1.2271641480765538e-10,lane_2,mainline,,normal,none,commit
BASIC-06,basic_01_06_900_bugcheck_20260605,593,59.30000000000057,B06_CFV,cav,not_applicable,8531.116505184835,3.5,29.955895064829495,-0.7924550499012103,lane_1,mainline,,normal,none,commit
BASIC-06,basic_01_06_900_bugcheck_20260605,593,59.30000000000057,B06_TLV_CFV,cav,not_applicable,8573.237737103835,3.5,29.999052879700308,-0.44305013627183754,lane_1,mainline,,normal,none,commit
BASIC-06,basic_01_06_900_bugcheck_20260605,593,59.30000000000057,B06_TLV_CLV,cav,not_applicable,8615.620000001176,3.5,29.999999999509306,2.044558300440258e-10,lane_1,mainline,,normal,none,commit
BASIC-06,basic_01_06_900_bugcheck_20260605,594,59.400000000000574,B06_MV,cav,not_applicable,7245.99903634688,-3.5,0.00023599860147227873,4.0,on_ramp,on_ramp_mv,,normal,not_started,commit
BASIC-06,basic_01_06_900_bugcheck_20260605,594,59.400000000000574,B06_CLV,cav,not_applicable,8625.00000000067,0.0,29.99999999971726,1.178079855890246e-10,lane_2,mainline,,normal,none,commit
BASIC-06,basic_01_06_900_bugcheck_20260605,594,59.400000000000574,B06_CFV,cav,not_applicable,8534.112883695454,3.5,29.963785106201215,0.0789004137171917,lane_1,mainline,,normal,none,commit
BASIC-06,basic_01_06_900_bugcheck_20260605,594,59.400000000000574,B06_TLV_CFV,cav,not_applicable,8576.241290163416,3.5,30.03553059582352,0.364777161232133,lane_1,mainline,,normal,none,commit
BASIC-06,basic_01_06_900_bugcheck_20260605,594,59.400000000000574,B06_TLV_CLV,cav,not_applicable,8618.620000001129,3.5,29.999999999528935,1.9627748315542705e-10,lane_1,mainline,,normal,none,commit
BASIC-06,basic_01_06_900_bugcheck_20260605,595,59.500000000000576,B06_MV,cav,not_applicable,7245.999059382595,-3.5,0.00023035715579041262,4.0,on_ramp,on_ramp_mv,,normal,not_started,commit
BASIC-06,basic_01_06_900_bugcheck_20260605,595,59.500000000000576,B06_CLV,cav,not_applicable,8628.000000000642,0.0,29.99999999972857,1.1309566616546363e-10,lane_2,mainline,,normal,none,commit
BASIC-06,basic_01_06_900_bugcheck_20260605,595,59.500000000000576,B06_CFV,cav,not_applicable,8537.117180482186,3.5,30.04296786732353,0.7918276112231568,lane_1,mainline,,normal,none,commit
BASIC-06,basic_01_06_900_bugcheck_20260605,595,59.500000000000576,B06_TLV_CFV,cav,not_applicable,8579.236918672499,3.5,29.956285090833422,-0.792455049900982,lane_1,mainline,,normal,none,commit
BASIC-06,basic_01_06_900_bugcheck_20260605,595,59.500000000000576,B06_TLV_CLV,cav,not_applicable,8621.620000001083,3.5,29.99999999954778,1.8842598592527794e-10,lane_1,mainline,,normal,none,commit
BASIC-06,basic_01_06_900_bugcheck_20260605,596,59.60000000000058,B06_MV,cav,not_applicable,7245.9990818676515,-3.5,0.00022485056656008074,4.0,on_ramp,on_ramp_mv,,normal,not_started,commit
BASIC-06,basic_01_06_900_bugcheck_20260605,596,59.60000000000058,B06_CLV,cav,not_applicable,8631.000000000617,0.0,29.999999999739426,1.0857235110961483e-10,lane_2,mainline,,normal,none,commit
BASIC-06,basic_01_06_900_bugcheck_20260605,596,59.60000000000058,B06_CFV,cav,not_applicable,8540.117046767557,3.5,29.998662853696334,-0.44305013627196255,lane_1,mainline,,normal,none,commit
BASIC-06,basic_01_06_900_bugcheck_20260605,596,59.60000000000058,B06_TLV_CFV,cav,not_applicable,8582.23333618572,3.5,29.96417513220516,0.07890041371737844,lane_1,mainline,,normal,none,commit
BASIC-06,basic_01_06_900_bugcheck_20260605,596,59.60000000000058,B06_TLV_CLV,cav,not_applicable,8624.62000000104,3.5,29.99999999956587,1.808885485843348e-10,lane_1,mainline,,normal,none,commit
BASIC-06,basic_01_06_900_bugcheck_20260605,597,59.70000000000058,B06_MV,cav,not_applicable,7245.999103815213,-3.5,0.00021947561001368088,4.0,on_ramp,on_ramp_mv,,normal,not_started,commit
BASIC-06,basic_01_06_900_bugcheck_20260605,597,59.70000000000058,B06_CLV,cav,not_applicable,8634.000000000591,0.0,29.99999999974985,1.042295139086491e-10,lane_2,mainline,,normal,none,commit
BASIC-06,basic_01_06_900_bugcheck_20260605,597,59.70000000000058,B06_CFV,cav,not_applicable,8543.120560824538,3.5,30.03514056981954,0.3647771612320307,lane_1,mainline,,normal,none,commit
BASIC-06,basic_01_06_900_bugcheck_20260605,597,59.70000000000058,B06_TLV_CFV,cav,not_applicable,8585.237671975052,3.5,30.043357893327492,0.7918276112233097,lane_1,mainline,,normal,none,commit
BASIC-06,basic_01_06_900_bugcheck_20260605,597,59.70000000000058,B06_TLV_CLV,cav,not_applicable,8627.620000000998,3.5,29.999999999583235,1.7365238136335394e-10,lane_1,mainline,,normal,none,commit
BASIC-06,basic_01_06_900_bugcheck_20260605,598,59.80000000000058,B06_MV,cav,not_applicable,7245.999125238127,-3.5,0.00021422913934704025,4.0,on_ramp,on_ramp_mv,,normal,not_started,commit
BASIC-06,basic_01_06_900_bugcheck_20260605,598,59.80000000000058,B06_CLV,cav,not_applicable,8637.000000000568,0.0,29.999999999759854,1.0006004913520883e-10,lane_2,mainline,,normal,none,commit
BASIC-06,basic_01_06_900_bugcheck_20260605,598,59.80000000000058,B06_CFV,cav,not_applicable,8546.116150331021,3.5,29.955895064829434,-0.7924550499010657,lane_1,mainline,,normal,none,commit
BASIC-06,basic_01_06_900_bugcheck_20260605,598,59.80000000000058,B06_TLV_CFV,cav,not_applicable,8588.237577263022,3.5,29.999052879700308,-0.44305013627183754,lane_1,mainline,,normal,none,commit
BASIC-06,basic_01_06_900_bugcheck_20260605,598,59.80000000000058,B06_TLV_CLV,cav,not_applicable,8630.620000000958,3.5,29.999999999599904,1.667061155785632e-10,lane_1,mainline,,normal,none,commit
BASIC-06,basic_01_06_900_bugcheck_20260605,599,59.90000000000058,B06_MV,cav,not_applicable,7245.999146148935,-3.5,0.00020910808341495062,4.0,on_ramp,on_ramp_mv,,normal,not_started,commit
BASIC-06,basic_01_06_900_bugcheck_20260605,599,59.90000000000058,B06_CLV,cav,not_applicable,8640.000000000544,0.0,29.99999999976946,9.605827244740794e-11,lane_2,mainline,,normal,none,commit
BASIC-06,basic_01_06_900_bugcheck_20260605,599,59.90000000000058,B06_CFV,cav,not_applicable,8549.11252884164,3.5,29.963785106201165,0.07890041371730994,lane_1,mainline,,normal,none,commit
BASIC-06,basic_01_06_900_bugcheck_20260605,599,59.90000000000058,B06_TLV_CFV,cav,not_applicable,8591.241130322604,3.5,30.03553059582352,0.364777161232133,lane_1,mainline,,normal,none,commit
BASIC-06,basic_01_06_900_bugcheck_20260605,599,59.90000000000058,B06_TLV_CLV,cav,not_applicable,8633.62000000092,3.5,29.99999999961591,1.6003838254619042e-10,lane_1,mainline,,normal,none,commit
BASIC-06,basic_01_06_900_bugcheck_20260605,600,60.00000000000058,B06_MV,cav,not_applicable,7245.99916655988,-3.5,0.0002041094441222384,4.0,on_ramp,on_ramp_mv,,normal,not_started,commit
BASIC-06,basic_01_06_900_bugcheck_20260605,600,60.00000000000058,B06_CLV,cav,not_applicable,8643.000000000522,0.0,29.999999999778684,9.221565733241733e-11,lane_2,mainline,,normal,none,commit
BASIC-06,basic_01_06_900_bugcheck_20260605,600,60.00000000000058,B06_CFV,cav,not_applicable,8552.116825628373,3.5,30.04296786732349,0.7918276112232536,lane_1,mainline,,normal,none,commit
BASIC-06,basic_01_06_900_bugcheck_20260605,600,60.00000000000058,B06_TLV_CFV,cav,not_applicable,8594.236758831687,3.5,29.956285090833422,-0.792455049900982,lane_1,mainline,,normal,none,commit
BASIC-06,basic_01_06_900_bugcheck_20260605,600,60.00000000000058,B06_TLV_CLV,cav,not_applicable,8636.620000000883,3.5,29.99999999963127,1.5363639249699191e-10,lane_1,mainline,,normal,none,commit
BASIC-06,basic_01_06_900_bugcheck_20260605,601,60.100000000000584,B06_MV,cav,not_applicable,7245.99918648291,-3.5,0.00019923029511929971,4.0,on_ramp,on_ramp_mv,,normal,not_started,commit
BASIC-06,basic_01_06_900_bugcheck_20260605,601,60.100000000000584,B06_CLV,cav,not_applicable,8646.0000000005,0.0,29.999999999787537,8.852651944835088e-11,lane_2,mainline,,normal,none,commit
BASIC-06,basic_01_06_900_bugcheck_20260605,601,60.100000000000584,B06_CFV,cav,not_applicable,8555.116691913743,3.5,29.998662853696302,-0.4430501362718834,lane_1,mainline,,normal,none,commit
BASIC-06,basic_01_06_900_bugcheck_20260605,601,60.100000000000584,B06_TLV_CFV,cav,not_applicable,8597.233176344907,3.5,29.96417513220516,0.07890041371737844,lane_1,mainline,,normal,none,commit
BASIC-06,basic_01_06_900_bugcheck_20260605,601,60.100000000000584,B06_TLV_CLV,cav,not_applicable,8639.620000000848,3.5,29.999999999646022,1.4749161891813857e-10,lane_1,mainline,,normal,none,commit
BASIC-06,basic_01_06_900_bugcheck_20260605,602,60.200000000000585,B06_MV,cav,not_applicable,7245.999205929688,-3.5,0.00019446778006281405,4.0,on_ramp,on_ramp_mv,,normal,not_started,commit
BASIC-06,basic_01_06_900_bugcheck_20260605,602,60.200000000000585,B06_CLV,cav,not_applicable,8649.00000000048,0.0,29.999999999796035,8.498517445332255e-11,lane_2,mainline,,normal,none,commit
BASIC-06,basic_01_06_900_bugcheck_20260605,602,60.200000000000585,B06_CFV,cav,not_applicable,8558.120205970725,3.5,30.03514056981951,0.36477716123209547,lane_1,mainline,,normal,none,commit
BASIC-06,basic_01_06_900_bugcheck_20260605,602,60.200000000000585,B06_TLV_CFV,cav,not_applicable,8600.23751213424,3.5,30.043357893327492,0.7918276112233097,lane_1,mainline,,normal,none,commit
BASIC-06,basic_01_06_900_bugcheck_20260605,602,60.200000000000585,B06_TLV_CLV,cav,not_applicable,8642.620000000814,3.5,29.99999999966018,1.415912720403867e-10,lane_1,mainline,,normal,none,commit
BASIC-06,basic_01_06_900_bugcheck_20260605,603,60.30000000000059,B06_MV,cav,not_applicable,7245.999224911599,-3.5,0.00018981911087645752,4.0,on_ramp,on_ramp_mv,,normal,not_started,commit
BASIC-06,basic_01_06_900_bugcheck_20260605,603,60.30000000000059,B06_CLV,cav,not_applicable,8652.00000000046,0.0,29.999999999804192,8.158593800544623e-11,lane_2,mainline,,normal,none,commit
BASIC-06,basic_01_06_900_bugcheck_20260605,603,60.30000000000059,B06_CFV,cav,not_applicable,8561.115795477208,3.5,29.95589506482941,-0.7924550499010128,lane_1,mainline,,normal,none,commit
BASIC-06,basic_01_06_900_bugcheck_20260605,603,60.30000000000059,B06_TLV_CFV,cav,not_applicable,8603.23741742221,3.5,29.999052879700308,-0.44305013627183754,lane_1,mainline,,normal,none,commit
BASIC-06,basic_01_06_900_bugcheck_20260605,603,60.30000000000059,B06_TLV_CLV,cav,not_applicable,8645.620000000781,3.5,29.999999999673772,1.359282464363787e-10,lane_1,mainline,,normal,none,commit
BASIC-06,basic_01_06_900_bugcheck_20260605,604,60.40000000000059,B06_MV,cav,not_applicable,7245.999243439756,-3.5,0.00018528156622902724,4.0,on_ramp,on_ramp_mv,,normal,not_started,commit
BASIC-06,basic_01_06_900_bugcheck_20260605,604,60.40000000000059,B06_CLV,cav,not_applicable,8655.000000000442,0.0,29.999999999812026,7.832312576283584e-11,lane_2,mainline,,normal,none,commit
BASIC-06,basic_01_06_900_bugcheck_20260605,604,60.40000000000059,B06_CFV,cav,not_applicable,8564.112173987827,3.5,29.963785106201144,0.07890041371735323,lane_1,mainline,,normal,none,commit
BASIC-06,basic_01_06_900_bugcheck_20260605,604,60.40000000000059,B06_TLV_CFV,cav,not_applicable,8606.240970481791,3.5,30.03553059582352,0.364777161232133,lane_1,mainline,,normal,none,commit
BASIC-06,basic_01_06_900_bugcheck_20260605,604,60.40000000000059,B06_TLV_CLV,cav,not_applicable,8648.62000000075,3.5,29.99999999968682,1.304911734223424e-10,lane_1,mainline,,normal,none,commit
BASIC-06,basic_01_06_900_bugcheck_20260605,605,60.50000000000059,B06_MV,cav,not_applicable,7245.999261525006,-3.5,0.00018085248957774391,4.0,on_ramp,on_ramp_mv,,normal,not_started,commit
BASIC-06,basic_01_06_900_bugcheck_20260605,605,60.50000000000059,B06_CLV,cav,not_applicable,8658.000000000424,0.0,29.999999999819543,7.51896322981338e-11,lane_2,mainline,,normal,none,commit
BASIC-06,basic_01_06_900_bugcheck_20260605,605,60.50000000000059,B06_CFV,cav,not_applicable,8567.11647077456,3.5,30.042967867323473,0.791827611223289,lane_1,mainline,,normal,none,commit
BASIC-06,basic_01_06_900_bugcheck_20260605,605,60.50000000000059,B06_TLV_CFV,cav,not_applicable,8609.236598990874,3.5,29.956285090833422,-0.792455049900982,lane_1,mainline,,normal,none,commit
BASIC-06,basic_01_06_900_bugcheck_20260605,605,60.50000000000059,B06_TLV_CLV,cav,not_applicable,8651.62000000072,3.5,29.999999999699348,1.2527152648544871e-10,lane_1,mainline,,normal,none,commit
BASIC-06,basic_01_06_900_bugcheck_20260605,606,60.60000000000059,B06_MV,cav,not_applicable,7245.999279177934,-3.5,0.00017652928808119784,4.0,on_ramp,on_ramp_mv,,normal,not_started,commit
BASIC-06,basic_01_06_900_bugcheck_20260605,606,60.60000000000059,B06_CLV,cav,not_applicable,8661.000000000406,0.0,29.999999999826763,7.218261544039707e-11,lane_2,mainline,,normal,none,commit
BASIC-06,basic_01_06_900_bugcheck_20260605,606,60.60000000000059,B06_CFV,cav,not_applicable,8570.11633705993,3.5,29.99866285369629,-0.4430501362718544,lane_1,mainline,,normal,none,commit
BASIC-06,basic_01_06_900_bugcheck_20260605,606,60.60000000000059,B06_TLV_CFV,cav,not_applicable,8612.233016504095,3.5,29.96417513220516,0.07890041371737844,lane_1,mainline,,normal,none,commit
BASIC-06,basic_01_06_900_bugcheck_20260605,606,60.60000000000059,B06_TLV_CLV,cav,not_applicable,8654.62000000069,3.5,29.999999999711374,1.2026077911286848e-10,lane_1,mainline,,normal,none,commit
BASIC-06,basic_01_06_900_bugcheck_20260605,607,60.70000000000059,B06_MV,cav,not_applicable,7245.999296408877,-3.5,0.00017230943107747308,4.0,on_ramp,on_ramp_mv,,normal,not_started,commit
BASIC-06,basic_01_06_900_bugcheck_20260605,607,60.70000000000059,B06_CLV,cav,not_applicable,8664.00000000039,0.0,29.99999999983369,6.929496976226801e-11,lane_2,mainline,,normal,none,commit
BASIC-06,basic_01_06_900_bugcheck_20260605,607,60.70000000000059,B06_CFV,cav,not_applicable,8573.119851116911,3.5,30.0351405698195,0.3647771612321192,lane_1,mainline,,normal,none,commit
BASIC-06,basic_01_06_900_bugcheck_20260605,607,60.70000000000059,B06_TLV_CFV,cav,not_applicable,8615.237352293427,3.5,30.043357893327492,0.7918276112233097,lane_1,mainline,,normal,none,commit
BASIC-06,basic_01_06_900_bugcheck_20260605,607,60.70000000000059,B06_TLV_CLV,cav,not_applicable,8657.620000000663,3.5,29.99999999972292,1.154504047917726e-10,lane_1,mainline,,normal,none,commit
BASIC-06,basic_01_06_900_bugcheck_20260605,608,60.800000000000594,B06_MV,cav,not_applicable,7245.999313227921,-3.5,0.00016819044791003933,4.0,on_ramp,on_ramp_mv,,normal,not_started,commit
BASIC-06,basic_01_06_900_bugcheck_20260605,608,60.800000000000594,B06_CLV,cav,not_applicable,8667.000000000373,0.0,29.99999999984034,6.652385309280362e-11,lane_2,mainline,,normal,none,commit
BASIC-06,basic_01_06_900_bugcheck_20260605,608,60.800000000000594,B06_CFV,cav,not_applicable,8576.115440623395,3.5,29.955895064829402,-0.7924550499009934,lane_1,mainline,,normal,none,commit
BASIC-06,basic_01_06_900_bugcheck_20260605,608,60.800000000000594,B06_TLV_CFV,cav,not_applicable,8618.237257581397,3.5,29.999052879700308,-0.44305013627183754,lane_1,mainline,,normal,none,commit
BASIC-06,basic_01_06_900_bugcheck_20260605,608,60.800000000000594,B06_TLV_CLV,cav,not_applicable,8660.620000000636,3.5,29.999999999734005,1.1083187700933195e-10,lane_1,mainline,,normal,none,commit
BASIC-06,basic_01_06_900_bugcheck_20260605,609,60.900000000000595,B06_MV,cav,not_applicable,7245.999329644914,-3.5,0.0001641699272755195,4.0,on_ramp,on_ramp_mv,,normal,not_started,commit
BASIC-06,basic_01_06_900_bugcheck_20260605,609,60.900000000000595,B06_CLV,cav,not_applicable,8670.000000000358,0.0,29.99999999984673,6.38635810901178e-11,lane_2,mainline,,normal,none,commit
BASIC-06,basic_01_06_900_bugcheck_20260605,609,60.900000000000595,B06_CFV,cav,not_applicable,8579.111819134014,3.5,29.96378510620114,0.07890041371736911,lane_1,mainline,,normal,none,commit
BASIC-06,basic_01_06_900_bugcheck_20260605,609,60.900000000000595,B06_TLV_CFV,cav,not_applicable,8621.240810640978,3.5,30.03553059582352,0.364777161232133,lane_1,mainline,,normal,none,commit
BASIC-06,basic_01_06_900_bugcheck_20260605,609,60.900000000000595,B06_TLV_CLV,cav,not_applicable,8663.62000000061,3.5,29.999999999744645,1.0639809033818893e-10,lane_1,mainline,,normal,none,commit
BASIC-06,basic_01_06_900_bugcheck_20260605,610,61.0000000000006,B06_MV,cav,not_applicable,7245.999345669466,-3.5,0.00016024551548440312,4.0,on_ramp,on_ramp_mv,,normal,not_started,commit
BASIC-06,basic_01_06_900_bugcheck_20260605,610,61.0000000000006,B06_CLV,cav,not_applicable,8673.000000000344,0.0,29.99999999985286,6.130846941232448e-11,lane_2,mainline,,normal,none,commit
BASIC-06,basic_01_06_900_bugcheck_20260605,610,61.0000000000006,B06_CFV,cav,not_applicable,8582.116115920746,3.5,30.04296786732347,0.791827611223302,lane_1,mainline,,normal,none,commit
BASIC-06,basic_01_06_900_bugcheck_20260605,610,61.0000000000006,B06_TLV_CFV,cav,not_applicable,8624.236439150061,3.5,29.956285090833422,-0.792455049900982,lane_1,mainline,,normal,none,commit
BASIC-06,basic_01_06_900_bugcheck_20260605,610,61.0000000000006,B06_TLV_CLV,cav,not_applicable,8666.620000000587,3.5,29.99999999975486,1.0214193935098593e-10,lane_1,mainline,,normal,none,commit
BASIC-06,basic_01_06_900_bugcheck_20260605,611,61.1000000000006,B06_MV,cav,not_applicable,7245.999361310957,-3.5,0.00015641491493917063,4.0,on_ramp,on_ramp_mv,,normal,not_started,commit
BASIC-06,basic_01_06_900_bugcheck_20260605,611,61.1000000000006,B06_CLV,cav,not_applicable,8676.00000000033,0.0,29.999999999858748,5.885567588848062e-11,lane_2,mainline,,normal,none,commit
BASIC-06,basic_01_06_900_bugcheck_20260605,611,61.1000000000006,B06_CFV,cav,not_applicable,8585.115982206116,3.5,29.998662853696285,-0.44305013627184375,lane_1,mainline,,normal,none,commit
BASIC-06,basic_01_06_900_bugcheck_20260605,611,61.1000000000006,B06_TLV_CFV,cav,not_applicable,8627.232856663282,3.5,29.96417513220516,0.07890041371737844,lane_1,mainline,,normal,none,commit
BASIC-06,basic_01_06_900_bugcheck_20260605,611,61.1000000000006,B06_TLV_CLV,cav,not_applicable,8669.620000000563,3.5,29.999999999764665,9.805631862036535e-11,lane_1,mainline,,normal,none,commit
BASIC-06,basic_01_06_900_bugcheck_20260605,612,61.2000000000006,B06_MV,cav,not_applicable,7245.999376578546,-3.5,0.00015267588326465018,4.0,on_ramp,on_ramp_mv,,normal,not_started,commit
BASIC-06,basic_01_06_900_bugcheck_20260605,612,61.2000000000006,B06_CLV,cav,not_applicable,8679.000000000317,0.0,29.999999999864396,5.650093726217165e-11,lane_2,mainline,,normal,none,commit
BASIC-06,basic_01_06_900_bugcheck_20260605,612,61.2000000000006,B06_CFV,cav,not_applicable,8588.119496263098,3.5,30.035140569819497,0.3647771612321279,lane_1,mainline,,normal,none,commit
BASIC-06,basic_01_06_900_bugcheck_20260605,612,61.2000000000006,B06_TLV_CFV,cav,not_applicable,8630.237192452614,3.5,30.043357893327492,0.7918276112233097,lane_1,mainline,,normal,none,commit
BASIC-06,basic_01_06_900_bugcheck_20260605,612,61.2000000000006,B06_TLV_CLV,cav,not_applicable,8672.620000000541,3.5,29.99999999977408,9.41341227189696e-11,lane_1,mainline,,normal,none,commit
BASIC-06,basic_01_06_900_bugcheck_20260605,613,61.3000000000006,B06_MV,cav,not_applicable,7245.9993914811685,-3.5,0.00014902623156873093,4.0,on_ramp,on_ramp_mv,,normal,not_started,commit
BASIC-06,basic_01_06_900_bugcheck_20260605,613,61.3000000000006,B06_CLV,cav,not_applicable,8682.000000000304,0.0,29.99999999986982,5.424141136245453e-11,lane_2,mainline,,normal,none,commit
BASIC-06,basic_01_06_900_bugcheck_20260605,613,61.3000000000006,B06_CFV,cav,not_applicable,8591.115085769581,3.5,29.9558950648294,-0.7924550499009861,lane_1,mainline,,normal,none,commit
BASIC-06,basic_01_06_900_bugcheck_20260605,613,61.3000000000006,B06_TLV_CFV,cav,not_applicable,8633.237097740584,3.5,29.999052879700308,-0.44305013627183754,lane_1,mainline,,normal,none,commit
BASIC-06,basic_01_06_900_bugcheck_20260605,613,61.3000000000006,B06_TLV_CLV,cav,not_applicable,8675.62000000052,3.5,29.999999999783117,9.036824621944107e-11,lane_1,mainline,,normal,none,commit
BASIC-06,basic_01_06_900_bugcheck_20260605,614,61.4000000000006,B06_MV,cav,not_applicable,7245.999406027551,-3.5,0.00014546382335530914,4.0,on_ramp,on_ramp_mv,,normal,not_started,commit
BASIC-06,basic_01_06_900_bugcheck_20260605,614,61.4000000000006,B06_CLV,cav,not_applicable,8685.000000000291,0.0,29.99999999987503,5.2071413847443186e-11,lane_2,mainline,,normal,none,commit
BASIC-06,basic_01_06_900_bugcheck_20260605,614,61.4000000000006,B06_CFV,cav,not_applicable,8594.1114642802,3.5,29.963785106201136,0.078900413717375,lane_1,mainline,,normal,none,commit
BASIC-06,basic_01_06_900_bugcheck_20260605,614,61.4000000000006,B06_TLV_CFV,cav,not_applicable,8636.240650800166,3.5,30.03553059582352,0.364777161232133,lane_1,mainline,,normal,none,commit
BASIC-06,basic_01_06_900_bugcheck_20260605,614,61.4000000000006,B06_TLV_CLV,cav,not_applicable,8678.6200000005,3.5,29.999999999791793,8.675300477989368e-11,lane_1,mainline,,normal,none,commit
BASIC-06,basic_01_06_900_bugcheck_20260605,615,61.500000000000604,B06_MV,cav,not_applicable,7245.999420226209,-3.5,0.00014198657278500154,4.0,on_ramp,on_ramp_mv,,normal,not_started,commit
BASIC-06,basic_01_06_900_bugcheck_20260605,615,61.500000000000604,B06_CLV,cav,not_applicable,8688.000000000278,0.0,29.99999999988003,4.9988102546194573e-11,lane_2,mainline,,normal,none,commit
BASIC-06,basic_01_06_900_bugcheck_20260605,615,61.500000000000604,B06_CFV,cav,not_applicable,8597.115761066932,3.5,30.042967867323465,0.7918276112233068,lane_1,mainline,,normal,none,commit
BASIC-06,basic_01_06_900_bugcheck_20260605,615,61.500000000000604,B06_TLV_CFV,cav,not_applicable,8639.236279309249,3.5,29.956285090833422,-0.792455049900982,lane_1,mainline,,normal,none,commit
BASIC-06,basic_01_06_900_bugcheck_20260605,615,61.500000000000604,B06_TLV_CLV,cav,not_applicable,8681.62000000048,3.5,29.99999999980012,8.328271405844134e-11,lane_1,mainline,,normal,none,commit
BASIC-06,basic_01_06_900_bugcheck_20260605,616,61.600000000000605,B06_MV,cav,not_applicable,7245.999434085453,-3.5,0.0001385924444577345,4.0,on_ramp,on_ramp_mv,,normal,not_started,commit
BASIC-06,basic_01_06_900_bugcheck_20260605,616,61.600000000000605,B06_CLV,cav,not_applicable,8691.000000000267,0.0,29.999999999884828,4.798863528776565e-11,lane_2,mainline,,normal,none,commit
BASIC-06,basic_01_06_900_bugcheck_20260605,616,61.600000000000605,B06_CFV,cav,not_applicable,8600.115627352303,3.5,29.99866285369628,-0.44305013627183987,lane_1,mainline,,normal,none,commit
BASIC-06,basic_01_06_900_bugcheck_20260605,616,61.600000000000605,B06_TLV_CFV,cav,not_applicable,8642.23269682247,3.5,29.96417513220516,0.07890041371737844,lane_1,mainline,,normal,none,commit
BASIC-06,basic_01_06_900_bugcheck_20260605,616,61.600000000000605,B06_TLV_CLV,cav,not_applicable,8684.62000000046,3.5,29.999999999808114,7.9951689713198e-11,lane_1,mainline,,normal,none,commit
BASIC-06,basic_01_06_900_bugcheck_20260605,617,61.70000000000061,B06_MV,cav,not_applicable,7245.999447613398,-3.5,0.00013527945145604668,4.0,on_ramp,on_ramp_mv,,normal,not_started,commit
BASIC-06,basic_01_06_900_bugcheck_20260605,617,61.70000000000061,B06_CLV,cav,not_applicable,8694.000000000256,0.0,29.999999999889436,4.606874881574186e-11,lane_2,mainline,,normal,none,commit
BASIC-06,basic_01_06_900_bugcheck_20260605,617,61.70000000000061,B06_CFV,cav,not_applicable,8603.119141409285,3.5,30.035140569819493,0.36477716123213105,lane_1,mainline,,normal,none,commit
BASIC-06,basic_01_06_900_bugcheck_20260605,617,61.70000000000061,B06_TLV_CFV,cav,not_applicable,8645.237032611802,3.5,30.043357893327492,0.7918276112233097,lane_1,mainline,,normal,none,commit
BASIC-06,basic_01_06_900_bugcheck_20260605,617,61.70000000000061,B06_TLV_CLV,cav,not_applicable,8687.620000000441,3.5,29.99999999981579,7.675424740227755e-11,lane_1,mainline,,normal,none,commit
BASIC-06,basic_01_06_900_bugcheck_20260605,618,61.80000000000061,B06_MV,cav,not_applicable,7245.999460817963,-3.5,0.00013204565404062425,4.0,on_ramp,on_ramp_mv,,normal,not_started,commit
BASIC-06,basic_01_06_900_bugcheck_20260605,618,61.80000000000061,B06_CLV,cav,not_applicable,8697.000000000246,0.0,29.99999999989386,4.422560095918016e-11,lane_2,mainline,,normal,none,commit
BASIC-06,basic_01_06_900_bugcheck_20260605,618,61.80000000000061,B06_CFV,cav,not_applicable,8606.114730915768,3.5,29.955895064829395,-0.7924550499009837,lane_1,mainline,,normal,none,commit
BASIC-06,basic_01_06_900_bugcheck_20260605,618,61.80000000000061,B06_TLV_CFV,cav,not_applicable,8648.236937899772,3.5,29.999052879700308,-0.44305013627183754,lane_1,mainline,,normal,none,commit
BASIC-06,basic_01_06_900_bugcheck_20260605,618,61.80000000000061,B06_TLV_CLV,cav,not_applicable,8690.620000000423,3.5,29.999999999823157,7.368470278379391e-11,lane_1,mainline,,normal,none,commit
BASIC-06,basic_01_06_900_bugcheck_20260605,619,61.90000000000061,B06_MV,cav,not_applicable,7245.999473706879,-3.5,0.000128889159215479,4.0,on_ramp,on_ramp_mv,,normal,not_started,commit
BASIC-06,basic_01_06_900_bugcheck_20260605,619,61.90000000000061,B06_CLV,cav,not_applicable,8700.000000000235,0.0,29.999999999898105,4.245634954713751e-11,lane_2,mainline,,normal,none,commit
BASIC-06,basic_01_06_900_bugcheck_20260605,619,61.90000000000061,B06_CFV,cav,not_applicable,8609.111109426387,3.5,29.963785106201133,0.078900413717377,lane_1,mainline,,normal,none,commit
BASIC-06,basic_01_06_900_bugcheck_20260605,619,61.90000000000061,B06_TLV_CFV,cav,not_applicable,8651.240490959353,3.5,30.03553059582352,0.364777161232133,lane_1,mainline,,normal,none,commit
BASIC-06,basic_01_06_900_bugcheck_20260605,619,61.90000000000061,B06_TLV_CLV,cav,not_applicable,8693.620000000406,3.5,29.99999999983023,7.073737151586102e-11,lane_1,mainline,,normal,none,commit
BASIC-06,basic_01_06_900_bugcheck_20260605,620,62.00000000000061,B06_MV,cav,not_applicable,7245.999486287691,-3.5,0.000125808118988662,4.0,on_ramp,on_ramp_mv,,normal,not_started,commit
BASIC-06,basic_01_06_900_bugcheck_20260605,620,62.00000000000061,B06_CLV,cav,not_applicable,8703.000000000226,0.0,29.99999999990218,4.075815240867087e-11,lane_2,mainline,,normal,none,commit
BASIC-06,basic_01_06_900_bugcheck_20260605,620,62.00000000000061,B06_CFV,cav,not_applicable,8612.115406213119,3.5,30.042967867323465,0.7918276112233085,lane_1,mainline,,normal,none,commit
BASIC-06,basic_01_06_900_bugcheck_20260605,620,62.00000000000061,B06_TLV_CFV,cav,not_applicable,8654.236119468436,3.5,29.956285090833422,-0.792455049900982,lane_1,mainline,,normal,none,commit
BASIC-06,basic_01_06_900_bugcheck_20260605,620,62.00000000000061,B06_TLV_CLV,cav,not_applicable,8696.62000000039,3.5,29.99999999983702,6.79079903420643e-11,lane_1,mainline,,normal,none,commit
BASIC-06,basic_01_06_900_bugcheck_20260605,621,62.10000000000061,B06_MV,cav,not_applicable,7245.999498567764,-3.5,0.0001228007297200312,4.0,on_ramp,on_ramp_mv,,normal,not_started,commit
BASIC-06,basic_01_06_900_bugcheck_20260605,621,62.10000000000061,B06_CLV,cav,not_applicable,8706.000000000216,0.0,29.99999999990609,3.91281673728372e-11,lane_2,mainline,,normal,none,commit
BASIC-06,basic_01_06_900_bugcheck_20260605,621,62.10000000000061,B06_CFV,cav,not_applicable,8615.11527249849,3.5,29.99866285369628,-0.44305013627183853,lane_1,mainline,,normal,none,commit
BASIC-06,basic_01_06_900_bugcheck_20260605,621,62.10000000000061,B06_TLV_CFV,cav,not_applicable,8657.232536981657,3.5,29.96417513220516,0.07890041371737844,lane_1,mainline,,normal,none,commit
BASIC-06,basic_01_06_900_bugcheck_20260605,621,62.10000000000061,B06_TLV_CLV,cav,not_applicable,8699.620000000374,3.5,29.99999999984354,6.519229600598919e-11,lane_1,mainline,,normal,none,commit
BASIC-06,basic_01_06_900_bugcheck_20260605,622,62.200000000000614,B06_MV,cav,not_applicable,7245.999510554288,-3.5,0.00011986523081678626,4.0,on_ramp,on_ramp_mv,,normal,not_started,commit
BASIC-06,basic_01_06_900_bugcheck_20260605,622,62.200000000000614,B06_CLV,cav,not_applicable,8709.000000000207,0.0,29.999999999909846,3.756355226869346e-11,lane_2,mainline,,normal,none,commit
BASIC-06,basic_01_06_900_bugcheck_20260605,622,62.200000000000614,B06_CFV,cav,not_applicable,8618.118786555471,3.5,30.035140569819493,0.36477716123213216,lane_1,mainline,,normal,none,commit
BASIC-06,basic_01_06_900_bugcheck_20260605,622,62.200000000000614,B06_TLV_CFV,cav,not_applicable,8660.236872770989,3.5,30.043357893327492,0.7918276112233097,lane_1,mainline,,normal,none,commit
BASIC-06,basic_01_06_900_bugcheck_20260605,622,62.200000000000614,B06_TLV_CLV,cav,not_applicable,8702.62000000036,3.5,29.9999999998498,6.258460416574962e-11,lane_1,mainline,,normal,none,commit
BASIC-06,basic_01_06_900_bugcheck_20260605,623,62.300000000000615,B06_MV,cav,not_applicable,7245.9995222542775,-3.5,0.00011699990364641469,4.0,on_ramp,on_ramp_mv,,normal,not_started,commit
BASIC-06,basic_01_06_900_bugcheck_20260605,623,62.300000000000615,B06_CLV,cav,not_applicable,8712.000000000198,0.0,29.999999999913452,3.606146492529661e-11,lane_2,mainline,,normal,none,commit
BASIC-06,basic_01_06_900_bugcheck_20260605,623,62.300000000000615,B06_CFV,cav,not_applicable,8621.114376061954,3.5,29.955895064829395,-0.7924550499009827,lane_1,mainline,,normal,none,commit
BASIC-06,basic_01_06_900_bugcheck_20260605,623,62.300000000000615,B06_TLV_CFV,cav,not_applicable,8663.23677805896,3.5,29.999052879700308,-0.44305013627183754,lane_1,mainline,,normal,none,commit
BASIC-06,basic_01_06_900_bugcheck_20260605,623,62.300000000000615,B06_TLV_CLV,cav,not_applicable,8705.620000000345,3.5,29.999999999855806,6.008065156493103e-11,lane_1,mainline,,normal,none,commit
BASIC-06,basic_01_06_900_bugcheck_20260605,624,62.40000000000062,B06_MV,cav,not_applicable,7245.999533674584,-3.5,0.00011420307110187016,4.0,on_ramp,on_ramp_mv,,normal,not_started,commit
BASIC-06,basic_01_06_900_bugcheck_20260605,624,62.40000000000062,B06_CLV,cav,not_applicable,8715.00000000019,0.0,29.999999999916913,3.46190631717036e-11,lane_2,mainline,,normal,none,commit
BASIC-06,basic_01_06_900_bugcheck_20260605,624,62.40000000000062,B06_CFV,cav,not_applicable,8624.110754572574,3.5,29.963785106201133,0.07890041371737788,lane_1,mainline,,normal,none,commit
BASIC-06,basic_01_06_900_bugcheck_20260605,624,62.40000000000062,B06_TLV_CFV,cav,not_applicable,8666.24033111854,3.5,30.03553059582352,0.364777161232133,lane_1,mainline,,normal,none,commit
BASIC-06,basic_01_06_900_bugcheck_20260605,624,62.40000000000062,B06_TLV_CLV,cav,not_applicable,8708.62000000033,3.5,29.999999999861572,5.7677596032590376e-11,lane_1,mainline,,normal,none,commit
BASIC-06,basic_01_06_900_bugcheck_20260605,625,62.50000000000062,B06_MV,cav,not_applicable,7245.999544821893,-3.5,0.00011147309564487513,4.0,on_ramp,on_ramp_mv,,normal,not_started,commit
BASIC-06,basic_01_06_900_bugcheck_20260605,625,62.50000000000062,B06_CLV,cav,not_applicable,8718.000000000182,0.0,29.999999999920234,3.323492592244293e-11,lane_2,mainline,,normal,none,commit
BASIC-06,basic_01_06_900_bugcheck_20260605,625,62.50000000000062,B06_CFV,cav,not_applicable,8627.115051359306,3.5,30.042967867323465,0.7918276112233091,lane_1,mainline,,normal,none,commit
BASIC-06,basic_01_06_900_bugcheck_20260605,625,62.50000000000062,B06_TLV_CFV,cav,not_applicable,8669.235959627624,3.5,29.956285090833422,-0.792455049900982,lane_1,mainline,,normal,none,commit
BASIC-06,basic_01_06_900_bugcheck_20260605,625,62.50000000000062,B06_TLV_CLV,cav,not_applicable,8711.620000000317,3.5,29.99999999986711,5.537117431231309e-11,lane_1,mainline,,normal,none,commit
BASIC-06,basic_01_06_900_bugcheck_20260605,626,62.60000000000062,B06_MV,cav,not_applicable,7245.999555702731,-3.5,0.00010880837908850998,4.0,on_ramp,on_ramp_mv,,normal,not_started,commit
BASIC-06,basic_01_06_900_bugcheck_20260605,626,62.60000000000062,B06_CLV,cav,not_applicable,8721.000000000175,0.0,29.999999999923425,3.190621100657154e-11,lane_2,mainline,,normal,none,commit
BASIC-06,basic_01_06_900_bugcheck_20260605,626,62.60000000000062,B06_CFV,cav,not_applicable,8630.114917644676,3.5,29.99866285369628,-0.443050136271838,lane_1,mainline,,normal,none,commit
BASIC-06,basic_01_06_900_bugcheck_20260605,626,62.60000000000062,B06_TLV_CFV,cav,not_applicable,8672.232377140845,3.5,29.96417513220516,0.07890041371737844,lane_1,mainline,,normal,none,commit
BASIC-06,basic_01_06_900_bugcheck_20260605,626,62.60000000000062,B06_TLV_CLV,cav,not_applicable,8714.620000000305,3.5,29.999999999872426,5.3155702062213095e-11,lane_1,mainline,,normal,none,commit
BASIC-06,basic_01_06_900_bugcheck_20260605,627,62.70000000000062,B06_MV,cav,not_applicable,7245.999566323468,-3.5,0.00010620736129274821,4.0,on_ramp,on_ramp_mv,,normal,not_started,commit
BASIC-06,basic_01_06_900_bugcheck_20260605,627,62.70000000000062,B06_CLV,cav,not_applicable,8724.000000000167,0.0,29.999999999926487,3.06300762531464e-11,lane_2,mainline,,normal,none,commit
BASIC-06,basic_01_06_900_bugcheck_20260605,627,62.70000000000062,B06_CFV,cav,not_applicable,8633.118431701658,3.5,30.035140569819493,0.3647771612321326,lane_1,mainline,,normal,none,commit
BASIC-06,basic_01_06_900_bugcheck_20260605,627,62.70000000000062,B06_TLV_CFV,cav,not_applicable,8675.236712930177,3.5,30.043357893327492,0.7918276112233097,lane_1,mainline,,normal,none,commit
BASIC-06,basic_01_06_900_bugcheck_20260605,627,62.70000000000062,B06_TLV_CLV,cav,not_applicable,8717.620000000292,3.5,29.999999999877527,5.1029758196818876e-11,lane_1,mainline,,normal,none,commit
BASIC-06,basic_01_06_900_bugcheck_20260605,628,62.80000000000062,B06_MV,cav,not_applicable,7245.999576690319,-3.5,0.00010366851972963473,4.0,on_ramp,on_ramp_mv,,normal,not_started,commit
BASIC-06,basic_01_06_900_bugcheck_20260605,628,62.80000000000062,B06_CLV,cav,not_applicable,8727.00000000016,0.0,29.99999999992943,2.940510057669599e-11,lane_2,mainline,,normal,none,commit
BASIC-06,basic_01_06_900_bugcheck_20260605,628,62.80000000000062,B06_CFV,cav,not_applicable,8636.114021208141,3.5,29.955895064829395,-0.7924550499009824,lane_1,mainline,,normal,none,commit
BASIC-06,basic_01_06_900_bugcheck_20260605,628,62.80000000000062,B06_TLV_CFV,cav,not_applicable,8678.236618218147,3.5,29.999052879700308,-0.44305013627183754,lane_1,mainline,,normal,none,commit
BASIC-06,basic_01_06_900_bugcheck_20260605,628,62.80000000000062,B06_TLV_CLV,cav,not_applicable,8720.620000000281,3.5,29.999999999882426,4.898907945971587e-11,lane_1,mainline,,normal,none,commit
BASIC-06,basic_01_06_900_bugcheck_20260605,629,62.900000000000624,B06_MV,cav,not_applicable,7245.9995868093565,-3.5,0.00010119036817882098,4.0,on_ramp,on_ramp_mv,,normal,not_started,commit
BASIC-06,basic_01_06_900_bugcheck_20260605,629,62.900000000000624,B06_CLV,cav,not_applicable,8730.000000000153,0.0,29.999999999932253,2.822844180627726e-11,lane_2,mainline,,normal,none,commit
BASIC-06,basic_01_06_900_bugcheck_20260605,629,62.900000000000624,B06_CFV,cav,not_applicable,8639.11039971876,3.5,29.963785106201133,0.0789004137173781,lane_1,mainline,,normal,none,commit
BASIC-06,basic_01_06_900_bugcheck_20260605,629,62.900000000000624,B06_TLV_CFV,cav,not_applicable,8681.240171277728,3.5,30.03553059582352,0.364777161232133,lane_1,mainline,,normal,none,commit
BASIC-06,basic_01_06_900_bugcheck_20260605,629,62.900000000000624,B06_TLV_CLV,cav,not_applicable,8723.62000000027,3.5,29.99999999988713,4.702940259448951e-11,lane_1,mainline,,normal,none,commit
BASIC-06,basic_01_06_900_bugcheck_20260605,630,63.000000000000625,B06_MV,cav,not_applicable,7245.999596686502,-3.5,9.877145564051083e-05,4.0,on_ramp,on_ramp_mv,,normal,not_started,commit
BASIC-06,basic_01_06_900_bugcheck_20260605,630,63.000000000000625,B06_CLV,cav,not_applicable,8733.000000000146,0.0,29.999999999934964,2.7098678856418702e-11,lane_2,mainline,,normal,none,commit
BASIC-06,basic_01_06_900_bugcheck_20260605,630,63.000000000000625,B06_CFV,cav,not_applicable,8642.114696505492,3.5,30.042967867323465,0.7918276112233094,lane_1,mainline,,normal,none,commit
BASIC-06,basic_01_06_900_bugcheck_20260605,630,63.000000000000625,B06_TLV_CFV,cav,not_applicable,8684.235799786811,3.5,29.956285090833422,-0.792455049900982,lane_1,mainline,,normal,none,commit
BASIC-06,basic_01_06_900_bugcheck_20260605,630,63.000000000000625,B06_TLV_CLV,cav,not_applicable,8726.62000000026,3.5,29.999999999891646,4.5147885430196766e-11,lane_1,mainline,,normal,none,commit
BASIC-06,basic_01_06_900_bugcheck_20260605,631,63.10000000000063,B06_MV,cav,not_applicable,7245.9996063275385,-3.5,9.641036633546059e-05,4.0,on_ramp,on_ramp_mv,,normal,not_started,commit
BASIC-06,basic_01_06_900_bugcheck_20260605,631,63.10000000000063,B06_CLV,cav,not_applicable,8736.00000000014,0.0,29.999999999937565,2.601439064164879e-11,lane_2,mainline,,normal,none,commit
BASIC-06,basic_01_06_900_bugcheck_20260605,631,63.10000000000063,B06_CFV,cav,not_applicable,8645.114562790863,3.5,29.99866285369628,-0.44305013627183776,lane_1,mainline,,normal,none,commit
BASIC-06,basic_01_06_900_bugcheck_20260605,631,63.10000000000063,B06_TLV_CFV,cav,not_applicable,8687.232217300032,3.5,29.96417513220516,0.07890041371737844,lane_1,mainline,,normal,none,commit
BASIC-06,basic_01_06_900_bugcheck_20260605,631,63.10000000000063,B06_TLV_CLV,cav,not_applicable,8729.620000000248,3.5,29.99999999989598,4.334168579589459e-11,lane_1,mainline,,normal,none,commit
BASIC-06,basic_01_06_900_bugcheck_20260605,632,63.20000000000063,B06_MV,cav,not_applicable,7245.99961573811,-3.5,9.410571774828166e-05,4.0,on_ramp,on_ramp_mv,,normal,not_started,commit
BASIC-06,basic_01_06_900_bugcheck_20260605,632,63.20000000000063,B06_CLV,cav,not_applicable,8739.000000000135,0.0,29.999999999940062,2.4974156076496003e-11,lane_2,mainline,,normal,none,commit
BASIC-06,basic_01_06_900_bugcheck_20260605,632,63.20000000000063,B06_CFV,cav,not_applicable,8648.118076847844,3.5,30.035140569819493,0.3647771612321328,lane_1,mainline,,normal,none,commit
BASIC-06,basic_01_06_900_bugcheck_20260605,632,63.20000000000063,B06_TLV_CFV,cav,not_applicable,8690.236553089364,3.5,30.043357893327492,0.7918276112233097,lane_1,mainline,,normal,none,commit
BASIC-06,basic_01_06_900_bugcheck_20260605,632,63.20000000000063,B06_TLV_CLV,cav,not_applicable,8732.620000000239,3.5,29.99999999990014,4.160796152063995e-11,lane_1,mainline,,normal,none,commit
BASIC-06,basic_01_06_900_bugcheck_20260605,633,63.30000000000063,B06_MV,cav,not_applicable,7245.9996249237265,-3.5,9.185616084485134e-05,4.0,on_ramp,on_ramp_mv,,normal,not_started,commit
BASIC-06,basic_01_06_900_bugcheck_20260605,633,63.30000000000063,B06_CLV,cav,not_applicable,8742.00000000013,0.0,29.99999999994246,2.3975132990017302e-11,lane_2,mainline,,normal,none,commit
BASIC-06,basic_01_06_900_bugcheck_20260605,633,63.30000000000063,B06_CFV,cav,not_applicable,8651.113666354328,3.5,29.955895064829395,-0.7924550499009821,lane_1,mainline,,normal,none,commit
BASIC-06,basic_01_06_900_bugcheck_20260605,633,63.30000000000063,B06_TLV_CFV,cav,not_applicable,8693.236458377334,3.5,29.999052879700308,-0.44305013627183754,lane_1,mainline,,normal,none,commit
BASIC-06,basic_01_06_900_bugcheck_20260605,633,63.30000000000063,B06_TLV_CLV,cav,not_applicable,8735.62000000023,3.5,29.999999999904134,3.9943870433489795e-11,lane_1,mainline,,normal,none,commit
BASIC-06,basic_01_06_900_bugcheck_20260605,634,63.40000000000063,B06_MV,cav,not_applicable,7245.9996338897645,-3.5,8.966037855043708e-05,4.0,on_ramp,on_ramp_mv,,normal,not_started,commit
BASIC-06,basic_01_06_900_bugcheck_20260605,634,63.40000000000063,B06_CLV,cav,not_applicable,8745.000000000124,0.0,29.999999999944762,2.3015900296741167e-11,lane_2,mainline,,normal,none,commit
BASIC-06,basic_01_06_900_bugcheck_20260605,634,63.40000000000063,B06_CFV,cav,not_applicable,8654.110044864947,3.5,29.963785106201133,0.07890041371737833,lane_1,mainline,,normal,none,commit
BASIC-06,basic_01_06_900_bugcheck_20260605,634,63.40000000000063,B06_TLV_CFV,cav,not_applicable,8696.240011436916,3.5,30.03553059582352,0.364777161232133,lane_1,mainline,,normal,none,commit
BASIC-06,basic_01_06_900_bugcheck_20260605,634,63.40000000000063,B06_TLV_CLV,cav,not_applicable,8738.62000000022,3.5,29.999999999907967,3.834657036350109e-11,lane_1,mainline,,normal,none,commit
BASIC-06,basic_01_06_900_bugcheck_20260605,635,63.50000000000063,B06_MV,cav,not_applicable,7245.999642641473,-3.5,8.751708553228572e-05,4.0,on_ramp,on_ramp_mv,,normal,not_started,commit
BASIC-06,basic_01_06_900_bugcheck_20260605,635,63.50000000000063,B06_CLV,cav,not_applicable,8748.000000000118,0.0,29.999999999946972,2.2095036911196078e-11,lane_2,mainline,,normal,none,commit
BASIC-06,basic_01_06_900_bugcheck_20260605,635,63.50000000000063,B06_CFV,cav,not_applicable,8657.114341651679,3.5,30.042967867323465,0.7918276112233096,lane_1,mainline,,normal,none,commit
BASIC-06,basic_01_06_900_bugcheck_20260605,635,63.50000000000063,B06_TLV_CFV,cav,not_applicable,8699.235639945999,3.5,29.956285090833422,-0.792455049900982,lane_1,mainline,,normal,none,commit
BASIC-06,basic_01_06_900_bugcheck_20260605,635,63.50000000000063,B06_TLV_CLV,cav,not_applicable,8741.620000000212,3.5,29.999999999911648,3.681321913973079e-11,lane_1,mainline,,normal,none,commit
BASIC-06,basic_01_06_900_bugcheck_20260605,636,63.600000000000634,B06_MV,cav,not_applicable,7245.999651183975,-3.5,8.542502711256934e-05,4.0,on_ramp,on_ramp_mv,,normal,not_started,commit
BASIC-06,basic_01_06_900_bugcheck_20260605,636,63.600000000000634,B06_CLV,cav,not_applicable,8751.000000000113,0.0,29.999999999949093,2.1211121747910513e-11,lane_2,mainline,,normal,none,commit
BASIC-06,basic_01_06_900_bugcheck_20260605,636,63.600000000000634,B06_CFV,cav,not_applicable,8660.11420793705,3.5,29.99866285369628,-0.44305013627183754,lane_1,mainline,,normal,none,commit
BASIC-06,basic_01_06_900_bugcheck_20260605,636,63.600000000000634,B06_TLV_CFV,cav,not_applicable,8702.23205745922,3.5,29.96417513220516,0.07890041371737844,lane_1,mainline,,normal,none,commit
BASIC-06,basic_01_06_900_bugcheck_20260605,636,63.600000000000634,B06_TLV_CLV,cav,not_applicable,8744.620000000203,3.5,29.999999999915183,3.5340974591235864e-11,lane_1,mainline,,normal,none,commit
BASIC-06,basic_01_06_900_bugcheck_20260605,637,63.700000000000635,B06_MV,cav,not_applicable,7245.999659522273,-3.5,8.338297839874205e-05,4.0,on_ramp,on_ramp_mv,,normal,not_started,commit
BASIC-06,basic_01_06_900_bugcheck_20260605,637,63.700000000000635,B06_CLV,cav,not_applicable,8754.000000000107,0.0,29.99999999995113,2.0362733721412952e-11,lane_2,mainline,,normal,none,commit
BASIC-06,basic_01_06_900_bugcheck_20260605,637,63.700000000000635,B06_CFV,cav,not_applicable,8663.117721994031,3.5,30.035140569819493,0.364777161232133,lane_1,mainline,,normal,none,commit
BASIC-06,basic_01_06_900_bugcheck_20260605,637,63.700000000000635,B06_TLV_CFV,cav,not_applicable,8705.236393248551,3.5,30.043357893327492,0.7918276112233097,lane_1,mainline,,normal,none,commit
BASIC-06,basic_01_06_900_bugcheck_20260605,637,63.700000000000635,B06_TLV_CLV,cav,not_applicable,8747.620000000195,3.5,29.999999999918575,3.3926994547073265e-11,lane_1,mainline,,normal,none,commit
BASIC-06,basic_01_06_900_bugcheck_20260605,638,63.80000000000064,B06_MV,cav,not_applicable,7245.999667661247,-3.5,8.138974406612912e-05,4.0,on_ramp,on_ramp_mv,,normal,not_started,commit
BASIC-06,basic_01_06_900_bugcheck_20260605,638,63.80000000000064,B06_CLV,cav,not_applicable,8757.000000000102,0.0,29.999999999953083,1.9548451746231878e-11,lane_2,mainline,,normal,none,commit
BASIC-06,basic_01_06_900_bugcheck_20260605,638,63.80000000000064,B06_CFV,cav,not_applicable,8666.113311500514,3.5,29.955895064829395,-0.792455049900982,lane_1,mainline,,normal,none,commit
BASIC-06,basic_01_06_900_bugcheck_20260605,638,63.80000000000064,B06_TLV_CFV,cav,not_applicable,8708.236298536522,3.5,29.999052879700308,-0.44305013627183754,lane_1,mainline,,normal,none,commit
BASIC-06,basic_01_06_900_bugcheck_20260605,638,63.80000000000064,B06_TLV_CLV,cav,not_applicable,8750.620000000188,3.5,29.999999999921833,3.2569857921771474e-11,lane_1,mainline,,normal,none,commit
BASIC-06,basic_01_06_900_bugcheck_20260605,639,63.90000000000064,B06_MV,cav,not_applicable,7245.999675605663,-3.5,7.944415705346212e-05,4.0,on_ramp,on_ramp_mv,,normal,not_started,commit
BASIC-06,basic_01_06_900_bugcheck_20260605,639,63.90000000000064,B06_CLV,cav,not_applicable,8760.000000000098,0.0,29.99999999995496,1.8766854736895768e-11,lane_2,mainline,,normal,none,commit
BASIC-06,basic_01_06_900_bugcheck_20260605,639,63.90000000000064,B06_CFV,cav,not_applicable,8669.109690011133,3.5,29.963785106201133,0.07890041371737844,lane_1,mainline,,normal,none,commit
BASIC-06,basic_01_06_900_bugcheck_20260605,639,63.90000000000064,B06_TLV_CFV,cav,not_applicable,8711.239851596103,3.5,30.03553059582352,0.364777161232133,lane_1,mainline,,normal,none,commit
BASIC-06,basic_01_06_900_bugcheck_20260605,639,63.90000000000064,B06_TLV_CLV,cav,not_applicable,8753.62000000018,3.5,29.99999999992496,3.126672254438745e-11,lane_1,mainline,,normal,none,commit
BASIC-06,basic_01_06_900_bugcheck_20260605,640,64.00000000000064,B06_MV,cav,not_applicable,7245.999683360171,-3.5,7.754507856287886e-05,4.0,on_ramp,on_ramp_mv,,normal,not_started,commit
BASIC-06,basic_01_06_900_bugcheck_20260605,640,64.00000000000064,B06_CLV,cav,not_applicable,8763.000000000095,0.0,29.99999999995676,1.8016521607933103e-11,lane_2,mainline,,normal,none,commit
BASIC-06,basic_01_06_900_bugcheck_20260605,640,64.00000000000064,B06_CFV,cav,not_applicable,8672.113986797865,3.5,30.042967867323465,0.7918276112233097,lane_1,mainline,,normal,none,commit
BASIC-06,basic_01_06_900_bugcheck_20260605,640,64.00000000000064,B06_TLV_CFV,cav,not_applicable,8714.235480105186,3.5,29.956285090833422,-0.792455049900982,lane_1,mainline,,normal,none,commit
BASIC-06,basic_01_06_900_bugcheck_20260605,640,64.00000000000064,B06_TLV_CLV,cav,not_applicable,8756.620000000174,3.5,29.99999999992796,3.0016167329449676e-11,lane_1,mainline,,normal,none,commit
BASIC-06,basic_01_06_900_bugcheck_20260605,641,64.10000000000063,B06_MV,cav,not_applicable,7245.99969092931,-3.5,7.569139653804775e-05,4.0,on_ramp,on_ramp_mv,,normal,not_started,commit
BASIC-06,basic_01_06_900_bugcheck_20260605,641,64.10000000000063,B06_CLV,cav,not_applicable,8766.000000000091,0.0,29.99999999995849,1.729603127387236e-11,lane_2,mainline,,normal,none,commit
BASIC-06,basic_01_06_900_bugcheck_20260605,641,64.10000000000063,B06_CFV,cav,not_applicable,8675.113853083236,3.5,29.99866285369628,-0.44305013627183754,lane_1,mainline,,normal,none,commit
BASIC-06,basic_01_06_900_bugcheck_20260605,641,64.10000000000063,B06_TLV_CFV,cav,not_applicable,8717.231897618407,3.5,29.96417513220516,0.07890041371737844,lane_1,mainline,,normal,none,commit
BASIC-06,basic_01_06_900_bugcheck_20260605,641,64.10000000000063,B06_TLV_CLV,cav,not_applicable,8759.620000000166,3.5,29.999999999930843,2.8815350106015104e-11,lane_1,mainline,,normal,none,commit
BASIC-06,basic_01_06_900_bugcheck_20260605,642,64.20000000000063,B06_MV,cav,not_applicable,7245.999698317513,-3.5,7.388202609898935e-05,4.0,on_ramp,on_ramp_mv,,normal,not_started,commit
BASIC-06,basic_01_06_900_bugcheck_20260605,642,64.20000000000063,B06_CLV,cav,not_applicable,8769.000000000087,0.0,29.99999999996015,1.6603962649242022e-11,lane_2,mainline,,normal,none,commit
BASIC-06,basic_01_06_900_bugcheck_20260605,642,64.20000000000063,B06_CFV,cav,not_applicable,8678.117367140218,3.5,30.035140569819493,0.364777161232133,lane_1,mainline,,normal,none,commit
BASIC-06,basic_01_06_900_bugcheck_20260605,642,64.20000000000063,B06_TLV_CFV,cav,not_applicable,8720.236233407739,3.5,30.043357893327492,0.7918276112233097,lane_1,mainline,,normal,none,commit
BASIC-06,basic_01_06_900_bugcheck_20260605,642,64.20000000000063,B06_TLV_CLV,cav,not_applicable,8762.620000000159,3.5,29.99999999993361,2.7662849788612222e-11,lane_1,mainline,,normal,none,commit
BASIC-06,basic_01_06_900_bugcheck_20260605,643,64.30000000000062,B06_MV,cav,not_applicable,7245.999705529104,-3.5,7.211590780278991e-05,4.0,on_ramp,on_ramp_mv,,normal,not_started,commit
BASIC-06,basic_01_06_900_bugcheck_20260605,643,64.30000000000062,B06_CLV,cav,not_applicable,8772.000000000084,0.0,29.999999999961744,1.5940315734042088e-11,lane_2,mainline,,normal,none,commit
BASIC-06,basic_01_06_900_bugcheck_20260605,643,64.30000000000062,B06_CFV,cav,not_applicable,8681.1129566467,3.5,29.955895064829395,-0.792455049900982,lane_1,mainline,,normal,none,commit
BASIC-06,basic_01_06_900_bugcheck_20260605,643,64.30000000000062,B06_TLV_CFV,cav,not_applicable,8723.236138695709,3.5,29.999052879700308,-0.44305013627183754,lane_1,mainline,,normal,none,commit
BASIC-06,basic_01_06_900_bugcheck_20260605,643,64.30000000000062,B06_TLV_CLV,cav,not_applicable,8765.620000000152,3.5,29.999999999936264,2.6555824206297985e-11,lane_1,mainline,,normal,none,commit
BASIC-06,basic_01_06_900_bugcheck_20260605,644,64.40000000000062,B06_MV,cav,not_applicable,7245.999712568305,-3.5,7.03920078610121e-05,4.0,on_ramp,on_ramp_mv,,normal,not_started,commit
BASIC-06,basic_01_06_900_bugcheck_20260605,644,64.40000000000062,B06_CLV,cav,not_applicable,8775.00000000008,0.0,29.999999999963276,1.5302248357329517e-11,lane_2,mainline,,normal,none,commit
BASIC-06,basic_01_06_900_bugcheck_20260605,644,64.40000000000062,B06_CFV,cav,not_applicable,8684.10933515732,3.5,29.963785106201133,0.07890041371737844,lane_1,mainline,,normal,none,commit
BASIC-06,basic_01_06_900_bugcheck_20260605,644,64.40000000000062,B06_TLV_CFV,cav,not_applicable,8726.23969175529,3.5,30.03553059582352,0.364777161232133,lane_1,mainline,,normal,none,commit
BASIC-06,basic_01_06_900_bugcheck_20260605,644,64.40000000000062,B06_TLV_CLV,cav,not_applicable,8768.620000000146,3.5,29.999999999938815,2.5494273359072395e-11,lane_1,mainline,,normal,none,commit
BASIC-06,basic_01_06_900_bugcheck_20260605,645,64.50000000000061,B06_MV,cav,not_applicable,7245.999719439236,-3.5,6.870931705264101e-05,4.0,on_ramp,on_ramp_mv,,normal,not_started,commit
BASIC-06,basic_01_06_900_bugcheck_20260605,645,64.50000000000061,B06_CLV,cav,not_applicable,8778.000000000076,0.0,29.999999999964743,1.4689760519104312e-11,lane_2,mainline,,normal,none,commit
BASIC-06,basic_01_06_900_bugcheck_20260605,645,64.50000000000061,B06_CFV,cav,not_applicable,8687.113631944052,3.5,30.042967867323465,0.7918276112233097,lane_1,mainline,,normal,none,commit
BASIC-06,basic_01_06_900_bugcheck_20260605,645,64.50000000000061,B06_TLV_CFV,cav,not_applicable,8729.235320264374,3.5,29.956285090833422,-0.792455049900982,lane_1,mainline,,normal,none,commit
BASIC-06,basic_01_06_900_bugcheck_20260605,645,64.50000000000061,B06_TLV_CLV,cav,not_applicable,8771.62000000014,3.5,29.999999999941263,2.447393399052089e-11,lane_1,mainline,,normal,none,commit
BASIC-06,basic_01_06_900_bugcheck_20260605,646,64.6000000000006,B06_MV,cav,not_applicable,7245.999726145921,-3.5,6.706685028926246e-05,4.0,on_ramp,on_ramp_mv,,normal,not_started,commit
BASIC-06,basic_01_06_900_bugcheck_20260605,646,64.6000000000006,B06_CLV,cav,not_applicable,8781.000000000073,0.0,29.999999999966153,1.410285221936647e-11,lane_2,mainline,,normal,none,commit
BASIC-06,basic_01_06_900_bugcheck_20260605,646,64.6000000000006,B06_CFV,cav,not_applicable,8690.113498229422,3.5,29.99866285369628,-0.44305013627183754,lane_1,mainline,,normal,none,commit
BASIC-06,basic_01_06_900_bugcheck_20260605,646,64.6000000000006,B06_TLV_CFV,cav,not_applicable,8732.231737777594,3.5,29.96417513220516,0.07890041371737844,lane_1,mainline,,normal,none,commit
BASIC-06,basic_01_06_900_bugcheck_20260605,646,64.6000000000006,B06_TLV_CLV,cav,not_applicable,8774.620000000135,3.5,29.99999999994361,2.3494806100643475e-11,lane_1,mainline,,normal,none,commit
BASIC-06,basic_01_06_900_bugcheck_20260605,647,64.7000000000006,B06_MV,cav,not_applicable,7245.999732692286,-3.5,6.546364596283055e-05,4.0,on_ramp,on_ramp_mv,,normal,not_started,commit
BASIC-06,basic_01_06_900_bugcheck_20260605,647,64.7000000000006,B06_CLV,cav,not_applicable,8784.00000000007,0.0,29.999999999967507,1.353868128717295e-11,lane_2,mainline,,normal,none,commit
BASIC-06,basic_01_06_900_bugcheck_20260605,647,64.7000000000006,B06_CFV,cav,not_applicable,8693.117012286404,3.5,30.035140569819493,0.364777161232133,lane_1,mainline,,normal,none,commit
BASIC-06,basic_01_06_900_bugcheck_20260605,647,64.7000000000006,B06_TLV_CFV,cav,not_applicable,8735.236073566926,3.5,30.043357893327492,0.7918276112233097,lane_1,mainline,,normal,none,commit
BASIC-06,basic_01_06_900_bugcheck_20260605,647,64.7000000000006,B06_TLV_CLV,cav,not_applicable,8777.62000000013,3.5,29.999999999945867,2.255546860396862e-11,lane_1,mainline,,normal,none,commit
BASIC-06,basic_01_06_900_bugcheck_20260605,648,64.8000000000006,B06_MV,cav,not_applicable,7245.999739082163,-3.5,6.389876551084607e-05,4.0,on_ramp,on_ramp_mv,,normal,not_started,commit
BASIC-06,basic_01_06_900_bugcheck_20260605,648,64.8000000000006,B06_CLV,cav,not_applicable,8787.000000000065,0.0,29.999999999968807,1.2997247722523753e-11,lane_2,mainline,,normal,none,commit
BASIC-06,basic_01_06_900_bugcheck_20260605,648,64.8000000000006,B06_CFV,cav,not_applicable,8696.112601792887,3.5,29.955895064829395,-0.792455049900982,lane_1,mainline,,normal,none,commit
BASIC-06,basic_01_06_900_bugcheck_20260605,648,64.8000000000006,B06_TLV_CFV,cav,not_applicable,8738.235978854897,3.5,29.999052879700308,-0.44305013627183754,lane_1,mainline,,normal,none,commit
BASIC-06,basic_01_06_900_bugcheck_20260605,648,64.8000000000006,B06_TLV_CLV,cav,not_applicable,8780.620000000124,3.5,29.99999999994803,2.1653079329553294e-11,lane_1,mainline,,normal,none,commit
BASIC-06,basic_01_06_900_bugcheck_20260605,649,64.90000000000059,B06_MV,cav,not_applicable,7245.999745319292,-3.5,6.237129276412397e-05,4.0,on_ramp,on_ramp_mv,,normal,not_started,commit
BASIC-06,basic_01_06_900_bugcheck_20260605,649,64.90000000000059,B06_CLV,cav,not_applicable,8790.000000000062,0.0,29.999999999970054,1.247713043994736e-11,lane_2,mainline,,normal,none,commit
BASIC-06,basic_01_06_900_bugcheck_20260605,649,64.90000000000059,B06_CFV,cav,not_applicable,8699.108980303507,3.5,29.963785106201133,0.07890041371737844,lane_1,mainline,,normal,none,commit
BASIC-06,basic_01_06_900_bugcheck_20260605,649,64.90000000000059,B06_TLV_CFV,cav,not_applicable,8741.239531914478,3.5,30.03553059582352,0.364777161232133,lane_1,mainline,,normal,none,commit
BASIC-06,basic_01_06_900_bugcheck_20260605,649,64.90000000000059,B06_TLV_CLV,cav,not_applicable,8783.620000000119,3.5,29.99999999995011,2.0787638277397494e-11,lane_1,mainline,,normal,none,commit
BASIC-06,basic_01_06_900_bugcheck_20260605,650,65.00000000000058,B06_MV,cav,not_applicable,7245.999751407325,-3.5,6.088033372938262e-05,4.0,on_ramp,on_ramp_mv,,normal,not_started,commit
BASIC-06,basic_01_06_900_bugcheck_20260605,650,65.00000000000058,B06_CLV,cav,not_applicable,8793.000000000058,0.0,29.99999999997125,1.197832943944377e-11,lane_2,mainline,,normal,none,commit
BASIC-06,basic_01_06_900_bugcheck_20260605,650,65.00000000000058,B06_CFV,cav,not_applicable,8702.113277090239,3.5,30.042967867323465,0.7918276112233097,lane_1,mainline,,normal,none,commit
BASIC-06,basic_01_06_900_bugcheck_20260605,650,65.00000000000058,B06_TLV_CFV,cav,not_applicable,8744.235160423561,3.5,29.956285090833422,-0.792455049900982,lane_1,mainline,,normal,none,commit
BASIC-06,basic_01_06_900_bugcheck_20260605,650,65.00000000000058,B06_TLV_CLV,cav,not_applicable,8786.620000000114,3.5,29.999999999952106,1.9956303276558176e-11,lane_1,mainline,,normal,none,commit
BASIC-06,basic_01_06_900_bugcheck_20260605,651,65.10000000000058,B06_MV,cav,not_applicable,7245.999757349827,-3.5,5.942501550218968e-05,4.0,on_ramp,on_ramp_mv,,normal,not_started,commit
BASIC-06,basic_01_06_900_bugcheck_20260605,651,65.10000000000058,B06_CLV,cav,not_applicable,8796.000000000055,0.0,29.999999999972403,1.1499423635541462e-11,lane_2,mainline,,normal,none,commit
BASIC-06,basic_01_06_900_bugcheck_20260605,651,65.10000000000058,B06_CFV,cav,not_applicable,8705.113143375609,3.5,29.99866285369628,-0.44305013627183754,lane_1,mainline,,normal,none,commit
BASIC-06,basic_01_06_900_bugcheck_20260605,651,65.10000000000058,B06_TLV_CFV,cav,not_applicable,8747.231577936782,3.5,29.96417513220516,0.07890041371737844,lane_1,mainline,,normal,none,commit
BASIC-06,basic_01_06_900_bugcheck_20260605,651,65.10000000000058,B06_TLV_CLV,cav,not_applicable,8789.620000000108,3.5,29.99999999995402,1.9157653241563823e-11,lane_1,mainline,,normal,none,commit
BASIC-06,basic_01_06_900_bugcheck_20260605,652,65.20000000000057,B06_MV,cav,not_applicable,7245.999763150276,-3.5,5.800448583214048e-05,4.0,on_ramp,on_ramp_mv,,normal,not_started,commit
BASIC-06,basic_01_06_900_bugcheck_20260605,652,65.20000000000057,B06_CLV,cav,not_applicable,8799.000000000053,0.0,29.999999999973507,1.1038991942768917e-11,lane_2,mainline,,normal,none,commit
BASIC-06,basic_01_06_900_bugcheck_20260605,652,65.20000000000057,B06_CFV,cav,not_applicable,8708.11665743259,3.5,30.035140569819493,0.364777161232133,lane_1,mainline,,normal,none,commit
BASIC-06,basic_01_06_900_bugcheck_20260605,652,65.20000000000057,B06_TLV_CFV,cav,not_applicable,8750.235913726114,3.5,30.043357893327492,0.7918276112233097,lane_1,mainline,,normal,none,commit
BASIC-06,basic_01_06_900_bugcheck_20260605,652,65.20000000000057,B06_TLV_CLV,cav,not_applicable,8792.620000000104,3.5,29.99999999995586,1.8391688172414434e-11,lane_1,mainline,,normal,none,commit
BASIC-06,basic_01_06_900_bugcheck_20260605,653,65.30000000000057,B06_MV,cav,not_applicable,7245.999768812067,-3.5,5.661791334026881e-05,4.0,on_ramp,on_ramp_mv,,normal,not_started,commit
BASIC-06,basic_01_06_900_bugcheck_20260605,653,65.30000000000057,B06_CLV,cav,not_applicable,8802.000000000051,0.0,29.999999999974566,1.0597034361126135e-11,lane_2,mainline,,normal,none,commit
BASIC-06,basic_01_06_900_bugcheck_20260605,653,65.30000000000057,B06_CFV,cav,not_applicable,8711.112246939074,3.5,29.955895064829395,-0.792455049900982,lane_1,mainline,,normal,none,commit
BASIC-06,basic_01_06_900_bugcheck_20260605,653,65.30000000000057,B06_TLV_CFV,cav,not_applicable,8753.235819014084,3.5,29.999052879700308,-0.44305013627183754,lane_1,mainline,,normal,none,commit
BASIC-06,basic_01_06_900_bugcheck_20260605,653,65.30000000000057,B06_TLV_CLV,cav,not_applicable,8795.6200000001,3.5,29.999999999957627,1.765556589816697e-11,lane_1,mainline,,normal,none,commit
BASIC-06,basic_01_06_900_bugcheck_20260605,654,65.40000000000056,B06_MV,cav,not_applicable,7245.999774338516,-3.5,5.526448643199288e-05,4.0,on_ramp,on_ramp_mv,,normal,not_started,commit
BASIC-06,basic_01_06_900_bugcheck_20260605,654,65.40000000000056,B06_CLV,cav,not_applicable,8805.00000000005,0.0,29.999999999975582,1.0173550890613116e-11,lane_2,mainline,,normal,none,commit
BASIC-06,basic_01_06_900_bugcheck_20260605,654,65.40000000000056,B06_CFV,cav,not_applicable,8714.108625449693,3.5,29.963785106201133,0.07890041371737844,lane_1,mainline,,normal,none,commit
BASIC-06,basic_01_06_900_bugcheck_20260605,654,65.40000000000056,B06_TLV_CFV,cav,not_applicable,8756.239372073665,3.5,30.03553059582352,0.364777161232133,lane_1,mainline,,normal,none,commit
BASIC-06,basic_01_06_900_bugcheck_20260605,654,65.40000000000056,B06_TLV_CLV,cav,not_applicable,8798.620000000097,3.5,29.99999999995932,1.694928641882143e-11,lane_1,mainline,,normal,none,commit
BASIC-06,basic_01_06_900_bugcheck_20260605,655,65.50000000000055,B06_MV,cav,not_applicable,7245.999779732857,-3.5,5.3943412427472025e-05,4.0,on_ramp,on_ramp_mv,,normal,not_started,commit
BASIC-06,basic_01_06_900_bugcheck_20260605,655,65.50000000000055,B06_CLV,cav,not_applicable,8808.000000000047,0.0,29.99999999997656,9.767120445758338e-12,lane_2,mainline,,normal,none,commit
BASIC-06,basic_01_06_900_bugcheck_20260605,655,65.50000000000055,B06_CFV,cav,not_applicable,8717.112922236425,3.5,30.042967867323465,0.7918276112233097,lane_1,mainline,,normal,none,commit
BASIC-06,basic_01_06_900_bugcheck_20260605,655,65.50000000000055,B06_TLV_CFV,cav,not_applicable,8759.235000582748,3.5,29.956285090833422,-0.792455049900982,lane_1,mainline,,normal,none,commit
BASIC-06,basic_01_06_900_bugcheck_20260605,655,65.50000000000055,B06_TLV_CLV,cav,not_applicable,8801.620000000094,3.5,29.99999999996095,1.6271428648906294e-11,lane_1,mainline,,normal,none,commit
BASIC-06,basic_01_06_900_bugcheck_20260605,656,65.60000000000055,B06_MV,cav,not_applicable,7245.999784998249,-3.5,5.265391821383912e-05,4.0,on_ramp,on_ramp_mv,,normal,not_started,commit
BASIC-06,basic_01_06_900_bugcheck_20260605,656,65.60000000000055,B06_CLV,cav,not_applicable,8811.000000000045,0.0,29.999999999977497,9.376321941090283e-12,lane_2,mainline,,normal,none,commit
BASIC-06,basic_01_06_900_bugcheck_20260605,656,65.60000000000055,B06_CFV,cav,not_applicable,8720.112788521796,3.5,29.99866285369628,-0.44305013627183754,lane_1,mainline,,normal,none,commit
BASIC-06,basic_01_06_900_bugcheck_20260605,656,65.60000000000055,B06_TLV_CFV,cav,not_applicable,8762.23141809597,3.5,29.96417513220516,0.07890041371737844,lane_1,mainline,,normal,none,commit
BASIC-06,basic_01_06_900_bugcheck_20260605,656,65.60000000000055,B06_TLV_CLV,cav,not_applicable,8804.62000000009,3.5,29.99999999996251,1.5620571502950043e-11,lane_1,mainline,,normal,none,commit
BASIC-06,basic_01_06_900_bugcheck_20260605,657,65.70000000000054,B06_MV,cav,not_applicable,7245.999790137774,-3.5,5.139524872332495e-05,4.0,on_ramp,on_ramp_mv,,normal,not_started,commit
BASIC-06,basic_01_06_900_bugcheck_20260605,657,65.70000000000054,B06_CLV,cav,not_applicable,8814.000000000044,0.0,29.999999999978396,9.00115537660895e-12,lane_2,mainline,,normal,none,commit
BASIC-06,basic_01_06_900_bugcheck_20260605,657,65.70000000000054,B06_CFV,cav,not_applicable,8723.116302578777,3.5,30.035140569819493,0.364777161232133,lane_1,mainline,,normal,none,commit
BASIC-06,basic_01_06_900_bugcheck_20260605,657,65.70000000000054,B06_TLV_CFV,cav,not_applicable,8765.235753885301,3.5,30.043357893327492,0.7918276112233097,lane_1,mainline,,normal,none,commit
BASIC-06,basic_01_06_900_bugcheck_20260605,657,65.70000000000054,B06_TLV_CLV,cav,not_applicable,8807.620000000086,3.5,29.99999999996401,1.4995293895481155e-11,lane_1,mainline,,normal,none,commit
BASIC-06,basic_01_06_900_bugcheck_20260605,658,65.80000000000054,B06_MV,cav,not_applicable,7245.99979515444,-3.5,5.016666736807973e-05,4.0,on_ramp,on_ramp_mv,,normal,not_started,commit
BASIC-06,basic_01_06_900_bugcheck_20260605,658,65.80000000000054,B06_CLV,cav,not_applicable,8817.000000000042,0.0,29.99999999997926,8.641620752314339e-12,lane_2,mainline,,normal,none,commit
BASIC-06,basic_01_06_900_bugcheck_20260605,658,65.80000000000054,B06_CFV,cav,not_applicable,8726.11189208526,3.5,29.955895064829395,-0.792455049900982,lane_1,mainline,,normal,none,commit
BASIC-06,basic_01_06_900_bugcheck_20260605,658,65.80000000000054,B06_TLV_CFV,cav,not_applicable,8768.235659173271,3.5,29.999052879700308,-0.44305013627183754,lane_1,mainline,,normal,none,commit
BASIC-06,basic_01_06_900_bugcheck_20260605,658,65.80000000000054,B06_TLV_CLV,cav,not_applicable,8810.620000000083,3.5,29.99999999996545,1.439559582649963e-11,lane_1,mainline,,normal,none,commit
BASIC-06,basic_01_06_900_bugcheck_20260605,659,65.90000000000053,B06_MV,cav,not_applicable,7245.999800051186,-3.5,4.896745473570831e-05,4.0,on_ramp,on_ramp_mv,,normal,not_started,commit
BASIC-06,basic_01_06_900_bugcheck_20260605,659,65.90000000000053,B06_CLV,cav,not_applicable,8820.00000000004,0.0,29.99999999998009,8.29629698273493e-12,lane_2,mainline,,normal,none,commit
BASIC-06,basic_01_06_900_bugcheck_20260605,659,65.90000000000053,B06_CFV,cav,not_applicable,8729.10827059588,3.5,29.963785106201133,0.07890041371737844,lane_1,mainline,,normal,none,commit
BASIC-06,basic_01_06_900_bugcheck_20260605,659,65.90000000000053,B06_TLV_CFV,cav,not_applicable,8771.239212232853,3.5,30.03553059582352,0.364777161232133,lane_1,mainline,,normal,none,commit
BASIC-06,basic_01_06_900_bugcheck_20260605,659,65.90000000000053,B06_TLV_CLV,cav,not_applicable,8813.620000000079,3.5,29.999999999966832,1.3820056210533949e-11,lane_1,mainline,,normal,none,commit
BASIC-06,basic_01_06_900_bugcheck_20260605,660,66.00000000000053,B06_MV,cav,not_applicable,7245.999804830877,-3.5,4.779690858927009e-05,4.0,on_ramp,on_ramp_mv,,normal,not_started,commit
BASIC-06,basic_01_06_900_bugcheck_20260605,660,66.00000000000053,B06_CLV,cav,not_applicable,8823.000000000038,0.0,29.999999999980886,7.963762982399203e-12,lane_2,mainline,,normal,none,commit
BASIC-06,basic_01_06_900_bugcheck_20260605,660,66.00000000000053,B06_CFV,cav,not_applicable,8732.112567382612,3.5,30.042967867323465,0.7918276112233097,lane_1,mainline,,normal,none,commit
BASIC-06,basic_01_06_900_bugcheck_20260605,660,66.00000000000053,B06_TLV_CFV,cav,not_applicable,8774.234840741936,3.5,29.956285090833422,-0.792455049900982,lane_1,mainline,,normal,none,commit
BASIC-06,basic_01_06_900_bugcheck_20260605,660,66.00000000000053,B06_TLV_CLV,cav,not_applicable,8816.620000000075,3.5,29.999999999968157,1.3267253962112591e-11,lane_1,mainline,,normal,none,commit
BASIC-06,basic_01_06_900_bugcheck_20260605,661,66.10000000000052,B06_MV,cav,not_applicable,7245.999809496311,-3.5,4.665434386727907e-05,4.0,on_ramp,on_ramp_mv,,normal,not_started,commit
BASIC-06,basic_01_06_900_bugcheck_20260605,661,66.10000000000052,B06_CLV,cav,not_applicable,8826.000000000036,0.0,29.99999999998165,7.645439836778678e-12,lane_2,mainline,,normal,none,commit
BASIC-06,basic_01_06_900_bugcheck_20260605,661,66.10000000000052,B06_CFV,cav,not_applicable,8735.112433667982,3.5,29.99866285369628,-0.44305013627183754,lane_1,mainline,,normal,none,commit
BASIC-06,basic_01_06_900_bugcheck_20260605,661,66.10000000000052,B06_TLV_CFV,cav,not_applicable,8777.231258255157,3.5,29.96417513220516,0.07890041371737844,lane_1,mainline,,normal,none,commit
BASIC-06,basic_01_06_900_bugcheck_20260605,661,66.10000000000052,B06_TLV_CLV,cav,not_applicable,8819.620000000072,3.5,29.999999999969432,1.2737189081235557e-11,lane_1,mainline,,normal,none,commit
BASIC-06,basic_01_06_900_bugcheck_20260605,662,66.20000000000051,B06_MV,cav,not_applicable,7245.99981405022,-3.5,4.5539091814060565e-05,4.0,on_ramp,on_ramp_mv,,normal,not_started,commit
BASIC-06,basic_01_06_900_bugcheck_20260605,662,66.20000000000051,B06_CLV,cav,not_applicable,8829.000000000035,0.0,29.999999999982386,7.339906460401835e-12,lane_2,mainline,,normal,none,commit
BASIC-06,basic_01_06_900_bugcheck_20260605,662,66.20000000000051,B06_CFV,cav,not_applicable,8738.115947724964,3.5,30.035140569819493,0.364777161232133,lane_1,mainline,,normal,none,commit
BASIC-06,basic_01_06_900_bugcheck_20260605,662,66.20000000000051,B06_TLV_CFV,cav,not_applicable,8780.235594044489,3.5,30.043357893327492,0.7918276112233097,lane_1,mainline,,normal,none,commit
BASIC-06,basic_01_06_900_bugcheck_20260605,662,66.20000000000051,B06_TLV_CLV,cav,not_applicable,8822.620000000068,3.5,29.999999999970655,1.2227019396959805e-11,lane_1,mainline,,normal,none,commit
BASIC-06,basic_01_06_900_bugcheck_20260605,663,66.30000000000051,B06_MV,cav,not_applicable,7245.99981849527,-3.5,4.445049932751874e-05,4.0,on_ramp,on_ramp_mv,,normal,not_started,commit
BASIC-06,basic_01_06_900_bugcheck_20260605,663,66.30000000000051,B06_CLV,cav,not_applicable,8832.000000000033,0.0,29.99999999998309,7.045741767797154e-12,lane_2,mainline,,normal,none,commit
BASIC-06,basic_01_06_900_bugcheck_20260605,663,66.30000000000051,B06_CFV,cav,not_applicable,8741.111537231447,3.5,29.955895064829395,-0.792455049900982,lane_1,mainline,,normal,none,commit
BASIC-06,basic_01_06_900_bugcheck_20260605,663,66.30000000000051,B06_TLV_CFV,cav,not_applicable,8783.235499332459,3.5,29.999052879700308,-0.44305013627183754,lane_1,mainline,,normal,none,commit
BASIC-06,basic_01_06_900_bugcheck_20260605,663,66.30000000000051,B06_TLV_CLV,cav,not_applicable,8825.620000000064,3.5,29.999999999971827,1.1738165994756855e-11,lane_1,mainline,,normal,none,commit
BASIC-06,basic_01_06_900_bugcheck_20260605,664,66.4000000000005,B06_MV,cav,not_applicable,7245.999822834063,-3.5,4.3387929176547454e-05,4.0,on_ramp,on_ramp_mv,,normal,not_started,commit
BASIC-06,basic_01_06_900_bugcheck_20260605,664,66.4000000000005,B06_CLV,cav,not_applicable,8835.000000000031,0.0,29.999999999983764,6.764366844436154e-12,lane_2,mainline,,normal,none,commit
BASIC-06,basic_01_06_900_bugcheck_20260605,664,66.4000000000005,B06_CFV,cav,not_applicable,8744.107915742066,3.5,29.963785106201133,0.07890041371737844,lane_1,mainline,,normal,none,commit
BASIC-06,basic_01_06_900_bugcheck_20260605,664,66.4000000000005,B06_TLV_CFV,cav,not_applicable,8786.23905239204,3.5,30.03553059582352,0.364777161232133,lane_1,mainline,,normal,none,commit
BASIC-06,basic_01_06_900_bugcheck_20260605,664,66.4000000000005,B06_TLV_CLV,cav,not_applicable,8828.620000000063,3.5,29.999999999972953,1.1269207789155189e-11,lane_1,mainline,,normal,none,commit
BASIC-06,basic_01_06_900_bugcheck_20260605,665,66.5000000000005,B06_MV,cav,not_applicable,7245.9998270691385,-3.5,4.2350759348797775e-05,4.0,on_ramp,on_ramp_mv,,normal,not_started,commit
BASIC-06,basic_01_06_900_bugcheck_20260605,665,66.5000000000005,B06_CLV,cav,not_applicable,8838.00000000003,0.0,29.999999999984414,6.494360604847316e-12,lane_2,mainline,,normal,none,commit
BASIC-06,basic_01_06_900_bugcheck_20260605,665,66.5000000000005,B06_CFV,cav,not_applicable,8747.112212528798,3.5,30.042967867323465,0.7918276112233097,lane_1,mainline,,normal,none,commit
BASIC-06,basic_01_06_900_bugcheck_20260605,665,66.5000000000005,B06_TLV_CFV,cav,not_applicable,8789.234680901123,3.5,29.956285090833422,-0.792455049900982,lane_1,mainline,,normal,none,commit
BASIC-06,basic_01_06_900_bugcheck_20260605,665,66.5000000000005,B06_TLV_CLV,cav,not_applicable,8831.62000000006,3.5,29.999999999974037,1.0818723694683286e-11,lane_1,mainline,,normal,none,commit
BASIC-06,basic_01_06_900_bugcheck_20260605,666,66.60000000000049,B06_MV,cav,not_applicable,7245.999831202977,-3.5,4.133838261585637e-05,4.0,on_ramp,on_ramp_mv,,normal,not_started,commit
BASIC-06,basic_01_06_900_bugcheck_20260605,666,66.60000000000049,B06_CLV,cav,not_applicable,8841.000000000027,0.0,29.999999999985036,6.23430196355912e-12,lane_2,mainline,,normal,none,commit
BASIC-06,basic_01_06_900_bugcheck_20260605,666,66.60000000000049,B06_CFV,cav,not_applicable,8750.112078814169,3.5,29.99866285369628,-0.44305013627183754,lane_1,mainline,,normal,none,commit
BASIC-06,basic_01_06_900_bugcheck_20260605,666,66.60000000000049,B06_TLV_CFV,cav,not_applicable,8792.231098414344,3.5,29.96417513220516,0.07890041371737844,lane_1,mainline,,normal,none,commit
BASIC-06,basic_01_06_900_bugcheck_20260605,666,66.60000000000049,B06_TLV_CLV,cav,not_applicable,8834.620000000059,3.5,29.999999999975074,1.0385292625869625e-11,lane_1,mainline,,normal,none,commit
BASIC-06,basic_01_06_900_bugcheck_20260605,667,66.70000000000049,B06_MV,cav,not_applicable,7245.999835237997,-3.5,4.035020631583469e-05,4.0,on_ramp,on_ramp_mv,,normal,not_started,commit
BASIC-06,basic_01_06_900_bugcheck_20260605,667,66.70000000000049,B06_CLV,cav,not_applicable,8844.000000000025,0.0,29.999999999985633,5.985612006043085e-12,lane_2,mainline,,normal,none,commit
BASIC-06,basic_01_06_900_bugcheck_20260605,667,66.70000000000049,B06_CFV,cav,not_applicable,8753.11559287115,3.5,30.035140569819493,0.364777161232133,lane_1,mainline,,normal,none,commit
BASIC-06,basic_01_06_900_bugcheck_20260605,667,66.70000000000049,B06_TLV_CFV,cav,not_applicable,8795.235434203676,3.5,30.043357893327492,0.7918276112233097,lane_1,mainline,,normal,none,commit
BASIC-06,basic_01_06_900_bugcheck_20260605,667,66.70000000000049,B06_TLV_CLV,cav,not_applicable,8837.620000000057,3.5,29.999999999976072,9.970335668185726e-12,lane_1,mainline,,normal,none,commit
BASIC-06,basic_01_06_900_bugcheck_20260605,668,66.80000000000048,B06_MV,cav,not_applicable,7245.999839176562,-3.5,3.938565191854731e-05,4.0,on_ramp,on_ramp_mv,,normal,not_started,commit
BASIC-06,basic_01_06_900_bugcheck_20260605,668,66.80000000000048,B06_CLV,cav,not_applicable,8847.000000000024,0.0,29.99999999998621,5.746869646827691e-12,lane_2,mainline,,normal,none,commit
BASIC-06,basic_01_06_900_bugcheck_20260605,668,66.80000000000048,B06_CFV,cav,not_applicable,8756.111182377634,3.5,29.955895064829395,-0.792455049900982,lane_1,mainline,,normal,none,commit
BASIC-06,basic_01_06_900_bugcheck_20260605,668,66.80000000000048,B06_TLV_CFV,cav,not_applicable,8798.235339491646,3.5,29.999052879700308,-0.44305013627183754,lane_1,mainline,,normal,none,commit
BASIC-06,basic_01_06_900_bugcheck_20260605,668,66.80000000000048,B06_TLV_CLV,cav,not_applicable,8840.620000000055,3.5,29.999999999977028,9.57101065068855e-12,lane_1,mainline,,normal,none,commit
BASIC-06,basic_01_06_900_bugcheck_20260605,669,66.90000000000047,B06_MV,cav,not_applicable,7245.999843020978,-3.5,3.844415480810114e-05,4.0,on_ramp,on_ramp_mv,,normal,not_started,commit
BASIC-06,basic_01_06_900_bugcheck_20260605,669,66.90000000000047,B06_CLV,cav,not_applicable,8850.000000000022,0.0,29.99999999998676,5.5166538004414185e-12,lane_2,mainline,,normal,none,commit
BASIC-06,basic_01_06_900_bugcheck_20260605,669,66.90000000000047,B06_CFV,cav,not_applicable,8759.107560888253,3.5,29.963785106201133,0.07890041371737844,lane_1,mainline,,normal,none,commit
BASIC-06,basic_01_06_900_bugcheck_20260605,669,66.90000000000047,B06_TLV_CFV,cav,not_applicable,8801.238892551228,3.5,30.03553059582352,0.364777161232133,lane_1,mainline,,normal,none,commit
BASIC-06,basic_01_06_900_bugcheck_20260605,669,66.90000000000047,B06_TLV_CLV,cav,not_applicable,8843.620000000054,3.5,29.99999999997795,9.188738658849616e-12,lane_1,mainline,,normal,none,commit
BASIC-06,basic_01_06_900_bugcheck_20260605,670,67.00000000000047,B06_MV,cav,not_applicable,7245.999846773494,-3.5,3.752516363066294e-05,4.0,on_ramp,on_ramp_mv,,normal,not_started,commit
BASIC-06,basic_01_06_900_bugcheck_20260605,670,67.00000000000047,B06_CLV,cav,not_applicable,8853.00000000002,0.0,29.99999999998729,5.2963855523557874e-12,lane_2,mainline,,normal,none,commit
BASIC-06,basic_01_06_900_bugcheck_20260605,670,67.00000000000047,B06_CFV,cav,not_applicable,8762.111857674985,3.5,30.042967867323465,0.7918276112233097,lane_1,mainline,,normal,none,commit
BASIC-06,basic_01_06_900_bugcheck_20260605,670,67.00000000000047,B06_TLV_CFV,cav,not_applicable,8804.23452106031,3.5,29.956285090833422,-0.792455049900982,lane_1,mainline,,normal,none,commit
BASIC-06,basic_01_06_900_bugcheck_20260605,670,67.00000000000047,B06_TLV_CLV,cav,not_applicable,8846.620000000052,3.5,29.99999999997883,8.820677521725884e-12,lane_1,mainline,,normal,none,commit
BASIC-06,basic_01_06_900_bugcheck_20260605,671,67.10000000000046,B06_MV,cav,not_applicable,7245.999850436308,-3.5,3.662814072928098e-05,4.0,on_ramp,on_ramp_mv,,normal,not_started,commit
BASIC-06,basic_01_06_900_bugcheck_20260605,671,67.10000000000046,B06_CLV,cav,not_applicable,8856.000000000018,0.0,29.999999999987796,5.084643817099277e-12,lane_2,mainline,,normal,none,commit
BASIC-06,basic_01_06_900_bugcheck_20260605,671,67.10000000000046,B06_CFV,cav,not_applicable,8765.111723960355,3.5,29.99866285369628,-0.44305013627183754,lane_1,mainline,,normal,none,commit
BASIC-06,basic_01_06_900_bugcheck_20260605,671,67.10000000000046,B06_TLV_CFV,cav,not_applicable,8807.230938573532,3.5,29.96417513220516,0.07890041371737844,lane_1,mainline,,normal,none,commit
BASIC-06,basic_01_06_900_bugcheck_20260605,671,67.10000000000046,B06_TLV_CLV,cav,not_applicable,8849.62000000005,3.5,29.999999999979675,8.468248324788874e-12,lane_1,mainline,,normal,none,commit
BASIC-06,basic_01_06_900_bugcheck_20260605,672,67.20000000000046,B06_MV,cav,not_applicable,7245.999854011565,-3.5,3.575256062200934e-05,4.0,on_ramp,on_ramp_mv,,normal,not_started,commit
BASIC-06,basic_01_06_900_bugcheck_20260605,672,67.20000000000046,B06_CLV,cav,not_applicable,8859.000000000016,0.0,29.999999999988283,4.881428594671888e-12,lane_2,mainline,,normal,none,commit
BASIC-06,basic_01_06_900_bugcheck_20260605,672,67.20000000000046,B06_CFV,cav,not_applicable,8768.115238017337,3.5,30.035140569819493,0.364777161232133,lane_1,mainline,,normal,none,commit
BASIC-06,basic_01_06_900_bugcheck_20260605,672,67.20000000000046,B06_TLV_CFV,cav,not_applicable,8810.235274362863,3.5,30.043357893327492,0.7918276112233097,lane_1,mainline,,normal,none,commit
BASIC-06,basic_01_06_900_bugcheck_20260605,672,67.20000000000046,B06_TLV_CLV,cav,not_applicable,8852.620000000048,3.5,29.99999999998049,8.130029982567067e-12,lane_1,mainline,,normal,none,commit
BASIC-06,basic_01_06_900_bugcheck_20260605,673,67.30000000000045,B06_MV,cav,not_applicable,7245.999857501356,-3.5,3.48979108715511e-05,4.0,on_ramp,on_ramp_mv,,normal,not_started,commit
BASIC-06,basic_01_06_900_bugcheck_20260605,673,67.30000000000045,B06_CLV,cav,not_applicable,8862.000000000015,0.0,29.999999999988752,4.686739885073621e-12,lane_2,mainline,,normal,none,commit
BASIC-06,basic_01_06_900_bugcheck_20260605,673,67.30000000000045,B06_CFV,cav,not_applicable,8771.11082752382,3.5,29.955895064829395,-0.792455049900982,lane_1,mainline,,normal,none,commit
BASIC-06,basic_01_06_900_bugcheck_20260605,673,67.30000000000045,B06_TLV_CFV,cav,not_applicable,8813.235179650834,3.5,29.999052879700308,-0.44305013627183754,lane_1,mainline,,normal,none,commit
BASIC-06,basic_01_06_900_bugcheck_20260605,673,67.30000000000045,B06_TLV_CLV,cav,not_applicable,8855.620000000046,3.5,29.99999999998127,7.804601409588941e-12,lane_1,mainline,,normal,none,commit
BASIC-06,basic_01_06_900_bugcheck_20260605,674,67.40000000000045,B06_MV,cav,not_applicable,7245.999860907725,-3.5,3.406369121561516e-05,4.0,on_ramp,on_ramp_mv,,normal,not_started,commit
BASIC-06,basic_01_06_900_bugcheck_20260605,674,67.40000000000045,B06_CLV,cav,not_applicable,8865.000000000013,0.0,29.999999999989203,4.499156602832955e-12,lane_2,mainline,,normal,none,commit
BASIC-06,basic_01_06_900_bugcheck_20260605,674,67.40000000000045,B06_CFV,cav,not_applicable,8774.10720603444,3.5,29.963785106201133,0.07890041371737844,lane_1,mainline,,normal,none,commit
BASIC-06,basic_01_06_900_bugcheck_20260605,674,67.40000000000045,B06_TLV_CFV,cav,not_applicable,8816.238732710415,3.5,30.03553059582352,0.364777161232133,lane_1,mainline,,normal,none,commit
BASIC-06,basic_01_06_900_bugcheck_20260605,674,67.40000000000045,B06_TLV_CLV,cav,not_applicable,8858.620000000044,3.5,29.99999999998202,7.491962605854497e-12,lane_1,mainline,,normal,none,commit
BASIC-06,basic_01_06_900_bugcheck_20260605,675,67.50000000000044,B06_MV,cav,not_applicable,7245.999864232666,-3.5,3.3249413349505373e-05,4.0,on_ramp,on_ramp_mv,,normal,not_started,commit
BASIC-06,basic_01_06_900_bugcheck_20260605,675,67.50000000000044,B06_CLV,cav,not_applicable,8868.000000000011,0.0,29.999999999989637,4.3186787479498894e-12,lane_2,mainline,,normal,none,commit
BASIC-06,basic_01_06_900_bugcheck_20260605,675,67.50000000000044,B06_CFV,cav,not_applicable,8777.111502821172,3.5,30.042967867323465,0.7918276112233097,lane_1,mainline,,normal,none,commit
BASIC-06,basic_01_06_900_bugcheck_20260605,675,67.50000000000044,B06_TLV_CFV,cav,not_applicable,8819.234361219498,3.5,29.956285090833422,-0.792455049900982,lane_1,mainline,,normal,none,commit
BASIC-06,basic_01_06_900_bugcheck_20260605,675,67.50000000000044,B06_TLV_CLV,cav,not_applicable,8861.620000000043,3.5,29.999999999982737,7.1921135713637344e-12,lane_1,mainline,,normal,none,commit
BASIC-06,basic_01_06_900_bugcheck_20260605,676,67.60000000000043,B06_MV,cav,not_applicable,7245.999867478126,-3.5,3.24546002738881e-05,4.0,on_ramp,on_ramp_mv,,normal,not_started,commit
BASIC-06,basic_01_06_900_bugcheck_20260605,676,67.60000000000043,B06_CLV,cav,not_applicable,8871.00000000001,0.0,29.999999999990052,4.145306320424424e-12,lane_2,mainline,,normal,none,commit
BASIC-06,basic_01_06_900_bugcheck_20260605,676,67.60000000000043,B06_CFV,cav,not_applicable,8780.111369106542,3.5,29.99866285369628,-0.44305013627183754,lane_1,mainline,,normal,none,commit
BASIC-06,basic_01_06_900_bugcheck_20260605,676,67.60000000000043,B06_TLV_CFV,cav,not_applicable,8822.230778732719,3.5,29.96417513220516,0.07890041371737844,lane_1,mainline,,normal,none,commit
BASIC-06,basic_01_06_900_bugcheck_20260605,676,67.60000000000043,B06_TLV_CLV,cav,not_applicable,8864.62000000004,3.5,29.999999999983427,6.905054306116654e-12,lane_1,mainline,,normal,none,commit
BASIC-06,basic_01_06_900_bugcheck_20260605,677,67.70000000000043,B06_MV,cav,not_applicable,7245.999870646005,-3.5,3.1678786947024666e-05,4.0,on_ramp,on_ramp_mv,,normal,not_started,commit
BASIC-06,basic_01_06_900_bugcheck_20260605,677,67.70000000000043,B06_CLV,cav,not_applicable,8874.000000000007,0.0,29.99999999999045,3.979039320256561e-12,lane_2,mainline,,normal,none,commit
BASIC-06,basic_01_06_900_bugcheck_20260605,677,67.70000000000043,B06_CFV,cav,not_applicable,8783.114883163524,3.5,30.035140569819493,0.364777161232133,lane_1,mainline,,normal,none,commit
BASIC-06,basic_01_06_900_bugcheck_20260605,677,67.70000000000043,B06_TLV_CFV,cav,not_applicable,8825.235114522051,3.5,30.043357893327492,0.7918276112233097,lane_1,mainline,,normal,none,commit
BASIC-06,basic_01_06_900_bugcheck_20260605,677,67.70000000000043,B06_TLV_CLV,cav,not_applicable,8867.620000000039,3.5,29.99999999998409,6.629363724641735e-12,lane_1,mainline,,normal,none,commit
BASIC-06,basic_01_06_900_bugcheck_20260605,678,67.80000000000042,B06_MV,cav,not_applicable,7245.999873738157,-3.5,3.0921519197717274e-05,4.0,on_ramp,on_ramp_mv,,normal,not_started,commit
BASIC-06,basic_01_06_900_bugcheck_20260605,678,67.80000000000042,B06_CLV,cav,not_applicable,8877.000000000005,0.0,29.999999999990834,3.819877747446299e-12,lane_2,mainline,,normal,none,commit
BASIC-06,basic_01_06_900_bugcheck_20260605,678,67.80000000000042,B06_CFV,cav,not_applicable,8786.110472670007,3.5,29.955895064829395,-0.792455049900982,lane_1,mainline,,normal,none,commit
BASIC-06,basic_01_06_900_bugcheck_20260605,678,67.80000000000042,B06_TLV_CFV,cav,not_applicable,8828.235019810021,3.5,29.999052879700308,-0.44305013627183754,lane_1,mainline,,normal,none,commit
BASIC-06,basic_01_06_900_bugcheck_20260605,678,67.80000000000042,B06_TLV_CLV,cav,not_applicable,8870.620000000037,3.5,29.999999999984727,6.3636207414674574e-12,lane_1,mainline,,normal,none,commit
BASIC-06,basic_01_06_900_bugcheck_20260605,679,67.90000000000042,B06_MV,cav,not_applicable,7245.999876756392,-3.5,3.018235350789818e-05,4.0,on_ramp,on_ramp_mv,,normal,not_started,commit
BASIC-06,basic_01_06_900_bugcheck_20260605,679,67.90000000000042,B06_CLV,cav,not_applicable,8880.000000000005,0.0,29.9999999999912,3.666400516522117e-12,lane_2,mainline,,normal,none,commit
BASIC-06,basic_01_06_900_bugcheck_20260605,679,67.90000000000042,B06_CFV,cav,not_applicable,8789.106851180626,3.5,29.963785106201133,0.07890041371737844,lane_1,mainline,,normal,none,commit
BASIC-06,basic_01_06_900_bugcheck_20260605,679,67.90000000000042,B06_TLV_CFV,cav,not_applicable,8831.238572869603,3.5,30.03553059582352,0.364777161232133,lane_1,mainline,,normal,none,commit
BASIC-06,basic_01_06_900_bugcheck_20260605,679,67.90000000000042,B06_TLV_CLV,cav,not_applicable,8873.620000000035,3.5,29.999999999985338,6.109246442065342e-12,lane_1,mainline,,normal,none,commit
BASIC-06,basic_01_06_900_bugcheck_20260605,680,68.00000000000041,B06_MV,cav,not_applicable,7245.999879702478,-3.5,2.9460857230040525e-05,4.0,on_ramp,on_ramp_mv,,normal,not_started,commit
BASIC-06,basic_01_06_900_bugcheck_20260605,680,68.00000000000041,B06_CLV,cav,not_applicable,8883.000000000005,0.0,29.99999999999155,3.5200287129555366e-12,lane_2,mainline,,normal,none,commit
BASIC-06,basic_01_06_900_bugcheck_20260605,680,68.00000000000041,B06_CFV,cav,not_applicable,8792.111147967358,3.5,30.042967867323465,0.7918276112233097,lane_1,mainline,,normal,none,commit
BASIC-06,basic_01_06_900_bugcheck_20260605,680,68.00000000000041,B06_TLV_CFV,cav,not_applicable,8834.234201378686,3.5,29.956285090833422,-0.792455049900982,lane_1,mainline,,normal,none,commit
BASIC-06,basic_01_06_900_bugcheck_20260605,680,68.00000000000041,B06_TLV_CLV,cav,not_applicable,8876.620000000034,3.5,29.999999999985924,5.8648197409638676e-12,lane_1,mainline,,normal,none,commit
BASIC-06,basic_01_06_900_bugcheck_20260605,681,68.1000000000004,B06_MV,cav,not_applicable,7245.999882578139,-3.5,2.8756607934925867e-05,4.0,on_ramp,on_ramp_mv,,normal,not_started,commit
BASIC-06,basic_01_06_900_bugcheck_20260605,681,68.1000000000004,B06_CLV,cav,not_applicable,8886.000000000005,0.0,29.99999999999189,3.3793412512750366e-12,lane_2,mainline,,normal,none,commit
BASIC-06,basic_01_06_900_bugcheck_20260605,681,68.1000000000004,B06_CFV,cav,not_applicable,8795.111014252729,3.5,29.99866285369628,-0.44305013627183754,lane_1,mainline,,normal,none,commit
BASIC-06,basic_01_06_900_bugcheck_20260605,681,68.1000000000004,B06_TLV_CFV,cav,not_applicable,8837.230618891906,3.5,29.96417513220516,0.07890041371737844,lane_1,mainline,,normal,none,commit
BASIC-06,basic_01_06_900_bugcheck_20260605,681,68.1000000000004,B06_TLV_CLV,cav,not_applicable,8879.620000000032,3.5,29.999999999986485,5.6303406381630345e-12,lane_1,mainline,,normal,none,commit
BASIC-06,basic_01_06_900_bugcheck_20260605,682,68.2000000000004,B06_MV,cav,not_applicable,7245.9998853850575,-3.5,2.8069193629055005e-05,4.0,on_ramp,on_ramp_mv,,normal,not_started,commit
BASIC-06,basic_01_06_900_bugcheck_20260605,682,68.2000000000004,B06_CLV,cav,not_applicable,8889.000000000005,0.0,29.999999999992212,3.2443381314806176e-12,lane_2,mainline,,normal,none,commit
BASIC-06,basic_01_06_900_bugcheck_20260605,682,68.2000000000004,B06_CFV,cav,not_applicable,8798.11452830971,3.5,30.035140569819493,0.364777161232133,lane_1,mainline,,normal,none,commit
BASIC-06,basic_01_06_900_bugcheck_20260605,682,68.2000000000004,B06_TLV_CFV,cav,not_applicable,8840.234954681238,3.5,30.043357893327492,0.7918276112233097,lane_1,mainline,,normal,none,commit
BASIC-06,basic_01_06_900_bugcheck_20260605,682,68.2000000000004,B06_TLV_CLV,cav,not_applicable,8882.62000000003,3.5,29.999999999987025,5.405809133662843e-12,lane_1,mainline,,normal,none,commit
BASIC-06,basic_01_06_900_bugcheck_20260605,683,68.3000000000004,B06_MV,cav,not_applicable,7245.999888124878,-3.5,2.7398211667593898e-05,4.0,on_ramp,on_ramp_mv,,normal,not_started,commit
BASIC-06,basic_01_06_900_bugcheck_20260605,683,68.3000000000004,B06_CLV,cav,not_applicable,8892.000000000005,0.0,29.999999999992525,3.1150193535722795e-12,lane_2,mainline,,normal,none,commit
BASIC-06,basic_01_06_900_bugcheck_20260605,683,68.3000000000004,B06_CFV,cav,not_applicable,8801.110117816193,3.5,29.955895064829395,-0.792455049900982,lane_1,mainline,,normal,none,commit
BASIC-06,basic_01_06_900_bugcheck_20260605,683,68.3000000000004,B06_TLV_CFV,cav,not_applicable,8843.234859969209,3.5,29.999052879700308,-0.44305013627183754,lane_1,mainline,,normal,none,commit
BASIC-06,basic_01_06_900_bugcheck_20260605,683,68.3000000000004,B06_TLV_CLV,cav,not_applicable,8885.620000000028,3.5,29.999999999987544,5.189804141991772e-12,lane_1,mainline,,normal,none,commit
BASIC-06,basic_01_06_900_bugcheck_20260605,684,68.40000000000039,B06_MV,cav,not_applicable,7245.999890799206,-3.5,2.6743269189195285e-05,4.0,on_ramp,on_ramp_mv,,normal,not_started,commit
BASIC-06,basic_01_06_900_bugcheck_20260605,684,68.40000000000039,B06_CLV,cav,not_applicable,8895.000000000005,0.0,29.999999999992824,2.9899638320785017e-12,lane_2,mainline,,normal,none,commit
BASIC-06,basic_01_06_900_bugcheck_20260605,684,68.40000000000039,B06_CFV,cav,not_applicable,8804.106496326813,3.5,29.963785106201133,0.07890041371737844,lane_1,mainline,,normal,none,commit
BASIC-06,basic_01_06_900_bugcheck_20260605,684,68.40000000000039,B06_TLV_CFV,cav,not_applicable,8846.23841302879,3.5,30.03553059582352,0.364777161232133,lane_1,mainline,,normal,none,commit
BASIC-06,basic_01_06_900_bugcheck_20260605,684,68.40000000000039,B06_TLV_CLV,cav,not_applicable,8888.620000000026,3.5,29.99999999998804,4.982325663149823e-12,lane_1,mainline,,normal,none,commit
BASIC-06,basic_01_06_900_bugcheck_20260605,685,68.50000000000038,B06_MV,cav,not_applicable,7245.999893409604,-3.5,2.6103982681177063e-05,4.0,on_ramp,on_ramp_mv,,normal,not_started,commit
BASIC-06,basic_01_06_900_bugcheck_20260605,685,68.50000000000038,B06_CLV,cav,not_applicable,8898.000000000005,0.0,29.99999999999311,2.8705926524708048e-12,lane_2,mainline,,normal,none,commit
BASIC-06,basic_01_06_900_bugcheck_20260605,685,68.50000000000038,B06_CFV,cav,not_applicable,8807.110793113545,3.5,30.042967867323465,0.7918276112233097,lane_1,mainline,,normal,none,commit
BASIC-06,basic_01_06_900_bugcheck_20260605,685,68.50000000000038,B06_TLV_CFV,cav,not_applicable,8849.234041537873,3.5,29.956285090833422,-0.792455049900982,lane_1,mainline,,normal,none,commit
BASIC-06,basic_01_06_900_bugcheck_20260605,685,68.50000000000038,B06_TLV_CLV,cav,not_applicable,8891.620000000024,3.5,29.99999999998852,4.783373697136995e-12,lane_1,mainline,,normal,none,commit
BASIC-06,basic_01_06_900_bugcheck_20260605,686,68.60000000000038,B06_MV,cav,not_applicable,7245.999895957601,-3.5,2.5479978196933097e-05,4.0,on_ramp,on_ramp_mv,,normal,not_started,commit
BASIC-06,basic_01_06_900_bugcheck_20260605,686,68.60000000000038,B06_CLV,cav,not_applicable,8901.000000000005,0.0,29.99999999999339,2.7554847292776686e-12,lane_2,mainline,,normal,none,commit
BASIC-06,basic_01_06_900_bugcheck_20260605,686,68.60000000000038,B06_CFV,cav,not_applicable,8810.110659398915,3.5,29.99866285369628,-0.44305013627183754,lane_1,mainline,,normal,none,commit
BASIC-06,basic_01_06_900_bugcheck_20260605,686,68.60000000000038,B06_TLV_CFV,cav,not_applicable,8852.230459051094,3.5,29.96417513220516,0.07890041371737844,lane_1,mainline,,normal,none,commit
BASIC-06,basic_01_06_900_bugcheck_20260605,686,68.60000000000038,B06_TLV_CLV,cav,not_applicable,8894.620000000023,3.5,29.99999999998898,4.591527158481768e-12,lane_1,mainline,,normal,none,commit
BASIC-06,basic_01_06_900_bugcheck_20260605,687,68.70000000000037,B06_MV,cav,not_applicable,7245.99989844469,-3.5,2.487089026887914e-05,4.0,on_ramp,on_ramp_mv,,normal,not_started,commit
BASIC-06,basic_01_06_900_bugcheck_20260605,687,68.70000000000037,B06_CLV,cav,not_applicable,8904.000000000005,0.0,29.99999999999365,2.6446400624990932e-12,lane_2,mainline,,normal,none,commit
BASIC-06,basic_01_06_900_bugcheck_20260605,687,68.70000000000037,B06_CFV,cav,not_applicable,8813.114173455897,3.5,30.035140569819493,0.364777161232133,lane_1,mainline,,normal,none,commit
BASIC-06,basic_01_06_900_bugcheck_20260605,687,68.70000000000037,B06_TLV_CFV,cav,not_applicable,8855.234794840426,3.5,30.043357893327492,0.7918276112233097,lane_1,mainline,,normal,none,commit
BASIC-06,basic_01_06_900_bugcheck_20260605,687,68.70000000000037,B06_TLV_CLV,cav,not_applicable,8897.62000000002,3.5,29.99999999998942,4.408207132655662e-12,lane_1,mainline,,normal,none,commit
BASIC-06,basic_01_06_900_bugcheck_20260605,688,68.80000000000037,B06_MV,cav,not_applicable,7245.999900872326,-3.5,2.4276362343274454e-05,4.0,on_ramp,on_ramp_mv,,normal,not_started,commit
BASIC-06,basic_01_06_900_bugcheck_20260605,688,68.80000000000037,B06_CLV,cav,not_applicable,8907.000000000005,0.0,29.999999999993904,2.5394797376065983e-12,lane_2,mainline,,normal,none,commit
BASIC-06,basic_01_06_900_bugcheck_20260605,688,68.80000000000037,B06_CFV,cav,not_applicable,8816.10976296238,3.5,29.955895064829395,-0.792455049900982,lane_1,mainline,,normal,none,commit
BASIC-06,basic_01_06_900_bugcheck_20260605,688,68.80000000000037,B06_TLV_CFV,cav,not_applicable,8858.234700128396,3.5,29.999052879700308,-0.44305013627183754,lane_1,mainline,,normal,none,commit
BASIC-06,basic_01_06_900_bugcheck_20260605,688,68.80000000000037,B06_TLV_CLV,cav,not_applicable,8900.620000000019,3.5,29.999999999989843,4.231992534187157e-12,lane_1,mainline,,normal,none,commit
BASIC-06,basic_01_06_900_bugcheck_20260605,689,68.90000000000036,B06_MV,cav,not_applicable,7245.999903241931,-3.5,2.3696046345400196e-05,4.0,on_ramp,on_ramp_mv,,normal,not_started,commit
BASIC-06,basic_01_06_900_bugcheck_20260605,689,68.90000000000036,B06_CLV,cav,not_applicable,8910.000000000005,0.0,29.99999999999415,2.438582669128664e-12,lane_2,mainline,,normal,none,commit
BASIC-06,basic_01_06_900_bugcheck_20260605,689,68.90000000000036,B06_CFV,cav,not_applicable,8819.106141473,3.5,29.963785106201133,0.07890041371737844,lane_1,mainline,,normal,none,commit
BASIC-06,basic_01_06_900_bugcheck_20260605,689,68.90000000000036,B06_TLV_CFV,cav,not_applicable,8861.238253187978,3.5,30.03553059582352,0.364777161232133,lane_1,mainline,,normal,none,commit
BASIC-06,basic_01_06_900_bugcheck_20260605,689,68.90000000000036,B06_TLV_CLV,cav,not_applicable,8903.620000000017,3.5,29.999999999990248,4.062883363076253e-12,lane_1,mainline,,normal,none,commit
BASIC-06,basic_01_06_900_bugcheck_20260605,690,69.00000000000036,B06_MV,cav,not_applicable,7245.9999055548915,-3.5,2.312960246214858e-05,4.0,on_ramp,on_ramp_mv,,normal,not_started,commit
BASIC-06,basic_01_06_900_bugcheck_20260605,690,69.00000000000036,B06_CLV,cav,not_applicable,8913.000000000005,0.0,29.999999999994383,2.3405277715937703e-12,lane_2,mainline,,normal,none,commit
BASIC-06,basic_01_06_900_bugcheck_20260605,690,69.00000000000036,B06_CFV,cav,not_applicable,8822.110438259731,3.5,30.042967867323465,0.7918276112233097,lane_1,mainline,,normal,none,commit
BASIC-06,basic_01_06_900_bugcheck_20260605,690,69.00000000000036,B06_TLV_CFV,cav,not_applicable,8864.23388169706,3.5,29.956285090833422,-0.792455049900982,lane_1,mainline,,normal,none,commit
BASIC-06,basic_01_06_900_bugcheck_20260605,690,69.00000000000036,B06_TLV_CLV,cav,not_applicable,8906.620000000015,3.5,29.99999999999064,3.90087961932295e-12,lane_1,mainline,,normal,none,commit
BASIC-06,basic_01_06_900_bugcheck_20260605,691,69.10000000000035,B06_MV,cav,not_applicable,7245.999907812561,-3.5,2.2576699142022893e-05,4.0,on_ramp,on_ramp_mv,,normal,not_started,commit
BASIC-06,basic_01_06_900_bugcheck_20260605,691,69.10000000000035,B06_CLV,cav,not_applicable,8916.000000000005,0.0,29.999999999994607,2.246736130473437e-12,lane_2,mainline,,normal,none,commit
BASIC-06,basic_01_06_900_bugcheck_20260605,691,69.10000000000035,B06_CFV,cav,not_applicable,8825.110304545102,3.5,29.99866285369628,-0.44305013627183754,lane_1,mainline,,normal,none,commit
BASIC-06,basic_01_06_900_bugcheck_20260605,691,69.10000000000035,B06_TLV_CFV,cav,not_applicable,8867.230299210281,3.5,29.96417513220516,0.07890041371737844,lane_1,mainline,,normal,none,commit
BASIC-06,basic_01_06_900_bugcheck_20260605,691,69.10000000000035,B06_TLV_CLV,cav,not_applicable,8909.620000000015,3.5,29.99999999999101,3.744560217455728e-12,lane_1,mainline,,normal,none,commit
BASIC-06,basic_01_06_900_bugcheck_20260605,692,69.20000000000034,B06_MV,cav,not_applicable,7245.999910016262,-3.5,2.2037012877726662e-05,4.0,on_ramp,on_ramp_mv,,normal,not_started,commit
BASIC-06,basic_01_06_900_bugcheck_20260605,692,69.20000000000034,B06_CLV,cav,not_applicable,8919.000000000005,0.0,29.999999999994824,2.1572077457676643e-12,lane_2,mainline,,normal,none,commit
BASIC-06,basic_01_06_900_bugcheck_20260605,692,69.20000000000034,B06_CFV,cav,not_applicable,8828.113818602083,3.5,30.035140569819493,0.364777161232133,lane_1,mainline,,normal,none,commit
BASIC-06,basic_01_06_900_bugcheck_20260605,692,69.20000000000034,B06_TLV_CFV,cav,not_applicable,8870.234634999613,3.5,30.043357893327492,0.7918276112233097,lane_1,mainline,,normal,none,commit
BASIC-06,basic_01_06_900_bugcheck_20260605,692,69.20000000000034,B06_TLV_CLV,cav,not_applicable,8912.620000000015,3.5,29.99999999999137,3.595346242946107e-12,lane_1,mainline,,normal,none,commit
BASIC-06,basic_01_06_900_bugcheck_20260605,693,69.30000000000034,B06_MV,cav,not_applicable,7245.999912167285,-3.5,2.1510227553931216e-05,4.0,on_ramp,on_ramp_mv,,normal,not_started,commit
BASIC-06,basic_01_06_900_bugcheck_20260605,693,69.30000000000034,B06_CLV,cav,not_applicable,8922.000000000005,0.0,29.99999999999503,2.070521532004932e-12,lane_2,mainline,,normal,none,commit
BASIC-06,basic_01_06_900_bugcheck_20260605,693,69.30000000000034,B06_CFV,cav,not_applicable,8831.109408108567,3.5,29.955895064829395,-0.792455049900982,lane_1,mainline,,normal,none,commit
BASIC-06,basic_01_06_900_bugcheck_20260605,693,69.30000000000034,B06_TLV_CFV,cav,not_applicable,8873.234540287584,3.5,29.999052879700308,-0.44305013627183754,lane_1,mainline,,normal,none,commit
BASIC-06,basic_01_06_900_bugcheck_20260605,693,69.30000000000034,B06_TLV_CLV,cav,not_applicable,8915.620000000015,3.5,29.999999999991715,3.4518166103225668e-12,lane_1,mainline,,normal,none,commit
BASIC-06,basic_01_06_900_bugcheck_20260605,694,69.40000000000033,B06_MV,cav,not_applicable,7245.9999142668885,-3.5,2.0996034664686496e-05,4.0,on_ramp,on_ramp_mv,,normal,not_started,commit
BASIC-06,basic_01_06_900_bugcheck_20260605,694,69.40000000000033,B06_CLV,cav,not_applicable,8925.000000000005,0.0,29.99999999999523,1.9880985746567604e-12,lane_2,mainline,,normal,none,commit
BASIC-06,basic_01_06_900_bugcheck_20260605,694,69.40000000000033,B06_CFV,cav,not_applicable,8834.105786619186,3.5,29.963785106201133,0.07890041371737844,lane_1,mainline,,normal,none,commit
BASIC-06,basic_01_06_900_bugcheck_20260605,694,69.40000000000033,B06_TLV_CFV,cav,not_applicable,8876.238093347165,3.5,30.03553059582352,0.364777161232133,lane_1,mainline,,normal,none,commit
BASIC-06,basic_01_06_900_bugcheck_20260605,694,69.40000000000033,B06_TLV_CLV,cav,not_applicable,8918.620000000015,3.5,29.999999999992045,3.3139713195851075e-12,lane_1,mainline,,normal,none,commit
BASIC-06,basic_01_06_900_bugcheck_20260605,695,69.50000000000033,B06_MV,cav,not_applicable,7245.999916316302,-3.5,2.049413353083187e-05,4.0,on_ramp,on_ramp_mv,,normal,not_started,commit
BASIC-06,basic_01_06_900_bugcheck_20260605,695,69.50000000000033,B06_CLV,cav,not_applicable,8928.000000000005,0.0,29.99999999999542,1.9085177882516293e-12,lane_2,mainline,,normal,none,commit
BASIC-06,basic_01_06_900_bugcheck_20260605,695,69.50000000000033,B06_CFV,cav,not_applicable,8837.110083405918,3.5,30.042967867323465,0.7918276112233097,lane_1,mainline,,normal,none,commit
BASIC-06,basic_01_06_900_bugcheck_20260605,695,69.50000000000033,B06_TLV_CFV,cav,not_applicable,8879.233721856248,3.5,29.956285090833422,-0.792455049900982,lane_1,mainline,,normal,none,commit
BASIC-06,basic_01_06_900_bugcheck_20260605,695,69.50000000000033,B06_TLV_CLV,cav,not_applicable,8921.620000000015,3.5,29.999999999992365,3.1818103707337287e-12,lane_1,mainline,,normal,none,commit
BASIC-06,basic_01_06_900_bugcheck_20260605,696,69.60000000000032,B06_MV,cav,not_applicable,7245.999918316725,-3.5,2.0004229995531233e-05,4.0,on_ramp,on_ramp_mv,,normal,not_started,commit
BASIC-06,basic_01_06_900_bugcheck_20260605,696,69.60000000000032,B06_CLV,cav,not_applicable,8931.000000000005,0.0,29.999999999995605,1.8317791727895384e-12,lane_2,mainline,,normal,none,commit
BASIC-06,basic_01_06_900_bugcheck_20260605,696,69.60000000000032,B06_CFV,cav,not_applicable,8840.109949691288,3.5,29.99866285369628,-0.44305013627183754,lane_1,mainline,,normal,none,commit
BASIC-06,basic_01_06_900_bugcheck_20260605,696,69.60000000000032,B06_TLV_CFV,cav,not_applicable,8882.230139369469,3.5,29.96417513220516,0.07890041371737844,lane_1,mainline,,normal,none,commit
BASIC-06,basic_01_06_900_bugcheck_20260605,696,69.60000000000032,B06_TLV_CLV,cav,not_applicable,8924.620000000015,3.5,29.99999999999267,3.0539126782969107e-12,lane_1,mainline,,normal,none,commit
BASIC-06,basic_01_06_900_bugcheck_20260605,697,69.70000000000032,B06_MV,cav,not_applicable,7245.999920269329,-3.5,1.95260375113271e-05,4.0,on_ramp,on_ramp_mv,,normal,not_started,commit
BASIC-06,basic_01_06_900_bugcheck_20260605,697,69.70000000000032,B06_CLV,cav,not_applicable,8934.000000000005,0.0,29.99999999999578,1.757882728270488e-12,lane_2,mainline,,normal,none,commit
BASIC-06,basic_01_06_900_bugcheck_20260605,697,69.70000000000032,B06_CFV,cav,not_applicable,8843.11346374827,3.5,30.035140569819493,0.364777161232133,lane_1,mainline,,normal,none,commit
BASIC-06,basic_01_06_900_bugcheck_20260605,697,69.70000000000032,B06_TLV_CFV,cav,not_applicable,8885.2344751588,3.5,30.043357893327492,0.7918276112233097,lane_1,mainline,,normal,none,commit
BASIC-06,basic_01_06_900_bugcheck_20260605,697,69.70000000000032,B06_TLV_CLV,cav,not_applicable,8927.620000000015,3.5,29.999999999992966,2.9316993277461735e-12,lane_1,mainline,,normal,none,commit
BASIC-06,basic_01_06_900_bugcheck_20260605,698,69.80000000000031,B06_MV,cav,not_applicable,7245.999922175257,-3.5,1.9059275835675683e-05,4.0,on_ramp,on_ramp_mv,,normal,not_started,commit
BASIC-06,basic_01_06_900_bugcheck_20260605,698,69.80000000000031,B06_CLV,cav,not_applicable,8937.000000000005,0.0,29.99999999999595,1.6882495401659982e-12,lane_2,mainline,,normal,none,commit
BASIC-06,basic_01_06_900_bugcheck_20260605,698,69.80000000000031,B06_CFV,cav,not_applicable,8846.109053254753,3.5,29.955895064829395,-0.792455049900982,lane_1,mainline,,normal,none,commit
BASIC-06,basic_01_06_900_bugcheck_20260605,698,69.80000000000031,B06_TLV_CFV,cav,not_applicable,8888.234380446771,3.5,29.999052879700308,-0.44305013627183754,lane_1,mainline,,normal,none,commit
BASIC-06,basic_01_06_900_bugcheck_20260605,698,69.80000000000031,B06_TLV_CLV,cav,not_applicable,8930.620000000015,3.5,29.999999999993246,2.8137492336099967e-12,lane_1,mainline,,normal,none,commit
BASIC-06,basic_01_06_900_bugcheck_20260605,699,69.9000000000003,B06_MV,cav,not_applicable,7245.999924035624,-3.5,1.860367190059018e-05,4.0,on_ramp,on_ramp_mv,,normal,not_started,commit
BASIC-06,basic_01_06_900_bugcheck_20260605,699,69.9000000000003,B06_CLV,cav,not_applicable,8940.000000000005,0.0,29.999999999996113,1.6200374375330284e-12,lane_2,mainline,,normal,none,commit
BASIC-06,basic_01_06_900_bugcheck_20260605,699,69.9000000000003,B06_CFV,cav,not_applicable,8849.105431765372,3.5,29.963785106201133,0.07890041371737844,lane_1,mainline,,normal,none,commit
BASIC-06,basic_01_06_900_bugcheck_20260605,699,69.9000000000003,B06_TLV_CFV,cav,not_applicable,8891.237933506352,3.5,30.03553059582352,0.364777161232133,lane_1,mainline,,normal,none,commit
BASIC-06,basic_01_06_900_bugcheck_20260605,699,69.9000000000003,B06_TLV_CLV,cav,not_applicable,8933.620000000015,3.5,29.999999999993516,2.7014834813599012e-12,lane_1,mainline,,normal,none,commit
BASIC-06,basic_01_06_900_bugcheck_20260605,700,70.0000000000003,B06_MV,cav,not_applicable,7245.99992585152,-3.5,1.8158959160408312e-05,4.0,on_ramp,on_ramp_mv,,normal,not_started,commit
BASIC-06,basic_01_06_900_bugcheck_20260605,700,70.0000000000003,B06_CLV,cav,not_applicable,8943.000000000005,0.0,29.99999999999627,1.5546675058430993e-12,lane_2,mainline,,normal,none,commit
BASIC-06,basic_01_06_900_bugcheck_20260605,700,70.0000000000003,B06_CFV,cav,not_applicable,8852.109728552105,3.5,30.042967867323465,0.7918276112233097,lane_1,mainline,,normal,none,commit
BASIC-06,basic_01_06_900_bugcheck_20260605,700,70.0000000000003,B06_TLV_CFV,cav,not_applicable,8894.233562015435,3.5,29.956285090833422,-0.792455049900982,lane_1,mainline,,normal,none,commit
BASIC-06,basic_01_06_900_bugcheck_20260605,700,70.0000000000003,B06_TLV_CLV,cav,not_applicable,8936.620000000015,3.5,29.999999999993776,2.5934809855243657e-12,lane_1,mainline,,normal,none,commit
BASIC-06,basic_01_06_900_bugcheck_20260605,701,70.10000000000029,B06_MV,cav,not_applicable,7245.999927624008,-3.5,1.7724876939559873e-05,4.0,on_ramp,on_ramp_mv,,normal,not_started,commit
BASIC-06,basic_01_06_900_bugcheck_20260605,701,70.10000000000029,B06_CLV,cav,not_applicable,8946.000000000005,0.0,29.99999999999642,1.4921397450962104e-12,lane_2,mainline,,normal,none,commit
BASIC-06,basic_01_06_900_bugcheck_20260605,701,70.10000000000029,B06_CFV,cav,not_applicable,8855.109594837475,3.5,29.99866285369628,-0.44305013627183754,lane_1,mainline,,normal,none,commit
BASIC-06,basic_01_06_900_bugcheck_20260605,701,70.10000000000029,B06_TLV_CFV,cav,not_applicable,8897.229979528656,3.5,29.96417513220516,0.07890041371737844,lane_1,mainline,,normal,none,commit
BASIC-06,basic_01_06_900_bugcheck_20260605,701,70.10000000000029,B06_TLV_CLV,cav,not_applicable,8939.620000000015,3.5,29.999999999994024,2.4897417461033913e-12,lane_1,mainline,,normal,none,commit
BASIC-06,basic_01_06_900_bugcheck_20260605,702,70.20000000000029,B06_MV,cav,not_applicable,7245.999929354125,-3.5,1.730117130221e-05,4.0,on_ramp,on_ramp_mv,,normal,not_started,commit
BASIC-06,basic_01_06_900_bugcheck_20260605,702,70.20000000000029,B06_CLV,cav,not_applicable,8949.000000000005,0.0,29.99999999999656,1.4324541552923621e-12,lane_2,mainline,,normal,none,commit
BASIC-06,basic_01_06_900_bugcheck_20260605,702,70.20000000000029,B06_CFV,cav,not_applicable,8858.113108894457,3.5,30.035140569819493,0.364777161232133,lane_1,mainline,,normal,none,commit
BASIC-06,basic_01_06_900_bugcheck_20260605,702,70.20000000000029,B06_TLV_CFV,cav,not_applicable,8900.234315317988,3.5,30.043357893327492,0.7918276112233097,lane_1,mainline,,normal,none,commit
BASIC-06,basic_01_06_900_bugcheck_20260605,702,70.20000000000029,B06_TLV_CLV,cav,not_applicable,8942.620000000015,3.5,29.999999999994262,2.3902657630969773e-12,lane_1,mainline,,normal,none,commit
BASIC-06,basic_01_06_900_bugcheck_20260605,703,70.30000000000028,B06_MV,cav,not_applicable,7245.999931042885,-3.5,1.6887594182615903e-05,4.0,on_ramp,on_ramp_mv,,normal,not_started,commit
BASIC-06,basic_01_06_900_bugcheck_20260605,703,70.30000000000028,B06_CLV,cav,not_applicable,8952.000000000005,0.0,29.9999999999967,1.3756107364315541e-12,lane_2,mainline,,normal,none,commit
BASIC-06,basic_01_06_900_bugcheck_20260605,703,70.30000000000028,B06_CFV,cav,not_applicable,8861.10869840094,3.5,29.955895064829395,-0.792455049900982,lane_1,mainline,,normal,none,commit
BASIC-06,basic_01_06_900_bugcheck_20260605,703,70.30000000000028,B06_TLV_CFV,cav,not_applicable,8903.234220605958,3.5,29.999052879700308,-0.44305013627183754,lane_1,mainline,,normal,none,commit
BASIC-06,basic_01_06_900_bugcheck_20260605,703,70.30000000000028,B06_TLV_CLV,cav,not_applicable,8945.620000000015,3.5,29.999999999994493,2.2950530365051236e-12,lane_1,mainline,,normal,none,commit
BASIC-06,basic_01_06_900_bugcheck_20260605,704,70.40000000000028,B06_MV,cav,not_applicable,7245.999932691275,-3.5,1.648390338512687e-05,4.0,on_ramp,on_ramp_mv,,normal,not_started,commit
BASIC-06,basic_01_06_900_bugcheck_20260605,704,70.40000000000028,B06_CLV,cav,not_applicable,8955.000000000005,0.0,29.99999999999683,1.3201884030422662e-12,lane_2,mainline,,normal,none,commit
BASIC-06,basic_01_06_900_bugcheck_20260605,704,70.40000000000028,B06_CFV,cav,not_applicable,8864.105076911559,3.5,29.963785106201133,0.07890041371737844,lane_1,mainline,,normal,none,commit
BASIC-06,basic_01_06_900_bugcheck_20260605,704,70.40000000000028,B06_TLV_CFV,cav,not_applicable,8906.23777366554,3.5,30.03553059582352,0.364777161232133,lane_1,mainline,,normal,none,commit
BASIC-06,basic_01_06_900_bugcheck_20260605,704,70.40000000000028,B06_TLV_CLV,cav,not_applicable,8948.620000000015,3.5,29.999999999994714,2.2026824808563106e-12,lane_1,mainline,,normal,none,commit
BASIC-06,basic_01_06_900_bugcheck_20260605,705,70.50000000000027,B06_MV,cav,not_applicable,7245.999934300261,-3.5,1.6089862801595067e-05,4.0,on_ramp,on_ramp_mv,,normal,not_started,commit
BASIC-06,basic_01_06_900_bugcheck_20260605,705,70.50000000000027,B06_CLV,cav,not_applicable,8958.000000000005,0.0,29.99999999999696,1.2676082405960188e-12,lane_2,mainline,,normal,none,commit
BASIC-06,basic_01_06_900_bugcheck_20260605,705,70.50000000000027,B06_CFV,cav,not_applicable,8867.109373698291,3.5,30.042967867323465,0.7918276112233097,lane_1,mainline,,normal,none,commit
BASIC-06,basic_01_06_900_bugcheck_20260605,705,70.50000000000027,B06_TLV_CFV,cav,not_applicable,8909.233402174623,3.5,29.956285090833422,-0.792455049900982,lane_1,mainline,,normal,none,commit
BASIC-06,basic_01_06_900_bugcheck_20260605,705,70.50000000000027,B06_TLV_CLV,cav,not_applicable,8951.620000000015,3.5,29.999999999994927,2.1145751816220583e-12,lane_1,mainline,,normal,none,commit
BASIC-06,basic_01_06_900_bugcheck_20260605,706,70.60000000000026,B06_MV,cav,not_applicable,7245.9999358707855,-3.5,1.5705241541732294e-05,4.0,on_ramp,on_ramp_mv,,normal,not_started,commit
BASIC-06,basic_01_06_900_bugcheck_20260605,706,70.60000000000026,B06_CLV,cav,not_applicable,8961.000000000005,0.0,29.99999999999708,1.2164491636212916e-12,lane_2,mainline,,normal,none,commit
BASIC-06,basic_01_06_900_bugcheck_20260605,706,70.60000000000026,B06_CFV,cav,not_applicable,8870.109239983662,3.5,29.99866285369628,-0.44305013627183754,lane_1,mainline,,normal,none,commit
BASIC-06,basic_01_06_900_bugcheck_20260605,706,70.60000000000026,B06_TLV_CFV,cav,not_applicable,8912.229819687844,3.5,29.96417513220516,0.07890041371737844,lane_1,mainline,,normal,none,commit
BASIC-06,basic_01_06_900_bugcheck_20260605,706,70.60000000000026,B06_TLV_CLV,cav,not_applicable,8954.620000000015,3.5,29.99999999999513,2.0293100533308463e-12,lane_1,mainline,,normal,none,commit
BASIC-06,basic_01_06_900_bugcheck_20260605,707,70.70000000000026,B06_MV,cav,not_applicable,7245.999937403767,-3.5,1.53298143679316e-05,4.0,on_ramp,on_ramp_mv,,normal,not_started,commit
BASIC-06,basic_01_06_900_bugcheck_20260605,707,70.70000000000026,B06_CLV,cav,not_applicable,8964.000000000005,0.0,29.999999999997197,1.1681322575896047e-12,lane_2,mainline,,normal,none,commit
BASIC-06,basic_01_06_900_bugcheck_20260605,707,70.70000000000026,B06_CFV,cav,not_applicable,8873.112754040643,3.5,30.035140569819493,0.364777161232133,lane_1,mainline,,normal,none,commit
BASIC-06,basic_01_06_900_bugcheck_20260605,707,70.70000000000026,B06_TLV_CFV,cav,not_applicable,8915.234155477176,3.5,30.043357893327492,0.7918276112233097,lane_1,mainline,,normal,none,commit
BASIC-06,basic_01_06_900_bugcheck_20260605,707,70.70000000000026,B06_TLV_CLV,cav,not_applicable,8957.620000000015,3.5,29.999999999995325,1.9483081814541946e-12,lane_1,mainline,,normal,none,commit
BASIC-06,basic_01_06_900_bugcheck_20260605,708,70.80000000000025,B06_MV,cav,not_applicable,7245.999938900103,-3.5,1.4963361695267289e-05,4.0,on_ramp,on_ramp_mv,,normal,not_started,commit
BASIC-06,basic_01_06_900_bugcheck_20260605,708,70.80000000000025,B06_CLV,cav,not_applicable,8967.000000000005,0.0,29.99999999999731,1.1212364370294382e-12,lane_2,mainline,,normal,none,commit
BASIC-06,basic_01_06_900_bugcheck_20260605,708,70.80000000000025,B06_CFV,cav,not_applicable,8876.108343547126,3.5,29.955895064829395,-0.792455049900982,lane_1,mainline,,normal,none,commit
BASIC-06,basic_01_06_900_bugcheck_20260605,708,70.80000000000025,B06_TLV_CFV,cav,not_applicable,8918.234060765146,3.5,29.999052879700308,-0.44305013627183754,lane_1,mainline,,normal,none,commit
BASIC-06,basic_01_06_900_bugcheck_20260605,708,70.80000000000025,B06_TLV_CLV,cav,not_applicable,8960.620000000015,3.5,29.999999999995513,1.8701484805205836e-12,lane_1,mainline,,normal,none,commit
BASIC-06,basic_01_06_900_bugcheck_20260605,709,70.90000000000025,B06_MV,cav,not_applicable,7245.99994036067,-3.5,1.460566893926247e-05,4.0,on_ramp,on_ramp_mv,,normal,not_started,commit
BASIC-06,basic_01_06_900_bugcheck_20260605,709,70.90000000000025,B06_CLV,cav,not_applicable,8970.000000000005,0.0,29.999999999997417,1.0757617019407917e-12,lane_2,mainline,,normal,none,commit
BASIC-06,basic_01_06_900_bugcheck_20260605,709,70.90000000000025,B06_CFV,cav,not_applicable,8879.104722057746,3.5,29.963785106201133,0.07890041371737844,lane_1,mainline,,normal,none,commit
BASIC-06,basic_01_06_900_bugcheck_20260605,709,70.90000000000025,B06_TLV_CFV,cav,not_applicable,8921.237613824727,3.5,30.03553059582352,0.364777161232133,lane_1,mainline,,normal,none,commit
BASIC-06,basic_01_06_900_bugcheck_20260605,709,70.90000000000025,B06_TLV_CLV,cav,not_applicable,8963.620000000015,3.5,29.999999999995694,1.7948309505300132e-12,lane_1,mainline,,normal,none,commit
BASIC-06,basic_01_06_900_bugcheck_20260605,710,71.00000000000024,B06_MV,cav,not_applicable,7245.999941786323,-3.5,1.4256526733299873e-05,4.0,on_ramp,on_ramp_mv,,normal,not_started,commit
BASIC-06,basic_01_06_900_bugcheck_20260605,710,71.00000000000024,B06_CLV,cav,not_applicable,8973.000000000005,0.0,29.99999999999752,1.0331291377951857e-12,lane_2,mainline,,normal,none,commit
BASIC-06,basic_01_06_900_bugcheck_20260605,710,71.00000000000024,B06_CFV,cav,not_applicable,8882.109018844478,3.5,30.042967867323465,0.7918276112233097,lane_1,mainline,,normal,none,commit
BASIC-06,basic_01_06_900_bugcheck_20260605,710,71.00000000000024,B06_TLV_CFV,cav,not_applicable,8924.23324233381,3.5,29.956285090833422,-0.792455049900982,lane_1,mainline,,normal,none,commit
BASIC-06,basic_01_06_900_bugcheck_20260605,710,71.00000000000024,B06_TLV_CLV,cav,not_applicable,8966.620000000015,3.5,29.999999999995865,1.7223555914824829e-12,lane_1,mainline,,normal,none,commit
BASIC-06,basic_01_06_900_bugcheck_20260605,711,71.10000000000024,B06_MV,cav,not_applicable,7245.999943177896,-3.5,1.391573049380021e-05,4.0,on_ramp,on_ramp_mv,,normal,not_started,commit
BASIC-06,basic_01_06_900_bugcheck_20260605,711,71.10000000000024,B06_CLV,cav,not_applicable,8976.000000000005,0.0,29.99999999999762,9.919176591210998e-13,lane_2,mainline,,normal,none,commit
BASIC-06,basic_01_06_900_bugcheck_20260605,711,71.10000000000024,B06_CFV,cav,not_applicable,8885.108885129848,3.5,29.99866285369628,-0.44305013627183754,lane_1,mainline,,normal,none,commit
BASIC-06,basic_01_06_900_bugcheck_20260605,711,71.10000000000024,B06_TLV_CFV,cav,not_applicable,8927.229659847031,3.5,29.96417513220516,0.07890041371737844,lane_1,mainline,,normal,none,commit
BASIC-06,basic_01_06_900_bugcheck_20260605,711,71.10000000000024,B06_TLV_CLV,cav,not_applicable,8969.620000000015,3.5,29.99999999999603,1.6541434888495133e-12,lane_1,mainline,,normal,none,commit
BASIC-06,basic_01_06_900_bugcheck_20260605,712,71.20000000000023,B06_MV,cav,not_applicable,7245.999944536205,-3.5,1.3583080855043818e-05,4.0,on_ramp,on_ramp_mv,,normal,not_started,commit
BASIC-06,basic_01_06_900_bugcheck_20260605,712,71.20000000000023,B06_CLV,cav,not_applicable,8979.000000000005,0.0,29.999999999997716,9.521272659185342e-13,lane_2,mainline,,normal,none,commit
BASIC-06,basic_01_06_900_bugcheck_20260605,712,71.20000000000023,B06_CFV,cav,not_applicable,8888.11239918683,3.5,30.035140569819493,0.364777161232133,lane_1,mainline,,normal,none,commit
BASIC-06,basic_01_06_900_bugcheck_20260605,712,71.20000000000023,B06_TLV_CFV,cav,not_applicable,8930.233995636363,3.5,30.043357893327492,0.7918276112233097,lane_1,mainline,,normal,none,commit
BASIC-06,basic_01_06_900_bugcheck_20260605,712,71.20000000000023,B06_TLV_CLV,cav,not_applicable,8972.620000000015,3.5,29.99999999999619,1.5873524716880639e-12,lane_1,mainline,,normal,none,commit
BASIC-06,basic_01_06_900_bugcheck_20260605,713,71.30000000000022,B06_MV,cav,not_applicable,7245.999945862043,-3.5,1.3258383016938198e-05,4.0,on_ramp,on_ramp_mv,,normal,not_started,commit
BASIC-06,basic_01_06_900_bugcheck_20260605,713,71.30000000000022,B06_CLV,cav,not_applicable,8982.000000000005,0.0,29.999999999997808,9.137579581874888e-13,lane_2,mainline,,normal,none,commit
BASIC-06,basic_01_06_900_bugcheck_20260605,713,71.30000000000022,B06_CFV,cav,not_applicable,8891.107988693313,3.5,29.955895064829395,-0.792455049900982,lane_1,mainline,,normal,none,commit
BASIC-06,basic_01_06_900_bugcheck_20260605,713,71.30000000000022,B06_TLV_CFV,cav,not_applicable,8933.233900924333,3.5,29.999052879700308,-0.44305013627183754,lane_1,mainline,,normal,none,commit
BASIC-06,basic_01_06_900_bugcheck_20260605,713,71.30000000000022,B06_TLV_CLV,cav,not_applicable,8975.620000000015,3.5,29.999999999996344,1.5234036254696548e-12,lane_1,mainline,,normal,none,commit
BASIC-06,basic_01_06_900_bugcheck_20260605,714,71.40000000000022,B06_MV,cav,not_applicable,7245.999947156188,-3.5,1.2941446962428837e-05,4.0,on_ramp,on_ramp_mv,,normal,not_started,commit
BASIC-06,basic_01_06_900_bugcheck_20260605,714,71.40000000000022,B06_CLV,cav,not_applicable,8985.000000000005,0.0,29.999999999997897,8.768097359279637e-13,lane_2,mainline,,normal,none,commit
BASIC-06,basic_01_06_900_bugcheck_20260605,714,71.40000000000022,B06_CFV,cav,not_applicable,8894.104367203932,3.5,29.963785106201133,0.07890041371737844,lane_1,mainline,,normal,none,commit
BASIC-06,basic_01_06_900_bugcheck_20260605,714,71.40000000000022,B06_TLV_CFV,cav,not_applicable,8936.237453983915,3.5,30.03553059582352,0.364777161232133,lane_1,mainline,,normal,none,commit
BASIC-06,basic_01_06_900_bugcheck_20260605,714,71.40000000000022,B06_TLV_CLV,cav,not_applicable,8978.620000000015,3.5,29.99999999999649,1.4622969501942863e-12,lane_1,mainline,,normal,none,commit
BASIC-06,basic_01_06_900_bugcheck_20260605,715,71.50000000000021,B06_MV,cav,not_applicable,7245.999948419397,-3.5,1.2632087240088394e-05,4.0,on_ramp,on_ramp_mv,,normal,not_started,commit
BASIC-06,basic_01_06_900_bugcheck_20260605,715,71.50000000000021,B06_CLV,cav,not_applicable,8988.000000000005,0.0,29.999999999997982,8.412825991399587e-13,lane_2,mainline,,normal,none,commit
BASIC-06,basic_01_06_900_bugcheck_20260605,715,71.50000000000021,B06_CFV,cav,not_applicable,8897.108663990664,3.5,30.042967867323465,0.7918276112233097,lane_1,mainline,,normal,none,commit
BASIC-06,basic_01_06_900_bugcheck_20260605,715,71.50000000000021,B06_TLV_CFV,cav,not_applicable,8939.233082492998,3.5,29.956285090833422,-0.792455049900982,lane_1,mainline,,normal,none,commit
BASIC-06,basic_01_06_900_bugcheck_20260605,715,71.50000000000021,B06_TLV_CLV,cav,not_applicable,8981.620000000015,3.5,29.999999999996632,1.4040324458619581e-12,lane_1,mainline,,normal,none,commit
BASIC-06,basic_01_06_900_bugcheck_20260605,716,71.60000000000021,B06_MV,cav,not_applicable,7245.999949652409,-3.5,1.2330122529295057e-05,4.0,on_ramp,on_ramp_mv,,normal,not_started,commit
BASIC-06,basic_01_06_900_bugcheck_20260605,716,71.60000000000021,B06_CLV,cav,not_applicable,8991.000000000005,0.0,29.999999999998064,8.071765478234739e-13,lane_2,mainline,,normal,none,commit
BASIC-06,basic_01_06_900_bugcheck_20260605,716,71.60000000000021,B06_CFV,cav,not_applicable,8900.108530276035,3.5,29.99866285369628,-0.44305013627183754,lane_1,mainline,,normal,none,commit
BASIC-06,basic_01_06_900_bugcheck_20260605,716,71.60000000000021,B06_TLV_CFV,cav,not_applicable,8942.229500006219,3.5,29.96417513220516,0.07890041371737844,lane_1,mainline,,normal,none,commit
BASIC-06,basic_01_06_900_bugcheck_20260605,716,71.60000000000021,B06_TLV_CLV,cav,not_applicable,8984.620000000015,3.5,29.999999999996767,1.3471890270011501e-12,lane_1,mainline,,normal,none,commit
BASIC-06,basic_01_06_900_bugcheck_20260605,717,71.7000000000002,B06_MV,cav,not_applicable,7245.999950855947,-3.5,1.2035376292464997e-05,4.0,on_ramp,on_ramp_mv,,normal,not_started,commit
BASIC-06,basic_01_06_900_bugcheck_20260605,717,71.7000000000002,B06_CLV,cav,not_applicable,8994.000000000005,0.0,29.999999999998142,7.744915819785092e-13,lane_2,mainline,,normal,none,commit
BASIC-06,basic_01_06_900_bugcheck_20260605,717,71.7000000000002,B06_CFV,cav,not_applicable,8903.112044333016,3.5,30.035140569819493,0.364777161232133,lane_1,mainline,,normal,none,commit
BASIC-06,basic_01_06_900_bugcheck_20260605,717,71.7000000000002,B06_TLV_CFV,cav,not_applicable,8945.23383579555,3.5,30.043357893327492,0.7918276112233097,lane_1,mainline,,normal,none,commit
BASIC-06,basic_01_06_900_bugcheck_20260605,717,71.7000000000002,B06_TLV_CLV,cav,not_applicable,8987.620000000015,3.5,29.999999999996895,1.2931877790833823e-12,lane_1,mainline,,normal,none,commit
BASIC-06,basic_01_06_900_bugcheck_20260605,718,71.8000000000002,B06_MV,cav,not_applicable,7245.999952030715,-3.5,1.174767568799829e-05,4.0,on_ramp,on_ramp_mv,,normal,not_started,commit
BASIC-06,basic_01_06_900_bugcheck_20260605,718,71.8000000000002,B06_CLV,cav,not_applicable,8997.000000000005,0.0,29.999999999998217,7.432277016050649e-13,lane_2,mainline,,normal,none,commit
BASIC-06,basic_01_06_900_bugcheck_20260605,718,71.8000000000002,B06_CFV,cav,not_applicable,8906.1076338395,3.5,29.955895064829395,-0.792455049900982,lane_1,mainline,,normal,none,commit
BASIC-06,basic_01_06_900_bugcheck_20260605,718,71.8000000000002,B06_TLV_CFV,cav,not_applicable,8948.23374108352,3.5,29.999052879700308,-0.44305013627183754,lane_1,mainline,,normal,none,commit
BASIC-06,basic_01_06_900_bugcheck_20260605,718,71.8000000000002,B06_TLV_CLV,cav,not_applicable,8990.620000000015,3.5,29.99999999999702,1.2420287021086552e-12,lane_1,mainline,,normal,none,commit
BASIC-06,basic_01_06_900_bugcheck_20260605,719,71.90000000000019,B06_MV,cav,not_applicable,7245.9999531774,-3.5,1.1466852439922176e-05,4.0,on_ramp,on_ramp_mv,,normal,not_started,commit
BASIC-06,basic_01_06_900_bugcheck_20260605,719,71.90000000000019,B06_CLV,cav,not_applicable,9000.000000000005,0.0,29.999999999998288,7.133849067031406e-13,lane_2,mainline,,normal,none,commit
BASIC-06,basic_01_06_900_bugcheck_20260605,719,71.90000000000019,B06_CFV,cav,not_applicable,8909.104012350119,3.5,29.963785106201133,0.07890041371737844,lane_1,mainline,,normal,none,commit
BASIC-06,basic_01_06_900_bugcheck_20260605,719,71.90000000000019,B06_TLV_CFV,cav,not_applicable,8951.237294143102,3.5,30.03553059582352,0.364777161232133,lane_1,mainline,,normal,none,commit
BASIC-06,basic_01_06_900_bugcheck_20260605,719,71.90000000000019,B06_TLV_CLV,cav,not_applicable,8993.620000000015,3.5,29.99999999999714,1.1922907106054482e-12,lane_1,mainline,,normal,none,commit
BASIC-06,basic_01_06_900_bugcheck_20260605,720,72.00000000000018,B06_MV,cav,not_applicable,7245.999954296674,-3.5,1.1192742185658608e-05,4.0,on_ramp,on_ramp_mv,,normal,not_started,commit
BASIC-06,basic_01_06_900_bugcheck_20260605,720,72.00000000000018,B06_CLV,cav,not_applicable,9003.000000000005,0.0,29.999999999998355,6.849631972727366e-13,lane_2,mainline,,normal,none,commit
BASIC-06,basic_01_06_900_bugcheck_20260605,720,72.00000000000018,B06_CFV,cav,not_applicable,8912.108309136851,3.5,30.042967867323465,0.7918276112233097,lane_1,mainline,,normal,none,commit
BASIC-06,basic_01_06_900_bugcheck_20260605,720,72.00000000000018,B06_TLV_CFV,cav,not_applicable,8954.232922652185,3.5,29.956285090833422,-0.792455049900982,lane_1,mainline,,normal,none,commit
BASIC-06,basic_01_06_900_bugcheck_20260605,720,72.00000000000018,B06_TLV_CLV,cav,not_applicable,8996.620000000015,3.5,29.999999999997254,1.1439738045737613e-12,lane_1,mainline,,normal,none,commit
BASIC-06,basic_01_06_900_bugcheck_20260605,721,72.10000000000018,B06_MV,cav,not_applicable,7245.999955389193,-3.5,1.0925184476024256e-05,4.0,on_ramp,on_ramp_mv,,normal,not_started,commit
BASIC-06,basic_01_06_900_bugcheck_20260605,721,72.10000000000018,B06_CLV,cav,not_applicable,9006.000000000005,0.0,29.999999999998423,6.579625733138528e-13,lane_2,mainline,,normal,none,commit
BASIC-06,basic_01_06_900_bugcheck_20260605,721,72.10000000000018,B06_CFV,cav,not_applicable,8915.108175422221,3.5,29.99866285369628,-0.44305013627183754,lane_1,mainline,,normal,none,commit
BASIC-06,basic_01_06_900_bugcheck_20260605,721,72.10000000000018,B06_TLV_CFV,cav,not_applicable,8957.229340165406,3.5,29.96417513220516,0.07890041371737844,lane_1,mainline,,normal,none,commit
BASIC-06,basic_01_06_900_bugcheck_20260605,721,72.10000000000018,B06_TLV_CLV,cav,not_applicable,8999.620000000015,3.5,29.999999999997364,1.098499069485115e-12,lane_1,mainline,,normal,none,commit
BASIC-06,basic_01_06_900_bugcheck_20260605,722,72.20000000000017,B06_MV,cav,not_applicable,7245.999956455596,-3.5,1.066402255781969e-05,4.0,on_ramp,on_ramp_mv,,normal,not_started,commit
BASIC-06,basic_01_06_900_bugcheck_20260605,722,72.20000000000017,B06_CLV,cav,not_applicable,9009.000000000005,0.0,29.999999999998487,6.30961949354969e-13,lane_2,mainline,,normal,none,commit
BASIC-06,basic_01_06_900_bugcheck_20260605,722,72.20000000000017,B06_CFV,cav,not_applicable,8918.111689479203,3.5,30.035140569819493,0.364777161232133,lane_1,mainline,,normal,none,commit
BASIC-06,basic_01_06_900_bugcheck_20260605,722,72.20000000000017,B06_TLV_CFV,cav,not_applicable,8960.233675954738,3.5,30.043357893327492,0.7918276112233097,lane_1,mainline,,normal,none,commit
BASIC-06,basic_01_06_900_bugcheck_20260605,722,72.20000000000017,B06_TLV_CLV,cav,not_applicable,9002.620000000015,3.5,29.99999999999747,1.0544454198679887e-12,lane_1,mainline,,normal,none,commit
BASIC-06,basic_01_06_900_bugcheck_20260605,723,72.30000000000017,B06_MV,cav,not_applicable,7245.999957496506,-3.5,1.0409103591240197e-05,4.0,on_ramp,on_ramp_mv,,normal,not_started,commit
BASIC-06,basic_01_06_900_bugcheck_20260605,723,72.30000000000017,B06_CLV,cav,not_applicable,9012.000000000005,0.0,29.999999999998547,6.053824108676054e-13,lane_2,mainline,,normal,none,commit
BASIC-06,basic_01_06_900_bugcheck_20260605,723,72.30000000000017,B06_CFV,cav,not_applicable,8921.107278985686,3.5,29.955895064829395,-0.792455049900982,lane_1,mainline,,normal,none,commit
BASIC-06,basic_01_06_900_bugcheck_20260605,723,72.30000000000017,B06_TLV_CFV,cav,not_applicable,8963.233581242708,3.5,29.999052879700308,-0.44305013627183754,lane_1,mainline,,normal,none,commit
BASIC-06,basic_01_06_900_bugcheck_20260605,723,72.30000000000017,B06_TLV_CLV,cav,not_applicable,9005.620000000015,3.5,29.99999999999757,1.0118128557223827e-12,lane_1,mainline,,normal,none,commit
BASIC-06,basic_01_06_900_bugcheck_20260605,724,72.40000000000016,B06_MV,cav,not_applicable,7245.999958512533,-3.5,1.0160278432464953e-05,4.0,on_ramp,on_ramp_mv,,normal,not_started,commit
BASIC-06,basic_01_06_900_bugcheck_20260605,724,72.40000000000016,B06_CLV,cav,not_applicable,9015.000000000005,0.0,29.999999999998604,5.81223957851762e-13,lane_2,mainline,,normal,none,commit
BASIC-06,basic_01_06_900_bugcheck_20260605,724,72.40000000000016,B06_CFV,cav,not_applicable,8924.103657496305,3.5,29.963785106201133,0.07890041371737844,lane_1,mainline,,normal,none,commit
BASIC-06,basic_01_06_900_bugcheck_20260605,724,72.40000000000016,B06_TLV_CFV,cav,not_applicable,8966.23713430229,3.5,30.03553059582352,0.364777161232133,lane_1,mainline,,normal,none,commit
BASIC-06,basic_01_06_900_bugcheck_20260605,724,72.40000000000016,B06_TLV_CLV,cav,not_applicable,9008.620000000015,3.5,29.999999999997666,9.720224625198171e-13,lane_1,mainline,,normal,none,commit
BASIC-06,basic_01_06_900_bugcheck_20260605,725,72.50000000000016,B06_MV,cav,not_applicable,7245.999959504274,-3.5,9.917401416246222e-06,4.0,on_ramp,on_ramp_mv,,normal,not_started,commit
BASIC-06,basic_01_06_900_bugcheck_20260605,725,72.50000000000016,B06_CLV,cav,not_applicable,9018.000000000005,0.0,29.99999999999866,5.584865903074388e-13,lane_2,mainline,,normal,none,commit
BASIC-06,basic_01_06_900_bugcheck_20260605,725,72.50000000000016,B06_CFV,cav,not_applicable,8927.107954283038,3.5,30.042967867323465,0.7918276112233097,lane_1,mainline,,normal,none,commit
BASIC-06,basic_01_06_900_bugcheck_20260605,725,72.50000000000016,B06_TLV_CFV,cav,not_applicable,8969.232762811373,3.5,29.956285090833422,-0.792455049900982,lane_1,mainline,,normal,none,commit
BASIC-06,basic_01_06_900_bugcheck_20260605,725,72.50000000000016,B06_TLV_CLV,cav,not_applicable,9011.620000000015,3.5,29.99999999999776,9.336531547887717e-13,lane_1,mainline,,normal,none,commit
BASIC-06,basic_01_06_900_bugcheck_20260605,726,72.60000000000015,B06_MV,cav,not_applicable,7245.999960472307,-3.5,9.68033013849853e-06,4.0,on_ramp,on_ramp_mv,,normal,not_started,commit
BASIC-06,basic_01_06_900_bugcheck_20260605,726,72.60000000000015,B06_CLV,cav,not_applicable,9021.000000000005,0.0,29.999999999998714,5.357492227631156e-13,lane_2,mainline,,normal,none,commit
BASIC-06,basic_01_06_900_bugcheck_20260605,726,72.60000000000015,B06_CFV,cav,not_applicable,8930.107820568408,3.5,29.99866285369628,-0.44305013627183754,lane_1,mainline,,normal,none,commit
BASIC-06,basic_01_06_900_bugcheck_20260605,726,72.60000000000015,B06_TLV_CFV,cav,not_applicable,8972.229180324593,3.5,29.96417513220516,0.07890041371737844,lane_1,mainline,,normal,none,commit
BASIC-06,basic_01_06_900_bugcheck_20260605,726,72.60000000000015,B06_TLV_CLV,cav,not_applicable,9014.620000000015,3.5,29.999999999997847,8.967049325292465e-13,lane_1,mainline,,normal,none,commit
BASIC-06,basic_01_06_900_bugcheck_20260605,727,72.70000000000014,B06_MV,cav,not_applicable,7245.999961417199,-3.5,9.4489258911203e-06,4.0,on_ramp,on_ramp_mv,,normal,not_started,commit
BASIC-06,basic_01_06_900_bugcheck_20260605,727,72.70000000000014,B06_CLV,cav,not_applicable,9024.000000000005,0.0,29.999999999998764,5.144329406903126e-13,lane_2,mainline,,normal,none,commit
BASIC-06,basic_01_06_900_bugcheck_20260605,727,72.70000000000014,B06_CFV,cav,not_applicable,8933.11133462539,3.5,30.035140569819493,0.364777161232133,lane_1,mainline,,normal,none,commit
BASIC-06,basic_01_06_900_bugcheck_20260605,727,72.70000000000014,B06_TLV_CFV,cav,not_applicable,8975.233516113925,3.5,30.043357893327492,0.7918276112233097,lane_1,mainline,,normal,none,commit
BASIC-06,basic_01_06_900_bugcheck_20260605,727,72.70000000000014,B06_TLV_CLV,cav,not_applicable,9017.620000000015,3.5,29.999999999997932,8.611777957412414e-13,lane_1,mainline,,normal,none,commit
BASIC-06,basic_01_06_900_bugcheck_20260605,728,72.80000000000014,B06_MV,cav,not_applicable,7245.999962339504,-3.5,9.223053444583033e-06,4.0,on_ramp,on_ramp_mv,,normal,not_started,commit
BASIC-06,basic_01_06_900_bugcheck_20260605,728,72.80000000000014,B06_CLV,cav,not_applicable,9027.000000000005,0.0,29.999999999998813,4.945377440890298e-13,lane_2,mainline,,normal,none,commit
BASIC-06,basic_01_06_900_bugcheck_20260605,728,72.80000000000014,B06_CFV,cav,not_applicable,8936.106924131873,3.5,29.955895064829395,-0.792455049900982,lane_1,mainline,,normal,none,commit
BASIC-06,basic_01_06_900_bugcheck_20260605,728,72.80000000000014,B06_TLV_CFV,cav,not_applicable,8978.233421401896,3.5,29.999052879700308,-0.44305013627183754,lane_1,mainline,,normal,none,commit
BASIC-06,basic_01_06_900_bugcheck_20260605,728,72.80000000000014,B06_TLV_CLV,cav,not_applicable,9020.620000000015,3.5,29.999999999998014,8.270717444247567e-13,lane_1,mainline,,normal,none,commit
BASIC-06,basic_01_06_900_bugcheck_20260605,729,72.90000000000013,B06_MV,cav,not_applicable,7245.999963239762,-3.5,9.00258039569886e-06,4.0,on_ramp,on_ramp_mv,,normal,not_started,commit
BASIC-06,basic_01_06_900_bugcheck_20260605,729,72.90000000000013,B06_CLV,cav,not_applicable,9030.000000000005,0.0,29.99999999999886,4.746425474877469e-13,lane_2,mainline,,normal,none,commit
BASIC-06,basic_01_06_900_bugcheck_20260605,729,72.90000000000013,B06_CFV,cav,not_applicable,8939.103302642492,3.5,29.963785106201133,0.07890041371737844,lane_1,mainline,,normal,none,commit
BASIC-06,basic_01_06_900_bugcheck_20260605,729,72.90000000000013,B06_TLV_CFV,cav,not_applicable,8981.236974461477,3.5,30.03553059582352,0.364777161232133,lane_1,mainline,,normal,none,commit
BASIC-06,basic_01_06_900_bugcheck_20260605,729,72.90000000000013,B06_TLV_CLV,cav,not_applicable,9023.620000000015,3.5,29.999999999998092,7.943867785797921e-13,lane_1,mainline,,normal,none,commit
BASIC-06,basic_01_06_900_bugcheck_20260605,730,73.00000000000013,B06_MV,cav,not_applicable,7245.9999641184995,-3.5,8.787377602442177e-06,4.0,on_ramp,on_ramp_mv,,normal,not_started,commit
BASIC-06,basic_01_06_900_bugcheck_20260605,730,73.00000000000013,B06_CLV,cav,not_applicable,9033.000000000005,0.0,29.999999999998906,4.561684363579843e-13,lane_2,mainline,,normal,none,commit
BASIC-06,basic_01_06_900_bugcheck_20260605,730,73.00000000000013,B06_CFV,cav,not_applicable,8942.107599429224,3.5,30.042967867323465,0.7918276112233097,lane_1,mainline,,normal,none,commit
BASIC-06,basic_01_06_900_bugcheck_20260605,730,73.00000000000013,B06_TLV_CFV,cav,not_applicable,8984.23260297056,3.5,29.956285090833422,-0.792455049900982,lane_1,mainline,,normal,none,commit
BASIC-06,basic_01_06_900_bugcheck_20260605,730,73.00000000000013,B06_TLV_CLV,cav,not_applicable,9026.620000000015,3.5,29.999999999998167,7.631228982063476e-13,lane_1,mainline,,normal,none,commit
BASIC-06,basic_01_06_900_bugcheck_20260605,731,73.10000000000012,B06_MV,cav,not_applicable,7245.999964976231,-3.5,8.577319183949637e-06,4.0,on_ramp,on_ramp_mv,,normal,not_started,commit
BASIC-06,basic_01_06_900_bugcheck_20260605,731,73.10000000000012,B06_CLV,cav,not_applicable,9036.000000000005,0.0,29.99999999999895,4.376943252282217e-13,lane_2,mainline,,normal,none,commit
BASIC-06,basic_01_06_900_bugcheck_20260605,731,73.10000000000012,B06_CFV,cav,not_applicable,8945.107465714595,3.5,29.99866285369628,-0.44305013627183754,lane_1,mainline,,normal,none,commit
BASIC-06,basic_01_06_900_bugcheck_20260605,731,73.10000000000012,B06_TLV_CFV,cav,not_applicable,8987.229020483781,3.5,29.96417513220516,0.07890041371737844,lane_1,mainline,,normal,none,commit
BASIC-06,basic_01_06_900_bugcheck_20260605,731,73.10000000000012,B06_TLV_CLV,cav,not_applicable,9029.620000000015,3.5,29.99999999999824,7.332801033044234e-13,lane_1,mainline,,normal,none,commit
BASIC-06,basic_01_06_900_bugcheck_20260605,732,73.20000000000012,B06_MV,cav,not_applicable,7245.999965813459,-3.5,8.372282085698526e-06,4.0,on_ramp,on_ramp_mv,,normal,not_started,commit
BASIC-06,basic_01_06_900_bugcheck_20260605,732,73.20000000000012,B06_CLV,cav,not_applicable,9039.000000000005,0.0,29.99999999999899,4.2064129956997933e-13,lane_2,mainline,,normal,none,commit
BASIC-06,basic_01_06_900_bugcheck_20260605,732,73.20000000000012,B06_CFV,cav,not_applicable,8948.110979771576,3.5,30.035140569819493,0.364777161232133,lane_1,mainline,,normal,none,commit
BASIC-06,basic_01_06_900_bugcheck_20260605,732,73.20000000000012,B06_TLV_CFV,cav,not_applicable,8990.233356273113,3.5,30.043357893327492,0.7918276112233097,lane_1,mainline,,normal,none,commit
BASIC-06,basic_01_06_900_bugcheck_20260605,732,73.20000000000012,B06_TLV_CLV,cav,not_applicable,9032.620000000015,3.5,29.999999999998312,7.034373084024992e-13,lane_1,mainline,,normal,none,commit
BASIC-06,basic_01_06_900_bugcheck_20260605,733,73.30000000000011,B06_MV,cav,not_applicable,7245.999966630674,-3.5,8.172146296917572e-06,4.0,on_ramp,on_ramp_mv,,normal,not_started,commit
BASIC-06,basic_01_06_900_bugcheck_20260605,733,73.30000000000011,B06_CLV,cav,not_applicable,9042.000000000005,0.0,29.99999999999903,4.0358827391173694e-13,lane_2,mainline,,normal,none,commit
BASIC-06,basic_01_06_900_bugcheck_20260605,733,73.30000000000011,B06_CFV,cav,not_applicable,8951.10656927806,3.5,29.955895064829395,-0.792455049900982,lane_1,mainline,,normal,none,commit
BASIC-06,basic_01_06_900_bugcheck_20260605,733,73.30000000000011,B06_TLV_CFV,cav,not_applicable,8993.233261561083,3.5,29.999052879700308,-0.44305013627183754,lane_1,mainline,,normal,none,commit
BASIC-06,basic_01_06_900_bugcheck_20260605,733,73.30000000000011,B06_TLV_CLV,cav,not_applicable,9035.620000000015,3.5,29.99999999999838,6.750155989720952e-13,lane_1,mainline,,normal,none,commit
BASIC-06,basic_01_06_900_bugcheck_20260605,734,73.4000000000001,B06_MV,cav,not_applicable,7245.999967428354,-3.5,7.976794633176132e-06,4.0,on_ramp,on_ramp_mv,,normal,not_started,commit
BASIC-06,basic_01_06_900_bugcheck_20260605,734,73.4000000000001,B06_CLV,cav,not_applicable,9045.000000000005,0.0,29.99999999999907,3.879563337250147e-13,lane_2,mainline,,normal,none,commit
BASIC-06,basic_01_06_900_bugcheck_20260605,734,73.4000000000001,B06_CFV,cav,not_applicable,8954.102947788679,3.5,29.963785106201133,0.07890041371737844,lane_1,mainline,,normal,none,commit
BASIC-06,basic_01_06_900_bugcheck_20260605,734,73.4000000000001,B06_TLV_CFV,cav,not_applicable,8996.236814620665,3.5,30.03553059582352,0.364777161232133,lane_1,mainline,,normal,none,commit
BASIC-06,basic_01_06_900_bugcheck_20260605,734,73.4000000000001,B06_TLV_CLV,cav,not_applicable,9038.620000000015,3.5,29.999999999998444,6.480149750132114e-13,lane_1,mainline,,normal,none,commit
BASIC-06,basic_01_06_900_bugcheck_20260605,735,73.5000000000001,B06_MV,cav,not_applicable,7245.999968206965,-3.5,7.786112736384192e-06,4.0,on_ramp,on_ramp_mv,,normal,not_started,commit
BASIC-06,basic_01_06_900_bugcheck_20260605,735,73.5000000000001,B06_CLV,cav,not_applicable,9048.000000000005,0.0,29.999999999999105,3.7232439353829254e-13,lane_2,mainline,,normal,none,commit
BASIC-06,basic_01_06_900_bugcheck_20260605,735,73.5000000000001,B06_CFV,cav,not_applicable,8957.10724457541,3.5,30.042967867323465,0.7918276112233097,lane_1,mainline,,normal,none,commit
BASIC-06,basic_01_06_900_bugcheck_20260605,735,73.5000000000001,B06_TLV_CFV,cav,not_applicable,8999.232443129747,3.5,29.956285090833422,-0.792455049900982,lane_1,mainline,,normal,none,commit
BASIC-06,basic_01_06_900_bugcheck_20260605,735,73.5000000000001,B06_TLV_CLV,cav,not_applicable,9041.620000000015,3.5,29.999999999998508,6.224354365258478e-13,lane_1,mainline,,normal,none,commit
BASIC-06,basic_01_06_900_bugcheck_20260605,736,73.6000000000001,B06_MV,cav,not_applicable,7245.999968966964,-3.5,7.5999890747923655e-06,4.0,on_ramp,on_ramp_mv,,normal,not_started,commit
BASIC-06,basic_01_06_900_bugcheck_20260605,736,73.6000000000001,B06_CLV,cav,not_applicable,9051.000000000005,0.0,29.99999999999914,3.5811353882309053e-13,lane_2,mainline,,normal,none,commit
BASIC-06,basic_01_06_900_bugcheck_20260605,736,73.6000000000001,B06_CFV,cav,not_applicable,8960.107110860781,3.5,29.99866285369628,-0.44305013627183754,lane_1,mainline,,normal,none,commit
BASIC-06,basic_01_06_900_bugcheck_20260605,736,73.6000000000001,B06_TLV_CFV,cav,not_applicable,9002.228860642968,3.5,29.96417513220516,0.07890041371737844,lane_1,mainline,,normal,none,commit
BASIC-06,basic_01_06_900_bugcheck_20260605,736,73.6000000000001,B06_TLV_CLV,cav,not_applicable,9044.620000000015,3.5,29.99999999999857,5.968558980384842e-13,lane_1,mainline,,normal,none,commit
BASIC-06,basic_01_06_900_bugcheck_20260605,737,73.70000000000009,B06_MV,cav,not_applicable,7245.999969708795,-3.5,7.418314508170255e-06,4.0,on_ramp,on_ramp_mv,,normal,not_started,commit
BASIC-06,basic_01_06_900_bugcheck_20260605,737,73.70000000000009,B06_CLV,cav,not_applicable,9054.000000000005,0.0,29.999999999999176,3.4390268410788853e-13,lane_2,mainline,,normal,none,commit
BASIC-06,basic_01_06_900_bugcheck_20260605,737,73.70000000000009,B06_CFV,cav,not_applicable,8963.110624917763,3.5,30.035140569819493,0.364777161232133,lane_1,mainline,,normal,none,commit
BASIC-06,basic_01_06_900_bugcheck_20260605,737,73.70000000000009,B06_TLV_CFV,cav,not_applicable,9005.2331964323,3.5,30.043357893327492,0.7918276112233097,lane_1,mainline,,normal,none,commit
BASIC-06,basic_01_06_900_bugcheck_20260605,737,73.70000000000009,B06_TLV_CLV,cav,not_applicable,9047.620000000015,3.5,29.999999999998625,5.726974450226408e-13,lane_1,mainline,,normal,none,commit
BASIC-06,basic_01_06_900_bugcheck_20260605,738,73.80000000000008,B06_MV,cav,not_applicable,7245.999970432893,-3.5,7.240982940038912e-06,4.0,on_ramp,on_ramp_mv,,normal,not_started,commit
BASIC-06,basic_01_06_900_bugcheck_20260605,738,73.80000000000008,B06_CLV,cav,not_applicable,9057.000000000005,0.0,29.999999999999208,3.2969182939268653e-13,lane_2,mainline,,normal,none,commit
BASIC-06,basic_01_06_900_bugcheck_20260605,738,73.80000000000008,B06_CFV,cav,not_applicable,8966.106214424246,3.5,29.955895064829395,-0.792455049900982,lane_1,mainline,,normal,none,commit
BASIC-06,basic_01_06_900_bugcheck_20260605,738,73.80000000000008,B06_TLV_CFV,cav,not_applicable,9008.23310172027,3.5,29.999052879700308,-0.44305013627183754,lane_1,mainline,,normal,none,commit
BASIC-06,basic_01_06_900_bugcheck_20260605,738,73.80000000000008,B06_TLV_CLV,cav,not_applicable,9050.620000000015,3.5,29.99999999999868,5.499600774783176e-13,lane_1,mainline,,normal,none,commit
BASIC-06,basic_01_06_900_bugcheck_20260605,739,73.90000000000008,B06_MV,cav,not_applicable,7245.999971139682,-3.5,7.067890448027562e-06,4.0,on_ramp,on_ramp_mv,,normal,not_started,commit
BASIC-06,basic_01_06_900_bugcheck_20260605,739,73.90000000000008,B06_CLV,cav,not_applicable,9060.000000000005,0.0,29.99999999999924,3.169020601490047e-13,lane_2,mainline,,normal,none,commit
BASIC-06,basic_01_06_900_bugcheck_20260605,739,73.90000000000008,B06_CFV,cav,not_applicable,8969.102592934865,3.5,29.963785106201133,0.07890041371737844,lane_1,mainline,,normal,none,commit
BASIC-06,basic_01_06_900_bugcheck_20260605,739,73.90000000000008,B06_TLV_CFV,cav,not_applicable,9011.236654779852,3.5,30.03553059582352,0.364777161232133,lane_1,mainline,,normal,none,commit
BASIC-06,basic_01_06_900_bugcheck_20260605,739,73.90000000000008,B06_TLV_CLV,cav,not_applicable,9053.620000000015,3.5,29.99999999999873,5.286437954055146e-13,lane_1,mainline,,normal,none,commit
BASIC-06,basic_01_06_900_bugcheck_20260605,740,74.00000000000007,B06_MV,cav,not_applicable,7245.999971829576,-3.5,6.898935501284425e-06,4.0,on_ramp,on_ramp_mv,,normal,not_started,commit
BASIC-06,basic_01_06_900_bugcheck_20260605,740,74.00000000000007,B06_CLV,cav,not_applicable,9063.000000000005,0.0,29.99999999999927,3.041122909053229e-13,lane_2,mainline,,normal,none,commit
BASIC-06,basic_01_06_900_bugcheck_20260605,740,74.00000000000007,B06_CFV,cav,not_applicable,8972.106889721597,3.5,30.042967867323465,0.7918276112233097,lane_1,mainline,,normal,none,commit
BASIC-06,basic_01_06_900_bugcheck_20260605,740,74.00000000000007,B06_TLV_CFV,cav,not_applicable,9014.232283288935,3.5,29.956285090833422,-0.792455049900982,lane_1,mainline,,normal,none,commit
BASIC-06,basic_01_06_900_bugcheck_20260605,740,74.00000000000007,B06_TLV_CLV,cav,not_applicable,9056.620000000015,3.5,29.99999999999878,5.073275133327116e-13,lane_1,mainline,,normal,none,commit
BASIC-06,basic_01_06_900_bugcheck_20260605,741,74.10000000000007,B06_MV,cav,not_applicable,7245.9999725029775,-3.5,6.734019395298346e-06,4.0,on_ramp,on_ramp_mv,,normal,not_started,commit
BASIC-06,basic_01_06_900_bugcheck_20260605,741,74.10000000000007,B06_CLV,cav,not_applicable,9066.000000000005,0.0,29.9999999999993,2.913225216616411e-13,lane_2,mainline,,normal,none,commit
BASIC-06,basic_01_06_900_bugcheck_20260605,741,74.10000000000007,B06_CFV,cav,not_applicable,8975.106756006968,3.5,29.99866285369628,-0.44305013627183754,lane_1,mainline,,normal,none,commit
BASIC-06,basic_01_06_900_bugcheck_20260605,741,74.10000000000007,B06_TLV_CFV,cav,not_applicable,9017.228700802156,3.5,29.96417513220516,0.07890041371737844,lane_1,mainline,,normal,none,commit
BASIC-06,basic_01_06_900_bugcheck_20260605,741,74.10000000000007,B06_TLV_CLV,cav,not_applicable,9059.620000000015,3.5,29.99999999999883,4.874323167314288e-13,lane_1,mainline,,normal,none,commit
BASIC-06,basic_01_06_900_bugcheck_20260605,742,74.20000000000006,B06_MV,cav,not_applicable,7245.999973160282,-3.5,6.573045599666346e-06,4.0,on_ramp,on_ramp_mv,,normal,not_started,commit
BASIC-06,basic_01_06_900_bugcheck_20260605,742,74.20000000000006,B06_CLV,cav,not_applicable,9069.000000000005,0.0,29.99999999999933,2.799538378894795e-13,lane_2,mainline,,normal,none,commit
BASIC-06,basic_01_06_900_bugcheck_20260605,742,74.20000000000006,B06_CFV,cav,not_applicable,8978.11027006395,3.5,30.035140569819493,0.364777161232133,lane_1,mainline,,normal,none,commit
BASIC-06,basic_01_06_900_bugcheck_20260605,742,74.20000000000006,B06_TLV_CFV,cav,not_applicable,9020.233036591488,3.5,30.043357893327492,0.7918276112233097,lane_1,mainline,,normal,none,commit
BASIC-06,basic_01_06_900_bugcheck_20260605,742,74.20000000000006,B06_TLV_CLV,cav,not_applicable,9062.620000000015,3.5,29.999999999998877,4.675371201301459e-13,lane_1,mainline,,normal,none,commit
BASIC-06,basic_01_06_900_bugcheck_20260605,743,74.30000000000005,B06_MV,cav,not_applicable,7245.999973801874,-3.5,6.415919758093622e-06,4.0,on_ramp,on_ramp_mv,,normal,not_started,commit
BASIC-06,basic_01_06_900_bugcheck_20260605,743,74.30000000000005,B06_CLV,cav,not_applicable,9072.000000000005,0.0,29.999999999999357,2.685851541173179e-13,lane_2,mainline,,normal,none,commit
BASIC-06,basic_01_06_900_bugcheck_20260605,743,74.30000000000005,B06_CFV,cav,not_applicable,8981.105859570433,3.5,29.955895064829395,-0.792455049900982,lane_1,mainline,,normal,none,commit
BASIC-06,basic_01_06_900_bugcheck_20260605,743,74.30000000000005,B06_TLV_CFV,cav,not_applicable,9023.232941879458,3.5,29.999052879700308,-0.44305013627183754,lane_1,mainline,,normal,none,commit
BASIC-06,basic_01_06_900_bugcheck_20260605,743,74.30000000000005,B06_TLV_CLV,cav,not_applicable,9065.620000000015,3.5,29.999999999998924,4.4906300900038334e-13,lane_1,mainline,,normal,none,commit
BASIC-06,basic_01_06_900_bugcheck_20260605,744,74.40000000000005,B06_MV,cav,not_applicable,7245.9999744281295,-3.5,6.2625499058043635e-06,4.0,on_ramp,on_ramp_mv,,normal,not_started,commit
BASIC-06,basic_01_06_900_bugcheck_20260605,744,74.40000000000005,B06_CLV,cav,not_applicable,9075.000000000005,0.0,29.999999999999382,2.572164703451563e-13,lane_2,mainline,,normal,none,commit
BASIC-06,basic_01_06_900_bugcheck_20260605,744,74.40000000000005,B06_CFV,cav,not_applicable,8984.102238081052,3.5,29.963785106201133,0.07890041371737844,lane_1,mainline,,normal,none,commit
BASIC-06,basic_01_06_900_bugcheck_20260605,744,74.40000000000005,B06_TLV_CFV,cav,not_applicable,9026.23649493904,3.5,30.03553059582352,0.364777161232133,lane_1,mainline,,normal,none,commit
BASIC-06,basic_01_06_900_bugcheck_20260605,744,74.40000000000005,B06_TLV_CLV,cav,not_applicable,9068.620000000015,3.5,29.999999999998966,4.305888978706207e-13,lane_1,mainline,,normal,none,commit
BASIC-06,basic_01_06_900_bugcheck_20260605,745,74.50000000000004,B06_MV,cav,not_applicable,7245.9999750394145,-3.5,6.112846252130935e-06,4.0,on_ramp,on_ramp_mv,,normal,not_started,commit
BASIC-06,basic_01_06_900_bugcheck_20260605,745,74.50000000000004,B06_CLV,cav,not_applicable,9078.000000000005,0.0,29.999999999999407,2.472688720445149e-13,lane_2,mainline,,normal,none,commit
BASIC-06,basic_01_06_900_bugcheck_20260605,745,74.50000000000004,B06_CFV,cav,not_applicable,8987.106534867784,3.5,30.042967867323465,0.7918276112233097,lane_1,mainline,,normal,none,commit
BASIC-06,basic_01_06_900_bugcheck_20260605,745,74.50000000000004,B06_TLV_CFV,cav,not_applicable,9029.232123448122,3.5,29.956285090833422,-0.792455049900982,lane_1,mainline,,normal,none,commit
BASIC-06,basic_01_06_900_bugcheck_20260605,745,74.50000000000004,B06_TLV_CLV,cav,not_applicable,9071.620000000015,3.5,29.99999999999901,4.1353587221237833e-13,lane_1,mainline,,normal,none,commit
BASIC-06,basic_01_06_900_bugcheck_20260605,746,74.60000000000004,B06_MV,cav,not_applicable,7245.999975636087,-3.5,5.9667211805138756e-06,4.0,on_ramp,on_ramp_mv,,normal,not_started,commit
BASIC-06,basic_01_06_900_bugcheck_20260605,746,74.60000000000004,B06_CLV,cav,not_applicable,9081.000000000005,0.0,29.99999999999943,2.3732127374387345e-13,lane_2,mainline,,normal,none,commit
BASIC-06,basic_01_06_900_bugcheck_20260605,746,74.60000000000004,B06_CFV,cav,not_applicable,8990.106401153154,3.5,29.99866285369628,-0.44305013627183754,lane_1,mainline,,normal,none,commit
BASIC-06,basic_01_06_900_bugcheck_20260605,746,74.60000000000004,B06_TLV_CFV,cav,not_applicable,9032.228540961343,3.5,29.96417513220516,0.07890041371737844,lane_1,mainline,,normal,none,commit
BASIC-06,basic_01_06_900_bugcheck_20260605,746,74.60000000000004,B06_TLV_CLV,cav,not_applicable,9074.620000000015,3.5,29.999999999999048,3.9648284655413593e-13,lane_1,mainline,,normal,none,commit
BASIC-06,basic_01_06_900_bugcheck_20260605,747,74.70000000000003,B06_MV,cav,not_applicable,7245.999976218495,-3.5,5.8240892485019016e-06,4.0,on_ramp,on_ramp_mv,,normal,not_started,commit
BASIC-06,basic_01_06_900_bugcheck_20260605,747,74.70000000000003,B06_CLV,cav,not_applicable,9084.000000000005,0.0,29.999999999999453,2.2737367544323206e-13,lane_2,mainline,,normal,none,commit
BASIC-06,basic_01_06_900_bugcheck_20260605,747,74.70000000000003,B06_CFV,cav,not_applicable,8993.109915210136,3.5,30.035140569819493,0.364777161232133,lane_1,mainline,,normal,none,commit
BASIC-06,basic_01_06_900_bugcheck_20260605,747,74.70000000000003,B06_TLV_CFV,cav,not_applicable,9035.232876750675,3.5,30.043357893327492,0.7918276112233097,lane_1,mainline,,normal,none,commit
BASIC-06,basic_01_06_900_bugcheck_20260605,747,74.70000000000003,B06_TLV_CLV,cav,not_applicable,9077.620000000015,3.5,29.999999999999087,3.808509063674137e-13,lane_1,mainline,,normal,none,commit
BASIC-06,basic_01_06_900_bugcheck_20260605,748,74.80000000000003,B06_MV,cav,not_applicable,7245.999976786982,-3.5,5.684866970341083e-06,4.0,on_ramp,on_ramp_mv,,normal,not_started,commit
BASIC-06,basic_01_06_900_bugcheck_20260605,748,74.80000000000003,B06_CLV,cav,not_applicable,9087.000000000005,0.0,29.999999999999474,2.1884716261411086e-13,lane_2,mainline,,normal,none,commit
BASIC-06,basic_01_06_900_bugcheck_20260605,748,74.80000000000003,B06_CFV,cav,not_applicable,8996.10550471662,3.5,29.955895064829395,-0.792455049900982,lane_1,mainline,,normal,none,commit
BASIC-06,basic_01_06_900_bugcheck_20260605,748,74.80000000000003,B06_TLV_CFV,cav,not_applicable,9038.232782038645,3.5,29.999052879700308,-0.44305013627183754,lane_1,mainline,,normal,none,commit
BASIC-06,basic_01_06_900_bugcheck_20260605,748,74.80000000000003,B06_TLV_CLV,cav,not_applicable,9080.620000000015,3.5,29.999999999999122,3.6521896618069154e-13,lane_1,mainline,,normal,none,commit
BASIC-06,basic_01_06_900_bugcheck_20260605,749,74.90000000000002,B06_MV,cav,not_applicable,7245.9999773418795,-3.5,5.548972599564035e-06,4.0,on_ramp,on_ramp_mv,,normal,not_started,commit
BASIC-06,basic_01_06_900_bugcheck_20260605,749,74.90000000000002,B06_CLV,cav,not_applicable,9090.000000000005,0.0,29.999999999999496,2.1032064978498967e-13,lane_2,mainline,,normal,none,commit
BASIC-06,basic_01_06_900_bugcheck_20260605,749,74.90000000000002,B06_CFV,cav,not_applicable,8999.101883227238,3.5,29.963785106201133,0.07890041371737844,lane_1,mainline,,normal,none,commit
BASIC-06,basic_01_06_900_bugcheck_20260605,749,74.90000000000002,B06_TLV_CFV,cav,not_applicable,9041.236335098227,3.5,30.03553059582352,0.364777161232133,lane_1,mainline,,normal,none,commit
BASIC-06,basic_01_06_900_bugcheck_20260605,749,74.90000000000002,B06_TLV_CLV,cav,not_applicable,9083.620000000015,3.5,29.999999999999158,3.5100811146548953e-13,lane_1,mainline,,normal,none,commit
BASIC-06,basic_01_06_900_bugcheck_20260605,750,75.00000000000001,B06_MV,cav,not_applicable,7245.999977883512,-3.5,5.416326781222362e-06,4.0,on_ramp,on_ramp_mv,,normal,not_started,commit
BASIC-06,basic_01_06_900_bugcheck_20260605,750,75.00000000000001,B06_CLV,cav,not_applicable,9093.000000000005,0.0,29.999999999999517,2.0179413695586847e-13,lane_2,mainline,,normal,none,commit
BASIC-06,basic_01_06_900_bugcheck_20260605,750,75.00000000000001,B06_CFV,cav,not_applicable,9002.10618001397,3.5,30.042967867323465,0.7918276112233097,lane_1,mainline,,normal,none,commit
BASIC-06,basic_01_06_900_bugcheck_20260605,750,75.00000000000001,B06_TLV_CFV,cav,not_applicable,9044.23196360731,3.5,29.956285090833422,-0.792455049900982,lane_1,mainline,,normal,none,commit
BASIC-06,basic_01_06_900_bugcheck_20260605,750,75.00000000000001,B06_TLV_CLV,cav,not_applicable,9086.620000000015,3.5,29.99999999999919,3.3679725675028753e-13,lane_1,mainline,,normal,none,commit
BASIC-06,basic_01_06_900_bugcheck_20260605,751,75.10000000000001,B06_MV,cav,not_applicable,7245.999978412197,-3.5,5.2868518996542095e-06,4.0,on_ramp,on_ramp_mv,,normal,not_started,commit
BASIC-06,basic_01_06_900_bugcheck_20260605,751,75.10000000000001,B06_CLV,cav,not_applicable,9096.000000000005,0.0,29.999999999999535,1.9326762412674727e-13,lane_2,mainline,,normal,none,commit
BASIC-06,basic_01_06_900_bugcheck_20260605,751,75.10000000000001,B06_CFV,cav,not_applicable,9005.106046299341,3.5,29.99866285369628,-0.44305013627183754,lane_1,mainline,,normal,none,commit
BASIC-06,basic_01_06_900_bugcheck_20260605,751,75.10000000000001,B06_TLV_CFV,cav,not_applicable,9047.22838112053,3.5,29.96417513220516,0.07890041371737844,lane_1,mainline,,normal,none,commit
BASIC-06,basic_01_06_900_bugcheck_20260605,751,75.10000000000001,B06_TLV_CLV,cav,not_applicable,9089.620000000015,3.5,29.999999999999222,3.240074875066057e-13,lane_1,mainline,,normal,none,commit
BASIC-06,basic_01_06_900_bugcheck_20260605,752,75.2,B06_MV,cav,not_applicable,7245.999978928245,-3.5,5.160471861073446e-06,4.0,on_ramp,on_ramp_mv,,normal,not_started,commit
BASIC-06,basic_01_06_900_bugcheck_20260605,752,75.2,B06_CLV,cav,not_applicable,9099.000000000005,0.0,29.999999999999552,1.8616219676914627e-13,lane_2,mainline,,normal,none,commit
BASIC-06,basic_01_06_900_bugcheck_20260605,752,75.2,B06_CFV,cav,not_applicable,9008.109560356323,3.5,30.035140569819493,0.364777161232133,lane_1,mainline,,normal,none,commit
BASIC-06,basic_01_06_900_bugcheck_20260605,752,75.2,B06_TLV_CFV,cav,not_applicable,9050.232716909863,3.5,30.043357893327492,0.7918276112233097,lane_1,mainline,,normal,none,commit
BASIC-06,basic_01_06_900_bugcheck_20260605,752,75.2,B06_TLV_CLV,cav,not_applicable,9092.620000000015,3.5,29.999999999999254,3.112177182629239e-13,lane_1,mainline,,normal,none,commit
BASIC-06,basic_01_06_900_bugcheck_20260605,753,75.3,B06_MV,cav,not_applicable,7245.999979431956,-3.5,5.037112963212932e-06,4.0,on_ramp,on_ramp_mv,,normal,not_started,commit
BASIC-06,basic_01_06_900_bugcheck_20260605,753,75.3,B06_CLV,cav,not_applicable,9102.000000000005,0.0,29.99999999999957,1.7905676941154527e-13,lane_2,mainline,,normal,none,commit
BASIC-06,basic_01_06_900_bugcheck_20260605,753,75.3,B06_CFV,cav,not_applicable,9011.105149862806,3.5,29.955895064829395,-0.792455049900982,lane_1,mainline,,normal,none,commit
BASIC-06,basic_01_06_900_bugcheck_20260605,753,75.3,B06_TLV_CFV,cav,not_applicable,9053.232622197833,3.5,29.999052879700308,-0.44305013627183754,lane_1,mainline,,normal,none,commit
BASIC-06,basic_01_06_900_bugcheck_20260605,753,75.3,B06_TLV_CLV,cav,not_applicable,9095.620000000015,3.5,29.999999999999282,2.984279490192421e-13,lane_1,mainline,,normal,none,commit
BASIC-06,basic_01_06_900_bugcheck_20260605,754,75.39999999999999,B06_MV,cav,not_applicable,7245.999979923626,-3.5,4.916703025681252e-06,4.0,on_ramp,on_ramp_mv,,normal,not_started,commit
BASIC-06,basic_01_06_900_bugcheck_20260605,754,75.39999999999999,B06_CLV,cav,not_applicable,9105.000000000005,0.0,29.999999999999588,1.7195134205394427e-13,lane_2,mainline,,normal,none,commit
BASIC-06,basic_01_06_900_bugcheck_20260605,754,75.39999999999999,B06_CFV,cav,not_applicable,9014.101528373425,3.5,29.963785106201133,0.07890041371737844,lane_1,mainline,,normal,none,commit
BASIC-06,basic_01_06_900_bugcheck_20260605,754,75.39999999999999,B06_TLV_CFV,cav,not_applicable,9056.236175257414,3.5,30.03553059582352,0.364777161232133,lane_1,mainline,,normal,none,commit
BASIC-06,basic_01_06_900_bugcheck_20260605,754,75.39999999999999,B06_TLV_CLV,cav,not_applicable,9098.620000000015,3.5,29.99999999999931,2.870592652470805e-13,lane_1,mainline,,normal,none,commit
BASIC-06,basic_01_06_900_bugcheck_20260605,755,75.49999999999999,B06_MV,cav,not_applicable,7245.999980403542,-3.5,4.7991713899627106e-06,4.0,on_ramp,on_ramp_mv,,normal,not_started,commit
BASIC-06,basic_01_06_900_bugcheck_20260605,755,75.49999999999999,B06_CLV,cav,not_applicable,9108.000000000005,0.0,29.999999999999606,1.6484591469634326e-13,lane_2,mainline,,normal,none,commit
BASIC-06,basic_01_06_900_bugcheck_20260605,755,75.49999999999999,B06_CFV,cav,not_applicable,9017.105825160157,3.5,30.042967867323465,0.7918276112233097,lane_1,mainline,,normal,none,commit
BASIC-06,basic_01_06_900_bugcheck_20260605,755,75.49999999999999,B06_TLV_CFV,cav,not_applicable,9059.231803766497,3.5,29.956285090833422,-0.792455049900982,lane_1,mainline,,normal,none,commit
BASIC-06,basic_01_06_900_bugcheck_20260605,755,75.49999999999999,B06_TLV_CLV,cav,not_applicable,9101.620000000015,3.5,29.99999999999934,2.756905814749189e-13,lane_1,mainline,,normal,none,commit
BASIC-06,basic_01_06_900_bugcheck_20260605,756,75.59999999999998,B06_MV,cav,not_applicable,7245.999980871988,-3.5,4.684449354238972e-06,4.0,on_ramp,on_ramp_mv,,normal,not_started,commit
BASIC-06,basic_01_06_900_bugcheck_20260605,756,75.59999999999998,B06_CLV,cav,not_applicable,9111.000000000005,0.0,29.99999999999962,1.5774048733874226e-13,lane_2,mainline,,normal,none,commit
BASIC-06,basic_01_06_900_bugcheck_20260605,756,75.59999999999998,B06_CFV,cav,not_applicable,9020.105691445528,3.5,29.99866285369628,-0.44305013627183754,lane_1,mainline,,normal,none,commit
BASIC-06,basic_01_06_900_bugcheck_20260605,756,75.59999999999998,B06_TLV_CFV,cav,not_applicable,9062.228221279718,3.5,29.96417513220516,0.07890041371737844,lane_1,mainline,,normal,none,commit
BASIC-06,basic_01_06_900_bugcheck_20260605,756,75.59999999999998,B06_TLV_CLV,cav,not_applicable,9104.620000000015,3.5,29.999999999999364,2.643218977027573e-13,lane_1,mainline,,normal,none,commit
BASIC-06,basic_01_06_900_bugcheck_20260605,757,75.69999999999997,B06_MV,cav,not_applicable,7245.999981329234,-3.5,4.572469521156607e-06,4.0,on_ramp,on_ramp_mv,,normal,not_started,commit
BASIC-06,basic_01_06_900_bugcheck_20260605,757,75.69999999999997,B06_CLV,cav,not_applicable,9114.000000000005,0.0,29.999999999999634,1.5205614545266145e-13,lane_2,mainline,,normal,none,commit
BASIC-06,basic_01_06_900_bugcheck_20260605,757,75.69999999999997,B06_CFV,cav,not_applicable,9023.10920550251,3.5,30.035140569819493,0.364777161232133,lane_1,mainline,,normal,none,commit
BASIC-06,basic_01_06_900_bugcheck_20260605,757,75.69999999999997,B06_TLV_CFV,cav,not_applicable,9065.23255706905,3.5,30.043357893327492,0.7918276112233097,lane_1,mainline,,normal,none,commit
BASIC-06,basic_01_06_900_bugcheck_20260605,757,75.69999999999997,B06_TLV_CLV,cav,not_applicable,9107.620000000015,3.5,29.99999999999939,2.543742994021159e-13,lane_1,mainline,,normal,none,commit
BASIC-06,basic_01_06_900_bugcheck_20260605,758,75.79999999999997,B06_MV,cav,not_applicable,7245.999981775551,-3.5,4.463166667470358e-06,4.0,on_ramp,on_ramp_mv,,normal,not_started,commit
BASIC-06,basic_01_06_900_bugcheck_20260605,758,75.79999999999997,B06_CLV,cav,not_applicable,9117.000000000005,0.0,29.99999999999965,1.4637180356658065e-13,lane_2,mainline,,normal,none,commit
BASIC-06,basic_01_06_900_bugcheck_20260605,758,75.79999999999997,B06_CFV,cav,not_applicable,9026.104795008992,3.5,29.955895064829395,-0.792455049900982,lane_1,mainline,,normal,none,commit
BASIC-06,basic_01_06_900_bugcheck_20260605,758,75.79999999999997,B06_TLV_CFV,cav,not_applicable,9068.23246235702,3.5,29.999052879700308,-0.44305013627183754,lane_1,mainline,,normal,none,commit
BASIC-06,basic_01_06_900_bugcheck_20260605,758,75.79999999999997,B06_TLV_CLV,cav,not_applicable,9110.620000000015,3.5,29.999999999999414,2.4442670110147445e-13,lane_1,mainline,,normal,none,commit
BASIC-06,basic_01_06_900_bugcheck_20260605,759,75.89999999999996,B06_MV,cav,not_applicable,7245.999982211199,-3.5,4.356476656989057e-06,4.0,on_ramp,on_ramp_mv,,normal,not_started,commit
BASIC-06,basic_01_06_900_bugcheck_20260605,759,75.89999999999996,B06_CLV,cav,not_applicable,9120.000000000005,0.0,29.999999999999662,1.4068746168049984e-13,lane_2,mainline,,normal,none,commit
BASIC-06,basic_01_06_900_bugcheck_20260605,759,75.89999999999996,B06_CFV,cav,not_applicable,9029.101173519612,3.5,29.963785106201133,0.07890041371737844,lane_1,mainline,,normal,none,commit
BASIC-06,basic_01_06_900_bugcheck_20260605,759,75.89999999999996,B06_TLV_CFV,cav,not_applicable,9071.236015416602,3.5,30.03553059582352,0.364777161232133,lane_1,mainline,,normal,none,commit
BASIC-06,basic_01_06_900_bugcheck_20260605,759,75.89999999999996,B06_TLV_CLV,cav,not_applicable,9113.620000000015,3.5,29.99999999999944,2.3447910280083306e-13,lane_1,mainline,,normal,none,commit
BASIC-06,basic_01_06_900_bugcheck_20260605,760,75.99999999999996,B06_MV,cav,not_applicable,7245.999982636432,-3.5,4.252336875397259e-06,4.0,on_ramp,on_ramp_mv,,normal,not_started,commit
BASIC-06,basic_01_06_900_bugcheck_20260605,760,75.99999999999996,B06_CLV,cav,not_applicable,9123.000000000005,0.0,29.999999999999677,1.3500311979441904e-13,lane_2,mainline,,normal,none,commit
BASIC-06,basic_01_06_900_bugcheck_20260605,760,75.99999999999996,B06_CFV,cav,not_applicable,9032.105470306344,3.5,30.042967867323465,0.7918276112233097,lane_1,mainline,,normal,none,commit
BASIC-06,basic_01_06_900_bugcheck_20260605,760,75.99999999999996,B06_TLV_CFV,cav,not_applicable,9074.231643925685,3.5,29.956285090833422,-0.792455049900982,lane_1,mainline,,normal,none,commit
BASIC-06,basic_01_06_900_bugcheck_20260605,760,75.99999999999996,B06_TLV_CLV,cav,not_applicable,9116.620000000015,3.5,29.99999999999946,2.2453150450019167e-13,lane_1,mainline,,normal,none,commit
BASIC-06,basic_01_06_900_bugcheck_20260605,761,76.09999999999995,B06_MV,cav,not_applicable,7245.999983051501,-3.5,4.150686665076876e-06,4.0,on_ramp,on_ramp_mv,,normal,not_started,commit
BASIC-06,basic_01_06_900_bugcheck_20260605,761,76.09999999999995,B06_CLV,cav,not_applicable,9126.000000000005,0.0,29.99999999999969,1.2931877790833823e-13,lane_2,mainline,,normal,none,commit
BASIC-06,basic_01_06_900_bugcheck_20260605,761,76.09999999999995,B06_CFV,cav,not_applicable,9035.105336591714,3.5,29.99866285369628,-0.44305013627183754,lane_1,mainline,,normal,none,commit
BASIC-06,basic_01_06_900_bugcheck_20260605,761,76.09999999999995,B06_TLV_CFV,cav,not_applicable,9077.228061438906,3.5,29.96417513220516,0.07890041371737844,lane_1,mainline,,normal,none,commit
BASIC-06,basic_01_06_900_bugcheck_20260605,761,76.09999999999995,B06_TLV_CLV,cav,not_applicable,9119.620000000015,3.5,29.99999999999948,2.1600499167107047e-13,lane_1,mainline,,normal,none,commit
BASIC-06,basic_01_06_900_bugcheck_20260605,762,76.19999999999995,B06_MV,cav,not_applicable,7245.999983456647,-3.5,4.05146623805309e-06,4.0,on_ramp,on_ramp_mv,,normal,not_started,commit
BASIC-06,basic_01_06_900_bugcheck_20260605,762,76.19999999999995,B06_CLV,cav,not_applicable,9129.000000000005,0.0,29.9999999999997,1.2363443602225745e-13,lane_2,mainline,,normal,none,commit
BASIC-06,basic_01_06_900_bugcheck_20260605,762,76.19999999999995,B06_CFV,cav,not_applicable,9038.108850648696,3.5,30.035140569819493,0.364777161232133,lane_1,mainline,,normal,none,commit
BASIC-06,basic_01_06_900_bugcheck_20260605,762,76.19999999999995,B06_TLV_CFV,cav,not_applicable,9080.232397228237,3.5,30.043357893327492,0.7918276112233097,lane_1,mainline,,normal,none,commit
BASIC-06,basic_01_06_900_bugcheck_20260605,762,76.19999999999995,B06_TLV_CLV,cav,not_applicable,9122.620000000015,3.5,29.999999999999503,2.0747847884194927e-13,lane_1,mainline,,normal,none,commit
BASIC-06,basic_01_06_900_bugcheck_20260605,763,76.29999999999994,B06_MV,cav,not_applicable,7245.999983852109,-3.5,3.9546177630484405e-06,4.0,on_ramp,on_ramp_mv,,normal,not_started,commit
BASIC-06,basic_01_06_900_bugcheck_20260605,763,76.29999999999994,B06_CLV,cav,not_applicable,9132.000000000005,0.0,29.999999999999712,1.1937117960769684e-13,lane_2,mainline,,normal,none,commit
BASIC-06,basic_01_06_900_bugcheck_20260605,763,76.29999999999994,B06_CFV,cav,not_applicable,9041.104440155179,3.5,29.955895064829395,-0.792455049900982,lane_1,mainline,,normal,none,commit
BASIC-06,basic_01_06_900_bugcheck_20260605,763,76.29999999999994,B06_TLV_CFV,cav,not_applicable,9083.232302516208,3.5,29.999052879700308,-0.44305013627183754,lane_1,mainline,,normal,none,commit
BASIC-06,basic_01_06_900_bugcheck_20260605,763,76.29999999999994,B06_TLV_CLV,cav,not_applicable,9125.620000000015,3.5,29.999999999999524,1.9895196601282805e-13,lane_1,mainline,,normal,none,commit
BASIC-06,basic_01_06_900_bugcheck_20260605,764,76.39999999999993,B06_MV,cav,not_applicable,7245.999984238118,-3.5,3.860084278428737e-06,4.0,on_ramp,on_ramp_mv,,normal,not_started,commit
BASIC-06,basic_01_06_900_bugcheck_20260605,764,76.39999999999993,B06_CLV,cav,not_applicable,9135.000000000005,0.0,29.999999999999723,1.1510792319313623e-13,lane_2,mainline,,normal,none,commit
BASIC-06,basic_01_06_900_bugcheck_20260605,764,76.39999999999993,B06_CFV,cav,not_applicable,9044.100818665798,3.5,29.963785106201133,0.07890041371737844,lane_1,mainline,,normal,none,commit
BASIC-06,basic_01_06_900_bugcheck_20260605,764,76.39999999999993,B06_TLV_CFV,cav,not_applicable,9086.23585557579,3.5,30.03553059582352,0.364777161232133,lane_1,mainline,,normal,none,commit
BASIC-06,basic_01_06_900_bugcheck_20260605,764,76.39999999999993,B06_TLV_CLV,cav,not_applicable,9128.620000000015,3.5,29.99999999999954,1.9042545318370685e-13,lane_1,mainline,,normal,none,commit
BASIC-06,basic_01_06_900_bugcheck_20260605,765,76.49999999999993,B06_MV,cav,not_applicable,7245.9999846148985,-3.5,3.7678105618463314e-06,4.0,on_ramp,on_ramp_mv,,normal,not_started,commit
BASIC-06,basic_01_06_900_bugcheck_20260605,765,76.49999999999993,B06_CLV,cav,not_applicable,9138.000000000005,0.0,29.999999999999734,1.1084466677857564e-13,lane_2,mainline,,normal,none,commit
BASIC-06,basic_01_06_900_bugcheck_20260605,765,76.49999999999993,B06_CFV,cav,not_applicable,9047.10511545253,3.5,30.042967867323465,0.7918276112233097,lane_1,mainline,,normal,none,commit
BASIC-06,basic_01_06_900_bugcheck_20260605,765,76.49999999999993,B06_TLV_CFV,cav,not_applicable,9089.231484084872,3.5,29.956285090833422,-0.792455049900982,lane_1,mainline,,normal,none,commit
BASIC-06,basic_01_06_900_bugcheck_20260605,765,76.49999999999993,B06_TLV_CLV,cav,not_applicable,9131.620000000015,3.5,29.99999999999956,1.8332002582610585e-13,lane_1,mainline,,normal,none,commit
BASIC-06,basic_01_06_900_bugcheck_20260605,766,76.59999999999992,B06_MV,cav,not_applicable,7245.999984982673,-3.5,3.6777426954184774e-06,4.0,on_ramp,on_ramp_mv,,normal,not_started,commit
BASIC-06,basic_01_06_900_bugcheck_20260605,766,76.59999999999992,B06_CLV,cav,not_applicable,9141.000000000005,0.0,29.999999999999744,1.0658141036401503e-13,lane_2,mainline,,normal,none,commit
BASIC-06,basic_01_06_900_bugcheck_20260605,766,76.59999999999992,B06_CFV,cav,not_applicable,9050.1049817379,3.5,29.99866285369628,-0.44305013627183754,lane_1,mainline,,normal,none,commit
BASIC-06,basic_01_06_900_bugcheck_20260605,766,76.59999999999992,B06_TLV_CFV,cav,not_applicable,9092.227901598093,3.5,29.96417513220516,0.07890041371737844,lane_1,mainline,,normal,none,commit
BASIC-06,basic_01_06_900_bugcheck_20260605,766,76.59999999999992,B06_TLV_CLV,cav,not_applicable,9134.620000000015,3.5,29.999999999999577,1.7621459846850485e-13,lane_1,mainline,,normal,none,commit
BASIC-06,basic_01_06_900_bugcheck_20260605,767,76.69999999999992,B06_MV,cav,not_applicable,7245.999985341656,-3.5,3.589827848316518e-06,4.0,on_ramp,on_ramp_mv,,normal,not_started,commit
BASIC-06,basic_01_06_900_bugcheck_20260605,767,76.69999999999992,B06_CLV,cav,not_applicable,9144.000000000005,0.0,29.999999999999755,1.0231815394945443e-13,lane_2,mainline,,normal,none,commit
BASIC-06,basic_01_06_900_bugcheck_20260605,767,76.69999999999992,B06_CFV,cav,not_applicable,9053.108495794882,3.5,30.035140569819493,0.364777161232133,lane_1,mainline,,normal,none,commit
BASIC-06,basic_01_06_900_bugcheck_20260605,767,76.69999999999992,B06_TLV_CFV,cav,not_applicable,9095.232237387425,3.5,30.043357893327492,0.7918276112233097,lane_1,mainline,,normal,none,commit
BASIC-06,basic_01_06_900_bugcheck_20260605,767,76.69999999999992,B06_TLV_CLV,cav,not_applicable,9137.620000000015,3.5,29.999999999999595,1.6910917111090385e-13,lane_1,mainline,,normal,none,commit
BASIC-06,basic_01_06_900_bugcheck_20260605,768,76.79999999999991,B06_MV,cav,not_applicable,7245.999985692057,-3.5,3.5040144941767013e-06,4.0,on_ramp,on_ramp_mv,,normal,not_started,commit
BASIC-06,basic_01_06_900_bugcheck_20260605,768,76.79999999999991,B06_CLV,cav,not_applicable,9147.000000000005,0.0,29.999999999999766,9.805489753489383e-14,lane_2,mainline,,normal,none,commit
BASIC-06,basic_01_06_900_bugcheck_20260605,768,76.79999999999991,B06_CFV,cav,not_applicable,9056.104085301366,3.5,29.955895064829395,-0.792455049900982,lane_1,mainline,,normal,none,commit
BASIC-06,basic_01_06_900_bugcheck_20260605,768,76.79999999999991,B06_TLV_CFV,cav,not_applicable,9098.232142675395,3.5,29.999052879700308,-0.44305013627183754,lane_1,mainline,,normal,none,commit
BASIC-06,basic_01_06_900_bugcheck_20260605,768,76.79999999999991,B06_TLV_CLV,cav,not_applicable,9140.620000000015,3.5,29.999999999999613,1.6200374375330285e-13,lane_1,mainline,,normal,none,commit
BASIC-06,basic_01_06_900_bugcheck_20260605,769,76.8999999999999,B06_MV,cav,not_applicable,7245.999986034082,-3.5,3.420252628510998e-06,4.0,on_ramp,on_ramp_mv,,normal,not_started,commit
BASIC-06,basic_01_06_900_bugcheck_20260605,769,76.8999999999999,B06_CLV,cav,not_applicable,9150.000000000005,0.0,29.999999999999776,9.379164112033323e-14,lane_2,mainline,,normal,none,commit
BASIC-06,basic_01_06_900_bugcheck_20260605,769,76.8999999999999,B06_CFV,cav,not_applicable,9059.100463811985,3.5,29.963785106201133,0.07890041371737844,lane_1,mainline,,normal,none,commit
BASIC-06,basic_01_06_900_bugcheck_20260605,769,76.8999999999999,B06_TLV_CFV,cav,not_applicable,9101.235695734977,3.5,30.03553059582352,0.364777161232133,lane_1,mainline,,normal,none,commit
BASIC-06,basic_01_06_900_bugcheck_20260605,769,76.8999999999999,B06_TLV_CLV,cav,not_applicable,9143.620000000015,3.5,29.999999999999627,1.5489831639570185e-13,lane_1,mainline,,normal,none,commit
BASIC-06,basic_01_06_900_bugcheck_20260605,770,76.9999999999999,B06_MV,cav,not_applicable,7245.999986367931,-3.5,3.3384928990638304e-06,4.0,on_ramp,on_ramp_mv,,normal,not_started,commit
BASIC-06,basic_01_06_900_bugcheck_20260605,770,76.9999999999999,B06_CLV,cav,not_applicable,9153.000000000005,0.0,29.999999999999787,8.952838470577263e-14,lane_2,mainline,,normal,none,commit
BASIC-06,basic_01_06_900_bugcheck_20260605,770,76.9999999999999,B06_CFV,cav,not_applicable,9062.104760598717,3.5,30.042967867323465,0.7918276112233097,lane_1,mainline,,normal,none,commit
BASIC-06,basic_01_06_900_bugcheck_20260605,770,76.9999999999999,B06_TLV_CFV,cav,not_applicable,9104.23132424406,3.5,29.956285090833422,-0.792455049900982,lane_1,mainline,,normal,none,commit
BASIC-06,basic_01_06_900_bugcheck_20260605,770,76.9999999999999,B06_TLV_CLV,cav,not_applicable,9146.620000000015,3.5,29.99999999999964,1.4921397450962104e-13,lane_1,mainline,,normal,none,commit
BASIC-06,basic_01_06_900_bugcheck_20260605,771,77.0999999999999,B06_MV,cav,not_applicable,7245.999986693801,-3.5,3.258687692866163e-06,4.0,on_ramp,on_ramp_mv,,normal,not_started,commit
BASIC-06,basic_01_06_900_bugcheck_20260605,771,77.0999999999999,B06_CLV,cav,not_applicable,9156.000000000005,0.0,29.999999999999794,8.526512829121202e-14,lane_2,mainline,,normal,none,commit
BASIC-06,basic_01_06_900_bugcheck_20260605,771,77.0999999999999,B06_CFV,cav,not_applicable,9065.104626884087,3.5,29.99866285369628,-0.44305013627183754,lane_1,mainline,,normal,none,commit
BASIC-06,basic_01_06_900_bugcheck_20260605,771,77.0999999999999,B06_TLV_CFV,cav,not_applicable,9107.22774175728,3.5,29.96417513220516,0.07890041371737844,lane_1,mainline,,normal,none,commit
BASIC-06,basic_01_06_900_bugcheck_20260605,771,77.0999999999999,B06_TLV_CLV,cav,not_applicable,9149.620000000015,3.5,29.999999999999655,1.4352963262354026e-13,lane_1,mainline,,normal,none,commit
BASIC-06,basic_01_06_900_bugcheck_20260605,772,77.19999999999989,B06_MV,cav,not_applicable,7245.99998701188,-3.5,3.1807900491814102e-06,4.0,on_ramp,on_ramp_mv,,normal,not_started,commit
BASIC-06,basic_01_06_900_bugcheck_20260605,772,77.19999999999989,B06_CLV,cav,not_applicable,9159.000000000005,0.0,29.9999999999998,8.242295734817163e-14,lane_2,mainline,,normal,none,commit
BASIC-06,basic_01_06_900_bugcheck_20260605,772,77.19999999999989,B06_CFV,cav,not_applicable,9068.108140941069,3.5,30.035140569819493,0.364777161232133,lane_1,mainline,,normal,none,commit
BASIC-06,basic_01_06_900_bugcheck_20260605,772,77.19999999999989,B06_TLV_CFV,cav,not_applicable,9110.232077546612,3.5,30.043357893327492,0.7918276112233097,lane_1,mainline,,normal,none,commit
BASIC-06,basic_01_06_900_bugcheck_20260605,772,77.19999999999989,B06_TLV_CLV,cav,not_applicable,9152.620000000015,3.5,29.99999999999967,1.3784529073745945e-13,lane_1,mainline,,normal,none,commit
BASIC-06,basic_01_06_900_bugcheck_20260605,773,77.29999999999988,B06_MV,cav,not_applicable,7245.999987322355,-3.5,3.1047545291487115e-06,4.0,on_ramp,on_ramp_mv,,normal,not_started,commit
BASIC-06,basic_01_06_900_bugcheck_20260605,773,77.29999999999988,B06_CLV,cav,not_applicable,9162.000000000005,0.0,29.999999999999808,7.958078640513123e-14,lane_2,mainline,,normal,none,commit
BASIC-06,basic_01_06_900_bugcheck_20260605,773,77.29999999999988,B06_CFV,cav,not_applicable,9071.103730447552,3.5,29.955895064829395,-0.792455049900982,lane_1,mainline,,normal,none,commit
BASIC-06,basic_01_06_900_bugcheck_20260605,773,77.29999999999988,B06_TLV_CFV,cav,not_applicable,9113.231982834583,3.5,29.999052879700308,-0.44305013627183754,lane_1,mainline,,normal,none,commit
BASIC-06,basic_01_06_900_bugcheck_20260605,773,77.29999999999988,B06_TLV_CLV,cav,not_applicable,9155.620000000015,3.5,29.999999999999684,1.3216094885137864e-13,lane_1,mainline,,normal,none,commit
BASIC-06,basic_01_06_900_bugcheck_20260605,774,77.39999999999988,B06_MV,cav,not_applicable,7245.999987625409,-3.5,3.0305367809612927e-06,4.0,on_ramp,on_ramp_mv,,normal,not_started,commit
BASIC-06,basic_01_06_900_bugcheck_20260605,774,77.39999999999988,B06_CLV,cav,not_applicable,9165.000000000005,0.0,29.999999999999815,7.673861546209083e-14,lane_2,mainline,,normal,none,commit
BASIC-06,basic_01_06_900_bugcheck_20260605,774,77.39999999999988,B06_CFV,cav,not_applicable,9074.100108958171,3.5,29.963785106201133,0.07890041371737844,lane_1,mainline,,normal,none,commit
BASIC-06,basic_01_06_900_bugcheck_20260605,774,77.39999999999988,B06_TLV_CFV,cav,not_applicable,9116.235535894164,3.5,30.03553059582352,0.364777161232133,lane_1,mainline,,normal,none,commit
BASIC-06,basic_01_06_900_bugcheck_20260605,774,77.39999999999988,B06_TLV_CLV,cav,not_applicable,9158.620000000015,3.5,29.999999999999698,1.2647660696529784e-13,lane_1,mainline,,normal,none,commit
BASIC-06,basic_01_06_900_bugcheck_20260605,775,77.49999999999987,B06_MV,cav,not_applicable,7245.999987921218,-3.5,2.958093105044832e-06,4.0,on_ramp,on_ramp_mv,,normal,not_started,commit
BASIC-06,basic_01_06_900_bugcheck_20260605,775,77.49999999999987,B06_CLV,cav,not_applicable,9168.000000000005,0.0,29.999999999999822,7.389644451905042e-14,lane_2,mainline,,normal,none,commit
BASIC-06,basic_01_06_900_bugcheck_20260605,775,77.49999999999987,B06_CFV,cav,not_applicable,9077.104405744903,3.5,30.042967867323465,0.7918276112233097,lane_1,mainline,,normal,none,commit
BASIC-06,basic_01_06_900_bugcheck_20260605,775,77.49999999999987,B06_TLV_CFV,cav,not_applicable,9119.231164403247,3.5,29.956285090833422,-0.792455049900982,lane_1,mainline,,normal,none,commit
BASIC-06,basic_01_06_900_bugcheck_20260605,775,77.49999999999987,B06_TLV_CLV,cav,not_applicable,9161.620000000015,3.5,29.99999999999971,1.2079226507921703e-13,lane_1,mainline,,normal,none,commit
BASIC-06,basic_01_06_900_bugcheck_20260605,776,77.59999999999987,B06_MV,cav,not_applicable,7245.999988209956,-3.5,2.8873811062899135e-06,4.0,on_ramp,on_ramp_mv,,normal,not_started,commit
BASIC-06,basic_01_06_900_bugcheck_20260605,776,77.59999999999987,B06_CLV,cav,not_applicable,9171.000000000005,0.0,29.99999999999983,7.105427357601002e-14,lane_2,mainline,,normal,none,commit
BASIC-06,basic_01_06_900_bugcheck_20260605,776,77.59999999999987,B06_CFV,cav,not_applicable,9080.104272030274,3.5,29.99866285369628,-0.44305013627183754,lane_1,mainline,,normal,none,commit
BASIC-06,basic_01_06_900_bugcheck_20260605,776,77.59999999999987,B06_TLV_CFV,cav,not_applicable,9122.227581916468,3.5,29.96417513220516,0.07890041371737844,lane_1,mainline,,normal,none,commit
BASIC-06,basic_01_06_900_bugcheck_20260605,776,77.59999999999987,B06_TLV_CLV,cav,not_applicable,9164.620000000015,3.5,29.99999999999972,1.1652900866465645e-13,lane_1,mainline,,normal,none,commit
BASIC-06,basic_01_06_900_bugcheck_20260605,777,77.69999999999986,B06_MV,cav,not_applicable,7245.9999884917925,-3.5,2.8183594766412085e-06,4.0,on_ramp,on_ramp_mv,,normal,not_started,commit
BASIC-06,basic_01_06_900_bugcheck_20260605,777,77.69999999999986,B06_CLV,cav,not_applicable,9174.000000000005,0.0,29.999999999999837,6.821210263296963e-14,lane_2,mainline,,normal,none,commit
BASIC-06,basic_01_06_900_bugcheck_20260605,777,77.69999999999986,B06_CFV,cav,not_applicable,9083.107786087256,3.5,30.035140569819493,0.364777161232133,lane_1,mainline,,normal,none,commit
BASIC-06,basic_01_06_900_bugcheck_20260605,777,77.69999999999986,B06_TLV_CFV,cav,not_applicable,9125.2319177058,3.5,30.043357893327492,0.7918276112233097,lane_1,mainline,,normal,none,commit
BASIC-06,basic_01_06_900_bugcheck_20260605,777,77.69999999999986,B06_TLV_CLV,cav,not_applicable,9167.620000000015,3.5,29.99999999999973,1.1226575225009583e-13,lane_1,mainline,,normal,none,commit
BASIC-06,basic_01_06_900_bugcheck_20260605,778,77.79999999999986,B06_MV,cav,not_applicable,7245.999988766891,-3.5,2.7509877776866583e-06,4.0,on_ramp,on_ramp_mv,,normal,not_started,commit
BASIC-06,basic_01_06_900_bugcheck_20260605,778,77.79999999999986,B06_CLV,cav,not_applicable,9177.000000000005,0.0,29.999999999999844,6.536993168992922e-14,lane_2,mainline,,normal,none,commit
BASIC-06,basic_01_06_900_bugcheck_20260605,778,77.79999999999986,B06_CFV,cav,not_applicable,9086.103375593739,3.5,29.955895064829395,-0.792455049900982,lane_1,mainline,,normal,none,commit
BASIC-06,basic_01_06_900_bugcheck_20260605,778,77.79999999999986,B06_TLV_CFV,cav,not_applicable,9128.23182299377,3.5,29.999052879700308,-0.44305013627183754,lane_1,mainline,,normal,none,commit
BASIC-06,basic_01_06_900_bugcheck_20260605,778,77.79999999999986,B06_TLV_CLV,cav,not_applicable,9170.620000000015,3.5,29.99999999999974,1.0800249583553524e-13,lane_1,mainline,,normal,none,commit
BASIC-06,basic_01_06_900_bugcheck_20260605,779,77.89999999999985,B06_MV,cav,not_applicable,7245.999989035414,-3.5,2.685226658068292e-06,4.0,on_ramp,on_ramp_mv,,normal,not_started,commit
BASIC-06,basic_01_06_900_bugcheck_20260605,779,77.89999999999985,B06_CLV,cav,not_applicable,9180.000000000005,0.0,29.99999999999985,6.252776074688882e-14,lane_2,mainline,,normal,none,commit
BASIC-06,basic_01_06_900_bugcheck_20260605,779,77.89999999999985,B06_CFV,cav,not_applicable,9089.099754104358,3.5,29.963785106201133,0.07890041371737844,lane_1,mainline,,normal,none,commit
BASIC-06,basic_01_06_900_bugcheck_20260605,779,77.89999999999985,B06_TLV_CFV,cav,not_applicable,9131.235376053352,3.5,30.03553059582352,0.364777161232133,lane_1,mainline,,normal,none,commit
BASIC-06,basic_01_06_900_bugcheck_20260605,779,77.89999999999985,B06_TLV_CLV,cav,not_applicable,9173.620000000015,3.5,29.99999999999975,1.0373923942097464e-13,lane_1,mainline,,normal,none,commit
BASIC-06,basic_01_06_900_bugcheck_20260605,780,77.99999999999984,B06_MV,cav,not_applicable,7245.9999892975175,-3.5,2.621037418660591e-06,4.0,on_ramp,on_ramp_mv,,normal,not_started,commit
BASIC-06,basic_01_06_900_bugcheck_20260605,780,77.99999999999984,B06_CLV,cav,not_applicable,9183.000000000005,0.0,29.999999999999858,5.968558980384842e-14,lane_2,mainline,,normal,none,commit
BASIC-06,basic_01_06_900_bugcheck_20260605,780,77.99999999999984,B06_CFV,cav,not_applicable,9092.10405089109,3.5,30.042967867323465,0.7918276112233097,lane_1,mainline,,normal,none,commit
BASIC-06,basic_01_06_900_bugcheck_20260605,780,77.99999999999984,B06_TLV_CFV,cav,not_applicable,9134.231004562434,3.5,29.956285090833422,-0.792455049900982,lane_1,mainline,,normal,none,commit
BASIC-06,basic_01_06_900_bugcheck_20260605,780,77.99999999999984,B06_TLV_CLV,cav,not_applicable,9176.620000000015,3.5,29.999999999999762,9.947598300641403e-14,lane_1,mainline,,normal,none,commit
BASIC-06,basic_01_06_900_bugcheck_20260605,781,78.09999999999984,B06_MV,cav,not_applicable,7245.999989553356,-3.5,2.5583826648029416e-06,4.0,on_ramp,on_ramp_mv,,normal,not_started,commit
BASIC-06,basic_01_06_900_bugcheck_20260605,781,78.09999999999984,B06_CLV,cav,not_applicable,9186.000000000005,0.0,29.999999999999865,5.684341886080802e-14,lane_2,mainline,,normal,none,commit
BASIC-06,basic_01_06_900_bugcheck_20260605,781,78.09999999999984,B06_CFV,cav,not_applicable,9095.10391717646,3.5,29.99866285369628,-0.44305013627183754,lane_1,mainline,,normal,none,commit
BASIC-06,basic_01_06_900_bugcheck_20260605,781,78.09999999999984,B06_TLV_CFV,cav,not_applicable,9137.227422075655,3.5,29.96417513220516,0.07890041371737844,lane_1,mainline,,normal,none,commit
BASIC-06,basic_01_06_900_bugcheck_20260605,781,78.09999999999984,B06_TLV_CLV,cav,not_applicable,9179.620000000015,3.5,29.999999999999773,9.521272659185343e-14,lane_1,mainline,,normal,none,commit
BASIC-06,basic_01_06_900_bugcheck_20260605,782,78.19999999999983,B06_MV,cav,not_applicable,7245.999989803078,-3.5,2.497225654067184e-06,4.0,on_ramp,on_ramp_mv,,normal,not_started,commit
BASIC-06,basic_01_06_900_bugcheck_20260605,782,78.19999999999983,B06_CLV,cav,not_applicable,9189.000000000005,0.0,29.999999999999872,5.400124791776762e-14,lane_2,mainline,,normal,none,commit
BASIC-06,basic_01_06_900_bugcheck_20260605,782,78.19999999999983,B06_CFV,cav,not_applicable,9098.107431233442,3.5,30.035140569819493,0.364777161232133,lane_1,mainline,,normal,none,commit
BASIC-06,basic_01_06_900_bugcheck_20260605,782,78.19999999999983,B06_TLV_CFV,cav,not_applicable,9140.231757864987,3.5,30.043357893327492,0.7918276112233097,lane_1,mainline,,normal,none,commit
BASIC-06,basic_01_06_900_bugcheck_20260605,782,78.19999999999983,B06_TLV_CLV,cav,not_applicable,9182.620000000015,3.5,29.999999999999783,9.094947017729283e-14,lane_1,mainline,,normal,none,commit
BASIC-06,basic_01_06_900_bugcheck_20260605,783,78.29999999999983,B06_MV,cav,not_applicable,7245.999990046831,-3.5,2.4375305136684267e-06,4.0,on_ramp,on_ramp_mv,,normal,not_started,commit
BASIC-06,basic_01_06_900_bugcheck_20260605,783,78.29999999999983,B06_CLV,cav,not_applicable,9192.000000000005,0.0,29.999999999999876,5.1159076974727215e-14,lane_2,mainline,,normal,none,commit
BASIC-06,basic_01_06_900_bugcheck_20260605,783,78.29999999999983,B06_CFV,cav,not_applicable,9101.103020739925,3.5,29.955895064829395,-0.792455049900982,lane_1,mainline,,normal,none,commit
BASIC-06,basic_01_06_900_bugcheck_20260605,783,78.29999999999983,B06_TLV_CFV,cav,not_applicable,9143.231663152957,3.5,29.999052879700308,-0.44305013627183754,lane_1,mainline,,normal,none,commit
BASIC-06,basic_01_06_900_bugcheck_20260605,783,78.29999999999983,B06_TLV_CLV,cav,not_applicable,9185.620000000015,3.5,29.99999999999979,8.668621376273223e-14,lane_1,mainline,,normal,none,commit
BASIC-06,basic_01_06_900_bugcheck_20260605,784,78.39999999999982,B06_MV,cav,not_applicable,7245.999990284758,-3.5,2.3792624578758667e-06,4.0,on_ramp,on_ramp_mv,,normal,not_started,commit
BASIC-06,basic_01_06_900_bugcheck_20260605,784,78.39999999999982,B06_CLV,cav,not_applicable,9195.000000000005,0.0,29.99999999999988,4.973799150320701e-14,lane_2,mainline,,normal,none,commit
BASIC-06,basic_01_06_900_bugcheck_20260605,784,78.39999999999982,B06_CFV,cav,not_applicable,9104.099399250545,3.5,29.963785106201133,0.07890041371737844,lane_1,mainline,,normal,none,commit
BASIC-06,basic_01_06_900_bugcheck_20260605,784,78.39999999999982,B06_TLV_CFV,cav,not_applicable,9146.235216212539,3.5,30.03553059582352,0.364777161232133,lane_1,mainline,,normal,none,commit
BASIC-06,basic_01_06_900_bugcheck_20260605,784,78.39999999999982,B06_TLV_CLV,cav,not_applicable,9188.620000000015,3.5,29.999999999999797,8.384404281969183e-14,lane_1,mainline,,normal,none,commit
BASIC-06,basic_01_06_900_bugcheck_20260605,785,78.49999999999982,B06_MV,cav,not_applicable,7245.999990516996,-3.5,2.3223871357803363e-06,4.0,on_ramp,on_ramp_mv,,normal,not_started,commit
BASIC-06,basic_01_06_900_bugcheck_20260605,785,78.49999999999982,B06_CLV,cav,not_applicable,9198.000000000005,0.0,29.999999999999883,4.831690603168682e-14,lane_2,mainline,,normal,none,commit
BASIC-06,basic_01_06_900_bugcheck_20260605,785,78.49999999999982,B06_CFV,cav,not_applicable,9107.103696037277,3.5,30.042967867323465,0.7918276112233097,lane_1,mainline,,normal,none,commit
BASIC-06,basic_01_06_900_bugcheck_20260605,785,78.49999999999982,B06_TLV_CFV,cav,not_applicable,9149.230844721622,3.5,29.956285090833422,-0.792455049900982,lane_1,mainline,,normal,none,commit
BASIC-06,basic_01_06_900_bugcheck_20260605,785,78.49999999999982,B06_TLV_CLV,cav,not_applicable,9191.620000000015,3.5,29.999999999999805,8.100187187665142e-14,lane_1,mainline,,normal,none,commit
BASIC-06,basic_01_06_900_bugcheck_20260605,786,78.59999999999981,B06_MV,cav,not_applicable,7245.999990743683,-3.5,2.266871500937572e-06,4.0,on_ramp,on_ramp_mv,,normal,not_started,commit
BASIC-06,basic_01_06_900_bugcheck_20260605,786,78.59999999999981,B06_CLV,cav,not_applicable,9201.000000000005,0.0,29.999999999999886,4.6895820560166616e-14,lane_2,mainline,,normal,none,commit
BASIC-06,basic_01_06_900_bugcheck_20260605,786,78.59999999999981,B06_CFV,cav,not_applicable,9110.103562322647,3.5,29.99866285369628,-0.44305013627183754,lane_1,mainline,,normal,none,commit
BASIC-06,basic_01_06_900_bugcheck_20260605,786,78.59999999999981,B06_TLV_CFV,cav,not_applicable,9152.227262234843,3.5,29.96417513220516,0.07890041371737844,lane_1,mainline,,normal,none,commit
BASIC-06,basic_01_06_900_bugcheck_20260605,786,78.59999999999981,B06_TLV_CLV,cav,not_applicable,9194.620000000015,3.5,29.99999999999981,7.815970093361102e-14,lane_1,mainline,,normal,none,commit
BASIC-06,basic_01_06_900_bugcheck_20260605,787,78.6999999999998,B06_MV,cav,not_applicable,7245.999990964951,-3.5,2.2126829417249466e-06,4.0,on_ramp,on_ramp_mv,,normal,not_started,commit
BASIC-06,basic_01_06_900_bugcheck_20260605,787,78.6999999999998,B06_CLV,cav,not_applicable,9204.000000000005,0.0,29.99999999999989,4.5474735088646414e-14,lane_2,mainline,,normal,none,commit
BASIC-06,basic_01_06_900_bugcheck_20260605,787,78.6999999999998,B06_CFV,cav,not_applicable,9113.107076379629,3.5,30.035140569819493,0.364777161232133,lane_1,mainline,,normal,none,commit
BASIC-06,basic_01_06_900_bugcheck_20260605,787,78.6999999999998,B06_TLV_CFV,cav,not_applicable,9155.231598024175,3.5,30.043357893327492,0.7918276112233097,lane_1,mainline,,normal,none,commit
BASIC-06,basic_01_06_900_bugcheck_20260605,787,78.6999999999998,B06_TLV_CLV,cav,not_applicable,9197.620000000015,3.5,29.99999999999982,7.531752999057063e-14,lane_1,mainline,,normal,none,commit
BASIC-06,basic_01_06_900_bugcheck_20260605,788,78.7999999999998,B06_MV,cav,not_applicable,7245.99999118093,-3.5,2.1597897161631013e-06,4.0,on_ramp,on_ramp_mv,,normal,not_started,commit
BASIC-06,basic_01_06_900_bugcheck_20260605,788,78.7999999999998,B06_CLV,cav,not_applicable,9207.000000000005,0.0,29.999999999999893,4.405364961712621e-14,lane_2,mainline,,normal,none,commit
BASIC-06,basic_01_06_900_bugcheck_20260605,788,78.7999999999998,B06_CFV,cav,not_applicable,9116.102665886112,3.5,29.955895064829395,-0.792455049900982,lane_1,mainline,,normal,none,commit
BASIC-06,basic_01_06_900_bugcheck_20260605,788,78.7999999999998,B06_TLV_CFV,cav,not_applicable,9158.231503312145,3.5,29.999052879700308,-0.44305013627183754,lane_1,mainline,,normal,none,commit
BASIC-06,basic_01_06_900_bugcheck_20260605,788,78.7999999999998,B06_TLV_CLV,cav,not_applicable,9200.620000000015,3.5,29.999999999999826,7.247535904753023e-14,lane_1,mainline,,normal,none,commit
BASIC-06,basic_01_06_900_bugcheck_20260605,789,78.89999999999979,B06_MV,cav,not_applicable,7245.999991391746,-3.5,2.1081609519159496e-06,4.0,on_ramp,on_ramp_mv,,normal,not_started,commit
BASIC-06,basic_01_06_900_bugcheck_20260605,789,78.89999999999979,B06_CLV,cav,not_applicable,9210.000000000005,0.0,29.999999999999897,4.263256414560601e-14,lane_2,mainline,,normal,none,commit
BASIC-06,basic_01_06_900_bugcheck_20260605,789,78.89999999999979,B06_CFV,cav,not_applicable,9119.099044396731,3.5,29.963785106201133,0.07890041371737844,lane_1,mainline,,normal,none,commit
BASIC-06,basic_01_06_900_bugcheck_20260605,789,78.89999999999979,B06_TLV_CFV,cav,not_applicable,9161.235056371726,3.5,30.03553059582352,0.364777161232133,lane_1,mainline,,normal,none,commit
BASIC-06,basic_01_06_900_bugcheck_20260605,789,78.89999999999979,B06_TLV_CLV,cav,not_applicable,9203.620000000015,3.5,29.999999999999833,6.963318810448982e-14,lane_1,mainline,,normal,none,commit
BASIC-06,basic_01_06_900_bugcheck_20260605,790,78.99999999999979,B06_MV,cav,not_applicable,7245.999991597523,-3.5,2.0577662114690377e-06,4.0,on_ramp,on_ramp_mv,,normal,not_started,commit
BASIC-06,basic_01_06_900_bugcheck_20260605,790,78.99999999999979,B06_CLV,cav,not_applicable,9213.000000000005,0.0,29.9999999999999,4.1211478674085816e-14,lane_2,mainline,,normal,none,commit
BASIC-06,basic_01_06_900_bugcheck_20260605,790,78.99999999999979,B06_CFV,cav,not_applicable,9122.103341183463,3.5,30.042967867323465,0.7918276112233097,lane_1,mainline,,normal,none,commit
BASIC-06,basic_01_06_900_bugcheck_20260605,790,78.99999999999979,B06_TLV_CFV,cav,not_applicable,9164.23068488081,3.5,29.956285090833422,-0.792455049900982,lane_1,mainline,,normal,none,commit
BASIC-06,basic_01_06_900_bugcheck_20260605,790,78.99999999999979,B06_TLV_CLV,cav,not_applicable,9206.620000000015,3.5,29.99999999999984,6.679101716144942e-14,lane_1,mainline,,normal,none,commit
BASIC-06,basic_01_06_900_bugcheck_20260605,791,79.09999999999978,B06_MV,cav,not_applicable,7245.9999917983805,-3.5,2.0085761443620007e-06,4.0,on_ramp,on_ramp_mv,,normal,not_started,commit
BASIC-06,basic_01_06_900_bugcheck_20260605,791,79.09999999999978,B06_CLV,cav,not_applicable,9216.000000000005,0.0,29.999999999999904,3.9790393202565614e-14,lane_2,mainline,,normal,none,commit
BASIC-06,basic_01_06_900_bugcheck_20260605,791,79.09999999999978,B06_CFV,cav,not_applicable,9125.103207468834,3.5,29.99866285369628,-0.44305013627183754,lane_1,mainline,,normal,none,commit
BASIC-06,basic_01_06_900_bugcheck_20260605,791,79.09999999999978,B06_TLV_CFV,cav,not_applicable,9167.22710239403,3.5,29.96417513220516,0.07890041371737844,lane_1,mainline,,normal,none,commit
BASIC-06,basic_01_06_900_bugcheck_20260605,791,79.09999999999978,B06_TLV_CLV,cav,not_applicable,9209.620000000015,3.5,29.999999999999847,6.394884621840902e-14,lane_1,mainline,,normal,none,commit
BASIC-06,basic_01_06_900_bugcheck_20260605,792,79.19999999999978,B06_MV,cav,not_applicable,7245.999991994437,-3.5,1.960562052366926e-06,4.0,on_ramp,on_ramp_mv,,normal,not_started,commit
BASIC-06,basic_01_06_900_bugcheck_20260605,792,79.19999999999978,B06_CLV,cav,not_applicable,9219.000000000005,0.0,29.999999999999908,3.836930773104541e-14,lane_2,mainline,,normal,none,commit
BASIC-06,basic_01_06_900_bugcheck_20260605,792,79.19999999999978,B06_CFV,cav,not_applicable,9128.106721525815,3.5,30.035140569819493,0.364777161232133,lane_1,mainline,,normal,none,commit
BASIC-06,basic_01_06_900_bugcheck_20260605,792,79.19999999999978,B06_TLV_CFV,cav,not_applicable,9170.231438183362,3.5,30.043357893327492,0.7918276112233097,lane_1,mainline,,normal,none,commit
BASIC-06,basic_01_06_900_bugcheck_20260605,792,79.19999999999978,B06_TLV_CLV,cav,not_applicable,9212.620000000015,3.5,29.999999999999854,6.110667527536861e-14,lane_1,mainline,,normal,none,commit
BASIC-06,basic_01_06_900_bugcheck_20260605,793,79.29999999999977,B06_MV,cav,not_applicable,7245.999992185806,-3.5,1.913695672077537e-06,4.0,on_ramp,on_ramp_mv,,normal,not_started,commit
BASIC-06,basic_01_06_900_bugcheck_20260605,793,79.29999999999977,B06_CLV,cav,not_applicable,9222.000000000005,0.0,29.99999999999991,3.694822225952521e-14,lane_2,mainline,,normal,none,commit
BASIC-06,basic_01_06_900_bugcheck_20260605,793,79.29999999999977,B06_CFV,cav,not_applicable,9131.102311032299,3.5,29.955895064829395,-0.792455049900982,lane_1,mainline,,normal,none,commit
BASIC-06,basic_01_06_900_bugcheck_20260605,793,79.29999999999977,B06_TLV_CFV,cav,not_applicable,9173.231343471332,3.5,29.999052879700308,-0.44305013627183754,lane_1,mainline,,normal,none,commit
BASIC-06,basic_01_06_900_bugcheck_20260605,793,79.29999999999977,B06_TLV_CLV,cav,not_applicable,9215.620000000015,3.5,29.99999999999986,5.826450433232822e-14,lane_1,mainline,,normal,none,commit
BASIC-06,basic_01_06_900_bugcheck_20260605,794,79.39999999999976,B06_MV,cav,not_applicable,7245.999992372601,-3.5,1.867949609730825e-06,4.0,on_ramp,on_ramp_mv,,normal,not_started,commit
BASIC-06,basic_01_06_900_bugcheck_20260605,794,79.39999999999976,B06_CLV,cav,not_applicable,9225.000000000005,0.0,29.999999999999915,3.552713678800501e-14,lane_2,mainline,,normal,none,commit
BASIC-06,basic_01_06_900_bugcheck_20260605,794,79.39999999999976,B06_CFV,cav,not_applicable,9134.098689542918,3.5,29.963785106201133,0.07890041371737844,lane_1,mainline,,normal,none,commit
BASIC-06,basic_01_06_900_bugcheck_20260605,794,79.39999999999976,B06_TLV_CFV,cav,not_applicable,9176.234896530914,3.5,30.03553059582352,0.364777161232133,lane_1,mainline,,normal,none,commit
BASIC-06,basic_01_06_900_bugcheck_20260605,794,79.39999999999976,B06_TLV_CLV,cav,not_applicable,9218.620000000015,3.5,29.99999999999987,5.542233338928782e-14,lane_1,mainline,,normal,none,commit
BASIC-06,basic_01_06_900_bugcheck_20260605,795,79.49999999999976,B06_MV,cav,not_applicable,7245.999992554931,-3.5,1.8232971237962358e-06,4.0,on_ramp,on_ramp_mv,,normal,not_started,commit
BASIC-06,basic_01_06_900_bugcheck_20260605,795,79.49999999999976,B06_CLV,cav,not_applicable,9228.000000000005,0.0,29.99999999999992,3.4106051316484814e-14,lane_2,mainline,,normal,none,commit
BASIC-06,basic_01_06_900_bugcheck_20260605,795,79.49999999999976,B06_CFV,cav,not_applicable,9137.10298632965,3.5,30.042967867323465,0.7918276112233097,lane_1,mainline,,normal,none,commit
BASIC-06,basic_01_06_900_bugcheck_20260605,795,79.49999999999976,B06_TLV_CFV,cav,not_applicable,9179.230525039997,3.5,29.956285090833422,-0.792455049900982,lane_1,mainline,,normal,none,commit
BASIC-06,basic_01_06_900_bugcheck_20260605,795,79.49999999999976,B06_TLV_CLV,cav,not_applicable,9221.620000000015,3.5,29.999999999999872,5.2580162446247416e-14,lane_1,mainline,,normal,none,commit
BASIC-06,basic_01_06_900_bugcheck_20260605,796,79.59999999999975,B06_MV,cav,not_applicable,7245.999992732902,-3.5,1.7797119075648492e-06,4.0,on_ramp,on_ramp_mv,,normal,not_started,commit
BASIC-06,basic_01_06_900_bugcheck_20260605,796,79.59999999999975,B06_CLV,cav,not_applicable,9231.000000000005,0.0,29.999999999999922,3.268496584496461e-14,lane_2,mainline,,normal,none,commit
BASIC-06,basic_01_06_900_bugcheck_20260605,796,79.59999999999975,B06_CFV,cav,not_applicable,9140.10285261502,3.5,29.99866285369628,-0.44305013627183754,lane_1,mainline,,normal,none,commit
BASIC-06,basic_01_06_900_bugcheck_20260605,796,79.59999999999975,B06_TLV_CFV,cav,not_applicable,9182.226942553218,3.5,29.96417513220516,0.07890041371737844,lane_1,mainline,,normal,none,commit
BASIC-06,basic_01_06_900_bugcheck_20260605,796,79.59999999999975,B06_TLV_CLV,cav,not_applicable,9224.620000000015,3.5,29.999999999999876,5.1159076974727215e-14,lane_1,mainline,,normal,none,commit
BASIC-06,basic_01_06_900_bugcheck_20260605,797,79.69999999999975,B06_MV,cav,not_applicable,7245.999992906619,-3.5,1.7371687413818334e-06,4.0,on_ramp,on_ramp_mv,,normal,not_started,commit
BASIC-06,basic_01_06_900_bugcheck_20260605,797,79.69999999999975,B06_CLV,cav,not_applicable,9234.000000000005,0.0,29.999999999999925,3.126388037344441e-14,lane_2,mainline,,normal,none,commit
BASIC-06,basic_01_06_900_bugcheck_20260605,797,79.69999999999975,B06_CFV,cav,not_applicable,9143.106366672002,3.5,30.035140569819493,0.364777161232133,lane_1,mainline,,normal,none,commit
BASIC-06,basic_01_06_900_bugcheck_20260605,797,79.69999999999975,B06_TLV_CFV,cav,not_applicable,9185.23127834255,3.5,30.043357893327492,0.7918276112233097,lane_1,mainline,,normal,none,commit
BASIC-06,basic_01_06_900_bugcheck_20260605,797,79.69999999999975,B06_TLV_CLV,cav,not_applicable,9227.620000000015,3.5,29.99999999999988,4.973799150320701e-14,lane_1,mainline,,normal,none,commit
BASIC-06,basic_01_06_900_bugcheck_20260605,798,79.79999999999974,B06_MV,cav,not_applicable,7245.999993076183,-3.5,1.6956424055923557e-06,4.0,on_ramp,on_ramp_mv,,normal,not_started,commit
BASIC-06,basic_01_06_900_bugcheck_20260605,798,79.79999999999974,B06_CLV,cav,not_applicable,9237.000000000005,0.0,29.99999999999993,2.984279490192421e-14,lane_2,mainline,,normal,none,commit
BASIC-06,basic_01_06_900_bugcheck_20260605,798,79.79999999999974,B06_CFV,cav,not_applicable,9146.101956178485,3.5,29.955895064829395,-0.792455049900982,lane_1,mainline,,normal,none,commit
BASIC-06,basic_01_06_900_bugcheck_20260605,798,79.79999999999974,B06_TLV_CFV,cav,not_applicable,9188.23118363052,3.5,29.999052879700308,-0.44305013627183754,lane_1,mainline,,normal,none,commit
BASIC-06,basic_01_06_900_bugcheck_20260605,798,79.79999999999974,B06_TLV_CLV,cav,not_applicable,9230.620000000015,3.5,29.999999999999883,4.831690603168682e-14,lane_1,mainline,,normal,none,commit
BASIC-06,basic_01_06_900_bugcheck_20260605,799,79.89999999999974,B06_MV,cav,not_applicable,7245.999993241694,-3.5,1.6551087675956717e-06,4.0,on_ramp,on_ramp_mv,,normal,not_started,commit
BASIC-06,basic_01_06_900_bugcheck_20260605,799,79.89999999999974,B06_CLV,cav,not_applicable,9240.000000000005,0.0,29.999999999999932,2.842170943040401e-14,lane_2,mainline,,normal,none,commit
BASIC-06,basic_01_06_900_bugcheck_20260605,799,79.89999999999974,B06_CFV,cav,not_applicable,9149.098334689104,3.5,29.963785106201133,0.07890041371737844,lane_1,mainline,,normal,none,commit
BASIC-06,basic_01_06_900_bugcheck_20260605,799,79.89999999999974,B06_TLV_CFV,cav,not_applicable,9191.234736690101,3.5,30.03553059582352,0.364777161232133,lane_1,mainline,,normal,none,commit
BASIC-06,basic_01_06_900_bugcheck_20260605,799,79.89999999999974,B06_TLV_CLV,cav,not_applicable,9233.620000000015,3.5,29.999999999999886,4.6895820560166616e-14,lane_1,mainline,,normal,none,commit
BASIC-06,basic_01_06_900_bugcheck_20260605,800,79.99999999999973,B06_MV,cav,not_applicable,7245.9999934032485,-3.5,1.6155441296126718e-06,4.0,on_ramp,on_ramp_mv,,normal,not_started,commit
BASIC-06,basic_01_06_900_bugcheck_20260605,800,79.99999999999973,B06_CLV,cav,not_applicable,9243.000000000005,0.0,29.999999999999936,2.700062395888381e-14,lane_2,mainline,,normal,none,commit
BASIC-06,basic_01_06_900_bugcheck_20260605,800,79.99999999999973,B06_CFV,cav,not_applicable,9152.102631475836,3.5,30.042967867323465,0.7918276112233097,lane_1,mainline,,normal,none,commit
BASIC-06,basic_01_06_900_bugcheck_20260605,800,79.99999999999973,B06_TLV_CFV,cav,not_applicable,9194.230365199184,3.5,29.956285090833422,-0.792455049900982,lane_1,mainline,,normal,none,commit
BASIC-06,basic_01_06_900_bugcheck_20260605,800,79.99999999999973,B06_TLV_CLV,cav,not_applicable,9236.620000000015,3.5,29.99999999999989,4.5474735088646414e-14,lane_1,mainline,,normal,none,commit
BASIC-06,basic_01_06_900_bugcheck_20260605,801,80.09999999999972,B06_MV,cav,not_applicable,7245.999993560941,-3.5,1.5769252286858813e-06,4.0,on_ramp,on_ramp_mv,,normal,not_started,commit
BASIC-06,basic_01_06_900_bugcheck_20260605,801,80.09999999999972,B06_CLV,cav,not_applicable,9246.000000000005,0.0,29.99999999999994,2.5579538487363607e-14,lane_2,mainline,,normal,none,commit
BASIC-06,basic_01_06_900_bugcheck_20260605,801,80.09999999999972,B06_CFV,cav,not_applicable,9155.102497761207,3.5,29.99866285369628,-0.44305013627183754,lane_1,mainline,,normal,none,commit
BASIC-06,basic_01_06_900_bugcheck_20260605,801,80.09999999999972,B06_TLV_CFV,cav,not_applicable,9197.226782712405,3.5,29.96417513220516,0.07890041371737844,lane_1,mainline,,normal,none,commit
BASIC-06,basic_01_06_900_bugcheck_20260605,801,80.09999999999972,B06_TLV_CLV,cav,not_applicable,9239.620000000015,3.5,29.999999999999893,4.405364961712621e-14,lane_1,mainline,,normal,none,commit
BASIC-06,basic_01_06_900_bugcheck_20260605,802,80.19999999999972,B06_MV,cav,not_applicable,7245.999993714864,-3.5,1.5392294540902782e-06,4.0,on_ramp,on_ramp_mv,,normal,not_started,commit
BASIC-06,basic_01_06_900_bugcheck_20260605,802,80.19999999999972,B06_CLV,cav,not_applicable,9249.000000000005,0.0,29.999999999999943,2.415845301584341e-14,lane_2,mainline,,normal,none,commit
BASIC-06,basic_01_06_900_bugcheck_20260605,802,80.19999999999972,B06_CFV,cav,not_applicable,9158.106011818189,3.5,30.035140569819493,0.364777161232133,lane_1,mainline,,normal,none,commit
BASIC-06,basic_01_06_900_bugcheck_20260605,802,80.19999999999972,B06_TLV_CFV,cav,not_applicable,9200.231118501737,3.5,30.043357893327492,0.7918276112233097,lane_1,mainline,,normal,none,commit
BASIC-06,basic_01_06_900_bugcheck_20260605,802,80.19999999999972,B06_TLV_CLV,cav,not_applicable,9242.620000000015,3.5,29.999999999999897,4.263256414560601e-14,lane_1,mainline,,normal,none,commit
BASIC-06,basic_01_06_900_bugcheck_20260605,803,80.29999999999971,B06_MV,cav,not_applicable,7245.999993865107,-3.5,1.502434847333293e-06,4.0,on_ramp,on_ramp_mv,,normal,not_started,commit
BASIC-06,basic_01_06_900_bugcheck_20260605,803,80.29999999999971,B06_CLV,cav,not_applicable,9252.000000000005,0.0,29.999999999999947,2.2737367544323207e-14,lane_2,mainline,,normal,none,commit
BASIC-06,basic_01_06_900_bugcheck_20260605,803,80.29999999999971,B06_CFV,cav,not_applicable,9161.101601324672,3.5,29.955895064829395,-0.792455049900982,lane_1,mainline,,normal,none,commit
BASIC-06,basic_01_06_900_bugcheck_20260605,803,80.29999999999971,B06_TLV_CFV,cav,not_applicable,9203.231023789707,3.5,29.999052879700308,-0.44305013627183754,lane_1,mainline,,normal,none,commit
BASIC-06,basic_01_06_900_bugcheck_20260605,803,80.29999999999971,B06_TLV_CLV,cav,not_applicable,9245.620000000015,3.5,29.9999999999999,4.1211478674085816e-14,lane_1,mainline,,normal,none,commit
BASIC-06,basic_01_06_900_bugcheck_20260605,804,80.39999999999971,B06_MV,cav,not_applicable,7245.99999401176,-3.5,1.4665198847439914e-06,4.0,on_ramp,on_ramp_mv,,normal,not_started,commit
BASIC-06,basic_01_06_900_bugcheck_20260605,804,80.39999999999971,B06_CLV,cav,not_applicable,9255.000000000005,0.0,29.99999999999995,2.1316282072803006e-14,lane_2,mainline,,normal,none,commit
BASIC-06,basic_01_06_900_bugcheck_20260605,804,80.39999999999971,B06_CFV,cav,not_applicable,9164.097979835291,3.5,29.963785106201133,0.07890041371737844,lane_1,mainline,,normal,none,commit
BASIC-06,basic_01_06_900_bugcheck_20260605,804,80.39999999999971,B06_TLV_CFV,cav,not_applicable,9206.234576849289,3.5,30.03553059582352,0.364777161232133,lane_1,mainline,,normal,none,commit
BASIC-06,basic_01_06_900_bugcheck_20260605,804,80.39999999999971,B06_TLV_CLV,cav,not_applicable,9248.620000000015,3.5,29.999999999999904,3.9790393202565614e-14,lane_1,mainline,,normal,none,commit
BASIC-06,basic_01_06_900_bugcheck_20260605,805,80.4999999999997,B06_MV,cav,not_applicable,7245.999994154906,-3.5,1.4314632600622564e-06,4.0,on_ramp,on_ramp_mv,,normal,not_started,commit
BASIC-06,basic_01_06_900_bugcheck_20260605,805,80.4999999999997,B06_CLV,cav,not_applicable,9258.000000000005,0.0,29.999999999999954,1.9895196601282807e-14,lane_2,mainline,,normal,none,commit
BASIC-06,basic_01_06_900_bugcheck_20260605,805,80.4999999999997,B06_CFV,cav,not_applicable,9167.102276622023,3.5,30.042967867323465,0.7918276112233097,lane_1,mainline,,normal,none,commit
BASIC-06,basic_01_06_900_bugcheck_20260605,805,80.4999999999997,B06_TLV_CFV,cav,not_applicable,9209.230205358372,3.5,29.956285090833422,-0.792455049900982,lane_1,mainline,,normal,none,commit
BASIC-06,basic_01_06_900_bugcheck_20260605,805,80.4999999999997,B06_TLV_CLV,cav,not_applicable,9251.620000000015,3.5,29.999999999999908,3.836930773104541e-14,lane_1,mainline,,normal,none,commit
BASIC-06,basic_01_06_900_bugcheck_20260605,806,80.5999999999997,B06_MV,cav,not_applicable,7245.999994294631,-3.5,1.3972447540820587e-06,4.0,on_ramp,on_ramp_mv,,normal,not_started,commit
BASIC-06,basic_01_06_900_bugcheck_20260605,806,80.5999999999997,B06_CLV,cav,not_applicable,9261.000000000005,0.0,29.999999999999957,1.8474111129762605e-14,lane_2,mainline,,normal,none,commit
BASIC-06,basic_01_06_900_bugcheck_20260605,806,80.5999999999997,B06_CFV,cav,not_applicable,9170.102142907393,3.5,29.99866285369628,-0.44305013627183754,lane_1,mainline,,normal,none,commit
BASIC-06,basic_01_06_900_bugcheck_20260605,806,80.5999999999997,B06_TLV_CFV,cav,not_applicable,9212.226622871593,3.5,29.96417513220516,0.07890041371737844,lane_1,mainline,,normal,none,commit
BASIC-06,basic_01_06_900_bugcheck_20260605,806,80.5999999999997,B06_TLV_CLV,cav,not_applicable,9254.620000000015,3.5,29.99999999999991,3.694822225952521e-14,lane_1,mainline,,normal,none,commit
BASIC-06,basic_01_06_900_bugcheck_20260605,807,80.69999999999969,B06_MV,cav,not_applicable,7245.999994431015,-3.5,1.363844147597369e-06,4.0,on_ramp,on_ramp_mv,,normal,not_started,commit
BASIC-06,basic_01_06_900_bugcheck_20260605,807,80.69999999999969,B06_CLV,cav,not_applicable,9264.000000000005,0.0,29.999999999999957,1.7053025658242407e-14,lane_2,mainline,,normal,none,commit
BASIC-06,basic_01_06_900_bugcheck_20260605,807,80.69999999999969,B06_CFV,cav,not_applicable,9173.105656964375,3.5,30.035140569819493,0.364777161232133,lane_1,mainline,,normal,none,commit
BASIC-06,basic_01_06_900_bugcheck_20260605,807,80.69999999999969,B06_TLV_CFV,cav,not_applicable,9215.230958660924,3.5,30.043357893327492,0.7918276112233097,lane_1,mainline,,normal,none,commit
BASIC-06,basic_01_06_900_bugcheck_20260605,807,80.69999999999969,B06_TLV_CLV,cav,not_applicable,9257.620000000015,3.5,29.999999999999915,3.552713678800501e-14,lane_1,mainline,,normal,none,commit
BASIC-06,basic_01_06_900_bugcheck_20260605,808,80.79999999999968,B06_MV,cav,not_applicable,7245.999994564139,-3.5,1.3312420910454282e-06,4.0,on_ramp,on_ramp_mv,,normal,not_started,commit
BASIC-06,basic_01_06_900_bugcheck_20260605,808,80.79999999999968,B06_CLV,cav,not_applicable,9267.000000000005,0.0,29.999999999999957,1.7053025658242407e-14,lane_2,mainline,,normal,none,commit
BASIC-06,basic_01_06_900_bugcheck_20260605,808,80.79999999999968,B06_CFV,cav,not_applicable,9176.101246470858,3.5,29.955895064829395,-0.792455049900982,lane_1,mainline,,normal,none,commit
BASIC-06,basic_01_06_900_bugcheck_20260605,808,80.79999999999968,B06_TLV_CFV,cav,not_applicable,9218.230863948895,3.5,29.999052879700308,-0.44305013627183754,lane_1,mainline,,normal,none,commit
BASIC-06,basic_01_06_900_bugcheck_20260605,808,80.79999999999968,B06_TLV_CLV,cav,not_applicable,9260.620000000015,3.5,29.99999999999992,3.4106051316484814e-14,lane_1,mainline,,normal,none,commit
BASIC-06,basic_01_06_900_bugcheck_20260605,809,80.89999999999968,B06_MV,cav,not_applicable,7245.999994694082,-3.5,1.299419234863477e-06,4.0,on_ramp,on_ramp_mv,,normal,not_started,commit
BASIC-06,basic_01_06_900_bugcheck_20260605,809,80.89999999999968,B06_CLV,cav,not_applicable,9270.000000000005,0.0,29.999999999999957,1.7053025658242407e-14,lane_2,mainline,,normal,none,commit
BASIC-06,basic_01_06_900_bugcheck_20260605,809,80.89999999999968,B06_CFV,cav,not_applicable,9179.097624981478,3.5,29.963785106201133,0.07890041371737844,lane_1,mainline,,normal,none,commit
BASIC-06,basic_01_06_900_bugcheck_20260605,809,80.89999999999968,B06_TLV_CFV,cav,not_applicable,9221.234417008476,3.5,30.03553059582352,0.364777161232133,lane_1,mainline,,normal,none,commit
BASIC-06,basic_01_06_900_bugcheck_20260605,809,80.89999999999968,B06_TLV_CLV,cav,not_applicable,9263.620000000015,3.5,29.999999999999922,3.268496584496461e-14,lane_1,mainline,,normal,none,commit
BASIC-06,basic_01_06_900_bugcheck_20260605,810,80.99999999999967,B06_MV,cav,not_applicable,7245.999994820917,-3.5,1.268357099132026e-06,4.0,on_ramp,on_ramp_mv,,normal,not_started,commit
BASIC-06,basic_01_06_900_bugcheck_20260605,810,80.99999999999967,B06_CLV,cav,not_applicable,9273.000000000005,0.0,29.999999999999957,1.7053025658242407e-14,lane_2,mainline,,normal,none,commit
BASIC-06,basic_01_06_900_bugcheck_20260605,810,80.99999999999967,B06_CFV,cav,not_applicable,9182.10192176821,3.5,30.042967867323465,0.7918276112233097,lane_1,mainline,,normal,none,commit
BASIC-06,basic_01_06_900_bugcheck_20260605,810,80.99999999999967,B06_TLV_CFV,cav,not_applicable,9224.23004551756,3.5,29.956285090833422,-0.792455049900982,lane_1,mainline,,normal,none,commit
BASIC-06,basic_01_06_900_bugcheck_20260605,810,80.99999999999967,B06_TLV_CLV,cav,not_applicable,9266.620000000015,3.5,29.999999999999925,3.126388037344441e-14,lane_1,mainline,,normal,none,commit
BASIC-06,basic_01_06_900_bugcheck_20260605,811,81.09999999999967,B06_MV,cav,not_applicable,7245.999994944721,-3.5,1.2380376387532215e-06,4.0,on_ramp,on_ramp_mv,,normal,not_started,commit
BASIC-06,basic_01_06_900_bugcheck_20260605,811,81.09999999999967,B06_CLV,cav,not_applicable,9276.000000000005,0.0,29.999999999999957,1.7053025658242407e-14,lane_2,mainline,,normal,none,commit
BASIC-06,basic_01_06_900_bugcheck_20260605,811,81.09999999999967,B06_CFV,cav,not_applicable,9185.10178805358,3.5,29.99866285369628,-0.44305013627183754,lane_1,mainline,,normal,none,commit
BASIC-06,basic_01_06_900_bugcheck_20260605,811,81.09999999999967,B06_TLV_CFV,cav,not_applicable,9227.22646303078,3.5,29.96417513220516,0.07890041371737844,lane_1,mainline,,normal,none,commit
BASIC-06,basic_01_06_900_bugcheck_20260605,811,81.09999999999967,B06_TLV_CLV,cav,not_applicable,9269.620000000015,3.5,29.99999999999993,2.984279490192421e-14,lane_1,mainline,,normal,none,commit
BASIC-06,basic_01_06_900_bugcheck_20260605,812,81.19999999999966,B06_MV,cav,not_applicable,7245.999995065566,-3.5,1.2084428086292093e-06,4.0,on_ramp,on_ramp_mv,,normal,not_started,commit
BASIC-06,basic_01_06_900_bugcheck_20260605,812,81.19999999999966,B06_CLV,cav,not_applicable,9279.000000000005,0.0,29.999999999999957,1.7053025658242407e-14,lane_2,mainline,,normal,none,commit
BASIC-06,basic_01_06_900_bugcheck_20260605,812,81.19999999999966,B06_CFV,cav,not_applicable,9188.105302110562,3.5,30.035140569819493,0.364777161232133,lane_1,mainline,,normal,none,commit
BASIC-06,basic_01_06_900_bugcheck_20260605,812,81.19999999999966,B06_TLV_CFV,cav,not_applicable,9230.230798820112,3.5,30.043357893327492,0.7918276112233097,lane_1,mainline,,normal,none,commit
BASIC-06,basic_01_06_900_bugcheck_20260605,812,81.19999999999966,B06_TLV_CLV,cav,not_applicable,9272.620000000015,3.5,29.999999999999932,2.842170943040401e-14,lane_1,mainline,,normal,none,commit
BASIC-06,basic_01_06_900_bugcheck_20260605,813,81.29999999999966,B06_MV,cav,not_applicable,7245.999995183521,-3.5,1.179555433305405e-06,4.0,on_ramp,on_ramp_mv,,normal,not_started,commit
BASIC-06,basic_01_06_900_bugcheck_20260605,813,81.29999999999966,B06_CLV,cav,not_applicable,9282.000000000005,0.0,29.999999999999957,1.7053025658242407e-14,lane_2,mainline,,normal,none,commit
BASIC-06,basic_01_06_900_bugcheck_20260605,813,81.29999999999966,B06_CFV,cav,not_applicable,9191.100891617045,3.5,29.955895064829395,-0.792455049900982,lane_1,mainline,,normal,none,commit
BASIC-06,basic_01_06_900_bugcheck_20260605,813,81.29999999999966,B06_TLV_CFV,cav,not_applicable,9233.230704108082,3.5,29.999052879700308,-0.44305013627183754,lane_1,mainline,,normal,none,commit
BASIC-06,basic_01_06_900_bugcheck_20260605,813,81.29999999999966,B06_TLV_CLV,cav,not_applicable,9275.620000000015,3.5,29.999999999999936,2.700062395888381e-14,lane_1,mainline,,normal,none,commit
BASIC-06,basic_01_06_900_bugcheck_20260605,814,81.39999999999965,B06_MV,cav,not_applicable,7245.999995298656,-3.5,1.1513587721488602e-06,4.0,on_ramp,on_ramp_mv,,normal,not_started,commit
BASIC-06,basic_01_06_900_bugcheck_20260605,814,81.39999999999965,B06_CLV,cav,not_applicable,9285.000000000005,0.0,29.999999999999957,1.7053025658242407e-14,lane_2,mainline,,normal,none,commit
BASIC-06,basic_01_06_900_bugcheck_20260605,814,81.39999999999965,B06_CFV,cav,not_applicable,9194.097270127664,3.5,29.963785106201133,0.07890041371737844,lane_1,mainline,,normal,none,commit
BASIC-06,basic_01_06_900_bugcheck_20260605,814,81.39999999999965,B06_TLV_CFV,cav,not_applicable,9236.234257167664,3.5,30.03553059582352,0.364777161232133,lane_1,mainline,,normal,none,commit
BASIC-06,basic_01_06_900_bugcheck_20260605,814,81.39999999999965,B06_TLV_CLV,cav,not_applicable,9278.620000000015,3.5,29.99999999999994,2.5579538487363607e-14,lane_1,mainline,,normal,none,commit
BASIC-06,basic_01_06_900_bugcheck_20260605,815,81.49999999999964,B06_MV,cav,not_applicable,7245.99999541104,-3.5,1.1238360845266253e-06,4.0,on_ramp,on_ramp_mv,,normal,not_started,commit
BASIC-06,basic_01_06_900_bugcheck_20260605,815,81.49999999999964,B06_CLV,cav,not_applicable,9288.000000000005,0.0,29.999999999999957,1.7053025658242407e-14,lane_2,mainline,,normal,none,commit
BASIC-06,basic_01_06_900_bugcheck_20260605,815,81.49999999999964,B06_CFV,cav,not_applicable,9197.101566914396,3.5,30.042967867323465,0.7918276112233097,lane_1,mainline,,normal,none,commit
BASIC-06,basic_01_06_900_bugcheck_20260605,815,81.49999999999964,B06_TLV_CFV,cav,not_applicable,9239.229885676747,3.5,29.956285090833422,-0.792455049900982,lane_1,mainline,,normal,none,commit
BASIC-06,basic_01_06_900_bugcheck_20260605,815,81.49999999999964,B06_TLV_CLV,cav,not_applicable,9281.620000000015,3.5,29.999999999999943,2.415845301584341e-14,lane_1,mainline,,normal,none,commit
BASIC-06,basic_01_06_900_bugcheck_20260605,816,81.59999999999964,B06_MV,cav,not_applicable,7245.999995520737,-3.5,1.0969712820382042e-06,4.0,on_ramp,on_ramp_mv,,normal,not_started,commit
BASIC-06,basic_01_06_900_bugcheck_20260605,816,81.59999999999964,B06_CLV,cav,not_applicable,9291.000000000005,0.0,29.999999999999957,1.7053025658242407e-14,lane_2,mainline,,normal,none,commit
BASIC-06,basic_01_06_900_bugcheck_20260605,816,81.59999999999964,B06_CFV,cav,not_applicable,9200.101433199767,3.5,29.99866285369628,-0.44305013627183754,lane_1,mainline,,normal,none,commit
BASIC-06,basic_01_06_900_bugcheck_20260605,816,81.59999999999964,B06_TLV_CFV,cav,not_applicable,9242.226303189967,3.5,29.96417513220516,0.07890041371737844,lane_1,mainline,,normal,none,commit
BASIC-06,basic_01_06_900_bugcheck_20260605,816,81.59999999999964,B06_TLV_CLV,cav,not_applicable,9284.620000000015,3.5,29.999999999999947,2.2737367544323207e-14,lane_1,mainline,,normal,none,commit
BASIC-06,basic_01_06_900_bugcheck_20260605,817,81.69999999999963,B06_MV,cav,not_applicable,7245.999995627812,-3.5,1.0707487111047354e-06,4.0,on_ramp,on_ramp_mv,,normal,not_started,commit
BASIC-06,basic_01_06_900_bugcheck_20260605,817,81.69999999999963,B06_CLV,cav,not_applicable,9294.000000000005,0.0,29.999999999999957,1.7053025658242407e-14,lane_2,mainline,,normal,none,commit
BASIC-06,basic_01_06_900_bugcheck_20260605,817,81.69999999999963,B06_CFV,cav,not_applicable,9203.104947256748,3.5,30.035140569819493,0.364777161232133,lane_1,mainline,,normal,none,commit
BASIC-06,basic_01_06_900_bugcheck_20260605,817,81.69999999999963,B06_TLV_CFV,cav,not_applicable,9245.2306389793,3.5,30.043357893327492,0.7918276112233097,lane_1,mainline,,normal,none,commit
BASIC-06,basic_01_06_900_bugcheck_20260605,817,81.69999999999963,B06_TLV_CLV,cav,not_applicable,9287.620000000015,3.5,29.99999999999995,2.1316282072803006e-14,lane_1,mainline,,normal,none,commit
BASIC-06,basic_01_06_900_bugcheck_20260605,818,81.79999999999963,B06_MV,cav,not_applicable,7245.999995732327,-3.5,1.045152935558175e-06,4.0,on_ramp,on_ramp_mv,,normal,not_started,commit
BASIC-06,basic_01_06_900_bugcheck_20260605,818,81.79999999999963,B06_CLV,cav,not_applicable,9297.000000000005,0.0,29.999999999999957,1.7053025658242407e-14,lane_2,mainline,,normal,none,commit
BASIC-06,basic_01_06_900_bugcheck_20260605,818,81.79999999999963,B06_CFV,cav,not_applicable,9206.100536763232,3.5,29.955895064829395,-0.792455049900982,lane_1,mainline,,normal,none,commit
BASIC-06,basic_01_06_900_bugcheck_20260605,818,81.79999999999963,B06_TLV_CFV,cav,not_applicable,9248.23054426727,3.5,29.999052879700308,-0.44305013627183754,lane_1,mainline,,normal,none,commit
BASIC-06,basic_01_06_900_bugcheck_20260605,818,81.79999999999963,B06_TLV_CLV,cav,not_applicable,9290.620000000015,3.5,29.999999999999954,1.9895196601282807e-14,lane_1,mainline,,normal,none,commit
BASIC-06,basic_01_06_900_bugcheck_20260605,819,81.89999999999962,B06_MV,cav,not_applicable,7245.999995834344,-3.5,1.0201689540521144e-06,4.0,on_ramp,on_ramp_mv,,normal,not_started,commit
BASIC-06,basic_01_06_900_bugcheck_20260605,819,81.89999999999962,B06_CLV,cav,not_applicable,9300.000000000005,0.0,29.999999999999957,1.7053025658242407e-14,lane_2,mainline,,normal,none,commit
BASIC-06,basic_01_06_900_bugcheck_20260605,819,81.89999999999962,B06_CFV,cav,not_applicable,9209.09691527385,3.5,29.963785106201133,0.07890041371737844,lane_1,mainline,,normal,none,commit
BASIC-06,basic_01_06_900_bugcheck_20260605,819,81.89999999999962,B06_TLV_CFV,cav,not_applicable,9251.234097326851,3.5,30.03553059582352,0.364777161232133,lane_1,mainline,,normal,none,commit
BASIC-06,basic_01_06_900_bugcheck_20260605,819,81.89999999999962,B06_TLV_CLV,cav,not_applicable,9293.620000000015,3.5,29.999999999999957,1.8474111129762605e-14,lane_1,mainline,,normal,none,commit
BASIC-06,basic_01_06_900_bugcheck_20260605,820,81.99999999999962,B06_MV,cav,not_applicable,7245.999995933922,-3.5,9.957822000617797e-07,4.0,on_ramp,on_ramp_mv,,normal,not_started,commit
BASIC-06,basic_01_06_900_bugcheck_20260605,820,81.99999999999962,B06_CLV,cav,not_applicable,9303.000000000005,0.0,29.999999999999957,1.7053025658242407e-14,lane_2,mainline,,normal,none,commit
BASIC-06,basic_01_06_900_bugcheck_20260605,820,81.99999999999962,B06_CFV,cav,not_applicable,9212.101212060583,3.5,30.042967867323465,0.7918276112233097,lane_1,mainline,,normal,none,commit
BASIC-06,basic_01_06_900_bugcheck_20260605,820,81.99999999999962,B06_TLV_CFV,cav,not_applicable,9254.229725835934,3.5,29.956285090833422,-0.792455049900982,lane_1,mainline,,normal,none,commit
BASIC-06,basic_01_06_900_bugcheck_20260605,820,81.99999999999962,B06_TLV_CLV,cav,not_applicable,9296.620000000015,3.5,29.999999999999957,1.7053025658242407e-14,lane_1,mainline,,normal,none,commit
BASIC-06,basic_01_06_900_bugcheck_20260605,821,82.09999999999961,B06_MV,cav,not_applicable,7245.99999603112,-3.5,9.71978541884032e-07,4.0,on_ramp,on_ramp_mv,,normal,not_started,commit
BASIC-06,basic_01_06_900_bugcheck_20260605,821,82.09999999999961,B06_CLV,cav,not_applicable,9306.000000000005,0.0,29.999999999999957,1.7053025658242407e-14,lane_2,mainline,,normal,none,commit
BASIC-06,basic_01_06_900_bugcheck_20260605,821,82.09999999999961,B06_CFV,cav,not_applicable,9215.101078345953,3.5,29.99866285369628,-0.44305013627183754,lane_1,mainline,,normal,none,commit
BASIC-06,basic_01_06_900_bugcheck_20260605,821,82.09999999999961,B06_TLV_CFV,cav,not_applicable,9257.226143349155,3.5,29.96417513220516,0.07890041371737844,lane_1,mainline,,normal,none,commit
BASIC-06,basic_01_06_900_bugcheck_20260605,821,82.09999999999961,B06_TLV_CLV,cav,not_applicable,9299.620000000015,3.5,29.999999999999957,1.7053025658242407e-14,lane_1,mainline,,normal,none,commit
BASIC-06,basic_01_06_900_bugcheck_20260605,822,82.1999999999996,B06_MV,cav,not_applicable,7245.999996125994,-3.5,9.487438478157324e-07,4.0,on_ramp,on_ramp_mv,,normal,not_started,commit
BASIC-06,basic_01_06_900_bugcheck_20260605,822,82.1999999999996,B06_CLV,cav,not_applicable,9309.000000000005,0.0,29.999999999999957,1.7053025658242407e-14,lane_2,mainline,,normal,none,commit
BASIC-06,basic_01_06_900_bugcheck_20260605,822,82.1999999999996,B06_CFV,cav,not_applicable,9218.104592402935,3.5,30.035140569819493,0.364777161232133,lane_1,mainline,,normal,none,commit
BASIC-06,basic_01_06_900_bugcheck_20260605,822,82.1999999999996,B06_TLV_CFV,cav,not_applicable,9260.230479138487,3.5,30.043357893327492,0.7918276112233097,lane_1,mainline,,normal,none,commit
BASIC-06,basic_01_06_900_bugcheck_20260605,822,82.1999999999996,B06_TLV_CLV,cav,not_applicable,9302.620000000015,3.5,29.999999999999957,1.7053025658242407e-14,lane_1,mainline,,normal,none,commit
BASIC-06,basic_01_06_900_bugcheck_20260605,823,82.2999999999996,B06_MV,cav,not_applicable,7245.9999962186,-3.5,9.26064638386195e-07,4.0,on_ramp,on_ramp_mv,,normal,not_started,commit
BASIC-06,basic_01_06_900_bugcheck_20260605,823,82.2999999999996,B06_CLV,cav,not_applicable,9312.000000000005,0.0,29.999999999999957,1.7053025658242407e-14,lane_2,mainline,,normal,none,commit
BASIC-06,basic_01_06_900_bugcheck_20260605,823,82.2999999999996,B06_CFV,cav,not_applicable,9221.100181909418,3.5,29.955895064829395,-0.792455049900982,lane_1,mainline,,normal,none,commit
BASIC-06,basic_01_06_900_bugcheck_20260605,823,82.2999999999996,B06_TLV_CFV,cav,not_applicable,9263.230384426457,3.5,29.999052879700308,-0.44305013627183754,lane_1,mainline,,normal,none,commit
BASIC-06,basic_01_06_900_bugcheck_20260605,823,82.2999999999996,B06_TLV_CLV,cav,not_applicable,9305.620000000015,3.5,29.999999999999957,1.7053025658242407e-14,lane_1,mainline,,normal,none,commit
BASIC-06,basic_01_06_900_bugcheck_20260605,824,82.3999999999996,B06_MV,cav,not_applicable,7245.999996308993,-3.5,9.039274341247335e-07,4.0,on_ramp,on_ramp_mv,,normal,not_started,commit
BASIC-06,basic_01_06_900_bugcheck_20260605,824,82.3999999999996,B06_CLV,cav,not_applicable,9315.000000000005,0.0,29.999999999999957,1.7053025658242407e-14,lane_2,mainline,,normal,none,commit
BASIC-06,basic_01_06_900_bugcheck_20260605,824,82.3999999999996,B06_CFV,cav,not_applicable,9224.096560420037,3.5,29.963785106201133,0.07890041371737844,lane_1,mainline,,normal,none,commit
BASIC-06,basic_01_06_900_bugcheck_20260605,824,82.3999999999996,B06_TLV_CFV,cav,not_applicable,9266.233937486038,3.5,30.03553059582352,0.364777161232133,lane_1,mainline,,normal,none,commit
BASIC-06,basic_01_06_900_bugcheck_20260605,824,82.3999999999996,B06_TLV_CLV,cav,not_applicable,9308.620000000015,3.5,29.999999999999957,1.7053025658242407e-14,lane_1,mainline,,normal,none,commit
BASIC-06,basic_01_06_900_bugcheck_20260605,825,82.49999999999959,B06_MV,cav,not_applicable,7245.999996397225,-3.5,8.823194077931142e-07,4.0,on_ramp,on_ramp_mv,,normal,not_started,commit
BASIC-06,basic_01_06_900_bugcheck_20260605,825,82.49999999999959,B06_CLV,cav,not_applicable,9318.000000000005,0.0,29.999999999999957,1.7053025658242407e-14,lane_2,mainline,,normal,none,commit
BASIC-06,basic_01_06_900_bugcheck_20260605,825,82.49999999999959,B06_CFV,cav,not_applicable,9227.10085720677,3.5,30.042967867323465,0.7918276112233097,lane_1,mainline,,normal,none,commit
BASIC-06,basic_01_06_900_bugcheck_20260605,825,82.49999999999959,B06_TLV_CFV,cav,not_applicable,9269.229565995121,3.5,29.956285090833422,-0.792455049900982,lane_1,mainline,,normal,none,commit
BASIC-06,basic_01_06_900_bugcheck_20260605,825,82.49999999999959,B06_TLV_CLV,cav,not_applicable,9311.620000000015,3.5,29.999999999999957,1.7053025658242407e-14,lane_1,mainline,,normal,none,commit
BASIC-06,basic_01_06_900_bugcheck_20260605,826,82.59999999999958,B06_MV,cav,not_applicable,7245.999996483348,-3.5,8.612279495639211e-07,4.0,on_ramp,on_ramp_mv,,normal,not_started,commit
BASIC-06,basic_01_06_900_bugcheck_20260605,826,82.59999999999958,B06_CLV,cav,not_applicable,9321.000000000005,0.0,29.999999999999957,1.7053025658242407e-14,lane_2,mainline,,normal,none,commit
BASIC-06,basic_01_06_900_bugcheck_20260605,826,82.59999999999958,B06_CFV,cav,not_applicable,9230.10072349214,3.5,29.99866285369628,-0.44305013627183754,lane_1,mainline,,normal,none,commit
BASIC-06,basic_01_06_900_bugcheck_20260605,826,82.59999999999958,B06_TLV_CFV,cav,not_applicable,9272.225983508342,3.5,29.96417513220516,0.07890041371737844,lane_1,mainline,,normal,none,commit
BASIC-06,basic_01_06_900_bugcheck_20260605,826,82.59999999999958,B06_TLV_CLV,cav,not_applicable,9314.620000000015,3.5,29.999999999999957,1.7053025658242407e-14,lane_1,mainline,,normal,none,commit
BASIC-06,basic_01_06_900_bugcheck_20260605,827,82.69999999999958,B06_MV,cav,not_applicable,7245.9999965674115,-3.5,8.406406670205556e-07,4.0,on_ramp,on_ramp_mv,,normal,not_started,commit
BASIC-06,basic_01_06_900_bugcheck_20260605,827,82.69999999999958,B06_CLV,cav,not_applicable,9324.000000000005,0.0,29.999999999999957,1.7053025658242407e-14,lane_2,mainline,,normal,none,commit
BASIC-06,basic_01_06_900_bugcheck_20260605,827,82.69999999999958,B06_CFV,cav,not_applicable,9233.104237549122,3.5,30.035140569819493,0.364777161232133,lane_1,mainline,,normal,none,commit
BASIC-06,basic_01_06_900_bugcheck_20260605,827,82.69999999999958,B06_TLV_CFV,cav,not_applicable,9275.230319297674,3.5,30.043357893327492,0.7918276112233097,lane_1,mainline,,normal,none,commit
BASIC-06,basic_01_06_900_bugcheck_20260605,827,82.69999999999958,B06_TLV_CLV,cav,not_applicable,9317.620000000015,3.5,29.999999999999957,1.7053025658242407e-14,lane_1,mainline,,normal,none,commit
BASIC-06,basic_01_06_900_bugcheck_20260605,828,82.79999999999957,B06_MV,cav,not_applicable,7245.999996649466,-3.5,8.205456025680538e-07,4.0,on_ramp,on_ramp_mv,,normal,not_started,commit
BASIC-06,basic_01_06_900_bugcheck_20260605,828,82.79999999999957,B06_CLV,cav,not_applicable,9327.000000000005,0.0,29.999999999999957,1.7053025658242407e-14,lane_2,mainline,,normal,none,commit
BASIC-06,basic_01_06_900_bugcheck_20260605,828,82.79999999999957,B06_CFV,cav,not_applicable,9236.099827055605,3.5,29.955895064829395,-0.792455049900982,lane_1,mainline,,normal,none,commit
BASIC-06,basic_01_06_900_bugcheck_20260605,828,82.79999999999957,B06_TLV_CFV,cav,not_applicable,9278.230224585644,3.5,29.999052879700308,-0.44305013627183754,lane_1,mainline,,normal,none,commit
BASIC-06,basic_01_06_900_bugcheck_20260605,828,82.79999999999957,B06_TLV_CLV,cav,not_applicable,9320.620000000015,3.5,29.999999999999957,1.7053025658242407e-14,lane_1,mainline,,normal,none,commit
BASIC-06,basic_01_06_900_bugcheck_20260605,829,82.89999999999957,B06_MV,cav,not_applicable,7245.999996729559,-3.5,8.009307986114526e-07,4.0,on_ramp,on_ramp_mv,,normal,not_started,commit
BASIC-06,basic_01_06_900_bugcheck_20260605,829,82.89999999999957,B06_CLV,cav,not_applicable,9330.000000000005,0.0,29.999999999999957,1.7053025658242407e-14,lane_2,mainline,,normal,none,commit
BASIC-06,basic_01_06_900_bugcheck_20260605,829,82.89999999999957,B06_CFV,cav,not_applicable,9239.096205566224,3.5,29.963785106201133,0.07890041371737844,lane_1,mainline,,normal,none,commit
BASIC-06,basic_01_06_900_bugcheck_20260605,829,82.89999999999957,B06_TLV_CFV,cav,not_applicable,9281.233777645226,3.5,30.03553059582352,0.364777161232133,lane_1,mainline,,normal,none,commit
BASIC-06,basic_01_06_900_bugcheck_20260605,829,82.89999999999957,B06_TLV_CLV,cav,not_applicable,9323.620000000015,3.5,29.999999999999957,1.7053025658242407e-14,lane_1,mainline,,normal,none,commit
BASIC-06,basic_01_06_900_bugcheck_20260605,830,82.99999999999956,B06_MV,cav,not_applicable,7245.999996807737,-3.5,7.817849497882406e-07,4.0,on_ramp,on_ramp_mv,,normal,not_started,commit
BASIC-06,basic_01_06_900_bugcheck_20260605,830,82.99999999999956,B06_CLV,cav,not_applicable,9333.000000000005,0.0,29.999999999999957,1.7053025658242407e-14,lane_2,mainline,,normal,none,commit
BASIC-06,basic_01_06_900_bugcheck_20260605,830,82.99999999999956,B06_CFV,cav,not_applicable,9242.100502352956,3.5,30.042967867323465,0.7918276112233097,lane_1,mainline,,normal,none,commit
BASIC-06,basic_01_06_900_bugcheck_20260605,830,82.99999999999956,B06_TLV_CFV,cav,not_applicable,9284.229406154309,3.5,29.956285090833422,-0.792455049900982,lane_1,mainline,,normal,none,commit
BASIC-06,basic_01_06_900_bugcheck_20260605,830,82.99999999999956,B06_TLV_CLV,cav,not_applicable,9326.620000000015,3.5,29.999999999999957,1.7053025658242407e-14,lane_1,mainline,,normal,none,commit
BASIC-06,basic_01_06_900_bugcheck_20260605,831,83.09999999999955,B06_MV,cav,not_applicable,7245.999996884047,-3.5,7.630967507359071e-07,4.0,on_ramp,on_ramp_mv,,normal,not_started,commit
BASIC-06,basic_01_06_900_bugcheck_20260605,831,83.09999999999955,B06_CLV,cav,not_applicable,9336.000000000005,0.0,29.999999999999957,1.7053025658242407e-14,lane_2,mainline,,normal,none,commit
BASIC-06,basic_01_06_900_bugcheck_20260605,831,83.09999999999955,B06_CFV,cav,not_applicable,9245.100368638326,3.5,29.99866285369628,-0.44305013627183754,lane_1,mainline,,normal,none,commit
BASIC-06,basic_01_06_900_bugcheck_20260605,831,83.09999999999955,B06_TLV_CFV,cav,not_applicable,9287.22582366753,3.5,29.96417513220516,0.07890041371737844,lane_1,mainline,,normal,none,commit
BASIC-06,basic_01_06_900_bugcheck_20260605,831,83.09999999999955,B06_TLV_CLV,cav,not_applicable,9329.620000000015,3.5,29.999999999999957,1.7053025658242407e-14,lane_1,mainline,,normal,none,commit
BASIC-06,basic_01_06_900_bugcheck_20260605,832,83.19999999999955,B06_MV,cav,not_applicable,7245.999996958532,-3.5,7.44855330913576e-07,4.0,on_ramp,on_ramp_mv,,normal,not_started,commit
BASIC-06,basic_01_06_900_bugcheck_20260605,832,83.19999999999955,B06_CLV,cav,not_applicable,9339.000000000005,0.0,29.999999999999957,1.7053025658242407e-14,lane_2,mainline,,normal,none,commit
BASIC-06,basic_01_06_900_bugcheck_20260605,832,83.19999999999955,B06_CFV,cav,not_applicable,9248.103882695308,3.5,30.035140569819493,0.364777161232133,lane_1,mainline,,normal,none,commit
BASIC-06,basic_01_06_900_bugcheck_20260605,832,83.19999999999955,B06_TLV_CFV,cav,not_applicable,9290.230159456862,3.5,30.043357893327492,0.7918276112233097,lane_1,mainline,,normal,none,commit
BASIC-06,basic_01_06_900_bugcheck_20260605,832,83.19999999999955,B06_TLV_CLV,cav,not_applicable,9332.620000000015,3.5,29.999999999999957,1.7053025658242407e-14,lane_1,mainline,,normal,none,commit
BASIC-06,basic_01_06_900_bugcheck_20260605,833,83.29999999999954,B06_MV,cav,not_applicable,7245.999997031237,-3.5,7.270498197803712e-07,4.0,on_ramp,on_ramp_mv,,normal,not_started,commit
BASIC-06,basic_01_06_900_bugcheck_20260605,833,83.29999999999954,B06_CLV,cav,not_applicable,9342.000000000005,0.0,29.999999999999957,1.7053025658242407e-14,lane_2,mainline,,normal,none,commit
BASIC-06,basic_01_06_900_bugcheck_20260605,833,83.29999999999954,B06_CFV,cav,not_applicable,9251.099472201791,3.5,29.955895064829395,-0.792455049900982,lane_1,mainline,,normal,none,commit
BASIC-06,basic_01_06_900_bugcheck_20260605,833,83.29999999999954,B06_TLV_CFV,cav,not_applicable,9293.230064744832,3.5,29.999052879700308,-0.44305013627183754,lane_1,mainline,,normal,none,commit
BASIC-06,basic_01_06_900_bugcheck_20260605,833,83.29999999999954,B06_TLV_CLV,cav,not_applicable,9335.620000000015,3.5,29.999999999999957,1.7053025658242407e-14,lane_1,mainline,,normal,none,commit
BASIC-06,basic_01_06_900_bugcheck_20260605,834,83.39999999999954,B06_MV,cav,not_applicable,7245.999997102204,-3.5,7.096699990278695e-07,4.0,on_ramp,on_ramp_mv,,normal,not_started,commit
BASIC-06,basic_01_06_900_bugcheck_20260605,834,83.39999999999954,B06_CLV,cav,not_applicable,9345.000000000005,0.0,29.999999999999957,1.7053025658242407e-14,lane_2,mainline,,normal,none,commit
BASIC-06,basic_01_06_900_bugcheck_20260605,834,83.39999999999954,B06_CFV,cav,not_applicable,9254.09585071241,3.5,29.963785106201133,0.07890041371737844,lane_1,mainline,,normal,none,commit
BASIC-06,basic_01_06_900_bugcheck_20260605,834,83.39999999999954,B06_TLV_CFV,cav,not_applicable,9296.233617804413,3.5,30.03553059582352,0.364777161232133,lane_1,mainline,,normal,none,commit
BASIC-06,basic_01_06_900_bugcheck_20260605,834,83.39999999999954,B06_TLV_CLV,cav,not_applicable,9338.620000000015,3.5,29.999999999999957,1.7053025658242407e-14,lane_1,mainline,,normal,none,commit
BASIC-06,basic_01_06_900_bugcheck_20260605,835,83.49999999999953,B06_MV,cav,not_applicable,7245.999997171475,-3.5,6.927056503476473e-07,4.0,on_ramp,on_ramp_mv,,normal,not_started,commit
BASIC-06,basic_01_06_900_bugcheck_20260605,835,83.49999999999953,B06_CLV,cav,not_applicable,9348.000000000005,0.0,29.999999999999957,1.7053025658242407e-14,lane_2,mainline,,normal,none,commit
BASIC-06,basic_01_06_900_bugcheck_20260605,835,83.49999999999953,B06_CFV,cav,not_applicable,9257.100147499143,3.5,30.042967867323465,0.7918276112233097,lane_1,mainline,,normal,none,commit
BASIC-06,basic_01_06_900_bugcheck_20260605,835,83.49999999999953,B06_TLV_CFV,cav,not_applicable,9299.229246313496,3.5,29.956285090833422,-0.792455049900982,lane_1,mainline,,normal,none,commit
BASIC-06,basic_01_06_900_bugcheck_20260605,835,83.49999999999953,B06_TLV_CLV,cav,not_applicable,9341.620000000015,3.5,29.999999999999957,1.7053025658242407e-14,lane_1,mainline,,normal,none,commit
BASIC-06,basic_01_06_900_bugcheck_20260605,836,83.59999999999953,B06_MV,cav,not_applicable,7245.99999723909,-3.5,6.761467728420989e-07,4.0,on_ramp,on_ramp_mv,,normal,not_started,commit
BASIC-06,basic_01_06_900_bugcheck_20260605,836,83.59999999999953,B06_CLV,cav,not_applicable,9351.000000000005,0.0,29.999999999999957,1.7053025658242407e-14,lane_2,mainline,,normal,none,commit
BASIC-06,basic_01_06_900_bugcheck_20260605,836,83.59999999999953,B06_CFV,cav,not_applicable,9260.100013784513,3.5,29.99866285369628,-0.44305013627183754,lane_1,mainline,,normal,none,commit
BASIC-06,basic_01_06_900_bugcheck_20260605,836,83.59999999999953,B06_TLV_CFV,cav,not_applicable,9302.225663826717,3.5,29.96417513220516,0.07890041371737844,lane_1,mainline,,normal,none,commit
BASIC-06,basic_01_06_900_bugcheck_20260605,836,83.59999999999953,B06_TLV_CLV,cav,not_applicable,9344.620000000015,3.5,29.999999999999957,1.7053025658242407e-14,lane_1,mainline,,normal,none,commit
BASIC-06,basic_01_06_900_bugcheck_20260605,837,83.69999999999952,B06_MV,cav,not_applicable,7245.999997305088,-3.5,6.599838004352533e-07,4.0,on_ramp,on_ramp_mv,,normal,not_started,commit
BASIC-06,basic_01_06_900_bugcheck_20260605,837,83.69999999999952,B06_CLV,cav,not_applicable,9354.000000000005,0.0,29.999999999999957,1.7053025658242407e-14,lane_2,mainline,,normal,none,commit
BASIC-06,basic_01_06_900_bugcheck_20260605,837,83.69999999999952,B06_CFV,cav,not_applicable,9263.103527841495,3.5,30.035140569819493,0.364777161232133,lane_1,mainline,,normal,none,commit
BASIC-06,basic_01_06_900_bugcheck_20260605,837,83.69999999999952,B06_TLV_CFV,cav,not_applicable,9305.22999961605,3.5,30.043357893327492,0.7918276112233097,lane_1,mainline,,normal,none,commit
BASIC-06,basic_01_06_900_bugcheck_20260605,837,83.69999999999952,B06_TLV_CLV,cav,not_applicable,9347.620000000015,3.5,29.999999999999957,1.7053025658242407e-14,lane_1,mainline,,normal,none,commit
BASIC-06,basic_01_06_900_bugcheck_20260605,838,83.79999999999951,B06_MV,cav,not_applicable,7245.9999973695085,-3.5,6.442071670511397e-07,4.0,on_ramp,on_ramp_mv,,normal,not_started,commit
BASIC-06,basic_01_06_900_bugcheck_20260605,838,83.79999999999951,B06_CLV,cav,not_applicable,9357.000000000005,0.0,29.999999999999957,1.7053025658242407e-14,lane_2,mainline,,normal,none,commit
BASIC-06,basic_01_06_900_bugcheck_20260605,838,83.79999999999951,B06_CFV,cav,not_applicable,9266.099117347978,3.5,29.955895064829395,-0.792455049900982,lane_1,mainline,,normal,none,commit
BASIC-06,basic_01_06_900_bugcheck_20260605,838,83.79999999999951,B06_TLV_CFV,cav,not_applicable,9308.22990490402,3.5,29.999052879700308,-0.44305013627183754,lane_1,mainline,,normal,none,commit
BASIC-06,basic_01_06_900_bugcheck_20260605,838,83.79999999999951,B06_TLV_CLV,cav,not_applicable,9350.620000000015,3.5,29.999999999999957,1.7053025658242407e-14,lane_1,mainline,,normal,none,commit
BASIC-06,basic_01_06_900_bugcheck_20260605,839,83.89999999999951,B06_MV,cav,not_applicable,7245.999997432389,-3.5,6.288077414354223e-07,4.0,on_ramp,on_ramp_mv,,normal,not_started,commit
BASIC-06,basic_01_06_900_bugcheck_20260605,839,83.89999999999951,B06_CLV,cav,not_applicable,9360.000000000005,0.0,29.999999999999957,1.7053025658242407e-14,lane_2,mainline,,normal,none,commit
BASIC-06,basic_01_06_900_bugcheck_20260605,839,83.89999999999951,B06_CFV,cav,not_applicable,9269.095495858597,3.5,29.963785106201133,0.07890041371737844,lane_1,mainline,,normal,none,commit
BASIC-06,basic_01_06_900_bugcheck_20260605,839,83.89999999999951,B06_TLV_CFV,cav,not_applicable,9311.2334579636,3.5,30.03553059582352,0.364777161232133,lane_1,mainline,,normal,none,commit
BASIC-06,basic_01_06_900_bugcheck_20260605,839,83.89999999999951,B06_TLV_CLV,cav,not_applicable,9353.620000000015,3.5,29.999999999999957,1.7053025658242407e-14,lane_1,mainline,,normal,none,commit
BASIC-06,basic_01_06_900_bugcheck_20260605,840,83.9999999999995,B06_MV,cav,not_applicable,7245.999997493766,-3.5,6.137763923337653e-07,4.0,on_ramp,on_ramp_mv,,normal,not_started,commit
BASIC-06,basic_01_06_900_bugcheck_20260605,840,83.9999999999995,B06_CLV,cav,not_applicable,9363.000000000005,0.0,29.999999999999957,1.7053025658242407e-14,lane_2,mainline,,normal,none,commit
BASIC-06,basic_01_06_900_bugcheck_20260605,840,83.9999999999995,B06_CFV,cav,not_applicable,9272.09979264533,3.5,30.042967867323465,0.7918276112233097,lane_1,mainline,,normal,none,commit
BASIC-06,basic_01_06_900_bugcheck_20260605,840,83.9999999999995,B06_TLV_CFV,cav,not_applicable,9314.229086472684,3.5,29.956285090833422,-0.792455049900982,lane_1,mainline,,normal,none,commit
BASIC-06,basic_01_06_900_bugcheck_20260605,840,83.9999999999995,B06_TLV_CLV,cav,not_applicable,9356.620000000015,3.5,29.999999999999957,1.7053025658242407e-14,lane_1,mainline,,normal,none,commit
BASIC-06,basic_01_06_900_bugcheck_20260605,841,84.0999999999995,B06_MV,cav,not_applicable,7245.999997553677,-3.5,5.991044233134678e-07,4.0,on_ramp,on_ramp_mv,,normal,not_started,commit
BASIC-06,basic_01_06_900_bugcheck_20260605,841,84.0999999999995,B06_CLV,cav,not_applicable,9366.000000000005,0.0,29.999999999999957,1.7053025658242407e-14,lane_2,mainline,,normal,none,commit
BASIC-06,basic_01_06_900_bugcheck_20260605,841,84.0999999999995,B06_CFV,cav,not_applicable,9275.0996589307,3.5,29.99866285369628,-0.44305013627183754,lane_1,mainline,,normal,none,commit
BASIC-06,basic_01_06_900_bugcheck_20260605,841,84.0999999999995,B06_TLV_CFV,cav,not_applicable,9317.225503985905,3.5,29.96417513220516,0.07890041371737844,lane_1,mainline,,normal,none,commit
BASIC-06,basic_01_06_900_bugcheck_20260605,841,84.0999999999995,B06_TLV_CLV,cav,not_applicable,9359.620000000015,3.5,29.999999999999957,1.7053025658242407e-14,lane_1,mainline,,normal,none,commit
BASIC-06,basic_01_06_900_bugcheck_20260605,842,84.19999999999949,B06_MV,cav,not_applicable,7245.999997612155,-3.5,5.847831379418291e-07,4.0,on_ramp,on_ramp_mv,,normal,not_started,commit
BASIC-06,basic_01_06_900_bugcheck_20260605,842,84.19999999999949,B06_CLV,cav,not_applicable,9369.000000000005,0.0,29.999999999999957,1.7053025658242407e-14,lane_2,mainline,,normal,none,commit
BASIC-06,basic_01_06_900_bugcheck_20260605,842,84.19999999999949,B06_CFV,cav,not_applicable,9278.103172987681,3.5,30.035140569819493,0.364777161232133,lane_1,mainline,,normal,none,commit
BASIC-06,basic_01_06_900_bugcheck_20260605,842,84.19999999999949,B06_TLV_CFV,cav,not_applicable,9320.229839775237,3.5,30.043357893327492,0.7918276112233097,lane_1,mainline,,normal,none,commit
BASIC-06,basic_01_06_900_bugcheck_20260605,842,84.19999999999949,B06_TLV_CLV,cav,not_applicable,9362.620000000015,3.5,29.999999999999957,1.7053025658242407e-14,lane_1,mainline,,normal,none,commit
BASIC-06,basic_01_06_900_bugcheck_20260605,843,84.29999999999949,B06_MV,cav,not_applicable,7245.999997669236,-3.5,5.70804057196966e-07,4.0,on_ramp,on_ramp_mv,,normal,not_started,commit
BASIC-06,basic_01_06_900_bugcheck_20260605,843,84.29999999999949,B06_CLV,cav,not_applicable,9372.000000000005,0.0,29.999999999999957,1.7053025658242407e-14,lane_2,mainline,,normal,none,commit
BASIC-06,basic_01_06_900_bugcheck_20260605,843,84.29999999999949,B06_CFV,cav,not_applicable,9281.098762494164,3.5,29.955895064829395,-0.792455049900982,lane_1,mainline,,normal,none,commit
BASIC-06,basic_01_06_900_bugcheck_20260605,843,84.29999999999949,B06_TLV_CFV,cav,not_applicable,9323.229745063207,3.5,29.999052879700308,-0.44305013627183754,lane_1,mainline,,normal,none,commit
BASIC-06,basic_01_06_900_bugcheck_20260605,843,84.29999999999949,B06_TLV_CLV,cav,not_applicable,9365.620000000015,3.5,29.999999999999957,1.7053025658242407e-14,lane_1,mainline,,normal,none,commit
BASIC-06,basic_01_06_900_bugcheck_20260605,844,84.39999999999948,B06_MV,cav,not_applicable,7245.999997724952,-3.5,5.571591368786303e-07,4.0,on_ramp,on_ramp_mv,,normal,not_started,commit
BASIC-06,basic_01_06_900_bugcheck_20260605,844,84.39999999999948,B06_CLV,cav,not_applicable,9375.000000000005,0.0,29.999999999999957,1.7053025658242407e-14,lane_2,mainline,,normal,none,commit
BASIC-06,basic_01_06_900_bugcheck_20260605,844,84.39999999999948,B06_CFV,cav,not_applicable,9284.095141004784,3.5,29.963785106201133,0.07890041371737844,lane_1,mainline,,normal,none,commit
BASIC-06,basic_01_06_900_bugcheck_20260605,844,84.39999999999948,B06_TLV_CFV,cav,not_applicable,9326.233298122788,3.5,30.03553059582352,0.364777161232133,lane_1,mainline,,normal,none,commit
BASIC-06,basic_01_06_900_bugcheck_20260605,844,84.39999999999948,B06_TLV_CLV,cav,not_applicable,9368.620000000015,3.5,29.999999999999957,1.7053025658242407e-14,lane_1,mainline,,normal,none,commit
BASIC-06,basic_01_06_900_bugcheck_20260605,845,84.49999999999947,B06_MV,cav,not_applicable,7245.999997779336,-3.5,5.438405501973911e-07,4.0,on_ramp,on_ramp_mv,,normal,not_started,commit
BASIC-06,basic_01_06_900_bugcheck_20260605,845,84.49999999999947,B06_CLV,cav,not_applicable,9378.000000000005,0.0,29.999999999999957,1.7053025658242407e-14,lane_2,mainline,,normal,none,commit
BASIC-06,basic_01_06_900_bugcheck_20260605,845,84.49999999999947,B06_CFV,cav,not_applicable,9287.099437791516,3.5,30.042967867323465,0.7918276112233097,lane_1,mainline,,normal,none,commit
BASIC-06,basic_01_06_900_bugcheck_20260605,845,84.49999999999947,B06_TLV_CFV,cav,not_applicable,9329.228926631871,3.5,29.956285090833422,-0.792455049900982,lane_1,mainline,,normal,none,commit
BASIC-06,basic_01_06_900_bugcheck_20260605,845,84.49999999999947,B06_TLV_CLV,cav,not_applicable,9371.620000000015,3.5,29.999999999999957,1.7053025658242407e-14,lane_1,mainline,,normal,none,commit
BASIC-06,basic_01_06_900_bugcheck_20260605,846,84.59999999999947,B06_MV,cav,not_applicable,7245.99999783242,-3.5,5.308402529530003e-07,4.0,on_ramp,on_ramp_mv,,normal,not_started,commit
BASIC-06,basic_01_06_900_bugcheck_20260605,846,84.59999999999947,B06_CLV,cav,not_applicable,9381.000000000005,0.0,29.999999999999957,1.7053025658242407e-14,lane_2,mainline,,normal,none,commit
BASIC-06,basic_01_06_900_bugcheck_20260605,846,84.59999999999947,B06_CFV,cav,not_applicable,9290.099304076886,3.5,29.99866285369628,-0.44305013627183754,lane_1,mainline,,normal,none,commit
BASIC-06,basic_01_06_900_bugcheck_20260605,846,84.59999999999947,B06_TLV_CFV,cav,not_applicable,9332.225344145092,3.5,29.96417513220516,0.07890041371737844,lane_1,mainline,,normal,none,commit
BASIC-06,basic_01_06_900_bugcheck_20260605,846,84.59999999999947,B06_TLV_CLV,cav,not_applicable,9374.620000000015,3.5,29.999999999999957,1.7053025658242407e-14,lane_1,mainline,,normal,none,commit
BASIC-06,basic_01_06_900_bugcheck_20260605,847,84.69999999999946,B06_MV,cav,not_applicable,7245.999997884235,-3.5,5.181506357668449e-07,4.0,on_ramp,on_ramp_mv,,normal,not_started,commit
BASIC-06,basic_01_06_900_bugcheck_20260605,847,84.69999999999946,B06_CLV,cav,not_applicable,9384.000000000005,0.0,29.999999999999957,1.7053025658242407e-14,lane_2,mainline,,normal,none,commit
BASIC-06,basic_01_06_900_bugcheck_20260605,847,84.69999999999946,B06_CFV,cav,not_applicable,9293.102818133868,3.5,30.035140569819493,0.364777161232133,lane_1,mainline,,normal,none,commit
BASIC-06,basic_01_06_900_bugcheck_20260605,847,84.69999999999946,B06_TLV_CFV,cav,not_applicable,9335.229679934424,3.5,30.043357893327492,0.7918276112233097,lane_1,mainline,,normal,none,commit
BASIC-06,basic_01_06_900_bugcheck_20260605,847,84.69999999999946,B06_TLV_CLV,cav,not_applicable,9377.620000000015,3.5,29.999999999999957,1.7053025658242407e-14,lane_1,mainline,,normal,none,commit
BASIC-06,basic_01_06_900_bugcheck_20260605,848,84.79999999999946,B06_MV,cav,not_applicable,7245.999997934811,-3.5,5.057645240819466e-07,4.0,on_ramp,on_ramp_mv,,normal,not_started,commit
BASIC-06,basic_01_06_900_bugcheck_20260605,848,84.79999999999946,B06_CLV,cav,not_applicable,9387.000000000005,0.0,29.999999999999957,1.7053025658242407e-14,lane_2,mainline,,normal,none,commit
BASIC-06,basic_01_06_900_bugcheck_20260605,848,84.79999999999946,B06_CFV,cav,not_applicable,9296.098407640351,3.5,29.955895064829395,-0.792455049900982,lane_1,mainline,,normal,none,commit
BASIC-06,basic_01_06_900_bugcheck_20260605,848,84.79999999999946,B06_TLV_CFV,cav,not_applicable,9338.229585222394,3.5,29.999052879700308,-0.44305013627183754,lane_1,mainline,,normal,none,commit
BASIC-06,basic_01_06_900_bugcheck_20260605,848,84.79999999999946,B06_TLV_CLV,cav,not_applicable,9380.620000000015,3.5,29.999999999999957,1.7053025658242407e-14,lane_1,mainline,,normal,none,commit
BASIC-06,basic_01_06_900_bugcheck_20260605,849,84.89999999999945,B06_MV,cav,not_applicable,7245.999997984179,-3.5,4.936745259305096e-07,4.0,on_ramp,on_ramp_mv,,normal,not_started,commit
BASIC-06,basic_01_06_900_bugcheck_20260605,849,84.89999999999945,B06_CLV,cav,not_applicable,9390.000000000005,0.0,29.999999999999957,1.7053025658242407e-14,lane_2,mainline,,normal,none,commit
BASIC-06,basic_01_06_900_bugcheck_20260605,849,84.89999999999945,B06_CFV,cav,not_applicable,9299.09478615097,3.5,29.963785106201133,0.07890041371737844,lane_1,mainline,,normal,none,commit
BASIC-06,basic_01_06_900_bugcheck_20260605,849,84.89999999999945,B06_TLV_CFV,cav,not_applicable,9341.233138281976,3.5,30.03553059582352,0.364777161232133,lane_1,mainline,,normal,none,commit
BASIC-06,basic_01_06_900_bugcheck_20260605,849,84.89999999999945,B06_TLV_CLV,cav,not_applicable,9383.620000000015,3.5,29.999999999999957,1.7053025658242407e-14,lane_1,mainline,,normal,none,commit
BASIC-06,basic_01_06_900_bugcheck_20260605,850,84.99999999999945,B06_MV,cav,not_applicable,7245.999998032366,-3.5,4.818734667555559e-07,4.0,on_ramp,on_ramp_mv,,normal,not_started,commit
BASIC-06,basic_01_06_900_bugcheck_20260605,850,84.99999999999945,B06_CLV,cav,not_applicable,9393.000000000005,0.0,29.999999999999957,1.7053025658242407e-14,lane_2,mainline,,normal,none,commit
BASIC-06,basic_01_06_900_bugcheck_20260605,850,84.99999999999945,B06_CFV,cav,not_applicable,9302.099082937702,3.5,30.042967867323465,0.7918276112233097,lane_1,mainline,,normal,none,commit
BASIC-06,basic_01_06_900_bugcheck_20260605,850,84.99999999999945,B06_TLV_CFV,cav,not_applicable,9344.228766791059,3.5,29.956285090833422,-0.792455049900982,lane_1,mainline,,normal,none,commit
BASIC-06,basic_01_06_900_bugcheck_20260605,850,84.99999999999945,B06_TLV_CLV,cav,not_applicable,9386.620000000015,3.5,29.999999999999957,1.7053025658242407e-14,lane_1,mainline,,normal,none,commit
BASIC-06,basic_01_06_900_bugcheck_20260605,851,85.09999999999944,B06_MV,cav,not_applicable,7245.999998079402,-3.5,4.7035438941092497e-07,4.0,on_ramp,on_ramp_mv,,normal,not_started,commit
BASIC-06,basic_01_06_900_bugcheck_20260605,851,85.09999999999944,B06_CLV,cav,not_applicable,9396.000000000005,0.0,29.999999999999957,1.7053025658242407e-14,lane_2,mainline,,normal,none,commit
BASIC-06,basic_01_06_900_bugcheck_20260605,851,85.09999999999944,B06_CFV,cav,not_applicable,9305.098949223073,3.5,29.99866285369628,-0.44305013627183754,lane_1,mainline,,normal,none,commit
BASIC-06,basic_01_06_900_bugcheck_20260605,851,85.09999999999944,B06_TLV_CFV,cav,not_applicable,9347.22518430428,3.5,29.96417513220516,0.07890041371737844,lane_1,mainline,,normal,none,commit
BASIC-06,basic_01_06_900_bugcheck_20260605,851,85.09999999999944,B06_TLV_CLV,cav,not_applicable,9389.620000000015,3.5,29.999999999999957,1.7053025658242407e-14,lane_1,mainline,,normal,none,commit
BASIC-06,basic_01_06_900_bugcheck_20260605,852,85.19999999999943,B06_MV,cav,not_applicable,7245.999998125313,-3.5,4.591107715720911e-07,4.0,on_ramp,on_ramp_mv,,normal,not_started,commit
BASIC-06,basic_01_06_900_bugcheck_20260605,852,85.19999999999943,B06_CLV,cav,not_applicable,9399.000000000005,0.0,29.999999999999957,1.7053025658242407e-14,lane_2,mainline,,normal,none,commit
BASIC-06,basic_01_06_900_bugcheck_20260605,852,85.19999999999943,B06_CFV,cav,not_applicable,9308.102463280055,3.5,30.035140569819493,0.364777161232133,lane_1,mainline,,normal,none,commit
BASIC-06,basic_01_06_900_bugcheck_20260605,852,85.19999999999943,B06_TLV_CFV,cav,not_applicable,9350.229520093611,3.5,30.043357893327492,0.7918276112233097,lane_1,mainline,,normal,none,commit
BASIC-06,basic_01_06_900_bugcheck_20260605,852,85.19999999999943,B06_TLV_CLV,cav,not_applicable,9392.620000000015,3.5,29.999999999999957,1.7053025658242407e-14,lane_1,mainline,,normal,none,commit
BASIC-06,basic_01_06_900_bugcheck_20260605,853,85.29999999999943,B06_MV,cav,not_applicable,7245.999998170127,-3.5,4.481358735037112e-07,4.0,on_ramp,on_ramp_mv,,normal,not_started,commit
BASIC-06,basic_01_06_900_bugcheck_20260605,853,85.29999999999943,B06_CLV,cav,not_applicable,9402.000000000005,0.0,29.999999999999957,1.7053025658242407e-14,lane_2,mainline,,normal,none,commit
BASIC-06,basic_01_06_900_bugcheck_20260605,853,85.29999999999943,B06_CFV,cav,not_applicable,9311.098052786538,3.5,29.955895064829395,-0.792455049900982,lane_1,mainline,,normal,none,commit
BASIC-06,basic_01_06_900_bugcheck_20260605,853,85.29999999999943,B06_TLV_CFV,cav,not_applicable,9353.229425381582,3.5,29.999052879700308,-0.44305013627183754,lane_1,mainline,,normal,none,commit
BASIC-06,basic_01_06_900_bugcheck_20260605,853,85.29999999999943,B06_TLV_CLV,cav,not_applicable,9395.620000000015,3.5,29.999999999999957,1.7053025658242407e-14,lane_1,mainline,,normal,none,commit
BASIC-06,basic_01_06_900_bugcheck_20260605,854,85.39999999999942,B06_MV,cav,not_applicable,7245.999998213869,-3.5,4.3742339029207726e-07,4.0,on_ramp,on_ramp_mv,,normal,not_started,commit
BASIC-06,basic_01_06_900_bugcheck_20260605,854,85.39999999999942,B06_CLV,cav,not_applicable,9405.000000000005,0.0,29.999999999999957,1.7053025658242407e-14,lane_2,mainline,,normal,none,commit
BASIC-06,basic_01_06_900_bugcheck_20260605,854,85.39999999999942,B06_CFV,cav,not_applicable,9314.094431297157,3.5,29.963785106201133,0.07890041371737844,lane_1,mainline,,normal,none,commit
BASIC-06,basic_01_06_900_bugcheck_20260605,854,85.39999999999942,B06_TLV_CFV,cav,not_applicable,9356.232978441163,3.5,30.03553059582352,0.364777161232133,lane_1,mainline,,normal,none,commit
BASIC-06,basic_01_06_900_bugcheck_20260605,854,85.39999999999942,B06_TLV_CLV,cav,not_applicable,9398.620000000015,3.5,29.999999999999957,1.7053025658242407e-14,lane_1,mainline,,normal,none,commit
BASIC-06,basic_01_06_900_bugcheck_20260605,855,85.49999999999942,B06_MV,cav,not_applicable,7245.999998256566,-3.5,4.269670170234812e-07,4.0,on_ramp,on_ramp_mv,,normal,not_started,commit
BASIC-06,basic_01_06_900_bugcheck_20260605,855,85.49999999999942,B06_CLV,cav,not_applicable,9408.000000000005,0.0,29.999999999999957,1.7053025658242407e-14,lane_2,mainline,,normal,none,commit
BASIC-06,basic_01_06_900_bugcheck_20260605,855,85.49999999999942,B06_CFV,cav,not_applicable,9317.098728083889,3.5,30.042967867323465,0.7918276112233097,lane_1,mainline,,normal,none,commit
BASIC-06,basic_01_06_900_bugcheck_20260605,855,85.49999999999942,B06_TLV_CFV,cav,not_applicable,9359.228606950246,3.5,29.956285090833422,-0.792455049900982,lane_1,mainline,,normal,none,commit
BASIC-06,basic_01_06_900_bugcheck_20260605,855,85.49999999999942,B06_TLV_CLV,cav,not_applicable,9401.620000000015,3.5,29.999999999999957,1.7053025658242407e-14,lane_1,mainline,,normal,none,commit
BASIC-06,basic_01_06_900_bugcheck_20260605,856,85.59999999999941,B06_MV,cav,not_applicable,7245.999998298242,-3.5,4.1676044878421494e-07,4.0,on_ramp,on_ramp_mv,,normal,not_started,commit
BASIC-06,basic_01_06_900_bugcheck_20260605,856,85.59999999999941,B06_CLV,cav,not_applicable,9411.000000000005,0.0,29.999999999999957,1.7053025658242407e-14,lane_2,mainline,,normal,none,commit
BASIC-06,basic_01_06_900_bugcheck_20260605,856,85.59999999999941,B06_CFV,cav,not_applicable,9320.09859436926,3.5,29.99866285369628,-0.44305013627183754,lane_1,mainline,,normal,none,commit
BASIC-06,basic_01_06_900_bugcheck_20260605,856,85.59999999999941,B06_TLV_CFV,cav,not_applicable,9362.225024463467,3.5,29.96417513220516,0.07890041371737844,lane_1,mainline,,normal,none,commit
BASIC-06,basic_01_06_900_bugcheck_20260605,856,85.59999999999941,B06_TLV_CLV,cav,not_applicable,9404.620000000015,3.5,29.999999999999957,1.7053025658242407e-14,lane_1,mainline,,normal,none,commit
BASIC-06,basic_01_06_900_bugcheck_20260605,857,85.6999999999994,B06_MV,cav,not_applicable,7245.999998338922,-3.5,4.0679803289302294e-07,4.0,on_ramp,on_ramp_mv,,normal,not_started,commit
BASIC-06,basic_01_06_900_bugcheck_20260605,857,85.6999999999994,B06_CLV,cav,not_applicable,9414.000000000005,0.0,29.999999999999957,1.7053025658242407e-14,lane_2,mainline,,normal,none,commit
BASIC-06,basic_01_06_900_bugcheck_20260605,857,85.6999999999994,B06_CFV,cav,not_applicable,9323.102108426241,3.5,30.035140569819493,0.364777161232133,lane_1,mainline,,normal,none,commit
BASIC-06,basic_01_06_900_bugcheck_20260605,857,85.6999999999994,B06_TLV_CFV,cav,not_applicable,9365.229360252799,3.5,30.043357893327492,0.7918276112233097,lane_1,mainline,,normal,none,commit
BASIC-06,basic_01_06_900_bugcheck_20260605,857,85.6999999999994,B06_TLV_CLV,cav,not_applicable,9407.620000000015,3.5,29.999999999999957,1.7053025658242407e-14,lane_1,mainline,,normal,none,commit
BASIC-06,basic_01_06_900_bugcheck_20260605,858,85.7999999999994,B06_MV,cav,not_applicable,7245.999998378629,-3.5,3.970736818470147e-07,4.0,on_ramp,on_ramp_mv,,normal,not_started,commit
BASIC-06,basic_01_06_900_bugcheck_20260605,858,85.7999999999994,B06_CLV,cav,not_applicable,9417.000000000005,0.0,29.999999999999957,1.7053025658242407e-14,lane_2,mainline,,normal,none,commit
BASIC-06,basic_01_06_900_bugcheck_20260605,858,85.7999999999994,B06_CFV,cav,not_applicable,9326.097697932724,3.5,29.955895064829395,-0.792455049900982,lane_1,mainline,,normal,none,commit
BASIC-06,basic_01_06_900_bugcheck_20260605,858,85.7999999999994,B06_TLV_CFV,cav,not_applicable,9368.22926554077,3.5,29.999052879700308,-0.44305013627183754,lane_1,mainline,,normal,none,commit
BASIC-06,basic_01_06_900_bugcheck_20260605,858,85.7999999999994,B06_TLV_CLV,cav,not_applicable,9410.620000000015,3.5,29.999999999999957,1.7053025658242407e-14,lane_1,mainline,,normal,none,commit
BASIC-06,basic_01_06_900_bugcheck_20260605,859,85.8999999999994,B06_MV,cav,not_applicable,7245.999998417387,-3.5,3.8758174296493475e-07,4.0,on_ramp,on_ramp_mv,,normal,not_started,commit
BASIC-06,basic_01_06_900_bugcheck_20260605,859,85.8999999999994,B06_CLV,cav,not_applicable,9420.000000000005,0.0,29.999999999999957,1.7053025658242407e-14,lane_2,mainline,,normal,none,commit
BASIC-06,basic_01_06_900_bugcheck_20260605,859,85.8999999999994,B06_CFV,cav,not_applicable,9329.094076443344,3.5,29.963785106201133,0.07890041371737844,lane_1,mainline,,normal,none,commit
BASIC-06,basic_01_06_900_bugcheck_20260605,859,85.8999999999994,B06_TLV_CFV,cav,not_applicable,9371.23281860035,3.5,30.03553059582352,0.364777161232133,lane_1,mainline,,normal,none,commit
BASIC-06,basic_01_06_900_bugcheck_20260605,859,85.8999999999994,B06_TLV_CLV,cav,not_applicable,9413.620000000015,3.5,29.999999999999957,1.7053025658242407e-14,lane_1,mainline,,normal,none,commit
BASIC-06,basic_01_06_900_bugcheck_20260605,860,85.99999999999939,B06_MV,cav,not_applicable,7245.999998455219,-3.5,3.78316780976345e-07,4.0,on_ramp,on_ramp_mv,,normal,not_started,commit
BASIC-06,basic_01_06_900_bugcheck_20260605,860,85.99999999999939,B06_CLV,cav,not_applicable,9423.000000000005,0.0,29.999999999999957,1.7053025658242407e-14,lane_2,mainline,,normal,none,commit
BASIC-06,basic_01_06_900_bugcheck_20260605,860,85.99999999999939,B06_CFV,cav,not_applicable,9332.098373230076,3.5,30.042967867323465,0.7918276112233097,lane_1,mainline,,normal,none,commit
BASIC-06,basic_01_06_900_bugcheck_20260605,860,85.99999999999939,B06_TLV_CFV,cav,not_applicable,9374.228447109434,3.5,29.956285090833422,-0.792455049900982,lane_1,mainline,,normal,none,commit
BASIC-06,basic_01_06_900_bugcheck_20260605,860,85.99999999999939,B06_TLV_CLV,cav,not_applicable,9416.620000000015,3.5,29.999999999999957,1.7053025658242407e-14,lane_1,mainline,,normal,none,commit
BASIC-06,basic_01_06_900_bugcheck_20260605,861,86.09999999999938,B06_MV,cav,not_applicable,7245.999998492146,-3.5,3.6927336061080756e-07,4.0,on_ramp,on_ramp_mv,,normal,not_started,commit
BASIC-06,basic_01_06_900_bugcheck_20260605,861,86.09999999999938,B06_CLV,cav,not_applicable,9426.000000000005,0.0,29.999999999999957,1.7053025658242407e-14,lane_2,mainline,,normal,none,commit
BASIC-06,basic_01_06_900_bugcheck_20260605,861,86.09999999999938,B06_CFV,cav,not_applicable,9335.098239515446,3.5,29.99866285369628,-0.44305013627183754,lane_1,mainline,,normal,none,commit
BASIC-06,basic_01_06_900_bugcheck_20260605,861,86.09999999999938,B06_TLV_CFV,cav,not_applicable,9377.224864622654,3.5,29.96417513220516,0.07890041371737844,lane_1,mainline,,normal,none,commit
BASIC-06,basic_01_06_900_bugcheck_20260605,861,86.09999999999938,B06_TLV_CLV,cav,not_applicable,9419.620000000015,3.5,29.999999999999957,1.7053025658242407e-14,lane_1,mainline,,normal,none,commit
BASIC-06,basic_01_06_900_bugcheck_20260605,862,86.19999999999938,B06_MV,cav,not_applicable,7245.99999852819,-3.5,3.6044604659788443e-07,4.0,on_ramp,on_ramp_mv,,normal,not_started,commit
BASIC-06,basic_01_06_900_bugcheck_20260605,862,86.19999999999938,B06_CLV,cav,not_applicable,9429.000000000005,0.0,29.999999999999957,1.7053025658242407e-14,lane_2,mainline,,normal,none,commit
BASIC-06,basic_01_06_900_bugcheck_20260605,862,86.19999999999938,B06_CFV,cav,not_applicable,9338.101753572428,3.5,30.035140569819493,0.364777161232133,lane_1,mainline,,normal,none,commit
BASIC-06,basic_01_06_900_bugcheck_20260605,862,86.19999999999938,B06_TLV_CFV,cav,not_applicable,9380.229200411986,3.5,30.043357893327492,0.7918276112233097,lane_1,mainline,,normal,none,commit
BASIC-06,basic_01_06_900_bugcheck_20260605,862,86.19999999999938,B06_TLV_CLV,cav,not_applicable,9422.620000000015,3.5,29.999999999999957,1.7053025658242407e-14,lane_1,mainline,,normal,none,commit
BASIC-06,basic_01_06_900_bugcheck_20260605,863,86.29999999999937,B06_MV,cav,not_applicable,7245.999998563373,-3.5,3.518298384887727e-07,4.0,on_ramp,on_ramp_mv,,normal,not_started,commit
BASIC-06,basic_01_06_900_bugcheck_20260605,863,86.29999999999937,B06_CLV,cav,not_applicable,9432.000000000005,0.0,29.999999999999957,1.7053025658242407e-14,lane_2,mainline,,normal,none,commit
BASIC-06,basic_01_06_900_bugcheck_20260605,863,86.29999999999937,B06_CFV,cav,not_applicable,9341.09734307891,3.5,29.955895064829395,-0.792455049900982,lane_1,mainline,,normal,none,commit
BASIC-06,basic_01_06_900_bugcheck_20260605,863,86.29999999999937,B06_TLV_CFV,cav,not_applicable,9383.229105699957,3.5,29.999052879700308,-0.44305013627183754,lane_1,mainline,,normal,none,commit
BASIC-06,basic_01_06_900_bugcheck_20260605,863,86.29999999999937,B06_TLV_CLV,cav,not_applicable,9425.620000000015,3.5,29.999999999999957,1.7053025658242407e-14,lane_1,mainline,,normal,none,commit
BASIC-06,basic_01_06_900_bugcheck_20260605,864,86.39999999999937,B06_MV,cav,not_applicable,7245.999998597715,-3.5,3.434195184238518e-07,4.0,on_ramp,on_ramp_mv,,normal,not_started,commit
BASIC-06,basic_01_06_900_bugcheck_20260605,864,86.39999999999937,B06_CLV,cav,not_applicable,9435.000000000005,0.0,29.999999999999957,1.7053025658242407e-14,lane_2,mainline,,normal,none,commit
BASIC-06,basic_01_06_900_bugcheck_20260605,864,86.39999999999937,B06_CFV,cav,not_applicable,9344.09372158953,3.5,29.963785106201133,0.07890041371737844,lane_1,mainline,,normal,none,commit
BASIC-06,basic_01_06_900_bugcheck_20260605,864,86.39999999999937,B06_TLV_CFV,cav,not_applicable,9386.232658759538,3.5,30.03553059582352,0.364777161232133,lane_1,mainline,,normal,none,commit
BASIC-06,basic_01_06_900_bugcheck_20260605,864,86.39999999999937,B06_TLV_CLV,cav,not_applicable,9428.620000000015,3.5,29.999999999999957,1.7053025658242407e-14,lane_1,mainline,,normal,none,commit
BASIC-06,basic_01_06_900_bugcheck_20260605,865,86.49999999999936,B06_MV,cav,not_applicable,7245.999998631236,-3.5,3.352103033651363e-07,4.0,on_ramp,on_ramp_mv,,normal,not_started,commit
BASIC-06,basic_01_06_900_bugcheck_20260605,865,86.49999999999936,B06_CLV,cav,not_applicable,9438.000000000005,0.0,29.999999999999957,1.7053025658242407e-14,lane_2,mainline,,normal,none,commit
BASIC-06,basic_01_06_900_bugcheck_20260605,865,86.49999999999936,B06_CFV,cav,not_applicable,9347.098018376262,3.5,30.042967867323465,0.7918276112233097,lane_1,mainline,,normal,none,commit
BASIC-06,basic_01_06_900_bugcheck_20260605,865,86.49999999999936,B06_TLV_CFV,cav,not_applicable,9389.228287268621,3.5,29.956285090833422,-0.792455049900982,lane_1,mainline,,normal,none,commit
BASIC-06,basic_01_06_900_bugcheck_20260605,865,86.49999999999936,B06_TLV_CLV,cav,not_applicable,9431.620000000015,3.5,29.999999999999957,1.7053025658242407e-14,lane_1,mainline,,normal,none,commit
BASIC-06,basic_01_06_900_bugcheck_20260605,866,86.59999999999935,B06_MV,cav,not_applicable,7245.999998663956,-3.5,3.2719719286382336e-07,4.0,on_ramp,on_ramp_mv,,normal,not_started,commit
BASIC-06,basic_01_06_900_bugcheck_20260605,866,86.59999999999935,B06_CLV,cav,not_applicable,9441.000000000005,0.0,29.999999999999957,1.7053025658242407e-14,lane_2,mainline,,normal,none,commit
BASIC-06,basic_01_06_900_bugcheck_20260605,866,86.59999999999935,B06_CFV,cav,not_applicable,9350.097884661633,3.5,29.99866285369628,-0.44305013627183754,lane_1,mainline,,normal,none,commit
BASIC-06,basic_01_06_900_bugcheck_20260605,866,86.59999999999935,B06_TLV_CFV,cav,not_applicable,9392.224704781842,3.5,29.96417513220516,0.07890041371737844,lane_1,mainline,,normal,none,commit
BASIC-06,basic_01_06_900_bugcheck_20260605,866,86.59999999999935,B06_TLV_CLV,cav,not_applicable,9434.620000000015,3.5,29.999999999999957,1.7053025658242407e-14,lane_1,mainline,,normal,none,commit
BASIC-06,basic_01_06_900_bugcheck_20260605,867,86.69999999999935,B06_MV,cav,not_applicable,7245.999998695894,-3.5,3.1937562129274506e-07,4.0,on_ramp,on_ramp_mv,,normal,not_started,commit
BASIC-06,basic_01_06_900_bugcheck_20260605,867,86.69999999999935,B06_CLV,cav,not_applicable,9444.000000000005,0.0,29.999999999999957,1.7053025658242407e-14,lane_2,mainline,,normal,none,commit
BASIC-06,basic_01_06_900_bugcheck_20260605,867,86.69999999999935,B06_CFV,cav,not_applicable,9353.101398718614,3.5,30.035140569819493,0.364777161232133,lane_1,mainline,,normal,none,commit
BASIC-06,basic_01_06_900_bugcheck_20260605,867,86.69999999999935,B06_TLV_CFV,cav,not_applicable,9395.229040571174,3.5,30.043357893327492,0.7918276112233097,lane_1,mainline,,normal,none,commit
BASIC-06,basic_01_06_900_bugcheck_20260605,867,86.69999999999935,B06_TLV_CLV,cav,not_applicable,9437.620000000015,3.5,29.999999999999957,1.7053025658242407e-14,lane_1,mainline,,normal,none,commit
BASIC-06,basic_01_06_900_bugcheck_20260605,868,86.79999999999934,B06_MV,cav,not_applicable,7245.999998727068,-3.5,3.117410230247334e-07,4.0,on_ramp,on_ramp_mv,,normal,not_started,commit
BASIC-06,basic_01_06_900_bugcheck_20260605,868,86.79999999999934,B06_CLV,cav,not_applicable,9447.000000000005,0.0,29.999999999999957,1.7053025658242407e-14,lane_2,mainline,,normal,none,commit
BASIC-06,basic_01_06_900_bugcheck_20260605,868,86.79999999999934,B06_CFV,cav,not_applicable,9356.096988225097,3.5,29.955895064829395,-0.792455049900982,lane_1,mainline,,normal,none,commit
BASIC-06,basic_01_06_900_bugcheck_20260605,868,86.79999999999934,B06_TLV_CFV,cav,not_applicable,9398.228945859144,3.5,29.999052879700308,-0.44305013627183754,lane_1,mainline,,normal,none,commit
BASIC-06,basic_01_06_900_bugcheck_20260605,868,86.79999999999934,B06_TLV_CLV,cav,not_applicable,9440.620000000015,3.5,29.999999999999957,1.7053025658242407e-14,lane_1,mainline,,normal,none,commit
BASIC-06,basic_01_06_900_bugcheck_20260605,869,86.89999999999934,B06_MV,cav,not_applicable,7245.9999987574965,-3.5,3.0428904984343806e-07,4.0,on_ramp,on_ramp_mv,,normal,not_started,commit
BASIC-06,basic_01_06_900_bugcheck_20260605,869,86.89999999999934,B06_CLV,cav,not_applicable,9450.000000000005,0.0,29.999999999999957,1.7053025658242407e-14,lane_2,mainline,,normal,none,commit
BASIC-06,basic_01_06_900_bugcheck_20260605,869,86.89999999999934,B06_CFV,cav,not_applicable,9359.093366735717,3.5,29.963785106201133,0.07890041371737844,lane_1,mainline,,normal,none,commit
BASIC-06,basic_01_06_900_bugcheck_20260605,869,86.89999999999934,B06_TLV_CFV,cav,not_applicable,9401.232498918725,3.5,30.03553059582352,0.364777161232133,lane_1,mainline,,normal,none,commit
BASIC-06,basic_01_06_900_bugcheck_20260605,869,86.89999999999934,B06_TLV_CLV,cav,not_applicable,9443.620000000015,3.5,29.999999999999957,1.7053025658242407e-14,lane_1,mainline,,normal,none,commit
BASIC-06,basic_01_06_900_bugcheck_20260605,870,86.99999999999933,B06_MV,cav,not_applicable,7245.999998787198,-3.5,2.970151361216911e-07,4.0,on_ramp,on_ramp_mv,,normal,not_started,commit
BASIC-06,basic_01_06_900_bugcheck_20260605,870,86.99999999999933,B06_CLV,cav,not_applicable,9453.000000000005,0.0,29.999999999999957,1.7053025658242407e-14,lane_2,mainline,,normal,none,commit
BASIC-06,basic_01_06_900_bugcheck_20260605,870,86.99999999999933,B06_CFV,cav,not_applicable,9362.097663522449,3.5,30.042967867323465,0.7918276112233097,lane_1,mainline,,normal,none,commit
BASIC-06,basic_01_06_900_bugcheck_20260605,870,86.99999999999933,B06_TLV_CFV,cav,not_applicable,9404.228127427808,3.5,29.956285090833422,-0.792455049900982,lane_1,mainline,,normal,none,commit
BASIC-06,basic_01_06_900_bugcheck_20260605,870,86.99999999999933,B06_TLV_CLV,cav,not_applicable,9446.620000000015,3.5,29.999999999999957,1.7053025658242407e-14,lane_1,mainline,,normal,none,commit
BASIC-06,basic_01_06_900_bugcheck_20260605,871,87.09999999999933,B06_MV,cav,not_applicable,7245.99999881619,-3.5,2.899151510539597e-07,4.0,on_ramp,on_ramp_mv,,normal,not_started,commit
BASIC-06,basic_01_06_900_bugcheck_20260605,871,87.09999999999933,B06_CLV,cav,not_applicable,9456.000000000005,0.0,29.999999999999957,1.7053025658242407e-14,lane_2,mainline,,normal,none,commit
BASIC-06,basic_01_06_900_bugcheck_20260605,871,87.09999999999933,B06_CFV,cav,not_applicable,9365.09752980782,3.5,29.99866285369628,-0.44305013627183754,lane_1,mainline,,normal,none,commit
BASIC-06,basic_01_06_900_bugcheck_20260605,871,87.09999999999933,B06_TLV_CFV,cav,not_applicable,9407.22454494103,3.5,29.96417513220516,0.07890041371737844,lane_1,mainline,,normal,none,commit
BASIC-06,basic_01_06_900_bugcheck_20260605,871,87.09999999999933,B06_TLV_CLV,cav,not_applicable,9449.620000000015,3.5,29.999999999999957,1.7053025658242407e-14,lane_1,mainline,,normal,none,commit
BASIC-06,basic_01_06_900_bugcheck_20260605,872,87.19999999999932,B06_MV,cav,not_applicable,7245.999998844489,-3.5,2.829847464238934e-07,4.0,on_ramp,on_ramp_mv,,normal,not_started,commit
BASIC-06,basic_01_06_900_bugcheck_20260605,872,87.19999999999932,B06_CLV,cav,not_applicable,9459.000000000005,0.0,29.999999999999957,1.7053025658242407e-14,lane_2,mainline,,normal,none,commit
BASIC-06,basic_01_06_900_bugcheck_20260605,872,87.19999999999932,B06_CFV,cav,not_applicable,9368.1010438648,3.5,30.035140569819493,0.364777161232133,lane_1,mainline,,normal,none,commit
BASIC-06,basic_01_06_900_bugcheck_20260605,872,87.19999999999932,B06_TLV_CFV,cav,not_applicable,9410.228880730361,3.5,30.043357893327492,0.7918276112233097,lane_1,mainline,,normal,none,commit
BASIC-06,basic_01_06_900_bugcheck_20260605,872,87.19999999999932,B06_TLV_CLV,cav,not_applicable,9452.620000000015,3.5,29.999999999999957,1.7053025658242407e-14,lane_1,mainline,,normal,none,commit
BASIC-06,basic_01_06_900_bugcheck_20260605,873,87.29999999999932,B06_MV,cav,not_applicable,7245.999998872111,-3.5,2.7622000883677696e-07,4.0,on_ramp,on_ramp_mv,,normal,not_started,commit
BASIC-06,basic_01_06_900_bugcheck_20260605,873,87.29999999999932,B06_CLV,cav,not_applicable,9462.000000000005,0.0,29.999999999999957,1.7053025658242407e-14,lane_2,mainline,,normal,none,commit
BASIC-06,basic_01_06_900_bugcheck_20260605,873,87.29999999999932,B06_CFV,cav,not_applicable,9371.096633371284,3.5,29.955895064829395,-0.792455049900982,lane_1,mainline,,normal,none,commit
BASIC-06,basic_01_06_900_bugcheck_20260605,873,87.29999999999932,B06_TLV_CFV,cav,not_applicable,9413.228786018331,3.5,29.999052879700308,-0.44305013627183754,lane_1,mainline,,normal,none,commit
BASIC-06,basic_01_06_900_bugcheck_20260605,873,87.29999999999932,B06_TLV_CLV,cav,not_applicable,9455.620000000015,3.5,29.999999999999957,1.7053025658242407e-14,lane_1,mainline,,normal,none,commit
BASIC-06,basic_01_06_900_bugcheck_20260605,874,87.39999999999931,B06_MV,cav,not_applicable,7245.999998899073,-3.5,2.696170248978949e-07,4.0,on_ramp,on_ramp_mv,,normal,not_started,commit
BASIC-06,basic_01_06_900_bugcheck_20260605,874,87.39999999999931,B06_CLV,cav,not_applicable,9465.000000000005,0.0,29.999999999999957,1.7053025658242407e-14,lane_2,mainline,,normal,none,commit
BASIC-06,basic_01_06_900_bugcheck_20260605,874,87.39999999999931,B06_CFV,cav,not_applicable,9374.093011881903,3.5,29.963785106201133,0.07890041371737844,lane_1,mainline,,normal,none,commit
BASIC-06,basic_01_06_900_bugcheck_20260605,874,87.39999999999931,B06_TLV_CFV,cav,not_applicable,9416.232339077913,3.5,30.03553059582352,0.364777161232133,lane_1,mainline,,normal,none,commit
BASIC-06,basic_01_06_900_bugcheck_20260605,874,87.39999999999931,B06_TLV_CLV,cav,not_applicable,9458.620000000015,3.5,29.999999999999957,1.7053025658242407e-14,lane_1,mainline,,normal,none,commit
BASIC-06,basic_01_06_900_bugcheck_20260605,875,87.4999999999993,B06_MV,cav,not_applicable,7245.99999892539,-3.5,2.6317188121253194e-07,4.0,on_ramp,on_ramp_mv,,normal,not_started,commit
BASIC-06,basic_01_06_900_bugcheck_20260605,875,87.4999999999993,B06_CLV,cav,not_applicable,9468.000000000005,0.0,29.999999999999957,1.7053025658242407e-14,lane_2,mainline,,normal,none,commit
BASIC-06,basic_01_06_900_bugcheck_20260605,875,87.4999999999993,B06_CFV,cav,not_applicable,9377.097308668635,3.5,30.042967867323465,0.7918276112233097,lane_1,mainline,,normal,none,commit
BASIC-06,basic_01_06_900_bugcheck_20260605,875,87.4999999999993,B06_TLV_CFV,cav,not_applicable,9419.227967586996,3.5,29.956285090833422,-0.792455049900982,lane_1,mainline,,normal,none,commit
BASIC-06,basic_01_06_900_bugcheck_20260605,875,87.4999999999993,B06_TLV_CLV,cav,not_applicable,9461.620000000015,3.5,29.999999999999957,1.7053025658242407e-14,lane_1,mainline,,normal,none,commit
BASIC-06,basic_01_06_900_bugcheck_20260605,876,87.5999999999993,B06_MV,cav,not_applicable,7245.999998951078,-3.5,2.5688088179679026e-07,4.0,on_ramp,on_ramp_mv,,normal,not_started,commit
BASIC-06,basic_01_06_900_bugcheck_20260605,876,87.5999999999993,B06_CLV,cav,not_applicable,9471.000000000005,0.0,29.999999999999957,1.7053025658242407e-14,lane_2,mainline,,normal,none,commit
BASIC-06,basic_01_06_900_bugcheck_20260605,876,87.5999999999993,B06_CFV,cav,not_applicable,9380.097174954006,3.5,29.99866285369628,-0.44305013627183754,lane_1,mainline,,normal,none,commit
BASIC-06,basic_01_06_900_bugcheck_20260605,876,87.5999999999993,B06_TLV_CFV,cav,not_applicable,9422.224385100217,3.5,29.96417513220516,0.07890041371737844,lane_1,mainline,,normal,none,commit
BASIC-06,basic_01_06_900_bugcheck_20260605,876,87.5999999999993,B06_TLV_CLV,cav,not_applicable,9464.620000000015,3.5,29.999999999999957,1.7053025658242407e-14,lane_1,mainline,,normal,none,commit
BASIC-06,basic_01_06_900_bugcheck_20260605,877,87.69999999999929,B06_MV,cav,not_applicable,7245.999998976152,-3.5,2.50740330666772e-07,4.0,on_ramp,on_ramp_mv,,normal,not_started,commit
BASIC-06,basic_01_06_900_bugcheck_20260605,877,87.69999999999929,B06_CLV,cav,not_applicable,9474.000000000005,0.0,29.999999999999957,1.7053025658242407e-14,lane_2,mainline,,normal,none,commit
BASIC-06,basic_01_06_900_bugcheck_20260605,877,87.69999999999929,B06_CFV,cav,not_applicable,9383.100689010987,3.5,30.035140569819493,0.364777161232133,lane_1,mainline,,normal,none,commit
BASIC-06,basic_01_06_900_bugcheck_20260605,877,87.69999999999929,B06_TLV_CFV,cav,not_applicable,9425.228720889549,3.5,30.043357893327492,0.7918276112233097,lane_1,mainline,,normal,none,commit
BASIC-06,basic_01_06_900_bugcheck_20260605,877,87.69999999999929,B06_TLV_CLV,cav,not_applicable,9467.620000000015,3.5,29.999999999999957,1.7053025658242407e-14,lane_1,mainline,,normal,none,commit
BASIC-06,basic_01_06_900_bugcheck_20260605,878,87.79999999999929,B06_MV,cav,not_applicable,7245.999999000626,-3.5,2.447465318385794e-07,4.0,on_ramp,on_ramp_mv,,normal,not_started,commit
BASIC-06,basic_01_06_900_bugcheck_20260605,878,87.79999999999929,B06_CLV,cav,not_applicable,9477.000000000005,0.0,29.999999999999957,1.7053025658242407e-14,lane_2,mainline,,normal,none,commit
BASIC-06,basic_01_06_900_bugcheck_20260605,878,87.79999999999929,B06_CFV,cav,not_applicable,9386.09627851747,3.5,29.955895064829395,-0.792455049900982,lane_1,mainline,,normal,none,commit
BASIC-06,basic_01_06_900_bugcheck_20260605,878,87.79999999999929,B06_TLV_CFV,cav,not_applicable,9428.228626177519,3.5,29.999052879700308,-0.44305013627183754,lane_1,mainline,,normal,none,commit
BASIC-06,basic_01_06_900_bugcheck_20260605,878,87.79999999999929,B06_TLV_CLV,cav,not_applicable,9470.620000000015,3.5,29.999999999999957,1.7053025658242407e-14,lane_1,mainline,,normal,none,commit
BASIC-06,basic_01_06_900_bugcheck_20260605,879,87.89999999999928,B06_MV,cav,not_applicable,7245.999999024516,-3.5,2.3889600673913203e-07,4.0,on_ramp,on_ramp_mv,,normal,not_started,commit
BASIC-06,basic_01_06_900_bugcheck_20260605,879,87.89999999999928,B06_CLV,cav,not_applicable,9480.000000000005,0.0,29.999999999999957,1.7053025658242407e-14,lane_2,mainline,,normal,none,commit
BASIC-06,basic_01_06_900_bugcheck_20260605,879,87.89999999999928,B06_CFV,cav,not_applicable,9389.09265702809,3.5,29.963785106201133,0.07890041371737844,lane_1,mainline,,normal,none,commit
BASIC-06,basic_01_06_900_bugcheck_20260605,879,87.89999999999928,B06_TLV_CFV,cav,not_applicable,9431.2321792371,3.5,30.03553059582352,0.364777161232133,lane_1,mainline,,normal,none,commit
BASIC-06,basic_01_06_900_bugcheck_20260605,879,87.89999999999928,B06_TLV_CLV,cav,not_applicable,9473.620000000015,3.5,29.999999999999957,1.7053025658242407e-14,lane_1,mainline,,normal,none,commit
BASIC-06,basic_01_06_900_bugcheck_20260605,880,87.99999999999928,B06_MV,cav,not_applicable,7245.9999990478345,-3.5,2.3318527679534965e-07,4.0,on_ramp,on_ramp_mv,,normal,not_started,commit
BASIC-06,basic_01_06_900_bugcheck_20260605,880,87.99999999999928,B06_CLV,cav,not_applicable,9483.000000000005,0.0,29.999999999999957,1.7053025658242407e-14,lane_2,mainline,,normal,none,commit
BASIC-06,basic_01_06_900_bugcheck_20260605,880,87.99999999999928,B06_CFV,cav,not_applicable,9392.096953814822,3.5,30.042967867323465,0.7918276112233097,lane_1,mainline,,normal,none,commit
BASIC-06,basic_01_06_900_bugcheck_20260605,880,87.99999999999928,B06_TLV_CFV,cav,not_applicable,9434.227807746183,3.5,29.956285090833422,-0.792455049900982,lane_1,mainline,,normal,none,commit
BASIC-06,basic_01_06_900_bugcheck_20260605,880,87.99999999999928,B06_TLV_CLV,cav,not_applicable,9476.620000000015,3.5,29.999999999999957,1.7053025658242407e-14,lane_1,mainline,,normal,none,commit
BASIC-06,basic_01_06_900_bugcheck_20260605,881,88.09999999999927,B06_MV,cav,not_applicable,7245.999999070596,-3.5,2.2761108084496945e-07,4.0,on_ramp,on_ramp_mv,,normal,not_started,commit
BASIC-06,basic_01_06_900_bugcheck_20260605,881,88.09999999999927,B06_CLV,cav,not_applicable,9486.000000000005,0.0,29.999999999999957,1.7053025658242407e-14,lane_2,mainline,,normal,none,commit
BASIC-06,basic_01_06_900_bugcheck_20260605,881,88.09999999999927,B06_CFV,cav,not_applicable,9395.096820100192,3.5,29.99866285369628,-0.44305013627183754,lane_1,mainline,,normal,none,commit
BASIC-06,basic_01_06_900_bugcheck_20260605,881,88.09999999999927,B06_TLV_CFV,cav,not_applicable,9437.224225259404,3.5,29.96417513220516,0.07890041371737844,lane_1,mainline,,normal,none,commit
BASIC-06,basic_01_06_900_bugcheck_20260605,881,88.09999999999927,B06_TLV_CLV,cav,not_applicable,9479.620000000015,3.5,29.999999999999957,1.7053025658242407e-14,lane_1,mainline,,normal,none,commit
BASIC-06,basic_01_06_900_bugcheck_20260605,882,88.19999999999926,B06_MV,cav,not_applicable,7245.999999092813,-3.5,2.2217015772572867e-07,4.0,on_ramp,on_ramp_mv,,normal,not_started,commit
BASIC-06,basic_01_06_900_bugcheck_20260605,882,88.19999999999926,B06_CLV,cav,not_applicable,9489.000000000005,0.0,29.999999999999957,1.7053025658242407e-14,lane_2,mainline,,normal,none,commit
BASIC-06,basic_01_06_900_bugcheck_20260605,882,88.19999999999926,B06_CFV,cav,not_applicable,9398.100334157174,3.5,30.035140569819493,0.364777161232133,lane_1,mainline,,normal,none,commit
BASIC-06,basic_01_06_900_bugcheck_20260605,882,88.19999999999926,B06_TLV_CFV,cav,not_applicable,9440.228561048736,3.5,30.043357893327492,0.7918276112233097,lane_1,mainline,,normal,none,commit
BASIC-06,basic_01_06_900_bugcheck_20260605,882,88.19999999999926,B06_TLV_CLV,cav,not_applicable,9482.620000000015,3.5,29.999999999999957,1.7053025658242407e-14,lane_1,mainline,,normal,none,commit
BASIC-06,basic_01_06_900_bugcheck_20260605,883,88.29999999999926,B06_MV,cav,not_applicable,7245.999999114499,-3.5,2.168592462753645e-07,4.0,on_ramp,on_ramp_mv,,normal,not_started,commit
BASIC-06,basic_01_06_900_bugcheck_20260605,883,88.29999999999926,B06_CLV,cav,not_applicable,9492.000000000005,0.0,29.999999999999957,1.7053025658242407e-14,lane_2,mainline,,normal,none,commit
BASIC-06,basic_01_06_900_bugcheck_20260605,883,88.29999999999926,B06_CFV,cav,not_applicable,9401.095923663657,3.5,29.955895064829395,-0.792455049900982,lane_1,mainline,,normal,none,commit
BASIC-06,basic_01_06_900_bugcheck_20260605,883,88.29999999999926,B06_TLV_CFV,cav,not_applicable,9443.228466336706,3.5,29.999052879700308,-0.44305013627183754,lane_1,mainline,,normal,none,commit
BASIC-06,basic_01_06_900_bugcheck_20260605,883,88.29999999999926,B06_TLV_CLV,cav,not_applicable,9485.620000000015,3.5,29.999999999999957,1.7053025658242407e-14,lane_1,mainline,,normal,none,commit
BASIC-06,basic_01_06_900_bugcheck_20260605,884,88.39999999999925,B06_MV,cav,not_applicable,7245.999999135666,-3.5,2.1167530274243166e-07,4.0,on_ramp,on_ramp_mv,,normal,not_started,commit
BASIC-06,basic_01_06_900_bugcheck_20260605,884,88.39999999999925,B06_CLV,cav,not_applicable,9495.000000000005,0.0,29.999999999999957,1.7053025658242407e-14,lane_2,mainline,,normal,none,commit
BASIC-06,basic_01_06_900_bugcheck_20260605,884,88.39999999999925,B06_CFV,cav,not_applicable,9404.092302174276,3.5,29.963785106201133,0.07890041371737844,lane_1,mainline,,normal,none,commit
BASIC-06,basic_01_06_900_bugcheck_20260605,884,88.39999999999925,B06_TLV_CFV,cav,not_applicable,9446.232019396288,3.5,30.03553059582352,0.364777161232133,lane_1,mainline,,normal,none,commit
BASIC-06,basic_01_06_900_bugcheck_20260605,884,88.39999999999925,B06_TLV_CLV,cav,not_applicable,9488.620000000015,3.5,29.999999999999957,1.7053025658242407e-14,lane_1,mainline,,normal,none,commit
BASIC-06,basic_01_06_900_bugcheck_20260605,885,88.49999999999925,B06_MV,cav,not_applicable,7245.999999156328,-3.5,2.0661528337548488e-07,4.0,on_ramp,on_ramp_mv,,normal,not_started,commit
BASIC-06,basic_01_06_900_bugcheck_20260605,885,88.49999999999925,B06_CLV,cav,not_applicable,9498.000000000005,0.0,29.999999999999957,1.7053025658242407e-14,lane_2,mainline,,normal,none,commit
BASIC-06,basic_01_06_900_bugcheck_20260605,885,88.49999999999925,B06_CFV,cav,not_applicable,9407.096598961009,3.5,30.042967867323465,0.7918276112233097,lane_1,mainline,,normal,none,commit
BASIC-06,basic_01_06_900_bugcheck_20260605,885,88.49999999999925,B06_TLV_CFV,cav,not_applicable,9449.22764790537,3.5,29.956285090833422,-0.792455049900982,lane_1,mainline,,normal,none,commit
BASIC-06,basic_01_06_900_bugcheck_20260605,885,88.49999999999925,B06_TLV_CLV,cav,not_applicable,9491.620000000015,3.5,29.999999999999957,1.7053025658242407e-14,lane_1,mainline,,normal,none,commit
BASIC-06,basic_01_06_900_bugcheck_20260605,886,88.59999999999924,B06_MV,cav,not_applicable,7245.999999176496,-3.5,2.0167614442307888e-07,4.0,on_ramp,on_ramp_mv,,normal,not_started,commit
BASIC-06,basic_01_06_900_bugcheck_20260605,886,88.59999999999924,B06_CLV,cav,not_applicable,9501.000000000005,0.0,29.999999999999957,1.7053025658242407e-14,lane_2,mainline,,normal,none,commit
BASIC-06,basic_01_06_900_bugcheck_20260605,886,88.59999999999924,B06_CFV,cav,not_applicable,9410.096465246379,3.5,29.99866285369628,-0.44305013627183754,lane_1,mainline,,normal,none,commit
BASIC-06,basic_01_06_900_bugcheck_20260605,886,88.59999999999924,B06_TLV_CFV,cav,not_applicable,9452.224065418592,3.5,29.96417513220516,0.07890041371737844,lane_1,mainline,,normal,none,commit
BASIC-06,basic_01_06_900_bugcheck_20260605,886,88.59999999999924,B06_TLV_CLV,cav,not_applicable,9494.620000000015,3.5,29.999999999999957,1.7053025658242407e-14,lane_1,mainline,,normal,none,commit
BASIC-06,basic_01_06_900_bugcheck_20260605,887,88.69999999999924,B06_MV,cav,not_applicable,7245.999999196181,-3.5,1.9685505954458594e-07,4.0,on_ramp,on_ramp_mv,,normal,not_started,commit
BASIC-06,basic_01_06_900_bugcheck_20260605,887,88.69999999999924,B06_CLV,cav,not_applicable,9504.000000000005,0.0,29.999999999999957,1.7053025658242407e-14,lane_2,mainline,,normal,none,commit
BASIC-06,basic_01_06_900_bugcheck_20260605,887,88.69999999999924,B06_CFV,cav,not_applicable,9413.09997930336,3.5,30.035140569819493,0.364777161232133,lane_1,mainline,,normal,none,commit
BASIC-06,basic_01_06_900_bugcheck_20260605,887,88.69999999999924,B06_TLV_CFV,cav,not_applicable,9455.228401207924,3.5,30.043357893327492,0.7918276112233097,lane_1,mainline,,normal,none,commit
BASIC-06,basic_01_06_900_bugcheck_20260605,887,88.69999999999924,B06_TLV_CLV,cav,not_applicable,9497.620000000015,3.5,29.999999999999957,1.7053025658242407e-14,lane_1,mainline,,normal,none,commit
BASIC-06,basic_01_06_900_bugcheck_20260605,888,88.79999999999923,B06_MV,cav,not_applicable,7245.999999215396,-3.5,1.9214941981019582e-07,4.0,on_ramp,on_ramp_mv,,normal,not_started,commit
BASIC-06,basic_01_06_900_bugcheck_20260605,888,88.79999999999923,B06_CLV,cav,not_applicable,9507.000000000005,0.0,29.999999999999957,1.7053025658242407e-14,lane_2,mainline,,normal,none,commit
BASIC-06,basic_01_06_900_bugcheck_20260605,888,88.79999999999923,B06_CFV,cav,not_applicable,9416.095568809844,3.5,29.955895064829395,-0.792455049900982,lane_1,mainline,,normal,none,commit
BASIC-06,basic_01_06_900_bugcheck_20260605,888,88.79999999999923,B06_TLV_CFV,cav,not_applicable,9458.228306495894,3.5,29.999052879700308,-0.44305013627183754,lane_1,mainline,,normal,none,commit
BASIC-06,basic_01_06_900_bugcheck_20260605,888,88.79999999999923,B06_TLV_CLV,cav,not_applicable,9500.620000000015,3.5,29.999999999999957,1.7053025658242407e-14,lane_1,mainline,,normal,none,commit
BASIC-06,basic_01_06_900_bugcheck_20260605,889,88.89999999999922,B06_MV,cav,not_applicable,7245.999999234152,-3.5,1.875561814684632e-07,4.0,on_ramp,on_ramp_mv,,normal,not_started,commit
BASIC-06,basic_01_06_900_bugcheck_20260605,889,88.89999999999922,B06_CLV,cav,not_applicable,9510.000000000005,0.0,29.999999999999957,1.7053025658242407e-14,lane_2,mainline,,normal,none,commit
BASIC-06,basic_01_06_900_bugcheck_20260605,889,88.89999999999922,B06_CFV,cav,not_applicable,9419.091947320463,3.5,29.963785106201133,0.07890041371737844,lane_1,mainline,,normal,none,commit
BASIC-06,basic_01_06_900_bugcheck_20260605,889,88.89999999999922,B06_TLV_CFV,cav,not_applicable,9461.231859555475,3.5,30.03553059582352,0.364777161232133,lane_1,mainline,,normal,none,commit
BASIC-06,basic_01_06_900_bugcheck_20260605,889,88.89999999999922,B06_TLV_CLV,cav,not_applicable,9503.620000000015,3.5,29.999999999999957,1.7053025658242407e-14,lane_1,mainline,,normal,none,commit
BASIC-06,basic_01_06_900_bugcheck_20260605,890,88.99999999999922,B06_MV,cav,not_applicable,7245.999999252459,-3.5,1.830727355895779e-07,4.0,on_ramp,on_ramp_mv,,normal,not_started,commit
BASIC-06,basic_01_06_900_bugcheck_20260605,890,88.99999999999922,B06_CLV,cav,not_applicable,9513.000000000005,0.0,29.999999999999957,1.7053025658242407e-14,lane_2,mainline,,normal,none,commit
BASIC-06,basic_01_06_900_bugcheck_20260605,890,88.99999999999922,B06_CFV,cav,not_applicable,9422.096244107195,3.5,30.042967867323465,0.7918276112233097,lane_1,mainline,,normal,none,commit
BASIC-06,basic_01_06_900_bugcheck_20260605,890,88.99999999999922,B06_TLV_CFV,cav,not_applicable,9464.227488064558,3.5,29.956285090833422,-0.792455049900982,lane_1,mainline,,normal,none,commit
BASIC-06,basic_01_06_900_bugcheck_20260605,890,88.99999999999922,B06_TLV_CLV,cav,not_applicable,9506.620000000015,3.5,29.999999999999957,1.7053025658242407e-14,lane_1,mainline,,normal,none,commit
BASIC-06,basic_01_06_900_bugcheck_20260605,891,89.09999999999921,B06_MV,cav,not_applicable,7245.999999270329,-3.5,1.7869647324372968e-07,4.0,on_ramp,on_ramp_mv,,normal,not_started,commit
BASIC-06,basic_01_06_900_bugcheck_20260605,891,89.09999999999921,B06_CLV,cav,not_applicable,9516.000000000005,0.0,29.999999999999957,1.7053025658242407e-14,lane_2,mainline,,normal,none,commit
BASIC-06,basic_01_06_900_bugcheck_20260605,891,89.09999999999921,B06_CFV,cav,not_applicable,9425.096110392566,3.5,29.99866285369628,-0.44305013627183754,lane_1,mainline,,normal,none,commit
BASIC-06,basic_01_06_900_bugcheck_20260605,891,89.09999999999921,B06_TLV_CFV,cav,not_applicable,9467.223905577779,3.5,29.96417513220516,0.07890041371737844,lane_1,mainline,,normal,none,commit
BASIC-06,basic_01_06_900_bugcheck_20260605,891,89.09999999999921,B06_TLV_CLV,cav,not_applicable,9509.620000000015,3.5,29.999999999999957,1.7053025658242407e-14,lane_1,mainline,,normal,none,commit
BASIC-06,basic_01_06_900_bugcheck_20260605,892,89.1999999999992,B06_MV,cav,not_applicable,7245.999999287771,-3.5,1.7442478550110828e-07,4.0,on_ramp,on_ramp_mv,,normal,not_started,commit
BASIC-06,basic_01_06_900_bugcheck_20260605,892,89.1999999999992,B06_CLV,cav,not_applicable,9519.000000000005,0.0,29.999999999999957,1.7053025658242407e-14,lane_2,mainline,,normal,none,commit
BASIC-06,basic_01_06_900_bugcheck_20260605,892,89.1999999999992,B06_CFV,cav,not_applicable,9428.099624449547,3.5,30.035140569819493,0.364777161232133,lane_1,mainline,,normal,none,commit
BASIC-06,basic_01_06_900_bugcheck_20260605,892,89.1999999999992,B06_TLV_CFV,cav,not_applicable,9470.228241367111,3.5,30.043357893327492,0.7918276112233097,lane_1,mainline,,normal,none,commit
BASIC-06,basic_01_06_900_bugcheck_20260605,892,89.1999999999992,B06_TLV_CLV,cav,not_applicable,9512.620000000015,3.5,29.999999999999957,1.7053025658242407e-14,lane_1,mainline,,normal,none,commit
BASIC-06,basic_01_06_900_bugcheck_20260605,893,89.2999999999992,B06_MV,cav,not_applicable,7245.999999304797,-3.5,1.7025528084272101e-07,4.0,on_ramp,on_ramp_mv,,normal,not_started,commit
BASIC-06,basic_01_06_900_bugcheck_20260605,893,89.2999999999992,B06_CLV,cav,not_applicable,9522.000000000005,0.0,29.999999999999957,1.7053025658242407e-14,lane_2,mainline,,normal,none,commit
BASIC-06,basic_01_06_900_bugcheck_20260605,893,89.2999999999992,B06_CFV,cav,not_applicable,9431.09521395603,3.5,29.955895064829395,-0.792455049900982,lane_1,mainline,,normal,none,commit
BASIC-06,basic_01_06_900_bugcheck_20260605,893,89.2999999999992,B06_TLV_CFV,cav,not_applicable,9473.228146655081,3.5,29.999052879700308,-0.44305013627183754,lane_1,mainline,,normal,none,commit
BASIC-06,basic_01_06_900_bugcheck_20260605,893,89.2999999999992,B06_TLV_CLV,cav,not_applicable,9515.620000000015,3.5,29.999999999999957,1.7053025658242407e-14,lane_1,mainline,,normal,none,commit
BASIC-06,basic_01_06_900_bugcheck_20260605,894,89.3999999999992,B06_MV,cav,not_applicable,7245.999999321415,-3.5,1.6618535033875765e-07,4.0,on_ramp,on_ramp_mv,,normal,not_started,commit
BASIC-06,basic_01_06_900_bugcheck_20260605,894,89.3999999999992,B06_CLV,cav,not_applicable,9525.000000000005,0.0,29.999999999999957,1.7053025658242407e-14,lane_2,mainline,,normal,none,commit
BASIC-06,basic_01_06_900_bugcheck_20260605,894,89.3999999999992,B06_CFV,cav,not_applicable,9434.09159246665,3.5,29.963785106201133,0.07890041371737844,lane_1,mainline,,normal,none,commit
BASIC-06,basic_01_06_900_bugcheck_20260605,894,89.3999999999992,B06_TLV_CFV,cav,not_applicable,9476.231699714663,3.5,30.03553059582352,0.364777161232133,lane_1,mainline,,normal,none,commit
BASIC-06,basic_01_06_900_bugcheck_20260605,894,89.3999999999992,B06_TLV_CLV,cav,not_applicable,9518.620000000015,3.5,29.999999999999957,1.7053025658242407e-14,lane_1,mainline,,normal,none,commit
BASIC-06,basic_01_06_900_bugcheck_20260605,895,89.49999999999919,B06_MV,cav,not_applicable,7245.999999337636,-3.5,1.6221281988104296e-07,4.0,on_ramp,on_ramp_mv,,normal,not_started,commit
BASIC-06,basic_01_06_900_bugcheck_20260605,895,89.49999999999919,B06_CLV,cav,not_applicable,9528.000000000005,0.0,29.999999999999957,1.7053025658242407e-14,lane_2,mainline,,normal,none,commit
BASIC-06,basic_01_06_900_bugcheck_20260605,895,89.49999999999919,B06_CFV,cav,not_applicable,9437.095889253382,3.5,30.042967867323465,0.7918276112233097,lane_1,mainline,,normal,none,commit
BASIC-06,basic_01_06_900_bugcheck_20260605,895,89.49999999999919,B06_TLV_CFV,cav,not_applicable,9479.227328223746,3.5,29.956285090833422,-0.792455049900982,lane_1,mainline,,normal,none,commit
BASIC-06,basic_01_06_900_bugcheck_20260605,895,89.49999999999919,B06_TLV_CLV,cav,not_applicable,9521.620000000015,3.5,29.999999999999957,1.7053025658242407e-14,lane_1,mainline,,normal,none,commit
BASIC-06,basic_01_06_900_bugcheck_20260605,896,89.59999999999918,B06_MV,cav,not_applicable,7245.999999353469,-3.5,1.5833529795058425e-07,4.0,on_ramp,on_ramp_mv,,normal,not_started,commit
BASIC-06,basic_01_06_900_bugcheck_20260605,896,89.59999999999918,B06_CLV,cav,not_applicable,9531.000000000005,0.0,29.999999999999957,1.7053025658242407e-14,lane_2,mainline,,normal,none,commit
BASIC-06,basic_01_06_900_bugcheck_20260605,896,89.59999999999918,B06_CFV,cav,not_applicable,9440.095755538752,3.5,29.99866285369628,-0.44305013627183754,lane_1,mainline,,normal,none,commit
BASIC-06,basic_01_06_900_bugcheck_20260605,896,89.59999999999918,B06_TLV_CFV,cav,not_applicable,9482.223745736967,3.5,29.96417513220516,0.07890041371737844,lane_1,mainline,,normal,none,commit
BASIC-06,basic_01_06_900_bugcheck_20260605,896,89.59999999999918,B06_TLV_CLV,cav,not_applicable,9524.620000000015,3.5,29.999999999999957,1.7053025658242407e-14,lane_1,mainline,,normal,none,commit
BASIC-06,basic_01_06_900_bugcheck_20260605,897,89.69999999999918,B06_MV,cav,not_applicable,7245.999999368924,-3.5,1.5455039302838883e-07,4.0,on_ramp,on_ramp_mv,,normal,not_started,commit
BASIC-06,basic_01_06_900_bugcheck_20260605,897,89.69999999999918,B06_CLV,cav,not_applicable,9534.000000000005,0.0,29.999999999999957,1.7053025658242407e-14,lane_2,mainline,,normal,none,commit
BASIC-06,basic_01_06_900_bugcheck_20260605,897,89.69999999999918,B06_CFV,cav,not_applicable,9443.099269595734,3.5,30.035140569819493,0.364777161232133,lane_1,mainline,,normal,none,commit
BASIC-06,basic_01_06_900_bugcheck_20260605,897,89.69999999999918,B06_TLV_CFV,cav,not_applicable,9485.228081526298,3.5,30.043357893327492,0.7918276112233097,lane_1,mainline,,normal,none,commit
BASIC-06,basic_01_06_900_bugcheck_20260605,897,89.69999999999918,B06_TLV_CLV,cav,not_applicable,9527.620000000015,3.5,29.999999999999957,1.7053025658242407e-14,lane_1,mainline,,normal,none,commit
BASIC-06,basic_01_06_900_bugcheck_20260605,898,89.79999999999917,B06_MV,cav,not_applicable,7245.99999938401,-3.5,1.5085593100628146e-07,4.0,on_ramp,on_ramp_mv,,normal,not_started,commit
BASIC-06,basic_01_06_900_bugcheck_20260605,898,89.79999999999917,B06_CLV,cav,not_applicable,9537.000000000005,0.0,29.999999999999957,1.7053025658242407e-14,lane_2,mainline,,normal,none,commit
BASIC-06,basic_01_06_900_bugcheck_20260605,898,89.79999999999917,B06_CFV,cav,not_applicable,9446.094859102217,3.5,29.955895064829395,-0.792455049900982,lane_1,mainline,,normal,none,commit
BASIC-06,basic_01_06_900_bugcheck_20260605,898,89.79999999999917,B06_TLV_CFV,cav,not_applicable,9488.227986814269,3.5,29.999052879700308,-0.44305013627183754,lane_1,mainline,,normal,none,commit
BASIC-06,basic_01_06_900_bugcheck_20260605,898,89.79999999999917,B06_TLV_CLV,cav,not_applicable,9530.620000000015,3.5,29.999999999999957,1.7053025658242407e-14,lane_1,mainline,,normal,none,commit
BASIC-06,basic_01_06_900_bugcheck_20260605,899,89.89999999999917,B06_MV,cav,not_applicable,7245.999999398735,-3.5,1.47249737776087e-07,4.0,on_ramp,on_ramp_mv,,normal,not_started,commit
BASIC-06,basic_01_06_900_bugcheck_20260605,899,89.89999999999917,B06_CLV,cav,not_applicable,9540.000000000005,0.0,29.999999999999957,1.7053025658242407e-14,lane_2,mainline,,normal,none,commit
BASIC-06,basic_01_06_900_bugcheck_20260605,899,89.89999999999917,B06_CFV,cav,not_applicable,9449.091237612836,3.5,29.963785106201133,0.07890041371737844,lane_1,mainline,,normal,none,commit
BASIC-06,basic_01_06_900_bugcheck_20260605,899,89.89999999999917,B06_TLV_CFV,cav,not_applicable,9491.23153987385,3.5,30.03553059582352,0.364777161232133,lane_1,mainline,,normal,none,commit
BASIC-06,basic_01_06_900_bugcheck_20260605,899,89.89999999999917,B06_TLV_CLV,cav,not_applicable,9533.620000000015,3.5,29.999999999999957,1.7053025658242407e-14,lane_1,mainline,,normal,none,commit
