scenario_id,run_id,step,t,vehicle_id,vehicle_type,compliance_state,x_global,y,v,a,physical_lane,road_role,primary_leader_id,lane_change_state,merge_state,active_event_tags
BASIC-03,basic_01_06_900_bugcheck_20260605,0,0.0,B03_MV,cav,not_applicable,6642.04,-3.5,20.4,4.0,on_ramp,on_ramp_mv,,normal,not_started,commit
BASIC-03,basic_01_06_900_bugcheck_20260605,0,0.0,B03_CLV,cav,not_applicable,6656.04,0.0,20.4,4.0,lane_2,mainline,,normal,none,commit
BASIC-03,basic_01_06_900_bugcheck_20260605,0,0.0,B03_CFV,cav,not_applicable,6635.989090909091,0.0,19.89090909090909,-1.0909090909090908,lane_2,mainline,,normal,none,commit
BASIC-03,basic_01_06_900_bugcheck_20260605,0,0.0,B03_TLV_CFV,cav,not_applicable,6644.489090909091,3.5,14.89090909090909,-1.0909090909090908,lane_1,mainline,,normal,none,commit
BASIC-03,basic_01_06_900_bugcheck_20260605,0,0.0,B03_TLV_CLV,cav,not_applicable,6664.54,3.5,15.4,4.0,lane_1,mainline,,normal,none,commit
BASIC-03,basic_01_06_900_bugcheck_20260605,1,0.1,B03_MV,cav,not_applicable,6644.1184,-3.5,20.784,3.8400000000000007,on_ramp,on_ramp_mv,,normal,not_started,commit
BASIC-03,basic_01_06_900_bugcheck_20260605,1,0.1,B03_CLV,cav,not_applicable,6658.1184,0.0,20.784,3.8400000000000007,lane_2,mainline,,normal,none,commit
BASIC-03,basic_01_06_900_bugcheck_20260605,1,0.1,B03_CFV,cav,not_applicable,6637.958347107438,0.0,19.692561983471073,-1.9834710743801651,lane_2,mainline,,normal,none,commit
BASIC-03,basic_01_06_900_bugcheck_20260605,1,0.1,B03_TLV_CFV,cav,not_applicable,6645.958347107438,3.5,14.692561983471075,-1.9834710743801651,lane_1,mainline,,normal,none,commit
BASIC-03,basic_01_06_900_bugcheck_20260605,1,0.1,B03_TLV_CLV,cav,not_applicable,6666.12,3.5,15.8,4.0,lane_1,mainline,,normal,none,commit
BASIC-03,basic_01_06_900_bugcheck_20260605,2,0.2,B03_MV,cav,not_applicable,6646.233664,-3.5,21.152639999999998,3.686400000000001,on_ramp,on_ramp_mv,,normal,not_started,commit
BASIC-03,basic_01_06_900_bugcheck_20260605,2,0.2,B03_CLV,cav,not_applicable,6660.233664,0.0,21.152639999999998,3.686400000000001,lane_2,mainline,,normal,none,commit
BASIC-03,basic_01_06_900_bugcheck_20260605,2,0.2,B03_CFV,cav,not_applicable,6639.900465815177,0.0,19.421187077385422,-2.7137490608564985,lane_2,mainline,,normal,none,commit
BASIC-03,basic_01_06_900_bugcheck_20260605,2,0.2,B03_TLV_CFV,cav,not_applicable,6647.418647633359,3.5,14.603005259203607,-0.8955672426746804,lane_1,mainline,,normal,none,commit
BASIC-03,basic_01_06_900_bugcheck_20260605,2,0.2,B03_TLV_CLV,cav,not_applicable,6667.74,3.5,16.2,4.0,lane_1,mainline,,normal,none,commit
BASIC-03,basic_01_06_900_bugcheck_20260605,3,0.30000000000000004,B03_MV,cav,not_applicable,6648.38431744,-3.5,21.5065344,3.5389440000000008,on_ramp,on_ramp_mv,,normal,not_started,commit
BASIC-03,basic_01_06_900_bugcheck_20260605,3,0.30000000000000004,B03_CLV,cav,not_applicable,6662.38431744,0.0,21.5065344,3.5389440000000008,lane_2,mainline,,normal,none,commit
BASIC-03,basic_01_06_900_bugcheck_20260605,3,0.30000000000000004,B03_CFV,cav,not_applicable,6641.8094720306,0.0,19.090062154224437,-3.311249231609862,lane_2,mainline,,normal,none,commit
BASIC-03,basic_01_06_900_bugcheck_20260605,3,0.30000000000000004,B03_TLV_CFV,cav,not_applicable,6648.867091045694,3.5,14.484434123349395,-1.1857113585421217,lane_1,mainline,,normal,none,commit
BASIC-03,basic_01_06_900_bugcheck_20260605,3,0.30000000000000004,B03_TLV_CLV,cav,not_applicable,6669.4,3.5,16.599999999999998,4.0,lane_1,mainline,,normal,none,commit
BASIC-03,basic_01_06_900_bugcheck_20260605,4,0.4,B03_MV,cav,not_applicable,6650.5689447424,-3.5,21.846273024,3.3973862400000003,on_ramp,on_ramp_mv,,normal,not_started,commit
BASIC-03,basic_01_06_900_bugcheck_20260605,4,0.4,B03_CLV,cav,not_applicable,6664.5689447424,0.0,21.846273024,3.3973862400000003,lane_2,mainline,,normal,none,commit
BASIC-03,basic_01_06_900_bugcheck_20260605,4,0.4,B03_CFV,cav,not_applicable,6643.680477115946,0.0,18.71005085345636,-3.800113007680796,lane_2,mainline,,normal,none,commit
BASIC-03,basic_01_06_900_bugcheck_20260605,4,0.4,B03_TLV_CFV,cav,not_applicable,6650.31310591055,3.5,14.460148648559585,-0.24285474789809947,lane_1,mainline,,normal,none,commit
BASIC-03,basic_01_06_900_bugcheck_20260605,4,0.4,B03_TLV_CLV,cav,not_applicable,6671.099999999999,3.5,16.999999999999996,4.0,lane_1,mainline,,normal,none,commit
BASIC-03,basic_01_06_900_bugcheck_20260605,5,0.5,B03_MV,cav,not_applicable,6652.786186952704,-3.5,22.17242210304,3.261490790400001,on_ramp,on_ramp_mv,,normal,not_started,commit
BASIC-03,basic_01_06_900_bugcheck_20260605,5,0.5,B03_CLV,cav,not_applicable,6666.786186952704,0.0,22.17242210304,3.261490790400001,lane_2,mainline,,normal,none,commit
BASIC-03,basic_01_06_900_bugcheck_20260605,5,0.5,B03_CFV,cav,not_applicable,6645.527663094865,0.0,18.471859789191566,-2.3819106426479237,lane_2,mainline,,normal,none,commit
BASIC-03,basic_01_06_900_bugcheck_20260605,5,0.5,B03_TLV_CFV,cav,not_applicable,6651.764406509286,3.5,14.513005987367922,0.5285733880833732,lane_1,mainline,,normal,none,commit
BASIC-03,basic_01_06_900_bugcheck_20260605,5,0.5,B03_TLV_CLV,cav,not_applicable,6672.839999999999,3.5,17.399999999999995,4.0,lane_1,mainline,,normal,none,commit
BASIC-03,basic_01_06_900_bugcheck_20260605,6,0.6,B03_MV,cav,not_applicable,6654.94807280793,-3.5,21.618858552251734,-5.535635507882667,on_ramp,on_ramp_mv,,normal,not_started,commit
BASIC-03,basic_01_06_900_bugcheck_20260605,6,0.6,B03_CLV,cav,not_applicable,6669.034739474596,0.0,22.485525218918397,3.1310311587840007,lane_2,mainline,,normal,none,commit
BASIC-03,basic_01_06_900_bugcheck_20260605,6,0.6,B03_CFV,cav,not_applicable,6647.362633441253,0.0,18.34970346388401,-1.2215632530755738,lane_2,mainline,,normal,none,commit
BASIC-03,basic_01_06_900_bugcheck_20260605,6,0.6,B03_TLV_CFV,cav,not_applicable,6653.227304526653,3.5,14.628980173665653,1.1597418629773053,lane_1,mainline,,normal,none,commit
BASIC-03,basic_01_06_900_bugcheck_20260605,6,0.6,B03_TLV_CLV,cav,not_applicable,6674.619999999999,3.5,17.799999999999994,4.0,lane_1,mainline,,normal,none,commit
BASIC-03,basic_01_06_900_bugcheck_20260605,7,0.7,B03_MV,cav,not_applicable,6657.056816562279,-3.5,21.087437543494996,-5.314210087567361,on_ramp,on_ramp_mv,,normal,not_started,commit
BASIC-03,basic_01_06_900_bugcheck_20260605,7,0.7,B03_CLV,cav,not_applicable,6671.313349895612,0.0,22.78610421016166,3.0057899124326415,lane_2,mainline,,normal,none,commit
BASIC-03,basic_01_06_900_bugcheck_20260605,7,0.7,B03_CFV,cav,not_applicable,6649.19488190648,0.0,18.322484652268734,-0.2721881161527421,lane_2,mainline,,normal,none,commit
BASIC-03,basic_01_06_900_bugcheck_20260605,7,0.7,B03_TLV_CFV,cav,not_applicable,6654.688782250171,3.5,14.614777235181977,-0.1420293848367502,lane_1,mainline,,normal,none,commit
BASIC-03,basic_01_06_900_bugcheck_20260605,7,0.7,B03_TLV_CLV,cav,not_applicable,6676.439999999999,3.5,18.199999999999992,4.0,lane_1,mainline,,normal,none,commit
BASIC-03,basic_01_06_900_bugcheck_20260605,8,0.7999999999999999,B03_MV,cav,not_applicable,6659.114543899788,-3.5,20.57727337508853,-5.101641684064665,on_ramp,on_ramp_mv,,normal,not_started,commit
BASIC-03,basic_01_06_900_bugcheck_20260605,8,0.7999999999999999,B03_CLV,cav,not_applicable,6673.620815899788,0.0,23.074660041755195,2.885558315935336,lane_2,mainline,,normal,none,commit
BASIC-03,basic_01_06_900_bugcheck_20260605,8,0.7999999999999999,B03_CFV,cav,not_applicable,6651.01399428712,0.0,18.19112380640169,-1.3136084586704253,lane_2,mainline,,normal,none,commit
BASIC-03,basic_01_06_900_bugcheck_20260605,8,0.7999999999999999,B03_TLV_CFV,cav,not_applicable,6656.1563706423585,3.5,14.675883921877151,0.6110668669517498,lane_1,mainline,,normal,none,commit
BASIC-03,basic_01_06_900_bugcheck_20260605,8,0.7999999999999999,B03_TLV_CLV,cav,not_applicable,6678.299999999998,3.5,18.59999999999999,4.0,lane_1,mainline,,normal,none,commit
BASIC-03,basic_01_06_900_bugcheck_20260605,9,0.8999999999999999,B03_MV,cav,not_applicable,6661.12329547713,-3.5,20.087515773418325,-4.897576016702079,on_ramp,on_ramp_mv,,normal,not_started,commit
BASIC-03,basic_01_06_900_bugcheck_20260605,9,0.8999999999999999,B03_CLV,cav,not_applicable,6675.955983263796,0.0,23.351673640084986,2.7701359832979224,lane_2,mainline,,normal,none,commit
BASIC-03,basic_01_06_900_bugcheck_20260605,9,0.8999999999999999,B03_CFV,cav,not_applicable,6652.829631689462,0.0,18.156374023419566,-0.347497829821257,lane_2,mainline,,normal,none,commit
BASIC-03,basic_01_06_900_bugcheck_20260605,9,0.8999999999999999,B03_TLV_CFV,cav,not_applicable,6657.636231399822,3.5,14.798607574627749,1.2272365275059771,lane_1,mainline,,normal,none,commit
BASIC-03,basic_01_06_900_bugcheck_20260605,9,0.8999999999999999,B03_TLV_CLV,cav,not_applicable,6680.199999999998,3.5,18.99999999999999,4.0,lane_1,mainline,,normal,none,commit
BASIC-03,basic_01_06_900_bugcheck_20260605,10,0.9999999999999999,B03_MV,cav,not_applicable,6663.085030324712,-3.5,19.617348475814925,-4.701672976033996,on_ramp,on_ramp_mv,,normal,not_started,commit
BASIC-03,basic_01_06_900_bugcheck_20260605,10,0.9999999999999999,B03_CLV,cav,not_applicable,6678.317743933244,0.0,23.617606694481587,2.6593305439660058,lane_2,mainline,,normal,none,commit
BASIC-03,basic_01_06_900_bugcheck_20260605,10,0.9999999999999999,B03_CFV,cav,not_applicable,6654.649698655015,0.0,18.2006696555251,0.4429563210553352,lane_2,mainline,,normal,none,commit
BASIC-03,basic_01_06_900_bugcheck_20260605,10,0.9999999999999999,B03_TLV_CFV,cav,not_applicable,6659.133405910691,3.5,14.97174510869642,1.7313753406867085,lane_1,mainline,,normal,none,commit
BASIC-03,basic_01_06_900_bugcheck_20260605,10,0.9999999999999999,B03_TLV_CLV,cav,not_applicable,6682.139999999998,3.5,19.399999999999988,4.0,lane_1,mainline,,normal,none,commit
BASIC-03,basic_01_06_900_bugcheck_20260605,11,1.0999999999999999,B03_MV,cav,not_applicable,6665.001629111724,-3.5,19.16598787011566,-4.513606056992637,on_ramp,on_ramp_mv,,normal,not_started,commit
BASIC-03,basic_01_06_900_bugcheck_20260605,11,1.0999999999999999,B03_CLV,cav,not_applicable,6680.705034175914,0.0,23.872902426702325,2.5529573222073654,lane_2,mainline,,normal,none,commit
BASIC-03,basic_01_06_900_bugcheck_20260605,11,1.0999999999999999,B03_CFV,cav,not_applicable,6656.4806625359215,0.0,18.30963880906599,1.0896915354089107,lane_2,mainline,,normal,none,commit
BASIC-03,basic_01_06_900_bugcheck_20260605,11,1.0999999999999999,B03_TLV_CFV,cav,not_applicable,6660.652018947076,3.5,15.186130363843514,2.1438525514709434,lane_1,mainline,,normal,none,commit
BASIC-03,basic_01_06_900_bugcheck_20260605,11,1.0999999999999999,B03_TLV_CLV,cav,not_applicable,6684.119999999997,3.5,19.799999999999986,4.0,lane_1,mainline,,normal,none,commit
BASIC-03,basic_01_06_900_bugcheck_20260605,12,1.2,B03_MV,cav,not_applicable,6666.874897280588,-3.5,18.73268168864437,-4.333061814712931,on_ramp,on_ramp_mv,,normal,not_started,commit
BASIC-03,basic_01_06_900_bugcheck_20260605,12,1.2,B03_CLV,cav,not_applicable,6683.116832808878,0.0,24.11798632963423,2.45083902931907,lane_2,mainline,,normal,none,commit
BASIC-03,basic_01_06_900_bugcheck_20260605,12,1.2,B03_CFV,cav,not_applicable,6658.327814802118,0.0,18.471522661963082,1.6188385289709268,lane_2,mainline,,normal,none,commit
BASIC-03,basic_01_06_900_bugcheck_20260605,12,1.2,B03_TLV_CFV,cav,not_applicable,6662.195445322517,3.5,15.43426375441841,2.4813339057489534,lane_1,mainline,,normal,none,commit
BASIC-03,basic_01_06_900_bugcheck_20260605,12,1.2,B03_TLV_CLV,cav,not_applicable,6686.139999999998,3.5,20.199999999999985,4.0,lane_1,mainline,,normal,none,commit
BASIC-03,basic_01_06_900_bugcheck_20260605,13,1.3,B03_MV,cav,not_applicable,6668.706568056031,-3.5,18.316707754431928,-4.159739342124414,on_ramp,on_ramp_mv,,normal,not_started,commit
BASIC-03,basic_01_06_900_bugcheck_20260605,13,1.3,B03_CLV,cav,not_applicable,6685.552159496523,0.0,24.353266876448863,2.3528054681463075,lane_2,mainline,,normal,none,commit
BASIC-03,basic_01_06_900_bugcheck_20260605,13,1.3,B03_CFV,cav,not_applicable,6660.195484838097,0.0,18.676700359787976,2.05177697824894,lane_2,mainline,,normal,none,commit
BASIC-03,basic_01_06_900_bugcheck_20260605,13,1.3,B03_TLV_CFV,cav,not_applicable,6663.766446248097,3.5,15.71000925579787,2.7574550137945977,lane_1,mainline,,normal,none,commit
BASIC-03,basic_01_06_900_bugcheck_20260605,13,1.3,B03_TLV_CLV,cav,not_applicable,6688.199199999997,3.5,20.591999999999985,3.920000000000006,lane_1,mainline,,normal,none,commit
BASIC-03,basic_01_06_900_bugcheck_20260605,14,1.4000000000000001,B03_MV,cav,not_applicable,6670.49830533379,-3.5,17.917372777587985,-3.9933497684394377,on_ramp,on_ramp_mv,,normal,not_started,commit
BASIC-03,basic_01_06_900_bugcheck_20260605,14,1.4000000000000001,B03_CLV,cav,not_applicable,6688.010073116662,0.0,24.57913620139091,2.2586932494204546,lane_2,mainline,,normal,none,commit
BASIC-03,basic_01_06_900_bugcheck_20260605,14,1.4000000000000001,B03_CFV,cav,not_applicable,6662.087214867534,0.0,18.91730029437198,2.4059993458400415,lane_2,mainline,,normal,none,commit
BASIC-03,basic_01_06_900_bugcheck_20260605,14,1.4000000000000001,B03_TLV_CFV,cav,not_applicable,6665.367280896517,3.5,16.008346484199247,2.983372284013762,lane_1,mainline,,normal,none,commit
BASIC-03,basic_01_06_900_bugcheck_20260605,14,1.4000000000000001,B03_TLV_CLV,cav,not_applicable,6690.2960319999975,3.5,20.968319999999984,3.7632000000000065,lane_1,mainline,,normal,none,commit
BASIC-03,basic_01_06_900_bugcheck_20260605,15,1.5000000000000002,B03_MV,cav,not_applicable,6672.2517064537715,-3.5,17.5340111998178,-3.8336157777018607,on_ramp,on_ramp_mv,,normal,not_started,commit
BASIC-03,basic_01_06_900_bugcheck_20260605,15,1.5000000000000002,B03_CLV,cav,not_applicable,6690.489670191996,0.0,24.795970753335272,2.1683455194436365,lane_2,mainline,,normal,none,commit
BASIC-03,basic_01_06_900_bugcheck_20260605,15,1.5000000000000002,B03_CFV,cav,not_applicable,6663.997369565985,0.0,19.101546984501468,1.842466901294868,lane_2,mainline,,normal,none,commit
BASIC-03,basic_01_06_900_bugcheck_20260605,15,1.5000000000000002,B03_TLV_CFV,cav,not_applicable,6666.999797681806,3.5,16.325167852891283,3.1682136869203505,lane_1,mainline,,normal,none,commit
BASIC-03,basic_01_06_900_bugcheck_20260605,15,1.5000000000000002,B03_TLV_CLV,cav,not_applicable,6692.428990719997,3.5,21.329587199999985,3.6126720000000065,lane_1,mainline,,normal,none,commit
BASIC-03,basic_01_06_900_bugcheck_20260605,16,1.6000000000000003,B03_MV,cav,not_applicable,6673.968304862287,-3.5,17.16598408515842,-3.680271146593787,on_ramp,on_ramp_mv,,normal,not_started,commit
BASIC-03,basic_01_06_900_bugcheck_20260605,16,1.6000000000000003,B03_CLV,cav,not_applicable,6692.990083384317,0.0,25.00413192320186,2.0816116986658915,lane_2,mainline,,normal,none,commit
BASIC-03,basic_01_06_900_bugcheck_20260605,16,1.6000000000000003,B03_CFV,cav,not_applicable,6665.9298717209,0.0,19.325021549152865,2.234745646513983,lane_2,mainline,,normal,none,commit
BASIC-03,basic_01_06_900_bugcheck_20260605,16,1.6000000000000003,B03_TLV_CFV,cav,not_applicable,6668.665508942715,3.5,16.657112609093858,3.319447562025741,lane_1,mainline,,normal,none,commit
BASIC-03,basic_01_06_900_bugcheck_20260605,16,1.6000000000000003,B03_TLV_CLV,cav,not_applicable,6694.596631091197,3.5,21.676403711999985,3.4681651200000063,lane_1,mainline,,normal,none,commit
BASIC-03,basic_01_06_900_bugcheck_20260605,17,1.7000000000000004,B03_MV,cav,not_applicable,6675.649572667796,-3.5,16.812678055085417,-3.533060300730035,on_ramp,on_ramp_mv,,normal,not_started,commit
BASIC-03,basic_01_06_900_bugcheck_20260605,17,1.7000000000000004,B03_CLV,cav,not_applicable,6695.510480048944,0.0,25.203966646273788,1.9983472307192558,lane_2,mainline,,normal,none,commit
BASIC-03,basic_01_06_900_bugcheck_20260605,17,1.7000000000000004,B03_CFV,cav,not_applicable,6667.88793088565,0.0,19.580591647504008,2.5557009835114406,lane_2,mainline,,normal,none,commit
BASIC-03,basic_01_06_900_bugcheck_20260605,17,1.7000000000000004,B03_TLV_CFV,cav,not_applicable,6670.365652047313,3.5,17.001431045986873,3.443184368930152,lane_1,mainline,,normal,none,commit
BASIC-03,basic_01_06_900_bugcheck_20260605,17,1.7000000000000004,B03_TLV_CLV,cav,not_applicable,6696.797565847549,3.5,22.009347563519984,3.3294385152000063,lane_1,mainline,,normal,none,commit
BASIC-03,basic_01_06_900_bugcheck_20260605,18,1.8000000000000005,B03_MV,cav,not_applicable,6677.296923094417,-3.5,16.473504266215333,-3.3917378887008334,on_ramp,on_ramp_mv,,normal,not_started,commit
BASIC-03,basic_01_06_900_bugcheck_20260605,18,1.8000000000000005,B03_CLV,cav,not_applicable,6698.0500608469865,0.0,25.395807980422838,1.918413341490485,lane_2,mainline,,normal,none,commit
BASIC-03,basic_01_06_900_bugcheck_20260605,18,1.8000000000000005,B03_CFV,cav,not_applicable,6669.874173058448,0.0,19.862421727973125,2.8183008046911784,lane_2,mainline,,normal,none,commit
BASIC-03,basic_01_06_900_bugcheck_20260605,18,1.8000000000000005,B03_TLV_CFV,cav,not_applicable,6672.101239387658,3.5,17.355873403444793,3.5444235745792145,lane_1,mainline,,normal,none,commit
BASIC-03,basic_01_06_900_bugcheck_20260605,18,1.8000000000000005,B03_TLV_CLV,cav,not_applicable,6699.030463213647,3.5,22.328973660979184,3.1962609745920063,lane_1,mainline,,normal,none,commit
BASIC-03,basic_01_06_900_bugcheck_20260605,19,1.9000000000000006,B03_MV,cav,not_applicable,6678.911712837307,-3.5,16.147897428900052,-3.2560683731527997,on_ramp,on_ramp_mv,,normal,not_started,commit
BASIC-03,basic_01_06_900_bugcheck_20260605,19,1.9000000000000006,B03_CLV,cav,not_applicable,6700.608058413107,0.0,25.579975661205925,1.841676807830865,lane_2,mainline,,normal,none,commit
BASIC-03,basic_01_06_900_bugcheck_20260605,19,1.9000000000000006,B03_CFV,cav,not_applicable,6671.890746783283,0.0,20.165737248356947,3.033155203838237,lane_2,mainline,,normal,none,commit
BASIC-03,basic_01_06_900_bugcheck_20260605,19,1.9000000000000006,B03_TLV_CFV,cav,not_applicable,6673.873099284522,3.5,17.71859896863764,3.627255651928448,lane_1,mainline,,normal,none,commit
BASIC-03,basic_01_06_900_bugcheck_20260605,19,1.9000000000000006,B03_TLV_CLV,cav,not_applicable,6701.294044685101,3.5,22.635814714540018,3.0684105356083267,lane_1,mainline,,normal,none,commit
BASIC-03,basic_01_06_900_bugcheck_20260605,20,2.0000000000000004,B03_MV,cav,not_applicable,6680.495244323815,-3.5,15.835314865077383,-3.1258256382266874,on_ramp,on_ramp_mv,,normal,not_started,commit
BASIC-03,basic_01_06_900_bugcheck_20260605,20,2.0000000000000004,B03_CLV,cav,not_applicable,6703.183736076583,0.0,25.75677663475769,1.76800973551763,lane_2,mainline,,normal,none,commit
BASIC-03,basic_01_06_900_bugcheck_20260605,20,2.0000000000000004,B03_CFV,cav,not_applicable,6673.936479948186,0.0,20.457331649030415,2.915944006734687,lane_2,mainline,,normal,none,commit
BASIC-03,basic_01_06_900_bugcheck_20260605,20,2.0000000000000004,B03_TLV_CFV,cav,not_applicable,6675.681909454902,3.5,18.08810170379542,3.6950273515778207,lane_1,mainline,,normal,none,commit
BASIC-03,basic_01_06_900_bugcheck_20260605,20,2.0000000000000004,B03_TLV_CLV,cav,not_applicable,6703.587082897697,3.5,22.930382125958417,2.945674114183993,lane_1,mainline,,normal,none,commit
BASIC-03,basic_01_06_900_bugcheck_20260605,21,2.1000000000000005,B03_MV,cav,not_applicable,6682.048767884196,-3.5,15.535235603807621,-3.0007926126976194,on_ramp,on_ramp_mv,,normal,not_started,commit
BASIC-03,basic_01_06_900_bugcheck_20260605,21,2.1000000000000005,B03_CLV,cav,not_applicable,6705.77638663352,0.0,25.926505569367382,1.6972893460969247,lane_2,mainline,,normal,none,commit
BASIC-03,basic_01_06_900_bugcheck_20260605,21,2.1000000000000005,B03_CFV,cav,not_applicable,6676.013343564054,0.0,20.768636158672344,3.113045096419289,lane_2,mainline,,normal,none,commit
BASIC-03,basic_01_06_900_bugcheck_20260605,21,2.1000000000000005,B03_TLV_CFV,cav,not_applicable,6677.528224394521,3.5,18.46314939619724,3.7504769240182165,lane_1,mainline,,normal,none,commit
BASIC-03,basic_01_06_900_bugcheck_20260605,21,2.1000000000000005,B03_TLV_CLV,cav,not_applicable,6705.908399581789,3.5,23.21316684092008,2.8278471496166335,lane_1,mainline,,normal,none,commit
BASIC-03,basic_01_06_900_bugcheck_20260605,22,2.2000000000000006,B03_MV,cav,not_applicable,6683.573483835496,-3.5,15.247159512988649,-2.880760908189715,on_ramp,on_ramp_mv,,normal,not_started,commit
BASIC-03,basic_01_06_900_bugcheck_20260605,22,2.2000000000000006,B03_CLV,cav,not_applicable,6708.38533116818,0.0,26.089445346592687,1.6293977722530473,lane_2,mainline,,normal,none,commit
BASIC-03,basic_01_06_900_bugcheck_20260605,22,2.2000000000000006,B03_CFV,cav,not_applicable,6678.113765921362,0.0,21.00422357307984,2.3558741440749875,lane_2,mainline,,normal,none,commit
BASIC-03,basic_01_06_900_bugcheck_20260605,22,2.2000000000000006,B03_TLV_CFV,cav,not_applicable,6679.401039610874,3.5,18.72815216352719,2.6500276732994896,lane_1,mainline,,normal,none,commit
BASIC-03,basic_01_06_900_bugcheck_20260605,22,2.2000000000000006,B03_TLV_CLV,cav,not_applicable,6708.256863598517,3.5,23.484640167283278,2.7147332636319677,lane_1,mainline,,normal,none,commit
BASIC-03,basic_01_06_900_bugcheck_20260605,23,2.3000000000000007,B03_MV,cav,not_applicable,6685.070544482076,-3.5,14.970606465802437,-2.7655304718621263,on_ramp,on_ramp_mv,,normal,not_started,commit
BASIC-03,basic_01_06_900_bugcheck_20260605,23,2.3000000000000007,B03_CLV,cav,not_applicable,6711.009917921452,0.0,26.24586753272898,1.5642218613629255,lane_2,mainline,,normal,none,commit
BASIC-03,basic_01_06_900_bugcheck_20260605,23,2.3000000000000007,B03_CFV,cav,not_applicable,6680.240736339849,0.0,21.269704184867795,2.6548061178795352,lane_2,mainline,,normal,none,commit
BASIC-03,basic_01_06_900_bugcheck_20260605,23,2.3000000000000007,B03_TLV_CFV,cav,not_applicable,6681.302809599099,3.5,19.017699882251694,2.895477187245037,lane_1,mainline,,normal,none,commit
BASIC-03,basic_01_06_900_bugcheck_20260605,23,2.3000000000000007,B03_TLV_CLV,cav,not_applicable,6710.631389054576,3.5,23.745254560591945,2.606143933086689,lane_1,mainline,,normal,none,commit
BASIC-03,basic_01_06_900_bugcheck_20260605,24,2.400000000000001,B03_MV,cav,not_applicable,6686.541056036126,-3.5,14.705115540503673,-2.6549092529876415,on_ramp,on_ramp_mv,,normal,not_started,commit
BASIC-03,basic_01_06_900_bugcheck_20260605,24,2.400000000000001,B03_CLV,cav,not_applicable,6713.649521204594,0.0,26.39603283141982,1.5016529869084083,lane_2,mainline,,normal,none,commit
BASIC-03,basic_01_06_900_bugcheck_20260605,24,2.400000000000001,B03_CFV,cav,not_applicable,6682.396700626573,0.0,21.559642867239756,2.8993868237196194,lane_2,mainline,,normal,none,commit
BASIC-03,basic_01_06_900_bugcheck_20260605,24,2.400000000000001,B03_TLV_CFV,cav,not_applicable,6683.235542582493,3.5,19.32732983393538,3.096299516836848,lane_1,mainline,,normal,none,commit
BASIC-03,basic_01_06_900_bugcheck_20260605,24,2.400000000000001,B03_TLV_CLV,cav,not_applicable,6713.030933492393,3.5,23.99544437816827,2.501898175763222,lane_1,mainline,,normal,none,commit
BASIC-03,basic_01_06_900_bugcheck_20260605,25,2.500000000000001,B03_MV,cav,not_applicable,6687.986080461348,-3.5,14.450244252216859,-2.548712882868136,on_ramp,on_ramp_mv,,normal,not_started,commit
BASIC-03,basic_01_06_900_bugcheck_20260605,25,2.500000000000001,B03_CLV,cav,not_applicable,6716.30354035641,0.0,26.540191518163027,1.441586867432072,lane_2,mainline,,normal,none,commit
BASIC-03,basic_01_06_900_bugcheck_20260605,25,2.500000000000001,B03_CFV,cav,not_applicable,6684.5836598964,0.0,21.86959269827136,3.0994983103160525,lane_2,mainline,,normal,none,commit
BASIC-03,basic_01_06_900_bugcheck_20260605,25,2.500000000000001,B03_TLV_CFV,cav,not_applicable,6685.200881652842,3.5,19.653390703494757,3.2606086955937847,lane_1,mainline,,normal,none,commit
BASIC-03,basic_01_06_900_bugcheck_20260605,25,2.500000000000001,B03_TLV_CLV,cav,not_applicable,6715.454496152697,3.5,24.23562660304154,2.4018222487326923,lane_1,mainline,,normal,none,commit
BASIC-03,basic_01_06_900_bugcheck_20260605,26,2.600000000000001,B03_MV,cav,not_applicable,6689.406637242894,-3.5,14.205567815461517,-2.44676436755341,on_ramp,on_ramp_mv,,normal,not_started,commit
BASIC-03,basic_01_06_900_bugcheck_20260605,26,2.600000000000001,B03_CLV,cav,not_applicable,6718.971398742154,0.0,26.678583857436507,1.3839233927347891,lane_2,mainline,,normal,none,commit
BASIC-03,basic_01_06_900_bugcheck_20260605,26,2.600000000000001,B03_CFV,cav,not_applicable,6686.801909274511,0.0,22.18249378110899,3.1290108283763085,lane_2,mainline,,normal,none,commit
BASIC-03,basic_01_06_900_bugcheck_20260605,26,2.600000000000001,B03_TLV_CFV,cav,not_applicable,6687.200171157974,3.5,19.99289505131607,3.395043478213096,lane_1,mainline,,normal,none,commit
BASIC-03,basic_01_06_900_bugcheck_20260605,26,2.600000000000001,B03_TLV_CLV,cav,not_applicable,6717.901116306589,3.5,24.466201538919876,2.305749358783385,lane_1,mainline,,normal,none,commit
BASIC-03,basic_01_06_900_bugcheck_20260605,27,2.700000000000001,B03_MV,cav,not_applicable,6690.803705086512,-3.5,13.97067843617639,-2.3488937928512734,on_ramp,on_ramp_mv,,normal,not_started,commit
BASIC-03,basic_01_06_900_bugcheck_20260605,27,2.700000000000001,B03_CLV,cav,not_applicable,6721.652542792468,0.0,26.811440503139046,1.3285664570253972,lane_2,mainline,,normal,none,commit
BASIC-03,basic_01_06_900_bugcheck_20260605,27,2.700000000000001,B03_CFV,cav,not_applicable,6689.03958379748,0.0,22.376745229696684,1.9425144858769192,lane_2,mainline,,normal,none,commit
BASIC-03,basic_01_06_900_bugcheck_20260605,27,2.700000000000001,B03_TLV_CFV,cav,not_applicable,6689.234511018836,3.5,20.343398608624412,3.5050355730834424,lane_1,mainline,,normal,none,commit
BASIC-03,basic_01_06_900_bugcheck_20260605,27,2.700000000000001,B03_TLV_CLV,cav,not_applicable,6720.369871654325,3.5,24.687553477363082,2.21351938443205,lane_1,mainline,,normal,none,commit
BASIC-03,basic_01_06_900_bugcheck_20260605,28,2.800000000000001,B03_MV,cav,not_applicable,6692.1782235497185,-3.5,13.745184632062669,-2.2549380411372226,on_ramp,on_ramp_mv,,normal,not_started,commit
BASIC-03,basic_01_06_900_bugcheck_20260605,28,2.800000000000001,B03_CLV,cav,not_applicable,6724.346441080769,0.0,26.938982883013484,1.2754237987443817,lane_2,mainline,,normal,none,commit
BASIC-03,basic_01_06_900_bugcheck_20260605,28,2.800000000000001,B03_CFV,cav,not_applicable,6691.300424348062,0.0,22.608405505813888,2.3166027611720246,lane_2,mainline,,normal,none,commit
BASIC-03,basic_01_06_900_bugcheck_20260605,28,2.800000000000001,B03_TLV_CFV,cav,not_applicable,6691.3048011707515,3.5,20.70290151914942,3.595029105250089,lane_1,mainline,,normal,none,commit
BASIC-03,basic_01_06_900_bugcheck_20260605,28,2.800000000000001,B03_TLV_CLV,cav,not_applicable,6722.859876788152,3.5,24.900051338268558,2.1249786090547675,lane_1,mainline,,normal,none,commit
BASIC-03,basic_01_06_900_bugcheck_20260605,29,2.9000000000000012,B03_MV,cav,not_applicable,6693.53109460773,-3.5,13.528710580113495,-2.164740519491734,on_ramp,on_ramp_mv,,normal,not_started,commit
BASIC-03,basic_01_06_900_bugcheck_20260605,29,2.9000000000000012,B03_CLV,cav,not_applicable,6727.0525834375385,0.0,27.061423567692945,1.2244068467946065,lane_2,mainline,,normal,none,commit
BASIC-03,basic_01_06_900_bugcheck_20260605,29,2.9000000000000012,B03_CFV,cav,not_applicable,6693.587491648507,0.0,22.870673004455234,2.6226749864134744,lane_2,mainline,,normal,none,commit
BASIC-03,basic_01_06_900_bugcheck_20260605,29,2.9000000000000012,B03_TLV_CFV,cav,not_applicable,6693.407475646841,3.5,21.026744760892377,3.238432417429566,lane_1,mainline,,normal,none,commit
BASIC-03,basic_01_06_900_bugcheck_20260605,29,2.9000000000000012,B03_TLV_CLV,cav,not_applicable,6725.370281716626,3.5,25.104049284737815,2.039979464692577,lane_1,mainline,,normal,none,commit
BASIC-03,basic_01_06_900_bugcheck_20260605,30,3.0000000000000013,B03_MV,cav,not_applicable,6694.863184156754,-3.5,13.32089549024229,-2.0781508987120647,on_ramp,on_ramp_mv,,normal,not_started,commit
BASIC-03,basic_01_06_900_bugcheck_20260605,30,3.0000000000000013,B03_CLV,cav,not_applicable,6729.770480100037,0.0,27.178966624985225,1.1754305729228223,lane_2,mainline,,normal,none,commit
BASIC-03,basic_01_06_900_bugcheck_20260605,30,3.0000000000000013,B03_CFV,cav,not_applicable,6695.903289926115,0.0,23.15798277607088,2.8730977161564786,lane_2,mainline,,normal,none,commit
BASIC-03,basic_01_06_900_bugcheck_20260605,30,3.0000000000000013,B03_TLV_CFV,cav,not_applicable,6695.543919115436,3.5,21.364434685954798,3.3768992506241906,lane_1,mainline,,normal,none,commit
BASIC-03,basic_01_06_900_bugcheck_20260605,30,3.0000000000000013,B03_TLV_CLV,cav,not_applicable,6727.900270447961,3.5,25.299887313348304,1.958380286104874,lane_1,mainline,,normal,none,commit
BASIC-03,basic_01_06_900_bugcheck_20260605,31,3.1000000000000014,B03_MV,cav,not_applicable,6696.175323457151,-3.5,13.121393003965931,-1.9950248627635823,on_ramp,on_ramp_mv,,normal,not_started,commit
BASIC-03,basic_01_06_900_bugcheck_20260605,31,3.1000000000000014,B03_CLV,cav,not_applicable,6732.4996608960355,0.0,27.291807959985817,1.12841335000591,lane_2,mainline,,normal,none,commit
BASIC-03,basic_01_06_900_bugcheck_20260605,31,3.1000000000000014,B03_CFV,cav,not_applicable,6698.249868094127,0.0,23.46578168012005,3.077989040491664,lane_2,mainline,,normal,none,commit
BASIC-03,basic_01_06_900_bugcheck_20260605,31,3.1000000000000014,B03_TLV_CFV,cav,not_applicable,6697.713887398938,3.5,21.699682835012513,3.3524814905771496,lane_1,mainline,,normal,none,commit
BASIC-03,basic_01_06_900_bugcheck_20260605,31,3.1000000000000014,B03_TLV_CLV,cav,not_applicable,6730.449059630042,3.5,25.487891820814372,1.8800450746606785,lane_1,mainline,,normal,none,commit
BASIC-03,basic_01_06_900_bugcheck_20260605,32,3.2000000000000015,B03_MV,cav,not_applicable,6697.468310518865,-3.5,12.929870617140628,-1.915223868253039,on_ramp,on_ramp_mv,,normal,not_started,commit
BASIC-03,basic_01_06_900_bugcheck_20260605,32,3.2000000000000015,B03_CLV,cav,not_applicable,6735.239674460194,0.0,27.400135641586385,1.0832768160056732,lane_2,mainline,,normal,none,commit
BASIC-03,basic_01_06_900_bugcheck_20260605,32,3.2000000000000015,B03_CFV,cav,not_applicable,6700.610720717925,0.0,23.60852623797846,1.4274455785840887,lane_2,mainline,,normal,none,commit
BASIC-03,basic_01_06_900_bugcheck_20260605,32,3.2000000000000015,B03_TLV_CFV,cav,not_applicable,6699.906089854798,3.5,21.922024558601635,2.223417235891203,lane_1,mainline,,normal,none,commit
BASIC-03,basic_01_06_900_bugcheck_20260605,32,3.2000000000000015,B03_TLV_CLV,cav,not_applicable,6733.01589724484,3.5,25.668376147981796,1.804843271674251,lane_1,mainline,,normal,none,commit
BASIC-03,basic_01_06_900_bugcheck_20260605,33,3.3000000000000016,B03_MV,cav,not_applicable,6698.742911431444,-3.5,12.746009125788335,-1.8386149135229175,on_ramp,on_ramp_mv,,normal,not_started,commit
BASIC-03,basic_01_06_900_bugcheck_20260605,33,3.3000000000000016,B03_CLV,cav,not_applicable,6737.990087481786,0.0,27.504130215922928,1.0399457433654462,lane_2,mainline,,normal,none,commit
BASIC-03,basic_01_06_900_bugcheck_20260605,33,3.3000000000000016,B03_CFV,cav,not_applicable,6702.9905251691835,0.0,23.798044512589886,1.8951827461142543,lane_2,mainline,,normal,none,commit
BASIC-03,basic_01_06_900_bugcheck_20260605,33,3.3000000000000016,B03_TLV_CFV,cav,not_applicable,6702.123756633497,3.5,22.176667786992734,2.546432283910984,lane_1,mainline,,normal,none,commit
BASIC-03,basic_01_06_900_bugcheck_20260605,33,3.3000000000000016,B03_TLV_CLV,cav,not_applicable,6735.600061355046,3.5,25.841641102062525,1.7326495408072817,lane_1,mainline,,normal,none,commit
BASIC-03,basic_01_06_900_bugcheck_20260605,34,3.4000000000000017,B03_MV,cav,not_applicable,6699.999861640853,-3.5,12.569502094090135,-1.7650703169820006,on_ramp,on_ramp_mv,,normal,not_started,commit
BASIC-03,basic_01_06_900_bugcheck_20260605,34,3.4000000000000017,B03_CLV,cav,not_applicable,6740.750483982514,0.0,27.60396500728601,0.9983479136308291,lane_2,mainline,,normal,none,commit
BASIC-03,basic_01_06_900_bugcheck_20260605,34,3.4000000000000017,B03_CFV,cav,not_applicable,6705.393108388365,0.0,24.025832191817415,2.2778767922752987,lane_2,mainline,,normal,none,commit
BASIC-03,basic_01_06_900_bugcheck_20260605,34,3.4000000000000017,B03_TLV_CFV,cav,not_applicable,6704.369530585428,3.5,22.457739519312724,2.8107173231998956,lane_1,mainline,,normal,none,commit
BASIC-03,basic_01_06_900_bugcheck_20260605,34,3.4000000000000017,B03_TLV_CLV,cav,not_applicable,6738.200858900844,3.5,26.007975457980024,1.66334355917499,lane_1,mainline,,normal,none,commit
BASIC-03,basic_01_06_900_bugcheck_20260605,35,3.5000000000000018,B03_MV,cav,not_applicable,6701.239867175219,-3.5,12.400055343659863,-1.6944675043027204,on_ramp,on_ramp_mv,,normal,not_started,commit
BASIC-03,basic_01_06_900_bugcheck_20260605,35,3.5000000000000018,B03_CLV,cav,not_applicable,6743.520464623213,0.0,27.69980640699457,0.9584139970855958,lane_2,mainline,,normal,none,commit
BASIC-03,basic_01_06_900_bugcheck_20260605,35,3.5000000000000018,B03_CFV,cav,not_applicable,6707.8216015085745,0.0,24.284931202094484,2.5909901027706987,lane_2,mainline,,normal,none,commit
BASIC-03,basic_01_06_900_bugcheck_20260605,35,3.5000000000000018,B03_TLV_CFV,cav,not_applicable,6706.645574042731,3.5,22.76043457302908,3.0269505371635512,lane_1,mainline,,normal,none,commit
BASIC-03,basic_01_06_900_bugcheck_20260605,35,3.5000000000000018,B03_TLV_CLV,cav,not_applicable,6740.817624544809,3.5,26.167656439660824,1.5968098168079905,lane_1,mainline,,normal,none,commit
BASIC-03,basic_01_06_900_bugcheck_20260605,36,3.600000000000002,B03_MV,cav,not_applicable,6702.463605821544,-3.5,12.237386463246802,-1.6266888041306118,on_ramp,on_ramp_mv,,normal,not_started,commit
BASIC-03,basic_01_06_900_bugcheck_20260605,36,3.600000000000002,B03_CLV,cav,not_applicable,6746.299646038285,0.0,27.791814150714785,0.9200774372021727,lane_2,mainline,,normal,none,commit
BASIC-03,basic_01_06_900_bugcheck_20260605,36,3.600000000000002,B03_CFV,cav,not_applicable,6710.278566365989,0.0,24.569648574139357,2.8471737204487537,lane_2,mainline,,normal,none,commit
BASIC-03,basic_01_06_900_bugcheck_20260605,36,3.600000000000002,B03_TLV_CFV,cav,not_applicable,6708.953656186247,3.5,23.080821435160644,3.2038686213156327,lane_1,mainline,,normal,none,commit
BASIC-03,basic_01_06_900_bugcheck_20260605,36,3.600000000000002,B03_TLV_CLV,cav,not_applicable,6743.4497195630165,3.5,26.32095018207439,1.5329374241356704,lane_1,mainline,,normal,none,commit
BASIC-03,basic_01_06_900_bugcheck_20260605,37,3.700000000000002,B03_MV,cav,not_applicable,6703.671728255349,-3.5,12.081224338050262,-1.5616212519653871,on_ramp,on_ramp_mv,,normal,not_started,commit
BASIC-03,basic_01_06_900_bugcheck_20260605,37,3.700000000000002,B03_CLV,cav,not_applicable,6749.087660196753,0.0,27.880141584686193,0.883274339714086,lane_2,mainline,,normal,none,commit
BASIC-03,basic_01_06_900_bugcheck_20260605,37,3.700000000000002,B03_CFV,cav,not_applicable,6712.750948250301,0.0,24.723818843120114,1.5417026898075734,lane_2,mainline,,normal,none,commit
BASIC-03,basic_01_06_900_bugcheck_20260605,37,3.700000000000002,B03_TLV_CFV,cav,not_applicable,6711.277042709392,3.5,23.233865231450103,1.5304379628946085,lane_1,mainline,,normal,none,commit
BASIC-03,basic_01_06_900_bugcheck_20260605,37,3.700000000000002,B03_TLV_CLV,cav,not_applicable,6746.096530780495,3.5,26.468112174791415,1.4716199271702437,lane_1,mainline,,normal,none,commit
BASIC-03,basic_01_06_900_bugcheck_20260605,38,3.800000000000002,B03_MV,cav,not_applicable,6704.864859125135,-3.5,11.931308697861585,-1.4991564018867714,on_ramp,on_ramp_mv,,normal,not_started,commit
BASIC-03,basic_01_06_900_bugcheck_20260605,38,3.800000000000002,B03_CLV,cav,not_applicable,6751.884153788883,0.0,27.964935921298746,0.8479433661255229,lane_2,mainline,,normal,none,commit
BASIC-03,basic_01_06_900_bugcheck_20260605,38,3.800000000000002,B03_CFV,cav,not_applicable,6715.243216792984,0.0,24.92268542683164,1.9886658371152872,lane_2,mainline,,normal,none,commit
BASIC-03,basic_01_06_900_bugcheck_20260605,38,3.800000000000002,B03_TLV_CFV,cav,not_applicable,6713.620223724961,3.5,23.431810155686936,1.979449242368316,lane_1,mainline,,normal,none,commit
BASIC-03,basic_01_06_900_bugcheck_20260605,38,3.800000000000002,B03_TLV_CLV,cav,not_applicable,6748.757469549276,3.5,26.609387687799757,1.4127551300834342,lane_1,mainline,,normal,none,commit
BASIC-03,basic_01_06_900_bugcheck_20260605,39,3.900000000000002,B03_MV,cav,not_applicable,6706.043598093463,-3.5,11.787389683280455,-1.4391901458113006,on_ramp,on_ramp_mv,,normal,not_started,commit
BASIC-03,basic_01_06_900_bugcheck_20260605,39,3.900000000000002,B03_CLV,cav,not_applicable,6754.688787637328,0.0,28.046338484446796,0.8140256314805016,lane_2,mainline,,normal,none,commit
BASIC-03,basic_01_06_900_bugcheck_20260605,39,3.900000000000002,B03_CFV,cav,not_applicable,6717.7590289652435,0.0,25.15812172259562,2.3543629576397804,lane_2,mainline,,normal,none,commit
BASIC-03,basic_01_06_900_bugcheck_20260605,39,3.900000000000002,B03_TLV_CFV,cav,not_applicable,6715.986872961604,3.5,23.666492366426162,2.3468221073922586,lane_1,mainline,,normal,none,commit
BASIC-03,basic_01_06_900_bugcheck_20260605,39,3.900000000000002,B03_TLV_CLV,cav,not_applicable,6751.431970767305,3.5,26.745012180287766,1.3562449248800974,lane_1,mainline,,normal,none,commit
BASIC-03,basic_01_06_900_bugcheck_20260605,40,4.000000000000002,B03_MV,cav,not_applicable,6707.208520836391,-3.5,11.64922742928257,-1.3816225399788487,on_ramp,on_ramp_mv,,normal,not_started,commit
BASIC-03,basic_01_06_900_bugcheck_20260605,40,4.000000000000002,B03_CLV,cav,not_applicable,6757.501236131834,0.0,28.124484945068925,0.7814646062212817,lane_2,mainline,,normal,none,commit
BASIC-03,basic_01_06_900_bugcheck_20260605,40,4.000000000000002,B03_CFV,cav,not_applicable,6720.301376834429,0.0,25.423478691857056,2.653569692614366,lane_2,mainline,,normal,none,commit
BASIC-03,basic_01_06_900_bugcheck_20260605,40,4.000000000000002,B03_TLV_CFV,cav,not_applicable,6718.379996197306,3.5,23.931232357030982,2.6473999060482116,lane_1,mainline,,normal,none,commit
BASIC-03,basic_01_06_900_bugcheck_20260605,40,4.000000000000002,B03_TLV_CLV,cav,not_applicable,6754.119491936613,3.5,26.875211693076256,1.3019951278848936,lane_1,mainline,,normal,none,commit
BASIC-03,basic_01_06_900_bugcheck_20260605,41,4.100000000000001,B03_MV,cav,not_applicable,6708.360180002935,-3.5,11.5165916654446,-1.3263576383796947,on_ramp,on_ramp_mv,,normal,not_started,commit
BASIC-03,basic_01_06_900_bugcheck_20260605,41,4.100000000000001,B03_CLV,cav,not_applicable,6760.32118668656,0.0,28.199505547266167,0.75020602197243,lane_2,mainline,,normal,none,commit
BASIC-03,basic_01_06_900_bugcheck_20260605,41,4.100000000000001,B03_CFV,cav,not_applicable,6722.854526637463,0.0,25.531498030343688,1.0801933848662992,lane_2,mainline,,normal,none,commit
BASIC-03,basic_01_06_900_bugcheck_20260605,41,4.100000000000001,B03_TLV_CFV,cav,not_applicable,6720.802052704968,3.5,24.220565076616744,2.893327195857627,lane_1,mainline,,normal,none,commit
BASIC-03,basic_01_06_900_bugcheck_20260605,41,4.100000000000001,B03_TLV_CLV,cav,not_applicable,6756.819512259148,3.5,27.000203225353207,1.2499153227694977,lane_1,mainline,,normal,none,commit
BASIC-03,basic_01_06_900_bugcheck_20260605,42,4.200000000000001,B03_MV,cav,not_applicable,6709.499106136151,-3.5,11.38926133216015,-1.273303332844507,on_ramp,on_ramp_mv,,normal,not_started,commit
BASIC-03,basic_01_06_900_bugcheck_20260605,42,4.200000000000001,B03_CLV,cav,not_applicable,6763.148339219098,0.0,28.27152532537552,0.7201977810935333,lane_2,mainline,,normal,none,commit
BASIC-03,basic_01_06_900_bugcheck_20260605,42,4.200000000000001,B03_CFV,cav,not_applicable,6725.4237871136465,0.0,25.692604761832747,1.6110673148906085,lane_2,mainline,,normal,none,commit
BASIC-03,basic_01_06_900_bugcheck_20260605,42,4.200000000000001,B03_TLV_CFV,cav,not_applicable,6723.236872798778,3.5,24.348200938096003,1.276358614792604,lane_1,mainline,,normal,none,commit
BASIC-03,basic_01_06_900_bugcheck_20260605,42,4.200000000000001,B03_TLV_CLV,cav,not_applicable,6759.531531768782,3.5,27.120195096339078,1.1999187098587172,lane_1,mainline,,normal,none,commit
BASIC-03,basic_01_06_900_bugcheck_20260605,43,4.300000000000001,B03_MV,cav,not_applicable,6710.625808557372,-3.5,11.267024212207076,-1.2223711995307263,on_ramp,on_ramp_mv,,normal,not_started,commit
BASIC-03,basic_01_06_900_bugcheck_20260605,43,4.300000000000001,B03_CLV,cav,not_applicable,6765.982405650334,0.0,28.3406643123605,0.6913898698497918,lane_2,mainline,,normal,none,commit
BASIC-03,basic_01_06_900_bugcheck_20260605,43,4.300000000000001,B03_CFV,cav,not_applicable,6728.013501776952,0.0,25.89714663305107,2.045418712183225,lane_2,mainline,,normal,none,commit
BASIC-03,basic_01_06_900_bugcheck_20260605,43,4.300000000000001,B03_TLV_CFV,cav,not_applicable,6725.689408553981,3.5,24.52535755203358,1.771566139375767,lane_1,mainline,,normal,none,commit
BASIC-03,basic_01_06_900_bugcheck_20260605,43,4.300000000000001,B03_TLV_CLV,cav,not_applicable,6762.25507049803,3.5,27.235387292485516,1.151921961464369,lane_1,mainline,,normal,none,commit
BASIC-03,basic_01_06_900_bugcheck_20260605,44,4.4,B03_MV,cav,not_applicable,6711.740776215077,-3.5,11.149676577052126,-1.1734763515494968,on_ramp,on_ramp_mv,,normal,not_started,commit
BASIC-03,basic_01_06_900_bugcheck_20260605,44,4.4,B03_CLV,cav,not_applicable,6768.82310942432,0.0,28.40703773986608,0.6637342750558006,lane_2,mainline,,normal,none,commit
BASIC-03,basic_01_06_900_bugcheck_20260605,44,4.4,B03_CFV,cav,not_applicable,6730.627224411538,0.0,26.13722634586606,2.400797128149911,lane_2,mainline,,normal,none,commit
BASIC-03,basic_01_06_900_bugcheck_20260605,44,4.4,B03_TLV_CFV,cav,not_applicable,6728.163711668506,3.5,24.743031145255234,2.1767359322165367,lane_1,mainline,,normal,none,commit
BASIC-03,basic_01_06_900_bugcheck_20260605,44,4.4,B03_TLV_CLV,cav,not_applicable,6764.989667678109,3.5,27.345971800786096,1.1058450830057935,lane_1,mainline,,normal,none,commit
BASIC-03,basic_01_06_900_bugcheck_20260605,45,4.5,B03_MV,cav,not_applicable,6712.844478499807,-3.5,11.037022847303374,-1.126537297487517,on_ramp,on_ramp_mv,,normal,not_started,commit
BASIC-03,basic_01_06_900_bugcheck_20260605,45,4.5,B03_CLV,cav,not_applicable,6771.670185047347,0.0,28.470756230271437,0.637184904053568,lane_2,mainline,,normal,none,commit
BASIC-03,basic_01_06_900_bugcheck_20260605,45,4.5,B03_CFV,cav,not_applicable,6733.24968084081,0.0,26.22456429271469,0.8733794684862908,lane_2,mainline,,normal,none,commit
BASIC-03,basic_01_06_900_bugcheck_20260605,45,4.5,B03_TLV_CFV,cav,not_applicable,6730.6630971679315,3.5,24.993854994254768,2.508238489995348,lane_1,mainline,,normal,none,commit
BASIC-03,basic_01_06_900_bugcheck_20260605,45,4.5,B03_TLV_CLV,cav,not_applicable,6767.734880970985,3.5,27.45213292875465,1.0616112796855617,lane_1,mainline,,normal,none,commit
BASIC-03,basic_01_06_900_bugcheck_20260605,46,4.6,B03_MV,cav,not_applicable,6713.937366026482,-3.5,10.928875266744573,-1.0814758055880163,on_ramp,on_ramp_mv,,normal,not_started,commit
BASIC-03,basic_01_06_900_bugcheck_20260605,46,4.6,B03_CLV,cav,not_applicable,6774.523377645453,0.0,28.53192598106058,0.6116975078914252,lane_2,mainline,,normal,none,commit
BASIC-03,basic_01_06_900_bugcheck_20260605,46,4.6,B03_CFV,cav,not_applicable,6735.886555829368,0.0,26.36874988559084,1.4418559287615107,lane_2,mainline,,normal,none,commit
BASIC-03,basic_01_06_900_bugcheck_20260605,46,4.6,B03_TLV_CFV,cav,not_applicable,6733.188994636913,3.5,25.258974689813936,2.6511969555916655,lane_1,mainline,,normal,none,commit
BASIC-03,basic_01_06_900_bugcheck_20260605,46,4.6,B03_TLV_CLV,cav,not_applicable,6770.490285732145,3.5,27.554047611604464,1.0191468284981398,lane_1,mainline,,normal,none,commit
BASIC-03,basic_01_06_900_bugcheck_20260605,47,4.699999999999999,B03_MV,cav,not_applicable,6715.019871385422,-3.5,10.825053589408123,-1.0382167733644956,on_ramp,on_ramp_mv,,normal,not_started,commit
BASIC-03,basic_01_06_900_bugcheck_20260605,47,4.699999999999999,B03_CLV,cav,not_applicable,6777.382442539635,0.0,28.59064894181816,0.5872296075757675,lane_2,mainline,,normal,none,commit
BASIC-03,basic_01_06_900_bugcheck_20260605,47,4.699999999999999,B03_CFV,cav,not_applicable,6738.542500548254,0.0,26.559447188853145,1.906973032623054,lane_2,mainline,,normal,none,commit
BASIC-03,basic_01_06_900_bugcheck_20260605,47,4.699999999999999,B03_TLV_CFV,cav,not_applicable,6735.72567462644,3.5,25.366799895271434,1.0782520545749987,lane_1,mainline,,normal,none,commit
BASIC-03,basic_01_06_900_bugcheck_20260605,47,4.699999999999999,B03_TLV_CLV,cav,not_applicable,6773.255474302859,3.5,27.651885707140284,0.9783809553582146,lane_1,mainline,,normal,none,commit
BASIC-03,basic_01_06_900_bugcheck_20260605,48,4.799999999999999,B03_MV,cav,not_applicable,6716.092409863339,-3.5,10.72538477916513,-0.9966881024299156,on_ramp,on_ramp_mv,,normal,not_started,commit
BASIC-03,basic_01_06_900_bugcheck_20260605,48,4.799999999999999,B03_CLV,cav,not_applicable,6780.247144838049,0.0,28.647022984145433,0.5637404232727363,lane_2,mainline,,normal,none,commit
BASIC-03,basic_01_06_900_bugcheck_20260605,48,4.799999999999999,B03_CFV,cav,not_applicable,6741.221320501042,0.0,26.78819952788594,2.2875233903279533,lane_2,mainline,,normal,none,commit
BASIC-03,basic_01_06_900_bugcheck_20260605,48,4.799999999999999,B03_TLV_CFV,cav,not_applicable,6738.278449405505,3.5,25.52774779064575,1.6094789537431806,lane_1,mainline,,normal,none,commit
BASIC-03,basic_01_06_900_bugcheck_20260605,48,4.799999999999999,B03_TLV_CLV,cav,not_applicable,6776.030055330744,3.5,27.745810278854673,0.9392457171438864,lane_1,mainline,,normal,none,commit
BASIC-03,basic_01_06_900_bugcheck_20260605,49,4.899999999999999,B03_MV,cav,not_applicable,6717.155380135472,-3.5,10.629702721331858,-0.9568205783327187,on_ramp,on_ramp_mv,,normal,not_started,commit
BASIC-03,basic_01_06_900_bugcheck_20260605,49,4.899999999999999,B03_CLV,cav,not_applicable,6783.117259044528,0.0,28.701142064779617,0.5411908063418267,lane_2,mainline,,normal,none,commit
BASIC-03,basic_01_06_900_bugcheck_20260605,49,4.899999999999999,B03_CFV,cav,not_applicable,6743.907947463388,0.0,26.866269623458226,0.7807009557228708,lane_2,mainline,,normal,none,commit
BASIC-03,basic_01_06_900_bugcheck_20260605,49,4.899999999999999,B03_TLV_CFV,cav,not_applicable,6740.851665376009,3.5,25.73215970504292,2.0441191439716935,lane_1,mainline,,normal,none,commit
BASIC-03,basic_01_06_900_bugcheck_20260605,49,4.899999999999999,B03_TLV_CLV,cav,not_applicable,6778.813653117514,3.5,27.835977867700485,0.9016758884581307,lane_1,mainline,,normal,none,commit
BASIC-03,basic_01_06_900_bugcheck_20260605,50,4.999999999999998,B03_MV,cav,not_applicable,6718.209164930054,-3.5,10.537847945811917,-0.9185477551994098,on_ramp,on_ramp_mv,,normal,not_started,commit
BASIC-03,basic_01_06_900_bugcheck_20260605,50,4.999999999999998,B03_CLV,cav,not_applicable,6785.992568682746,0.0,28.75309638218843,0.5195431740881532,lane_2,mainline,,normal,none,commit
BASIC-03,basic_01_06_900_bugcheck_20260605,50,4.999999999999998,B03_CFV,cav,not_applicable,6746.608234706281,0.0,27.002872428926462,1.366028054682349,lane_2,mainline,,normal,none,commit
BASIC-03,basic_01_06_900_bugcheck_20260605,50,4.999999999999998,B03_TLV_CFV,cav,not_applicable,6743.448878684964,3.5,25.972133089549697,2.399733845067749,lane_1,mainline,,normal,none,commit
BASIC-03,basic_01_06_900_bugcheck_20260605,50,4.999999999999998,B03_TLV_CLV,cav,not_applicable,6781.605906992813,3.5,27.922538752992466,0.8656088529198058,lane_1,mainline,,normal,none,commit
BASIC-03,basic_01_06_900_bugcheck_20260605,51,5.099999999999998,B03_MV,cav,not_applicable,6719.254131666185,-3.5,10.449667361312773,-0.8818058449914332,on_ramp,on_ramp_mv,,normal,not_started,commit
BASIC-03,basic_01_06_900_bugcheck_20260605,51,5.099999999999998,B03_CLV,cav,not_applicable,6788.8728659354365,0.0,28.802972526900895,0.4987614471246275,lane_2,mainline,,normal,none,commit
BASIC-03,basic_01_06_900_bugcheck_20260605,51,5.099999999999998,B03_CFV,cav,not_applicable,6749.326971269621,0.0,27.18736563340047,1.8449320447401036,lane_2,mainline,,normal,none,commit
BASIC-03,basic_01_06_900_bugcheck_20260605,51,5.099999999999998,B03_TLV_CFV,cav,not_applicable,6746.054817089015,3.5,26.059384040509787,0.8725095096008855,lane_1,mainline,,normal,none,commit
BASIC-03,basic_01_06_900_bugcheck_20260605,51,5.099999999999998,B03_TLV_CLV,cav,not_applicable,6784.4064707131,3.5,28.005637202872766,0.8309844988030136,lane_1,mainline,,normal,none,commit
BASIC-03,basic_01_06_900_bugcheck_20260605,52,5.1999999999999975,B03_MV,cav,not_applicable,6720.290633066204,-3.5,10.365014000193595,-0.8465336111917758,on_ramp,on_ramp_mv,,normal,not_started,commit
BASIC-03,basic_01_06_900_bugcheck_20260605,52,5.1999999999999975,B03_CLV,cav,not_applicable,6791.757951298019,0.0,28.850853625824858,0.47881098923964205,lane_2,mainline,,normal,none,commit
BASIC-03,basic_01_06_900_bugcheck_20260605,52,5.1999999999999975,B03_CFV,cav,not_applicable,6752.05870932015,0.0,27.317380505289456,1.3001487188898677,lane_2,mainline,,normal,none,commit
BASIC-03,basic_01_06_900_bugcheck_20260605,52,5.1999999999999975,B03_TLV_CFV,cav,not_applicable,6748.6751669345085,3.5,26.203498454931676,1.4411441442189061,lane_1,mainline,,normal,none,commit
BASIC-03,basic_01_06_900_bugcheck_20260605,52,5.1999999999999975,B03_TLV_CLV,cav,not_applicable,6787.215011884576,3.5,28.085411714757853,0.7977451188508937,lane_1,mainline,,normal,none,commit
BASIC-03,basic_01_06_900_bugcheck_20260605,53,5.299999999999997,B03_MV,cav,not_applicable,6721.319007743556,-3.5,10.283746773519184,-0.8126722667441044,on_ramp,on_ramp_mv,,normal,not_started,commit
BASIC-03,basic_01_06_900_bugcheck_20260605,53,5.299999999999997,B03_CLV,cav,not_applicable,6794.647633246098,0.0,28.896819480791862,0.459658549670057,lane_2,mainline,,normal,none,commit
BASIC-03,basic_01_06_900_bugcheck_20260605,53,5.299999999999997,B03_CFV,cav,not_applicable,6754.808357678379,0.0,27.496483582289535,1.7910307700008008,lane_2,mainline,,normal,none,commit
BASIC-03,basic_01_06_900_bugcheck_20260605,53,5.299999999999997,B03_TLV_CFV,cav,not_applicable,6751.314580686636,3.5,26.39413752127686,1.9063906634518322,lane_1,mainline,,normal,none,commit
BASIC-03,basic_01_06_900_bugcheck_20260605,53,5.299999999999997,B03_TLV_CLV,cav,not_applicable,6790.031211409192,3.5,28.16199524616754,0.7658353140968587,lane_1,mainline,,normal,none,commit
BASIC-03,basic_01_06_900_bugcheck_20260605,54,5.399999999999997,B03_MV,cav,not_applicable,6722.339580767147,-3.5,10.20573023591175,-0.7801653760743399,on_ramp,on_ramp_mv,,normal,not_started,commit
BASIC-03,basic_01_06_900_bugcheck_20260605,54,5.399999999999997,B03_CLV,cav,not_applicable,6797.541727916254,0.0,28.940946701560186,0.44127220768325515,lane_2,mainline,,normal,none,commit
BASIC-03,basic_01_06_900_bugcheck_20260605,54,5.399999999999997,B03_CFV,cav,not_applicable,6757.561750833817,0.0,27.53393155438051,0.3744797209097461,lane_2,mainline,,normal,none,commit
BASIC-03,basic_01_06_900_bugcheck_20260605,54,5.399999999999997,B03_TLV_CFV,cav,not_applicable,6753.976864907828,3.5,26.62284221192292,2.28704690646059,lane_1,mainline,,normal,none,commit
BASIC-03,basic_01_06_900_bugcheck_20260605,54,5.399999999999997,B03_TLV_CLV,cav,not_applicable,6792.854762952824,3.5,28.23551543632084,0.7352019015329845,lane_1,mainline,,normal,none,commit
BASIC-03,basic_01_06_900_bugcheck_20260605,55,5.4999999999999964,B03_MV,cav,not_applicable,6723.3526642031275,-3.5,10.130834359808613,-0.7489587610313664,on_ramp,on_ramp_mv,,normal,not_started,commit
BASIC-03,basic_01_06_900_bugcheck_20260605,55,5.4999999999999964,B03_CLV,cav,not_applicable,6800.440058799603,0.0,28.98330883349778,0.4236213193759255,lane_2,mainline,,normal,none,commit
BASIC-03,basic_01_06_900_bugcheck_20260605,55,5.4999999999999964,B03_CFV,cav,not_applicable,6760.325480641517,0.0,27.6372980770004,1.0336652261988832,lane_2,mainline,,normal,none,commit
BASIC-03,basic_01_06_900_bugcheck_20260605,55,5.4999999999999964,B03_TLV_CFV,cav,not_applicable,6756.646952240073,3.5,26.700873322451514,0.7803111052859371,lane_1,mainline,,normal,none,commit
BASIC-03,basic_01_06_900_bugcheck_20260605,55,5.4999999999999964,B03_TLV_CLV,cav,not_applicable,6795.685372434711,3.5,28.306094818868004,0.7057938254716647,lane_1,mainline,,normal,none,commit
BASIC-03,basic_01_06_900_bugcheck_20260605,56,5.599999999999996,B03_MV,cav,not_applicable,6724.358557635002,-3.5,10.058934318749602,-0.7190004105901118,on_ramp,on_ramp_mv,,normal,not_started,commit
BASIC-03,basic_01_06_900_bugcheck_20260605,56,5.599999999999996,B03_CLV,cav,not_applicable,6803.342456447619,0.0,29.02397648015787,0.40667646660088796,lane_2,mainline,,normal,none,commit
BASIC-03,basic_01_06_900_bugcheck_20260605,56,5.599999999999996,B03_CFV,cav,not_applicable,6763.104940437432,0.0,27.794597959143942,1.57299882143545,lane_2,mainline,,normal,none,commit
BASIC-03,basic_01_06_900_bugcheck_20260605,56,5.599999999999996,B03_TLV_CFV,cav,not_applicable,6759.33069666318,3.5,26.837444231065817,1.3657090861430394,lane_1,mainline,,normal,none,commit
BASIC-03,basic_01_06_900_bugcheck_20260605,56,5.599999999999996,B03_TLV_CLV,cav,not_applicable,6798.522757537323,3.5,28.373851026113286,0.6775620724527983,lane_1,mainline,,normal,none,commit
BASIC-03,basic_01_06_900_bugcheck_20260605,57,5.699999999999996,B03_MV,cav,not_applicable,6725.357548662936,-3.5,9.989910279332952,-0.6902403941665072,on_ramp,on_ramp_mv,,normal,not_started,commit
BASIC-03,basic_01_06_900_bugcheck_20260605,57,5.699999999999996,B03_CLV,cav,not_applicable,6806.248758189714,0.0,29.063017420951557,0.39040940793685197,lane_2,mainline,,normal,none,commit
BASIC-03,basic_01_06_900_bugcheck_20260605,57,5.699999999999996,B03_CFV,cav,not_applicable,6765.890546664663,0.0,27.856062272315118,0.6146431317117511,lane_2,mainline,,normal,none,commit
BASIC-03,basic_01_06_900_bugcheck_20260605,57,5.699999999999996,B03_TLV_CFV,cav,not_applicable,6762.032887796991,3.5,27.021911338113885,1.8446710704806686,lane_1,mainline,,normal,none,commit
BASIC-03,basic_01_06_900_bugcheck_20260605,57,5.699999999999996,B03_TLV_CLV,cav,not_applicable,6801.36664723583,3.5,28.438896985068755,0.6504595895546856,lane_1,mainline,,normal,none,commit
BASIC-03,basic_01_06_900_bugcheck_20260605,58,5.799999999999995,B03_MV,cav,not_applicable,6726.349913383086,-3.5,9.923647201492967,-0.6626307783998471,on_ramp,on_ramp_mv,,normal,not_started,commit
BASIC-03,basic_01_06_900_bugcheck_20260605,58,5.799999999999995,B03_CLV,cav,not_applicable,6809.158807862125,0.0,29.100496724113494,0.3747930316193774,lane_2,mainline,,normal,none,commit
BASIC-03,basic_01_06_900_bugcheck_20260605,58,5.799999999999995,B03_CFV,cav,not_applicable,6768.688454517517,0.0,27.97907852854608,1.2301625623096144,lane_2,mainline,,normal,none,commit
BASIC-03,basic_01_06_900_bugcheck_20260605,58,5.799999999999995,B03_TLV_CFV,cav,not_applicable,6764.739262603198,3.5,27.063748062062302,0.4183672394841833,lane_1,mainline,,normal,none,commit
BASIC-03,basic_01_06_900_bugcheck_20260605,58,5.799999999999995,B03_TLV_CLV,cav,not_applicable,6804.216781346397,3.5,28.501341105666004,0.624441205972498,lane_1,mainline,,normal,none,commit
BASIC-03,basic_01_06_900_bugcheck_20260605,59,5.899999999999995,B03_MV,cav,not_applicable,6727.335916847762,-3.5,9.860034646766582,-0.6361255472638533,on_ramp,on_ramp_mv,,normal,not_started,commit
BASIC-03,basic_01_06_900_bugcheck_20260605,59,5.899999999999995,B03_CLV,cav,not_applicable,6812.07245554764,0.0,29.136476855148956,0.35980131035460233,lane_2,mainline,,normal,none,commit
BASIC-03,basic_01_06_900_bugcheck_20260605,59,5.899999999999995,B03_CFV,cav,not_applicable,6771.503700064063,0.0,28.15245546546232,1.7337693691624116,lane_2,mainline,,normal,none,commit
BASIC-03,basic_01_06_900_bugcheck_20260605,59,5.899999999999995,B03_TLV_CFV,cav,not_applicable,6767.456333141364,3.5,27.17070538165646,1.0695731959416044,lane_1,mainline,,normal,none,commit
BASIC-03,basic_01_06_900_bugcheck_20260605,59,5.899999999999995,B03_TLV_CLV,cav,not_applicable,6807.072910092541,3.5,28.561287461439363,0.5994635577335984,lane_1,mainline,,normal,none,commit
BASIC-03,basic_01_06_900_bugcheck_20260605,60,5.999999999999995,B03_MV,cav,not_applicable,6728.315813507184,-3.5,9.798966594229253,-0.6106805253732994,on_ramp,on_ramp_mv,,normal,not_started,commit
BASIC-03,basic_01_06_900_bugcheck_20260605,60,5.999999999999995,B03_CLV,cav,not_applicable,6814.9895573257345,0.0,29.171017780942996,0.34540925794041755,lane_2,mainline,,normal,none,commit
BASIC-03,basic_01_06_900_bugcheck_20260605,60,5.999999999999995,B03_CFV,cav,not_applicable,6774.322221905448,0.0,28.185218413848336,0.327629483860155,lane_2,mainline,,normal,none,commit
BASIC-03,basic_01_06_900_bugcheck_20260605,60,5.999999999999995,B03_TLV_CFV,cav,not_applicable,6770.189427460224,3.5,27.33094318859714,1.6023780694067673,lane_1,mainline,,normal,none,commit
BASIC-03,basic_01_06_900_bugcheck_20260605,60,5.999999999999995,B03_TLV_CLV,cav,not_applicable,6809.934793688839,3.5,28.618835962981787,0.5754850154242547,lane_1,mainline,,normal,none,commit
BASIC-03,basic_01_06_900_bugcheck_20260605,61,6.099999999999994,B03_MV,cav,not_applicable,6729.289847633564,-3.5,9.740341263793416,-0.5862533043583674,on_ramp,on_ramp_mv,,normal,not_started,commit
BASIC-03,basic_01_06_900_bugcheck_20260605,61,6.099999999999994,B03_CLV,cav,not_applicable,6817.909975032705,0.0,29.204177069705278,0.3315928876228014,lane_2,mainline,,normal,none,commit
BASIC-03,basic_01_06_900_bugcheck_20260605,61,6.099999999999994,B03_CFV,cav,not_applicable,6777.150697078973,0.0,28.284751735255075,0.9953332140673996,lane_2,mainline,,normal,none,commit
BASIC-03,basic_01_06_900_bugcheck_20260605,61,6.099999999999994,B03_TLV_CFV,cav,not_applicable,6772.935162811968,3.5,27.45735351745116,1.264103288540209,lane_1,mainline,,normal,none,commit
BASIC-03,basic_01_06_900_bugcheck_20260605,61,6.099999999999994,B03_TLV_CLV,cav,not_applicable,6812.802201941286,3.5,28.674082524462516,0.5524656148072851,lane_1,mainline,,normal,none,commit
BASIC-03,basic_01_06_900_bugcheck_20260605,62,6.199999999999994,B03_MV,cav,not_applicable,6730.2582537282215,-3.5,9.684060946575013,-0.562803172184033,on_ramp,on_ramp_mv,,normal,not_started,commit
BASIC-03,basic_01_06_900_bugcheck_20260605,62,6.199999999999994,B03_CLV,cav,not_applicable,6820.833576031397,0.0,29.236009986917068,0.31832917211788897,lane_2,mainline,,normal,none,commit
BASIC-03,basic_01_06_900_bugcheck_20260605,62,6.199999999999994,B03_CFV,cav,not_applicable,6779.994588615159,0.0,28.438915361860587,1.541636266055145,lane_2,mainline,,normal,none,commit
BASIC-03,basic_01_06_900_bugcheck_20260605,62,6.199999999999994,B03_TLV_CFV,cav,not_applicable,6775.698513554256,3.5,27.633507422877177,1.761539054260171,lane_1,mainline,,normal,none,commit
BASIC-03,basic_01_06_900_bugcheck_20260605,62,6.199999999999994,B03_TLV_CLV,cav,not_applicable,6815.674913863634,3.5,28.727119223484017,0.5303669902149935,lane_1,mainline,,normal,none,commit
BASIC-03,basic_01_06_900_bugcheck_20260605,63,6.299999999999994,B03_MV,cav,not_applicable,6731.221256912426,-3.5,9.630031842045346,-0.5402910452966715,on_ramp,on_ramp_mv,,normal,not_started,commit
BASIC-03,basic_01_06_900_bugcheck_20260605,63,6.299999999999994,B03_CLV,cav,not_applicable,6823.760232990141,0.0,29.266569587440387,0.30559600523317276,lane_2,mainline,,normal,none,commit
BASIC-03,basic_01_06_900_bugcheck_20260605,63,6.299999999999994,B03_CFV,cav,not_applicable,6782.840184448068,0.0,28.45595832908328,0.17042967222693672,lane_2,mainline,,normal,none,commit
BASIC-03,basic_01_06_900_bugcheck_20260605,63,6.299999999999994,B03_TLV_CFV,cav,not_applicable,6778.465367797897,3.5,27.668542436407556,0.35035013530377634,lane_1,mainline,,normal,none,commit
BASIC-03,basic_01_06_900_bugcheck_20260605,63,6.299999999999994,B03_TLV_CLV,cav,not_applicable,6818.552717309089,3.5,28.778034454544656,0.5091523106063932,lane_1,mainline,,normal,none,commit
BASIC-03,basic_01_06_900_bugcheck_20260605,64,6.399999999999993,B03_MV,cav,not_applicable,6732.1790733025955,-3.5,9.578163901696866,-0.5186794034848049,on_ramp,on_ramp_mv,,normal,not_started,commit
BASIC-03,basic_01_06_900_bugcheck_20260605,64,6.399999999999993,B03_CLV,cav,not_applicable,6826.689823670536,0.0,29.29590680394277,0.2933721650238454,lane_2,mainline,,normal,none,commit
BASIC-03,basic_01_06_900_bugcheck_20260605,64,6.399999999999993,B03_CFV,cav,not_applicable,6785.694447432839,0.0,28.54262984772003,0.8667151863674937,lane_2,mainline,,normal,none,commit
BASIC-03,basic_01_06_900_bugcheck_20260605,64,6.399999999999993,B03_TLV_CFV,cav,not_applicable,6781.242361269918,3.5,27.76993472020514,1.013922837975817,lane_1,mainline,,normal,none,commit
BASIC-03,basic_01_06_900_bugcheck_20260605,64,6.399999999999993,B03_TLV_CLV,cav,not_applicable,6821.435408616725,3.5,28.82691307636287,0.48878621818213763,lane_1,mainline,,normal,none,commit
BASIC-03,basic_01_06_900_bugcheck_20260605,65,6.499999999999993,B03_MV,cav,not_applicable,6733.131910370492,-3.5,9.528370678962325,-0.49793222734541304,on_ramp,on_ramp_mv,,normal,not_started,commit
BASIC-03,basic_01_06_900_bugcheck_20260605,65,6.499999999999993,B03_CLV,cav,not_applicable,6829.622230723714,0.0,29.32407053178506,0.28163727842289177,lane_2,mainline,,normal,none,commit
BASIC-03,basic_01_06_900_bugcheck_20260605,65,6.499999999999993,B03_CFV,cav,not_applicable,6788.563074450954,0.0,28.686270181150096,1.4364033343006766,lane_2,mainline,,normal,none,commit
BASIC-03,basic_01_06_900_bugcheck_20260605,65,6.499999999999993,B03_TLV_CFV,cav,not_applicable,6784.034923201521,3.5,27.925619316039523,1.55684595834385,lane_1,mainline,,normal,none,commit
BASIC-03,basic_01_06_900_bugcheck_20260605,65,6.499999999999993,B03_TLV_CLV,cav,not_applicable,6824.322792272056,3.5,28.873836553308355,0.46923476945485165,lane_1,mainline,,normal,none,commit
BASIC-03,basic_01_06_900_bugcheck_20260605,66,6.5999999999999925,B03_MV,cav,not_applicable,6734.079967289005,-3.5,9.480569185137165,-0.4780149382515966,on_ramp,on_ramp_mv,,normal,not_started,commit
BASIC-03,basic_01_06_900_bugcheck_20260605,66,6.5999999999999925,B03_CLV,cav,not_applicable,6832.557341494766,0.0,29.35110771051366,0.27037178728597555,lane_2,mainline,,normal,none,commit
BASIC-03,basic_01_06_900_bugcheck_20260605,66,6.5999999999999925,B03_CFV,cav,not_applicable,6791.432544769077,0.0,28.694703181229244,0.08433000079146269,lane_2,mainline,,normal,none,commit
BASIC-03,basic_01_06_900_bugcheck_20260605,66,6.5999999999999925,B03_TLV_CFV,cav,not_applicable,6786.829313872785,3.5,27.943906712631293,0.18287396591769545,lane_1,mainline,,normal,none,commit
BASIC-03,basic_01_06_900_bugcheck_20260605,66,6.5999999999999925,B03_TLV_CLV,cav,not_applicable,6827.2146805811735,3.5,28.91888309117602,0.4504653786766582,lane_1,mainline,,normal,none,commit
BASIC-03,basic_01_06_900_bugcheck_20260605,67,6.699999999999992,B03_MV,cav,not_applicable,6735.023435264112,-3.5,9.434679751065012,-0.4588943407215325,on_ramp,on_ramp_mv,,normal,not_started,commit
BASIC-03,basic_01_06_900_bugcheck_20260605,67,6.699999999999992,B03_CLV,cav,not_applicable,6835.495047834975,0.0,29.377063402093114,0.25955691579453627,lane_2,mainline,,normal,none,commit
BASIC-03,basic_01_06_900_bugcheck_20260605,67,6.699999999999992,B03_CFV,cav,not_applicable,6794.309977787207,0.0,28.774330181294,0.7962700006475604,lane_2,mainline,,normal,none,commit
BASIC-03,basic_01_06_900_bugcheck_20260605,67,6.699999999999992,B03_TLV_CFV,cav,not_applicable,6789.63247351286,3.5,28.03159640075183,0.8768968812053872,lane_1,mainline,,normal,none,commit
BASIC-03,basic_01_06_900_bugcheck_20260605,67,6.699999999999992,B03_TLV_CLV,cav,not_applicable,6830.110893357926,3.5,28.96212776752898,0.43244676352959177,lane_1,mainline,,normal,none,commit
BASIC-03,basic_01_06_900_bugcheck_20260605,68,6.799999999999992,B03_MV,cav,not_applicable,6735.962497853548,-3.5,9.390625894355745,-0.44053856709267125,on_ramp,on_ramp_mv,,normal,not_started,commit
BASIC-03,basic_01_06_900_bugcheck_20260605,68,6.799999999999992,B03_CLV,cav,not_applicable,6838.435245921575,0.0,29.40198086600939,0.2491746391627544,lane_2,mainline,,normal,none,commit
BASIC-03,basic_01_06_900_bugcheck_20260605,68,6.799999999999992,B03_CFV,cav,not_applicable,6797.201198468978,0.0,28.91220681771062,1.3787663641661858,lane_2,mainline,,normal,none,commit
BASIC-03,basic_01_06_900_bugcheck_20260605,68,6.799999999999992,B03_TLV_CFV,cav,not_applicable,6792.450080491054,3.5,28.17606978194136,1.4447338118953168,lane_1,mainline,,normal,none,commit
BASIC-03,basic_01_06_900_bugcheck_20260605,68,6.799999999999992,B03_TLV_CLV,cav,not_applicable,6833.011257623609,3.5,29.00364265682782,0.4151488929884082,lane_1,mainline,,normal,none,commit
BASIC-03,basic_01_06_900_bugcheck_20260605,69,6.8999999999999915,B03_MV,cav,not_applicable,6736.897331272739,-3.5,9.348334191914848,-0.42291702440896445,on_ramp,on_ramp_mv,,normal,not_started,commit
BASIC-03,basic_01_06_900_bugcheck_20260605,69,6.8999999999999915,B03_CLV,cav,not_applicable,6841.377836084712,0.0,29.425901631369012,0.23920765359624455,lane_2,mainline,,normal,none,commit
BASIC-03,basic_01_06_900_bugcheck_20260605,69,6.8999999999999915,B03_CFV,cav,not_applicable,6800.092790875547,0.0,28.915924065687854,0.037172479772333844,lane_2,mainline,,normal,none,commit
BASIC-03,basic_01_06_900_bugcheck_20260605,69,6.8999999999999915,B03_TLV_CFV,cav,not_applicable,6795.268598927709,3.5,28.185184366550978,0.09114584609616827,lane_1,mainline,,normal,none,commit
BASIC-03,basic_01_06_900_bugcheck_20260605,69,6.8999999999999915,B03_TLV_CLV,cav,not_applicable,6835.915607318664,3.5,29.043496950554708,0.39854293726887136,lane_1,mainline,,normal,none,commit
BASIC-03,basic_01_06_900_bugcheck_20260605,70,6.999999999999991,B03_MV,cav,not_applicable,6737.828104688497,-3.5,9.307734157571588,-0.4060003434326056,on_ramp,on_ramp_mv,,normal,not_started,commit
BASIC-03,basic_01_06_900_bugcheck_20260605,70,6.999999999999991,B03_CLV,cav,not_applicable,6844.322722641323,0.0,29.44886556611425,0.22963934745239528,lane_2,mainline,,normal,none,commit
BASIC-03,basic_01_06_900_bugcheck_20260605,70,6.999999999999991,B03_CFV,cav,not_applicable,6802.991960147859,0.0,28.991692723123773,0.7576865743591823,lane_2,mainline,,normal,none,commit
BASIC-03,basic_01_06_900_bugcheck_20260605,70,6.999999999999991,B03_TLV_CFV,cav,not_applicable,6798.095135830377,3.5,28.26536902668612,0.8018466013514104,lane_1,mainline,,normal,none,commit
BASIC-03,basic_01_06_900_bugcheck_20260605,70,6.999999999999991,B03_TLV_CLV,cav,not_applicable,6838.823783025918,3.5,29.08175707253252,0.3826012197781168,lane_1,mainline,,normal,none,commit
BASIC-03,basic_01_06_900_bugcheck_20260605,71,7.099999999999991,B03_MV,cav,not_applicable,6738.754980500957,-3.5,9.268758124602057,-0.38976032969530156,on_ramp,on_ramp_mv,,normal,not_started,commit
BASIC-03,basic_01_06_900_bugcheck_20260605,71,7.099999999999991,B03_CLV,cav,not_applicable,6847.26981373567,0.0,29.47091094346968,0.22045377355429993,lane_2,mainline,,normal,none,commit
BASIC-03,basic_01_06_900_bugcheck_20260605,71,7.099999999999991,B03_CFV,cav,not_applicable,6805.891402914874,0.0,28.99442767014549,0.027349470217169713,lane_2,mainline,,normal,none,commit
BASIC-03,basic_01_06_900_bugcheck_20260605,71,7.099999999999991,B03_TLV_CFV,cav,not_applicable,6800.93550602342,3.5,28.403701930433055,1.3833290374693359,lane_1,mainline,,normal,none,commit
BASIC-03,basic_01_06_900_bugcheck_20260605,71,7.099999999999991,B03_TLV_CLV,cav,not_applicable,6841.735631704881,3.5,29.118486789631216,0.3672971709869927,lane_1,mainline,,normal,none,commit
BASIC-03,basic_01_06_900_bugcheck_20260605,72,7.19999999999999,B03_MV,cav,not_applicable,6739.678114614252,-3.5,9.231341132951307,-0.37416991650748915,on_ramp,on_ramp_mv,,normal,not_started,commit
BASIC-03,basic_01_06_900_bugcheck_20260605,72,7.19999999999999,B03_CLV,cav,not_applicable,6850.2190211862435,0.0,29.49207450573089,0.21163562261212832,lane_2,mainline,,normal,none,commit
BASIC-03,basic_01_06_900_bugcheck_20260605,72,7.19999999999999,B03_CFV,cav,not_applicable,6808.798342177553,0.0,29.069392626799623,0.7496495665413206,lane_2,mainline,,normal,none,commit
BASIC-03,basic_01_06_900_bugcheck_20260605,72,7.19999999999999,B03_TLV_CFV,cav,not_applicable,6803.776285272224,3.5,28.407792488044183,0.04090557611127488,lane_1,mainline,,normal,none,commit
BASIC-03,basic_01_06_900_bugcheck_20260605,72,7.19999999999999,B03_TLV_CLV,cav,not_applicable,6844.651006436685,3.5,29.15374731804597,0.3526052841475135,lane_1,mainline,,normal,none,commit
BASIC-03,basic_01_06_900_bugcheck_20260605,73,7.29999999999999,B03_MV,cav,not_applicable,6740.597656696349,-3.5,9.195420820966588,-0.3592031198471894,on_ramp,on_ramp_mv,,normal,not_started,commit
BASIC-03,basic_01_06_900_bugcheck_20260605,73,7.29999999999999,B03_CLV,cav,not_applicable,6853.170260338794,0.0,29.512391525501656,0.20317019770764377,lane_2,mainline,,normal,none,commit
BASIC-03,basic_01_06_900_bugcheck_20260605,73,7.29999999999999,B03_CFV,cav,not_applicable,6811.703302254543,0.0,29.049600769896102,-0.19791856903519078,lane_2,mainline,,normal,none,commit
BASIC-03,basic_01_06_900_bugcheck_20260605,73,7.29999999999999,B03_TLV_CFV,cav,not_applicable,6806.624671930288,3.5,28.483866580635105,0.7607409259092249,lane_1,mainline,,normal,none,commit
BASIC-03,basic_01_06_900_bugcheck_20260605,73,7.29999999999999,B03_TLV_CLV,cav,not_applicable,6847.569766179217,3.5,29.18759742532413,0.33850107278161234,lane_1,mainline,,normal,none,commit
BASIC-03,basic_01_06_900_bugcheck_20260605,74,7.39999999999999,B03_MV,cav,not_applicable,6741.513750428495,-3.5,9.160937321461258,-0.34483499505330145,on_ramp,on_ramp_mv,,normal,not_started,commit
BASIC-03,basic_01_06_900_bugcheck_20260605,74,7.39999999999999,B03_CLV,cav,not_applicable,6856.123449925242,0.0,29.53189586448159,0.19504338979933777,lane_2,mainline,,normal,none,commit
BASIC-03,basic_01_06_900_bugcheck_20260605,74,7.39999999999999,B03_CFV,cav,not_applicable,6814.613915725058,0.0,29.106134705156858,0.5653393526075712,lane_2,mainline,,normal,none,commit
BASIC-03,basic_01_06_900_bugcheck_20260605,74,7.39999999999999,B03_TLV_CFV,cav,not_applicable,6809.486555559563,3.5,28.618836292754953,1.3496971211984568,lane_1,mainline,,normal,none,commit
BASIC-03,basic_01_06_900_bugcheck_20260605,74,7.39999999999999,B03_TLV_CLV,cav,not_applicable,6850.491775532048,3.5,29.220093528311168,0.32496102987034736,lane_1,mainline,,normal,none,commit
BASIC-03,basic_01_06_900_bugcheck_20260605,75,7.499999999999989,B03_MV,cav,not_applicable,6742.426533744689,-3.5,9.127833161936142,-0.3310415952511697,on_ramp,on_ramp_mv,,normal,not_started,commit
BASIC-03,basic_01_06_900_bugcheck_20260605,75,7.499999999999989,B03_CLV,cav,not_applicable,6859.078511928233,0.0,29.550620029902326,0.18724165420736372,lane_2,mainline,,normal,none,commit
BASIC-03,basic_01_06_900_bugcheck_20260605,75,7.499999999999989,B03_CFV,cav,not_applicable,6817.53642742664,0.0,29.22511701582475,1.1898231066789218,lane_2,mainline,,normal,none,commit
BASIC-03,basic_01_06_900_bugcheck_20260605,75,7.499999999999989,B03_TLV_CFV,cav,not_applicable,6812.348573074376,3.5,28.620175148125735,0.01338855370782821,lane_1,mainline,,normal,none,commit
BASIC-03,basic_01_06_900_bugcheck_20260605,75,7.499999999999989,B03_TLV_CLV,cav,not_applicable,6853.4169045107665,3.5,29.25128978717872,0.311962588675533,lane_1,mainline,,normal,none,commit
BASIC-03,basic_01_06_900_bugcheck_20260605,76,7.599999999999989,B03_MV,cav,not_applicable,6743.336139061568,-3.5,9.096053168792029,-0.3177999314411231,on_ramp,on_ramp_mv,,normal,not_started,commit
BASIC-03,basic_01_06_900_bugcheck_20260605,76,7.599999999999989,B03_CLV,cav,not_applicable,6862.035371451103,0.0,29.568595228706233,0.1797519880390695,lane_2,mainline,,normal,none,commit
BASIC-03,basic_01_06_900_bugcheck_20260605,76,7.599999999999989,B03_CFV,cav,not_applicable,6820.457764953641,0.0,29.21337527000757,-0.11741745817179128,lane_2,mainline,,normal,none,commit
BASIC-03,basic_01_06_900_bugcheck_20260605,76,7.599999999999989,B03_TLV_CFV,cav,not_applicable,6815.217972859174,3.5,28.693997847974558,0.7382269984882232,lane_1,mainline,,normal,none,commit
BASIC-03,basic_01_06_900_bugcheck_20260605,76,7.599999999999989,B03_TLV_CLV,cav,not_applicable,6856.3450283303355,3.5,29.28123819569157,0.2994840851285119,lane_1,mainline,,normal,none,commit
BASIC-03,basic_01_06_900_bugcheck_20260605,77,7.699999999999989,B03_MV,cav,not_applicable,6744.242693499105,-3.5,9.065544375373682,-0.30508793418347796,on_ramp,on_ramp_mv,,normal,not_started,commit
BASIC-03,basic_01_06_900_bugcheck_20260605,77,7.699999999999989,B03_CLV,cav,not_applicable,6864.993956593059,0.0,29.585851419557983,0.17256190851750688,lane_2,mainline,,normal,none,commit
BASIC-03,basic_01_06_900_bugcheck_20260605,77,7.699999999999989,B03_CFV,cav,not_applicable,6823.385414519621,0.0,29.276495659793515,0.6312038978594435,lane_2,mainline,,normal,none,commit
BASIC-03,basic_01_06_900_bugcheck_20260605,77,7.699999999999989,B03_TLV_CFV,cav,not_applicable,6818.1006854103225,3.5,28.827125511487232,1.331276635126728,lane_1,mainline,,normal,none,commit
BASIC-03,basic_01_06_900_bugcheck_20260605,77,7.699999999999989,B03_TLV_CLV,cav,not_applicable,6859.276027197122,3.5,29.30998866786391,0.28750472172337144,lane_1,mainline,,normal,none,commit
BASIC-03,basic_01_06_900_bugcheck_20260605,78,7.799999999999988,B03_MV,cav,not_applicable,6745.146319092474,-3.5,9.036255933692068,-0.292884416816139,on_ramp,on_ramp_mv,,normal,not_started,commit
BASIC-03,basic_01_06_900_bugcheck_20260605,78,7.799999999999988,B03_CLV,cav,not_applicable,6867.954198329337,0.0,29.602417362775665,0.16565943217680684,lane_2,mainline,,normal,none,commit
BASIC-03,basic_01_06_900_bugcheck_20260605,78,7.799999999999988,B03_CFV,cav,not_applicable,6826.309353329465,0.0,29.23938809844102,-0.37107561352495355,lane_2,mainline,,normal,none,commit
BASIC-03,basic_01_06_900_bugcheck_20260605,78,7.799999999999988,B03_TLV_CFV,cav,not_applicable,6820.98338113394,3.5,28.826957236179418,-0.0016827530781315936,lane_1,mainline,,normal,none,commit
BASIC-03,basic_01_06_900_bugcheck_20260605,78,7.799999999999988,B03_TLV_CLV,cav,not_applicable,6862.209786109237,3.5,29.337589121149353,0.2760045328544365,lane_1,mainline,,normal,none,commit
BASIC-03,basic_01_06_900_bugcheck_20260605,79,7.899999999999988,B03_MV,cav,not_applicable,6746.047132995442,-3.5,9.00813902967772,-0.28116904014349375,on_ramp,on_ramp_mv,,normal,not_started,commit
BASIC-03,basic_01_06_900_bugcheck_20260605,79,7.899999999999988,B03_CLV,cav,not_applicable,6870.9160303961635,0.0,29.618320668264637,0.15903305488973418,lane_2,mainline,,normal,none,commit
BASIC-03,basic_01_06_900_bugcheck_20260605,79,7.899999999999988,B03_CFV,cav,not_applicable,6829.23752879338,0.0,29.281754639152613,0.42366540711594713,lane_2,mainline,,normal,none,commit
BASIC-03,basic_01_06_900_bugcheck_20260605,79,7.899999999999988,B03_TLV_CFV,cav,not_applicable,6823.873335816851,3.5,28.89954682910939,0.7258959292997106,lane_1,mainline,,normal,none,commit
BASIC-03,basic_01_06_900_bugcheck_20260605,79,7.899999999999988,B03_TLV_CLV,cav,not_applicable,6865.146194664867,3.5,29.36408555630338,0.26496435154025877,lane_1,mainline,,normal,none,commit
BASIC-03,basic_01_06_900_bugcheck_20260605,80,7.999999999999988,B03_MV,cav,not_applicable,6746.945247675624,-3.5,8.981146801823945,-0.26992227853775436,on_ramp,on_ramp_mv,,normal,not_started,commit
BASIC-03,basic_01_06_900_bugcheck_20260605,80,7.999999999999988,B03_CLV,cav,not_applicable,6873.879389180317,0.0,29.63358784153405,0.15267173269414513,lane_2,mainline,,normal,none,commit
BASIC-03,basic_01_06_900_bugcheck_20260605,80,7.999999999999988,B03_CFV,cav,not_applicable,6832.176443337899,0.0,29.38914544518937,1.073908060367593,lane_2,mainline,,normal,none,commit
BASIC-03,basic_01_06_900_bugcheck_20260605,80,7.999999999999988,B03_TLV_CFV,cav,not_applicable,6826.771205272073,3.5,28.978694552216385,0.7914772310699593,lane_1,mainline,,normal,none,commit
BASIC-03,basic_01_06_900_bugcheck_20260605,80,7.999999999999988,B03_TLV_CLV,cav,not_applicable,6868.085146878272,3.5,29.389522134051244,0.2543657774786482,lane_1,mainline,,normal,none,commit
BASIC-03,basic_01_06_900_bugcheck_20260605,81,8.099999999999987,B03_MV,cav,not_applicable,6747.840771101933,-3.5,8.95523426308432,-0.2591253873962444,on_ramp,on_ramp_mv,,normal,not_started,commit
BASIC-03,basic_01_06_900_bugcheck_20260605,81,8.099999999999987,B03_CLV,cav,not_applicable,6876.844213613104,0.0,29.64824432787269,0.14656486338637933,lane_2,mainline,,normal,none,commit
BASIC-03,basic_01_06_900_bugcheck_20260605,81,8.099999999999987,B03_CFV,cav,not_applicable,6835.113235312003,0.0,29.36791974103763,-0.21225704151742386,lane_2,mainline,,normal,none,commit
BASIC-03,basic_01_06_900_bugcheck_20260605,81,8.099999999999987,B03_TLV_CFV,cav,not_applicable,6829.664641359185,3.5,28.93436087112211,-0.44333681094276056,lane_1,mainline,,normal,none,commit
BASIC-03,basic_01_06_900_bugcheck_20260605,81,8.099999999999987,B03_TLV_CLV,cav,not_applicable,6871.026541003141,3.5,29.413941248689195,0.24419114637950232,lane_1,mainline,,normal,none,commit
BASIC-03,basic_01_06_900_bugcheck_20260605,82,8.199999999999987,B03_MV,cav,not_applicable,6748.7338069245225,-3.5,8.93035822589428,-0.24876037190039427,on_ramp,on_ramp_mv,,normal,not_started,commit
BASIC-03,basic_01_06_900_bugcheck_20260605,82,8.199999999999987,B03_CLV,cav,not_applicable,6879.8104450685805,0.0,29.66231455475778,0.14070226885092438,lane_2,mainline,,normal,none,commit
BASIC-03,basic_01_06_900_bugcheck_20260605,82,8.199999999999987,B03_CFV,cav,not_applicable,6838.055563364858,0.0,29.42328052854984,0.5536078751221079,lane_2,mainline,,normal,none,commit
BASIC-03,basic_01_06_900_bugcheck_20260605,82,8.199999999999987,B03_TLV_CFV,cav,not_applicable,6832.5617228723895,3.5,28.970815132044976,0.3645426092286505,lane_1,mainline,,normal,none,commit
BASIC-03,basic_01_06_900_bugcheck_20260605,82,8.199999999999987,B03_TLV_CLV,cav,not_applicable,6873.970279363015,3.5,29.437383598741626,0.23442350052432204,lane_1,mainline,,normal,none,commit
BASIC-03,basic_01_06_900_bugcheck_20260605,83,8.299999999999986,B03_MV,cav,not_applicable,6749.624454647542,-3.5,8.906477230191841,-0.23880995702437816,on_ramp,on_ramp_mv,,normal,not_started,commit
BASIC-03,basic_01_06_900_bugcheck_20260605,83,8.299999999999986,B03_CLV,cav,not_applicable,6882.778027265837,0.0,29.67582197256747,0.13507417809688746,lane_2,mainline,,normal,none,commit
BASIC-03,basic_01_06_900_bugcheck_20260605,83,8.299999999999986,B03_CFV,cav,not_applicable,6840.994089775692,0.0,29.38526410834239,-0.3801642020744865,lane_2,mainline,,normal,none,commit
BASIC-03,basic_01_06_900_bugcheck_20260605,83,8.299999999999986,B03_TLV_CFV,cav,not_applicable,6835.469059734215,3.5,29.07336861825459,1.0255348620961686,lane_1,mainline,,normal,none,commit
BASIC-03,basic_01_06_900_bugcheck_20260605,83,8.299999999999986,B03_TLV_CLV,cav,not_applicable,6876.9162681884945,3.5,29.45988825479196,0.22504656050334973,lane_1,mainline,,normal,none,commit
BASIC-03,basic_01_06_900_bugcheck_20260605,84,8.399999999999986,B03_MV,cav,not_applicable,6750.512809794974,-3.5,8.883551474317501,-0.22925755874340298,on_ramp,on_ramp_mv,,normal,not_started,commit
BASIC-03,basic_01_06_900_bugcheck_20260605,84,8.399999999999986,B03_CLV,cav,not_applicable,6885.746906175204,0.0,29.68878909366477,0.12967121097301232,lane_2,mainline,,normal,none,commit
BASIC-03,basic_01_06_900_bugcheck_20260605,84,8.399999999999986,B03_CFV,cav,not_applicable,6843.9367784794185,0.0,29.42688703726357,0.4162292892117838,lane_2,mainline,,normal,none,commit
BASIC-03,basic_01_06_900_bugcheck_20260605,84,8.399999999999986,B03_TLV_CFV,cav,not_applicable,6838.373878244912,3.5,29.04818510697155,-0.2518351128304075,lane_1,mainline,,normal,none,commit
BASIC-03,basic_01_06_900_bugcheck_20260605,84,8.399999999999986,B03_TLV_CLV,cav,not_applicable,6879.864417460954,3.5,29.48149272460028,0.21604469808321625,lane_1,mainline,,normal,none,commit
BASIC-03,basic_01_06_900_bugcheck_20260605,85,8.499999999999986,B03_MV,cav,not_applicable,6751.398964069842,-3.5,8.861542748678135,-0.22008725639366702,on_ramp,on_ramp_mv,,normal,not_started,commit
BASIC-03,basic_01_06_900_bugcheck_20260605,85,8.499999999999986,B03_CLV,cav,not_applicable,6888.717029928195,0.0,29.701237529918178,0.124484362534092,lane_2,mainline,,normal,none,commit
BASIC-03,basic_01_06_900_bugcheck_20260605,85,8.499999999999986,B03_CFV,cav,not_applicable,6846.8901454227835,0.0,29.533669433653625,1.0678239639005505,lane_2,mainline,,normal,none,commit
BASIC-03,basic_01_06_900_bugcheck_20260605,85,8.499999999999986,B03_TLV_CFV,cav,not_applicable,6841.283909013777,3.5,29.100307688649064,0.5212258167751211,lane_1,mainline,,normal,none,commit
BASIC-03,basic_01_06_900_bugcheck_20260605,85,8.499999999999986,B03_TLV_CLV,cav,not_applicable,6882.814640762516,3.5,29.50223301561627,0.20740291015988818,lane_1,mainline,,normal,none,commit
BASIC-03,basic_01_06_900_bugcheck_20260605,86,8.599999999999985,B03_MV,cav,not_applicable,6752.283005507048,-3.5,8.840414372064343,-0.2112837661379203,on_ramp,on_ramp_mv,,normal,not_started,commit
BASIC-03,basic_01_06_900_bugcheck_20260605,86,8.599999999999985,B03_CLV,cav,not_applicable,6891.688348731067,0.0,29.71318802872145,0.11950498803272894,lane_2,mainline,,normal,none,commit
BASIC-03,basic_01_06_900_bugcheck_20260605,86,8.599999999999985,B03_CFV,cav,not_applicable,6849.841340016763,0.0,29.51194593979094,-0.2172349386268223,lane_2,mainline,,normal,none,commit
BASIC-03,basic_01_06_900_bugcheck_20260605,86,8.599999999999985,B03_TLV_CFV,cav,not_applicable,6844.205477084779,3.5,29.215680710021573,1.153730213725099,lane_1,mainline,,normal,none,commit
BASIC-03,basic_01_06_900_bugcheck_20260605,86,8.599999999999985,B03_TLV_CLV,cav,not_applicable,6885.766855132016,3.5,29.52214369499162,0.1991067937534922,lane_1,mainline,,normal,none,commit
BASIC-03,basic_01_06_900_bugcheck_20260605,87,8.699999999999985,B03_MV,cav,not_applicable,6753.1650186200995,-3.5,8.820131130515103,-0.2028324154924036,on_ramp,on_ramp_mv,,normal,not_started,commit
BASIC-03,basic_01_06_900_bugcheck_20260605,87,8.699999999999985,B03_CLV,cav,not_applicable,6894.660814781824,0.0,29.724660507572594,0.11472478851141972,lane_2,mainline,,normal,none,commit
BASIC-03,basic_01_06_900_bugcheck_20260605,87,8.699999999999985,B03_CFV,cav,not_applicable,6852.798029961244,0.0,29.566899444812382,0.5495350502144182,lane_2,mainline,,normal,none,commit
BASIC-03,basic_01_06_900_bugcheck_20260605,87,8.699999999999985,B03_TLV_CFV,cav,not_applicable,6847.125575675712,3.5,29.200985909326352,-0.14694800695219168,lane_1,mainline,,normal,none,commit
BASIC-03,basic_01_06_900_bugcheck_20260605,87,8.699999999999985,B03_TLV_CLV,cav,not_applicable,6888.720980926735,3.5,29.541257947191955,0.19114252200335216,lane_1,mainline,,normal,none,commit
BASIC-03,basic_01_06_900_bugcheck_20260605,88,8.799999999999985,B03_MV,cav,not_applicable,6754.045084541963,-3.5,8.800659218627832,-0.19471911887270751,on_ramp,on_ramp_mv,,normal,not_started,commit
BASIC-03,basic_01_06_900_bugcheck_20260605,88,8.799999999999985,B03_CLV,cav,not_applicable,6897.634382190551,0.0,29.73567408726969,0.11013579697096249,lane_2,mainline,,normal,none,commit
BASIC-03,basic_01_06_900_bugcheck_20260605,88,8.799999999999985,B03_CFV,cav,not_applicable,6855.748307010681,0.0,29.50277049437538,-0.6412895043700215,lane_2,mainline,,normal,none,commit
BASIC-03,basic_01_06_900_bugcheck_20260605,88,8.799999999999985,B03_TLV_CFV,cav,not_applicable,6850.051744692042,3.5,29.26169016330299,0.6070425397663887,lane_1,mainline,,normal,none,commit
BASIC-03,basic_01_06_900_bugcheck_20260605,88,8.799999999999985,B03_TLV_CLV,cav,not_applicable,6891.676941689666,3.5,29.559607629304278,0.18349682112321802,lane_1,mainline,,normal,none,commit
BASIC-03,basic_01_06_900_bugcheck_20260605,89,8.899999999999984,B03_MV,cav,not_applicable,6754.923281160284,-3.5,8.781966183216053,-0.18693035411779918,on_ramp,on_ramp_mv,,normal,not_started,commit
BASIC-03,basic_01_06_900_bugcheck_20260605,89,8.899999999999984,B03_CLV,cav,not_applicable,6900.609006902929,0.0,29.7462471237789,0.10573036509212415,lane_2,mainline,,normal,none,commit
BASIC-03,basic_01_06_900_bugcheck_20260605,89,8.899999999999984,B03_CFV,cav,not_applicable,6858.7006098732645,0.0,29.523028625836016,0.2025813146063461,lane_2,mainline,,normal,none,commit
BASIC-03,basic_01_06_900_bugcheck_20260605,89,8.899999999999984,B03_TLV_CFV,cav,not_applicable,6852.97820857579,3.5,29.26463883747782,0.029486741748272816,lane_1,mainline,,normal,none,commit
BASIC-03,basic_01_06_900_bugcheck_20260605,89,8.899999999999984,B03_TLV_CLV,cav,not_applicable,6894.634664022079,3.5,29.577223324132106,0.1761569482782889,lane_1,mainline,,normal,none,commit
BASIC-03,basic_01_06_900_bugcheck_20260605,90,8.999999999999984,B03_MV,cav,not_applicable,6755.799683247206,-3.5,8.764020869220744,-0.17945313995308754,on_ramp,on_ramp_mv,,normal,not_started,commit
BASIC-03,basic_01_06_900_bugcheck_20260605,90,8.999999999999984,B03_CLV,cav,not_applicable,6903.584646626811,0.0,29.756397238827745,0.10150115048843987,lane_2,mainline,,normal,none,commit
BASIC-03,basic_01_06_900_bugcheck_20260605,90,8.999999999999984,B03_CFV,cav,not_applicable,6861.661842946604,0.0,29.612330733394717,0.8930210755870105,lane_2,mainline,,normal,none,commit
BASIC-03,basic_01_06_900_bugcheck_20260605,90,8.999999999999984,B03_TLV_CFV,cav,not_applicable,6855.91218644197,3.5,29.339778661802676,0.7513982432485868,lane_1,mainline,,normal,none,commit
BASIC-03,basic_01_06_900_bugcheck_20260605,90,8.999999999999984,B03_TLV_CLV,cav,not_applicable,6897.594077461195,3.5,29.594134391166822,0.16911067034715757,lane_1,mainline,,normal,none,commit
BASIC-03,basic_01_06_900_bugcheck_20260605,91,9.099999999999984,B03_MV,cav,not_applicable,6756.6743625839845,-3.5,8.746793367785248,-0.17227501435496395,on_ramp,on_ramp_mv,,normal,not_started,commit
BASIC-03,basic_01_06_900_bugcheck_20260605,91,9.099999999999984,B03_CLV,cav,not_applicable,6906.561260761739,0.0,29.766141349274633,0.09744110446890204,lane_2,mainline,,normal,none,commit
BASIC-03,basic_01_06_900_bugcheck_20260605,91,9.099999999999984,B03_CFV,cav,not_applicable,6864.619473465108,0.0,29.576305185033654,-0.36025548361062776,lane_2,mainline,,normal,none,commit
BASIC-03,basic_01_06_900_bugcheck_20260605,91,9.099999999999984,B03_TLV_CFV,cav,not_applicable,6858.84140302105,3.5,29.292165790795742,-0.476128710069338,lane_1,mainline,,normal,none,commit
BASIC-03,basic_01_06_900_bugcheck_20260605,91,9.099999999999984,B03_TLV_CLV,cav,not_applicable,6900.555114362747,3.5,29.61036901552015,0.1623462435332712,lane_1,mainline,,normal,none,commit
BASIC-03,basic_01_06_900_bugcheck_20260605,92,9.199999999999983,B03_MV,cav,not_applicable,6757.547388080625,-3.5,8.730254966407172,-0.1653840137807656,on_ramp,on_ramp_mv,,normal,not_started,commit
BASIC-03,basic_01_06_900_bugcheck_20260605,92,9.199999999999983,B03_CLV,cav,not_applicable,6909.538810331269,0.0,29.775495695303647,0.09354346029014665,lane_2,mainline,,normal,none,commit
BASIC-03,basic_01_06_900_bugcheck_20260605,92,9.199999999999983,B03_CFV,cav,not_applicable,6867.581429166018,0.0,29.619557009101875,0.4325182406822137,lane_2,mainline,,normal,none,commit
BASIC-03,basic_01_06_900_bugcheck_20260605,92,9.199999999999983,B03_TLV_CFV,cav,not_applicable,6861.773996728865,3.5,29.325937078153707,0.3377128735796326,lane_1,mainline,,normal,none,commit
BASIC-03,basic_01_06_900_bugcheck_20260605,92,9.199999999999983,B03_TLV_CLV,cav,not_applicable,6903.517709788237,3.5,29.625954254899344,0.15585239379194038,lane_1,mainline,,normal,none,commit
BASIC-03,basic_01_06_900_bugcheck_20260605,93,9.299999999999983,B03_MV,cav,not_applicable,6758.418825890733,-3.5,8.714378101084218,-0.15876865322953507,on_ramp,on_ramp_mv,,normal,not_started,commit
BASIC-03,basic_01_06_900_bugcheck_20260605,93,9.299999999999983,B03_CLV,cav,not_applicable,6912.517257918018,0.0,29.7844758674915,0.08980172187854124,lane_2,mainline,,normal,none,commit
BASIC-03,basic_01_06_900_bugcheck_20260605,93,9.299999999999983,B03_CFV,cav,not_applicable,6870.542601210009,0.0,29.611720439909238,-0.07836569192638049,lane_2,mainline,,normal,none,commit
BASIC-03,basic_01_06_900_bugcheck_20260605,93,9.299999999999983,B03_TLV_CFV,cav,not_applicable,6864.716626269283,3.5,29.42629540417386,1.0035832602015176,lane_1,mainline,,normal,none,commit
BASIC-03,basic_01_06_900_bugcheck_20260605,93,9.299999999999983,B03_TLV_CLV,cav,not_applicable,6906.481801396707,3.5,29.64091608470337,0.14961829804026225,lane_1,mainline,,normal,none,commit
BASIC-03,basic_01_06_900_bugcheck_20260605,94,9.399999999999983,B03_MV,cav,not_applicable,6759.28873952177,-3.5,8.699136310374183,-0.15241790710035374,on_ramp,on_ramp_mv,,normal,not_started,commit
BASIC-03,basic_01_06_900_bugcheck_20260605,94,9.399999999999983,B03_CLV,cav,not_applicable,6915.496567601297,0.0,29.793096832791843,0.08620965300339947,lane_2,mainline,,normal,none,commit
BASIC-03,basic_01_06_900_bugcheck_20260605,94,9.399999999999983,B03_CFV,cav,not_applicable,6873.510404807429,0.0,29.67803597420617,0.6631553429693251,lane_2,mainline,,normal,none,commit
BASIC-03,basic_01_06_900_bugcheck_20260605,94,9.399999999999983,B03_TLV_CFV,cav,not_applicable,6867.656557854556,3.5,29.399315852735803,-0.2697955143805765,lane_1,mainline,,normal,none,commit
BASIC-03,basic_01_06_900_bugcheck_20260605,94,9.399999999999983,B03_TLV_CLV,cav,not_applicable,6909.447329340838,3.5,29.655279441315237,0.14363356611865186,lane_1,mainline,,normal,none,commit
BASIC-03,basic_01_06_900_bugcheck_20260605,95,9.499999999999982,B03_MV,cav,not_applicable,6760.1571899409,-3.5,8.684504191292548,-0.14632119081633946,on_ramp,on_ramp_mv,,normal,not_started,commit
BASIC-03,basic_01_06_900_bugcheck_20260605,95,9.499999999999982,B03_CLV,cav,not_applicable,6918.476704897245,0.0,29.80137295948017,0.08276126688326287,lane_2,mainline,,normal,none,commit
BASIC-03,basic_01_06_900_bugcheck_20260605,95,9.499999999999982,B03_CFV,cav,not_applicable,6876.472725130383,0.0,29.623203229540024,-0.5483274466614613,lane_2,mainline,,normal,none,commit
BASIC-03,basic_01_06_900_bugcheck_20260605,95,9.499999999999982,B03_TLV_CFV,cav,not_applicable,6870.601554749257,3.5,29.449968947013755,0.5065309427795284,lane_1,mainline,,normal,none,commit
BASIC-03,basic_01_06_900_bugcheck_20260605,95,9.499999999999982,B03_TLV_CLV,cav,not_applicable,6912.414236167205,3.5,29.669068263662627,0.13788822347390522,lane_1,mainline,,normal,none,commit
BASIC-03,basic_01_06_900_bugcheck_20260605,96,9.599999999999982,B03_MV,cav,not_applicable,6761.0242356765975,-3.5,8.67045735697418,-0.1404683431836858,on_ramp,on_ramp_mv,,normal,not_started,commit
BASIC-03,basic_01_06_900_bugcheck_20260605,96,9.599999999999982,B03_CLV,cav,not_applicable,6921.457636701355,0.0,29.809318041100962,0.07945081620793247,lane_2,mainline,,normal,none,commit
BASIC-03,basic_01_06_900_bugcheck_20260605,96,9.599999999999982,B03_CFV,cav,not_applicable,6879.437831865137,0.0,29.65106734754045,0.278641180004259,lane_2,mainline,,normal,none,commit
BASIC-03,basic_01_06_900_bugcheck_20260605,96,9.599999999999982,B03_TLV_CFV,cav,not_applicable,6873.547743915206,3.5,29.461891659495482,0.11922712481726205,lane_1,mainline,,normal,none,commit
BASIC-03,basic_01_06_900_bugcheck_20260605,96,9.599999999999982,B03_TLV_CLV,cav,not_applicable,6915.382466720516,3.5,29.68230553311612,0.13237269453494918,lane_1,mainline,,normal,none,commit
BASIC-03,basic_01_06_900_bugcheck_20260605,97,9.699999999999982,B03_MV,cav,not_applicable,6761.8899329162,-3.5,8.656972396028547,-0.13484960945633873,on_ramp,on_ramp_mv,,normal,not_started,commit
BASIC-03,basic_01_06_900_bugcheck_20260605,97,9.699999999999982,B03_CLV,cav,not_applicable,6924.4393312333,0.0,29.816945319456924,0.07627278355961523,lane_2,mainline,,normal,none,commit
BASIC-03,basic_01_06_900_bugcheck_20260605,97,9.699999999999982,B03_CFV,cav,not_applicable,6882.412491118636,0.0,29.746592534995344,0.9552518745489392,lane_2,mainline,,normal,none,commit
BASIC-03,basic_01_06_900_bugcheck_20260605,97,9.699999999999982,B03_TLV_CFV,cav,not_applicable,6876.502181303086,3.5,29.544373878798712,0.8248221930323053,lane_1,mainline,,normal,none,commit
BASIC-03,basic_01_06_900_bugcheck_20260605,97,9.699999999999982,B03_TLV_CLV,cav,not_applicable,6918.351968051696,3.5,29.695013311791477,0.12707778675355144,lane_1,mainline,,normal,none,commit
BASIC-03,basic_01_06_900_bugcheck_20260605,98,9.799999999999981,B03_MV,cav,not_applicable,6762.754335599552,-3.5,8.644026833520739,-0.12945562507808503,on_ramp,on_ramp_mv,,normal,not_started,commit
BASIC-03,basic_01_06_900_bugcheck_20260605,98,9.799999999999981,B03_CLV,cav,not_applicable,6927.421757983969,0.0,29.82426750667865,0.07322187221723056,lane_2,mainline,,normal,none,commit
BASIC-03,basic_01_06_900_bugcheck_20260605,98,9.799999999999981,B03_CFV,cav,not_applicable,6885.384056978382,0.0,29.71565859745844,-0.30933937536904965,lane_2,mainline,,normal,none,commit
BASIC-03,basic_01_06_900_bugcheck_20260605,98,9.799999999999981,B03_TLV_CFV,cav,not_applicable,6879.452458145272,3.5,29.502768421864992,-0.41605456933720475,lane_1,mainline,,normal,none,commit
BASIC-03,basic_01_06_900_bugcheck_20260605,98,9.799999999999981,B03_TLV_CLV,cav,not_applicable,6921.322689329628,3.5,29.707212779319818,0.12199467528340904,lane_1,mainline,,normal,none,commit
BASIC-03,basic_01_06_900_bugcheck_20260605,99,9.89999999999998,B03_MV,cav,not_applicable,6763.617495508904,-3.5,8.631599093513243,-0.12427740007496198,on_ramp,on_ramp_mv,,normal,not_started,commit
BASIC-03,basic_01_06_900_bugcheck_20260605,99,9.89999999999998,B03_CLV,cav,not_applicable,6930.40488766461,0.0,29.8312968064115,0.0702929973285407,lane_2,mainline,,normal,none,commit
BASIC-03,basic_01_06_900_bugcheck_20260605,99,9.89999999999998,B03_CFV,cav,not_applicable,6888.360364606875,0.0,29.763076284928246,0.4741768746980503,lane_2,mainline,,normal,none,commit
BASIC-03,basic_01_06_900_bugcheck_20260605,99,9.89999999999998,B03_TLV_CFV,cav,not_applicable,6882.406603631892,3.5,29.54145486619195,0.3868644432695598,lane_1,mainline,,normal,none,commit
BASIC-03,basic_01_06_900_bugcheck_20260605,99,9.89999999999998,B03_TLV_CLV,cav,not_applicable,6924.294581756442,3.5,29.718924268147024,0.1171148882720729,lane_1,mainline,,normal,none,commit
BASIC-03,basic_01_06_900_bugcheck_20260605,100,9.99999999999998,B03_MV,cav,not_applicable,6764.479462355214,-3.5,8.619668463106047,-0.11930630407196362,on_ramp,on_ramp_mv,,normal,not_started,commit
BASIC-03,basic_01_06_900_bugcheck_20260605,100,9.99999999999998,B03_CLV,cav,not_applicable,6933.388692158026,0.0,29.83804493415504,0.06748127743539954,lane_2,mainline,,normal,none,commit
BASIC-03,basic_01_06_900_bugcheck_20260605,100,9.99999999999998,B03_CFV,cav,not_applicable,6891.329642773434,0.0,29.69278166558536,-0.7029461934288679,lane_2,mainline,,normal,none,commit
BASIC-03,basic_01_06_900_bugcheck_20260605,100,9.99999999999998,B03_TLV_CFV,cav,not_applicable,6885.368102641949,3.5,29.614990100576296,0.7353523438434852,lane_1,mainline,,normal,none,commit
BASIC-03,basic_01_06_900_bugcheck_20260605,100,9.99999999999998,B03_TLV_CLV,cav,not_applicable,6927.267598486184,3.5,29.730167297421144,0.11243029274119039,lane_1,mainline,,normal,none,commit
BASIC-03,basic_01_06_900_bugcheck_20260605,101,10.09999999999998,B03_MV,cav,not_applicable,6765.340283861005,-3.5,8.608215057915139,-0.11453405190908512,on_ramp,on_ramp_mv,,normal,not_started,commit
BASIC-03,basic_01_06_900_bugcheck_20260605,101,10.09999999999998,B03_CLV,cav,not_applicable,6936.373144471705,0.0,29.844523136788837,0.06478202633798417,lane_2,mainline,,normal,none,commit
BASIC-03,basic_01_06_900_bugcheck_20260605,101,10.09999999999998,B03_CFV,cav,not_applicable,6894.300442289319,0.0,29.70799515885027,0.15213493264910816,lane_2,mainline,,normal,none,commit
BASIC-03,basic_01_06_900_bugcheck_20260605,101,10.09999999999998,B03_TLV_CFV,cav,not_applicable,6888.324709080274,3.5,29.5660643832544,-0.48925717321896656,lane_1,mainline,,normal,none,commit
BASIC-03,basic_01_06_900_bugcheck_20260605,101,10.09999999999998,B03_TLV_CLV,cav,not_applicable,6930.241694546737,3.5,29.740960605524297,0.1079330810315426,lane_1,mainline,,normal,none,commit
BASIC-03,basic_01_06_900_bugcheck_20260605,102,10.19999999999998,B03_MV,cav,not_applicable,6766.200005839899,-3.5,8.597219788931866,-0.10995268983272198,on_ramp,on_ramp_mv,,normal,not_started,commit
BASIC-03,basic_01_06_900_bugcheck_20260605,102,10.19999999999998,B03_CLV,cav,not_applicable,6939.358218692837,0.0,29.850742211317282,0.06219074528446527,lane_2,mainline,,normal,none,commit
BASIC-03,basic_01_06_900_bugcheck_20260605,102,10.19999999999998,B03_CFV,cav,not_applicable,6897.279759272835,0.0,29.793169835157926,0.8517467630765431,lane_2,mainline,,normal,none,commit
BASIC-03,basic_01_06_900_bugcheck_20260605,102,10.19999999999998,B03_TLV_CFV,cav,not_applicable,6891.284585232637,3.5,29.59876152362739,0.3269714037299365,lane_1,mainline,,normal,none,commit
BASIC-03,basic_01_06_900_bugcheck_20260605,102,10.19999999999998,B03_TLV_CLV,cav,not_applicable,6933.216826764867,3.5,29.751322181303326,0.1036157577902813,lane_1,mainline,,normal,none,commit
BASIC-03,basic_01_06_900_bugcheck_20260605,103,10.29999999999998,B03_MV,cav,not_applicable,6767.0586722729695,-3.5,8.586664330707926,-0.10555458223941301,on_ramp,on_ramp_mv,,normal,not_started,commit
BASIC-03,basic_01_06_900_bugcheck_20260605,103,10.29999999999998,B03_CLV,cav,not_applicable,6942.343889945123,0.0,29.85671252286459,0.05970311547308711,lane_2,mainline,,normal,none,commit
BASIC-03,basic_01_06_900_bugcheck_20260605,103,10.29999999999998,B03_CFV,cav,not_applicable,6900.255136002594,0.0,29.753767297591462,-0.39402537566464657,lane_2,mainline,,normal,none,commit
BASIC-03,basic_01_06_900_bugcheck_20260605,103,10.29999999999998,B03_TLV_CFV,cav,not_applicable,6894.254038521079,3.5,29.694532884412975,0.9577136078558386,lane_1,mainline,,normal,none,commit
BASIC-03,basic_01_06_900_bugcheck_20260605,103,10.29999999999998,B03_TLV_CLV,cav,not_applicable,6936.192953694272,3.5,29.761269294051193,0.09947112747866954,lane_1,mainline,,normal,none,commit
BASIC-03,basic_01_06_900_bugcheck_20260605,104,10.399999999999979,B03_MV,cav,not_applicable,6767.916325382051,-3.5,8.576531090812942,-0.10133239894983675,on_ramp,on_ramp_mv,,normal,not_started,commit
BASIC-03,basic_01_06_900_bugcheck_20260605,104,10.399999999999979,B03_CLV,cav,not_applicable,6945.330134347318,0.0,29.862444021950008,0.05731499085416374,lane_2,mainline,,normal,none,commit
BASIC-03,basic_01_06_900_bugcheck_20260605,104,10.399999999999979,B03_CFV,cav,not_applicable,6903.234561615643,0.0,29.79425613049163,0.40488832900165284,lane_2,mainline,,normal,none,commit
BASIC-03,basic_01_06_900_bugcheck_20260605,104,10.399999999999979,B03_TLV_CFV,cav,not_applicable,6897.220418557221,3.5,29.663800361419362,-0.3073252299361321,lane_1,mainline,,normal,none,commit
BASIC-03,basic_01_06_900_bugcheck_20260605,104,10.399999999999979,B03_TLV_CLV,cav,not_applicable,6939.170035546501,3.5,29.770818522289144,0.09549228237952292,lane_1,mainline,,normal,none,commit
BASIC-03,basic_01_06_900_bugcheck_20260605,105,10.499999999999979,B03_MV,cav,not_applicable,6768.773005700102,-3.5,8.566803180513757,-0.09727910299184331,on_ramp,on_ramp_mv,,normal,not_started,commit
BASIC-03,basic_01_06_900_bugcheck_20260605,105,10.499999999999979,B03_CLV,cav,not_applicable,6948.316928973425,0.0,29.867946261072007,0.055022391219996795,lane_2,mainline,,normal,none,commit
BASIC-03,basic_01_06_900_bugcheck_20260605,105,10.499999999999979,B03_CFV,cav,not_applicable,6906.206390860474,0.0,29.718292448319037,-0.7596368217259204,lane_2,mainline,,normal,none,commit
BASIC-03,basic_01_06_900_bugcheck_20260605,105,10.499999999999979,B03_TLV_CFV,cav,not_applicable,6900.1915568414815,3.5,29.711382842606405,0.4758248118704374,lane_1,mainline,,normal,none,commit
BASIC-03,basic_01_06_900_bugcheck_20260605,105,10.499999999999979,B03_TLV_CLV,cav,not_applicable,6942.148034124641,3.5,29.779985781397578,0.09167259108434252,lane_1,mainline,,normal,none,commit
BASIC-03,basic_01_06_900_bugcheck_20260605,106,10.599999999999978,B03_MV,cav,not_applicable,6769.628752138764,-3.5,8.55746438662654,-0.09338793887216923,on_ramp,on_ramp_mv,,normal,not_started,commit
BASIC-03,basic_01_06_900_bugcheck_20260605,106,10.599999999999978,B03_CLV,cav,not_applicable,6951.304251814488,0.0,29.873228410629125,0.05282149557119738,lane_2,mainline,,normal,none,commit
BASIC-03,basic_01_06_900_bugcheck_20260605,106,10.599999999999978,B03_CFV,cav,not_applicable,6909.179277622219,0.0,29.728867617450554,0.10575169131515616,lane_2,mainline,,normal,none,commit
BASIC-03,basic_01_06_900_bugcheck_20260605,106,10.599999999999978,B03_TLV_CFV,cav,not_applicable,6903.15567914693,3.5,29.641223054486712,-0.7015978811969148,lane_1,mainline,,normal,none,commit
BASIC-03,basic_01_06_900_bugcheck_20260605,106,10.599999999999978,B03_TLV_CLV,cav,not_applicable,6945.126912759655,3.5,29.788786350141674,0.08800568744096893,lane_1,mainline,,normal,none,commit
BASIC-03,basic_01_06_900_bugcheck_20260605,107,10.699999999999978,B03_MV,cav,not_applicable,6770.483602053214,-3.5,8.548499144494812,-0.08965242131728246,on_ramp,on_ramp_mv,,normal,not_started,commit
BASIC-03,basic_01_06_900_bugcheck_20260605,107,10.699999999999978,B03_CLV,cav,not_applicable,6954.292081741909,0.0,29.87829927420396,0.05070863574835016,lane_2,mainline,,normal,none,commit
BASIC-03,basic_01_06_900_bugcheck_20260605,107,10.699999999999978,B03_CFV,cav,not_applicable,6912.160302352348,0.0,29.81024730128543,0.8137968383487642,lane_2,mainline,,normal,none,commit
BASIC-03,basic_01_06_900_bugcheck_20260605,107,10.699999999999978,B03_TLV_CFV,cav,not_applicable,6906.121333833351,3.5,29.656546864206966,0.15323809720252435,lane_1,mainline,,normal,none,commit
BASIC-03,basic_01_06_900_bugcheck_20260605,107,10.699999999999978,B03_TLV_CLV,cav,not_applicable,6948.106636249268,3.5,29.797234896136008,0.08448545994333045,lane_1,mainline,,normal,none,commit
BASIC-03,basic_01_06_900_bugcheck_20260605,108,10.799999999999978,B03_MV,cav,not_applicable,6771.337591304418,-3.5,8.539892512048352,-0.08606632446459131,on_ramp,on_ramp_mv,,normal,not_started,commit
BASIC-03,basic_01_06_900_bugcheck_20260605,108,10.799999999999978,B03_CLV,cav,not_applicable,6957.280398472232,0.0,29.8831673032358,0.04868029031841559,lane_2,mainline,,normal,none,commit
BASIC-03,basic_01_06_900_bugcheck_20260605,108,10.799999999999978,B03_CFV,cav,not_applicable,6915.137076329335,0.0,29.7677397698776,-0.4250753140782838,lane_2,mainline,,normal,none,commit
BASIC-03,basic_01_06_900_bugcheck_20260605,108,10.799999999999978,B03_TLV_CFV,cav,not_applicable,6909.095515013294,3.5,29.74181179943263,0.8526493522566109,lane_1,mainline,,normal,none,commit
BASIC-03,basic_01_06_900_bugcheck_20260605,108,10.799999999999978,B03_TLV_CLV,cav,not_applicable,6951.087170799297,3.5,29.805345500290567,0.08110604154559696,lane_1,mainline,,normal,none,commit
BASIC-03,basic_01_06_900_bugcheck_20260605,109,10.899999999999977,B03_MV,cav,not_applicable,6772.190754318908,-3.5,8.53163014489975,-0.08262367148600731,on_ramp,on_ramp_mv,,normal,not_started,commit
BASIC-03,basic_01_06_900_bugcheck_20260605,109,10.899999999999977,B03_CLV,cav,not_applicable,6960.269182533343,0.0,29.88784061110637,0.04673307870567953,lane_2,mainline,,normal,none,commit
BASIC-03,basic_01_06_900_bugcheck_20260605,109,10.899999999999977,B03_CFV,cav,not_applicable,6918.117645144663,0.0,29.805688153271195,0.37948383393594964,lane_2,mainline,,normal,none,commit
BASIC-03,basic_01_06_900_bugcheck_20260605,109,10.899999999999977,B03_TLV_CFV,cav,not_applicable,6912.065763324301,3.5,29.702483110071807,-0.39328689360822744,lane_1,mainline,,normal,none,commit
BASIC-03,basic_01_06_900_bugcheck_20260605,109,10.899999999999977,B03_TLV_CLV,cav,not_applicable,6954.068483967325,3.5,29.813131680278943,0.07786179988377313,lane_1,mainline,,normal,none,commit
BASIC-03,basic_01_06_900_bugcheck_20260605,110,10.999999999999977,B03_MV,cav,not_applicable,6773.043124146152,-3.5,8.523698272437095,-0.07931872462656671,on_ramp,on_ramp_mv,,normal,not_started,commit
BASIC-03,basic_01_06_900_bugcheck_20260605,110,10.999999999999977,B03_CLV,cav,not_applicable,6963.25841523201,0.0,29.892326986662116,0.044863755557452124,lane_2,mainline,,normal,none,commit
BASIC-03,basic_01_06_900_bugcheck_20260605,110,10.999999999999977,B03_CFV,cav,not_applicable,6921.094621181825,0.0,29.769760371622663,-0.3592778164853045,lane_2,mainline,,normal,none,commit
BASIC-03,basic_01_06_900_bugcheck_20260605,110,10.999999999999977,B03_TLV_CFV,cav,not_applicable,6915.040066560724,3.5,29.743032364231134,0.40549254159326853,lane_1,mainline,,normal,none,commit
BASIC-03,basic_01_06_900_bugcheck_20260605,110,10.999999999999977,B03_TLV_CLV,cav,not_applicable,6957.050544608632,3.5,29.820606413067786,0.0747473278884229,lane_1,mainline,,normal,none,commit
BASIC-03,basic_01_06_900_bugcheck_20260605,111,11.099999999999977,B03_MV,cav,not_applicable,6773.89473251364,-3.5,8.516083674872943,-0.0761459756415043,on_ramp,on_ramp_mv,,normal,not_started,commit
BASIC-03,basic_01_06_900_bugcheck_20260605,111,11.099999999999977,B03_CLV,cav,not_applicable,6966.248078622729,0.0,29.896633907195632,0.04306920533515353,lane_2,mainline,,normal,none,commit
BASIC-03,basic_01_06_900_bugcheck_20260605,111,11.099999999999977,B03_CFV,cav,not_applicable,6924.075930400489,0.0,29.8130921866375,0.43331815014838726,lane_2,mainline,,normal,none,commit
BASIC-03,basic_01_06_900_bugcheck_20260605,111,11.099999999999977,B03_TLV_CFV,cav,not_applicable,6918.006778372487,3.5,29.66711811763422,-0.7591424659691439,lane_1,mainline,,normal,none,commit
BASIC-03,basic_01_06_900_bugcheck_20260605,111,11.099999999999977,B03_TLV_CLV,cav,not_applicable,6960.033322824286,3.5,29.827782156545073,0.07175743477288564,lane_1,mainline,,normal,none,commit
BASIC-03,basic_01_06_900_bugcheck_20260605,112,11.199999999999976,B03_MV,cav,not_applicable,6774.745609879761,-3.5,8.50877366121136,-0.07310013661584379,on_ramp,on_ramp_mv,,normal,not_started,commit
BASIC-03,basic_01_06_900_bugcheck_20260605,112,11.199999999999976,B03_CLV,cav,not_applicable,6969.238155477819,0.0,29.900768550907806,0.041346437121747216,lane_2,mainline,,normal,none,commit
BASIC-03,basic_01_06_900_bugcheck_20260605,112,11.199999999999976,B03_CFV,cav,not_applicable,6927.049875858563,0.0,29.73945458074055,-0.7363760589695012,lane_2,mainline,,normal,none,commit
BASIC-03,basic_01_06_900_bugcheck_20260605,112,11.199999999999976,B03_TLV_CFV,cav,not_applicable,6920.974551745892,3.5,29.67773373405493,0.10615616420706409,lane_1,mainline,,normal,none,commit
BASIC-03,basic_01_06_900_bugcheck_20260605,112,11.199999999999976,B03_TLV_CLV,cav,not_applicable,6963.016789911315,3.5,29.83467087028327,0.06888713738197083,lane_1,mainline,,normal,none,commit
BASIC-03,basic_01_06_900_bugcheck_20260605,113,11.299999999999976,B03_MV,cav,not_applicable,6775.595785484571,-3.5,8.501756048096238,-0.07017613115121009,on_ramp,on_ramp_mv,,normal,not_started,commit
BASIC-03,basic_01_06_900_bugcheck_20260605,113,11.299999999999976,B03_CLV,cav,not_applicable,6972.228629258707,0.0,29.904737808871495,0.03969257963687767,lane_2,mainline,,normal,none,commit
BASIC-03,basic_01_06_900_bugcheck_20260605,113,11.299999999999976,B03_CFV,cav,not_applicable,6930.025069148882,0.0,29.7519329031885,0.12478322447949908,lane_2,mainline,,normal,none,commit
BASIC-03,basic_01_06_900_bugcheck_20260605,113,11.299999999999976,B03_TLV_CFV,cav,not_applicable,6923.950466397005,3.5,29.759146511126417,0.8141277707148706,lane_1,mainline,,normal,none,commit
BASIC-03,basic_01_06_900_bugcheck_20260605,113,11.299999999999976,B03_TLV_CLV,cav,not_applicable,6966.000918314862,3.5,29.841284035471936,0.06613165188669257,lane_1,mainline,,normal,none,commit
BASIC-03,basic_01_06_900_bugcheck_20260605,114,11.399999999999975,B03_MV,cav,not_applicable,6776.445287398522,-3.5,8.495019139505722,-0.0673690859051618,on_ramp,on_ramp_mv,,normal,not_started,commit
BASIC-03,basic_01_06_900_bugcheck_20260605,114,11.399999999999975,B03_CLV,cav,not_applicable,6975.2194840883585,0.0,29.908548296516635,0.038104876451401995,lane_2,mainline,,normal,none,commit
BASIC-03,basic_01_06_900_bugcheck_20260605,114,11.399999999999975,B03_CFV,cav,not_applicable,6933.008556120129,0.0,29.834869712464094,0.8293680927559538,lane_2,mainline,,normal,none,commit
BASIC-03,basic_01_06_900_bugcheck_20260605,114,11.399999999999975,B03_TLV_CFV,cav,not_applicable,6926.922133002605,3.5,29.71666605600309,-0.42480455123328764,lane_1,mainline,,normal,none,commit
BASIC-03,basic_01_06_900_bugcheck_20260605,114,11.399999999999975,B03_TLV_CLV,cav,not_applicable,6968.985681582268,3.5,29.84763267405306,0.06348638581122544,lane_1,mainline,,normal,none,commit
BASIC-03,basic_01_06_900_bugcheck_20260605,115,11.499999999999975,B03_MV,cav,not_applicable,6777.294142569248,-3.5,8.488551707258827,-0.06467432246895513,on_ramp,on_ramp_mv,,normal,not_started,commit
BASIC-03,basic_01_06_900_bugcheck_20260605,115,11.499999999999975,B03_CLV,cav,not_applicable,6978.210704724824,0.0,29.91220636465597,0.036580681393346026,lane_2,mainline,,normal,none,commit
BASIC-03,basic_01_06_900_bugcheck_20260605,115,11.499999999999975,B03_CFV,cav,not_applicable,6935.987919739407,0.0,29.79363619278049,-0.4123351968360378,lane_2,mainline,,normal,none,commit
BASIC-03,basic_01_06_900_bugcheck_20260605,115,11.499999999999975,B03_TLV_CFV,cav,not_applicable,6929.897596661877,3.5,29.754636592720367,0.3797053671727647,lane_1,mainline,,normal,none,commit
BASIC-03,basic_01_06_900_bugcheck_20260605,115,11.499999999999975,B03_TLV_CLV,cav,not_applicable,6971.971054318977,3.5,29.853727367090936,0.06094693037877619,lane_1,mainline,,normal,none,commit
BASIC-03,basic_01_06_900_bugcheck_20260605,116,11.599999999999975,B03_MV,cav,not_applicable,6778.142376866478,-3.5,8.482342972301806,-0.06208734957019715,on_ramp,on_ramp_mv,,normal,not_started,commit
BASIC-03,basic_01_06_900_bugcheck_20260605,116,11.599999999999975,B03_CLV,cav,not_applicable,6981.202276535831,0.0,29.91571811006973,0.03511745413761247,lane_2,mainline,,normal,none,commit
BASIC-03,basic_01_06_900_bugcheck_20260605,116,11.599999999999975,B03_CFV,cav,not_applicable,6938.971182434347,0.0,29.832626949402997,0.38990756622506,lane_2,mainline,,normal,none,commit
BASIC-03,basic_01_06_900_bugcheck_20260605,116,11.599999999999975,B03_TLV_CFV,cav,not_applicable,6932.869607933516,3.5,29.720112716388005,-0.3452387633235985,lane_1,mainline,,normal,none,commit
BASIC-03,basic_01_06_900_bugcheck_20260605,116,11.599999999999975,B03_TLV_CLV,cav,not_applicable,6974.9570121462175,3.5,29.859578272407298,0.058509053163625424,lane_1,mainline,,normal,none,commit
BASIC-03,basic_01_06_900_bugcheck_20260605,117,11.699999999999974,B03_MV,cav,not_applicable,6778.990015125152,-3.5,8.476382586743068,-0.059603855587388926,on_ramp,on_ramp_mv,,normal,not_started,commit
BASIC-03,basic_01_06_900_bugcheck_20260605,117,11.699999999999974,B03_CLV,cav,not_applicable,6984.194185474397,0.0,29.91908938566694,0.03371275597210826,lane_2,mainline,,normal,none,commit
BASIC-03,basic_01_06_900_bugcheck_20260605,117,11.699999999999974,B03_CFV,cav,not_applicable,6941.953312225273,0.0,29.821297909268303,-0.11329040134695101,lane_2,mainline,,normal,none,commit
BASIC-03,basic_01_06_900_bugcheck_20260605,117,11.699999999999974,B03_TLV_CFV,cav,not_applicable,6935.846067251637,3.5,29.764593181206983,0.4448046481897831,lane_1,mainline,,normal,none,commit
BASIC-03,basic_01_06_900_bugcheck_20260605,117,11.699999999999974,B03_TLV_CLV,cav,not_applicable,6977.9435316603685,3.5,29.865195141511006,0.05616869103708098,lane_1,mainline,,normal,none,commit
BASIC-03,basic_01_06_900_bugcheck_20260605,118,11.799999999999974,B03_MV,cav,not_applicable,6779.837081186813,-3.5,8.470660616606677,-0.057219701363893455,on_ramp,on_ramp_mv,,normal,not_started,commit
BASIC-03,basic_01_06_900_bugcheck_20260605,118,11.799999999999974,B03_CLV,cav,not_applicable,6987.186418055421,0.0,29.922325810240263,0.0323642457332241,lane_2,mainline,,normal,none,commit
BASIC-03,basic_01_06_900_bugcheck_20260605,118,11.799999999999974,B03_CFV,cav,not_applicable,6944.941787822007,0.0,29.884755967339917,0.634580580716131,lane_2,mainline,,normal,none,commit
BASIC-03,basic_01_06_900_bugcheck_20260605,118,11.799999999999974,B03_TLV_CFV,cav,not_applicable,6938.815256789606,3.5,29.69189537969524,-0.7269780151174501,lane_1,mainline,,normal,none,commit
BASIC-03,basic_01_06_900_bugcheck_20260605,118,11.799999999999974,B03_TLV_CLV,cav,not_applicable,6980.930590393954,3.5,29.870587335850566,0.0539219433955978,lane_1,mainline,,normal,none,commit
BASIC-03,basic_01_06_900_bugcheck_20260605,119,11.899999999999974,B03_MV,cav,not_applicable,6780.68359793934,-3.5,8.465167525275744,-0.05493091330933737,on_ramp,on_ramp_mv,,normal,not_started,commit
BASIC-03,basic_01_06_900_bugcheck_20260605,119,11.899999999999974,B03_CLV,cav,not_applicable,6990.178961333204,0.0,29.925432777830654,0.031069675903894735,lane_2,mainline,,normal,none,commit
BASIC-03,basic_01_06_900_bugcheck_20260605,119,11.899999999999974,B03_CFV,cav,not_applicable,6947.924546350765,0.0,29.827585287580327,-0.5717067975958928,lane_2,mainline,,normal,none,commit
BASIC-03,basic_01_06_900_bugcheck_20260605,119,11.899999999999974,B03_TLV_CFV,cav,not_applicable,6941.785771052906,3.5,29.705142633003813,0.1324725330857227,lane_1,mainline,,normal,none,commit
BASIC-03,basic_01_06_900_bugcheck_20260605,119,11.899999999999974,B03_TLV_CLV,cav,not_applicable,6983.918166778196,3.5,29.875763842416543,0.05176506565977377,lane_1,mainline,,normal,none,commit
BASIC-03,basic_01_06_900_bugcheck_20260605,120,11.999999999999973,B03_MV,cav,not_applicable,6781.5295873550995,-3.5,8.459894157598047,-0.05273367677696399,on_ramp,on_ramp_mv,,normal,not_started,commit
BASIC-03,basic_01_06_900_bugcheck_20260605,120,11.999999999999973,B03_CLV,cav,not_applicable,6993.171802879876,0.0,29.92841546671743,0.029826888867738433,lane_2,mainline,,normal,none,commit
BASIC-03,basic_01_06_900_bugcheck_20260605,120,11.999999999999973,B03_CFV,cav,not_applicable,6950.909900005725,0.0,29.85353654959521,0.25951262014881504,lane_2,mainline,,normal,none,commit
BASIC-03,basic_01_06_900_bugcheck_20260605,120,11.999999999999973,B03_TLV_CFV,cav,not_applicable,6944.764641909659,3.5,29.78870856752901,0.835659345251955,lane_1,mainline,,normal,none,commit
BASIC-03,basic_01_06_900_bugcheck_20260605,120,11.999999999999973,B03_TLV_CLV,cav,not_applicable,6986.906240107068,3.5,29.88073328871988,0.049694463033382874,lane_1,mainline,,normal,none,commit
BASIC-03,basic_01_06_900_bugcheck_20260605,121,12.099999999999973,B03_MV,cav,not_applicable,6782.3750705275625,-3.5,8.454831724627459,-0.05062432970588518,on_ramp,on_ramp_mv,,normal,not_started,commit
BASIC-03,basic_01_06_900_bugcheck_20260605,121,12.099999999999973,B03_CLV,cav,not_applicable,6996.164930764681,0.0,29.93127884804873,0.02863381331302861,lane_2,mainline,,normal,none,commit
BASIC-03,basic_01_06_900_bugcheck_20260605,121,12.099999999999973,B03_CFV,cav,not_applicable,6953.904649673031,0.0,29.94749667306193,0.9396012346672123,lane_2,mainline,,normal,none,commit
BASIC-03,basic_01_06_900_bugcheck_20260605,121,12.099999999999973,B03_TLV_CFV,cav,not_applicable,6947.739440888327,3.5,29.747989786685988,-0.4071878084302186,lane_1,mainline,,normal,none,commit
BASIC-03,basic_01_06_900_bugcheck_20260605,121,12.099999999999973,B03_TLV_CLV,cav,not_applicable,6989.894790502785,3.5,29.885503957171085,0.04770668451204756,lane_1,mainline,,normal,none,commit
BASIC-03,basic_01_06_900_bugcheck_20260605,122,12.199999999999973,B03_MV,cav,not_applicable,6783.22006770646,-3.5,8.449971788975693,-0.048599356517649996,on_ramp,on_ramp_mv,,normal,not_started,commit
BASIC-03,basic_01_06_900_bugcheck_20260605,122,12.199999999999973,B03_CLV,cav,not_applicable,6999.158333534094,0.0,29.934027694126783,0.02748846078050775,lane_2,mainline,,normal,none,commit
BASIC-03,basic_01_06_900_bugcheck_20260605,122,12.199999999999973,B03_CFV,cav,not_applicable,6956.896177895893,0.0,29.91528222862561,-0.3221444443631899,lane_2,mainline,,normal,none,commit
BASIC-03,basic_01_06_900_bugcheck_20260605,122,12.199999999999973,B03_TLV_CFV,cav,not_applicable,6950.718181057654,3.5,29.78740169326897,0.39411906582982115,lane_1,mainline,,normal,none,commit
BASIC-03,basic_01_06_900_bugcheck_20260605,122,12.199999999999973,B03_TLV_CLV,cav,not_applicable,6992.883798882674,3.5,29.89008379888424,0.04579841713156583,lane_1,mainline,,normal,none,commit
BASIC-03,basic_01_06_900_bugcheck_20260605,123,12.299999999999972,B03_MV,cav,not_applicable,6784.064598331535,-3.5,8.445306250749999,-0.04665538225694377,on_ramp,on_ramp_mv,,normal,not_started,commit
BASIC-03,basic_01_06_900_bugcheck_20260605,123,12.299999999999972,B03_CLV,cav,not_applicable,7002.15200019273,0.0,29.93666658636171,0.02638892234928676,lane_2,mainline,,normal,none,commit
BASIC-03,basic_01_06_900_bugcheck_20260605,123,12.299999999999972,B03_CFV,cav,not_applicable,6959.892343118756,0.0,29.961652228632257,0.46370000006648104,lane_2,mainline,,normal,none,commit
BASIC-03,basic_01_06_900_bugcheck_20260605,123,12.299999999999972,B03_TLV_CFV,cav,not_applicable,6953.696151260296,3.5,29.779702026415702,-0.07699666853265147,lane_1,mainline,,normal,none,commit
BASIC-03,basic_01_06_900_bugcheck_20260605,123,12.299999999999972,B03_TLV_CLV,cav,not_applicable,6995.873246927366,3.5,29.89448044692887,0.04396648044630354,lane_1,mainline,,normal,none,commit
BASIC-03,basic_01_06_900_bugcheck_20260605,124,12.399999999999972,B03_MV,cav,not_applicable,6784.9086810649405,-3.5,8.440827334053333,-0.044789166966666016,on_ramp,on_ramp_mv,,normal,not_started,commit
BASIC-03,basic_01_06_900_bugcheck_20260605,124,12.399999999999972,B03_CLV,cav,not_applicable,7005.145920185021,0.0,29.939199922907243,0.025333365455315972,lane_2,mainline,,normal,none,commit
BASIC-03,basic_01_06_900_bugcheck_20260605,124,12.399999999999972,B03_CFV,cav,not_applicable,6962.8813931598015,0.0,29.89050041045588,-0.7115181817637881,lane_2,mainline,,normal,none,commit
BASIC-03,basic_01_06_900_bugcheck_20260605,124,12.399999999999972,B03_TLV_CFV,cav,not_applicable,6956.680764217467,3.5,29.846129571717576,0.6642754530187397,lane_1,mainline,,normal,none,commit
BASIC-03,basic_01_06_900_bugcheck_20260605,124,12.399999999999972,B03_TLV_CLV,cav,not_applicable,6998.863117050271,3.5,29.898701229051717,0.04220782122845179,lane_1,mainline,,normal,none,commit
BASIC-03,basic_01_06_900_bugcheck_20260605,125,12.499999999999972,B03_MV,cav,not_applicable,6785.752333822343,-3.5,8.436527574024533,-0.04299760028799966,on_ramp,on_ramp_mv,,normal,not_started,commit
BASIC-03,basic_01_06_900_bugcheck_20260605,125,12.499999999999972,B03_CLV,cav,not_applicable,7008.140083377621,0.0,29.941631925990954,0.02432003083710299,lane_2,mainline,,normal,none,commit
BASIC-03,basic_01_06_900_bugcheck_20260605,125,12.499999999999972,B03_CFV,cav,not_applicable,6965.871894415724,0.0,29.90501255922066,0.14512148764780974,lane_2,mainline,,normal,none,commit
BASIC-03,basic_01_06_900_bugcheck_20260605,125,12.499999999999972,B03_TLV_CFV,cav,not_applicable,6959.659903064709,3.5,29.791388472419108,-0.5474109929846674,lane_1,mainline,,normal,none,commit
BASIC-03,basic_01_06_900_bugcheck_20260605,125,12.499999999999972,B03_TLV_CLV,cav,not_applicable,7001.85339236826,3.5,29.902753179889647,0.04051950837931315,lane_1,mainline,,normal,none,commit
BASIC-03,basic_01_06_900_bugcheck_20260605,126,12.599999999999971,B03_MV,cav,not_applicable,6786.595573802782,-3.5,8.432399804396885,-0.04127769627647951,on_ramp,on_ramp_mv,,normal,not_started,commit
BASIC-03,basic_01_06_900_bugcheck_20260605,126,12.599999999999971,B03_CLV,cav,not_applicable,7011.134480042516,0.0,29.943966648951317,0.023347229603618305,lane_2,mainline,,normal,none,commit
BASIC-03,basic_01_06_900_bugcheck_20260605,126,12.599999999999971,B03_CFV,cav,not_applicable,6968.870855756544,0.0,29.989613408210026,0.8460084898936625,lane_2,mainline,,normal,none,commit
BASIC-03,basic_01_06_900_bugcheck_20260605,126,12.599999999999971,B03_TLV_CFV,cav,not_applicable,6962.641835822009,3.5,29.81932757299309,0.2793910057398176,lane_1,mainline,,normal,none,commit
BASIC-03,basic_01_06_900_bugcheck_20260605,126,12.599999999999971,B03_TLV_CLV,cav,not_applicable,7004.844056673529,3.5,29.90664305269406,0.038898728044141254,lane_1,mainline,,normal,none,commit
BASIC-03,basic_01_06_900_bugcheck_20260605,127,12.69999999999997,B03_MV,cav,not_applicable,6787.438417517338,-3.5,8.428437145554343,-0.03962658842542055,on_ramp,on_ramp_mv,,normal,not_started,commit
BASIC-03,basic_01_06_900_bugcheck_20260605,127,12.69999999999997,B03_CLV,cav,not_applicable,7014.129100840815,0.0,29.946207982993265,0.022413340419473116,lane_2,mainline,,normal,none,commit
BASIC-03,basic_01_06_900_bugcheck_20260605,127,12.69999999999997,B03_CFV,cav,not_applicable,6971.865829894101,0.0,29.94974137556496,-0.3987203264506397,lane_2,mainline,,normal,none,commit
BASIC-03,basic_01_06_900_bugcheck_20260605,127,12.69999999999997,B03_TLV_CFV,cav,not_applicable,6965.633194227172,3.5,29.913584051626536,0.9425647863344858,lane_1,mainline,,normal,none,commit
BASIC-03,basic_01_06_900_bugcheck_20260605,127,12.69999999999997,B03_TLV_CLV,cav,not_applicable,7007.835094406588,3.5,29.9103773305863,0.03734277892237543,lane_1,mainline,,normal,none,commit
BASIC-03,basic_01_06_900_bugcheck_20260605,128,12.79999999999997,B03_MV,cav,not_applicable,6788.280880816645,-3.5,8.424632993065503,-0.03804152488840345,on_ramp,on_ramp_mv,,normal,not_started,commit
BASIC-03,basic_01_06_900_bugcheck_20260605,128,12.79999999999997,B03_CLV,cav,not_applicable,7017.123936807183,0.0,29.948359663673536,0.021516806802694077,lane_2,mainline,,normal,none,commit
BASIC-03,basic_01_06_900_bugcheck_20260605,128,12.79999999999997,B03_CFV,cav,not_applicable,6974.864814501714,0.0,29.989846076128092,0.4010470056312948,lane_2,mainline,,normal,none,commit
BASIC-03,basic_01_06_900_bugcheck_20260605,128,12.79999999999997,B03_TLV_CFV,cav,not_applicable,6968.621355435132,3.5,29.881612079599357,-0.3197197202717843,lane_1,mainline,,normal,none,commit
BASIC-03,basic_01_06_900_bugcheck_20260605,128,12.79999999999997,B03_TLV_CLV,cav,not_applicable,7010.826490630324,3.5,29.91396223736285,0.03584906776547996,lane_1,mainline,,normal,none,commit
BASIC-03,basic_01_06_900_bugcheck_20260605,129,12.89999999999997,B03_MV,cav,not_applicable,6789.122978917312,-3.5,8.420981006676216,-0.03651986389286748,on_ramp,on_ramp_mv,,normal,not_started,commit
BASIC-03,basic_01_06_900_bugcheck_20260605,129,12.89999999999997,B03_CLV,cav,not_applicable,7020.118979334896,0.0,29.950425277126595,0.02065613453058575,lane_2,mainline,,normal,none,commit
BASIC-03,basic_01_06_900_bugcheck_20260605,129,12.89999999999997,B03_CFV,cav,not_applicable,6977.856171312101,0.0,29.91356810386156,-0.7627797226653041,lane_2,mainline,,normal,none,commit
BASIC-03,basic_01_06_900_bugcheck_20260605,129,12.89999999999997,B03_TLV_CFV,cav,not_applicable,6971.614173481744,3.5,29.928180466122576,0.46568386523217653,lane_1,mainline,,normal,none,commit
BASIC-03,basic_01_06_900_bugcheck_20260605,129,12.89999999999997,B03_TLV_CLV,cav,not_applicable,7013.818231005111,3.5,29.917403747868335,0.03441510505486036,lane_1,mainline,,normal,none,commit
BASIC-03,basic_01_06_900_bugcheck_20260605,130,12.99999999999997,B03_MV,cav,not_applicable,6789.964726427286,-3.5,8.417475099742502,-0.03505906933715295,on_ramp,on_ramp_mv,,normal,not_started,commit
BASIC-03,basic_01_06_900_bugcheck_20260605,130,12.99999999999997,B03_CLV,cav,not_applicable,7023.1142201615,0.0,29.95240826604153,0.019829889149362147,lane_2,mainline,,normal,none,commit
BASIC-03,basic_01_06_900_bugcheck_20260605,130,12.99999999999997,B03_CFV,cav,not_applicable,6980.848559924756,0.0,29.92388612655258,0.10318022691020579,lane_2,mainline,,normal,none,commit
BASIC-03,basic_01_06_900_bugcheck_20260605,130,12.99999999999997,B03_TLV_CFV,cav,not_applicable,6974.599892578162,3.5,29.857190964187026,-0.7098950193554918,lane_1,mainline,,normal,none,commit
BASIC-03,basic_01_06_900_bugcheck_20260605,130,12.99999999999997,B03_TLV_CLV,cav,not_applicable,7016.810301764906,3.5,29.9207075979536,0.03303850085266618,lane_1,mainline,,normal,none,commit
BASIC-03,basic_01_06_900_bugcheck_20260605,131,13.09999999999997,B03_MV,cav,not_applicable,6790.806137370195,-3.5,8.414109429086135,-0.03365670656366717,on_ramp,on_ramp_mv,,normal,not_started,commit
BASIC-03,basic_01_06_900_bugcheck_20260605,131,13.09999999999997,B03_CLV,cav,not_applicable,7026.10965135504,0.0,29.95431193539987,0.019036693583387887,lane_2,mainline,,normal,none,commit
BASIC-03,basic_01_06_900_bugcheck_20260605,131,13.09999999999997,B03_CFV,cav,not_applicable,6983.84906546654,0.0,30.005055417845234,0.811692912926532,lane_2,mainline,,normal,none,commit
BASIC-03,basic_01_06_900_bugcheck_20260605,131,13.09999999999997,B03_TLV_CFV,cav,not_applicable,6977.587076169877,3.5,29.87183591714885,0.146449529618234,lane_1,mainline,,normal,none,commit
BASIC-03,basic_01_06_900_bugcheck_20260605,131,13.09999999999997,B03_TLV_CLV,cav,not_applicable,7019.80268969431,3.5,29.92387929403546,0.03171696081855942,lane_1,mainline,,normal,none,commit
BASIC-03,basic_01_06_900_bugcheck_20260605,132,13.199999999999969,B03_MV,cav,not_applicable,6791.647225208721,-3.5,8.410878385256023,-0.03231043830112057,on_ramp,on_ramp_mv,,normal,not_started,commit
BASIC-03,basic_01_06_900_bugcheck_20260605,132,13.199999999999969,B03_CLV,cav,not_applicable,7029.105265300838,0.0,29.956139457983873,0.018275225840052655,lane_2,mainline,,normal,none,commit
BASIC-03,basic_01_06_900_bugcheck_20260605,132,13.199999999999969,B03_CFV,cav,not_applicable,6986.845303041248,0.0,29.96237574708468,-0.42679670760556465,lane_2,mainline,,normal,none,commit
BASIC-03,basic_01_06_900_bugcheck_20260605,132,13.199999999999969,B03_TLV_CFV,cav,not_applicable,6980.582730712289,3.5,29.956545424117614,0.847095069687646,lane_1,mainline,,normal,none,commit
BASIC-03,basic_01_06_900_bugcheck_20260605,132,13.199999999999969,B03_TLV_CLV,cav,not_applicable,7022.7953821065375,3.5,29.92692412227404,0.030448282385816584,lane_1,mainline,,normal,none,commit
BASIC-03,basic_01_06_900_bugcheck_20260605,133,13.299999999999969,B03_MV,cav,not_applicable,6792.488002867039,-3.5,8.407776583179116,-0.031018020769075606,on_ramp,on_ramp_mv,,normal,not_started,commit
BASIC-03,basic_01_06_900_bugcheck_20260605,133,13.299999999999969,B03_CLV,cav,not_applicable,7032.101054688805,0.0,29.957893879664518,0.017544216806450665,lane_2,mainline,,normal,none,commit
BASIC-03,basic_01_06_900_bugcheck_20260605,133,13.299999999999969,B03_CFV,cav,not_applicable,6989.845321370168,0.0,30.00018328918968,0.3780754210499926,lane_2,mainline,,normal,none,commit
BASIC-03,basic_01_06_900_bugcheck_20260605,133,13.299999999999969,B03_TLV_CFV,cav,not_applicable,6983.574406941635,3.5,29.916762293455694,-0.39783130661919863,lane_1,mainline,,normal,none,commit
BASIC-03,basic_01_06_900_bugcheck_20260605,133,13.299999999999969,B03_TLV_CLV,cav,not_applicable,7025.788366822276,3.5,29.92984715738308,0.029230351090383522,lane_1,mainline,,normal,none,commit
BASIC-03,basic_01_06_900_bugcheck_20260605,134,13.399999999999968,B03_MV,cav,not_applicable,6793.328482752358,-3.5,8.404798853185284,-0.029777299938312754,on_ramp,on_ramp_mv,,normal,not_started,commit
BASIC-03,basic_01_06_900_bugcheck_20260605,134,13.399999999999968,B03_CLV,cav,not_applicable,7035.097012501253,0.0,29.959578124477936,0.01684244813419298,lane_2,mainline,,normal,none,commit
BASIC-03,basic_01_06_900_bugcheck_20260605,134,13.399999999999968,B03_CFV,cav,not_applicable,6992.837523952532,0.0,29.922025823639224,-0.7815746555045515,lane_2,mainline,,normal,none,commit
BASIC-03,basic_01_06_900_bugcheck_20260605,134,13.399999999999968,B03_TLV_CFV,cav,not_applicable,6986.570100914835,3.5,29.956939732005033,0.40177438549338296,lane_1,mainline,,normal,none,commit
BASIC-03,basic_01_06_900_bugcheck_20260605,134,13.399999999999968,B03_TLV_CLV,cav,not_applicable,7028.781632149385,3.5,29.932653271087755,0.028061137046768183,lane_1,mainline,,normal,none,commit
BASIC-03,basic_01_06_900_bugcheck_20260605,135,13.499999999999968,B03_MV,cav,not_applicable,6794.168676775596,-3.5,8.401940232391206,-0.02858620794077993,on_ramp,on_ramp_mv,,normal,not_started,commit
BASIC-03,basic_01_06_900_bugcheck_20260605,135,13.499999999999968,B03_CLV,cav,not_applicable,7038.093132001202,0.0,29.96119499949882,0.016168750208825602,lane_2,mainline,,normal,none,commit
BASIC-03,basic_01_06_900_bugcheck_20260605,135,13.499999999999968,B03_CFV,cav,not_applicable,6995.830604560442,0.0,29.93080607909794,0.08780255458718522,lane_2,mainline,,normal,none,commit
BASIC-03,basic_01_06_900_bugcheck_20260605,135,13.499999999999968,B03_TLV_CFV,cav,not_applicable,6989.558173042099,3.5,29.88072127263631,-0.762184593687232,lane_1,mainline,,normal,none,commit
BASIC-03,basic_01_06_900_bugcheck_20260605,135,13.499999999999968,B03_TLV_CLV,cav,not_applicable,7031.775166863409,3.5,29.935347140244247,0.026938691564897966,lane_1,mainline,,normal,none,commit
BASIC-03,basic_01_06_900_bugcheck_20260605,136,13.599999999999968,B03_MV,cav,not_applicable,6795.008596371239,-3.5,8.399195956428892,-0.027442759623149016,on_ramp,on_ramp_mv,,normal,not_started,commit
BASIC-03,basic_01_06_900_bugcheck_20260605,136,13.599999999999968,B03_CLV,cav,not_applicable,7041.089406721154,0.0,29.962747199518866,0.01552200020047252,lane_2,mainline,,normal,none,commit
BASIC-03,basic_01_06_900_bugcheck_20260605,136,13.599999999999968,B03_CFV,cav,not_applicable,6998.831676280162,0.0,30.010717197200528,0.7991111810258789,lane_2,mainline,,normal,none,commit
BASIC-03,basic_01_06_900_bugcheck_20260605,136,13.599999999999968,B03_TLV_CFV,cav,not_applicable,6992.547281840869,3.5,29.891087987698263,0.10366715061953746,lane_1,mainline,,normal,none,commit
BASIC-03,basic_01_06_900_bugcheck_20260605,136,13.599999999999968,B03_TLV_CLV,cav,not_applicable,7034.768960188872,3.5,29.937933254634476,0.025861143902301365,lane_1,mainline,,normal,none,commit
BASIC-03,basic_01_06_900_bugcheck_20260605,137,13.699999999999967,B03_MV,cav,not_applicable,6795.84825251639,-3.5,8.39656145150507,-0.02634504923822334,on_ramp,on_ramp_mv,,normal,not_started,commit
BASIC-03,basic_01_06_900_bugcheck_20260605,137,13.699999999999967,B03_CLV,cav,not_applicable,7044.085830452308,0.0,29.96423731153811,0.014901120192453732,lane_2,mainline,,normal,none,commit
BASIC-03,basic_01_06_900_bugcheck_20260605,137,13.699999999999967,B03_CFV,cav,not_applicable,7001.828377091363,0.0,29.967008112011737,-0.4370908518879173,lane_2,mainline,,normal,none,commit
BASIC-03,basic_01_06_900_bugcheck_20260605,137,13.699999999999967,B03_TLV_CFV,cav,not_applicable,6995.544511552689,3.5,29.9722971182035,0.8120913050523488,lane_1,mainline,,normal,none,commit
BASIC-03,basic_01_06_900_bugcheck_20260605,137,13.699999999999967,B03_TLV_CLV,cav,not_applicable,7037.763001781317,3.5,29.9404159244491,0.024826698146209483,lane_1,mainline,,normal,none,commit
BASIC-03,basic_01_06_900_bugcheck_20260605,138,13.799999999999967,B03_MV,cav,not_applicable,6796.687655749068,-3.5,8.3940323267782,-0.025291247268694406,on_ramp,on_ramp_mv,,normal,not_started,commit
BASIC-03,basic_01_06_900_bugcheck_20260605,138,13.799999999999967,B03_CLV,cav,not_applicable,7047.082397234216,0.0,29.965667819076586,0.014305075384756095,lane_2,mainline,,normal,none,commit
BASIC-03,basic_01_06_900_bugcheck_20260605,138,13.799999999999967,B03_CFV,cav,not_applicable,7004.828774431958,0.0,30.00397340594818,0.36965293936443133,lane_2,mainline,,normal,none,commit
BASIC-03,basic_01_06_900_bugcheck_20260605,138,13.799999999999967,B03_TLV_CFV,cav,not_applicable,6998.537476557005,3.5,29.92965004316233,-0.42647075041171456,lane_1,mainline,,normal,none,commit
BASIC-03,basic_01_06_900_bugcheck_20260605,138,13.799999999999967,B03_TLV_CLV,cav,not_applicable,7040.7572817100645,3.5,29.942799287471136,0.023833630220360648,lane_1,mainline,,normal,none,commit
BASIC-03,basic_01_06_900_bugcheck_20260605,139,13.899999999999967,B03_MV,cav,not_applicable,6797.526816185772,-3.5,8.391604367040406,-0.024279597377946518,on_ramp,on_ramp_mv,,normal,not_started,commit
BASIC-03,basic_01_06_900_bugcheck_20260605,139,13.899999999999967,B03_CLV,cav,not_applicable,7050.079101344847,0.0,29.967041106313523,0.013732872369365623,lane_2,mainline,,normal,none,commit
BASIC-03,basic_01_06_900_bugcheck_20260605,139,13.899999999999967,B03_CFV,cav,not_applicable,7007.821287114783,0.0,29.925126828259817,-0.788465776883647,lane_2,mainline,,normal,none,commit
BASIC-03,basic_01_06_900_bugcheck_20260605,139,13.899999999999967,B03_TLV_CFV,cav,not_applicable,7001.534224982454,3.5,29.96748425449228,0.3783421132995063,lane_1,mainline,,normal,none,commit
BASIC-03,basic_01_06_900_bugcheck_20260605,139,13.899999999999967,B03_TLV_CLV,cav,not_applicable,7043.751790441662,3.5,29.94508731597229,0.02288028501154571,lane_1,mainline,,normal,none,commit
BASIC-03,basic_01_06_900_bugcheck_20260605,140,13.999999999999966,B03_MV,cav,not_applicable,6798.365743538341,-3.5,8.389273525692124,-0.023308413482828885,on_ramp,on_ramp_mv,,normal,not_started,commit
BASIC-03,basic_01_06_900_bugcheck_20260605,140,13.999999999999966,B03_CLV,cav,not_applicable,7053.075937291053,0.0,29.96835946206098,0.013183557474590657,lane_2,mainline,,normal,none,commit
BASIC-03,basic_01_06_900_bugcheck_20260605,140,13.999999999999966,B03_CFV,cav,not_applicable,7010.814621441253,0.0,29.93334326469661,0.08216436436792518,lane_2,mainline,,normal,none,commit
BASIC-03,basic_01_06_900_bugcheck_20260605,140,13.999999999999966,B03_TLV_CFV,cav,not_applicable,7004.523159843376,3.5,29.889348609216785,-0.7813564527549494,lane_1,mainline,,normal,none,commit
BASIC-03,basic_01_06_900_bugcheck_20260605,140,13.999999999999966,B03_TLV_CLV,cav,not_applicable,7046.746518823995,3.5,29.9472838233334,0.0219650736110836,lane_1,mainline,,normal,none,commit
BASIC-03,basic_01_06_900_bugcheck_20260605,141,14.099999999999966,B03_MV,cav,not_applicable,6799.204447130141,-3.5,8.387035917997773,-0.022376076943515955,on_ramp,on_ramp_mv,,normal,not_started,commit
BASIC-03,basic_01_06_900_bugcheck_20260605,141,14.099999999999966,B03_CLV,cav,not_applicable,7056.072899799411,0.0,29.969625083578542,0.0126562151756076,lane_2,mainline,,normal,none,commit
BASIC-03,basic_01_06_900_bugcheck_20260605,141,14.099999999999966,B03_CFV,cav,not_applicable,7013.815900748886,0.0,30.012793076326712,0.7944981163010297,lane_2,mainline,,normal,none,commit
BASIC-03,basic_01_06_900_bugcheck_20260605,141,14.099999999999966,B03_TLV_CFV,cav,not_applicable,7007.512974515138,3.5,29.898146717627743,0.08798108410958694,lane_1,mainline,,normal,none,commit
BASIC-03,basic_01_06_900_bugcheck_20260605,141,14.099999999999966,B03_TLV_CLV,cav,not_applicable,7049.741458071035,3.5,29.949392470400063,0.021086470666639913,lane_1,mainline,,normal,none,commit
BASIC-03,basic_01_06_900_bugcheck_20260605,142,14.199999999999966,B03_MV,cav,not_applicable,6800.0429359116015,-3.5,8.384887814611195,-0.0214810338657756,on_ramp,on_ramp_mv,,normal,not_started,commit
BASIC-03,basic_01_06_900_bugcheck_20260605,142,14.199999999999966,B03_CLV,cav,not_applicable,7059.069983807434,0.0,29.9708400802354,0.012149966568583182,lane_2,mainline,,normal,none,commit
BASIC-03,basic_01_06_900_bugcheck_20260605,142,14.199999999999966,B03_CFV,cav,not_applicable,7016.812771404742,0.0,29.968706558569522,-0.4408651775718847,lane_2,mainline,,normal,none,commit
BASIC-03,basic_01_06_900_bugcheck_20260605,142,14.199999999999966,B03_TLV_CFV,cav,not_applicable,7010.510781759407,3.5,29.978072442691253,0.7992572506351165,lane_1,mainline,,normal,none,commit
BASIC-03,basic_01_06_900_bugcheck_20260605,142,14.199999999999966,B03_TLV_CLV,cav,not_applicable,7052.736599748193,3.5,29.95141677158406,0.020243011839974658,lane_1,mainline,,normal,none,commit
BASIC-03,basic_01_06_900_bugcheck_20260605,143,14.299999999999965,B03_MV,cav,not_applicable,6800.881218475138,-3.5,8.382825635360081,-0.020621792511144578,on_ramp,on_ramp_mv,,normal,not_started,commit
BASIC-03,basic_01_06_900_bugcheck_20260605,143,14.299999999999965,B03_CLV,cav,not_applicable,7062.067184455137,0.0,29.972006477025985,0.011663967905839456,lane_2,mainline,,normal,none,commit
BASIC-03,basic_01_06_900_bugcheck_20260605,143,14.299999999999965,B03_CFV,cav,not_applicable,7019.813307709146,0.0,30.005363044040912,0.36656485471391254,lane_2,mainline,,normal,none,commit
BASIC-03,basic_01_06_900_bugcheck_20260605,143,14.299999999999965,B03_TLV_CFV,cav,not_applicable,7013.504219290272,3.5,29.93437530865231,-0.43697134038945007,lane_1,mainline,,normal,none,commit
BASIC-03,basic_01_06_900_bugcheck_20260605,143,14.299999999999965,B03_TLV_CLV,cav,not_applicable,7055.731935758265,3.5,29.953360100720698,0.019433291366375727,lane_1,mainline,,normal,none,commit
BASIC-03,basic_01_06_900_bugcheck_20260605,144,14.399999999999965,B03_MV,cav,not_applicable,6801.719303069465,-3.5,8.380845943279011,-0.019796920810698993,on_ramp,on_ramp_mv,,normal,not_started,commit
BASIC-03,basic_01_06_900_bugcheck_20260605,144,14.399999999999965,B03_CLV,cav,not_applicable,7065.064497076932,0.0,29.973126217944944,0.011197409189605878,lane_2,mainline,,normal,none,commit
BASIC-03,basic_01_06_900_bugcheck_20260605,144,14.399999999999965,B03_CFV,cav,not_applicable,7022.805934089634,0.0,29.926263804881142,-0.7909923915977078,lane_2,mainline,,normal,none,commit
BASIC-03,basic_01_06_900_bugcheck_20260605,144,14.399999999999965,B03_TLV_CFV,cav,not_applicable,7016.501354328352,3.5,29.971350380802264,0.3697507214995409,lane_1,mainline,,normal,none,commit
BASIC-03,basic_01_06_900_bugcheck_20260605,144,14.399999999999965,B03_TLV_CLV,cav,not_applicable,7058.727458327934,3.5,29.95522569669187,0.018655959711720984,lane_1,mainline,,normal,none,commit
BASIC-03,basic_01_06_900_bugcheck_20260605,145,14.499999999999964,B03_MV,cav,not_applicable,6802.557197613353,-3.5,8.378945438881184,-0.019005043978270922,on_ramp,on_ramp_mv,,normal,not_started,commit
BASIC-03,basic_01_06_900_bugcheck_20260605,145,14.499999999999964,B03_CLV,cav,not_applicable,7068.061917193854,0.0,29.974201169227147,0.010749512822022212,lane_2,mainline,,normal,none,commit
BASIC-03,basic_01_06_900_bugcheck_20260605,145,14.499999999999964,B03_CFV,cav,not_applicable,7025.799361441464,0.0,29.934273518295875,0.08009713414733,lane_2,mainline,,normal,none,commit
BASIC-03,basic_01_06_900_bugcheck_20260605,145,14.499999999999964,B03_TLV_CFV,cav,not_applicable,7019.490605508699,3.5,29.89251180347041,-0.7883857733185573,lane_1,mainline,,normal,none,commit
BASIC-03,basic_01_06_900_bugcheck_20260605,145,14.499999999999964,B03_TLV_CLV,cav,not_applicable,7061.723159994816,3.5,29.957016668824195,0.01790972132325237,lane_1,mainline,,normal,none,commit
BASIC-03,basic_01_06_900_bugcheck_20260605,146,14.599999999999964,B03_MV,cav,not_applicable,6803.394909708819,-3.5,8.37712095465927,-0.018244842219139912,on_ramp,on_ramp_mv,,normal,not_started,commit
BASIC-03,basic_01_06_900_bugcheck_20260605,146,14.599999999999964,B03_CLV,cav,not_applicable,7071.0594405061,0.0,29.97523312245806,0.010319532309141267,lane_2,mainline,,normal,none,commit
BASIC-03,basic_01_06_900_bugcheck_20260605,146,14.599999999999964,B03_CFV,cav,not_applicable,7028.800716860755,0.0,30.01355419290793,0.7928067461205427,lane_2,mainline,,normal,none,commit
BASIC-03,basic_01_06_900_bugcheck_20260605,146,14.599999999999964,B03_TLV_CFV,cav,not_applicable,7022.480678987265,3.5,29.900734785653437,0.08222982183027139,lane_1,mainline,,normal,none,commit
BASIC-03,basic_01_06_900_bugcheck_20260605,146,14.599999999999964,B03_TLV_CLV,cav,not_applicable,7064.719033595024,3.5,29.958736002071227,0.017193332470321822,lane_1,mainline,,normal,none,commit
BASIC-03,basic_01_06_900_bugcheck_20260605,147,14.699999999999964,B03_MV,cav,not_applicable,6804.232446653799,-3.5,8.375369449806232,-0.0175150485303746,on_ramp,on_ramp_mv,,normal,not_started,commit
BASIC-03,basic_01_06_900_bugcheck_20260605,147,14.699999999999964,B03_CLV,cav,not_applicable,7074.057062885856,0.0,29.97622379755974,0.009906751016775673,lane_2,mainline,,normal,none,commit
BASIC-03,basic_01_06_900_bugcheck_20260605,147,14.699999999999964,B03_CFV,cav,not_applicable,7031.797649789786,0.0,29.96932929031779,-0.44224902590137416,lane_2,mainline,,normal,none,commit
BASIC-03,basic_01_06_900_bugcheck_20260605,147,14.699999999999964,B03_TLV_CFV,cav,not_applicable,7025.478697982554,3.5,29.980189952894097,0.7945516724065858,lane_1,mainline,,normal,none,commit
BASIC-03,basic_01_06_900_bugcheck_20260605,147,14.699999999999964,B03_TLV_CLV,cav,not_applicable,7067.715072251222,3.5,29.96038656198838,0.01650559917150929,lane_1,mainline,,normal,none,commit
BASIC-03,basic_01_06_900_bugcheck_20260605,148,14.799999999999963,B03_MV,cav,not_applicable,6805.069815454314,-3.5,8.373688005147317,-0.01681444658915936,on_ramp,on_ramp_mv,,normal,not_started,commit
BASIC-03,basic_01_06_900_bugcheck_20260605,148,14.799999999999963,B03_CLV,cav,not_applicable,7077.054780370421,0.0,29.977174845657352,0.009510480976103963,lane_2,mainline,,normal,none,commit
BASIC-03,basic_01_06_900_bugcheck_20260605,148,14.799999999999963,B03_CFV,cav,not_applicable,7034.79823704497,0.0,30.00587255183495,0.365432615171603,lane_2,mainline,,normal,none,commit
BASIC-03,basic_01_06_900_bugcheck_20260605,148,14.799999999999963,B03_TLV_CFV,cav,not_applicable,7028.472308764254,3.5,29.936107817000092,-0.44082135894006613,lane_1,mainline,,normal,none,commit
BASIC-03,basic_01_06_900_bugcheck_20260605,148,14.799999999999963,B03_TLV_CLV,cav,not_applicable,7070.711269361173,3.5,29.961971099508844,0.01584537520464835,lane_1,mainline,,normal,none,commit
BASIC-03,basic_01_06_900_bugcheck_20260605,149,14.899999999999963,B03_MV,cav,not_applicable,6805.907022836142,-3.5,8.372073818274757,-0.016141868725593155,on_ramp,on_ramp_mv,,normal,not_started,commit
BASIC-03,basic_01_06_900_bugcheck_20260605,149,14.899999999999963,B03_CLV,cav,not_applicable,7080.052589155604,0.0,29.97808785183106,0.009130061737059237,lane_2,mainline,,normal,none,commit
BASIC-03,basic_01_06_900_bugcheck_20260605,149,14.899999999999963,B03_CFV,cav,not_applicable,7037.79090511246,0.0,29.926680674894445,-0.791918769405052,lane_2,mainline,,normal,none,commit
BASIC-03,basic_01_06_900_bugcheck_20260605,149,14.899999999999963,B03_TLV_CFV,cav,not_applicable,7031.469585553017,3.5,29.97276788763227,0.3666007063217641,lane_1,mainline,,normal,none,commit
BASIC-03,basic_01_06_900_bugcheck_20260605,149,14.899999999999963,B03_TLV_CLV,cav,not_applicable,7073.707618586726,3.5,29.96349225552849,0.015211560196462415,lane_1,mainline,,normal,none,commit
BASIC-03,basic_01_06_900_bugcheck_20260605,150,14.999999999999963,B03_MV,cav,not_applicable,6806.74407525603,-3.5,8.3705241988771,-0.015496193976569117,on_ramp,on_ramp_mv,,normal,not_started,commit
BASIC-03,basic_01_06_900_bugcheck_20260605,150,14.999999999999963,B03_CLV,cav,not_applicable,7083.0504855893805,0.0,29.978964337757816,0.008764859267576242,lane_2,mainline,,normal,none,commit
BASIC-03,basic_01_06_900_bugcheck_20260605,150,14.999999999999963,B03_CFV,cav,not_applicable,7040.784366571836,0.0,29.934614593761303,0.07933918866859391,lane_2,mainline,,normal,none,commit
BASIC-03,basic_01_06_900_bugcheck_20260605,150,14.999999999999963,B03_TLV_CFV,cav,not_applicable,7034.458952711196,3.5,29.893671581785867,-0.790963058464011,lane_1,mainline,,normal,none,commit
BASIC-03,basic_01_06_900_bugcheck_20260605,150,14.999999999999963,B03_TLV_CLV,cav,not_applicable,7076.704113843257,3.5,29.96495256530735,0.014603097788604203,lane_1,mainline,,normal,none,commit
BASIC-03,basic_01_06_900_bugcheck_20260605,151,15.099999999999962,B03_MV,cav,not_applicable,6807.580978912455,-3.5,8.36903656425535,-0.014876346217506154,on_ramp,on_ramp_mv,,normal,not_started,commit
BASIC-03,basic_01_06_900_bugcheck_20260605,151,15.099999999999962,B03_CLV,cav,not_applicable,7086.048466165806,0.0,29.9798057642475,0.008414264896873648,lane_2,mainline,,normal,none,commit
BASIC-03,basic_01_06_900_bugcheck_20260605,151,15.099999999999962,B03_CFV,cav,not_applicable,7043.785749897301,0.0,30.01383325465237,0.7921866089106677,lane_2,mainline,,normal,none,commit
BASIC-03,basic_01_06_900_bugcheck_20260605,151,15.099999999999962,B03_TLV_CFV,cav,not_applicable,7037.449121080715,3.5,29.901683695184268,0.08012113398399101,lane_1,mainline,,normal,none,commit
BASIC-03,basic_01_06_900_bugcheck_20260605,151,15.099999999999962,B03_TLV_CLV,cav,not_applicable,7079.700749289526,3.5,29.966354462695055,0.014018973877060149,lane_1,mainline,,normal,none,commit
BASIC-03,basic_01_06_900_bugcheck_20260605,152,15.199999999999962,B03_MV,cav,not_applicable,6808.417739755957,-3.5,8.367608435018468,-0.014281292368806221,on_ramp,on_ramp_mv,,normal,not_started,commit
BASIC-03,basic_01_06_900_bugcheck_20260605,152,15.199999999999962,B03_CLV,cav,not_applicable,7089.046527519174,0.0,29.9806135336776,0.008077694300999383,lane_2,mainline,,normal,none,commit
BASIC-03,basic_01_06_900_bugcheck_20260605,152,15.199999999999962,B03_CFV,cav,not_applicable,7046.7827056586575,0.0,29.969557613563243,-0.4427564108912718,lane_2,mainline,,normal,none,commit
BASIC-03,basic_01_06_900_bugcheck_20260605,152,15.199999999999962,B03_TLV_CFV,cav,not_applicable,7040.447217714057,3.5,29.98096633341932,0.7928263823505382,lane_1,mainline,,normal,none,commit
BASIC-03,basic_01_06_900_bugcheck_20260605,152,15.199999999999962,B03_TLV_CLV,cav,not_applicable,7082.697519317945,3.5,29.967700284187252,0.013458214921978141,lane_1,mainline,,normal,none,commit
BASIC-03,basic_01_06_900_bugcheck_20260605,153,15.299999999999962,B03_MV,cav,not_applicable,6809.2543634990525,-3.5,8.366237430951063,-0.01371004067405366,on_ramp,on_ramp_mv,,normal,not_started,commit
BASIC-03,basic_01_06_900_bugcheck_20260605,153,15.299999999999962,B03_CLV,cav,not_applicable,7092.044666418406,0.0,29.981388992330498,0.007754586528959351,lane_2,mainline,,normal,none,commit
BASIC-03,basic_01_06_900_bugcheck_20260605,153,15.299999999999962,B03_CFV,cav,not_applicable,7049.783311594834,0.0,30.006059361763047,0.3650174819980504,lane_2,mainline,,normal,none,commit
BASIC-03,basic_01_06_900_bugcheck_20260605,153,15.299999999999962,B03_TLV_CFV,cav,not_applicable,7043.4408920178,3.5,29.93674303742982,-0.4422329598950142,lane_1,mainline,,normal,none,commit
BASIC-03,basic_01_06_900_bugcheck_20260605,153,15.299999999999962,B03_TLV_CLV,cav,not_applicable,7085.694418545227,3.5,29.96899227281976,0.012919886325099128,lane_1,mainline,,normal,none,commit
BASIC-03,basic_01_06_900_bugcheck_20260605,154,15.399999999999961,B03_MV,cav,not_applicable,6810.090855625757,-3.5,8.364921267046354,-0.013161639047091712,on_ramp,on_ramp_mv,,normal,not_started,commit
BASIC-03,basic_01_06_900_bugcheck_20260605,154,15.399999999999961,B03_CLV,cav,not_applicable,7095.0428797616705,0.0,29.982133432637276,0.00744440306780092,lane_2,mainline,,normal,none,commit
BASIC-03,basic_01_06_900_bugcheck_20260605,154,15.399999999999961,B03_CFV,cav,not_applicable,7052.775994946773,0.0,29.92683351938107,-0.792258423819777,lane_2,mainline,,normal,none,commit
BASIC-03,basic_01_06_900_bugcheck_20260605,154,15.399999999999961,B03_TLV_CFV,cav,not_applicable,7046.438220779144,3.5,29.973287613438412,0.3654457600858975,lane_1,mainline,,normal,none,commit
BASIC-03,basic_01_06_900_bugcheck_20260605,154,15.399999999999961,B03_TLV_CLV,cav,not_applicable,7088.691441803418,3.5,29.97023258190697,0.012403090872095391,lane_1,mainline,,normal,none,commit
BASIC-03,basic_01_06_900_bugcheck_20260605,155,15.499999999999961,B03_MV,cav,not_applicable,6810.927221400727,-3.5,8.363657749697833,-0.012635173485207929,on_ramp,on_ramp_mv,,normal,not_started,commit
BASIC-03,basic_01_06_900_bugcheck_20260605,155,15.499999999999961,B03_CLV,cav,not_applicable,7098.041164571204,0.0,29.982848095331786,0.007146626945089452,lane_2,mainline,,normal,none,commit
BASIC-03,basic_01_06_900_bugcheck_20260605,155,15.499999999999961,B03_CFV,cav,not_applicable,7055.769468911607,0.0,29.93473964834127,0.07906128960200076,lane_2,mainline,,normal,none,commit
BASIC-03,basic_01_06_900_bugcheck_20260605,155,15.499999999999961,B03_TLV_CFV,cav,not_applicable,7049.427630460344,3.5,29.894096811990895,-0.7919080144751747,lane_1,mainline,,normal,none,commit
BASIC-03,basic_01_06_900_bugcheck_20260605,155,15.499999999999961,B03_TLV_CLV,cav,not_applicable,7091.688584131281,3.5,29.97142327863069,0.01190696723721203,lane_1,mainline,,normal,none,commit
BASIC-03,basic_01_06_900_bugcheck_20260605,156,15.59999999999996,B03_MV,cav,not_applicable,6811.763465878032,-3.5,8.362444773043253,-0.01212976654579947,on_ramp,on_ramp_mv,,normal,not_started,commit
BASIC-03,basic_01_06_900_bugcheck_20260605,156,15.59999999999996,B03_CLV,cav,not_applicable,7101.039517988355,0.0,29.983534171518514,0.006860761867285703,lane_2,mainline,,normal,none,commit
BASIC-03,basic_01_06_900_bugcheck_20260605,156,15.59999999999996,B03_CFV,cav,not_applicable,7058.77086246881,0.0,30.01393557203598,0.7919592369470916,lane_2,mainline,,normal,none,commit
BASIC-03,basic_01_06_900_bugcheck_20260605,156,15.59999999999996,B03_TLV_CFV,cav,not_applicable,7052.4178336214245,3.5,29.902031610806564,0.07934798815667532,lane_1,mainline,,normal,none,commit
BASIC-03,basic_01_06_900_bugcheck_20260605,156,15.59999999999996,B03_TLV_CLV,cav,not_applicable,7094.685840766029,3.5,29.972566347485465,0.011430688547723378,lane_1,mainline,,normal,none,commit
BASIC-03,basic_01_06_900_bugcheck_20260605,157,15.69999999999996,B03_MV,cav,not_applicable,6812.599593909577,-3.5,8.361280315454856,-0.011644575883967435,on_ramp,on_ramp_mv,,normal,not_started,commit
BASIC-03,basic_01_06_900_bugcheck_20260605,157,15.69999999999996,B03_CLV,cav,not_applicable,7104.037937268821,0.0,29.984192804657773,0.006586331392594503,lane_2,mainline,,normal,none,commit
BASIC-03,basic_01_06_900_bugcheck_20260605,157,15.69999999999996,B03_CFV,cav,not_applicable,7061.767826601589,0.0,29.969641327786196,-0.4429424424978341,lane_2,mainline,,normal,none,commit
BASIC-03,basic_01_06_900_bugcheck_20260605,157,15.69999999999996,B03_TLV_CFV,cav,not_applicable,7055.41595872059,3.5,29.981250991655745,0.7921938084918253,lane_1,mainline,,normal,none,commit
BASIC-03,basic_01_06_900_bugcheck_20260605,157,15.69999999999996,B03_TLV_CLV,cav,not_applicable,7097.683207135388,3.5,29.973663693586047,0.010973461005814046,lane_1,mainline,,normal,none,commit
BASIC-03,basic_01_06_900_bugcheck_20260605,158,15.79999999999996,B03_MV,cav,not_applicable,6813.435610153195,-3.5,8.360162436169995,-0.011178792848608766,on_ramp,on_ramp_mv,,normal,not_started,commit
BASIC-03,basic_01_06_900_bugcheck_20260605,158,15.79999999999996,B03_CLV,cav,not_applicable,7107.036419778068,0.0,29.984825092471464,0.006322878136890609,lane_2,mainline,,normal,none,commit
BASIC-03,basic_01_06_900_bugcheck_20260605,158,15.79999999999996,B03_CFV,cav,not_applicable,7064.768439387111,0.0,30.006127855218192,0.36486527431995397,lane_2,mainline,,normal,none,commit
BASIC-03,basic_01_06_900_bugcheck_20260605,158,15.79999999999996,B03_TLV_CFV,cav,not_applicable,7058.409656314553,3.5,29.93697593962326,-0.44275052032487017,lane_1,mainline,,normal,none,commit
BASIC-03,basic_01_06_900_bugcheck_20260605,158,15.79999999999996,B03_TLV_CLV,cav,not_applicable,7100.6806788499725,3.5,29.974717145842604,0.01053452256558103,lane_1,mainline,,normal,none,commit
BASIC-03,basic_01_06_900_bugcheck_20260605,159,15.89999999999996,B03_MV,cav,not_applicable,6814.2715190804,-3.5,8.35908927205653,-0.010731641134664472,on_ramp,on_ramp_mv,,normal,not_started,commit
BASIC-03,basic_01_06_900_bugcheck_20260605,159,15.89999999999996,B03_CLV,cav,not_applicable,7110.034962986945,0.0,29.985432088772605,0.006069963011414359,lane_2,mainline,,normal,none,commit
BASIC-03,basic_01_06_900_bugcheck_20260605,159,15.89999999999996,B03_CFV,cav,not_applicable,7067.76112834306,0.0,29.926889559480735,-0.7923829573745831,lane_2,mainline,,normal,none,commit
BASIC-03,basic_01_06_900_bugcheck_20260605,159,15.89999999999996,B03_TLV_CFV,cav,not_applicable,7061.407004131531,3.5,29.9734781697785,0.365022301552379,lane_1,mainline,,normal,none,commit
BASIC-03,basic_01_06_900_bugcheck_20260605,159,15.89999999999996,B03_TLV_CLV,cav,not_applicable,7103.678251695974,3.5,29.9757284600089,0.01011314166295847,lane_1,mainline,,normal,none,commit
BASIC-03,basic_01_06_900_bugcheck_20260605,160,15.99999999999996,B03_MV,cav,not_applicable,6815.107324983851,-3.5,8.358059034507601,-0.010302375489278148,on_ramp,on_ramp_mv,,normal,not_started,commit
BASIC-03,basic_01_06_900_bugcheck_20260605,160,15.99999999999996,B03_CLV,cav,not_applicable,7113.033564467467,0.0,29.9860148052217,0.005827164490958126,lane_2,mainline,,normal,none,commit
BASIC-03,basic_01_06_900_bugcheck_20260605,160,15.99999999999996,B03_CFV,cav,not_applicable,7070.754606892993,0.0,29.934785499331905,0.07895939851170486,lane_2,mainline,,normal,none,commit
BASIC-03,basic_01_06_900_bugcheck_20260605,160,15.99999999999996,B03_TLV_CFV,cav,not_applicable,7064.396429403703,3.5,29.894252721723692,-0.7922544805480535,lane_1,mainline,,normal,none,commit
BASIC-03,basic_01_06_900_bugcheck_20260605,160,15.99999999999996,B03_TLV_CLV,cav,not_applicable,7106.675921628134,3.5,29.976699321608542,0.00970861599644053,lane_1,mainline,,normal,none,commit
BASIC-03,basic_01_06_900_bugcheck_20260605,161,16.09999999999996,B03_MV,cav,not_applicable,6815.943031984497,-3.5,8.35707000646063,-0.00989028046970688,on_ramp,on_ramp_mv,,normal,not_started,commit
BASIC-03,basic_01_06_900_bugcheck_20260605,161,16.09999999999996,B03_CLV,cav,not_applicable,7116.032221888769,0.0,29.986574213012833,0.005594077911320028,lane_2,mainline,,normal,none,commit
BASIC-03,basic_01_06_900_bugcheck_20260605,161,16.09999999999996,B03_CFV,cav,not_applicable,7073.756004201641,0.0,30.013973086482864,0.7918758715095767,lane_2,mainline,,normal,none,commit
BASIC-03,basic_01_06_900_bugcheck_20260605,161,16.09999999999996,B03_TLV_CFV,cav,not_applicable,7067.386645321035,3.5,29.902159173315216,0.079064515915229,lane_1,mainline,,normal,none,commit
BASIC-03,basic_01_06_900_bugcheck_20260605,161,16.09999999999996,B03_TLV_CLV,cav,not_applicable,7109.673684763009,3.5,29.9776313487442,0.009320271356583022,lane_1,mainline,,normal,none,commit
BASIC-03,basic_01_06_900_bugcheck_20260605,162,16.19999999999996,B03_MV,cav,not_applicable,6816.778644038451,-3.5,8.356120539535537,-0.009494669250918264,on_ramp,on_ramp_mv,,normal,not_started,commit
BASIC-03,basic_01_06_900_bugcheck_20260605,162,16.19999999999996,B03_CLV,cav,not_applicable,7119.030933013218,0.0,29.98711124449232,0.005370314794866715,lane_2,mainline,,normal,none,commit
BASIC-03,basic_01_06_900_bugcheck_20260605,162,16.19999999999996,B03_CFV,cav,not_applicable,7076.752971403784,0.0,29.969672021424557,-0.44301065058307354,lane_2,mainline,,normal,none,commit
BASIC-03,basic_01_06_900_bugcheck_20260605,162,16.19999999999996,B03_TLV_CFV,cav,not_applicable,7070.384780857133,3.5,29.981355360981006,0.7919618766579146,lane_1,mainline,,normal,none,commit
BASIC-03,basic_01_06_900_bugcheck_20260605,162,16.19999999999996,B03_TLV_CLV,cav,not_applicable,7112.671537372488,3.5,29.978526094794432,0.00894746050231987,lane_1,mainline,,normal,none,commit
BASIC-03,basic_01_06_900_bugcheck_20260605,163,16.29999999999996,B03_MV,cav,not_applicable,6817.614164943579,-3.5,8.35520905128745,-0.009114882480881192,on_ramp,on_ramp_mv,,normal,not_started,commit
BASIC-03,basic_01_06_900_bugcheck_20260605,163,16.29999999999996,B03_CLV,cav,not_applicable,7122.029695692689,0.0,29.987626794712625,0.005155502203072615,lane_2,mainline,,normal,none,commit
BASIC-03,basic_01_06_900_bugcheck_20260605,163,16.29999999999996,B03_CFV,cav,not_applicable,7079.753586700604,0.0,30.006152968195032,0.3648094677047581,lane_2,mainline,,normal,none,commit
BASIC-03,basic_01_06_900_bugcheck_20260605,163,16.29999999999996,B03_TLV_CFV,cav,not_applicable,7073.378486990404,3.5,29.93706133270756,-0.4429402827344334,lane_1,mainline,,normal,none,commit
BASIC-03,basic_01_06_900_bugcheck_20260605,163,16.29999999999996,B03_TLV_CLV,cav,not_applicable,7115.669475877588,3.5,29.979385051002655,0.008589562082227076,lane_1,mainline,,normal,none,commit
BASIC-03,basic_01_06_900_bugcheck_20260605,164,16.399999999999963,B03_MV,cav,not_applicable,6818.449598345836,-3.5,8.354334022569285,-0.008750287181646143,on_ramp,on_ramp_mv,,normal,not_started,commit
BASIC-03,basic_01_06_900_bugcheck_20260605,164,16.399999999999963,B03_CLV,cav,not_applicable,7125.028507864981,0.0,29.98812172292412,0.004949282114949938,lane_2,mainline,,normal,none,commit
BASIC-03,basic_01_06_900_bugcheck_20260605,164,16.399999999999963,B03_CFV,cav,not_applicable,7082.74627771125,0.0,29.926910106461786,-0.7924286173324706,lane_2,mainline,,normal,none,commit
BASIC-03,basic_01_06_900_bugcheck_20260605,164,16.399999999999963,B03_TLV_CFV,cav,not_applicable,7076.375841794089,3.5,29.973548036847472,0.3648670413991,lane_1,mainline,,normal,none,commit
BASIC-03,basic_01_06_900_bugcheck_20260605,164,16.399999999999963,B03_TLV_CLV,cav,not_applicable,7118.667496842485,3.5,29.98020964896255,0.008245979598937936,lane_1,mainline,,normal,none,commit
BASIC-03,basic_01_06_900_bugcheck_20260605,165,16.499999999999964,B03_MV,cav,not_applicable,6819.2849477453365,-3.5,8.353493994999846,-0.008400275694380356,on_ramp,on_ramp_mv,,normal,not_started,commit
BASIC-03,basic_01_06_900_bugcheck_20260605,165,16.499999999999964,B03_CLV,cav,not_applicable,7128.027367550382,0.0,29.988596854007156,0.004751310830351941,lane_2,mainline,,normal,none,commit
BASIC-03,basic_01_06_900_bugcheck_20260605,165,16.499999999999964,B03_CFV,cav,not_applicable,7085.7397579423,0.0,29.93480231049822,0.07892204036434225,lane_2,mainline,,normal,none,commit
BASIC-03,basic_01_06_900_bugcheck_20260605,165,16.499999999999964,B03_TLV_CFV,cav,not_applicable,7079.3652727826575,3.5,29.894309885689218,-0.7923815115825545,lane_1,mainline,,normal,none,commit
BASIC-03,basic_01_06_900_bugcheck_20260605,165,16.499999999999964,B03_TLV_CLV,cav,not_applicable,7121.665596968785,3.5,29.981001263004046,0.007916140414980078,lane_1,mainline,,normal,none,commit
BASIC-03,basic_01_06_900_bugcheck_20260605,166,16.599999999999966,B03_MV,cav,not_applicable,6820.12021650219,-3.5,8.352687568533186,-0.00806426466660497,on_ramp,on_ramp_mv,,normal,not_started,commit
BASIC-03,basic_01_06_900_bugcheck_20260605,166,16.599999999999966,B03_CLV,cav,not_applicable,7131.026272848367,0.0,29.98905297984687,0.004561258397137636,lane_2,mainline,,normal,none,commit
BASIC-03,basic_01_06_900_bugcheck_20260605,166,16.599999999999966,B03_CFV,cav,not_applicable,7088.741156626407,0.0,30.013986841073486,0.7918453057526437,lane_2,mainline,,normal,none,commit
BASIC-03,basic_01_06_900_bugcheck_20260605,166,16.599999999999966,B03_TLV_CFV,cav,not_applicable,7082.355493377041,3.5,29.902205943832463,0.07896058143245543,lane_1,mainline,,normal,none,commit
BASIC-03,basic_01_06_900_bugcheck_20260605,166,16.599999999999966,B03_TLV_CLV,cav,not_applicable,7124.663773090034,3.5,29.981761212483885,0.007599494798381557,lane_1,mainline,,normal,none,commit
BASIC-03,basic_01_06_900_bugcheck_20260605,167,16.699999999999967,B03_MV,cav,not_applicable,6820.955407842102,-3.5,8.351913399125193,-0.007741694079940942,on_ramp,on_ramp_mv,,normal,not_started,commit
BASIC-03,basic_01_06_900_bugcheck_20260605,167,16.699999999999967,B03_CLV,cav,not_applicable,7134.025221934432,0.0,29.989490860652996,0.004378808061251504,lane_2,mainline,,normal,none,commit
BASIC-03,basic_01_06_900_bugcheck_20260605,167,16.699999999999967,B03_CFV,cav,not_applicable,7091.738124953925,0.0,29.96968327518052,-0.44303565892965513,lane_2,mainline,,normal,none,commit
BASIC-03,basic_01_06_900_bugcheck_20260605,167,16.699999999999967,B03_TLV_CFV,cav,not_applicable,7085.353632739818,3.5,29.981393627767847,0.7918768393538271,lane_1,mainline,,normal,none,commit
BASIC-03,basic_01_06_900_bugcheck_20260605,167,16.699999999999967,B03_TLV_CLV,cav,not_applicable,7127.6620221664325,3.5,29.98249076398453,0.007295515006445897,lane_1,mainline,,normal,none,commit
BASIC-03,basic_01_06_900_bugcheck_20260605,168,16.79999999999997,B03_MV,cav,not_applicable,6821.790524861752,-3.5,8.351170196493518,-0.007432026316743646,on_ramp,on_ramp_mv,,normal,not_started,commit
BASIC-03,basic_01_06_900_bugcheck_20260605,168,16.79999999999997,B03_CLV,cav,not_applicable,7137.024213057055,0.0,29.989911226226877,0.004203655738801615,lane_2,mainline,,normal,none,commit
BASIC-03,basic_01_06_900_bugcheck_20260605,168,16.79999999999997,B03_CFV,cav,not_applicable,7094.738741171506,0.0,30.00616217581355,0.3647890063302822,lane_2,mainline,,normal,none,commit
BASIC-03,basic_01_06_900_bugcheck_20260605,168,16.79999999999997,B03_TLV_CFV,cav,not_applicable,7088.347342004007,3.5,29.937092641896797,-0.443009858710505,lane_1,mainline,,normal,none,commit
BASIC-03,basic_01_06_900_bugcheck_20260605,168,16.79999999999997,B03_TLV_CLV,cav,not_applicable,7130.660341279775,3.5,29.983191133425148,0.007003694406188288,lane_1,mainline,,normal,none,commit
BASIC-03,basic_01_06_900_bugcheck_20260605,169,16.89999999999997,B03_MV,cav,not_applicable,6822.625570533948,-3.5,8.350456721967111,-0.007134745264073672,on_ramp,on_ramp_mv,,normal,not_started,commit
BASIC-03,basic_01_06_900_bugcheck_20260605,169,16.89999999999997,B03_CLV,cav,not_applicable,7140.023244534773,0.0,29.9903147771778,0.00403550950924938,lane_2,mainline,,normal,none,commit
BASIC-03,basic_01_06_900_bugcheck_20260605,169,16.89999999999997,B03_CFV,cav,not_applicable,7097.731432935503,0.0,29.926917639967847,-0.7924453584570418,lane_2,mainline,,normal,none,commit
BASIC-03,basic_01_06_900_bugcheck_20260605,169,16.89999999999997,B03_TLV_CFV,cav,not_applicable,7091.344699369353,3.5,29.973573653456846,0.3648101156004959,lane_1,mainline,,normal,none,commit
BASIC-03,basic_01_06_900_bugcheck_20260605,169,16.89999999999997,B03_TLV_CLV,cav,not_applicable,7133.658727628584,3.5,29.983863488088144,0.0067235466299408134,lane_1,mainline,,normal,none,commit
BASIC-03,basic_01_06_900_bugcheck_20260605,170,16.99999999999997,B03_MV,cav,not_applicable,6823.460547712591,-3.5,8.34977178642176,-0.006849355453510952,on_ramp,on_ramp_mv,,normal,not_started,commit
BASIC-03,basic_01_06_900_bugcheck_20260605,170,16.99999999999997,B03_CLV,cav,not_applicable,7143.022314753382,0.0,29.99070218609069,0.003874089128879632,lane_2,mainline,,normal,none,commit
BASIC-03,basic_01_06_900_bugcheck_20260605,170,16.99999999999997,B03_CFV,cav,not_applicable,7100.72491378293,0.0,29.934808474275908,0.07890834308060224,lane_2,mainline,,normal,none,commit
BASIC-03,basic_01_06_900_bugcheck_20260605,170,16.99999999999997,B03_TLV_CFV,cav,not_applicable,7094.334132453827,3.5,29.89433084473325,-0.7924280872359578,lane_1,mainline,,normal,none,commit
BASIC-03,basic_01_06_900_bugcheck_20260605,170,16.99999999999997,B03_TLV_CLV,cav,not_applicable,7136.65717852344,3.5,29.984508948564617,0.006454604764742556,lane_1,mainline,,normal,none,commit
BASIC-03,basic_01_06_900_bugcheck_20260605,171,17.099999999999973,B03_MV,cav,not_applicable,6824.29545913742,-3.5,8.349114248298223,-0.006575381235370515,on_ramp,on_ramp_mv,,normal,not_started,commit
BASIC-03,basic_01_06_900_bugcheck_20260605,171,17.099999999999973,B03_CLV,cav,not_applicable,7146.021422163246,0.0,29.99107409864706,0.0037191255637239354,lane_2,mainline,,normal,none,commit
BASIC-03,basic_01_06_900_bugcheck_20260605,171,17.099999999999973,B03_CFV,cav,not_applicable,7103.7263129713465,0.0,30.01399188416432,0.7918340988841291,lane_2,mainline,,normal,none,commit
BASIC-03,basic_01_06_900_bugcheck_20260605,171,17.099999999999973,B03_TLV_CFV,cav,not_applicable,7097.324354763041,3.5,29.902223092141217,0.0789224740796709,lane_1,mainline,,normal,none,commit
BASIC-03,basic_01_06_900_bugcheck_20260605,171,17.099999999999973,B03_TLV_CLV,cav,not_applicable,7139.6556913825025,3.5,29.985128590622033,0.006196420574153195,lane_1,mainline,,normal,none,commit
BASIC-03,basic_01_06_900_bugcheck_20260605,172,17.199999999999974,B03_MV,cav,not_applicable,6825.13030743859,-3.5,8.348483011699628,-0.006312365985955637,on_ramp,on_ramp_mv,,normal,not_started,commit
BASIC-03,basic_01_06_900_bugcheck_20260605,172,17.199999999999974,B03_CLV,cav,not_applicable,7149.020565276716,0.0,29.99143113470118,0.0035703605411754324,lane_2,mainline,,normal,none,commit
BASIC-03,basic_01_06_900_bugcheck_20260605,172,17.199999999999974,B03_CFV,cav,not_applicable,7106.723281711481,0.0,29.969687401345748,-0.44304482818571245,lane_2,mainline,,normal,none,commit
BASIC-03,basic_01_06_900_bugcheck_20260605,172,17.199999999999974,B03_TLV_CFV,cav,not_applicable,7100.3224955288615,3.5,29.98140765820228,0.7918456606106399,lane_1,mainline,,normal,none,commit
BASIC-03,basic_01_06_900_bugcheck_20260605,172,17.199999999999974,B03_TLV_CLV,cav,not_applicable,7142.654263727202,3.5,29.985723446997152,0.005948563751186953,lane_1,mainline,,normal,none,commit
BASIC-03,basic_01_06_900_bugcheck_20260605,173,17.299999999999976,B03_MV,cav,not_applicable,6825.965095141046,-3.5,8.347877024564976,-0.006059871346517554,on_ramp,on_ramp_mv,,normal,not_started,commit
BASIC-03,basic_01_06_900_bugcheck_20260605,173,17.299999999999976,B03_CLV,cav,not_applicable,7152.019742665648,0.0,29.991773889313134,0.003427546119527847,lane_2,mainline,,normal,none,commit
BASIC-03,basic_01_06_900_bugcheck_20260605,173,17.299999999999976,B03_CFV,cav,not_applicable,7109.723898266658,0.0,30.006165551766916,0.36478150421168987,lane_2,mainline,,normal,none,commit
BASIC-03,basic_01_06_900_bugcheck_20260605,173,17.299999999999976,B03_TLV_CFV,cav,not_applicable,7103.316205940996,3.5,29.93710412134315,-0.44303536859129466,lane_1,mainline,,normal,none,commit
BASIC-03,basic_01_06_900_bugcheck_20260605,173,17.299999999999976,B03_TLV_CLV,cav,not_applicable,7145.652893178114,3.5,29.986294509117265,0.005710621201139077,lane_1,mainline,,normal,none,commit
BASIC-03,basic_01_06_900_bugcheck_20260605,174,17.399999999999977,B03_MV,cav,not_applicable,6826.7998246687375,-3.5,8.34729527691571,-0.005817476492656937,on_ramp,on_ramp_mv,,normal,not_started,commit
BASIC-03,basic_01_06_900_bugcheck_20260605,174,17.399999999999977,B03_CLV,cav,not_applicable,7155.018952959022,0.0,29.992102933740608,0.0032904442747465623,lane_2,mainline,,normal,none,commit
BASIC-03,basic_01_06_900_bugcheck_20260605,174,17.399999999999977,B03_CFV,cav,not_applicable,7112.716590306869,0.0,29.92692040211151,-0.7924514965540719,lane_2,mainline,,normal,none,commit
BASIC-03,basic_01_06_900_bugcheck_20260605,174,17.399999999999977,B03_TLV_CFV,cav,not_applicable,7106.313564245569,3.5,29.973583045731136,0.36478924387984984,lane_1,mainline,,normal,none,commit
BASIC-03,basic_01_06_900_bugcheck_20260605,174,17.399999999999977,B03_TLV_CLV,cav,not_applicable,7148.651577450989,3.5,29.986842728752574,0.0054821963530940826,lane_1,mainline,,normal,none,commit
BASIC-03,basic_01_06_900_bugcheck_20260605,175,17.49999999999998,B03_MV,cav,not_applicable,6827.634498348655,-3.5,8.346736799172415,-0.005584777432950716,on_ramp,on_ramp_mv,,normal,not_started,commit
BASIC-03,basic_01_06_900_bugcheck_20260605,175,17.49999999999998,B03_CLV,cav,not_applicable,7158.018194840661,0.0,29.992418816390984,0.003158826503756984,lane_2,mainline,,normal,none,commit
BASIC-03,basic_01_06_900_bugcheck_20260605,175,17.49999999999998,B03_CFV,cav,not_applicable,7115.71007138029,0.0,29.93481073421163,0.078903321001214,lane_2,mainline,,normal,none,commit
BASIC-03,basic_01_06_900_bugcheck_20260605,175,17.49999999999998,B03_TLV_CFV,cav,not_applicable,7109.302998098501,3.5,29.894338529321306,-0.7924451640983046,lane_1,mainline,,normal,none,commit
BASIC-03,basic_01_06_900_bugcheck_20260605,175,17.49999999999998,B03_TLV_CLV,cav,not_applicable,7151.650314352949,3.5,29.987369019602472,0.005262908498970376,lane_1,mainline,,normal,none,commit
BASIC-03,basic_01_06_900_bugcheck_20260605,176,17.59999999999998,B03_MV,cav,not_applicable,6828.469118414709,-3.5,8.346200660538852,-0.005361386335632545,on_ramp,on_ramp_mv,,normal,not_started,commit
BASIC-03,basic_01_06_900_bugcheck_20260605,176,17.59999999999998,B03_CLV,cav,not_applicable,7161.017467047034,0.0,29.992722063735343,0.0030324734436064206,lane_2,mainline,,normal,none,commit
BASIC-03,basic_01_06_900_bugcheck_20260605,176,17.59999999999998,B03_CFV,cav,not_applicable,7118.71147075361,0.0,30.01399373320264,0.7918299899100842,lane_2,mainline,,normal,none,commit
BASIC-03,basic_01_06_900_bugcheck_20260605,176,17.59999999999998,B03_TLV_CFV,cav,not_applicable,7112.293221036454,3.5,29.902229379531445,0.07890850210138722,lane_1,mainline,,normal,none,commit
BASIC-03,basic_01_06_900_bugcheck_20260605,176,17.59999999999998,B03_TLV_CLV,cav,not_applicable,7154.649101778831,3.5,29.987874258818373,0.0050523921590112765,lane_1,mainline,,normal,none,commit
BASIC-03,basic_01_06_900_bugcheck_20260605,177,17.69999999999998,B03_MV,cav,not_applicable,6829.303687011454,-3.5,8.345685967450631,-0.005146930882207102,on_ramp,on_ramp_mv,,normal,not_started,commit
BASIC-03,basic_01_06_900_bugcheck_20260605,177,17.69999999999998,B03_CLV,cav,not_applicable,7164.0167683651525,0.0,29.99301318118593,0.002911174505862846,lane_2,mainline,,normal,none,commit
BASIC-03,basic_01_06_900_bugcheck_20260605,177,17.69999999999998,B03_CFV,cav,not_applicable,7121.70843964503,0.0,29.96968891419528,-0.44304819007356744,lane_2,mainline,,normal,none,commit
BASIC-03,basic_01_06_900_bugcheck_20260605,177,17.69999999999998,B03_TLV_CFV,cav,not_applicable,7115.291362316697,3.5,29.98141280243065,0.7918342289920441,lane_1,mainline,,normal,none,commit
BASIC-03,basic_01_06_900_bugcheck_20260605,177,17.69999999999998,B03_TLV_CLV,cav,not_applicable,7157.647937707678,3.5,29.988359288465638,0.00485029647265094,lane_1,mainline,,normal,none,commit
BASIC-03,basic_01_06_900_bugcheck_20260605,178,17.799999999999983,B03_MV,cav,not_applicable,6830.138206197663,-3.5,8.345191862085938,-0.004941053646918903,on_ramp,on_ramp_mv,,normal,not_started,commit
BASIC-03,basic_01_06_900_bugcheck_20260605,178,17.799999999999983,B03_CLV,cav,not_applicable,7167.016097630546,0.0,29.993292653938493,0.0027947275256281047,lane_2,mainline,,normal,none,commit
BASIC-03,basic_01_06_900_bugcheck_20260605,178,17.799999999999983,B03_CFV,cav,not_applicable,7124.709056323985,0.0,30.0061667895529,0.3647787535761721,lane_2,mainline,,normal,none,commit
BASIC-03,basic_01_06_900_bugcheck_20260605,178,17.799999999999983,B03_TLV_CFV,cav,not_applicable,7118.285073149723,3.5,29.93710833025727,-0.44304472173378207,lane_1,mainline,,normal,none,commit
BASIC-03,basic_01_06_900_bugcheck_20260605,178,17.799999999999983,B03_TLV_CLV,cav,not_applicable,7160.64682019937,3.5,29.988824916927012,0.004656284613744788,lane_1,mainline,,normal,none,commit
BASIC-03,basic_01_06_900_bugcheck_20260605,179,17.899999999999984,B03_MV,cav,not_applicable,6830.972677949757,-3.5,8.344717520935834,-0.004743411501041806,on_ramp,on_ramp_mv,,normal,not_started,commit
BASIC-03,basic_01_06_900_bugcheck_20260605,179,17.899999999999984,B03_CLV,cav,not_applicable,7170.015453725324,0.0,29.993560947780953,0.00268293842460281,lane_2,mainline,,normal,none,commit
BASIC-03,basic_01_06_900_bugcheck_20260605,179,17.899999999999984,B03_CFV,cav,not_applicable,7127.70174846547,0.0,29.926921414845495,-0.7924537470740409,lane_2,mainline,,normal,none,commit
BASIC-03,basic_01_06_900_bugcheck_20260605,179,17.899999999999984,B03_TLV_CFV,cav,not_applicable,7121.2824317986615,3.5,29.973586489388143,0.3647815913087238,lane_1,mainline,,normal,none,commit
BASIC-03,basic_01_06_900_bugcheck_20260605,179,17.899999999999984,B03_TLV_CLV,cav,not_applicable,7163.645747391395,3.5,29.98927192024993,0.004470033229195281,lane_1,mainline,,normal,none,commit
BASIC-03,basic_01_06_900_bugcheck_20260605,180,17.999999999999986,B03_MV,cav,not_applicable,6831.8071041651,-3.5,8.344262153431734,-0.004553675041000105,on_ramp,on_ramp_mv,,normal,not_started,commit
BASIC-03,basic_01_06_900_bugcheck_20260605,180,17.999999999999986,B03_CLV,cav,not_applicable,7173.01483557631,0.0,29.993818509869715,0.002575620887618868,lane_2,mainline,,normal,none,commit
BASIC-03,basic_01_06_900_bugcheck_20260605,180,17.999999999999986,B03_CFV,cav,not_applicable,7130.695229621751,0.0,29.934811562812165,0.07890147966669381,lane_2,mainline,,normal,none,commit
BASIC-03,basic_01_06_900_bugcheck_20260605,180,17.999999999999986,B03_TLV_CFV,cav,not_applicable,7124.272992153582,3.5,29.905603549204475,-0.6798294018366712,lane_1,mainline,,normal,none,commit
BASIC-03,basic_01_06_900_bugcheck_20260605,180,17.999999999999986,B03_TLV_CLV,cav,not_applicable,7166.644717495739,3.5,29.989701043439933,0.004291231900027981,lane_1,mainline,,normal,none,commit
BASIC-03,basic_01_06_900_bugcheck_20260605,181,18.099999999999987,B03_MV,cav,not_applicable,6832.641486665163,-3.5,8.343825000627797,-0.004371528039359873,on_ramp,on_ramp_mv,,normal,not_started,commit
BASIC-03,basic_01_06_900_bugcheck_20260605,181,18.099999999999987,B03_CLV,cav,not_applicable,7176.014242153258,0.0,29.994065769474926,0.0024725960521138294,lane_2,mainline,,normal,none,commit
BASIC-03,basic_01_06_900_bugcheck_20260605,181,18.099999999999987,B03_CFV,cav,not_applicable,7133.696629062866,0.0,30.01399441114853,0.7918284833636586,lane_2,mainline,,normal,none,commit
BASIC-03,basic_01_06_900_bugcheck_20260605,181,18.099999999999987,B03_TLV_CFV,cav,not_applicable,7127.2652629952145,3.5,29.92270841632693,0.17104867122454182,lane_1,mainline,,normal,none,commit
BASIC-03,basic_01_06_900_bugcheck_20260605,181,18.099999999999987,B03_TLV_CLV,cav,not_applicable,7169.64372879591,3.5,29.990113001702337,0.004119582624026919,lane_1,mainline,,normal,none,commit
BASIC-03,basic_01_06_900_bugcheck_20260605,182,18.19999999999999,B03_MV,cav,not_applicable,6833.4758271985565,-3.5,8.343405333936019,-0.004196666917785308,on_ramp,on_ramp_mv,,normal,not_started,commit
BASIC-03,basic_01_06_900_bugcheck_20260605,182,18.19999999999999,B03_CLV,cav,not_applicable,7179.013672467127,0.0,29.99430313869593,0.0023736922100297876,lane_2,mainline,,normal,none,commit
BASIC-03,basic_01_06_900_bugcheck_20260605,182,18.19999999999999,B03_CFV,cav,not_applicable,7136.693598009754,0.0,29.969689468878286,-0.44304942270246106,lane_2,mainline,,normal,none,commit
BASIC-03,basic_01_06_900_bugcheck_20260605,182,18.19999999999999,B03_TLV_CFV,cav,not_applicable,7130.266206053248,3.5,30.00943058033621,0.867221640092807,lane_1,mainline,,normal,none,commit
BASIC-03,basic_01_06_900_bugcheck_20260605,182,18.19999999999999,B03_TLV_CLV,cav,not_applicable,7172.642779644073,3.5,29.990508481634244,0.003954799319065216,lane_1,mainline,,normal,none,commit
BASIC-03,basic_01_06_900_bugcheck_20260605,183,18.29999999999999,B03_MV,cav,not_applicable,6834.310127443948,-3.5,8.343002453911911,-0.004028800241074037,on_ramp,on_ramp_mv,,normal,not_started,commit
BASIC-03,basic_01_06_900_bugcheck_20260605,183,18.29999999999999,B03_CLV,cav,not_applicable,7182.013125568442,0.0,29.99453101314809,0.0022787445216280846,lane_2,mainline,,normal,none,commit
BASIC-03,basic_01_06_900_bugcheck_20260605,183,18.29999999999999,B03_CFV,cav,not_applicable,7139.694214734092,0.0,30.00616724338445,0.3647777450616228,lane_2,mainline,,normal,none,commit
BASIC-03,basic_01_06_900_bugcheck_20260605,183,18.29999999999999,B03_TLV_CFV,cav,not_applicable,7133.263335470156,3.5,29.971294169071076,-0.38136411265133974,lane_1,mainline,,normal,none,commit
BASIC-03,basic_01_06_900_bugcheck_20260605,183,18.29999999999999,B03_TLV_CLV,cav,not_applicable,7175.64186845831,3.5,29.990888142368874,0.003796607346302494,lane_1,mainline,,normal,none,commit
BASIC-03,basic_01_06_900_bugcheck_20260605,184,18.39999999999999,B03_MV,cav,not_applicable,6835.144389012857,-3.5,8.342615689088769,-0.0038676482314308203,on_ramp,on_ramp_mv,,normal,not_started,commit
BASIC-03,basic_01_06_900_bugcheck_20260605,184,18.39999999999999,B03_CLV,cav,not_applicable,7185.012600545704,0.0,29.994749772622168,0.0021875947407636433,lane_2,mainline,,normal,none,commit
BASIC-03,basic_01_06_900_bugcheck_20260605,184,18.39999999999999,B03_CFV,cav,not_applicable,7142.686906912709,0.0,29.926921786162218,-0.7924545722223085,lane_2,mainline,,normal,none,commit
BASIC-03,basic_01_06_900_bugcheck_20260605,184,18.39999999999999,B03_TLV_CFV,cav,not_applicable,7136.264617362504,3.5,30.01281892349051,0.41524754419435844,lane_1,mainline,,normal,none,commit
BASIC-03,basic_01_06_900_bugcheck_20260605,184,18.39999999999999,B03_TLV_CLV,cav,not_applicable,7178.640993719977,3.5,29.991252616674117,0.0036447430524503945,lane_1,mainline,,normal,none,commit
BASIC-03,basic_01_06_900_bugcheck_20260605,185,18.499999999999993,B03_MV,cav,not_applicable,6835.978613452343,-3.5,8.342244394858552,-0.0037129423021738718,on_ramp,on_ramp_mv,,normal,not_started,commit
BASIC-03,basic_01_06_900_bugcheck_20260605,185,18.499999999999993,B03_CLV,cav,not_applicable,7188.012096523876,0.0,29.99495978171728,0.002100090951132927,lane_2,mainline,,normal,none,commit
BASIC-03,basic_01_06_900_bugcheck_20260605,185,18.499999999999993,B03_CFV,cav,not_applicable,7145.68038809937,0.0,29.934811866616755,0.07890080454538395,lane_2,mainline,,normal,none,commit
BASIC-03,basic_01_06_900_bugcheck_20260605,185,18.499999999999993,B03_TLV_CFV,cav,not_applicable,7139.258387643851,3.5,29.93770281347005,-0.7511611002046157,lane_1,mainline,,normal,none,commit
BASIC-03,basic_01_06_900_bugcheck_20260605,185,18.499999999999993,B03_TLV_CLV,cav,not_applicable,7181.640153971178,3.5,29.99160251200715,0.003498953330353061,lane_1,mainline,,normal,none,commit
BASIC-03,basic_01_06_900_bugcheck_20260605,186,18.599999999999994,B03_MV,cav,not_applicable,6836.812802247583,-3.5,8.341887952397544,-0.003564424610087258,on_ramp,on_ramp_mv,,normal,not_started,commit
BASIC-03,basic_01_06_900_bugcheck_20260605,186,18.599999999999994,B03_CLV,cav,not_applicable,7191.011612662921,0.0,29.99516139044859,0.0020160873130876666,lane_2,mainline,,normal,none,commit
BASIC-03,basic_01_06_900_bugcheck_20260605,186,18.599999999999994,B03_CFV,cav,not_applicable,7148.681787565341,0.0,30.013994659715923,0.7918279309916778,lane_2,mainline,,normal,none,commit
BASIC-03,basic_01_06_900_bugcheck_20260605,186,18.599999999999994,B03_TLV_CFV,cav,not_applicable,7142.253284788923,3.5,29.948971450726035,0.11268637255985992,lane_1,mainline,,normal,none,commit
BASIC-03,basic_01_06_900_bugcheck_20260605,186,18.599999999999994,B03_TLV_CLV,cav,not_applicable,7184.639347812331,3.5,29.991938411526867,0.003358995197139336,lane_1,mainline,,normal,none,commit
BASIC-03,basic_01_06_900_bugcheck_20260605,187,18.699999999999996,B03_MV,cav,not_applicable,6837.6469568243465,-3.5,8.341545767634976,-0.0034218476256839383,on_ramp,on_ramp_mv,,normal,not_started,commit
BASIC-03,basic_01_06_900_bugcheck_20260605,187,18.699999999999996,B03_CLV,cav,not_applicable,7194.011148156404,0.0,29.995354934830647,0.0019354438205638758,lane_2,mainline,,normal,none,commit
BASIC-03,basic_01_06_900_bugcheck_20260605,187,18.699999999999996,B03_CFV,cav,not_applicable,7151.678756532567,0.0,29.969689672251604,-0.4430498746431727,lane_2,mainline,,normal,none,commit
BASIC-03,basic_01_06_900_bugcheck_20260605,187,18.699999999999996,B03_TLV_CFV,cav,not_applicable,7145.25637664068,3.5,30.03091851757184,0.8194706684580673,lane_1,mainline,,normal,none,commit
BASIC-03,basic_01_06_900_bugcheck_20260605,187,18.699999999999996,B03_TLV_CLV,cav,not_applicable,7187.638573899838,3.5,29.992260875065792,0.0032246353892531943,lane_1,mainline,,normal,none,commit
BASIC-03,basic_01_06_900_bugcheck_20260605,188,18.799999999999997,B03_MV,cav,not_applicable,6838.481078551373,-3.5,8.341217270262911,-0.0032849737206568363,on_ramp,on_ramp_mv,,normal,not_started,commit
BASIC-03,basic_01_06_900_bugcheck_20260605,188,18.799999999999997,B03_CLV,cav,not_applicable,7197.010702230147,0.0,29.995540737437423,0.0018580260677410366,lane_2,mainline,,normal,none,commit
BASIC-03,basic_01_06_900_bugcheck_20260605,188,18.799999999999997,B03_CFV,cav,not_applicable,7154.679373273545,0.0,30.0061674097808,0.36477737529194965,lane_2,mainline,,normal,none,commit
BASIC-03,basic_01_06_900_bugcheck_20260605,188,18.799999999999997,B03_TLV_CFV,cav,not_applicable,7148.255264161543,3.5,29.9888752086275,-0.4204330894433995,lane_1,mainline,,normal,none,commit
BASIC-03,basic_01_06_900_bugcheck_20260605,188,18.799999999999997,B03_TLV_CLV,cav,not_applicable,7190.637830943844,3.5,29.99257044006316,0.0030956499736831235,lane_1,mainline,,normal,none,commit
BASIC-03,basic_01_06_900_bugcheck_20260605,189,18.9,B03_MV,cav,not_applicable,6839.315168742652,-3.5,8.340901912785728,-0.003153574771830847,on_ramp,on_ramp_mv,,normal,not_started,commit
BASIC-03,basic_01_06_900_bugcheck_20260605,189,18.9,B03_CLV,cav,not_applicable,7200.010274140941,0.0,29.995719107939927,0.001783705025030713,lane_2,mainline,,normal,none,commit
BASIC-03,basic_01_06_900_bugcheck_20260605,189,18.9,B03_CFV,cav,not_applicable,7157.672065465776,0.0,29.926921922304686,-0.792454874761132,lane_2,mainline,,normal,none,commit
BASIC-03,basic_01_06_900_bugcheck_20260605,189,18.9,B03_TLV_CFV,cav,not_applicable,7151.257984502583,3.5,30.027203410400315,0.3832820177281277,lane_1,mainline,,normal,none,commit
BASIC-03,basic_01_06_900_bugcheck_20260605,189,18.9,B03_TLV_CLV,cav,not_applicable,7193.63711770609,3.5,29.992867622460636,0.002971823974735344,lane_1,mainline,,normal,none,commit
BASIC-03,basic_01_06_900_bugcheck_20260605,190,19.0,B03_MV,cav,not_applicable,6840.149228659612,-3.5,8.340599169607632,-0.0030274317809578124,on_ramp,on_ramp_mv,,normal,not_started,commit
BASIC-03,basic_01_06_900_bugcheck_20260605,190,19.0,B03_CLV,cav,not_applicable,7203.0098631753035,0.0,29.995890343622328,0.0017123568240293707,lane_2,mainline,,normal,none,commit
BASIC-03,basic_01_06_900_bugcheck_20260605,190,19.0,B03_CFV,cav,not_applicable,7160.665546663577,0.0,29.93481197800605,0.07890055701361942,lane_2,mainline,,normal,none,commit
BASIC-03,basic_01_06_900_bugcheck_20260605,190,19.0,B03_TLV_CFV,cav,not_applicable,7154.252931696496,3.5,29.949471939123526,-0.7773147127678954,lane_1,mainline,,normal,none,commit
BASIC-03,basic_01_06_900_bugcheck_20260605,190,19.0,B03_TLV_CLV,cav,not_applicable,7196.636432997846,3.5,29.99315291756221,0.0028529510157454755,lane_1,mainline,,normal,none,commit
BASIC-03,basic_01_06_900_bugcheck_20260605,191,19.1,B03_MV,cav,not_applicable,6840.9832595132275,-3.5,8.34030853615666,-0.0029063345097192442,on_ramp,on_ramp_mv,,normal,not_started,commit
BASIC-03,basic_01_06_900_bugcheck_20260605,191,19.1,B03_CLV,cav,not_applicable,7206.009468648292,0.0,29.996054729877436,0.0016438625510687645,lane_2,mainline,,normal,none,commit
BASIC-03,basic_01_06_900_bugcheck_20260605,191,19.1,B03_CFV,cav,not_applicable,7163.666946138662,0.0,30.013994750852618,0.7918277284656886,lane_2,mainline,,normal,none,commit
BASIC-03,basic_01_06_900_bugcheck_20260605,191,19.1,B03_TLV_CFV,cav,not_applicable,7157.248791770031,3.5,29.95860073535161,0.09128796228081293,lane_1,mainline,,normal,none,commit
BASIC-03,basic_01_06_900_bugcheck_20260605,191,19.1,B03_TLV_CLV,cav,not_applicable,7199.635775677932,3.5,29.993426800859723,0.002738832975116168,lane_1,mainline,,normal,none,commit
BASIC-03,basic_01_06_900_bugcheck_20260605,192,19.200000000000003,B03_MV,cav,not_applicable,6841.817262466032,-3.5,8.340029528043727,-0.0027900811293307018,on_ramp,on_ramp_mv,,normal,not_started,commit
BASIC-03,basic_01_06_900_bugcheck_20260605,192,19.200000000000003,B03_CLV,cav,not_applicable,7209.00908990236,0.0,29.99621254068234,0.0015781080490256728,lane_2,mainline,,normal,none,commit
BASIC-03,basic_01_06_900_bugcheck_20260605,192,19.200000000000003,B03_CFV,cav,not_applicable,7166.663915113344,0.0,29.96968974681799,-0.4430500403462547,lane_2,mainline,,normal,none,commit
BASIC-03,basic_01_06_900_bugcheck_20260605,192,19.200000000000003,B03_TLV_CFV,cav,not_applicable,7160.252671472348,3.5,30.038797023174585,0.8019628782297561,lane_1,mainline,,normal,none,commit
BASIC-03,basic_01_06_900_bugcheck_20260605,192,19.200000000000003,B03_TLV_CLV,cav,not_applicable,7202.635144650814,3.5,29.993689728825334,0.0026292796561108393,lane_1,mainline,,normal,none,commit
BASIC-03,basic_01_06_900_bugcheck_20260605,193,19.300000000000004,B03_MV,cav,not_applicable,6842.651238634057,-3.5,8.339761680255311,-0.00267847788415736,on_ramp,on_ramp_mv,,normal,not_started,commit
BASIC-03,basic_01_06_900_bugcheck_20260605,193,19.300000000000004,B03_CLV,cav,not_applicable,7212.008726306265,0.0,29.996364039055045,0.0015149837270641343,lane_2,mainline,,normal,none,commit
BASIC-03,basic_01_06_900_bugcheck_20260605,193,19.300000000000004,B03_CFV,cav,not_applicable,7169.664531860423,0.0,30.006167470789663,0.36477723971670073,lane_2,mainline,,normal,none,commit
BASIC-03,basic_01_06_900_bugcheck_20260605,193,19.300000000000004,B03_TLV_CFV,cav,not_applicable,7163.252203598215,3.5,29.99532125866611,-0.434757645084745,lane_1,mainline,,normal,none,commit
BASIC-03,basic_01_06_900_bugcheck_20260605,193,19.300000000000004,B03_TLV_CLV,cav,not_applicable,7205.6345388647815,3.5,29.99394213967232,0.0025241084698663487,lane_1,mainline,,normal,none,commit
BASIC-03,basic_01_06_900_bugcheck_20260605,194,19.400000000000006,B03_MV,cav,not_applicable,6843.485189088695,-3.5,8.339504546378432,-0.00257133876879081,on_ramp,on_ramp_mv,,normal,not_started,commit
BASIC-03,basic_01_06_900_bugcheck_20260605,194,19.400000000000006,B03_CLV,cav,not_applicable,7215.008377254015,0.0,29.996509477492843,0.00145438437798191,lane_2,mainline,,normal,none,commit
BASIC-03,basic_01_06_900_bugcheck_20260605,194,19.400000000000006,B03_CFV,cav,not_applicable,7172.657224057645,0.0,29.92692197222103,-0.7924549856863357,lane_2,mainline,,normal,none,commit
BASIC-03,basic_01_06_900_bugcheck_20260605,194,19.400000000000006,B03_TLV_CFV,cav,not_applicable,7166.255451343349,3.5,30.032477451340995,0.37156192674884503,lane_1,mainline,,normal,none,commit
BASIC-03,basic_01_06_900_bugcheck_20260605,194,19.400000000000006,B03_TLV_CLV,cav,not_applicable,7208.63395731019,3.5,29.994184454085428,0.0024231441310718083,lane_1,mainline,,normal,none,commit
BASIC-03,basic_01_06_900_bugcheck_20260605,195,19.500000000000007,B03_MV,cav,not_applicable,6844.31911485848,-3.5,8.339257697856628,-0.0024684852180392627,on_ramp,on_ramp_mv,,normal,not_started,commit
BASIC-03,basic_01_06_900_bugcheck_20260605,195,19.500000000000007,B03_CLV,cav,not_applicable,7218.008042163854,0.0,29.996649098393128,0.0013962090028627472,lane_2,mainline,,normal,none,commit
BASIC-03,basic_01_06_900_bugcheck_20260605,195,19.500000000000007,B03_CFV,cav,not_applicable,7175.65070525953,0.0,29.934812018846696,0.0789004662566345,lane_2,mainline,,normal,none,commit
BASIC-03,basic_01_06_900_bugcheck_20260605,195,19.500000000000007,B03_TLV_CFV,cav,not_applicable,7169.250830049702,3.5,29.953787063529536,-0.7869038781145813,lane_1,mainline,,normal,none,commit
BASIC-03,basic_01_06_900_bugcheck_20260605,195,19.500000000000007,B03_TLV_CLV,cav,not_applicable,7211.633399017783,3.5,29.994417075922012,0.002326218365828936,lane_1,mainline,,normal,none,commit
BASIC-03,basic_01_06_900_bugcheck_20260605,196,19.60000000000001,B03_MV,cav,not_applicable,6845.153016930808,-3.5,8.339020723275695,-0.0023697458093174363,on_ramp,on_ramp_mv,,normal,not_started,commit
BASIC-03,basic_01_06_900_bugcheck_20260605,196,19.60000000000001,B03_CLV,cav,not_applicable,7221.0077204773,0.0,29.996783134457402,0.0013403606427488059,lane_2,mainline,,normal,none,commit
BASIC-03,basic_01_06_900_bugcheck_20260605,196,19.60000000000001,B03_CFV,cav,not_applicable,7178.6521047379565,0.0,30.013994784267695,0.7918276542099737,lane_2,mainline,,normal,none,commit
BASIC-03,basic_01_06_900_bugcheck_20260605,196,19.60000000000001,B03_TLV_CFV,cav,not_applicable,7172.247043178871,3.5,29.962131291683797,0.08344228154261535,lane_1,mainline,,normal,none,commit
BASIC-03,basic_01_06_900_bugcheck_20260605,196,19.60000000000001,B03_TLV_CLV,cav,not_applicable,7214.6328630570715,3.5,29.99464039288513,0.002233169631195153,lane_1,mainline,,normal,none,commit
BASIC-03,basic_01_06_900_bugcheck_20260605,197,19.70000000000001,B03_MV,cav,not_applicable,6845.986896253576,-3.5,8.338793227678,-0.0022749559769444263,on_ramp,on_ramp_mv,,normal,not_started,commit
BASIC-03,basic_01_06_900_bugcheck_20260605,197,19.70000000000001,B03_CLV,cav,not_applicable,7224.007411658207,0.0,29.996911809079105,0.001286746217039081,lane_2,mainline,,normal,none,commit
BASIC-03,basic_01_06_900_bugcheck_20260605,197,19.70000000000001,B03_CFV,cav,not_applicable,7181.649073715373,0.0,29.9696897741576,-0.44305010110093057,lane_2,mainline,,normal,none,commit
BASIC-03,basic_01_06_900_bugcheck_20260605,197,19.70000000000001,B03_TLV_CFV,cav,not_applicable,7175.251211744888,3.5,30.04168566017365,0.7955436848985035,lane_1,mainline,,normal,none,commit
BASIC-03,basic_01_06_900_bugcheck_20260605,197,19.70000000000001,B03_TLV_CLV,cav,not_applicable,7217.632348534788,3.5,29.994854777169724,0.0021438428459475745,lane_1,mainline,,normal,none,commit
BASIC-03,basic_01_06_900_bugcheck_20260605,198,19.80000000000001,B03_MV,cav,not_applicable,6846.820753736766,-3.5,8.338574831904213,-0.0021839577378663932,on_ramp,on_ramp_mv,,normal,not_started,commit
BASIC-03,basic_01_06_900_bugcheck_20260605,198,19.80000000000001,B03_CLV,cav,not_applicable,7227.007115191879,0.0,29.99703533671594,0.0012352763683580294,lane_2,mainline,,normal,none,commit
BASIC-03,basic_01_06_900_bugcheck_20260605,198,19.80000000000001,B03_CFV,cav,not_applicable,7184.649690464688,0.0,30.006167493158433,0.3647771900083296,lane_2,mainline,,normal,none,commit
BASIC-03,basic_01_06_900_bugcheck_20260605,198,19.80000000000001,B03_TLV_CFV,cav,not_applicable,7178.250980213782,3.5,29.997684688938072,-0.4400097123557699,lane_1,mainline,,normal,none,commit
BASIC-03,basic_01_06_900_bugcheck_20260605,198,19.80000000000001,B03_TLV_CLV,cav,not_applicable,7220.631854593396,3.5,29.995060586082936,0.002058089132110297,lane_1,mainline,,normal,none,commit
BASIC-03,basic_01_06_900_bugcheck_20260605,199,19.900000000000013,B03_MV,cav,not_applicable,6847.654590253962,-3.5,8.338365171961378,-0.0020965994283514535,on_ramp,on_ramp_mv,,normal,not_started,commit
BASIC-03,basic_01_06_900_bugcheck_20260605,199,19.900000000000013,B03_CLV,cav,not_applicable,7230.006830584204,0.0,29.9971539232473,0.0011858653136243903,lane_2,mainline,,normal,none,commit
BASIC-03,basic_01_06_900_bugcheck_20260605,199,19.900000000000013,B03_CFV,cav,not_applicable,7187.642382663741,0.0,29.92692199052275,-0.7924550263568212,lane_2,mainline,,normal,none,commit
BASIC-03,basic_01_06_900_bugcheck_20260605,199,19.900000000000013,B03_TLV_CFV,cav,not_applicable,7181.254421330484,3.5,30.034411167018053,0.36726478079982466,lane_1,mainline,,normal,none,commit
BASIC-03,basic_01_06_900_bugcheck_20260605,199,19.900000000000013,B03_TLV_CLV,cav,not_applicable,7223.631380409661,3.5,29.99525816263962,0.001975765566825771,lane_1,mainline,,normal,none,commit
BASIC-03,basic_01_06_900_bugcheck_20260605,200,20.000000000000014,B03_MV,cav,not_applicable,6848.4884066438035,-3.5,8.338163898416257,-0.0020127354512176512,on_ramp,on_ramp_mv,,normal,not_started,commit
BASIC-03,basic_01_06_900_bugcheck_20260605,200,20.000000000000014,B03_CLV,cav,not_applicable,7233.006557360836,0.0,29.997267766317407,0.00113843070108004,lane_2,mainline,,normal,none,commit
BASIC-03,basic_01_06_900_bugcheck_20260605,200,20.000000000000014,B03_CFV,cav,not_applicable,7190.635863867123,0.0,29.93481203382083,0.07890043298078275,lane_2,mainline,,normal,none,commit
BASIC-03,basic_01_06_900_bugcheck_20260605,200,20.000000000000014,B03_TLV_CFV,cav,not_applicable,7184.249958249938,3.5,29.95536919453804,-0.7904197248001434,lane_1,mainline,,normal,none,commit
BASIC-03,basic_01_06_900_bugcheck_20260605,200,20.000000000000014,B03_TLV_CLV,cav,not_applicable,7226.630925193274,3.5,29.995447836134034,0.0018967349441524563,lane_1,mainline,,normal,none,commit
BASIC-03,basic_01_06_900_bugcheck_20260605,201,20.100000000000016,B03_MV,cav,not_applicable,6849.322203711385,-3.5,8.33797067581294,-0.0019322260331691155,on_ramp,on_ramp_mv,,normal,not_started,commit
BASIC-03,basic_01_06_900_bugcheck_20260605,201,20.100000000000016,B03_CLV,cav,not_applicable,7236.006295066402,0.0,29.99737705566471,0.001092893473037293,lane_2,mainline,,normal,none,commit
BASIC-03,basic_01_06_900_bugcheck_20260605,201,20.100000000000016,B03_CFV,cav,not_applicable,7193.6372633467745,0.0,30.013994796519256,0.7918276269842768,lane_2,mainline,,normal,none,commit
BASIC-03,basic_01_06_900_bugcheck_20260605,201,20.100000000000016,B03_TLV_CFV,cav,not_applicable,7187.246300826188,3.5,29.963425762508937,0.08056567970897366,lane_1,mainline,,normal,none,commit
BASIC-03,basic_01_06_900_bugcheck_20260605,201,20.100000000000016,B03_TLV_CLV,cav,not_applicable,7229.630488185543,3.5,29.99562992268867,0.0018208655463865854,lane_1,mainline,,normal,none,commit
BASIC-03,basic_01_06_900_bugcheck_20260605,202,20.200000000000017,B03_MV,cav,not_applicable,6850.155982229596,-3.5,8.337785182113755,-0.001854936991842493,on_ramp,on_ramp_mv,,normal,not_started,commit
BASIC-03,basic_01_06_900_bugcheck_20260605,202,20.200000000000017,B03_CLV,cav,not_applicable,7239.0060432637465,0.0,29.997481973438124,0.0010491777341158583,lane_2,mainline,,normal,none,commit
BASIC-03,basic_01_06_900_bugcheck_20260605,202,20.200000000000017,B03_CFV,cav,not_applicable,7196.634232325193,0.0,29.969689784181607,-0.44305012337650074,lane_2,mainline,,normal,none,commit
BASIC-03,basic_01_06_900_bugcheck_20260605,202,20.200000000000017,B03_TLV_CFV,cav,not_applicable,7190.250575303455,3.5,30.042744772666943,0.7931901015800694,lane_1,mainline,,normal,none,commit
BASIC-03,basic_01_06_900_bugcheck_20260605,202,20.200000000000017,B03_TLV_CLV,cav,not_applicable,7232.630068658121,3.5,29.995804725781124,0.001748030924531463,lane_1,mainline,,normal,none,commit
BASIC-03,basic_01_06_900_bugcheck_20260605,203,20.30000000000002,B03_MV,cav,not_applicable,6850.989742940412,-3.5,8.337607108162539,-0.0017807395121685944,on_ramp,on_ramp_mv,,normal,not_started,commit
BASIC-03,basic_01_06_900_bugcheck_20260605,203,20.30000000000002,B03_CLV,cav,not_applicable,7242.005801533197,0.0,29.997582694500597,0.0010072106247505986,lane_2,mainline,,normal,none,commit
BASIC-03,basic_01_06_900_bugcheck_20260605,203,20.30000000000002,B03_CFV,cav,not_applicable,7199.634849075329,0.0,30.006167501359894,0.36477717178286306,lane_2,mainline,,normal,none,commit
BASIC-03,basic_01_06_900_bugcheck_20260605,203,20.30000000000002,B03_TLV_CFV,cav,not_applicable,7193.250430427007,3.5,29.998551235523493,-0.4419353714344886,lane_1,mainline,,normal,none,commit
BASIC-03,basic_01_06_900_bugcheck_20260605,203,20.30000000000002,B03_TLV_CLV,cav,not_applicable,7235.629665911796,3.5,29.99597253674988,0.0016781096875504887,lane_1,mainline,,normal,none,commit
BASIC-03,basic_01_06_900_bugcheck_20260605,204,20.40000000000002,B03_MV,cav,not_applicable,6851.823486556129,-3.5,8.337436157169371,-0.0017095099316819075,on_ramp,on_ramp_mv,,normal,not_started,commit
BASIC-03,basic_01_06_900_bugcheck_20260605,204,20.40000000000002,B03_CLV,cav,not_applicable,7245.005569471869,0.0,29.997679386720574,0.0009669221997611999,lane_2,mainline,,normal,none,commit
BASIC-03,basic_01_06_900_bugcheck_20260605,204,20.40000000000002,B03_CFV,cav,not_applicable,7202.627541275052,0.0,29.926921997233038,-0.7924550412685665,lane_2,mainline,,normal,none,commit
BASIC-03,basic_01_06_900_bugcheck_20260605,204,20.40000000000002,B03_TLV_CFV,cav,not_applicable,7196.253942442975,3.5,30.035120159678854,0.3656892415536003,lane_1,mainline,,normal,none,commit
BASIC-03,basic_01_06_900_bugcheck_20260605,204,20.40000000000002,B03_TLV_CLV,cav,not_applicable,7238.629279275324,3.5,29.996133635279882,0.0016109853000486397,lane_1,mainline,,normal,none,commit
BASIC-03,basic_01_06_900_bugcheck_20260605,205,20.50000000000002,B03_MV,cav,not_applicable,6852.657213760551,-3.5,8.33727204421593,-0.001641129534414887,on_ramp,on_ramp_mv,,normal,not_started,commit
BASIC-03,basic_01_06_900_bugcheck_20260605,205,20.50000000000002,B03_CLV,cav,not_applicable,7248.005346692995,0.0,29.99777221125175,0.0009282453117705814,lane_2,mainline,,normal,none,commit
BASIC-03,basic_01_06_900_bugcheck_20260605,205,20.50000000000002,B03_CFV,cav,not_applicable,7205.621022478983,0.0,29.934812039311065,0.07890042078026382,lane_2,mainline,,normal,none,commit
BASIC-03,basic_01_06_900_bugcheck_20260605,205,20.50000000000002,B03_TLV_CFV,cav,not_applicable,7199.249537370919,3.5,29.95594927944233,-0.7917088023652361,lane_1,mainline,,normal,none,commit
BASIC-03,basic_01_06_900_bugcheck_20260605,205,20.50000000000002,B03_TLV_CLV,cav,not_applicable,7241.6289081043105,3.5,29.996288289868687,0.001546545888047035,lane_1,mainline,,normal,none,commit
BASIC-03,basic_01_06_900_bugcheck_20260605,206,20.600000000000023,B03_MV,cav,not_applicable,6853.490925210129,-3.5,8.337114495780625,-0.0015754843530380925,on_ramp,on_ramp_mv,,normal,not_started,commit
BASIC-03,basic_01_06_900_bugcheck_20260605,206,20.600000000000023,B03_CLV,cav,not_applicable,7251.005132825275,0.0,29.99786132280168,0.0008911154993000991,lane_2,mainline,,normal,none,commit
BASIC-03,basic_01_06_900_bugcheck_20260605,206,20.600000000000023,B03_CFV,cav,not_applicable,7208.622421959084,0.0,30.01399480101127,0.7918276170020341,lane_2,mainline,,normal,none,commit
BASIC-03,basic_01_06_900_bugcheck_20260605,206,20.600000000000023,B03_TLV_CFV,cav,not_applicable,7202.245927408662,3.5,29.96390037743063,0.07951097988298872,lane_1,mainline,,normal,none,commit
BASIC-03,basic_01_06_900_bugcheck_20260605,206,20.600000000000023,B03_TLV_CLV,cav,not_applicable,7244.628551780138,3.5,29.99643675827394,0.0014846840525251537,lane_1,mainline,,normal,none,commit
BASIC-03,basic_01_06_900_bugcheck_20260605,207,20.700000000000024,B03_MV,cav,not_applicable,6854.324621535057,-3.5,8.336963249282734,-0.0015124649789164835,on_ramp,on_ramp_mv,,normal,not_started,commit
BASIC-03,basic_01_06_900_bugcheck_20260605,207,20.700000000000024,B03_CLV,cav,not_applicable,7254.004927512264,0.0,29.997946869889613,0.0008554708793283794,lane_2,mainline,,normal,none,commit
BASIC-03,basic_01_06_900_bugcheck_20260605,207,20.700000000000024,B03_CFV,cav,not_applicable,7211.61939093787,0.0,29.96968978785689,-0.44305013154379025,lane_2,mainline,,normal,none,commit
BASIC-03,basic_01_06_900_bugcheck_20260605,207,20.700000000000024,B03_TLV_CFV,cav,not_applicable,7205.250240718059,3.5,30.04313309396651,0.792327165358809,lane_1,mainline,,normal,none,commit
BASIC-03,basic_01_06_900_bugcheck_20260605,207,20.700000000000024,B03_TLV_CLV,cav,not_applicable,7247.628209708932,3.5,29.996579287942982,0.0014252966904237498,lane_1,mainline,,normal,none,commit
BASIC-03,basic_01_06_900_bugcheck_20260605,208,20.800000000000026,B03_MV,cav,not_applicable,6855.158303340322,-3.5,8.336818052644757,-0.0014519663797599948,on_ramp,on_ramp_mv,,normal,not_started,commit
BASIC-03,basic_01_06_900_bugcheck_20260605,208,20.800000000000026,B03_CLV,cav,not_applicable,7257.004730411773,0.0,29.998028995094028,0.0008212520441546189,lane_2,mainline,,normal,none,commit
BASIC-03,basic_01_06_900_bugcheck_20260605,208,20.800000000000026,B03_CFV,cav,not_applicable,7214.620007688307,0.0,30.006167504366942,0.3647771651005353,lane_2,mainline,,normal,none,commit
BASIC-03,basic_01_06_900_bugcheck_20260605,208,20.800000000000026,B03_TLV_CFV,cav,not_applicable,7208.250127613354,3.5,29.998868952950414,-0.44264141016097447,lane_1,mainline,,normal,none,commit
BASIC-03,basic_01_06_900_bugcheck_20260605,208,20.800000000000026,B03_TLV_CLV,cav,not_applicable,7250.627881320575,3.5,29.99671611642526,0.0013682848228071976,lane_1,mainline,,normal,none,commit
BASIC-03,basic_01_06_900_bugcheck_20260605,209,20.900000000000027,B03_MV,cav,not_applicable,6855.991971206709,-3.5,8.3366786638723,-0.001393887724569254,on_ramp,on_ramp_mv,,normal,not_started,commit
BASIC-03,basic_01_06_900_bugcheck_20260605,209,20.900000000000027,B03_CLV,cav,not_applicable,7260.004541195302,0.0,29.998107835290266,0.0007884019623887184,lane_2,mainline,,normal,none,commit
BASIC-03,basic_01_06_900_bugcheck_20260605,209,20.900000000000027,B03_CFV,cav,not_applicable,7217.612699888276,0.0,29.92692199969335,-0.7924550467359256,lane_2,mainline,,normal,none,commit
BASIC-03,basic_01_06_900_bugcheck_20260605,209,20.900000000000027,B03_TLV_CFV,cav,not_applicable,7211.253665624385,3.5,30.035380110300878,0.3651115735046573,lane_1,mainline,,normal,none,commit
BASIC-03,basic_01_06_900_bugcheck_20260605,209,20.900000000000027,B03_TLV_CLV,cav,not_applicable,7253.627566067752,3.5,29.996847471768252,0.0013135534298953644,lane_1,mainline,,normal,none,commit
BASIC-03,basic_01_06_900_bugcheck_20260605,210,21.00000000000003,B03_MV,cav,not_applicable,6856.825625691775,-3.5,8.336544850650741,-0.0013381322155865405,on_ramp,on_ramp_mv,,normal,not_started,commit
BASIC-03,basic_01_06_900_bugcheck_20260605,210,21.00000000000003,B03_CLV,cav,not_applicable,7263.00435954749,0.0,29.998183521878655,0.0007568658838934539,lane_2,mainline,,normal,none,commit
BASIC-03,basic_01_06_900_bugcheck_20260605,210,21.00000000000003,B03_CFV,cav,not_applicable,7220.606181092408,0.0,29.934812041324047,0.07890041630697009,lane_2,mainline,,normal,none,commit
BASIC-03,basic_01_06_900_bugcheck_20260605,210,21.00000000000003,B03_TLV_CFV,cav,not_applicable,7214.249281821016,3.5,29.956161966314895,-0.7921814398598258,lane_1,mainline,,normal,none,commit
BASIC-03,basic_01_06_900_bugcheck_20260605,210,21.00000000000003,B03_TLV_CLV,cav,not_applicable,7256.627263425042,3.5,29.99697357289752,0.0012610112926992657,lane_1,mainline,,normal,none,commit
BASIC-03,basic_01_06_900_bugcheck_20260605,211,21.10000000000003,B03_MV,cav,not_applicable,6857.6592673307705,-3.5,8.336416389958044,-0.0012846069269627947,on_ramp,on_ramp_mv,,normal,not_started,commit
BASIC-03,basic_01_06_900_bugcheck_20260605,211,21.10000000000003,B03_CLV,cav,not_applicable,7266.004185165591,0.0,29.99825618100351,0.000726591248538,lane_2,mainline,,normal,none,commit
BASIC-03,basic_01_06_900_bugcheck_20260605,211,21.10000000000003,B03_CFV,cav,not_applicable,7223.607580572674,0.0,30.013994802658253,0.7918276133420664,lane_2,mainline,,normal,none,commit
BASIC-03,basic_01_06_900_bugcheck_20260605,211,21.10000000000003,B03_TLV_CFV,cav,not_applicable,7217.245689260412,3.5,29.964074393962726,0.07912427647832443,lane_1,mainline,,normal,none,commit
BASIC-03,basic_01_06_900_bugcheck_20260605,211,21.10000000000003,B03_TLV_CLV,cav,not_applicable,7259.62697288804,3.5,29.997094629981618,0.0012105708409919204,lane_1,mainline,,normal,none,commit
BASIC-03,basic_01_06_900_bugcheck_20260605,212,21.20000000000003,B03_MV,cav,not_applicable,6858.49289663754,-3.5,8.336293067693056,-0.0012332226498841692,on_ramp,on_ramp_mv,,normal,not_started,commit
BASIC-03,basic_01_06_900_bugcheck_20260605,212,21.20000000000003,B03_CLV,cav,not_applicable,7269.004017758967,0.0,29.99832593376337,0.0006975275985965368,lane_2,mainline,,normal,none,commit
BASIC-03,basic_01_06_900_bugcheck_20260605,212,21.20000000000003,B03_CFV,cav,not_applicable,7226.604549551595,0.0,29.969689789204423,-0.4430501345383092,lane_2,mainline,,normal,none,commit
BASIC-03,basic_01_06_900_bugcheck_20260605,212,21.20000000000003,B03_TLV_CFV,cav,not_applicable,7220.250016807525,3.5,30.043275471129135,0.7920107716640836,lane_1,mainline,,normal,none,commit
BASIC-03,basic_01_06_900_bugcheck_20260605,212,21.20000000000003,B03_TLV_CLV,cav,not_applicable,7262.626693972518,3.5,29.99721084478235,0.0011621480073529256,lane_1,mainline,,normal,none,commit
BASIC-03,basic_01_06_900_bugcheck_20260605,213,21.300000000000033,B03_MV,cav,not_applicable,6859.326514105372,-3.5,8.336174678318667,-0.0011838937438888308,on_ramp,on_ramp_mv,,normal,not_started,commit
BASIC-03,basic_01_06_900_bugcheck_20260605,213,21.300000000000033,B03_CLV,cav,not_applicable,7272.003857048609,0.0,29.998392896412835,0.0006696264946526754,lane_2,mainline,,normal,none,commit
BASIC-03,basic_01_06_900_bugcheck_20260605,213,21.300000000000033,B03_CFV,cav,not_applicable,7229.605166302142,0.0,30.00616750546947,0.36477716265047433,lane_2,mainline,,normal,none,commit
BASIC-03,basic_01_06_900_bugcheck_20260605,213,21.300000000000033,B03_TLV_CFV,cav,not_applicable,7223.24991535186,3.5,29.998985443356197,-0.4429002777293861,lane_1,mainline,,normal,none,commit
BASIC-03,basic_01_06_900_bugcheck_20260605,213,21.300000000000033,B03_TLV_CLV,cav,not_applicable,7265.626426213617,3.5,29.997322410991057,0.001115662087059377,lane_1,mainline,,normal,none,commit
BASIC-03,basic_01_06_900_bugcheck_20260605,214,21.400000000000034,B03_MV,cav,not_applicable,6860.160120207824,-3.5,8.336061024519253,-0.0011365379941331356,on_ramp,on_ramp_mv,,normal,not_started,commit
BASIC-03,basic_01_06_900_bugcheck_20260605,214,21.400000000000034,B03_CLV,cav,not_applicable,7275.003702766664,0.0,29.998457180556322,0.0006428414348661704,lane_2,mainline,,normal,none,commit
BASIC-03,basic_01_06_900_bugcheck_20260605,214,21.400000000000034,B03_CFV,cav,not_applicable,7232.597858502201,0.0,29.926922000595418,-0.7924550487405209,lane_2,mainline,,normal,none,commit
BASIC-03,basic_01_06_900_bugcheck_20260605,214,21.400000000000034,B03_TLV_CFV,cav,not_applicable,7226.253462893924,3.5,30.035475420632885,0.36489977276686597,lane_1,mainline,,normal,none,commit
BASIC-03,basic_01_06_900_bugcheck_20260605,214,21.400000000000034,B03_TLV_CLV,cav,not_applicable,7268.6261691650725,3.5,29.997429514551413,0.0010710356035772862,lane_1,mainline,,normal,none,commit
BASIC-03,basic_01_06_900_bugcheck_20260605,215,21.500000000000036,B03_MV,cav,not_applicable,6860.993715399511,-3.5,8.335951916871817,-0.0010910764743677249,on_ramp,on_ramp_mv,,normal,not_started,commit
BASIC-03,basic_01_06_900_bugcheck_20260605,215,21.500000000000036,B03_CLV,cav,not_applicable,7278.0035546559975,0.0,29.99851889333407,0.0006171277774711826,lane_2,mainline,,normal,none,commit
BASIC-03,basic_01_06_900_bugcheck_20260605,215,21.500000000000036,B03_CFV,cav,not_applicable,7235.591339706408,0.0,29.934812042062102,0.07890041466684661,lane_2,mainline,,normal,none,commit
BASIC-03,basic_01_06_900_bugcheck_20260605,215,21.500000000000036,B03_TLV_CFV,cav,not_applicable,7229.249086888673,3.5,29.95623994749563,-0.7923547313725641,lane_1,mainline,,normal,none,commit
BASIC-03,basic_01_06_900_bugcheck_20260605,215,21.500000000000036,B03_TLV_CLV,cav,not_applicable,7271.62592239847,3.5,29.997532333969357,0.0010281941794346495,lane_1,mainline,,normal,none,commit
BASIC-03,basic_01_06_900_bugcheck_20260605,216,21.600000000000037,B03_MV,cav,not_applicable,6861.827300116864,-3.5,8.335847173530277,-0.0010474334153933284,on_ramp,on_ramp_mv,,normal,not_started,commit
BASIC-03,basic_01_06_900_bugcheck_20260605,216,21.600000000000037,B03_CLV,cav,not_applicable,7281.003412469758,0.0,29.998578137600706,0.0005924426663725058,lane_2,mainline,,normal,none,commit
BASIC-03,basic_01_06_900_bugcheck_20260605,216,21.600000000000037,B03_CFV,cav,not_applicable,7238.592739186734,0.0,30.01399480326212,0.7918276120001473,lane_2,mainline,,normal,none,commit
BASIC-03,basic_01_06_900_bugcheck_20260605,216,21.600000000000037,B03_TLV_CFV,cav,not_applicable,7232.245500708348,3.5,29.964138196746966,0.07898249251335676,lane_1,mainline,,normal,none,commit
BASIC-03,basic_01_06_900_bugcheck_20260605,216,21.600000000000037,B03_TLV_CLV,cav,not_applicable,7274.625685502531,3.5,29.99763104061058,0.0009870664122573203,lane_1,mainline,,normal,none,commit
BASIC-03,basic_01_06_900_bugcheck_20260605,217,21.70000000000004,B03_MV,cav,not_applicable,6862.660874778856,-3.5,8.3357466199224,-0.001005536078777425,on_ramp,on_ramp_mv,,normal,not_started,commit
BASIC-03,basic_01_06_900_bugcheck_20260605,217,21.70000000000004,B03_CLV,cav,not_applicable,7284.0032759709675,0.0,29.998635012096678,0.0005687449597175487,lane_2,mainline,,normal,none,commit
BASIC-03,basic_01_06_900_bugcheck_20260605,217,21.70000000000004,B03_CFV,cav,not_applicable,7241.589708165704,0.0,29.969689789698496,-0.44305013563624307,lane_2,mainline,,normal,none,commit
BASIC-03,basic_01_06_900_bugcheck_20260605,217,21.70000000000004,B03_TLV_CFV,cav,not_applicable,7235.249833475689,3.5,30.04332767340715,0.7918947666018373,lane_1,mainline,,normal,none,commit
BASIC-03,basic_01_06_900_bugcheck_20260605,217,21.70000000000004,B03_TLV_CLV,cav,not_applicable,7277.62545808243,3.5,29.99772579898616,0.0009475837557673117,lane_1,mainline,,normal,none,commit
BASIC-03,basic_01_06_900_bugcheck_20260605,218,21.80000000000004,B03_MV,cav,not_applicable,6863.494439787702,-3.5,8.335650088458838,-0.0009653146356264132,on_ramp,on_ramp_mv,,normal,not_started,commit
BASIC-03,basic_01_06_900_bugcheck_20260605,218,21.80000000000004,B03_CLV,cav,not_applicable,7287.003144932129,0.0,29.99868961161281,0.0005459951613289605,lane_2,mainline,,normal,none,commit
BASIC-03,basic_01_06_900_bugcheck_20260605,218,21.80000000000004,B03_CFV,cav,not_applicable,7244.590324916291,0.0,30.006167505873712,0.3647771617521648,lane_2,mainline,,normal,none,commit
BASIC-03,basic_01_06_900_bugcheck_20260605,218,21.80000000000004,B03_TLV_CFV,cav,not_applicable,7238.24973629112,3.5,29.999028154310935,-0.442995190962133,lane_1,mainline,,normal,none,commit
BASIC-03,basic_01_06_900_bugcheck_20260605,218,21.80000000000004,B03_TLV_CLV,cav,not_applicable,7280.6252397591325,3.5,29.997816767026713,0.0009096804055360509,lane_1,mainline,,normal,none,commit
BASIC-03,basic_01_06_900_bugcheck_20260605,219,21.90000000000004,B03_MV,cav,not_applicable,6864.327995529527,-3.5,8.335557418253817,-0.0009267020502015555,on_ramp,on_ramp_mv,,normal,not_started,commit
BASIC-03,basic_01_06_900_bugcheck_20260605,219,21.90000000000004,B03_CLV,cav,not_applicable,7290.003019134843,0.0,29.9987420271483,0.0005241553548756883,lane_2,mainline,,normal,none,commit
BASIC-03,basic_01_06_900_bugcheck_20260605,219,21.90000000000004,B03_CFV,cav,not_applicable,7247.583017116383,0.0,29.92692200092616,-0.7924550494755015,lane_2,mainline,,normal,none,commit
BASIC-03,basic_01_06_900_bugcheck_20260605,219,21.90000000000004,B03_TLV_CFV,cav,not_applicable,7241.253287327716,3.5,30.03551036595949,0.3648221164855276,lane_1,mainline,,normal,none,commit
BASIC-03,basic_01_06_900_bugcheck_20260605,219,21.90000000000004,B03_TLV_CLV,cav,not_applicable,7283.625030168767,3.5,29.997904096345643,0.0008732931893149498,lane_1,mainline,,normal,none,commit
BASIC-03,basic_01_06_900_bugcheck_20260605,220,22.000000000000043,B03_MV,cav,not_applicable,6865.161542375013,-3.5,8.335468454856997,-0.0008896339681932375,on_ramp,on_ramp_mv,,normal,not_started,commit
BASIC-03,basic_01_06_900_bugcheck_20260605,220,22.000000000000043,B03_CLV,cav,not_applicable,7293.002898369449,0.0,29.998792346062366,0.0005031891406801492,lane_2,mainline,,normal,none,commit
BASIC-03,basic_01_06_900_bugcheck_20260605,220,22.000000000000043,B03_CFV,cav,not_applicable,7250.576498320616,0.0,29.934812042332712,0.07890041406549886,lane_2,mainline,,normal,none,commit
BASIC-03,basic_01_06_900_bugcheck_20260605,220,22.000000000000043,B03_TLV_CFV,cav,not_applicable,7244.248914181629,3.5,29.956268539126487,-0.7924182683300228,lane_1,mainline,,normal,none,commit
BASIC-03,basic_01_06_900_bugcheck_20260605,220,22.000000000000043,B03_TLV_CLV,cav,not_applicable,7286.624828962016,3.5,29.997987932491817,0.0008383614617429203,lane_1,mainline,,normal,none,commit
BASIC-03,basic_01_06_900_bugcheck_20260605,221,22.100000000000044,B03_MV,cav,not_applicable,6865.9950806800125,-3.5,8.33538304999605,-0.0008540486094652522,on_ramp,on_ramp_mv,,normal,not_started,commit
BASIC-03,basic_01_06_900_bugcheck_20260605,221,22.100000000000044,B03_CLV,cav,not_applicable,7296.002782434672,0.0,29.998840652219872,0.00048306157505351166,lane_2,mainline,,normal,none,commit
BASIC-03,basic_01_06_900_bugcheck_20260605,221,22.100000000000044,B03_CFV,cav,not_applicable,7253.577897800965,0.0,30.013994803483527,0.7918276115081354,lane_2,mainline,,normal,none,commit
BASIC-03,basic_01_06_900_bugcheck_20260605,221,22.100000000000044,B03_TLV_CFV,cav,not_applicable,7247.245330340618,3.5,29.964161589899486,0.07893050772998145,lane_1,mainline,,normal,none,commit
BASIC-03,basic_01_06_900_bugcheck_20260605,221,22.100000000000044,B03_TLV_CLV,cav,not_applicable,7289.624635803535,3.5,29.998068415192144,0.0008048270032730898,lane_1,mainline,,normal,none,commit
BASIC-03,basic_01_06_900_bugcheck_20260605,222,22.200000000000045,B03_MV,cav,not_applicable,6866.828610786146,-3.5,8.335301061329542,-0.0008198866650865,on_ramp,on_ramp_mv,,normal,not_started,commit
BASIC-03,basic_01_06_900_bugcheck_20260605,222,22.200000000000045,B03_CLV,cav,not_applicable,7299.002671137285,0.0,29.998887026131076,0.000463739112051087,lane_2,mainline,,normal,none,commit
BASIC-03,basic_01_06_900_bugcheck_20260605,222,22.200000000000045,B03_CFV,cav,not_applicable,7256.574866779953,0.0,29.96968978987965,-0.4430501360387983,lane_2,mainline,,normal,none,commit
BASIC-03,basic_01_06_900_bugcheck_20260605,222,22.200000000000045,B03_TLV_CFV,cav,not_applicable,7250.249665021945,3.5,30.043346813259213,0.7918522335972575,lane_1,mainline,,normal,none,commit
BASIC-03,basic_01_06_900_bugcheck_20260605,222,22.200000000000045,B03_TLV_CLV,cav,not_applicable,7292.624450371393,3.5,29.998145678584457,0.0007726339231425073,lane_1,mainline,,normal,none,commit
BASIC-03,basic_01_06_900_bugcheck_20260605,223,22.300000000000047,B03_MV,cav,not_applicable,6867.662133021367,-3.5,8.335222352209694,-0.0007870911984831253,on_ramp,on_ramp_mv,,normal,not_started,commit
BASIC-03,basic_01_06_900_bugcheck_20260605,223,22.300000000000047,B03_CLV,cav,not_applicable,7302.0025642917935,0.0,29.99893154508583,0.0004451895475696688,lane_2,mainline,,normal,none,commit
BASIC-03,basic_01_06_900_bugcheck_20260605,223,22.300000000000047,B03_CFV,cav,not_applicable,7259.575483530555,0.0,30.006167506021928,0.3647771614228015,lane_2,mainline,,normal,none,commit
BASIC-03,basic_01_06_900_bugcheck_20260605,223,22.300000000000047,B03_TLV_CFV,cav,not_applicable,7253.249569403363,3.5,29.999043814189896,-0.44302999069315285,lane_1,mainline,,normal,none,commit
BASIC-03,basic_01_06_900_bugcheck_20260605,223,22.300000000000047,B03_TLV_CLV,cav,not_applicable,7295.624272356537,3.5,29.99821985144108,0.000741728566217148,lane_1,mainline,,normal,none,commit
BASIC-03,basic_01_06_900_bugcheck_20260605,224,22.40000000000005,B03_MV,cav,not_applicable,6868.495647700512,-3.5,8.33514679145464,-0.000755607550544113,on_ramp,on_ramp_mv,,normal,not_started,commit
BASIC-03,basic_01_06_900_bugcheck_20260605,224,22.40000000000005,B03_CLV,cav,not_applicable,7305.002461720122,0.0,29.998974283282397,0.00042738196566745047,lane_2,mainline,,normal,none,commit
BASIC-03,basic_01_06_900_bugcheck_20260605,224,22.40000000000005,B03_CFV,cav,not_applicable,7262.569216796245,0.0,29.937332656901745,-0.6883484912018167,lane_2,mainline,,normal,none,commit
BASIC-03,basic_01_06_900_bugcheck_20260605,224,22.40000000000005,B03_TLV_CFV,cav,not_applicable,7256.253121721222,3.5,30.03552317858773,0.36479364397832953,lane_1,mainline,,normal,none,commit
BASIC-03,basic_01_06_900_bugcheck_20260605,224,22.40000000000005,B03_TLV_CLV,cav,not_applicable,7298.624101462276,3.5,29.998291057383437,0.0007120594235686895,lane_1,mainline,,normal,none,commit
BASIC-03,basic_01_06_900_bugcheck_20260605,225,22.50000000000005,B03_MV,cav,not_applicable,6869.329155125824,-3.5,8.335074253129788,-0.0007253832485226042,on_ramp,on_ramp_mv,,normal,not_started,commit
BASIC-03,basic_01_06_900_bugcheck_20260605,225,22.50000000000005,B03_CLV,cav,not_applicable,7308.002363251317,0.0,29.9990153119511,0.00041028668704115037,lane_2,mainline,,normal,none,commit
BASIC-03,basic_01_06_900_bugcheck_20260605,225,22.50000000000005,B03_CFV,cav,not_applicable,7265.564590847007,0.0,29.953740507621596,0.1640785071985137,lane_2,mainline,,normal,none,commit
BASIC-03,basic_01_06_900_bugcheck_20260605,225,22.50000000000005,B03_TLV_CFV,cav,not_applicable,7259.248749623441,3.5,29.956279022185957,-0.7924415640177302,lane_1,mainline,,normal,none,commit
BASIC-03,basic_01_06_900_bugcheck_20260605,225,22.50000000000005,B03_TLV_CLV,cav,not_applicable,7301.623937403784,3.5,29.9983594150881,0.0006835770466253167,lane_1,mainline,,normal,none,commit
BASIC-03,basic_01_06_900_bugcheck_20260605,226,22.60000000000005,B03_MV,cav,not_applicable,6870.162655587458,-3.5,8.33500461633793,-0.0006963679185815864,on_ramp,on_ramp_mv,,normal,not_started,commit
BASIC-03,basic_01_06_900_bugcheck_20260605,226,22.60000000000005,B03_CLV,cav,not_applicable,7311.002268721264,0.0,29.999054699473056,0.0003938752195594475,lane_2,mainline,,normal,none,commit
BASIC-03,basic_01_06_900_bugcheck_20260605,226,22.60000000000005,B03_CFV,cav,not_applicable,7268.568580085555,0.0,30.03989238548329,0.8615187786169658,lane_2,mainline,,normal,none,commit
BASIC-03,basic_01_06_900_bugcheck_20260605,226,22.60000000000005,B03_TLV_CFV,cav,not_applicable,7262.245166640136,3.5,29.964170166948144,0.07891144762185709,lane_1,mainline,,normal,none,commit
BASIC-03,basic_01_06_900_bugcheck_20260605,226,22.60000000000005,B03_TLV_CLV,cav,not_applicable,7304.6237799076325,3.5,29.998425038484577,0.0006562339647601334,lane_1,mainline,,normal,none,commit
BASIC-03,basic_01_06_900_bugcheck_20260605,227,22.700000000000053,B03_MV,cav,not_applicable,6870.99614936396,-3.5,8.334937765017745,-0.0006685132018382945,on_ramp,on_ramp_mv,,normal,not_started,commit
BASIC-03,basic_01_06_900_bugcheck_20260605,227,22.700000000000053,B03_CLV,cav,not_applicable,7314.002177972414,0.0,29.999092511494133,0.0003781202107774107,lane_2,mainline,,normal,none,commit
BASIC-03,basic_01_06_900_bugcheck_20260605,227,22.700000000000053,B03_CFV,cav,not_applicable,7271.568709023201,0.0,30.00128937646104,-0.38603009022248247,lane_2,mainline,,normal,none,commit
BASIC-03,basic_01_06_900_bugcheck_20260605,227,22.700000000000053,B03_TLV_CFV,cav,not_applicable,7265.24950202322,3.5,30.043353830844477,0.7918366389633377,lane_1,mainline,,normal,none,commit
BASIC-03,basic_01_06_900_bugcheck_20260605,227,22.700000000000053,B03_TLV_CLV,cav,not_applicable,7307.623628711327,3.5,29.998488036945194,0.000629984606169387,lane_1,mainline,,normal,none,commit
BASIC-03,basic_01_06_900_bugcheck_20260605,228,22.800000000000054,B03_MV,cav,not_applicable,6871.829636722735,-3.5,8.33487358775037,-0.000641772673764507,on_ramp,on_ramp_mv,,normal,not_started,commit
BASIC-03,basic_01_06_900_bugcheck_20260605,228,22.800000000000054,B03_CLV,cav,not_applicable,7317.002090853517,0.0,29.999128811034367,0.0003629954023466553,lane_2,mainline,,normal,none,commit
BASIC-03,basic_01_06_900_bugcheck_20260605,228,22.800000000000054,B03_CFV,cav,not_applicable,7274.57295226011,0.0,30.0424323690792,0.4114299261816053,lane_2,mainline,,normal,none,commit
BASIC-03,basic_01_06_900_bugcheck_20260605,228,22.800000000000054,B03_TLV_CFV,cav,not_applicable,7268.249406978805,3.5,29.99904955585057,-0.4430427499390873,lane_1,mainline,,normal,none,commit
BASIC-03,basic_01_06_900_bugcheck_20260605,228,22.800000000000054,B03_TLV_CLV,cav,not_applicable,7310.623483562874,3.5,29.998548515467387,0.0006047852219225547,lane_1,mainline,,normal,none,commit
BASIC-03,basic_01_06_900_bugcheck_20260605,229,22.900000000000055,B03_MV,cav,not_applicable,6872.663117920492,-3.5,8.334811977573688,-0.0006161017668141256,on_ramp,on_ramp_mv,,normal,not_started,commit
BASIC-03,basic_01_06_900_bugcheck_20260605,229,22.900000000000055,B03_CLV,cav,not_applicable,7320.0020072193765,0.0,29.99916365859299,0.00034847558625301646,lane_2,mainline,,normal,none,commit
BASIC-03,basic_01_06_900_bugcheck_20260605,229,22.900000000000055,B03_CFV,cav,not_applicable,7277.569652650959,0.0,29.96700390849406,-0.7542846058514139,lane_2,mainline,,normal,none,commit
BASIC-03,basic_01_06_900_bugcheck_20260605,229,22.900000000000055,B03_TLV_CFV,cav,not_applicable,7271.252959766436,3.5,30.0355278763101,0.36478320459529223,lane_1,mainline,,normal,none,commit
BASIC-03,basic_01_06_900_bugcheck_20260605,229,22.900000000000055,B03_TLV_CLV,cav,not_applicable,7313.623344220358,3.5,29.998606574848694,0.0005805938130450273,lane_1,mainline,,normal,none,commit
BASIC-03,basic_01_06_900_bugcheck_20260605,230,23.000000000000057,B03_MV,cav,not_applicable,6873.496593203673,-3.5,8.334752831804074,-0.0005914576961416174,on_ramp,on_ramp_mv,,normal,not_started,commit
BASIC-03,basic_01_06_900_bugcheck_20260605,230,23.000000000000057,B03_CLV,cav,not_applicable,7323.001926930601,0.0,29.99919711224927,0.0003345365628035779,lane_2,mainline,,normal,none,commit
BASIC-03,basic_01_06_900_bugcheck_20260605,230,23.000000000000057,B03_CFV,cav,not_applicable,7280.567454349579,0.0,29.978016986197126,0.11013077703066143,lane_2,mainline,,normal,none,commit
BASIC-03,basic_01_06_900_bugcheck_20260605,230,23.000000000000057,B03_TLV_CFV,cav,not_applicable,7274.248588053014,3.5,29.956282865776984,-0.7924501053311245,lane_1,mainline,,normal,none,commit
BASIC-03,basic_01_06_900_bugcheck_20260605,230,23.000000000000057,B03_TLV_CLV,cav,not_applicable,7316.623210451544,3.5,29.998662311854744,0.0005573700605225441,lane_1,mainline,,normal,none,commit
BASIC-03,basic_01_06_900_bugcheck_20260605,231,23.10000000000006,B03_MV,cav,not_applicable,6874.330062808859,-3.5,8.334696051865246,-0.0005677993882962085,on_ramp,on_ramp_mv,,normal,not_started,commit
BASIC-03,basic_01_06_900_bugcheck_20260605,231,23.10000000000006,B03_CLV,cav,not_applicable,7326.001849853377,0.0,29.9992292277593,0.00032115510029200327,lane_2,mainline,,normal,none,commit
BASIC-03,basic_01_06_900_bugcheck_20260605,231,23.10000000000006,B03_CFV,cav,not_applicable,7283.573429845465,0.0,30.05975495886327,0.8173797266614503,lane_2,mainline,,normal,none,commit
BASIC-03,basic_01_06_900_bugcheck_20260605,231,23.10000000000006,B03_TLV_CFV,cav,not_applicable,7277.245005384184,3.5,29.96417331170444,0.0789044592745346,lane_1,mainline,,normal,none,commit
BASIC-03,basic_01_06_900_bugcheck_20260605,231,23.10000000000006,B03_TLV_CLV,cav,not_applicable,7319.623082033482,3.5,29.998715819380553,0.0005350752581023244,lane_1,mainline,,normal,none,commit
BASIC-03,basic_01_06_900_bugcheck_20260605,232,23.20000000000006,B03_MV,cav,not_applicable,6875.1635269631715,-3.5,8.334641543123968,-0.0005450874127646444,on_ramp,on_ramp_mv,,normal,not_started,commit
BASIC-03,basic_01_06_900_bugcheck_20260605,232,23.20000000000006,B03_CLV,cav,not_applicable,7329.001775859242,0.0,29.99926005864893,0.000308308896279641,lane_2,mainline,,normal,none,commit
BASIC-03,basic_01_06_900_bugcheck_20260605,232,23.20000000000006,B03_CFV,cav,not_applicable,7286.575183902752,0.0,30.017540572862842,-0.42214386000426785,lane_2,mainline,,normal,none,commit
BASIC-03,basic_01_06_900_bugcheck_20260605,232,23.20000000000006,B03_TLV_CFV,cav,not_applicable,7280.249341024567,3.5,30.043356403826902,0.7918309212246193,lane_1,mainline,,normal,none,commit
BASIC-03,basic_01_06_900_bugcheck_20260605,232,23.20000000000006,B03_TLV_CLV,cav,not_applicable,7322.622958752143,3.5,29.99876718660533,0.0005136722477786293,lane_1,mainline,,normal,none,commit
BASIC-03,basic_01_06_900_bugcheck_20260605,233,23.30000000000006,B03_MV,cav,not_applicable,6875.996985884644,-3.5,8.334589214732343,-0.0005232839162538028,on_ramp,on_ramp_mv,,normal,not_started,commit
BASIC-03,basic_01_06_900_bugcheck_20260605,233,23.30000000000006,B03_CLV,cav,not_applicable,7332.001704824873,0.0,29.99928965630297,0.00029597654042845534,lane_2,mainline,,normal,none,commit
BASIC-03,basic_01_06_900_bugcheck_20260605,233,23.30000000000006,B03_CFV,cav,not_applicable,7289.580756783002,0.0,30.055728802498855,0.38188229636014454,lane_2,mainline,,normal,none,commit
BASIC-03,basic_01_06_900_bugcheck_20260605,233,23.30000000000006,B03_TLV_CFV,cav,not_applicable,7283.249246190669,3.5,29.999051661018008,-0.4430474280889478,lane_1,mainline,,normal,none,commit
BASIC-03,basic_01_06_900_bugcheck_20260605,233,23.30000000000006,B03_TLV_CLV,cav,not_applicable,7325.622840402057,3.5,29.998816499141117,0.000493125357867541,lane_1,mainline,,normal,none,commit
BASIC-03,basic_01_06_900_bugcheck_20260605,234,23.400000000000063,B03_MV,cav,not_applicable,6876.830439782592,-3.5,8.334538979476383,-0.0005023525596037359,on_ramp,on_ramp_mv,,normal,not_started,commit
BASIC-03,basic_01_06_900_bugcheck_20260605,234,23.400000000000063,B03_CLV,cav,not_applicable,7335.001636631878,0.0,29.99931807005085,0.00028413747881188555,lane_2,mainline,,normal,none,commit
BASIC-03,basic_01_06_900_bugcheck_20260605,234,23.400000000000063,B03_CFV,cav,not_applicable,7292.578545063858,0.0,29.977882808564686,-0.7784599393416999,lane_2,mainline,,normal,none,commit
BASIC-03,basic_01_06_900_bugcheck_20260605,234,23.400000000000063,B03_TLV_CFV,cav,not_applicable,7286.25279915054,3.5,30.035529598719823,0.3647793770181337,lane_1,mainline,,normal,none,commit
BASIC-03,basic_01_06_900_bugcheck_20260605,234,23.400000000000063,B03_TLV_CLV,cav,not_applicable,7328.622726785974,3.5,29.998863839175474,0.0004734003435530099,lane_1,mainline,,normal,none,commit
BASIC-03,basic_01_06_900_bugcheck_20260605,235,23.500000000000064,B03_MV,cav,not_applicable,6877.6638888579555,-3.5,8.33449075363066,-0.0004822584572195865,on_ramp,on_ramp_mv,,normal,not_started,commit
BASIC-03,basic_01_06_900_bugcheck_20260605,235,23.500000000000064,B03_CLV,cav,not_applicable,7338.001571166603,0.0,29.999345347248816,0.00027277197965958067,lane_2,mainline,,normal,none,commit
BASIC-03,basic_01_06_900_bugcheck_20260605,235,23.500000000000064,B03_CFV,cav,not_applicable,7295.577236854301,0.0,29.98691790443673,0.09035095872042742,lane_2,mainline,,normal,none,commit
BASIC-03,basic_01_06_900_bugcheck_20260605,235,23.500000000000064,B03_TLV_CFV,cav,not_applicable,7289.2484275780425,3.5,29.956284275021307,-0.7924532369851633,lane_1,mainline,,normal,none,commit
BASIC-03,basic_01_06_900_bugcheck_20260605,235,23.500000000000064,B03_TLV_CLV,cav,not_applicable,7331.6226177145345,3.5,29.998909285608455,0.0004544643298103779,lane_1,mainline,,normal,none,commit
BASIC-03,basic_01_06_900_bugcheck_20260605,236,23.600000000000065,B03_MV,cav,not_applicable,6878.497333303638,-3.5,8.334444456818767,-0.0004629681189307178,on_ramp,on_ramp_mv,,normal,not_started,commit
BASIC-03,basic_01_06_900_bugcheck_20260605,236,23.600000000000065,B03_CLV,cav,not_applicable,7341.001508319939,0.0,29.999371533358865,0.00026186110047348165,lane_2,mainline,,normal,none,commit
BASIC-03,basic_01_06_900_bugcheck_20260605,236,23.600000000000065,B03_CFV,cav,not_applicable,7298.5839406071345,0.0,30.067037528332037,0.801196238953077,lane_2,mainline,,normal,none,commit
BASIC-03,basic_01_06_900_bugcheck_20260605,236,23.600000000000065,B03_TLV_CFV,cav,not_applicable,7292.244845024515,3.5,29.96417446472252,0.07890189701213912,lane_1,mainline,,normal,none,commit
BASIC-03,basic_01_06_900_bugcheck_20260605,236,23.600000000000065,B03_TLV_CLV,cav,not_applicable,7334.622513005953,3.5,29.998952914184116,0.0004362857566178491,lane_1,mainline,,normal,none,commit
BASIC-03,basic_01_06_900_bugcheck_20260605,237,23.700000000000067,B03_MV,cav,not_applicable,6879.330773304826,-3.5,8.33440001187935,-0.0004444493941733185,on_ramp,on_ramp_mv,,normal,not_started,commit
BASIC-03,basic_01_06_900_bugcheck_20260605,237,23.700000000000067,B03_CLV,cav,not_applicable,7344.001447987142,0.0,29.99939667202451,0.0002513866564541445,lane_2,mainline,,normal,none,commit
BASIC-03,basic_01_06_900_bugcheck_20260605,237,23.700000000000067,B03_CFV,cav,not_applicable,7301.586290511013,0.0,30.023499038791833,-0.43538489540202785,lane_2,mainline,,normal,none,commit
BASIC-03,basic_01_06_900_bugcheck_20260605,237,23.700000000000067,B03_TLV_CFV,cav,not_applicable,7295.249180759235,3.5,30.043357347205333,0.7918288248281138,lane_1,mainline,,normal,none,commit
BASIC-03,basic_01_06_900_bugcheck_20260605,237,23.700000000000067,B03_TLV_CLV,cav,not_applicable,7337.622412485714,3.5,29.998994797616753,0.00041883432635358986,lane_1,mainline,,normal,none,commit
BASIC-03,basic_01_06_900_bugcheck_20260605,238,23.800000000000068,B03_MV,cav,not_applicable,6880.1642090393,-3.5,8.334357344737509,-0.0004266714184062437,on_ramp,on_ramp_mv,,normal,not_started,commit
BASIC-03,basic_01_06_900_bugcheck_20260605,238,23.800000000000068,B03_CLV,cav,not_applicable,7347.001390067656,0.0,29.99942080514353,0.0002413311901960924,lane_2,mainline,,normal,none,commit
BASIC-03,basic_01_06_900_bugcheck_20260605,238,23.800000000000068,B03_CFV,cav,not_applicable,7304.592350902112,0.0,30.060603910986213,0.37104872194379546,lane_2,mainline,,normal,none,commit
BASIC-03,basic_01_06_900_bugcheck_20260605,238,23.800000000000068,B03_TLV_CFV,cav,not_applicable,7298.249086002523,3.5,29.99905243287309,-0.4430491433224524,lane_1,mainline,,normal,none,commit
BASIC-03,basic_01_06_900_bugcheck_20260605,238,23.800000000000068,B03_TLV_CLV,cav,not_applicable,7340.622315986286,3.5,29.999035005712084,0.00040208095329887785,lane_1,mainline,,normal,none,commit
BASIC-03,basic_01_06_900_bugcheck_20260605,239,23.90000000000007,B03_MV,cav,not_applicable,6880.997640677728,-3.5,8.334316384281342,-0.00040960456166985184,on_ramp,on_ramp_mv,,normal,not_started,commit
BASIC-03,basic_01_06_900_bugcheck_20260605,239,23.90000000000007,B03_CLV,cav,not_applicable,7350.00133446495,0.0,29.999443972937787,0.0002316779425882487,lane_2,mainline,,normal,none,commit
BASIC-03,basic_01_06_900_bugcheck_20260605,239,23.90000000000007,B03_CFV,cav,not_applicable,7307.590538055481,0.0,29.981871533690704,-0.7873237729550764,lane_2,mainline,,normal,none,commit
BASIC-03,basic_01_06_900_bugcheck_20260605,239,23.90000000000007,B03_TLV_CFV,cav,not_applicable,7301.252639025546,3.5,30.035530230237615,0.36477797364526626,lane_1,mainline,,normal,none,commit
BASIC-03,basic_01_06_900_bugcheck_20260605,239,23.90000000000007,B03_TLV_CLV,cav,not_applicable,7343.622223346834,3.5,29.999073605483602,0.00038599771516629745,lane_1,mainline,,normal,none,commit
BASIC-03,basic_01_06_900_bugcheck_20260605,240,24.00000000000007,B03_MV,cav,not_applicable,6881.831068383952,-3.5,8.334277062243421,-0.00039322037920328515,on_ramp,on_ramp_mv,,normal,not_started,commit
BASIC-03,basic_01_06_900_bugcheck_20260605,240,24.00000000000007,B03_CLV,cav,not_applicable,7353.001281086352,0.0,29.999466214020273,0.00022241082488534404,lane_2,mainline,,normal,none,commit
BASIC-03,basic_01_06_900_bugcheck_20260605,240,24.00000000000007,B03_CFV,cav,not_applicable,7310.589556196162,0.0,29.99018140681256,0.08309873121857392,lane_2,mainline,,normal,none,commit
BASIC-03,basic_01_06_900_bugcheck_20260605,240,24.00000000000007,B03_TLV_CFV,cav,not_applicable,7304.248267504718,3.5,29.95628479171768,-0.7924543851993275,lane_1,mainline,,normal,none,commit
BASIC-03,basic_01_06_900_bugcheck_20260605,240,24.00000000000007,B03_TLV_CLV,cav,not_applicable,7346.622134412961,3.5,29.999110661264258,0.00037055780655919084,lane_1,mainline,,normal,none,commit
BASIC-03,basic_01_06_900_bugcheck_20260605,241,24.100000000000072,B03_MV,cav,not_applicable,6882.664492315261,-3.5,8.334239313087018,-0.0003774915640349264,on_ramp,on_ramp_mv,,normal,not_started,commit
BASIC-03,basic_01_06_900_bugcheck_20260605,241,24.100000000000072,B03_CLV,cav,not_applicable,7356.001229842897,0.0,29.99948756545946,0.0002135143918906124,lane_2,mainline,,normal,none,commit
BASIC-03,basic_01_06_900_bugcheck_20260605,241,24.100000000000072,B03_CFV,cav,not_applicable,7313.596526962827,0.0,30.069707666639534,0.7952625982697423,lane_2,mainline,,normal,none,commit
BASIC-03,basic_01_06_900_bugcheck_20260605,241,24.100000000000072,B03_TLV_CFV,cav,not_applicable,7307.244684993465,3.5,29.9641748874741,0.07890095756418658,lane_1,mainline,,normal,none,commit
BASIC-03,basic_01_06_900_bugcheck_20260605,241,24.100000000000072,B03_TLV_CLV,cav,not_applicable,7349.622049036442,3.5,29.999146234813686,0.0003557354942969937,lane_1,mainline,,normal,none,commit
BASIC-03,basic_01_06_900_bugcheck_20260605,242,24.200000000000074,B03_MV,cav,not_applicable,6883.497912622651,-3.5,8.334203073896871,-0.00036239190147355774,on_ramp,on_ramp_mv,,normal,not_started,commit
BASIC-03,basic_01_06_900_bugcheck_20260605,242,24.200000000000074,B03_CLV,cav,not_applicable,7359.001180649181,0.0,29.999508062841084,0.00020497381621567003,lane_2,mainline,,normal,none,commit
BASIC-03,basic_01_06_900_bugcheck_20260605,242,24.200000000000074,B03_CFV,cav,not_applicable,7316.599095332567,0.0,30.025683697407057,-0.44023969232475624,lane_2,mainline,,normal,none,commit
BASIC-03,basic_01_06_900_bugcheck_20260605,242,24.200000000000074,B03_TLV_CFV,cav,not_applicable,7310.249020762774,3.5,30.04335769309299,0.79182805618888,lane_1,mainline,,normal,none,commit
BASIC-03,basic_01_06_900_bugcheck_20260605,242,24.200000000000074,B03_TLV_CLV,cav,not_applicable,7352.621967074984,3.5,29.999180385421138,0.00034150607452545503,lane_1,mainline,,normal,none,commit
BASIC-03,basic_01_06_900_bugcheck_20260605,243,24.300000000000075,B03_MV,cav,not_applicable,6884.331329451078,-3.5,8.33416828427433,-0.0003478962254149565,on_ramp,on_ramp_mv,,normal,not_started,commit
BASIC-03,basic_01_06_900_bugcheck_20260605,243,24.300000000000075,B03_CLV,cav,not_applicable,7362.001133423214,0.0,29.99952774032744,0.00019677486356641796,lane_2,mainline,,normal,none,commit
BASIC-03,basic_01_06_900_bugcheck_20260605,243,24.300000000000075,B03_CFV,cav,not_applicable,7319.6053344684615,0.0,30.062391358944122,0.36707661537065406,lane_2,mainline,,normal,none,commit
BASIC-03,basic_01_06_900_bugcheck_20260605,243,24.300000000000075,B03_TLV_CFV,cav,not_applicable,7313.248926034362,3.5,29.99905271587208,-0.44304977220909814,lane_1,mainline,,normal,none,commit
BASIC-03,basic_01_06_900_bugcheck_20260605,243,24.300000000000075,B03_TLV_CLV,cav,not_applicable,7355.621888391985,3.5,29.999213170004293,0.0003278458315449484,lane_1,mainline,,normal,none,commit
BASIC-03,basic_01_06_900_bugcheck_20260605,244,24.400000000000077,B03_MV,cav,not_applicable,6885.164742939702,-3.5,8.33413488623669,-0.0003339803763985572,on_ramp,on_ramp_mv,,normal,not_started,commit
BASIC-03,basic_01_06_900_bugcheck_20260605,244,24.400000000000077,B03_CLV,cav,not_applicable,7365.001088086286,0.0,29.99954663071434,0.00018890386902370437,lane_2,mainline,,normal,none,commit
BASIC-03,basic_01_06_900_bugcheck_20260605,244,24.400000000000077,B03_CFV,cav,not_applicable,7322.603667867573,0.0,29.98333399111081,-0.7905736783331012,lane_2,mainline,,normal,none,commit
BASIC-03,basic_01_06_900_bugcheck_20260605,244,24.400000000000077,B03_TLV_CFV,cav,not_applicable,7316.25247908054,3.5,30.035530461782244,0.36477745910164705,lane_1,mainline,,normal,none,commit
BASIC-03,basic_01_06_900_bugcheck_20260605,244,24.400000000000077,B03_TLV_CLV,cav,not_applicable,7358.621812856305,3.5,29.999244643204122,0.00031473199828297994,lane_1,mainline,,normal,none,commit
BASIC-03,basic_01_06_900_bugcheck_20260605,245,24.500000000000078,B03_MV,cav,not_applicable,6885.998153222114,-3.5,8.334102824120556,-0.00032062116134241593,on_ramp,on_ramp_mv,,normal,not_started,commit
BASIC-03,basic_01_06_900_bugcheck_20260605,245,24.500000000000078,B03_CLV,cav,not_applicable,7368.001044562834,0.0,29.99956476548577,0.00018134771426332464,lane_2,mainline,,normal,none,commit
BASIC-03,basic_01_06_900_bugcheck_20260605,245,24.500000000000078,B03_CFV,cav,not_applicable,7325.602805663862,0.0,29.991377962883558,0.08043971772746272,lane_2,mainline,,normal,none,commit
BASIC-03,basic_01_06_900_bugcheck_20260605,245,24.500000000000078,B03_TLV_CFV,cav,not_applicable,7319.248107578656,3.5,29.95628498116329,-0.7924548061895614,lane_1,mainline,,normal,none,commit
BASIC-03,basic_01_06_900_bugcheck_20260605,245,24.500000000000078,B03_TLV_CLV,cav,not_applicable,7361.621740342052,3.5,29.999274857475957,0.00030214271835120603,lane_1,mainline,,normal,none,commit
BASIC-03,basic_01_06_900_bugcheck_20260605,246,24.60000000000008,B03_MV,cav,not_applicable,6886.831560426563,-3.5,8.334072044489067,-0.0003077963148889751,on_ramp,on_ramp_mv,,normal,not_started,commit
BASIC-03,basic_01_06_900_bugcheck_20260605,246,24.60000000000008,B03_CLV,cav,not_applicable,7371.001002780321,0.0,29.999582174866337,0.00017409380569262113,lane_2,mainline,,normal,none,commit
BASIC-03,basic_01_06_900_bugcheck_20260605,246,24.60000000000008,B03_CFV,cav,not_applicable,7328.609874330567,0.0,30.07068666706126,0.793087041777015,lane_2,mainline,,normal,none,commit
BASIC-03,basic_01_06_900_bugcheck_20260605,246,24.60000000000008,B03_TLV_CFV,cav,not_applicable,7322.244525082904,3.5,29.964175042475052,0.07890061311763163,lane_1,mainline,,normal,none,commit
BASIC-03,basic_01_06_900_bugcheck_20260605,246,24.60000000000008,B03_TLV_CLV,cav,not_applicable,7364.62167072837,3.5,29.99930386317692,0.0002900570096173283,lane_1,mainline,,normal,none,commit
BASIC-03,basic_01_06_900_bugcheck_20260605,247,24.70000000000008,B03_MV,cav,not_applicable,6887.664964676167,-3.5,8.334042496042839,-0.0002954844622934161,on_ramp,on_ramp_mv,,normal,not_started,commit
BASIC-03,basic_01_06_900_bugcheck_20260605,247,24.70000000000008,B03_CLV,cav,not_applicable,7374.000962669108,0.0,29.999598887871684,0.0001671300534653142,lane_2,mainline,,normal,none,commit
BASIC-03,basic_01_06_900_bugcheck_20260605,247,24.70000000000008,B03_CFV,cav,not_applicable,7331.612522800343,0.0,30.026484697752107,-0.4420196930915332,lane_2,mainline,,normal,none,commit
BASIC-03,basic_01_06_900_bugcheck_20260605,247,24.70000000000008,B03_TLV_CFV,cav,not_applicable,7325.2488608648955,3.5,30.04335781991195,0.7918277743689713,lane_1,mainline,,normal,none,commit
BASIC-03,basic_01_06_900_bugcheck_20260605,247,24.70000000000008,B03_TLV_CLV,cav,not_applicable,7367.621603899235,3.5,29.999331708649844,0.0002784547292321804,lane_1,mainline,,normal,none,commit
BASIC-03,basic_01_06_900_bugcheck_20260605,248,24.800000000000082,B03_MV,cav,not_applicable,6888.49836608912,-3.5,8.33401412953446,-0.0002836650838020205,on_ramp,on_ramp_mv,,normal,not_started,commit
BASIC-03,basic_01_06_900_bugcheck_20260605,248,24.800000000000082,B03_CLV,cav,not_applicable,7377.000924162344,0.0,29.999614932356817,0.00016044485132624687,lane_2,mainline,,normal,none,commit
BASIC-03,basic_01_06_900_bugcheck_20260605,248,24.800000000000082,B03_CFV,cav,not_applicable,7334.618827472629,0.0,30.0630467228628,0.3656202511069274,lane_2,mainline,,normal,none,commit
BASIC-03,basic_01_06_900_bugcheck_20260605,248,24.800000000000082,B03_TLV_CFV,cav,not_applicable,7328.2487661468585,3.5,29.999052819633047,-0.4430500027890234,lane_1,mainline,,normal,none,commit
BASIC-03,basic_01_06_900_bugcheck_20260605,248,24.800000000000082,B03_TLV_CLV,cav,not_applicable,7370.621539743265,3.5,29.99935844030385,0.00026731654006226794,lane_1,mainline,,normal,none,commit
BASIC-03,basic_01_06_900_bugcheck_20260605,249,24.900000000000084,B03_MV,cav,not_applicable,6889.331764778889,-3.5,8.333986897686414,-0.0002723184804501955,on_ramp,on_ramp_mv,,normal,not_started,commit
BASIC-03,basic_01_06_900_bugcheck_20260605,249,24.900000000000084,B03_CLV,cav,not_applicable,7380.00088719585,0.0,29.999630335062545,0.00015402705727325384,lane_2,mainline,,normal,none,commit
BASIC-03,basic_01_06_900_bugcheck_20260605,249,24.900000000000084,B03_CFV,cav,not_applicable,7337.617214492425,0.0,29.98387019795337,-0.7917652490943321,lane_2,mainline,,normal,none,commit
BASIC-03,basic_01_06_900_bugcheck_20260605,249,24.900000000000084,B03_TLV_CFV,cav,not_applicable,7331.252319201526,3.5,30.03553054667758,0.3647772704453445,lane_1,mainline,,normal,none,commit
BASIC-03,basic_01_06_900_bugcheck_20260605,249,24.900000000000084,B03_TLV_CLV,cav,not_applicable,7373.621478153535,3.5,29.999384102691696,0.0002566238784595498,lane_1,mainline,,normal,none,commit
BASIC-03,basic_01_06_900_bugcheck_20260605,250,25.000000000000085,B03_MV,cav,not_applicable,6890.1651608544,-3.5,8.33396075511229,-0.0002614257412318466,on_ramp,on_ramp_mv,,normal,not_started,commit
BASIC-03,basic_01_06_900_bugcheck_20260605,250,25.000000000000085,B03_CLV,cav,not_applicable,7383.000851708016,0.0,29.99964512166004,0.00014786597498215315,lane_2,mainline,,normal,none,commit
BASIC-03,basic_01_06_900_bugcheck_20260605,250,25.000000000000085,B03_CFV,cav,not_applicable,7340.616396160182,0.0,29.991816677572924,0.07946479619554658,lane_2,mainline,,normal,none,commit
BASIC-03,basic_01_06_900_bugcheck_20260605,250,25.000000000000085,B03_TLV_CFV,cav,not_applicable,7334.247947706588,3.5,29.95628505062311,-0.792454960544718,lane_1,mainline,,normal,none,commit
BASIC-03,basic_01_06_900_bugcheck_20260605,250,25.000000000000085,B03_TLV_CLV,cav,not_applicable,7376.621419027393,3.5,29.999408738584027,0.00024635892332156576,lane_1,mainline,,normal,none,commit
BASIC-03,basic_01_06_900_bugcheck_20260605,251,25.100000000000087,B03_MV,cav,not_applicable,6890.998554420224,-3.5,8.333935658241131,-0.0002509687115825443,on_ramp,on_ramp_mv,,normal,not_started,commit
BASIC-03,basic_01_06_900_bugcheck_20260605,251,25.100000000000087,B03_CLV,cav,not_applicable,7386.000817639695,0.0,29.99965931679364,0.0001419513359834923,lane_2,mainline,,normal,none,commit
BASIC-03,basic_01_06_900_bugcheck_20260605,251,25.100000000000087,B03_CFV,cav,not_applicable,7343.6235007217265,0.0,30.07104561544347,0.7922893787054472,lane_2,mainline,,normal,none,commit
BASIC-03,basic_01_06_900_bugcheck_20260605,251,25.100000000000087,B03_TLV_CFV,cav,not_applicable,7337.244365216518,3.5,29.964175099305812,0.07890048682704898,lane_1,mainline,,normal,none,commit
BASIC-03,basic_01_06_900_bugcheck_20260605,251,25.100000000000087,B03_TLV_CLV,cav,not_applicable,7379.621362266297,3.5,29.999432389040667,0.00023650456638932838,lane_1,mainline,,normal,none,commit
BASIC-03,basic_01_06_900_bugcheck_20260605,252,25.200000000000088,B03_MV,cav,not_applicable,6891.831945576748,-3.5,8.333911565244819,-0.0002409299631189299,on_ramp,on_ramp_mv,,normal,not_started,commit
BASIC-03,basic_01_06_900_bugcheck_20260605,252,25.200000000000088,B03_CLV,cav,not_applicable,7389.000784934107,0.0,29.999672944121894,0.0001362732825441526,lane_2,mainline,,normal,none,commit
BASIC-03,basic_01_06_900_bugcheck_20260605,252,25.200000000000088,B03_CFV,cav,not_applicable,7346.626178560005,0.0,30.0267783827921,-0.4426723265137249,lane_2,mainline,,normal,none,commit
BASIC-03,basic_01_06_900_bugcheck_20260605,252,25.200000000000088,B03_TLV_CFV,cav,not_applicable,7340.248701003159,3.5,30.043357866409846,0.7918276710403128,lane_1,mainline,,normal,none,commit
BASIC-03,basic_01_06_900_bugcheck_20260605,252,25.200000000000088,B03_TLV_CLV,cav,not_applicable,7382.621307775645,3.5,29.99945509347904,0.00022704438373324367,lane_1,mainline,,normal,none,commit
BASIC-03,basic_01_06_900_bugcheck_20260605,253,25.30000000000009,B03_MV,cav,not_applicable,6892.665334420345,-3.5,8.33388843596836,-0.00023129276459386006,on_ramp,on_ramp_mv,,normal,not_started,commit
BASIC-03,basic_01_06_900_bugcheck_20260605,253,25.30000000000009,B03_CLV,cav,not_applicable,7392.000753536743,0.0,29.99968602635702,0.00013082235124244336,lane_2,mainline,,normal,none,commit
BASIC-03,basic_01_06_900_bugcheck_20260605,253,25.30000000000009,B03_CFV,cav,not_applicable,7349.632507261068,0.0,30.063287010622794,0.3650862783069524,lane_2,mainline,,normal,none,commit
BASIC-03,basic_01_06_900_bugcheck_20260605,253,25.30000000000009,B03_TLV_CFV,cav,not_applicable,7343.248606288927,3.5,29.99905285767678,-0.4430500873306531,lane_1,mainline,,normal,none,commit
BASIC-03,basic_01_06_900_bugcheck_20260605,253,25.30000000000009,B03_TLV_CLV,cav,not_applicable,7385.621255464619,3.5,29.999476889739878,0.0002179626083844255,lane_1,mainline,,normal,none,commit
BASIC-03,basic_01_06_900_bugcheck_20260605,254,25.40000000000009,B03_MV,cav,not_applicable,6893.498721043531,-3.5,8.33386623186296,-0.00022204105401044672,on_ramp,on_ramp_mv,,normal,not_started,commit
BASIC-03,basic_01_06_900_bugcheck_20260605,254,25.40000000000009,B03_CLV,cav,not_applicable,7395.000723395274,0.0,29.99969858530274,0.00012558945719263193,lane_2,mainline,,normal,none,commit
BASIC-03,basic_01_06_900_bugcheck_20260605,254,25.40000000000009,B03_CFV,cav,not_applicable,7352.630913940771,0.0,29.984066797029726,-0.7922021359306752,lane_2,mainline,,normal,none,commit
BASIC-03,basic_01_06_900_bugcheck_20260605,254,25.40000000000009,B03_TLV_CFV,cav,not_applicable,7346.252159346707,3.5,30.035530577804273,0.36477720127492025,lane_1,mainline,,normal,none,commit
BASIC-03,basic_01_06_900_bugcheck_20260605,254,25.40000000000009,B03_TLV_CLV,cav,not_applicable,7388.621205246034,3.5,29.99949781415028,0.00020924410404887794,lane_1,mainline,,normal,none,commit
BASIC-03,basic_01_06_900_bugcheck_20260605,255,25.500000000000092,B03_MV,cav,not_applicable,6894.332105535123,-3.5,8.333844915921775,-0.00021315941185022781,on_ramp,on_ramp_mv,,normal,not_started,commit
BASIC-03,basic_01_06_900_bugcheck_20260605,255,25.500000000000092,B03_CLV,cav,not_applicable,7398.0006944594625,0.0,29.99971064189063,0.00012056587890469929,lane_2,mainline,,normal,none,commit
BASIC-03,basic_01_06_900_bugcheck_20260605,255,25.500000000000092,B03_CFV,cav,not_applicable,7355.630111693908,0.0,29.99197753136267,0.07910734332944758,lane_2,mainline,,normal,none,commit
BASIC-03,basic_01_06_900_bugcheck_20260605,255,25.500000000000092,B03_TLV_CFV,cav,not_applicable,7349.247787854316,3.5,29.956285076090403,-0.7924550171387015,lane_1,mainline,,normal,none,commit
BASIC-03,basic_01_06_900_bugcheck_20260605,255,25.500000000000092,B03_TLV_CLV,cav,not_applicable,7391.621157036193,3.5,29.99951790158427,0.00020087433988749128,lane_1,mainline,,normal,none,commit
BASIC-03,basic_01_06_900_bugcheck_20260605,256,25.600000000000094,B03_MV,cav,not_applicable,6895.1654879803855,-3.5,8.333824452618238,-0.00020463303537638923,on_ramp,on_ramp_mv,,normal,not_started,commit
BASIC-03,basic_01_06_900_bugcheck_20260605,256,25.600000000000094,B03_CLV,cav,not_applicable,7401.000666681084,0.0,29.999722216215005,0.00011574324374805656,lane_2,mainline,,normal,none,commit
BASIC-03,basic_01_06_900_bugcheck_20260605,256,25.600000000000094,B03_CFV,cav,not_applicable,7358.6372294162165,0.0,30.071177223089627,0.791996917269548,lane_2,mainline,,normal,none,commit
BASIC-03,basic_01_06_900_bugcheck_20260605,256,25.600000000000094,B03_TLV_CFV,cav,not_applicable,7352.24420536633,3.5,29.96417512014269,0.0789004405228807,lane_1,mainline,,normal,none,commit
BASIC-03,basic_01_06_900_bugcheck_20260605,256,25.600000000000094,B03_TLV_CLV,cav,not_applicable,7394.621110754745,3.5,29.9995371855209,0.00019283936629221898,lane_1,mainline,,normal,none,commit
BASIC-03,basic_01_06_900_bugcheck_20260605,257,25.700000000000095,B03_MV,cav,not_applicable,6895.99886846117,-3.5,8.333804807846843,-0.00019644771396158946,on_ramp,on_ramp_mv,,normal,not_started,commit
BASIC-03,basic_01_06_900_bugcheck_20260605,257,25.700000000000095,B03_CLV,cav,not_applicable,7404.000640013841,0.0,29.999733327566403,0.00011111351399790693,lane_2,mainline,,normal,none,commit
BASIC-03,basic_01_06_900_bugcheck_20260605,257,25.700000000000095,B03_CFV,cav,not_applicable,7361.639918022394,0.0,30.02688606177532,-0.442911613143097,lane_2,mainline,,normal,none,commit
BASIC-03,basic_01_06_900_bugcheck_20260605,257,25.700000000000095,B03_TLV_CFV,cav,not_applicable,7355.248541154676,3.5,30.0433578834582,0.7918276331550842,lane_1,mainline,,normal,none,commit
BASIC-03,basic_01_06_900_bugcheck_20260605,257,25.700000000000095,B03_TLV_CLV,cav,not_applicable,7397.621066324555,3.5,29.999555698100064,0.0001851257916399618,lane_1,mainline,,normal,none,commit
BASIC-03,basic_01_06_900_bugcheck_20260605,258,25.800000000000097,B03_MV,cav,not_applicable,6896.832247056056,-3.5,8.333785948866302,-0.00018858980540343851,on_ramp,on_ramp_mv,,normal,not_started,commit
BASIC-03,basic_01_06_900_bugcheck_20260605,258,25.800000000000097,B03_CLV,cav,not_applicable,7407.000614413288,0.0,29.999743994463746,0.00010666897343867277,lane_2,mainline,,normal,none,commit
BASIC-03,basic_01_06_900_bugcheck_20260605,258,25.800000000000097,B03_CFV,cav,not_applicable,7364.646255533556,0.0,30.063375111609066,0.3648904983374661,lane_2,mainline,,normal,none,commit
BASIC-03,basic_01_06_900_bugcheck_20260605,258,25.800000000000097,B03_TLV_CFV,cav,not_applicable,7358.2484464418385,3.5,29.999052871625434,-0.4430501183276584,lane_1,mainline,,normal,none,commit
BASIC-03,basic_01_06_900_bugcheck_20260605,258,25.800000000000097,B03_TLV_CLV,cav,not_applicable,7400.621023671572,3.5,29.99957347017606,0.00017772075997442017,lane_1,mainline,,normal,none,commit
BASIC-03,basic_01_06_900_bugcheck_20260605,259,25.900000000000098,B03_MV,cav,not_applicable,6897.66562384048,-3.5,8.333767844244983,-0.00018104621318713044,on_ramp,on_ramp_mv,,normal,not_started,commit
BASIC-03,basic_01_06_900_bugcheck_20260605,259,25.900000000000098,B03_CLV,cav,not_applicable,7410.000589836756,0.0,29.999754234685195,0.00010240221450175113,lane_2,mainline,,normal,none,commit
BASIC-03,basic_01_06_900_bugcheck_20260605,259,25.900000000000098,B03_CFV,cav,not_applicable,7367.644669421521,0.0,29.984138879654857,-0.792362319542073,lane_2,mainline,,normal,none,commit
BASIC-03,basic_01_06_900_bugcheck_20260605,259,25.900000000000098,B03_TLV_CFV,cav,not_applicable,7361.251999500761,3.5,30.03553058921681,0.3647771759137341,lane_1,mainline,,normal,none,commit
BASIC-03,basic_01_06_900_bugcheck_20260605,259,25.900000000000098,B03_TLV_CLV,cav,not_applicable,7403.620982724709,3.5,29.999590531369016,0.00017061192957612548,lane_1,mainline,,normal,none,commit
BASIC-03,basic_01_06_900_bugcheck_20260605,260,26.0000000000001,B03_MV,cav,not_applicable,6898.498998886861,-3.5,8.333750463808517,-0.00017380436465970207,on_ramp,on_ramp_mv,,normal,not_started,commit
BASIC-03,basic_01_06_900_bugcheck_20260605,260,26.0000000000001,B03_CLV,cav,not_applicable,7413.000566243286,0.0,29.999764065297786,9.830612592196531e-05,lane_2,mainline,,normal,none,commit
BASIC-03,basic_01_06_900_bugcheck_20260605,260,26.0000000000001,B03_CFV,cav,not_applicable,7370.643873072327,0.0,29.99203650805596,0.07897628401103118,lane_2,mainline,,normal,none,commit
BASIC-03,basic_01_06_900_bugcheck_20260605,260,26.0000000000001,B03_TLV_CFV,cav,not_applicable,7364.247628009303,3.5,29.956285085427933,-0.7924550378887629,lane_1,mainline,,normal,none,commit
BASIC-03,basic_01_06_900_bugcheck_20260605,260,26.0000000000001,B03_TLV_CLV,cav,not_applicable,7406.620943415721,3.5,29.999606910114256,0.0001637874523936489,lane_1,mainline,,normal,none,commit
BASIC-03,basic_01_06_900_bugcheck_20260605,261,26.1000000000001,B03_MV,cav,not_applicable,6899.33237226472,-3.5,8.33373377858951,-0.00016685219007328556,on_ramp,on_ramp_mv,,normal,not_started,commit
BASIC-03,basic_01_06_900_bugcheck_20260605,261,26.1000000000001,B03_CLV,cav,not_applicable,7416.0005435935545,0.0,29.999773502685873,9.437388088571197e-05,lane_2,mainline,,normal,none,commit
BASIC-03,basic_01_06_900_bugcheck_20260605,261,26.1000000000001,B03_CFV,cav,not_applicable,7373.650995620002,0.0,30.071225476747774,0.7918896869181165,lane_2,mainline,,normal,none,commit
BASIC-03,basic_01_06_900_bugcheck_20260605,261,26.1000000000001,B03_TLV_CFV,cav,not_applicable,7367.244045522081,3.5,29.96417512778249,0.07890042354555771,lane_1,mainline,,normal,none,commit
BASIC-03,basic_01_06_900_bugcheck_20260605,261,26.1000000000001,B03_TLV_CLV,cav,not_applicable,7409.620905679092,3.5,29.999622633709684,0.00015723595429761872,lane_1,mainline,,normal,none,commit
BASIC-03,basic_01_06_900_bugcheck_20260605,262,26.200000000000102,B03_MV,cav,not_applicable,6900.165744040798,-3.5,8.333717760779264,-0.00016017810247035414,on_ramp,on_ramp_mv,,normal,not_started,commit
BASIC-03,basic_01_06_900_bugcheck_20260605,262,26.200000000000102,B03_CLV,cav,not_applicable,7419.000521849813,0.0,29.99978256257844,9.059892565090878e-05,lane_2,mainline,,normal,none,commit
BASIC-03,basic_01_06_900_bugcheck_20260605,262,26.200000000000102,B03_CFV,cav,not_applicable,7376.653688174206,0.0,30.026925542041074,-0.4429993470669956,lane_2,mainline,,normal,none,commit
BASIC-03,basic_01_06_900_bugcheck_20260605,262,26.200000000000102,B03_TLV_CFV,cav,not_applicable,7370.248381311052,3.5,30.043357889708943,0.7918276192645473,lane_1,mainline,,normal,none,commit
BASIC-03,basic_01_06_900_bugcheck_20260605,262,26.200000000000102,B03_TLV_CLV,cav,not_applicable,7412.620869451928,3.5,29.999637728361296,0.00015094651612628242,lane_1,mainline,,normal,none,commit
BASIC-03,basic_01_06_900_bugcheck_20260605,263,26.300000000000104,B03_MV,cav,not_applicable,6900.999114279166,-3.5,8.333702383681427,-0.00015377097837188103,on_ramp,on_ramp_mv,,normal,not_started,commit
BASIC-03,basic_01_06_900_bugcheck_20260605,263,26.300000000000104,B03_CLV,cav,not_applicable,7422.000500975821,0.0,29.999791260075302,8.697496862453136e-05,lane_2,mainline,,normal,none,commit
BASIC-03,basic_01_06_900_bugcheck_20260605,263,26.300000000000104,B03_CFV,cav,not_applicable,7379.66002891557,0.0,30.063407413644683,0.36481871603609456,lane_2,mainline,,normal,none,commit
BASIC-03,basic_01_06_900_bugcheck_20260605,263,26.300000000000104,B03_TLV_CFV,cav,not_applicable,7373.248286598726,3.5,29.99905287673968,-0.4430501296926431,lane_1,mainline,,normal,none,commit
BASIC-03,basic_01_06_900_bugcheck_20260605,263,26.300000000000104,B03_TLV_CLV,cav,not_applicable,7415.620834673851,3.5,29.999652219226846,0.00014490865548140165,lane_1,mainline,,normal,none,commit
BASIC-03,basic_01_06_900_bugcheck_20260605,264,26.400000000000105,B03_MV,cav,not_applicable,6901.832483041333,-3.5,8.333687621667503,-0.0001476201392371479,on_ramp,on_ramp_mv,,normal,not_started,commit
BASIC-03,basic_01_06_900_bugcheck_20260605,264,26.400000000000105,B03_CLV,cav,not_applicable,7425.000480936787,0.0,29.99979960967229,8.349596987926589e-05,lane_2,mainline,,normal,none,commit
BASIC-03,basic_01_06_900_bugcheck_20260605,264,26.400000000000105,B03_CFV,cav,not_applicable,7382.65844544643,0.0,29.98416530859309,-0.7924210505159226,lane_2,mainline,,normal,none,commit
BASIC-03,basic_01_06_900_bugcheck_20260605,264,26.400000000000105,B03_TLV_CFV,cav,not_applicable,7376.251839658066,3.5,30.03553059340119,0.3647771666151102,lane_1,mainline,,normal,none,commit
BASIC-03,basic_01_06_900_bugcheck_20260605,264,26.400000000000105,B03_TLV_CLV,cav,not_applicable,7418.620801286897,3.5,29.999666130457772,0.00013911230926169082,lane_1,mainline,,normal,none,commit
BASIC-03,basic_01_06_900_bugcheck_20260605,265,26.500000000000107,B03_MV,cav,not_applicable,6902.665850386346,-3.5,8.333673450134135,-0.00014171533366749144,on_ramp,on_ramp_mv,,normal,not_started,commit
BASIC-03,basic_01_06_900_bugcheck_20260605,265,26.500000000000107,B03_CLV,cav,not_applicable,7428.000461699316,0.0,29.9998076252854,8.015613108369735e-05,lane_2,mainline,,normal,none,commit
BASIC-03,basic_01_06_900_bugcheck_20260605,265,26.500000000000107,B03_CFV,cav,not_applicable,7385.657651259603,0.0,29.992058131732698,0.07892823139606342,lane_2,mainline,,normal,none,commit
BASIC-03,basic_01_06_900_bugcheck_20260605,265,26.500000000000107,B03_TLV_CFV,cav,not_applicable,7379.247468166952,3.5,29.95628508885152,-0.792455045496728,lane_1,mainline,,normal,none,commit
BASIC-03,basic_01_06_900_bugcheck_20260605,265,26.500000000000107,B03_TLV_CLV,cav,not_applicable,7421.620769235421,3.5,29.99967948523946,0.00013354781689116637,lane_1,mainline,,normal,none,commit
BASIC-03,basic_01_06_900_bugcheck_20260605,266,26.600000000000108,B03_MV,cav,not_applicable,6903.499216370893,-3.5,8.333659845462103,-0.00013604672032059285,on_ramp,on_ramp_mv,,normal,not_started,commit
BASIC-03,basic_01_06_900_bugcheck_20260605,266,26.600000000000108,B03_CLV,cav,not_applicable,7431.000443231343,0.0,29.99981532027398,7.694988584034946e-05,lane_2,mainline,,normal,none,commit
BASIC-03,basic_01_06_900_bugcheck_20260605,266,26.600000000000108,B03_CFV,cav,not_applicable,7388.664775576488,0.0,30.07124316884692,0.7918503711422338,lane_2,mainline,,normal,none,commit
BASIC-03,basic_01_06_900_bugcheck_20260605,266,26.600000000000108,B03_TLV_CFV,cav,not_applicable,7382.24388568001,3.5,29.964175130583605,0.07890041732085906,lane_1,mainline,,normal,none,commit
BASIC-03,basic_01_06_900_bugcheck_20260605,266,26.600000000000108,B03_TLV_CLV,cav,not_applicable,7424.620738466004,3.5,29.999692305829882,0.00012820590421540602,lane_1,mainline,,normal,none,commit
BASIC-03,basic_01_06_900_bugcheck_20260605,267,26.70000000000011,B03_MV,cav,not_applicable,6904.332581049391,-3.5,8.333646784976953,-0.0001306048515075986,on_ramp,on_ramp_mv,,normal,not_started,commit
BASIC-03,basic_01_06_900_bugcheck_20260605,267,26.70000000000011,B03_CLV,cav,not_applicable,7434.000425502089,0.0,29.99982270746302,7.38718904074176e-05,lane_2,mainline,,normal,none,commit
BASIC-03,basic_01_06_900_bugcheck_20260605,267,26.70000000000011,B03_CFV,cav,not_applicable,7391.667469578228,0.0,30.02694001739492,-0.44303151451999057,lane_2,mainline,,normal,none,commit
BASIC-03,basic_01_06_900_bugcheck_20260605,267,26.70000000000011,B03_TLV_CFV,cav,not_applicable,7385.24822146921,3.5,30.043357892000767,0.791827614171612,lane_1,mainline,,normal,none,commit
BASIC-03,basic_01_06_900_bugcheck_20260605,267,26.70000000000011,B03_TLV_CLV,cav,not_applicable,7427.620708927363,3.5,29.999704613596688,0.00012307766804724453,lane_1,mainline,,normal,none,commit
BASIC-03,basic_01_06_900_bugcheck_20260605,268,26.80000000000011,B03_MV,cav,not_applicable,6905.165944474082,-3.5,8.333634246911208,-0.0001253806574474936,on_ramp,on_ramp_mv,,normal,not_started,commit
BASIC-03,basic_01_06_900_bugcheck_20260605,268,26.80000000000011,B03_CLV,cav,not_applicable,7437.000408482005,0.0,29.9998297991645,7.09170147914051e-05,lane_2,mainline,,normal,none,commit
BASIC-03,basic_01_06_900_bugcheck_20260605,268,26.80000000000011,B03_CFV,cav,not_applicable,7394.673811503939,0.0,30.063419257116013,0.36479239721091683,lane_2,mainline,,normal,none,commit
BASIC-03,basic_01_06_900_bugcheck_20260605,268,26.80000000000011,B03_TLV_CFV,cav,not_applicable,7388.248126757071,3.5,29.99905287861481,-0.44305013385959013,lane_1,mainline,,normal,none,commit
BASIC-03,basic_01_06_900_bugcheck_20260605,268,26.80000000000011,B03_TLV_CLV,cav,not_applicable,7430.620680570269,3.5,29.99971642905282,0.00011815456132495683,lane_1,mainline,,normal,none,commit
BASIC-03,basic_01_06_900_bugcheck_20260605,269,26.900000000000112,B03_MV,cav,not_applicable,6905.999306695118,-3.5,8.333622210368093,-0.00012036543114959387,on_ramp,on_ramp_mv,,normal,not_started,commit
BASIC-03,basic_01_06_900_bugcheck_20260605,269,26.900000000000112,B03_CLV,cav,not_applicable,7440.000392142724,0.0,29.99983660719792,6.808033419929416e-05,lane_2,mainline,,normal,none,commit
BASIC-03,basic_01_06_900_bugcheck_20260605,269,26.900000000000112,B03_CFV,cav,not_applicable,7397.67222900381,0.0,29.984174998706,-0.7924425841001589,lane_2,mainline,,normal,none,commit
BASIC-03,basic_01_06_900_bugcheck_20260605,269,26.900000000000112,B03_TLV_CFV,cav,not_applicable,7391.251679816564,3.5,30.035530594935388,0.36477716320578996,lane_1,mainline,,normal,none,commit
BASIC-03,basic_01_06_900_bugcheck_20260605,269,26.900000000000112,B03_TLV_CLV,cav,not_applicable,7433.620653347458,3.5,29.999727771890708,0.00011342837887156066,lane_1,mainline,,normal,none,commit
BASIC-03,basic_01_06_900_bugcheck_20260605,270,27.000000000000114,B03_MV,cav,not_applicable,6906.832667760647,-3.5,8.333610655286703,-0.00011555081390355327,on_ramp,on_ramp_mv,,normal,not_started,commit
BASIC-03,basic_01_06_900_bugcheck_20260605,270,27.000000000000114,B03_CLV,cav,not_applicable,7443.000376457016,0.0,29.999843142910002,6.535712083177714e-05,lane_2,mainline,,normal,none,commit
BASIC-03,basic_01_06_900_bugcheck_20260605,270,27.000000000000114,B03_CFV,cav,not_applicable,7400.67143560981,0.0,29.992066060006895,0.07891061300896096,lane_2,mainline,,normal,none,commit
BASIC-03,basic_01_06_900_bugcheck_20260605,270,27.000000000000114,B03_TLV_CFV,cav,not_applicable,7394.247308325575,3.5,29.95628509010677,-0.7924550482861719,lane_1,mainline,,normal,none,commit
BASIC-03,basic_01_06_900_bugcheck_20260605,270,27.000000000000114,B03_TLV_CLV,cav,not_applicable,7436.62062721356,3.5,29.99973866101508,0.00010889124371686876,lane_1,mainline,,normal,none,commit
BASIC-03,basic_01_06_900_bugcheck_20260605,271,27.100000000000115,B03_MV,cav,not_applicable,6907.6660277168885,-3.5,8.333599562408569,-0.0001109287813477522,on_ramp,on_ramp_mv,,normal,not_started,commit
BASIC-03,basic_01_06_900_bugcheck_20260605,271,27.100000000000115,B03_CLV,cav,not_applicable,7446.000361398735,0.0,29.9998494171936,6.27428359990745e-05,lane_2,mainline,,normal,none,commit
BASIC-03,basic_01_06_900_bugcheck_20260605,271,27.100000000000115,B03_CFV,cav,not_applicable,7403.678560575372,0.0,30.071249655616718,0.7918359560982408,lane_2,mainline,,normal,none,commit
BASIC-03,basic_01_06_900_bugcheck_20260605,271,27.100000000000115,B03_TLV_CFV,cav,not_applicable,7397.243725838736,3.5,29.96417513161063,0.07890041503858669,lane_1,mainline,,normal,none,commit
BASIC-03,basic_01_06_900_bugcheck_20260605,271,27.100000000000115,B03_TLV_CLV,cav,not_applicable,7439.620602125017,3.5,29.999749114574477,0.00010453559396808033,lane_1,mainline,,normal,none,commit
BASIC-03,basic_01_06_900_bugcheck_20260605,272,27.200000000000117,B03_MV,cav,not_applicable,6908.499386608213,-3.5,8.33358891324556,-0.00010649163009404106,on_ramp,on_ramp_mv,,normal,not_started,commit
BASIC-03,basic_01_06_900_bugcheck_20260605,272,27.200000000000117,B03_CLV,cav,not_applicable,7449.000346942786,0.0,29.999855440505858,6.023312255933888e-05,lane_2,mainline,,normal,none,commit
BASIC-03,basic_01_06_900_bugcheck_20260605,272,27.200000000000117,B03_CFV,cav,not_applicable,7406.681255107847,0.0,30.026945324752027,-0.4430433086468939,lane_2,mainline,,normal,none,commit
BASIC-03,basic_01_06_900_bugcheck_20260605,272,27.200000000000117,B03_TLV_CFV,cav,not_applicable,7400.24806162802,3.5,30.043357892841062,0.7918276123042982,lane_1,mainline,,normal,none,commit
BASIC-03,basic_01_06_900_bugcheck_20260605,272,27.200000000000117,B03_TLV_CLV,cav,not_applicable,7442.620578040017,3.5,29.999759149991498,0.00010035417020901605,lane_1,mainline,,normal,none,commit
BASIC-03,basic_01_06_900_bugcheck_20260605,273,27.300000000000118,B03_MV,cav,not_applicable,6909.3327444772185,-3.5,8.333578690049071,-0.00010223196489036469,on_ramp,on_ramp_mv,,normal,not_started,commit
BASIC-03,basic_01_06_900_bugcheck_20260605,273,27.300000000000118,B03_CLV,cav,not_applicable,7452.000333065074,0.0,29.999861222885624,5.7823797656908486e-05,lane_2,mainline,,normal,none,commit
BASIC-03,basic_01_06_900_bugcheck_20260605,273,27.300000000000118,B03_CFV,cav,not_applicable,7409.687597467797,0.0,30.0634235994991,0.3647827474707232,lane_2,mainline,,normal,none,commit
BASIC-03,basic_01_06_900_bugcheck_20260605,273,27.300000000000118,B03_TLV_CFV,cav,not_applicable,7403.24796691595,3.5,29.999052879302322,-0.44305013538739235,lane_1,mainline,,normal,none,commit
BASIC-03,basic_01_06_900_bugcheck_20260605,273,27.300000000000118,B03_TLV_CLV,cav,not_applicable,7445.620554918416,3.5,29.999768783991836,9.634000340099647e-05,lane_1,mainline,,normal,none,commit
BASIC-03,basic_01_06_900_bugcheck_20260605,274,27.40000000000012,B03_MV,cav,not_applicable,6910.166101364796,-3.5,8.333568875780442,-9.814268629497747e-05,on_ramp,on_ramp_mv,,normal,not_started,commit
BASIC-03,basic_01_06_900_bugcheck_20260605,274,27.40000000000012,B03_CLV,cav,not_applicable,7455.000319742471,0.0,29.999866773970197,5.551084575046162e-05,lane_2,mainline,,normal,none,commit
BASIC-03,basic_01_06_900_bugcheck_20260605,274,27.40000000000012,B03_CFV,cav,not_applicable,7412.686015322954,0.0,29.984178551564884,-0.7924504793421355,lane_2,mainline,,normal,none,commit
BASIC-03,basic_01_06_900_bugcheck_20260605,274,27.40000000000012,B03_TLV_CFV,cav,not_applicable,7406.2515199755,3.5,30.0355305954979,0.3647771619557699,lane_1,mainline,,normal,none,commit
BASIC-03,basic_01_06_900_bugcheck_20260605,274,27.40000000000012,B03_TLV_CLV,cav,not_applicable,7448.620532721679,3.5,29.999778032632165,9.24864032654682e-05,lane_1,mainline,,normal,none,commit
BASIC-03,basic_01_06_900_bugcheck_20260605,275,27.50000000000012,B03_MV,cav,not_applicable,6910.999457310205,-3.5,8.333559454082557,-9.421697884306469e-05,on_ramp,on_ramp_mv,,normal,not_started,commit
BASIC-03,basic_01_06_900_bugcheck_20260605,275,27.50000000000012,B03_CLV,cav,not_applicable,7458.000306952772,0.0,29.999872103011388,5.3290411921125275e-05,lane_2,mainline,,normal,none,commit
BASIC-03,basic_01_06_900_bugcheck_20260605,275,27.50000000000012,B03_CFV,cav,not_applicable,7415.685222219643,0.0,29.992068966891438,0.07890415326552558,lane_2,mainline,,normal,none,commit
BASIC-03,basic_01_06_900_bugcheck_20260605,275,27.50000000000012,B03_TLV_CFV,cav,not_applicable,7409.247148484556,3.5,29.956285090567008,-0.7924550493089155,lane_1,mainline,,normal,none,commit
BASIC-03,basic_01_06_900_bugcheck_20260605,275,27.50000000000012,B03_TLV_CLV,cav,not_applicable,7451.620511412812,3.5,29.99978691132688,8.878694713416736e-05,lane_1,mainline,,normal,none,commit
BASIC-03,basic_01_06_900_bugcheck_20260605,276,27.600000000000122,B03_MV,cav,not_applicable,6911.83281235113,-3.5,8.333550409252588,-9.044829968942737e-05,on_ramp,on_ramp_mv,,normal,not_started,commit
BASIC-03,basic_01_06_900_bugcheck_20260605,276,27.600000000000122,B03_CLV,cav,not_applicable,7461.000294674661,0.0,29.999877218890934,5.115879544490554e-05,lane_2,mainline,,normal,none,commit
BASIC-03,basic_01_06_900_bugcheck_20260605,276,27.600000000000122,B03_CFV,cav,not_applicable,7418.692347423041,0.0,30.071252033976798,0.7918306708536118,lane_2,mainline,,normal,none,commit
BASIC-03,basic_01_06_900_bugcheck_20260605,276,27.600000000000122,B03_TLV_CFV,cav,not_applicable,7412.2435659977555,3.5,29.964175131987187,0.0789004142017965,lane_1,mainline,,normal,none,commit
BASIC-03,basic_01_06_900_bugcheck_20260605,276,27.600000000000122,B03_TLV_CLV,cav,not_applicable,7454.6204909563,3.5,29.999795434873803,8.523546924834592e-05,lane_1,mainline,,normal,none,commit
BASIC-03,basic_01_06_900_bugcheck_20260605,277,27.700000000000124,B03_MV,cav,not_applicable,6912.666166523752,-3.5,8.333541726215818,-8.683036770165132e-05,on_ramp,on_ramp_mv,,normal,not_started,commit
BASIC-03,basic_01_06_900_bugcheck_20260605,277,27.700000000000124,B03_CLV,cav,not_applicable,7464.000282887674,0.0,29.999882130135298,4.9112443626597724e-05,lane_2,mainline,,normal,none,commit
BASIC-03,basic_01_06_900_bugcheck_20260605,277,27.700000000000124,B03_CFV,cav,not_applicable,7421.695042150109,0.0,30.026947270683003,-0.4430476329379539,lane_2,mainline,,normal,none,commit
BASIC-03,basic_01_06_900_bugcheck_20260605,277,27.700000000000124,B03_TLV_CFV,cav,not_applicable,7415.24790178707,3.5,30.043357893149153,0.7918276116196517,lane_1,mainline,,normal,none,commit
BASIC-03,basic_01_06_900_bugcheck_20260605,277,27.700000000000124,B03_TLV_CLV,cav,not_applicable,7457.620471318048,3.5,29.99980361747885,8.182605047863946e-05,lane_1,mainline,,normal,none,commit
BASIC-03,basic_01_06_900_bugcheck_20260605,278,27.800000000000125,B03_MV,cav,not_applicable,6913.499519862801,-3.5,8.333533390500518,-8.335715299381264e-05,on_ramp,on_ramp_mv,,normal,not_started,commit
BASIC-03,basic_01_06_900_bugcheck_20260605,278,27.800000000000125,B03_CLV,cav,not_applicable,7467.000271572167,0.0,29.999886844929886,4.7147945880965385e-05,lane_2,mainline,,normal,none,commit
BASIC-03,basic_01_06_900_bugcheck_20260605,278,27.800000000000125,B03_CFV,cav,not_applicable,7424.701384669272,0.0,30.063425191624443,0.3647792094144014,lane_2,mainline,,normal,none,commit
BASIC-03,basic_01_06_900_bugcheck_20260605,278,27.800000000000125,B03_TLV_CFV,cav,not_applicable,7418.247807075026,3.5,29.999052879554398,-0.4430501359475577,lane_1,mainline,,normal,none,commit
BASIC-03,basic_01_06_900_bugcheck_20260605,278,27.800000000000125,B03_TLV_CLV,cav,not_applicable,7460.620452465326,3.5,29.999811472779697,7.855300845989178e-05,lane_1,mainline,,normal,none,commit
BASIC-03,basic_01_06_900_bugcheck_20260605,279,27.900000000000126,B03_MV,cav,not_applicable,6914.332872401623,-3.5,8.33352538821383,-8.002286687371908e-05,on_ramp,on_ramp_mv,,normal,not_started,commit
BASIC-03,basic_01_06_900_bugcheck_20260605,279,27.900000000000126,B03_CLV,cav,not_applicable,7470.00026070928,0.0,29.99989137113269,4.5262028045556235e-05,lane_2,mainline,,normal,none,commit
BASIC-03,basic_01_06_900_bugcheck_20260605,279,27.900000000000126,B03_CFV,cav,not_applicable,7427.699802654693,0.0,29.984179854212893,-0.7924533741154898,lane_2,mainline,,normal,none,commit
BASIC-03,basic_01_06_900_bugcheck_20260605,279,27.900000000000126,B03_TLV_CFV,cav,not_applicable,7421.251360134596,3.5,30.03553059570414,0.3647771614974528,lane_1,mainline,,normal,none,commit
BASIC-03,basic_01_06_900_bugcheck_20260605,279,27.900000000000126,B03_TLV_CLV,cav,not_applicable,7463.620434366712,3.5,29.99981901386851,7.541088812104136e-05,lane_1,mainline,,normal,none,commit
BASIC-03,basic_01_06_900_bugcheck_20260605,280,28.000000000000128,B03_MV,cav,not_applicable,6915.166224172224,-3.5,8.333517706018611,-7.682195219871346e-05,on_ramp,on_ramp_mv,,normal,not_started,commit
BASIC-03,basic_01_06_900_bugcheck_20260605,280,28.000000000000128,B03_CLV,cav,not_applicable,7473.000250280909,0.0,29.999895716287384,4.345154692373399e-05,lane_2,mainline,,normal,none,commit
BASIC-03,basic_01_06_900_bugcheck_20260605,280,28.000000000000128,B03_CFV,cav,not_applicable,7430.699009657962,0.0,29.992070032694354,0.07890178481459931,lane_2,mainline,,normal,none,commit
BASIC-03,basic_01_06_900_bugcheck_20260605,280,28.000000000000128,B03_TLV_CFV,cav,not_applicable,7424.24698864367,3.5,29.95628509073575,-0.7924550496839022,lane_1,mainline,,normal,none,commit
BASIC-03,basic_01_06_900_bugcheck_20260605,280,28.000000000000128,B03_TLV_CLV,cav,not_applicable,7466.620416992044,3.5,29.99982625331377,7.239445259585864e-05,lane_1,mainline,,normal,none,commit
BASIC-03,basic_01_06_900_bugcheck_20260605,281,28.10000000000013,B03_MV,cav,not_applicable,6915.9995752053355,-3.5,8.3335103311112,-7.374907411090704e-05,on_ramp,on_ramp_mv,,normal,not_started,commit
BASIC-03,basic_01_06_900_bugcheck_20260605,281,28.10000000000013,B03_CLV,cav,not_applicable,7476.000240269673,0.0,29.999899887635888,4.171348504655725e-05,lane_2,mainline,,normal,none,commit
BASIC-03,basic_01_06_900_bugcheck_20260605,281,28.10000000000013,B03_CFV,cav,not_applicable,7433.706134948562,0.0,30.071252905997365,0.7918287330301267,lane_2,mainline,,normal,none,commit
BASIC-03,basic_01_06_900_bugcheck_20260605,281,28.10000000000013,B03_TLV_CFV,cav,not_applicable,7427.243406156883,3.5,29.96417513212525,0.07890041389498914,lane_1,mainline,,normal,none,commit
BASIC-03,basic_01_06_900_bugcheck_20260605,281,28.10000000000013,B03_TLV_CLV,cav,not_applicable,7469.620400312362,3.5,29.99983320318122,6.949867449179692e-05,lane_1,mainline,,normal,none,commit
BASIC-03,basic_01_06_900_bugcheck_20260605,282,28.20000000000013,B03_MV,cav,not_applicable,6916.832925530455,-3.5,8.333503251200085,-7.079911114615811e-05,on_ramp,on_ramp_mv,,normal,not_started,commit
BASIC-03,basic_01_06_900_bugcheck_20260605,282,28.20000000000013,B03_CLV,cav,not_applicable,7479.000230658886,0.0,29.99990389213045,4.0044945644979184e-05,lane_2,mainline,,normal,none,commit
BASIC-03,basic_01_06_900_bugcheck_20260605,282,28.20000000000013,B03_CFV,cav,not_applicable,7436.708829746977,0.0,30.026947984154376,-0.4430492184298963,lane_2,mainline,,normal,none,commit
BASIC-03,basic_01_06_900_bugcheck_20260605,282,28.20000000000013,B03_TLV_CFV,cav,not_applicable,7430.247741946209,3.5,30.04335789326211,0.7918276113686274,lane_1,mainline,,normal,none,commit
BASIC-03,basic_01_06_900_bugcheck_20260605,282,28.20000000000013,B03_TLV_CLV,cav,not_applicable,7472.6203842998675,3.5,29.99983987505397,6.671872751269347e-05,lane_1,mainline,,normal,none,commit
BASIC-03,basic_01_06_900_bugcheck_20260605,283,28.300000000000132,B03_MV,cav,not_applicable,6917.666275175904,-3.5,8.333496454485415,-6.79671467004539e-05,on_ramp,on_ramp_mv,,normal,not_started,commit
BASIC-03,basic_01_06_900_bugcheck_20260605,283,28.300000000000132,B03_CLV,cav,not_applicable,7482.00022143253,0.0,29.999907736445234,3.844314781957792e-05,lane_2,mainline,,normal,none,commit
BASIC-03,basic_01_06_900_bugcheck_20260605,283,28.300000000000132,B03_CFV,cav,not_applicable,7439.715172324514,0.0,30.063425775373748,0.36477791219372124,lane_2,mainline,,normal,none,commit
BASIC-03,basic_01_06_900_bugcheck_20260605,283,28.300000000000132,B03_TLV_CFV,cav,not_applicable,7433.247647234174,3.5,29.99905287964682,-0.4430501361529412,lane_1,mainline,,normal,none,commit
BASIC-03,basic_01_06_900_bugcheck_20260605,283,28.300000000000132,B03_TLV_CLV,cav,not_applicable,7475.620368927873,3.5,29.99984628005181,6.404997841258364e-05,lane_1,mainline,,normal,none,commit
BASIC-03,basic_01_06_900_bugcheck_20260605,284,28.400000000000134,B03_MV,cav,not_applicable,6918.499624168868,-3.5,8.333489929639331,-6.52484608323789e-05,on_ramp,on_ramp_mv,,normal,not_started,commit
BASIC-03,basic_01_06_900_bugcheck_20260605,284,28.400000000000134,B03_CLV,cav,not_applicable,7485.000212575229,0.0,29.999911426987424,3.69054219063969e-05,lane_2,mainline,,normal,none,commit
BASIC-03,basic_01_06_900_bugcheck_20260605,284,28.400000000000134,B03_CFV,cav,not_applicable,7442.713590357697,0.0,29.98418033182596,-0.7924544354778644,lane_2,mainline,,normal,none,commit
BASIC-03,basic_01_06_900_bugcheck_20260605,284,28.400000000000134,B03_TLV_CFV,cav,not_applicable,7436.251200293752,3.5,30.03553059577976,0.3647771613294118,lane_1,mainline,,normal,none,commit
BASIC-03,basic_01_06_900_bugcheck_20260605,284,28.400000000000134,B03_TLV_CLV,cav,not_applicable,7478.620354170757,3.5,29.999852428849735,6.148797927636451e-05,lane_1,mainline,,normal,none,commit
BASIC-03,basic_01_06_900_bugcheck_20260605,285,28.500000000000135,B03_MV,cav,not_applicable,6919.332972535446,-3.5,8.33348366578709,-6.263852239882795e-05,on_ramp,on_ramp_mv,,normal,not_started,commit
BASIC-03,basic_01_06_900_bugcheck_20260605,285,28.500000000000135,B03_CLV,cav,not_applicable,7488.00020407222,0.0,29.999914969907927,3.54292050303684e-05,lane_2,mainline,,normal,none,commit
BASIC-03,basic_01_06_900_bugcheck_20260605,285,28.500000000000135,B03_CFV,cav,not_applicable,7445.712797400044,0.0,29.992070423468682,0.07890091642720187,lane_2,mainline,,normal,none,commit
BASIC-03,basic_01_06_900_bugcheck_20260605,285,28.500000000000135,B03_TLV_CFV,cav,not_applicable,7439.246828802831,3.5,29.95628509079762,-0.7924550498213903,lane_1,mainline,,normal,none,commit
BASIC-03,basic_01_06_900_bugcheck_20260605,285,28.500000000000135,B03_TLV_CLV,cav,not_applicable,7481.620340003927,3.5,29.999858331695744,5.9028460105992055e-05,lane_1,mainline,,normal,none,commit
BASIC-03,basic_01_06_900_bugcheck_20260605,286,28.600000000000136,B03_MV,cav,not_applicable,6920.166320300695,-3.5,8.33347765248894,-6.0132981502647453e-05,on_ramp,on_ramp_mv,,normal,not_started,commit
BASIC-03,basic_01_06_900_bugcheck_20260605,286,28.600000000000136,B03_CLV,cav,not_applicable,7491.0001959093315,0.0,29.999918371111608,3.401203682926734e-05,lane_2,mainline,,normal,none,commit
BASIC-03,basic_01_06_900_bugcheck_20260605,286,28.600000000000136,B03_CFV,cav,not_applicable,7448.7199227226165,0.0,30.07125322572182,0.791828022531347,lane_2,mainline,,normal,none,commit
BASIC-03,basic_01_06_900_bugcheck_20260605,286,28.600000000000136,B03_TLV_CFV,cav,not_applicable,7442.2432463160485,3.5,29.96417513217587,0.0789004137824989,lane_1,mainline,,normal,none,commit
BASIC-03,basic_01_06_900_bugcheck_20260605,286,28.600000000000136,B03_TLV_CLV,cav,not_applicable,7484.6203264037695,3.5,29.999863998427916,5.666732170226397e-05,lane_1,mainline,,normal,none,commit
BASIC-03,basic_01_06_900_bugcheck_20260605,287,28.700000000000138,B03_MV,cav,not_applicable,6920.999667488667,-3.5,8.333471879722715,-5.772766224225734e-05,on_ramp,on_ramp_mv,,normal,not_started,commit
BASIC-03,basic_01_06_900_bugcheck_20260605,287,28.700000000000138,B03_CLV,cav,not_applicable,7494.000188072958,0.0,29.999921636267143,3.265155535672193e-05,lane_2,mainline,,normal,none,commit
BASIC-03,basic_01_06_900_bugcheck_20260605,287,28.700000000000138,B03_CFV,cav,not_applicable,7451.7226175471915,0.0,30.02694824574711,-0.4430497997470797,lane_2,mainline,,normal,none,commit
BASIC-03,basic_01_06_900_bugcheck_20260605,287,28.700000000000138,B03_TLV_CFV,cav,not_applicable,7445.247582105379,3.5,30.04335789330353,0.7918276112765901,lane_1,mainline,,normal,none,commit
BASIC-03,basic_01_06_900_bugcheck_20260605,287,28.700000000000138,B03_TLV_CLV,cav,not_applicable,7487.620313347618,3.5,29.999869438490798,5.440062883366181e-05,lane_1,mainline,,normal,none,commit
BASIC-03,basic_01_06_900_bugcheck_20260605,288,28.80000000000014,B03_MV,cav,not_applicable,6921.833014122453,-3.5,8.33346633786714,-5.541855575259547e-05,on_ramp,on_ramp_mv,,normal,not_started,commit
BASIC-03,basic_01_06_900_bugcheck_20260605,288,28.80000000000014,B03_CLV,cav,not_applicable,7497.00018055004,0.0,29.999924770816456,3.134549314296464e-05,lane_2,mainline,,normal,none,commit
BASIC-03,basic_01_06_900_bugcheck_20260605,288,28.80000000000014,B03_CFV,cav,not_applicable,7454.728960146132,0.0,30.063425989404166,0.3647774365705712,lane_2,mainline,,normal,none,commit
BASIC-03,basic_01_06_900_bugcheck_20260605,288,28.80000000000014,B03_TLV_CFV,cav,not_applicable,7448.247487393347,3.5,29.999052879680704,-0.4430501362282444,lane_1,mainline,,normal,none,commit
BASIC-03,basic_01_06_900_bugcheck_20260605,288,28.80000000000014,B03_TLV_CLV,cav,not_applicable,7490.620300813714,3.5,29.999874660951164,5.222460368088378e-05,lane_1,mainline,,normal,none,commit
BASIC-03,basic_01_06_900_bugcheck_20260605,289,28.90000000000014,B03_MV,cav,not_applicable,6922.6663602242215,-3.5,8.333461017685789,-5.320181352246323e-05,on_ramp,on_ramp_mv,,normal,not_started,commit
BASIC-03,basic_01_06_900_bugcheck_20260605,289,28.90000000000014,B03_CLV,cav,not_applicable,7500.000173328038,0.0,29.999927779983796,3.009167341758712e-05,lane_2,mainline,,normal,none,commit
BASIC-03,basic_01_06_900_bugcheck_20260605,289,28.90000000000014,B03_CFV,cav,not_applicable,7457.727378196826,0.0,29.984180506941758,-0.792454824624078,lane_2,mainline,,normal,none,commit
BASIC-03,basic_01_06_900_bugcheck_20260605,289,28.90000000000014,B03_TLV_CFV,cav,not_applicable,7451.251040452928,3.5,30.035530595807483,0.3647771612678001,lane_1,mainline,,normal,none,commit
BASIC-03,basic_01_06_900_bugcheck_20260605,289,28.90000000000014,B03_TLV_CLV,cav,not_applicable,7493.620288781165,3.5,29.999879674513117,5.013561953433055e-05,lane_1,mainline,,normal,none,commit
BASIC-03,basic_01_06_900_bugcheck_20260605,290,29.000000000000142,B03_MV,cav,not_applicable,6923.499705815253,-3.5,8.33345591031169,-5.107374098187734e-05,on_ramp,on_ramp_mv,,normal,not_started,commit
BASIC-03,basic_01_06_900_bugcheck_20260605,290,29.000000000000142,B03_CLV,cav,not_applicable,7503.000166394916,0.0,29.999930668784444,2.888800648150891e-05,lane_2,mainline,,normal,none,commit
BASIC-03,basic_01_06_900_bugcheck_20260605,290,29.000000000000142,B03_CFV,cav,not_applicable,7460.7265852535,0.0,29.99207056674524,0.07890059803484528,lane_2,mainline,,normal,none,commit
BASIC-03,basic_01_06_900_bugcheck_20260605,290,29.000000000000142,B03_TLV_CFV,cav,not_applicable,7454.24666896201,3.5,29.9562850908203,-0.7924550498717999,lane_1,mainline,,normal,none,commit
BASIC-03,basic_01_06_900_bugcheck_20260605,290,29.000000000000142,B03_TLV_CLV,cav,not_applicable,7496.620277229918,3.5,29.999884487532594,4.813019475307101e-05,lane_1,mainline,,normal,none,commit
BASIC-03,basic_01_06_900_bugcheck_20260605,291,29.100000000000144,B03_MV,cav,not_applicable,6924.333050915976,-3.5,8.333451007232556,-4.903079134237487e-05,on_ramp,on_ramp_mv,,normal,not_started,commit
BASIC-03,basic_01_06_900_bugcheck_20260605,291,29.100000000000144,B03_CLV,cav,not_applicable,7506.000159739119,0.0,29.999933442033065,2.773248622247593e-05,lane_2,mainline,,normal,none,commit
BASIC-03,basic_01_06_900_bugcheck_20260605,291,29.100000000000144,B03_CFV,cav,not_applicable,7463.733710587795,0.0,30.071253342948093,0.7918277620285098,lane_2,mainline,,normal,none,commit
BASIC-03,basic_01_06_900_bugcheck_20260605,291,29.100000000000144,B03_TLV_CFV,cav,not_applicable,7457.243086475229,3.5,29.964175132194427,0.07890041374125467,lane_1,mainline,,normal,none,commit
BASIC-03,basic_01_06_900_bugcheck_20260605,291,29.100000000000144,B03_TLV_CLV,cav,not_applicable,7499.6202661407215,3.5,29.99988910803129,4.620498696255027e-05,lane_1,mainline,,normal,none,commit
BASIC-03,basic_01_06_900_bugcheck_20260605,292,29.200000000000145,B03_MV,cav,not_applicable,6925.1663955460035,-3.5,8.333446300276588,-4.706955968885041e-05,on_ramp,on_ramp_mv,,normal,not_started,commit
BASIC-03,basic_01_06_900_bugcheck_20260605,292,29.200000000000145,B03_CLV,cav,not_applicable,7509.000153349554,0.0,29.999936104351743,2.6623186774088484e-05,lane_2,mainline,,normal,none,commit
BASIC-03,basic_01_06_900_bugcheck_20260605,292,29.200000000000145,B03_CFV,cav,not_applicable,7466.736405421961,0.0,30.026948341659516,-0.44305001288576473,lane_2,mainline,,normal,none,commit
BASIC-03,basic_01_06_900_bugcheck_20260605,292,29.200000000000145,B03_TLV_CFV,cav,not_applicable,7460.247422264561,3.5,30.04335789331871,0.7918276112428447,lane_1,mainline,,normal,none,commit
BASIC-03,basic_01_06_900_bugcheck_20260605,292,29.200000000000145,B03_TLV_CLV,cav,not_applicable,7502.620255495092,3.5,29.999893543710037,4.435678748393457e-05,lane_1,mainline,,normal,none,commit
BASIC-03,basic_01_06_900_bugcheck_20260605,293,29.300000000000146,B03_MV,cav,not_applicable,6925.999739724163,-3.5,8.333441781598857,-4.518677730160903e-05,on_ramp,on_ramp_mv,,normal,not_started,commit
BASIC-03,basic_01_06_900_bugcheck_20260605,293,29.300000000000146,B03_CLV,cav,not_applicable,7512.000147215572,0.0,29.999938660177673,2.5558259302727038e-05,lane_2,mainline,,normal,none,commit
BASIC-03,basic_01_06_900_bugcheck_20260605,293,29.300000000000146,B03_CFV,cav,not_applicable,7469.742748028749,0.0,30.063426067877952,0.36477726218437434,lane_2,mainline,,normal,none,commit
BASIC-03,basic_01_06_900_bugcheck_20260605,293,29.300000000000146,B03_TLV_CFV,cav,not_applicable,7463.24732755253,3.5,29.999052879693124,-0.4430501362558543,lane_1,mainline,,normal,none,commit
BASIC-03,basic_01_06_900_bugcheck_20260605,293,29.300000000000146,B03_TLV_CLV,cav,not_applicable,7505.620245275289,3.5,29.999897801961637,4.258251598514562e-05,lane_1,mainline,,normal,none,commit
BASIC-03,basic_01_06_900_bugcheck_20260605,294,29.400000000000148,B03_MV,cav,not_applicable,6926.83308346853,-3.5,8.333437443668236,-4.3379306209345714e-05,on_ramp,on_ramp_mv,,normal,not_started,commit
BASIC-03,basic_01_06_900_bugcheck_20260605,294,29.400000000000148,B03_CLV,cav,not_applicable,7515.000141326949,0.0,29.999941113770564,2.4535928930902175e-05,lane_2,mainline,,normal,none,commit
BASIC-03,basic_01_06_900_bugcheck_20260605,294,29.400000000000148,B03_CFV,cav,not_applicable,7472.741166085863,0.0,29.984180571147583,-0.7924549673036936,lane_2,mainline,,normal,none,commit
BASIC-03,basic_01_06_900_bugcheck_20260605,294,29.400000000000148,B03_TLV_CFV,cav,not_applicable,7466.250880612111,3.5,30.035530595817644,0.36477716124521015,lane_1,mainline,,normal,none,commit
BASIC-03,basic_01_06_900_bugcheck_20260605,294,29.400000000000148,B03_TLV_CLV,cav,not_applicable,7508.620235464277,3.5,29.999901889883173,4.0879215345057676e-05,lane_1,mainline,,normal,none,commit
BASIC-03,basic_01_06_900_bugcheck_20260605,295,29.50000000000015,B03_MV,cav,not_applicable,6927.666426796456,-3.5,8.333433279254841,-4.164413396097189e-05,on_ramp,on_ramp_mv,,normal,not_started,commit
BASIC-03,basic_01_06_900_bugcheck_20260605,295,29.50000000000015,B03_CLV,cav,not_applicable,7518.000135673871,0.0,29.99994346921974,2.3554491774291365e-05,lane_2,mainline,,normal,none,commit
BASIC-03,basic_01_06_900_bugcheck_20260605,295,29.50000000000015,B03_CFV,cav,not_applicable,7475.740373147791,0.0,29.992070619277282,0.07890048129697802,lane_2,mainline,,normal,none,commit
BASIC-03,basic_01_06_900_bugcheck_20260605,295,29.50000000000015,B03_TLV_CFV,cav,not_applicable,7469.246509121194,3.5,29.956285090828615,-0.7924550498902825,lane_1,mainline,,normal,none,commit
BASIC-03,basic_01_06_900_bugcheck_20260605,295,29.50000000000015,B03_TLV_CLV,cav,not_applicable,7511.620226045706,3.5,29.999905814287846,3.9244046730857464e-05,lane_1,mainline,,normal,none,commit
BASIC-03,basic_01_06_900_bugcheck_20260605,296,29.60000000000015,B03_MV,cav,not_applicable,6928.499769724598,-3.5,8.333429281417981,-3.997836860278881e-05,on_ramp,on_ramp_mv,,normal,not_started,commit
BASIC-03,basic_01_06_900_bugcheck_20260605,296,29.60000000000015,B03_CLV,cav,not_applicable,7521.000130246916,0.0,29.99994573045095,2.26123121038313e-05,lane_2,mainline,,normal,none,commit
BASIC-03,basic_01_06_900_bugcheck_20260605,296,29.60000000000015,B03_CFV,cav,not_applicable,7478.747498486384,0.0,30.071253385928852,0.7918276665157093,lane_2,mainline,,normal,none,commit
BASIC-03,basic_01_06_900_bugcheck_20260605,296,29.60000000000015,B03_TLV_CFV,cav,not_applicable,7472.242926634414,3.5,29.964175132201227,0.07890041372613255,lane_1,mainline,,normal,none,commit
BASIC-03,basic_01_06_900_bugcheck_20260605,296,29.60000000000015,B03_TLV_CLV,cav,not_applicable,7514.620217003878,3.5,29.99990958171633,3.767428486156632e-05,lane_1,mainline,,normal,none,commit
BASIC-03,basic_01_06_900_bugcheck_20260605,297,29.700000000000152,B03_MV,cav,not_applicable,6929.333112268948,-3.5,8.333425443494596,-3.8379233858876206e-05,on_ramp,on_ramp_mv,,normal,not_started,commit
BASIC-03,basic_01_06_900_bugcheck_20260605,297,29.700000000000152,B03_CLV,cav,not_applicable,7524.00012503704,0.0,29.99994790123291,2.1707819620075952e-05,lane_2,mainline,,normal,none,commit
BASIC-03,basic_01_06_900_bugcheck_20260605,297,29.700000000000152,B03_CFV,cav,not_applicable,7481.7501933240665,0.0,30.02694837682559,-0.4430500910326014,lane_2,mainline,,normal,none,commit
BASIC-03,basic_01_06_900_bugcheck_20260605,297,29.700000000000152,B03_TLV_CFV,cav,not_applicable,7475.247262423747,3.5,30.043357893324274,0.7918276112304721,lane_1,mainline,,normal,none,commit
BASIC-03,basic_01_06_900_bugcheck_20260605,297,29.700000000000152,B03_TLV_CLV,cav,not_applicable,7517.620208323722,3.5,29.99991319844768,3.61673134676721e-05,lane_1,mainline,,normal,none,commit
BASIC-03,basic_01_06_900_bugcheck_20260605,298,29.800000000000153,B03_MV,cav,not_applicable,6930.166454444857,-3.5,8.333421759088145,-3.6844064504748536e-05,on_ramp,on_ramp_mv,,normal,not_started,commit
BASIC-03,basic_01_06_900_bugcheck_20260605,298,29.800000000000153,B03_CLV,cav,not_applicable,7527.000120035558,0.0,29.999949985183594,2.0839506835557134e-05,lane_2,mainline,,normal,none,commit
BASIC-03,basic_01_06_900_bugcheck_20260605,298,29.800000000000153,B03_CFV,cav,not_applicable,7484.756535933731,0.0,30.063426096650197,0.3647771982460534,lane_2,mainline,,normal,none,commit
BASIC-03,basic_01_06_900_bugcheck_20260605,298,29.800000000000153,B03_TLV_CFV,cav,not_applicable,7478.247167711716,3.5,29.999052879697675,-0.44305013626597733,lane_1,mainline,,normal,none,commit
BASIC-03,basic_01_06_900_bugcheck_20260605,298,29.800000000000153,B03_TLV_CLV,cav,not_applicable,7520.6201999907735,3.5,29.999916670509773,3.4720620928396786e-05,lane_1,mainline,,normal,none,commit
BASIC-03,basic_01_06_900_bugcheck_20260605,299,29.900000000000155,B03_MV,cav,not_applicable,6930.999796267062,-3.5,8.333418222057952,-3.5370301924331214e-05,on_ramp,on_ramp_mv,,normal,not_started,commit
BASIC-03,basic_01_06_900_bugcheck_20260605,299,29.900000000000155,B03_CLV,cav,not_applicable,7530.000115234136,0.0,29.99995198577625,2.000592656230538e-05,lane_2,mainline,,normal,none,commit
BASIC-03,basic_01_06_900_bugcheck_20260605,299,29.900000000000155,B03_CFV,cav,not_applicable,7487.754953993201,0.0,29.98418059468851,-0.7924550196168654,lane_2,mainline,,normal,none,commit
BASIC-03,basic_01_06_900_bugcheck_20260605,299,29.900000000000155,B03_TLV_CFV,cav,not_applicable,7481.250720771299,3.5,30.035530595821367,0.36477716123692766,lane_1,mainline,,normal,none,commit
BASIC-03,basic_01_06_900_bugcheck_20260605,299,29.900000000000155,B03_TLV_CLV,cav,not_applicable,7523.620191991143,3.5,29.999920003689382,3.333179609086301e-05,lane_1,mainline,,normal,none,commit
BASIC-03,basic_01_06_900_bugcheck_20260605,300,30.000000000000156,B03_MV,cav,not_applicable,6931.833137749713,-3.5,8.333414826508967,-3.395548984741481e-05,on_ramp,on_ramp_mv,,normal,not_started,commit
BASIC-03,basic_01_06_900_bugcheck_20260605,300,30.000000000000156,B03_CLV,cav,not_applicable,7533.00011062477,0.0,29.999953906345198,1.920568950026791e-05,lane_2,mainline,,normal,none,commit
BASIC-03,basic_01_06_900_bugcheck_20260605,300,30.000000000000156,B03_CFV,cav,not_applicable,7490.754161057054,0.0,29.99207063853804,0.07890043849529205,lane_2,mainline,,normal,none,commit
BASIC-03,basic_01_06_900_bugcheck_20260605,300,30.000000000000156,B03_TLV_CFV,cav,not_applicable,7484.246349280382,3.5,29.95628509083166,-0.7924550498970591,lane_1,mainline,,normal,none,commit
BASIC-03,basic_01_06_900_bugcheck_20260605,300,30.000000000000156,B03_TLV_CLV,cav,not_applicable,7526.620184311497,3.5,29.999923203541808,3.199852424700112e-05,lane_1,mainline,,normal,none,commit
BASIC-03,basic_01_06_900_bugcheck_20260605,301,30.100000000000158,B03_MV,cav,not_applicable,6932.666478906392,-3.5,8.333411566781942,-3.259727025337611e-05,on_ramp,on_ramp_mv,,normal,not_started,commit
BASIC-03,basic_01_06_900_bugcheck_20260605,301,30.100000000000158,B03_CLV,cav,not_applicable,7536.000106199779,0.0,29.999955750091388,1.8437461920939314e-05,lane_2,mainline,,normal,none,commit
BASIC-03,basic_01_06_900_bugcheck_20260605,301,30.100000000000158,B03_CFV,cav,not_applicable,7493.761286397223,0.0,30.071253401687652,0.7918276314961481,lane_2,mainline,,normal,none,commit
BASIC-03,basic_01_06_900_bugcheck_20260605,301,30.100000000000158,B03_TLV_CFV,cav,not_applicable,7487.242766793602,3.5,29.964175132203717,0.07890041372058809,lane_1,mainline,,normal,none,commit
BASIC-03,basic_01_06_900_bugcheck_20260605,301,30.100000000000158,B03_TLV_CLV,cav,not_applicable,7529.620176939037,3.5,29.999926275400135,3.0718583276723165e-05,lane_1,mainline,,normal,none,commit
BASIC-03,basic_01_06_900_bugcheck_20260605,302,30.20000000000016,B03_MV,cav,not_applicable,6933.499819750136,-3.5,8.333408437443998,-3.129337944329791e-05,on_ramp,on_ramp_mv,,normal,not_started,commit
BASIC-03,basic_01_06_900_bugcheck_20260605,302,30.20000000000016,B03_CLV,cav,not_applicable,7539.000101951788,0.0,29.999957520087733,1.7699963444783864e-05,lane_2,mainline,,normal,none,commit
BASIC-03,basic_01_06_900_bugcheck_20260605,302,30.20000000000016,B03_CFV,cav,not_applicable,7496.763981236195,0.0,30.026948389719156,-0.44305011968496966,lane_2,mainline,,normal,none,commit
BASIC-03,basic_01_06_900_bugcheck_20260605,302,30.20000000000016,B03_TLV_CFV,cav,not_applicable,7490.2471025829345,3.5,30.04335789332631,0.7918276112259357,lane_1,mainline,,normal,none,commit
BASIC-03,basic_01_06_900_bugcheck_20260605,302,30.20000000000016,B03_TLV_CLV,cav,not_applicable,7532.620169861476,3.5,29.99992922438413,2.94898399459953e-05,lane_1,mainline,,normal,none,commit
BASIC-03,basic_01_06_900_bugcheck_20260605,303,30.30000000000016,B03_MV,cav,not_applicable,6934.333160293464,-3.5,8.333405433279571,-3.0041644265565992e-05,on_ramp,on_ramp_mv,,normal,not_started,commit
BASIC-03,basic_01_06_900_bugcheck_20260605,303,30.30000000000016,B03_CLV,cav,not_applicable,7542.000097873716,0.0,29.999959219284225,1.6991964906765136e-05,lane_2,mainline,,normal,none,commit
BASIC-03,basic_01_06_900_bugcheck_20260605,303,30.30000000000016,B03_CFV,cav,not_applicable,7499.770323846915,0.0,30.063426107199476,0.3647771748032067,lane_2,mainline,,normal,none,commit
BASIC-03,basic_01_06_900_bugcheck_20260605,303,30.30000000000016,B03_TLV_CFV,cav,not_applicable,7493.247007870905,3.5,29.99905287969934,-0.4430501362696889,lane_1,mainline,,normal,none,commit
BASIC-03,basic_01_06_900_bugcheck_20260605,303,30.30000000000016,B03_TLV_CLV,cav,not_applicable,7535.620163067017,3.5,29.999932055408763,2.8310246348439706e-05,lane_1,mainline,,normal,none,commit
BASIC-03,basic_01_06_900_bugcheck_20260605,304,30.400000000000162,B03_MV,cav,not_applicable,6935.166500548392,-3.5,8.333402549281722,-2.8839978494943355e-05,on_ramp,on_ramp_mv,,normal,not_started,commit
BASIC-03,basic_01_06_900_bugcheck_20260605,304,30.400000000000162,B03_CLV,cav,not_applicable,7545.000093958767,0.0,29.999960850512856,1.6312286309982937e-05,lane_2,mainline,,normal,none,commit
BASIC-03,basic_01_06_900_bugcheck_20260605,304,30.400000000000162,B03_CFV,cav,not_applicable,7502.768741907247,0.0,29.98418060331974,-0.7924550387973763,lane_2,mainline,,normal,none,commit
BASIC-03,basic_01_06_900_bugcheck_20260605,304,30.400000000000162,B03_TLV_CFV,cav,not_applicable,7496.250560930487,3.5,30.03553059582273,0.3647771612338909,lane_1,mainline,,normal,none,commit
BASIC-03,basic_01_06_900_bugcheck_20260605,304,30.400000000000162,B03_TLV_CLV,cav,not_applicable,7538.620156544336,3.5,29.99993477319241,2.7177836494729492e-05,lane_1,mainline,,normal,none,commit
BASIC-03,basic_01_06_900_bugcheck_20260605,305,30.500000000000163,B03_MV,cav,not_applicable,6935.999840526456,-3.5,8.333399780643786,-2.7686379355174043e-05,on_ramp,on_ramp_mv,,normal,not_started,commit
BASIC-03,basic_01_06_900_bugcheck_20260605,305,30.500000000000163,B03_CLV,cav,not_applicable,7548.000090200417,0.0,29.99996241649234,1.5659794857469934e-05,lane_2,mainline,,normal,none,commit
BASIC-03,basic_01_06_900_bugcheck_20260605,305,30.500000000000163,B03_CFV,cav,not_applicable,7505.7679489718075,0.0,29.992070645599956,0.07890042280214671,lane_2,mainline,,normal,none,commit
BASIC-03,basic_01_06_900_bugcheck_20260605,305,30.500000000000163,B03_TLV_CFV,cav,not_applicable,7499.24618943957,3.5,29.956285090832775,-0.7924550498995437,lane_1,mainline,,normal,none,commit
BASIC-03,basic_01_06_900_bugcheck_20260605,305,30.500000000000163,B03_TLV_CLV,cav,not_applicable,7541.6201502825625,3.5,29.999937382264715,2.609072303556559e-05,lane_1,mainline,,normal,none,commit
BASIC-03,basic_01_06_900_bugcheck_20260605,306,30.600000000000165,B03_MV,cav,not_applicable,6936.833180238731,-3.5,8.333397122751368,-2.6578924180853392e-05,on_ramp,on_ramp_mv,,normal,not_started,commit
BASIC-03,basic_01_06_900_bugcheck_20260605,306,30.600000000000165,B03_CLV,cav,not_applicable,7551.0000865924,0.0,29.99996391983265,1.503340306356904e-05,lane_2,mainline,,normal,none,commit
BASIC-03,basic_01_06_900_bugcheck_20260605,306,30.600000000000165,B03_CFV,cav,not_applicable,7508.775074312554,0.0,30.071253407465587,0.7918276186563019,lane_2,mainline,,normal,none,commit
BASIC-03,basic_01_06_900_bugcheck_20260605,306,30.600000000000165,B03_TLV_CFV,cav,not_applicable,7502.242606952791,3.5,29.96417513220463,0.07890041371855516,lane_1,mainline,,normal,none,commit
BASIC-03,basic_01_06_900_bugcheck_20260605,306,30.600000000000165,B03_TLV_CLV,cav,not_applicable,7544.62014427126,3.5,29.999939886974126,2.5047094113972437e-05,lane_1,mainline,,normal,none,commit
BASIC-03,basic_01_06_900_bugcheck_20260605,307,30.700000000000166,B03_MV,cav,not_applicable,6937.666519695848,-3.5,8.333394571174647,-2.5515767213590837e-05,on_ramp,on_ramp_mv,,normal,not_started,commit
BASIC-03,basic_01_06_900_bugcheck_20260605,307,30.700000000000166,B03_CLV,cav,not_applicable,7554.000083128704,0.0,29.999965363039344,1.4432066940628374e-05,lane_2,mainline,,normal,none,commit
BASIC-03,basic_01_06_900_bugcheck_20260605,307,30.700000000000166,B03_CFV,cav,not_applicable,7511.777769151999,0.0,30.026948394446556,-0.4430501301902984,lane_2,mainline,,normal,none,commit
BASIC-03,basic_01_06_900_bugcheck_20260605,307,30.700000000000166,B03_TLV_CFV,cav,not_applicable,7505.246942742124,3.5,30.04335789332706,0.7918276112242724,lane_1,mainline,,normal,none,commit
BASIC-03,basic_01_06_900_bugcheck_20260605,307,30.700000000000166,B03_TLV_CLV,cav,not_applicable,7547.62013850041,3.5,29.99994229149516,2.40452103497546e-05,lane_1,mainline,,normal,none,commit
BASIC-03,basic_01_06_900_bugcheck_20260605,308,30.800000000000168,B03_MV,cav,not_applicable,6938.499858908014,-3.5,8.333392121660994,-2.449513652535984e-05,on_ramp,on_ramp_mv,,normal,not_started,commit
BASIC-03,basic_01_06_900_bugcheck_20260605,308,30.800000000000168,B03_CLV,cav,not_applicable,7557.000079803556,0.0,29.99996674851777,1.3854784262434806e-05,lane_2,mainline,,normal,none,commit
BASIC-03,basic_01_06_900_bugcheck_20260605,308,30.800000000000168,B03_CFV,cav,not_applicable,7514.784111763105,0.0,30.06342611106735,0.36477716620793776,lane_2,mainline,,normal,none,commit
BASIC-03,basic_01_06_900_bugcheck_20260605,308,30.800000000000168,B03_TLV_CFV,cav,not_applicable,7508.246848030094,3.5,29.999052879699953,-0.44305013627104983,lane_1,mainline,,normal,none,commit
BASIC-03,basic_01_06_900_bugcheck_20260605,308,30.800000000000168,B03_TLV_CLV,cav,not_applicable,7550.620132960393,3.5,29.999944599835352,2.3083401936219163e-05,lane_1,mainline,,normal,none,commit
BASIC-03,basic_01_06_900_bugcheck_20260605,309,30.90000000000017,B03_MV,cav,not_applicable,6939.333197885027,-3.5,8.333389770127887,-2.351533106406123e-05,on_ramp,on_ramp_mv,,normal,not_started,commit
BASIC-03,basic_01_06_900_bugcheck_20260605,309,30.90000000000017,B03_CLV,cav,not_applicable,7560.0000766114135,0.0,29.99996807857706,1.3300592891596353e-05,lane_2,mainline,,normal,none,commit
BASIC-03,basic_01_06_900_bugcheck_20260605,309,30.90000000000017,B03_CFV,cav,not_applicable,7517.782529823754,0.0,29.984180606484365,-0.792455045829869,lane_2,mainline,,normal,none,commit
BASIC-03,basic_01_06_900_bugcheck_20260605,309,30.90000000000017,B03_TLV_CFV,cav,not_applicable,7511.250401089676,3.5,30.035530595823232,0.3647771612327775,lane_1,mainline,,normal,none,commit
BASIC-03,basic_01_06_900_bugcheck_20260605,309,30.90000000000017,B03_TLV_CLV,cav,not_applicable,7553.620127641977,3.5,29.999946815841938,2.2160065859111457e-05,lane_1,mainline,,normal,none,commit
BASIC-03,basic_01_06_900_bugcheck_20260605,310,31.00000000000017,B03_MV,cav,not_applicable,6940.166536636293,-3.5,8.333387512656104,-2.2574717821299828e-05,on_ramp,on_ramp_mv,,normal,not_started,commit
BASIC-03,basic_01_06_900_bugcheck_20260605,310,31.00000000000017,B03_CLV,cav,not_applicable,7563.000073546957,0.0,29.999969355433976,1.2768569176557777e-05,lane_2,mainline,,normal,none,commit
BASIC-03,basic_01_06_900_bugcheck_20260605,310,31.00000000000017,B03_CFV,cav,not_applicable,7520.781736888573,0.0,29.992070648189195,0.0789004170482891,lane_2,mainline,,normal,none,commit
BASIC-03,basic_01_06_900_bugcheck_20260605,310,31.00000000000017,B03_TLV_CFV,cav,not_applicable,7514.246029598759,3.5,29.956285090833187,-0.7924550499004548,lane_1,mainline,,normal,none,commit
BASIC-03,basic_01_06_900_bugcheck_20260605,310,31.00000000000017,B03_TLV_CLV,cav,not_applicable,7556.6201225362975,3.5,29.99994894320826,2.127366322497437e-05,lane_1,mainline,,normal,none,commit
BASIC-03,basic_01_06_900_bugcheck_20260605,311,31.100000000000172,B03_MV,cav,not_applicable,6940.999875170842,-3.5,8.333385345483194,-2.1671729108163618e-05,on_ramp,on_ramp_mv,,normal,not_started,commit
BASIC-03,basic_01_06_900_bugcheck_20260605,311,31.100000000000172,B03_CLV,cav,not_applicable,7566.000070605079,0.0,29.999970581216616,1.225782640972284e-05,lane_2,mainline,,normal,none,commit
BASIC-03,basic_01_06_900_bugcheck_20260605,311,31.100000000000172,B03_CFV,cav,not_applicable,7523.788862229531,0.0,30.071253409584056,0.7918276139486002,lane_2,mainline,,normal,none,commit
BASIC-03,basic_01_06_900_bugcheck_20260605,311,31.100000000000172,B03_TLV_CFV,cav,not_applicable,7517.24244711198,3.5,29.964175132204968,0.07890041371780976,lane_1,mainline,,normal,none,commit
BASIC-03,basic_01_06_900_bugcheck_20260605,311,31.100000000000172,B03_TLV_CLV,cav,not_applicable,7559.620117634846,3.5,29.99995098547993,2.0422716696089085e-05,lane_1,mainline,,normal,none,commit
BASIC-03,basic_01_06_900_bugcheck_20260605,312,31.200000000000173,B03_MV,cav,not_applicable,6941.833213497342,-3.5,8.333383264997199,-2.0804859943979184e-05,on_ramp,on_ramp_mv,,normal,not_started,commit
BASIC-03,basic_01_06_900_bugcheck_20260605,312,31.200000000000173,B03_CLV,cav,not_applicable,7569.000067780876,0.0,29.999971757967952,1.1767513353788673e-05,lane_2,mainline,,normal,none,commit
BASIC-03,basic_01_06_900_bugcheck_20260605,312,31.200000000000173,B03_CFV,cav,not_applicable,7526.791557069149,0.0,30.02694839617985,-0.4430501340420543,lane_2,mainline,,normal,none,commit
BASIC-03,basic_01_06_900_bugcheck_20260605,312,31.200000000000173,B03_TLV_CFV,cav,not_applicable,7520.246782901313,3.5,30.043357893327332,0.7918276112236625,lane_1,mainline,,normal,none,commit
BASIC-03,basic_01_06_900_bugcheck_20260605,312,31.200000000000173,B03_TLV_CLV,cav,not_applicable,7562.620112929452,3.5,29.999952946060734,1.960580802773393e-05,lane_1,mainline,,normal,none,commit
BASIC-03,basic_01_06_900_bugcheck_20260605,313,31.300000000000175,B03_MV,cav,not_applicable,6942.666551624115,-3.5,8.333381267730644,-1.997266554596422e-05,on_ramp,on_ramp_mv,,normal,not_started,commit
BASIC-03,basic_01_06_900_bugcheck_20260605,313,31.300000000000175,B03_CLV,cav,not_applicable,7572.000065069641,0.0,29.999972887649236,1.1296812819239222e-05,lane_2,mainline,,normal,none,commit
BASIC-03,basic_01_06_900_bugcheck_20260605,313,31.300000000000175,B03_CFV,cav,not_applicable,7529.797899680398,0.0,30.0634261124855,0.3647771630565011,lane_2,mainline,,normal,none,commit
BASIC-03,basic_01_06_900_bugcheck_20260605,313,31.300000000000175,B03_TLV_CFV,cav,not_applicable,7523.246688189283,3.5,29.999052879700177,-0.44305013627154877,lane_1,mainline,,normal,none,commit
BASIC-03,basic_01_06_900_bugcheck_20260605,313,31.300000000000175,B03_TLV_CLV,cav,not_applicable,7565.620108412274,3.5,29.999954828218304,1.8821575706340356e-05,lane_1,mainline,,normal,none,commit
BASIC-03,basic_01_06_900_bugcheck_20260605,314,31.400000000000176,B03_MV,cav,not_applicable,6943.49988955915,-3.5,8.333379350354752,-1.9173758924040386e-05,on_ramp,on_ramp_mv,,normal,not_started,commit
BASIC-03,basic_01_06_900_bugcheck_20260605,314,31.400000000000176,B03_CLV,cav,not_applicable,7575.0000624668555,0.0,29.999973972143266,1.0844940305787532e-05,lane_2,mainline,,normal,none,commit
BASIC-03,basic_01_06_900_bugcheck_20260605,314,31.400000000000176,B03_CFV,cav,not_applicable,7532.796317741162,0.0,29.98418060764467,-0.7924550484083173,lane_2,mainline,,normal,none,commit
BASIC-03,basic_01_06_900_bugcheck_20260605,314,31.400000000000176,B03_TLV_CFV,cav,not_applicable,7526.250241248866,3.5,30.035530595823413,0.36477716123236925,lane_1,mainline,,normal,none,commit
BASIC-03,basic_01_06_900_bugcheck_20260605,314,31.400000000000176,B03_TLV_CLV,cav,not_applicable,7568.620104075783,3.5,29.99995663508957,1.8068712678598333e-05,lane_1,mainline,,normal,none,commit
BASIC-03,basic_01_06_900_bugcheck_20260605,315,31.500000000000178,B03_MV,cav,not_applicable,6944.333227310117,-3.5,8.333377509673895,-1.8406808567306144e-05,on_ramp,on_ramp_mv,,normal,not_started,commit
BASIC-03,basic_01_06_900_bugcheck_20260605,315,31.500000000000178,B03_CLV,cav,not_applicable,7578.000059968182,0.0,29.999975013257536,1.0411142693556031e-05,lane_2,mainline,,normal,none,commit
BASIC-03,basic_01_06_900_bugcheck_20260605,315,31.500000000000178,B03_CFV,cav,not_applicable,7535.795524806076,0.0,29.992070649138537,0.07890041493864963,lane_2,mainline,,normal,none,commit
BASIC-03,basic_01_06_900_bugcheck_20260605,315,31.500000000000178,B03_TLV_CFV,cav,not_applicable,7529.245869757949,3.5,29.956285090833333,-0.7924550499007887,lane_1,mainline,,normal,none,commit
BASIC-03,basic_01_06_900_bugcheck_20260605,315,31.500000000000178,B03_TLV_CLV,cav,not_applicable,7571.620099912752,3.5,29.999958369685988,1.734596417151124e-05,lane_1,mainline,,normal,none,commit
BASIC-03,basic_01_06_900_bugcheck_20260605,316,31.60000000000018,B03_MV,cav,not_applicable,6945.166564884379,-3.5,8.333375742620273,-1.7670536224301258e-05,on_ramp,on_ramp_mv,,normal,not_started,commit
BASIC-03,basic_01_06_900_bugcheck_20260605,316,31.60000000000018,B03_CLV,cav,not_applicable,7581.000057569454,0.0,29.999976012727235,9.994696985415886e-06,lane_2,mainline,,normal,none,commit
BASIC-03,basic_01_06_900_bugcheck_20260605,316,31.60000000000018,B03_CFV,cav,not_applicable,7538.802650147112,0.0,30.07125341036079,0.7918276122225315,lane_2,mainline,,normal,none,commit
BASIC-03,basic_01_06_900_bugcheck_20260605,316,31.60000000000018,B03_TLV_CFV,cav,not_applicable,7532.2422872711695,3.5,29.964175132205085,0.07890041371753653,lane_1,mainline,,normal,none,commit
BASIC-03,basic_01_06_900_bugcheck_20260605,316,31.60000000000018,B03_TLV_CLV,cav,not_applicable,7574.6200959162425,3.5,29.99996003489855,1.6652125604821322e-05,lane_1,mainline,,normal,none,commit
BASIC-03,basic_01_06_900_bugcheck_20260605,317,31.70000000000018,B03_MV,cav,not_applicable,6945.999902289004,-3.5,8.333374046248796,-1.696371477564185e-05,on_ramp,on_ramp_mv,,normal,not_started,commit
BASIC-03,basic_01_06_900_bugcheck_20260605,317,31.70000000000018,B03_CLV,cav,not_applicable,7584.000055266676,0.0,29.999976972218146,9.594909106169781e-06,lane_2,mainline,,normal,none,commit
BASIC-03,basic_01_06_900_bugcheck_20260605,317,31.70000000000018,B03_CFV,cav,not_applicable,7541.805344986794,0.0,30.02694839681536,-0.4430501354542924,lane_2,mainline,,normal,none,commit
BASIC-03,basic_01_06_900_bugcheck_20260605,317,31.70000000000018,B03_TLV_CFV,cav,not_applicable,7535.246623060502,3.5,30.04335789332743,0.791827611223439,lane_1,mainline,,normal,none,commit
BASIC-03,basic_01_06_900_bugcheck_20260605,317,31.70000000000018,B03_TLV_CLV,cav,not_applicable,7577.620092079593,3.5,29.999961633502608,1.598604058017372e-05,lane_1,mainline,,normal,none,commit
BASIC-03,basic_01_06_900_bugcheck_20260605,318,31.800000000000182,B03_MV,cav,not_applicable,6946.833239530777,-3.5,8.333372417732177,-1.6285166184815127e-05,on_ramp,on_ramp_mv,,normal,not_started,commit
BASIC-03,basic_01_06_900_bugcheck_20260605,318,31.800000000000182,B03_CLV,cav,not_applicable,7587.000053056009,0.0,29.99997789332942,9.211112741525085e-06,lane_2,mainline,,normal,none,commit
BASIC-03,basic_01_06_900_bugcheck_20260605,318,31.800000000000182,B03_CFV,cav,not_applicable,7544.811687598094,0.0,30.063426113005463,0.36477716190103354,lane_2,mainline,,normal,none,commit
BASIC-03,basic_01_06_900_bugcheck_20260605,318,31.800000000000182,B03_TLV_CFV,cav,not_applicable,7538.246528348473,3.5,29.999052879700255,-0.4430501362717316,lane_1,mainline,,normal,none,commit
BASIC-03,basic_01_06_900_bugcheck_20260605,318,31.800000000000182,B03_TLV_CLV,cav,not_applicable,7580.620088396409,3.5,29.999963168162502,1.5346598956966773e-05,lane_1,mainline,,normal,none,commit
BASIC-03,basic_01_06_900_bugcheck_20260605,319,31.900000000000183,B03_MV,cav,not_applicable,6947.666576616212,-3.5,8.333370854356223,-1.563375953708146e-05,on_ramp,on_ramp_mv,,normal,not_started,commit
BASIC-03,basic_01_06_900_bugcheck_20260605,319,31.900000000000183,B03_CLV,cav,not_applicable,7590.000050933769,0.0,29.99997877759624,8.84266823248936e-06,lane_2,mainline,,normal,none,commit
BASIC-03,basic_01_06_900_bugcheck_20260605,319,31.900000000000183,B03_CFV,cav,not_applicable,7547.810105658901,0.0,29.984180608070094,-0.7924550493536997,lane_2,mainline,,normal,none,commit
BASIC-03,basic_01_06_900_bugcheck_20260605,319,31.900000000000183,B03_TLV_CFV,cav,not_applicable,7541.250081408055,3.5,30.035530595823477,0.36477716123221965,lane_1,mainline,,normal,none,commit
BASIC-03,basic_01_06_900_bugcheck_20260605,319,31.900000000000183,B03_TLV_CLV,cav,not_applicable,7583.620084860553,3.5,29.999964641436,1.4732734999256537e-05,lane_1,mainline,,normal,none,commit
BASIC-03,basic_01_06_900_bugcheck_20260605,320,32.000000000000185,B03_MV,cav,not_applicable,6948.499913551564,-3.5,8.333369353515307,-1.5008409155825576e-05,on_ramp,on_ramp_mv,,normal,not_started,commit
BASIC-03,basic_01_06_900_bugcheck_20260605,320,32.000000000000185,B03_CLV,cav,not_applicable,7593.000048896418,0.0,29.99997962649239,8.488961503871905e-06,lane_2,mainline,,normal,none,commit
BASIC-03,basic_01_06_900_bugcheck_20260605,320,32.000000000000185,B03_CFV,cav,not_applicable,7550.80931272385,0.0,29.99207064948661,0.07890041416515481,lane_2,mainline,,normal,none,commit
BASIC-03,basic_01_06_900_bugcheck_20260605,320,32.000000000000185,B03_TLV_CFV,cav,not_applicable,7544.245709917138,3.5,29.956285090833386,-0.7924550499009111,lane_1,mainline,,normal,none,commit
BASIC-03,basic_01_06_900_bugcheck_20260605,320,32.000000000000185,B03_TLV_CLV,cav,not_applicable,7586.620081466131,3.5,29.99996605577856,1.4143425599399962e-05,lane_1,mainline,,normal,none,commit
BASIC-03,basic_01_06_900_bugcheck_20260605,321,32.100000000000186,B03_MV,cav,not_applicable,6949.333250342835,-3.5,8.333367912708027,-1.4408072789251492e-05,on_ramp,on_ramp_mv,,normal,not_started,commit
BASIC-03,basic_01_06_900_bugcheck_20260605,321,32.100000000000186,B03_CLV,cav,not_applicable,7596.000046940561,0.0,29.999980441432694,8.149403043944403e-06,lane_2,mainline,,normal,none,commit
BASIC-03,basic_01_06_900_bugcheck_20260605,321,32.100000000000186,B03_CFV,cav,not_applicable,7553.8157688555375,0.0,30.06456131687534,0.7249066738873167,lane_2,mainline,,normal,none,commit
BASIC-03,basic_01_06_900_bugcheck_20260605,321,32.100000000000186,B03_TLV_CFV,cav,not_applicable,7547.242127430359,3.5,29.96417513220513,0.0789004137174365,lane_1,mainline,,normal,none,commit
BASIC-03,basic_01_06_900_bugcheck_20260605,321,32.100000000000186,B03_TLV_CLV,cav,not_applicable,7589.620078207486,3.5,29.99996741354742,1.3577688575594495e-05,lane_1,mainline,,normal,none,commit
BASIC-03,basic_01_06_900_bugcheck_20260605,322,32.20000000000019,B03_MV,cav,not_applicable,6950.166586995788,-3.5,8.33336652953304,-1.3831749877368794e-05,on_ramp,on_ramp_mv,,normal,not_started,commit
BASIC-03,basic_01_06_900_bugcheck_20260605,322,32.20000000000019,B03_CLV,cav,not_applicable,7599.000045062939,0.0,29.999981223775386,7.823426922470845e-06,lane_2,mainline,,normal,none,commit
BASIC-03,basic_01_06_900_bugcheck_20260605,322,32.20000000000019,B03_CFV,cav,not_applicable,7556.817246950921,0.0,30.014780953829757,-0.49780363045583176,lane_2,mainline,,normal,none,commit
BASIC-03,basic_01_06_900_bugcheck_20260605,322,32.20000000000019,B03_TLV_CFV,cav,not_applicable,7550.246463219692,3.5,30.043357893327467,0.7918276112233571,lane_1,mainline,,normal,none,commit
BASIC-03,basic_01_06_900_bugcheck_20260605,322,32.20000000000019,B03_TLV_CLV,cav,not_applicable,7592.620075079186,3.5,29.999968717005522,1.3034581031945436e-05,lane_1,mainline,,normal,none,commit
BASIC-03,basic_01_06_900_bugcheck_20260605,323,32.30000000000019,B03_MV,cav,not_applicable,6951.039923648741,-3.5,8.73336652953304,4.0,on_ramp,on_ramp_mv,,normal,not_started,commit
BASIC-03,basic_01_06_900_bugcheck_20260605,323,32.30000000000019,B03_CLV,cav,not_applicable,7602.000043260421,0.0,29.99998197482437,7.5104898456856976e-06,lane_2,mainline,,normal,none,commit
BASIC-03,basic_01_06_900_bugcheck_20260605,323,32.30000000000019,B03_CFV,cav,not_applicable,7559.821924834782,0.0,30.046778838610642,0.319978847808865,lane_2,mainline,,normal,none,commit
BASIC-03,basic_01_06_900_bugcheck_20260605,323,32.30000000000019,B03_TLV_CFV,cav,not_applicable,7553.246368507662,3.5,29.999052879700287,-0.4430501362717987,lane_1,mainline,,normal,none,commit
BASIC-03,basic_01_06_900_bugcheck_20260605,323,32.30000000000019,B03_TLV_CLV,cav,not_applicable,7595.620072076018,3.5,29.999969968325303,1.251319779100868e-05,lane_1,mainline,,normal,none,commit
BASIC-03,basic_01_06_900_bugcheck_20260605,324,32.40000000000019,B03_MV,cav,not_applicable,6951.953260301694,-3.5,9.13336652953304,4.0,on_ramp,on_ramp_mv,,normal,not_started,commit
BASIC-03,basic_01_06_900_bugcheck_20260605,324,32.40000000000019,B03_CLV,cav,not_applicable,7605.000041530005,0.0,29.999982695831395,7.210070252483547e-06,lane_2,mainline,,normal,none,commit
BASIC-03,basic_01_06_900_bugcheck_20260605,324,32.40000000000019,B03_CFV,cav,not_applicable,7562.818311636489,0.0,29.963868017067732,-0.8291082154291104,lane_2,mainline,,normal,none,commit
BASIC-03,basic_01_06_900_bugcheck_20260605,324,32.40000000000019,B03_TLV_CFV,cav,not_applicable,7556.249921567244,3.5,30.035530595823502,0.36477716123216475,lane_1,mainline,,normal,none,commit
BASIC-03,basic_01_06_900_bugcheck_20260605,324,32.40000000000019,B03_TLV_CLV,cav,not_applicable,7598.620069192977,3.5,29.99997116959229,1.2012669878913585e-05,lane_1,mainline,,normal,none,commit
BASIC-03,basic_01_06_900_bugcheck_20260605,325,32.50000000000019,B03_MV,cav,not_applicable,6952.906596954647,-3.5,9.53336652953304,4.0,on_ramp,on_ramp_mv,,normal,not_started,commit
BASIC-03,basic_01_06_900_bugcheck_20260605,325,32.50000000000019,B03_CLV,cav,not_applicable,7608.000039868804,0.0,29.99998338799814,6.921667441872614e-06,lane_2,mainline,,normal,none,commit
BASIC-03,basic_01_06_900_bugcheck_20260605,325,32.50000000000019,B03_CFV,cav,not_applicable,7565.8151875527965,0.0,29.968759163078076,0.04891146010345515,lane_2,mainline,,normal,none,commit
BASIC-03,basic_01_06_900_bugcheck_20260605,325,32.50000000000019,B03_TLV_CFV,cav,not_applicable,7559.245550076327,3.5,29.956285090833408,-0.792455049900956,lane_1,mainline,,normal,none,commit
BASIC-03,basic_01_06_900_bugcheck_20260605,325,32.50000000000019,B03_TLV_CLV,cav,not_applicable,7601.620066425258,3.5,29.9999723228086,1.153216308438232e-05,lane_1,mainline,,normal,none,commit
BASIC-03,basic_01_06_900_bugcheck_20260605,326,32.60000000000019,B03_MV,cav,not_applicable,6953.8999336076,-3.5,9.933366529533041,4.0,on_ramp,on_ramp_mv,,normal,not_started,commit
BASIC-03,basic_01_06_900_bugcheck_20260605,326,32.60000000000019,B03_CLV,cav,not_applicable,7611.000038274052,0.0,29.99998405247821,6.6448007444819275e-06,lane_2,mainline,,normal,none,commit
BASIC-03,basic_01_06_900_bugcheck_20260605,326,32.60000000000019,B03_CFV,cav,not_applicable,7568.8197363810505,0.0,30.045488282541086,0.7672911946300996,lane_2,mainline,,normal,none,commit
BASIC-03,basic_01_06_900_bugcheck_20260605,326,32.60000000000019,B03_TLV_CFV,cav,not_applicable,7562.241967589548,3.5,29.96417513220515,0.07890041371739964,lane_1,mainline,,normal,none,commit
BASIC-03,basic_01_06_900_bugcheck_20260605,326,32.60000000000019,B03_TLV_CLV,cav,not_applicable,7604.620063768248,3.5,29.999973429896254,1.1070876560381748e-05,lane_1,mainline,,normal,none,commit
BASIC-03,basic_01_06_900_bugcheck_20260605,327,32.700000000000195,B03_MV,cav,not_applicable,6954.933270260553,-3.5,10.333366529533041,4.0,on_ramp,on_ramp_mv,,normal,not_started,commit
BASIC-03,basic_01_06_900_bugcheck_20260605,327,32.700000000000195,B03_CLV,cav,not_applicable,7614.000036743089,0.0,29.999984690379083,6.379008715384771e-06,lane_2,mainline,,normal,none,commit
BASIC-03,basic_01_06_900_bugcheck_20260605,327,32.700000000000195,B03_CFV,cav,not_applicable,7571.819653955443,0.0,29.999175743919913,-0.4631253862117366,lane_2,mainline,,normal,none,commit
BASIC-03,basic_01_06_900_bugcheck_20260605,327,32.700000000000195,B03_TLV_CFV,cav,not_applicable,7565.246303378881,3.5,30.04335789332748,0.791827611223327,lane_1,mainline,,normal,none,commit
BASIC-03,basic_01_06_900_bugcheck_20260605,327,32.700000000000195,B03_TLV_CLV,cav,not_applicable,7607.620061217518,3.5,29.999974492700403,1.0628041498250696e-05,lane_1,mainline,,normal,none,commit
BASIC-03,basic_01_06_900_bugcheck_20260605,328,32.800000000000196,B03_MV,cav,not_applicable,6956.006606913506,-3.5,10.733366529533042,4.0,on_ramp,on_ramp_mv,,normal,not_started,commit
BASIC-03,basic_01_06_900_bugcheck_20260605,328,32.800000000000196,B03_CLV,cav,not_applicable,7617.000035273366,0.0,29.99998530276392,6.123848366712537e-06,lane_2,mainline,,normal,none,commit
BASIC-03,basic_01_06_900_bugcheck_20260605,328,32.800000000000196,B03_CFV,cav,not_applicable,7574.823055049402,0.0,30.0340109395935,0.3483519567358519,lane_2,mainline,,normal,none,commit
BASIC-03,basic_01_06_900_bugcheck_20260605,328,32.800000000000196,B03_TLV_CFV,cav,not_applicable,7568.246208666851,3.5,29.9990528797003,-0.4430501362718233,lane_1,mainline,,normal,none,commit
BASIC-03,basic_01_06_900_bugcheck_20260605,328,32.800000000000196,B03_TLV_CLV,cav,not_applicable,7610.620058768817,3.5,29.999975512992386,1.0202919838775415e-05,lane_1,mainline,,normal,none,commit
BASIC-03,basic_01_06_900_bugcheck_20260605,329,32.9000000000002,B03_MV,cav,not_applicable,6957.119943566459,-3.5,11.133366529533042,4.0,on_ramp,on_ramp_mv,,normal,not_started,commit
BASIC-03,basic_01_06_900_bugcheck_20260605,329,32.9000000000002,B03_CLV,cav,not_applicable,7620.000033862431,0.0,29.999985890653363,5.8788944315324445e-06,lane_2,mainline,,normal,none,commit
BASIC-03,basic_01_06_900_bugcheck_20260605,329,32.9000000000002,B03_CFV,cav,not_applicable,7577.8183972048255,0.0,29.953421554235526,-0.8058938535797575,lane_2,mainline,,normal,none,commit
BASIC-03,basic_01_06_900_bugcheck_20260605,329,32.9000000000002,B03_TLV_CFV,cav,not_applicable,7571.2497617264335,3.5,30.035530595823516,0.3647771612321446,lane_1,mainline,,normal,none,commit
BASIC-03,basic_01_06_900_bugcheck_20260605,329,32.9000000000002,B03_TLV_CLV,cav,not_applicable,7613.620056418064,3.5,29.99997649247269,9.794803045792834e-06,lane_1,mainline,,normal,none,commit
BASIC-03,basic_01_06_900_bugcheck_20260605,330,33.0000000000002,B03_MV,cav,not_applicable,6958.273280219412,-3.5,11.533366529533042,4.0,on_ramp,on_ramp_mv,,normal,not_started,commit
BASIC-03,basic_01_06_900_bugcheck_20260605,330,33.0000000000002,B03_CLV,cav,not_applicable,7623.000032507934,0.0,29.99998645502723,5.643738654725894e-06,lane_2,mainline,,normal,none,commit
BASIC-03,basic_01_06_900_bugcheck_20260605,330,33.0000000000002,B03_CFV,cav,not_applicable,7580.814418410538,0.0,29.960212057124455,0.0679050288892894,lane_2,mainline,,normal,none,commit
BASIC-03,basic_01_06_900_bugcheck_20260605,330,33.0000000000002,B03_TLV_CFV,cav,not_applicable,7574.245390235516,3.5,29.95628509083342,-0.7924550499009726,lane_1,mainline,,normal,none,commit
BASIC-03,basic_01_06_900_bugcheck_20260605,330,33.0000000000002,B03_TLV_CLV,cav,not_applicable,7616.620054161342,3.5,29.999977432773782,9.403010923847433e-06,lane_1,mainline,,normal,none,commit
BASIC-03,basic_01_06_900_bugcheck_20260605,331,33.1000000000002,B03_MV,cav,not_applicable,6959.466616872365,-3.5,11.933366529533043,4.0,on_ramp,on_ramp_mv,,normal,not_started,commit
BASIC-03,basic_01_06_900_bugcheck_20260605,331,33.1000000000002,B03_CLV,cav,not_applicable,7626.000031207616,0.0,29.99998699682614,5.417989108025267e-06,lane_2,mainline,,normal,none,commit
BASIC-03,basic_01_06_900_bugcheck_20260605,331,33.1000000000002,B03_CFV,cav,not_applicable,7583.818267930123,0.0,30.03849519585176,0.782831387273055,lane_2,mainline,,normal,none,commit
BASIC-03,basic_01_06_900_bugcheck_20260605,331,33.1000000000002,B03_TLV_CFV,cav,not_applicable,7577.241807748737,3.5,29.964175132205156,0.0789004137173861,lane_1,mainline,,normal,none,commit
BASIC-03,basic_01_06_900_bugcheck_20260605,331,33.1000000000002,B03_TLV_CLV,cav,not_applicable,7619.620051994888,3.5,29.99997833546283,9.026890487007222e-06,lane_1,mainline,,normal,none,commit
BASIC-03,basic_01_06_900_bugcheck_20260605,332,33.2000000000002,B03_MV,cav,not_applicable,6960.699953525318,-3.5,12.333366529533043,4.0,on_ramp,on_ramp_mv,,normal,not_started,commit
BASIC-03,basic_01_06_900_bugcheck_20260605,332,33.2000000000002,B03_CLV,cav,not_applicable,7629.000029959311,0.0,29.999987516953095,5.20126954342004e-06,lane_2,mainline,,normal,none,commit
BASIC-03,basic_01_06_900_bugcheck_20260605,332,33.2000000000002,B03_CFV,cav,not_applicable,7586.817613342876,0.0,29.993454127537735,-0.4504106831402277,lane_2,mainline,,normal,none,commit
BASIC-03,basic_01_06_900_bugcheck_20260605,332,33.2000000000002,B03_TLV_CFV,cav,not_applicable,7580.24614353807,3.5,30.04335789332749,0.7918276112233159,lane_1,mainline,,normal,none,commit
BASIC-03,basic_01_06_900_bugcheck_20260605,332,33.2000000000002,B03_TLV_CLV,cav,not_applicable,7622.620049915093,3.5,29.99997920204432,8.66581486747009e-06,lane_1,mainline,,normal,none,commit
BASIC-03,basic_01_06_900_bugcheck_20260605,333,33.3000000000002,B03_MV,cav,not_applicable,6961.973290178272,-3.5,12.733366529533043,4.0,on_ramp,on_ramp_mv,,normal,not_started,commit
BASIC-03,basic_01_06_900_bugcheck_20260605,333,33.3000000000002,B03_CLV,cav,not_applicable,7632.000028760938,0.0,29.99998801627497,4.993218762194829e-06,lane_2,mainline,,normal,none,commit
BASIC-03,basic_01_06_900_bugcheck_20260605,333,33.3000000000002,B03_CFV,cav,not_applicable,7589.820546304586,0.0,30.029329617098988,0.35875489561254104,lane_2,mainline,,normal,none,commit
BASIC-03,basic_01_06_900_bugcheck_20260605,333,33.3000000000002,B03_TLV_CFV,cav,not_applicable,7583.24604882604,3.5,29.999052879700304,-0.44305013627183243,lane_1,mainline,,normal,none,commit
BASIC-03,basic_01_06_900_bugcheck_20260605,333,33.3000000000002,B03_TLV_CLV,cav,not_applicable,7625.620047918489,3.5,29.999980033962547,8.31918227248707e-06,lane_1,mainline,,normal,none,commit
BASIC-03,basic_01_06_900_bugcheck_20260605,334,33.400000000000205,B03_MV,cav,not_applicable,6963.2866268312255,-3.5,13.133366529533044,4.0,on_ramp,on_ramp_mv,,normal,not_started,commit
BASIC-03,basic_01_06_900_bugcheck_20260605,334,33.400000000000205,B03_CLV,cav,not_applicable,7635.0000276105,0.0,29.99998849562397,4.793490012389157e-06,lane_2,mainline,,normal,none,commit
BASIC-03,basic_01_06_900_bugcheck_20260605,334,33.400000000000205,B03_CFV,cav,not_applicable,7592.815505442714,0.0,29.94959138128547,-0.7973823581351936,lane_2,mainline,,normal,none,commit
BASIC-03,basic_01_06_900_bugcheck_20260605,334,33.400000000000205,B03_TLV_CFV,cav,not_applicable,7586.249601885623,3.5,30.03553059582352,0.36477716123213716,lane_1,mainline,,normal,none,commit
BASIC-03,basic_01_06_900_bugcheck_20260605,334,33.400000000000205,B03_TLV_CLV,cav,not_applicable,7628.62004600175,3.5,29.999980832604045,7.986414981075996e-06,lane_1,mainline,,normal,none,commit
BASIC-03,basic_01_06_900_bugcheck_20260605,335,33.500000000000206,B03_MV,cav,not_applicable,6964.639963484179,-3.5,13.533366529533044,4.0,on_ramp,on_ramp_mv,,normal,not_started,commit
BASIC-03,basic_01_06_900_bugcheck_20260605,335,33.500000000000206,B03_CLV,cav,not_applicable,7638.00002650608,0.0,29.99998895579901,4.601750411836747e-06,lane_2,mainline,,normal,none,commit
BASIC-03,basic_01_06_900_bugcheck_20260605,335,33.500000000000206,B03_CFV,cav,not_applicable,7595.81121327064,0.0,29.957078279256226,0.0748689797075689,lane_2,mainline,,normal,none,commit
BASIC-03,basic_01_06_900_bugcheck_20260605,335,33.500000000000206,B03_TLV_CFV,cav,not_applicable,7589.245230394706,3.5,29.956285090833422,-0.7924550499009786,lane_1,mainline,,normal,none,commit
BASIC-03,basic_01_06_900_bugcheck_20260605,335,33.500000000000206,B03_TLV_CLV,cav,not_applicable,7631.62004416168,3.5,29.999981599299883,7.666958381946642e-06,lane_1,mainline,,normal,none,commit
BASIC-03,basic_01_06_900_bugcheck_20260605,336,33.60000000000021,B03_MV,cav,not_applicable,6966.033300137133,-3.5,13.933366529533044,4.0,on_ramp,on_ramp_mv,,normal,not_started,commit
BASIC-03,basic_01_06_900_bugcheck_20260605,336,33.60000000000021,B03_CLV,cav,not_applicable,7641.000025445836,0.0,29.999989397567052,4.417680395363277e-06,lane_2,mainline,,normal,none,commit
BASIC-03,basic_01_06_900_bugcheck_20260605,336,33.60000000000021,B03_CFV,cav,not_applicable,7598.814806390218,0.0,30.035931195777756,0.7885291652152837,lane_2,mainline,,normal,none,commit
BASIC-03,basic_01_06_900_bugcheck_20260605,336,33.60000000000021,B03_TLV_CFV,cav,not_applicable,7592.241647907927,3.5,29.96417513220516,0.07890041371738121,lane_1,mainline,,normal,none,commit
BASIC-03,basic_01_06_900_bugcheck_20260605,336,33.60000000000021,B03_TLV_CLV,cav,not_applicable,7634.620042395213,3.5,29.999982335327886,7.3602800469529945e-06,lane_1,mainline,,normal,none,commit
BASIC-03,basic_01_06_900_bugcheck_20260605,337,33.70000000000021,B03_MV,cav,not_applicable,6967.466636790086,-3.5,14.333366529533045,4.0,on_ramp,on_ramp_mv,,normal,not_started,commit
BASIC-03,basic_01_06_900_bugcheck_20260605,337,33.70000000000021,B03_CLV,cav,not_applicable,7644.000024428003,0.0,29.99998982166437,4.240973179037155e-06,lane_2,mainline,,normal,none,commit
BASIC-03,basic_01_06_900_bugcheck_20260605,337,33.70000000000021,B03_CFV,cav,not_applicable,7601.813942021147,0.0,29.99135630929537,-0.4457488648238588,lane_2,mainline,,normal,none,commit
BASIC-03,basic_01_06_900_bugcheck_20260605,337,33.70000000000021,B03_TLV_CFV,cav,not_applicable,7595.245983697259,3.5,30.043357893327492,0.7918276112233119,lane_1,mainline,,normal,none,commit
BASIC-03,basic_01_06_900_bugcheck_20260605,337,33.70000000000021,B03_TLV_CLV,cav,not_applicable,7637.620040699405,3.5,29.99998304191477,7.065868845756996e-06,lane_1,mainline,,normal,none,commit
BASIC-03,basic_01_06_900_bugcheck_20260605,338,33.80000000000021,B03_MV,cav,not_applicable,6968.93997344304,-3.5,14.733366529533045,4.0,on_ramp,on_ramp_mv,,normal,not_started,commit
BASIC-03,basic_01_06_900_bugcheck_20260605,338,33.80000000000021,B03_CLV,cav,not_applicable,7647.0000234508825,0.0,29.999990228797795,4.071334251420922e-06,lane_2,mainline,,normal,none,commit
BASIC-03,basic_01_06_900_bugcheck_20260605,338,33.80000000000021,B03_CFV,cav,not_applicable,7604.816703343183,0.0,30.027613220355235,0.36256911059866104,lane_2,mainline,,normal,none,commit
BASIC-03,basic_01_06_900_bugcheck_20260605,338,33.80000000000021,B03_TLV_CFV,cav,not_applicable,7598.24588898523,3.5,29.999052879700308,-0.44305013627183565,lane_1,mainline,,normal,none,commit
BASIC-03,basic_01_06_900_bugcheck_20260605,338,33.80000000000021,B03_TLV_CLV,cav,not_applicable,7640.620039071428,3.5,29.99998372023818,6.783234091756185e-06,lane_1,mainline,,normal,none,commit
BASIC-03,basic_01_06_900_bugcheck_20260605,339,33.90000000000021,B03_MV,cav,not_applicable,6970.453310095993,-3.5,15.133366529533046,4.0,on_ramp,on_ramp_mv,,normal,not_started,commit
BASIC-03,basic_01_06_900_bugcheck_20260605,339,33.90000000000021,B03_CLV,cav,not_applicable,7650.000022512847,0.0,29.999990619645885,3.908480881875676e-06,lane_2,mainline,,normal,none,commit
BASIC-03,basic_01_06_900_bugcheck_20260605,339,33.90000000000021,B03_CFV,cav,not_applicable,7607.811522048851,0.0,29.948187056676943,-0.7942616367829136,lane_2,mainline,,normal,none,commit
BASIC-03,basic_01_06_900_bugcheck_20260605,339,33.90000000000021,B03_TLV_CFV,cav,not_applicable,7601.249442044812,3.5,30.03553059582352,0.3647771612321345,lane_1,mainline,,normal,none,commit
BASIC-03,basic_01_06_900_bugcheck_20260605,339,33.90000000000021,B03_TLV_CLV,cav,not_applicable,7643.620037508571,3.5,29.999984371428653,6.511904727801721e-06,lane_1,mainline,,normal,none,commit
BASIC-03,basic_01_06_900_bugcheck_20260605,340,34.00000000000021,B03_MV,cav,not_applicable,6972.006646748947,-3.5,15.533366529533046,4.0,on_ramp,on_ramp_mv,,normal,not_started,commit
BASIC-03,basic_01_06_900_bugcheck_20260605,340,34.00000000000021,B03_CLV,cav,not_applicable,7653.000021612333,0.0,29.99999099486005,3.752141645918528e-06,lane_2,mainline,,normal,none,commit
BASIC-03,basic_01_06_900_bugcheck_20260605,340,34.00000000000021,B03_CFV,cav,not_applicable,7610.8071149774905,0.0,29.955929286394706,0.07742229717761617,lane_2,mainline,,normal,none,commit
BASIC-03,basic_01_06_900_bugcheck_20260605,340,34.00000000000021,B03_TLV_CFV,cav,not_applicable,7604.245070553895,3.5,29.956285090833422,-0.7924550499009808,lane_1,mainline,,normal,none,commit
BASIC-03,basic_01_06_900_bugcheck_20260605,340,34.00000000000021,B03_TLV_CLV,cav,not_applicable,7646.620036008228,3.5,29.999984996571506,6.251428538917026e-06,lane_1,mainline,,normal,none,commit
BASIC-03,basic_01_06_900_bugcheck_20260605,341,34.100000000000215,B03_MV,cav,not_applicable,6973.5999834019,-3.5,15.933366529533046,4.0,on_ramp,on_ramp_mv,,normal,not_started,commit
BASIC-03,basic_01_06_900_bugcheck_20260605,341,34.100000000000215,B03_CLV,cav,not_applicable,7656.000020747839,0.0,29.999991355065646,3.602055980422847e-06,lane_2,mainline,,normal,none,commit
BASIC-03,basic_01_06_900_bugcheck_20260605,341,34.100000000000215,B03_CFV,cav,not_applicable,7613.810614088561,0.0,30.03499111070924,0.7906182431453224,lane_2,mainline,,normal,none,commit
BASIC-03,basic_01_06_900_bugcheck_20260605,341,34.100000000000215,B03_TLV_CFV,cav,not_applicable,7607.241488067116,3.5,29.96417513220516,0.07890041371737944,lane_1,mainline,,normal,none,commit
BASIC-03,basic_01_06_900_bugcheck_20260605,341,34.100000000000215,B03_TLV_CLV,cav,not_applicable,7649.620034567899,3.5,29.999985596708644,6.001371397701405e-06,lane_1,mainline,,normal,none,commit
BASIC-03,basic_01_06_900_bugcheck_20260605,342,34.200000000000216,B03_MV,cav,not_applicable,6975.233320054854,-3.5,16.333366529533045,4.0,on_ramp,on_ramp_mv,,normal,not_started,commit
BASIC-03,basic_01_06_900_bugcheck_20260605,342,34.200000000000216,B03_CLV,cav,not_applicable,7659.000019917925,0.0,29.99999170086302,3.4579737416606807e-06,lane_2,mainline,,normal,none,commit
BASIC-03,basic_01_06_900_bugcheck_20260605,342,34.200000000000216,B03_CFV,cav,not_applicable,7616.80967280344,0.0,29.990587148784766,-0.44403961924473623,lane_2,mainline,,normal,none,commit
BASIC-03,basic_01_06_900_bugcheck_20260605,342,34.200000000000216,B03_TLV_CFV,cav,not_applicable,7610.245823856449,3.5,30.043357893327492,0.7918276112233105,lane_1,mainline,,normal,none,commit
BASIC-03,basic_01_06_900_bugcheck_20260605,342,34.200000000000216,B03_TLV_CLV,cav,not_applicable,7652.620033185183,3.5,29.9999861728403,5.761316542418627e-06,lane_1,mainline,,normal,none,commit
BASIC-03,basic_01_06_900_bugcheck_20260605,343,34.30000000000022,B03_MV,cav,not_applicable,6976.906656707807,-3.5,16.733366529533043,4.0,on_ramp,on_ramp_mv,,normal,not_started,commit
BASIC-03,basic_01_06_900_bugcheck_20260605,343,34.30000000000022,B03_CLV,cav,not_applicable,7662.0000191212075,0.0,29.9999920328285,3.3196547917668797e-06,lane_2,mainline,,normal,none,commit
BASIC-03,basic_01_06_900_bugcheck_20260605,343,34.30000000000022,B03_CFV,cav,not_applicable,7619.812371194161,0.0,30.026983907210195,0.36396758425430675,lane_2,mainline,,normal,none,commit
BASIC-03,basic_01_06_900_bugcheck_20260605,343,34.30000000000022,B03_TLV_CFV,cav,not_applicable,7613.245729144419,3.5,29.999052879700308,-0.44305013627183687,lane_1,mainline,,normal,none,commit
BASIC-03,basic_01_06_900_bugcheck_20260605,343,34.30000000000022,B03_TLV_CLV,cav,not_applicable,7655.620031857776,3.5,29.999986725926686,5.530863880665038e-06,lane_1,mainline,,normal,none,commit
BASIC-03,basic_01_06_900_bugcheck_20260605,344,34.40000000000022,B03_MV,cav,not_applicable,6978.61999336076,-3.5,17.133366529533042,4.0,on_ramp,on_ramp_mv,,normal,not_started,commit
BASIC-03,basic_01_06_900_bugcheck_20260605,344,34.40000000000022,B03_CLV,cav,not_applicable,7665.000018356359,0.0,29.99999235151536,3.1868685994140835e-06,lane_2,mainline,,normal,none,commit
BASIC-03,basic_01_06_900_bugcheck_20260605,344,34.40000000000022,B03_CFV,cav,not_applicable,7622.8071384105715,0.0,29.94767216410373,-0.793117431064658,lane_2,mainline,,normal,none,commit
BASIC-03,basic_01_06_900_bugcheck_20260605,344,34.40000000000022,B03_TLV_CFV,cav,not_applicable,7616.249282204001,3.5,30.03553059582352,0.3647771612321335,lane_1,mainline,,normal,none,commit
BASIC-03,basic_01_06_900_bugcheck_20260605,344,34.40000000000022,B03_TLV_CLV,cav,not_applicable,7658.6200305834645,3.5,29.999987256889618,5.309629325722654e-06,lane_1,mainline,,normal,none,commit
BASIC-03,basic_01_06_900_bugcheck_20260605,345,34.50000000000022,B03_MV,cav,not_applicable,6980.373330013714,-3.5,17.53336652953304,4.0,on_ramp,on_ramp_mv,,normal,not_started,commit
BASIC-03,basic_01_06_900_bugcheck_20260605,345,34.50000000000022,B03_CLV,cav,not_applicable,7668.000017622105,0.0,29.999992657454744,3.0593938561196413e-06,lane_2,mainline,,normal,none,commit
BASIC-03,basic_01_06_900_bugcheck_20260605,345,34.50000000000022,B03_CFV,cav,not_applicable,7625.802689211637,0.0,29.955508010652984,0.07835846549255254,lane_2,mainline,,normal,none,commit
BASIC-03,basic_01_06_900_bugcheck_20260605,345,34.50000000000022,B03_TLV_CFV,cav,not_applicable,7619.244910713084,3.5,29.956285090833422,-0.7924550499009817,lane_1,mainline,,normal,none,commit
BASIC-03,basic_01_06_900_bugcheck_20260605,345,34.50000000000022,B03_TLV_CLV,cav,not_applicable,7661.620029360126,3.5,29.999987766614034,5.097244152807434e-06,lane_1,mainline,,normal,none,commit
BASIC-03,basic_01_06_900_bugcheck_20260605,346,34.60000000000022,B03_MV,cav,not_applicable,6982.166666666667,-3.5,17.93336652953304,4.0,on_ramp,on_ramp_mv,,normal,not_started,commit
BASIC-03,basic_01_06_900_bugcheck_20260605,346,34.60000000000022,B03_CLV,cav,not_applicable,7671.00001691722,0.0,29.999992951156553,2.937018102500133e-06,lane_2,mainline,,normal,none,commit
BASIC-03,basic_01_06_900_bugcheck_20260605,346,34.60000000000022,B03_CFV,cav,not_applicable,7628.806153854693,0.0,30.034646430556922,0.7913841990393612,lane_2,mainline,,normal,none,commit
BASIC-03,basic_01_06_900_bugcheck_20260605,346,34.60000000000022,B03_TLV_CFV,cav,not_applicable,7622.241328226305,3.5,29.96417513220516,0.07890041371737866,lane_1,mainline,,normal,none,commit
BASIC-03,basic_01_06_900_bugcheck_20260605,346,34.60000000000022,B03_TLV_CLV,cav,not_applicable,7664.620028185721,3.5,29.99998825594947,4.89335438658145e-06,lane_1,mainline,,normal,none,commit
BASIC-03,basic_01_06_900_bugcheck_20260605,347,34.70000000000022,B03_MV,cav,not_applicable,6984.00000331962,-3.5,18.333366529533038,4.0,on_ramp,on_ramp_mv,,normal,not_started,commit
BASIC-03,basic_01_06_900_bugcheck_20260605,347,34.70000000000022,B03_CLV,cav,not_applicable,7674.000016240531,0.0,29.999993233110292,2.8195373786843447e-06,lane_2,mainline,,normal,none,commit
BASIC-03,basic_01_06_900_bugcheck_20260605,347,34.70000000000022,B03_CFV,cav,not_applicable,7631.805184368468,0.0,29.99030513775105,-0.44341292805870447,lane_2,mainline,,normal,none,commit
BASIC-03,basic_01_06_900_bugcheck_20260605,347,34.70000000000022,B03_TLV_CFV,cav,not_applicable,7625.245664015638,3.5,30.043357893327492,0.7918276112233098,lane_1,mainline,,normal,none,commit
BASIC-03,basic_01_06_900_bugcheck_20260605,347,34.70000000000022,B03_TLV_CLV,cav,not_applicable,7667.620027058292,3.5,29.999988725711493,4.6976202114024095e-06,lane_1,mainline,,normal,none,commit
BASIC-03,basic_01_06_900_bugcheck_20260605,348,34.800000000000225,B03_MV,cav,not_applicable,6985.873339972573,-3.5,18.733366529533036,4.0,on_ramp,on_ramp_mv,,normal,not_started,commit
BASIC-03,basic_01_06_900_bugcheck_20260605,348,34.800000000000225,B03_CLV,cav,not_applicable,7677.00001559091,0.0,29.99999350378588,2.706755883252754e-06,lane_2,mainline,,normal,none,commit
BASIC-03,basic_01_06_900_bugcheck_20260605,348,34.800000000000225,B03_CFV,cav,not_applicable,7634.807859685559,0.0,30.026753170909885,0.36448033158833276,lane_2,mainline,,normal,none,commit
BASIC-03,basic_01_06_900_bugcheck_20260605,348,34.800000000000225,B03_TLV_CFV,cav,not_applicable,7628.245569303608,3.5,29.999052879700308,-0.4430501362718374,lane_1,mainline,,normal,none,commit
BASIC-03,basic_01_06_900_bugcheck_20260605,348,34.800000000000225,B03_TLV_CLV,cav,not_applicable,7670.620025975961,3.5,29.999989176683034,4.509715402889469e-06,lane_1,mainline,,normal,none,commit
BASIC-03,basic_01_06_900_bugcheck_20260605,349,34.900000000000226,B03_MV,cav,not_applicable,6987.7866766255265,-3.5,19.133366529533035,4.0,on_ramp,on_ramp_mv,,normal,not_started,commit
BASIC-03,basic_01_06_900_bugcheck_20260605,349,34.900000000000226,B03_CLV,cav,not_applicable,7680.000014967273,0.0,29.999993763634446,2.598485647808957e-06,lane_2,mainline,,normal,none,commit
BASIC-03,basic_01_06_900_bugcheck_20260605,349,34.900000000000226,B03_CFV,cav,not_applicable,7637.802608023545,0.0,29.94748337985802,-0.7926979105186367,lane_2,mainline,,normal,none,commit
BASIC-03,basic_01_06_900_bugcheck_20260605,349,34.900000000000226,B03_TLV_CFV,cav,not_applicable,7631.2491223631905,3.5,30.03553059582352,0.36477716123213305,lane_1,mainline,,normal,none,commit
BASIC-03,basic_01_06_900_bugcheck_20260605,349,34.900000000000226,B03_TLV_CLV,cav,not_applicable,7673.620024936922,3.5,29.999989609615714,4.329326786489674e-06,lane_1,mainline,,normal,none,commit
BASIC-03,basic_01_06_900_bugcheck_20260605,350,35.00000000000023,B03_MV,cav,not_applicable,6989.74001327848,-3.5,19.533366529533033,4.0,on_ramp,on_ramp_mv,,normal,not_started,commit
BASIC-03,basic_01_06_900_bugcheck_20260605,350,35.00000000000023,B03_CLV,cav,not_applicable,7683.000014368582,0.0,29.99999401308907,2.4945462214986947e-06,lane_2,mainline,,normal,none,commit
BASIC-03,basic_01_06_900_bugcheck_20260605,350,35.00000000000023,B03_CFV,cav,not_applicable,7640.798143378626,0.0,29.955353550815587,0.07870170957566092,lane_2,mainline,,normal,none,commit
BASIC-03,basic_01_06_900_bugcheck_20260605,350,35.00000000000023,B03_TLV_CFV,cav,not_applicable,7634.2447508722735,3.5,29.956285090833422,-0.7924550499009819,lane_1,mainline,,normal,none,commit
BASIC-03,basic_01_06_900_bugcheck_20260605,350,35.00000000000023,B03_TLV_CLV,cav,not_applicable,7676.620023939446,3.5,29.999990025231085,4.156153714518496e-06,lane_1,mainline,,normal,none,commit
BASIC-03,basic_01_06_900_bugcheck_20260605,351,35.10000000000023,B03_MV,cav,not_applicable,6991.733349931433,-3.5,19.933366529533032,4.0,on_ramp,on_ramp_mv,,normal,not_started,commit
BASIC-03,basic_01_06_900_bugcheck_20260605,351,35.10000000000023,B03_CLV,cav,not_applicable,7686.000013793839,0.0,29.999994252565507,2.3947643725819034e-06,lane_2,mainline,,normal,none,commit
BASIC-03,basic_01_06_900_bugcheck_20260605,351,35.10000000000023,B03_CFV,cav,not_applicable,7643.801595384059,0.0,30.03452005432632,0.791665035107359,lane_2,mainline,,normal,none,commit
BASIC-03,basic_01_06_900_bugcheck_20260605,351,35.10000000000023,B03_TLV_CFV,cav,not_applicable,7637.241168385494,3.5,29.96417513220516,0.07890041371737855,lane_1,mainline,,normal,none,commit
BASIC-03,basic_01_06_900_bugcheck_20260605,351,35.10000000000023,B03_TLV_CLV,cav,not_applicable,7679.620022981868,3.5,29.999990424221842,3.989907565937756e-06,lane_1,mainline,,normal,none,commit
BASIC-03,basic_01_06_900_bugcheck_20260605,352,35.20000000000023,B03_MV,cav,not_applicable,6993.766686584386,-3.5,20.33336652953303,4.0,on_ramp,on_ramp_mv,,normal,not_started,commit
BASIC-03,basic_01_06_900_bugcheck_20260605,352,35.20000000000023,B03_CLV,cav,not_applicable,7689.000013242085,0.0,29.99999448246289,2.298973797110193e-06,lane_2,mainline,,normal,none,commit
BASIC-03,basic_01_06_900_bugcheck_20260605,352,35.20000000000023,B03_CFV,cav,not_applicable,7646.800615557961,0.0,29.990201739016925,-0.44318315309397904,lane_2,mainline,,normal,none,commit
BASIC-03,basic_01_06_900_bugcheck_20260605,352,35.20000000000023,B03_TLV_CFV,cav,not_applicable,7640.245504174827,3.5,30.043357893327492,0.7918276112233097,lane_1,mainline,,normal,none,commit
BASIC-03,basic_01_06_900_bugcheck_20260605,352,35.20000000000023,B03_TLV_CLV,cav,not_applicable,7682.620022062593,3.5,29.999990807252967,3.830311263186559e-06,lane_1,mainline,,normal,none,commit
BASIC-03,basic_01_06_900_bugcheck_20260605,353,35.30000000000023,B03_MV,cav,not_applicable,6995.838689771221,-3.5,20.72003186835171,3.866653388186788,on_ramp,on_ramp_mv,,normal,not_started,commit
BASIC-03,basic_01_06_900_bugcheck_20260605,353,35.30000000000023,B03_CLV,cav,not_applicable,7692.000012712401,0.0,29.999994703164372,2.207014844657351e-06,lane_2,mainline,,normal,none,commit
BASIC-03,basic_01_06_900_bugcheck_20260605,353,35.30000000000023,B03_CFV,cav,not_applicable,7649.803282415155,0.0,30.0266685719456,0.3646683292867445,lane_2,mainline,,normal,none,commit
BASIC-03,basic_01_06_900_bugcheck_20260605,353,35.30000000000023,B03_TLV_CFV,cav,not_applicable,7643.245409462797,3.5,29.999052879700308,-0.44305013627183754,lane_1,mainline,,normal,none,commit
BASIC-03,basic_01_06_900_bugcheck_20260605,353,35.30000000000023,B03_TLV_CLV,cav,not_applicable,7685.62002118009,3.5,29.999991174962847,3.6770988131706875e-06,lane_1,mainline,,normal,none,commit
BASIC-03,basic_01_06_900_bugcheck_20260605,354,35.40000000000023,B03_MV,cav,not_applicable,6997.947812830583,-3.5,21.09123059361764,3.711987252659316,on_ramp,on_ramp_mv,,normal,not_started,commit
BASIC-03,basic_01_06_900_bugcheck_20260605,354,35.40000000000023,B03_CLV,cav,not_applicable,7695.000012203905,0.0,29.999994915037796,2.1187342511552743e-06,lane_2,mainline,,normal,none,commit
BASIC-03,basic_01_06_900_bugcheck_20260605,354,35.40000000000023,B03_CFV,cav,not_applicable,7652.798023831408,0.0,29.947414162523607,-0.7925440942199362,lane_2,mainline,,normal,none,commit
BASIC-03,basic_01_06_900_bugcheck_20260605,354,35.40000000000023,B03_TLV_CFV,cav,not_applicable,7646.24896252238,3.5,30.03553059582352,0.364777161232133,lane_1,mainline,,normal,none,commit
BASIC-03,basic_01_06_900_bugcheck_20260605,354,35.40000000000023,B03_TLV_CLV,cav,not_applicable,7688.620020332886,3.5,29.999991527964333,3.530014861041764e-06,lane_1,mainline,,normal,none,commit
BASIC-03,basic_01_06_900_bugcheck_20260605,355,35.500000000000234,B03_MV,cav,not_applicable,7000.09257096757,-3.5,21.447581369872935,3.5635077625529434,on_ramp,on_ramp_mv,,normal,not_started,commit
BASIC-03,basic_01_06_900_bugcheck_20260605,355,35.500000000000234,B03_CLV,cav,not_applicable,7698.000011715748,0.0,29.999995118436285,2.0339848816774976e-06,lane_2,mainline,,normal,none,commit
BASIC-03,basic_01_06_900_bugcheck_20260605,355,35.500000000000234,B03_CFV,cav,not_applicable,7655.793553523253,0.0,29.95529691845107,0.07882755927459772,lane_2,mainline,,normal,none,commit
BASIC-03,basic_01_06_900_bugcheck_20260605,355,35.500000000000234,B03_TLV_CFV,cav,not_applicable,7649.244591031463,3.5,29.956285090833422,-0.792455049900982,lane_1,mainline,,normal,none,commit
BASIC-03,basic_01_06_900_bugcheck_20260605,355,35.500000000000234,B03_TLV_CLV,cav,not_applicable,7691.620019519571,3.5,29.99999186684576,3.38881426671378e-06,lane_1,mainline,,normal,none,commit
BASIC-03,basic_01_06_900_bugcheck_20260605,356,35.600000000000236,B03_MV,cav,not_applicable,7002.271538779078,-3.5,21.78967811507802,3.420967452050826,on_ramp,on_ramp_mv,,normal,not_started,commit
BASIC-03,basic_01_06_900_bugcheck_20260605,356,35.600000000000236,B03_CLV,cav,not_applicable,7701.000011247118,0.0,29.999995313698832,1.952625486012494e-06,lane_2,mainline,,normal,none,commit
BASIC-03,basic_01_06_900_bugcheck_20260605,356,35.600000000000236,B03_CFV,cav,not_applicable,7658.797000895128,0.0,30.034473718755354,0.7917680030428527,lane_2,mainline,,normal,none,commit
BASIC-03,basic_01_06_900_bugcheck_20260605,356,35.600000000000236,B03_TLV_CFV,cav,not_applicable,7652.241008544684,3.5,29.96417513220516,0.07890041371737844,lane_1,mainline,,normal,none,commit
BASIC-03,basic_01_06_900_bugcheck_20260605,356,35.600000000000236,B03_TLV_CLV,cav,not_applicable,7694.620018738788,3.5,29.99999219217193,3.2532616955904814e-06,lane_1,mainline,,normal,none,commit
BASIC-03,basic_01_06_900_bugcheck_20260605,357,35.70000000000024,B03_MV,cav,not_applicable,7004.483347878125,-3.5,22.118090990474897,3.2841287539687927,on_ramp,on_ramp_mv,,normal,not_started,commit
BASIC-03,basic_01_06_900_bugcheck_20260605,357,35.70000000000024,B03_CLV,cav,not_applicable,7704.000010797233,0.0,29.999995501150877,1.8745204670267413e-06,lane_2,mainline,,normal,none,commit
BASIC-03,basic_01_06_900_bugcheck_20260605,357,35.70000000000024,B03_CFV,cav,not_applicable,7661.796017277938,0.0,29.990163828095223,-0.44309890660130236,lane_2,mainline,,normal,none,commit
BASIC-03,basic_01_06_900_bugcheck_20260605,357,35.70000000000024,B03_TLV_CFV,cav,not_applicable,7655.245344334016,3.5,30.043357893327492,0.7918276112233097,lane_1,mainline,,normal,none,commit
BASIC-03,basic_01_06_900_bugcheck_20260605,357,35.70000000000024,B03_TLV_CLV,cav,not_applicable,7697.620017989236,3.5,29.999992504485054,3.1231312277668622e-06,lane_1,mainline,,normal,none,commit
BASIC-03,basic_01_06_900_bugcheck_20260605,358,35.80000000000024,B03_MV,cav,not_applicable,7006.726684613211,-3.5,22.433367350855903,3.1527636038100413,on_ramp,on_ramp_mv,,normal,not_started,commit
BASIC-03,basic_01_06_900_bugcheck_20260605,358,35.80000000000024,B03_CLV,cav,not_applicable,7707.000010365343,0.0,29.999995681104842,1.7995396490277927e-06,lane_2,mainline,,normal,none,commit
BASIC-03,basic_01_06_900_bugcheck_20260605,358,35.80000000000024,B03_CFV,cav,not_applicable,7664.79868103333,0.0,30.026637553918754,0.3647372582352981,lane_2,mainline,,normal,none,commit
BASIC-03,basic_01_06_900_bugcheck_20260605,358,35.80000000000024,B03_TLV_CFV,cav,not_applicable,7658.245249621987,3.5,29.999052879700308,-0.44305013627183754,lane_1,mainline,,normal,none,commit
BASIC-03,basic_01_06_900_bugcheck_20260605,358,35.80000000000024,B03_TLV_CLV,cav,not_applicable,7700.620017269666,3.5,29.999992804305652,2.9982059785993442e-06,lane_1,mainline,,normal,none,commit
BASIC-03,basic_01_06_900_bugcheck_20260605,359,35.90000000000024,B03_MV,cav,not_applicable,7009.000287878893,-3.5,22.736032656821667,3.026653059657639,on_ramp,on_ramp_mv,,normal,not_started,commit
BASIC-03,basic_01_06_900_bugcheck_20260605,359,35.90000000000024,B03_CLV,cav,not_applicable,7710.000009950729,0.0,29.99999585386065,1.7275580631803678e-06,lane_2,mainline,,normal,none,commit
BASIC-03,basic_01_06_900_bugcheck_20260605,359,35.90000000000024,B03_CFV,cav,not_applicable,7667.7934199117435,0.0,29.947388784138006,-0.7924876978074833,lane_2,mainline,,normal,none,commit
BASIC-03,basic_01_06_900_bugcheck_20260605,359,35.90000000000024,B03_TLV_CFV,cav,not_applicable,7661.248802681569,3.5,30.03553059582352,0.364777161232133,lane_1,mainline,,normal,none,commit
BASIC-03,basic_01_06_900_bugcheck_20260605,359,35.90000000000024,B03_TLV_CLV,cav,not_applicable,7703.62001657888,3.5,29.999993092133426,2.8782777391711535e-06,lane_1,mainline,,normal,none,commit
BASIC-03,basic_01_06_900_bugcheck_20260605,360,36.00000000000024,B03_MV,cav,not_applicable,7011.302947013947,-3.5,23.0265913505488,2.9055869372713334,on_ramp,on_ramp_mv,,normal,not_started,commit
BASIC-03,basic_01_06_900_bugcheck_20260605,360,36.00000000000024,B03_CLV,cav,not_applicable,7713.000009552699,0.0,29.999996019706224,1.6584557400278755e-06,lane_2,mainline,,normal,none,commit
BASIC-03,basic_01_06_900_bugcheck_20260605,360,36.00000000000024,B03_CFV,cav,not_applicable,7670.788947527175,0.0,29.955276154317392,0.07887370179387743,lane_2,mainline,,normal,none,commit
BASIC-03,basic_01_06_900_bugcheck_20260605,360,36.00000000000024,B03_TLV_CFV,cav,not_applicable,7664.244431190652,3.5,29.956285090833422,-0.792455049900982,lane_1,mainline,,normal,none,commit
BASIC-03,basic_01_06_900_bugcheck_20260605,360,36.00000000000024,B03_TLV_CLV,cav,not_applicable,7706.620015915724,3.5,29.999993368448088,2.763146629547464e-06,lane_1,mainline,,normal,none,commit
BASIC-03,basic_01_06_900_bugcheck_20260605,361,36.10000000000024,B03_MV,cav,not_applicable,7013.6334997836,-3.5,23.30552769652685,2.7893634597804806,on_ramp,on_ramp_mv,,normal,not_started,commit
BASIC-03,basic_01_06_900_bugcheck_20260605,361,36.10000000000024,B03_CLV,cav,not_applicable,7716.0000091705915,0.0,29.999996178917975,1.5921175105404474e-06,lane_2,mainline,,normal,none,commit
BASIC-03,basic_01_06_900_bugcheck_20260605,361,36.10000000000024,B03_CFV,cav,not_applicable,7673.792393200167,0.0,30.03445672991871,0.7918057560131725,lane_2,mainline,,normal,none,commit
BASIC-03,basic_01_06_900_bugcheck_20260605,361,36.10000000000024,B03_TLV_CFV,cav,not_applicable,7667.240848703873,3.5,29.96417513220516,0.07890041371737844,lane_1,mainline,,normal,none,commit
BASIC-03,basic_01_06_900_bugcheck_20260605,361,36.10000000000024,B03_TLV_CLV,cav,not_applicable,7709.620015279095,3.5,29.999993633710165,2.6526207648203126e-06,lane_1,mainline,,normal,none,commit
BASIC-03,basic_01_06_900_bugcheck_20260605,362,36.200000000000244,B03_MV,cav,not_applicable,7015.990830442467,-3.5,23.573306588665773,2.677788921389261,on_ramp,on_ramp_mv,,normal,not_started,commit
BASIC-03,basic_01_06_900_bugcheck_20260605,362,36.200000000000244,B03_CLV,cav,not_applicable,7719.000008803768,0.0,29.999996331761256,1.5284328100051426e-06,lane_2,mainline,,normal,none,commit
BASIC-03,basic_01_06_900_bugcheck_20260605,362,36.200000000000244,B03_CFV,cav,not_applicable,7676.79140819298,0.0,29.990149928137967,-0.44306801780740435,lane_2,mainline,,normal,none,commit
BASIC-03,basic_01_06_900_bugcheck_20260605,362,36.200000000000244,B03_TLV_CFV,cav,not_applicable,7670.245184493206,3.5,30.043357893327492,0.7918276112233097,lane_1,mainline,,normal,none,commit
BASIC-03,basic_01_06_900_bugcheck_20260605,362,36.200000000000244,B03_TLV_CLV,cav,not_applicable,7712.620014667931,3.5,29.999993888361757,2.546515933943283e-06,lane_1,mainline,,normal,none,commit
BASIC-03,basic_01_06_900_bugcheck_20260605,363,36.300000000000246,B03_MV,cav,not_applicable,7018.373867874979,-3.5,23.83037432511914,2.570677364533691,on_ramp,on_ramp_mv,,normal,not_started,commit
BASIC-03,basic_01_06_900_bugcheck_20260605,363,36.300000000000246,B03_CLV,cav,not_applicable,7722.000008451617,0.0,29.999996478490807,1.4672954975480934e-06,lane_2,mainline,,normal,none,commit
BASIC-03,basic_01_06_900_bugcheck_20260605,363,36.300000000000246,B03_CFV,cav,not_applicable,7679.794070811103,0.0,30.02662618122645,0.36476253088485106,lane_2,mainline,,normal,none,commit
BASIC-03,basic_01_06_900_bugcheck_20260605,363,36.300000000000246,B03_TLV_CFV,cav,not_applicable,7673.245089781176,3.5,29.999052879700308,-0.44305013627183754,lane_1,mainline,,normal,none,commit
BASIC-03,basic_01_06_900_bugcheck_20260605,363,36.300000000000246,B03_TLV_CLV,cav,not_applicable,7715.620014081214,3.5,29.999994132827286,2.4446552970402993e-06,lane_1,mainline,,normal,none,commit
BASIC-03,basic_01_06_900_bugcheck_20260605,364,36.40000000000025,B03_MV,cav,not_applicable,7020.781583810191,-3.5,24.077159352114375,2.4678502699523435,on_ramp,on_ramp_mv,,normal,not_started,commit
BASIC-03,basic_01_06_900_bugcheck_20260605,364,36.40000000000025,B03_CLV,cav,not_applicable,7725.000008113552,0.0,29.999996619351176,1.4086036770777357e-06,lane_2,mainline,,normal,none,commit
BASIC-03,basic_01_06_900_bugcheck_20260605,364,36.40000000000025,B03_CFV,cav,not_applicable,7682.788808759024,0.0,29.94737947920794,-0.7924670201851218,lane_2,mainline,,normal,none,commit
BASIC-03,basic_01_06_900_bugcheck_20260605,364,36.40000000000025,B03_TLV_CFV,cav,not_applicable,7676.248642840758,3.5,30.03553059582352,0.364777161232133,lane_1,mainline,,normal,none,commit
BASIC-03,basic_01_06_900_bugcheck_20260605,364,36.40000000000025,B03_TLV_CLV,cav,not_applicable,7718.620013517966,3.5,29.999994367514194,2.346869085556591e-06,lane_1,mainline,,normal,none,commit
BASIC-03,basic_01_06_900_bugcheck_20260605,365,36.50000000000025,B03_MV,cav,not_applicable,7023.212991107994,-3.5,24.3140729780298,2.36913625915425,on_ramp,on_ramp_mv,,normal,not_started,commit
BASIC-03,basic_01_06_900_bugcheck_20260605,365,36.50000000000025,B03_CLV,cav,not_applicable,7728.00000778901,0.0,29.99999675457713,1.3522595295967222e-06,lane_2,mainline,,normal,none,commit
BASIC-03,basic_01_06_900_bugcheck_20260605,365,36.50000000000025,B03_CFV,cav,not_applicable,7685.7843356131425,0.0,29.955268541192794,0.07889061984853674,lane_2,mainline,,normal,none,commit
BASIC-03,basic_01_06_900_bugcheck_20260605,365,36.50000000000025,B03_TLV_CFV,cav,not_applicable,7679.244271349841,3.5,29.956285090833422,-0.792455049900982,lane_1,mainline,,normal,none,commit
BASIC-03,basic_01_06_900_bugcheck_20260605,365,36.50000000000025,B03_TLV_CLV,cav,not_applicable,7721.620012977248,3.5,29.999994592813625,2.2529943223048575e-06,lane_1,mainline,,normal,none,commit
BASIC-03,basic_01_06_900_bugcheck_20260605,366,36.60000000000025,B03_MV,cav,not_applicable,7025.667142113884,-3.5,24.541510058908607,2.2743708087880807,on_ramp,on_ramp_mv,,normal,not_started,commit
BASIC-03,basic_01_06_900_bugcheck_20260605,366,36.60000000000025,B03_CLV,cav,not_applicable,7731.00000747745,0.0,29.999996884394044,1.2981691483560099e-06,lane_2,mainline,,normal,none,commit
BASIC-03,basic_01_06_900_bugcheck_20260605,366,36.60000000000025,B03_CFV,cav,not_applicable,7688.787780663242,0.0,30.034450500998584,0.7918195980578937,lane_2,mainline,,normal,none,commit
BASIC-03,basic_01_06_900_bugcheck_20260605,366,36.60000000000025,B03_TLV_CFV,cav,not_applicable,7682.240688863062,3.5,29.96417513220516,0.07890041371737844,lane_1,mainline,,normal,none,commit
BASIC-03,basic_01_06_900_bugcheck_20260605,366,36.60000000000025,B03_TLV_CLV,cav,not_applicable,7724.620012458158,3.5,29.99999480910108,2.162874550037941e-06,lane_1,mainline,,normal,none,commit
BASIC-03,basic_01_06_900_bugcheck_20260605,367,36.70000000000025,B03_MV,cav,not_applicable,7028.143127079539,-3.5,24.759849656552262,2.1833959764365574,on_ramp,on_ramp_mv,,normal,not_started,commit
BASIC-03,basic_01_06_900_bugcheck_20260605,367,36.70000000000025,B03_CLV,cav,not_applicable,7734.000007178352,0.0,29.999997009018283,1.2462423825354564e-06,lane_2,mainline,,normal,none,commit
BASIC-03,basic_01_06_900_bugcheck_20260605,367,36.70000000000025,B03_CFV,cav,not_applicable,7691.786795146417,0.0,29.990144831748776,-0.443056692498087,lane_2,mainline,,normal,none,commit
BASIC-03,basic_01_06_900_bugcheck_20260605,367,36.70000000000025,B03_TLV_CFV,cav,not_applicable,7685.245024652395,3.5,30.043357893327492,0.7918276112233097,lane_1,mainline,,normal,none,commit
BASIC-03,basic_01_06_900_bugcheck_20260605,367,36.70000000000025,B03_TLV_CLV,cav,not_applicable,7727.620011959832,3.5,29.999995016737035,2.0763595685480142e-06,lane_1,mainline,,normal,none,commit
BASIC-03,basic_01_06_900_bugcheck_20260605,368,36.80000000000025,B03_MV,cav,not_applicable,7030.640072646568,-3.5,24.969455670290174,2.0960601373790952,on_ramp,on_ramp_mv,,normal,not_started,commit
BASIC-03,basic_01_06_900_bugcheck_20260605,368,36.80000000000025,B03_CLV,cav,not_applicable,7737.000006891218,0.0,29.99999712865755,1.1963926866087605e-06,lane_2,mainline,,normal,none,commit
BASIC-03,basic_01_06_900_bugcheck_20260605,368,36.80000000000025,B03_CFV,cav,not_applicable,7694.789457347562,0.0,30.026622011453476,0.3647717970470198,lane_2,mainline,,normal,none,commit
BASIC-03,basic_01_06_900_bugcheck_20260605,368,36.80000000000025,B03_TLV_CFV,cav,not_applicable,7688.244929940365,3.5,29.999052879700308,-0.44305013627183754,lane_1,mainline,,normal,none,commit
BASIC-03,basic_01_06_900_bugcheck_20260605,368,36.80000000000025,B03_TLV_CLV,cav,not_applicable,7730.620011481438,3.5,29.999995216067553,1.993305185976624e-06,lane_1,mainline,,normal,none,commit
BASIC-03,basic_01_06_900_bugcheck_20260605,369,36.900000000000254,B03_MV,cav,not_applicable,7033.157140390916,-3.5,25.170677443478567,2.0122177318839305,on_ramp,on_ramp_mv,,normal,not_started,commit
BASIC-03,basic_01_06_900_bugcheck_20260605,369,36.900000000000254,B03_CLV,cav,not_applicable,7740.000006615569,0.0,29.99999724351125,1.1485369796560009e-06,lane_2,mainline,,normal,none,commit
BASIC-03,basic_01_06_900_bugcheck_20260605,369,36.900000000000254,B03_CFV,cav,not_applicable,7697.78419495432,0.0,29.947376067575505,-0.792459438779711,lane_2,mainline,,normal,none,commit
BASIC-03,basic_01_06_900_bugcheck_20260605,369,36.900000000000254,B03_TLV_CFV,cav,not_applicable,7691.248482999948,3.5,30.03553059582352,0.364777161232133,lane_1,mainline,,normal,none,commit
BASIC-03,basic_01_06_900_bugcheck_20260605,369,36.900000000000254,B03_TLV_CLV,cav,not_applicable,7733.620011022181,3.5,29.99999540742485,1.9135729786512457e-06,lane_1,mainline,,normal,none,commit
BASIC-03,basic_01_06_900_bugcheck_20260605,370,37.000000000000256,B03_MV,cav,not_applicable,7035.6935254254895,-3.5,25.363850345739426,1.9317290226085733,on_ramp,on_ramp_mv,,normal,not_started,commit
BASIC-03,basic_01_06_900_bugcheck_20260605,370,37.000000000000256,B03_CLV,cav,not_applicable,7743.000006350946,0.0,29.999997353770798,1.1025955004129174e-06,lane_2,mainline,,normal,none,commit
BASIC-03,basic_01_06_900_bugcheck_20260605,370,37.000000000000256,B03_CFV,cav,not_applicable,7700.779721529306,0.0,29.955265749857166,0.07889682281660015,lane_2,mainline,,normal,none,commit
BASIC-03,basic_01_06_900_bugcheck_20260605,370,37.000000000000256,B03_TLV_CFV,cav,not_applicable,7694.2441115090305,3.5,29.956285090833422,-0.792455049900982,lane_1,mainline,,normal,none,commit
BASIC-03,basic_01_06_900_bugcheck_20260605,370,37.000000000000256,B03_TLV_CLV,cav,not_applicable,7736.620010581293,3.5,29.999995591127856,1.8370300594483526e-06,lane_1,mainline,,normal,none,commit
BASIC-03,basic_01_06_900_bugcheck_20260605,371,37.10000000000026,B03_MV,cav,not_applicable,7038.2484550586805,-3.5,25.549296331909847,1.8544598617042298,on_ramp,on_ramp_mv,,normal,not_started,commit
BASIC-03,basic_01_06_900_bugcheck_20260605,371,37.10000000000026,B03_CLV,cav,not_applicable,7746.000006096908,0.0,29.999997459619966,1.0584916807943045e-06,lane_2,mainline,,normal,none,commit
BASIC-03,basic_01_06_900_bugcheck_20260605,371,37.10000000000026,B03_CFV,cav,not_applicable,7703.783166351023,0.0,30.034448217178525,0.791824673213582,lane_2,mainline,,normal,none,commit
BASIC-03,basic_01_06_900_bugcheck_20260605,371,37.10000000000026,B03_TLV_CFV,cav,not_applicable,7697.240529022251,3.5,29.96417513220516,0.07890041371737844,lane_1,mainline,,normal,none,commit
BASIC-03,basic_01_06_900_bugcheck_20260605,371,37.10000000000026,B03_TLV_CLV,cav,not_applicable,7739.620010158042,3.5,29.99999576748274,1.7635488575251657e-06,lane_1,mainline,,normal,none,commit
BASIC-03,basic_01_06_900_bugcheck_20260605,372,37.20000000000026,B03_MV,cav,not_applicable,7040.8211875065435,-3.5,25.727324478633452,1.7802814672360612,on_ramp,on_ramp_mv,,normal,not_started,commit
BASIC-03,basic_01_06_900_bugcheck_20260605,372,37.20000000000026,B03_CLV,cav,not_applicable,7749.000005853031,0.0,29.999997561235165,1.0161520137330628e-06,lane_2,mainline,,normal,none,commit
BASIC-03,basic_01_06_900_bugcheck_20260605,372,37.20000000000026,B03_CFV,cav,not_applicable,7706.78218064734,0.0,29.990142963168726,-0.44305254009797834,lane_2,mainline,,normal,none,commit
BASIC-03,basic_01_06_900_bugcheck_20260605,372,37.20000000000026,B03_TLV_CFV,cav,not_applicable,7700.244864811584,3.5,30.043357893327492,0.7918276112233097,lane_1,mainline,,normal,none,commit
BASIC-03,basic_01_06_900_bugcheck_20260605,372,37.20000000000026,B03_TLV_CLV,cav,not_applicable,7742.62000975172,3.5,29.99999593678343,1.6930069037357498e-06,lane_1,mainline,,normal,none,commit
BASIC-03,basic_01_06_900_bugcheck_20260605,373,37.30000000000026,B03_MV,cav,not_applicable,7043.411010656492,-3.5,25.898231499488116,1.7090702085466192,on_ramp,on_ramp_mv,,normal,not_started,commit
BASIC-03,basic_01_06_900_bugcheck_20260605,373,37.30000000000026,B03_CLV,cav,not_applicable,7752.00000561891,0.0,29.99999765878576,9.755059338090177e-07,lane_2,mainline,,normal,none,commit
BASIC-03,basic_01_06_900_bugcheck_20260605,373,37.30000000000026,B03_CFV,cav,not_applicable,7709.784842695602,0.0,30.026620482615254,0.3647751944652905,lane_2,mainline,,normal,none,commit
BASIC-03,basic_01_06_900_bugcheck_20260605,373,37.30000000000026,B03_TLV_CFV,cav,not_applicable,7703.244770099554,3.5,29.999052879700308,-0.44305013627183754,lane_1,mainline,,normal,none,commit
BASIC-03,basic_01_06_900_bugcheck_20260605,373,37.30000000000026,B03_TLV_CLV,cav,not_applicable,7745.620009361652,3.5,29.999996099312096,1.6252866274157896e-06,lane_1,mainline,,normal,none,commit
BASIC-03,basic_01_06_900_bugcheck_20260605,374,37.40000000000026,B03_MV,cav,not_applicable,7046.017240880443,-3.5,26.06230223950859,1.6407074002047537,on_ramp,on_ramp_mv,,normal,not_started,commit
BASIC-03,basic_01_06_900_bugcheck_20260605,374,37.40000000000026,B03_CLV,cav,not_applicable,7755.000005394154,0.0,29.99999775243433,9.364856964566571e-07,lane_2,mainline,,normal,none,commit
BASIC-03,basic_01_06_900_bugcheck_20260605,374,37.40000000000026,B03_CFV,cav,not_applicable,7712.779580177273,0.0,29.947374816707867,-0.7924566590738531,lane_2,mainline,,normal,none,commit
BASIC-03,basic_01_06_900_bugcheck_20260605,374,37.40000000000026,B03_TLV_CFV,cav,not_applicable,7706.248323159137,3.5,30.03553059582352,0.364777161232133,lane_1,mainline,,normal,none,commit
BASIC-03,basic_01_06_900_bugcheck_20260605,374,37.40000000000026,B03_TLV_CLV,cav,not_applicable,7748.620008987185,3.5,29.99999625533961,1.5602751616938804e-06,lane_1,mainline,,normal,none,commit
BASIC-03,basic_01_06_900_bugcheck_20260605,375,37.50000000000026,B03_MV,cav,not_applicable,7048.639221895436,-3.5,26.219810149928247,1.5750791041965642,on_ramp,on_ramp_mv,,normal,not_started,commit
BASIC-03,basic_01_06_900_bugcheck_20260605,375,37.50000000000026,B03_CLV,cav,not_applicable,7758.000005178387,0.0,29.999997842336956,8.990262685415473e-07,lane_2,mainline,,normal,none,commit
BASIC-03,basic_01_06_900_bugcheck_20260605,375,37.50000000000026,B03_CFV,cav,not_applicable,7715.775106649915,0.0,29.95526472642001,0.07889909712139298,lane_2,mainline,,normal,none,commit
BASIC-03,basic_01_06_900_bugcheck_20260605,375,37.50000000000026,B03_TLV_CFV,cav,not_applicable,7709.24395166822,3.5,29.956285090833422,-0.792455049900982,lane_1,mainline,,normal,none,commit
BASIC-03,basic_01_06_900_bugcheck_20260605,375,37.50000000000026,B03_TLV_CLV,cav,not_applicable,7751.620008627698,3.5,29.999996405126026,1.4978641559082463e-06,lane_1,mainline,,normal,none,commit
BASIC-03,basic_01_06_900_bugcheck_20260605,376,37.600000000000264,B03_MV,cav,not_applicable,7051.276323669829,-3.5,26.371017743931116,1.5120759400287014,on_ramp,on_ramp_mv,,normal,not_started,commit
BASIC-03,basic_01_06_900_bugcheck_20260605,376,37.600000000000264,B03_CLV,cav,not_applicable,7761.000004971252,0.0,29.999997928643477,8.630652175156683e-07,lane_2,mainline,,normal,none,commit
BASIC-03,basic_01_06_900_bugcheck_20260605,376,37.600000000000264,B03_CFV,cav,not_applicable,7718.778551387897,0.0,30.03444737982085,0.7918265340084124,lane_2,mainline,,normal,none,commit
BASIC-03,basic_01_06_900_bugcheck_20260605,376,37.600000000000264,B03_TLV_CFV,cav,not_applicable,7712.240369181441,3.5,29.96417513220516,0.07890041371737844,lane_1,mainline,,normal,none,commit
BASIC-03,basic_01_06_900_bugcheck_20260605,376,37.600000000000264,B03_TLV_CLV,cav,not_applicable,7754.62000828259,3.5,29.999996548920986,1.4379495894445428e-06,lane_1,mainline,,normal,none,commit
BASIC-03,basic_01_06_900_bugcheck_20260605,377,37.700000000000266,B03_MV,cav,not_applicable,7053.9279413732465,-3.5,26.51617703417387,1.4515929024275538,on_ramp,on_ramp_mv,,normal,not_started,commit
BASIC-03,basic_01_06_900_bugcheck_20260605,377,37.700000000000266,B03_CLV,cav,not_applicable,7764.000004772402,0.0,29.999998011497738,8.285426090992588e-07,lane_2,mainline,,normal,none,commit
BASIC-03,basic_01_06_900_bugcheck_20260605,377,37.700000000000266,B03_CFV,cav,not_applicable,7721.777565615703,0.0,29.990142278057903,-0.44305101762948074,lane_2,mainline,,normal,none,commit
BASIC-03,basic_01_06_900_bugcheck_20260605,377,37.700000000000266,B03_TLV_CFV,cav,not_applicable,7715.2447049707735,3.5,30.043357893327492,0.7918276112233097,lane_1,mainline,,normal,none,commit
BASIC-03,basic_01_06_900_bugcheck_20260605,377,37.700000000000266,B03_TLV_CLV,cav,not_applicable,7757.620007951286,3.5,29.999996686964145,1.380431605468857e-06,lane_1,mainline,,normal,none,commit
BASIC-03,basic_01_06_900_bugcheck_20260605,378,37.80000000000027,B03_MV,cav,not_applicable,7056.593494368527,-3.5,26.655529952806916,1.3935291863304515,on_ramp,on_ramp_mv,,normal,not_started,commit
BASIC-03,basic_01_06_900_bugcheck_20260605,378,37.80000000000027,B03_CLV,cav,not_applicable,7767.000004581505,0.0,29.999998091037828,7.954009049626621e-07,lane_2,mainline,,normal,none,commit
BASIC-03,basic_01_06_900_bugcheck_20260605,378,37.80000000000027,B03_CFV,cav,not_applicable,7724.78022760791,0.0,30.026619922070036,0.364776440121334,lane_2,mainline,,normal,none,commit
BASIC-03,basic_01_06_900_bugcheck_20260605,378,37.80000000000027,B03_TLV_CFV,cav,not_applicable,7718.244610258744,3.5,29.999052879700308,-0.44305013627183754,lane_1,mainline,,normal,none,commit
BASIC-03,basic_01_06_900_bugcheck_20260605,378,37.80000000000027,B03_TLV_CLV,cav,not_applicable,7760.620007633235,3.5,29.99999681948558,1.325214341818537e-06,lane_1,mainline,,normal,none,commit
BASIC-03,basic_01_06_900_bugcheck_20260605,379,37.90000000000027,B03_MV,cav,not_applicable,7059.272425243997,-3.5,26.789308754694638,1.3377880188772338,on_ramp,on_ramp_mv,,normal,not_started,commit
BASIC-03,basic_01_06_900_bugcheck_20260605,379,37.90000000000027,B03_CLV,cav,not_applicable,7770.0000043982445,0.0,29.999998167396313,7.635848689346859e-07,lane_2,mainline,,normal,none,commit
BASIC-03,basic_01_06_900_bugcheck_20260605,379,37.90000000000027,B03_CFV,cav,not_applicable,7727.774965043718,0.0,29.947374358079962,-0.7924556399007268,lane_2,mainline,,normal,none,commit
BASIC-03,basic_01_06_900_bugcheck_20260605,379,37.90000000000027,B03_TLV_CFV,cav,not_applicable,7721.248163318326,3.5,30.03553059582352,0.364777161232133,lane_1,mainline,,normal,none,commit
BASIC-03,basic_01_06_900_bugcheck_20260605,379,37.90000000000027,B03_TLV_CLV,cav,not_applicable,7763.620007327906,3.5,29.99999694670616,1.2722057675773613e-06,lane_1,mainline,,normal,none,commit
BASIC-03,basic_01_06_900_bugcheck_20260605,380,38.00000000000027,B03_MV,cav,not_applicable,7061.964198884447,-3.5,26.91773640450685,1.284276498122145,on_ramp,on_ramp_mv,,normal,not_started,commit
BASIC-03,basic_01_06_900_bugcheck_20260605,380,38.00000000000027,B03_CLV,cav,not_applicable,7773.000004222315,0.0,29.99999824070046,7.330414746320457e-07,lane_2,mainline,,normal,none,commit
BASIC-03,basic_01_06_900_bugcheck_20260605,380,38.00000000000027,B03_CFV,cav,not_applicable,7730.770491478836,0.0,29.955264351178993,0.07889993099031456,lane_2,mainline,,normal,none,commit
BASIC-03,basic_01_06_900_bugcheck_20260605,380,38.00000000000027,B03_TLV_CFV,cav,not_applicable,7724.243791827409,3.5,29.956285090833422,-0.792455049900982,lane_1,mainline,,normal,none,commit
BASIC-03,basic_01_06_900_bugcheck_20260605,380,38.00000000000027,B03_TLV_CLV,cav,not_applicable,7766.6200070347895,3.5,29.999997068837914,1.2213175367037367e-06,lane_1,mainline,,normal,none,commit
BASIC-03,basic_01_06_900_bugcheck_20260605,381,38.10000000000027,B03_MV,cav,not_applicable,7064.66830157928,-3.5,27.041026948326575,1.2329054381972597,on_ramp,on_ramp_mv,,normal,not_started,commit
BASIC-03,basic_01_06_900_bugcheck_20260605,381,38.10000000000027,B03_CLV,cav,not_applicable,7776.000004053421,0.0,29.999998311072442,7.03719815930981e-07,lane_2,mainline,,normal,none,commit
BASIC-03,basic_01_06_900_bugcheck_20260605,381,38.10000000000027,B03_CFV,cav,not_applicable,7733.773936186117,0.0,30.034447072805474,0.7918272162648028,lane_2,mainline,,normal,none,commit
BASIC-03,basic_01_06_900_bugcheck_20260605,381,38.10000000000027,B03_TLV_CFV,cav,not_applicable,7727.24020934063,3.5,29.96417513220516,0.07890041371737844,lane_1,mainline,,normal,none,commit
BASIC-03,basic_01_06_900_bugcheck_20260605,381,38.10000000000027,B03_TLV_CLV,cav,not_applicable,7769.620006753398,3.5,29.999997186084396,1.172464834553466e-06,lane_1,mainline,,normal,none,commit
BASIC-03,basic_01_06_900_bugcheck_20260605,382,38.20000000000027,B03_MV,cav,not_applicable,7067.384240166319,-3.5,27.15938587039351,1.1835892206693701,on_ramp,on_ramp_mv,,normal,not_started,commit
BASIC-03,basic_01_06_900_bugcheck_20260605,382,38.20000000000027,B03_CLV,cav,not_applicable,7779.000003891284,0.0,29.999998378629545,6.755710231232115e-07,lane_2,mainline,,normal,none,commit
BASIC-03,basic_01_06_900_bugcheck_20260605,382,38.20000000000027,B03_CFV,cav,not_applicable,7736.772950388803,0.0,29.990142026863502,-0.4430504594197068,lane_2,mainline,,normal,none,commit
BASIC-03,basic_01_06_900_bugcheck_20260605,382,38.20000000000027,B03_TLV_CFV,cav,not_applicable,7730.244545129963,3.5,30.043357893327492,0.7918276112233097,lane_1,mainline,,normal,none,commit
BASIC-03,basic_01_06_900_bugcheck_20260605,382,38.20000000000027,B03_TLV_CLV,cav,not_applicable,7772.620006483262,3.5,29.99999729864102,1.1255662414555446e-06,lane_1,mainline,,normal,none,commit
BASIC-03,basic_01_06_900_bugcheck_20260605,383,38.300000000000274,B03_MV,cav,not_applicable,7070.111541209876,-3.5,27.27301043557777,1.1362456518425958,on_ramp,on_ramp_mv,,normal,not_started,commit
BASIC-03,basic_01_06_900_bugcheck_20260605,383,38.300000000000274,B03_CLV,cav,not_applicable,7782.000003735632,0.0,29.999998443484362,6.48548181914066e-07,lane_2,mainline,,normal,none,commit
BASIC-03,basic_01_06_900_bugcheck_20260605,383,38.300000000000274,B03_CFV,cav,not_applicable,7739.775612360458,0.0,30.026619716547344,0.3647768968384218,lane_2,mainline,,normal,none,commit
BASIC-03,basic_01_06_900_bugcheck_20260605,383,38.300000000000274,B03_TLV_CFV,cav,not_applicable,7733.244450417933,3.5,29.999052879700308,-0.44305013627183754,lane_1,mainline,,normal,none,commit
BASIC-03,basic_01_06_900_bugcheck_20260605,383,38.300000000000274,B03_TLV_CLV,cav,not_applicable,7775.620006223931,3.5,29.99999740669538,1.0805435920246965e-06,lane_1,mainline,,normal,none,commit
BASIC-03,basic_01_06_900_bugcheck_20260605,384,38.400000000000276,B03_MV,cav,not_applicable,7072.849750211692,-3.5,27.38209001815466,1.090795825768892,on_ramp,on_ramp_mv,,normal,not_started,commit
BASIC-03,basic_01_06_900_bugcheck_20260605,384,38.400000000000276,B03_CLV,cav,not_applicable,7785.000003586207,0.0,29.999998505744987,6.22606255262781e-07,lane_2,mainline,,normal,none,commit
BASIC-03,basic_01_06_900_bugcheck_20260605,384,38.400000000000276,B03_CFV,cav,not_applicable,7742.77034977945,0.0,29.947374189925032,-0.7924552662231094,lane_2,mainline,,normal,none,commit
BASIC-03,basic_01_06_900_bugcheck_20260605,384,38.400000000000276,B03_TLV_CFV,cav,not_applicable,7736.248003477515,3.5,30.03553059582352,0.364777161232133,lane_1,mainline,,normal,none,commit
BASIC-03,basic_01_06_900_bugcheck_20260605,384,38.400000000000276,B03_TLV_CLV,cav,not_applicable,7778.620005974974,3.5,29.999997510427562,1.037321848684769e-06,lane_1,mainline,,normal,none,commit
BASIC-03,basic_01_06_900_bugcheck_20260605,385,38.50000000000028,B03_MV,cav,not_applicable,7075.598430853434,-3.5,27.486806417428472,1.0471639927381362,on_ramp,on_ramp_mv,,normal,not_started,commit
BASIC-03,basic_01_06_900_bugcheck_20260605,385,38.50000000000028,B03_CLV,cav,not_applicable,7788.0000034427585,0.0,29.999998565515188,5.977020052227999e-07,lane_2,mainline,,normal,none,commit
BASIC-03,basic_01_06_900_bugcheck_20260605,385,38.50000000000028,B03_CFV,cav,not_applicable,7745.7658762008095,0.0,29.955264213597687,0.078900236726547,lane_2,mainline,,normal,none,commit
BASIC-03,basic_01_06_900_bugcheck_20260605,385,38.50000000000028,B03_TLV_CFV,cav,not_applicable,7739.243631986598,3.5,29.956285090833422,-0.792455049900982,lane_1,mainline,,normal,none,commit
BASIC-03,basic_01_06_900_bugcheck_20260605,385,38.50000000000028,B03_TLV_CLV,cav,not_applicable,7781.620005735976,3.5,29.99999761001046,9.958289751921257e-07,lane_1,mainline,,normal,none,commit
BASIC-03,basic_01_06_900_bugcheck_20260605,386,38.60000000000028,B03_MV,cav,not_applicable,7078.357164269508,-3.5,27.587334160731334,1.0052774330286114,on_ramp,on_ramp_mv,,normal,not_started,commit
BASIC-03,basic_01_06_900_bugcheck_20260605,386,38.60000000000028,B03_CLV,cav,not_applicable,7791.000003305048,0.0,29.99999862289458,5.737939247296709e-07,lane_2,mainline,,normal,none,commit
BASIC-03,basic_01_06_900_bugcheck_20260605,386,38.60000000000028,B03_CFV,cav,not_applicable,7748.769320896833,0.0,30.03444696023895,0.7918274664126294,lane_2,mainline,,normal,none,commit
BASIC-03,basic_01_06_900_bugcheck_20260605,386,38.60000000000028,B03_TLV_CFV,cav,not_applicable,7742.240049499819,3.5,29.96417513220516,0.07890041371737844,lane_1,mainline,,normal,none,commit
BASIC-03,basic_01_06_900_bugcheck_20260605,386,38.60000000000028,B03_TLV_CLV,cav,not_applicable,7784.6200055065365,3.5,29.999997705610042,9.559958158433801e-07,lane_1,mainline,,normal,none,commit
BASIC-03,basic_01_06_900_bugcheck_20260605,387,38.70000000000028,B03_MV,cav,not_applicable,7081.125548348938,-3.5,27.683840794302082,0.9650663357074664,on_ramp,on_ramp_mv,,normal,not_started,commit
BASIC-03,basic_01_06_900_bugcheck_20260605,387,38.70000000000028,B03_CLV,cav,not_applicable,7794.000003172846,0.0,29.999998677978798,5.508421679678577e-07,lane_2,mainline,,normal,none,commit
BASIC-03,basic_01_06_900_bugcheck_20260605,387,38.70000000000028,B03_CFV,cav,not_applicable,7751.76833509031,0.0,29.990141934763617,-0.4430502547533032,lane_2,mainline,,normal,none,commit
BASIC-03,basic_01_06_900_bugcheck_20260605,387,38.70000000000028,B03_TLV_CFV,cav,not_applicable,7745.244385289152,3.5,30.043357893327492,0.7918276112233097,lane_1,mainline,,normal,none,commit
BASIC-03,basic_01_06_900_bugcheck_20260605,387,38.70000000000028,B03_TLV_CLV,cav,not_applicable,7787.620005286275,3.5,29.99999779738564,9.177559832096449e-07,lane_1,mainline,,normal,none,commit
BASIC-03,basic_01_06_900_bugcheck_20260605,388,38.80000000000028,B03_MV,cav,not_applicable,7083.90319706519,-3.5,27.77648716253,0.9264636822791673,on_ramp,on_ramp_mv,,normal,not_started,commit
BASIC-03,basic_01_06_900_bugcheck_20260605,388,38.80000000000028,B03_CLV,cav,not_applicable,7797.000003045932,0.0,29.999998730859645,5.288084807375526e-07,lane_2,mainline,,normal,none,commit
BASIC-03,basic_01_06_900_bugcheck_20260605,388,38.80000000000028,B03_CFV,cav,not_applicable,7754.770997054429,0.0,30.02661964119289,0.364777064292752,lane_2,mainline,,normal,none,commit
BASIC-03,basic_01_06_900_bugcheck_20260605,388,38.80000000000028,B03_TLV_CFV,cav,not_applicable,7748.244290577122,3.5,29.999052879700308,-0.44305013627183754,lane_1,mainline,,normal,none,commit
BASIC-03,basic_01_06_900_bugcheck_20260605,388,38.80000000000028,B03_TLV_CLV,cav,not_applicable,7790.620005074824,3.5,29.999997885490213,8.810457444496933e-07,lane_1,mainline,,normal,none,commit
BASIC-03,basic_01_06_900_bugcheck_20260605,389,38.90000000000028,B03_MV,cav,not_applicable,7086.689739832793,-3.5,27.8654276760288,0.8894051349880002,on_ramp,on_ramp_mv,,normal,not_started,commit
BASIC-03,basic_01_06_900_bugcheck_20260605,389,38.90000000000028,B03_CLV,cav,not_applicable,7800.000002924095,0.0,29.99999878162526,5.076561421901716e-07,lane_2,mainline,,normal,none,commit
BASIC-03,basic_01_06_900_bugcheck_20260605,389,38.90000000000028,B03_CFV,cav,not_applicable,7757.765734467256,0.0,29.947374128271388,-0.792455129215021,lane_2,mainline,,normal,none,commit
BASIC-03,basic_01_06_900_bugcheck_20260605,389,38.90000000000028,B03_TLV_CFV,cav,not_applicable,7751.247843636705,3.5,30.03553059582352,0.364777161232133,lane_1,mainline,,normal,none,commit
BASIC-03,basic_01_06_900_bugcheck_20260605,389,38.90000000000028,B03_TLV_CLV,cav,not_applicable,7793.620004871831,3.5,29.999997970070606,8.45803914728549e-07,lane_1,mainline,,normal,none,commit
BASIC-03,basic_01_06_900_bugcheck_20260605,390,39.000000000000284,B03_MV,cav,not_applicable,7089.484820889692,-3.5,27.95081056898765,0.8538289295884796,on_ramp,on_ramp_mv,,normal,not_started,commit
BASIC-03,basic_01_06_900_bugcheck_20260605,390,39.000000000000284,B03_CLV,cav,not_applicable,7803.000002807131,0.0,29.999998830360248,4.873498966162515e-07,lane_2,mainline,,normal,none,commit
BASIC-03,basic_01_06_900_bugcheck_20260605,390,39.000000000000284,B03_CFV,cav,not_applicable,7760.761260883572,0.0,29.955264163153796,0.07890034882407382,lane_2,mainline,,normal,none,commit
BASIC-03,basic_01_06_900_bugcheck_20260605,390,39.000000000000284,B03_TLV_CFV,cav,not_applicable,7754.243472145788,3.5,29.956285090833422,-0.792455049900982,lane_1,mainline,,normal,none,commit
BASIC-03,basic_01_06_900_bugcheck_20260605,390,39.000000000000284,B03_TLV_CLV,cav,not_applicable,7796.620004676958,3.5,29.99999805126778,8.119717577415032e-07,lane_1,mainline,,normal,none,commit
BASIC-03,basic_01_06_900_bugcheck_20260605,391,39.100000000000286,B03_MV,cav,not_applicable,7092.2880987043145,-3.5,28.032778146228143,0.8196757724049406,on_ramp,on_ramp_mv,,normal,not_started,commit
BASIC-03,basic_01_06_900_bugcheck_20260605,391,39.100000000000286,B03_CLV,cav,not_applicable,7806.0000026948455,0.0,29.99999887714584,4.678559008652883e-07,lane_2,mainline,,normal,none,commit
BASIC-03,basic_01_06_900_bugcheck_20260605,391,39.100000000000286,B03_CFV,cav,not_applicable,7763.764705575468,0.0,30.034446918966676,0.7918275581287877,lane_2,mainline,,normal,none,commit
BASIC-03,basic_01_06_900_bugcheck_20260605,391,39.100000000000286,B03_TLV_CFV,cav,not_applicable,7757.239889659008,3.5,29.96417513220516,0.07890041371737844,lane_1,mainline,,normal,none,commit
BASIC-03,basic_01_06_900_bugcheck_20260605,391,39.100000000000286,B03_TLV_CLV,cav,not_applicable,7799.62000448988,3.5,29.99999812921707,7.794928876592167e-07,lane_1,mainline,,normal,none,commit
BASIC-03,basic_01_06_900_bugcheck_20260605,392,39.20000000000029,B03_MV,cav,not_applicable,7095.099245406353,-3.5,28.111467020379017,0.7868887415087429,on_ramp,on_ramp_mv,,normal,not_started,commit
BASIC-03,basic_01_06_900_bugcheck_20260605,392,39.20000000000029,B03_CLV,cav,not_applicable,7809.000002587051,0.0,29.999998922060005,4.491416646601465e-07,lane_2,mainline,,normal,none,commit
BASIC-03,basic_01_06_900_bugcheck_20260605,392,39.20000000000029,B03_CFV,cav,not_applicable,7766.763719765568,0.0,29.990141900995393,-0.44305017971281,lane_2,mainline,,normal,none,commit
BASIC-03,basic_01_06_900_bugcheck_20260605,392,39.20000000000029,B03_TLV_CFV,cav,not_applicable,7760.244225448341,3.5,30.043357893327492,0.7918276112233097,lane_1,mainline,,normal,none,commit
BASIC-03,basic_01_06_900_bugcheck_20260605,392,39.20000000000029,B03_TLV_CLV,cav,not_applicable,7802.6200043102845,3.5,29.999998204048385,7.483131724939085e-07,lane_1,mainline,,normal,none,commit
BASIC-03,basic_01_06_900_bugcheck_20260605,393,39.30000000000029,B03_MV,cav,not_applicable,7097.917946240309,-3.5,28.187008339563857,0.7554131918483933,on_ramp,on_ramp_mv,,normal,not_started,commit
BASIC-03,basic_01_06_900_bugcheck_20260605,393,39.30000000000029,B03_CLV,cav,not_applicable,7812.000002483569,0.0,29.999998965177603,4.311759980168972e-07,lane_2,mainline,,normal,none,commit
BASIC-03,basic_01_06_900_bugcheck_20260605,393,39.30000000000029,B03_CFV,cav,not_applicable,7769.766381726924,0.0,30.026619613564346,0.36477712568951914,lane_2,mainline,,normal,none,commit
BASIC-03,basic_01_06_900_bugcheck_20260605,393,39.30000000000029,B03_TLV_CFV,cav,not_applicable,7763.2441307363115,3.5,29.999052879700308,-0.44305013627183754,lane_1,mainline,,normal,none,commit
BASIC-03,basic_01_06_900_bugcheck_20260605,393,39.30000000000029,B03_TLV_CLV,cav,not_applicable,7805.620004137873,3.5,29.99999827588645,7.183806459920562e-07,lane_1,mainline,,normal,none,commit
BASIC-03,basic_01_06_900_bugcheck_20260605,394,39.40000000000029,B03_MV,cav,not_applicable,7100.743899040907,-3.5,28.259528005981302,0.7251966641744574,on_ramp,on_ramp_mv,,normal,not_started,commit
BASIC-03,basic_01_06_900_bugcheck_20260605,394,39.40000000000029,B03_CLV,cav,not_applicable,7815.000002384226,0.0,29.999999006570498,4.139289586646555e-07,lane_2,mainline,,normal,none,commit
BASIC-03,basic_01_06_900_bugcheck_20260605,394,39.40000000000029,B03_CFV,cav,not_applicable,7772.761119137491,0.0,29.947374105666217,-0.7924550789813025,lane_2,mainline,,normal,none,commit
BASIC-03,basic_01_06_900_bugcheck_20260605,394,39.40000000000029,B03_TLV_CFV,cav,not_applicable,7766.247683795894,3.5,30.03553059582352,0.364777161232133,lane_1,mainline,,normal,none,commit
BASIC-03,basic_01_06_900_bugcheck_20260605,394,39.40000000000029,B03_TLV_CLV,cav,not_applicable,7808.620003972358,3.5,29.999998344850994,6.896454195270963e-07,lane_1,mainline,,normal,none,commit
BASIC-03,basic_01_06_900_bugcheck_20260605,395,39.50000000000029,B03_MV,cav,not_applicable,7103.576813729482,-3.5,28.32914688574205,0.6961887976074792,on_ramp,on_ramp_mv,,normal,not_started,commit
BASIC-03,basic_01_06_900_bugcheck_20260605,395,39.50000000000029,B03_CLV,cav,not_applicable,7818.000002288856,0.0,29.99999904630768,3.973718008865035e-07,lane_2,mainline,,normal,none,commit
BASIC-03,basic_01_06_900_bugcheck_20260605,395,39.50000000000029,B03_CFV,cav,not_applicable,7775.756645551956,0.0,29.955264144658656,0.07890038992438897,lane_2,mainline,,normal,none,commit
BASIC-03,basic_01_06_900_bugcheck_20260605,395,39.50000000000029,B03_TLV_CFV,cav,not_applicable,7769.243312304977,3.5,29.956285090833422,-0.792455049900982,lane_1,mainline,,normal,none,commit
BASIC-03,basic_01_06_900_bugcheck_20260605,395,39.50000000000029,B03_TLV_CLV,cav,not_applicable,7811.620003813464,3.5,29.999998411056954,6.620596025186388e-07,lane_1,mainline,,normal,none,commit
BASIC-03,basic_01_06_900_bugcheck_20260605,396,39.60000000000029,B03_MV,cav,not_applicable,7106.4164118305125,-3.5,28.395981010312365,0.6683412457031808,on_ramp,on_ramp_mv,,normal,not_started,commit
BASIC-03,basic_01_06_900_bugcheck_20260605,396,39.60000000000029,B03_CLV,cav,not_applicable,7821.000002197302,0.0,29.99999908445537,3.814769286236697e-07,lane_2,mainline,,normal,none,commit
BASIC-03,basic_01_06_900_bugcheck_20260605,396,39.60000000000029,B03_CFV,cav,not_applicable,7778.76009024234,0.0,30.034446903834287,0.7918275917563182,lane_2,mainline,,normal,none,commit
BASIC-03,basic_01_06_900_bugcheck_20260605,396,39.60000000000029,B03_TLV_CFV,cav,not_applicable,7772.239729818198,3.5,29.96417513220516,0.07890041371737844,lane_1,mainline,,normal,none,commit
BASIC-03,basic_01_06_900_bugcheck_20260605,396,39.60000000000029,B03_TLV_CLV,cav,not_applicable,7814.620003660925,3.5,29.999998474614674,6.355772185884235e-07,lane_1,mainline,,normal,none,commit
BASIC-03,basic_01_06_900_bugcheck_20260605,397,39.700000000000294,B03_MV,cav,not_applicable,7109.262426007503,-3.5,28.46014176989987,0.641607595875054,on_ramp,on_ramp_mv,,normal,not_started,commit
BASIC-03,basic_01_06_900_bugcheck_20260605,397,39.700000000000294,B03_CLV,cav,not_applicable,7824.000002109409,0.0,29.999999121077156,3.6621785142187947e-07,lane_2,mainline,,normal,none,commit
BASIC-03,basic_01_06_900_bugcheck_20260605,397,39.700000000000294,B03_CFV,cav,not_applicable,7781.759104431201,0.0,29.99014188861435,-0.44305015219937594,lane_2,mainline,,normal,none,commit
BASIC-03,basic_01_06_900_bugcheck_20260605,397,39.700000000000294,B03_TLV_CFV,cav,not_applicable,7775.2440656075305,3.5,30.043357893327492,0.7918276112233097,lane_1,mainline,,normal,none,commit
BASIC-03,basic_01_06_900_bugcheck_20260605,397,39.700000000000294,B03_TLV_CLV,cav,not_applicable,7817.620003514488,3.5,29.999998535630088,6.101541302427905e-07,lane_1,mainline,,normal,none,commit
BASIC-03,basic_01_06_900_bugcheck_20260605,398,39.800000000000296,B03_MV,cav,not_applicable,7112.114599617413,-3.5,28.521736099103876,0.6159432920400519,on_ramp,on_ramp_mv,,normal,not_started,commit
BASIC-03,basic_01_06_900_bugcheck_20260605,398,39.800000000000296,B03_CLV,cav,not_applicable,7827.000002025033,0.0,29.999999156234068,3.515691375355346e-07,lane_2,mainline,,normal,none,commit
BASIC-03,basic_01_06_900_bugcheck_20260605,398,39.800000000000296,B03_CFV,cav,not_applicable,7784.761766391544,0.0,30.0266196034344,0.36477714820051066,lane_2,mainline,,normal,none,commit
BASIC-03,basic_01_06_900_bugcheck_20260605,398,39.800000000000296,B03_TLV_CFV,cav,not_applicable,7778.243970895501,3.5,29.999052879700308,-0.44305013627183754,lane_1,mainline,,normal,none,commit
BASIC-03,basic_01_06_900_bugcheck_20260605,398,39.800000000000296,B03_TLV_CLV,cav,not_applicable,7820.620003373909,3.5,29.999998594204882,5.857479649762354e-07,lane_1,mainline,,normal,none,commit
BASIC-03,basic_01_06_900_bugcheck_20260605,399,39.9000000000003,B03_MV,cav,not_applicable,7114.972686282927,-3.5,28.580866655139722,0.5913055603584496,on_ramp,on_ramp_mv,,normal,not_started,commit
BASIC-03,basic_01_06_900_bugcheck_20260605,399,39.9000000000003,B03_CLV,cav,not_applicable,7830.000001944031,0.0,29.999999189984706,3.375063727162342e-07,lane_2,mainline,,normal,none,commit
BASIC-03,basic_01_06_900_bugcheck_20260605,399,39.9000000000003,B03_CFV,cav,not_applicable,7787.756503801282,0.0,29.94737409737808,-0.7924550605632186,lane_2,mainline,,normal,none,commit
BASIC-03,basic_01_06_900_bugcheck_20260605,399,39.9000000000003,B03_TLV_CFV,cav,not_applicable,7781.247523955083,3.5,30.03553059582352,0.364777161232133,lane_1,mainline,,normal,none,commit
BASIC-03,basic_01_06_900_bugcheck_20260605,399,39.9000000000003,B03_TLV_CLV,cav,not_applicable,7823.620003238952,3.5,29.999998650436687,5.623180470593071e-07,lane_1,mainline,,normal,none,commit
BASIC-03,basic_01_06_900_bugcheck_20260605,400,40.0000000000003,B03_MV,cav,not_applicable,7117.83644948182,-3.5,28.63763198893413,0.5676533379441111,on_ramp,on_ramp_mv,,normal,not_started,commit
BASIC-03,basic_01_06_900_bugcheck_20260605,400,40.0000000000003,B03_CLV,cav,not_applicable,7833.0000018662695,0.0,29.999999222385316,3.2400611758021116e-07,lane_2,mainline,,normal,none,commit
BASIC-03,basic_01_06_900_bugcheck_20260605,400,40.0000000000003,B03_CFV,cav,not_applicable,7790.75203021507,0.0,29.955264137877453,0.0789004049937303,lane_2,mainline,,normal,none,commit
BASIC-03,basic_01_06_900_bugcheck_20260605,400,40.0000000000003,B03_TLV_CFV,cav,not_applicable,7784.243152464166,3.5,29.956285090833422,-0.792455049900982,lane_1,mainline,,normal,none,commit
BASIC-03,basic_01_06_900_bugcheck_20260605,400,40.0000000000003,B03_TLV_CLV,cav,not_applicable,7826.620003109394,3.5,29.99999870441922,5.398253250632479e-07,lane_1,mainline,,normal,none,commit
BASIC-03,basic_01_06_900_bugcheck_20260605,401,40.1000000000003,B03_MV,cav,not_applicable,7120.705662152757,-3.5,28.692126709376765,0.5449472044263474,on_ramp,on_ramp_mv,,normal,not_started,commit
BASIC-03,basic_01_06_900_bugcheck_20260605,401,40.1000000000003,B03_CLV,cav,not_applicable,7836.000001791618,0.0,29.999999253489904,3.110458735022803e-07,lane_2,mainline,,normal,none,commit
BASIC-03,basic_01_06_900_bugcheck_20260605,401,40.1000000000003,B03_CFV,cav,not_applicable,7793.755474904899,0.0,30.03444689828603,0.7918276040857793,lane_2,mainline,,normal,none,commit
BASIC-03,basic_01_06_900_bugcheck_20260605,401,40.1000000000003,B03_TLV_CFV,cav,not_applicable,7787.239569977387,3.5,29.96417513220516,0.07890041371737844,lane_1,mainline,,normal,none,commit
BASIC-03,basic_01_06_900_bugcheck_20260605,401,40.1000000000003,B03_TLV_CLV,cav,not_applicable,7829.620002985018,3.5,29.99999875624245,5.182323121744048e-07,lane_1,mainline,,normal,none,commit
BASIC-03,basic_01_06_900_bugcheck_20260605,402,40.2000000000003,B03_MV,cav,not_applicable,7123.580106316857,-3.5,28.744441641001696,0.5231493162492938,on_ramp,on_ramp_mv,,normal,not_started,commit
BASIC-03,basic_01_06_900_bugcheck_20260605,402,40.2000000000003,B03_CLV,cav,not_applicable,7839.000001719954,0.0,29.999999283350306,2.9860403856218913e-07,lane_2,mainline,,normal,none,commit
BASIC-03,basic_01_06_900_bugcheck_20260605,402,40.2000000000003,B03_CFV,cav,not_applicable,7796.754489093306,0.0,29.990141884074866,-0.44305014211163507,lane_2,mainline,,normal,none,commit
BASIC-03,basic_01_06_900_bugcheck_20260605,402,40.2000000000003,B03_TLV_CFV,cav,not_applicable,7790.24390576672,3.5,30.043357893327492,0.7918276112233097,lane_1,mainline,,normal,none,commit
BASIC-03,basic_01_06_900_bugcheck_20260605,402,40.2000000000003,B03_TLV_CLV,cav,not_applicable,7832.620002865618,3.5,29.999998805992753,4.975030194032116e-07,lane_1,mainline,,normal,none,commit
BASIC-03,basic_01_06_900_bugcheck_20260605,403,40.3000000000003,B03_MV,cav,not_applicable,7126.459572714393,-3.5,28.79466397536163,0.5022233435993215,on_ramp,on_ramp_mv,,normal,not_started,commit
BASIC-03,basic_01_06_900_bugcheck_20260605,403,40.3000000000003,B03_CLV,cav,not_applicable,7842.000001651155,0.0,29.999999312016293,2.8665987770182257e-07,lane_2,mainline,,normal,none,commit
BASIC-03,basic_01_06_900_bugcheck_20260605,403,40.3000000000003,B03_CFV,cav,not_applicable,7799.757151053278,0.0,30.026619599720277,0.3647771564541168,lane_2,mainline,,normal,none,commit
BASIC-03,basic_01_06_900_bugcheck_20260605,403,40.3000000000003,B03_TLV_CFV,cav,not_applicable,7793.24381105469,3.5,29.999052879700308,-0.44305013627183754,lane_1,mainline,,normal,none,commit
BASIC-03,basic_01_06_900_bugcheck_20260605,403,40.3000000000003,B03_TLV_CLV,cav,not_applicable,7835.620002750993,3.5,29.99999885375304,4.776028987407699e-07,lane_1,mainline,,normal,none,commit
BASIC-03,basic_01_06_900_bugcheck_20260605,404,40.400000000000304,B03_MV,cav,not_applicable,7129.3171354876695,-3.5,28.575627732762985,0.48213440985534817,on_ramp,on_ramp_mv,,normal,not_started,commit
BASIC-03,basic_01_06_900_bugcheck_20260605,404,40.400000000000304,B03_CLV,cav,not_applicable,7845.000001585108,0.0,29.99999933953564,2.751934829348102e-07,lane_2,mainline,,normal,none,commit
BASIC-03,basic_01_06_900_bugcheck_20260605,404,40.400000000000304,B03_CFV,cav,not_applicable,7802.751888462712,0.0,29.94737409433925,-0.792455053810268,lane_2,mainline,,normal,none,commit
BASIC-03,basic_01_06_900_bugcheck_20260605,404,40.400000000000304,B03_TLV_CFV,cav,not_applicable,7796.247364114272,3.5,30.03553059582352,0.364777161232133,lane_1,mainline,,normal,none,commit
BASIC-03,basic_01_06_900_bugcheck_20260605,404,40.400000000000304,B03_TLV_CLV,cav,not_applicable,7838.620002640953,3.5,29.999998899602918,4.5849878347326014e-07,lane_1,mainline,,normal,none,commit
BASIC-03,basic_01_06_900_bugcheck_20260605,405,40.500000000000306,B03_MV,cav,not_applicable,7132.106389445354,-3.5,27.89253957684526,0.569748906894806,on_ramp,on_ramp_mv,,normal,not_started,commit
BASIC-03,basic_01_06_900_bugcheck_20260605,405,40.500000000000306,B03_CLV,cav,not_applicable,7848.000001521704,0.0,29.999999365954217,2.641857435037309e-07,lane_2,mainline,,normal,none,commit
BASIC-03,basic_01_06_900_bugcheck_20260605,405,40.500000000000306,B03_CFV,cav,not_applicable,7805.74741487625,0.0,29.955264135391136,0.07890041051887164,lane_2,mainline,,normal,none,commit
BASIC-03,basic_01_06_900_bugcheck_20260605,405,40.500000000000306,B03_TLV_CFV,cav,not_applicable,7799.242992623355,3.5,29.956285090833422,-0.792455049900982,lane_1,mainline,,normal,none,commit
BASIC-03,basic_01_06_900_bugcheck_20260605,405,40.500000000000306,B03_TLV_CLV,cav,not_applicable,7841.6200025353155,3.5,29.999998943618802,4.4015883275960733e-07,lane_1,mainline,,normal,none,commit
BASIC-03,basic_01_06_900_bugcheck_20260605,406,40.60000000000031,B03_MV,cav,not_applicable,7134.82896748046,-3.5,27.225780351060592,0.8429841692618965,on_ramp,on_ramp_mv,,normal,not_started,commit
BASIC-03,basic_01_06_900_bugcheck_20260605,406,40.60000000000031,B03_CLV,cav,not_applicable,7851.000001460835,0.0,29.99999939131605,2.536183131951475e-07,lane_2,mainline,,normal,none,commit
BASIC-03,basic_01_06_900_bugcheck_20260605,406,40.60000000000031,B03_CFV,cav,not_applicable,7808.7508595658755,0.0,30.034446896251772,0.7918276086063496,lane_2,mainline,,normal,none,commit
BASIC-03,basic_01_06_900_bugcheck_20260605,406,40.60000000000031,B03_TLV_CFV,cav,not_applicable,7802.239410136576,3.5,29.96417513220516,0.07890041371737844,lane_1,mainline,,normal,none,commit
BASIC-03,basic_01_06_900_bugcheck_20260605,406,40.60000000000031,B03_TLV_CLV,cav,not_applicable,7844.620002433903,3.5,29.99999898587405,4.225524790513191e-07,lane_1,mainline,,normal,none,commit
BASIC-03,basic_01_06_900_bugcheck_20260605,407,40.70000000000031,B03_MV,cav,not_applicable,7137.486463452392,-3.5,26.57495971931968,1.109687859575763,on_ramp,on_ramp_mv,,normal,not_started,commit
BASIC-03,basic_01_06_900_bugcheck_20260605,407,40.70000000000031,B03_CLV,cav,not_applicable,7854.000001402402,0.0,29.999999415663407,2.4347358049681136e-07,lane_2,mainline,,normal,none,commit
BASIC-03,basic_01_06_900_bugcheck_20260605,407,40.70000000000031,B03_CFV,cav,not_applicable,7811.749873754116,0.0,29.990141882410473,-0.4430501384129867,lane_2,mainline,,normal,none,commit
BASIC-03,basic_01_06_900_bugcheck_20260605,407,40.70000000000031,B03_TLV_CFV,cav,not_applicable,7805.243745925909,3.5,30.043357893327492,0.7918276112233097,lane_1,mainline,,normal,none,commit
BASIC-03,basic_01_06_900_bugcheck_20260605,407,40.70000000000031,B03_TLV_CLV,cav,not_applicable,7847.620002336547,3.5,29.999999026439088,4.056503797755795e-07,lane_1,mainline,,normal,none,commit
BASIC-03,basic_01_06_900_bugcheck_20260605,408,40.80000000000031,B03_MV,cav,not_applicable,7140.080433120027,-3.5,25.9396966763509,1.3700161122721284,on_ramp,on_ramp_mv,,normal,not_started,commit
BASIC-03,basic_01_06_900_bugcheck_20260605,408,40.80000000000031,B03_CLV,cav,not_applicable,7857.000001346305,0.0,29.99999943903687,2.337346373337823e-07,lane_2,mainline,,normal,none,commit
BASIC-03,basic_01_06_900_bugcheck_20260605,408,40.80000000000031,B03_CFV,cav,not_applicable,7814.752535713952,0.0,30.0266195983585,0.36477715948028366,lane_2,mainline,,normal,none,commit
BASIC-03,basic_01_06_900_bugcheck_20260605,408,40.80000000000031,B03_TLV_CFV,cav,not_applicable,7808.243651213879,3.5,29.999052879700308,-0.44305013627183754,lane_1,mainline,,normal,none,commit
BASIC-03,basic_01_06_900_bugcheck_20260605,408,40.80000000000031,B03_TLV_CLV,cav,not_applicable,7850.620002243086,3.5,29.999999065381523,3.8942436475508657e-07,lane_1,mainline,,normal,none,commit
BASIC-03,basic_01_06_900_bugcheck_20260605,409,40.90000000000031,B03_MV,cav,not_applicable,7142.612395052492,-3.5,25.319619324650287,1.6241213294596406,on_ramp,on_ramp_mv,,normal,not_started,commit
BASIC-03,basic_01_06_900_bugcheck_20260605,409,40.90000000000031,B03_CLV,cav,not_applicable,7860.000001292453,0.0,29.999999461475394,2.243852520678047e-07,lane_2,mainline,,normal,none,commit
BASIC-03,basic_01_06_900_bugcheck_20260605,409,40.90000000000031,B03_CFV,cav,not_applicable,7817.747273123275,0.0,29.94737409322507,-0.7924550513343134,lane_2,mainline,,normal,none,commit
BASIC-03,basic_01_06_900_bugcheck_20260605,409,40.90000000000031,B03_TLV_CFV,cav,not_applicable,7811.247204273462,3.5,30.03553059582352,0.364777161232133,lane_1,mainline,,normal,none,commit
BASIC-03,basic_01_06_900_bugcheck_20260605,409,40.90000000000031,B03_TLV_CLV,cav,not_applicable,7853.620002153362,3.5,29.999999102766264,3.7384739073331733e-07,lane_1,mainline,,normal,none,commit
BASIC-03,basic_01_06_900_bugcheck_20260605,410,41.00000000000031,B03_MV,cav,not_applicable,7145.083831518168,-3.5,24.714364656764833,1.8721522701398854,on_ramp,on_ramp_mv,,normal,not_started,commit
BASIC-03,basic_01_06_900_bugcheck_20260605,410,41.00000000000031,B03_CLV,cav,not_applicable,7863.0000012407545,0.0,29.999999483016378,2.154098424966833e-07,lane_2,mainline,,normal,none,commit
BASIC-03,basic_01_06_900_bugcheck_20260605,410,41.00000000000031,B03_CFV,cav,not_applicable,7820.7427995367225,0.0,29.955264134479535,0.07890041254465274,lane_2,mainline,,normal,none,commit
BASIC-03,basic_01_06_900_bugcheck_20260605,410,41.00000000000031,B03_TLV_CFV,cav,not_applicable,7814.242832782545,3.5,29.956285090833422,-0.792455049900982,lane_1,mainline,,normal,none,commit
BASIC-03,basic_01_06_900_bugcheck_20260605,410,41.00000000000031,B03_TLV_CLV,cav,not_applicable,7856.620002067228,3.5,29.999999138655614,3.58893494478707e-07,lane_1,mainline,,normal,none,commit
BASIC-03,basic_01_06_900_bugcheck_20260605,411,41.100000000000314,B03_MV,cav,not_applicable,7147.496189352446,-3.5,24.12357834277905,2.114254137294067,on_ramp,on_ramp_mv,,normal,not_started,commit
BASIC-03,basic_01_06_900_bugcheck_20260605,411,41.100000000000314,B03_CLV,cav,not_applicable,7866.000001191124,0.0,29.999999503695722,2.0679344885365937e-07,lane_2,mainline,,normal,none,commit
BASIC-03,basic_01_06_900_bugcheck_20260605,411,41.100000000000314,B03_CFV,cav,not_applicable,7823.746244226273,0.0,30.034446895505916,0.7918276102638068,lane_2,mainline,,normal,none,commit
BASIC-03,basic_01_06_900_bugcheck_20260605,411,41.100000000000314,B03_TLV_CFV,cav,not_applicable,7817.2392502957655,3.5,29.96417513220516,0.07890041371737844,lane_1,mainline,,normal,none,commit
BASIC-03,basic_01_06_900_bugcheck_20260605,411,41.100000000000314,B03_TLV_CLV,cav,not_applicable,7859.620001984538,3.5,29.99999917310939,3.4453775441534165e-07,lane_1,mainline,,normal,none,commit
BASIC-03,basic_01_06_900_bugcheck_20260605,412,41.200000000000315,B03_MV,cav,not_applicable,7149.8508808047345,-3.5,23.546914522882886,2.3505686628883793,on_ramp,on_ramp_mv,,normal,not_started,commit
BASIC-03,basic_01_06_900_bugcheck_20260605,412,41.200000000000315,B03_CLV,cav,not_applicable,7869.0000011434795,0.0,29.999999523547892,1.9852171107004324e-07,lane_2,mainline,,normal,none,commit
BASIC-03,basic_01_06_900_bugcheck_20260605,412,41.200000000000315,B03_CFV,cav,not_applicable,7826.745258414453,0.0,29.990141881800227,-0.44305013705688534,lane_2,mainline,,normal,none,commit
BASIC-03,basic_01_06_900_bugcheck_20260605,412,41.200000000000315,B03_TLV_CFV,cav,not_applicable,7820.243586085098,3.5,30.043357893327492,0.7918276112233097,lane_1,mainline,,normal,none,commit
BASIC-03,basic_01_06_900_bugcheck_20260605,412,41.200000000000315,B03_TLV_CLV,cav,not_applicable,7862.620001905157,3.5,29.999999206185016,3.307562437271372e-07,lane_1,mainline,,normal,none,commit
BASIC-03,basic_01_06_900_bugcheck_20260605,413,41.30000000000032,B03_MV,cav,not_applicable,7152.149284365224,-3.5,22.984035604896807,2.5812341908468457,on_ramp,on_ramp_mv,,normal,not_started,commit
BASIC-03,basic_01_06_900_bugcheck_20260605,413,41.30000000000032,B03_CLV,cav,not_applicable,7872.00000109774,0.0,29.999999542605977,1.9058084319567572e-07,lane_2,mainline,,normal,none,commit
BASIC-03,basic_01_06_900_bugcheck_20260605,413,41.30000000000032,B03_CFV,cav,not_applicable,7829.747920374239,0.0,30.02661959785921,0.3647771605898211,lane_2,mainline,,normal,none,commit
BASIC-03,basic_01_06_900_bugcheck_20260605,413,41.30000000000032,B03_TLV_CFV,cav,not_applicable,7823.2434913730685,3.5,29.999052879700308,-0.44305013627183754,lane_1,mainline,,normal,none,commit
BASIC-03,basic_01_06_900_bugcheck_20260605,413,41.30000000000032,B03_TLV_CLV,cav,not_applicable,7865.62000182895,3.5,29.999999237937615,3.1752599340961754e-07,lane_1,mainline,,normal,none,commit
BASIC-03,basic_01_06_900_bugcheck_20260605,414,41.40000000000032,B03_MV,cav,not_applicable,7154.392745571888,-3.5,22.43461206663818,2.8063857580412774,on_ramp,on_ramp_mv,,normal,not_started,commit
BASIC-03,basic_01_06_900_bugcheck_20260605,414,41.40000000000032,B03_CLV,cav,not_applicable,7875.000001053831,0.0,29.99999956090174,1.82957609240475e-07,lane_2,mainline,,normal,none,commit
BASIC-03,basic_01_06_900_bugcheck_20260605,414,41.40000000000032,B03_CFV,cav,not_applicable,7832.74265778352,0.0,29.94737409281656,-0.79245505042651,lane_2,mainline,,normal,none,commit
BASIC-03,basic_01_06_900_bugcheck_20260605,414,41.40000000000032,B03_TLV_CFV,cav,not_applicable,7826.247044432651,3.5,30.03553059582352,0.364777161232133,lane_1,mainline,,normal,none,commit
BASIC-03,basic_01_06_900_bugcheck_20260605,414,41.40000000000032,B03_TLV_CLV,cav,not_applicable,7868.620001755792,3.5,29.99999926842011,3.0482495390060653e-07,lane_1,mainline,,normal,none,commit
BASIC-03,basic_01_06_900_bugcheck_20260605,415,41.50000000000032,B03_MV,cav,not_applicable,7156.582577798189,-3.5,21.898322263010943,3.026155173344728,on_ramp,on_ramp_mv,,normal,not_started,commit
BASIC-03,basic_01_06_900_bugcheck_20260605,415,41.50000000000032,B03_CLV,cav,not_applicable,7878.000001011677,0.0,29.99999957846567,1.7563930470032575e-07,lane_2,mainline,,normal,none,commit
BASIC-03,basic_01_06_900_bugcheck_20260605,415,41.50000000000032,B03_CFV,cav,not_applicable,7835.7381841969345,0.0,29.9552641341453,0.07890041328740094,lane_2,mainline,,normal,none,commit
BASIC-03,basic_01_06_900_bugcheck_20260605,415,41.50000000000032,B03_TLV_CFV,cav,not_applicable,7829.242672941734,3.5,29.956285090833422,-0.792455049900982,lane_1,mainline,,normal,none,commit
BASIC-03,basic_01_06_900_bugcheck_20260605,415,41.50000000000032,B03_TLV_CLV,cav,not_applicable,7871.62000168556,3.5,29.999999297683306,2.926319552898349e-07,lane_1,mainline,,normal,none,commit
BASIC-03,basic_01_06_900_bugcheck_20260605,416,41.60000000000032,B03_MV,cav,not_applicable,7158.7200630219595,-3.5,21.37485223770737,3.2406710947956228,on_ramp,on_ramp_mv,,normal,not_started,commit
BASIC-03,basic_01_06_900_bugcheck_20260605,416,41.60000000000032,B03_CLV,cav,not_applicable,7881.00000097121,0.0,29.999999595327044,1.686137323986259e-07,lane_2,mainline,,normal,none,commit
BASIC-03,basic_01_06_900_bugcheck_20260605,416,41.60000000000032,B03_CFV,cav,not_applicable,7838.741628886458,0.0,30.03444689523245,0.7918276108715099,lane_2,mainline,,normal,none,commit
BASIC-03,basic_01_06_900_bugcheck_20260605,416,41.60000000000032,B03_TLV_CFV,cav,not_applicable,7832.239090454955,3.5,29.96417513220516,0.07890041371737844,lane_1,mainline,,normal,none,commit
BASIC-03,basic_01_06_900_bugcheck_20260605,416,41.60000000000032,B03_TLV_CLV,cav,not_applicable,7874.620001618137,3.5,29.999999325775974,2.809266774761454e-07,lane_1,mainline,,normal,none,commit
BASIC-03,basic_01_06_900_bugcheck_20260605,417,41.70000000000032,B03_MV,cav,not_applicable,7160.806452575901,-3.5,20.863895539411374,3.4500591049170524,on_ramp,on_ramp_mv,,normal,not_started,commit
BASIC-03,basic_01_06_900_bugcheck_20260605,417,41.70000000000032,B03_CLV,cav,not_applicable,7884.000000932362,0.0,29.99999961151396,1.618691825910901e-07,lane_2,mainline,,normal,none,commit
BASIC-03,basic_01_06_900_bugcheck_20260605,417,41.70000000000032,B03_CFV,cav,not_applicable,7841.740643074616,0.0,29.99014188157648,-0.44305013655967374,lane_2,mainline,,normal,none,commit
BASIC-03,basic_01_06_900_bugcheck_20260605,417,41.70000000000032,B03_TLV_CFV,cav,not_applicable,7835.243426244288,3.5,30.043357893327492,0.7918276112233097,lane_1,mainline,,normal,none,commit
BASIC-03,basic_01_06_900_bugcheck_20260605,417,41.70000000000032,B03_TLV_CLV,cav,not_applicable,7877.620001553412,3.5,29.999999352744936,2.696896103770996e-07,lane_1,mainline,,normal,none,commit
BASIC-03,basic_01_06_900_bugcheck_20260605,418,41.800000000000324,B03_MV,cav,not_applicable,7162.84296788014,-3.5,20.365153042393928,3.6544417842354506,on_ramp,on_ramp_mv,,normal,not_started,commit
BASIC-03,basic_01_06_900_bugcheck_20260605,418,41.800000000000324,B03_CLV,cav,not_applicable,7887.000000895067,0.0,29.999999627053402,1.5539441591272408e-07,lane_2,mainline,,normal,none,commit
BASIC-03,basic_01_06_900_bugcheck_20260605,418,41.800000000000324,B03_CFV,cav,not_applicable,7844.743305034383,0.0,30.026619597676145,0.3647771609966306,lane_2,mainline,,normal,none,commit
BASIC-03,basic_01_06_900_bugcheck_20260605,418,41.800000000000324,B03_TLV_CFV,cav,not_applicable,7838.243331532258,3.5,29.999052879700308,-0.44305013627183754,lane_1,mainline,,normal,none,commit
BASIC-03,basic_01_06_900_bugcheck_20260605,418,41.800000000000324,B03_TLV_CLV,cav,not_applicable,7880.620001491276,3.5,29.999999378635138,2.589020255072683e-07,lane_1,mainline,,normal,none,commit
BASIC-03,basic_01_06_900_bugcheck_20260605,419,41.900000000000325,B03_MV,cav,not_applicable,7164.83080115728,-3.5,19.878332771399073,3.853938783042429,on_ramp,on_ramp_mv,,normal,not_started,commit
BASIC-03,basic_01_06_900_bugcheck_20260605,419,41.900000000000325,B03_CLV,cav,not_applicable,7890.000000859264,0.0,29.999999641971264,1.491786392193717e-07,lane_2,mainline,,normal,none,commit
BASIC-03,basic_01_06_900_bugcheck_20260605,419,41.900000000000325,B03_CFV,cav,not_applicable,7847.73804244365,0.0,29.947374092666777,-0.7924550500936658,lane_2,mainline,,normal,none,commit
BASIC-03,basic_01_06_900_bugcheck_20260605,419,41.900000000000325,B03_TLV_CFV,cav,not_applicable,7841.24688459184,3.5,30.03553059582352,0.364777161232133,lane_1,mainline,,normal,none,commit
BASIC-03,basic_01_06_900_bugcheck_20260605,419,41.900000000000325,B03_TLV_CLV,cav,not_applicable,7883.620001431625,3.5,29.99999940348973,2.485459447143512e-07,lane_1,mainline,,normal,none,commit
BASIC-03,basic_01_06_900_bugcheck_20260605,420,42.00000000000033,B03_MV,cav,not_applicable,7166.771116130351,-3.5,19.403149730714247,4.0,on_ramp,on_ramp_mv,,normal,not_started,commit
BASIC-03,basic_01_06_900_bugcheck_20260605,420,42.00000000000033,B03_CLV,cav,not_applicable,7893.0000008248935,0.0,29.999999656292413,1.43211494219031e-07,lane_2,mainline,,normal,none,commit
BASIC-03,basic_01_06_900_bugcheck_20260605,420,42.00000000000033,B03_CFV,cav,not_applicable,7850.733568857052,0.0,29.95526413402275,0.0789004135597281,lane_2,mainline,,normal,none,commit
BASIC-03,basic_01_06_900_bugcheck_20260605,420,42.00000000000033,B03_TLV_CFV,cav,not_applicable,7844.242513100923,3.5,29.956285090833422,-0.792455049900982,lane_1,mainline,,normal,none,commit
BASIC-03,basic_01_06_900_bugcheck_20260605,420,42.00000000000033,B03_TLV_CLV,cav,not_applicable,7886.620001374359,3.5,29.999999427350144,2.386041074942114e-07,lane_1,mainline,,normal,none,commit
BASIC-03,basic_01_06_900_bugcheck_20260605,421,42.10000000000033,B03_MV,cav,not_applicable,7168.665048704084,-3.5,18.939325737327255,4.0,on_ramp,on_ramp_mv,,normal,not_started,commit
BASIC-03,basic_01_06_900_bugcheck_20260605,421,42.10000000000033,B03_CLV,cav,not_applicable,7896.000000791898,0.0,29.999999670040715,1.3748303473448686e-07,lane_2,mainline,,normal,none,commit
BASIC-03,basic_01_06_900_bugcheck_20260605,421,42.10000000000033,B03_CFV,cav,not_applicable,7853.737013546565,0.0,30.034446895132184,0.791827611094323,lane_2,mainline,,normal,none,commit
BASIC-03,basic_01_06_900_bugcheck_20260605,421,42.10000000000033,B03_TLV_CFV,cav,not_applicable,7847.238930614144,3.5,29.96417513220516,0.07890041371737844,lane_1,mainline,,normal,none,commit
BASIC-03,basic_01_06_900_bugcheck_20260605,421,42.10000000000033,B03_TLV_CLV,cav,not_applicable,7889.620001319385,3.5,29.999999450256137,2.290599425691653e-07,lane_1,mainline,,normal,none,commit
BASIC-03,basic_01_06_900_bugcheck_20260605,422,42.20000000000033,B03_MV,cav,not_applicable,7170.5137076298915,-3.5,18.48658925807209,4.0,on_ramp,on_ramp_mv,,normal,not_started,commit
BASIC-03,basic_01_06_900_bugcheck_20260605,422,42.20000000000033,B03_CLV,cav,not_applicable,7899.000000760222,0.0,29.999999683239086,1.319837139135416e-07,lane_2,mainline,,normal,none,commit
BASIC-03,basic_01_06_900_bugcheck_20260605,422,42.20000000000033,B03_CFV,cav,not_applicable,7856.736027734715,0.0,29.99014188149445,-0.4430501363773721,lane_2,mainline,,normal,none,commit
BASIC-03,basic_01_06_900_bugcheck_20260605,422,42.20000000000033,B03_TLV_CFV,cav,not_applicable,7850.243266403477,3.5,30.043357893327492,0.7918276112233097,lane_1,mainline,,normal,none,commit
BASIC-03,basic_01_06_900_bugcheck_20260605,422,42.20000000000033,B03_TLV_CLV,cav,not_applicable,7892.6200012666095,3.5,29.999999472245893,2.198975451506158e-07,lane_1,mainline,,normal,none,commit
BASIC-03,basic_01_06_900_bugcheck_20260605,423,42.30000000000033,B03_MV,cav,not_applicable,7172.318175154958,-3.5,18.044675250666838,4.0,on_ramp,on_ramp_mv,,normal,not_started,commit
BASIC-03,basic_01_06_900_bugcheck_20260605,423,42.30000000000033,B03_CLV,cav,not_applicable,7902.000000729813,0.0,29.999999695909523,1.2670436575490384e-07,lane_2,mainline,,normal,none,commit
BASIC-03,basic_01_06_900_bugcheck_20260605,423,42.30000000000033,B03_CFV,cav,not_applicable,7859.738689694476,0.0,30.026619597609027,0.3647771611457865,lane_2,mainline,,normal,none,commit
BASIC-03,basic_01_06_900_bugcheck_20260605,423,42.30000000000033,B03_TLV_CFV,cav,not_applicable,7853.243171691447,3.5,29.999052879700308,-0.44305013627183754,lane_1,mainline,,normal,none,commit
BASIC-03,basic_01_06_900_bugcheck_20260605,423,42.30000000000033,B03_TLV_CLV,cav,not_applicable,7895.620001215945,3.5,29.999999493356057,2.1110164283300037e-07,lane_1,mainline,,normal,none,commit
BASIC-03,basic_01_06_900_bugcheck_20260605,424,42.40000000000033,B03_MV,cav,not_applicable,7174.079507655813,-3.5,17.613325008551932,4.0,on_ramp,on_ramp_mv,,normal,not_started,commit
BASIC-03,basic_01_06_900_bugcheck_20260605,424,42.40000000000033,B03_CLV,cav,not_applicable,7905.00000070062,0.0,29.99999970807314,1.2163619089733402e-07,lane_2,mainline,,normal,none,commit
BASIC-03,basic_01_06_900_bugcheck_20260605,424,42.40000000000033,B03_CFV,cav,not_applicable,7862.733427103737,0.0,29.947374092611863,-0.7924550499716292,lane_2,mainline,,normal,none,commit
BASIC-03,basic_01_06_900_bugcheck_20260605,424,42.40000000000033,B03_TLV_CFV,cav,not_applicable,7856.246724751029,3.5,30.03553059582352,0.364777161232133,lane_1,mainline,,normal,none,commit
BASIC-03,basic_01_06_900_bugcheck_20260605,424,42.40000000000033,B03_TLV_CLV,cav,not_applicable,7898.620001167307,3.5,29.999999513621816,2.0265757711968037e-07,lane_1,mainline,,normal,none,commit
BASIC-03,basic_01_06_900_bugcheck_20260605,425,42.500000000000334,B03_MV,cav,not_applicable,7175.798736256757,-3.5,17.19228600943742,4.0,on_ramp,on_ramp_mv,,normal,not_started,commit
BASIC-03,basic_01_06_900_bugcheck_20260605,425,42.500000000000334,B03_CLV,cav,not_applicable,7908.000000672595,0.0,29.999999719750214,1.1677074382987485e-07,lane_2,mainline,,normal,none,commit
BASIC-03,basic_01_06_900_bugcheck_20260605,425,42.500000000000334,B03_CFV,cav,not_applicable,7865.728953517135,0.0,29.95526413397782,0.07890041365957623,lane_2,mainline,,normal,none,commit
BASIC-03,basic_01_06_900_bugcheck_20260605,425,42.500000000000334,B03_TLV_CFV,cav,not_applicable,7859.242353260112,3.5,29.956285090833422,-0.792455049900982,lane_1,mainline,,normal,none,commit
BASIC-03,basic_01_06_900_bugcheck_20260605,425,42.500000000000334,B03_TLV_CLV,cav,not_applicable,7901.620001120615,3.5,29.999999533076945,1.945512735801458e-07,lane_1,mainline,,normal,none,commit
BASIC-03,basic_01_06_900_bugcheck_20260605,426,42.600000000000335,B03_MV,cav,not_applicable,7177.476867433505,-3.5,16.78131176747058,4.0,on_ramp,on_ramp_mv,,normal,not_started,commit
BASIC-03,basic_01_06_900_bugcheck_20260605,426,42.600000000000335,B03_CLV,cav,not_applicable,7911.000000645691,0.0,29.999999730960205,1.1209991441774037e-07,lane_2,mainline,,normal,none,commit
BASIC-03,basic_01_06_900_bugcheck_20260605,426,42.600000000000335,B03_CFV,cav,not_applicable,7868.732398206645,0.0,30.03444689509542,0.791827611176017,lane_2,mainline,,normal,none,commit
BASIC-03,basic_01_06_900_bugcheck_20260605,426,42.600000000000335,B03_TLV_CFV,cav,not_applicable,7862.238770773333,3.5,29.96417513220516,0.07890041371737844,lane_1,mainline,,normal,none,commit
BASIC-03,basic_01_06_900_bugcheck_20260605,426,42.600000000000335,B03_TLV_CLV,cav,not_applicable,7904.62000107579,3.5,29.999999551753866,1.8676922195481895e-07,lane_1,mainline,,normal,none,commit
BASIC-03,basic_01_06_900_bugcheck_20260605,427,42.70000000000034,B03_MV,cav,not_applicable,7179.114883602399,-3.5,16.380161688937722,4.0,on_ramp,on_ramp_mv,,normal,not_started,commit
BASIC-03,basic_01_06_900_bugcheck_20260605,427,42.70000000000034,B03_CLV,cav,not_applicable,7914.000000619863,0.0,29.999999741721798,1.0761591795471759e-07,lane_2,mainline,,normal,none,commit
BASIC-03,basic_01_06_900_bugcheck_20260605,427,42.70000000000034,B03_CFV,cav,not_applicable,7871.731412394791,0.0,29.990141881464368,-0.4430501363105316,lane_2,mainline,,normal,none,commit
BASIC-03,basic_01_06_900_bugcheck_20260605,427,42.70000000000034,B03_TLV_CFV,cav,not_applicable,7865.243106562666,3.5,30.043357893327492,0.7918276112233097,lane_1,mainline,,normal,none,commit
BASIC-03,basic_01_06_900_bugcheck_20260605,427,42.70000000000034,B03_TLV_CLV,cav,not_applicable,7907.620001032758,3.5,29.999999569683713,1.792984534176867e-07,lane_1,mainline,,normal,none,commit
BASIC-03,basic_01_06_900_bugcheck_20260605,428,42.80000000000034,B03_MV,cav,not_applicable,7180.71374369554,-3.5,15.988600931414847,4.0,on_ramp,on_ramp_mv,,normal,not_started,commit
BASIC-03,basic_01_06_900_bugcheck_20260605,428,42.80000000000034,B03_CLV,cav,not_applicable,7917.000000595069,0.0,29.999999752052926,1.033112809523118e-07,lane_2,mainline,,normal,none,commit
BASIC-03,basic_01_06_900_bugcheck_20260605,428,42.80000000000034,B03_CFV,cav,not_applicable,7874.734074354549,0.0,30.026619597584414,0.3647771612004742,lane_2,mainline,,normal,none,commit
BASIC-03,basic_01_06_900_bugcheck_20260605,428,42.80000000000034,B03_TLV_CFV,cav,not_applicable,7868.243011850636,3.5,29.999052879700308,-0.44305013627183754,lane_1,mainline,,normal,none,commit
BASIC-03,basic_01_06_900_bugcheck_20260605,428,42.80000000000034,B03_TLV_CLV,cav,not_applicable,7910.620000991448,3.5,29.999999586896365,1.7212651499676214e-07,lane_1,mainline,,normal,none,commit
BASIC-03,basic_01_06_900_bugcheck_20260605,429,42.90000000000034,B03_MV,cav,not_applicable,7182.274383722169,-3.5,15.606400266285714,4.0,on_ramp,on_ramp_mv,,normal,not_started,commit
BASIC-03,basic_01_06_900_bugcheck_20260605,429,42.90000000000034,B03_CLV,cav,not_applicable,7920.000000571265,0.0,29.99999976197081,9.917882977106274e-08,lane_2,mainline,,normal,none,commit
BASIC-03,basic_01_06_900_bugcheck_20260605,429,42.90000000000034,B03_CFV,cav,not_applicable,7877.728811763808,0.0,29.947374092591726,-0.7924550499268848,lane_2,mainline,,normal,none,commit
BASIC-03,basic_01_06_900_bugcheck_20260605,429,42.90000000000034,B03_TLV_CFV,cav,not_applicable,7871.246564910219,3.5,30.03553059582352,0.364777161232133,lane_1,mainline,,normal,none,commit
BASIC-03,basic_01_06_900_bugcheck_20260605,429,42.90000000000034,B03_TLV_CLV,cav,not_applicable,7913.620000951791,3.5,29.99999960342051,1.652414539421443e-07,lane_1,mainline,,normal,none,commit
BASIC-03,basic_01_06_900_bugcheck_20260605,430,43.00000000000034,B03_MV,cav,not_applicable,7183.797717316624,-3.5,15.23333594454589,4.0,on_ramp,on_ramp_mv,,normal,not_started,commit
BASIC-03,basic_01_06_900_bugcheck_20260605,430,43.00000000000034,B03_CLV,cav,not_applicable,7923.000000548414,0.0,29.999999771491975,9.521167640968998e-08,lane_2,mainline,,normal,none,commit
BASIC-03,basic_01_06_900_bugcheck_20260605,430,43.00000000000034,B03_CFV,cav,not_applicable,7880.724338177204,0.0,29.955264133961343,0.07890041369618528,lane_2,mainline,,normal,none,commit
BASIC-03,basic_01_06_900_bugcheck_20260605,430,43.00000000000034,B03_TLV_CFV,cav,not_applicable,7874.242193419302,3.5,29.956285090833422,-0.792455049900982,lane_1,mainline,,normal,none,commit
BASIC-03,basic_01_06_900_bugcheck_20260605,430,43.00000000000034,B03_TLV_CLV,cav,not_applicable,7916.620000913719,3.5,29.999999619283688,1.5863179640973614e-07,lane_1,mainline,,normal,none,commit
BASIC-03,basic_01_06_900_bugcheck_20260605,431,43.10000000000034,B03_MV,cav,not_applicable,7185.284636273205,-3.5,14.869189565815345,4.0,on_ramp,on_ramp_mv,,normal,not_started,commit
BASIC-03,basic_01_06_900_bugcheck_20260605,431,43.10000000000034,B03_CLV,cav,not_applicable,7926.000000526477,0.0,29.999999780632297,9.140320997857999e-08,lane_2,mainline,,normal,none,commit
BASIC-03,basic_01_06_900_bugcheck_20260605,431,43.10000000000034,B03_CFV,cav,not_applicable,7883.727782866712,0.0,30.03444689508194,0.7918276112059698,lane_2,mainline,,normal,none,commit
BASIC-03,basic_01_06_900_bugcheck_20260605,431,43.10000000000034,B03_TLV_CFV,cav,not_applicable,7877.2386109325225,3.5,29.96417513220516,0.07890041371737844,lane_1,mainline,,normal,none,commit
BASIC-03,basic_01_06_900_bugcheck_20260605,431,43.10000000000034,B03_TLV_CLV,cav,not_applicable,7919.62000087717,3.5,29.999999634512342,1.5228652472387694e-07,lane_1,mainline,,normal,none,commit
BASIC-03,basic_01_06_900_bugcheck_20260605,432,43.200000000000344,B03_MV,cav,not_applicable,7186.736011068253,-3.5,14.513747950481756,4.0,on_ramp,on_ramp_mv,,normal,not_started,commit
BASIC-03,basic_01_06_900_bugcheck_20260605,432,43.200000000000344,B03_CLV,cav,not_applicable,7929.000000505418,0.0,29.999999789407006,8.774708106784602e-08,lane_2,mainline,,normal,none,commit
BASIC-03,basic_01_06_900_bugcheck_20260605,432,43.200000000000344,B03_CFV,cav,not_applicable,7886.726797054857,0.0,29.990141881453336,-0.44305013628602474,lane_2,mainline,,normal,none,commit
BASIC-03,basic_01_06_900_bugcheck_20260605,432,43.200000000000344,B03_TLV_CFV,cav,not_applicable,7880.242946721855,3.5,30.043357893327492,0.7918276112233097,lane_1,mainline,,normal,none,commit
BASIC-03,basic_01_06_900_bugcheck_20260605,432,43.200000000000344,B03_TLV_CLV,cav,not_applicable,7922.620000842084,3.5,29.999999649131848,1.4619506316648767e-07,lane_1,mainline,,normal,none,commit
BASIC-03,basic_01_06_900_bugcheck_20260605,433,43.300000000000345,B03_MV,cav,not_applicable,7188.152691369743,-3.5,14.166803014900177,4.0,on_ramp,on_ramp_mv,,normal,not_started,commit
BASIC-03,basic_01_06_900_bugcheck_20260605,433,43.300000000000345,B03_CLV,cav,not_applicable,7932.000000485201,0.0,29.999999797830725,8.423719748407167e-08,lane_2,mainline,,normal,none,commit
BASIC-03,basic_01_06_900_bugcheck_20260605,433,43.300000000000345,B03_CFV,cav,not_applicable,7889.729459014615,0.0,30.02661959757539,0.3647771612205253,lane_2,mainline,,normal,none,commit
BASIC-03,basic_01_06_900_bugcheck_20260605,433,43.300000000000345,B03_TLV_CFV,cav,not_applicable,7883.242852009826,3.5,29.999052879700308,-0.44305013627183754,lane_1,mainline,,normal,none,commit
BASIC-03,basic_01_06_900_bugcheck_20260605,433,43.300000000000345,B03_TLV_CLV,cav,not_applicable,7925.620000808401,3.5,29.999999663166573,1.4034726092404526e-07,lane_1,mainline,,normal,none,commit
BASIC-03,basic_01_06_900_bugcheck_20260605,434,43.40000000000035,B03_MV,cav,not_applicable,7189.5355065347,-3.5,13.828151649576013,4.0,on_ramp,on_ramp_mv,,normal,not_started,commit
BASIC-03,basic_01_06_900_bugcheck_20260605,434,43.40000000000035,B03_CLV,cav,not_applicable,7935.000000465792,0.0,29.999999805917497,8.086771003945614e-08,lane_2,mainline,,normal,none,commit
BASIC-03,basic_01_06_900_bugcheck_20260605,434,43.40000000000035,B03_CFV,cav,not_applicable,7892.724196423873,0.0,29.947374092584344,-0.7924550499104792,lane_2,mainline,,normal,none,commit
BASIC-03,basic_01_06_900_bugcheck_20260605,434,43.40000000000035,B03_TLV_CFV,cav,not_applicable,7886.246405069408,3.5,30.03553059582352,0.364777161232133,lane_1,mainline,,normal,none,commit
BASIC-03,basic_01_06_900_bugcheck_20260605,434,43.40000000000035,B03_TLV_CLV,cav,not_applicable,7928.620000776064,3.5,29.99999967663991,1.3473337077130054e-07,lane_1,mainline,,normal,none,commit
BASIC-03,basic_01_06_900_bugcheck_20260605,435,43.50000000000035,B03_MV,cav,not_applicable,7190.885266094726,-3.5,13.497595600260228,4.0,on_ramp,on_ramp_mv,,normal,not_started,commit
BASIC-03,basic_01_06_900_bugcheck_20260605,435,43.50000000000035,B03_CLV,cav,not_applicable,7938.00000044716,0.0,29.999999813680798,7.763300118313056e-08,lane_2,mainline,,normal,none,commit
BASIC-03,basic_01_06_900_bugcheck_20260605,435,43.50000000000035,B03_CFV,cav,not_applicable,7895.719722837269,0.0,29.955264133955303,0.07890041370960799,lane_2,mainline,,normal,none,commit
BASIC-03,basic_01_06_900_bugcheck_20260605,435,43.50000000000035,B03_TLV_CFV,cav,not_applicable,7889.242033578491,3.5,29.956285090833422,-0.792455049900982,lane_1,mainline,,normal,none,commit
BASIC-03,basic_01_06_900_bugcheck_20260605,435,43.50000000000035,B03_TLV_CLV,cav,not_applicable,7931.620000745022,3.5,29.999999689574313,1.2934403628150904e-07,lane_1,mainline,,normal,none,commit
BASIC-03,basic_01_06_900_bugcheck_20260605,436,43.60000000000035,B03_MV,cav,not_applicable,7192.202760229915,-3.5,13.17494135188718,4.0,on_ramp,on_ramp_mv,,normal,not_started,commit
BASIC-03,basic_01_06_900_bugcheck_20260605,436,43.60000000000035,B03_CLV,cav,not_applicable,7941.000000429273,0.0,29.999999821133567,7.45276807379014e-08,lane_2,mainline,,normal,none,commit
BASIC-03,basic_01_06_900_bugcheck_20260605,436,43.60000000000035,B03_CFV,cav,not_applicable,7898.723167526777,0.0,30.034446895077,0.791827611216952,lane_2,mainline,,normal,none,commit
BASIC-03,basic_01_06_900_bugcheck_20260605,436,43.60000000000035,B03_TLV_CFV,cav,not_applicable,7892.238451091712,3.5,29.96417513220516,0.07890041371737844,lane_1,mainline,,normal,none,commit
BASIC-03,basic_01_06_900_bugcheck_20260605,436,43.60000000000035,B03_TLV_CLV,cav,not_applicable,7934.620000715221,3.5,29.999999701991342,1.2417027477340526e-07,lane_1,mainline,,normal,none,commit
BASIC-03,basic_01_06_900_bugcheck_20260605,437,43.70000000000035,B03_MV,cav,not_applicable,7193.488760231444,-3.5,12.860000015285545,4.0,on_ramp,on_ramp_mv,,normal,not_started,commit
BASIC-03,basic_01_06_900_bugcheck_20260605,437,43.70000000000035,B03_CLV,cav,not_applicable,7944.000000412102,0.0,29.999999828288225,7.15465731104814e-08,lane_2,mainline,,normal,none,commit
BASIC-03,basic_01_06_900_bugcheck_20260605,437,43.70000000000035,B03_CFV,cav,not_applicable,7901.722181714922,0.0,29.990141881449297,-0.44305013627703926,lane_2,mainline,,normal,none,commit
BASIC-03,basic_01_06_900_bugcheck_20260605,437,43.70000000000035,B03_TLV_CFV,cav,not_applicable,7895.242786881045,3.5,30.043357893327492,0.7918276112233097,lane_1,mainline,,normal,none,commit
BASIC-03,basic_01_06_900_bugcheck_20260605,437,43.70000000000035,B03_TLV_CLV,cav,not_applicable,7937.620000686612,3.5,29.999999713911688,1.1920346310034802e-07,lane_1,mainline,,normal,none,commit
BASIC-03,basic_01_06_900_bugcheck_20260605,438,43.80000000000035,B03_MV,cav,not_applicable,7194.7440189531035,-3.5,12.552587216599257,4.0,on_ramp,on_ramp_mv,,normal,not_started,commit
BASIC-03,basic_01_06_900_bugcheck_20260605,438,43.80000000000035,B03_CLV,cav,not_applicable,7947.0000003956175,0.0,29.999999835156697,6.868471018606215e-08,lane_2,mainline,,normal,none,commit
BASIC-03,basic_01_06_900_bugcheck_20260605,438,43.80000000000035,B03_CFV,cav,not_applicable,7904.7248436746795,0.0,30.026619597572086,0.364777161227877,lane_2,mainline,,normal,none,commit
BASIC-03,basic_01_06_900_bugcheck_20260605,438,43.80000000000035,B03_TLV_CFV,cav,not_applicable,7898.242692169015,3.5,29.999052879700308,-0.44305013627183754,lane_1,mainline,,normal,none,commit
BASIC-03,basic_01_06_900_bugcheck_20260605,438,43.80000000000035,B03_TLV_CLV,cav,not_applicable,7940.620000659147,3.5,29.99999972535522,1.144353248605512e-07,lane_1,mainline,,normal,none,commit
BASIC-03,basic_01_06_900_bugcheck_20260605,439,43.900000000000354,B03_MV,cav,not_applicable,7195.969271252038,-3.5,12.252522989350435,4.0,on_ramp,on_ramp_mv,,normal,not_started,commit
BASIC-03,basic_01_06_900_bugcheck_20260605,439,43.900000000000354,B03_CLV,cav,not_applicable,7950.000000379792,0.0,29.99999984175043,6.593732138071573e-08,lane_2,mainline,,normal,none,commit
BASIC-03,basic_01_06_900_bugcheck_20260605,439,43.900000000000354,B03_CFV,cav,not_applicable,7907.719581083938,0.0,29.94737409258164,-0.7924550499044642,lane_2,mainline,,normal,none,commit
BASIC-03,basic_01_06_900_bugcheck_20260605,439,43.900000000000354,B03_TLV_CFV,cav,not_applicable,7901.246245228597,3.5,30.03553059582352,0.364777161232133,lane_1,mainline,,normal,none,commit
BASIC-03,basic_01_06_900_bugcheck_20260605,439,43.900000000000354,B03_TLV_CLV,cav,not_applicable,7943.620000632781,3.5,29.99999973634101,1.0985791192297257e-07,lane_1,mainline,,normal,none,commit
BASIC-03,basic_01_06_900_bugcheck_20260605,440,44.000000000000355,B03_MV,cav,not_applicable,7197.165234418946,-3.5,11.959631669082532,4.0,on_ramp,on_ramp_mv,,normal,not_started,commit
BASIC-03,basic_01_06_900_bugcheck_20260605,440,44.000000000000355,B03_CLV,cav,not_applicable,7953.0000003646,0.0,29.999999848080414,6.329982795705292e-08,lane_2,mainline,,normal,none,commit
BASIC-03,basic_01_06_900_bugcheck_20260605,440,44.000000000000355,B03_CFV,cav,not_applicable,7910.715107497333,0.0,29.955264133953094,0.07890041371452927,lane_2,mainline,,normal,none,commit
BASIC-03,basic_01_06_900_bugcheck_20260605,440,44.000000000000355,B03_TLV_CFV,cav,not_applicable,7904.24187373768,3.5,29.956285090833422,-0.792455049900982,lane_1,mainline,,normal,none,commit
BASIC-03,basic_01_06_900_bugcheck_20260605,440,44.000000000000355,B03_TLV_CLV,cav,not_applicable,7946.62000060747,3.5,29.99999974688737,1.0546359590080102e-07,lane_1,mainline,,normal,none,commit
BASIC-03,basic_01_06_900_bugcheck_20260605,441,44.10000000000036,B03_MV,cav,not_applicable,7198.332608597998,-3.5,11.673741790522845,4.0,on_ramp,on_ramp_mv,,normal,not_started,commit
BASIC-03,basic_01_06_900_bugcheck_20260605,441,44.10000000000036,B03_CLV,cav,not_applicable,7956.000000350015,0.0,29.999999854157196,6.076783449771029e-08,lane_2,mainline,,normal,none,commit
BASIC-03,basic_01_06_900_bugcheck_20260605,441,44.10000000000036,B03_CFV,cav,not_applicable,7913.7185521868405,0.0,30.03444689507519,0.7918276112209786,lane_2,mainline,,normal,none,commit
BASIC-03,basic_01_06_900_bugcheck_20260605,441,44.10000000000036,B03_TLV_CFV,cav,not_applicable,7907.238291250901,3.5,29.96417513220516,0.07890041371737844,lane_1,mainline,,normal,none,commit
BASIC-03,basic_01_06_900_bugcheck_20260605,441,44.10000000000036,B03_TLV_CLV,cav,not_applicable,7949.620000583171,3.5,29.999999757011874,1.0124505251951632e-07,lane_1,mainline,,normal,none,commit
BASIC-03,basic_01_06_900_bugcheck_20260605,442,44.20000000000036,B03_MV,cav,not_applicable,7199.472077196719,-3.5,11.394685987202633,4.0,on_ramp,on_ramp_mv,,normal,not_started,commit
BASIC-03,basic_01_06_900_bugcheck_20260605,442,44.20000000000036,B03_CLV,cav,not_applicable,7959.000000336015,0.0,29.999999859990908,5.83371217999229e-08,lane_2,mainline,,normal,none,commit
BASIC-03,basic_01_06_900_bugcheck_20260605,442,44.20000000000036,B03_CFV,cav,not_applicable,7916.717566374985,0.0,29.990141881447816,-0.4430501362737448,lane_2,mainline,,normal,none,commit
BASIC-03,basic_01_06_900_bugcheck_20260605,442,44.20000000000036,B03_TLV_CFV,cav,not_applicable,7910.242627040234,3.5,30.043357893327492,0.7918276112233097,lane_1,mainline,,normal,none,commit
BASIC-03,basic_01_06_900_bugcheck_20260605,442,44.20000000000036,B03_TLV_CLV,cav,not_applicable,7952.620000559844,3.5,29.9999997667314,9.719525024820541e-08,lane_1,mainline,,normal,none,commit
BASIC-03,basic_01_06_900_bugcheck_20260605,443,44.30000000000036,B03_MV,cav,not_applicable,7200.584307286066,-3.5,11.12230089347681,4.0,on_ramp,on_ramp_mv,,normal,not_started,commit
BASIC-03,basic_01_06_900_bugcheck_20260605,443,44.30000000000036,B03_CLV,cav,not_applicable,7962.000000322574,0.0,29.99999986559127,5.600363692792598e-08,lane_2,mainline,,normal,none,commit
BASIC-03,basic_01_06_900_bugcheck_20260605,443,44.30000000000036,B03_CFV,cav,not_applicable,7919.720228334742,0.0,30.02661959757087,0.36477716123057247,lane_2,mainline,,normal,none,commit
BASIC-03,basic_01_06_900_bugcheck_20260605,443,44.30000000000036,B03_TLV_CFV,cav,not_applicable,7913.242532328204,3.5,29.999052879700308,-0.44305013627183754,lane_1,mainline,,normal,none,commit
BASIC-03,basic_01_06_900_bugcheck_20260605,443,44.30000000000036,B03_TLV_CLV,cav,not_applicable,7955.62000053745,3.5,29.999999776062143,9.330744035196404e-08,lane_1,mainline,,normal,none,commit
BASIC-03,basic_01_06_900_bugcheck_20260605,444,44.40000000000036,B03_MV,cav,not_applicable,7201.669949990955,-3.5,10.856427048886657,4.0,on_ramp,on_ramp_mv,,normal,not_started,commit
BASIC-03,basic_01_06_900_bugcheck_20260605,444,44.40000000000036,B03_CLV,cav,not_applicable,7965.000000309671,0.0,29.99999987096762,5.376349179186946e-08,lane_2,mainline,,normal,none,commit
BASIC-03,basic_01_06_900_bugcheck_20260605,444,44.40000000000036,B03_CFV,cav,not_applicable,7922.714965744,0.0,29.947374092580645,-0.7924550499022589,lane_2,mainline,,normal,none,commit
BASIC-03,basic_01_06_900_bugcheck_20260605,444,44.40000000000036,B03_TLV_CFV,cav,not_applicable,7916.2460853877865,3.5,30.03553059582352,0.364777161232133,lane_1,mainline,,normal,none,commit
BASIC-03,basic_01_06_900_bugcheck_20260605,444,44.40000000000036,B03_TLV_CLV,cav,not_applicable,7958.620000515953,3.5,29.999999785019657,8.957514268104206e-08,lane_1,mainline,,normal,none,commit
BASIC-03,basic_01_06_900_bugcheck_20260605,445,44.50000000000036,B03_MV,cav,not_applicable,7202.729640871436,-3.5,10.596908804807095,4.0,on_ramp,on_ramp_mv,,normal,not_started,commit
BASIC-03,basic_01_06_900_bugcheck_20260605,445,44.50000000000036,B03_CLV,cav,not_applicable,7968.000000297284,0.0,29.999999876128914,5.1612951779134165e-08,lane_2,mainline,,normal,none,commit
BASIC-03,basic_01_06_900_bugcheck_20260605,445,44.50000000000036,B03_CFV,cav,not_applicable,7925.7104921573955,0.0,29.95526413395228,0.07890041371633372,lane_2,mainline,,normal,none,commit
BASIC-03,basic_01_06_900_bugcheck_20260605,445,44.50000000000036,B03_TLV_CFV,cav,not_applicable,7919.241713896869,3.5,29.956285090833422,-0.792455049900982,lane_1,mainline,,normal,none,commit
BASIC-03,basic_01_06_900_bugcheck_20260605,445,44.50000000000036,B03_TLV_CLV,cav,not_applicable,7961.620000495314,3.5,29.99999979361887,8.599213714433063e-08,lane_1,mainline,,normal,none,commit
BASIC-03,basic_01_06_900_bugcheck_20260605,446,44.600000000000364,B03_MV,cav,not_applicable,7203.764000294768,-3.5,10.343594233326776,4.0,on_ramp,on_ramp_mv,,normal,not_started,commit
BASIC-03,basic_01_06_900_bugcheck_20260605,446,44.600000000000364,B03_CLV,cav,not_applicable,7971.000000285392,0.0,29.999999881083756,4.9548434333246406e-08,lane_2,mainline,,normal,none,commit
BASIC-03,basic_01_06_900_bugcheck_20260605,446,44.600000000000364,B03_CFV,cav,not_applicable,7928.713936846903,0.0,30.034446895074524,0.7918276112224549,lane_2,mainline,,normal,none,commit
BASIC-03,basic_01_06_900_bugcheck_20260605,446,44.600000000000364,B03_TLV_CFV,cav,not_applicable,7922.23813141009,3.5,29.96417513220516,0.07890041371737844,lane_1,mainline,,normal,none,commit
BASIC-03,basic_01_06_900_bugcheck_20260605,446,44.600000000000364,B03_TLV_CLV,cav,not_applicable,7964.620000475502,3.5,29.999999801874115,8.255245234067843e-08,lane_1,mainline,,normal,none,commit
BASIC-03,basic_01_06_900_bugcheck_20260605,447,44.700000000000365,B03_MV,cav,not_applicable,7204.773633798599,-3.5,10.096335038306398,4.0,on_ramp,on_ramp_mv,,normal,not_started,commit
BASIC-03,basic_01_06_900_bugcheck_20260605,447,44.700000000000365,B03_CLV,cav,not_applicable,7974.000000273976,0.0,29.999999885840406,4.756649758519416e-08,lane_2,mainline,,normal,none,commit
BASIC-03,basic_01_06_900_bugcheck_20260605,447,44.700000000000365,B03_CFV,cav,not_applicable,7931.712951035048,0.0,29.99014188144727,-0.44305013627253687,lane_2,mainline,,normal,none,commit
BASIC-03,basic_01_06_900_bugcheck_20260605,447,44.700000000000365,B03_TLV_CFV,cav,not_applicable,7925.242467199423,3.5,30.043357893327492,0.7918276112233097,lane_1,mainline,,normal,none,commit
BASIC-03,basic_01_06_900_bugcheck_20260605,447,44.700000000000365,B03_TLV_CLV,cav,not_applicable,7967.620000456482,3.5,29.99999980979915,7.925035419020788e-08,lane_1,mainline,,normal,none,commit
BASIC-03,basic_01_06_900_bugcheck_20260605,448,44.80000000000037,B03_MV,cav,not_applicable,7205.759132445455,-3.5,9.85498646856222,4.0,on_ramp,on_ramp_mv,,normal,not_started,commit
BASIC-03,basic_01_06_900_bugcheck_20260605,448,44.80000000000037,B03_CLV,cav,not_applicable,7977.000000263017,0.0,29.99999989040679,4.566383751125614e-08,lane_2,mainline,,normal,none,commit
BASIC-03,basic_01_06_900_bugcheck_20260605,448,44.80000000000037,B03_CFV,cav,not_applicable,7934.715612994805,0.0,30.026619597570424,0.3647771612315608,lane_2,mainline,,normal,none,commit
BASIC-03,basic_01_06_900_bugcheck_20260605,448,44.80000000000037,B03_TLV_CFV,cav,not_applicable,7928.242372487393,3.5,29.999052879700308,-0.44305013627183754,lane_1,mainline,,normal,none,commit
BASIC-03,basic_01_06_900_bugcheck_20260605,448,44.80000000000037,B03_TLV_CLV,cav,not_applicable,7970.620000438223,3.5,29.999999817407183,7.608034024997323e-08,lane_1,mainline,,normal,none,commit
BASIC-03,basic_01_06_900_bugcheck_20260605,449,44.90000000000037,B03_MV,cav,not_applicable,7206.721073168767,-3.5,9.619407233125626,4.0,on_ramp,on_ramp_mv,,normal,not_started,commit
BASIC-03,basic_01_06_900_bugcheck_20260605,449,44.90000000000037,B03_CLV,cav,not_applicable,7980.000000252496,0.0,29.99999989479052,4.3837283669745376e-08,lane_2,mainline,,normal,none,commit
BASIC-03,basic_01_06_900_bugcheck_20260605,449,44.90000000000037,B03_CFV,cav,not_applicable,7937.710350404063,0.0,29.94737409258028,-0.7924550499014502,lane_2,mainline,,normal,none,commit
BASIC-03,basic_01_06_900_bugcheck_20260605,449,44.90000000000037,B03_TLV_CFV,cav,not_applicable,7931.245925546976,3.5,30.03553059582352,0.364777161232133,lane_1,mainline,,normal,none,commit
BASIC-03,basic_01_06_900_bugcheck_20260605,449,44.90000000000037,B03_TLV_CLV,cav,not_applicable,7973.620000420694,3.5,29.999999824710894,7.30371269241914e-08,lane_1,mainline,,normal,none,commit
BASIC-03,basic_01_06_900_bugcheck_20260605,450,45.00000000000037,B03_MV,cav,not_applicable,7207.66001911062,-3.5,9.389459418528318,4.0,on_ramp,on_ramp_mv,,normal,not_started,commit
BASIC-03,basic_01_06_900_bugcheck_20260605,450,45.00000000000037,B03_CLV,cav,not_applicable,7983.000000242396,0.0,29.999999898998897,4.2083792095581886e-08,lane_2,mainline,,normal,none,commit
BASIC-03,basic_01_06_900_bugcheck_20260605,450,45.00000000000037,B03_CFV,cav,not_applicable,7940.705876817458,0.0,29.955264133951978,0.0789004137169953,lane_2,mainline,,normal,none,commit
BASIC-03,basic_01_06_900_bugcheck_20260605,450,45.00000000000037,B03_TLV_CFV,cav,not_applicable,7934.241554056059,3.5,29.956285090833422,-0.792455049900982,lane_1,mainline,,normal,none,commit
BASIC-03,basic_01_06_900_bugcheck_20260605,450,45.00000000000037,B03_TLV_CLV,cav,not_applicable,7976.6200004038665,3.5,29.99999983172246,7.011564235881451e-08,lane_1,mainline,,normal,none,commit
BASIC-03,basic_01_06_900_bugcheck_20260605,451,45.10000000000037,B03_MV,cav,not_applicable,7208.576519951426,-3.5,9.165008408064192,4.0,on_ramp,on_ramp_mv,,normal,not_started,commit
BASIC-03,basic_01_06_900_bugcheck_20260605,451,45.10000000000037,B03_CLV,cav,not_applicable,7986.0000002327,0.0,29.99999990303894,4.040044103703622e-08,lane_2,mainline,,normal,none,commit
BASIC-03,basic_01_06_900_bugcheck_20260605,451,45.10000000000037,B03_CFV,cav,not_applicable,7943.709321506965,0.0,30.03444689507428,0.7918276112229962,lane_2,mainline,,normal,none,commit
BASIC-03,basic_01_06_900_bugcheck_20260605,451,45.10000000000037,B03_TLV_CFV,cav,not_applicable,7937.23797156928,3.5,29.96417513220516,0.07890041371737844,lane_1,mainline,,normal,none,commit
BASIC-03,basic_01_06_900_bugcheck_20260605,451,45.10000000000037,B03_TLV_CLV,cav,not_applicable,7979.620000387712,3.5,29.99999983845356,6.731101649393168e-08,lane_1,mainline,,normal,none,commit
BASIC-03,basic_01_06_900_bugcheck_20260605,452,45.20000000000037,B03_MV,cav,not_applicable,7209.471112231725,-3.5,8.94592280298205,4.0,on_ramp,on_ramp_mv,,normal,not_started,commit
BASIC-03,basic_01_06_900_bugcheck_20260605,452,45.20000000000037,B03_CLV,cav,not_applicable,7989.000000223391,0.0,29.99999990691738,3.878442385030212e-08,lane_2,mainline,,normal,none,commit
BASIC-03,basic_01_06_900_bugcheck_20260605,452,45.20000000000037,B03_CFV,cav,not_applicable,7946.70833569511,0.0,29.99014188144707,-0.443050136272094,lane_2,mainline,,normal,none,commit
BASIC-03,basic_01_06_900_bugcheck_20260605,452,45.20000000000037,B03_TLV_CFV,cav,not_applicable,7940.242307358612,3.5,30.043357893327492,0.7918276112233097,lane_1,mainline,,normal,none,commit
BASIC-03,basic_01_06_900_bugcheck_20260605,452,45.20000000000037,B03_TLV_CLV,cav,not_applicable,7982.620000372203,3.5,29.99999984491542,6.461857537942706e-08,lane_1,mainline,,normal,none,commit
BASIC-03,basic_01_06_900_bugcheck_20260605,453,45.300000000000374,B03_MV,cav,not_applicable,7210.344319666281,-3.5,8.732074345561525,4.0,on_ramp,on_ramp_mv,,normal,not_started,commit
BASIC-03,basic_01_06_900_bugcheck_20260605,453,45.300000000000374,B03_CLV,cav,not_applicable,7992.000000214455,0.0,29.999999910640685,3.7233047578411064e-08,lane_2,mainline,,normal,none,commit
BASIC-03,basic_01_06_900_bugcheck_20260605,453,45.300000000000374,B03_CFV,cav,not_applicable,7949.710997654867,0.0,30.02661959757026,0.36477716123192316,lane_2,mainline,,normal,none,commit
BASIC-03,basic_01_06_900_bugcheck_20260605,453,45.300000000000374,B03_TLV_CFV,cav,not_applicable,7943.242212646583,3.5,29.999052879700308,-0.44305013627183754,lane_1,mainline,,normal,none,commit
BASIC-03,basic_01_06_900_bugcheck_20260605,453,45.300000000000374,B03_TLV_CLV,cav,not_applicable,7985.620000357315,3.5,29.9999998511188,6.203383264846707e-08,lane_1,mainline,,normal,none,commit
BASIC-03,basic_01_06_900_bugcheck_20260605,454,45.400000000000375,B03_MV,cav,not_applicable,7211.196653450684,-3.5,8.52333784402851,4.0,on_ramp,on_ramp_mv,,normal,not_started,commit
BASIC-03,basic_01_06_900_bugcheck_20260605,454,45.400000000000375,B03_CLV,cav,not_applicable,7995.000000205877,0.0,29.999999914215056,3.5743725845804876e-08,lane_2,mainline,,normal,none,commit
BASIC-03,basic_01_06_900_bugcheck_20260605,454,45.400000000000375,B03_CFV,cav,not_applicable,7952.705735064125,0.0,29.947374092580144,-0.7924550499011538,lane_2,mainline,,normal,none,commit
BASIC-03,basic_01_06_900_bugcheck_20260605,454,45.400000000000375,B03_TLV_CFV,cav,not_applicable,7946.245765706165,3.5,30.03553059582352,0.364777161232133,lane_1,mainline,,normal,none,commit
BASIC-03,basic_01_06_900_bugcheck_20260605,454,45.400000000000375,B03_TLV_CLV,cav,not_applicable,7988.620000343022,3.5,29.999999857074048,5.9552479569902064e-08,lane_1,mainline,,normal,none,commit
BASIC-03,basic_01_06_900_bugcheck_20260605,455,45.50000000000038,B03_MV,cav,not_applicable,7212.02861256061,-3.5,8.319591099264459,4.0,on_ramp,on_ramp_mv,,normal,not_started,commit
BASIC-03,basic_01_06_900_bugcheck_20260605,455,45.50000000000038,B03_CLV,cav,not_applicable,7998.000000197641,0.0,29.999999917646456,3.431397743725029e-08,lane_2,mainline,,normal,none,commit
BASIC-03,basic_01_06_900_bugcheck_20260605,455,45.50000000000038,B03_CFV,cav,not_applicable,7955.70126147752,0.0,29.955264133951868,0.07890041371723788,lane_2,mainline,,normal,none,commit
BASIC-03,basic_01_06_900_bugcheck_20260605,455,45.50000000000038,B03_TLV_CFV,cav,not_applicable,7949.241394215248,3.5,29.956285090833422,-0.792455049900982,lane_1,mainline,,normal,none,commit
BASIC-03,basic_01_06_900_bugcheck_20260605,455,45.50000000000038,B03_TLV_CLV,cav,not_applicable,7991.620000329302,3.5,29.999999862791086,5.7170380785009916e-08,lane_1,mainline,,normal,none,commit
BASIC-03,basic_01_06_900_bugcheck_20260605,456,45.60000000000038,B03_MV,cav,not_applicable,7212.840684043937,-3.5,8.120714833268432,4.0,on_ramp,on_ramp_mv,,normal,not_started,commit
BASIC-03,basic_01_06_900_bugcheck_20260605,456,45.60000000000038,B03_CLV,cav,not_applicable,8001.000000189735,0.0,29.999999920940596,3.294141777132609e-08,lane_2,mainline,,normal,none,commit
BASIC-03,basic_01_06_900_bugcheck_20260605,456,45.60000000000038,B03_CFV,cav,not_applicable,7958.704706167027,0.0,30.034446895074186,0.7918276112231947,lane_2,mainline,,normal,none,commit
BASIC-03,basic_01_06_900_bugcheck_20260605,456,45.60000000000038,B03_TLV_CFV,cav,not_applicable,7952.237811728469,3.5,29.96417513220516,0.07890041371737844,lane_1,mainline,,normal,none,commit
BASIC-03,basic_01_06_900_bugcheck_20260605,456,45.60000000000038,B03_TLV_CLV,cav,not_applicable,7994.620000316129,3.5,29.999999868279442,5.488356578098319e-08,lane_1,mainline,,normal,none,commit
BASIC-03,basic_01_06_900_bugcheck_20260605,457,45.70000000000038,B03_MV,cav,not_applicable,7213.63334330587,-3.5,7.926592619329095,4.0,on_ramp,on_ramp_mv,,normal,not_started,commit
BASIC-03,basic_01_06_900_bugcheck_20260605,457,45.70000000000038,B03_CLV,cav,not_applicable,8004.000000182145,0.0,29.999999924102973,3.162376174259407e-08,lane_2,mainline,,normal,none,commit
BASIC-03,basic_01_06_900_bugcheck_20260605,457,45.70000000000038,B03_CFV,cav,not_applicable,7961.703720355172,0.0,29.990141881446995,-0.44305013627193157,lane_2,mainline,,normal,none,commit
BASIC-03,basic_01_06_900_bugcheck_20260605,457,45.70000000000038,B03_TLV_CFV,cav,not_applicable,7955.242147517802,3.5,30.043357893327492,0.7918276112233097,lane_1,mainline,,normal,none,commit
BASIC-03,basic_01_06_900_bugcheck_20260605,457,45.70000000000038,B03_TLV_CLV,cav,not_applicable,7997.620000303484,3.5,29.999999873548266,5.268822320658728e-08,lane_1,mainline,,normal,none,commit
BASIC-03,basic_01_06_900_bugcheck_20260605,458,45.80000000000038,B03_MV,cav,not_applicable,7214.407054387257,-3.5,7.737110813865783,4.0,on_ramp,on_ramp_mv,,normal,not_started,commit
BASIC-03,basic_01_06_900_bugcheck_20260605,458,45.80000000000038,B03_CLV,cav,not_applicable,8007.000000174859,0.0,29.999999927138855,3.035881093182979e-08,lane_2,mainline,,normal,none,commit
BASIC-03,basic_01_06_900_bugcheck_20260605,458,45.80000000000038,B03_CFV,cav,not_applicable,7964.706382314929,0.0,30.0266195975702,0.36477716123205606,lane_2,mainline,,normal,none,commit
BASIC-03,basic_01_06_900_bugcheck_20260605,458,45.80000000000038,B03_TLV_CFV,cav,not_applicable,7958.242052805772,3.5,29.999052879700308,-0.44305013627183754,lane_1,mainline,,normal,none,commit
BASIC-03,basic_01_06_900_bugcheck_20260605,458,45.80000000000038,B03_TLV_CLV,cav,not_applicable,8000.620000291345,3.5,29.999999878606335,5.0580693766733026e-08,lane_1,mainline,,normal,none,commit
BASIC-03,basic_01_06_900_bugcheck_20260605,459,45.90000000000038,B03_MV,cav,not_applicable,7215.1622702362465,-3.5,7.5521584898992575,4.0,on_ramp,on_ramp_mv,,normal,not_started,commit
BASIC-03,basic_01_06_900_bugcheck_20260605,459,45.90000000000038,B03_CLV,cav,not_applicable,8010.0000001678645,0.0,29.999999930053303,2.9144457869278997e-08,lane_2,mainline,,normal,none,commit
BASIC-03,basic_01_06_900_bugcheck_20260605,459,45.90000000000038,B03_CFV,cav,not_applicable,7967.701119724187,0.0,29.947374092580095,-0.792455049901045,lane_2,mainline,,normal,none,commit
BASIC-03,basic_01_06_900_bugcheck_20260605,459,45.90000000000038,B03_TLV_CFV,cav,not_applicable,7961.245605865354,3.5,30.03553059582352,0.364777161232133,lane_1,mainline,,normal,none,commit
BASIC-03,basic_01_06_900_bugcheck_20260605,459,45.90000000000038,B03_TLV_CLV,cav,not_applicable,8003.620000279691,3.5,29.99999988346208,4.8557465959220286e-08,lane_1,mainline,,normal,none,commit
BASIC-03,basic_01_06_900_bugcheck_20260605,460,46.000000000000384,B03_MV,cav,not_applicable,7215.899432973458,-3.5,7.371627372112185,4.0,on_ramp,on_ramp_mv,,normal,not_started,commit
BASIC-03,basic_01_06_900_bugcheck_20260605,460,46.000000000000384,B03_CLV,cav,not_applicable,8013.00000016115,0.0,29.99999993285117,2.7978678929230227e-08,lane_2,mainline,,normal,none,commit
BASIC-03,basic_01_06_900_bugcheck_20260605,460,46.000000000000384,B03_CFV,cav,not_applicable,7970.696646137582,0.0,29.95526413395183,0.07890041371732692,lane_2,mainline,,normal,none,commit
BASIC-03,basic_01_06_900_bugcheck_20260605,460,46.000000000000384,B03_TLV_CFV,cav,not_applicable,7964.241234374437,3.5,29.956285090833422,-0.792455049900982,lane_1,mainline,,normal,none,commit
BASIC-03,basic_01_06_900_bugcheck_20260605,460,46.000000000000384,B03_TLV_CLV,cav,not_applicable,8006.620000268504,3.5,29.999999888123597,4.661516754822515e-08,lane_1,mainline,,normal,none,commit
BASIC-03,basic_01_06_900_bugcheck_20260605,461,46.100000000000385,B03_MV,cav,not_applicable,7216.618974150804,-3.5,7.195411773462147,4.0,on_ramp,on_ramp_mv,,normal,not_started,commit
BASIC-03,basic_01_06_900_bugcheck_20260605,461,46.100000000000385,B03_CLV,cav,not_applicable,8016.000000154703,0.0,29.999999935537126,2.6859531487843924e-08,lane_2,mainline,,normal,none,commit
BASIC-03,basic_01_06_900_bugcheck_20260605,461,46.100000000000385,B03_CFV,cav,not_applicable,7973.700090827089,0.0,30.034446895074154,0.7918276112232675,lane_2,mainline,,normal,none,commit
BASIC-03,basic_01_06_900_bugcheck_20260605,461,46.100000000000385,B03_TLV_CFV,cav,not_applicable,7967.237651887658,3.5,29.96417513220516,0.07890041371737844,lane_1,mainline,,normal,none,commit
BASIC-03,basic_01_06_900_bugcheck_20260605,461,46.100000000000385,B03_TLV_CLV,cav,not_applicable,8009.620000257763,3.5,29.99999989259865,4.4750561301043494e-08,lane_1,mainline,,normal,none,commit
BASIC-03,basic_01_06_900_bugcheck_20260605,462,46.20000000000039,B03_MV,cav,not_applicable,7217.321315004136,-3.5,7.023408533310433,4.0,on_ramp,on_ramp_mv,,normal,not_started,commit
BASIC-03,basic_01_06_900_bugcheck_20260605,462,46.20000000000039,B03_CLV,cav,not_applicable,8019.000000148515,0.0,29.99999993811564,2.578514965989598e-08,lane_2,mainline,,normal,none,commit
BASIC-03,basic_01_06_900_bugcheck_20260605,462,46.20000000000039,B03_CFV,cav,not_applicable,7976.699105015234,0.0,29.990141881446966,-0.44305013627187206,lane_2,mainline,,normal,none,commit
BASIC-03,basic_01_06_900_bugcheck_20260605,462,46.20000000000039,B03_TLV_CFV,cav,not_applicable,7970.241987676991,3.5,30.043357893327492,0.7918276112233097,lane_1,mainline,,normal,none,commit
BASIC-03,basic_01_06_900_bugcheck_20260605,462,46.20000000000039,B03_TLV_CLV,cav,not_applicable,8012.6200002474525,3.5,29.999999896894707,4.2960539303749104e-08,lane_1,mainline,,normal,none,commit
BASIC-03,basic_01_06_900_bugcheck_20260605,463,46.30000000000039,B03_MV,cav,not_applicable,7218.006866699839,-3.5,6.855516957029227,4.0,on_ramp,on_ramp_mv,,normal,not_started,commit
BASIC-03,basic_01_06_900_bugcheck_20260605,463,46.30000000000039,B03_CLV,cav,not_applicable,8022.000000142574,0.0,29.999999940591014,2.475374429877775e-08,lane_2,mainline,,normal,none,commit
BASIC-03,basic_01_06_900_bugcheck_20260605,463,46.30000000000039,B03_CFV,cav,not_applicable,7979.701766974991,0.0,30.02661959757018,0.36477716123210474,lane_2,mainline,,normal,none,commit
BASIC-03,basic_01_06_900_bugcheck_20260605,463,46.30000000000039,B03_TLV_CFV,cav,not_applicable,7973.241892964961,3.5,29.999052879700308,-0.44305013627183754,lane_1,mainline,,normal,none,commit
BASIC-03,basic_01_06_900_bugcheck_20260605,463,46.30000000000039,B03_TLV_CLV,cav,not_applicable,8015.620000237554,3.5,29.999999901018917,4.1242117276851786e-08,lane_1,mainline,,normal,none,commit
BASIC-03,basic_01_06_900_bugcheck_20260605,464,46.40000000000039,B03_MV,cav,not_applicable,7218.676030575544,-3.5,6.691638757052841,4.0,on_ramp,on_ramp_mv,,normal,not_started,commit
BASIC-03,basic_01_06_900_bugcheck_20260605,464,46.40000000000039,B03_CLV,cav,not_applicable,8025.000000136871,0.0,29.999999942967374,2.376359446998322e-08,lane_2,mainline,,normal,none,commit
BASIC-03,basic_01_06_900_bugcheck_20260605,464,46.40000000000039,B03_CFV,cav,not_applicable,7982.696504384249,0.0,29.947374092580077,-0.7924550499010051,lane_2,mainline,,normal,none,commit
BASIC-03,basic_01_06_900_bugcheck_20260605,464,46.40000000000039,B03_TLV_CFV,cav,not_applicable,7976.2454460245435,3.5,30.03553059582352,0.364777161232133,lane_1,mainline,,normal,none,commit
BASIC-03,basic_01_06_900_bugcheck_20260605,464,46.40000000000039,B03_TLV_CLV,cav,not_applicable,8018.620000228052,3.5,29.99999990497816,3.959243315421191e-08,lane_1,mainline,,normal,none,commit
BASIC-03,basic_01_06_900_bugcheck_20260605,465,46.50000000000039,B03_MV,cav,not_applicable,7219.329198375078,-3.5,6.5316779953375494,4.0,on_ramp,on_ramp_mv,,normal,not_started,commit
BASIC-03,basic_01_06_900_bugcheck_20260605,465,46.50000000000039,B03_CLV,cav,not_applicable,8028.000000131396,0.0,29.99999994524868,2.281305029327996e-08,lane_2,mainline,,normal,none,commit
BASIC-03,basic_01_06_900_bugcheck_20260605,465,46.50000000000039,B03_CFV,cav,not_applicable,7985.692030797644,0.0,29.95526413395181,0.07890041371735956,lane_2,mainline,,normal,none,commit
BASIC-03,basic_01_06_900_bugcheck_20260605,465,46.50000000000039,B03_TLV_CFV,cav,not_applicable,7979.2410745336265,3.5,29.956285090833422,-0.792455049900982,lane_1,mainline,,normal,none,commit
BASIC-03,basic_01_06_900_bugcheck_20260605,465,46.50000000000039,B03_TLV_CLV,cav,not_applicable,8021.62000021893,3.5,29.999999908779035,3.800873571435659e-08,lane_1,mainline,,normal,none,commit
BASIC-03,basic_01_06_900_bugcheck_20260605,466,46.60000000000039,B03_MV,cav,not_applicable,7219.966752477798,-3.5,6.375541027197851,4.0,on_ramp,on_ramp_mv,,normal,not_started,commit
BASIC-03,basic_01_06_900_bugcheck_20260605,466,46.60000000000039,B03_CLV,cav,not_applicable,8031.00000012614,0.0,29.99999994743873,2.1900528679452694e-08,lane_2,mainline,,normal,none,commit
BASIC-03,basic_01_06_900_bugcheck_20260605,466,46.60000000000039,B03_CFV,cav,not_applicable,7988.695475487151,0.0,30.03444689507414,0.7918276112232943,lane_2,mainline,,normal,none,commit
BASIC-03,basic_01_06_900_bugcheck_20260605,466,46.60000000000039,B03_TLV_CFV,cav,not_applicable,7982.237492046847,3.5,29.96417513220516,0.07890041371737844,lane_1,mainline,,normal,none,commit
BASIC-03,basic_01_06_900_bugcheck_20260605,466,46.60000000000039,B03_TLV_CLV,cav,not_applicable,8024.620000210172,3.5,29.999999912427874,3.648838600156524e-08,lane_1,mainline,,normal,none,commit
BASIC-03,basic_01_06_900_bugcheck_20260605,467,46.700000000000394,B03_MV,cav,not_applicable,7220.589066122447,-3.5,6.223136446483944,4.0,on_ramp,on_ramp_mv,,normal,not_started,commit
BASIC-03,basic_01_06_900_bugcheck_20260605,467,46.700000000000394,B03_CLV,cav,not_applicable,8034.000000121094,0.0,29.99999994954118,2.1024507645961424e-08,lane_2,mainline,,normal,none,commit
BASIC-03,basic_01_06_900_bugcheck_20260605,467,46.700000000000394,B03_CFV,cav,not_applicable,7991.694489675296,0.0,29.990141881446956,-0.4430501362718501,lane_2,mainline,,normal,none,commit
BASIC-03,basic_01_06_900_bugcheck_20260605,467,46.700000000000394,B03_TLV_CFV,cav,not_applicable,7985.24182783618,3.5,30.043357893327492,0.7918276112233097,lane_1,mainline,,normal,none,commit
BASIC-03,basic_01_06_900_bugcheck_20260605,467,46.700000000000394,B03_TLV_CLV,cav,not_applicable,8027.620000201765,3.5,29.999999915930758,3.502885022044211e-08,lane_1,mainline,,normal,none,commit
BASIC-03,basic_01_06_900_bugcheck_20260605,468,46.800000000000395,B03_MV,cav,not_applicable,7221.196503625653,-3.5,6.074375032071267,4.0,on_ramp,on_ramp_mv,,normal,not_started,commit
BASIC-03,basic_01_06_900_bugcheck_20260605,468,46.800000000000395,B03_CLV,cav,not_applicable,8037.00000011625,0.0,29.999999951559534,2.0183527738026896e-08,lane_2,mainline,,normal,none,commit
BASIC-03,basic_01_06_900_bugcheck_20260605,468,46.800000000000395,B03_CFV,cav,not_applicable,7994.697151635053,0.0,30.026619597570168,0.3647771612321227,lane_2,mainline,,normal,none,commit
BASIC-03,basic_01_06_900_bugcheck_20260605,468,46.800000000000395,B03_TLV_CFV,cav,not_applicable,7988.24173312415,3.5,29.999052879700308,-0.44305013627183754,lane_1,mainline,,normal,none,commit
BASIC-03,basic_01_06_900_bugcheck_20260605,468,46.800000000000395,B03_TLV_CLV,cav,not_applicable,8030.620000193694,3.5,29.99999991929353,3.3627696893745455e-08,lane_1,mainline,,normal,none,commit
BASIC-03,basic_01_06_900_bugcheck_20260605,469,46.9000000000004,B03_MV,cav,not_applicable,7221.789420595216,-3.5,5.929169695628205,4.0,on_ramp,on_ramp_mv,,normal,not_started,commit
BASIC-03,basic_01_06_900_bugcheck_20260605,469,46.9000000000004,B03_CLV,cav,not_applicable,8040.0000001116,0.0,29.999999953497152,1.9376186344288728e-08,lane_2,mainline,,normal,none,commit
BASIC-03,basic_01_06_900_bugcheck_20260605,469,46.9000000000004,B03_CFV,cav,not_applicable,7997.691889044311,0.0,29.94737409258007,-0.7924550499009904,lane_2,mainline,,normal,none,commit
BASIC-03,basic_01_06_900_bugcheck_20260605,469,46.9000000000004,B03_TLV_CFV,cav,not_applicable,7991.245286183733,3.5,30.03553059582352,0.364777161232133,lane_1,mainline,,normal,none,commit
BASIC-03,basic_01_06_900_bugcheck_20260605,469,46.9000000000004,B03_TLV_CLV,cav,not_applicable,8033.620000185946,3.5,29.999999922521788,3.228258833587461e-08,lane_1,mainline,,normal,none,commit
BASIC-03,basic_01_06_900_bugcheck_20260605,470,47.0000000000004,B03_MV,cav,not_applicable,7222.368164138279,-3.5,5.787435430631945,4.0,on_ramp,on_ramp_mv,,normal,not_started,commit
BASIC-03,basic_01_06_900_bugcheck_20260605,470,47.0000000000004,B03_CLV,cav,not_applicable,8043.000000107135,0.0,29.999999955357268,1.8601139117890853e-08,lane_2,mainline,,normal,none,commit
BASIC-03,basic_01_06_900_bugcheck_20260605,470,47.0000000000004,B03_CFV,cav,not_applicable,8000.687415457706,0.0,29.955264133951808,0.07890041371737155,lane_2,mainline,,normal,none,commit
BASIC-03,basic_01_06_900_bugcheck_20260605,470,47.0000000000004,B03_TLV_CFV,cav,not_applicable,7994.240914692816,3.5,29.956285090833422,-0.792455049900982,lane_1,mainline,,normal,none,commit
BASIC-03,basic_01_06_900_bugcheck_20260605,470,47.0000000000004,B03_TLV_CLV,cav,not_applicable,8036.620000178508,3.5,29.999999925620916,3.0991284916126464e-08,lane_1,mainline,,normal,none,commit
BASIC-03,basic_01_06_900_bugcheck_20260605,471,47.1000000000004,B03_MV,cav,not_applicable,7222.93307306454,-3.5,5.649089262604665,4.0,on_ramp,on_ramp_mv,,normal,not_started,commit
BASIC-03,basic_01_06_900_bugcheck_20260605,471,47.1000000000004,B03_CLV,cav,not_applicable,8046.000000102849,0.0,29.999999957142975,1.785709287105419e-08,lane_2,mainline,,normal,none,commit
BASIC-03,basic_01_06_900_bugcheck_20260605,471,47.1000000000004,B03_CFV,cav,not_applicable,8003.690860147213,0.0,30.034446895074137,0.791827611223304,lane_2,mainline,,normal,none,commit
BASIC-03,basic_01_06_900_bugcheck_20260605,471,47.1000000000004,B03_TLV_CFV,cav,not_applicable,7997.237332206037,3.5,29.96417513220516,0.07890041371737844,lane_1,mainline,,normal,none,commit
BASIC-03,basic_01_06_900_bugcheck_20260605,471,47.1000000000004,B03_TLV_CLV,cav,not_applicable,8039.620000171368,3.5,29.99999992859608,2.975163369001166e-08,lane_1,mainline,,normal,none,commit
BASIC-03,basic_01_06_900_bugcheck_20260605,472,47.2000000000004,B03_MV,cav,not_applicable,7223.484478084593,-3.5,5.514050200537654,4.0,on_ramp,on_ramp_mv,,normal,not_started,commit
BASIC-03,basic_01_06_900_bugcheck_20260605,472,47.2000000000004,B03_CLV,cav,not_applicable,8049.000000098735,0.0,29.999999958857256,1.714280983833305e-08,lane_2,mainline,,normal,none,commit
BASIC-03,basic_01_06_900_bugcheck_20260605,472,47.2000000000004,B03_CFV,cav,not_applicable,8006.689874335358,0.0,29.990141881446952,-0.4430501362718421,lane_2,mainline,,normal,none,commit
BASIC-03,basic_01_06_900_bugcheck_20260605,472,47.2000000000004,B03_TLV_CFV,cav,not_applicable,8000.241667995369,3.5,30.043357893327492,0.7918276112233097,lane_1,mainline,,normal,none,commit
BASIC-03,basic_01_06_900_bugcheck_20260605,472,47.2000000000004,B03_TLV_CLV,cav,not_applicable,8042.620000164513,3.5,29.999999931452237,2.8561568399254614e-08,lane_1,mainline,,normal,none,commit
BASIC-03,basic_01_06_900_bugcheck_20260605,473,47.3000000000004,B03_MV,cav,not_applicable,7224.022702003541,-3.5,5.382239189477918,4.0,on_ramp,on_ramp_mv,,normal,not_started,commit
BASIC-03,basic_01_06_900_bugcheck_20260605,473,47.3000000000004,B03_CLV,cav,not_applicable,8052.000000094785,0.0,29.999999960502965,1.6457097729016824e-08,lane_2,mainline,,normal,none,commit
BASIC-03,basic_01_06_900_bugcheck_20260605,473,47.3000000000004,B03_CFV,cav,not_applicable,8009.692536295115,0.0,30.026619597570164,0.3647771612321292,lane_2,mainline,,normal,none,commit
BASIC-03,basic_01_06_900_bugcheck_20260605,473,47.3000000000004,B03_TLV_CFV,cav,not_applicable,8003.24157328334,3.5,29.999052879700308,-0.44305013627183754,lane_1,mainline,,normal,none,commit
BASIC-03,basic_01_06_900_bugcheck_20260605,473,47.3000000000004,B03_TLV_CLV,cav,not_applicable,8045.620000157933,3.5,29.999999934194147,2.7419105208537076e-08,lane_1,mainline,,normal,none,commit
BASIC-03,basic_01_06_900_bugcheck_20260605,474,47.400000000000404,B03_MV,cav,not_applicable,7224.548059909966,-3.5,5.253579064247081,4.0,on_ramp,on_ramp_mv,,normal,not_started,commit
BASIC-03,basic_01_06_900_bugcheck_20260605,474,47.400000000000404,B03_CLV,cav,not_applicable,8055.000000090993,0.0,29.999999962082846,1.5798813990386406e-08,lane_2,mainline,,normal,none,commit
BASIC-03,basic_01_06_900_bugcheck_20260605,474,47.400000000000404,B03_CFV,cav,not_applicable,8012.687273704373,0.0,29.947374092580066,-0.7924550499009851,lane_2,mainline,,normal,none,commit
BASIC-03,basic_01_06_900_bugcheck_20260605,474,47.400000000000404,B03_TLV_CFV,cav,not_applicable,8006.245126342922,3.5,30.03553059582352,0.364777161232133,lane_1,mainline,,normal,none,commit
BASIC-03,basic_01_06_900_bugcheck_20260605,474,47.400000000000404,B03_TLV_CLV,cav,not_applicable,8048.620000151615,3.5,29.99999993682638,2.6322341284412688e-08,lane_1,mainline,,normal,none,commit
BASIC-03,basic_01_06_900_bugcheck_20260605,475,47.500000000000405,B03_MV,cav,not_applicable,7225.060859360392,-3.5,5.127994504267319,4.0,on_ramp,on_ramp_mv,,normal,not_started,commit
BASIC-03,basic_01_06_900_bugcheck_20260605,475,47.500000000000405,B03_CLV,cav,not_applicable,8058.000000087353,0.0,29.99999996359953,1.5166861544457788e-08,lane_2,mainline,,normal,none,commit
BASIC-03,basic_01_06_900_bugcheck_20260605,475,47.500000000000405,B03_CFV,cav,not_applicable,8015.682800117768,0.0,29.955264133951804,0.07890041371737588,lane_2,mainline,,normal,none,commit
BASIC-03,basic_01_06_900_bugcheck_20260605,475,47.500000000000405,B03_TLV_CFV,cav,not_applicable,8009.240754852005,3.5,29.956285090833422,-0.792455049900982,lane_1,mainline,,normal,none,commit
BASIC-03,basic_01_06_900_bugcheck_20260605,475,47.500000000000405,B03_TLV_CLV,cav,not_applicable,8051.620000145551,3.5,29.999999939353327,2.52694476898796e-08,lane_1,mainline,,normal,none,commit
BASIC-03,basic_01_06_900_bugcheck_20260605,476,47.600000000000406,B03_MV,cav,not_applicable,7225.561400559339,-3.5,5.005411989467195,4.0,on_ramp,on_ramp_mv,,normal,not_started,commit
BASIC-03,basic_01_06_900_bugcheck_20260605,476,47.600000000000406,B03_CLV,cav,not_applicable,8061.000000083859,0.0,29.99999996505555,1.4560187366896572e-08,lane_2,mainline,,normal,none,commit
BASIC-03,basic_01_06_900_bugcheck_20260605,476,47.600000000000406,B03_CFV,cav,not_applicable,8018.686244807275,0.0,30.034446895074133,0.7918276112233076,lane_2,mainline,,normal,none,commit
BASIC-03,basic_01_06_900_bugcheck_20260605,476,47.600000000000406,B03_TLV_CFV,cav,not_applicable,8012.237172365226,3.5,29.96417513220516,0.07890041371737844,lane_1,mainline,,normal,none,commit
BASIC-03,basic_01_06_900_bugcheck_20260605,476,47.600000000000406,B03_TLV_CLV,cav,not_applicable,8054.620000139729,3.5,29.999999941779194,2.4258669384380484e-08,lane_1,mainline,,normal,none,commit
BASIC-03,basic_01_06_900_bugcheck_20260605,477,47.70000000000041,B03_MV,cav,not_applicable,7226.049976535063,-3.5,4.885759757240832,4.0,on_ramp,on_ramp_mv,,normal,not_started,commit
BASIC-03,basic_01_06_900_bugcheck_20260605,477,47.70000000000041,B03_CLV,cav,not_applicable,8064.000000080505,0.0,29.99999996645333,1.3977779644847033e-08,lane_2,mainline,,normal,none,commit
BASIC-03,basic_01_06_900_bugcheck_20260605,477,47.70000000000041,B03_CFV,cav,not_applicable,8021.68525899542,0.0,29.99014188144695,-0.4430501362718392,lane_2,mainline,,normal,none,commit
BASIC-03,basic_01_06_900_bugcheck_20260605,477,47.70000000000041,B03_TLV_CFV,cav,not_applicable,8015.241508154559,3.5,30.043357893327492,0.7918276112233097,lane_1,mainline,,normal,none,commit
BASIC-03,basic_01_06_900_bugcheck_20260605,477,47.70000000000041,B03_TLV_CLV,cav,not_applicable,8057.62000013414,3.5,29.999999944108026,2.3288322381631588e-08,lane_1,mainline,,normal,none,commit
BASIC-03,basic_01_06_900_bugcheck_20260605,478,47.80000000000041,B03_MV,cav,not_applicable,7226.526873311107,-3.5,4.768967760436975,4.0,on_ramp,on_ramp_mv,,normal,not_started,commit
BASIC-03,basic_01_06_900_bugcheck_20260605,478,47.80000000000041,B03_CLV,cav,not_applicable,8067.000000077284,0.0,29.999999967795198,1.3418667776932126e-08,lane_2,mainline,,normal,none,commit
BASIC-03,basic_01_06_900_bugcheck_20260605,478,47.80000000000041,B03_CFV,cav,not_applicable,8024.687920955177,0.0,30.02661959757016,0.3647771612321316,lane_2,mainline,,normal,none,commit
BASIC-03,basic_01_06_900_bugcheck_20260605,478,47.80000000000041,B03_TLV_CFV,cav,not_applicable,8018.241413442529,3.5,29.999052879700308,-0.44305013627183754,lane_1,mainline,,normal,none,commit
BASIC-03,basic_01_06_900_bugcheck_20260605,478,47.80000000000041,B03_TLV_CLV,cav,not_applicable,8060.620000128774,3.5,29.999999946343706,2.2356789486366327e-08,lane_1,mainline,,normal,none,commit
BASIC-03,basic_01_06_900_bugcheck_20260605,479,47.90000000000041,B03_MV,cav,not_applicable,7226.992370073742,-3.5,4.654967626351607,4.0,on_ramp,on_ramp_mv,,normal,not_started,commit
BASIC-03,basic_01_06_900_bugcheck_20260605,479,47.90000000000041,B03_CLV,cav,not_applicable,8070.000000074193,0.0,29.99999996908339,1.2881920952168004e-08,lane_2,mainline,,normal,none,commit
BASIC-03,basic_01_06_900_bugcheck_20260605,479,47.90000000000041,B03_CFV,cav,not_applicable,8027.682658364435,0.0,29.947374092580063,-0.7924550499009831,lane_2,mainline,,normal,none,commit
BASIC-03,basic_01_06_900_bugcheck_20260605,479,47.90000000000041,B03_TLV_CFV,cav,not_applicable,8021.244966502111,3.5,30.03553059582352,0.364777161232133,lane_1,mainline,,normal,none,commit
BASIC-03,basic_01_06_900_bugcheck_20260605,479,47.90000000000041,B03_TLV_CLV,cav,not_applicable,8063.620000123623,3.5,29.999999948489958,2.1462517452164322e-08,lane_1,mainline,,normal,none,commit
BASIC-03,basic_01_06_900_bugcheck_20260605,480,48.00000000000041,B03_MV,cav,not_applicable,7227.446739335412,-3.5,4.543692616700887,4.0,on_ramp,on_ramp_mv,,normal,not_started,commit
BASIC-03,basic_01_06_900_bugcheck_20260605,480,48.00000000000041,B03_CLV,cav,not_applicable,8073.000000071225,0.0,29.999999970320054,1.2366643886707608e-08,lane_2,mainline,,normal,none,commit
BASIC-03,basic_01_06_900_bugcheck_20260605,480,48.00000000000041,B03_CFV,cav,not_applicable,8030.67818477783,0.0,29.9552641339518,0.07890041371737755,lane_2,mainline,,normal,none,commit
BASIC-03,basic_01_06_900_bugcheck_20260605,480,48.00000000000041,B03_TLV_CFV,cav,not_applicable,8024.240595011194,3.5,29.956285090833422,-0.792455049900982,lane_1,mainline,,normal,none,commit
BASIC-03,basic_01_06_900_bugcheck_20260605,480,48.00000000000041,B03_TLV_CLV,cav,not_applicable,8066.620000118678,3.5,29.99999995055036,2.0604016981451424e-08,lane_1,mainline,,normal,none,commit
BASIC-03,basic_01_06_900_bugcheck_20260605,481,48.10000000000041,B03_MV,cav,not_applicable,7227.890247094267,-3.5,4.435077588550896,4.0,on_ramp,on_ramp_mv,,normal,not_started,commit
BASIC-03,basic_01_06_900_bugcheck_20260605,481,48.10000000000041,B03_CLV,cav,not_applicable,8076.000000068376,0.0,29.99999997150725,1.1871978244926141e-08,lane_2,mainline,,normal,none,commit
BASIC-03,basic_01_06_900_bugcheck_20260605,481,48.10000000000041,B03_CFV,cav,not_applicable,8033.681629467337,0.0,30.034446895074133,0.7918276112233089,lane_2,mainline,,normal,none,commit
BASIC-03,basic_01_06_900_bugcheck_20260605,481,48.10000000000041,B03_TLV_CFV,cav,not_applicable,8027.237012524415,3.5,29.96417513220516,0.07890041371737844,lane_1,mainline,,normal,none,commit
BASIC-03,basic_01_06_900_bugcheck_20260605,481,48.10000000000041,B03_TLV_CLV,cav,not_applicable,8069.6200001139305,3.5,29.999999952528345,1.977985562007234e-08,lane_1,mainline,,normal,none,commit
BASIC-03,basic_01_06_900_bugcheck_20260605,482,48.200000000000415,B03_MV,cav,not_applicable,7228.323152989885,-3.5,4.329058956181829,4.0,on_ramp,on_ramp_mv,,normal,not_started,commit
BASIC-03,basic_01_06_900_bugcheck_20260605,482,48.200000000000415,B03_CLV,cav,not_applicable,8079.000000065641,0.0,29.99999997264696,1.1397099797250122e-08,lane_2,mainline,,normal,none,commit
BASIC-03,basic_01_06_900_bugcheck_20260605,482,48.200000000000415,B03_CFV,cav,not_applicable,8036.680643655482,0.0,29.99014188144695,-0.4430501362718381,lane_2,mainline,,normal,none,commit
BASIC-03,basic_01_06_900_bugcheck_20260605,482,48.200000000000415,B03_TLV_CFV,cav,not_applicable,8030.241348313748,3.5,30.043357893327492,0.7918276112233097,lane_1,mainline,,normal,none,commit
BASIC-03,basic_01_06_900_bugcheck_20260605,482,48.200000000000415,B03_TLV_CLV,cav,not_applicable,8072.620000109373,3.5,29.99999995442721,1.8988662020547054e-08,lane_1,mainline,,normal,none,commit
BASIC-03,basic_01_06_900_bugcheck_20260605,483,48.300000000000416,B03_MV,cav,not_applicable,7228.745710455271,-3.5,4.225574653863347,4.0,on_ramp,on_ramp_mv,,normal,not_started,commit
BASIC-03,basic_01_06_900_bugcheck_20260605,483,48.300000000000416,B03_CLV,cav,not_applicable,8082.000000063015,0.0,29.999999973741083,1.0941215577986442e-08,lane_2,mainline,,normal,none,commit
BASIC-03,basic_01_06_900_bugcheck_20260605,483,48.300000000000416,B03_CFV,cav,not_applicable,8039.683305615239,0.0,30.02661959757016,0.3647771612321325,lane_2,mainline,,normal,none,commit
BASIC-03,basic_01_06_900_bugcheck_20260605,483,48.300000000000416,B03_TLV_CFV,cav,not_applicable,8033.241253601718,3.5,29.999052879700308,-0.44305013627183754,lane_1,mainline,,normal,none,commit
BASIC-03,basic_01_06_900_bugcheck_20260605,483,48.300000000000416,B03_TLV_CLV,cav,not_applicable,8075.620000104998,3.5,29.99999995625012,1.8229115994472522e-08,lane_1,mainline,,normal,none,commit
BASIC-03,basic_01_06_900_bugcheck_20260605,484,48.40000000000042,B03_MV,cav,not_applicable,7229.158166865223,-3.5,4.124564099519795,4.0,on_ramp,on_ramp_mv,,normal,not_started,commit
BASIC-03,basic_01_06_900_bugcheck_20260605,484,48.40000000000042,B03_CLV,cav,not_applicable,8085.000000060494,0.0,29.99999997479144,1.0503566727493308e-08,lane_2,mainline,,normal,none,commit
BASIC-03,basic_01_06_900_bugcheck_20260605,484,48.40000000000042,B03_CFV,cav,not_applicable,8042.678043024497,0.0,29.947374092580063,-0.7924550499009824,lane_2,mainline,,normal,none,commit
BASIC-03,basic_01_06_900_bugcheck_20260605,484,48.40000000000042,B03_TLV_CFV,cav,not_applicable,8036.244806661301,3.5,30.03553059582352,0.364777161232133,lane_1,mainline,,normal,none,commit
BASIC-03,basic_01_06_900_bugcheck_20260605,484,48.40000000000042,B03_TLV_CLV,cav,not_applicable,8078.620000100798,3.5,29.999999958000117,1.7499951354693623e-08,lane_1,mainline,,normal,none,commit
BASIC-03,basic_01_06_900_bugcheck_20260605,485,48.50000000000042,B03_MV,cav,not_applicable,7229.56076368115,-3.5,4.025968159264192,4.0,on_ramp,on_ramp_mv,,normal,not_started,commit
BASIC-03,basic_01_06_900_bugcheck_20260605,485,48.50000000000042,B03_CLV,cav,not_applicable,8088.000000058074,0.0,29.99999997579978,1.0083424228923832e-08,lane_2,mainline,,normal,none,commit
BASIC-03,basic_01_06_900_bugcheck_20260605,485,48.50000000000042,B03_CFV,cav,not_applicable,8045.673569437892,0.0,29.9552641339518,0.0789004137173781,lane_2,mainline,,normal,none,commit
BASIC-03,basic_01_06_900_bugcheck_20260605,485,48.50000000000042,B03_TLV_CFV,cav,not_applicable,8039.2404351703835,3.5,29.956285090833422,-0.792455049900982,lane_1,mainline,,normal,none,commit
BASIC-03,basic_01_06_900_bugcheck_20260605,485,48.50000000000042,B03_TLV_CLV,cav,not_applicable,8081.6200000967665,3.5,29.999999959680114,1.6799953073132202e-08,lane_1,mainline,,normal,none,commit
BASIC-03,basic_01_06_900_bugcheck_20260605,486,48.60000000000042,B03_MV,cav,not_applicable,7229.953736592428,-3.5,3.9297291127796865,4.0,on_ramp,on_ramp_mv,,normal,not_started,commit
BASIC-03,basic_01_06_900_bugcheck_20260605,486,48.60000000000042,B03_CLV,cav,not_applicable,8091.000000055751,0.0,29.99999997676779,9.680087487140555e-09,lane_2,mainline,,normal,none,commit
BASIC-03,basic_01_06_900_bugcheck_20260605,486,48.60000000000042,B03_CFV,cav,not_applicable,8048.677014127399,0.0,30.034446895074133,0.7918276112233094,lane_2,mainline,,normal,none,commit
BASIC-03,basic_01_06_900_bugcheck_20260605,486,48.60000000000042,B03_TLV_CFV,cav,not_applicable,8042.236852683604,3.5,29.96417513220516,0.07890041371737844,lane_1,mainline,,normal,none,commit
BASIC-03,basic_01_06_900_bugcheck_20260605,486,48.60000000000042,B03_TLV_CLV,cav,not_applicable,8084.620000092896,3.5,29.99999996129291,1.6127954438616145e-08,lane_1,mainline,,normal,none,commit
BASIC-03,basic_01_06_900_bugcheck_20260605,487,48.70000000000042,B03_MV,cav,not_applicable,7230.337315654381,-3.5,3.8357906195291402,4.0,on_ramp,on_ramp_mv,,normal,not_started,commit
BASIC-03,basic_01_06_900_bugcheck_20260605,487,48.70000000000042,B03_CLV,cav,not_applicable,8094.000000053521,0.0,29.999999977697076,9.292884328715446e-09,lane_2,mainline,,normal,none,commit
BASIC-03,basic_01_06_900_bugcheck_20260605,487,48.70000000000042,B03_CFV,cav,not_applicable,8051.676028315544,0.0,29.99014188144695,-0.44305013627183776,lane_2,mainline,,normal,none,commit
BASIC-03,basic_01_06_900_bugcheck_20260605,487,48.70000000000042,B03_TLV_CFV,cav,not_applicable,8045.241188472937,3.5,30.043357893327492,0.7918276112233097,lane_1,mainline,,normal,none,commit
BASIC-03,basic_01_06_900_bugcheck_20260605,487,48.70000000000042,B03_TLV_CLV,cav,not_applicable,8087.6200000891795,3.5,29.999999962841194,1.548283563579389e-08,lane_1,mainline,,normal,none,commit
BASIC-03,basic_01_06_900_bugcheck_20260605,488,48.80000000000042,B03_MV,cav,not_applicable,7230.711725422958,-3.5,3.7440976857715076,4.0,on_ramp,on_ramp_mv,,normal,not_started,commit
BASIC-03,basic_01_06_900_bugcheck_20260605,488,48.80000000000042,B03_CLV,cav,not_applicable,8097.00000005138,0.0,29.999999978589194,8.921169580844435e-09,lane_2,mainline,,normal,none,commit
BASIC-03,basic_01_06_900_bugcheck_20260605,488,48.80000000000042,B03_CFV,cav,not_applicable,8054.678690275301,0.0,30.02661959757016,0.3647771612321328,lane_2,mainline,,normal,none,commit
BASIC-03,basic_01_06_900_bugcheck_20260605,488,48.80000000000042,B03_TLV_CFV,cav,not_applicable,8048.2410937609075,3.5,29.999052879700308,-0.44305013627183754,lane_1,mainline,,normal,none,commit
BASIC-03,basic_01_06_900_bugcheck_20260605,488,48.80000000000042,B03_TLV_CLV,cav,not_applicable,8090.620000085612,3.5,29.999999964327547,1.4863522324048973e-08,lane_1,mainline,,normal,none,commit
BASIC-03,basic_01_06_900_bugcheck_20260605,489,48.900000000000425,B03_MV,cav,not_applicable,7231.077185086195,-3.5,3.65459663236808,4.0,on_ramp,on_ramp_mv,,normal,not_started,commit
BASIC-03,basic_01_06_900_bugcheck_20260605,489,48.900000000000425,B03_CLV,cav,not_applicable,8100.000000049325,0.0,29.999999979445626,8.564322229176468e-09,lane_2,mainline,,normal,none,commit
BASIC-03,basic_01_06_900_bugcheck_20260605,489,48.900000000000425,B03_CFV,cav,not_applicable,8057.673427684559,0.0,29.947374092580063,-0.7924550499009821,lane_2,mainline,,normal,none,commit
BASIC-03,basic_01_06_900_bugcheck_20260605,489,48.900000000000425,B03_TLV_CFV,cav,not_applicable,8051.24464682049,3.5,30.03553059582352,0.364777161232133,lane_1,mainline,,normal,none,commit
BASIC-03,basic_01_06_900_bugcheck_20260605,489,48.900000000000425,B03_TLV_CLV,cav,not_applicable,8093.620000082188,3.5,29.999999965754444,1.4268981374243595e-08,lane_1,mainline,,normal,none,commit
BASIC-03,basic_01_06_900_bugcheck_20260605,490,49.000000000000426,B03_MV,cav,not_applicable,7231.43390859253,-3.5,3.5672350633564043,4.0,on_ramp,on_ramp_mv,,normal,not_started,commit
BASIC-03,basic_01_06_900_bugcheck_20260605,490,49.000000000000426,B03_CLV,cav,not_applicable,8103.000000047351,0.0,29.999999980267802,8.221749681069924e-09,lane_2,mainline,,normal,none,commit
BASIC-03,basic_01_06_900_bugcheck_20260605,490,49.000000000000426,B03_CFV,cav,not_applicable,8060.668954097954,0.0,29.9552641339518,0.07890041371737833,lane_2,mainline,,normal,none,commit
BASIC-03,basic_01_06_900_bugcheck_20260605,490,49.000000000000426,B03_TLV_CFV,cav,not_applicable,8054.240275329573,3.5,29.956285090833422,-0.792455049900982,lane_1,mainline,,normal,none,commit
BASIC-03,basic_01_06_900_bugcheck_20260605,490,49.000000000000426,B03_TLV_CLV,cav,not_applicable,8096.6200000789,3.5,29.999999967124268,1.3698222289804108e-08,lane_1,mainline,,normal,none,commit
BASIC-03,basic_01_06_900_bugcheck_20260605,491,49.10000000000043,B03_MV,cav,not_applicable,7231.782104776058,-3.5,3.481961835277531,4.0,on_ramp,on_ramp_mv,,normal,not_started,commit
BASIC-03,basic_01_06_900_bugcheck_20260605,491,49.10000000000043,B03_CLV,cav,not_applicable,8106.0000000454565,0.0,29.99999998105709,7.892879239079775e-09,lane_2,mainline,,normal,none,commit
BASIC-03,basic_01_06_900_bugcheck_20260605,491,49.10000000000043,B03_CFV,cav,not_applicable,8063.672398787461,0.0,30.034446895074133,0.7918276112233096,lane_2,mainline,,normal,none,commit
BASIC-03,basic_01_06_900_bugcheck_20260605,491,49.10000000000043,B03_TLV_CFV,cav,not_applicable,8057.236692842794,3.5,29.96417513220516,0.07890041371737844,lane_1,mainline,,normal,none,commit
BASIC-03,basic_01_06_900_bugcheck_20260605,491,49.10000000000043,B03_TLV_CLV,cav,not_applicable,8099.620000075744,3.5,29.999999968439298,1.3150292943464593e-08,lane_1,mainline,,normal,none,commit
BASIC-03,basic_01_06_900_bugcheck_20260605,492,49.20000000000043,B03_MV,cav,not_applicable,7232.121977478781,-3.5,3.3987270272348447,4.0,on_ramp,on_ramp_mv,,normal,not_started,commit
BASIC-03,basic_01_06_900_bugcheck_20260605,492,49.20000000000043,B03_CLV,cav,not_applicable,8109.0000000436385,0.0,29.999999981814806,7.57716378529949e-09,lane_2,mainline,,normal,none,commit
BASIC-03,basic_01_06_900_bugcheck_20260605,492,49.20000000000043,B03_CFV,cav,not_applicable,8066.671412975606,0.0,29.99014188144695,-0.44305013627183754,lane_2,mainline,,normal,none,commit
BASIC-03,basic_01_06_900_bugcheck_20260605,492,49.20000000000043,B03_TLV_CFV,cav,not_applicable,8060.2410286321265,3.5,30.043357893327492,0.7918276112233097,lane_1,mainline,,normal,none,commit
BASIC-03,basic_01_06_900_bugcheck_20260605,492,49.20000000000043,B03_TLV_CLV,cav,not_applicable,8102.620000072715,3.5,29.999999969701726,1.2624280998352334e-08,lane_1,mainline,,normal,none,commit
BASIC-03,basic_01_06_900_bugcheck_20260605,493,49.30000000000043,B03_MV,cav,not_applicable,7232.453725669949,-3.5,3.31748191166949,4.0,on_ramp,on_ramp_mv,,normal,not_started,commit
BASIC-03,basic_01_06_900_bugcheck_20260605,493,49.30000000000043,B03_CLV,cav,not_applicable,8112.000000041892,0.0,29.999999982542214,7.274077518104605e-09,lane_2,mainline,,normal,none,commit
BASIC-03,basic_01_06_900_bugcheck_20260605,493,49.30000000000043,B03_CFV,cav,not_applicable,8069.674074935363,0.0,30.02661959757016,0.364777161232133,lane_2,mainline,,normal,none,commit
BASIC-03,basic_01_06_900_bugcheck_20260605,493,49.30000000000043,B03_TLV_CFV,cav,not_applicable,8063.240933920097,3.5,29.999052879700308,-0.44305013627183754,lane_1,mainline,,normal,none,commit
BASIC-03,basic_01_06_900_bugcheck_20260605,493,49.30000000000043,B03_TLV_CLV,cav,not_applicable,8105.620000069806,3.5,29.999999970913656,1.2119309644731403e-08,lane_1,mainline,,normal,none,commit
BASIC-03,basic_01_06_900_bugcheck_20260605,494,49.40000000000043,B03_MV,cav,not_applicable,7232.777543562532,-3.5,3.2381789258338936,4.0,on_ramp,on_ramp_mv,,normal,not_started,commit
BASIC-03,basic_01_06_900_bugcheck_20260605,494,49.40000000000043,B03_CLV,cav,not_applicable,8115.000000040216,0.0,29.999999983240524,6.983114531067258e-09,lane_2,mainline,,normal,none,commit
BASIC-03,basic_01_06_900_bugcheck_20260605,494,49.40000000000043,B03_CFV,cav,not_applicable,8072.668812344621,0.0,29.947374092580063,-0.792455049900982,lane_2,mainline,,normal,none,commit
BASIC-03,basic_01_06_900_bugcheck_20260605,494,49.40000000000043,B03_TLV_CFV,cav,not_applicable,8066.244486979679,3.5,30.03553059582352,0.364777161232133,lane_1,mainline,,normal,none,commit
BASIC-03,basic_01_06_900_bugcheck_20260605,494,49.40000000000043,B03_TLV_CLV,cav,not_applicable,8108.620000067014,3.5,29.99999997207711,1.163453760000266e-08,lane_1,mainline,,normal,none,commit
BASIC-03,basic_01_06_900_bugcheck_20260605,495,49.50000000000043,B03_MV,cav,not_applicable,7233.093620726927,-3.5,3.1607716439479634,4.0,on_ramp,on_ramp_mv,,normal,not_started,commit
BASIC-03,basic_01_06_900_bugcheck_20260605,495,49.50000000000043,B03_CLV,cav,not_applicable,8118.000000038607,0.0,29.999999983910904,6.703790234041663e-09,lane_2,mainline,,normal,none,commit
BASIC-03,basic_01_06_900_bugcheck_20260605,495,49.50000000000043,B03_CFV,cav,not_applicable,8075.664338758016,0.0,29.9552641339518,0.07890041371737844,lane_2,mainline,,normal,none,commit
BASIC-03,basic_01_06_900_bugcheck_20260605,495,49.50000000000043,B03_TLV_CFV,cav,not_applicable,8069.240115488762,3.5,29.956285090833422,-0.792455049900982,lane_1,mainline,,normal,none,commit
BASIC-03,basic_01_06_900_bugcheck_20260605,495,49.50000000000043,B03_TLV_CLV,cav,not_applicable,8111.620000064334,3.5,29.999999973194026,1.116915626653281e-08,lane_1,mainline,,normal,none,commit
BASIC-03,basic_01_06_900_bugcheck_20260605,496,49.600000000000435,B03_MV,cav,not_applicable,7233.402142201929,-3.5,3.085214750019474,4.0,on_ramp,on_ramp_mv,,normal,not_started,commit
BASIC-03,basic_01_06_900_bugcheck_20260605,496,49.600000000000435,B03_CLV,cav,not_applicable,8121.000000037063,0.0,29.999999984554467,6.435638510993159e-09,lane_2,mainline,,normal,none,commit
BASIC-03,basic_01_06_900_bugcheck_20260605,496,49.600000000000435,B03_CFV,cav,not_applicable,8078.667783447523,0.0,30.034446895074133,0.7918276112233097,lane_2,mainline,,normal,none,commit
BASIC-03,basic_01_06_900_bugcheck_20260605,496,49.600000000000435,B03_TLV_CFV,cav,not_applicable,8072.236533001983,3.5,29.96417513220516,0.07890041371737844,lane_1,mainline,,normal,none,commit
BASIC-03,basic_01_06_900_bugcheck_20260605,496,49.600000000000435,B03_TLV_CLV,cav,not_applicable,8114.620000061761,3.5,29.999999974266263,1.0722389731654404e-08,lane_1,mainline,,normal,none,commit
BASIC-03,basic_01_06_900_bugcheck_20260605,497,49.700000000000436,B03_MV,cav,not_applicable,7233.70328860306,-3.5,3.0114640113162525,4.0,on_ramp,on_ramp_mv,,normal,not_started,commit
BASIC-03,basic_01_06_900_bugcheck_20260605,497,49.700000000000436,B03_CLV,cav,not_applicable,8124.00000003558,0.0,29.999999985172288,6.178213141083689e-09,lane_2,mainline,,normal,none,commit
BASIC-03,basic_01_06_900_bugcheck_20260605,497,49.700000000000436,B03_CFV,cav,not_applicable,8081.6667976356675,0.0,29.99014188144695,-0.44305013627183754,lane_2,mainline,,normal,none,commit
BASIC-03,basic_01_06_900_bugcheck_20260605,497,49.700000000000436,B03_TLV_CFV,cav,not_applicable,8075.240868791316,3.5,30.043357893327492,0.7918276112233097,lane_1,mainline,,normal,none,commit
BASIC-03,basic_01_06_900_bugcheck_20260605,497,49.700000000000436,B03_TLV_CLV,cav,not_applicable,8117.620000059291,3.5,29.999999975295612,1.0293494767665835e-08,lane_1,mainline,,normal,none,commit
BASIC-03,basic_01_06_900_bugcheck_20260605,498,49.80000000000044,B03_MV,cav,not_applicable,7233.997236228307,-3.5,2.939476252470156,4.0,on_ramp,on_ramp_mv,,normal,not_started,commit
BASIC-03,basic_01_06_900_bugcheck_20260605,498,49.80000000000044,B03_CLV,cav,not_applicable,8127.000000034157,0.0,29.999999985765395,5.931084956500854e-09,lane_2,mainline,,normal,none,commit
BASIC-03,basic_01_06_900_bugcheck_20260605,498,49.80000000000044,B03_CFV,cav,not_applicable,8084.669459595425,0.0,30.02661959757016,0.364777161232133,lane_2,mainline,,normal,none,commit
BASIC-03,basic_01_06_900_bugcheck_20260605,498,49.80000000000044,B03_TLV_CFV,cav,not_applicable,8078.240774079286,3.5,29.999052879700308,-0.44305013627183754,lane_1,mainline,,normal,none,commit
BASIC-03,basic_01_06_900_bugcheck_20260605,498,49.80000000000044,B03_TLV_CLV,cav,not_applicable,8120.620000056919,3.5,29.99999997628379,9.881755147489458e-09,lane_1,mainline,,normal,none,commit
BASIC-03,basic_01_06_900_bugcheck_20260605,499,49.90000000000044,B03_MV,cav,not_applicable,7234.284157161327,-3.5,2.8692093302019797,4.0,on_ramp,on_ramp_mv,,normal,not_started,commit
BASIC-03,basic_01_06_900_bugcheck_20260605,499,49.90000000000044,B03_CLV,cav,not_applicable,8130.00000003279,0.0,29.999999986334778,5.693841842457914e-09,lane_2,mainline,,normal,none,commit
BASIC-03,basic_01_06_900_bugcheck_20260605,499,49.90000000000044,B03_CFV,cav,not_applicable,8087.664197004683,0.0,29.947374092580063,-0.792455049900982,lane_2,mainline,,normal,none,commit
BASIC-03,basic_01_06_900_bugcheck_20260605,499,49.90000000000044,B03_TLV_CFV,cav,not_applicable,8081.244327138868,3.5,30.03553059582352,0.364777161232133,lane_1,mainline,,normal,none,commit
BASIC-03,basic_01_06_900_bugcheck_20260605,499,49.90000000000044,B03_TLV_CLV,cav,not_applicable,8123.620000054642,3.5,29.999999977232438,9.486484486842528e-09,lane_1,mainline,,normal,none,commit
BASIC-03,basic_01_06_900_bugcheck_20260605,500,50.00000000000044,B03_MV,cav,not_applicable,7234.564219372192,-3.5,2.800622108649458,4.0,on_ramp,on_ramp_mv,,normal,not_started,commit
BASIC-03,basic_01_06_900_bugcheck_20260605,500,50.00000000000044,B03_CLV,cav,not_applicable,8133.0000000314785,0.0,29.999999986881388,5.466088737193787e-09,lane_2,mainline,,normal,none,commit
BASIC-03,basic_01_06_900_bugcheck_20260605,500,50.00000000000044,B03_CFV,cav,not_applicable,8090.659723418078,0.0,29.9552641339518,0.07890041371737844,lane_2,mainline,,normal,none,commit
BASIC-03,basic_01_06_900_bugcheck_20260605,500,50.00000000000044,B03_TLV_CFV,cav,not_applicable,8084.239955647951,3.5,29.956285090833422,-0.792455049900982,lane_1,mainline,,normal,none,commit
BASIC-03,basic_01_06_900_bugcheck_20260605,500,50.00000000000044,B03_TLV_CLV,cav,not_applicable,8126.620000052457,3.5,29.99999997814314,9.107024823151733e-09,lane_1,mainline,,normal,none,commit
BASIC-03,basic_01_06_900_bugcheck_20260605,501,50.10000000000044,B03_MV,cav,not_applicable,7234.837586815721,-3.5,2.7336744352855398,4.0,on_ramp,on_ramp_mv,,normal,not_started,commit
BASIC-03,basic_01_06_900_bugcheck_20260605,501,50.10000000000044,B03_CLV,cav,not_applicable,8136.000000030219,0.0,29.99999998740613,5.247444789802103e-09,lane_2,mainline,,normal,none,commit
BASIC-03,basic_01_06_900_bugcheck_20260605,501,50.10000000000044,B03_CFV,cav,not_applicable,8093.663168107585,0.0,30.034446895074133,0.7918276112233097,lane_2,mainline,,normal,none,commit
BASIC-03,basic_01_06_900_bugcheck_20260605,501,50.10000000000044,B03_TLV_CFV,cav,not_applicable,8087.236373161172,3.5,29.96417513220516,0.07890041371737844,lane_1,mainline,,normal,none,commit
BASIC-03,basic_01_06_900_bugcheck_20260605,501,50.10000000000044,B03_TLV_CLV,cav,not_applicable,8129.620000050359,3.5,29.999999979017414,8.742743773382245e-09,lane_1,mainline,,normal,none,commit
BASIC-03,basic_01_06_900_bugcheck_20260605,502,50.20000000000044,B03_MV,cav,not_applicable,7235.104419527462,-3.5,2.668327117412363,4.0,on_ramp,on_ramp_mv,,normal,not_started,commit
BASIC-03,basic_01_06_900_bugcheck_20260605,502,50.20000000000044,B03_CLV,cav,not_applicable,8139.00000002901,0.0,29.999999987909884,5.037547623487626e-09,lane_2,mainline,,normal,none,commit
BASIC-03,basic_01_06_900_bugcheck_20260605,502,50.20000000000044,B03_CFV,cav,not_applicable,8096.6621822957295,0.0,29.99014188144695,-0.44305013627183754,lane_2,mainline,,normal,none,commit
BASIC-03,basic_01_06_900_bugcheck_20260605,502,50.20000000000044,B03_TLV_CFV,cav,not_applicable,8090.240708950505,3.5,30.043357893327492,0.7918276112233097,lane_1,mainline,,normal,none,commit
BASIC-03,basic_01_06_900_bugcheck_20260605,502,50.20000000000044,B03_TLV_CLV,cav,not_applicable,8132.620000048344,3.5,29.999999979856717,8.393034534037725e-09,lane_1,mainline,,normal,none,commit
BASIC-03,basic_01_06_900_bugcheck_20260605,503,50.300000000000445,B03_MV,cav,not_applicable,7235.3648737173835,-3.5,2.604541899216589,4.0,on_ramp,on_ramp_mv,,normal,not_started,commit
BASIC-03,basic_01_06_900_bugcheck_20260605,503,50.300000000000445,B03_CLV,cav,not_applicable,8142.00000002785,0.0,29.99999998839349,4.836046230138891e-09,lane_2,mainline,,normal,none,commit
BASIC-03,basic_01_06_900_bugcheck_20260605,503,50.300000000000445,B03_CFV,cav,not_applicable,8099.664844255487,0.0,30.02661959757016,0.364777161232133,lane_2,mainline,,normal,none,commit
BASIC-03,basic_01_06_900_bugcheck_20260605,503,50.300000000000445,B03_TLV_CFV,cav,not_applicable,8093.240614238475,3.5,29.999052879700308,-0.44305013627183754,lane_1,mainline,,normal,none,commit
BASIC-03,basic_01_06_900_bugcheck_20260605,503,50.300000000000445,B03_TLV_CLV,cav,not_applicable,8135.6200000464105,3.5,29.999999980662448,8.057313038989378e-09,lane_1,mainline,,normal,none,commit
BASIC-03,basic_01_06_900_bugcheck_20260605,504,50.400000000000446,B03_MV,cav,not_applicable,7235.619101861321,-3.5,2.5422814393734785,4.0,on_ramp,on_ramp_mv,,normal,not_started,commit
BASIC-03,basic_01_06_900_bugcheck_20260605,504,50.400000000000446,B03_CLV,cav,not_applicable,8145.0000000267355,0.0,29.999999988857752,4.642603812499147e-09,lane_2,mainline,,normal,none,commit
BASIC-03,basic_01_06_900_bugcheck_20260605,504,50.400000000000446,B03_CFV,cav,not_applicable,8102.659581664745,0.0,29.947374092580063,-0.792455049900982,lane_2,mainline,,normal,none,commit
BASIC-03,basic_01_06_900_bugcheck_20260605,504,50.400000000000446,B03_TLV_CFV,cav,not_applicable,8096.244167298058,3.5,30.03553059582352,0.364777161232133,lane_1,mainline,,normal,none,commit
BASIC-03,basic_01_06_900_bugcheck_20260605,504,50.400000000000446,B03_TLV_CLV,cav,not_applicable,8138.620000044554,3.5,29.99999998143595,7.735020801646898e-09,lane_1,mainline,,normal,none,commit
BASIC-03,basic_01_06_900_bugcheck_20260605,505,50.50000000000045,B03_MV,cav,not_applicable,7235.86725279024,-3.5,2.481509289187104,4.0,on_ramp,on_ramp_mv,,normal,not_started,commit
BASIC-03,basic_01_06_900_bugcheck_20260605,505,50.50000000000045,B03_CLV,cav,not_applicable,8148.000000025666,0.0,29.999999989303443,4.45689920525183e-09,lane_2,mainline,,normal,none,commit
BASIC-03,basic_01_06_900_bugcheck_20260605,505,50.50000000000045,B03_CFV,cav,not_applicable,8105.65510807814,0.0,29.9552641339518,0.07890041371737844,lane_2,mainline,,normal,none,commit
BASIC-03,basic_01_06_900_bugcheck_20260605,505,50.50000000000045,B03_TLV_CFV,cav,not_applicable,8099.239795807141,3.5,29.956285090833422,-0.792455049900982,lane_1,mainline,,normal,none,commit
BASIC-03,basic_01_06_900_bugcheck_20260605,505,50.50000000000045,B03_TLV_CLV,cav,not_applicable,8141.6200000427725,3.5,29.99999998217851,7.425620651702048e-09,lane_1,mainline,,normal,none,commit
BASIC-03,basic_01_06_900_bugcheck_20260605,506,50.60000000000045,B03_MV,cav,not_applicable,7236.109471777365,-3.5,2.422189871251694,4.0,on_ramp,on_ramp_mv,,normal,not_started,commit
BASIC-03,basic_01_06_900_bugcheck_20260605,506,50.60000000000045,B03_CLV,cav,not_applicable,8151.000000024639,0.0,29.999999989731307,4.278622611764149e-09,lane_2,mainline,,normal,none,commit
BASIC-03,basic_01_06_900_bugcheck_20260605,506,50.60000000000045,B03_CFV,cav,not_applicable,8108.658552767647,0.0,30.034446895074133,0.7918276112233097,lane_2,mainline,,normal,none,commit
BASIC-03,basic_01_06_900_bugcheck_20260605,506,50.60000000000045,B03_TLV_CFV,cav,not_applicable,8102.2362133203615,3.5,29.96417513220516,0.07890041371737844,lane_1,mainline,,normal,none,commit
BASIC-03,basic_01_06_900_bugcheck_20260605,506,50.60000000000045,B03_TLV_CLV,cav,not_applicable,8144.620000041062,3.5,29.99999998289137,7.128595314043196e-09,lane_1,mainline,,normal,none,commit
BASIC-03,basic_01_06_900_bugcheck_20260605,507,50.70000000000045,B03_MV,cav,not_applicable,7236.345900623227,-3.5,2.3642884586245474,4.0,on_ramp,on_ramp_mv,,normal,not_started,commit
BASIC-03,basic_01_06_900_bugcheck_20260605,507,50.70000000000045,B03_CLV,cav,not_applicable,8154.000000023653,0.0,29.999999990142054,4.107477025172557e-09,lane_2,mainline,,normal,none,commit
BASIC-03,basic_01_06_900_bugcheck_20260605,507,50.70000000000045,B03_CFV,cav,not_applicable,8111.6575669557915,0.0,29.99014188144695,-0.44305013627183754,lane_2,mainline,,normal,none,commit
BASIC-03,basic_01_06_900_bugcheck_20260605,507,50.70000000000045,B03_TLV_CFV,cav,not_applicable,8105.240549109694,3.5,30.043357893327492,0.7918276112233097,lane_1,mainline,,normal,none,commit
BASIC-03,basic_01_06_900_bugcheck_20260605,507,50.70000000000045,B03_TLV_CLV,cav,not_applicable,8147.620000039419,3.5,29.999999983575716,6.843451672011725e-09,lane_1,mainline,,normal,none,commit
BASIC-03,basic_01_06_900_bugcheck_20260605,508,50.80000000000045,B03_MV,cav,not_applicable,7236.576677738676,-3.5,2.3077711544952972,4.0,on_ramp,on_ramp_mv,,normal,not_started,commit
BASIC-03,basic_01_06_900_bugcheck_20260605,508,50.80000000000045,B03_CLV,cav,not_applicable,8157.000000022706,0.0,29.999999990536374,3.943178228382749e-09,lane_2,mainline,,normal,none,commit
BASIC-03,basic_01_06_900_bugcheck_20260605,508,50.80000000000045,B03_CFV,cav,not_applicable,8114.660228915549,0.0,30.02661959757016,0.364777161232133,lane_2,mainline,,normal,none,commit
BASIC-03,basic_01_06_900_bugcheck_20260605,508,50.80000000000045,B03_TLV_CFV,cav,not_applicable,8108.2404543976645,3.5,29.999052879700308,-0.44305013627183754,lane_1,mainline,,normal,none,commit
BASIC-03,basic_01_06_900_bugcheck_20260605,508,50.80000000000045,B03_TLV_CLV,cav,not_applicable,8150.620000037842,3.5,29.999999984232687,6.569713661974674e-09,lane_1,mainline,,normal,none,commit
BASIC-03,basic_01_06_900_bugcheck_20260605,509,50.90000000000045,B03_MV,cav,not_applicable,7236.801938225911,-3.5,2.252604872342387,4.0,on_ramp,on_ramp_mv,,normal,not_started,commit
BASIC-03,basic_01_06_900_bugcheck_20260605,509,50.90000000000045,B03_CLV,cav,not_applicable,8160.000000021798,0.0,29.99999999091492,3.7854505308132506e-09,lane_2,mainline,,normal,none,commit
BASIC-03,basic_01_06_900_bugcheck_20260605,509,50.90000000000045,B03_CFV,cav,not_applicable,8117.654966324807,0.0,29.947374092580063,-0.792455049900982,lane_2,mainline,,normal,none,commit
BASIC-03,basic_01_06_900_bugcheck_20260605,509,50.90000000000045,B03_TLV_CFV,cav,not_applicable,8111.244007457247,3.5,30.03553059582352,0.364777161232133,lane_1,mainline,,normal,none,commit
BASIC-03,basic_01_06_900_bugcheck_20260605,509,50.90000000000045,B03_TLV_CLV,cav,not_applicable,8153.620000036329,3.5,29.99999998486338,6.306925115495688e-09,lane_1,mainline,,normal,none,commit
BASIC-03,basic_01_06_900_bugcheck_20260605,510,51.000000000000455,B03_MV,cav,not_applicable,7237.021813957567,-3.5,2.198757316563292,4.0,on_ramp,on_ramp_mv,,normal,not_started,commit
BASIC-03,basic_01_06_900_bugcheck_20260605,510,51.000000000000455,B03_CLV,cav,not_applicable,8163.000000020926,0.0,29.999999991278322,3.6340324527373016e-09,lane_2,mainline,,normal,none,commit
BASIC-03,basic_01_06_900_bugcheck_20260605,510,51.000000000000455,B03_CFV,cav,not_applicable,8120.650492738202,0.0,29.9552641339518,0.07890041371737844,lane_2,mainline,,normal,none,commit
BASIC-03,basic_01_06_900_bugcheck_20260605,510,51.000000000000455,B03_TLV_CFV,cav,not_applicable,8114.23963596633,3.5,29.956285090833422,-0.792455049900982,lane_1,mainline,,normal,none,commit
BASIC-03,basic_01_06_900_bugcheck_20260605,510,51.000000000000455,B03_TLV_CLV,cav,not_applicable,8156.620000034875,3.5,29.999999985468843,6.054648338249535e-09,lane_1,mainline,,normal,none,commit
BASIC-03,basic_01_06_900_bugcheck_20260605,511,51.100000000000456,B03_MV,cav,not_applicable,7237.236433653924,-3.5,2.146196963568473,4.0,on_ramp,on_ramp_mv,,normal,not_started,commit
BASIC-03,basic_01_06_900_bugcheck_20260605,511,51.100000000000456,B03_CLV,cav,not_applicable,8166.000000020088,0.0,29.999999991627188,3.488671040940972e-09,lane_2,mainline,,normal,none,commit
BASIC-03,basic_01_06_900_bugcheck_20260605,511,51.100000000000456,B03_CFV,cav,not_applicable,8123.653937427709,0.0,30.034446895074133,0.7918276112233097,lane_2,mainline,,normal,none,commit
BASIC-03,basic_01_06_900_bugcheck_20260605,511,51.100000000000456,B03_TLV_CFV,cav,not_applicable,8117.236053479551,3.5,29.96417513220516,0.07890041371737844,lane_1,mainline,,normal,none,commit
BASIC-03,basic_01_06_900_bugcheck_20260605,511,51.100000000000456,B03_TLV_CLV,cav,not_applicable,8159.62000003348,3.5,29.99999998605009,5.812462688936648e-09,lane_1,mainline,,normal,none,commit
BASIC-03,basic_01_06_900_bugcheck_20260605,512,51.20000000000046,B03_MV,cav,not_applicable,7237.445922958256,-3.5,2.0948930433260236,4.0,on_ramp,on_ramp_mv,,normal,not_started,commit
BASIC-03,basic_01_06_900_bugcheck_20260605,512,51.20000000000046,B03_CLV,cav,not_applicable,8169.000000019284,0.0,29.9999999919621,3.3491247108941026e-09,lane_2,mainline,,normal,none,commit
BASIC-03,basic_01_06_900_bugcheck_20260605,512,51.20000000000046,B03_CFV,cav,not_applicable,8126.652951615853,0.0,29.99014188144695,-0.44305013627183754,lane_2,mainline,,normal,none,commit
BASIC-03,basic_01_06_900_bugcheck_20260605,512,51.20000000000046,B03_TLV_CFV,cav,not_applicable,8120.2403892688835,3.5,30.043357893327492,0.7918276112233097,lane_1,mainline,,normal,none,commit
BASIC-03,basic_01_06_900_bugcheck_20260605,512,51.20000000000046,B03_TLV_CLV,cav,not_applicable,8162.620000032141,3.5,29.999999986608085,5.579964579283115e-09,lane_1,mainline,,normal,none,commit
BASIC-03,basic_01_06_900_bugcheck_20260605,513,51.30000000000046,B03_MV,cav,not_applicable,7237.650404510391,-3.5,2.0448155213485335,4.0,on_ramp,on_ramp_mv,,normal,not_started,commit
BASIC-03,basic_01_06_900_bugcheck_20260605,513,51.30000000000046,B03_CLV,cav,not_applicable,8172.000000018513,0.0,29.999999992283616,3.215160404579365e-09,lane_2,mainline,,normal,none,commit
BASIC-03,basic_01_06_900_bugcheck_20260605,513,51.30000000000046,B03_CFV,cav,not_applicable,8129.655613575611,0.0,30.02661959757016,0.364777161232133,lane_2,mainline,,normal,none,commit
BASIC-03,basic_01_06_900_bugcheck_20260605,513,51.30000000000046,B03_TLV_CFV,cav,not_applicable,8123.240294556854,3.5,29.999052879700308,-0.44305013627183754,lane_1,mainline,,normal,none,commit
BASIC-03,basic_01_06_900_bugcheck_20260605,513,51.30000000000046,B03_TLV_CLV,cav,not_applicable,8165.620000030855,3.5,29.999999987143763,5.356766052955209e-09,lane_1,mainline,,normal,none,commit
BASIC-03,basic_01_06_900_bugcheck_20260605,514,51.40000000000046,B03_MV,cav,not_applicable,7237.849998018502,-3.5,1.995935081109988,4.0,on_ramp,on_ramp_mv,,normal,not_started,commit
BASIC-03,basic_01_06_900_bugcheck_20260605,514,51.40000000000046,B03_CLV,cav,not_applicable,8175.000000017772,0.0,29.999999992592272,3.0865535904922584e-09,lane_2,mainline,,normal,none,commit
BASIC-03,basic_01_06_900_bugcheck_20260605,514,51.40000000000046,B03_CFV,cav,not_applicable,8132.650350984869,0.0,29.947374092580063,-0.792455049900982,lane_2,mainline,,normal,none,commit
BASIC-03,basic_01_06_900_bugcheck_20260605,514,51.40000000000046,B03_TLV_CFV,cav,not_applicable,8126.243847616436,3.5,30.03553059582352,0.364777161232133,lane_1,mainline,,normal,none,commit
BASIC-03,basic_01_06_900_bugcheck_20260605,514,51.40000000000046,B03_TLV_CLV,cav,not_applicable,8168.620000029621,3.5,29.99999998765801,5.142494785559393e-09,lane_1,mainline,,normal,none,commit
BASIC-03,basic_01_06_900_bugcheck_20260605,515,51.50000000000046,B03_MV,cav,not_applicable,7238.044820329191,-3.5,1.9482231068835747,4.0,on_ramp,on_ramp_mv,,normal,not_started,commit
BASIC-03,basic_01_06_900_bugcheck_20260605,515,51.50000000000046,B03_CLV,cav,not_applicable,8178.000000017061,0.0,29.999999992888583,2.9630911058120546e-09,lane_2,mainline,,normal,none,commit
BASIC-03,basic_01_06_900_bugcheck_20260605,515,51.50000000000046,B03_CFV,cav,not_applicable,8135.645877398264,0.0,29.9552641339518,0.07890041371737844,lane_2,mainline,,normal,none,commit
BASIC-03,basic_01_06_900_bugcheck_20260605,515,51.50000000000046,B03_TLV_CFV,cav,not_applicable,8129.239476125519,3.5,29.956285090833422,-0.792455049900982,lane_1,mainline,,normal,none,commit
BASIC-03,basic_01_06_900_bugcheck_20260605,515,51.50000000000046,B03_TLV_CLV,cav,not_applicable,8171.620000028436,3.5,29.99999998815169,4.936795505727787e-09,lane_1,mainline,,normal,none,commit
BASIC-03,basic_01_06_900_bugcheck_20260605,516,51.60000000000046,B03_MV,cav,not_applicable,7238.234985495889,-3.5,1.901651666989311,4.0,on_ramp,on_ramp_mv,,normal,not_started,commit
BASIC-03,basic_01_06_900_bugcheck_20260605,516,51.60000000000046,B03_CLV,cav,not_applicable,8181.000000016378,0.0,29.999999993173038,2.844566893145384e-09,lane_2,mainline,,normal,none,commit
BASIC-03,basic_01_06_900_bugcheck_20260605,516,51.60000000000046,B03_CFV,cav,not_applicable,8138.649322087771,0.0,30.034446895074133,0.7918276112233097,lane_2,mainline,,normal,none,commit
BASIC-03,basic_01_06_900_bugcheck_20260605,516,51.60000000000046,B03_TLV_CFV,cav,not_applicable,8132.23589363874,3.5,29.96417513220516,0.07890041371737844,lane_1,mainline,,normal,none,commit
BASIC-03,basic_01_06_900_bugcheck_20260605,516,51.60000000000046,B03_TLV_CLV,cav,not_applicable,8174.620000027298,3.5,29.99999998862562,4.7393243107762835e-09,lane_1,mainline,,normal,none,commit
BASIC-03,basic_01_06_900_bugcheck_20260605,517,51.700000000000465,B03_MV,cav,not_applicable,7238.4206048456335,-3.5,1.8561934974419247,4.0,on_ramp,on_ramp_mv,,normal,not_started,commit
BASIC-03,basic_01_06_900_bugcheck_20260605,517,51.700000000000465,B03_CLV,cav,not_applicable,8184.000000015722,0.0,29.999999993446117,2.7307848426971762e-09,lane_2,mainline,,normal,none,commit
BASIC-03,basic_01_06_900_bugcheck_20260605,517,51.700000000000465,B03_CFV,cav,not_applicable,8141.648336275915,0.0,29.99014188144695,-0.44305013627183754,lane_2,mainline,,normal,none,commit
BASIC-03,basic_01_06_900_bugcheck_20260605,517,51.700000000000465,B03_TLV_CFV,cav,not_applicable,8135.240229428073,3.5,30.043357893327492,0.7918276112233097,lane_1,mainline,,normal,none,commit
BASIC-03,basic_01_06_900_bugcheck_20260605,517,51.700000000000465,B03_TLV_CLV,cav,not_applicable,8177.620000026206,3.5,29.999999989080596,4.549751508875489e-09,lane_1,mainline,,normal,none,commit
BASIC-03,basic_01_06_900_bugcheck_20260605,518,51.800000000000466,B03_MV,cav,not_applicable,7238.601787044233,-3.5,1.8118219859898548,4.0,on_ramp,on_ramp_mv,,normal,not_started,commit
BASIC-03,basic_01_06_900_bugcheck_20260605,518,51.800000000000466,B03_CLV,cav,not_applicable,8187.000000015093,0.0,29.999999993708272,2.621553107928776e-09,lane_2,mainline,,normal,none,commit
BASIC-03,basic_01_06_900_bugcheck_20260605,518,51.800000000000466,B03_CFV,cav,not_applicable,8144.650998235673,0.0,30.02661959757016,0.364777161232133,lane_2,mainline,,normal,none,commit
BASIC-03,basic_01_06_900_bugcheck_20260605,518,51.800000000000466,B03_TLV_CFV,cav,not_applicable,8138.240134716043,3.5,29.999052879700308,-0.44305013627183754,lane_1,mainline,,normal,none,commit
BASIC-03,basic_01_06_900_bugcheck_20260605,518,51.800000000000466,B03_TLV_CLV,cav,not_applicable,8180.620000025157,3.5,29.999999989517374,4.3677616190507255e-09,lane_1,mainline,,normal,none,commit
BASIC-03,basic_01_06_900_bugcheck_20260605,519,51.90000000000047,B03_MV,cav,not_applicable,7238.778638159886,-3.5,1.7685111565362464,4.0,on_ramp,on_ramp_mv,,normal,not_started,commit
BASIC-03,basic_01_06_900_bugcheck_20260605,519,51.90000000000047,B03_CLV,cav,not_applicable,8190.000000014489,0.0,29.999999993959943,2.5166912109853005e-09,lane_2,mainline,,normal,none,commit
BASIC-03,basic_01_06_900_bugcheck_20260605,519,51.90000000000047,B03_CFV,cav,not_applicable,8147.645735644931,0.0,29.947374092580063,-0.792455049900982,lane_2,mainline,,normal,none,commit
BASIC-03,basic_01_06_900_bugcheck_20260605,519,51.90000000000047,B03_TLV_CFV,cav,not_applicable,8141.243687775625,3.5,30.03553059582352,0.364777161232133,lane_1,mainline,,normal,none,commit
BASIC-03,basic_01_06_900_bugcheck_20260605,519,51.90000000000047,B03_TLV_CLV,cav,not_applicable,8183.6200000241515,3.5,29.99999998993668,4.193050529011089e-09,lane_1,mainline,,normal,none,commit
BASIC-03,basic_01_06_900_bugcheck_20260605,520,52.00000000000047,B03_MV,cav,not_applicable,7238.951261725279,-3.5,1.726235653931932,4.0,on_ramp,on_ramp_mv,,normal,not_started,commit
BASIC-03,basic_01_06_900_bugcheck_20260605,520,52.00000000000047,B03_CLV,cav,not_applicable,8193.00000001391,0.0,29.999999994201545,2.4160229372682807e-09,lane_2,mainline,,normal,none,commit
BASIC-03,basic_01_06_900_bugcheck_20260605,520,52.00000000000047,B03_CFV,cav,not_applicable,8150.641262058326,0.0,29.9552641339518,0.07890041371737844,lane_2,mainline,,normal,none,commit
BASIC-03,basic_01_06_900_bugcheck_20260605,520,52.00000000000047,B03_TLV_CFV,cav,not_applicable,8144.239316284708,3.5,29.956285090833422,-0.792455049900982,lane_1,mainline,,normal,none,commit
BASIC-03,basic_01_06_900_bugcheck_20260605,520,52.00000000000047,B03_TLV_CLV,cav,not_applicable,8186.620000023186,3.5,29.999999990339212,4.025328337320388e-09,lane_1,mainline,,normal,none,commit
BASIC-03,basic_01_06_900_bugcheck_20260605,521,52.10000000000047,B03_MV,cav,not_applicable,7239.119758798192,-3.5,1.6849707291312745,4.0,on_ramp,on_ramp_mv,,normal,not_started,commit
BASIC-03,basic_01_06_900_bugcheck_20260605,521,52.10000000000047,B03_CLV,cav,not_applicable,8196.000000013353,0.0,29.999999994433484,2.3193820197775494e-09,lane_2,mainline,,normal,none,commit
BASIC-03,basic_01_06_900_bugcheck_20260605,521,52.10000000000047,B03_CFV,cav,not_applicable,8153.644706747833,0.0,30.034446895074133,0.7918276112233097,lane_2,mainline,,normal,none,commit
BASIC-03,basic_01_06_900_bugcheck_20260605,521,52.10000000000047,B03_TLV_CFV,cav,not_applicable,8147.235733797929,3.5,29.96417513220516,0.07890041371737844,lane_1,mainline,,normal,none,commit
BASIC-03,basic_01_06_900_bugcheck_20260605,521,52.10000000000047,B03_TLV_CLV,cav,not_applicable,8189.620000022258,3.5,29.999999990725644,3.864315090140735e-09,lane_1,mainline,,normal,none,commit
BASIC-03,basic_01_06_900_bugcheck_20260605,522,52.20000000000047,B03_MV,cav,not_applicable,7239.284228020663,-3.5,1.6446922247043443,4.0,on_ramp,on_ramp_mv,,normal,not_started,commit
BASIC-03,basic_01_06_900_bugcheck_20260605,522,52.20000000000047,B03_CLV,cav,not_applicable,8199.000000012818,0.0,29.999999994656143,2.226606454769353e-09,lane_2,mainline,,normal,none,commit
BASIC-03,basic_01_06_900_bugcheck_20260605,522,52.20000000000047,B03_CFV,cav,not_applicable,8156.643720935977,0.0,29.99014188144695,-0.44305013627183754,lane_2,mainline,,normal,none,commit
BASIC-03,basic_01_06_900_bugcheck_20260605,522,52.20000000000047,B03_TLV_CFV,cav,not_applicable,8150.240069587262,3.5,30.043357893327492,0.7918276112233097,lane_1,mainline,,normal,none,commit
BASIC-03,basic_01_06_900_bugcheck_20260605,522,52.20000000000047,B03_TLV_CLV,cav,not_applicable,8192.620000021368,3.5,29.99999999109662,3.709742202318012e-09,lane_1,mainline,,normal,none,commit
BASIC-03,basic_01_06_900_bugcheck_20260605,523,52.30000000000047,B03_MV,cav,not_applicable,7239.4447656767325,-3.5,1.6053765606939108,4.0,on_ramp,on_ramp_mv,,normal,not_started,commit
BASIC-03,basic_01_06_900_bugcheck_20260605,523,52.30000000000047,B03_CLV,cav,not_applicable,8202.000000012305,0.0,29.999999994869896,2.137542765012768e-09,lane_2,mainline,,normal,none,commit
BASIC-03,basic_01_06_900_bugcheck_20260605,523,52.30000000000047,B03_CFV,cav,not_applicable,8159.646382895735,0.0,30.02661959757016,0.364777161232133,lane_2,mainline,,normal,none,commit
BASIC-03,basic_01_06_900_bugcheck_20260605,523,52.30000000000047,B03_TLV_CFV,cav,not_applicable,8153.239974875232,3.5,29.999052879700308,-0.44305013627183754,lane_1,mainline,,normal,none,commit
BASIC-03,basic_01_06_900_bugcheck_20260605,523,52.30000000000047,B03_TLV_CLV,cav,not_applicable,8195.620000020514,3.5,29.999999991452754,3.5613524573818726e-09,lane_1,mainline,,normal,none,commit
BASIC-03,basic_01_06_900_bugcheck_20260605,524,52.400000000000475,B03_MV,cav,not_applicable,7239.601465748814,-3.5,1.5670007208120298,4.0,on_ramp,on_ramp_mv,,normal,not_started,commit
BASIC-03,basic_01_06_900_bugcheck_20260605,524,52.400000000000475,B03_CLV,cav,not_applicable,8205.000000011813,0.0,29.9999999950751,2.0520417365332833e-09,lane_2,mainline,,normal,none,commit
BASIC-03,basic_01_06_900_bugcheck_20260605,524,52.400000000000475,B03_CFV,cav,not_applicable,8162.641120304993,0.0,29.947374092580063,-0.792455049900982,lane_2,mainline,,normal,none,commit
BASIC-03,basic_01_06_900_bugcheck_20260605,524,52.400000000000475,B03_TLV_CFV,cav,not_applicable,8156.243527934815,3.5,30.03553059582352,0.364777161232133,lane_1,mainline,,normal,none,commit
BASIC-03,basic_01_06_900_bugcheck_20260605,524,52.400000000000475,B03_TLV_CLV,cav,not_applicable,8198.620000019693,3.5,29.999999991794642,3.418898586460273e-09,lane_1,mainline,,normal,none,commit
BASIC-03,basic_01_06_900_bugcheck_20260605,525,52.500000000000476,B03_MV,cav,not_applicable,7239.754419972711,-3.5,1.5295422389647042,4.0,on_ramp,on_ramp_mv,,normal,not_started,commit
BASIC-03,basic_01_06_900_bugcheck_20260605,525,52.500000000000476,B03_CLV,cav,not_applicable,8208.00000001134,0.0,29.999999995272095,1.9699598396982766e-09,lane_2,mainline,,normal,none,commit
BASIC-03,basic_01_06_900_bugcheck_20260605,525,52.500000000000476,B03_CFV,cav,not_applicable,8165.636646718388,0.0,29.9552641339518,0.07890041371737844,lane_2,mainline,,normal,none,commit
BASIC-03,basic_01_06_900_bugcheck_20260605,525,52.500000000000476,B03_TLV_CFV,cav,not_applicable,8159.239156443898,3.5,29.956285090833422,-0.792455049900982,lane_1,mainline,,normal,none,commit
BASIC-03,basic_01_06_900_bugcheck_20260605,525,52.500000000000476,B03_TLV_CLV,cav,not_applicable,8201.620000018906,3.5,29.999999992122856,3.2821432682794696e-09,lane_1,mainline,,normal,none,commit
BASIC-03,basic_01_06_900_bugcheck_20260605,526,52.60000000000048,B03_MV,cav,not_applicable,7239.903717891321,-3.5,1.4929791861007022,4.0,on_ramp,on_ramp_mv,,normal,not_started,commit
BASIC-03,basic_01_06_900_bugcheck_20260605,526,52.60000000000048,B03_CLV,cav,not_applicable,8211.000000010885,0.0,29.99999999546121,1.891162071387953e-09,lane_2,mainline,,normal,none,commit
BASIC-03,basic_01_06_900_bugcheck_20260605,526,52.60000000000048,B03_CFV,cav,not_applicable,8168.640091407895,0.0,30.034446895074133,0.7918276112233097,lane_2,mainline,,normal,none,commit
BASIC-03,basic_01_06_900_bugcheck_20260605,526,52.60000000000048,B03_TLV_CFV,cav,not_applicable,8162.2355739571185,3.5,29.96417513220516,0.07890041371737844,lane_1,mainline,,normal,none,commit
BASIC-03,basic_01_06_900_bugcheck_20260605,526,52.60000000000048,B03_TLV_CLV,cav,not_applicable,8204.620000018149,3.5,29.999999992437942,3.1508577080785475e-09,lane_1,mainline,,normal,none,commit
BASIC-03,basic_01_06_900_bugcheck_20260605,527,52.70000000000048,B03_MV,cav,not_applicable,7240.049446907059,-3.5,1.4572901573732326,4.0,on_ramp,on_ramp_mv,,normal,not_started,commit
BASIC-03,basic_01_06_900_bugcheck_20260605,527,52.70000000000048,B03_CLV,cav,not_applicable,8214.000000010448,0.0,29.99999999564276,1.8155162706534612e-09,lane_2,mainline,,normal,none,commit
BASIC-03,basic_01_06_900_bugcheck_20260605,527,52.70000000000048,B03_CFV,cav,not_applicable,8171.639105596039,0.0,29.99014188144695,-0.44305013627183754,lane_2,mainline,,normal,none,commit
BASIC-03,basic_01_06_900_bugcheck_20260605,527,52.70000000000048,B03_TLV_CFV,cav,not_applicable,8165.239909746451,3.5,30.043357893327492,0.7918276112233097,lane_1,mainline,,normal,none,commit
BASIC-03,basic_01_06_900_bugcheck_20260605,527,52.70000000000048,B03_TLV_CLV,cav,not_applicable,8207.620000017423,3.5,29.999999992740424,3.024823058694892e-09,lane_1,mainline,,normal,none,commit
BASIC-03,basic_01_06_900_bugcheck_20260605,528,52.80000000000048,B03_MV,cav,not_applicable,7240.19169233302,-3.5,1.4224542596092542,4.0,on_ramp,on_ramp_mv,,normal,not_started,commit
BASIC-03,basic_01_06_900_bugcheck_20260605,528,52.80000000000048,B03_CLV,cav,not_applicable,8217.00000001003,0.0,29.99999999581705,1.742895960887836e-09,lane_2,mainline,,normal,none,commit
BASIC-03,basic_01_06_900_bugcheck_20260605,528,52.80000000000048,B03_CFV,cav,not_applicable,8174.641767555797,0.0,30.02661959757016,0.364777161232133,lane_2,mainline,,normal,none,commit
BASIC-03,basic_01_06_900_bugcheck_20260605,528,52.80000000000048,B03_TLV_CFV,cav,not_applicable,8168.239815034422,3.5,29.999052879700308,-0.44305013627183754,lane_1,mainline,,normal,none,commit
BASIC-03,basic_01_06_900_bugcheck_20260605,528,52.80000000000048,B03_TLV_CLV,cav,not_applicable,8210.620000016726,3.5,29.99999999303081,2.903830420564191e-09,lane_1,mainline,,normal,none,commit
BASIC-03,basic_01_06_900_bugcheck_20260605,529,52.90000000000048,B03_MV,cav,not_applicable,7240.330537442927,-3.5,1.3884510990781604,4.0,on_ramp,on_ramp_mv,,normal,not_started,commit
BASIC-03,basic_01_06_900_bugcheck_20260605,529,52.90000000000048,B03_CLV,cav,not_applicable,8220.000000009628,0.0,29.999999995984368,1.673180349825998e-09,lane_2,mainline,,normal,none,commit
BASIC-03,basic_01_06_900_bugcheck_20260605,529,52.90000000000048,B03_CFV,cav,not_applicable,8177.636504965055,0.0,29.947374092580063,-0.792455049900982,lane_2,mainline,,normal,none,commit
BASIC-03,basic_01_06_900_bugcheck_20260605,529,52.90000000000048,B03_TLV_CFV,cav,not_applicable,8171.243368094004,3.5,30.03553059582352,0.364777161232133,lane_1,mainline,,normal,none,commit
BASIC-03,basic_01_06_900_bugcheck_20260605,529,52.90000000000048,B03_TLV_CLV,cav,not_applicable,8213.620000016057,3.5,29.999999993309576,2.787676578464016e-09,lane_1,mainline,,normal,none,commit
BASIC-03,basic_01_06_900_bugcheck_20260605,530,53.00000000000048,B03_MV,cav,not_applicable,7240.4660635198825,-3.5,1.3552607695526648,4.0,on_ramp,on_ramp_mv,,normal,not_started,commit
BASIC-03,basic_01_06_900_bugcheck_20260605,530,53.00000000000048,B03_CLV,cav,not_applicable,8223.000000009242,0.0,29.999999996144993,1.6062529084592825e-09,lane_2,mainline,,normal,none,commit
BASIC-03,basic_01_06_900_bugcheck_20260605,530,53.00000000000048,B03_CFV,cav,not_applicable,8180.63203137845,0.0,29.9552641339518,0.07890041371737844,lane_2,mainline,,normal,none,commit
BASIC-03,basic_01_06_900_bugcheck_20260605,530,53.00000000000048,B03_TLV_CFV,cav,not_applicable,8174.238996603087,3.5,29.956285090833422,-0.792455049900982,lane_1,mainline,,normal,none,commit
BASIC-03,basic_01_06_900_bugcheck_20260605,530,53.00000000000048,B03_TLV_CLV,cav,not_applicable,8216.620000015415,3.5,29.99999999357719,2.6761696858557117e-09,lane_1,mainline,,normal,none,commit
BASIC-03,basic_01_06_900_bugcheck_20260605,531,53.100000000000485,B03_MV,cav,not_applicable,7240.598349903948,-3.5,1.3228638406551463,4.0,on_ramp,on_ramp_mv,,normal,not_started,commit
BASIC-03,basic_01_06_900_bugcheck_20260605,531,53.100000000000485,B03_CLV,cav,not_applicable,8226.000000008873,0.0,29.999999996299195,1.5420027921209112e-09,lane_2,mainline,,normal,none,commit
BASIC-03,basic_01_06_900_bugcheck_20260605,531,53.100000000000485,B03_CFV,cav,not_applicable,8183.635476067957,0.0,30.034446895074133,0.7918276112233097,lane_2,mainline,,normal,none,commit
BASIC-03,basic_01_06_900_bugcheck_20260605,531,53.100000000000485,B03_TLV_CFV,cav,not_applicable,8177.235414116308,3.5,29.96417513220516,0.07890041371737844,lane_1,mainline,,normal,none,commit
BASIC-03,basic_01_06_900_bugcheck_20260605,531,53.100000000000485,B03_TLV_CLV,cav,not_applicable,8219.620000014798,3.5,29.999999993834102,2.5691235805425094e-09,lane_1,mainline,,normal,none,commit
BASIC-03,basic_01_06_900_bugcheck_20260605,532,53.200000000000486,B03_MV,cav,not_applicable,7240.727474038596,-3.5,1.2912413464831494,4.0,on_ramp,on_ramp_mv,,normal,not_started,commit
BASIC-03,basic_01_06_900_bugcheck_20260605,532,53.200000000000486,B03_CLV,cav,not_applicable,8229.000000008518,0.0,29.999999996447226,1.4803219983150485e-09,lane_2,mainline,,normal,none,commit
BASIC-03,basic_01_06_900_bugcheck_20260605,532,53.200000000000486,B03_CFV,cav,not_applicable,8186.634490256101,0.0,29.99014188144695,-0.44305013627183754,lane_2,mainline,,normal,none,commit
BASIC-03,basic_01_06_900_bugcheck_20260605,532,53.200000000000486,B03_TLV_CFV,cav,not_applicable,8180.239749905641,3.5,30.043357893327492,0.7918276112233097,lane_1,mainline,,normal,none,commit
BASIC-03,basic_01_06_900_bugcheck_20260605,532,53.200000000000486,B03_TLV_CLV,cav,not_applicable,8222.620000014207,3.5,29.99999999408074,2.4663592057549978e-09,lane_1,mainline,,normal,none,commit
BASIC-03,basic_01_06_900_bugcheck_20260605,533,53.30000000000049,B03_MV,cav,not_applicable,7240.853511516046,-3.5,1.26037477450578,4.0,on_ramp,on_ramp_mv,,normal,not_started,commit
BASIC-03,basic_01_06_900_bugcheck_20260605,533,53.30000000000049,B03_CLV,cav,not_applicable,8232.000000008176,0.0,29.999999996589338,1.4211096299732164e-09,lane_2,mainline,,normal,none,commit
BASIC-03,basic_01_06_900_bugcheck_20260605,533,53.30000000000049,B03_CFV,cav,not_applicable,8189.637152215859,0.0,30.02661959757016,0.364777161232133,lane_2,mainline,,normal,none,commit
BASIC-03,basic_01_06_900_bugcheck_20260605,533,53.30000000000049,B03_TLV_CFV,cav,not_applicable,8183.239655193611,3.5,29.999052879700308,-0.44305013627183754,lane_1,mainline,,normal,none,commit
BASIC-03,basic_01_06_900_bugcheck_20260605,533,53.30000000000049,B03_TLV_CLV,cav,not_applicable,8225.62000001364,3.5,29.99999999431751,2.3677046101511227e-09,lane_1,mainline,,normal,none,commit
BASIC-03,basic_01_06_900_bugcheck_20260605,534,53.40000000000049,B03_MV,cav,not_applicable,7240.976536121519,-3.5,1.2302460547264273,4.0,on_ramp,on_ramp_mv,,normal,not_started,commit
BASIC-03,basic_01_06_900_bugcheck_20260605,534,53.40000000000049,B03_CLV,cav,not_applicable,8235.000000007849,0.0,29.999999996725766,1.3642647900269368e-09,lane_2,mainline,,normal,none,commit
BASIC-03,basic_01_06_900_bugcheck_20260605,534,53.40000000000049,B03_CFV,cav,not_applicable,8192.631889625116,0.0,29.947374092580063,-0.792455049900982,lane_2,mainline,,normal,none,commit
BASIC-03,basic_01_06_900_bugcheck_20260605,534,53.40000000000049,B03_TLV_CFV,cav,not_applicable,8186.243208253193,3.5,30.03553059582352,0.364777161232133,lane_1,mainline,,normal,none,commit
BASIC-03,basic_01_06_900_bugcheck_20260605,534,53.40000000000049,B03_TLV_CLV,cav,not_applicable,8228.620000013094,3.5,29.999999994544808,2.272996368901659e-09,lane_1,mainline,,normal,none,commit
BASIC-03,basic_01_06_900_bugcheck_20260605,535,53.50000000000049,B03_MV,cav,not_applicable,7241.096619876429,-3.5,1.200837549103772,4.0,on_ramp,on_ramp_mv,,normal,not_started,commit
BASIC-03,basic_01_06_900_bugcheck_20260605,535,53.50000000000049,B03_CLV,cav,not_applicable,8238.000000007534,0.0,29.999999996856737,1.3096936868350895e-09,lane_2,mainline,,normal,none,commit
BASIC-03,basic_01_06_900_bugcheck_20260605,535,53.50000000000049,B03_CFV,cav,not_applicable,8195.627416038511,0.0,29.9552641339518,0.07890041371737844,lane_2,mainline,,normal,none,commit
BASIC-03,basic_01_06_900_bugcheck_20260605,535,53.50000000000049,B03_TLV_CFV,cav,not_applicable,8189.238836762276,3.5,29.956285090833422,-0.792455049900982,lane_1,mainline,,normal,none,commit
BASIC-03,basic_01_06_900_bugcheck_20260605,535,53.50000000000049,B03_TLV_CLV,cav,not_applicable,8231.62000001257,3.5,29.999999994763016,2.1820767415192677e-09,lane_1,mainline,,normal,none,commit
BASIC-03,basic_01_06_900_bugcheck_20260605,536,53.60000000000049,B03_MV,cav,not_applicable,7241.213833080552,-3.5,1.1721320412267273,4.0,on_ramp,on_ramp_mv,,normal,not_started,commit
BASIC-03,basic_01_06_900_bugcheck_20260605,536,53.60000000000049,B03_CLV,cav,not_applicable,8241.000000007232,0.0,29.999999996982467,1.2573053709274973e-09,lane_2,mainline,,normal,none,commit
BASIC-03,basic_01_06_900_bugcheck_20260605,536,53.60000000000049,B03_CFV,cav,not_applicable,8198.630860728019,0.0,30.034446895074133,0.7918276112233097,lane_2,mainline,,normal,none,commit
BASIC-03,basic_01_06_900_bugcheck_20260605,536,53.60000000000049,B03_TLV_CFV,cav,not_applicable,8192.235254275496,3.5,29.96417513220516,0.07890041371737844,lane_1,mainline,,normal,none,commit
BASIC-03,basic_01_06_900_bugcheck_20260605,536,53.60000000000049,B03_TLV_CLV,cav,not_applicable,8234.620000012068,3.5,29.999999994972494,2.094793671858497e-09,lane_1,mainline,,normal,none,commit
BASIC-03,basic_01_06_900_bugcheck_20260605,537,53.70000000000049,B03_MV,cav,not_applicable,7241.328244353175,-3.5,1.1441127262348412,4.0,on_ramp,on_ramp_mv,,normal,not_started,commit
BASIC-03,basic_01_06_900_bugcheck_20260605,537,53.70000000000049,B03_CLV,cav,not_applicable,8244.000000006943,0.0,29.999999997103167,1.2070131560903974e-09,lane_2,mainline,,normal,none,commit
BASIC-03,basic_01_06_900_bugcheck_20260605,537,53.70000000000049,B03_CFV,cav,not_applicable,8201.629874916163,0.0,29.99014188144695,-0.44305013627183754,lane_2,mainline,,normal,none,commit
BASIC-03,basic_01_06_900_bugcheck_20260605,537,53.70000000000049,B03_TLV_CFV,cav,not_applicable,8195.239590064828,3.5,30.043357893327492,0.7918276112233097,lane_1,mainline,,normal,none,commit
BASIC-03,basic_01_06_900_bugcheck_20260605,537,53.70000000000049,B03_TLV_CLV,cav,not_applicable,8237.620000011586,3.5,29.999999995173596,2.0110022092012516e-09,lane_1,mainline,,normal,none,commit
BASIC-03,basic_01_06_900_bugcheck_20260605,538,53.800000000000495,B03_MV,cav,not_applicable,7241.439920673273,-3.5,1.1167632009808892,4.0,on_ramp,on_ramp_mv,,normal,not_started,commit
BASIC-03,basic_01_06_900_bugcheck_20260605,538,53.800000000000495,B03_CLV,cav,not_applicable,8247.000000006665,0.0,29.99999999721904,1.1587331982809702e-09,lane_2,mainline,,normal,none,commit
BASIC-03,basic_01_06_900_bugcheck_20260605,538,53.800000000000495,B03_CFV,cav,not_applicable,8204.63253687592,0.0,30.02661959757016,0.364777161232133,lane_2,mainline,,normal,none,commit
BASIC-03,basic_01_06_900_bugcheck_20260605,538,53.800000000000495,B03_TLV_CFV,cav,not_applicable,8198.239495352798,3.5,29.999052879700308,-0.44305013627183754,lane_1,mainline,,normal,none,commit
BASIC-03,basic_01_06_900_bugcheck_20260605,538,53.800000000000495,B03_TLV_CLV,cav,not_applicable,8240.620000011122,3.5,29.99999999536665,1.9305616660858506e-09,lane_1,mainline,,normal,none,commit
BASIC-03,basic_01_06_900_bugcheck_20260605,539,53.900000000000496,B03_MV,cav,not_applicable,7241.548927418716,-3.5,1.0900674544276232,4.0,on_ramp,on_ramp_mv,,normal,not_started,commit
BASIC-03,basic_01_06_900_bugcheck_20260605,539,53.900000000000496,B03_CLV,cav,not_applicable,8250.000000006397,0.0,29.999999997330278,1.1123844956273388e-09,lane_2,mainline,,normal,none,commit
BASIC-03,basic_01_06_900_bugcheck_20260605,539,53.900000000000496,B03_CFV,cav,not_applicable,8207.627274285178,0.0,29.947374092580063,-0.792455049900982,lane_2,mainline,,normal,none,commit
BASIC-03,basic_01_06_900_bugcheck_20260605,539,53.900000000000496,B03_TLV_CFV,cav,not_applicable,8201.24304841238,3.5,30.03553059582352,0.364777161232133,lane_1,mainline,,normal,none,commit
BASIC-03,basic_01_06_900_bugcheck_20260605,539,53.900000000000496,B03_TLV_CLV,cav,not_applicable,8243.620000010676,3.5,29.999999995551985,1.853339881563443e-09,lane_1,mainline,,normal,none,commit
BASIC-03,basic_01_06_900_bugcheck_20260605,540,54.0000000000005,B03_MV,cav,not_applicable,7241.655328404543,-3.5,1.064009858274972,4.0,on_ramp,on_ramp_mv,,normal,not_started,commit
BASIC-03,basic_01_06_900_bugcheck_20260605,540,54.0000000000005,B03_CLV,cav,not_applicable,8253.00000000614,0.0,29.999999997437065,1.0678888884285698e-09,lane_2,mainline,,normal,none,commit
BASIC-03,basic_01_06_900_bugcheck_20260605,540,54.0000000000005,B03_CFV,cav,not_applicable,8210.622800698573,0.0,29.9552641339518,0.07890041371737844,lane_2,mainline,,normal,none,commit
BASIC-03,basic_01_06_900_bugcheck_20260605,540,54.0000000000005,B03_TLV_CFV,cav,not_applicable,8204.238676921463,3.5,29.956285090833422,-0.792455049900982,lane_1,mainline,,normal,none,commit
BASIC-03,basic_01_06_900_bugcheck_20260605,540,54.0000000000005,B03_TLV_CLV,cav,not_applicable,8246.620000010249,3.5,29.999999995729905,1.7792061157706485e-09,lane_1,mainline,,normal,none,commit
BASIC-03,basic_01_06_900_bugcheck_20260605,541,54.1000000000005,B03_MV,cav,not_applicable,7241.759185920324,-3.5,1.0385751578105256,4.0,on_ramp,on_ramp_mv,,normal,not_started,commit
BASIC-03,basic_01_06_900_bugcheck_20260605,541,54.1000000000005,B03_CLV,cav,not_applicable,8256.000000005895,0.0,29.999999997539582,1.0251739013256155e-09,lane_2,mainline,,normal,none,commit
BASIC-03,basic_01_06_900_bugcheck_20260605,541,54.1000000000005,B03_CFV,cav,not_applicable,8213.62624538808,0.0,30.034446895074133,0.7918276112233097,lane_2,mainline,,normal,none,commit
BASIC-03,basic_01_06_900_bugcheck_20260605,541,54.1000000000005,B03_TLV_CFV,cav,not_applicable,8207.235094434684,3.5,29.96417513220516,0.07890041371737844,lane_1,mainline,,normal,none,commit
BASIC-03,basic_01_06_900_bugcheck_20260605,541,54.1000000000005,B03_TLV_CLV,cav,not_applicable,8249.62000000984,3.5,29.99999999590071,1.7080381553569168e-09,lane_1,mainline,,normal,none,commit
BASIC-03,basic_01_06_900_bugcheck_20260605,542,54.2000000000005,B03_MV,cav,not_applicable,7241.860560766622,-3.5,1.013748462979386,4.0,on_ramp,on_ramp_mv,,normal,not_started,commit
BASIC-03,basic_01_06_900_bugcheck_20260605,542,54.2000000000005,B03_CLV,cav,not_applicable,8259.000000005659,0.0,29.999999997638,9.841670589594288e-10,lane_2,mainline,,normal,none,commit
BASIC-03,basic_01_06_900_bugcheck_20260605,542,54.2000000000005,B03_CFV,cav,not_applicable,8216.625259576225,0.0,29.99014188144695,-0.44305013627183754,lane_2,mainline,,normal,none,commit
BASIC-03,basic_01_06_900_bugcheck_20260605,542,54.2000000000005,B03_TLV_CFV,cav,not_applicable,8210.239430224015,3.5,30.043357893327492,0.7918276112233097,lane_1,mainline,,normal,none,commit
BASIC-03,basic_01_06_900_bugcheck_20260605,542,54.2000000000005,B03_TLV_CLV,cav,not_applicable,8252.620000009447,3.5,29.99999999606468,1.6397166291426402e-09,lane_1,mainline,,normal,none,commit
BASIC-03,basic_01_06_900_bugcheck_20260605,543,54.3000000000005,B03_MV,cav,not_applicable,7241.959512290589,-3.5,0.9895152396668618,4.0,on_ramp,on_ramp_mv,,normal,not_started,commit
BASIC-03,basic_01_06_900_bugcheck_20260605,543,54.3000000000005,B03_CLV,cav,not_applicable,8262.000000005432,0.0,29.99999999773248,9.448001492273762e-10,lane_2,mainline,,normal,none,commit
BASIC-03,basic_01_06_900_bugcheck_20260605,543,54.3000000000005,B03_CFV,cav,not_applicable,8219.627921535983,0.0,30.02661959757016,0.364777161232133,lane_2,mainline,,normal,none,commit
BASIC-03,basic_01_06_900_bugcheck_20260605,543,54.3000000000005,B03_TLV_CFV,cav,not_applicable,8213.239335511986,3.5,29.999052879700308,-0.44305013627183754,lane_1,mainline,,normal,none,commit
BASIC-03,basic_01_06_900_bugcheck_20260605,543,54.3000000000005,B03_TLV_CLV,cav,not_applicable,8255.620000009068,3.5,29.999999996222094,1.574127850290097e-09,lane_1,mainline,,normal,none,commit
BASIC-03,basic_01_06_900_bugcheck_20260605,544,54.4000000000005,B03_MV,cav,not_applicable,7242.056098420709,-3.5,0.9658613011903148,4.0,on_ramp,on_ramp_mv,,normal,not_started,commit
BASIC-03,basic_01_06_900_bugcheck_20260605,544,54.4000000000005,B03_CLV,cav,not_applicable,8265.000000005213,0.0,29.99999999782318,9.070078021977679e-10,lane_2,mainline,,normal,none,commit
BASIC-03,basic_01_06_900_bugcheck_20260605,544,54.4000000000005,B03_CFV,cav,not_applicable,8222.62265894524,0.0,29.947374092580063,-0.792455049900982,lane_2,mainline,,normal,none,commit
BASIC-03,basic_01_06_900_bugcheck_20260605,544,54.4000000000005,B03_TLV_CFV,cav,not_applicable,8216.242888571567,3.5,30.03553059582352,0.364777161232133,lane_1,mainline,,normal,none,commit
BASIC-03,basic_01_06_900_bugcheck_20260605,544,54.4000000000005,B03_TLV_CLV,cav,not_applicable,8258.620000008706,3.5,29.99999999637321,1.5111623952179799e-09,lane_1,mainline,,normal,none,commit
BASIC-03,basic_01_06_900_bugcheck_20260605,545,54.500000000000504,B03_MV,cav,not_applicable,7242.150375700708,-3.5,0.9427727999936306,4.0,on_ramp,on_ramp_mv,,normal,not_started,commit
BASIC-03,basic_01_06_900_bugcheck_20260605,545,54.500000000000504,B03_CLV,cav,not_applicable,8268.000000005004,0.0,29.999999997910255,8.707274901098572e-10,lane_2,mainline,,normal,none,commit
BASIC-03,basic_01_06_900_bugcheck_20260605,545,54.500000000000504,B03_CFV,cav,not_applicable,8225.618185358635,0.0,29.9552641339518,0.07890041371737844,lane_2,mainline,,normal,none,commit
BASIC-03,basic_01_06_900_bugcheck_20260605,545,54.500000000000504,B03_TLV_CFV,cav,not_applicable,8219.23851708065,3.5,29.956285090833422,-0.792455049900982,lane_1,mainline,,normal,none,commit
BASIC-03,basic_01_06_900_bugcheck_20260605,545,54.500000000000504,B03_TLV_CLV,cav,not_applicable,8261.620000008359,3.5,29.99999999651828,1.4507165246868682e-09,lane_1,mainline,,normal,none,commit
BASIC-03,basic_01_06_900_bugcheck_20260605,546,54.600000000000506,B03_MV,cav,not_applicable,7242.242399322662,-3.5,0.9202362195406225,4.0,on_ramp,on_ramp_mv,,normal,not_started,commit
BASIC-03,basic_01_06_900_bugcheck_20260605,546,54.600000000000506,B03_CLV,cav,not_applicable,8271.000000004804,0.0,29.999999997993843,8.358981062883687e-10,lane_2,mainline,,normal,none,commit
BASIC-03,basic_01_06_900_bugcheck_20260605,546,54.600000000000506,B03_CFV,cav,not_applicable,8228.621630048143,0.0,30.034446895074133,0.7918276112233097,lane_2,mainline,,normal,none,commit
BASIC-03,basic_01_06_900_bugcheck_20260605,546,54.600000000000506,B03_TLV_CFV,cav,not_applicable,8222.234934593871,3.5,29.96417513220516,0.07890041371737844,lane_1,mainline,,normal,none,commit
BASIC-03,basic_01_06_900_bugcheck_20260605,546,54.600000000000506,B03_TLV_CLV,cav,not_applicable,8264.620000008024,3.5,29.99999999665755,1.3926879205428124e-09,lane_1,mainline,,normal,none,commit
BASIC-03,basic_01_06_900_bugcheck_20260605,547,54.70000000000051,B03_MV,cav,not_applicable,7242.332223159302,-3.5,0.8982383664017121,4.0,on_ramp,on_ramp_mv,,normal,not_started,commit
BASIC-03,basic_01_06_900_bugcheck_20260605,547,54.70000000000051,B03_CLV,cav,not_applicable,8274.000000004611,0.0,29.999999998074088,8.024628073144413e-10,lane_2,mainline,,normal,none,commit
BASIC-03,basic_01_06_900_bugcheck_20260605,547,54.70000000000051,B03_CFV,cav,not_applicable,8231.620644236287,0.0,29.99014188144695,-0.44305013627183754,lane_2,mainline,,normal,none,commit
BASIC-03,basic_01_06_900_bugcheck_20260605,547,54.70000000000051,B03_TLV_CFV,cav,not_applicable,8225.239270383203,3.5,30.043357893327492,0.7918276112233097,lane_1,mainline,,normal,none,commit
BASIC-03,basic_01_06_900_bugcheck_20260605,547,54.70000000000051,B03_TLV_CLV,cav,not_applicable,8267.620000007704,3.5,29.99999999679125,1.336979948973749e-09,lane_1,mainline,,normal,none,commit
BASIC-03,basic_01_06_900_bugcheck_20260605,548,54.80000000000051,B03_MV,cav,not_applicable,7242.4198997955555,-3.5,0.8767663625312793,4.0,on_ramp,on_ramp_mv,,normal,not_started,commit
BASIC-03,basic_01_06_900_bugcheck_20260605,548,54.80000000000051,B03_CLV,cav,not_applicable,8277.000000004426,0.0,29.999999998151125,7.703647497692146e-10,lane_2,mainline,,normal,none,commit
BASIC-03,basic_01_06_900_bugcheck_20260605,548,54.80000000000051,B03_CFV,cav,not_applicable,8234.623306196045,0.0,30.02661959757016,0.364777161232133,lane_2,mainline,,normal,none,commit
BASIC-03,basic_01_06_900_bugcheck_20260605,548,54.80000000000051,B03_TLV_CFV,cav,not_applicable,8228.239175671173,3.5,29.999052879700308,-0.44305013627183754,lane_1,mainline,,normal,none,commit
BASIC-03,basic_01_06_900_bugcheck_20260605,548,54.80000000000051,B03_TLV_CLV,cav,not_applicable,8270.620000007397,3.5,29.9999999969196,1.2835002394240292e-09,lane_1,mainline,,normal,none,commit
BASIC-03,basic_01_06_900_bugcheck_20260605,549,54.90000000000051,B03_MV,cav,not_applicable,7242.505480559328,-3.5,0.8558076377272038,4.0,on_ramp,on_ramp_mv,,normal,not_started,commit
BASIC-03,basic_01_06_900_bugcheck_20260605,549,54.90000000000051,B03_CLV,cav,not_applicable,8280.000000004247,0.0,29.99999999822508,7.395499324047706e-10,lane_2,mainline,,normal,none,commit
BASIC-03,basic_01_06_900_bugcheck_20260605,549,54.90000000000051,B03_CFV,cav,not_applicable,8237.618043605302,0.0,29.947374092580063,-0.792455049900982,lane_2,mainline,,normal,none,commit
BASIC-03,basic_01_06_900_bugcheck_20260605,549,54.90000000000051,B03_TLV_CFV,cav,not_applicable,8231.242728730755,3.5,30.03553059582352,0.364777161232133,lane_1,mainline,,normal,none,commit
BASIC-03,basic_01_06_900_bugcheck_20260605,549,54.90000000000051,B03_TLV_CLV,cav,not_applicable,8273.6200000071,3.5,29.999999997042814,1.232160684594419e-09,lane_1,mainline,,normal,none,commit
BASIC-03,basic_01_06_900_bugcheck_20260605,550,55.00000000000051,B03_MV,cav,not_applicable,7242.589015551555,-3.5,0.8353499222732474,4.0,on_ramp,on_ramp_mv,,normal,not_started,commit
BASIC-03,basic_01_06_900_bugcheck_20260605,550,55.00000000000051,B03_CLV,cav,not_applicable,8283.000000004076,0.0,29.999999998296076,7.099686172296061e-10,lane_2,mainline,,normal,none,commit
BASIC-03,basic_01_06_900_bugcheck_20260605,550,55.00000000000051,B03_CFV,cav,not_applicable,8240.613570018697,0.0,29.9552641339518,0.07890041371737844,lane_2,mainline,,normal,none,commit
BASIC-03,basic_01_06_900_bugcheck_20260605,550,55.00000000000051,B03_TLV_CFV,cav,not_applicable,8234.238357239838,3.5,29.956285090833422,-0.792455049900982,lane_1,mainline,,normal,none,commit
BASIC-03,basic_01_06_900_bugcheck_20260605,550,55.00000000000051,B03_TLV_CLV,cav,not_applicable,8276.620000006817,3.5,29.9999999971611,1.1828745982711554e-09,lane_1,mainline,,normal,none,commit
BASIC-03,basic_01_06_900_bugcheck_20260605,551,55.10000000000051,B03_MV,cav,not_applicable,7242.670553675531,-3.5,0.8153812397551489,4.0,on_ramp,on_ramp_mv,,normal,not_started,commit
BASIC-03,basic_01_06_900_bugcheck_20260605,551,55.10000000000051,B03_CLV,cav,not_applicable,8286.000000003913,0.0,29.99999999836423,6.815696451667464e-10,lane_2,mainline,,normal,none,commit
BASIC-03,basic_01_06_900_bugcheck_20260605,551,55.10000000000051,B03_CFV,cav,not_applicable,8243.617014708205,0.0,30.034446895074133,0.7918276112233097,lane_2,mainline,,normal,none,commit
BASIC-03,basic_01_06_900_bugcheck_20260605,551,55.10000000000051,B03_TLV_CFV,cav,not_applicable,8237.234774753058,3.5,29.96417513220516,0.07890041371737844,lane_1,mainline,,normal,none,commit
BASIC-03,basic_01_06_900_bugcheck_20260605,551,55.10000000000051,B03_TLV_CLV,cav,not_applicable,8279.620000006544,3.5,29.999999997274656,1.1355595574968903e-09,lane_1,mainline,,normal,none,commit
BASIC-03,basic_01_06_900_bugcheck_20260605,552,55.200000000000514,B03_MV,cav,not_applicable,7242.750142665535,-3.5,0.7958899000497769,4.0,on_ramp,on_ramp_mv,,normal,not_started,commit
BASIC-03,basic_01_06_900_bugcheck_20260605,552,55.200000000000514,B03_CLV,cav,not_applicable,8289.000000003756,0.0,29.99999999842966,6.543075414811029e-10,lane_2,mainline,,normal,none,commit
BASIC-03,basic_01_06_900_bugcheck_20260605,552,55.200000000000514,B03_CFV,cav,not_applicable,8246.61602889635,0.0,29.99014188144695,-0.44305013627183754,lane_2,mainline,,normal,none,commit
BASIC-03,basic_01_06_900_bugcheck_20260605,552,55.200000000000514,B03_TLV_CFV,cav,not_applicable,8240.23911054239,3.5,30.043357893327492,0.7918276112233097,lane_1,mainline,,normal,none,commit
BASIC-03,basic_01_06_900_bugcheck_20260605,552,55.200000000000514,B03_TLV_CLV,cav,not_applicable,8282.620000006282,3.5,29.99999999738367,1.0901374025706901e-09,lane_1,mainline,,normal,none,commit
BASIC-03,basic_01_06_900_bugcheck_20260605,553,55.300000000000516,B03_MV,cav,not_applicable,7242.8278291147835,-3.5,0.7768644924814727,4.0,on_ramp,on_ramp_mv,,normal,not_started,commit
BASIC-03,basic_01_06_900_bugcheck_20260605,553,55.300000000000516,B03_CLV,cav,not_applicable,8292.000000003605,0.0,29.999999998492473,6.281354103521154e-10,lane_2,mainline,,normal,none,commit
BASIC-03,basic_01_06_900_bugcheck_20260605,553,55.300000000000516,B03_CFV,cav,not_applicable,8249.618690856107,0.0,30.02661959757016,0.364777161232133,lane_2,mainline,,normal,none,commit
BASIC-03,basic_01_06_900_bugcheck_20260605,553,55.300000000000516,B03_TLV_CFV,cav,not_applicable,8243.23901583036,3.5,29.999052879700308,-0.44305013627183754,lane_1,mainline,,normal,none,commit
BASIC-03,basic_01_06_900_bugcheck_20260605,553,55.300000000000516,B03_TLV_CLV,cav,not_applicable,8285.62000000603,3.5,29.999999997488324,1.0465313948770928e-09,lane_1,mainline,,normal,none,commit
BASIC-03,basic_01_06_900_bugcheck_20260605,554,55.40000000000052,B03_MV,cav,not_applicable,7242.903658502698,-3.5,0.7582938791416678,4.0,on_ramp,on_ramp_mv,,normal,not_started,commit
BASIC-03,basic_01_06_900_bugcheck_20260605,554,55.40000000000052,B03_CLV,cav,not_applicable,8295.00000000346,0.0,29.999999998552774,6.030106192156382e-10,lane_2,mainline,,normal,none,commit
BASIC-03,basic_01_06_900_bugcheck_20260605,554,55.40000000000052,B03_CFV,cav,not_applicable,8252.613428265364,0.0,29.947374092580063,-0.792455049900982,lane_2,mainline,,normal,none,commit
BASIC-03,basic_01_06_900_bugcheck_20260605,554,55.40000000000052,B03_TLV_CFV,cav,not_applicable,8246.242568889942,3.5,30.03553059582352,0.364777161232133,lane_1,mainline,,normal,none,commit
BASIC-03,basic_01_06_900_bugcheck_20260605,554,55.40000000000052,B03_TLV_CLV,cav,not_applicable,8288.620000005789,3.5,29.99999999758879,1.0046704801425223e-09,lane_1,mainline,,normal,none,commit
BASIC-03,basic_01_06_900_bugcheck_20260605,555,55.50000000000052,B03_MV,cav,not_applicable,7242.977675221535,-3.5,0.7401671883689507,4.0,on_ramp,on_ramp_mv,,normal,not_started,commit
BASIC-03,basic_01_06_900_bugcheck_20260605,555,55.50000000000052,B03_CLV,cav,not_applicable,8298.000000003321,0.0,29.99999999861066,5.788905355075258e-10,lane_2,mainline,,normal,none,commit
BASIC-03,basic_01_06_900_bugcheck_20260605,555,55.50000000000052,B03_CFV,cav,not_applicable,8255.608954678759,0.0,29.9552641339518,0.07890041371737844,lane_2,mainline,,normal,none,commit
BASIC-03,basic_01_06_900_bugcheck_20260605,555,55.50000000000052,B03_TLV_CFV,cav,not_applicable,8249.238197399025,3.5,29.956285090833422,-0.792455049900982,lane_1,mainline,,normal,none,commit
BASIC-03,basic_01_06_900_bugcheck_20260605,555,55.50000000000052,B03_TLV_CLV,cav,not_applicable,8291.620000005558,3.5,29.99999999768524,9.644836040934024e-10,lane_1,mainline,,normal,none,commit
BASIC-03,basic_01_06_900_bugcheck_20260605,556,55.60000000000052,B03_MV,cav,not_applicable,7243.049922602373,-3.5,0.7224738083843658,4.0,on_ramp,on_ramp_mv,,normal,not_started,commit
BASIC-03,basic_01_06_900_bugcheck_20260605,556,55.60000000000052,B03_CLV,cav,not_applicable,8301.000000003189,0.0,29.999999998666237,5.557353688345757e-10,lane_2,mainline,,normal,none,commit
BASIC-03,basic_01_06_900_bugcheck_20260605,556,55.60000000000052,B03_CFV,cav,not_applicable,8258.612399368267,0.0,30.034446895074133,0.7918276112233097,lane_2,mainline,,normal,none,commit
BASIC-03,basic_01_06_900_bugcheck_20260605,556,55.60000000000052,B03_TLV_CFV,cav,not_applicable,8252.234614912246,3.5,29.96417513220516,0.07890041371737844,lane_1,mainline,,normal,none,commit
BASIC-03,basic_01_06_900_bugcheck_20260605,556,55.60000000000052,B03_TLV_CLV,cav,not_applicable,8294.620000005336,3.5,29.99999999777783,9.259039757125721e-10,lane_1,mainline,,normal,none,commit
BASIC-03,basic_01_06_900_bugcheck_20260605,557,55.70000000000052,B03_MV,cav,not_applicable,7243.120442940481,-3.5,0.7052033810788987,4.0,on_ramp,on_ramp_mv,,normal,not_started,commit
BASIC-03,basic_01_06_900_bugcheck_20260605,557,55.70000000000052,B03_CLV,cav,not_applicable,8304.000000003061,0.0,29.999999998719588,5.335053288035851e-10,lane_2,mainline,,normal,none,commit
BASIC-03,basic_01_06_900_bugcheck_20260605,557,55.70000000000052,B03_CFV,cav,not_applicable,8261.611413556411,0.0,29.99014188144695,-0.44305013627183754,lane_2,mainline,,normal,none,commit
BASIC-03,basic_01_06_900_bugcheck_20260605,557,55.70000000000052,B03_TLV_CFV,cav,not_applicable,8255.238950701578,3.5,30.043357893327492,0.7918276112233097,lane_1,mainline,,normal,none,commit
BASIC-03,basic_01_06_900_bugcheck_20260605,557,55.70000000000052,B03_TLV_CLV,cav,not_applicable,8297.620000005123,3.5,29.999999997866716,8.888676461538125e-10,lane_1,mainline,,normal,none,commit
BASIC-03,basic_01_06_900_bugcheck_20260605,558,55.80000000000052,B03_MV,cav,not_applicable,7243.189277520076,-3.5,0.6883457959496714,4.0,on_ramp,on_ramp_mv,,normal,not_started,commit
BASIC-03,basic_01_06_900_bugcheck_20260605,558,55.80000000000052,B03_CLV,cav,not_applicable,8307.000000002938,0.0,29.999999998770804,5.121648882777663e-10,lane_2,mainline,,normal,none,commit
BASIC-03,basic_01_06_900_bugcheck_20260605,558,55.80000000000052,B03_CFV,cav,not_applicable,8264.614075516169,0.0,30.02661959757016,0.364777161232133,lane_2,mainline,,normal,none,commit
BASIC-03,basic_01_06_900_bugcheck_20260605,558,55.80000000000052,B03_TLV_CFV,cav,not_applicable,8258.238855989548,3.5,29.999052879700308,-0.44305013627183754,lane_1,mainline,,normal,none,commit
BASIC-03,basic_01_06_900_bugcheck_20260605,558,55.80000000000052,B03_TLV_CLV,cav,not_applicable,8300.620000004918,3.5,29.99999999795205,8.533135087418487e-10,lane_1,mainline,,normal,none,commit
BASIC-03,basic_01_06_900_bugcheck_20260605,559,55.900000000000524,B03_MV,cav,not_applicable,7243.256466638494,-3.5,0.6718911841809325,4.0,on_ramp,on_ramp_mv,,normal,not_started,commit
BASIC-03,basic_01_06_900_bugcheck_20260605,559,55.900000000000524,B03_CLV,cav,not_applicable,8310.00000000282,0.0,29.999999998819973,4.916785201203311e-10,lane_2,mainline,,normal,none,commit
BASIC-03,basic_01_06_900_bugcheck_20260605,559,55.900000000000524,B03_CFV,cav,not_applicable,8267.608812925426,0.0,29.947374092580063,-0.792455049900982,lane_2,mainline,,normal,none,commit
BASIC-03,basic_01_06_900_bugcheck_20260605,559,55.900000000000524,B03_TLV_CFV,cav,not_applicable,8261.24240904913,3.5,30.03553059582352,0.364777161232133,lane_1,mainline,,normal,none,commit
BASIC-03,basic_01_06_900_bugcheck_20260605,559,55.900000000000524,B03_TLV_CLV,cav,not_applicable,8303.620000004721,3.5,29.999999998033967,8.19180456801405e-10,lane_1,mainline,,normal,none,commit
BASIC-03,basic_01_06_900_bugcheck_20260605,560,56.000000000000526,B03_MV,cav,not_applicable,7243.322049629781,-3.5,0.6558299128670176,4.0,on_ramp,on_ramp_mv,,normal,not_started,commit
BASIC-03,basic_01_06_900_bugcheck_20260605,560,56.000000000000526,B03_CLV,cav,not_applicable,8313.000000002707,0.0,29.999999998867175,4.720106971944916e-10,lane_2,mainline,,normal,none,commit
BASIC-03,basic_01_06_900_bugcheck_20260605,560,56.000000000000526,B03_CFV,cav,not_applicable,8270.60433933882,0.0,29.9552641339518,0.07890041371737844,lane_2,mainline,,normal,none,commit
BASIC-03,basic_01_06_900_bugcheck_20260605,560,56.000000000000526,B03_TLV_CFV,cav,not_applicable,8264.238037558212,3.5,29.956285090833422,-0.792455049900982,lane_1,mainline,,normal,none,commit
BASIC-03,basic_01_06_900_bugcheck_20260605,560,56.000000000000526,B03_TLV_CLV,cav,not_applicable,8306.620000004532,3.5,29.99999999811261,7.864130679990922e-10,lane_1,mainline,,normal,none,commit
BASIC-03,basic_01_06_900_bugcheck_20260605,561,56.10000000000053,B03_MV,cav,not_applicable,7243.386064887718,-3.5,0.6401525793727121,4.0,on_ramp,on_ramp_mv,,normal,not_started,commit
BASIC-03,basic_01_06_900_bugcheck_20260605,561,56.10000000000053,B03_CLV,cav,not_applicable,8316.000000002598,0.0,29.999999998912486,4.5313015561987414e-10,lane_2,mainline,,normal,none,commit
BASIC-03,basic_01_06_900_bugcheck_20260605,561,56.10000000000053,B03_CFV,cav,not_applicable,8273.607784028329,0.0,30.034446895074133,0.7918276112233097,lane_2,mainline,,normal,none,commit
BASIC-03,basic_01_06_900_bugcheck_20260605,561,56.10000000000053,B03_TLV_CFV,cav,not_applicable,8267.234455071433,3.5,29.96417513220516,0.07890041371737844,lane_1,mainline,,normal,none,commit
BASIC-03,basic_01_06_900_bugcheck_20260605,561,56.10000000000053,B03_TLV_CLV,cav,not_applicable,8309.62000000435,3.5,29.999999998188105,7.54955920001521e-10,lane_1,mainline,,normal,none,commit
BASIC-03,basic_01_06_900_bugcheck_20260605,562,56.20000000000053,B03_MV,cav,not_applicable,7243.4485498883005,-3.5,0.6248500058286264,4.0,on_ramp,on_ramp_mv,,normal,not_started,commit
BASIC-03,basic_01_06_900_bugcheck_20260605,562,56.20000000000053,B03_CLV,cav,not_applicable,8319.000000002494,0.0,29.999999998955985,4.3500563151610554e-10,lane_2,mainline,,normal,none,commit
BASIC-03,basic_01_06_900_bugcheck_20260605,562,56.20000000000053,B03_CFV,cav,not_applicable,8276.606798216473,0.0,29.99014188144695,-0.44305013627183754,lane_2,mainline,,normal,none,commit
BASIC-03,basic_01_06_900_bugcheck_20260605,562,56.20000000000053,B03_TLV_CFV,cav,not_applicable,8270.238790860765,3.5,30.043357893327492,0.7918276112233097,lane_1,mainline,,normal,none,commit
BASIC-03,basic_01_06_900_bugcheck_20260605,562,56.20000000000053,B03_TLV_CLV,cav,not_applicable,8312.620000004175,3.5,29.99999999826058,7.247578537317168e-10,lane_1,mainline,,normal,none,commit
BASIC-03,basic_01_06_900_bugcheck_20260605,563,56.30000000000053,B03_MV,cav,not_applicable,7243.509541211676,-3.5,0.609913233758541,4.0,on_ramp,on_ramp_mv,,normal,not_started,commit
BASIC-03,basic_01_06_900_bugcheck_20260605,563,56.30000000000053,B03_CLV,cav,not_applicable,8322.000000002394,0.0,29.999999998997747,4.176058610028122e-10,lane_2,mainline,,normal,none,commit
BASIC-03,basic_01_06_900_bugcheck_20260605,563,56.30000000000053,B03_CFV,cav,not_applicable,8279.60946017623,0.0,30.02661959757016,0.364777161232133,lane_2,mainline,,normal,none,commit
BASIC-03,basic_01_06_900_bugcheck_20260605,563,56.30000000000053,B03_TLV_CFV,cav,not_applicable,8273.238696148735,3.5,29.999052879700308,-0.44305013627183754,lane_1,mainline,,normal,none,commit
BASIC-03,basic_01_06_900_bugcheck_20260605,563,56.30000000000053,B03_TLV_CLV,cav,not_applicable,8315.620000004008,3.5,29.999999998330157,6.957677101127047e-10,lane_1,mainline,,normal,none,commit
BASIC-03,basic_01_06_900_bugcheck_20260605,564,56.40000000000053,B03_MV,cav,not_applicable,7243.569074563559,-3.5,0.5953335188345867,4.0,on_ramp,on_ramp_mv,,normal,not_started,commit
BASIC-03,basic_01_06_900_bugcheck_20260605,564,56.40000000000053,B03_CLV,cav,not_applicable,8325.000000002297,0.0,29.999999999037836,4.0090100128509223e-10,lane_2,mainline,,normal,none,commit
BASIC-03,basic_01_06_900_bugcheck_20260605,564,56.40000000000053,B03_CFV,cav,not_applicable,8282.604197585488,0.0,29.947374092580063,-0.792455049900982,lane_2,mainline,,normal,none,commit
BASIC-03,basic_01_06_900_bugcheck_20260605,564,56.40000000000053,B03_TLV_CFV,cav,not_applicable,8276.242249208317,3.5,30.03553059582352,0.364777161232133,lane_1,mainline,,normal,none,commit
BASIC-03,basic_01_06_900_bugcheck_20260605,564,56.40000000000053,B03_TLV_CLV,cav,not_applicable,8318.620000003848,3.5,29.99999999839695,6.679371722384531e-10,lane_1,mainline,,normal,none,commit
BASIC-03,basic_01_06_900_bugcheck_20260605,565,56.50000000000053,B03_MV,cav,not_applicable,7243.627184796135,-3.5,0.581102325758525,4.0,on_ramp,on_ramp_mv,,normal,not_started,commit
BASIC-03,basic_01_06_900_bugcheck_20260605,565,56.50000000000053,B03_CLV,cav,not_applicable,8328.000000002205,0.0,29.999999999076323,3.8486547282445827e-10,lane_2,mainline,,normal,none,commit
BASIC-03,basic_01_06_900_bugcheck_20260605,565,56.50000000000053,B03_CFV,cav,not_applicable,8285.599723998883,0.0,29.9552641339518,0.07890041371737844,lane_2,mainline,,normal,none,commit
BASIC-03,basic_01_06_900_bugcheck_20260605,565,56.50000000000053,B03_TLV_CFV,cav,not_applicable,8279.2378777174,3.5,29.956285090833422,-0.792455049900982,lane_1,mainline,,normal,none,commit
BASIC-03,basic_01_06_900_bugcheck_20260605,565,56.50000000000053,B03_TLV_CLV,cav,not_applicable,8321.620000003693,3.5,29.999999998461075,6.412193442884018e-10,lane_1,mainline,,normal,none,commit
BASIC-03,basic_01_06_900_bugcheck_20260605,566,56.600000000000534,B03_MV,cav,not_applicable,7243.683905928462,-3.5,0.5672113232645603,4.0,on_ramp,on_ramp_mv,,normal,not_started,commit
BASIC-03,basic_01_06_900_bugcheck_20260605,566,56.600000000000534,B03_CLV,cav,not_applicable,8331.000000002115,0.0,29.99999999911327,3.6947085391147995e-10,lane_2,mainline,,normal,none,commit
BASIC-03,basic_01_06_900_bugcheck_20260605,566,56.600000000000534,B03_CFV,cav,not_applicable,8288.60316868839,0.0,30.034446895074133,0.7918276112233097,lane_2,mainline,,normal,none,commit
BASIC-03,basic_01_06_900_bugcheck_20260605,566,56.600000000000534,B03_TLV_CFV,cav,not_applicable,8282.23429523062,3.5,29.96417513220516,0.07890041371737844,lane_1,mainline,,normal,none,commit
BASIC-03,basic_01_06_900_bugcheck_20260605,566,56.600000000000534,B03_TLV_CLV,cav,not_applicable,8324.620000003546,3.5,29.999999998522632,6.155701726129337e-10,lane_1,mainline,,normal,none,commit
BASIC-03,basic_01_06_900_bugcheck_20260605,567,56.700000000000536,B03_MV,cav,not_applicable,7243.739271166386,-3.5,0.55365237924238,4.0,on_ramp,on_ramp_mv,,normal,not_started,commit
BASIC-03,basic_01_06_900_bugcheck_20260605,567,56.700000000000536,B03_CLV,cav,not_applicable,8334.00000000203,0.0,29.99999999914874,3.5469156500766986e-10,lane_2,mainline,,normal,none,commit
BASIC-03,basic_01_06_900_bugcheck_20260605,567,56.700000000000536,B03_CFV,cav,not_applicable,8291.602182876535,0.0,29.99014188144695,-0.44305013627183754,lane_2,mainline,,normal,none,commit
BASIC-03,basic_01_06_900_bugcheck_20260605,567,56.700000000000536,B03_TLV_CFV,cav,not_applicable,8285.238631019953,3.5,30.043357893327492,0.7918276112233097,lane_1,mainline,,normal,none,commit
BASIC-03,basic_01_06_900_bugcheck_20260605,567,56.700000000000536,B03_TLV_CLV,cav,not_applicable,8327.620000003404,3.5,29.99999999858173,5.909470246479032e-10,lane_1,mainline,,normal,none,commit
BASIC-03,basic_01_06_900_bugcheck_20260605,568,56.80000000000054,B03_MV,cav,not_applicable,7243.793312921984,-3.5,0.5404175559765109,4.0,on_ramp,on_ramp_mv,,normal,not_started,commit
BASIC-03,basic_01_06_900_bugcheck_20260605,568,56.80000000000054,B03_CLV,cav,not_applicable,8337.000000001948,0.0,29.99999999918279,3.405034476600122e-10,lane_2,mainline,,normal,none,commit
BASIC-03,basic_01_06_900_bugcheck_20260605,568,56.80000000000054,B03_CFV,cav,not_applicable,8294.604844836293,0.0,30.02661959757016,0.364777161232133,lane_2,mainline,,normal,none,commit
BASIC-03,basic_01_06_900_bugcheck_20260605,568,56.80000000000054,B03_TLV_CFV,cav,not_applicable,8288.238536307923,3.5,29.999052879700308,-0.44305013627183754,lane_1,mainline,,normal,none,commit
BASIC-03,basic_01_06_900_bugcheck_20260605,568,56.80000000000054,B03_TLV_CLV,cav,not_applicable,8330.620000003268,3.5,29.999999998638458,5.673086889146362e-10,lane_1,mainline,,normal,none,commit
BASIC-03,basic_01_06_900_bugcheck_20260605,569,56.90000000000054,B03_MV,cav,not_applicable,7243.846062832534,-3.5,0.527499105498727,4.0,on_ramp,on_ramp_mv,,normal,not_started,commit
BASIC-03,basic_01_06_900_bugcheck_20260605,569,56.90000000000054,B03_CLV,cav,not_applicable,8340.00000000187,0.0,29.99999999921548,3.268837645009626e-10,lane_2,mainline,,normal,none,commit
BASIC-03,basic_01_06_900_bugcheck_20260605,569,56.90000000000054,B03_CFV,cav,not_applicable,8297.59958224555,0.0,29.947374092580063,-0.792455049900982,lane_2,mainline,,normal,none,commit
BASIC-03,basic_01_06_900_bugcheck_20260605,569,56.90000000000054,B03_TLV_CFV,cav,not_applicable,8291.242089367504,3.5,30.03553059582352,0.364777161232133,lane_1,mainline,,normal,none,commit
BASIC-03,basic_01_06_900_bugcheck_20260605,569,56.90000000000054,B03_TLV_CLV,cav,not_applicable,8333.620000003137,3.5,29.99999999869292,5.446167961054016e-10,lane_1,mainline,,normal,none,commit
BASIC-03,basic_01_06_900_bugcheck_20260605,570,57.00000000000054,B03_MV,cav,not_applicable,7243.897551779039,-3.5,0.5148894650528605,4.0,on_ramp,on_ramp_mv,,normal,not_started,commit
BASIC-03,basic_01_06_900_bugcheck_20260605,570,57.00000000000054,B03_CLV,cav,not_applicable,8343.000000001795,0.0,29.99999999924686,3.1380835707750525e-10,lane_2,mainline,,normal,none,commit
BASIC-03,basic_01_06_900_bugcheck_20260605,570,57.00000000000054,B03_CFV,cav,not_applicable,8300.595108658945,0.0,29.9552641339518,0.07890041371737844,lane_2,mainline,,normal,none,commit
BASIC-03,basic_01_06_900_bugcheck_20260605,570,57.00000000000054,B03_TLV_CFV,cav,not_applicable,8294.237717876587,3.5,29.956285090833422,-0.792455049900982,lane_1,mainline,,normal,none,commit
BASIC-03,basic_01_06_900_bugcheck_20260605,570,57.00000000000054,B03_TLV_CLV,cav,not_applicable,8336.620000003011,3.5,29.999999998745203,5.228315558269969e-10,lane_1,mainline,,normal,none,commit
BASIC-03,basic_01_06_900_bugcheck_20260605,571,57.10000000000054,B03_MV,cav,not_applicable,7243.947809904305,-3.5,0.5025812526674476,4.0,on_ramp,on_ramp_mv,,normal,not_started,commit
BASIC-03,basic_01_06_900_bugcheck_20260605,571,57.10000000000054,B03_CLV,cav,not_applicable,8346.000000001723,0.0,29.999999999276987,3.012559091075673e-10,lane_2,mainline,,normal,none,commit
BASIC-03,basic_01_06_900_bugcheck_20260605,571,57.10000000000054,B03_CFV,cav,not_applicable,8303.598553348453,0.0,30.034446895074133,0.7918276112233097,lane_2,mainline,,normal,none,commit
BASIC-03,basic_01_06_900_bugcheck_20260605,571,57.10000000000054,B03_TLV_CFV,cav,not_applicable,8297.234135389808,3.5,29.96417513220516,0.07890041371737844,lane_1,mainline,,normal,none,commit
BASIC-03,basic_01_06_900_bugcheck_20260605,571,57.10000000000054,B03_TLV_CLV,cav,not_applicable,8339.620000002891,3.5,29.999999998795396,5.019188620281057e-10,lane_1,mainline,,normal,none,commit
BASIC-03,basic_01_06_900_bugcheck_20260605,572,57.20000000000054,B03_MV,cav,not_applicable,7243.996866630589,-3.5,0.4905672628333845,4.0,on_ramp,on_ramp_mv,,normal,not_started,commit
BASIC-03,basic_01_06_900_bugcheck_20260605,572,57.20000000000054,B03_CLV,cav,not_applicable,8349.000000001653,0.0,29.999999999305906,2.89205104309076e-10,lane_2,mainline,,normal,none,commit
BASIC-03,basic_01_06_900_bugcheck_20260605,572,57.20000000000054,B03_CFV,cav,not_applicable,8306.597567536597,0.0,29.99014188144695,-0.44305013627183754,lane_2,mainline,,normal,none,commit
BASIC-03,basic_01_06_900_bugcheck_20260605,572,57.20000000000054,B03_TLV_CFV,cav,not_applicable,8300.23847117914,3.5,30.043357893327492,0.7918276112233097,lane_1,mainline,,normal,none,commit
BASIC-03,basic_01_06_900_bugcheck_20260605,572,57.20000000000054,B03_TLV_CLV,cav,not_applicable,8342.620000002775,3.5,29.99999999884358,4.818417664864682e-10,lane_1,mainline,,normal,none,commit
BASIC-03,basic_01_06_900_bugcheck_20260605,573,57.300000000000544,B03_MV,cav,not_applicable,7244.044750676817,-3.5,0.47884046228659166,4.0,on_ramp,on_ramp_mv,,normal,not_started,commit
BASIC-03,basic_01_06_900_bugcheck_20260605,573,57.300000000000544,B03_CLV,cav,not_applicable,8352.000000001586,0.0,29.99999999933367,2.7763746857090155e-10,lane_2,mainline,,normal,none,commit
BASIC-03,basic_01_06_900_bugcheck_20260605,573,57.300000000000544,B03_CFV,cav,not_applicable,8309.600229496355,0.0,30.02661959757016,0.364777161232133,lane_2,mainline,,normal,none,commit
BASIC-03,basic_01_06_900_bugcheck_20260605,573,57.300000000000544,B03_TLV_CFV,cav,not_applicable,8303.23837646711,3.5,29.999052879700308,-0.44305013627183754,lane_1,mainline,,normal,none,commit
BASIC-03,basic_01_06_900_bugcheck_20260605,573,57.300000000000544,B03_TLV_CLV,cav,not_applicable,8345.620000002664,3.5,29.999999998889837,4.625675842362398e-10,lane_1,mainline,,normal,none,commit
BASIC-03,basic_01_06_900_bugcheck_20260605,574,57.400000000000546,B03_MV,cav,not_applicable,7244.091490075406,-3.5,0.4673939858900362,4.0,on_ramp,on_ramp_mv,,normal,not_started,commit
BASIC-03,basic_01_06_900_bugcheck_20260605,574,57.400000000000546,B03_CLV,cav,not_applicable,8355.000000001522,0.0,29.999999999360323,2.665316856109712e-10,lane_2,mainline,,normal,none,commit
BASIC-03,basic_01_06_900_bugcheck_20260605,574,57.400000000000546,B03_CFV,cav,not_applicable,8312.594966905612,0.0,29.947374092580063,-0.792455049900982,lane_2,mainline,,normal,none,commit
BASIC-03,basic_01_06_900_bugcheck_20260605,574,57.400000000000546,B03_TLV_CFV,cav,not_applicable,8306.241929526692,3.5,30.03553059582352,0.364777161232133,lane_1,mainline,,normal,none,commit
BASIC-03,basic_01_06_900_bugcheck_20260605,574,57.400000000000546,B03_TLV_CLV,cav,not_applicable,8348.620000002556,3.5,29.999999998934243,4.440650513970468e-10,lane_1,mainline,,normal,none,commit
BASIC-03,basic_01_06_900_bugcheck_20260605,575,57.50000000000055,B03_MV,cav,not_applicable,7244.137112188668,-3.5,0.45622113261467506,4.0,on_ramp,on_ramp_mv,,normal,not_started,commit
BASIC-03,basic_01_06_900_bugcheck_20260605,575,57.50000000000055,B03_CLV,cav,not_applicable,8358.00000000146,0.0,29.99999999938591,2.5587070240362663e-10,lane_2,mainline,,normal,none,commit
BASIC-03,basic_01_06_900_bugcheck_20260605,575,57.50000000000055,B03_CFV,cav,not_applicable,8315.590493319007,0.0,29.9552641339518,0.07890041371737844,lane_2,mainline,,normal,none,commit
BASIC-03,basic_01_06_900_bugcheck_20260605,575,57.50000000000055,B03_TLV_CFV,cav,not_applicable,8309.237558035775,3.5,29.956285090833422,-0.792455049900982,lane_1,mainline,,normal,none,commit
BASIC-03,basic_01_06_900_bugcheck_20260605,575,57.50000000000055,B03_TLV_CLV,cav,not_applicable,8351.620000002455,3.5,29.99999999897687,4.263029040885158e-10,lane_1,mainline,,normal,none,commit
BASIC-03,basic_01_06_900_bugcheck_20260605,576,57.60000000000055,B03_MV,cav,not_applicable,7244.18164372483,-3.5,0.44531536161692925,4.0,on_ramp,on_ramp_mv,,normal,not_started,commit
BASIC-03,basic_01_06_900_bugcheck_20260605,576,57.60000000000055,B03_CLV,cav,not_applicable,8361.000000001402,0.0,29.999999999410473,2.456360448377382e-10,lane_2,mainline,,normal,none,commit
BASIC-03,basic_01_06_900_bugcheck_20260605,576,57.60000000000055,B03_CFV,cav,not_applicable,8318.593938008515,0.0,30.034446895074133,0.7918276112233097,lane_2,mainline,,normal,none,commit
BASIC-03,basic_01_06_900_bugcheck_20260605,576,57.60000000000055,B03_TLV_CFV,cav,not_applicable,8312.233975548996,3.5,29.96417513220516,0.07890041371737844,lane_1,mainline,,normal,none,commit
BASIC-03,basic_01_06_900_bugcheck_20260605,576,57.60000000000055,B03_TLV_CLV,cav,not_applicable,8354.620000002356,3.5,29.999999999017795,4.092512995157449e-10,lane_1,mainline,,normal,none,commit
BASIC-03,basic_01_06_900_bugcheck_20260605,577,57.70000000000055,B03_MV,cav,not_applicable,7244.22511075367,-3.5,0.4346702884092095,4.0,on_ramp,on_ramp_mv,,normal,not_started,commit
BASIC-03,basic_01_06_900_bugcheck_20260605,577,57.70000000000055,B03_CLV,cav,not_applicable,8364.000000001346,0.0,29.999999999434053,2.358106598876475e-10,lane_2,mainline,,normal,none,commit
BASIC-03,basic_01_06_900_bugcheck_20260605,577,57.70000000000055,B03_CFV,cav,not_applicable,8321.59295219666,0.0,29.99014188144695,-0.44305013627183754,lane_2,mainline,,normal,none,commit
BASIC-03,basic_01_06_900_bugcheck_20260605,577,57.70000000000055,B03_TLV_CFV,cav,not_applicable,8315.238311338328,3.5,30.043357893327492,0.7918276112233097,lane_1,mainline,,normal,none,commit
BASIC-03,basic_01_06_900_bugcheck_20260605,577,57.70000000000055,B03_TLV_CLV,cav,not_applicable,8357.620000002262,3.5,29.999999999057085,3.9288181596930375e-10,lane_1,mainline,,normal,none,commit
BASIC-03,basic_01_06_900_bugcheck_20260605,578,57.80000000000055,B03_MV,cav,not_applicable,7244.267538721782,-3.5,0.42427968112262476,4.0,on_ramp,on_ramp_mv,,normal,not_started,commit
BASIC-03,basic_01_06_900_bugcheck_20260605,578,57.80000000000055,B03_CLV,cav,not_applicable,8367.000000001291,0.0,29.99999999945669,2.2637891561316792e-10,lane_2,mainline,,normal,none,commit
BASIC-03,basic_01_06_900_bugcheck_20260605,578,57.80000000000055,B03_CFV,cav,not_applicable,8324.595614156417,0.0,30.02661959757016,0.364777161232133,lane_2,mainline,,normal,none,commit
BASIC-03,basic_01_06_900_bugcheck_20260605,578,57.80000000000055,B03_TLV_CFV,cav,not_applicable,8318.238216626298,3.5,29.999052879700308,-0.44305013627183754,lane_1,mainline,,normal,none,commit
BASIC-03,basic_01_06_900_bugcheck_20260605,578,57.80000000000055,B03_TLV_CLV,cav,not_applicable,8360.62000000217,3.5,29.9999999990948,3.7716603173976183e-10,lane_1,mainline,,normal,none,commit
BASIC-03,basic_01_06_900_bugcheck_20260605,579,57.90000000000055,B03_MV,cav,not_applicable,7244.308952467468,-3.5,0.4141374568579584,4.0,on_ramp,on_ramp_mv,,normal,not_started,commit
BASIC-03,basic_01_06_900_bugcheck_20260605,579,57.90000000000055,B03_CLV,cav,not_applicable,8370.000000001239,0.0,29.999999999478423,2.1732375898864122e-10,lane_2,mainline,,normal,none,commit
BASIC-03,basic_01_06_900_bugcheck_20260605,579,57.90000000000055,B03_CFV,cav,not_applicable,8327.590351565674,0.0,29.947374092580063,-0.792455049900982,lane_2,mainline,,normal,none,commit
BASIC-03,basic_01_06_900_bugcheck_20260605,579,57.90000000000055,B03_TLV_CFV,cav,not_applicable,8321.24176968588,3.5,30.03553059582352,0.364777161232133,lane_1,mainline,,normal,none,commit
BASIC-03,basic_01_06_900_bugcheck_20260605,579,57.90000000000055,B03_TLV_CLV,cav,not_applicable,8363.620000002084,3.5,29.99999999913101,3.620797883741034e-10,lane_1,mainline,,normal,none,commit
BASIC-03,basic_01_06_900_bugcheck_20260605,580,58.000000000000554,B03_MV,cav,not_applicable,7244.34937623528,-3.5,0.4042376781253492,4.0,on_ramp,on_ramp_mv,,normal,not_started,commit
BASIC-03,basic_01_06_900_bugcheck_20260605,580,58.000000000000554,B03_CLV,cav,not_applicable,8373.000000001188,0.0,29.999999999499284,2.0863097915935214e-10,lane_2,mainline,,normal,none,commit
BASIC-03,basic_01_06_900_bugcheck_20260605,580,58.000000000000554,B03_CFV,cav,not_applicable,8330.585877979069,0.0,29.9552641339518,0.07890041371737844,lane_2,mainline,,normal,none,commit
BASIC-03,basic_01_06_900_bugcheck_20260605,580,58.000000000000554,B03_TLV_CFV,cav,not_applicable,8324.237398194962,3.5,29.956285090833422,-0.792455049900982,lane_1,mainline,,normal,none,commit
BASIC-03,basic_01_06_900_bugcheck_20260605,580,58.000000000000554,B03_TLV_CLV,cav,not_applicable,8366.620000002,3.5,29.99999999916577,3.475960852483695e-10,lane_1,mainline,,normal,none,commit
BASIC-03,basic_01_06_900_bugcheck_20260605,581,58.100000000000556,B03_MV,cav,not_applicable,7244.388833690216,-3.5,0.3945745493681095,4.0,on_ramp,on_ramp_mv,,normal,not_started,commit
BASIC-03,basic_01_06_900_bugcheck_20260605,581,58.100000000000556,B03_CLV,cav,not_applicable,8376.00000000114,0.0,29.999999999519314,2.0028636527058554e-10,lane_2,mainline,,normal,none,commit
BASIC-03,basic_01_06_900_bugcheck_20260605,581,58.100000000000556,B03_CFV,cav,not_applicable,8333.589322668577,0.0,30.034446895074133,0.7918276112233097,lane_2,mainline,,normal,none,commit
BASIC-03,basic_01_06_900_bugcheck_20260605,581,58.100000000000556,B03_TLV_CFV,cav,not_applicable,8327.233815708183,3.5,29.96417513220516,0.07890041371737844,lane_1,mainline,,normal,none,commit
BASIC-03,basic_01_06_900_bugcheck_20260605,581,58.100000000000556,B03_TLV_CLV,cav,not_applicable,8369.62000000192,3.5,29.99999999919914,3.3369218499501585e-10,lane_1,mainline,,normal,none,commit
BASIC-03,basic_01_06_900_bugcheck_20260605,582,58.20000000000056,B03_MV,cav,not_applicable,7244.427347931573,-3.5,0.38514241356981216,4.0,on_ramp,on_ramp_mv,,normal,not_started,commit
BASIC-03,basic_01_06_900_bugcheck_20260605,582,58.20000000000056,B03_CLV,cav,not_applicable,8379.000000001095,0.0,29.99999999953854,1.9227428538215464e-10,lane_2,mainline,,normal,none,commit
BASIC-03,basic_01_06_900_bugcheck_20260605,582,58.20000000000056,B03_CFV,cav,not_applicable,8336.588336856721,0.0,29.99014188144695,-0.44305013627183754,lane_2,mainline,,normal,none,commit
BASIC-03,basic_01_06_900_bugcheck_20260605,582,58.20000000000056,B03_TLV_CFV,cav,not_applicable,8330.238151497515,3.5,30.043357893327492,0.7918276112233097,lane_1,mainline,,normal,none,commit
BASIC-03,basic_01_06_900_bugcheck_20260605,582,58.20000000000056,B03_TLV_CLV,cav,not_applicable,8372.620000001843,3.5,29.999999999231175,3.203439291610266e-10,lane_1,mainline,,normal,none,commit
BASIC-03,basic_01_06_900_bugcheck_20260605,583,58.30000000000056,B03_MV,cav,not_applicable,7244.464941506468,-3.5,0.37593574894247134,4.0,on_ramp,on_ramp_mv,,normal,not_started,commit
BASIC-03,basic_01_06_900_bugcheck_20260605,583,58.30000000000056,B03_CLV,cav,not_applicable,8382.000000001051,0.0,29.999999999557,1.8458337081028733e-10,lane_2,mainline,,normal,none,commit
BASIC-03,basic_01_06_900_bugcheck_20260605,583,58.30000000000056,B03_CFV,cav,not_applicable,8339.590998816479,0.0,30.02661959757016,0.364777161232133,lane_2,mainline,,normal,none,commit
BASIC-03,basic_01_06_900_bugcheck_20260605,583,58.30000000000056,B03_TLV_CFV,cav,not_applicable,8333.238056785485,3.5,29.999052879700308,-0.44305013627183754,lane_1,mainline,,normal,none,commit
BASIC-03,basic_01_06_900_bugcheck_20260605,583,58.30000000000056,B03_TLV_CLV,cav,not_applicable,8375.620000001769,3.5,29.999999999261927,3.0753000146432896e-10,lane_1,mainline,,normal,none,commit
BASIC-03,basic_01_06_900_bugcheck_20260605,584,58.40000000000056,B03_MV,cav,not_applicable,7244.501636423037,-3.5,0.3669491656942961,4.0,on_ramp,on_ramp_mv,,normal,not_started,commit
BASIC-03,basic_01_06_900_bugcheck_20260605,584,58.40000000000056,B03_CLV,cav,not_applicable,8385.00000000101,0.0,29.999999999574722,1.7719941070026836e-10,lane_2,mainline,,normal,none,commit
BASIC-03,basic_01_06_900_bugcheck_20260605,584,58.40000000000056,B03_CFV,cav,not_applicable,8342.585736225736,0.0,29.947374092580063,-0.792455049900982,lane_2,mainline,,normal,none,commit
BASIC-03,basic_01_06_900_bugcheck_20260605,584,58.40000000000056,B03_TLV_CFV,cav,not_applicable,8336.241609845067,3.5,30.03553059582352,0.364777161232133,lane_1,mainline,,normal,none,commit
BASIC-03,basic_01_06_900_bugcheck_20260605,584,58.40000000000056,B03_TLV_CLV,cav,not_applicable,8378.620000001698,3.5,29.99999999929145,2.9522908562285013e-10,lane_1,mainline,,normal,none,commit
BASIC-03,basic_01_06_900_bugcheck_20260605,585,58.50000000000056,B03_MV,cav,not_applicable,7244.537454163325,-3.5,0.35817740287418975,4.0,on_ramp,on_ramp_mv,,normal,not_started,commit
BASIC-03,basic_01_06_900_bugcheck_20260605,585,58.50000000000056,B03_CLV,cav,not_applicable,8388.00000000097,0.0,29.999999999591733,1.7011103636832559e-10,lane_2,mainline,,normal,none,commit
BASIC-03,basic_01_06_900_bugcheck_20260605,585,58.50000000000056,B03_CFV,cav,not_applicable,8345.58126263913,0.0,29.9552641339518,0.07890041371737844,lane_2,mainline,,normal,none,commit
BASIC-03,basic_01_06_900_bugcheck_20260605,585,58.50000000000056,B03_TLV_CFV,cav,not_applicable,8339.23723835415,3.5,29.956285090833422,-0.792455049900982,lane_1,mainline,,normal,none,commit
BASIC-03,basic_01_06_900_bugcheck_20260605,585,58.50000000000056,B03_TLV_CLV,cav,not_applicable,8381.62000000163,3.5,29.999999999319794,2.8341986535451726e-10,lane_1,mainline,,normal,none,commit
BASIC-03,basic_01_06_900_bugcheck_20260605,586,58.60000000000056,B03_MV,cav,not_applicable,7244.572415695854,-3.5,0.3496153252914733,4.0,on_ramp,on_ramp_mv,,normal,not_started,commit
BASIC-03,basic_01_06_900_bugcheck_20260605,586,58.60000000000056,B03_CLV,cav,not_applicable,8391.00000000093,0.0,29.999999999608065,1.6330687913068688e-10,lane_2,mainline,,normal,none,commit
BASIC-03,basic_01_06_900_bugcheck_20260605,586,58.60000000000056,B03_CFV,cav,not_applicable,8348.584707328639,0.0,30.034446895074133,0.7918276112233097,lane_2,mainline,,normal,none,commit
BASIC-03,basic_01_06_900_bugcheck_20260605,586,58.60000000000056,B03_TLV_CFV,cav,not_applicable,8342.23365586737,3.5,29.96417513220516,0.07890041371737844,lane_1,mainline,,normal,none,commit
BASIC-03,basic_01_06_900_bugcheck_20260605,586,58.60000000000056,B03_TLV_CLV,cav,not_applicable,8384.620000001565,3.5,29.999999999347,2.720824454627291e-10,lane_1,mainline,,normal,none,commit
BASIC-03,basic_01_06_900_bugcheck_20260605,587,58.700000000000564,B03_MV,cav,not_applicable,7244.606541487905,-3.5,0.3412579205103984,4.0,on_ramp,on_ramp_mv,,normal,not_started,commit
BASIC-03,basic_01_06_900_bugcheck_20260605,587,58.700000000000564,B03_CLV,cav,not_applicable,8394.000000000891,0.0,29.999999999623743,1.567741492181085e-10,lane_2,mainline,,normal,none,commit
BASIC-03,basic_01_06_900_bugcheck_20260605,587,58.700000000000564,B03_CFV,cav,not_applicable,8351.583721516783,0.0,29.99014188144695,-0.44305013627183754,lane_2,mainline,,normal,none,commit
BASIC-03,basic_01_06_900_bugcheck_20260605,587,58.700000000000564,B03_TLV_CFV,cav,not_applicable,8345.237991656702,3.5,30.043357893327492,0.7918276112233097,lane_1,mainline,,normal,none,commit
BASIC-03,basic_01_06_900_bugcheck_20260605,587,58.700000000000564,B03_TLV_CLV,cav,not_applicable,8387.620000001503,3.5,29.99999999937312,2.611997729218274e-10,lane_1,mainline,,normal,none,commit
BASIC-03,basic_01_06_900_bugcheck_20260605,588,58.800000000000566,B03_MV,cav,not_applicable,7244.639851517496,-3.5,0.3331002959153186,4.0,on_ramp,on_ramp_mv,,normal,not_started,commit
BASIC-03,basic_01_06_900_bugcheck_20260605,588,58.800000000000566,B03_CLV,cav,not_applicable,8397.000000000855,0.0,29.999999999638792,1.5050289903228987e-10,lane_2,mainline,,normal,none,commit
BASIC-03,basic_01_06_900_bugcheck_20260605,588,58.800000000000566,B03_CFV,cav,not_applicable,8354.58638347654,0.0,30.02661959757016,0.364777161232133,lane_2,mainline,,normal,none,commit
BASIC-03,basic_01_06_900_bugcheck_20260605,588,58.800000000000566,B03_TLV_CFV,cav,not_applicable,8348.237896944673,3.5,29.999052879700308,-0.44305013627183754,lane_1,mainline,,normal,none,commit
BASIC-03,basic_01_06_900_bugcheck_20260605,588,58.800000000000566,B03_TLV_CLV,cav,not_applicable,8390.620000001443,3.5,29.999999999398195,2.507519525352109e-10,lane_1,mainline,,normal,none,commit
BASIC-03,basic_01_06_900_bugcheck_20260605,589,58.90000000000057,B03_MV,cav,not_applicable,7244.672365285081,-3.5,0.325137675846302,4.0,on_ramp,on_ramp_mv,,normal,not_started,commit
BASIC-03,basic_01_06_900_bugcheck_20260605,589,58.90000000000057,B03_CLV,cav,not_applicable,8400.00000000082,0.0,29.99999999965324,1.444831809749303e-10,lane_2,mainline,,normal,none,commit
BASIC-03,basic_01_06_900_bugcheck_20260605,589,58.90000000000057,B03_CFV,cav,not_applicable,8357.581120885798,0.0,29.947374092580063,-0.792455049900982,lane_2,mainline,,normal,none,commit
BASIC-03,basic_01_06_900_bugcheck_20260605,589,58.90000000000057,B03_TLV_CFV,cav,not_applicable,8351.241450004254,3.5,30.03553059582352,0.364777161232133,lane_1,mainline,,normal,none,commit
BASIC-03,basic_01_06_900_bugcheck_20260605,589,58.90000000000057,B03_TLV_CLV,cav,not_applicable,8393.620000001385,3.5,29.99999999942227,2.407219312772213e-10,lane_1,mainline,,normal,none,commit
BASIC-03,basic_01_06_900_bugcheck_20260605,590,59.00000000000057,B03_MV,cav,not_applicable,7244.704101824961,-3.5,0.3173653988034455,4.0,on_ramp,on_ramp_mv,,normal,not_started,commit
BASIC-03,basic_01_06_900_bugcheck_20260605,590,59.00000000000057,B03_CLV,cav,not_applicable,8403.000000000788,0.0,29.99999999966711,1.3870362636225763e-10,lane_2,mainline,,normal,none,commit
BASIC-03,basic_01_06_900_bugcheck_20260605,590,59.00000000000057,B03_CFV,cav,not_applicable,8360.576647299193,0.0,29.9552641339518,0.07890041371737844,lane_2,mainline,,normal,none,commit
BASIC-03,basic_01_06_900_bugcheck_20260605,590,59.00000000000057,B03_TLV_CFV,cav,not_applicable,8354.237078513337,3.5,29.956285090833422,-0.792455049900982,lane_1,mainline,,normal,none,commit
BASIC-03,basic_01_06_900_bugcheck_20260605,590,59.00000000000057,B03_TLV_CLV,cav,not_applicable,8396.62000000133,3.5,29.99999999944538,2.3109265612220043e-10,lane_1,mainline,,normal,none,commit
BASIC-03,basic_01_06_900_bugcheck_20260605,591,59.10000000000057,B03_MV,cav,not_applicable,7244.735079716433,-3.5,0.30977891471815144,4.0,on_ramp,on_ramp_mv,,normal,not_started,commit
BASIC-03,basic_01_06_900_bugcheck_20260605,591,59.10000000000057,B03_CLV,cav,not_applicable,8406.000000000755,0.0,29.999999999680426,1.3315570868144277e-10,lane_2,mainline,,normal,none,commit
BASIC-03,basic_01_06_900_bugcheck_20260605,591,59.10000000000057,B03_CFV,cav,not_applicable,8363.5800919887,0.0,30.034446895074133,0.7918276112233097,lane_2,mainline,,normal,none,commit
BASIC-03,basic_01_06_900_bugcheck_20260605,591,59.10000000000057,B03_TLV_CFV,cav,not_applicable,8357.233496026558,3.5,29.96417513220516,0.07890041371737844,lane_1,mainline,,normal,none,commit
BASIC-03,basic_01_06_900_bugcheck_20260605,591,59.10000000000057,B03_TLV_CLV,cav,not_applicable,8399.620000001278,3.5,29.999999999467562,2.2184849512996153e-10,lane_1,mainline,,normal,none,commit
BASIC-03,basic_01_06_900_bugcheck_20260605,592,59.20000000000057,B03_MV,cav,not_applicable,7244.765317094661,-3.5,0.3023737822894106,4.0,on_ramp,on_ramp_mv,,normal,not_started,commit
BASIC-03,basic_01_06_900_bugcheck_20260605,592,59.20000000000057,B03_CLV,cav,not_applicable,8409.000000000724,0.0,29.99999999969321,1.2782948033418507e-10,lane_2,mainline,,normal,none,commit
BASIC-03,basic_01_06_900_bugcheck_20260605,592,59.20000000000057,B03_CFV,cav,not_applicable,8366.579106176845,0.0,29.99014188144695,-0.44305013627183754,lane_2,mainline,,normal,none,commit
BASIC-03,basic_01_06_900_bugcheck_20260605,592,59.20000000000057,B03_TLV_CFV,cav,not_applicable,8360.23783181589,3.5,30.043357893327492,0.7918276112233097,lane_1,mainline,,normal,none,commit
BASIC-03,basic_01_06_900_bugcheck_20260605,592,59.20000000000057,B03_TLV_CLV,cav,not_applicable,8402.620000001227,3.5,29.99999999948886,2.129752374457894e-10,lane_1,mainline,,normal,none,commit
BASIC-03,basic_01_06_900_bugcheck_20260605,593,59.30000000000057,B03_MV,cav,not_applicable,7244.7948316613,-3.5,0.295145666383351,4.0,on_ramp,on_ramp_mv,,normal,not_started,commit
BASIC-03,basic_01_06_900_bugcheck_20260605,593,59.30000000000057,B03_CLV,cav,not_applicable,8412.000000000695,0.0,29.99999999970548,1.2271641480765538e-10,lane_2,mainline,,normal,none,commit
BASIC-03,basic_01_06_900_bugcheck_20260605,593,59.30000000000057,B03_CFV,cav,not_applicable,8369.581768136602,0.0,30.02661959757016,0.364777161232133,lane_2,mainline,,normal,none,commit
BASIC-03,basic_01_06_900_bugcheck_20260605,593,59.30000000000057,B03_TLV_CFV,cav,not_applicable,8363.23773710386,3.5,29.999052879700308,-0.44305013627183754,lane_1,mainline,,normal,none,commit
BASIC-03,basic_01_06_900_bugcheck_20260605,593,59.30000000000057,B03_TLV_CLV,cav,not_applicable,8405.620000001178,3.5,29.999999999509306,2.044558300440258e-10,lane_1,mainline,,normal,none,commit
BASIC-03,basic_01_06_900_bugcheck_20260605,594,59.400000000000574,B03_MV,cav,not_applicable,7244.82364069485,-3.5,0.28809033549561924,4.0,on_ramp,on_ramp_mv,,normal,not_started,commit
BASIC-03,basic_01_06_900_bugcheck_20260605,594,59.400000000000574,B03_CLV,cav,not_applicable,8415.000000000666,0.0,29.99999999971726,1.178079855890246e-10,lane_2,mainline,,normal,none,commit
BASIC-03,basic_01_06_900_bugcheck_20260605,594,59.400000000000574,B03_CFV,cav,not_applicable,8372.57650554586,0.0,29.947374092580063,-0.792455049900982,lane_2,mainline,,normal,none,commit
BASIC-03,basic_01_06_900_bugcheck_20260605,594,59.400000000000574,B03_TLV_CFV,cav,not_applicable,8366.241290163442,3.5,30.03553059582352,0.364777161232133,lane_1,mainline,,normal,none,commit
BASIC-03,basic_01_06_900_bugcheck_20260605,594,59.400000000000574,B03_TLV_CLV,cav,not_applicable,8408.62000000113,3.5,29.999999999528935,1.9627748315542705e-10,lane_1,mainline,,normal,none,commit
BASIC-03,basic_01_06_900_bugcheck_20260605,595,59.500000000000576,B03_MV,cav,not_applicable,7244.851761060778,-3.5,0.28120365927441887,4.0,on_ramp,on_ramp_mv,,normal,not_started,commit
BASIC-03,basic_01_06_900_bugcheck_20260605,595,59.500000000000576,B03_CLV,cav,not_applicable,8418.000000000638,0.0,29.99999999972857,1.1309566616546363e-10,lane_2,mainline,,normal,none,commit
BASIC-03,basic_01_06_900_bugcheck_20260605,595,59.500000000000576,B03_CFV,cav,not_applicable,8375.572031959255,0.0,29.9552641339518,0.07890041371737844,lane_2,mainline,,normal,none,commit
BASIC-03,basic_01_06_900_bugcheck_20260605,595,59.500000000000576,B03_TLV_CFV,cav,not_applicable,8369.236918672525,3.5,29.956285090833422,-0.792455049900982,lane_1,mainline,,normal,none,commit
BASIC-03,basic_01_06_900_bugcheck_20260605,595,59.500000000000576,B03_TLV_CLV,cav,not_applicable,8411.620000001085,3.5,29.99999999954778,1.8842598592527794e-10,lane_1,mainline,,normal,none,commit
BASIC-03,basic_01_06_900_bugcheck_20260605,596,59.60000000000058,B03_MV,cav,not_applicable,7244.879209221388,-3.5,0.27448160610203237,4.0,on_ramp,on_ramp_mv,,normal,not_started,commit
BASIC-03,basic_01_06_900_bugcheck_20260605,596,59.60000000000058,B03_CLV,cav,not_applicable,8421.000000000613,0.0,29.999999999739426,1.0857235110961483e-10,lane_2,mainline,,normal,none,commit
BASIC-03,basic_01_06_900_bugcheck_20260605,596,59.60000000000058,B03_CFV,cav,not_applicable,8378.575476648763,0.0,30.034446895074133,0.7918276112233097,lane_2,mainline,,normal,none,commit
BASIC-03,basic_01_06_900_bugcheck_20260605,596,59.60000000000058,B03_TLV_CFV,cav,not_applicable,8372.233336185745,3.5,29.96417513220516,0.07890041371737844,lane_1,mainline,,normal,none,commit
BASIC-03,basic_01_06_900_bugcheck_20260605,596,59.60000000000058,B03_TLV_CLV,cav,not_applicable,8414.620000001041,3.5,29.99999999956587,1.808885485843348e-10,lane_1,mainline,,normal,none,commit
BASIC-03,basic_01_06_900_bugcheck_20260605,597,59.70000000000058,B03_MV,cav,not_applicable,7244.906001245461,-3.5,0.26792024073504433,4.0,on_ramp,on_ramp_mv,,normal,not_started,commit
BASIC-03,basic_01_06_900_bugcheck_20260605,597,59.70000000000058,B03_CLV,cav,not_applicable,8424.000000000588,0.0,29.99999999974985,1.042295139086491e-10,lane_2,mainline,,normal,none,commit
BASIC-03,basic_01_06_900_bugcheck_20260605,597,59.70000000000058,B03_CFV,cav,not_applicable,8381.574490836907,0.0,29.99014188144695,-0.44305013627183754,lane_2,mainline,,normal,none,commit
BASIC-03,basic_01_06_900_bugcheck_20260605,597,59.70000000000058,B03_TLV_CFV,cav,not_applicable,8375.237671975077,3.5,30.043357893327492,0.7918276112233097,lane_1,mainline,,normal,none,commit
BASIC-03,basic_01_06_900_bugcheck_20260605,597,59.70000000000058,B03_TLV_CLV,cav,not_applicable,8417.620000001,3.5,29.999999999583235,1.7365238136335394e-10,lane_1,mainline,,normal,none,commit
BASIC-03,basic_01_06_900_bugcheck_20260605,598,59.80000000000058,B03_MV,cav,not_applicable,7244.9321528176615,-3.5,0.26151572200022144,4.0,on_ramp,on_ramp_mv,,normal,not_started,commit
BASIC-03,basic_01_06_900_bugcheck_20260605,598,59.80000000000058,B03_CLV,cav,not_applicable,8427.000000000564,0.0,29.999999999759854,1.0006004913520883e-10,lane_2,mainline,,normal,none,commit
BASIC-03,basic_01_06_900_bugcheck_20260605,598,59.80000000000058,B03_CFV,cav,not_applicable,8384.577152796664,0.0,30.02661959757016,0.364777161232133,lane_2,mainline,,normal,none,commit
BASIC-03,basic_01_06_900_bugcheck_20260605,598,59.80000000000058,B03_TLV_CFV,cav,not_applicable,8378.237577263048,3.5,29.999052879700308,-0.44305013627183754,lane_1,mainline,,normal,none,commit
BASIC-03,basic_01_06_900_bugcheck_20260605,598,59.80000000000058,B03_TLV_CLV,cav,not_applicable,8420.62000000096,3.5,29.999999999599904,1.667061155785632e-10,lane_1,mainline,,normal,none,commit
BASIC-03,basic_01_06_900_bugcheck_20260605,599,59.90000000000058,B03_MV,cav,not_applicable,7244.957679247716,-3.5,0.25526430054561505,4.0,on_ramp,on_ramp_mv,,normal,not_started,commit
BASIC-03,basic_01_06_900_bugcheck_20260605,599,59.90000000000058,B03_CLV,cav,not_applicable,8430.00000000054,0.0,29.99999999976946,9.605827244740794e-11,lane_2,mainline,,normal,none,commit
BASIC-03,basic_01_06_900_bugcheck_20260605,599,59.90000000000058,B03_CFV,cav,not_applicable,8387.571890205922,0.0,29.947374092580063,-0.792455049900982,lane_2,mainline,,normal,none,commit
BASIC-03,basic_01_06_900_bugcheck_20260605,599,59.90000000000058,B03_TLV_CFV,cav,not_applicable,8381.241130322629,3.5,30.03553059582352,0.364777161232133,lane_1,mainline,,normal,none,commit
BASIC-03,basic_01_06_900_bugcheck_20260605,599,59.90000000000058,B03_TLV_CLV,cav,not_applicable,8423.620000000921,3.5,29.99999999961591,1.6003838254619042e-10,lane_1,mainline,,normal,none,commit
BASIC-03,basic_01_06_900_bugcheck_20260605,600,60.00000000000058,B03_MV,cav,not_applicable,7244.982595479381,-3.5,0.2491623166464513,4.0,on_ramp,on_ramp_mv,,normal,not_started,commit
BASIC-03,basic_01_06_900_bugcheck_20260605,600,60.00000000000058,B03_CLV,cav,not_applicable,8433.000000000518,0.0,29.999999999778684,9.221565733241733e-11,lane_2,mainline,,normal,none,commit
BASIC-03,basic_01_06_900_bugcheck_20260605,600,60.00000000000058,B03_CFV,cav,not_applicable,8390.567416619317,0.0,29.9552641339518,0.07890041371737844,lane_2,mainline,,normal,none,commit
BASIC-03,basic_01_06_900_bugcheck_20260605,600,60.00000000000058,B03_TLV_CFV,cav,not_applicable,8384.236758831712,3.5,29.956285090833422,-0.792455049900982,lane_1,mainline,,normal,none,commit
BASIC-03,basic_01_06_900_bugcheck_20260605,600,60.00000000000058,B03_TLV_CLV,cav,not_applicable,8426.620000000885,3.5,29.99999999963127,1.5363639249699191e-10,lane_1,mainline,,normal,none,commit
BASIC-03,basic_01_06_900_bugcheck_20260605,601,60.100000000000584,B03_MV,cav,not_applicable,7245.006916099188,-3.5,0.24320619806189508,4.0,on_ramp,on_ramp_mv,,normal,not_started,commit
BASIC-03,basic_01_06_900_bugcheck_20260605,601,60.100000000000584,B03_CLV,cav,not_applicable,8436.000000000497,0.0,29.999999999787537,8.852651944835088e-11,lane_2,mainline,,normal,none,commit
BASIC-03,basic_01_06_900_bugcheck_20260605,601,60.100000000000584,B03_CFV,cav,not_applicable,8393.570861308825,0.0,30.034446895074133,0.7918276112233097,lane_2,mainline,,normal,none,commit
BASIC-03,basic_01_06_900_bugcheck_20260605,601,60.100000000000584,B03_TLV_CFV,cav,not_applicable,8387.233176344933,3.5,29.96417513220516,0.07890041371737844,lane_1,mainline,,normal,none,commit
BASIC-03,basic_01_06_900_bugcheck_20260605,601,60.100000000000584,B03_TLV_CLV,cav,not_applicable,8429.62000000085,3.5,29.999999999646022,1.4749161891813857e-10,lane_1,mainline,,normal,none,commit
BASIC-03,basic_01_06_900_bugcheck_20260605,602,60.200000000000585,B03_MV,cav,not_applicable,7245.030655344983,-3.5,0.237392457943993,4.0,on_ramp,on_ramp_mv,,normal,not_started,commit
BASIC-03,basic_01_06_900_bugcheck_20260605,602,60.200000000000585,B03_CLV,cav,not_applicable,8439.000000000477,0.0,29.999999999796035,8.498517445332255e-11,lane_2,mainline,,normal,none,commit
BASIC-03,basic_01_06_900_bugcheck_20260605,602,60.200000000000585,B03_CFV,cav,not_applicable,8396.569875496969,0.0,29.99014188144695,-0.44305013627183754,lane_2,mainline,,normal,none,commit
BASIC-03,basic_01_06_900_bugcheck_20260605,602,60.200000000000585,B03_TLV_CFV,cav,not_applicable,8390.237512134265,3.5,30.043357893327492,0.7918276112233097,lane_1,mainline,,normal,none,commit
BASIC-03,basic_01_06_900_bugcheck_20260605,602,60.200000000000585,B03_TLV_CLV,cav,not_applicable,8432.620000000816,3.5,29.99999999966018,1.415912720403867e-10,lane_1,mainline,,normal,none,commit
BASIC-03,basic_01_06_900_bugcheck_20260605,603,60.30000000000059,B03_MV,cav,not_applicable,7245.053827114262,-3.5,0.23171769279640306,4.0,on_ramp,on_ramp_mv,,normal,not_started,commit
BASIC-03,basic_01_06_900_bugcheck_20260605,603,60.30000000000059,B03_CLV,cav,not_applicable,8442.000000000457,0.0,29.999999999804192,8.158593800544623e-11,lane_2,mainline,,normal,none,commit
BASIC-03,basic_01_06_900_bugcheck_20260605,603,60.30000000000059,B03_CFV,cav,not_applicable,8399.572537456726,0.0,30.02661959757016,0.364777161232133,lane_2,mainline,,normal,none,commit
BASIC-03,basic_01_06_900_bugcheck_20260605,603,60.30000000000059,B03_TLV_CFV,cav,not_applicable,8393.237417422235,3.5,29.999052879700308,-0.44305013627183754,lane_1,mainline,,normal,none,commit
BASIC-03,basic_01_06_900_bugcheck_20260605,603,60.30000000000059,B03_TLV_CLV,cav,not_applicable,8435.620000000783,3.5,29.999999999673772,1.359282464363787e-10,lane_1,mainline,,normal,none,commit
BASIC-03,basic_01_06_900_bugcheck_20260605,604,60.40000000000059,B03_MV,cav,not_applicable,7245.07644497231,-3.5,0.22617858048204198,4.0,on_ramp,on_ramp_mv,,normal,not_started,commit
BASIC-03,basic_01_06_900_bugcheck_20260605,604,60.40000000000059,B03_CLV,cav,not_applicable,8445.000000000438,0.0,29.999999999812026,7.832312576283584e-11,lane_2,mainline,,normal,none,commit
BASIC-03,basic_01_06_900_bugcheck_20260605,604,60.40000000000059,B03_CFV,cav,not_applicable,8402.567274865984,0.0,29.947374092580063,-0.792455049900982,lane_2,mainline,,normal,none,commit
BASIC-03,basic_01_06_900_bugcheck_20260605,604,60.40000000000059,B03_TLV_CFV,cav,not_applicable,8396.240970481816,3.5,30.03553059582352,0.364777161232133,lane_1,mainline,,normal,none,commit
BASIC-03,basic_01_06_900_bugcheck_20260605,604,60.40000000000059,B03_TLV_CLV,cav,not_applicable,8438.620000000752,3.5,29.99999999968682,1.304911734223424e-10,lane_1,mainline,,normal,none,commit
BASIC-03,basic_01_06_900_bugcheck_20260605,605,60.50000000000059,B03_MV,cav,not_applicable,7245.098522160138,-3.5,0.22077187827791067,4.0,on_ramp,on_ramp_mv,,normal,not_started,commit
BASIC-03,basic_01_06_900_bugcheck_20260605,605,60.50000000000059,B03_CLV,cav,not_applicable,8448.00000000042,0.0,29.999999999819543,7.51896322981338e-11,lane_2,mainline,,normal,none,commit
BASIC-03,basic_01_06_900_bugcheck_20260605,605,60.50000000000059,B03_CFV,cav,not_applicable,8405.562801279379,0.0,29.9552641339518,0.07890041371737844,lane_2,mainline,,normal,none,commit
BASIC-03,basic_01_06_900_bugcheck_20260605,605,60.50000000000059,B03_TLV_CFV,cav,not_applicable,8399.2365989909,3.5,29.956285090833422,-0.792455049900982,lane_1,mainline,,normal,none,commit
BASIC-03,basic_01_06_900_bugcheck_20260605,605,60.50000000000059,B03_TLV_CLV,cav,not_applicable,8441.620000000721,3.5,29.999999999699348,1.2527152648544871e-10,lane_1,mainline,,normal,none,commit
BASIC-03,basic_01_06_900_bugcheck_20260605,606,60.60000000000059,B03_MV,cav,not_applicable,7245.120071602235,-3.5,0.21549442097688026,4.0,on_ramp,on_ramp_mv,,normal,not_started,commit
BASIC-03,basic_01_06_900_bugcheck_20260605,606,60.60000000000059,B03_CLV,cav,not_applicable,8451.000000000402,0.0,29.999999999826763,7.218261544039707e-11,lane_2,mainline,,normal,none,commit
BASIC-03,basic_01_06_900_bugcheck_20260605,606,60.60000000000059,B03_CFV,cav,not_applicable,8408.566245968887,0.0,30.034446895074133,0.7918276112233097,lane_2,mainline,,normal,none,commit
BASIC-03,basic_01_06_900_bugcheck_20260605,606,60.60000000000059,B03_TLV_CFV,cav,not_applicable,8402.23301650412,3.5,29.96417513220516,0.07890041371737844,lane_1,mainline,,normal,none,commit
BASIC-03,basic_01_06_900_bugcheck_20260605,606,60.60000000000059,B03_TLV_CLV,cav,not_applicable,8444.620000000692,3.5,29.999999999711374,1.2026077911286848e-10,lane_1,mainline,,normal,none,commit
BASIC-03,basic_01_06_900_bugcheck_20260605,607,60.70000000000059,B03_MV,cav,not_applicable,7245.141105914138,-3.5,0.21034311903491723,4.0,on_ramp,on_ramp_mv,,normal,not_started,commit
BASIC-03,basic_01_06_900_bugcheck_20260605,607,60.70000000000059,B03_CLV,cav,not_applicable,8454.000000000386,0.0,29.99999999983369,6.929496976226801e-11,lane_2,mainline,,normal,none,commit
BASIC-03,basic_01_06_900_bugcheck_20260605,607,60.70000000000059,B03_CFV,cav,not_applicable,8411.565260157031,0.0,29.99014188144695,-0.44305013627183754,lane_2,mainline,,normal,none,commit
BASIC-03,basic_01_06_900_bugcheck_20260605,607,60.70000000000059,B03_TLV_CFV,cav,not_applicable,8405.237352293452,3.5,30.043357893327492,0.7918276112233097,lane_1,mainline,,normal,none,commit
BASIC-03,basic_01_06_900_bugcheck_20260605,607,60.70000000000059,B03_TLV_CLV,cav,not_applicable,8447.620000000665,3.5,29.99999999972292,1.154504047917726e-10,lane_1,mainline,,normal,none,commit
BASIC-03,basic_01_06_900_bugcheck_20260605,608,60.800000000000594,B03_MV,cav,not_applicable,7245.161637409815,-3.5,0.20531495676200795,4.0,on_ramp,on_ramp_mv,,normal,not_started,commit
BASIC-03,basic_01_06_900_bugcheck_20260605,608,60.800000000000594,B03_CLV,cav,not_applicable,8457.00000000037,0.0,29.99999999984034,6.652385309280362e-11,lane_2,mainline,,normal,none,commit
BASIC-03,basic_01_06_900_bugcheck_20260605,608,60.800000000000594,B03_CFV,cav,not_applicable,8414.567922116788,0.0,30.02661959757016,0.364777161232133,lane_2,mainline,,normal,none,commit
BASIC-03,basic_01_06_900_bugcheck_20260605,608,60.800000000000594,B03_TLV_CFV,cav,not_applicable,8408.237257581422,3.5,29.999052879700308,-0.44305013627183754,lane_1,mainline,,normal,none,commit
BASIC-03,basic_01_06_900_bugcheck_20260605,608,60.800000000000594,B03_TLV_CLV,cav,not_applicable,8450.620000000637,3.5,29.999999999734005,1.1083187700933195e-10,lane_1,mainline,,normal,none,commit
BASIC-03,basic_01_06_900_bugcheck_20260605,609,60.900000000000595,B03_MV,cav,not_applicable,7245.181678108871,-3.5,0.20040699055700023,4.0,on_ramp,on_ramp_mv,,normal,not_started,commit
BASIC-03,basic_01_06_900_bugcheck_20260605,609,60.900000000000595,B03_CLV,cav,not_applicable,8460.000000000355,0.0,29.99999999984673,6.38635810901178e-11,lane_2,mainline,,normal,none,commit
BASIC-03,basic_01_06_900_bugcheck_20260605,609,60.900000000000595,B03_CFV,cav,not_applicable,8417.562659526046,0.0,29.947374092580063,-0.792455049900982,lane_2,mainline,,normal,none,commit
BASIC-03,basic_01_06_900_bugcheck_20260605,609,60.900000000000595,B03_TLV_CFV,cav,not_applicable,8411.240810641004,3.5,30.03553059582352,0.364777161232133,lane_1,mainline,,normal,none,commit
BASIC-03,basic_01_06_900_bugcheck_20260605,609,60.900000000000595,B03_TLV_CLV,cav,not_applicable,8453.620000000612,3.5,29.999999999744645,1.0639809033818893e-10,lane_1,mainline,,normal,none,commit
BASIC-03,basic_01_06_900_bugcheck_20260605,610,61.0000000000006,B03_MV,cav,not_applicable,7245.201239743589,-3.5,0.1956163471844052,4.0,on_ramp,on_ramp_mv,,normal,not_started,commit
BASIC-03,basic_01_06_900_bugcheck_20260605,610,61.0000000000006,B03_CLV,cav,not_applicable,8463.00000000034,0.0,29.99999999985286,6.130846941232448e-11,lane_2,mainline,,normal,none,commit
BASIC-03,basic_01_06_900_bugcheck_20260605,610,61.0000000000006,B03_CFV,cav,not_applicable,8420.55818593944,0.0,29.9552641339518,0.07890041371737844,lane_2,mainline,,normal,none,commit
BASIC-03,basic_01_06_900_bugcheck_20260605,610,61.0000000000006,B03_TLV_CFV,cav,not_applicable,8414.236439150087,3.5,29.956285090833422,-0.792455049900982,lane_1,mainline,,normal,none,commit
BASIC-03,basic_01_06_900_bugcheck_20260605,610,61.0000000000006,B03_TLV_CLV,cav,not_applicable,8456.620000000588,3.5,29.99999999975486,1.0214193935098593e-10,lane_1,mainline,,normal,none,commit
BASIC-03,basic_01_06_900_bugcheck_20260605,611,61.1000000000006,B03_MV,cav,not_applicable,7245.220333765798,-3.5,0.19094022209228984,4.0,on_ramp,on_ramp_mv,,normal,not_started,commit
BASIC-03,basic_01_06_900_bugcheck_20260605,611,61.1000000000006,B03_CLV,cav,not_applicable,8466.000000000326,0.0,29.999999999858748,5.885567588848062e-11,lane_2,mainline,,normal,none,commit
BASIC-03,basic_01_06_900_bugcheck_20260605,611,61.1000000000006,B03_CFV,cav,not_applicable,8423.561630628948,0.0,30.034446895074133,0.7918276112233097,lane_2,mainline,,normal,none,commit
BASIC-03,basic_01_06_900_bugcheck_20260605,611,61.1000000000006,B03_TLV_CFV,cav,not_applicable,8417.232856663308,3.5,29.96417513220516,0.07890041371737844,lane_1,mainline,,normal,none,commit
BASIC-03,basic_01_06_900_bugcheck_20260605,611,61.1000000000006,B03_TLV_CLV,cav,not_applicable,8459.620000000565,3.5,29.999999999764665,9.805631862036535e-11,lane_1,mainline,,normal,none,commit
BASIC-03,basic_01_06_900_bugcheck_20260605,612,61.2000000000006,B03_MV,cav,not_applicable,7245.238971353576,-3.5,0.18637587776995562,4.0,on_ramp,on_ramp_mv,,normal,not_started,commit
BASIC-03,basic_01_06_900_bugcheck_20260605,612,61.2000000000006,B03_CLV,cav,not_applicable,8469.000000000313,0.0,29.999999999864396,5.650093726217165e-11,lane_2,mainline,,normal,none,commit
BASIC-03,basic_01_06_900_bugcheck_20260605,612,61.2000000000006,B03_CFV,cav,not_applicable,8426.560644817093,0.0,29.99014188144695,-0.44305013627183754,lane_2,mainline,,normal,none,commit
BASIC-03,basic_01_06_900_bugcheck_20260605,612,61.2000000000006,B03_TLV_CFV,cav,not_applicable,8420.23719245264,3.5,30.043357893327492,0.7918276112233097,lane_1,mainline,,normal,none,commit
BASIC-03,basic_01_06_900_bugcheck_20260605,612,61.2000000000006,B03_TLV_CLV,cav,not_applicable,8462.620000000543,3.5,29.99999999977408,9.41341227189696e-11,lane_1,mainline,,normal,none,commit
BASIC-03,basic_01_06_900_bugcheck_20260605,613,61.3000000000006,B03_MV,cav,not_applicable,7245.25716341779,-3.5,0.18192064214583825,4.0,on_ramp,on_ramp_mv,,normal,not_started,commit
BASIC-03,basic_01_06_900_bugcheck_20260605,613,61.3000000000006,B03_CLV,cav,not_applicable,8472.0000000003,0.0,29.99999999986982,5.424141136245453e-11,lane_2,mainline,,normal,none,commit
BASIC-03,basic_01_06_900_bugcheck_20260605,613,61.3000000000006,B03_CFV,cav,not_applicable,8429.56330677685,0.0,30.02661959757016,0.364777161232133,lane_2,mainline,,normal,none,commit
BASIC-03,basic_01_06_900_bugcheck_20260605,613,61.3000000000006,B03_TLV_CFV,cav,not_applicable,8423.23709774061,3.5,29.999052879700308,-0.44305013627183754,lane_1,mainline,,normal,none,commit
BASIC-03,basic_01_06_900_bugcheck_20260605,613,61.3000000000006,B03_TLV_CLV,cav,not_applicable,8465.620000000521,3.5,29.999999999783117,9.036824621944107e-11,lane_1,mainline,,normal,none,commit
BASIC-03,basic_01_06_900_bugcheck_20260605,614,61.4000000000006,B03_MV,cav,not_applicable,7245.274920608493,-3.5,0.17757190702345413,4.0,on_ramp,on_ramp_mv,,normal,not_started,commit
BASIC-03,basic_01_06_900_bugcheck_20260605,614,61.4000000000006,B03_CLV,cav,not_applicable,8475.000000000287,0.0,29.99999999987503,5.2071413847443186e-11,lane_2,mainline,,normal,none,commit
BASIC-03,basic_01_06_900_bugcheck_20260605,614,61.4000000000006,B03_CFV,cav,not_applicable,8432.558044186108,0.0,29.947374092580063,-0.792455049900982,lane_2,mainline,,normal,none,commit
BASIC-03,basic_01_06_900_bugcheck_20260605,614,61.4000000000006,B03_TLV_CFV,cav,not_applicable,8426.240650800191,3.5,30.03553059582352,0.364777161232133,lane_1,mainline,,normal,none,commit
BASIC-03,basic_01_06_900_bugcheck_20260605,614,61.4000000000006,B03_TLV_CLV,cav,not_applicable,8468.620000000501,3.5,29.999999999791793,8.675300477989368e-11,lane_1,mainline,,normal,none,commit
BASIC-03,basic_01_06_900_bugcheck_20260605,615,61.500000000000604,B03_MV,cav,not_applicable,7245.292253321148,-3.5,0.17332712655365473,4.0,on_ramp,on_ramp_mv,,normal,not_started,commit
BASIC-03,basic_01_06_900_bugcheck_20260605,615,61.500000000000604,B03_CLV,cav,not_applicable,8478.000000000275,0.0,29.99999999988003,4.9988102546194573e-11,lane_2,mainline,,normal,none,commit
BASIC-03,basic_01_06_900_bugcheck_20260605,615,61.500000000000604,B03_CFV,cav,not_applicable,8435.553570599503,0.0,29.9552641339518,0.07890041371737844,lane_2,mainline,,normal,none,commit
BASIC-03,basic_01_06_900_bugcheck_20260605,615,61.500000000000604,B03_TLV_CFV,cav,not_applicable,8429.236279309274,3.5,29.956285090833422,-0.792455049900982,lane_1,mainline,,normal,none,commit
BASIC-03,basic_01_06_900_bugcheck_20260605,615,61.500000000000604,B03_TLV_CLV,cav,not_applicable,8471.620000000481,3.5,29.99999999980012,8.328271405844134e-11,lane_1,mainline,,normal,none,commit
BASIC-03,basic_01_06_900_bugcheck_20260605,616,61.600000000000605,B03_MV,cav,not_applicable,7245.309171702722,-3.5,0.16918381574514488,4.0,on_ramp,on_ramp_mv,,normal,not_started,commit
BASIC-03,basic_01_06_900_bugcheck_20260605,616,61.600000000000605,B03_CLV,cav,not_applicable,8481.000000000264,0.0,29.999999999884828,4.798863528776565e-11,lane_2,mainline,,normal,none,commit
BASIC-03,basic_01_06_900_bugcheck_20260605,616,61.600000000000605,B03_CFV,cav,not_applicable,8438.55701528901,0.0,30.034446895074133,0.7918276112233097,lane_2,mainline,,normal,none,commit
BASIC-03,basic_01_06_900_bugcheck_20260605,616,61.600000000000605,B03_TLV_CFV,cav,not_applicable,8432.232696822495,3.5,29.96417513220516,0.07890041371737844,lane_1,mainline,,normal,none,commit
BASIC-03,basic_01_06_900_bugcheck_20260605,616,61.600000000000605,B03_TLV_CLV,cav,not_applicable,8474.620000000461,3.5,29.999999999808114,7.9951689713198e-11,lane_1,mainline,,normal,none,commit
BASIC-03,basic_01_06_900_bugcheck_20260605,617,61.70000000000061,B03_MV,cav,not_applicable,7245.325685657623,-3.5,0.16513954900891747,4.0,on_ramp,on_ramp_mv,,normal,not_started,commit
BASIC-03,basic_01_06_900_bugcheck_20260605,617,61.70000000000061,B03_CLV,cav,not_applicable,8484.000000000253,0.0,29.999999999889436,4.606874881574186e-11,lane_2,mainline,,normal,none,commit
BASIC-03,basic_01_06_900_bugcheck_20260605,617,61.70000000000061,B03_CFV,cav,not_applicable,8441.556029477155,0.0,29.99014188144695,-0.44305013627183754,lane_2,mainline,,normal,none,commit
BASIC-03,basic_01_06_900_bugcheck_20260605,617,61.70000000000061,B03_TLV_CFV,cav,not_applicable,8435.237032611827,3.5,30.043357893327492,0.7918276112233097,lane_1,mainline,,normal,none,commit
BASIC-03,basic_01_06_900_bugcheck_20260605,617,61.70000000000061,B03_TLV_CLV,cav,not_applicable,8477.620000000443,3.5,29.99999999981579,7.675424740227755e-11,lane_1,mainline,,normal,none,commit
BASIC-03,basic_01_06_900_bugcheck_20260605,618,61.80000000000061,B03_MV,cav,not_applicable,7245.341804853497,-3.5,0.16119195873877826,4.0,on_ramp,on_ramp_mv,,normal,not_started,commit
BASIC-03,basic_01_06_900_bugcheck_20260605,618,61.80000000000061,B03_CLV,cav,not_applicable,8487.000000000242,0.0,29.99999999989386,4.422560095918016e-11,lane_2,mainline,,normal,none,commit
BASIC-03,basic_01_06_900_bugcheck_20260605,618,61.80000000000061,B03_CFV,cav,not_applicable,8444.558691436912,0.0,30.02661959757016,0.364777161232133,lane_2,mainline,,normal,none,commit
BASIC-03,basic_01_06_900_bugcheck_20260605,618,61.80000000000061,B03_TLV_CFV,cav,not_applicable,8438.236937899797,3.5,29.999052879700308,-0.44305013627183754,lane_1,mainline,,normal,none,commit
BASIC-03,basic_01_06_900_bugcheck_20260605,618,61.80000000000061,B03_TLV_CLV,cav,not_applicable,8480.620000000425,3.5,29.999999999823157,7.368470278379391e-11,lane_1,mainline,,normal,none,commit
BASIC-03,basic_01_06_900_bugcheck_20260605,619,61.90000000000061,B03_MV,cav,not_applicable,7245.357538726889,-3.5,0.15733873392513428,4.0,on_ramp,on_ramp_mv,,normal,not_started,commit
BASIC-03,basic_01_06_900_bugcheck_20260605,619,61.90000000000061,B03_CLV,cav,not_applicable,8490.000000000231,0.0,29.999999999898105,4.245634954713751e-11,lane_2,mainline,,normal,none,commit
BASIC-03,basic_01_06_900_bugcheck_20260605,619,61.90000000000061,B03_CFV,cav,not_applicable,8447.55342884617,0.0,29.947374092580063,-0.792455049900982,lane_2,mainline,,normal,none,commit
BASIC-03,basic_01_06_900_bugcheck_20260605,619,61.90000000000061,B03_TLV_CFV,cav,not_applicable,8441.240490959379,3.5,30.03553059582352,0.364777161232133,lane_1,mainline,,normal,none,commit
BASIC-03,basic_01_06_900_bugcheck_20260605,619,61.90000000000061,B03_TLV_CLV,cav,not_applicable,8483.620000000408,3.5,29.99999999983023,7.073737151586102e-11,lane_1,mainline,,normal,none,commit
BASIC-03,basic_01_06_900_bugcheck_20260605,620,62.00000000000061,B03_MV,cav,not_applicable,7245.37289648877,-3.5,0.15357761880226403,4.0,on_ramp,on_ramp_mv,,normal,not_started,commit
BASIC-03,basic_01_06_900_bugcheck_20260605,620,62.00000000000061,B03_CLV,cav,not_applicable,8493.000000000222,0.0,29.99999999990218,4.075815240867087e-11,lane_2,mainline,,normal,none,commit
BASIC-03,basic_01_06_900_bugcheck_20260605,620,62.00000000000061,B03_CFV,cav,not_applicable,8450.548955259565,0.0,29.9552641339518,0.07890041371737844,lane_2,mainline,,normal,none,commit
BASIC-03,basic_01_06_900_bugcheck_20260605,620,62.00000000000061,B03_TLV_CFV,cav,not_applicable,8444.236119468462,3.5,29.956285090833422,-0.792455049900982,lane_1,mainline,,normal,none,commit
BASIC-03,basic_01_06_900_bugcheck_20260605,620,62.00000000000061,B03_TLV_CLV,cav,not_applicable,8486.620000000392,3.5,29.99999999983702,6.79079903420643e-11,lane_1,mainline,,normal,none,commit
BASIC-03,basic_01_06_900_bugcheck_20260605,621,62.10000000000061,B03_MV,cav,not_applicable,7245.387887129922,-3.5,0.14990641152732914,4.0,on_ramp,on_ramp_mv,,normal,not_started,commit
BASIC-03,basic_01_06_900_bugcheck_20260605,621,62.10000000000061,B03_CLV,cav,not_applicable,8496.000000000213,0.0,29.99999999990609,3.91281673728372e-11,lane_2,mainline,,normal,none,commit
BASIC-03,basic_01_06_900_bugcheck_20260605,621,62.10000000000061,B03_CFV,cav,not_applicable,8453.552399949072,0.0,30.034446895074133,0.7918276112233097,lane_2,mainline,,normal,none,commit
BASIC-03,basic_01_06_900_bugcheck_20260605,621,62.10000000000061,B03_TLV_CFV,cav,not_applicable,8447.232536981683,3.5,29.96417513220516,0.07890041371737844,lane_1,mainline,,normal,none,commit
BASIC-03,basic_01_06_900_bugcheck_20260605,621,62.10000000000061,B03_TLV_CLV,cav,not_applicable,8489.620000000376,3.5,29.99999999984354,6.519229600598919e-11,lane_1,mainline,,normal,none,commit
BASIC-03,basic_01_06_900_bugcheck_20260605,622,62.200000000000614,B03_MV,cav,not_applicable,7245.402519426211,-3.5,0.1463229628917805,4.0,on_ramp,on_ramp_mv,,normal,not_started,commit
BASIC-03,basic_01_06_900_bugcheck_20260605,622,62.200000000000614,B03_CLV,cav,not_applicable,8499.000000000204,0.0,29.999999999909846,3.756355226869346e-11,lane_2,mainline,,normal,none,commit
BASIC-03,basic_01_06_900_bugcheck_20260605,622,62.200000000000614,B03_CFV,cav,not_applicable,8456.551414137217,0.0,29.99014188144695,-0.44305013627183754,lane_2,mainline,,normal,none,commit
BASIC-03,basic_01_06_900_bugcheck_20260605,622,62.200000000000614,B03_TLV_CFV,cav,not_applicable,8450.236872771015,3.5,30.043357893327492,0.7918276112233097,lane_1,mainline,,normal,none,commit
BASIC-03,basic_01_06_900_bugcheck_20260605,622,62.200000000000614,B03_TLV_CLV,cav,not_applicable,8492.620000000361,3.5,29.9999999998498,6.258460416574962e-11,lane_1,mainline,,normal,none,commit
BASIC-03,basic_01_06_900_bugcheck_20260605,623,62.300000000000615,B03_MV,cav,not_applicable,7245.4168019437175,-3.5,0.14282517506276715,4.0,on_ramp,on_ramp_mv,,normal,not_started,commit
BASIC-03,basic_01_06_900_bugcheck_20260605,623,62.300000000000615,B03_CLV,cav,not_applicable,8502.000000000195,0.0,29.999999999913452,3.606146492529661e-11,lane_2,mainline,,normal,none,commit
BASIC-03,basic_01_06_900_bugcheck_20260605,623,62.300000000000615,B03_CFV,cav,not_applicable,8459.554076096974,0.0,30.02661959757016,0.364777161232133,lane_2,mainline,,normal,none,commit
BASIC-03,basic_01_06_900_bugcheck_20260605,623,62.300000000000615,B03_TLV_CFV,cav,not_applicable,8453.236778058985,3.5,29.999052879700308,-0.44305013627183754,lane_1,mainline,,normal,none,commit
BASIC-03,basic_01_06_900_bugcheck_20260605,623,62.300000000000615,B03_TLV_CLV,cav,not_applicable,8495.620000000346,3.5,29.999999999855806,6.008065156493103e-11,lane_1,mainline,,normal,none,commit
BASIC-03,basic_01_06_900_bugcheck_20260605,624,62.40000000000062,B03_MV,cav,not_applicable,7245.430743043753,-3.5,0.13941100035541715,4.0,on_ramp,on_ramp_mv,,normal,not_started,commit
BASIC-03,basic_01_06_900_bugcheck_20260605,624,62.40000000000062,B03_CLV,cav,not_applicable,8505.000000000186,0.0,29.999999999916913,3.46190631717036e-11,lane_2,mainline,,normal,none,commit
BASIC-03,basic_01_06_900_bugcheck_20260605,624,62.40000000000062,B03_CFV,cav,not_applicable,8462.548813506231,0.0,29.947374092580063,-0.792455049900982,lane_2,mainline,,normal,none,commit
BASIC-03,basic_01_06_900_bugcheck_20260605,624,62.40000000000062,B03_TLV_CFV,cav,not_applicable,8456.240331118566,3.5,30.03553059582352,0.364777161232133,lane_1,mainline,,normal,none,commit
BASIC-03,basic_01_06_900_bugcheck_20260605,624,62.40000000000062,B03_TLV_CLV,cav,not_applicable,8498.620000000332,3.5,29.999999999861572,5.7677596032590376e-11,lane_1,mainline,,normal,none,commit
BASIC-03,basic_01_06_900_bugcheck_20260605,625,62.50000000000062,B03_MV,cav,not_applicable,7245.444350887757,-3.5,0.13607844003381717,4.0,on_ramp,on_ramp_mv,,normal,not_started,commit
BASIC-03,basic_01_06_900_bugcheck_20260605,625,62.50000000000062,B03_CLV,cav,not_applicable,8508.000000000178,0.0,29.999999999920234,3.323492592244293e-11,lane_2,mainline,,normal,none,commit
BASIC-03,basic_01_06_900_bugcheck_20260605,625,62.50000000000062,B03_CFV,cav,not_applicable,8465.544339919627,0.0,29.9552641339518,0.07890041371737844,lane_2,mainline,,normal,none,commit
BASIC-03,basic_01_06_900_bugcheck_20260605,625,62.50000000000062,B03_TLV_CFV,cav,not_applicable,8459.23595962765,3.5,29.956285090833422,-0.792455049900982,lane_1,mainline,,normal,none,commit
BASIC-03,basic_01_06_900_bugcheck_20260605,625,62.50000000000062,B03_TLV_CLV,cav,not_applicable,8501.62000000032,3.5,29.99999999986711,5.537117431231309e-11,lane_1,mainline,,normal,none,commit
BASIC-03,basic_01_06_900_bugcheck_20260605,626,62.60000000000062,B03_MV,cav,not_applicable,7245.457633442071,-3.5,0.13282554314090736,4.0,on_ramp,on_ramp_mv,,normal,not_started,commit
BASIC-03,basic_01_06_900_bugcheck_20260605,626,62.60000000000062,B03_CLV,cav,not_applicable,8511.000000000171,0.0,29.999999999923425,3.190621100657154e-11,lane_2,mainline,,normal,none,commit
BASIC-03,basic_01_06_900_bugcheck_20260605,626,62.60000000000062,B03_CFV,cav,not_applicable,8468.547784609134,0.0,30.034446895074133,0.7918276112233097,lane_2,mainline,,normal,none,commit
BASIC-03,basic_01_06_900_bugcheck_20260605,626,62.60000000000062,B03_TLV_CFV,cav,not_applicable,8462.23237714087,3.5,29.96417513220516,0.07890041371737844,lane_1,mainline,,normal,none,commit
BASIC-03,basic_01_06_900_bugcheck_20260605,626,62.60000000000062,B03_TLV_CLV,cav,not_applicable,8504.620000000306,3.5,29.999999999872426,5.3155702062213095e-11,lane_1,mainline,,normal,none,commit
BASIC-03,basic_01_06_900_bugcheck_20260605,627,62.70000000000062,B03_MV,cav,not_applicable,7245.470598482607,-3.5,0.12965040535663974,4.0,on_ramp,on_ramp_mv,,normal,not_started,commit
BASIC-03,basic_01_06_900_bugcheck_20260605,627,62.70000000000062,B03_CLV,cav,not_applicable,8514.000000000164,0.0,29.999999999926487,3.06300762531464e-11,lane_2,mainline,,normal,none,commit
BASIC-03,basic_01_06_900_bugcheck_20260605,627,62.70000000000062,B03_CFV,cav,not_applicable,8471.546798797279,0.0,29.99014188144695,-0.44305013627183754,lane_2,mainline,,normal,none,commit
BASIC-03,basic_01_06_900_bugcheck_20260605,627,62.70000000000062,B03_TLV_CFV,cav,not_applicable,8465.236712930202,3.5,30.043357893327492,0.7918276112233097,lane_1,mainline,,normal,none,commit
BASIC-03,basic_01_06_900_bugcheck_20260605,627,62.70000000000062,B03_TLV_CLV,cav,not_applicable,8507.620000000294,3.5,29.999999999877527,5.1029758196818876e-11,lane_1,mainline,,normal,none,commit
BASIC-03,basic_01_06_900_bugcheck_20260605,628,62.80000000000062,B03_MV,cav,not_applicable,7245.4832535993955,-3.5,0.1265511678826607,4.0,on_ramp,on_ramp_mv,,normal,not_started,commit
BASIC-03,basic_01_06_900_bugcheck_20260605,628,62.80000000000062,B03_CLV,cav,not_applicable,8517.000000000156,0.0,29.99999999992943,2.940510057669599e-11,lane_2,mainline,,normal,none,commit
BASIC-03,basic_01_06_900_bugcheck_20260605,628,62.80000000000062,B03_CFV,cav,not_applicable,8474.549460757036,0.0,30.02661959757016,0.364777161232133,lane_2,mainline,,normal,none,commit
BASIC-03,basic_01_06_900_bugcheck_20260605,628,62.80000000000062,B03_TLV_CFV,cav,not_applicable,8468.236618218172,3.5,29.999052879700308,-0.44305013627183754,lane_1,mainline,,normal,none,commit
BASIC-03,basic_01_06_900_bugcheck_20260605,628,62.80000000000062,B03_TLV_CLV,cav,not_applicable,8510.620000000283,3.5,29.999999999882426,4.898907945971587e-11,lane_1,mainline,,normal,none,commit
BASIC-03,basic_01_06_900_bugcheck_20260605,629,62.900000000000624,B03_MV,cav,not_applicable,7245.495606201031,-3.5,0.12352601635460471,4.0,on_ramp,on_ramp_mv,,normal,not_started,commit
BASIC-03,basic_01_06_900_bugcheck_20260605,629,62.900000000000624,B03_CLV,cav,not_applicable,8520.00000000015,0.0,29.999999999932253,2.822844180627726e-11,lane_2,mainline,,normal,none,commit
BASIC-03,basic_01_06_900_bugcheck_20260605,629,62.900000000000624,B03_CFV,cav,not_applicable,8477.544198166293,0.0,29.947374092580063,-0.792455049900982,lane_2,mainline,,normal,none,commit
BASIC-03,basic_01_06_900_bugcheck_20260605,629,62.900000000000624,B03_TLV_CFV,cav,not_applicable,8471.240171277754,3.5,30.03553059582352,0.364777161232133,lane_1,mainline,,normal,none,commit
BASIC-03,basic_01_06_900_bugcheck_20260605,629,62.900000000000624,B03_TLV_CLV,cav,not_applicable,8513.620000000272,3.5,29.99999999988713,4.702940259448951e-11,lane_1,mainline,,normal,none,commit
BASIC-03,basic_01_06_900_bugcheck_20260605,630,63.000000000000625,B03_MV,cav,not_applicable,7245.507663519009,-3.5,0.12057317977982504,4.0,on_ramp,on_ramp_mv,,normal,not_started,commit
BASIC-03,basic_01_06_900_bugcheck_20260605,630,63.000000000000625,B03_CLV,cav,not_applicable,8523.000000000142,0.0,29.999999999934964,2.7098678856418702e-11,lane_2,mainline,,normal,none,commit
BASIC-03,basic_01_06_900_bugcheck_20260605,630,63.000000000000625,B03_CFV,cav,not_applicable,8480.539724579688,0.0,29.9552641339518,0.07890041371737844,lane_2,mainline,,normal,none,commit
BASIC-03,basic_01_06_900_bugcheck_20260605,630,63.000000000000625,B03_TLV_CFV,cav,not_applicable,8474.235799786837,3.5,29.956285090833422,-0.792455049900982,lane_1,mainline,,normal,none,commit
BASIC-03,basic_01_06_900_bugcheck_20260605,630,63.000000000000625,B03_TLV_CLV,cav,not_applicable,8516.620000000261,3.5,29.999999999891646,4.5147885430196766e-11,lane_1,mainline,,normal,none,commit
BASIC-03,basic_01_06_900_bugcheck_20260605,631,63.10000000000063,B03_MV,cav,not_applicable,7245.519432611959,-3.5,0.11769092949990936,4.0,on_ramp,on_ramp_mv,,normal,not_started,commit
BASIC-03,basic_01_06_900_bugcheck_20260605,631,63.10000000000063,B03_CLV,cav,not_applicable,8526.000000000136,0.0,29.999999999937565,2.601439064164879e-11,lane_2,mainline,,normal,none,commit
BASIC-03,basic_01_06_900_bugcheck_20260605,631,63.10000000000063,B03_CFV,cav,not_applicable,8483.543169269196,0.0,30.034446895074133,0.7918276112233097,lane_2,mainline,,normal,none,commit
BASIC-03,basic_01_06_900_bugcheck_20260605,631,63.10000000000063,B03_TLV_CFV,cav,not_applicable,8477.232217300058,3.5,29.96417513220516,0.07890041371737844,lane_1,mainline,,normal,none,commit
BASIC-03,basic_01_06_900_bugcheck_20260605,631,63.10000000000063,B03_TLV_CLV,cav,not_applicable,8519.62000000025,3.5,29.99999999989598,4.334168579589459e-11,lane_1,mainline,,normal,none,commit
BASIC-03,basic_01_06_900_bugcheck_20260605,632,63.20000000000063,B03_MV,cav,not_applicable,7245.530920369777,-3.5,0.11487757817993681,4.0,on_ramp,on_ramp_mv,,normal,not_started,commit
BASIC-03,basic_01_06_900_bugcheck_20260605,632,63.20000000000063,B03_CLV,cav,not_applicable,8529.000000000131,0.0,29.999999999940062,2.4974156076496003e-11,lane_2,mainline,,normal,none,commit
BASIC-03,basic_01_06_900_bugcheck_20260605,632,63.20000000000063,B03_CFV,cav,not_applicable,8486.54218345734,0.0,29.99014188144695,-0.44305013627183754,lane_2,mainline,,normal,none,commit
BASIC-03,basic_01_06_900_bugcheck_20260605,632,63.20000000000063,B03_TLV_CFV,cav,not_applicable,8480.23655308939,3.5,30.043357893327492,0.7918276112233097,lane_1,mainline,,normal,none,commit
BASIC-03,basic_01_06_900_bugcheck_20260605,632,63.20000000000063,B03_TLV_CLV,cav,not_applicable,8522.62000000024,3.5,29.99999999990014,4.160796152063995e-11,lane_1,mainline,,normal,none,commit
BASIC-03,basic_01_06_900_bugcheck_20260605,633,63.30000000000063,B03_MV,cav,not_applicable,7245.542133517659,-3.5,0.11213147881969365,4.0,on_ramp,on_ramp_mv,,normal,not_started,commit
BASIC-03,basic_01_06_900_bugcheck_20260605,633,63.30000000000063,B03_CLV,cav,not_applicable,8532.000000000126,0.0,29.99999999994246,2.3975132990017302e-11,lane_2,mainline,,normal,none,commit
BASIC-03,basic_01_06_900_bugcheck_20260605,633,63.30000000000063,B03_CFV,cav,not_applicable,8489.544845417098,0.0,30.02661959757016,0.364777161232133,lane_2,mainline,,normal,none,commit
BASIC-03,basic_01_06_900_bugcheck_20260605,633,63.30000000000063,B03_TLV_CFV,cav,not_applicable,8483.23645837736,3.5,29.999052879700308,-0.44305013627183754,lane_1,mainline,,normal,none,commit
BASIC-03,basic_01_06_900_bugcheck_20260605,633,63.30000000000063,B03_TLV_CLV,cav,not_applicable,8525.620000000232,3.5,29.999999999904134,3.9943870433489795e-11,lane_1,mainline,,normal,none,commit
BASIC-03,basic_01_06_900_bugcheck_20260605,634,63.40000000000063,B03_MV,cav,not_applicable,7245.553078620038,-3.5,0.10945102378989109,4.0,on_ramp,on_ramp_mv,,normal,not_started,commit
BASIC-03,basic_01_06_900_bugcheck_20260605,634,63.40000000000063,B03_CLV,cav,not_applicable,8535.00000000012,0.0,29.999999999944762,2.3015900296741167e-11,lane_2,mainline,,normal,none,commit
BASIC-03,basic_01_06_900_bugcheck_20260605,634,63.40000000000063,B03_CFV,cav,not_applicable,8492.539582826355,0.0,29.947374092580063,-0.792455049900982,lane_2,mainline,,normal,none,commit
BASIC-03,basic_01_06_900_bugcheck_20260605,634,63.40000000000063,B03_TLV_CFV,cav,not_applicable,8486.240011436941,3.5,30.03553059582352,0.364777161232133,lane_1,mainline,,normal,none,commit
BASIC-03,basic_01_06_900_bugcheck_20260605,634,63.40000000000063,B03_TLV_CLV,cav,not_applicable,8528.620000000223,3.5,29.999999999907967,3.834657036350109e-11,lane_1,mainline,,normal,none,commit
BASIC-03,basic_01_06_900_bugcheck_20260605,635,63.50000000000063,B03_MV,cav,not_applicable,7245.563762084427,-3.5,0.10683464389077642,4.0,on_ramp,on_ramp_mv,,normal,not_started,commit
BASIC-03,basic_01_06_900_bugcheck_20260605,635,63.50000000000063,B03_CLV,cav,not_applicable,8538.000000000115,0.0,29.999999999946972,2.2095036911196078e-11,lane_2,mainline,,normal,none,commit
BASIC-03,basic_01_06_900_bugcheck_20260605,635,63.50000000000063,B03_CFV,cav,not_applicable,8495.53510923975,0.0,29.9552641339518,0.07890041371737844,lane_2,mainline,,normal,none,commit
BASIC-03,basic_01_06_900_bugcheck_20260605,635,63.50000000000063,B03_TLV_CFV,cav,not_applicable,8489.235639946024,3.5,29.956285090833422,-0.792455049900982,lane_1,mainline,,normal,none,commit
BASIC-03,basic_01_06_900_bugcheck_20260605,635,63.50000000000063,B03_TLV_CLV,cav,not_applicable,8531.620000000214,3.5,29.999999999911648,3.681321913973079e-11,lane_1,mainline,,normal,none,commit
BASIC-03,basic_01_06_900_bugcheck_20260605,636,63.600000000000634,B03_MV,cav,not_applicable,7245.574190165171,-3.5,0.10428080743378974,4.0,on_ramp,on_ramp_mv,,normal,not_started,commit
BASIC-03,basic_01_06_900_bugcheck_20260605,636,63.600000000000634,B03_CLV,cav,not_applicable,8541.00000000011,0.0,29.999999999949093,2.1211121747910513e-11,lane_2,mainline,,normal,none,commit
BASIC-03,basic_01_06_900_bugcheck_20260605,636,63.600000000000634,B03_CFV,cav,not_applicable,8498.538553929258,0.0,30.034446895074133,0.7918276112233097,lane_2,mainline,,normal,none,commit
BASIC-03,basic_01_06_900_bugcheck_20260605,636,63.600000000000634,B03_TLV_CFV,cav,not_applicable,8492.232057459245,3.5,29.96417513220516,0.07890041371737844,lane_1,mainline,,normal,none,commit
BASIC-03,basic_01_06_900_bugcheck_20260605,636,63.600000000000634,B03_TLV_CLV,cav,not_applicable,8534.620000000205,3.5,29.999999999915183,3.5340974591235864e-11,lane_1,mainline,,normal,none,commit
BASIC-03,basic_01_06_900_bugcheck_20260605,637,63.700000000000635,B03_MV,cav,not_applicable,7245.584368967106,-3.5,0.1017880193447444,4.0,on_ramp,on_ramp_mv,,normal,not_started,commit
BASIC-03,basic_01_06_900_bugcheck_20260605,637,63.700000000000635,B03_CLV,cav,not_applicable,8544.000000000104,0.0,29.99999999995113,2.0362733721412952e-11,lane_2,mainline,,normal,none,commit
BASIC-03,basic_01_06_900_bugcheck_20260605,637,63.700000000000635,B03_CFV,cav,not_applicable,8501.537568117403,0.0,29.99014188144695,-0.44305013627183754,lane_2,mainline,,normal,none,commit
BASIC-03,basic_01_06_900_bugcheck_20260605,637,63.700000000000635,B03_TLV_CFV,cav,not_applicable,8495.236393248577,3.5,30.043357893327492,0.7918276112233097,lane_1,mainline,,normal,none,commit
BASIC-03,basic_01_06_900_bugcheck_20260605,637,63.700000000000635,B03_TLV_CLV,cav,not_applicable,8537.620000000197,3.5,29.999999999918575,3.3926994547073265e-11,lane_1,mainline,,normal,none,commit
BASIC-03,basic_01_06_900_bugcheck_20260605,638,63.80000000000064,B03_MV,cav,not_applicable,7245.594304449134,-3.5,0.0993548202885309,4.0,on_ramp,on_ramp_mv,,normal,not_started,commit
BASIC-03,basic_01_06_900_bugcheck_20260605,638,63.80000000000064,B03_CLV,cav,not_applicable,8547.000000000098,0.0,29.999999999953083,1.9548451746231878e-11,lane_2,mainline,,normal,none,commit
BASIC-03,basic_01_06_900_bugcheck_20260605,638,63.80000000000064,B03_CFV,cav,not_applicable,8504.54023007716,0.0,30.02661959757016,0.364777161232133,lane_2,mainline,,normal,none,commit
BASIC-03,basic_01_06_900_bugcheck_20260605,638,63.80000000000064,B03_TLV_CFV,cav,not_applicable,8498.236298536547,3.5,29.999052879700308,-0.44305013627183754,lane_1,mainline,,normal,none,commit
BASIC-03,basic_01_06_900_bugcheck_20260605,638,63.80000000000064,B03_TLV_CLV,cav,not_applicable,8540.62000000019,3.5,29.999999999921833,3.2569857921771474e-11,lane_1,mainline,,normal,none,commit
BASIC-03,basic_01_06_900_bugcheck_20260605,639,63.90000000000064,B03_MV,cav,not_applicable,7245.604002427715,-3.5,0.09697978581490993,4.0,on_ramp,on_ramp_mv,,normal,not_started,commit
BASIC-03,basic_01_06_900_bugcheck_20260605,639,63.90000000000064,B03_CLV,cav,not_applicable,8550.000000000095,0.0,29.99999999995496,1.8766854736895768e-11,lane_2,mainline,,normal,none,commit
BASIC-03,basic_01_06_900_bugcheck_20260605,639,63.90000000000064,B03_CFV,cav,not_applicable,8507.534967486417,0.0,29.947374092580063,-0.792455049900982,lane_2,mainline,,normal,none,commit
BASIC-03,basic_01_06_900_bugcheck_20260605,639,63.90000000000064,B03_TLV_CFV,cav,not_applicable,8501.239851596129,3.5,30.03553059582352,0.364777161232133,lane_1,mainline,,normal,none,commit
BASIC-03,basic_01_06_900_bugcheck_20260605,639,63.90000000000064,B03_TLV_CLV,cav,not_applicable,8543.620000000183,3.5,29.99999999992496,3.126672254438745e-11,lane_1,mainline,,normal,none,commit
BASIC-03,basic_01_06_900_bugcheck_20260605,640,64.00000000000064,B03_MV,cav,not_applicable,7245.613468580268,-3.5,0.09466152552430701,4.0,on_ramp,on_ramp_mv,,normal,not_started,commit
BASIC-03,basic_01_06_900_bugcheck_20260605,640,64.00000000000064,B03_CLV,cav,not_applicable,8553.000000000091,0.0,29.99999999995676,1.8016521607933103e-11,lane_2,mainline,,normal,none,commit
BASIC-03,basic_01_06_900_bugcheck_20260605,640,64.00000000000064,B03_CFV,cav,not_applicable,8510.530493899812,0.0,29.9552641339518,0.07890041371737844,lane_2,mainline,,normal,none,commit
BASIC-03,basic_01_06_900_bugcheck_20260605,640,64.00000000000064,B03_TLV_CFV,cav,not_applicable,8504.235480105212,3.5,29.956285090833422,-0.792455049900982,lane_1,mainline,,normal,none,commit
BASIC-03,basic_01_06_900_bugcheck_20260605,640,64.00000000000064,B03_TLV_CLV,cav,not_applicable,8546.620000000175,3.5,29.99999999992796,3.0016167329449676e-11,lane_1,mainline,,normal,none,commit
BASIC-03,basic_01_06_900_bugcheck_20260605,641,64.10000000000063,B03_MV,cav,not_applicable,7245.6227084484935,-3.5,0.09239868225404378,4.0,on_ramp,on_ramp_mv,,normal,not_started,commit
BASIC-03,basic_01_06_900_bugcheck_20260605,641,64.10000000000063,B03_CLV,cav,not_applicable,8556.000000000087,0.0,29.99999999995849,1.729603127387236e-11,lane_2,mainline,,normal,none,commit
BASIC-03,basic_01_06_900_bugcheck_20260605,641,64.10000000000063,B03_CFV,cav,not_applicable,8513.53393858932,0.0,30.034446895074133,0.7918276112233097,lane_2,mainline,,normal,none,commit
BASIC-03,basic_01_06_900_bugcheck_20260605,641,64.10000000000063,B03_TLV_CFV,cav,not_applicable,8507.231897618432,3.5,29.96417513220516,0.07890041371737844,lane_1,mainline,,normal,none,commit
BASIC-03,basic_01_06_900_bugcheck_20260605,641,64.10000000000063,B03_TLV_CLV,cav,not_applicable,8549.620000000168,3.5,29.999999999930843,2.8815350106015104e-11,lane_1,mainline,,normal,none,commit
BASIC-03,basic_01_06_900_bugcheck_20260605,642,64.20000000000063,B03_MV,cav,not_applicable,7245.631727441622,-3.5,0.09018993128413631,4.0,on_ramp,on_ramp_mv,,normal,not_started,commit
BASIC-03,basic_01_06_900_bugcheck_20260605,642,64.20000000000063,B03_CLV,cav,not_applicable,8559.000000000084,0.0,29.99999999996015,1.6603962649242022e-11,lane_2,mainline,,normal,none,commit
BASIC-03,basic_01_06_900_bugcheck_20260605,642,64.20000000000063,B03_CFV,cav,not_applicable,8516.532952777465,0.0,29.99014188144695,-0.44305013627183754,lane_2,mainline,,normal,none,commit
BASIC-03,basic_01_06_900_bugcheck_20260605,642,64.20000000000063,B03_TLV_CFV,cav,not_applicable,8510.236233407764,3.5,30.043357893327492,0.7918276112233097,lane_1,mainline,,normal,none,commit
BASIC-03,basic_01_06_900_bugcheck_20260605,642,64.20000000000063,B03_TLV_CLV,cav,not_applicable,8552.62000000016,3.5,29.99999999993361,2.7662849788612222e-11,lane_1,mainline,,normal,none,commit
BASIC-03,basic_01_06_900_bugcheck_20260605,643,64.30000000000062,B03_MV,cav,not_applicable,7245.640530839579,-3.5,0.08803397956113847,4.0,on_ramp,on_ramp_mv,,normal,not_started,commit
BASIC-03,basic_01_06_900_bugcheck_20260605,643,64.30000000000062,B03_CLV,cav,not_applicable,8562.00000000008,0.0,29.999999999961744,1.5940315734042088e-11,lane_2,mainline,,normal,none,commit
BASIC-03,basic_01_06_900_bugcheck_20260605,643,64.30000000000062,B03_CFV,cav,not_applicable,8519.535614737222,0.0,30.02661959757016,0.364777161232133,lane_2,mainline,,normal,none,commit
BASIC-03,basic_01_06_900_bugcheck_20260605,643,64.30000000000062,B03_TLV_CFV,cav,not_applicable,8513.236138695735,3.5,29.999052879700308,-0.44305013627183754,lane_1,mainline,,normal,none,commit
BASIC-03,basic_01_06_900_bugcheck_20260605,643,64.30000000000062,B03_TLV_CLV,cav,not_applicable,8555.620000000154,3.5,29.999999999936264,2.6555824206297985e-11,lane_1,mainline,,normal,none,commit
BASIC-03,basic_01_06_900_bugcheck_20260605,644,64.40000000000062,B03_MV,cav,not_applicable,7245.649123796073,-3.5,0.0859295649417697,4.0,on_ramp,on_ramp_mv,,normal,not_started,commit
BASIC-03,basic_01_06_900_bugcheck_20260605,644,64.40000000000062,B03_CLV,cav,not_applicable,8565.000000000076,0.0,29.999999999963276,1.5302248357329517e-11,lane_2,mainline,,normal,none,commit
BASIC-03,basic_01_06_900_bugcheck_20260605,644,64.40000000000062,B03_CFV,cav,not_applicable,8522.530681730354,0.0,29.95066993131734,-0.759496662528211,lane_2,mainline,,normal,none,commit
BASIC-03,basic_01_06_900_bugcheck_20260605,644,64.40000000000062,B03_TLV_CFV,cav,not_applicable,8516.239691755316,3.5,30.03553059582352,0.364777161232133,lane_1,mainline,,normal,none,commit
BASIC-03,basic_01_06_900_bugcheck_20260605,644,64.40000000000062,B03_TLV_CLV,cav,not_applicable,8558.620000000148,3.5,29.999999999938815,2.5494273359072395e-11,lane_1,mainline,,normal,none,commit
BASIC-03,basic_01_06_900_bugcheck_20260605,645,64.50000000000061,B03_MV,cav,not_applicable,7245.657511341618,-3.5,0.08387545545371825,4.0,on_ramp,on_ramp_mv,,normal,not_started,commit
BASIC-03,basic_01_06_900_bugcheck_20260605,645,64.50000000000061,B03_CLV,cav,not_applicable,8568.000000000073,0.0,29.999999999964743,1.4689760519104312e-11,lane_2,mainline,,normal,none,commit
BASIC-03,basic_01_06_900_bugcheck_20260605,645,64.50000000000061,B03_CFV,cav,not_applicable,8525.526807387156,0.0,29.961256568019575,0.10586636702237284,lane_2,mainline,,normal,none,commit
BASIC-03,basic_01_06_900_bugcheck_20260605,645,64.50000000000061,B03_TLV_CFV,cav,not_applicable,8519.235320264399,3.5,29.956285090833422,-0.792455049900982,lane_1,mainline,,normal,none,commit
BASIC-03,basic_01_06_900_bugcheck_20260605,645,64.50000000000061,B03_TLV_CLV,cav,not_applicable,8561.620000000143,3.5,29.999999999941263,2.447393399052089e-11,lane_1,mainline,,normal,none,commit
BASIC-03,basic_01_06_900_bugcheck_20260605,646,64.6000000000006,B03_MV,cav,not_applicable,7245.665698386476,-3.5,0.08187044857405462,4.0,on_ramp,on_ramp_mv,,normal,not_started,commit
BASIC-03,basic_01_06_900_bugcheck_20260605,646,64.6000000000006,B03_CLV,cav,not_applicable,8571.00000000007,0.0,29.999999999966153,1.410285221936647e-11,lane_2,mainline,,normal,none,commit
BASIC-03,basic_01_06_900_bugcheck_20260605,646,64.6000000000006,B03_CFV,cav,not_applicable,8528.531071950598,0.0,30.042645634412313,0.813890663927396,lane_2,mainline,,normal,none,commit
BASIC-03,basic_01_06_900_bugcheck_20260605,646,64.6000000000006,B03_TLV_CFV,cav,not_applicable,8522.23173777762,3.5,29.96417513220516,0.07890041371737844,lane_1,mainline,,normal,none,commit
BASIC-03,basic_01_06_900_bugcheck_20260605,646,64.6000000000006,B03_TLV_CLV,cav,not_applicable,8564.620000000137,3.5,29.99999999994361,2.3494806100643475e-11,lane_1,mainline,,normal,none,commit
BASIC-03,basic_01_06_900_bugcheck_20260605,647,64.7000000000006,B03_MV,cav,not_applicable,7245.673689723529,-3.5,0.07991337052612506,4.0,on_ramp,on_ramp_mv,,normal,not_started,commit
BASIC-03,basic_01_06_900_bugcheck_20260605,647,64.7000000000006,B03_CLV,cav,not_applicable,8574.000000000065,0.0,29.999999999967507,1.353868128717295e-11,lane_2,mainline,,normal,none,commit
BASIC-03,basic_01_06_900_bugcheck_20260605,647,64.7000000000006,B03_CFV,cav,not_applicable,8531.531086528563,0.0,30.000145779642736,-0.42499854769576695,lane_2,mainline,,normal,none,commit
BASIC-03,basic_01_06_900_bugcheck_20260605,647,64.7000000000006,B03_TLV_CFV,cav,not_applicable,8525.236073566952,3.5,30.043357893327492,0.7918276112233097,lane_1,mainline,,normal,none,commit
BASIC-03,basic_01_06_900_bugcheck_20260605,647,64.7000000000006,B03_TLV_CLV,cav,not_applicable,8567.620000000132,3.5,29.999999999945867,2.255546860396862e-11,lane_1,mainline,,normal,none,commit
BASIC-03,basic_01_06_900_bugcheck_20260605,648,64.8000000000006,B03_MV,cav,not_applicable,7245.681490031088,-3.5,0.07800307559166364,4.0,on_ramp,on_ramp_mv,,normal,not_started,commit
BASIC-03,basic_01_06_900_bugcheck_20260605,648,64.8000000000006,B03_CLV,cav,not_applicable,8577.000000000062,0.0,29.999999999968807,1.2997247722523753e-11,lane_2,mainline,,normal,none,commit
BASIC-03,basic_01_06_900_bugcheck_20260605,648,64.8000000000006,B03_CFV,cav,not_applicable,8534.534896572955,0.0,30.038100443922172,0.37954664279437256,lane_2,mainline,,normal,none,commit
BASIC-03,basic_01_06_900_bugcheck_20260605,648,64.8000000000006,B03_TLV_CFV,cav,not_applicable,8528.235978854922,3.5,29.999052879700308,-0.44305013627183754,lane_1,mainline,,normal,none,commit
BASIC-03,basic_01_06_900_bugcheck_20260605,648,64.8000000000006,B03_TLV_CLV,cav,not_applicable,8570.620000000126,3.5,29.99999999994803,2.1653079329553294e-11,lane_1,mainline,,normal,none,commit
BASIC-03,basic_01_06_900_bugcheck_20260605,649,64.90000000000059,B03_MV,cav,not_applicable,7245.689103875632,-3.5,0.0761384454402974,4.0,on_ramp,on_ramp_mv,,normal,not_started,commit
BASIC-03,basic_01_06_900_bugcheck_20260605,649,64.90000000000059,B03_CLV,cav,not_applicable,8580.000000000058,0.0,29.999999999970054,1.247713043994736e-11,lane_2,mainline,,normal,none,commit
BASIC-03,basic_01_06_900_bugcheck_20260605,649,64.90000000000059,B03_CFV,cav,not_applicable,8537.530902908062,0.0,29.960063351059894,-0.780370928622786,lane_2,mainline,,normal,none,commit
BASIC-03,basic_01_06_900_bugcheck_20260605,649,64.90000000000059,B03_TLV_CFV,cav,not_applicable,8531.239531914503,3.5,30.03553059582352,0.364777161232133,lane_1,mainline,,normal,none,commit
BASIC-03,basic_01_06_900_bugcheck_20260605,649,64.90000000000059,B03_TLV_CLV,cav,not_applicable,8573.62000000012,3.5,29.99999999995011,2.0787638277397494e-11,lane_1,mainline,,normal,none,commit
BASIC-03,basic_01_06_900_bugcheck_20260605,650,65.00000000000058,B03_MV,cav,not_applicable,7245.69653571448,-3.5,0.07431838847513969,4.0,on_ramp,on_ramp_mv,,normal,not_started,commit
BASIC-03,basic_01_06_900_bugcheck_20260605,650,65.00000000000058,B03_CLV,cav,not_applicable,8583.000000000055,0.0,29.99999999997125,1.197832943944377e-11,lane_2,mainline,,normal,none,commit
BASIC-03,basic_01_06_900_bugcheck_20260605,650,65.00000000000058,B03_CFV,cav,not_applicable,8540.527797117387,0.0,29.968942093263482,0.0887874220359024,lane_2,mainline,,normal,none,commit
BASIC-03,basic_01_06_900_bugcheck_20260605,650,65.00000000000058,B03_TLV_CFV,cav,not_applicable,8534.235160423586,3.5,29.956285090833422,-0.792455049900982,lane_1,mainline,,normal,none,commit
BASIC-03,basic_01_06_900_bugcheck_20260605,650,65.00000000000058,B03_TLV_CLV,cav,not_applicable,8576.620000000115,3.5,29.999999999952106,1.9956303276558176e-11,lane_1,mainline,,normal,none,commit
BASIC-03,basic_01_06_900_bugcheck_20260605,651,65.10000000000058,B03_MV,cav,not_applicable,7245.703789898399,-3.5,0.07254183919295021,4.0,on_ramp,on_ramp_mv,,normal,not_started,commit
BASIC-03,basic_01_06_900_bugcheck_20260605,651,65.10000000000058,B03_CLV,cav,not_applicable,8586.000000000051,0.0,29.999999999972403,1.1499423635541462e-11,lane_2,mainline,,normal,none,commit
BASIC-03,basic_01_06_900_bugcheck_20260605,651,65.10000000000058,B03_CFV,cav,not_applicable,8543.53269049653,0.0,30.048933791430056,0.7999169816657383,lane_2,mainline,,normal,none,commit
BASIC-03,basic_01_06_900_bugcheck_20260605,651,65.10000000000058,B03_TLV_CFV,cav,not_applicable,8537.231577936807,3.5,29.96417513220516,0.07890041371737844,lane_1,mainline,,normal,none,commit
BASIC-03,basic_01_06_900_bugcheck_20260605,651,65.10000000000058,B03_TLV_CLV,cav,not_applicable,8579.62000000011,3.5,29.99999999995402,1.9157653241563823e-11,lane_1,mainline,,normal,none,commit
BASIC-03,basic_01_06_900_bugcheck_20260605,652,65.20000000000057,B03_MV,cav,not_applicable,7245.710870674156,-3.5,0.0708077575614704,4.0,on_ramp,on_ramp_mv,,normal,not_started,commit
BASIC-03,basic_01_06_900_bugcheck_20260605,652,65.20000000000057,B03_CLV,cav,not_applicable,8589.00000000005,0.0,29.999999999973507,1.1038991942768917e-11,lane_2,mainline,,normal,none,commit
BASIC-03,basic_01_06_900_bugcheck_20260605,652,65.20000000000057,B03_CFV,cav,not_applicable,8546.533219560068,0.0,30.005290635384526,-0.43643156045530496,lane_2,mainline,,normal,none,commit
BASIC-03,basic_01_06_900_bugcheck_20260605,652,65.20000000000057,B03_TLV_CFV,cav,not_applicable,8540.23591372614,3.5,30.043357893327492,0.7918276112233097,lane_1,mainline,,normal,none,commit
BASIC-03,basic_01_06_900_bugcheck_20260605,652,65.20000000000057,B03_TLV_CLV,cav,not_applicable,8582.620000000106,3.5,29.99999999995586,1.8391688172414434e-11,lane_1,mainline,,normal,none,commit
BASIC-03,basic_01_06_900_bugcheck_20260605,653,65.30000000000057,B03_MV,cav,not_applicable,7245.717782186996,-3.5,0.06911512840936866,4.0,on_ramp,on_ramp_mv,,normal,not_started,commit
BASIC-03,basic_01_06_900_bugcheck_20260605,653,65.30000000000057,B03_CLV,cav,not_applicable,8592.000000000047,0.0,29.999999999974566,1.0597034361126135e-11,lane_2,mainline,,normal,none,commit
BASIC-03,basic_01_06_900_bugcheck_20260605,653,65.30000000000057,B03_CFV,cav,not_applicable,8549.537450547203,0.0,30.042309871347275,0.3701923596274778,lane_2,mainline,,normal,none,commit
BASIC-03,basic_01_06_900_bugcheck_20260605,653,65.30000000000057,B03_TLV_CFV,cav,not_applicable,8543.23581901411,3.5,29.999052879700308,-0.44305013627183754,lane_1,mainline,,normal,none,commit
BASIC-03,basic_01_06_900_bugcheck_20260605,653,65.30000000000057,B03_TLV_CLV,cav,not_applicable,8585.620000000103,3.5,29.999999999957627,1.765556589816697e-11,lane_1,mainline,,normal,none,commit
BASIC-03,basic_01_06_900_bugcheck_20260605,654,65.40000000000056,B03_MV,cav,not_applicable,7245.72452848308,-3.5,0.06746296083314367,4.0,on_ramp,on_ramp_mv,,normal,not_started,commit
BASIC-03,basic_01_06_900_bugcheck_20260605,654,65.40000000000056,B03_CLV,cav,not_applicable,8595.000000000045,0.0,29.999999999975582,1.0173550890613116e-11,lane_2,mainline,,normal,none,commit
BASIC-03,basic_01_06_900_bugcheck_20260605,654,65.40000000000056,B03_CFV,cav,not_applicable,8552.533801290007,0.0,29.963507428044068,-0.7880244330320636,lane_2,mainline,,normal,none,commit
BASIC-03,basic_01_06_900_bugcheck_20260605,654,65.40000000000056,B03_TLV_CFV,cav,not_applicable,8546.23937207369,3.5,30.03553059582352,0.364777161232133,lane_1,mainline,,normal,none,commit
BASIC-03,basic_01_06_900_bugcheck_20260605,654,65.40000000000056,B03_TLV_CLV,cav,not_applicable,8588.620000000099,3.5,29.99999999995932,1.694928641882143e-11,lane_1,mainline,,normal,none,commit
BASIC-03,basic_01_06_900_bugcheck_20260605,655,65.50000000000055,B03_MV,cav,not_applicable,7245.731113511842,-3.5,0.06585028761598527,4.0,on_ramp,on_ramp_mv,,normal,not_started,commit
BASIC-03,basic_01_06_900_bugcheck_20260605,655,65.50000000000055,B03_CLV,cav,not_applicable,8598.000000000044,0.0,29.99999999997656,9.767120445758338e-12,lane_2,mainline,,normal,none,commit
BASIC-03,basic_01_06_900_bugcheck_20260605,655,65.50000000000055,B03_CFV,cav,not_applicable,8555.53097728745,0.0,29.971759974432352,0.08252546388285709,lane_2,mainline,,normal,none,commit
BASIC-03,basic_01_06_900_bugcheck_20260605,655,65.50000000000055,B03_TLV_CFV,cav,not_applicable,8549.235000582774,3.5,29.956285090833422,-0.792455049900982,lane_1,mainline,,normal,none,commit
BASIC-03,basic_01_06_900_bugcheck_20260605,655,65.50000000000055,B03_TLV_CLV,cav,not_applicable,8591.620000000095,3.5,29.99999999996095,1.6271428648906294e-11,lane_1,mainline,,normal,none,commit
BASIC-03,basic_01_06_900_bugcheck_20260605,656,65.60000000000055,B03_MV,cav,not_applicable,7245.737541128307,-3.5,0.06427616466207152,4.0,on_ramp,on_ramp_mv,,normal,not_started,commit
BASIC-03,basic_01_06_900_bugcheck_20260605,656,65.60000000000055,B03_CLV,cav,not_applicable,8601.000000000042,0.0,29.999999999977497,9.376321941090283e-12,lane_2,mainline,,normal,none,commit
BASIC-03,basic_01_06_900_bugcheck_20260605,656,65.60000000000055,B03_CFV,cav,not_applicable,8558.536101220507,0.0,30.051239330568222,0.7947935613587013,lane_2,mainline,,normal,none,commit
BASIC-03,basic_01_06_900_bugcheck_20260605,656,65.60000000000055,B03_TLV_CFV,cav,not_applicable,8552.231418095995,3.5,29.96417513220516,0.07890041371737844,lane_1,mainline,,normal,none,commit
BASIC-03,basic_01_06_900_bugcheck_20260605,656,65.60000000000055,B03_TLV_CLV,cav,not_applicable,8594.620000000092,3.5,29.99999999996251,1.5620571502950043e-11,lane_1,mainline,,normal,none,commit
BASIC-03,basic_01_06_900_bugcheck_20260605,657,65.70000000000054,B03_MV,cav,not_applicable,7245.743815095352,-3.5,0.06273967044412779,4.0,on_ramp,on_ramp_mv,,normal,not_started,commit
BASIC-03,basic_01_06_900_bugcheck_20260605,657,65.70000000000054,B03_CLV,cav,not_applicable,8604.00000000004,0.0,29.999999999978396,9.00115537660895e-12,lane_2,mainline,,normal,none,commit
BASIC-03,basic_01_06_900_bugcheck_20260605,657,65.70000000000054,B03_CFV,cav,not_applicable,8561.536818919065,0.0,30.00717698558848,-0.4406234497974262,lane_2,mainline,,normal,none,commit
BASIC-03,basic_01_06_900_bugcheck_20260605,657,65.70000000000054,B03_TLV_CFV,cav,not_applicable,8555.235753885327,3.5,30.043357893327492,0.7918276112233097,lane_1,mainline,,normal,none,commit
BASIC-03,basic_01_06_900_bugcheck_20260605,657,65.70000000000054,B03_TLV_CLV,cav,not_applicable,8597.620000000088,3.5,29.99999999996401,1.4995293895481155e-11,lane_1,mainline,,normal,none,commit
BASIC-03,basic_01_06_900_bugcheck_20260605,658,65.80000000000054,B03_MV,cav,not_applicable,7245.749939085898,-3.5,0.06123990546294348,4.0,on_ramp,on_ramp_mv,,normal,not_started,commit
BASIC-03,basic_01_06_900_bugcheck_20260605,658,65.80000000000054,B03_CLV,cav,not_applicable,8607.000000000038,0.0,29.99999999997926,8.641620752314339e-12,lane_2,mainline,,normal,none,commit
BASIC-03,basic_01_06_900_bugcheck_20260605,658,65.80000000000054,B03_CFV,cav,not_applicable,8564.541204243944,0.0,30.04385324878687,0.36676263198392406,lane_2,mainline,,normal,none,commit
BASIC-03,basic_01_06_900_bugcheck_20260605,658,65.80000000000054,B03_TLV_CFV,cav,not_applicable,8558.235659173297,3.5,29.999052879700308,-0.44305013627183754,lane_1,mainline,,normal,none,commit
BASIC-03,basic_01_06_900_bugcheck_20260605,658,65.80000000000054,B03_TLV_CLV,cav,not_applicable,8600.620000000084,3.5,29.99999999996545,1.439559582649963e-11,lane_1,mainline,,normal,none,commit
BASIC-03,basic_01_06_900_bugcheck_20260605,659,65.90000000000053,B03_MV,cav,not_applicable,7245.755916685071,-3.5,0.059775991722107506,4.0,on_ramp,on_ramp_mv,,normal,not_started,commit
BASIC-03,basic_01_06_900_bugcheck_20260605,659,65.90000000000053,B03_CLV,cav,not_applicable,8610.000000000036,0.0,29.99999999998009,8.29629698273493e-12,lane_2,mainline,,normal,none,commit
BASIC-03,basic_01_06_900_bugcheck_20260605,659,65.90000000000053,B03_CFV,cav,not_applicable,8567.537681263084,0.0,29.964770191403737,-0.7908305738313348,lane_2,mainline,,normal,none,commit
BASIC-03,basic_01_06_900_bugcheck_20260605,659,65.90000000000053,B03_TLV_CFV,cav,not_applicable,8561.239212232878,3.5,30.03553059582352,0.364777161232133,lane_1,mainline,,normal,none,commit
BASIC-03,basic_01_06_900_bugcheck_20260605,659,65.90000000000053,B03_TLV_CLV,cav,not_applicable,8603.62000000008,3.5,29.999999999966832,1.3820056210533949e-11,lane_1,mainline,,normal,none,commit
BASIC-03,basic_01_06_900_bugcheck_20260605,660,66.00000000000053,B03_MV,cav,not_applicable,7245.761751392291,-3.5,0.05834707221296203,4.0,on_ramp,on_ramp_mv,,normal,not_started,commit
BASIC-03,basic_01_06_900_bugcheck_20260605,660,66.00000000000053,B03_CLV,cav,not_applicable,8613.000000000035,0.0,29.999999999980886,7.963762982399203e-12,lane_2,mainline,,normal,none,commit
BASIC-03,basic_01_06_900_bugcheck_20260605,660,66.00000000000053,B03_CFV,cav,not_applicable,8570.53496057753,0.0,29.9727931444539,0.08022953050163517,lane_2,mainline,,normal,none,commit
BASIC-03,basic_01_06_900_bugcheck_20260605,660,66.00000000000053,B03_TLV_CFV,cav,not_applicable,8564.234840741961,3.5,29.956285090833422,-0.792455049900982,lane_1,mainline,,normal,none,commit
BASIC-03,basic_01_06_900_bugcheck_20260605,660,66.00000000000053,B03_TLV_CLV,cav,not_applicable,8606.620000000077,3.5,29.999999999968157,1.3267253962112591e-11,lane_1,mainline,,normal,none,commit
BASIC-03,basic_01_06_900_bugcheck_20260605,661,66.10000000000052,B03_MV,cav,not_applicable,7245.767446623333,-3.5,0.05695231041347057,4.0,on_ramp,on_ramp_mv,,normal,not_started,commit
BASIC-03,basic_01_06_900_bugcheck_20260605,661,66.10000000000052,B03_CLV,cav,not_applicable,8616.000000000033,0.0,29.99999999998165,7.645439836778678e-12,lane_2,mainline,,normal,none,commit
BASIC-03,basic_01_06_900_bugcheck_20260605,661,66.10000000000052,B03_CFV,cav,not_applicable,8573.540169042679,0.0,30.05208465149494,0.7929150704104287,lane_2,mainline,,normal,none,commit
BASIC-03,basic_01_06_900_bugcheck_20260605,661,66.10000000000052,B03_TLV_CFV,cav,not_applicable,8567.231258255182,3.5,29.96417513220516,0.07890041371737844,lane_1,mainline,,normal,none,commit
BASIC-03,basic_01_06_900_bugcheck_20260605,661,66.10000000000052,B03_TLV_CLV,cav,not_applicable,8609.620000000074,3.5,29.999999999969432,1.2737189081235557e-11,lane_1,mainline,,normal,none,commit
BASIC-03,basic_01_06_900_bugcheck_20260605,662,66.20000000000051,B03_MV,cav,not_applicable,7245.773005712313,-3.5,0.05559088979795656,4.0,on_ramp,on_ramp_mv,,normal,not_started,commit
BASIC-03,basic_01_06_900_bugcheck_20260605,662,66.20000000000051,B03_CLV,cav,not_applicable,8619.000000000031,0.0,29.999999999982386,7.339906460401835e-12,lane_2,mainline,,normal,none,commit
BASIC-03,basic_01_06_900_bugcheck_20260605,662,66.20000000000051,B03_CFV,cav,not_applicable,8576.540955903858,0.0,30.00786861180125,-0.4421603969369219,lane_2,mainline,,normal,none,commit
BASIC-03,basic_01_06_900_bugcheck_20260605,662,66.20000000000051,B03_TLV_CFV,cav,not_applicable,8570.235594044514,3.5,30.043357893327492,0.7918276112233097,lane_1,mainline,,normal,none,commit
BASIC-03,basic_01_06_900_bugcheck_20260605,662,66.20000000000051,B03_TLV_CLV,cav,not_applicable,8612.62000000007,3.5,29.999999999970655,1.2227019396959805e-11,lane_1,mainline,,normal,none,commit
BASIC-03,basic_01_06_900_bugcheck_20260605,663,66.30000000000051,B03_MV,cav,not_applicable,7245.778431913649,-3.5,0.05426201335988665,4.0,on_ramp,on_ramp_mv,,normal,not_started,commit
BASIC-03,basic_01_06_900_bugcheck_20260605,663,66.30000000000051,B03_CLV,cav,not_applicable,8622.00000000003,0.0,29.99999999998309,7.045741767797154e-12,lane_2,mainline,,normal,none,commit
BASIC-03,basic_01_06_900_bugcheck_20260605,663,66.30000000000051,B03_CFV,cav,not_applicable,8579.545397816337,0.0,30.04441912477914,0.36550512977888217,lane_2,mainline,,normal,none,commit
BASIC-03,basic_01_06_900_bugcheck_20260605,663,66.30000000000051,B03_TLV_CFV,cav,not_applicable,8573.235499332484,3.5,29.999052879700308,-0.44305013627183754,lane_1,mainline,,normal,none,commit
BASIC-03,basic_01_06_900_bugcheck_20260605,663,66.30000000000051,B03_TLV_CLV,cav,not_applicable,8615.620000000066,3.5,29.999999999971827,1.1738165994756855e-11,lane_1,mainline,,normal,none,commit
BASIC-03,basic_01_06_900_bugcheck_20260605,664,66.4000000000005,B03_MV,cav,not_applicable,7245.783728403963,-3.5,0.05296490314443743,4.0,on_ramp,on_ramp_mv,,normal,not_started,commit
BASIC-03,basic_01_06_900_bugcheck_20260605,664,66.4000000000005,B03_CLV,cav,not_applicable,8625.000000000027,0.0,29.999999999983764,6.764366844436154e-12,lane_2,mainline,,normal,none,commit
BASIC-03,basic_01_06_900_bugcheck_20260605,664,66.4000000000005,B03_CFV,cav,not_applicable,8582.541921134422,0.0,29.965233180851957,-0.7918594392718237,lane_2,mainline,,normal,none,commit
BASIC-03,basic_01_06_900_bugcheck_20260605,664,66.4000000000005,B03_TLV_CFV,cav,not_applicable,8576.239052392066,3.5,30.03553059582352,0.364777161232133,lane_1,mainline,,normal,none,commit
BASIC-03,basic_01_06_900_bugcheck_20260605,664,66.4000000000005,B03_TLV_CLV,cav,not_applicable,8618.620000000064,3.5,29.999999999972953,1.1269207789155189e-11,lane_1,mainline,,normal,none,commit
BASIC-03,basic_01_06_900_bugcheck_20260605,665,66.5000000000005,B03_MV,cav,not_applicable,7245.788898283943,-3.5,0.051698799793889395,4.0,on_ramp,on_ramp_mv,,normal,not_started,commit
BASIC-03,basic_01_06_900_bugcheck_20260605,665,66.5000000000005,B03_CLV,cav,not_applicable,8628.000000000025,0.0,29.999999999984414,6.494360604847316e-12,lane_2,mainline,,normal,none,commit
BASIC-03,basic_01_06_900_bugcheck_20260605,665,66.5000000000005,B03_CFV,cav,not_applicable,8585.539238329822,0.0,29.973171954002446,0.07938773150487166,lane_2,mainline,,normal,none,commit
BASIC-03,basic_01_06_900_bugcheck_20260605,665,66.5000000000005,B03_TLV_CFV,cav,not_applicable,8579.234680901149,3.5,29.956285090833422,-0.792455049900982,lane_1,mainline,,normal,none,commit
BASIC-03,basic_01_06_900_bugcheck_20260605,665,66.5000000000005,B03_TLV_CLV,cav,not_applicable,8621.620000000063,3.5,29.999999999974037,1.0818723694683286e-11,lane_1,mainline,,normal,none,commit
BASIC-03,basic_01_06_900_bugcheck_20260605,666,66.60000000000049,B03_MV,cav,not_applicable,7245.793944580153,-3.5,0.05046296210215221,4.0,on_ramp,on_ramp_mv,,normal,not_started,commit
BASIC-03,basic_01_06_900_bugcheck_20260605,666,66.60000000000049,B03_CLV,cav,not_applicable,8631.000000000024,0.0,29.999999999985036,6.23430196355912e-12,lane_2,mainline,,normal,none,commit
BASIC-03,basic_01_06_900_bugcheck_20260605,666,66.60000000000049,B03_CFV,cav,not_applicable,8588.54447778848,0.0,30.052394586580117,0.7922263257767131,lane_2,mainline,,normal,none,commit
BASIC-03,basic_01_06_900_bugcheck_20260605,666,66.60000000000049,B03_TLV_CFV,cav,not_applicable,8582.23109841437,3.5,29.96417513220516,0.07890041371737844,lane_1,mainline,,normal,none,commit
BASIC-03,basic_01_06_900_bugcheck_20260605,666,66.60000000000049,B03_TLV_CLV,cav,not_applicable,8624.62000000006,3.5,29.999999999975074,1.0385292625869625e-11,lane_1,mainline,,normal,none,commit
BASIC-03,basic_01_06_900_bugcheck_20260605,667,66.70000000000049,B03_MV,cav,not_applicable,7245.798870246811,-3.5,0.04925666658189974,4.0,on_ramp,on_ramp_mv,,normal,not_started,commit
BASIC-03,basic_01_06_900_bugcheck_20260605,667,66.70000000000049,B03_CLV,cav,not_applicable,8634.000000000022,0.0,29.999999999985633,5.985612006043085e-12,lane_2,mainline,,normal,none,commit
BASIC-03,basic_01_06_900_bugcheck_20260605,667,66.70000000000049,B03_CFV,cav,not_applicable,8591.545290007985,0.0,30.008122195052756,-0.44272391527359833,lane_2,mainline,,normal,none,commit
BASIC-03,basic_01_06_900_bugcheck_20260605,667,66.70000000000049,B03_TLV_CFV,cav,not_applicable,8585.235434203702,3.5,30.043357893327492,0.7918276112233097,lane_1,mainline,,normal,none,commit
BASIC-03,basic_01_06_900_bugcheck_20260605,667,66.70000000000049,B03_TLV_CLV,cav,not_applicable,8627.620000000059,3.5,29.999999999976072,9.970335668185726e-12,lane_1,mainline,,normal,none,commit
BASIC-03,basic_01_06_900_bugcheck_20260605,668,66.80000000000048,B03_MV,cav,not_applicable,7245.803678167515,-3.5,0.048079207039966765,4.0,on_ramp,on_ramp_mv,,normal,not_started,commit
BASIC-03,basic_01_06_900_bugcheck_20260605,668,66.80000000000048,B03_CLV,cav,not_applicable,8637.00000000002,0.0,29.99999999998621,5.746869646827691e-12,lane_2,mainline,,normal,none,commit
BASIC-03,basic_01_06_900_bugcheck_20260605,668,66.80000000000048,B03_CFV,cav,not_applicable,8594.549752668185,0.0,30.044626601984916,0.3650440693216014,lane_2,mainline,,normal,none,commit
BASIC-03,basic_01_06_900_bugcheck_20260605,668,66.80000000000048,B03_TLV_CFV,cav,not_applicable,8588.235339491672,3.5,29.999052879700308,-0.44305013627183754,lane_1,mainline,,normal,none,commit
BASIC-03,basic_01_06_900_bugcheck_20260605,668,66.80000000000048,B03_TLV_CLV,cav,not_applicable,8630.620000000057,3.5,29.999999999977028,9.57101065068855e-12,lane_1,mainline,,normal,none,commit
BASIC-03,basic_01_06_900_bugcheck_20260605,669,66.90000000000047,B03_MV,cav,not_applicable,7245.808371156931,-3.5,0.0469298941647032,4.0,on_ramp,on_ramp_mv,,normal,not_started,commit
BASIC-03,basic_01_06_900_bugcheck_20260605,669,66.90000000000047,B03_CLV,cav,not_applicable,8640.000000000018,0.0,29.99999999998676,5.5166538004414185e-12,lane_2,mainline,,normal,none,commit
BASIC-03,basic_01_06_900_bugcheck_20260605,669,66.90000000000047,B03_CFV,cav,not_applicable,8597.546292961677,0.0,29.96540293492941,-0.7922366705550534,lane_2,mainline,,normal,none,commit
BASIC-03,basic_01_06_900_bugcheck_20260605,669,66.90000000000047,B03_TLV_CFV,cav,not_applicable,8591.238892551253,3.5,30.03553059582352,0.364777161232133,lane_1,mainline,,normal,none,commit
BASIC-03,basic_01_06_900_bugcheck_20260605,669,66.90000000000047,B03_TLV_CLV,cav,not_applicable,8633.620000000055,3.5,29.99999999997795,9.188738658849616e-12,lane_1,mainline,,normal,none,commit
BASIC-03,basic_01_06_900_bugcheck_20260605,670,67.00000000000047,B03_MV,cav,not_applicable,7245.812951962443,-3.5,0.04580805512202484,4.0,on_ramp,on_ramp_mv,,normal,not_started,commit
BASIC-03,basic_01_06_900_bugcheck_20260605,670,67.00000000000047,B03_CLV,cav,not_applicable,8643.000000000016,0.0,29.99999999998729,5.2963855523557874e-12,lane_2,mainline,,normal,none,commit
BASIC-03,basic_01_06_900_bugcheck_20260605,670,67.00000000000047,B03_CFV,cav,not_applicable,8600.543624046048,0.0,29.97331084370218,0.07907908772768368,lane_2,mainline,,normal,none,commit
BASIC-03,basic_01_06_900_bugcheck_20260605,670,67.00000000000047,B03_TLV_CFV,cav,not_applicable,8594.234521060336,3.5,29.956285090833422,-0.792455049900982,lane_1,mainline,,normal,none,commit
BASIC-03,basic_01_06_900_bugcheck_20260605,670,67.00000000000047,B03_TLV_CLV,cav,not_applicable,8636.620000000054,3.5,29.99999999997883,8.820677521725884e-12,lane_1,mainline,,normal,none,commit
BASIC-03,basic_01_06_900_bugcheck_20260605,671,67.10000000000046,B03_MV,cav,not_applicable,7245.817423265758,-3.5,0.044713033161682326,4.0,on_ramp,on_ramp_mv,,normal,not_started,commit
BASIC-03,basic_01_06_900_bugcheck_20260605,671,67.10000000000046,B03_CLV,cav,not_applicable,8646.000000000015,0.0,29.999999999987796,5.084643817099277e-12,lane_2,mainline,,normal,none,commit
BASIC-03,basic_01_06_900_bugcheck_20260605,671,67.10000000000046,B03_CFV,cav,not_applicable,8603.548874868407,0.0,30.052508223607173,0.791973799049923,lane_2,mainline,,normal,none,commit
BASIC-03,basic_01_06_900_bugcheck_20260605,671,67.10000000000046,B03_TLV_CFV,cav,not_applicable,8597.230938573557,3.5,29.96417513220516,0.07890041371737844,lane_1,mainline,,normal,none,commit
BASIC-03,basic_01_06_900_bugcheck_20260605,671,67.10000000000046,B03_TLV_CLV,cav,not_applicable,8639.620000000052,3.5,29.999999999979675,8.468248324788874e-12,lane_1,mainline,,normal,none,commit
BASIC-03,basic_01_06_900_bugcheck_20260605,672,67.20000000000046,B03_MV,cav,not_applicable,7245.821787684482,-3.5,0.04364418723287886,4.0,on_ramp,on_ramp_mv,,normal,not_started,commit
BASIC-03,basic_01_06_900_bugcheck_20260605,672,67.20000000000046,B03_CLV,cav,not_applicable,8649.000000000013,0.0,29.999999999988283,4.881428594671888e-12,lane_2,mainline,,normal,none,commit
BASIC-03,basic_01_06_900_bugcheck_20260605,672,67.20000000000046,B03_CFV,cav,not_applicable,8606.549696385488,0.0,30.008215170802167,-0.44293052805006294,lane_2,mainline,,normal,none,commit
BASIC-03,basic_01_06_900_bugcheck_20260605,672,67.20000000000046,B03_TLV_CFV,cav,not_applicable,8600.235274362889,3.5,30.043357893327492,0.7918276112233097,lane_1,mainline,,normal,none,commit
BASIC-03,basic_01_06_900_bugcheck_20260605,672,67.20000000000046,B03_TLV_CLV,cav,not_applicable,8642.62000000005,3.5,29.99999999998049,8.130029982567067e-12,lane_1,mainline,,normal,none,commit
BASIC-03,basic_01_06_900_bugcheck_20260605,673,67.30000000000045,B03_MV,cav,not_applicable,7245.826047773643,-3.5,0.042600891608584296,4.0,on_ramp,on_ramp_mv,,normal,not_started,commit
BASIC-03,basic_01_06_900_bugcheck_20260605,673,67.30000000000045,B03_CLV,cav,not_applicable,8652.000000000011,0.0,29.999999999988752,4.686739885073621e-12,lane_2,mainline,,normal,none,commit
BASIC-03,basic_01_06_900_bugcheck_20260605,673,67.30000000000045,B03_CFV,cav,not_applicable,8609.554166652793,0.0,30.044702673052615,0.364875022504494,lane_2,mainline,,normal,none,commit
BASIC-03,basic_01_06_900_bugcheck_20260605,673,67.30000000000045,B03_TLV_CFV,cav,not_applicable,8603.23517965086,3.5,29.999052879700308,-0.44305013627183754,lane_1,mainline,,normal,none,commit
BASIC-03,basic_01_06_900_bugcheck_20260605,673,67.30000000000045,B03_TLV_CLV,cav,not_applicable,8645.620000000048,3.5,29.99999999998127,7.804601409588941e-12,lane_1,mainline,,normal,none,commit
BASIC-03,basic_01_06_900_bugcheck_20260605,674,67.40000000000045,B03_MV,cav,not_applicable,7245.830206027195,-3.5,0.04158253551985013,4.0,on_ramp,on_ramp_mv,,normal,not_started,commit
BASIC-03,basic_01_06_900_bugcheck_20260605,674,67.40000000000045,B03_CLV,cav,not_applicable,8655.00000000001,0.0,29.999999999989203,4.499156602832955e-12,lane_2,mainline,,normal,none,commit
BASIC-03,basic_01_06_900_bugcheck_20260605,674,67.40000000000045,B03_CFV,cav,not_applicable,8612.550713170283,0.0,29.965465174893893,-0.7923749815872321,lane_2,mainline,,normal,none,commit
BASIC-03,basic_01_06_900_bugcheck_20260605,674,67.40000000000045,B03_TLV_CFV,cav,not_applicable,8606.23873271044,3.5,30.03553059582352,0.364777161232133,lane_1,mainline,,normal,none,commit
BASIC-03,basic_01_06_900_bugcheck_20260605,674,67.40000000000045,B03_TLV_CLV,cav,not_applicable,8648.620000000046,3.5,29.99999999998202,7.491962605854497e-12,lane_1,mainline,,normal,none,commit
BASIC-03,basic_01_06_900_bugcheck_20260605,675,67.50000000000044,B03_MV,cav,not_applicable,7245.834264879475,-3.5,0.040588522797733916,4.0,on_ramp,on_ramp_mv,,normal,not_started,commit
BASIC-03,basic_01_06_900_bugcheck_20260605,675,67.50000000000044,B03_CLV,cav,not_applicable,8658.000000000007,0.0,29.999999999989637,4.3186787479498894e-12,lane_2,mainline,,normal,none,commit
BASIC-03,basic_01_06_900_bugcheck_20260605,675,67.50000000000044,B03_CFV,cav,not_applicable,8615.548049347015,0.0,29.973361767309484,0.07896592415590109,lane_2,mainline,,normal,none,commit
BASIC-03,basic_01_06_900_bugcheck_20260605,675,67.50000000000044,B03_TLV_CFV,cav,not_applicable,8609.234361219524,3.5,29.956285090833422,-0.792455049900982,lane_1,mainline,,normal,none,commit
BASIC-03,basic_01_06_900_bugcheck_20260605,675,67.50000000000044,B03_TLV_CLV,cav,not_applicable,8651.620000000044,3.5,29.999999999982737,7.1921135713637344e-12,lane_1,mainline,,normal,none,commit
BASIC-03,basic_01_06_900_bugcheck_20260605,676,67.60000000000043,B03_MV,cav,not_applicable,7245.838226706627,-3.5,0.03961827152457228,4.0,on_ramp,on_ramp_mv,,normal,not_started,commit
BASIC-03,basic_01_06_900_bugcheck_20260605,676,67.60000000000043,B03_CLV,cav,not_applicable,8661.000000000005,0.0,29.999999999990052,4.145306320424424e-12,lane_2,mainline,,normal,none,commit
BASIC-03,basic_01_06_900_bugcheck_20260605,676,67.60000000000043,B03_CFV,cav,not_applicable,8618.553304335852,0.0,30.052549888376785,0.79188121067301,lane_2,mainline,,normal,none,commit
BASIC-03,basic_01_06_900_bugcheck_20260605,676,67.60000000000043,B03_TLV_CFV,cav,not_applicable,8612.230778732745,3.5,29.96417513220516,0.07890041371737844,lane_1,mainline,,normal,none,commit
BASIC-03,basic_01_06_900_bugcheck_20260605,676,67.60000000000043,B03_TLV_CLV,cav,not_applicable,8654.620000000043,3.5,29.999999999983427,6.905054306116654e-12,lane_1,mainline,,normal,none,commit
BASIC-03,basic_01_06_900_bugcheck_20260605,677,67.70000000000043,B03_MV,cav,not_applicable,7245.842093827997,-3.5,0.03867121369308078,4.0,on_ramp,on_ramp_mv,,normal,not_started,commit
BASIC-03,basic_01_06_900_bugcheck_20260605,677,67.70000000000043,B03_CLV,cav,not_applicable,8664.000000000004,0.0,29.99999999999045,3.979039320256561e-12,lane_2,mainline,,normal,none,commit
BASIC-03,basic_01_06_900_bugcheck_20260605,677,67.70000000000043,B03_CFV,cav,not_applicable,8621.554129261867,0.0,30.008249260159122,-0.4430062821766282,lane_2,mainline,,normal,none,commit
BASIC-03,basic_01_06_900_bugcheck_20260605,677,67.70000000000043,B03_TLV_CFV,cav,not_applicable,8615.235114522076,3.5,30.043357893327492,0.7918276112233097,lane_1,mainline,,normal,none,commit
BASIC-03,basic_01_06_900_bugcheck_20260605,677,67.70000000000043,B03_TLV_CLV,cav,not_applicable,8657.62000000004,3.5,29.99999999998409,6.629363724641735e-12,lane_1,mainline,,normal,none,commit
BASIC-03,basic_01_06_900_bugcheck_20260605,678,67.80000000000042,B03_MV,cav,not_applicable,7245.845868507484,-3.5,0.03774679487371536,4.0,on_ramp,on_ramp_mv,,normal,not_started,commit
BASIC-03,basic_01_06_900_bugcheck_20260605,678,67.80000000000042,B03_CLV,cav,not_applicable,8667.000000000002,0.0,29.999999999990834,3.819877747446299e-12,lane_2,mainline,,normal,none,commit
BASIC-03,basic_01_06_900_bugcheck_20260605,678,67.80000000000042,B03_CFV,cav,not_applicable,8624.558602318302,0.0,30.044730564344672,0.3648130418554861,lane_2,mainline,,normal,none,commit
BASIC-03,basic_01_06_900_bugcheck_20260605,678,67.80000000000042,B03_TLV_CFV,cav,not_applicable,8618.235019810047,3.5,29.999052879700308,-0.44305013627183754,lane_1,mainline,,normal,none,commit
BASIC-03,basic_01_06_900_bugcheck_20260605,678,67.80000000000042,B03_TLV_CLV,cav,not_applicable,8660.620000000039,3.5,29.999999999984727,6.3636207414674574e-12,lane_1,mainline,,normal,none,commit
BASIC-03,basic_01_06_900_bugcheck_20260605,679,67.90000000000042,B03_MV,cav,not_applicable,7245.849552954873,-3.5,0.03684447389094762,4.0,on_ramp,on_ramp_mv,,normal,not_started,commit
BASIC-03,basic_01_06_900_bugcheck_20260605,679,67.90000000000042,B03_CLV,cav,not_applicable,8670.000000000002,0.0,29.9999999999912,3.666400516522117e-12,lane_2,mainline,,normal,none,commit
BASIC-03,basic_01_06_900_bugcheck_20260605,679,67.90000000000042,B03_CFV,cav,not_applicable,8627.555151117807,0.0,29.96548799504194,-0.7924256930273295,lane_2,mainline,,normal,none,commit
BASIC-03,basic_01_06_900_bugcheck_20260605,679,67.90000000000042,B03_TLV_CFV,cav,not_applicable,8621.238572869628,3.5,30.03553059582352,0.364777161232133,lane_1,mainline,,normal,none,commit
BASIC-03,basic_01_06_900_bugcheck_20260605,679,67.90000000000042,B03_TLV_CLV,cav,not_applicable,8663.620000000037,3.5,29.999999999985338,6.109246442065342e-12,lane_1,mainline,,normal,none,commit
BASIC-03,basic_01_06_900_bugcheck_20260605,680,68.00000000000041,B03_MV,cav,not_applicable,7245.853149327123,-3.5,0.0359637225051928,4.0,on_ramp,on_ramp_mv,,normal,not_started,commit
BASIC-03,basic_01_06_900_bugcheck_20260605,680,68.00000000000041,B03_CLV,cav,not_applicable,8673.000000000002,0.0,29.99999999999155,3.5200287129555366e-12,lane_2,mainline,,normal,none,commit
BASIC-03,basic_01_06_900_bugcheck_20260605,680,68.00000000000041,B03_CFV,cav,not_applicable,8630.55248916164,0.0,29.973380438339703,0.07892443297763962,lane_2,mainline,,normal,none,commit
BASIC-03,basic_01_06_900_bugcheck_20260605,680,68.00000000000041,B03_TLV_CFV,cav,not_applicable,8624.234201378711,3.5,29.956285090833422,-0.792455049900982,lane_1,mainline,,normal,none,commit
BASIC-03,basic_01_06_900_bugcheck_20260605,680,68.00000000000041,B03_TLV_CLV,cav,not_applicable,8666.620000000035,3.5,29.999999999985924,5.8648197409638676e-12,lane_1,mainline,,normal,none,commit
BASIC-03,basic_01_06_900_bugcheck_20260605,681,68.1000000000004,B03_MV,cav,not_applicable,7245.856659729633,-3.5,0.03510402510452126,4.0,on_ramp,on_ramp_mv,,normal,not_started,commit
BASIC-03,basic_01_06_900_bugcheck_20260605,681,68.1000000000004,B03_CLV,cav,not_applicable,8676.000000000002,0.0,29.99999999999189,3.3793412512750366e-12,lane_2,mainline,,normal,none,commit
BASIC-03,basic_01_06_900_bugcheck_20260605,681,68.1000000000004,B03_CFV,cav,not_applicable,8633.557745678108,0.0,30.052565164674238,0.7918472633453415,lane_2,mainline,,normal,none,commit
BASIC-03,basic_01_06_900_bugcheck_20260605,681,68.1000000000004,B03_TLV_CFV,cav,not_applicable,8627.230618891932,3.5,29.96417513220516,0.07890041371737844,lane_1,mainline,,normal,none,commit
BASIC-03,basic_01_06_900_bugcheck_20260605,681,68.1000000000004,B03_TLV_CLV,cav,not_applicable,8669.620000000034,3.5,29.999999999986485,5.6303406381630345e-12,lane_1,mainline,,normal,none,commit
BASIC-03,basic_01_06_900_bugcheck_20260605,682,68.2000000000004,B03_MV,cav,not_applicable,7245.8600862174735,-3.5,0.034264878402457406,4.0,on_ramp,on_ramp_mv,,normal,not_started,commit
BASIC-03,basic_01_06_900_bugcheck_20260605,682,68.2000000000004,B03_CLV,cav,not_applicable,8679.000000000002,0.0,29.999999999992212,3.2443381314806176e-12,lane_2,mainline,,normal,none,commit
BASIC-03,basic_01_06_900_bugcheck_20260605,682,68.2000000000004,B03_CFV,cav,not_applicable,8636.558571854002,0.0,30.00826175894795,-0.44303405726290235,lane_2,mainline,,normal,none,commit
BASIC-03,basic_01_06_900_bugcheck_20260605,682,68.2000000000004,B03_TLV_CFV,cav,not_applicable,8630.234954681264,3.5,30.043357893327492,0.7918276112233097,lane_1,mainline,,normal,none,commit
BASIC-03,basic_01_06_900_bugcheck_20260605,682,68.2000000000004,B03_TLV_CLV,cav,not_applicable,8672.620000000032,3.5,29.999999999987025,5.405809133662843e-12,lane_1,mainline,,normal,none,commit
BASIC-03,basic_01_06_900_bugcheck_20260605,683,68.3000000000004,B03_MV,cav,not_applicable,7245.863430796588,-3.5,0.03344579114317066,4.0,on_ramp,on_ramp_mv,,normal,not_started,commit
BASIC-03,basic_01_06_900_bugcheck_20260605,683,68.3000000000004,B03_CLV,cav,not_applicable,8682.000000000002,0.0,29.999999999992525,3.1150193535722795e-12,lane_2,mainline,,normal,none,commit
BASIC-03,basic_01_06_900_bugcheck_20260605,683,68.3000000000004,B03_CFV,cav,not_applicable,8639.563045933064,0.0,30.044740790626438,0.36479031678489815,lane_2,mainline,,normal,none,commit
BASIC-03,basic_01_06_900_bugcheck_20260605,683,68.3000000000004,B03_TLV_CFV,cav,not_applicable,8633.234859969234,3.5,29.999052879700308,-0.44305013627183754,lane_1,mainline,,normal,none,commit
BASIC-03,basic_01_06_900_bugcheck_20260605,683,68.3000000000004,B03_TLV_CLV,cav,not_applicable,8675.62000000003,3.5,29.999999999987544,5.189804141991772e-12,lane_1,mainline,,normal,none,commit
BASIC-03,basic_01_06_900_bugcheck_20260605,684,68.40000000000039,B03_MV,cav,not_applicable,7245.866695424969,-3.5,0.03264628381449315,4.0,on_ramp,on_ramp_mv,,normal,not_started,commit
BASIC-03,basic_01_06_900_bugcheck_20260605,684,68.40000000000039,B03_CLV,cav,not_applicable,8685.000000000002,0.0,29.999999999992824,2.9899638320785017e-12,lane_2,mainline,,normal,none,commit
BASIC-03,basic_01_06_900_bugcheck_20260605,684,68.40000000000039,B03_CFV,cav,not_applicable,8642.559595569264,0.0,29.965496361999747,-0.7924442862669014,lane_2,mainline,,normal,none,commit
BASIC-03,basic_01_06_900_bugcheck_20260605,684,68.40000000000039,B03_TLV_CFV,cav,not_applicable,8636.238413028816,3.5,30.03553059582352,0.364777161232133,lane_1,mainline,,normal,none,commit
BASIC-03,basic_01_06_900_bugcheck_20260605,684,68.40000000000039,B03_TLV_CLV,cav,not_applicable,8678.620000000028,3.5,29.99999999998804,4.982325663149823e-12,lane_1,mainline,,normal,none,commit
BASIC-03,basic_01_06_900_bugcheck_20260605,685,68.50000000000038,B03_MV,cav,not_applicable,7245.869882013806,-3.5,0.03186588836637273,4.0,on_ramp,on_ramp_mv,,normal,not_started,commit
BASIC-03,basic_01_06_900_bugcheck_20260605,685,68.50000000000038,B03_CLV,cav,not_applicable,8688.000000000002,0.0,29.99999999999311,2.8705926524708048e-12,lane_2,mainline,,normal,none,commit
BASIC-03,basic_01_06_900_bugcheck_20260605,685,68.50000000000038,B03_CFV,cav,not_applicable,8645.556934297667,0.0,29.973387284032455,0.0789092203270807,lane_2,mainline,,normal,none,commit
BASIC-03,basic_01_06_900_bugcheck_20260605,685,68.50000000000038,B03_TLV_CFV,cav,not_applicable,8639.234041537899,3.5,29.956285090833422,-0.792455049900982,lane_1,mainline,,normal,none,commit
BASIC-03,basic_01_06_900_bugcheck_20260605,685,68.50000000000038,B03_TLV_CLV,cav,not_applicable,8681.620000000026,3.5,29.99999999998852,4.783373697136995e-12,lane_1,mainline,,normal,none,commit
BASIC-03,basic_01_06_900_bugcheck_20260605,686,68.60000000000038,B03_MV,cav,not_applicable,7245.8729924286,-3.5,0.031104147937587544,4.0,on_ramp,on_ramp_mv,,normal,not_started,commit
BASIC-03,basic_01_06_900_bugcheck_20260605,686,68.60000000000038,B03_CLV,cav,not_applicable,8691.000000000002,0.0,29.99999999999339,2.7554847292776686e-12,lane_2,mainline,,normal,none,commit
BASIC-03,basic_01_06_900_bugcheck_20260605,686,68.60000000000038,B03_CFV,cav,not_applicable,8648.562191374236,0.0,30.05257076569558,0.7918348166312479,lane_2,mainline,,normal,none,commit
BASIC-03,basic_01_06_900_bugcheck_20260605,686,68.60000000000038,B03_TLV_CFV,cav,not_applicable,8642.23045905112,3.5,29.96417513220516,0.07890041371737844,lane_1,mainline,,normal,none,commit
BASIC-03,basic_01_06_900_bugcheck_20260605,686,68.60000000000038,B03_TLV_CLV,cav,not_applicable,8684.620000000024,3.5,29.99999999998898,4.591527158481768e-12,lane_1,mainline,,normal,none,commit
BASIC-03,basic_01_06_900_bugcheck_20260605,687,68.70000000000037,B03_MV,cav,not_applicable,7245.876028490258,-3.5,0.03036061658789594,4.0,on_ramp,on_ramp_mv,,normal,not_started,commit
BASIC-03,basic_01_06_900_bugcheck_20260605,687,68.70000000000037,B03_CLV,cav,not_applicable,8694.000000000002,0.0,29.99999999999365,2.6446400624990932e-12,lane_2,mainline,,normal,none,commit
BASIC-03,basic_01_06_900_bugcheck_20260605,687,68.70000000000037,B03_CFV,cav,not_applicable,8651.563018008397,0.0,30.008266341601775,-0.44304424093806993,lane_2,mainline,,normal,none,commit
BASIC-03,basic_01_06_900_bugcheck_20260605,687,68.70000000000037,B03_TLV_CFV,cav,not_applicable,8645.234794840451,3.5,30.043357893327492,0.7918276112233097,lane_1,mainline,,normal,none,commit
BASIC-03,basic_01_06_900_bugcheck_20260605,687,68.70000000000037,B03_TLV_CLV,cav,not_applicable,8687.620000000023,3.5,29.99999999998942,4.408207132655662e-12,lane_1,mainline,,normal,none,commit
BASIC-03,basic_01_06_900_bugcheck_20260605,688,68.80000000000037,B03_MV,cav,not_applicable,7245.878991976162,-3.5,0.02963485903714347,4.0,on_ramp,on_ramp_mv,,normal,not_started,commit
BASIC-03,basic_01_06_900_bugcheck_20260605,688,68.80000000000037,B03_CLV,cav,not_applicable,8697.000000000002,0.0,29.999999999993904,2.5394797376065983e-12,lane_2,mainline,,normal,none,commit
BASIC-03,basic_01_06_900_bugcheck_20260605,688,68.80000000000037,B03_CFV,cav,not_applicable,8654.567492462404,0.0,30.04474454007048,0.3647819846870337,lane_2,mainline,,normal,none,commit
BASIC-03,basic_01_06_900_bugcheck_20260605,688,68.80000000000037,B03_TLV_CFV,cav,not_applicable,8648.234700128422,3.5,29.999052879700308,-0.44305013627183754,lane_1,mainline,,normal,none,commit
BASIC-03,basic_01_06_900_bugcheck_20260605,688,68.80000000000037,B03_TLV_CLV,cav,not_applicable,8690.62000000002,3.5,29.999999999989843,4.231992534187157e-12,lane_1,mainline,,normal,none,commit
BASIC-03,basic_01_06_900_bugcheck_20260605,689,68.90000000000036,B03_MV,cav,not_applicable,7245.881884621203,-3.5,0.028926450410022574,4.0,on_ramp,on_ramp_mv,,normal,not_started,commit
BASIC-03,basic_01_06_900_bugcheck_20260605,689,68.90000000000036,B03_CLV,cav,not_applicable,8700.000000000002,0.0,29.99999999999415,2.438582669128664e-12,lane_2,mainline,,normal,none,commit
BASIC-03,basic_01_06_900_bugcheck_20260605,689,68.90000000000036,B03_CFV,cav,not_applicable,8657.564042405376,0.0,29.96549942972669,-0.7924511034378814,lane_2,mainline,,normal,none,commit
BASIC-03,basic_01_06_900_bugcheck_20260605,689,68.90000000000036,B03_TLV_CFV,cav,not_applicable,8651.238253188003,3.5,30.03553059582352,0.364777161232133,lane_1,mainline,,normal,none,commit
BASIC-03,basic_01_06_900_bugcheck_20260605,689,68.90000000000036,B03_TLV_CLV,cav,not_applicable,8693.620000000019,3.5,29.999999999990248,4.062883363076253e-12,lane_1,mainline,,normal,none,commit
BASIC-03,basic_01_06_900_bugcheck_20260605,690,69.00000000000036,B03_MV,cav,not_applicable,7245.884708118802,-3.5,0.028234975988006873,4.0,on_ramp,on_ramp_mv,,normal,not_started,commit
BASIC-03,basic_01_06_900_bugcheck_20260605,690,69.00000000000036,B03_CLV,cav,not_applicable,8703.000000000002,0.0,29.999999999994383,2.3405277715937703e-12,lane_2,mainline,,normal,none,commit
BASIC-03,basic_01_06_900_bugcheck_20260605,690,69.00000000000036,B03_CFV,cav,not_applicable,8660.561381384776,0.0,29.973389793990865,0.07890364264173344,lane_2,mainline,,normal,none,commit
BASIC-03,basic_01_06_900_bugcheck_20260605,690,69.00000000000036,B03_TLV_CFV,cav,not_applicable,8654.233881697086,3.5,29.956285090833422,-0.792455049900982,lane_1,mainline,,normal,none,commit
BASIC-03,basic_01_06_900_bugcheck_20260605,690,69.00000000000036,B03_TLV_CLV,cav,not_applicable,8696.620000000017,3.5,29.99999999999064,3.90087961932295e-12,lane_1,mainline,,normal,none,commit
BASIC-03,basic_01_06_900_bugcheck_20260605,691,69.10000000000035,B03_MV,cav,not_applicable,7245.887464121899,-3.5,0.027560030966285853,4.0,on_ramp,on_ramp_mv,,normal,not_started,commit
BASIC-03,basic_01_06_900_bugcheck_20260605,691,69.10000000000035,B03_CLV,cav,not_applicable,8706.000000000002,0.0,29.999999999994607,2.246736130473437e-12,lane_2,mainline,,normal,none,commit
BASIC-03,basic_01_06_900_bugcheck_20260605,691,69.10000000000035,B03_CFV,cav,not_applicable,8663.566638666705,0.0,30.052572819297914,0.7918302530705092,lane_2,mainline,,normal,none,commit
BASIC-03,basic_01_06_900_bugcheck_20260605,691,69.10000000000035,B03_TLV_CFV,cav,not_applicable,8657.230299210307,3.5,29.96417513220516,0.07890041371737844,lane_1,mainline,,normal,none,commit
BASIC-03,basic_01_06_900_bugcheck_20260605,691,69.10000000000035,B03_TLV_CLV,cav,not_applicable,8699.620000000017,3.5,29.99999999999101,3.744560217455728e-12,lane_1,mainline,,normal,none,commit
BASIC-03,basic_01_06_900_bugcheck_20260605,692,69.20000000000034,B03_MV,cav,not_applicable,7245.890154243921,-3.5,0.026901220216569655,4.0,on_ramp,on_ramp_mv,,normal,not_started,commit
BASIC-03,basic_01_06_900_bugcheck_20260605,692,69.20000000000034,B03_CLV,cav,not_applicable,8709.000000000002,0.0,29.999999999994824,2.1572077457676643e-12,lane_2,mainline,,normal,none,commit
BASIC-03,basic_01_06_900_bugcheck_20260605,692,69.20000000000034,B03_CFV,cav,not_applicable,8666.567465468888,0.0,30.008268021821866,-0.4430479747604924,lane_2,mainline,,normal,none,commit
BASIC-03,basic_01_06_900_bugcheck_20260605,692,69.20000000000034,B03_TLV_CFV,cav,not_applicable,8660.234634999639,3.5,30.043357893327492,0.7918276112233097,lane_1,mainline,,normal,none,commit
BASIC-03,basic_01_06_900_bugcheck_20260605,692,69.20000000000034,B03_TLV_CLV,cav,not_applicable,8702.620000000017,3.5,29.99999999999137,3.595346242946107e-12,lane_1,mainline,,normal,none,commit
BASIC-03,basic_01_06_900_bugcheck_20260605,693,69.30000000000034,B03_MV,cav,not_applicable,7245.892780059727,-3.5,0.026258158055981397,4.0,on_ramp,on_ramp_mv,,normal,not_started,commit
BASIC-03,basic_01_06_900_bugcheck_20260605,693,69.30000000000034,B03_CLV,cav,not_applicable,8712.000000000002,0.0,29.99999999999503,2.070521532004932e-12,lane_2,mainline,,normal,none,commit
BASIC-03,basic_01_06_900_bugcheck_20260605,693,69.30000000000034,B03_CFV,cav,not_applicable,8669.571940060368,0.0,30.044745914796007,0.36477892974141535,lane_2,mainline,,normal,none,commit
BASIC-03,basic_01_06_900_bugcheck_20260605,693,69.30000000000034,B03_TLV_CFV,cav,not_applicable,8663.234540287609,3.5,29.999052879700308,-0.44305013627183754,lane_1,mainline,,normal,none,commit
BASIC-03,basic_01_06_900_bugcheck_20260605,693,69.30000000000034,B03_TLV_CLV,cav,not_applicable,8705.620000000017,3.5,29.999999999991715,3.4518166103225668e-12,lane_1,mainline,,normal,none,commit
BASIC-03,basic_01_06_900_bugcheck_20260605,694,69.40000000000033,B03_MV,cav,not_applicable,7245.895343106528,-3.5,0.025630468021167325,4.0,on_ramp,on_ramp_mv,,normal,not_started,commit
BASIC-03,basic_01_06_900_bugcheck_20260605,694,69.40000000000033,B03_CLV,cav,not_applicable,8715.000000000002,0.0,29.99999999999523,1.9880985746567604e-12,lane_2,mainline,,normal,none,commit
BASIC-03,basic_01_06_900_bugcheck_20260605,694,69.40000000000033,B03_CFV,cav,not_applicable,8672.568490115818,0.0,29.96550055450212,-0.7924536029388419,lane_2,mainline,,normal,none,commit
BASIC-03,basic_01_06_900_bugcheck_20260605,694,69.40000000000033,B03_TLV_CFV,cav,not_applicable,8666.23809334719,3.5,30.03553059582352,0.364777161232133,lane_1,mainline,,normal,none,commit
BASIC-03,basic_01_06_900_bugcheck_20260605,694,69.40000000000033,B03_TLV_CLV,cav,not_applicable,8708.620000000017,3.5,29.999999999992045,3.3139713195851075e-12,lane_1,mainline,,normal,none,commit
BASIC-03,basic_01_06_900_bugcheck_20260605,695,69.50000000000033,B03_MV,cav,not_applicable,7245.897844884793,-3.5,0.025017782648277056,4.0,on_ramp,on_ramp_mv,,normal,not_started,commit
BASIC-03,basic_01_06_900_bugcheck_20260605,695,69.50000000000033,B03_CLV,cav,not_applicable,8718.000000000002,0.0,29.99999999999542,1.9085177882516293e-12,lane_2,mainline,,normal,none,commit
BASIC-03,basic_01_06_900_bugcheck_20260605,695,69.50000000000033,B03_CFV,cav,not_applicable,8675.565829187244,0.0,29.97339071426167,0.07890159759549309,lane_2,mainline,,normal,none,commit
BASIC-03,basic_01_06_900_bugcheck_20260605,695,69.50000000000033,B03_TLV_CFV,cav,not_applicable,8669.233721856273,3.5,29.956285090833422,-0.792455049900982,lane_1,mainline,,normal,none,commit
BASIC-03,basic_01_06_900_bugcheck_20260605,695,69.50000000000033,B03_TLV_CLV,cav,not_applicable,8711.620000000017,3.5,29.999999999992365,3.1818103707337287e-12,lane_1,mainline,,normal,none,commit
BASIC-03,basic_01_06_900_bugcheck_20260605,696,69.60000000000032,B03_MV,cav,not_applicable,7245.900286859119,-3.5,0.024419743257074657,4.0,on_ramp,on_ramp_mv,,normal,not_started,commit
BASIC-03,basic_01_06_900_bugcheck_20260605,696,69.60000000000032,B03_CLV,cav,not_applicable,8721.000000000002,0.0,29.999999999995605,1.8317791727895384e-12,lane_2,mainline,,normal,none,commit
BASIC-03,basic_01_06_900_bugcheck_20260605,696,69.60000000000032,B03_CFV,cav,not_applicable,8678.571086544469,0.0,30.052573572246754,0.791828579850858,lane_2,mainline,,normal,none,commit
BASIC-03,basic_01_06_900_bugcheck_20260605,696,69.60000000000032,B03_TLV_CFV,cav,not_applicable,8672.230139369494,3.5,29.96417513220516,0.07890041371737844,lane_1,mainline,,normal,none,commit
BASIC-03,basic_01_06_900_bugcheck_20260605,696,69.60000000000032,B03_TLV_CLV,cav,not_applicable,8714.620000000017,3.5,29.99999999999267,3.0539126782969107e-12,lane_1,mainline,,normal,none,commit
BASIC-03,basic_01_06_900_bugcheck_20260605,697,69.70000000000032,B03_MV,cav,not_applicable,7245.902670459093,-3.5,0.023835999741572012,4.0,on_ramp,on_ramp_mv,,normal,not_started,commit
BASIC-03,basic_01_06_900_bugcheck_20260605,697,69.70000000000032,B03_CLV,cav,not_applicable,8724.000000000002,0.0,29.99999999999578,1.757882728270488e-12,lane_2,mainline,,normal,none,commit
BASIC-03,basic_01_06_900_bugcheck_20260605,697,69.70000000000032,B03_CFV,cav,not_applicable,8681.571913408256,0.0,30.008268637870916,-0.4430493437583889,lane_2,mainline,,normal,none,commit
BASIC-03,basic_01_06_900_bugcheck_20260605,697,69.70000000000032,B03_TLV_CFV,cav,not_applicable,8675.234475158826,3.5,30.043357893327492,0.7918276112233097,lane_1,mainline,,normal,none,commit
BASIC-03,basic_01_06_900_bugcheck_20260605,697,69.70000000000032,B03_TLV_CLV,cav,not_applicable,8717.620000000017,3.5,29.999999999992966,2.9316993277461735e-12,lane_1,mainline,,normal,none,commit
BASIC-03,basic_01_06_900_bugcheck_20260605,698,69.80000000000031,B03_MV,cav,not_applicable,7245.90499708013,-3.5,0.02326621036501042,4.0,on_ramp,on_ramp_mv,,normal,not_started,commit
BASIC-03,basic_01_06_900_bugcheck_20260605,698,69.80000000000031,B03_CLV,cav,not_applicable,8727.000000000002,0.0,29.99999999999595,1.6882495401659982e-12,lane_2,mainline,,normal,none,commit
BASIC-03,basic_01_06_900_bugcheck_20260605,698,69.80000000000031,B03_CFV,cav,not_applicable,8684.57638805014,0.0,30.044746418836137,0.36477780965222734,lane_2,mainline,,normal,none,commit
BASIC-03,basic_01_06_900_bugcheck_20260605,698,69.80000000000031,B03_TLV_CFV,cav,not_applicable,8678.234380446796,3.5,29.999052879700308,-0.44305013627183754,lane_1,mainline,,normal,none,commit
BASIC-03,basic_01_06_900_bugcheck_20260605,698,69.80000000000031,B03_TLV_CLV,cav,not_applicable,8720.620000000017,3.5,29.999999999993246,2.8137492336099967e-12,lane_1,mainline,,normal,none,commit
BASIC-03,basic_01_06_900_bugcheck_20260605,699,69.9000000000003,B03_MV,cav,not_applicable,7245.9072680842855,-3.5,0.022710041559842655,4.0,on_ramp,on_ramp_mv,,normal,not_started,commit
BASIC-03,basic_01_06_900_bugcheck_20260605,699,69.9000000000003,B03_CLV,cav,not_applicable,8730.000000000002,0.0,29.999999999996113,1.6200374375330284e-12,lane_2,mainline,,normal,none,commit
BASIC-03,basic_01_06_900_bugcheck_20260605,699,69.9000000000003,B03_CFV,cav,not_applicable,8687.57293814683,0.0,29.965500966898592,-0.7924545193754503,lane_2,mainline,,normal,none,commit
BASIC-03,basic_01_06_900_bugcheck_20260605,699,69.9000000000003,B03_TLV_CFV,cav,not_applicable,8681.237933506378,3.5,30.03553059582352,0.364777161232133,lane_1,mainline,,normal,none,commit
BASIC-03,basic_01_06_900_bugcheck_20260605,699,69.9000000000003,B03_TLV_CLV,cav,not_applicable,8723.620000000017,3.5,29.999999999993516,2.7014834813599012e-12,lane_1,mainline,,normal,none,commit
BASIC-03,basic_01_06_900_bugcheck_20260605,700,70.0000000000003,B03_MV,cav,not_applicable,7245.909484801059,-3.5,0.022167167732063224,4.0,on_ramp,on_ramp_mv,,normal,not_started,commit
BASIC-03,basic_01_06_900_bugcheck_20260605,700,70.0000000000003,B03_CLV,cav,not_applicable,8733.000000000002,0.0,29.99999999999627,1.5546675058430993e-12,lane_2,mainline,,normal,none,commit
BASIC-03,basic_01_06_900_bugcheck_20260605,700,70.0000000000003,B03_CFV,cav,not_applicable,8690.570277251998,0.0,29.973391051676963,0.07890084778372253,lane_2,mainline,,normal,none,commit
BASIC-03,basic_01_06_900_bugcheck_20260605,700,70.0000000000003,B03_TLV_CFV,cav,not_applicable,8684.23356201546,3.5,29.956285090833422,-0.792455049900982,lane_1,mainline,,normal,none,commit
BASIC-03,basic_01_06_900_bugcheck_20260605,700,70.0000000000003,B03_TLV_CLV,cav,not_applicable,8726.620000000017,3.5,29.999999999993776,2.5934809855243657e-12,lane_1,mainline,,normal,none,commit
BASIC-03,basic_01_06_900_bugcheck_20260605,701,70.10000000000029,B03_MV,cav,not_applicable,7245.911648528167,-3.5,0.021637271070756487,4.0,on_ramp,on_ramp_mv,,normal,not_started,commit
BASIC-03,basic_01_06_900_bugcheck_20260605,701,70.10000000000029,B03_CLV,cav,not_applicable,8736.000000000002,0.0,29.99999999999642,1.4921397450962104e-12,lane_2,mainline,,normal,none,commit
BASIC-03,basic_01_06_900_bugcheck_20260605,701,70.10000000000029,B03_CFV,cav,not_applicable,8693.57553463683,0.0,30.052573848313813,0.7918279663685003,lane_2,mainline,,normal,none,commit
BASIC-03,basic_01_06_900_bugcheck_20260605,701,70.10000000000029,B03_TLV_CFV,cav,not_applicable,8687.229979528682,3.5,29.96417513220516,0.07890041371737844,lane_1,mainline,,normal,none,commit
BASIC-03,basic_01_06_900_bugcheck_20260605,701,70.10000000000029,B03_TLV_CLV,cav,not_applicable,8729.620000000017,3.5,29.999999999994024,2.4897417461033913e-12,lane_1,mainline,,normal,none,commit
BASIC-03,basic_01_06_900_bugcheck_20260605,702,70.20000000000029,B03_MV,cav,not_applicable,7245.913760532303,-3.5,0.02112004136242782,4.0,on_ramp,on_ramp_mv,,normal,not_started,commit
BASIC-03,basic_01_06_900_bugcheck_20260605,702,70.20000000000029,B03_CLV,cav,not_applicable,8739.000000000002,0.0,29.99999999999656,1.4324541552923621e-12,lane_2,mainline,,normal,none,commit
BASIC-03,basic_01_06_900_bugcheck_20260605,702,70.20000000000029,B03_CFV,cav,not_applicable,8696.576361523204,0.0,30.008268863743965,-0.4430498456984997,lane_2,mainline,,normal,none,commit
BASIC-03,basic_01_06_900_bugcheck_20260605,702,70.20000000000029,B03_TLV_CFV,cav,not_applicable,8690.234315318014,3.5,30.043357893327492,0.7918276112233097,lane_1,mainline,,normal,none,commit
BASIC-03,basic_01_06_900_bugcheck_20260605,702,70.20000000000029,B03_TLV_CLV,cav,not_applicable,8732.620000000017,3.5,29.999999999994262,2.3902657630969773e-12,lane_1,mainline,,normal,none,commit
BASIC-03,basic_01_06_900_bugcheck_20260605,703,70.30000000000028,B03_MV,cav,not_applicable,7245.915822049884,-3.5,0.02061517580903077,4.0,on_ramp,on_ramp_mv,,normal,not_started,commit
BASIC-03,basic_01_06_900_bugcheck_20260605,703,70.30000000000028,B03_CLV,cav,not_applicable,8742.000000000002,0.0,29.9999999999967,1.3756107364315541e-12,lane_2,mainline,,normal,none,commit
BASIC-03,basic_01_06_900_bugcheck_20260605,703,70.30000000000028,B03_CFV,cav,not_applicable,8699.580836183568,0.0,30.04474660364136,0.36477739897395484,lane_2,mainline,,normal,none,commit
BASIC-03,basic_01_06_900_bugcheck_20260605,703,70.30000000000028,B03_TLV_CFV,cav,not_applicable,8693.234220605984,3.5,29.999052879700308,-0.44305013627183754,lane_1,mainline,,normal,none,commit
BASIC-03,basic_01_06_900_bugcheck_20260605,703,70.30000000000028,B03_TLV_CLV,cav,not_applicable,8735.620000000017,3.5,29.999999999994493,2.2950530365051236e-12,lane_1,mainline,,normal,none,commit
BASIC-03,basic_01_06_900_bugcheck_20260605,704,70.40000000000028,B03_MV,cav,not_applicable,7245.9178342877685,-3.5,0.020122378850777226,4.0,on_ramp,on_ramp_mv,,normal,not_started,commit
BASIC-03,basic_01_06_900_bugcheck_20260605,704,70.40000000000028,B03_CLV,cav,not_applicable,8745.000000000002,0.0,29.99999999999683,1.3201884030422662e-12,lane_2,mainline,,normal,none,commit
BASIC-03,basic_01_06_900_bugcheck_20260605,704,70.40000000000028,B03_CFV,cav,not_applicable,8702.577386295377,0.0,29.965501118102868,-0.792454855384946,lane_2,mainline,,normal,none,commit
BASIC-03,basic_01_06_900_bugcheck_20260605,704,70.40000000000028,B03_TLV_CFV,cav,not_applicable,8696.237773665565,3.5,30.03553059582352,0.364777161232133,lane_1,mainline,,normal,none,commit
BASIC-03,basic_01_06_900_bugcheck_20260605,704,70.40000000000028,B03_TLV_CLV,cav,not_applicable,8738.620000000017,3.5,29.999999999994714,2.2026824808563106e-12,lane_1,mainline,,normal,none,commit
BASIC-03,basic_01_06_900_bugcheck_20260605,705,70.50000000000027,B03_MV,cav,not_applicable,7245.919798423968,-3.5,0.019641361993078414,4.0,on_ramp,on_ramp_mv,,normal,not_started,commit
BASIC-03,basic_01_06_900_bugcheck_20260605,705,70.50000000000027,B03_CLV,cav,not_applicable,8748.000000000002,0.0,29.99999999999696,1.2676082405960188e-12,lane_2,mainline,,normal,none,commit
BASIC-03,basic_01_06_900_bugcheck_20260605,705,70.50000000000027,B03_CFV,cav,not_applicable,8705.574725412916,0.0,29.973391175389555,0.07890057286686247,lane_2,mainline,,normal,none,commit
BASIC-03,basic_01_06_900_bugcheck_20260605,705,70.50000000000027,B03_TLV_CFV,cav,not_applicable,8699.233402174648,3.5,29.956285090833422,-0.792455049900982,lane_1,mainline,,normal,none,commit
BASIC-03,basic_01_06_900_bugcheck_20260605,705,70.50000000000027,B03_TLV_CLV,cav,not_applicable,8741.620000000017,3.5,29.999999999994927,2.1145751816220583e-12,lane_1,mainline,,normal,none,commit
BASIC-03,basic_01_06_900_bugcheck_20260605,706,70.60000000000026,B03_MV,cav,not_applicable,7245.921715608332,-3.5,0.019171843637399287,4.0,on_ramp,on_ramp_mv,,normal,not_started,commit
BASIC-03,basic_01_06_900_bugcheck_20260605,706,70.60000000000026,B03_CLV,cav,not_applicable,8751.000000000002,0.0,29.99999999999708,1.2164491636212916e-12,lane_2,mainline,,normal,none,commit
BASIC-03,basic_01_06_900_bugcheck_20260605,706,70.60000000000026,B03_CFV,cav,not_applicable,8708.579982807869,0.0,30.05257394953321,0.7918277414365239,lane_2,mainline,,normal,none,commit
BASIC-03,basic_01_06_900_bugcheck_20260605,706,70.60000000000026,B03_TLV_CFV,cav,not_applicable,8702.22981968787,3.5,29.96417513220516,0.07890041371737844,lane_1,mainline,,normal,none,commit
BASIC-03,basic_01_06_900_bugcheck_20260605,706,70.60000000000026,B03_TLV_CLV,cav,not_applicable,8744.620000000017,3.5,29.99999999999513,2.0293100533308463e-12,lane_1,mainline,,normal,none,commit
BASIC-03,basic_01_06_900_bugcheck_20260605,707,70.70000000000026,B03_MV,cav,not_applicable,7245.923586963224,-3.5,0.018713548917113347,4.0,on_ramp,on_ramp_mv,,normal,not_started,commit
BASIC-03,basic_01_06_900_bugcheck_20260605,707,70.70000000000026,B03_CLV,cav,not_applicable,8754.000000000002,0.0,29.999999999997197,1.1681322575896047e-12,lane_2,mainline,,normal,none,commit
BASIC-03,basic_01_06_900_bugcheck_20260605,707,70.70000000000026,B03_CFV,cav,not_applicable,8711.580809702526,0.0,30.008268946559834,-0.4430500297337532,lane_2,mainline,,normal,none,commit
BASIC-03,basic_01_06_900_bugcheck_20260605,707,70.70000000000026,B03_TLV_CFV,cav,not_applicable,8705.234155477201,3.5,30.043357893327492,0.7918276112233097,lane_1,mainline,,normal,none,commit
BASIC-03,basic_01_06_900_bugcheck_20260605,707,70.70000000000026,B03_TLV_CLV,cav,not_applicable,8747.620000000017,3.5,29.999999999995325,1.9483081814541946e-12,lane_1,mainline,,normal,none,commit
BASIC-03,basic_01_06_900_bugcheck_20260605,708,70.80000000000025,B03_MV,cav,not_applicable,7245.9254135841775,-3.5,0.018266209536183818,4.0,on_ramp,on_ramp_mv,,normal,not_started,commit
BASIC-03,basic_01_06_900_bugcheck_20260605,708,70.80000000000025,B03_CLV,cav,not_applicable,8757.000000000002,0.0,29.99999999999731,1.1212364370294382e-12,lane_2,mainline,,normal,none,commit
BASIC-03,basic_01_06_900_bugcheck_20260605,708,70.80000000000025,B03_CFV,cav,not_applicable,8714.585284369665,0.0,30.0447466713998,0.36477724839965653,lane_2,mainline,,normal,none,commit
BASIC-03,basic_01_06_900_bugcheck_20260605,708,70.80000000000025,B03_TLV_CFV,cav,not_applicable,8708.234060765171,3.5,29.999052879700308,-0.44305013627183754,lane_1,mainline,,normal,none,commit
BASIC-03,basic_01_06_900_bugcheck_20260605,708,70.80000000000025,B03_TLV_CLV,cav,not_applicable,8750.620000000017,3.5,29.999999999995513,1.8701484805205836e-12,lane_1,mainline,,normal,none,commit
BASIC-03,basic_01_06_900_bugcheck_20260605,709,70.90000000000025,B03_MV,cav,not_applicable,7245.927196540539,-3.5,0.017829563611758227,4.0,on_ramp,on_ramp_mv,,normal,not_started,commit
BASIC-03,basic_01_06_900_bugcheck_20260605,709,70.90000000000025,B03_CLV,cav,not_applicable,8760.000000000002,0.0,29.999999999997417,1.0757617019407917e-12,lane_2,mainline,,normal,none,commit
BASIC-03,basic_01_06_900_bugcheck_20260605,709,70.90000000000025,B03_CFV,cav,not_applicable,8717.581834487019,0.0,29.96550117354159,-0.7924549785820991,lane_2,mainline,,normal,none,commit
BASIC-03,basic_01_06_900_bugcheck_20260605,709,70.90000000000025,B03_TLV_CFV,cav,not_applicable,8711.237613824753,3.5,30.03553059582352,0.364777161232133,lane_1,mainline,,normal,none,commit
BASIC-03,basic_01_06_900_bugcheck_20260605,709,70.90000000000025,B03_TLV_CLV,cav,not_applicable,8753.620000000017,3.5,29.999999999995694,1.7948309505300132e-12,lane_1,mainline,,normal,none,commit
BASIC-03,basic_01_06_900_bugcheck_20260605,710,71.00000000000024,B03_MV,cav,not_applicable,7245.928936876091,-3.5,0.01740335552132859,4.0,on_ramp,on_ramp_mv,,normal,not_started,commit
BASIC-03,basic_01_06_900_bugcheck_20260605,710,71.00000000000024,B03_CLV,cav,not_applicable,8763.000000000002,0.0,29.99999999999752,1.0331291377951857e-12,lane_2,mainline,,normal,none,commit
BASIC-03,basic_01_06_900_bugcheck_20260605,710,71.00000000000024,B03_CFV,cav,not_applicable,8720.579173609094,0.0,29.97339122074851,0.07890047206919171,lane_2,mainline,,normal,none,commit
BASIC-03,basic_01_06_900_bugcheck_20260605,710,71.00000000000024,B03_TLV_CFV,cav,not_applicable,8714.233242333836,3.5,29.956285090833422,-0.792455049900982,lane_1,mainline,,normal,none,commit
BASIC-03,basic_01_06_900_bugcheck_20260605,710,71.00000000000024,B03_TLV_CLV,cav,not_applicable,8756.620000000017,3.5,29.999999999995865,1.7223555914824829e-12,lane_1,mainline,,normal,none,commit
BASIC-03,basic_01_06_900_bugcheck_20260605,711,71.10000000000024,B03_MV,cav,not_applicable,7245.930635609667,-3.5,0.01698733575293536,4.0,on_ramp,on_ramp_mv,,normal,not_started,commit
BASIC-03,basic_01_06_900_bugcheck_20260605,711,71.10000000000024,B03_CLV,cav,not_applicable,8766.000000000002,0.0,29.99999999999762,9.919176591210998e-13,lane_2,mainline,,normal,none,commit
BASIC-03,basic_01_06_900_bugcheck_20260605,711,71.10000000000024,B03_CFV,cav,not_applicable,8723.58443100776,0.0,30.05257398664508,0.7918276589657023,lane_2,mainline,,normal,none,commit
BASIC-03,basic_01_06_900_bugcheck_20260605,711,71.10000000000024,B03_TLV_CFV,cav,not_applicable,8717.229659847057,3.5,29.96417513220516,0.07890041371737844,lane_1,mainline,,normal,none,commit
BASIC-03,basic_01_06_900_bugcheck_20260605,711,71.10000000000024,B03_TLV_CLV,cav,not_applicable,8759.620000000017,3.5,29.99999999999603,1.6541434888495133e-12,lane_1,mainline,,normal,none,commit
BASIC-03,basic_01_06_900_bugcheck_20260605,712,71.20000000000023,B03_MV,cav,not_applicable,7245.932293735743,-3.5,0.016581260759067358,4.0,on_ramp,on_ramp_mv,,normal,not_started,commit
BASIC-03,basic_01_06_900_bugcheck_20260605,712,71.20000000000023,B03_CLV,cav,not_applicable,8769.000000000002,0.0,29.999999999997716,9.521272659185342e-13,lane_2,mainline,,normal,none,commit
BASIC-03,basic_01_06_900_bugcheck_20260605,712,71.20000000000023,B03_CFV,cav,not_applicable,8726.585257905452,0.0,30.008268976924093,-0.44305009720987987,lane_2,mainline,,normal,none,commit
BASIC-03,basic_01_06_900_bugcheck_20260605,712,71.20000000000023,B03_TLV_CFV,cav,not_applicable,8720.233995636388,3.5,30.043357893327492,0.7918276112233097,lane_1,mainline,,normal,none,commit
BASIC-03,basic_01_06_900_bugcheck_20260605,712,71.20000000000023,B03_TLV_CLV,cav,not_applicable,8762.620000000017,3.5,29.99999999999619,1.5873524716880639e-12,lane_1,mainline,,normal,none,commit
BASIC-03,basic_01_06_900_bugcheck_20260605,713,71.30000000000022,B03_MV,cav,not_applicable,7245.933912225024,-3.5,0.01618489281425768,4.0,on_ramp,on_ramp_mv,,normal,not_started,commit
BASIC-03,basic_01_06_900_bugcheck_20260605,713,71.30000000000022,B03_CLV,cav,not_applicable,8772.000000000002,0.0,29.999999999997808,9.137579581874888e-13,lane_2,mainline,,normal,none,commit
BASIC-03,basic_01_06_900_bugcheck_20260605,713,71.30000000000022,B03_CFV,cav,not_applicable,8729.589732575076,0.0,30.044746696243283,0.36477719319191654,lane_2,mainline,,normal,none,commit
BASIC-03,basic_01_06_900_bugcheck_20260605,713,71.30000000000022,B03_TLV_CFV,cav,not_applicable,8723.233900924359,3.5,29.999052879700308,-0.44305013627183754,lane_1,mainline,,normal,none,commit
BASIC-03,basic_01_06_900_bugcheck_20260605,713,71.30000000000022,B03_TLV_CLV,cav,not_applicable,8765.620000000017,3.5,29.999999999996344,1.5234036254696548e-12,lane_1,mainline,,normal,none,commit
BASIC-03,basic_01_06_900_bugcheck_20260605,714,71.40000000000022,B03_MV,cav,not_applicable,7245.935492025012,-3.5,0.015797999875723383,4.0,on_ramp,on_ramp_mv,,normal,not_started,commit
BASIC-03,basic_01_06_900_bugcheck_20260605,714,71.40000000000022,B03_CLV,cav,not_applicable,8775.000000000002,0.0,29.999999999997897,8.768097359279637e-13,lane_2,mainline,,normal,none,commit
BASIC-03,basic_01_06_900_bugcheck_20260605,714,71.40000000000022,B03_CFV,cav,not_applicable,8732.586282694463,0.0,29.965501193868075,-0.7924550237520682,lane_2,mainline,,normal,none,commit
BASIC-03,basic_01_06_900_bugcheck_20260605,714,71.40000000000022,B03_TLV_CFV,cav,not_applicable,8726.23745398394,3.5,30.03553059582352,0.364777161232133,lane_1,mainline,,normal,none,commit
BASIC-03,basic_01_06_900_bugcheck_20260605,714,71.40000000000022,B03_TLV_CLV,cav,not_applicable,8768.620000000017,3.5,29.99999999999649,1.4622969501942863e-12,lane_1,mainline,,normal,none,commit
BASIC-03,basic_01_06_900_bugcheck_20260605,715,71.50000000000021,B03_MV,cav,not_applicable,7245.9370340605565,-3.5,0.015420355447266294,4.0,on_ramp,on_ramp_mv,,normal,not_started,commit
BASIC-03,basic_01_06_900_bugcheck_20260605,715,71.50000000000021,B03_CLV,cav,not_applicable,8778.000000000002,0.0,29.999999999997982,8.412825991399587e-13,lane_2,mainline,,normal,none,commit
BASIC-03,basic_01_06_900_bugcheck_20260605,715,71.50000000000021,B03_CFV,cav,not_applicable,8735.583621818201,0.0,29.97339123737927,0.07890043511194422,lane_2,mainline,,normal,none,commit
BASIC-03,basic_01_06_900_bugcheck_20260605,715,71.50000000000021,B03_TLV_CFV,cav,not_applicable,8729.233082493023,3.5,29.956285090833422,-0.792455049900982,lane_1,mainline,,normal,none,commit
BASIC-03,basic_01_06_900_bugcheck_20260605,715,71.50000000000021,B03_TLV_CLV,cav,not_applicable,8771.620000000017,3.5,29.999999999996632,1.4040324458619581e-12,lane_1,mainline,,normal,none,commit
BASIC-03,basic_01_06_900_bugcheck_20260605,716,71.60000000000021,B03_MV,cav,not_applicable,7245.938539234401,-3.5,0.015051738447304647,4.0,on_ramp,on_ramp_mv,,normal,not_started,commit
BASIC-03,basic_01_06_900_bugcheck_20260605,716,71.60000000000021,B03_CLV,cav,not_applicable,8781.000000000002,0.0,29.999999999998064,8.071765478234739e-13,lane_2,mainline,,normal,none,commit
BASIC-03,basic_01_06_900_bugcheck_20260605,716,71.60000000000021,B03_CFV,cav,not_applicable,8738.588879218227,0.0,30.052574000252065,0.7918276287279544,lane_2,mainline,,normal,none,commit
BASIC-03,basic_01_06_900_bugcheck_20260605,716,71.60000000000021,B03_TLV_CFV,cav,not_applicable,8732.229500006244,3.5,29.96417513220516,0.07890041371737844,lane_1,mainline,,normal,none,commit
BASIC-03,basic_01_06_900_bugcheck_20260605,716,71.60000000000021,B03_TLV_CLV,cav,not_applicable,8774.620000000017,3.5,29.999999999996767,1.3471890270011501e-12,lane_1,mainline,,normal,none,commit
BASIC-03,basic_01_06_900_bugcheck_20260605,717,71.7000000000002,B03_MV,cav,not_applicable,7245.940008427709,-3.5,0.014691933079078835,4.0,on_ramp,on_ramp_mv,,normal,not_started,commit
BASIC-03,basic_01_06_900_bugcheck_20260605,717,71.7000000000002,B03_CLV,cav,not_applicable,8784.000000000002,0.0,29.999999999998142,7.744915819785092e-13,lane_2,mainline,,normal,none,commit
BASIC-03,basic_01_06_900_bugcheck_20260605,717,71.7000000000002,B03_CFV,cav,not_applicable,8741.589706117033,0.0,30.00826898805708,-0.4430501219498555,lane_2,mainline,,normal,none,commit
BASIC-03,basic_01_06_900_bugcheck_20260605,717,71.7000000000002,B03_TLV_CFV,cav,not_applicable,8735.233835795576,3.5,30.043357893327492,0.7918276112233097,lane_1,mainline,,normal,none,commit
BASIC-03,basic_01_06_900_bugcheck_20260605,717,71.7000000000002,B03_TLV_CLV,cav,not_applicable,8777.620000000017,3.5,29.999999999996895,1.2931877790833823e-12,lane_1,mainline,,normal,none,commit
BASIC-03,basic_01_06_900_bugcheck_20260605,718,71.8000000000002,B03_MV,cav,not_applicable,7245.941442500579,-3.5,0.014340728704335714,4.0,on_ramp,on_ramp_mv,,normal,not_started,commit
BASIC-03,basic_01_06_900_bugcheck_20260605,718,71.8000000000002,B03_CLV,cav,not_applicable,8787.000000000002,0.0,29.999999999998217,7.432277016050649e-13,lane_2,mainline,,normal,none,commit
BASIC-03,basic_01_06_900_bugcheck_20260605,718,71.8000000000002,B03_CFV,cav,not_applicable,8744.594180787568,0.0,30.04474670535209,0.3647771729501183,lane_2,mainline,,normal,none,commit
BASIC-03,basic_01_06_900_bugcheck_20260605,718,71.8000000000002,B03_TLV_CFV,cav,not_applicable,8738.233741083546,3.5,29.999052879700308,-0.44305013627183754,lane_1,mainline,,normal,none,commit
BASIC-03,basic_01_06_900_bugcheck_20260605,718,71.8000000000002,B03_TLV_CLV,cav,not_applicable,8780.620000000017,3.5,29.99999999999702,1.2420287021086552e-12,lane_1,mainline,,normal,none,commit
BASIC-03,basic_01_06_900_bugcheck_20260605,719,71.90000000000019,B03_MV,cav,not_applicable,7245.942842292551,-3.5,0.013997919719839262,4.0,on_ramp,on_ramp_mv,,normal,not_started,commit
BASIC-03,basic_01_06_900_bugcheck_20260605,719,71.90000000000019,B03_CLV,cav,not_applicable,8790.000000000002,0.0,29.999999999998288,7.133849067031406e-13,lane_2,mainline,,normal,none,commit
BASIC-03,basic_01_06_900_bugcheck_20260605,719,71.90000000000019,B03_CFV,cav,not_applicable,8747.5907309077,0.0,29.965501201320734,-0.7924550403135395,lane_2,mainline,,normal,none,commit
BASIC-03,basic_01_06_900_bugcheck_20260605,719,71.90000000000019,B03_TLV_CFV,cav,not_applicable,8741.237294143128,3.5,30.03553059582352,0.364777161232133,lane_1,mainline,,normal,none,commit
BASIC-03,basic_01_06_900_bugcheck_20260605,719,71.90000000000019,B03_TLV_CLV,cav,not_applicable,8783.620000000017,3.5,29.99999999999714,1.1922907106054482e-12,lane_1,mainline,,normal,none,commit
BASIC-03,basic_01_06_900_bugcheck_20260605,720,72.00000000000018,B03_MV,cav,not_applicable,7245.944208623095,-3.5,0.013663305437359816,4.0,on_ramp,on_ramp_mv,,normal,not_started,commit
BASIC-03,basic_01_06_900_bugcheck_20260605,720,72.00000000000018,B03_CLV,cav,not_applicable,8793.000000000002,0.0,29.999999999998355,6.849631972727366e-13,lane_2,mainline,,normal,none,commit
BASIC-03,basic_01_06_900_bugcheck_20260605,720,72.00000000000018,B03_CFV,cav,not_applicable,8750.588070032047,0.0,29.9733912434769,0.07890042156164956,lane_2,mainline,,normal,none,commit
BASIC-03,basic_01_06_900_bugcheck_20260605,720,72.00000000000018,B03_TLV_CFV,cav,not_applicable,8744.23292265221,3.5,29.956285090833422,-0.792455049900982,lane_1,mainline,,normal,none,commit
BASIC-03,basic_01_06_900_bugcheck_20260605,720,72.00000000000018,B03_TLV_CLV,cav,not_applicable,8786.620000000017,3.5,29.999999999997254,1.1439738045737613e-12,lane_1,mainline,,normal,none,commit
BASIC-03,basic_01_06_900_bugcheck_20260605,721,72.10000000000018,B03_MV,cav,not_applicable,7245.945542292091,-3.5,0.013336689966272212,4.0,on_ramp,on_ramp_mv,,normal,not_started,commit
BASIC-03,basic_01_06_900_bugcheck_20260605,721,72.10000000000018,B03_CLV,cav,not_applicable,8796.000000000002,0.0,29.999999999998423,6.579625733138528e-13,lane_2,mainline,,normal,none,commit
BASIC-03,basic_01_06_900_bugcheck_20260605,721,72.10000000000018,B03_CFV,cav,not_applicable,8753.59332743257,0.0,30.052574005241034,0.7918276176413497,lane_2,mainline,,normal,none,commit
BASIC-03,basic_01_06_900_bugcheck_20260605,721,72.10000000000018,B03_TLV_CFV,cav,not_applicable,8747.229340165431,3.5,29.96417513220516,0.07890041371737844,lane_1,mainline,,normal,none,commit
BASIC-03,basic_01_06_900_bugcheck_20260605,721,72.10000000000018,B03_TLV_CLV,cav,not_applicable,8789.620000000017,3.5,29.999999999997364,1.098499069485115e-12,lane_1,mainline,,normal,none,commit
BASIC-03,basic_01_06_900_bugcheck_20260605,722,72.20000000000017,B03_MV,cav,not_applicable,7245.946844080301,-3.5,0.013017882098328073,4.0,on_ramp,on_ramp_mv,,normal,not_started,commit
BASIC-03,basic_01_06_900_bugcheck_20260605,722,72.20000000000017,B03_CLV,cav,not_applicable,8799.000000000002,0.0,29.999999999998487,6.30961949354969e-13,lane_2,mainline,,normal,none,commit
BASIC-03,basic_01_06_900_bugcheck_20260605,722,72.20000000000017,B03_CFV,cav,not_applicable,8756.594154331784,0.0,30.008268992138962,-0.4430501310207139,lane_2,mainline,,normal,none,commit
BASIC-03,basic_01_06_900_bugcheck_20260605,722,72.20000000000017,B03_TLV_CFV,cav,not_applicable,8750.233675954763,3.5,30.043357893327492,0.7918276112233097,lane_1,mainline,,normal,none,commit
BASIC-03,basic_01_06_900_bugcheck_20260605,722,72.20000000000017,B03_TLV_CLV,cav,not_applicable,8792.620000000017,3.5,29.99999999999747,1.0544454198679887e-12,lane_1,mainline,,normal,none,commit
BASIC-03,basic_01_06_900_bugcheck_20260605,723,72.30000000000017,B03_MV,cav,not_applicable,7245.948114749821,-3.5,0.012706695195906632,4.0,on_ramp,on_ramp_mv,,normal,not_started,commit
BASIC-03,basic_01_06_900_bugcheck_20260605,723,72.30000000000017,B03_CLV,cav,not_applicable,8802.000000000002,0.0,29.999999999998547,6.053824108676054e-13,lane_2,mainline,,normal,none,commit
BASIC-03,basic_01_06_900_bugcheck_20260605,723,72.30000000000017,B03_CFV,cav,not_applicable,8759.598629002654,0.0,30.044746708691815,0.36477716552850686,lane_2,mainline,,normal,none,commit
BASIC-03,basic_01_06_900_bugcheck_20260605,723,72.30000000000017,B03_TLV_CFV,cav,not_applicable,8753.233581242734,3.5,29.999052879700308,-0.44305013627183754,lane_1,mainline,,normal,none,commit
BASIC-03,basic_01_06_900_bugcheck_20260605,723,72.30000000000017,B03_TLV_CLV,cav,not_applicable,8795.620000000017,3.5,29.99999999999757,1.0118128557223827e-12,lane_1,mainline,,normal,none,commit
BASIC-03,basic_01_06_900_bugcheck_20260605,724,72.40000000000016,B03_MV,cav,not_applicable,7245.9493550445295,-3.5,0.012402947083309334,4.0,on_ramp,on_ramp_mv,,normal,not_started,commit
BASIC-03,basic_01_06_900_bugcheck_20260605,724,72.40000000000016,B03_CLV,cav,not_applicable,8805.000000000002,0.0,29.999999999998604,5.81223957851762e-13,lane_2,mainline,,normal,none,commit
BASIC-03,basic_01_06_900_bugcheck_20260605,724,72.40000000000016,B03_CFV,cav,not_applicable,8762.59517912306,0.0,29.965501204053236,-0.792455046385767,lane_2,mainline,,normal,none,commit
BASIC-03,basic_01_06_900_bugcheck_20260605,724,72.40000000000016,B03_TLV_CFV,cav,not_applicable,8756.237134302315,3.5,30.03553059582352,0.364777161232133,lane_1,mainline,,normal,none,commit
BASIC-03,basic_01_06_900_bugcheck_20260605,724,72.40000000000016,B03_TLV_CLV,cav,not_applicable,8798.620000000017,3.5,29.999999999997666,9.720224625198171e-13,lane_1,mainline,,normal,none,commit
BASIC-03,basic_01_06_900_bugcheck_20260605,725,72.50000000000016,B03_MV,cav,not_applicable,7245.950565690523,-3.5,0.012106459939358888,4.0,on_ramp,on_ramp_mv,,normal,not_started,commit
BASIC-03,basic_01_06_900_bugcheck_20260605,725,72.50000000000016,B03_CLV,cav,not_applicable,8808.000000000002,0.0,29.99999999999866,5.584865903074388e-13,lane_2,mainline,,normal,none,commit
BASIC-03,basic_01_06_900_bugcheck_20260605,725,72.50000000000016,B03_CFV,cav,not_applicable,8765.592518247631,0.0,29.973391245712584,0.07890041659346336,lane_2,mainline,,normal,none,commit
BASIC-03,basic_01_06_900_bugcheck_20260605,725,72.50000000000016,B03_TLV_CFV,cav,not_applicable,8759.232762811398,3.5,29.956285090833422,-0.792455049900982,lane_1,mainline,,normal,none,commit
BASIC-03,basic_01_06_900_bugcheck_20260605,725,72.50000000000016,B03_TLV_CLV,cav,not_applicable,8801.620000000017,3.5,29.99999999999776,9.336531547887717e-13,lane_1,mainline,,normal,none,commit
BASIC-03,basic_01_06_900_bugcheck_20260605,726,72.60000000000015,B03_MV,cav,not_applicable,7245.9517473965425,-3.5,0.011817060193911712,4.0,on_ramp,on_ramp_mv,,normal,not_started,commit
BASIC-03,basic_01_06_900_bugcheck_20260605,726,72.60000000000015,B03_CLV,cav,not_applicable,8811.000000000002,0.0,29.999999999998714,5.357492227631156e-13,lane_2,mainline,,normal,none,commit
BASIC-03,basic_01_06_900_bugcheck_20260605,726,72.60000000000015,B03_CFV,cav,not_applicable,8768.597775648339,0.0,30.05257400707023,0.79182761357647,lane_2,mainline,,normal,none,commit
BASIC-03,basic_01_06_900_bugcheck_20260605,726,72.60000000000015,B03_TLV_CFV,cav,not_applicable,8762.229180324619,3.5,29.96417513220516,0.07890041371737844,lane_1,mainline,,normal,none,commit
BASIC-03,basic_01_06_900_bugcheck_20260605,726,72.60000000000015,B03_TLV_CLV,cav,not_applicable,8804.620000000017,3.5,29.999999999997847,8.967049325292465e-13,lane_1,mainline,,normal,none,commit
BASIC-03,basic_01_06_900_bugcheck_20260605,727,72.70000000000014,B03_MV,cav,not_applicable,7245.952900854385,-3.5,0.011534578425457452,4.0,on_ramp,on_ramp_mv,,normal,not_started,commit
BASIC-03,basic_01_06_900_bugcheck_20260605,727,72.70000000000014,B03_CLV,cav,not_applicable,8814.000000000002,0.0,29.999999999998764,5.144329406903126e-13,lane_2,mainline,,normal,none,commit
BASIC-03,basic_01_06_900_bugcheck_20260605,727,72.70000000000014,B03_CFV,cav,not_applicable,8771.598602547703,0.0,30.00826899363558,-0.4430501343465245,lane_2,mainline,,normal,none,commit
BASIC-03,basic_01_06_900_bugcheck_20260605,727,72.70000000000014,B03_TLV_CFV,cav,not_applicable,8765.23351611395,3.5,30.043357893327492,0.7918276112233097,lane_1,mainline,,normal,none,commit
BASIC-03,basic_01_06_900_bugcheck_20260605,727,72.70000000000014,B03_TLV_CLV,cav,not_applicable,8807.620000000017,3.5,29.999999999997932,8.611777957412414e-13,lane_1,mainline,,normal,none,commit
BASIC-03,basic_01_06_900_bugcheck_20260605,728,72.80000000000014,B03_MV,cav,not_applicable,7245.954026739311,-3.5,0.01125884926284928,4.0,on_ramp,on_ramp_mv,,normal,not_started,commit
BASIC-03,basic_01_06_900_bugcheck_20260605,728,72.80000000000014,B03_CLV,cav,not_applicable,8817.000000000002,0.0,29.999999999998813,4.945377440890298e-13,lane_2,mainline,,normal,none,commit
BASIC-03,basic_01_06_900_bugcheck_20260605,728,72.80000000000014,B03_CFV,cav,not_applicable,8774.603077218695,0.0,30.044746709916318,0.3647771628073891,lane_2,mainline,,normal,none,commit
BASIC-03,basic_01_06_900_bugcheck_20260605,728,72.80000000000014,B03_TLV_CFV,cav,not_applicable,8768.233421401921,3.5,29.999052879700308,-0.44305013627183754,lane_1,mainline,,normal,none,commit
BASIC-03,basic_01_06_900_bugcheck_20260605,728,72.80000000000014,B03_TLV_CLV,cav,not_applicable,8810.620000000017,3.5,29.999999999998014,8.270717444247567e-13,lane_1,mainline,,normal,none,commit
BASIC-03,basic_01_06_900_bugcheck_20260605,729,72.90000000000013,B03_MV,cav,not_applicable,7245.95512571044,-3.5,0.010989711287903855,4.0,on_ramp,on_ramp_mv,,normal,not_started,commit
BASIC-03,basic_01_06_900_bugcheck_20260605,729,72.90000000000013,B03_CLV,cav,not_applicable,8820.000000000002,0.0,29.99999999999886,4.746425474877469e-13,lane_2,mainline,,normal,none,commit
BASIC-03,basic_01_06_900_bugcheck_20260605,729,72.90000000000013,B03_CFV,cav,not_applicable,8777.599627339201,0.0,29.965501205055105,-0.7924550486121361,lane_2,mainline,,normal,none,commit
BASIC-03,basic_01_06_900_bugcheck_20260605,729,72.90000000000013,B03_TLV_CFV,cav,not_applicable,8771.236974461503,3.5,30.03553059582352,0.364777161232133,lane_1,mainline,,normal,none,commit
BASIC-03,basic_01_06_900_bugcheck_20260605,729,72.90000000000013,B03_TLV_CLV,cav,not_applicable,8813.620000000017,3.5,29.999999999998092,7.943867785797921e-13,lane_1,mainline,,normal,none,commit
BASIC-03,basic_01_06_900_bugcheck_20260605,730,73.00000000000013,B03_MV,cav,not_applicable,7245.956198411134,-3.5,0.010727006941045019,4.0,on_ramp,on_ramp_mv,,normal,not_started,commit
BASIC-03,basic_01_06_900_bugcheck_20260605,730,73.00000000000013,B03_CLV,cav,not_applicable,8823.000000000002,0.0,29.999999999998906,4.561684363579843e-13,lane_2,mainline,,normal,none,commit
BASIC-03,basic_01_06_900_bugcheck_20260605,730,73.00000000000013,B03_CFV,cav,not_applicable,8780.596966463854,0.0,29.973391246532294,0.0789004147718887,lane_2,mainline,,normal,none,commit
BASIC-03,basic_01_06_900_bugcheck_20260605,730,73.00000000000013,B03_TLV_CFV,cav,not_applicable,8774.232602970586,3.5,29.956285090833422,-0.792455049900982,lane_1,mainline,,normal,none,commit
BASIC-03,basic_01_06_900_bugcheck_20260605,730,73.00000000000013,B03_TLV_CLV,cav,not_applicable,8816.620000000017,3.5,29.999999999998167,7.631228982063476e-13,lane_1,mainline,,normal,none,commit
BASIC-03,basic_01_06_900_bugcheck_20260605,731,73.10000000000012,B03_MV,cav,not_applicable,7245.957245469377,-3.5,0.010470582429339036,4.0,on_ramp,on_ramp_mv,,normal,not_started,commit
BASIC-03,basic_01_06_900_bugcheck_20260605,731,73.10000000000012,B03_CLV,cav,not_applicable,8826.000000000002,0.0,29.99999999999895,4.376943252282217e-13,lane_2,mainline,,normal,none,commit
BASIC-03,basic_01_06_900_bugcheck_20260605,731,73.10000000000012,B03_CFV,cav,not_applicable,8783.602223864627,0.0,30.052574007740905,0.7918276120860908,lane_2,mainline,,normal,none,commit
BASIC-03,basic_01_06_900_bugcheck_20260605,731,73.10000000000012,B03_TLV_CFV,cav,not_applicable,8777.229020483806,3.5,29.96417513220516,0.07890041371737844,lane_1,mainline,,normal,none,commit
BASIC-03,basic_01_06_900_bugcheck_20260605,731,73.10000000000012,B03_TLV_CLV,cav,not_applicable,8819.620000000017,3.5,29.99999999999824,7.332801033044234e-13,lane_1,mainline,,normal,none,commit
BASIC-03,basic_01_06_900_bugcheck_20260605,732,73.20000000000012,B03_MV,cav,not_applicable,7245.95826749814,-3.5,0.010220287635834265,4.0,on_ramp,on_ramp_mv,,normal,not_started,commit
BASIC-03,basic_01_06_900_bugcheck_20260605,732,73.20000000000012,B03_CLV,cav,not_applicable,8829.000000000002,0.0,29.99999999999899,4.2064129956997933e-13,lane_2,mainline,,normal,none,commit
BASIC-03,basic_01_06_900_bugcheck_20260605,732,73.20000000000012,B03_CFV,cav,not_applicable,8786.603050764046,0.0,30.008268994184313,-0.44305013556592576,lane_2,mainline,,normal,none,commit
BASIC-03,basic_01_06_900_bugcheck_20260605,732,73.20000000000012,B03_TLV_CFV,cav,not_applicable,8780.233356273138,3.5,30.043357893327492,0.7918276112233097,lane_1,mainline,,normal,none,commit
BASIC-03,basic_01_06_900_bugcheck_20260605,732,73.20000000000012,B03_TLV_CLV,cav,not_applicable,8822.620000000017,3.5,29.999999999998312,7.034373084024992e-13,lane_1,mainline,,normal,none,commit
BASIC-03,basic_01_06_900_bugcheck_20260605,733,73.30000000000011,B03_MV,cav,not_applicable,7245.959265095744,-3.5,0.009975976032379437,4.0,on_ramp,on_ramp_mv,,normal,not_started,commit
BASIC-03,basic_01_06_900_bugcheck_20260605,733,73.30000000000011,B03_CLV,cav,not_applicable,8832.000000000002,0.0,29.99999999999903,4.0358827391173694e-13,lane_2,mainline,,normal,none,commit
BASIC-03,basic_01_06_900_bugcheck_20260605,733,73.30000000000011,B03_CFV,cav,not_applicable,8789.607525435084,0.0,30.04474671036528,0.36477716180969716,lane_2,mainline,,normal,none,commit
BASIC-03,basic_01_06_900_bugcheck_20260605,733,73.30000000000011,B03_TLV_CFV,cav,not_applicable,8783.233261561109,3.5,29.999052879700308,-0.44305013627183754,lane_1,mainline,,normal,none,commit
BASIC-03,basic_01_06_900_bugcheck_20260605,733,73.30000000000011,B03_TLV_CLV,cav,not_applicable,8825.620000000017,3.5,29.99999999999838,6.750155989720952e-13,lane_1,mainline,,normal,none,commit
BASIC-03,basic_01_06_900_bugcheck_20260605,734,73.4000000000001,B03_MV,cav,not_applicable,7245.9602388462035,-3.5,0.009737504593094134,4.0,on_ramp,on_ramp_mv,,normal,not_started,commit
BASIC-03,basic_01_06_900_bugcheck_20260605,734,73.4000000000001,B03_CLV,cav,not_applicable,8835.000000000002,0.0,29.99999999999907,3.879563337250147e-13,lane_2,mainline,,normal,none,commit
BASIC-03,basic_01_06_900_bugcheck_20260605,734,73.4000000000001,B03_CFV,cav,not_applicable,8792.604075555626,0.0,29.965501205422438,-0.7924550494284295,lane_2,mainline,,normal,none,commit
BASIC-03,basic_01_06_900_bugcheck_20260605,734,73.4000000000001,B03_TLV_CFV,cav,not_applicable,8786.23681462069,3.5,30.03553059582352,0.364777161232133,lane_1,mainline,,normal,none,commit
BASIC-03,basic_01_06_900_bugcheck_20260605,734,73.4000000000001,B03_TLV_CLV,cav,not_applicable,8828.620000000017,3.5,29.999999999998444,6.480149750132114e-13,lane_1,mainline,,normal,none,commit
BASIC-03,basic_01_06_900_bugcheck_20260605,735,73.5000000000001,B03_MV,cav,not_applicable,7245.961189319574,-3.5,0.009504733711535285,4.0,on_ramp,on_ramp_mv,,normal,not_started,commit
BASIC-03,basic_01_06_900_bugcheck_20260605,735,73.5000000000001,B03_CLV,cav,not_applicable,8838.000000000002,0.0,29.999999999999105,3.7232439353829254e-13,lane_2,mainline,,normal,none,commit
BASIC-03,basic_01_06_900_bugcheck_20260605,735,73.5000000000001,B03_CFV,cav,not_applicable,8795.60141468031,0.0,29.97339124683284,0.07890041410401227,lane_2,mainline,,normal,none,commit
BASIC-03,basic_01_06_900_bugcheck_20260605,735,73.5000000000001,B03_TLV_CFV,cav,not_applicable,8789.232443129773,3.5,29.956285090833422,-0.792455049900982,lane_1,mainline,,normal,none,commit
BASIC-03,basic_01_06_900_bugcheck_20260605,735,73.5000000000001,B03_TLV_CLV,cav,not_applicable,8831.620000000017,3.5,29.999999999998508,6.224354365258478e-13,lane_1,mainline,,normal,none,commit
BASIC-03,basic_01_06_900_bugcheck_20260605,736,73.6000000000001,B03_MV,cav,not_applicable,7245.962117072286,-3.5,0.009277527118515863,4.0,on_ramp,on_ramp_mv,,normal,not_started,commit
BASIC-03,basic_01_06_900_bugcheck_20260605,736,73.6000000000001,B03_CLV,cav,not_applicable,8841.000000000002,0.0,29.99999999999914,3.5811353882309053e-13,lane_2,mainline,,normal,none,commit
BASIC-03,basic_01_06_900_bugcheck_20260605,736,73.6000000000001,B03_CFV,cav,not_applicable,8798.606672081109,0.0,30.052574007986806,0.7918276115396464,lane_2,mainline,,normal,none,commit
BASIC-03,basic_01_06_900_bugcheck_20260605,736,73.6000000000001,B03_TLV_CFV,cav,not_applicable,8792.228860642994,3.5,29.96417513220516,0.07890041371737844,lane_1,mainline,,normal,none,commit
BASIC-03,basic_01_06_900_bugcheck_20260605,736,73.6000000000001,B03_TLV_CLV,cav,not_applicable,8834.620000000017,3.5,29.99999999999857,5.968558980384842e-13,lane_1,mainline,,normal,none,commit
BASIC-03,basic_01_06_900_bugcheck_20260605,737,73.70000000000009,B03_MV,cav,not_applicable,7245.963022647466,-3.5,0.009055751801880296,4.0,on_ramp,on_ramp_mv,,normal,not_started,commit
BASIC-03,basic_01_06_900_bugcheck_20260605,737,73.70000000000009,B03_CLV,cav,not_applicable,8844.000000000002,0.0,29.999999999999176,3.4390268410788853e-13,lane_2,mainline,,normal,none,commit
BASIC-03,basic_01_06_900_bugcheck_20260605,737,73.70000000000009,B03_CFV,cav,not_applicable,8801.607498980547,0.0,30.008268994385503,-0.44305013601301657,lane_2,mainline,,normal,none,commit
BASIC-03,basic_01_06_900_bugcheck_20260605,737,73.70000000000009,B03_TLV_CFV,cav,not_applicable,8795.233196432326,3.5,30.043357893327492,0.7918276112233097,lane_1,mainline,,normal,none,commit
BASIC-03,basic_01_06_900_bugcheck_20260605,737,73.70000000000009,B03_TLV_CLV,cav,not_applicable,8837.620000000017,3.5,29.999999999998625,5.726974450226408e-13,lane_1,mainline,,normal,none,commit
BASIC-03,basic_01_06_900_bugcheck_20260605,738,73.80000000000008,B03_MV,cav,not_applicable,7245.963906575258,-3.5,0.008839277929323633,4.0,on_ramp,on_ramp_mv,,normal,not_started,commit
BASIC-03,basic_01_06_900_bugcheck_20260605,738,73.80000000000008,B03_CLV,cav,not_applicable,8847.000000000002,0.0,29.999999999999208,3.2969182939268653e-13,lane_2,mainline,,normal,none,commit
BASIC-03,basic_01_06_900_bugcheck_20260605,738,73.80000000000008,B03_CFV,cav,not_applicable,8804.611973651601,0.0,30.044746710529893,0.3647771614438956,lane_2,mainline,,normal,none,commit
BASIC-03,basic_01_06_900_bugcheck_20260605,738,73.80000000000008,B03_TLV_CFV,cav,not_applicable,8798.233101720296,3.5,29.999052879700308,-0.44305013627183754,lane_1,mainline,,normal,none,commit
BASIC-03,basic_01_06_900_bugcheck_20260605,738,73.80000000000008,B03_TLV_CLV,cav,not_applicable,8840.620000000017,3.5,29.99999999999868,5.499600774783176e-13,lane_1,mainline,,normal,none,commit
BASIC-03,basic_01_06_900_bugcheck_20260605,739,73.90000000000008,B03_MV,cav,not_applicable,7245.964769373135,-3.5,0.008627978772080344,4.0,on_ramp,on_ramp_mv,,normal,not_started,commit
BASIC-03,basic_01_06_900_bugcheck_20260605,739,73.90000000000008,B03_CLV,cav,not_applicable,8850.000000000002,0.0,29.99999999999924,3.169020601490047e-13,lane_2,mainline,,normal,none,commit
BASIC-03,basic_01_06_900_bugcheck_20260605,739,73.90000000000008,B03_CFV,cav,not_applicable,8807.608523772156,0.0,29.96550120555712,-0.7924550497277217,lane_2,mainline,,normal,none,commit
BASIC-03,basic_01_06_900_bugcheck_20260605,739,73.90000000000008,B03_TLV_CFV,cav,not_applicable,8801.236654779877,3.5,30.03553059582352,0.364777161232133,lane_1,mainline,,normal,none,commit
BASIC-03,basic_01_06_900_bugcheck_20260605,739,73.90000000000008,B03_TLV_CLV,cav,not_applicable,8843.620000000017,3.5,29.99999999999873,5.286437954055146e-13,lane_1,mainline,,normal,none,commit
BASIC-03,basic_01_06_900_bugcheck_20260605,740,74.00000000000007,B03_MV,cav,not_applicable,7245.965611546198,-3.5,0.008421730630787225,4.0,on_ramp,on_ramp_mv,,normal,not_started,commit
BASIC-03,basic_01_06_900_bugcheck_20260605,740,74.00000000000007,B03_CLV,cav,not_applicable,8853.000000000002,0.0,29.99999999999927,3.041122909053229e-13,lane_2,mainline,,normal,none,commit
BASIC-03,basic_01_06_900_bugcheck_20260605,740,74.00000000000007,B03_CFV,cav,not_applicable,8810.605862896851,0.0,29.973391246943034,0.07890041385913682,lane_2,mainline,,normal,none,commit
BASIC-03,basic_01_06_900_bugcheck_20260605,740,74.00000000000007,B03_TLV_CFV,cav,not_applicable,8804.23228328896,3.5,29.956285090833422,-0.792455049900982,lane_1,mainline,,normal,none,commit
BASIC-03,basic_01_06_900_bugcheck_20260605,740,74.00000000000007,B03_TLV_CLV,cav,not_applicable,8846.620000000017,3.5,29.99999999999878,5.073275133327116e-13,lane_1,mainline,,normal,none,commit
BASIC-03,basic_01_06_900_bugcheck_20260605,741,74.10000000000007,B03_MV,cav,not_applicable,7245.966433587474,-3.5,0.008220412763085607,4.0,on_ramp,on_ramp_mv,,normal,not_started,commit
BASIC-03,basic_01_06_900_bugcheck_20260605,741,74.10000000000007,B03_CLV,cav,not_applicable,8856.000000000002,0.0,29.9999999999993,2.913225216616411e-13,lane_2,mainline,,normal,none,commit
BASIC-03,basic_01_06_900_bugcheck_20260605,741,74.10000000000007,B03_CFV,cav,not_applicable,8813.611120297659,0.0,30.052574008076963,0.7918276113392938,lane_2,mainline,,normal,none,commit
BASIC-03,basic_01_06_900_bugcheck_20260605,741,74.10000000000007,B03_TLV_CFV,cav,not_applicable,8807.228700802181,3.5,29.96417513220516,0.07890041371737844,lane_1,mainline,,normal,none,commit
BASIC-03,basic_01_06_900_bugcheck_20260605,741,74.10000000000007,B03_TLV_CLV,cav,not_applicable,8849.620000000017,3.5,29.99999999999883,4.874323167314288e-13,lane_1,mainline,,normal,none,commit
BASIC-03,basic_01_06_900_bugcheck_20260605,742,74.20000000000006,B03_MV,cav,not_applicable,7245.967235978205,-3.5,0.00802390731274542,4.0,on_ramp,on_ramp_mv,,normal,not_started,commit
BASIC-03,basic_01_06_900_bugcheck_20260605,742,74.20000000000006,B03_CLV,cav,not_applicable,8859.000000000002,0.0,29.99999999999933,2.799538378894795e-13,lane_2,mainline,,normal,none,commit
BASIC-03,basic_01_06_900_bugcheck_20260605,742,74.20000000000006,B03_CFV,cav,not_applicable,8816.611947197105,0.0,30.008268994459268,-0.44305013617694144,lane_2,mainline,,normal,none,commit
BASIC-03,basic_01_06_900_bugcheck_20260605,742,74.20000000000006,B03_TLV_CFV,cav,not_applicable,8810.233036591513,3.5,30.043357893327492,0.7918276112233097,lane_1,mainline,,normal,none,commit
BASIC-03,basic_01_06_900_bugcheck_20260605,742,74.20000000000006,B03_TLV_CLV,cav,not_applicable,8852.620000000017,3.5,29.999999999998877,4.675371201301459e-13,lane_1,mainline,,normal,none,commit
BASIC-03,basic_01_06_900_bugcheck_20260605,743,74.30000000000005,B03_MV,cav,not_applicable,7245.96801918813,-3.5,0.00783209924118079,4.0,on_ramp,on_ramp_mv,,normal,not_started,commit
BASIC-03,basic_01_06_900_bugcheck_20260605,743,74.30000000000005,B03_CLV,cav,not_applicable,8862.000000000002,0.0,29.999999999999357,2.685851541173179e-13,lane_2,mainline,,normal,none,commit
BASIC-03,basic_01_06_900_bugcheck_20260605,743,74.30000000000005,B03_CFV,cav,not_applicable,8819.616421868164,0.0,30.044746710590246,0.3647771613097752,lane_2,mainline,,normal,none,commit
BASIC-03,basic_01_06_900_bugcheck_20260605,743,74.30000000000005,B03_TLV_CFV,cav,not_applicable,8813.232941879483,3.5,29.999052879700308,-0.44305013627183754,lane_1,mainline,,normal,none,commit
BASIC-03,basic_01_06_900_bugcheck_20260605,743,74.30000000000005,B03_TLV_CLV,cav,not_applicable,8855.620000000017,3.5,29.999999999998924,4.4906300900038334e-13,lane_1,mainline,,normal,none,commit
BASIC-03,basic_01_06_900_bugcheck_20260605,744,74.40000000000005,B03_MV,cav,not_applicable,7245.968783675756,-3.5,0.007644876259400451,4.0,on_ramp,on_ramp_mv,,normal,not_started,commit
BASIC-03,basic_01_06_900_bugcheck_20260605,744,74.40000000000005,B03_CLV,cav,not_applicable,8865.000000000002,0.0,29.999999999999382,2.572164703451563e-13,lane_2,mainline,,normal,none,commit
BASIC-03,basic_01_06_900_bugcheck_20260605,744,74.40000000000005,B03_CFV,cav,not_applicable,8822.612971988725,0.0,29.9655012056065,-0.7924550498374565,lane_2,mainline,,normal,none,commit
BASIC-03,basic_01_06_900_bugcheck_20260605,744,74.40000000000005,B03_TLV_CFV,cav,not_applicable,8816.236494939065,3.5,30.03553059582352,0.364777161232133,lane_1,mainline,,normal,none,commit
BASIC-03,basic_01_06_900_bugcheck_20260605,744,74.40000000000005,B03_TLV_CLV,cav,not_applicable,8858.620000000017,3.5,29.999999999998966,4.305888978706207e-13,lane_1,mainline,,normal,none,commit
BASIC-03,basic_01_06_900_bugcheck_20260605,745,74.50000000000004,B03_MV,cav,not_applicable,7245.969529888632,-3.5,0.0074621287630019136,4.0,on_ramp,on_ramp_mv,,normal,not_started,commit
BASIC-03,basic_01_06_900_bugcheck_20260605,745,74.50000000000004,B03_CLV,cav,not_applicable,8868.000000000002,0.0,29.999999999999407,2.472688720445149e-13,lane_2,mainline,,normal,none,commit
BASIC-03,basic_01_06_900_bugcheck_20260605,745,74.50000000000004,B03_CFV,cav,not_applicable,8825.610311113423,0.0,29.973391246983436,0.07890041376935386,lane_2,mainline,,normal,none,commit
BASIC-03,basic_01_06_900_bugcheck_20260605,745,74.50000000000004,B03_TLV_CFV,cav,not_applicable,8819.232123448148,3.5,29.956285090833422,-0.792455049900982,lane_1,mainline,,normal,none,commit
BASIC-03,basic_01_06_900_bugcheck_20260605,745,74.50000000000004,B03_TLV_CLV,cav,not_applicable,8861.620000000017,3.5,29.99999999999901,4.1353587221237833e-13,lane_1,mainline,,normal,none,commit
BASIC-03,basic_01_06_900_bugcheck_20260605,746,74.60000000000004,B03_MV,cav,not_applicable,7245.970258263608,-3.5,0.00728374976738304,4.0,on_ramp,on_ramp_mv,,normal,not_started,commit
BASIC-03,basic_01_06_900_bugcheck_20260605,746,74.60000000000004,B03_CLV,cav,not_applicable,8871.000000000002,0.0,29.99999999999943,2.3732127374387345e-13,lane_2,mainline,,normal,none,commit
BASIC-03,basic_01_06_900_bugcheck_20260605,746,74.60000000000004,B03_CFV,cav,not_applicable,8828.615568514235,0.0,30.05257400811002,0.791827611265835,lane_2,mainline,,normal,none,commit
BASIC-03,basic_01_06_900_bugcheck_20260605,746,74.60000000000004,B03_TLV_CFV,cav,not_applicable,8822.228540961369,3.5,29.96417513220516,0.07890041371737844,lane_1,mainline,,normal,none,commit
BASIC-03,basic_01_06_900_bugcheck_20260605,746,74.60000000000004,B03_TLV_CLV,cav,not_applicable,8864.620000000017,3.5,29.999999999999048,3.9648284655413593e-13,lane_1,mainline,,normal,none,commit
BASIC-03,basic_01_06_900_bugcheck_20260605,747,74.70000000000003,B03_MV,cav,not_applicable,7245.970969227093,-3.5,0.007109634845345136,4.0,on_ramp,on_ramp_mv,,normal,not_started,commit
BASIC-03,basic_01_06_900_bugcheck_20260605,747,74.70000000000003,B03_CLV,cav,not_applicable,8874.000000000002,0.0,29.999999999999453,2.2737367544323206e-13,lane_2,mainline,,normal,none,commit
BASIC-03,basic_01_06_900_bugcheck_20260605,747,74.70000000000003,B03_CFV,cav,not_applicable,8831.616395413683,0.0,30.00826899448632,-0.44305013623704403,lane_2,mainline,,normal,none,commit
BASIC-03,basic_01_06_900_bugcheck_20260605,747,74.70000000000003,B03_TLV_CFV,cav,not_applicable,8825.2328767507,3.5,30.043357893327492,0.7918276112233097,lane_1,mainline,,normal,none,commit
BASIC-03,basic_01_06_900_bugcheck_20260605,747,74.70000000000003,B03_TLV_CLV,cav,not_applicable,8867.620000000017,3.5,29.999999999999087,3.808509063674137e-13,lane_1,mainline,,normal,none,commit
BASIC-03,basic_01_06_900_bugcheck_20260605,748,74.80000000000003,B03_MV,cav,not_applicable,7245.971663195299,-3.5,0.006939682066000517,4.0,on_ramp,on_ramp_mv,,normal,not_started,commit
BASIC-03,basic_01_06_900_bugcheck_20260605,748,74.80000000000003,B03_CLV,cav,not_applicable,8877.000000000002,0.0,29.999999999999474,2.1884716261411086e-13,lane_2,mainline,,normal,none,commit
BASIC-03,basic_01_06_900_bugcheck_20260605,748,74.80000000000003,B03_CFV,cav,not_applicable,8834.620870084744,0.0,30.04474671061238,0.3647771612606004,lane_2,mainline,,normal,none,commit
BASIC-03,basic_01_06_900_bugcheck_20260605,748,74.80000000000003,B03_TLV_CFV,cav,not_applicable,8828.23278203867,3.5,29.999052879700308,-0.44305013627183754,lane_1,mainline,,normal,none,commit
BASIC-03,basic_01_06_900_bugcheck_20260605,748,74.80000000000003,B03_TLV_CLV,cav,not_applicable,8870.620000000017,3.5,29.999999999999122,3.6521896618069154e-13,lane_1,mainline,,normal,none,commit
BASIC-03,basic_01_06_900_bugcheck_20260605,749,74.90000000000002,B03_MV,cav,not_applicable,7245.972340574493,-3.5,0.006773791935201939,4.0,on_ramp,on_ramp_mv,,normal,not_started,commit
BASIC-03,basic_01_06_900_bugcheck_20260605,749,74.90000000000002,B03_CLV,cav,not_applicable,8880.000000000002,0.0,29.999999999999496,2.1032064978498967e-13,lane_2,mainline,,normal,none,commit
BASIC-03,basic_01_06_900_bugcheck_20260605,749,74.90000000000002,B03_CFV,cav,not_applicable,8837.617420205306,0.0,29.965501205624612,-0.7924550498776906,lane_2,mainline,,normal,none,commit
BASIC-03,basic_01_06_900_bugcheck_20260605,749,74.90000000000002,B03_TLV_CFV,cav,not_applicable,8831.236335098252,3.5,30.03553059582352,0.364777161232133,lane_1,mainline,,normal,none,commit
BASIC-03,basic_01_06_900_bugcheck_20260605,749,74.90000000000002,B03_TLV_CLV,cav,not_applicable,8873.620000000017,3.5,29.999999999999158,3.5100811146548953e-13,lane_1,mainline,,normal,none,commit
BASIC-03,basic_01_06_900_bugcheck_20260605,750,75.00000000000001,B03_MV,cav,not_applicable,7245.973001761226,-3.5,0.006611867336841682,4.0,on_ramp,on_ramp_mv,,normal,not_started,commit
BASIC-03,basic_01_06_900_bugcheck_20260605,750,75.00000000000001,B03_CLV,cav,not_applicable,8883.000000000002,0.0,29.999999999999517,2.0179413695586847e-13,lane_2,mainline,,normal,none,commit
BASIC-03,basic_01_06_900_bugcheck_20260605,750,75.00000000000001,B03_CFV,cav,not_applicable,8840.614759330007,0.0,29.973391246998254,0.07890041373643508,lane_2,mainline,,normal,none,commit
BASIC-03,basic_01_06_900_bugcheck_20260605,750,75.00000000000001,B03_TLV_CFV,cav,not_applicable,8834.231963607335,3.5,29.956285090833422,-0.792455049900982,lane_1,mainline,,normal,none,commit
BASIC-03,basic_01_06_900_bugcheck_20260605,750,75.00000000000001,B03_TLV_CLV,cav,not_applicable,8876.620000000017,3.5,29.99999999999919,3.3679725675028753e-13,lane_1,mainline,,normal,none,commit
BASIC-03,basic_01_06_900_bugcheck_20260605,751,75.10000000000001,B03_MV,cav,not_applicable,7245.973647142574,-3.5,0.006453813476759555,4.0,on_ramp,on_ramp_mv,,normal,not_started,commit
BASIC-03,basic_01_06_900_bugcheck_20260605,751,75.10000000000001,B03_CLV,cav,not_applicable,8886.000000000002,0.0,29.999999999999535,1.9326762412674727e-13,lane_2,mainline,,normal,none,commit
BASIC-03,basic_01_06_900_bugcheck_20260605,751,75.10000000000001,B03_CFV,cav,not_applicable,8843.620016730818,0.0,30.052574008122143,0.7918276112389014,lane_2,mainline,,normal,none,commit
BASIC-03,basic_01_06_900_bugcheck_20260605,751,75.10000000000001,B03_TLV_CFV,cav,not_applicable,8837.228381120556,3.5,29.96417513220516,0.07890041371737844,lane_1,mainline,,normal,none,commit
BASIC-03,basic_01_06_900_bugcheck_20260605,751,75.10000000000001,B03_TLV_CLV,cav,not_applicable,8879.620000000017,3.5,29.999999999999222,3.240074875066057e-13,lane_1,mainline,,normal,none,commit
BASIC-03,basic_01_06_900_bugcheck_20260605,752,75.2,B03_MV,cav,not_applicable,7245.974277096357,-3.5,0.006299537826650908,4.0,on_ramp,on_ramp_mv,,normal,not_started,commit
BASIC-03,basic_01_06_900_bugcheck_20260605,752,75.2,B03_CLV,cav,not_applicable,8889.000000000002,0.0,29.999999999999552,1.8616219676914627e-13,lane_2,mainline,,normal,none,commit
BASIC-03,basic_01_06_900_bugcheck_20260605,752,75.2,B03_CFV,cav,not_applicable,8846.620843630268,0.0,30.008268994496234,-0.44305013625908063,lane_2,mainline,,normal,none,commit
BASIC-03,basic_01_06_900_bugcheck_20260605,752,75.2,B03_TLV_CFV,cav,not_applicable,8840.232716909888,3.5,30.043357893327492,0.7918276112233097,lane_1,mainline,,normal,none,commit
BASIC-03,basic_01_06_900_bugcheck_20260605,752,75.2,B03_TLV_CLV,cav,not_applicable,8882.620000000017,3.5,29.999999999999254,3.112177182629239e-13,lane_1,mainline,,normal,none,commit
BASIC-03,basic_01_06_900_bugcheck_20260605,753,75.3,B03_MV,cav,not_applicable,7245.974891991364,-3.5,0.00614895006993134,4.0,on_ramp,on_ramp_mv,,normal,not_started,commit
BASIC-03,basic_01_06_900_bugcheck_20260605,753,75.3,B03_CLV,cav,not_applicable,8892.000000000002,0.0,29.99999999999957,1.7905676941154527e-13,lane_2,mainline,,normal,none,commit
BASIC-03,basic_01_06_900_bugcheck_20260605,753,75.3,B03_CFV,cav,not_applicable,8849.62531830133,0.0,30.04474671062049,0.3647771612425704,lane_2,mainline,,normal,none,commit
BASIC-03,basic_01_06_900_bugcheck_20260605,753,75.3,B03_TLV_CFV,cav,not_applicable,8843.232622197858,3.5,29.999052879700308,-0.44305013627183754,lane_1,mainline,,normal,none,commit
BASIC-03,basic_01_06_900_bugcheck_20260605,753,75.3,B03_TLV_CLV,cav,not_applicable,8885.620000000017,3.5,29.999999999999282,2.984279490192421e-13,lane_1,mainline,,normal,none,commit
BASIC-03,basic_01_06_900_bugcheck_20260605,754,75.39999999999999,B03_MV,cav,not_applicable,7245.975492187568,-3.5,0.0060019620491232745,4.0,on_ramp,on_ramp_mv,,normal,not_started,commit
BASIC-03,basic_01_06_900_bugcheck_20260605,754,75.39999999999999,B03_CLV,cav,not_applicable,8895.000000000002,0.0,29.999999999999588,1.7195134205394427e-13,lane_2,mainline,,normal,none,commit
BASIC-03,basic_01_06_900_bugcheck_20260605,754,75.39999999999999,B03_CFV,cav,not_applicable,8852.621868421893,0.0,29.965501205631245,-0.7924550498924423,lane_2,mainline,,normal,none,commit
BASIC-03,basic_01_06_900_bugcheck_20260605,754,75.39999999999999,B03_TLV_CFV,cav,not_applicable,8846.23617525744,3.5,30.03553059582352,0.364777161232133,lane_1,mainline,,normal,none,commit
BASIC-03,basic_01_06_900_bugcheck_20260605,754,75.39999999999999,B03_TLV_CLV,cav,not_applicable,8888.620000000017,3.5,29.99999999999931,2.870592652470805e-13,lane_1,mainline,,normal,none,commit
BASIC-03,basic_01_06_900_bugcheck_20260605,755,75.49999999999999,B03_MV,cav,not_applicable,7245.9760780363395,-3.5,0.005858487714112192,4.0,on_ramp,on_ramp_mv,,normal,not_started,commit
BASIC-03,basic_01_06_900_bugcheck_20260605,755,75.49999999999999,B03_CLV,cav,not_applicable,8898.000000000002,0.0,29.999999999999606,1.6484591469634326e-13,lane_2,mainline,,normal,none,commit
BASIC-03,basic_01_06_900_bugcheck_20260605,755,75.49999999999999,B03_CFV,cav,not_applicable,8855.619207546593,0.0,29.973391247003683,0.0789004137243654,lane_2,mainline,,normal,none,commit
BASIC-03,basic_01_06_900_bugcheck_20260605,755,75.49999999999999,B03_TLV_CFV,cav,not_applicable,8849.231803766523,3.5,29.956285090833422,-0.792455049900982,lane_1,mainline,,normal,none,commit
BASIC-03,basic_01_06_900_bugcheck_20260605,755,75.49999999999999,B03_TLV_CLV,cav,not_applicable,8891.620000000017,3.5,29.99999999999934,2.756905814749189e-13,lane_1,mainline,,normal,none,commit
BASIC-03,basic_01_06_900_bugcheck_20260605,756,75.59999999999998,B03_MV,cav,not_applicable,7245.976649880647,-3.5,0.005718443071707318,4.0,on_ramp,on_ramp_mv,,normal,not_started,commit
BASIC-03,basic_01_06_900_bugcheck_20260605,756,75.59999999999998,B03_CLV,cav,not_applicable,8901.000000000002,0.0,29.99999999999962,1.5774048733874226e-13,lane_2,mainline,,normal,none,commit
BASIC-03,basic_01_06_900_bugcheck_20260605,756,75.59999999999998,B03_CFV,cav,not_applicable,8858.624464947407,0.0,30.052574008126584,0.7918276112290262,lane_2,mainline,,normal,none,commit
BASIC-03,basic_01_06_900_bugcheck_20260605,756,75.59999999999998,B03_TLV_CFV,cav,not_applicable,8852.228221279744,3.5,29.96417513220516,0.07890041371737844,lane_1,mainline,,normal,none,commit
BASIC-03,basic_01_06_900_bugcheck_20260605,756,75.59999999999998,B03_TLV_CLV,cav,not_applicable,8894.620000000017,3.5,29.999999999999364,2.643218977027573e-13,lane_1,mainline,,normal,none,commit
BASIC-03,basic_01_06_900_bugcheck_20260605,757,75.69999999999997,B03_MV,cav,not_applicable,7245.97720805526,-3.5,0.005581746136506776,4.0,on_ramp,on_ramp_mv,,normal,not_started,commit
BASIC-03,basic_01_06_900_bugcheck_20260605,757,75.69999999999997,B03_CLV,cav,not_applicable,8904.000000000002,0.0,29.999999999999634,1.5205614545266145e-13,lane_2,mainline,,normal,none,commit
BASIC-03,basic_01_06_900_bugcheck_20260605,757,75.69999999999997,B03_CFV,cav,not_applicable,8861.625291846856,0.0,30.00826899449987,-0.4430501362671603,lane_2,mainline,,normal,none,commit
BASIC-03,basic_01_06_900_bugcheck_20260605,757,75.69999999999997,B03_TLV_CFV,cav,not_applicable,8855.232557069075,3.5,30.043357893327492,0.7918276112233097,lane_1,mainline,,normal,none,commit
BASIC-03,basic_01_06_900_bugcheck_20260605,757,75.69999999999997,B03_TLV_CLV,cav,not_applicable,8897.620000000017,3.5,29.99999999999939,2.543742994021159e-13,lane_1,mainline,,normal,none,commit
BASIC-03,basic_01_06_900_bugcheck_20260605,758,75.79999999999997,B03_MV,cav,not_applicable,7245.977752886948,-3.5,0.0054483168830672096,4.0,on_ramp,on_ramp_mv,,normal,not_started,commit
BASIC-03,basic_01_06_900_bugcheck_20260605,758,75.79999999999997,B03_CLV,cav,not_applicable,8907.000000000002,0.0,29.99999999999965,1.4637180356658065e-13,lane_2,mainline,,normal,none,commit
BASIC-03,basic_01_06_900_bugcheck_20260605,758,75.79999999999997,B03_CFV,cav,not_applicable,8864.629766517919,0.0,30.044746710623464,0.3647771612359598,lane_2,mainline,,normal,none,commit
BASIC-03,basic_01_06_900_bugcheck_20260605,758,75.79999999999997,B03_TLV_CFV,cav,not_applicable,8858.232462357046,3.5,29.999052879700308,-0.44305013627183754,lane_1,mainline,,normal,none,commit
BASIC-03,basic_01_06_900_bugcheck_20260605,758,75.79999999999997,B03_TLV_CLV,cav,not_applicable,8900.620000000017,3.5,29.999999999999414,2.4442670110147445e-13,lane_1,mainline,,normal,none,commit
BASIC-03,basic_01_06_900_bugcheck_20260605,759,75.89999999999996,B03_MV,cav,not_applicable,7245.978284694668,-3.5,0.005318077198943047,4.0,on_ramp,on_ramp_mv,,normal,not_started,commit
BASIC-03,basic_01_06_900_bugcheck_20260605,759,75.89999999999996,B03_CLV,cav,not_applicable,8910.000000000002,0.0,29.999999999999662,1.4068746168049984e-13,lane_2,mainline,,normal,none,commit
BASIC-03,basic_01_06_900_bugcheck_20260605,759,75.89999999999996,B03_CFV,cav,not_applicable,8867.626316638482,0.0,29.96550120563368,-0.792455049897851,lane_2,mainline,,normal,none,commit
BASIC-03,basic_01_06_900_bugcheck_20260605,759,75.89999999999996,B03_TLV_CFV,cav,not_applicable,8861.236015416627,3.5,30.03553059582352,0.364777161232133,lane_1,mainline,,normal,none,commit
BASIC-03,basic_01_06_900_bugcheck_20260605,759,75.89999999999996,B03_TLV_CLV,cav,not_applicable,8903.620000000017,3.5,29.99999999999944,2.3447910280083306e-13,lane_1,mainline,,normal,none,commit
BASIC-03,basic_01_06_900_bugcheck_20260605,760,75.99999999999996,B03_MV,cav,not_applicable,7245.978803789752,-3.5,0.0051909508385954055,4.0,on_ramp,on_ramp_mv,,normal,not_started,commit
BASIC-03,basic_01_06_900_bugcheck_20260605,760,75.99999999999996,B03_CLV,cav,not_applicable,8913.000000000002,0.0,29.999999999999677,1.3500311979441904e-13,lane_2,mainline,,normal,none,commit
BASIC-03,basic_01_06_900_bugcheck_20260605,760,75.99999999999996,B03_CFV,cav,not_applicable,8870.623655763182,0.0,29.973391247005672,0.07890041371994017,lane_2,mainline,,normal,none,commit
BASIC-03,basic_01_06_900_bugcheck_20260605,760,75.99999999999996,B03_TLV_CFV,cav,not_applicable,8864.23164392571,3.5,29.956285090833422,-0.792455049900982,lane_1,mainline,,normal,none,commit
BASIC-03,basic_01_06_900_bugcheck_20260605,760,75.99999999999996,B03_TLV_CLV,cav,not_applicable,8906.620000000017,3.5,29.99999999999946,2.2453150450019167e-13,lane_1,mainline,,normal,none,commit
BASIC-03,basic_01_06_900_bugcheck_20260605,761,76.09999999999995,B03_MV,cav,not_applicable,7245.97931047609,-3.5,0.005066863379475107,4.0,on_ramp,on_ramp_mv,,normal,not_started,commit
BASIC-03,basic_01_06_900_bugcheck_20260605,761,76.09999999999995,B03_CLV,cav,not_applicable,8916.000000000002,0.0,29.99999999999969,1.2931877790833823e-13,lane_2,mainline,,normal,none,commit
BASIC-03,basic_01_06_900_bugcheck_20260605,761,76.09999999999995,B03_CFV,cav,not_applicable,8873.628913163995,0.0,30.052574008128214,0.7918276112254056,lane_2,mainline,,normal,none,commit
BASIC-03,basic_01_06_900_bugcheck_20260605,761,76.09999999999995,B03_TLV_CFV,cav,not_applicable,8867.228061438931,3.5,29.96417513220516,0.07890041371737844,lane_1,mainline,,normal,none,commit
BASIC-03,basic_01_06_900_bugcheck_20260605,761,76.09999999999995,B03_TLV_CLV,cav,not_applicable,8909.620000000017,3.5,29.99999999999948,2.1600499167107047e-13,lane_1,mainline,,normal,none,commit
BASIC-03,basic_01_06_900_bugcheck_20260605,762,76.19999999999995,B03_MV,cav,not_applicable,7245.979805050308,-3.5,0.0049457421781056955,4.0,on_ramp,on_ramp_mv,,normal,not_started,commit
BASIC-03,basic_01_06_900_bugcheck_20260605,762,76.19999999999995,B03_CLV,cav,not_applicable,8919.000000000002,0.0,29.9999999999997,1.2363443602225745e-13,lane_2,mainline,,normal,none,commit
BASIC-03,basic_01_06_900_bugcheck_20260605,762,76.19999999999995,B03_CFV,cav,not_applicable,8876.629740063445,0.0,30.0082689945012,-0.4430501362701227,lane_2,mainline,,normal,none,commit
BASIC-03,basic_01_06_900_bugcheck_20260605,762,76.19999999999995,B03_TLV_CFV,cav,not_applicable,8870.232397228263,3.5,30.043357893327492,0.7918276112233097,lane_1,mainline,,normal,none,commit
BASIC-03,basic_01_06_900_bugcheck_20260605,762,76.19999999999995,B03_TLV_CLV,cav,not_applicable,8912.620000000017,3.5,29.999999999999503,2.0747847884194927e-13,lane_1,mainline,,normal,none,commit
BASIC-03,basic_01_06_900_bugcheck_20260605,763,76.29999999999994,B03_MV,cav,not_applicable,7245.980287801941,-3.5,0.004827516327253501,4.0,on_ramp,on_ramp_mv,,normal,not_started,commit
BASIC-03,basic_01_06_900_bugcheck_20260605,763,76.29999999999994,B03_CLV,cav,not_applicable,8922.000000000002,0.0,29.999999999999712,1.1937117960769684e-13,lane_2,mainline,,normal,none,commit
BASIC-03,basic_01_06_900_bugcheck_20260605,763,76.29999999999994,B03_CFV,cav,not_applicable,8879.634214734508,0.0,30.044746710624555,0.36477716123353604,lane_2,mainline,,normal,none,commit
BASIC-03,basic_01_06_900_bugcheck_20260605,763,76.29999999999994,B03_TLV_CFV,cav,not_applicable,8873.232302516233,3.5,29.999052879700308,-0.44305013627183754,lane_1,mainline,,normal,none,commit
BASIC-03,basic_01_06_900_bugcheck_20260605,763,76.29999999999994,B03_TLV_CLV,cav,not_applicable,8915.620000000017,3.5,29.999999999999524,1.9895196601282805e-13,lane_1,mainline,,normal,none,commit
BASIC-03,basic_01_06_900_bugcheck_20260605,764,76.39999999999993,B03_MV,cav,not_applicable,7245.980759013602,-3.5,0.0047121166146195876,4.0,on_ramp,on_ramp_mv,,normal,not_started,commit
BASIC-03,basic_01_06_900_bugcheck_20260605,764,76.39999999999993,B03_CLV,cav,not_applicable,8925.000000000002,0.0,29.999999999999723,1.1510792319313623e-13,lane_2,mainline,,normal,none,commit
BASIC-03,basic_01_06_900_bugcheck_20260605,764,76.39999999999993,B03_CFV,cav,not_applicable,8882.630764855072,0.0,29.96550120563457,-0.7924550498998341,lane_2,mainline,,normal,none,commit
BASIC-03,basic_01_06_900_bugcheck_20260605,764,76.39999999999993,B03_TLV_CFV,cav,not_applicable,8876.235855575815,3.5,30.03553059582352,0.364777161232133,lane_1,mainline,,normal,none,commit
BASIC-03,basic_01_06_900_bugcheck_20260605,764,76.39999999999993,B03_TLV_CLV,cav,not_applicable,8918.620000000017,3.5,29.99999999999954,1.9042545318370685e-13,lane_1,mainline,,normal,none,commit
BASIC-03,basic_01_06_900_bugcheck_20260605,765,76.49999999999993,B03_MV,cav,not_applicable,7245.981218961151,-3.5,0.004599475482836162,4.0,on_ramp,on_ramp_mv,,normal,not_started,commit
BASIC-03,basic_01_06_900_bugcheck_20260605,765,76.49999999999993,B03_CLV,cav,not_applicable,8928.000000000002,0.0,29.999999999999734,1.1084466677857564e-13,lane_2,mainline,,normal,none,commit
BASIC-03,basic_01_06_900_bugcheck_20260605,765,76.49999999999993,B03_CFV,cav,not_applicable,8885.628103979772,0.0,29.9733912470064,0.07890041371831769,lane_2,mainline,,normal,none,commit
BASIC-03,basic_01_06_900_bugcheck_20260605,765,76.49999999999993,B03_TLV_CFV,cav,not_applicable,8879.231484084898,3.5,29.956285090833422,-0.792455049900982,lane_1,mainline,,normal,none,commit
BASIC-03,basic_01_06_900_bugcheck_20260605,765,76.49999999999993,B03_TLV_CLV,cav,not_applicable,8921.620000000017,3.5,29.99999999999956,1.8332002582610585e-13,lane_1,mainline,,normal,none,commit
BASIC-03,basic_01_06_900_bugcheck_20260605,766,76.59999999999992,B03_MV,cav,not_applicable,7245.98166791385,-3.5,0.004489526989028164,4.0,on_ramp,on_ramp_mv,,normal,not_started,commit
BASIC-03,basic_01_06_900_bugcheck_20260605,766,76.59999999999992,B03_CLV,cav,not_applicable,8931.000000000002,0.0,29.999999999999744,1.0658141036401503e-13,lane_2,mainline,,normal,none,commit
BASIC-03,basic_01_06_900_bugcheck_20260605,766,76.59999999999992,B03_CFV,cav,not_applicable,8888.633361380585,0.0,30.052574008128808,0.7918276112240781,lane_2,mainline,,normal,none,commit
BASIC-03,basic_01_06_900_bugcheck_20260605,766,76.59999999999992,B03_TLV_CFV,cav,not_applicable,8882.227901598118,3.5,29.96417513220516,0.07890041371737844,lane_1,mainline,,normal,none,commit
BASIC-03,basic_01_06_900_bugcheck_20260605,766,76.59999999999992,B03_TLV_CLV,cav,not_applicable,8924.620000000017,3.5,29.999999999999577,1.7621459846850485e-13,lane_1,mainline,,normal,none,commit
BASIC-03,basic_01_06_900_bugcheck_20260605,767,76.69999999999992,B03_MV,cav,not_applicable,7245.982106134527,-3.5,0.004382206766983779,4.0,on_ramp,on_ramp_mv,,normal,not_started,commit
BASIC-03,basic_01_06_900_bugcheck_20260605,767,76.69999999999992,B03_CLV,cav,not_applicable,8934.000000000002,0.0,29.999999999999755,1.0231815394945443e-13,lane_2,mainline,,normal,none,commit
BASIC-03,basic_01_06_900_bugcheck_20260605,767,76.69999999999992,B03_CFV,cav,not_applicable,8891.634188280035,0.0,30.008268994501687,-0.4430501362712088,lane_2,mainline,,normal,none,commit
BASIC-03,basic_01_06_900_bugcheck_20260605,767,76.69999999999992,B03_TLV_CFV,cav,not_applicable,8885.23223738745,3.5,30.043357893327492,0.7918276112233097,lane_1,mainline,,normal,none,commit
BASIC-03,basic_01_06_900_bugcheck_20260605,767,76.69999999999992,B03_TLV_CLV,cav,not_applicable,8927.620000000017,3.5,29.999999999999595,1.6910917111090385e-13,lane_1,mainline,,normal,none,commit
BASIC-03,basic_01_06_900_bugcheck_20260605,768,76.79999999999991,B03_MV,cav,not_applicable,7245.982533879726,-3.5,0.004277451988890139,4.0,on_ramp,on_ramp_mv,,normal,not_started,commit
BASIC-03,basic_01_06_900_bugcheck_20260605,768,76.79999999999991,B03_CLV,cav,not_applicable,8937.000000000002,0.0,29.999999999999766,9.805489753489383e-14,lane_2,mainline,,normal,none,commit
BASIC-03,basic_01_06_900_bugcheck_20260605,768,76.79999999999991,B03_CFV,cav,not_applicable,8894.638662951098,0.0,30.044746710624953,0.36477716123264736,lane_2,mainline,,normal,none,commit
BASIC-03,basic_01_06_900_bugcheck_20260605,768,76.79999999999991,B03_TLV_CFV,cav,not_applicable,8888.23214267542,3.5,29.999052879700308,-0.44305013627183754,lane_1,mainline,,normal,none,commit
BASIC-03,basic_01_06_900_bugcheck_20260605,768,76.79999999999991,B03_TLV_CLV,cav,not_applicable,8930.620000000017,3.5,29.999999999999613,1.6200374375330285e-13,lane_1,mainline,,normal,none,commit
BASIC-03,basic_01_06_900_bugcheck_20260605,769,76.8999999999999,B03_MV,cav,not_applicable,7245.982951399859,-3.5,0.004175201329025715,4.0,on_ramp,on_ramp_mv,,normal,not_started,commit
BASIC-03,basic_01_06_900_bugcheck_20260605,769,76.8999999999999,B03_CLV,cav,not_applicable,8940.000000000002,0.0,29.999999999999776,9.379164112033323e-14,lane_2,mainline,,normal,none,commit
BASIC-03,basic_01_06_900_bugcheck_20260605,769,76.8999999999999,B03_CFV,cav,not_applicable,8897.635213071662,0.0,29.965501205634897,-0.7924550499005611,lane_2,mainline,,normal,none,commit
BASIC-03,basic_01_06_900_bugcheck_20260605,769,76.8999999999999,B03_TLV_CFV,cav,not_applicable,8891.235695735002,3.5,30.03553059582352,0.364777161232133,lane_1,mainline,,normal,none,commit
BASIC-03,basic_01_06_900_bugcheck_20260605,769,76.8999999999999,B03_TLV_CLV,cav,not_applicable,8933.620000000017,3.5,29.999999999999627,1.5489831639570185e-13,lane_1,mainline,,normal,none,commit
BASIC-03,basic_01_06_900_bugcheck_20260605,770,76.9999999999999,B03_MV,cav,not_applicable,7245.983358939352,-3.5,0.004075394927452706,4.0,on_ramp,on_ramp_mv,,normal,not_started,commit
BASIC-03,basic_01_06_900_bugcheck_20260605,770,76.9999999999999,B03_CLV,cav,not_applicable,8943.000000000002,0.0,29.999999999999787,8.952838470577263e-14,lane_2,mainline,,normal,none,commit
BASIC-03,basic_01_06_900_bugcheck_20260605,770,76.9999999999999,B03_CFV,cav,not_applicable,8900.632552196363,0.0,29.97339124700667,0.07890041371772272,lane_2,mainline,,normal,none,commit
BASIC-03,basic_01_06_900_bugcheck_20260605,770,76.9999999999999,B03_TLV_CFV,cav,not_applicable,8894.231324244085,3.5,29.956285090833422,-0.792455049900982,lane_1,mainline,,normal,none,commit
BASIC-03,basic_01_06_900_bugcheck_20260605,770,76.9999999999999,B03_TLV_CLV,cav,not_applicable,8936.620000000017,3.5,29.99999999999964,1.4921397450962104e-13,lane_1,mainline,,normal,none,commit
BASIC-03,basic_01_06_900_bugcheck_20260605,771,77.0999999999999,B03_MV,cav,not_applicable,7245.983756736788,-3.5,0.003977974355231318,4.0,on_ramp,on_ramp_mv,,normal,not_started,commit
BASIC-03,basic_01_06_900_bugcheck_20260605,771,77.0999999999999,B03_CLV,cav,not_applicable,8946.000000000002,0.0,29.999999999999794,8.526512829121202e-14,lane_2,mainline,,normal,none,commit
BASIC-03,basic_01_06_900_bugcheck_20260605,771,77.0999999999999,B03_CFV,cav,not_applicable,8903.637809597176,0.0,30.052574008129028,0.7918276112235914,lane_2,mainline,,normal,none,commit
BASIC-03,basic_01_06_900_bugcheck_20260605,771,77.0999999999999,B03_TLV_CFV,cav,not_applicable,8897.227741757306,3.5,29.96417513220516,0.07890041371737844,lane_1,mainline,,normal,none,commit
BASIC-03,basic_01_06_900_bugcheck_20260605,771,77.0999999999999,B03_TLV_CLV,cav,not_applicable,8939.620000000017,3.5,29.999999999999655,1.4352963262354026e-13,lane_1,mainline,,normal,none,commit
BASIC-03,basic_01_06_900_bugcheck_20260605,772,77.19999999999989,B03_MV,cav,not_applicable,7245.984145025046,-3.5,0.0038828825800688417,4.0,on_ramp,on_ramp_mv,,normal,not_started,commit
BASIC-03,basic_01_06_900_bugcheck_20260605,772,77.19999999999989,B03_CLV,cav,not_applicable,8949.000000000002,0.0,29.9999999999998,8.242295734817163e-14,lane_2,mainline,,normal,none,commit
BASIC-03,basic_01_06_900_bugcheck_20260605,772,77.19999999999989,B03_CFV,cav,not_applicable,8906.638636496626,0.0,30.00826899450187,-0.44305013627160705,lane_2,mainline,,normal,none,commit
BASIC-03,basic_01_06_900_bugcheck_20260605,772,77.19999999999989,B03_TLV_CFV,cav,not_applicable,8900.232077546638,3.5,30.043357893327492,0.7918276112233097,lane_1,mainline,,normal,none,commit
BASIC-03,basic_01_06_900_bugcheck_20260605,772,77.19999999999989,B03_TLV_CLV,cav,not_applicable,8942.620000000017,3.5,29.99999999999967,1.3784529073745945e-13,lane_1,mainline,,normal,none,commit
BASIC-03,basic_01_06_900_bugcheck_20260605,773,77.29999999999988,B03_MV,cav,not_applicable,7245.984524031439,-3.5,0.00379006393305581,4.0,on_ramp,on_ramp_mv,,normal,not_started,commit
BASIC-03,basic_01_06_900_bugcheck_20260605,773,77.29999999999988,B03_CLV,cav,not_applicable,8952.000000000002,0.0,29.999999999999808,7.958078640513123e-14,lane_2,mainline,,normal,none,commit
BASIC-03,basic_01_06_900_bugcheck_20260605,773,77.29999999999988,B03_CFV,cav,not_applicable,8909.643111167688,0.0,30.044746710625102,0.36477716123232157,lane_2,mainline,,normal,none,commit
BASIC-03,basic_01_06_900_bugcheck_20260605,773,77.29999999999988,B03_TLV_CFV,cav,not_applicable,8903.231982834608,3.5,29.999052879700308,-0.44305013627183754,lane_1,mainline,,normal,none,commit
BASIC-03,basic_01_06_900_bugcheck_20260605,773,77.29999999999988,B03_TLV_CLV,cav,not_applicable,8945.620000000017,3.5,29.999999999999684,1.3216094885137864e-13,lane_1,mainline,,normal,none,commit
BASIC-03,basic_01_06_900_bugcheck_20260605,774,77.39999999999988,B03_MV,cav,not_applicable,7245.984893977847,-3.5,0.0036994640762717784,4.0,on_ramp,on_ramp_mv,,normal,not_started,commit
BASIC-03,basic_01_06_900_bugcheck_20260605,774,77.39999999999988,B03_CLV,cav,not_applicable,8955.000000000002,0.0,29.999999999999815,7.673861546209083e-14,lane_2,mainline,,normal,none,commit
BASIC-03,basic_01_06_900_bugcheck_20260605,774,77.39999999999988,B03_CFV,cav,not_applicable,8912.639661288253,0.0,29.965501205635018,-0.7924550499008278,lane_2,mainline,,normal,none,commit
BASIC-03,basic_01_06_900_bugcheck_20260605,774,77.39999999999988,B03_TLV_CFV,cav,not_applicable,8906.23553589419,3.5,30.03553059582352,0.364777161232133,lane_1,mainline,,normal,none,commit
BASIC-03,basic_01_06_900_bugcheck_20260605,774,77.39999999999988,B03_TLV_CLV,cav,not_applicable,8948.620000000017,3.5,29.999999999999698,1.2647660696529784e-13,lane_1,mainline,,normal,none,commit
BASIC-03,basic_01_06_900_bugcheck_20260605,775,77.49999999999987,B03_MV,cav,not_applicable,7245.985255080844,-3.5,0.0036110299701737044,4.0,on_ramp,on_ramp_mv,,normal,not_started,commit
BASIC-03,basic_01_06_900_bugcheck_20260605,775,77.49999999999987,B03_CLV,cav,not_applicable,8958.000000000002,0.0,29.999999999999822,7.389644451905042e-14,lane_2,mainline,,normal,none,commit
BASIC-03,basic_01_06_900_bugcheck_20260605,775,77.49999999999987,B03_CFV,cav,not_applicable,8915.637000412953,0.0,29.97339124700677,0.07890041371750456,lane_2,mainline,,normal,none,commit
BASIC-03,basic_01_06_900_bugcheck_20260605,775,77.49999999999987,B03_TLV_CFV,cav,not_applicable,8909.231164403272,3.5,29.956285090833422,-0.792455049900982,lane_1,mainline,,normal,none,commit
BASIC-03,basic_01_06_900_bugcheck_20260605,775,77.49999999999987,B03_TLV_CLV,cav,not_applicable,8951.620000000017,3.5,29.99999999999971,1.2079226507921703e-13,lane_1,mainline,,normal,none,commit
BASIC-03,basic_01_06_900_bugcheck_20260605,776,77.59999999999987,B03_MV,cav,not_applicable,7245.985607551828,-3.5,0.0035247098435932556,4.0,on_ramp,on_ramp_mv,,normal,not_started,commit
BASIC-03,basic_01_06_900_bugcheck_20260605,776,77.59999999999987,B03_CLV,cav,not_applicable,8961.000000000002,0.0,29.99999999999983,7.105427357601002e-14,lane_2,mainline,,normal,none,commit
BASIC-03,basic_01_06_900_bugcheck_20260605,776,77.59999999999987,B03_CFV,cav,not_applicable,8918.642257813766,0.0,30.05257400812911,0.7918276112234128,lane_2,mainline,,normal,none,commit
BASIC-03,basic_01_06_900_bugcheck_20260605,776,77.59999999999987,B03_TLV_CFV,cav,not_applicable,8912.227581916493,3.5,29.96417513220516,0.07890041371737844,lane_1,mainline,,normal,none,commit
BASIC-03,basic_01_06_900_bugcheck_20260605,776,77.59999999999987,B03_TLV_CLV,cav,not_applicable,8954.620000000017,3.5,29.99999999999972,1.1652900866465645e-13,lane_1,mainline,,normal,none,commit
BASIC-03,basic_01_06_900_bugcheck_20260605,777,77.69999999999986,B03_MV,cav,not_applicable,7245.985951597145,-3.5,0.003440453162647062,4.0,on_ramp,on_ramp_mv,,normal,not_started,commit
BASIC-03,basic_01_06_900_bugcheck_20260605,777,77.69999999999986,B03_CLV,cav,not_applicable,8964.000000000002,0.0,29.999999999999837,6.821210263296963e-14,lane_2,mainline,,normal,none,commit
BASIC-03,basic_01_06_900_bugcheck_20260605,777,77.69999999999986,B03_CFV,cav,not_applicable,8921.643084713216,0.0,30.008268994501936,-0.44305013627175316,lane_2,mainline,,normal,none,commit
BASIC-03,basic_01_06_900_bugcheck_20260605,777,77.69999999999986,B03_TLV_CFV,cav,not_applicable,8915.231917705825,3.5,30.043357893327492,0.7918276112233097,lane_1,mainline,,normal,none,commit
BASIC-03,basic_01_06_900_bugcheck_20260605,777,77.69999999999986,B03_TLV_CLV,cav,not_applicable,8957.620000000017,3.5,29.99999999999973,1.1226575225009583e-13,lane_1,mainline,,normal,none,commit
BASIC-03,basic_01_06_900_bugcheck_20260605,778,77.79999999999986,B03_MV,cav,not_applicable,7245.9862874182045,-3.5,0.0033582106016036666,4.0,on_ramp,on_ramp_mv,,normal,not_started,commit
BASIC-03,basic_01_06_900_bugcheck_20260605,778,77.79999999999986,B03_CLV,cav,not_applicable,8967.000000000002,0.0,29.999999999999844,6.536993168992922e-14,lane_2,mainline,,normal,none,commit
BASIC-03,basic_01_06_900_bugcheck_20260605,778,77.79999999999986,B03_CFV,cav,not_applicable,8924.647559384279,0.0,30.044746710625155,0.364777161232202,lane_2,mainline,,normal,none,commit
BASIC-03,basic_01_06_900_bugcheck_20260605,778,77.79999999999986,B03_TLV_CFV,cav,not_applicable,8918.231822993796,3.5,29.999052879700308,-0.44305013627183754,lane_1,mainline,,normal,none,commit
BASIC-03,basic_01_06_900_bugcheck_20260605,778,77.79999999999986,B03_TLV_CLV,cav,not_applicable,8960.620000000017,3.5,29.99999999999974,1.0800249583553524e-13,lane_1,mainline,,normal,none,commit
BASIC-03,basic_01_06_900_bugcheck_20260605,779,77.89999999999985,B03_MV,cav,not_applicable,7245.986615211606,-3.5,0.0032779340139678856,4.0,on_ramp,on_ramp_mv,,normal,not_started,commit
BASIC-03,basic_01_06_900_bugcheck_20260605,779,77.89999999999985,B03_CLV,cav,not_applicable,8970.000000000002,0.0,29.99999999999985,6.252776074688882e-14,lane_2,mainline,,normal,none,commit
BASIC-03,basic_01_06_900_bugcheck_20260605,779,77.89999999999985,B03_CFV,cav,not_applicable,8927.644109504843,0.0,29.965501205635064,-0.7924550499009255,lane_2,mainline,,normal,none,commit
BASIC-03,basic_01_06_900_bugcheck_20260605,779,77.89999999999985,B03_TLV_CFV,cav,not_applicable,8921.235376053377,3.5,30.03553059582352,0.364777161232133,lane_1,mainline,,normal,none,commit
BASIC-03,basic_01_06_900_bugcheck_20260605,779,77.89999999999985,B03_TLV_CLV,cav,not_applicable,8963.620000000017,3.5,29.99999999999975,1.0373923942097464e-13,lane_1,mainline,,normal,none,commit
BASIC-03,basic_01_06_900_bugcheck_20260605,780,77.99999999999984,B03_MV,cav,not_applicable,7245.986935169246,-3.5,0.0031995764037825833,4.0,on_ramp,on_ramp_mv,,normal,not_started,commit
BASIC-03,basic_01_06_900_bugcheck_20260605,780,77.99999999999984,B03_CLV,cav,not_applicable,8973.000000000002,0.0,29.999999999999858,5.968558980384842e-14,lane_2,mainline,,normal,none,commit
BASIC-03,basic_01_06_900_bugcheck_20260605,780,77.99999999999984,B03_CFV,cav,not_applicable,8930.641448629543,0.0,29.973391247006806,0.07890041371742462,lane_2,mainline,,normal,none,commit
BASIC-03,basic_01_06_900_bugcheck_20260605,780,77.99999999999984,B03_TLV_CFV,cav,not_applicable,8924.23100456246,3.5,29.956285090833422,-0.792455049900982,lane_1,mainline,,normal,none,commit
BASIC-03,basic_01_06_900_bugcheck_20260605,780,77.99999999999984,B03_TLV_CLV,cav,not_applicable,8966.620000000017,3.5,29.999999999999762,9.947598300641403e-14,lane_1,mainline,,normal,none,commit
BASIC-03,basic_01_06_900_bugcheck_20260605,781,78.09999999999984,B03_MV,cav,not_applicable,7245.987247478436,-3.5,0.0031230918986697278,4.0,on_ramp,on_ramp_mv,,normal,not_started,commit
BASIC-03,basic_01_06_900_bugcheck_20260605,781,78.09999999999984,B03_CLV,cav,not_applicable,8976.000000000002,0.0,29.999999999999865,5.684341886080802e-14,lane_2,mainline,,normal,none,commit
BASIC-03,basic_01_06_900_bugcheck_20260605,781,78.09999999999984,B03_CFV,cav,not_applicable,8933.646706030357,0.0,30.05257400812914,0.7918276112233474,lane_2,mainline,,normal,none,commit
BASIC-03,basic_01_06_900_bugcheck_20260605,781,78.09999999999984,B03_TLV_CFV,cav,not_applicable,8927.22742207568,3.5,29.96417513220516,0.07890041371737844,lane_1,mainline,,normal,none,commit
BASIC-03,basic_01_06_900_bugcheck_20260605,781,78.09999999999984,B03_TLV_CLV,cav,not_applicable,8969.620000000017,3.5,29.999999999999773,9.521272659185343e-14,lane_1,mainline,,normal,none,commit
BASIC-03,basic_01_06_900_bugcheck_20260605,782,78.19999999999983,B03_MV,cav,not_applicable,7245.987552322008,-3.5,0.0030484357228714506,4.0,on_ramp,on_ramp_mv,,normal,not_started,commit
BASIC-03,basic_01_06_900_bugcheck_20260605,782,78.19999999999983,B03_CLV,cav,not_applicable,8979.000000000002,0.0,29.999999999999872,5.400124791776762e-14,lane_2,mainline,,normal,none,commit
BASIC-03,basic_01_06_900_bugcheck_20260605,782,78.19999999999983,B03_CFV,cav,not_applicable,8936.647532929806,0.0,30.00826899450196,-0.44305013627180656,lane_2,mainline,,normal,none,commit
BASIC-03,basic_01_06_900_bugcheck_20260605,782,78.19999999999983,B03_TLV_CFV,cav,not_applicable,8930.231757865013,3.5,30.043357893327492,0.7918276112233097,lane_1,mainline,,normal,none,commit
BASIC-03,basic_01_06_900_bugcheck_20260605,782,78.19999999999983,B03_TLV_CLV,cav,not_applicable,8972.620000000017,3.5,29.999999999999783,9.094947017729283e-14,lane_1,mainline,,normal,none,commit
BASIC-03,basic_01_06_900_bugcheck_20260605,783,78.29999999999983,B03_MV,cav,not_applicable,7245.987849878426,-3.5,0.002975564171160749,4.0,on_ramp,on_ramp_mv,,normal,not_started,commit
BASIC-03,basic_01_06_900_bugcheck_20260605,783,78.29999999999983,B03_CLV,cav,not_applicable,8982.000000000002,0.0,29.999999999999876,5.1159076974727215e-14,lane_2,mainline,,normal,none,commit
BASIC-03,basic_01_06_900_bugcheck_20260605,783,78.29999999999983,B03_CFV,cav,not_applicable,8939.65200760087,0.0,30.044746710625176,0.3647771612321583,lane_2,mainline,,normal,none,commit
BASIC-03,basic_01_06_900_bugcheck_20260605,783,78.29999999999983,B03_TLV_CFV,cav,not_applicable,8933.231663152983,3.5,29.999052879700308,-0.44305013627183754,lane_1,mainline,,normal,none,commit
BASIC-03,basic_01_06_900_bugcheck_20260605,783,78.29999999999983,B03_TLV_CLV,cav,not_applicable,8975.620000000017,3.5,29.99999999999979,8.668621376273223e-14,lane_1,mainline,,normal,none,commit
BASIC-03,basic_01_06_900_bugcheck_20260605,784,78.39999999999982,B03_MV,cav,not_applicable,7245.988140321884,-3.5,0.002904434582534778,4.0,on_ramp,on_ramp_mv,,normal,not_started,commit
BASIC-03,basic_01_06_900_bugcheck_20260605,784,78.39999999999982,B03_CLV,cav,not_applicable,8985.000000000002,0.0,29.99999999999988,4.973799150320701e-14,lane_2,mainline,,normal,none,commit
BASIC-03,basic_01_06_900_bugcheck_20260605,784,78.39999999999982,B03_CFV,cav,not_applicable,8942.648557721433,0.0,29.965501205635082,-0.7924550499009613,lane_2,mainline,,normal,none,commit
BASIC-03,basic_01_06_900_bugcheck_20260605,784,78.39999999999982,B03_TLV_CFV,cav,not_applicable,8936.235216212564,3.5,30.03553059582352,0.364777161232133,lane_1,mainline,,normal,none,commit
BASIC-03,basic_01_06_900_bugcheck_20260605,784,78.39999999999982,B03_TLV_CLV,cav,not_applicable,8978.620000000017,3.5,29.999999999999797,8.384404281969183e-14,lane_1,mainline,,normal,none,commit
BASIC-03,basic_01_06_900_bugcheck_20260605,785,78.49999999999982,B03_MV,cav,not_applicable,7245.988423822416,-3.5,0.0028350053162996564,4.0,on_ramp,on_ramp_mv,,normal,not_started,commit
BASIC-03,basic_01_06_900_bugcheck_20260605,785,78.49999999999982,B03_CLV,cav,not_applicable,8988.000000000002,0.0,29.999999999999883,4.831690603168682e-14,lane_2,mainline,,normal,none,commit
BASIC-03,basic_01_06_900_bugcheck_20260605,785,78.49999999999982,B03_CFV,cav,not_applicable,8945.645896846134,0.0,29.973391247006823,0.07890041371739542,lane_2,mainline,,normal,none,commit
BASIC-03,basic_01_06_900_bugcheck_20260605,785,78.49999999999982,B03_TLV_CFV,cav,not_applicable,8939.230844721647,3.5,29.956285090833422,-0.792455049900982,lane_1,mainline,,normal,none,commit
BASIC-03,basic_01_06_900_bugcheck_20260605,785,78.49999999999982,B03_TLV_CLV,cav,not_applicable,8981.620000000017,3.5,29.999999999999805,8.100187187665142e-14,lane_1,mainline,,normal,none,commit
BASIC-03,basic_01_06_900_bugcheck_20260605,786,78.59999999999981,B03_MV,cav,not_applicable,7245.988700545989,-3.5,0.002767235727068229,4.0,on_ramp,on_ramp_mv,,normal,not_started,commit
BASIC-03,basic_01_06_900_bugcheck_20260605,786,78.59999999999981,B03_CLV,cav,not_applicable,8991.000000000002,0.0,29.999999999999886,4.6895820560166616e-14,lane_2,mainline,,normal,none,commit
BASIC-03,basic_01_06_900_bugcheck_20260605,786,78.59999999999981,B03_CFV,cav,not_applicable,8948.651154246947,0.0,30.052574008129156,0.7918276112233236,lane_2,mainline,,normal,none,commit
BASIC-03,basic_01_06_900_bugcheck_20260605,786,78.59999999999981,B03_TLV_CFV,cav,not_applicable,8942.227262234868,3.5,29.96417513220516,0.07890041371737844,lane_1,mainline,,normal,none,commit
BASIC-03,basic_01_06_900_bugcheck_20260605,786,78.59999999999981,B03_TLV_CLV,cav,not_applicable,8984.620000000017,3.5,29.99999999999981,7.815970093361102e-14,lane_1,mainline,,normal,none,commit
BASIC-03,basic_01_06_900_bugcheck_20260605,787,78.6999999999998,B03_MV,cav,not_applicable,7245.988970654603,-3.5,0.00270108614084487,4.0,on_ramp,on_ramp_mv,,normal,not_started,commit
BASIC-03,basic_01_06_900_bugcheck_20260605,787,78.6999999999998,B03_CLV,cav,not_applicable,8994.000000000002,0.0,29.99999999999989,4.5474735088646414e-14,lane_2,mainline,,normal,none,commit
BASIC-03,basic_01_06_900_bugcheck_20260605,787,78.6999999999998,B03_CFV,cav,not_applicable,8951.651981146397,0.0,30.00826899450197,-0.4430501362718261,lane_2,mainline,,normal,none,commit
BASIC-03,basic_01_06_900_bugcheck_20260605,787,78.6999999999998,B03_TLV_CFV,cav,not_applicable,8945.2315980242,3.5,30.043357893327492,0.7918276112233097,lane_1,mainline,,normal,none,commit
BASIC-03,basic_01_06_900_bugcheck_20260605,787,78.6999999999998,B03_TLV_CLV,cav,not_applicable,8987.620000000017,3.5,29.99999999999982,7.531752999057063e-14,lane_1,mainline,,normal,none,commit
BASIC-03,basic_01_06_900_bugcheck_20260605,788,78.7999999999998,B03_MV,cav,not_applicable,7245.989234306386,-3.5,0.0026365178321973532,4.0,on_ramp,on_ramp_mv,,normal,not_started,commit
BASIC-03,basic_01_06_900_bugcheck_20260605,788,78.7999999999998,B03_CLV,cav,not_applicable,8997.000000000002,0.0,29.999999999999893,4.405364961712621e-14,lane_2,mainline,,normal,none,commit
BASIC-03,basic_01_06_900_bugcheck_20260605,788,78.7999999999998,B03_CFV,cav,not_applicable,8954.65645581746,0.0,30.044746710625187,0.3647771612321423,lane_2,mainline,,normal,none,commit
BASIC-03,basic_01_06_900_bugcheck_20260605,788,78.7999999999998,B03_TLV_CFV,cav,not_applicable,8948.23150331217,3.5,29.999052879700308,-0.44305013627183754,lane_1,mainline,,normal,none,commit
BASIC-03,basic_01_06_900_bugcheck_20260605,788,78.7999999999998,B03_TLV_CLV,cav,not_applicable,8990.620000000017,3.5,29.999999999999826,7.247535904753023e-14,lane_1,mainline,,normal,none,commit
BASIC-03,basic_01_06_900_bugcheck_20260605,789,78.89999999999979,B03_MV,cav,not_applicable,7245.989491655686,-3.5,0.002573493001428712,4.0,on_ramp,on_ramp_mv,,normal,not_started,commit
BASIC-03,basic_01_06_900_bugcheck_20260605,789,78.89999999999979,B03_CLV,cav,not_applicable,9000.000000000002,0.0,29.999999999999897,4.263256414560601e-14,lane_2,mainline,,normal,none,commit
BASIC-03,basic_01_06_900_bugcheck_20260605,789,78.89999999999979,B03_CFV,cav,not_applicable,8957.653005938024,0.0,29.96550120563509,-0.7924550499009744,lane_2,mainline,,normal,none,commit
BASIC-03,basic_01_06_900_bugcheck_20260605,789,78.89999999999979,B03_TLV_CFV,cav,not_applicable,8951.235056371752,3.5,30.03553059582352,0.364777161232133,lane_1,mainline,,normal,none,commit
BASIC-03,basic_01_06_900_bugcheck_20260605,789,78.89999999999979,B03_TLV_CLV,cav,not_applicable,8993.620000000017,3.5,29.999999999999833,6.963318810448982e-14,lane_1,mainline,,normal,none,commit
BASIC-03,basic_01_06_900_bugcheck_20260605,790,78.99999999999979,B03_MV,cav,not_applicable,7245.989742853161,-3.5,0.0025119747521839264,4.0,on_ramp,on_ramp_mv,,normal,not_started,commit
BASIC-03,basic_01_06_900_bugcheck_20260605,790,78.99999999999979,B03_CLV,cav,not_applicable,9003.000000000002,0.0,29.9999999999999,4.1211478674085816e-14,lane_2,mainline,,normal,none,commit
BASIC-03,basic_01_06_900_bugcheck_20260605,790,78.99999999999979,B03_CFV,cav,not_applicable,8960.650345062724,0.0,29.973391247006827,0.07890041371738465,lane_2,mainline,,normal,none,commit
BASIC-03,basic_01_06_900_bugcheck_20260605,790,78.99999999999979,B03_TLV_CFV,cav,not_applicable,8954.230684880835,3.5,29.956285090833422,-0.792455049900982,lane_1,mainline,,normal,none,commit
BASIC-03,basic_01_06_900_bugcheck_20260605,790,78.99999999999979,B03_TLV_CLV,cav,not_applicable,8996.620000000017,3.5,29.99999999999984,6.679101716144942e-14,lane_1,mainline,,normal,none,commit
BASIC-03,basic_01_06_900_bugcheck_20260605,791,79.09999999999978,B03_MV,cav,not_applicable,7245.989988045868,-3.5,0.0024519270703610746,4.0,on_ramp,on_ramp_mv,,normal,not_started,commit
BASIC-03,basic_01_06_900_bugcheck_20260605,791,79.09999999999978,B03_CLV,cav,not_applicable,9006.000000000002,0.0,29.999999999999904,3.9790393202565614e-14,lane_2,mainline,,normal,none,commit
BASIC-03,basic_01_06_900_bugcheck_20260605,791,79.09999999999978,B03_CFV,cav,not_applicable,8963.655602463537,0.0,30.05257400812916,0.7918276112233147,lane_2,mainline,,normal,none,commit
BASIC-03,basic_01_06_900_bugcheck_20260605,791,79.09999999999978,B03_TLV_CFV,cav,not_applicable,8957.227102394056,3.5,29.96417513220516,0.07890041371737844,lane_1,mainline,,normal,none,commit
BASIC-03,basic_01_06_900_bugcheck_20260605,791,79.09999999999978,B03_TLV_CLV,cav,not_applicable,8999.620000000017,3.5,29.999999999999847,6.394884621840902e-14,lane_1,mainline,,normal,none,commit
BASIC-03,basic_01_06_900_bugcheck_20260605,792,79.19999999999978,B03_MV,cav,not_applicable,7245.990227377348,-3.5,0.0023933148028050717,4.0,on_ramp,on_ramp_mv,,normal,not_started,commit
BASIC-03,basic_01_06_900_bugcheck_20260605,792,79.19999999999978,B03_CLV,cav,not_applicable,9009.000000000002,0.0,29.999999999999908,3.836930773104541e-14,lane_2,mainline,,normal,none,commit
BASIC-03,basic_01_06_900_bugcheck_20260605,792,79.19999999999978,B03_CFV,cav,not_applicable,8966.656429362987,0.0,30.008268994501975,-0.44305013627183343,lane_2,mainline,,normal,none,commit
BASIC-03,basic_01_06_900_bugcheck_20260605,792,79.19999999999978,B03_TLV_CFV,cav,not_applicable,8960.231438183388,3.5,30.043357893327492,0.7918276112233097,lane_1,mainline,,normal,none,commit
BASIC-03,basic_01_06_900_bugcheck_20260605,792,79.19999999999978,B03_TLV_CLV,cav,not_applicable,9002.620000000017,3.5,29.999999999999854,6.110667527536861e-14,lane_1,mainline,,normal,none,commit
BASIC-03,basic_01_06_900_bugcheck_20260605,793,79.29999999999977,B03_MV,cav,not_applicable,7245.990460987711,-3.5,0.0023361036364362322,4.0,on_ramp,on_ramp_mv,,normal,not_started,commit
BASIC-03,basic_01_06_900_bugcheck_20260605,793,79.29999999999977,B03_CLV,cav,not_applicable,9012.000000000002,0.0,29.99999999999991,3.694822225952521e-14,lane_2,mainline,,normal,none,commit
BASIC-03,basic_01_06_900_bugcheck_20260605,793,79.29999999999977,B03_CFV,cav,not_applicable,8969.66090403405,0.0,30.044746710625187,0.3647771612321363,lane_2,mainline,,normal,none,commit
BASIC-03,basic_01_06_900_bugcheck_20260605,793,79.29999999999977,B03_TLV_CFV,cav,not_applicable,8963.231343471358,3.5,29.999052879700308,-0.44305013627183754,lane_1,mainline,,normal,none,commit
BASIC-03,basic_01_06_900_bugcheck_20260605,793,79.29999999999977,B03_TLV_CLV,cav,not_applicable,9005.620000000017,3.5,29.99999999999986,5.826450433232822e-14,lane_1,mainline,,normal,none,commit
BASIC-03,basic_01_06_900_bugcheck_20260605,794,79.39999999999976,B03_MV,cav,not_applicable,7245.990689013719,-3.5,0.0022802600784658845,4.0,on_ramp,on_ramp_mv,,normal,not_started,commit
BASIC-03,basic_01_06_900_bugcheck_20260605,794,79.39999999999976,B03_CLV,cav,not_applicable,9015.000000000002,0.0,29.999999999999915,3.552713678800501e-14,lane_2,mainline,,normal,none,commit
BASIC-03,basic_01_06_900_bugcheck_20260605,794,79.39999999999976,B03_CFV,cav,not_applicable,8972.657454154614,0.0,29.96550120563509,-0.7924550499009793,lane_2,mainline,,normal,none,commit
BASIC-03,basic_01_06_900_bugcheck_20260605,794,79.39999999999976,B03_TLV_CFV,cav,not_applicable,8966.23489653094,3.5,30.03553059582352,0.364777161232133,lane_1,mainline,,normal,none,commit
BASIC-03,basic_01_06_900_bugcheck_20260605,794,79.39999999999976,B03_TLV_CLV,cav,not_applicable,9008.620000000017,3.5,29.99999999999987,5.542233338928782e-14,lane_1,mainline,,normal,none,commit
BASIC-03,basic_01_06_900_bugcheck_20260605,795,79.49999999999976,B03_MV,cav,not_applicable,7245.990911588863,-3.5,0.0022257514368293984,4.0,on_ramp,on_ramp_mv,,normal,not_started,commit
BASIC-03,basic_01_06_900_bugcheck_20260605,795,79.49999999999976,B03_CLV,cav,not_applicable,9018.000000000002,0.0,29.99999999999992,3.4106051316484814e-14,lane_2,mainline,,normal,none,commit
BASIC-03,basic_01_06_900_bugcheck_20260605,795,79.49999999999976,B03_CFV,cav,not_applicable,8975.654793279315,0.0,29.973391247006827,0.07890041371738066,lane_2,mainline,,normal,none,commit
BASIC-03,basic_01_06_900_bugcheck_20260605,795,79.49999999999976,B03_TLV_CFV,cav,not_applicable,8969.230525040022,3.5,29.956285090833422,-0.792455049900982,lane_1,mainline,,normal,none,commit
BASIC-03,basic_01_06_900_bugcheck_20260605,795,79.49999999999976,B03_TLV_CLV,cav,not_applicable,9011.620000000017,3.5,29.999999999999872,5.2580162446247416e-14,lane_1,mainline,,normal,none,commit
BASIC-03,basic_01_06_900_bugcheck_20260605,796,79.59999999999975,B03_MV,cav,not_applicable,7245.991128843443,-3.5,0.0021725458008366215,4.0,on_ramp,on_ramp_mv,,normal,not_started,commit
BASIC-03,basic_01_06_900_bugcheck_20260605,796,79.59999999999975,B03_CLV,cav,not_applicable,9021.000000000002,0.0,29.999999999999922,3.268496584496461e-14,lane_2,mainline,,normal,none,commit
BASIC-03,basic_01_06_900_bugcheck_20260605,796,79.59999999999975,B03_CFV,cav,not_applicable,8978.660050680128,0.0,30.05257400812916,0.7918276112233115,lane_2,mainline,,normal,none,commit
BASIC-03,basic_01_06_900_bugcheck_20260605,796,79.59999999999975,B03_TLV_CFV,cav,not_applicable,8972.226942553243,3.5,29.96417513220516,0.07890041371737844,lane_1,mainline,,normal,none,commit
BASIC-03,basic_01_06_900_bugcheck_20260605,796,79.59999999999975,B03_TLV_CLV,cav,not_applicable,9014.620000000017,3.5,29.999999999999876,5.1159076974727215e-14,lane_1,mainline,,normal,none,commit
BASIC-03,basic_01_06_900_bugcheck_20260605,797,79.69999999999975,B03_MV,cav,not_applicable,7245.991340904646,-3.5,0.002120612022909371,4.0,on_ramp,on_ramp_mv,,normal,not_started,commit
BASIC-03,basic_01_06_900_bugcheck_20260605,797,79.69999999999975,B03_CLV,cav,not_applicable,9024.000000000002,0.0,29.999999999999925,3.126388037344441e-14,lane_2,mainline,,normal,none,commit
BASIC-03,basic_01_06_900_bugcheck_20260605,797,79.69999999999975,B03_CFV,cav,not_applicable,8981.660877579578,0.0,30.008268994501975,-0.4430501362718361,lane_2,mainline,,normal,none,commit
BASIC-03,basic_01_06_900_bugcheck_20260605,797,79.69999999999975,B03_TLV_CFV,cav,not_applicable,8975.231278342575,3.5,30.043357893327492,0.7918276112233097,lane_1,mainline,,normal,none,commit
BASIC-03,basic_01_06_900_bugcheck_20260605,797,79.69999999999975,B03_TLV_CLV,cav,not_applicable,9017.620000000017,3.5,29.99999999999988,4.973799150320701e-14,lane_1,mainline,,normal,none,commit
BASIC-03,basic_01_06_900_bugcheck_20260605,798,79.79999999999974,B03_MV,cav,not_applicable,7245.991547896616,-3.5,0.002069919699666693,4.0,on_ramp,on_ramp_mv,,normal,not_started,commit
BASIC-03,basic_01_06_900_bugcheck_20260605,798,79.79999999999974,B03_CLV,cav,not_applicable,9027.000000000002,0.0,29.99999999999993,2.984279490192421e-14,lane_2,mainline,,normal,none,commit
BASIC-03,basic_01_06_900_bugcheck_20260605,798,79.79999999999974,B03_CFV,cav,not_applicable,8984.66535225064,0.0,30.044746710625187,0.36477716123213416,lane_2,mainline,,normal,none,commit
BASIC-03,basic_01_06_900_bugcheck_20260605,798,79.79999999999974,B03_TLV_CFV,cav,not_applicable,8978.231183630545,3.5,29.999052879700308,-0.44305013627183754,lane_1,mainline,,normal,none,commit
BASIC-03,basic_01_06_900_bugcheck_20260605,798,79.79999999999974,B03_TLV_CLV,cav,not_applicable,9020.620000000017,3.5,29.999999999999883,4.831690603168682e-14,lane_1,mainline,,normal,none,commit
BASIC-03,basic_01_06_900_bugcheck_20260605,799,79.89999999999974,B03_MV,cav,not_applicable,7245.991749940531,-3.5,0.0020204391547494066,4.0,on_ramp,on_ramp_mv,,normal,not_started,commit
BASIC-03,basic_01_06_900_bugcheck_20260605,799,79.89999999999974,B03_CLV,cav,not_applicable,9030.000000000002,0.0,29.999999999999932,2.842170943040401e-14,lane_2,mainline,,normal,none,commit
BASIC-03,basic_01_06_900_bugcheck_20260605,799,79.89999999999974,B03_CFV,cav,not_applicable,8987.661902371205,0.0,29.96550120563509,-0.792455049900981,lane_2,mainline,,normal,none,commit
BASIC-03,basic_01_06_900_bugcheck_20260605,799,79.89999999999974,B03_TLV_CFV,cav,not_applicable,8981.234736690127,3.5,30.03553059582352,0.364777161232133,lane_1,mainline,,normal,none,commit
BASIC-03,basic_01_06_900_bugcheck_20260605,799,79.89999999999974,B03_TLV_CLV,cav,not_applicable,9023.620000000017,3.5,29.999999999999886,4.6895820560166616e-14,lane_1,mainline,,normal,none,commit
BASIC-03,basic_01_06_900_bugcheck_20260605,800,79.99999999999973,B03_MV,cav,not_applicable,7245.991947154673,-3.5,0.0019721414212098285,4.0,on_ramp,on_ramp_mv,,normal,not_started,commit
BASIC-03,basic_01_06_900_bugcheck_20260605,800,79.99999999999973,B03_CLV,cav,not_applicable,9033.000000000002,0.0,29.999999999999936,2.700062395888381e-14,lane_2,mainline,,normal,none,commit
BASIC-03,basic_01_06_900_bugcheck_20260605,800,79.99999999999973,B03_CFV,cav,not_applicable,8990.659241495905,0.0,29.973391247006827,0.07890041371737921,lane_2,mainline,,normal,none,commit
BASIC-03,basic_01_06_900_bugcheck_20260605,800,79.99999999999973,B03_TLV_CFV,cav,not_applicable,8984.23036519921,3.5,29.956285090833422,-0.792455049900982,lane_1,mainline,,normal,none,commit
BASIC-03,basic_01_06_900_bugcheck_20260605,800,79.99999999999973,B03_TLV_CLV,cav,not_applicable,9026.620000000017,3.5,29.99999999999989,4.5474735088646414e-14,lane_1,mainline,,normal,none,commit
BASIC-03,basic_01_06_900_bugcheck_20260605,801,80.09999999999972,B03_MV,cav,not_applicable,7245.992139654495,-3.5,0.0019249982243363189,4.0,on_ramp,on_ramp_mv,,normal,not_started,commit
BASIC-03,basic_01_06_900_bugcheck_20260605,801,80.09999999999972,B03_CLV,cav,not_applicable,9036.000000000002,0.0,29.99999999999994,2.5579538487363607e-14,lane_2,mainline,,normal,none,commit
BASIC-03,basic_01_06_900_bugcheck_20260605,801,80.09999999999972,B03_CFV,cav,not_applicable,8993.664498896718,0.0,30.05257400812916,0.7918276112233102,lane_2,mainline,,normal,none,commit
BASIC-03,basic_01_06_900_bugcheck_20260605,801,80.09999999999972,B03_TLV_CFV,cav,not_applicable,8987.22678271243,3.5,29.96417513220516,0.07890041371737844,lane_1,mainline,,normal,none,commit
BASIC-03,basic_01_06_900_bugcheck_20260605,801,80.09999999999972,B03_TLV_CLV,cav,not_applicable,9029.620000000017,3.5,29.999999999999893,4.405364961712621e-14,lane_1,mainline,,normal,none,commit
BASIC-03,basic_01_06_900_bugcheck_20260605,802,80.19999999999972,B03_MV,cav,not_applicable,7245.992327552692,-3.5,0.0018789819653474698,4.0,on_ramp,on_ramp_mv,,normal,not_started,commit
BASIC-03,basic_01_06_900_bugcheck_20260605,802,80.19999999999972,B03_CLV,cav,not_applicable,9039.000000000002,0.0,29.999999999999943,2.415845301584341e-14,lane_2,mainline,,normal,none,commit
BASIC-03,basic_01_06_900_bugcheck_20260605,802,80.19999999999972,B03_CFV,cav,not_applicable,8996.665325796168,0.0,30.008268994501975,-0.4430501362718371,lane_2,mainline,,normal,none,commit
BASIC-03,basic_01_06_900_bugcheck_20260605,802,80.19999999999972,B03_TLV_CFV,cav,not_applicable,8990.231118501762,3.5,30.043357893327492,0.7918276112233097,lane_1,mainline,,normal,none,commit
BASIC-03,basic_01_06_900_bugcheck_20260605,802,80.19999999999972,B03_TLV_CLV,cav,not_applicable,9032.620000000017,3.5,29.999999999999897,4.263256414560601e-14,lane_1,mainline,,normal,none,commit
BASIC-03,basic_01_06_900_bugcheck_20260605,803,80.29999999999971,B03_MV,cav,not_applicable,7245.992510959262,-3.5,0.0018340657053037034,4.0,on_ramp,on_ramp_mv,,normal,not_started,commit
BASIC-03,basic_01_06_900_bugcheck_20260605,803,80.29999999999971,B03_CLV,cav,not_applicable,9042.000000000002,0.0,29.999999999999947,2.2737367544323207e-14,lane_2,mainline,,normal,none,commit
BASIC-03,basic_01_06_900_bugcheck_20260605,803,80.29999999999971,B03_CFV,cav,not_applicable,8999.66980046723,0.0,30.044746710625187,0.36477716123213333,lane_2,mainline,,normal,none,commit
BASIC-03,basic_01_06_900_bugcheck_20260605,803,80.29999999999971,B03_TLV_CFV,cav,not_applicable,8993.231023789733,3.5,29.999052879700308,-0.44305013627183754,lane_1,mainline,,normal,none,commit
BASIC-03,basic_01_06_900_bugcheck_20260605,803,80.29999999999971,B03_TLV_CLV,cav,not_applicable,9035.620000000017,3.5,29.9999999999999,4.1211478674085816e-14,lane_1,mainline,,normal,none,commit
BASIC-03,basic_01_06_900_bugcheck_20260605,804,80.39999999999971,B03_MV,cav,not_applicable,7245.992689981577,-3.5,0.0017902231492362844,4.0,on_ramp,on_ramp_mv,,normal,not_started,commit
BASIC-03,basic_01_06_900_bugcheck_20260605,804,80.39999999999971,B03_CLV,cav,not_applicable,9045.000000000002,0.0,29.99999999999995,2.1316282072803006e-14,lane_2,mainline,,normal,none,commit
BASIC-03,basic_01_06_900_bugcheck_20260605,804,80.39999999999971,B03_CFV,cav,not_applicable,9002.666350587795,0.0,29.96550120563509,-0.7924550499009817,lane_2,mainline,,normal,none,commit
BASIC-03,basic_01_06_900_bugcheck_20260605,804,80.39999999999971,B03_TLV_CFV,cav,not_applicable,8996.234576849314,3.5,30.03553059582352,0.364777161232133,lane_1,mainline,,normal,none,commit
BASIC-03,basic_01_06_900_bugcheck_20260605,804,80.39999999999971,B03_TLV_CLV,cav,not_applicable,9038.620000000017,3.5,29.999999999999904,3.9790393202565614e-14,lane_1,mainline,,normal,none,commit
BASIC-03,basic_01_06_900_bugcheck_20260605,805,80.4999999999997,B03_MV,cav,not_applicable,7245.992864724441,-3.5,0.0017474286307111503,4.0,on_ramp,on_ramp_mv,,normal,not_started,commit
BASIC-03,basic_01_06_900_bugcheck_20260605,805,80.4999999999997,B03_CLV,cav,not_applicable,9048.000000000002,0.0,29.999999999999954,1.9895196601282807e-14,lane_2,mainline,,normal,none,commit
BASIC-03,basic_01_06_900_bugcheck_20260605,805,80.4999999999997,B03_CFV,cav,not_applicable,9005.663689712495,0.0,29.973391247006827,0.07890041371737866,lane_2,mainline,,normal,none,commit
BASIC-03,basic_01_06_900_bugcheck_20260605,805,80.4999999999997,B03_TLV_CFV,cav,not_applicable,8999.230205358397,3.5,29.956285090833422,-0.792455049900982,lane_1,mainline,,normal,none,commit
BASIC-03,basic_01_06_900_bugcheck_20260605,805,80.4999999999997,B03_TLV_CLV,cav,not_applicable,9041.620000000017,3.5,29.999999999999908,3.836930773104541e-14,lane_1,mainline,,normal,none,commit
BASIC-03,basic_01_06_900_bugcheck_20260605,806,80.5999999999997,B03_MV,cav,not_applicable,7245.99303529015,-3.5,0.0017056570968275661,4.0,on_ramp,on_ramp_mv,,normal,not_started,commit
BASIC-03,basic_01_06_900_bugcheck_20260605,806,80.5999999999997,B03_CLV,cav,not_applicable,9051.000000000002,0.0,29.999999999999957,1.8474111129762605e-14,lane_2,mainline,,normal,none,commit
BASIC-03,basic_01_06_900_bugcheck_20260605,806,80.5999999999997,B03_CFV,cav,not_applicable,9008.668947113309,0.0,30.05257400812916,0.7918276112233098,lane_2,mainline,,normal,none,commit
BASIC-03,basic_01_06_900_bugcheck_20260605,806,80.5999999999997,B03_TLV_CFV,cav,not_applicable,9002.226622871618,3.5,29.96417513220516,0.07890041371737844,lane_1,mainline,,normal,none,commit
BASIC-03,basic_01_06_900_bugcheck_20260605,806,80.5999999999997,B03_TLV_CLV,cav,not_applicable,9044.620000000017,3.5,29.99999999999991,3.694822225952521e-14,lane_1,mainline,,normal,none,commit
BASIC-03,basic_01_06_900_bugcheck_20260605,807,80.69999999999969,B03_MV,cav,not_applicable,7245.9932017785595,-3.5,0.0016648840936515988,4.0,on_ramp,on_ramp_mv,,normal,not_started,commit
BASIC-03,basic_01_06_900_bugcheck_20260605,807,80.69999999999969,B03_CLV,cav,not_applicable,9054.000000000002,0.0,29.999999999999957,1.7053025658242407e-14,lane_2,mainline,,normal,none,commit
BASIC-03,basic_01_06_900_bugcheck_20260605,807,80.69999999999969,B03_CFV,cav,not_applicable,9011.669774012758,0.0,30.008268994501975,-0.4430501362718374,lane_2,mainline,,normal,none,commit
BASIC-03,basic_01_06_900_bugcheck_20260605,807,80.69999999999969,B03_TLV_CFV,cav,not_applicable,9005.23095866095,3.5,30.043357893327492,0.7918276112233097,lane_1,mainline,,normal,none,commit
BASIC-03,basic_01_06_900_bugcheck_20260605,807,80.69999999999969,B03_TLV_CLV,cav,not_applicable,9047.620000000017,3.5,29.999999999999915,3.552713678800501e-14,lane_1,mainline,,normal,none,commit
BASIC-03,basic_01_06_900_bugcheck_20260605,808,80.79999999999968,B03_MV,cav,not_applicable,7245.993364287135,-3.5,0.001625085751649593,4.0,on_ramp,on_ramp_mv,,normal,not_started,commit
BASIC-03,basic_01_06_900_bugcheck_20260605,808,80.79999999999968,B03_CLV,cav,not_applicable,9057.000000000002,0.0,29.999999999999957,1.7053025658242407e-14,lane_2,mainline,,normal,none,commit
BASIC-03,basic_01_06_900_bugcheck_20260605,808,80.79999999999968,B03_CFV,cav,not_applicable,9014.674248683821,0.0,30.044746710625187,0.36477716123213305,lane_2,mainline,,normal,none,commit
BASIC-03,basic_01_06_900_bugcheck_20260605,808,80.79999999999968,B03_TLV_CFV,cav,not_applicable,9008.23086394892,3.5,29.999052879700308,-0.44305013627183754,lane_1,mainline,,normal,none,commit
BASIC-03,basic_01_06_900_bugcheck_20260605,808,80.79999999999968,B03_TLV_CLV,cav,not_applicable,9050.620000000017,3.5,29.99999999999992,3.4106051316484814e-14,lane_1,mainline,,normal,none,commit
BASIC-03,basic_01_06_900_bugcheck_20260605,809,80.89999999999968,B03_MV,cav,not_applicable,7245.9935229110115,-3.5,0.0015862387719912888,4.0,on_ramp,on_ramp_mv,,normal,not_started,commit
BASIC-03,basic_01_06_900_bugcheck_20260605,809,80.89999999999968,B03_CLV,cav,not_applicable,9060.000000000002,0.0,29.999999999999957,1.7053025658242407e-14,lane_2,mainline,,normal,none,commit
BASIC-03,basic_01_06_900_bugcheck_20260605,809,80.89999999999968,B03_CFV,cav,not_applicable,9017.670798804385,0.0,29.96550120563509,-0.7924550499009819,lane_2,mainline,,normal,none,commit
BASIC-03,basic_01_06_900_bugcheck_20260605,809,80.89999999999968,B03_TLV_CFV,cav,not_applicable,9011.234417008502,3.5,30.03553059582352,0.364777161232133,lane_1,mainline,,normal,none,commit
BASIC-03,basic_01_06_900_bugcheck_20260605,809,80.89999999999968,B03_TLV_CLV,cav,not_applicable,9053.620000000017,3.5,29.999999999999922,3.268496584496461e-14,lane_1,mainline,,normal,none,commit
BASIC-03,basic_01_06_900_bugcheck_20260605,810,80.99999999999967,B03_MV,cav,not_applicable,7245.993677743053,-3.5,0.0015483204128529419,4.0,on_ramp,on_ramp_mv,,normal,not_started,commit
BASIC-03,basic_01_06_900_bugcheck_20260605,810,80.99999999999967,B03_CLV,cav,not_applicable,9063.000000000002,0.0,29.999999999999957,1.7053025658242407e-14,lane_2,mainline,,normal,none,commit
BASIC-03,basic_01_06_900_bugcheck_20260605,810,80.99999999999967,B03_CFV,cav,not_applicable,9020.668137929086,0.0,29.973391247006827,0.07890041371737855,lane_2,mainline,,normal,none,commit
BASIC-03,basic_01_06_900_bugcheck_20260605,810,80.99999999999967,B03_TLV_CFV,cav,not_applicable,9014.230045517585,3.5,29.956285090833422,-0.792455049900982,lane_1,mainline,,normal,none,commit
BASIC-03,basic_01_06_900_bugcheck_20260605,810,80.99999999999967,B03_TLV_CLV,cav,not_applicable,9056.620000000017,3.5,29.999999999999925,3.126388037344441e-14,lane_1,mainline,,normal,none,commit
BASIC-03,basic_01_06_900_bugcheck_20260605,811,81.09999999999967,B03_MV,cav,not_applicable,7245.9938288739,-3.5,0.0015113084757204399,4.0,on_ramp,on_ramp_mv,,normal,not_started,commit
BASIC-03,basic_01_06_900_bugcheck_20260605,811,81.09999999999967,B03_CLV,cav,not_applicable,9066.000000000002,0.0,29.999999999999957,1.7053025658242407e-14,lane_2,mainline,,normal,none,commit
BASIC-03,basic_01_06_900_bugcheck_20260605,811,81.09999999999967,B03_CFV,cav,not_applicable,9023.673395329899,0.0,30.05257400812916,0.7918276112233097,lane_2,mainline,,normal,none,commit
BASIC-03,basic_01_06_900_bugcheck_20260605,811,81.09999999999967,B03_TLV_CFV,cav,not_applicable,9017.226463030805,3.5,29.96417513220516,0.07890041371737844,lane_1,mainline,,normal,none,commit
BASIC-03,basic_01_06_900_bugcheck_20260605,811,81.09999999999967,B03_TLV_CLV,cav,not_applicable,9059.620000000017,3.5,29.99999999999993,2.984279490192421e-14,lane_1,mainline,,normal,none,commit
BASIC-03,basic_01_06_900_bugcheck_20260605,812,81.19999999999966,B03_MV,cav,not_applicable,7245.993976392029,-3.5,0.0014751812932142978,4.0,on_ramp,on_ramp_mv,,normal,not_started,commit
BASIC-03,basic_01_06_900_bugcheck_20260605,812,81.19999999999966,B03_CLV,cav,not_applicable,9069.000000000002,0.0,29.999999999999957,1.7053025658242407e-14,lane_2,mainline,,normal,none,commit
BASIC-03,basic_01_06_900_bugcheck_20260605,812,81.19999999999966,B03_CFV,cav,not_applicable,9026.674222229349,0.0,30.008268994501975,-0.44305013627183754,lane_2,mainline,,normal,none,commit
BASIC-03,basic_01_06_900_bugcheck_20260605,812,81.19999999999966,B03_TLV_CFV,cav,not_applicable,9020.230798820137,3.5,30.043357893327492,0.7918276112233097,lane_1,mainline,,normal,none,commit
BASIC-03,basic_01_06_900_bugcheck_20260605,812,81.19999999999966,B03_TLV_CLV,cav,not_applicable,9062.620000000017,3.5,29.999999999999932,2.842170943040401e-14,lane_1,mainline,,normal,none,commit
BASIC-03,basic_01_06_900_bugcheck_20260605,813,81.29999999999966,B03_MV,cav,not_applicable,7245.994120383801,-3.5,0.0014399177156101878,4.0,on_ramp,on_ramp_mv,,normal,not_started,commit
BASIC-03,basic_01_06_900_bugcheck_20260605,813,81.29999999999966,B03_CLV,cav,not_applicable,9072.000000000002,0.0,29.999999999999957,1.7053025658242407e-14,lane_2,mainline,,normal,none,commit
BASIC-03,basic_01_06_900_bugcheck_20260605,813,81.29999999999966,B03_CFV,cav,not_applicable,9029.678696900412,0.0,30.044746710625187,0.364777161232133,lane_2,mainline,,normal,none,commit
BASIC-03,basic_01_06_900_bugcheck_20260605,813,81.29999999999966,B03_TLV_CFV,cav,not_applicable,9023.230704108108,3.5,29.999052879700308,-0.44305013627183754,lane_1,mainline,,normal,none,commit
BASIC-03,basic_01_06_900_bugcheck_20260605,813,81.29999999999966,B03_TLV_CLV,cav,not_applicable,9065.620000000017,3.5,29.999999999999936,2.700062395888381e-14,lane_1,mainline,,normal,none,commit
BASIC-03,basic_01_06_900_bugcheck_20260605,814,81.39999999999965,B03_MV,cav,not_applicable,7245.99426093351,-3.5,0.001405497098663932,4.0,on_ramp,on_ramp_mv,,normal,not_started,commit
BASIC-03,basic_01_06_900_bugcheck_20260605,814,81.39999999999965,B03_CLV,cav,not_applicable,9075.000000000002,0.0,29.999999999999957,1.7053025658242407e-14,lane_2,mainline,,normal,none,commit
BASIC-03,basic_01_06_900_bugcheck_20260605,814,81.39999999999965,B03_CFV,cav,not_applicable,9032.675247020976,0.0,29.96550120563509,-0.792455049900982,lane_2,mainline,,normal,none,commit
BASIC-03,basic_01_06_900_bugcheck_20260605,814,81.39999999999965,B03_TLV_CFV,cav,not_applicable,9026.234257167689,3.5,30.03553059582352,0.364777161232133,lane_1,mainline,,normal,none,commit
BASIC-03,basic_01_06_900_bugcheck_20260605,814,81.39999999999965,B03_TLV_CLV,cav,not_applicable,9068.620000000017,3.5,29.99999999999994,2.5579538487363607e-14,lane_1,mainline,,normal,none,commit
BASIC-03,basic_01_06_900_bugcheck_20260605,815,81.49999999999964,B03_MV,cav,not_applicable,7245.994398123439,-3.5,0.0013718992918713196,4.0,on_ramp,on_ramp_mv,,normal,not_started,commit
BASIC-03,basic_01_06_900_bugcheck_20260605,815,81.49999999999964,B03_CLV,cav,not_applicable,9078.000000000002,0.0,29.999999999999957,1.7053025658242407e-14,lane_2,mainline,,normal,none,commit
BASIC-03,basic_01_06_900_bugcheck_20260605,815,81.49999999999964,B03_CFV,cav,not_applicable,9035.672586145676,0.0,29.973391247006827,0.07890041371737844,lane_2,mainline,,normal,none,commit
BASIC-03,basic_01_06_900_bugcheck_20260605,815,81.49999999999964,B03_TLV_CFV,cav,not_applicable,9029.229885676772,3.5,29.956285090833422,-0.792455049900982,lane_1,mainline,,normal,none,commit
BASIC-03,basic_01_06_900_bugcheck_20260605,815,81.49999999999964,B03_TLV_CLV,cav,not_applicable,9071.620000000017,3.5,29.999999999999943,2.415845301584341e-14,lane_1,mainline,,normal,none,commit
BASIC-03,basic_01_06_900_bugcheck_20260605,816,81.59999999999964,B03_MV,cav,not_applicable,7245.994532033902,-3.5,0.0013391046262931003,4.0,on_ramp,on_ramp_mv,,normal,not_started,commit
BASIC-03,basic_01_06_900_bugcheck_20260605,816,81.59999999999964,B03_CLV,cav,not_applicable,9081.000000000002,0.0,29.999999999999957,1.7053025658242407e-14,lane_2,mainline,,normal,none,commit
BASIC-03,basic_01_06_900_bugcheck_20260605,816,81.59999999999964,B03_CFV,cav,not_applicable,9038.67784354649,0.0,30.05257400812916,0.7918276112233097,lane_2,mainline,,normal,none,commit
BASIC-03,basic_01_06_900_bugcheck_20260605,816,81.59999999999964,B03_TLV_CFV,cav,not_applicable,9032.226303189993,3.5,29.96417513220516,0.07890041371737844,lane_1,mainline,,normal,none,commit
BASIC-03,basic_01_06_900_bugcheck_20260605,816,81.59999999999964,B03_TLV_CLV,cav,not_applicable,9074.620000000017,3.5,29.999999999999947,2.2737367544323207e-14,lane_1,mainline,,normal,none,commit
BASIC-03,basic_01_06_900_bugcheck_20260605,817,81.69999999999963,B03_MV,cav,not_applicable,7245.994662743292,-3.5,0.0013070939030322116,4.0,on_ramp,on_ramp_mv,,normal,not_started,commit
BASIC-03,basic_01_06_900_bugcheck_20260605,817,81.69999999999963,B03_CLV,cav,not_applicable,9084.000000000002,0.0,29.999999999999957,1.7053025658242407e-14,lane_2,mainline,,normal,none,commit
BASIC-03,basic_01_06_900_bugcheck_20260605,817,81.69999999999963,B03_CFV,cav,not_applicable,9041.67867044594,0.0,30.008268994501975,-0.44305013627183754,lane_2,mainline,,normal,none,commit
BASIC-03,basic_01_06_900_bugcheck_20260605,817,81.69999999999963,B03_TLV_CFV,cav,not_applicable,9035.230638979325,3.5,30.043357893327492,0.7918276112233097,lane_1,mainline,,normal,none,commit
BASIC-03,basic_01_06_900_bugcheck_20260605,817,81.69999999999963,B03_TLV_CLV,cav,not_applicable,9077.620000000017,3.5,29.99999999999995,2.1316282072803006e-14,lane_1,mainline,,normal,none,commit
BASIC-03,basic_01_06_900_bugcheck_20260605,818,81.79999999999963,B03_MV,cav,not_applicable,7245.99479032813,-3.5,0.001275848382580648,4.0,on_ramp,on_ramp_mv,,normal,not_started,commit
BASIC-03,basic_01_06_900_bugcheck_20260605,818,81.79999999999963,B03_CLV,cav,not_applicable,9087.000000000002,0.0,29.999999999999957,1.7053025658242407e-14,lane_2,mainline,,normal,none,commit
BASIC-03,basic_01_06_900_bugcheck_20260605,818,81.79999999999963,B03_CFV,cav,not_applicable,9044.683145117002,0.0,30.044746710625187,0.364777161232133,lane_2,mainline,,normal,none,commit
BASIC-03,basic_01_06_900_bugcheck_20260605,818,81.79999999999963,B03_TLV_CFV,cav,not_applicable,9038.230544267295,3.5,29.999052879700308,-0.44305013627183754,lane_1,mainline,,normal,none,commit
BASIC-03,basic_01_06_900_bugcheck_20260605,818,81.79999999999963,B03_TLV_CLV,cav,not_applicable,9080.620000000017,3.5,29.999999999999954,1.9895196601282807e-14,lane_1,mainline,,normal,none,commit
BASIC-03,basic_01_06_900_bugcheck_20260605,819,81.89999999999962,B03_MV,cav,not_applicable,7245.994914863108,-3.5,0.0012453497728618667,4.0,on_ramp,on_ramp_mv,,normal,not_started,commit
BASIC-03,basic_01_06_900_bugcheck_20260605,819,81.89999999999962,B03_CLV,cav,not_applicable,9090.000000000002,0.0,29.999999999999957,1.7053025658242407e-14,lane_2,mainline,,normal,none,commit
BASIC-03,basic_01_06_900_bugcheck_20260605,819,81.89999999999962,B03_CFV,cav,not_applicable,9047.679695237566,0.0,29.96550120563509,-0.792455049900982,lane_2,mainline,,normal,none,commit
BASIC-03,basic_01_06_900_bugcheck_20260605,819,81.89999999999962,B03_TLV_CFV,cav,not_applicable,9041.234097326877,3.5,30.03553059582352,0.364777161232133,lane_1,mainline,,normal,none,commit
BASIC-03,basic_01_06_900_bugcheck_20260605,819,81.89999999999962,B03_TLV_CLV,cav,not_applicable,9083.620000000017,3.5,29.999999999999957,1.8474111129762605e-14,lane_1,mainline,,normal,none,commit
BASIC-03,basic_01_06_900_bugcheck_20260605,820,81.99999999999962,B03_MV,cav,not_applicable,7245.99503642113,-3.5,0.00121558021922989,4.0,on_ramp,on_ramp_mv,,normal,not_started,commit
BASIC-03,basic_01_06_900_bugcheck_20260605,820,81.99999999999962,B03_CLV,cav,not_applicable,9093.000000000002,0.0,29.999999999999957,1.7053025658242407e-14,lane_2,mainline,,normal,none,commit
BASIC-03,basic_01_06_900_bugcheck_20260605,820,81.99999999999962,B03_CFV,cav,not_applicable,9050.677034362267,0.0,29.973391247006827,0.07890041371737844,lane_2,mainline,,normal,none,commit
BASIC-03,basic_01_06_900_bugcheck_20260605,820,81.99999999999962,B03_TLV_CFV,cav,not_applicable,9044.22972583596,3.5,29.956285090833422,-0.792455049900982,lane_1,mainline,,normal,none,commit
BASIC-03,basic_01_06_900_bugcheck_20260605,820,81.99999999999962,B03_TLV_CLV,cav,not_applicable,9086.620000000017,3.5,29.999999999999957,1.7053025658242407e-14,lane_1,mainline,,normal,none,commit
BASIC-03,basic_01_06_900_bugcheck_20260605,821,82.09999999999961,B03_MV,cav,not_applicable,7245.9951550733595,-3.5,0.0011865222940335854,4.0,on_ramp,on_ramp_mv,,normal,not_started,commit
BASIC-03,basic_01_06_900_bugcheck_20260605,821,82.09999999999961,B03_CLV,cav,not_applicable,9096.000000000002,0.0,29.999999999999957,1.7053025658242407e-14,lane_2,mainline,,normal,none,commit
BASIC-03,basic_01_06_900_bugcheck_20260605,821,82.09999999999961,B03_CFV,cav,not_applicable,9053.68229176308,0.0,30.05257400812916,0.7918276112233097,lane_2,mainline,,normal,none,commit
BASIC-03,basic_01_06_900_bugcheck_20260605,821,82.09999999999961,B03_TLV_CFV,cav,not_applicable,9047.22614334918,3.5,29.96417513220516,0.07890041371737844,lane_1,mainline,,normal,none,commit
BASIC-03,basic_01_06_900_bugcheck_20260605,821,82.09999999999961,B03_TLV_CLV,cav,not_applicable,9089.620000000017,3.5,29.999999999999957,1.7053025658242407e-14,lane_1,mainline,,normal,none,commit
BASIC-03,basic_01_06_900_bugcheck_20260605,822,82.1999999999996,B03_MV,cav,not_applicable,7245.995270889258,-3.5,0.0011581589861809469,4.0,on_ramp,on_ramp_mv,,normal,not_started,commit
BASIC-03,basic_01_06_900_bugcheck_20260605,822,82.1999999999996,B03_CLV,cav,not_applicable,9099.000000000002,0.0,29.999999999999957,1.7053025658242407e-14,lane_2,mainline,,normal,none,commit
BASIC-03,basic_01_06_900_bugcheck_20260605,822,82.1999999999996,B03_CFV,cav,not_applicable,9056.68311866253,0.0,30.008268994501975,-0.44305013627183754,lane_2,mainline,,normal,none,commit
BASIC-03,basic_01_06_900_bugcheck_20260605,822,82.1999999999996,B03_TLV_CFV,cav,not_applicable,9050.230479138512,3.5,30.043357893327492,0.7918276112233097,lane_1,mainline,,normal,none,commit
BASIC-03,basic_01_06_900_bugcheck_20260605,822,82.1999999999996,B03_TLV_CLV,cav,not_applicable,9092.620000000017,3.5,29.999999999999957,1.7053025658242407e-14,lane_1,mainline,,normal,none,commit
BASIC-03,basic_01_06_900_bugcheck_20260605,823,82.2999999999996,B03_MV,cav,not_applicable,7245.995383936627,-3.5,0.0011304736911381973,4.0,on_ramp,on_ramp_mv,,normal,not_started,commit
BASIC-03,basic_01_06_900_bugcheck_20260605,823,82.2999999999996,B03_CLV,cav,not_applicable,9102.000000000002,0.0,29.999999999999957,1.7053025658242407e-14,lane_2,mainline,,normal,none,commit
BASIC-03,basic_01_06_900_bugcheck_20260605,823,82.2999999999996,B03_CFV,cav,not_applicable,9059.687593333592,0.0,30.044746710625187,0.364777161232133,lane_2,mainline,,normal,none,commit
BASIC-03,basic_01_06_900_bugcheck_20260605,823,82.2999999999996,B03_TLV_CFV,cav,not_applicable,9053.230384426482,3.5,29.999052879700308,-0.44305013627183754,lane_1,mainline,,normal,none,commit
BASIC-03,basic_01_06_900_bugcheck_20260605,823,82.2999999999996,B03_TLV_CLV,cav,not_applicable,9095.620000000017,3.5,29.999999999999957,1.7053025658242407e-14,lane_1,mainline,,normal,none,commit
BASIC-03,basic_01_06_900_bugcheck_20260605,824,82.3999999999996,B03_MV,cav,not_applicable,7245.995494281648,-3.5,0.0011034502011463012,4.0,on_ramp,on_ramp_mv,,normal,not_started,commit
BASIC-03,basic_01_06_900_bugcheck_20260605,824,82.3999999999996,B03_CLV,cav,not_applicable,9105.000000000002,0.0,29.999999999999957,1.7053025658242407e-14,lane_2,mainline,,normal,none,commit
BASIC-03,basic_01_06_900_bugcheck_20260605,824,82.3999999999996,B03_CFV,cav,not_applicable,9062.684143454157,0.0,29.96550120563509,-0.792455049900982,lane_2,mainline,,normal,none,commit
BASIC-03,basic_01_06_900_bugcheck_20260605,824,82.3999999999996,B03_TLV_CFV,cav,not_applicable,9056.233937486064,3.5,30.03553059582352,0.364777161232133,lane_1,mainline,,normal,none,commit
BASIC-03,basic_01_06_900_bugcheck_20260605,824,82.3999999999996,B03_TLV_CLV,cav,not_applicable,9098.620000000017,3.5,29.999999999999957,1.7053025658242407e-14,lane_1,mainline,,normal,none,commit
BASIC-03,basic_01_06_900_bugcheck_20260605,825,82.49999999999959,B03_MV,cav,not_applicable,7245.995601988917,-3.5,0.0010770726960897111,4.0,on_ramp,on_ramp_mv,,normal,not_started,commit
BASIC-03,basic_01_06_900_bugcheck_20260605,825,82.49999999999959,B03_CLV,cav,not_applicable,9108.000000000002,0.0,29.999999999999957,1.7053025658242407e-14,lane_2,mainline,,normal,none,commit
BASIC-03,basic_01_06_900_bugcheck_20260605,825,82.49999999999959,B03_CFV,cav,not_applicable,9065.681482578857,0.0,29.973391247006827,0.07890041371737844,lane_2,mainline,,normal,none,commit
BASIC-03,basic_01_06_900_bugcheck_20260605,825,82.49999999999959,B03_TLV_CFV,cav,not_applicable,9059.229565995147,3.5,29.956285090833422,-0.792455049900982,lane_1,mainline,,normal,none,commit
BASIC-03,basic_01_06_900_bugcheck_20260605,825,82.49999999999959,B03_TLV_CLV,cav,not_applicable,9101.620000000017,3.5,29.999999999999957,1.7053025658242407e-14,lane_1,mainline,,normal,none,commit
BASIC-03,basic_01_06_900_bugcheck_20260605,826,82.59999999999958,B03_MV,cav,not_applicable,7245.99570712149,-3.5,0.001051325734147702,4.0,on_ramp,on_ramp_mv,,normal,not_started,commit
BASIC-03,basic_01_06_900_bugcheck_20260605,826,82.59999999999958,B03_CLV,cav,not_applicable,9111.000000000002,0.0,29.999999999999957,1.7053025658242407e-14,lane_2,mainline,,normal,none,commit
BASIC-03,basic_01_06_900_bugcheck_20260605,826,82.59999999999958,B03_CFV,cav,not_applicable,9068.68673997967,0.0,30.05257400812916,0.7918276112233097,lane_2,mainline,,normal,none,commit
BASIC-03,basic_01_06_900_bugcheck_20260605,826,82.59999999999958,B03_TLV_CFV,cav,not_applicable,9062.225983508368,3.5,29.96417513220516,0.07890041371737844,lane_1,mainline,,normal,none,commit
BASIC-03,basic_01_06_900_bugcheck_20260605,826,82.59999999999958,B03_TLV_CLV,cav,not_applicable,9104.620000000017,3.5,29.999999999999957,1.7053025658242407e-14,lane_1,mainline,,normal,none,commit
BASIC-03,basic_01_06_900_bugcheck_20260605,827,82.69999999999958,B03_MV,cav,not_applicable,7245.995809740914,-3.5,0.001026194242228295,4.0,on_ramp,on_ramp_mv,,normal,not_started,commit
BASIC-03,basic_01_06_900_bugcheck_20260605,827,82.69999999999958,B03_CLV,cav,not_applicable,9114.000000000002,0.0,29.999999999999957,1.7053025658242407e-14,lane_2,mainline,,normal,none,commit
BASIC-03,basic_01_06_900_bugcheck_20260605,827,82.69999999999958,B03_CFV,cav,not_applicable,9071.68756687912,0.0,30.008268994501975,-0.44305013627183754,lane_2,mainline,,normal,none,commit
BASIC-03,basic_01_06_900_bugcheck_20260605,827,82.69999999999958,B03_TLV_CFV,cav,not_applicable,9065.2303192977,3.5,30.043357893327492,0.7918276112233097,lane_1,mainline,,normal,none,commit
BASIC-03,basic_01_06_900_bugcheck_20260605,827,82.69999999999958,B03_TLV_CLV,cav,not_applicable,9107.620000000017,3.5,29.999999999999957,1.7053025658242407e-14,lane_1,mainline,,normal,none,commit
BASIC-03,basic_01_06_900_bugcheck_20260605,828,82.79999999999957,B03_MV,cav,not_applicable,7245.995909907265,-3.5,0.001001663507924058,4.0,on_ramp,on_ramp_mv,,normal,not_started,commit
BASIC-03,basic_01_06_900_bugcheck_20260605,828,82.79999999999957,B03_CLV,cav,not_applicable,9117.000000000002,0.0,29.999999999999957,1.7053025658242407e-14,lane_2,mainline,,normal,none,commit
BASIC-03,basic_01_06_900_bugcheck_20260605,828,82.79999999999957,B03_CFV,cav,not_applicable,9074.692041550183,0.0,30.044746710625187,0.364777161232133,lane_2,mainline,,normal,none,commit
BASIC-03,basic_01_06_900_bugcheck_20260605,828,82.79999999999957,B03_TLV_CFV,cav,not_applicable,9068.23022458567,3.5,29.999052879700308,-0.44305013627183754,lane_1,mainline,,normal,none,commit
BASIC-03,basic_01_06_900_bugcheck_20260605,828,82.79999999999957,B03_TLV_CLV,cav,not_applicable,9110.620000000017,3.5,29.999999999999957,1.7053025658242407e-14,lane_1,mainline,,normal,none,commit
BASIC-03,basic_01_06_900_bugcheck_20260605,829,82.89999999999957,B03_MV,cav,not_applicable,7245.996007679182,-3.5,0.0009777191703808502,4.0,on_ramp,on_ramp_mv,,normal,not_started,commit
BASIC-03,basic_01_06_900_bugcheck_20260605,829,82.89999999999957,B03_CLV,cav,not_applicable,9120.000000000002,0.0,29.999999999999957,1.7053025658242407e-14,lane_2,mainline,,normal,none,commit
BASIC-03,basic_01_06_900_bugcheck_20260605,829,82.89999999999957,B03_CFV,cav,not_applicable,9077.688591670747,0.0,29.96550120563509,-0.792455049900982,lane_2,mainline,,normal,none,commit
BASIC-03,basic_01_06_900_bugcheck_20260605,829,82.89999999999957,B03_TLV_CFV,cav,not_applicable,9071.233777645251,3.5,30.03553059582352,0.364777161232133,lane_1,mainline,,normal,none,commit
BASIC-03,basic_01_06_900_bugcheck_20260605,829,82.89999999999957,B03_TLV_CLV,cav,not_applicable,9113.620000000017,3.5,29.999999999999957,1.7053025658242407e-14,lane_1,mainline,,normal,none,commit
BASIC-03,basic_01_06_900_bugcheck_20260605,830,82.99999999999956,B03_MV,cav,not_applicable,7245.996103113904,-3.5,0.0009543472118188018,4.0,on_ramp,on_ramp_mv,,normal,not_started,commit
BASIC-03,basic_01_06_900_bugcheck_20260605,830,82.99999999999956,B03_CLV,cav,not_applicable,9123.000000000002,0.0,29.999999999999957,1.7053025658242407e-14,lane_2,mainline,,normal,none,commit
BASIC-03,basic_01_06_900_bugcheck_20260605,830,82.99999999999956,B03_CFV,cav,not_applicable,9080.685930795447,0.0,29.973391247006827,0.07890041371737844,lane_2,mainline,,normal,none,commit
BASIC-03,basic_01_06_900_bugcheck_20260605,830,82.99999999999956,B03_TLV_CFV,cav,not_applicable,9074.229406154334,3.5,29.956285090833422,-0.792455049900982,lane_1,mainline,,normal,none,commit
BASIC-03,basic_01_06_900_bugcheck_20260605,830,82.99999999999956,B03_TLV_CLV,cav,not_applicable,9116.620000000017,3.5,29.999999999999957,1.7053025658242407e-14,lane_1,mainline,,normal,none,commit
BASIC-03,basic_01_06_900_bugcheck_20260605,831,83.09999999999955,B03_MV,cav,not_applicable,7245.996196267299,-3.5,0.0009315339499229334,4.0,on_ramp,on_ramp_mv,,normal,not_started,commit
BASIC-03,basic_01_06_900_bugcheck_20260605,831,83.09999999999955,B03_CLV,cav,not_applicable,9126.000000000002,0.0,29.999999999999957,1.7053025658242407e-14,lane_2,mainline,,normal,none,commit
BASIC-03,basic_01_06_900_bugcheck_20260605,831,83.09999999999955,B03_CFV,cav,not_applicable,9083.69118819626,0.0,30.05257400812916,0.7918276112233097,lane_2,mainline,,normal,none,commit
BASIC-03,basic_01_06_900_bugcheck_20260605,831,83.09999999999955,B03_TLV_CFV,cav,not_applicable,9077.225823667555,3.5,29.96417513220516,0.07890041371737844,lane_1,mainline,,normal,none,commit
BASIC-03,basic_01_06_900_bugcheck_20260605,831,83.09999999999955,B03_TLV_CLV,cav,not_applicable,9119.620000000017,3.5,29.999999999999957,1.7053025658242407e-14,lane_1,mainline,,normal,none,commit
BASIC-03,basic_01_06_900_bugcheck_20260605,832,83.19999999999955,B03_MV,cav,not_applicable,7245.9962871939015,-3.5,0.0009092660293641356,4.0,on_ramp,on_ramp_mv,,normal,not_started,commit
BASIC-03,basic_01_06_900_bugcheck_20260605,832,83.19999999999955,B03_CLV,cav,not_applicable,9129.000000000002,0.0,29.999999999999957,1.7053025658242407e-14,lane_2,mainline,,normal,none,commit
BASIC-03,basic_01_06_900_bugcheck_20260605,832,83.19999999999955,B03_CFV,cav,not_applicable,9086.69201509571,0.0,30.008268994501975,-0.44305013627183754,lane_2,mainline,,normal,none,commit
BASIC-03,basic_01_06_900_bugcheck_20260605,832,83.19999999999955,B03_TLV_CFV,cav,not_applicable,9080.230159456887,3.5,30.043357893327492,0.7918276112233097,lane_1,mainline,,normal,none,commit
BASIC-03,basic_01_06_900_bugcheck_20260605,832,83.19999999999955,B03_TLV_CLV,cav,not_applicable,9122.620000000017,3.5,29.999999999999957,1.7053025658242407e-14,lane_1,mainline,,normal,none,commit
BASIC-03,basic_01_06_900_bugcheck_20260605,833,83.29999999999954,B03_MV,cav,not_applicable,7245.996375946943,-3.5,0.0008875304139723795,4.0,on_ramp,on_ramp_mv,,normal,not_started,commit
BASIC-03,basic_01_06_900_bugcheck_20260605,833,83.29999999999954,B03_CLV,cav,not_applicable,9132.000000000002,0.0,29.999999999999957,1.7053025658242407e-14,lane_2,mainline,,normal,none,commit
BASIC-03,basic_01_06_900_bugcheck_20260605,833,83.29999999999954,B03_CFV,cav,not_applicable,9089.696489766773,0.0,30.044746710625187,0.364777161232133,lane_2,mainline,,normal,none,commit
BASIC-03,basic_01_06_900_bugcheck_20260605,833,83.29999999999954,B03_TLV_CFV,cav,not_applicable,9083.230064744857,3.5,29.999052879700308,-0.44305013627183754,lane_1,mainline,,normal,none,commit
BASIC-03,basic_01_06_900_bugcheck_20260605,833,83.29999999999954,B03_TLV_CLV,cav,not_applicable,9125.620000000017,3.5,29.999999999999957,1.7053025658242407e-14,lane_1,mainline,,normal,none,commit
BASIC-03,basic_01_06_900_bugcheck_20260605,834,83.39999999999954,B03_MV,cav,not_applicable,7245.9964625783805,-3.5,0.0008663143791273369,4.0,on_ramp,on_ramp_mv,,normal,not_started,commit
BASIC-03,basic_01_06_900_bugcheck_20260605,834,83.39999999999954,B03_CLV,cav,not_applicable,9135.000000000002,0.0,29.999999999999957,1.7053025658242407e-14,lane_2,mainline,,normal,none,commit
BASIC-03,basic_01_06_900_bugcheck_20260605,834,83.39999999999954,B03_CFV,cav,not_applicable,9092.693039887337,0.0,29.96550120563509,-0.792455049900982,lane_2,mainline,,normal,none,commit
BASIC-03,basic_01_06_900_bugcheck_20260605,834,83.39999999999954,B03_TLV_CFV,cav,not_applicable,9086.233617804439,3.5,30.03553059582352,0.364777161232133,lane_1,mainline,,normal,none,commit
BASIC-03,basic_01_06_900_bugcheck_20260605,834,83.39999999999954,B03_TLV_CLV,cav,not_applicable,9128.620000000017,3.5,29.999999999999957,1.7053025658242407e-14,lane_1,mainline,,normal,none,commit
BASIC-03,basic_01_06_900_bugcheck_20260605,835,83.49999999999953,B03_MV,cav,not_applicable,7245.9965471389305,-3.5,0.0008456055045838247,4.0,on_ramp,on_ramp_mv,,normal,not_started,commit
BASIC-03,basic_01_06_900_bugcheck_20260605,835,83.49999999999953,B03_CLV,cav,not_applicable,9138.000000000002,0.0,29.999999999999957,1.7053025658242407e-14,lane_2,mainline,,normal,none,commit
BASIC-03,basic_01_06_900_bugcheck_20260605,835,83.49999999999953,B03_CFV,cav,not_applicable,9095.690379012038,0.0,29.973391247006827,0.07890041371737844,lane_2,mainline,,normal,none,commit
BASIC-03,basic_01_06_900_bugcheck_20260605,835,83.49999999999953,B03_TLV_CFV,cav,not_applicable,9089.229246313522,3.5,29.956285090833422,-0.792455049900982,lane_1,mainline,,normal,none,commit
BASIC-03,basic_01_06_900_bugcheck_20260605,835,83.49999999999953,B03_TLV_CLV,cav,not_applicable,9131.620000000017,3.5,29.999999999999957,1.7053025658242407e-14,lane_1,mainline,,normal,none,commit
BASIC-03,basic_01_06_900_bugcheck_20260605,836,83.59999999999953,B03_MV,cav,not_applicable,7245.996629678098,-3.5,0.0008253916668624257,4.0,on_ramp,on_ramp_mv,,normal,not_started,commit
BASIC-03,basic_01_06_900_bugcheck_20260605,836,83.59999999999953,B03_CLV,cav,not_applicable,9141.000000000002,0.0,29.999999999999957,1.7053025658242407e-14,lane_2,mainline,,normal,none,commit
BASIC-03,basic_01_06_900_bugcheck_20260605,836,83.59999999999953,B03_CFV,cav,not_applicable,9098.695636412851,0.0,30.05257400812916,0.7918276112233097,lane_2,mainline,,normal,none,commit
BASIC-03,basic_01_06_900_bugcheck_20260605,836,83.59999999999953,B03_TLV_CFV,cav,not_applicable,9092.225663826743,3.5,29.96417513220516,0.07890041371737844,lane_1,mainline,,normal,none,commit
BASIC-03,basic_01_06_900_bugcheck_20260605,836,83.59999999999953,B03_TLV_CLV,cav,not_applicable,9134.620000000017,3.5,29.999999999999957,1.7053025658242407e-14,lane_1,mainline,,normal,none,commit
BASIC-03,basic_01_06_900_bugcheck_20260605,837,83.69999999999952,B03_MV,cav,not_applicable,7245.996710244201,-3.5,0.0008056610320749313,4.0,on_ramp,on_ramp_mv,,normal,not_started,commit
BASIC-03,basic_01_06_900_bugcheck_20260605,837,83.69999999999952,B03_CLV,cav,not_applicable,9144.000000000002,0.0,29.999999999999957,1.7053025658242407e-14,lane_2,mainline,,normal,none,commit
BASIC-03,basic_01_06_900_bugcheck_20260605,837,83.69999999999952,B03_CFV,cav,not_applicable,9101.6964633123,0.0,30.008268994501975,-0.44305013627183754,lane_2,mainline,,normal,none,commit
BASIC-03,basic_01_06_900_bugcheck_20260605,837,83.69999999999952,B03_TLV_CFV,cav,not_applicable,9095.229999616075,3.5,30.043357893327492,0.7918276112233097,lane_1,mainline,,normal,none,commit
BASIC-03,basic_01_06_900_bugcheck_20260605,837,83.69999999999952,B03_TLV_CLV,cav,not_applicable,9137.620000000017,3.5,29.999999999999957,1.7053025658242407e-14,lane_1,mainline,,normal,none,commit
BASIC-03,basic_01_06_900_bugcheck_20260605,838,83.79999999999951,B03_MV,cav,not_applicable,7245.996788884406,-3.5,0.0007864020498368393,4.0,on_ramp,on_ramp_mv,,normal,not_started,commit
BASIC-03,basic_01_06_900_bugcheck_20260605,838,83.79999999999951,B03_CLV,cav,not_applicable,9147.000000000002,0.0,29.999999999999957,1.7053025658242407e-14,lane_2,mainline,,normal,none,commit
BASIC-03,basic_01_06_900_bugcheck_20260605,838,83.79999999999951,B03_CFV,cav,not_applicable,9104.700937983363,0.0,30.044746710625187,0.364777161232133,lane_2,mainline,,normal,none,commit
BASIC-03,basic_01_06_900_bugcheck_20260605,838,83.79999999999951,B03_TLV_CFV,cav,not_applicable,9098.229904904045,3.5,29.999052879700308,-0.44305013627183754,lane_1,mainline,,normal,none,commit
BASIC-03,basic_01_06_900_bugcheck_20260605,838,83.79999999999951,B03_TLV_CLV,cav,not_applicable,9140.620000000017,3.5,29.999999999999957,1.7053025658242407e-14,lane_1,mainline,,normal,none,commit
BASIC-03,basic_01_06_900_bugcheck_20260605,839,83.89999999999951,B03_MV,cav,not_applicable,7245.99686564475,-3.5,0.000767603445223153,4.0,on_ramp,on_ramp_mv,,normal,not_started,commit
BASIC-03,basic_01_06_900_bugcheck_20260605,839,83.89999999999951,B03_CLV,cav,not_applicable,9150.000000000002,0.0,29.999999999999957,1.7053025658242407e-14,lane_2,mainline,,normal,none,commit
BASIC-03,basic_01_06_900_bugcheck_20260605,839,83.89999999999951,B03_CFV,cav,not_applicable,9107.697488103928,0.0,29.96550120563509,-0.792455049900982,lane_2,mainline,,normal,none,commit
BASIC-03,basic_01_06_900_bugcheck_20260605,839,83.89999999999951,B03_TLV_CFV,cav,not_applicable,9101.233457963626,3.5,30.03553059582352,0.364777161232133,lane_1,mainline,,normal,none,commit
BASIC-03,basic_01_06_900_bugcheck_20260605,839,83.89999999999951,B03_TLV_CLV,cav,not_applicable,9143.620000000017,3.5,29.999999999999957,1.7053025658242407e-14,lane_1,mainline,,normal,none,commit
BASIC-03,basic_01_06_900_bugcheck_20260605,840,83.9999999999995,B03_MV,cav,not_applicable,7245.996940570171,-3.5,0.0007492542133331114,4.0,on_ramp,on_ramp_mv,,normal,not_started,commit
BASIC-03,basic_01_06_900_bugcheck_20260605,840,83.9999999999995,B03_CLV,cav,not_applicable,9153.000000000002,0.0,29.999999999999957,1.7053025658242407e-14,lane_2,mainline,,normal,none,commit
BASIC-03,basic_01_06_900_bugcheck_20260605,840,83.9999999999995,B03_CFV,cav,not_applicable,9110.694827228628,0.0,29.973391247006827,0.07890041371737844,lane_2,mainline,,normal,none,commit
BASIC-03,basic_01_06_900_bugcheck_20260605,840,83.9999999999995,B03_TLV_CFV,cav,not_applicable,9104.22908647271,3.5,29.956285090833422,-0.792455049900982,lane_1,mainline,,normal,none,commit
BASIC-03,basic_01_06_900_bugcheck_20260605,840,83.9999999999995,B03_TLV_CLV,cav,not_applicable,9146.620000000017,3.5,29.999999999999957,1.7053025658242407e-14,lane_1,mainline,,normal,none,commit
BASIC-03,basic_01_06_900_bugcheck_20260605,841,84.0999999999995,B03_MV,cav,not_applicable,7245.997013704533,-3.5,0.0007313436118982206,4.0,on_ramp,on_ramp_mv,,normal,not_started,commit
BASIC-03,basic_01_06_900_bugcheck_20260605,841,84.0999999999995,B03_CLV,cav,not_applicable,9156.000000000002,0.0,29.999999999999957,1.7053025658242407e-14,lane_2,mainline,,normal,none,commit
BASIC-03,basic_01_06_900_bugcheck_20260605,841,84.0999999999995,B03_CFV,cav,not_applicable,9113.700084629441,0.0,30.05257400812916,0.7918276112233097,lane_2,mainline,,normal,none,commit
BASIC-03,basic_01_06_900_bugcheck_20260605,841,84.0999999999995,B03_TLV_CFV,cav,not_applicable,9107.22550398593,3.5,29.96417513220516,0.07890041371737844,lane_1,mainline,,normal,none,commit
BASIC-03,basic_01_06_900_bugcheck_20260605,841,84.0999999999995,B03_TLV_CLV,cav,not_applicable,9149.620000000017,3.5,29.999999999999957,1.7053025658242407e-14,lane_1,mainline,,normal,none,commit
BASIC-03,basic_01_06_900_bugcheck_20260605,842,84.19999999999949,B03_MV,cav,not_applicable,7245.997085090648,-3.5,0.0007138611556295735,4.0,on_ramp,on_ramp_mv,,normal,not_started,commit
BASIC-03,basic_01_06_900_bugcheck_20260605,842,84.19999999999949,B03_CLV,cav,not_applicable,9159.000000000002,0.0,29.999999999999957,1.7053025658242407e-14,lane_2,mainline,,normal,none,commit
BASIC-03,basic_01_06_900_bugcheck_20260605,842,84.19999999999949,B03_CFV,cav,not_applicable,9116.700911528891,0.0,30.008268994501975,-0.44305013627183754,lane_2,mainline,,normal,none,commit
BASIC-03,basic_01_06_900_bugcheck_20260605,842,84.19999999999949,B03_TLV_CFV,cav,not_applicable,9110.229839775262,3.5,30.043357893327492,0.7918276112233097,lane_1,mainline,,normal,none,commit
BASIC-03,basic_01_06_900_bugcheck_20260605,842,84.19999999999949,B03_TLV_CLV,cav,not_applicable,9152.620000000017,3.5,29.999999999999957,1.7053025658242407e-14,lane_1,mainline,,normal,none,commit
BASIC-03,basic_01_06_900_bugcheck_20260605,843,84.29999999999949,B03_MV,cav,not_applicable,7245.99715477031,-3.5,0.0006967966101303461,4.0,on_ramp,on_ramp_mv,,normal,not_started,commit
BASIC-03,basic_01_06_900_bugcheck_20260605,843,84.29999999999949,B03_CLV,cav,not_applicable,9162.000000000002,0.0,29.999999999999957,1.7053025658242407e-14,lane_2,mainline,,normal,none,commit
BASIC-03,basic_01_06_900_bugcheck_20260605,843,84.29999999999949,B03_CFV,cav,not_applicable,9119.705386199954,0.0,30.044746710625187,0.364777161232133,lane_2,mainline,,normal,none,commit
BASIC-03,basic_01_06_900_bugcheck_20260605,843,84.29999999999949,B03_TLV_CFV,cav,not_applicable,9113.229745063232,3.5,29.999052879700308,-0.44305013627183754,lane_1,mainline,,normal,none,commit
BASIC-03,basic_01_06_900_bugcheck_20260605,843,84.29999999999949,B03_TLV_CLV,cav,not_applicable,9155.620000000017,3.5,29.999999999999957,1.7053025658242407e-14,lane_1,mainline,,normal,none,commit
BASIC-03,basic_01_06_900_bugcheck_20260605,844,84.39999999999948,B03_MV,cav,not_applicable,7245.997222784308,-3.5,0.0006801399851560626,4.0,on_ramp,on_ramp_mv,,normal,not_started,commit
BASIC-03,basic_01_06_900_bugcheck_20260605,844,84.39999999999948,B03_CLV,cav,not_applicable,9165.000000000002,0.0,29.999999999999957,1.7053025658242407e-14,lane_2,mainline,,normal,none,commit
BASIC-03,basic_01_06_900_bugcheck_20260605,844,84.39999999999948,B03_CFV,cav,not_applicable,9122.701936320518,0.0,29.96550120563509,-0.792455049900982,lane_2,mainline,,normal,none,commit
BASIC-03,basic_01_06_900_bugcheck_20260605,844,84.39999999999948,B03_TLV_CFV,cav,not_applicable,9116.233298122814,3.5,30.03553059582352,0.364777161232133,lane_1,mainline,,normal,none,commit
BASIC-03,basic_01_06_900_bugcheck_20260605,844,84.39999999999948,B03_TLV_CLV,cav,not_applicable,9158.620000000017,3.5,29.999999999999957,1.7053025658242407e-14,lane_1,mainline,,normal,none,commit
BASIC-03,basic_01_06_900_bugcheck_20260605,845,84.49999999999947,B03_MV,cav,not_applicable,7245.997289172461,-3.5,0.0006638815298315572,4.0,on_ramp,on_ramp_mv,,normal,not_started,commit
BASIC-03,basic_01_06_900_bugcheck_20260605,845,84.49999999999947,B03_CLV,cav,not_applicable,9168.000000000002,0.0,29.999999999999957,1.7053025658242407e-14,lane_2,mainline,,normal,none,commit
BASIC-03,basic_01_06_900_bugcheck_20260605,845,84.49999999999947,B03_CFV,cav,not_applicable,9125.699275445219,0.0,29.973391247006827,0.07890041371737844,lane_2,mainline,,normal,none,commit
BASIC-03,basic_01_06_900_bugcheck_20260605,845,84.49999999999947,B03_TLV_CFV,cav,not_applicable,9119.228926631897,3.5,29.956285090833422,-0.792455049900982,lane_1,mainline,,normal,none,commit
BASIC-03,basic_01_06_900_bugcheck_20260605,845,84.49999999999947,B03_TLV_CLV,cav,not_applicable,9161.620000000017,3.5,29.999999999999957,1.7053025658242407e-14,lane_1,mainline,,normal,none,commit
BASIC-03,basic_01_06_900_bugcheck_20260605,846,84.59999999999947,B03_MV,cav,not_applicable,7245.997353973634,-3.5,0.0006480117259112389,4.0,on_ramp,on_ramp_mv,,normal,not_started,commit
BASIC-03,basic_01_06_900_bugcheck_20260605,846,84.59999999999947,B03_CLV,cav,not_applicable,9171.000000000002,0.0,29.999999999999957,1.7053025658242407e-14,lane_2,mainline,,normal,none,commit
BASIC-03,basic_01_06_900_bugcheck_20260605,846,84.59999999999947,B03_CFV,cav,not_applicable,9128.704532846032,0.0,30.05257400812916,0.7918276112233097,lane_2,mainline,,normal,none,commit
BASIC-03,basic_01_06_900_bugcheck_20260605,846,84.59999999999947,B03_TLV_CFV,cav,not_applicable,9122.225344145118,3.5,29.96417513220516,0.07890041371737844,lane_1,mainline,,normal,none,commit
BASIC-03,basic_01_06_900_bugcheck_20260605,846,84.59999999999947,B03_TLV_CLV,cav,not_applicable,9164.620000000017,3.5,29.999999999999957,1.7053025658242407e-14,lane_1,mainline,,normal,none,commit
BASIC-03,basic_01_06_900_bugcheck_20260605,847,84.69999999999946,B03_MV,cav,not_applicable,7245.997417225763,-3.5,0.0006325212827786427,4.0,on_ramp,on_ramp_mv,,normal,not_started,commit
BASIC-03,basic_01_06_900_bugcheck_20260605,847,84.69999999999946,B03_CLV,cav,not_applicable,9174.000000000002,0.0,29.999999999999957,1.7053025658242407e-14,lane_2,mainline,,normal,none,commit
BASIC-03,basic_01_06_900_bugcheck_20260605,847,84.69999999999946,B03_CFV,cav,not_applicable,9131.705359745481,0.0,30.008268994501975,-0.44305013627183754,lane_2,mainline,,normal,none,commit
BASIC-03,basic_01_06_900_bugcheck_20260605,847,84.69999999999946,B03_TLV_CFV,cav,not_applicable,9125.22967993445,3.5,30.043357893327492,0.7918276112233097,lane_1,mainline,,normal,none,commit
BASIC-03,basic_01_06_900_bugcheck_20260605,847,84.69999999999946,B03_TLV_CLV,cav,not_applicable,9167.620000000017,3.5,29.999999999999957,1.7053025658242407e-14,lane_1,mainline,,normal,none,commit
BASIC-03,basic_01_06_900_bugcheck_20260605,848,84.79999999999946,B03_MV,cav,not_applicable,7245.997478965875,-3.5,0.000617401132011159,4.0,on_ramp,on_ramp_mv,,normal,not_started,commit
BASIC-03,basic_01_06_900_bugcheck_20260605,848,84.79999999999946,B03_CLV,cav,not_applicable,9177.000000000002,0.0,29.999999999999957,1.7053025658242407e-14,lane_2,mainline,,normal,none,commit
BASIC-03,basic_01_06_900_bugcheck_20260605,848,84.79999999999946,B03_CFV,cav,not_applicable,9134.709834416544,0.0,30.044746710625187,0.364777161232133,lane_2,mainline,,normal,none,commit
BASIC-03,basic_01_06_900_bugcheck_20260605,848,84.79999999999946,B03_TLV_CFV,cav,not_applicable,9128.22958522242,3.5,29.999052879700308,-0.44305013627183754,lane_1,mainline,,normal,none,commit
BASIC-03,basic_01_06_900_bugcheck_20260605,848,84.79999999999946,B03_TLV_CLV,cav,not_applicable,9170.620000000017,3.5,29.999999999999957,1.7053025658242407e-14,lane_1,mainline,,normal,none,commit
BASIC-03,basic_01_06_900_bugcheck_20260605,849,84.89999999999945,B03_MV,cav,not_applicable,7245.997539230118,-3.5,0.0006026424221621742,4.0,on_ramp,on_ramp_mv,,normal,not_started,commit
BASIC-03,basic_01_06_900_bugcheck_20260605,849,84.89999999999945,B03_CLV,cav,not_applicable,9180.000000000002,0.0,29.999999999999957,1.7053025658242407e-14,lane_2,mainline,,normal,none,commit
BASIC-03,basic_01_06_900_bugcheck_20260605,849,84.89999999999945,B03_CFV,cav,not_applicable,9137.706384537109,0.0,29.96550120563509,-0.792455049900982,lane_2,mainline,,normal,none,commit
BASIC-03,basic_01_06_900_bugcheck_20260605,849,84.89999999999945,B03_TLV_CFV,cav,not_applicable,9131.233138282001,3.5,30.03553059582352,0.364777161232133,lane_1,mainline,,normal,none,commit
BASIC-03,basic_01_06_900_bugcheck_20260605,849,84.89999999999945,B03_TLV_CLV,cav,not_applicable,9173.620000000017,3.5,29.999999999999957,1.7053025658242407e-14,lane_1,mainline,,normal,none,commit
BASIC-03,basic_01_06_900_bugcheck_20260605,850,84.99999999999945,B03_MV,cav,not_applicable,7245.997598053769,-3.5,0.0005882365128909784,4.0,on_ramp,on_ramp_mv,,normal,not_started,commit
BASIC-03,basic_01_06_900_bugcheck_20260605,850,84.99999999999945,B03_CLV,cav,not_applicable,9183.000000000002,0.0,29.999999999999957,1.7053025658242407e-14,lane_2,mainline,,normal,none,commit
BASIC-03,basic_01_06_900_bugcheck_20260605,850,84.99999999999945,B03_CFV,cav,not_applicable,9140.703723661809,0.0,29.973391247006827,0.07890041371737844,lane_2,mainline,,normal,none,commit
BASIC-03,basic_01_06_900_bugcheck_20260605,850,84.99999999999945,B03_TLV_CFV,cav,not_applicable,9134.228766791084,3.5,29.956285090833422,-0.792455049900982,lane_1,mainline,,normal,none,commit
BASIC-03,basic_01_06_900_bugcheck_20260605,850,84.99999999999945,B03_TLV_CLV,cav,not_applicable,9176.620000000017,3.5,29.999999999999957,1.7053025658242407e-14,lane_1,mainline,,normal,none,commit
BASIC-03,basic_01_06_900_bugcheck_20260605,851,85.09999999999944,B03_MV,cav,not_applicable,7245.997655471267,-3.5,0.0005741749706145491,4.0,on_ramp,on_ramp_mv,,normal,not_started,commit
BASIC-03,basic_01_06_900_bugcheck_20260605,851,85.09999999999944,B03_CLV,cav,not_applicable,9186.000000000002,0.0,29.999999999999957,1.7053025658242407e-14,lane_2,mainline,,normal,none,commit
BASIC-03,basic_01_06_900_bugcheck_20260605,851,85.09999999999944,B03_CFV,cav,not_applicable,9143.708981062622,0.0,30.05257400812916,0.7918276112233097,lane_2,mainline,,normal,none,commit
BASIC-03,basic_01_06_900_bugcheck_20260605,851,85.09999999999944,B03_TLV_CFV,cav,not_applicable,9137.225184304305,3.5,29.96417513220516,0.07890041371737844,lane_1,mainline,,normal,none,commit
BASIC-03,basic_01_06_900_bugcheck_20260605,851,85.09999999999944,B03_TLV_CLV,cav,not_applicable,9179.620000000017,3.5,29.999999999999957,1.7053025658242407e-14,lane_1,mainline,,normal,none,commit
BASIC-03,basic_01_06_900_bugcheck_20260605,852,85.19999999999943,B03_MV,cav,not_applicable,7245.997711516223,-3.5,0.0005604495635071028,4.0,on_ramp,on_ramp_mv,,normal,not_started,commit
BASIC-03,basic_01_06_900_bugcheck_20260605,852,85.19999999999943,B03_CLV,cav,not_applicable,9189.000000000002,0.0,29.999999999999957,1.7053025658242407e-14,lane_2,mainline,,normal,none,commit
BASIC-03,basic_01_06_900_bugcheck_20260605,852,85.19999999999943,B03_CFV,cav,not_applicable,9146.709807962072,0.0,30.008268994501975,-0.44305013627183754,lane_2,mainline,,normal,none,commit
BASIC-03,basic_01_06_900_bugcheck_20260605,852,85.19999999999943,B03_TLV_CFV,cav,not_applicable,9140.229520093637,3.5,30.043357893327492,0.7918276112233097,lane_1,mainline,,normal,none,commit
BASIC-03,basic_01_06_900_bugcheck_20260605,852,85.19999999999943,B03_TLV_CLV,cav,not_applicable,9182.620000000017,3.5,29.999999999999957,1.7053025658242407e-14,lane_1,mainline,,normal,none,commit
BASIC-03,basic_01_06_900_bugcheck_20260605,853,85.29999999999943,B03_MV,cav,not_applicable,7245.997766221449,-3.5,0.0005470522564996454,4.0,on_ramp,on_ramp_mv,,normal,not_started,commit
BASIC-03,basic_01_06_900_bugcheck_20260605,853,85.29999999999943,B03_CLV,cav,not_applicable,9192.000000000002,0.0,29.999999999999957,1.7053025658242407e-14,lane_2,mainline,,normal,none,commit
BASIC-03,basic_01_06_900_bugcheck_20260605,853,85.29999999999943,B03_CFV,cav,not_applicable,9149.714282633135,0.0,30.044746710625187,0.364777161232133,lane_2,mainline,,normal,none,commit
BASIC-03,basic_01_06_900_bugcheck_20260605,853,85.29999999999943,B03_TLV_CFV,cav,not_applicable,9143.229425381607,3.5,29.999052879700308,-0.44305013627183754,lane_1,mainline,,normal,none,commit
BASIC-03,basic_01_06_900_bugcheck_20260605,853,85.29999999999943,B03_TLV_CLV,cav,not_applicable,9185.620000000017,3.5,29.999999999999957,1.7053025658242407e-14,lane_1,mainline,,normal,none,commit
BASIC-03,basic_01_06_900_bugcheck_20260605,854,85.39999999999942,B03_MV,cav,not_applicable,7245.9978196189695,-3.5,0.0005339752062795242,4.0,on_ramp,on_ramp_mv,,normal,not_started,commit
BASIC-03,basic_01_06_900_bugcheck_20260605,854,85.39999999999942,B03_CLV,cav,not_applicable,9195.000000000002,0.0,29.999999999999957,1.7053025658242407e-14,lane_2,mainline,,normal,none,commit
BASIC-03,basic_01_06_900_bugcheck_20260605,854,85.39999999999942,B03_CFV,cav,not_applicable,9152.710832753699,0.0,29.96550120563509,-0.792455049900982,lane_2,mainline,,normal,none,commit
BASIC-03,basic_01_06_900_bugcheck_20260605,854,85.39999999999942,B03_TLV_CFV,cav,not_applicable,9146.232978441189,3.5,30.03553059582352,0.364777161232133,lane_1,mainline,,normal,none,commit
BASIC-03,basic_01_06_900_bugcheck_20260605,854,85.39999999999942,B03_TLV_CLV,cav,not_applicable,9188.620000000017,3.5,29.999999999999957,1.7053025658242407e-14,lane_1,mainline,,normal,none,commit
BASIC-03,basic_01_06_900_bugcheck_20260605,855,85.49999999999942,B03_MV,cav,not_applicable,7245.997871740045,-3.5,0.0005212107573770327,4.0,on_ramp,on_ramp_mv,,normal,not_started,commit
BASIC-03,basic_01_06_900_bugcheck_20260605,855,85.49999999999942,B03_CLV,cav,not_applicable,9198.000000000002,0.0,29.999999999999957,1.7053025658242407e-14,lane_2,mainline,,normal,none,commit
BASIC-03,basic_01_06_900_bugcheck_20260605,855,85.49999999999942,B03_CFV,cav,not_applicable,9155.7081718784,0.0,29.973391247006827,0.07890041371737844,lane_2,mainline,,normal,none,commit
BASIC-03,basic_01_06_900_bugcheck_20260605,855,85.49999999999942,B03_TLV_CFV,cav,not_applicable,9149.228606950272,3.5,29.956285090833422,-0.792455049900982,lane_1,mainline,,normal,none,commit
BASIC-03,basic_01_06_900_bugcheck_20260605,855,85.49999999999942,B03_TLV_CLV,cav,not_applicable,9191.620000000017,3.5,29.999999999999957,1.7053025658242407e-14,lane_1,mainline,,normal,none,commit
BASIC-03,basic_01_06_900_bugcheck_20260605,856,85.59999999999941,B03_MV,cav,not_applicable,7245.997922615189,-3.5,0.0005087514371649618,4.0,on_ramp,on_ramp_mv,,normal,not_started,commit
BASIC-03,basic_01_06_900_bugcheck_20260605,856,85.59999999999941,B03_CLV,cav,not_applicable,9201.000000000002,0.0,29.999999999999957,1.7053025658242407e-14,lane_2,mainline,,normal,none,commit
BASIC-03,basic_01_06_900_bugcheck_20260605,856,85.59999999999941,B03_CFV,cav,not_applicable,9158.713429279213,0.0,30.05257400812916,0.7918276112233097,lane_2,mainline,,normal,none,commit
BASIC-03,basic_01_06_900_bugcheck_20260605,856,85.59999999999941,B03_TLV_CFV,cav,not_applicable,9152.225024463492,3.5,29.96417513220516,0.07890041371737844,lane_1,mainline,,normal,none,commit
BASIC-03,basic_01_06_900_bugcheck_20260605,856,85.59999999999941,B03_TLV_CLV,cav,not_applicable,9194.620000000017,3.5,29.999999999999957,1.7053025658242407e-14,lane_1,mainline,,normal,none,commit
BASIC-03,basic_01_06_900_bugcheck_20260605,857,85.6999999999994,B03_MV,cav,not_applicable,7245.997972274185,-3.5,0.0004965899517277946,4.0,on_ramp,on_ramp_mv,,normal,not_started,commit
BASIC-03,basic_01_06_900_bugcheck_20260605,857,85.6999999999994,B03_CLV,cav,not_applicable,9204.000000000002,0.0,29.999999999999957,1.7053025658242407e-14,lane_2,mainline,,normal,none,commit
BASIC-03,basic_01_06_900_bugcheck_20260605,857,85.6999999999994,B03_CFV,cav,not_applicable,9161.714256178662,0.0,30.008268994501975,-0.44305013627183754,lane_2,mainline,,normal,none,commit
BASIC-03,basic_01_06_900_bugcheck_20260605,857,85.6999999999994,B03_TLV_CFV,cav,not_applicable,9155.229360252824,3.5,30.043357893327492,0.7918276112233097,lane_1,mainline,,normal,none,commit
BASIC-03,basic_01_06_900_bugcheck_20260605,857,85.6999999999994,B03_TLV_CLV,cav,not_applicable,9197.620000000017,3.5,29.999999999999957,1.7053025658242407e-14,lane_1,mainline,,normal,none,commit
BASIC-03,basic_01_06_900_bugcheck_20260605,858,85.7999999999994,B03_MV,cav,not_applicable,7245.998020746103,-3.5,0.00048471918129607905,4.0,on_ramp,on_ramp_mv,,normal,not_started,commit
BASIC-03,basic_01_06_900_bugcheck_20260605,858,85.7999999999994,B03_CLV,cav,not_applicable,9207.000000000002,0.0,29.999999999999957,1.7053025658242407e-14,lane_2,mainline,,normal,none,commit
BASIC-03,basic_01_06_900_bugcheck_20260605,858,85.7999999999994,B03_CFV,cav,not_applicable,9164.718730849725,0.0,30.044746710625187,0.364777161232133,lane_2,mainline,,normal,none,commit
BASIC-03,basic_01_06_900_bugcheck_20260605,858,85.7999999999994,B03_TLV_CFV,cav,not_applicable,9158.229265540795,3.5,29.999052879700308,-0.44305013627183754,lane_1,mainline,,normal,none,commit
BASIC-03,basic_01_06_900_bugcheck_20260605,858,85.7999999999994,B03_TLV_CLV,cav,not_applicable,9200.620000000017,3.5,29.999999999999957,1.7053025658242407e-14,lane_1,mainline,,normal,none,commit
BASIC-03,basic_01_06_900_bugcheck_20260605,859,85.8999999999994,B03_MV,cav,not_applicable,7245.998068059321,-3.5,0.000473132176550444,4.0,on_ramp,on_ramp_mv,,normal,not_started,commit
BASIC-03,basic_01_06_900_bugcheck_20260605,859,85.8999999999994,B03_CLV,cav,not_applicable,9210.000000000002,0.0,29.999999999999957,1.7053025658242407e-14,lane_2,mainline,,normal,none,commit
BASIC-03,basic_01_06_900_bugcheck_20260605,859,85.8999999999994,B03_CFV,cav,not_applicable,9167.71528097029,0.0,29.96550120563509,-0.792455049900982,lane_2,mainline,,normal,none,commit
BASIC-03,basic_01_06_900_bugcheck_20260605,859,85.8999999999994,B03_TLV_CFV,cav,not_applicable,9161.232818600376,3.5,30.03553059582352,0.364777161232133,lane_1,mainline,,normal,none,commit
BASIC-03,basic_01_06_900_bugcheck_20260605,859,85.8999999999994,B03_TLV_CLV,cav,not_applicable,9203.620000000017,3.5,29.999999999999957,1.7053025658242407e-14,lane_1,mainline,,normal,none,commit
BASIC-03,basic_01_06_900_bugcheck_20260605,860,85.99999999999939,B03_MV,cav,not_applicable,7245.998114241536,-3.5,0.0004618221542733827,4.0,on_ramp,on_ramp_mv,,normal,not_started,commit
BASIC-03,basic_01_06_900_bugcheck_20260605,860,85.99999999999939,B03_CLV,cav,not_applicable,9213.000000000002,0.0,29.999999999999957,1.7053025658242407e-14,lane_2,mainline,,normal,none,commit
BASIC-03,basic_01_06_900_bugcheck_20260605,860,85.99999999999939,B03_CFV,cav,not_applicable,9170.71262009499,0.0,29.973391247006827,0.07890041371737844,lane_2,mainline,,normal,none,commit
BASIC-03,basic_01_06_900_bugcheck_20260605,860,85.99999999999939,B03_TLV_CFV,cav,not_applicable,9164.228447109459,3.5,29.956285090833422,-0.792455049900982,lane_1,mainline,,normal,none,commit
BASIC-03,basic_01_06_900_bugcheck_20260605,860,85.99999999999939,B03_TLV_CLV,cav,not_applicable,9206.620000000017,3.5,29.999999999999957,1.7053025658242407e-14,lane_1,mainline,,normal,none,commit
BASIC-03,basic_01_06_900_bugcheck_20260605,861,86.09999999999938,B03_MV,cav,not_applicable,7245.998159319785,-3.5,0.0004507824932184477,4.0,on_ramp,on_ramp_mv,,normal,not_started,commit
BASIC-03,basic_01_06_900_bugcheck_20260605,861,86.09999999999938,B03_CLV,cav,not_applicable,9216.000000000002,0.0,29.999999999999957,1.7053025658242407e-14,lane_2,mainline,,normal,none,commit
BASIC-03,basic_01_06_900_bugcheck_20260605,861,86.09999999999938,B03_CFV,cav,not_applicable,9173.717877495803,0.0,30.05257400812916,0.7918276112233097,lane_2,mainline,,normal,none,commit
BASIC-03,basic_01_06_900_bugcheck_20260605,861,86.09999999999938,B03_TLV_CFV,cav,not_applicable,9167.22486462268,3.5,29.96417513220516,0.07890041371737844,lane_1,mainline,,normal,none,commit
BASIC-03,basic_01_06_900_bugcheck_20260605,861,86.09999999999938,B03_TLV_CLV,cav,not_applicable,9209.620000000017,3.5,29.999999999999957,1.7053025658242407e-14,lane_1,mainline,,normal,none,commit
BASIC-03,basic_01_06_900_bugcheck_20260605,862,86.19999999999938,B03_MV,cav,not_applicable,7245.998203320459,-3.5,0.00044000673063167734,4.0,on_ramp,on_ramp_mv,,normal,not_started,commit
BASIC-03,basic_01_06_900_bugcheck_20260605,862,86.19999999999938,B03_CLV,cav,not_applicable,9219.000000000002,0.0,29.999999999999957,1.7053025658242407e-14,lane_2,mainline,,normal,none,commit
BASIC-03,basic_01_06_900_bugcheck_20260605,862,86.19999999999938,B03_CFV,cav,not_applicable,9176.718704395253,0.0,30.008268994501975,-0.44305013627183754,lane_2,mainline,,normal,none,commit
BASIC-03,basic_01_06_900_bugcheck_20260605,862,86.19999999999938,B03_TLV_CFV,cav,not_applicable,9170.229200412012,3.5,30.043357893327492,0.7918276112233097,lane_1,mainline,,normal,none,commit
BASIC-03,basic_01_06_900_bugcheck_20260605,862,86.19999999999938,B03_TLV_CLV,cav,not_applicable,9212.620000000017,3.5,29.999999999999957,1.7053025658242407e-14,lane_1,mainline,,normal,none,commit
BASIC-03,basic_01_06_900_bugcheck_20260605,863,86.29999999999937,B03_MV,cav,not_applicable,7245.998246269314,-3.5,0.00042948855790337975,4.0,on_ramp,on_ramp_mv,,normal,not_started,commit
BASIC-03,basic_01_06_900_bugcheck_20260605,863,86.29999999999937,B03_CLV,cav,not_applicable,9222.000000000002,0.0,29.999999999999957,1.7053025658242407e-14,lane_2,mainline,,normal,none,commit
BASIC-03,basic_01_06_900_bugcheck_20260605,863,86.29999999999937,B03_CFV,cav,not_applicable,9179.723179066315,0.0,30.044746710625187,0.364777161232133,lane_2,mainline,,normal,none,commit
BASIC-03,basic_01_06_900_bugcheck_20260605,863,86.29999999999937,B03_TLV_CFV,cav,not_applicable,9173.229105699982,3.5,29.999052879700308,-0.44305013627183754,lane_1,mainline,,normal,none,commit
BASIC-03,basic_01_06_900_bugcheck_20260605,863,86.29999999999937,B03_TLV_CLV,cav,not_applicable,9215.620000000017,3.5,29.999999999999957,1.7053025658242407e-14,lane_1,mainline,,normal,none,commit
BASIC-03,basic_01_06_900_bugcheck_20260605,864,86.39999999999937,B03_MV,cav,not_applicable,7245.998288191496,-3.5,0.0004192218177417919,4.0,on_ramp,on_ramp_mv,,normal,not_started,commit
BASIC-03,basic_01_06_900_bugcheck_20260605,864,86.39999999999937,B03_CLV,cav,not_applicable,9225.000000000002,0.0,29.999999999999957,1.7053025658242407e-14,lane_2,mainline,,normal,none,commit
BASIC-03,basic_01_06_900_bugcheck_20260605,864,86.39999999999937,B03_CFV,cav,not_applicable,9182.71972918688,0.0,29.96550120563509,-0.792455049900982,lane_2,mainline,,normal,none,commit
BASIC-03,basic_01_06_900_bugcheck_20260605,864,86.39999999999937,B03_TLV_CFV,cav,not_applicable,9176.232658759563,3.5,30.03553059582352,0.364777161232133,lane_1,mainline,,normal,none,commit
BASIC-03,basic_01_06_900_bugcheck_20260605,864,86.39999999999937,B03_TLV_CLV,cav,not_applicable,9218.620000000017,3.5,29.999999999999957,1.7053025658242407e-14,lane_1,mainline,,normal,none,commit
BASIC-03,basic_01_06_900_bugcheck_20260605,865,86.49999999999936,B03_MV,cav,not_applicable,7245.998329111546,-3.5,0.00040920049960745266,4.0,on_ramp,on_ramp_mv,,normal,not_started,commit
BASIC-03,basic_01_06_900_bugcheck_20260605,865,86.49999999999936,B03_CLV,cav,not_applicable,9228.000000000002,0.0,29.999999999999957,1.7053025658242407e-14,lane_2,mainline,,normal,none,commit
BASIC-03,basic_01_06_900_bugcheck_20260605,865,86.49999999999936,B03_CFV,cav,not_applicable,9185.71706831158,0.0,29.973391247006827,0.07890041371737844,lane_2,mainline,,normal,none,commit
BASIC-03,basic_01_06_900_bugcheck_20260605,865,86.49999999999936,B03_TLV_CFV,cav,not_applicable,9179.228287268646,3.5,29.956285090833422,-0.792455049900982,lane_1,mainline,,normal,none,commit
BASIC-03,basic_01_06_900_bugcheck_20260605,865,86.49999999999936,B03_TLV_CLV,cav,not_applicable,9221.620000000017,3.5,29.999999999999957,1.7053025658242407e-14,lane_1,mainline,,normal,none,commit
BASIC-03,basic_01_06_900_bugcheck_20260605,866,86.59999999999935,B03_MV,cav,not_applicable,7245.99836905342,-3.5,0.00039941873666945126,4.0,on_ramp,on_ramp_mv,,normal,not_started,commit
BASIC-03,basic_01_06_900_bugcheck_20260605,866,86.59999999999935,B03_CLV,cav,not_applicable,9231.000000000002,0.0,29.999999999999957,1.7053025658242407e-14,lane_2,mainline,,normal,none,commit
BASIC-03,basic_01_06_900_bugcheck_20260605,866,86.59999999999935,B03_CFV,cav,not_applicable,9188.722325712393,0.0,30.05257400812916,0.7918276112233097,lane_2,mainline,,normal,none,commit
BASIC-03,basic_01_06_900_bugcheck_20260605,866,86.59999999999935,B03_TLV_CFV,cav,not_applicable,9182.224704781867,3.5,29.96417513220516,0.07890041371737844,lane_1,mainline,,normal,none,commit
BASIC-03,basic_01_06_900_bugcheck_20260605,866,86.59999999999935,B03_TLV_CLV,cav,not_applicable,9224.620000000017,3.5,29.999999999999957,1.7053025658242407e-14,lane_1,mainline,,normal,none,commit
BASIC-03,basic_01_06_900_bugcheck_20260605,867,86.69999999999935,B03_MV,cav,not_applicable,7245.9984080405,-3.5,0.00038987080254426505,4.0,on_ramp,on_ramp_mv,,normal,not_started,commit
BASIC-03,basic_01_06_900_bugcheck_20260605,867,86.69999999999935,B03_CLV,cav,not_applicable,9234.000000000002,0.0,29.999999999999957,1.7053025658242407e-14,lane_2,mainline,,normal,none,commit
BASIC-03,basic_01_06_900_bugcheck_20260605,867,86.69999999999935,B03_CFV,cav,not_applicable,9191.723152611843,0.0,30.008268994501975,-0.44305013627183754,lane_2,mainline,,normal,none,commit
BASIC-03,basic_01_06_900_bugcheck_20260605,867,86.69999999999935,B03_TLV_CFV,cav,not_applicable,9185.2290405712,3.5,30.043357893327492,0.7918276112233097,lane_1,mainline,,normal,none,commit
BASIC-03,basic_01_06_900_bugcheck_20260605,867,86.69999999999935,B03_TLV_CLV,cav,not_applicable,9227.620000000017,3.5,29.999999999999957,1.7053025658242407e-14,lane_1,mainline,,normal,none,commit
BASIC-03,basic_01_06_900_bugcheck_20260605,868,86.79999999999934,B03_MV,cav,not_applicable,7245.998446095611,-3.5,0.00038055110781718646,4.0,on_ramp,on_ramp_mv,,normal,not_started,commit
BASIC-03,basic_01_06_900_bugcheck_20260605,868,86.79999999999934,B03_CLV,cav,not_applicable,9237.000000000002,0.0,29.999999999999957,1.7053025658242407e-14,lane_2,mainline,,normal,none,commit
BASIC-03,basic_01_06_900_bugcheck_20260605,868,86.79999999999934,B03_CFV,cav,not_applicable,9194.727627282906,0.0,30.044746710625187,0.364777161232133,lane_2,mainline,,normal,none,commit
BASIC-03,basic_01_06_900_bugcheck_20260605,868,86.79999999999934,B03_TLV_CFV,cav,not_applicable,9188.22894585917,3.5,29.999052879700308,-0.44305013627183754,lane_1,mainline,,normal,none,commit
BASIC-03,basic_01_06_900_bugcheck_20260605,868,86.79999999999934,B03_TLV_CLV,cav,not_applicable,9230.620000000017,3.5,29.999999999999957,1.7053025658242407e-14,lane_1,mainline,,normal,none,commit
BASIC-03,basic_01_06_900_bugcheck_20260605,869,86.89999999999934,B03_MV,cav,not_applicable,7245.998483241031,-3.5,0.00037145419634633905,4.0,on_ramp,on_ramp_mv,,normal,not_started,commit
BASIC-03,basic_01_06_900_bugcheck_20260605,869,86.89999999999934,B03_CLV,cav,not_applicable,9240.000000000002,0.0,29.999999999999957,1.7053025658242407e-14,lane_2,mainline,,normal,none,commit
BASIC-03,basic_01_06_900_bugcheck_20260605,869,86.89999999999934,B03_CFV,cav,not_applicable,9197.72417740347,0.0,29.96550120563509,-0.792455049900982,lane_2,mainline,,normal,none,commit
BASIC-03,basic_01_06_900_bugcheck_20260605,869,86.89999999999934,B03_TLV_CFV,cav,not_applicable,9191.232498918751,3.5,30.03553059582352,0.364777161232133,lane_1,mainline,,normal,none,commit
BASIC-03,basic_01_06_900_bugcheck_20260605,869,86.89999999999934,B03_TLV_CLV,cav,not_applicable,9233.620000000017,3.5,29.999999999999957,1.7053025658242407e-14,lane_1,mainline,,normal,none,commit
BASIC-03,basic_01_06_900_bugcheck_20260605,870,86.99999999999933,B03_MV,cav,not_applicable,7245.998519498506,-3.5,0.0003625747426537476,4.0,on_ramp,on_ramp_mv,,normal,not_started,commit
BASIC-03,basic_01_06_900_bugcheck_20260605,870,86.99999999999933,B03_CLV,cav,not_applicable,9243.000000000002,0.0,29.999999999999957,1.7053025658242407e-14,lane_2,mainline,,normal,none,commit
BASIC-03,basic_01_06_900_bugcheck_20260605,870,86.99999999999933,B03_CFV,cav,not_applicable,9200.72151652817,0.0,29.973391247006827,0.07890041371737844,lane_2,mainline,,normal,none,commit
BASIC-03,basic_01_06_900_bugcheck_20260605,870,86.99999999999933,B03_TLV_CFV,cav,not_applicable,9194.228127427834,3.5,29.956285090833422,-0.792455049900982,lane_1,mainline,,normal,none,commit
BASIC-03,basic_01_06_900_bugcheck_20260605,870,86.99999999999933,B03_TLV_CLV,cav,not_applicable,9236.620000000017,3.5,29.999999999999957,1.7053025658242407e-14,lane_1,mainline,,normal,none,commit
BASIC-03,basic_01_06_900_bugcheck_20260605,871,87.09999999999933,B03_MV,cav,not_applicable,7245.99855488926,-3.5,0.0003539075484467652,4.0,on_ramp,on_ramp_mv,,normal,not_started,commit
BASIC-03,basic_01_06_900_bugcheck_20260605,871,87.09999999999933,B03_CLV,cav,not_applicable,9246.000000000002,0.0,29.999999999999957,1.7053025658242407e-14,lane_2,mainline,,normal,none,commit
BASIC-03,basic_01_06_900_bugcheck_20260605,871,87.09999999999933,B03_CFV,cav,not_applicable,9203.726773928984,0.0,30.05257400812916,0.7918276112233097,lane_2,mainline,,normal,none,commit
BASIC-03,basic_01_06_900_bugcheck_20260605,871,87.09999999999933,B03_TLV_CFV,cav,not_applicable,9197.224544941055,3.5,29.96417513220516,0.07890041371737844,lane_1,mainline,,normal,none,commit
BASIC-03,basic_01_06_900_bugcheck_20260605,871,87.09999999999933,B03_TLV_CLV,cav,not_applicable,9239.620000000017,3.5,29.999999999999957,1.7053025658242407e-14,lane_1,mainline,,normal,none,commit
BASIC-03,basic_01_06_900_bugcheck_20260605,872,87.19999999999932,B03_MV,cav,not_applicable,7245.998589434014,-3.5,0.0003454475400091435,4.0,on_ramp,on_ramp_mv,,normal,not_started,commit
BASIC-03,basic_01_06_900_bugcheck_20260605,872,87.19999999999932,B03_CLV,cav,not_applicable,9249.000000000002,0.0,29.999999999999957,1.7053025658242407e-14,lane_2,mainline,,normal,none,commit
BASIC-03,basic_01_06_900_bugcheck_20260605,872,87.19999999999932,B03_CFV,cav,not_applicable,9206.727600828433,0.0,30.008268994501975,-0.44305013627183754,lane_2,mainline,,normal,none,commit
BASIC-03,basic_01_06_900_bugcheck_20260605,872,87.19999999999932,B03_TLV_CFV,cav,not_applicable,9200.228880730387,3.5,30.043357893327492,0.7918276112233097,lane_1,mainline,,normal,none,commit
BASIC-03,basic_01_06_900_bugcheck_20260605,872,87.19999999999932,B03_TLV_CLV,cav,not_applicable,9242.620000000017,3.5,29.999999999999957,1.7053025658242407e-14,lane_1,mainline,,normal,none,commit
BASIC-03,basic_01_06_900_bugcheck_20260605,873,87.29999999999932,B03_MV,cav,not_applicable,7245.998623152991,-3.5,0.00033718976428763774,4.0,on_ramp,on_ramp_mv,,normal,not_started,commit
BASIC-03,basic_01_06_900_bugcheck_20260605,873,87.29999999999932,B03_CLV,cav,not_applicable,9252.000000000002,0.0,29.999999999999957,1.7053025658242407e-14,lane_2,mainline,,normal,none,commit
BASIC-03,basic_01_06_900_bugcheck_20260605,873,87.29999999999932,B03_CFV,cav,not_applicable,9209.732075499496,0.0,30.044746710625187,0.364777161232133,lane_2,mainline,,normal,none,commit
BASIC-03,basic_01_06_900_bugcheck_20260605,873,87.29999999999932,B03_TLV_CFV,cav,not_applicable,9203.228786018357,3.5,29.999052879700308,-0.44305013627183754,lane_1,mainline,,normal,none,commit
BASIC-03,basic_01_06_900_bugcheck_20260605,873,87.29999999999932,B03_TLV_CLV,cav,not_applicable,9245.620000000017,3.5,29.999999999999957,1.7053025658242407e-14,lane_1,mainline,,normal,none,commit
BASIC-03,basic_01_06_900_bugcheck_20260605,874,87.39999999999931,B03_MV,cav,not_applicable,7245.99865606593,-3.5,0.00032912938715272036,4.0,on_ramp,on_ramp_mv,,normal,not_started,commit
BASIC-03,basic_01_06_900_bugcheck_20260605,874,87.39999999999931,B03_CLV,cav,not_applicable,9255.000000000002,0.0,29.999999999999957,1.7053025658242407e-14,lane_2,mainline,,normal,none,commit
BASIC-03,basic_01_06_900_bugcheck_20260605,874,87.39999999999931,B03_CFV,cav,not_applicable,9212.72862562006,0.0,29.96550120563509,-0.792455049900982,lane_2,mainline,,normal,none,commit
BASIC-03,basic_01_06_900_bugcheck_20260605,874,87.39999999999931,B03_TLV_CFV,cav,not_applicable,9206.232339077938,3.5,30.03553059582352,0.364777161232133,lane_1,mainline,,normal,none,commit
BASIC-03,basic_01_06_900_bugcheck_20260605,874,87.39999999999931,B03_TLV_CLV,cav,not_applicable,9248.620000000017,3.5,29.999999999999957,1.7053025658242407e-14,lane_1,mainline,,normal,none,commit
BASIC-03,basic_01_06_900_bugcheck_20260605,875,87.4999999999993,B03_MV,cav,not_applicable,7245.998688192099,-3.5,0.00032126168992000794,4.0,on_ramp,on_ramp_mv,,normal,not_started,commit
BASIC-03,basic_01_06_900_bugcheck_20260605,875,87.4999999999993,B03_CLV,cav,not_applicable,9258.000000000002,0.0,29.999999999999957,1.7053025658242407e-14,lane_2,mainline,,normal,none,commit
BASIC-03,basic_01_06_900_bugcheck_20260605,875,87.4999999999993,B03_CFV,cav,not_applicable,9215.72596474476,0.0,29.973391247006827,0.07890041371737844,lane_2,mainline,,normal,none,commit
BASIC-03,basic_01_06_900_bugcheck_20260605,875,87.4999999999993,B03_TLV_CFV,cav,not_applicable,9209.227967587021,3.5,29.956285090833422,-0.792455049900982,lane_1,mainline,,normal,none,commit
BASIC-03,basic_01_06_900_bugcheck_20260605,875,87.4999999999993,B03_TLV_CLV,cav,not_applicable,9251.620000000017,3.5,29.999999999999957,1.7053025658242407e-14,lane_1,mainline,,normal,none,commit
BASIC-03,basic_01_06_900_bugcheck_20260605,876,87.5999999999993,B03_MV,cav,not_applicable,7245.998719550305,-3.5,0.0003135820667413313,4.0,on_ramp,on_ramp_mv,,normal,not_started,commit
BASIC-03,basic_01_06_900_bugcheck_20260605,876,87.5999999999993,B03_CLV,cav,not_applicable,9261.000000000002,0.0,29.999999999999957,1.7053025658242407e-14,lane_2,mainline,,normal,none,commit
BASIC-03,basic_01_06_900_bugcheck_20260605,876,87.5999999999993,B03_CFV,cav,not_applicable,9218.731222145574,0.0,30.05257400812916,0.7918276112233097,lane_2,mainline,,normal,none,commit
BASIC-03,basic_01_06_900_bugcheck_20260605,876,87.5999999999993,B03_TLV_CFV,cav,not_applicable,9212.224385100242,3.5,29.96417513220516,0.07890041371737844,lane_1,mainline,,normal,none,commit
BASIC-03,basic_01_06_900_bugcheck_20260605,876,87.5999999999993,B03_TLV_CLV,cav,not_applicable,9254.620000000017,3.5,29.999999999999957,1.7053025658242407e-14,lane_1,mainline,,normal,none,commit
BASIC-03,basic_01_06_900_bugcheck_20260605,877,87.69999999999929,B03_MV,cav,not_applicable,7245.998750158908,-3.5,0.00030608602156098413,4.0,on_ramp,on_ramp_mv,,normal,not_started,commit
BASIC-03,basic_01_06_900_bugcheck_20260605,877,87.69999999999929,B03_CLV,cav,not_applicable,9264.000000000002,0.0,29.999999999999957,1.7053025658242407e-14,lane_2,mainline,,normal,none,commit
BASIC-03,basic_01_06_900_bugcheck_20260605,877,87.69999999999929,B03_CFV,cav,not_applicable,9221.732049045024,0.0,30.008268994501975,-0.44305013627183754,lane_2,mainline,,normal,none,commit
BASIC-03,basic_01_06_900_bugcheck_20260605,877,87.69999999999929,B03_TLV_CFV,cav,not_applicable,9215.228720889574,3.5,30.043357893327492,0.7918276112233097,lane_1,mainline,,normal,none,commit
BASIC-03,basic_01_06_900_bugcheck_20260605,877,87.69999999999929,B03_TLV_CLV,cav,not_applicable,9257.620000000017,3.5,29.999999999999957,1.7053025658242407e-14,lane_1,mainline,,normal,none,commit
BASIC-03,basic_01_06_900_bugcheck_20260605,878,87.79999999999929,B03_MV,cav,not_applicable,7245.998780035824,-3.5,0.00029876916615902566,4.0,on_ramp,on_ramp_mv,,normal,not_started,commit
BASIC-03,basic_01_06_900_bugcheck_20260605,878,87.79999999999929,B03_CLV,cav,not_applicable,9267.000000000002,0.0,29.999999999999957,1.7053025658242407e-14,lane_2,mainline,,normal,none,commit
BASIC-03,basic_01_06_900_bugcheck_20260605,878,87.79999999999929,B03_CFV,cav,not_applicable,9224.736523716087,0.0,30.044746710625187,0.364777161232133,lane_2,mainline,,normal,none,commit
BASIC-03,basic_01_06_900_bugcheck_20260605,878,87.79999999999929,B03_TLV_CFV,cav,not_applicable,9218.228626177544,3.5,29.999052879700308,-0.44305013627183754,lane_1,mainline,,normal,none,commit
BASIC-03,basic_01_06_900_bugcheck_20260605,878,87.79999999999929,B03_TLV_CLV,cav,not_applicable,9260.620000000017,3.5,29.999999999999957,1.7053025658242407e-14,lane_1,mainline,,normal,none,commit
BASIC-03,basic_01_06_900_bugcheck_20260605,879,87.89999999999928,B03_MV,cav,not_applicable,7245.998809198546,-3.5,0.0002916272171075291,4.0,on_ramp,on_ramp_mv,,normal,not_started,commit
BASIC-03,basic_01_06_900_bugcheck_20260605,879,87.89999999999928,B03_CLV,cav,not_applicable,9270.000000000002,0.0,29.999999999999957,1.7053025658242407e-14,lane_2,mainline,,normal,none,commit
BASIC-03,basic_01_06_900_bugcheck_20260605,879,87.89999999999928,B03_CFV,cav,not_applicable,9227.73307383665,0.0,29.96550120563509,-0.792455049900982,lane_2,mainline,,normal,none,commit
BASIC-03,basic_01_06_900_bugcheck_20260605,879,87.89999999999928,B03_TLV_CFV,cav,not_applicable,9221.232179237126,3.5,30.03553059582352,0.364777161232133,lane_1,mainline,,normal,none,commit
BASIC-03,basic_01_06_900_bugcheck_20260605,879,87.89999999999928,B03_TLV_CLV,cav,not_applicable,9263.620000000017,3.5,29.999999999999957,1.7053025658242407e-14,lane_1,mainline,,normal,none,commit
BASIC-03,basic_01_06_900_bugcheck_20260605,880,87.99999999999928,B03_MV,cav,not_applicable,7245.998837664145,-3.5,0.0002846559931616519,4.0,on_ramp,on_ramp_mv,,normal,not_started,commit
BASIC-03,basic_01_06_900_bugcheck_20260605,880,87.99999999999928,B03_CLV,cav,not_applicable,9273.000000000002,0.0,29.999999999999957,1.7053025658242407e-14,lane_2,mainline,,normal,none,commit
BASIC-03,basic_01_06_900_bugcheck_20260605,880,87.99999999999928,B03_CFV,cav,not_applicable,9230.730412961351,0.0,29.973391247006827,0.07890041371737844,lane_2,mainline,,normal,none,commit
BASIC-03,basic_01_06_900_bugcheck_20260605,880,87.99999999999928,B03_TLV_CFV,cav,not_applicable,9224.227807746209,3.5,29.956285090833422,-0.792455049900982,lane_1,mainline,,normal,none,commit
BASIC-03,basic_01_06_900_bugcheck_20260605,880,87.99999999999928,B03_TLV_CLV,cav,not_applicable,9266.620000000017,3.5,29.999999999999957,1.7053025658242407e-14,lane_1,mainline,,normal,none,commit
BASIC-03,basic_01_06_900_bugcheck_20260605,881,88.09999999999927,B03_MV,cav,not_applicable,7245.998865449286,-3.5,0.0002778514135203493,4.0,on_ramp,on_ramp_mv,,normal,not_started,commit
BASIC-03,basic_01_06_900_bugcheck_20260605,881,88.09999999999927,B03_CLV,cav,not_applicable,9276.000000000002,0.0,29.999999999999957,1.7053025658242407e-14,lane_2,mainline,,normal,none,commit
BASIC-03,basic_01_06_900_bugcheck_20260605,881,88.09999999999927,B03_CFV,cav,not_applicable,9233.735670362164,0.0,30.05257400812916,0.7918276112233097,lane_2,mainline,,normal,none,commit
BASIC-03,basic_01_06_900_bugcheck_20260605,881,88.09999999999927,B03_TLV_CFV,cav,not_applicable,9227.22422525943,3.5,29.96417513220516,0.07890041371737844,lane_1,mainline,,normal,none,commit
BASIC-03,basic_01_06_900_bugcheck_20260605,881,88.09999999999927,B03_TLV_CLV,cav,not_applicable,9269.620000000017,3.5,29.999999999999957,1.7053025658242407e-14,lane_1,mainline,,normal,none,commit
BASIC-03,basic_01_06_900_bugcheck_20260605,882,88.19999999999926,B03_MV,cav,not_applicable,7245.9988925702355,-3.5,0.000271209494347801,4.0,on_ramp,on_ramp_mv,,normal,not_started,commit
BASIC-03,basic_01_06_900_bugcheck_20260605,882,88.19999999999926,B03_CLV,cav,not_applicable,9279.000000000002,0.0,29.999999999999957,1.7053025658242407e-14,lane_2,mainline,,normal,none,commit
BASIC-03,basic_01_06_900_bugcheck_20260605,882,88.19999999999926,B03_CFV,cav,not_applicable,9236.736497261614,0.0,30.008268994501975,-0.44305013627183754,lane_2,mainline,,normal,none,commit
BASIC-03,basic_01_06_900_bugcheck_20260605,882,88.19999999999926,B03_TLV_CFV,cav,not_applicable,9230.228561048762,3.5,30.043357893327492,0.7918276112233097,lane_1,mainline,,normal,none,commit
BASIC-03,basic_01_06_900_bugcheck_20260605,882,88.19999999999926,B03_TLV_CLV,cav,not_applicable,9272.620000000017,3.5,29.999999999999957,1.7053025658242407e-14,lane_1,mainline,,normal,none,commit
BASIC-03,basic_01_06_900_bugcheck_20260605,883,88.29999999999926,B03_MV,cav,not_applicable,7245.9989190428705,-3.5,0.0002647263474689464,4.0,on_ramp,on_ramp_mv,,normal,not_started,commit
BASIC-03,basic_01_06_900_bugcheck_20260605,883,88.29999999999926,B03_CLV,cav,not_applicable,9282.000000000002,0.0,29.999999999999957,1.7053025658242407e-14,lane_2,mainline,,normal,none,commit
BASIC-03,basic_01_06_900_bugcheck_20260605,883,88.29999999999926,B03_CFV,cav,not_applicable,9239.740971932677,0.0,30.044746710625187,0.364777161232133,lane_2,mainline,,normal,none,commit
BASIC-03,basic_01_06_900_bugcheck_20260605,883,88.29999999999926,B03_TLV_CFV,cav,not_applicable,9233.228466336732,3.5,29.999052879700308,-0.44305013627183754,lane_1,mainline,,normal,none,commit
BASIC-03,basic_01_06_900_bugcheck_20260605,883,88.29999999999926,B03_TLV_CLV,cav,not_applicable,9275.620000000017,3.5,29.999999999999957,1.7053025658242407e-14,lane_1,mainline,,normal,none,commit
BASIC-03,basic_01_06_900_bugcheck_20260605,884,88.39999999999925,B03_MV,cav,not_applicable,7245.998944882688,-3.5,0.0002583981773257335,4.0,on_ramp,on_ramp_mv,,normal,not_started,commit
BASIC-03,basic_01_06_900_bugcheck_20260605,884,88.39999999999925,B03_CLV,cav,not_applicable,9285.000000000002,0.0,29.999999999999957,1.7053025658242407e-14,lane_2,mainline,,normal,none,commit
BASIC-03,basic_01_06_900_bugcheck_20260605,884,88.39999999999925,B03_CFV,cav,not_applicable,9242.737522053241,0.0,29.96550120563509,-0.792455049900982,lane_2,mainline,,normal,none,commit
BASIC-03,basic_01_06_900_bugcheck_20260605,884,88.39999999999925,B03_TLV_CFV,cav,not_applicable,9236.232019396313,3.5,30.03553059582352,0.364777161232133,lane_1,mainline,,normal,none,commit
BASIC-03,basic_01_06_900_bugcheck_20260605,884,88.39999999999925,B03_TLV_CLV,cav,not_applicable,9278.620000000017,3.5,29.999999999999957,1.7053025658242407e-14,lane_1,mainline,,normal,none,commit
BASIC-03,basic_01_06_900_bugcheck_20260605,885,88.49999999999925,B03_MV,cav,not_applicable,7245.998970104816,-3.5,0.0002522212794552423,4.0,on_ramp,on_ramp_mv,,normal,not_started,commit
BASIC-03,basic_01_06_900_bugcheck_20260605,885,88.49999999999925,B03_CLV,cav,not_applicable,9288.000000000002,0.0,29.999999999999957,1.7053025658242407e-14,lane_2,mainline,,normal,none,commit
BASIC-03,basic_01_06_900_bugcheck_20260605,885,88.49999999999925,B03_CFV,cav,not_applicable,9245.734861177942,0.0,29.973391247006827,0.07890041371737844,lane_2,mainline,,normal,none,commit
BASIC-03,basic_01_06_900_bugcheck_20260605,885,88.49999999999925,B03_TLV_CFV,cav,not_applicable,9239.227647905396,3.5,29.956285090833422,-0.792455049900982,lane_1,mainline,,normal,none,commit
BASIC-03,basic_01_06_900_bugcheck_20260605,885,88.49999999999925,B03_TLV_CLV,cav,not_applicable,9281.620000000017,3.5,29.999999999999957,1.7053025658242407e-14,lane_1,mainline,,normal,none,commit
BASIC-03,basic_01_06_900_bugcheck_20260605,886,88.59999999999924,B03_MV,cav,not_applicable,7245.99899472402,-3.5,0.0002461920376633452,4.0,on_ramp,on_ramp_mv,,normal,not_started,commit
BASIC-03,basic_01_06_900_bugcheck_20260605,886,88.59999999999924,B03_CLV,cav,not_applicable,9291.000000000002,0.0,29.999999999999957,1.7053025658242407e-14,lane_2,mainline,,normal,none,commit
BASIC-03,basic_01_06_900_bugcheck_20260605,886,88.59999999999924,B03_CFV,cav,not_applicable,9248.740118578755,0.0,30.05257400812916,0.7918276112233097,lane_2,mainline,,normal,none,commit
BASIC-03,basic_01_06_900_bugcheck_20260605,886,88.59999999999924,B03_TLV_CFV,cav,not_applicable,9242.224065418617,3.5,29.96417513220516,0.07890041371737844,lane_1,mainline,,normal,none,commit
BASIC-03,basic_01_06_900_bugcheck_20260605,886,88.59999999999924,B03_TLV_CLV,cav,not_applicable,9284.620000000017,3.5,29.999999999999957,1.7053025658242407e-14,lane_1,mainline,,normal,none,commit
BASIC-03,basic_01_06_900_bugcheck_20260605,887,88.69999999999924,B03_MV,cav,not_applicable,7245.999018754713,-3.5,0.0002403069222854197,4.0,on_ramp,on_ramp_mv,,normal,not_started,commit
BASIC-03,basic_01_06_900_bugcheck_20260605,887,88.69999999999924,B03_CLV,cav,not_applicable,9294.000000000002,0.0,29.999999999999957,1.7053025658242407e-14,lane_2,mainline,,normal,none,commit
BASIC-03,basic_01_06_900_bugcheck_20260605,887,88.69999999999924,B03_CFV,cav,not_applicable,9251.740945478205,0.0,30.008268994501975,-0.44305013627183754,lane_2,mainline,,normal,none,commit
BASIC-03,basic_01_06_900_bugcheck_20260605,887,88.69999999999924,B03_TLV_CFV,cav,not_applicable,9245.228401207949,3.5,30.043357893327492,0.7918276112233097,lane_1,mainline,,normal,none,commit
BASIC-03,basic_01_06_900_bugcheck_20260605,887,88.69999999999924,B03_TLV_CLV,cav,not_applicable,9287.620000000017,3.5,29.999999999999957,1.7053025658242407e-14,lane_1,mainline,,normal,none,commit
BASIC-03,basic_01_06_900_bugcheck_20260605,888,88.79999999999923,B03_MV,cav,not_applicable,7245.999042210961,-3.5,0.00023456248801224057,4.0,on_ramp,on_ramp_mv,,normal,not_started,commit
BASIC-03,basic_01_06_900_bugcheck_20260605,888,88.79999999999923,B03_CLV,cav,not_applicable,9297.000000000002,0.0,29.999999999999957,1.7053025658242407e-14,lane_2,mainline,,normal,none,commit
BASIC-03,basic_01_06_900_bugcheck_20260605,888,88.79999999999923,B03_CFV,cav,not_applicable,9254.745420149267,0.0,30.044746710625187,0.364777161232133,lane_2,mainline,,normal,none,commit
BASIC-03,basic_01_06_900_bugcheck_20260605,888,88.79999999999923,B03_TLV_CFV,cav,not_applicable,9248.22830649592,3.5,29.999052879700308,-0.44305013627183754,lane_1,mainline,,normal,none,commit
BASIC-03,basic_01_06_900_bugcheck_20260605,888,88.79999999999923,B03_TLV_CLV,cav,not_applicable,9290.620000000017,3.5,29.999999999999957,1.7053025658242407e-14,lane_1,mainline,,normal,none,commit
BASIC-03,basic_01_06_900_bugcheck_20260605,889,88.89999999999922,B03_MV,cav,not_applicable,7245.999065106498,-3.5,0.00022895537215069322,4.0,on_ramp,on_ramp_mv,,normal,not_started,commit
BASIC-03,basic_01_06_900_bugcheck_20260605,889,88.89999999999922,B03_CLV,cav,not_applicable,9300.000000000002,0.0,29.999999999999957,1.7053025658242407e-14,lane_2,mainline,,normal,none,commit
BASIC-03,basic_01_06_900_bugcheck_20260605,889,88.89999999999922,B03_CFV,cav,not_applicable,9257.741970269832,0.0,29.96550120563509,-0.792455049900982,lane_2,mainline,,normal,none,commit
BASIC-03,basic_01_06_900_bugcheck_20260605,889,88.89999999999922,B03_TLV_CFV,cav,not_applicable,9251.2318595555,3.5,30.03553059582352,0.364777161232133,lane_1,mainline,,normal,none,commit
BASIC-03,basic_01_06_900_bugcheck_20260605,889,88.89999999999922,B03_TLV_CLV,cav,not_applicable,9293.620000000017,3.5,29.999999999999957,1.7053025658242407e-14,lane_1,mainline,,normal,none,commit
BASIC-03,basic_01_06_900_bugcheck_20260605,890,88.99999999999922,B03_MV,cav,not_applicable,7245.9990874547275,-3.5,0.00022348229201484395,4.0,on_ramp,on_ramp_mv,,normal,not_started,commit
BASIC-03,basic_01_06_900_bugcheck_20260605,890,88.99999999999922,B03_CLV,cav,not_applicable,9303.000000000002,0.0,29.999999999999957,1.7053025658242407e-14,lane_2,mainline,,normal,none,commit
BASIC-03,basic_01_06_900_bugcheck_20260605,890,88.99999999999922,B03_CFV,cav,not_applicable,9260.739309394532,0.0,29.973391247006827,0.07890041371737844,lane_2,mainline,,normal,none,commit
BASIC-03,basic_01_06_900_bugcheck_20260605,890,88.99999999999922,B03_TLV_CFV,cav,not_applicable,9254.227488064584,3.5,29.956285090833422,-0.792455049900982,lane_1,mainline,,normal,none,commit
BASIC-03,basic_01_06_900_bugcheck_20260605,890,88.99999999999922,B03_TLV_CLV,cav,not_applicable,9296.620000000017,3.5,29.999999999999957,1.7053025658242407e-14,lane_1,mainline,,normal,none,commit
BASIC-03,basic_01_06_900_bugcheck_20260605,891,89.09999999999921,B03_MV,cav,not_applicable,7245.999109268731,-3.5,0.00021814004340406416,4.0,on_ramp,on_ramp_mv,,normal,not_started,commit
BASIC-03,basic_01_06_900_bugcheck_20260605,891,89.09999999999921,B03_CLV,cav,not_applicable,9306.000000000002,0.0,29.999999999999957,1.7053025658242407e-14,lane_2,mainline,,normal,none,commit
BASIC-03,basic_01_06_900_bugcheck_20260605,891,89.09999999999921,B03_CFV,cav,not_applicable,9263.744566795345,0.0,30.05257400812916,0.7918276112233097,lane_2,mainline,,normal,none,commit
BASIC-03,basic_01_06_900_bugcheck_20260605,891,89.09999999999921,B03_TLV_CFV,cav,not_applicable,9257.223905577805,3.5,29.96417513220516,0.07890041371737844,lane_1,mainline,,normal,none,commit
BASIC-03,basic_01_06_900_bugcheck_20260605,891,89.09999999999921,B03_TLV_CLV,cav,not_applicable,9299.620000000017,3.5,29.999999999999957,1.7053025658242407e-14,lane_1,mainline,,normal,none,commit
BASIC-03,basic_01_06_900_bugcheck_20260605,892,89.1999999999992,B03_MV,cav,not_applicable,7245.999130561281,-3.5,0.00021292549908115464,4.0,on_ramp,on_ramp_mv,,normal,not_started,commit
BASIC-03,basic_01_06_900_bugcheck_20260605,892,89.1999999999992,B03_CLV,cav,not_applicable,9309.000000000002,0.0,29.999999999999957,1.7053025658242407e-14,lane_2,mainline,,normal,none,commit
BASIC-03,basic_01_06_900_bugcheck_20260605,892,89.1999999999992,B03_CFV,cav,not_applicable,9266.745393694795,0.0,30.008268994501975,-0.44305013627183754,lane_2,mainline,,normal,none,commit
BASIC-03,basic_01_06_900_bugcheck_20260605,892,89.1999999999992,B03_TLV_CFV,cav,not_applicable,9260.228241367136,3.5,30.043357893327492,0.7918276112233097,lane_1,mainline,,normal,none,commit
BASIC-03,basic_01_06_900_bugcheck_20260605,892,89.1999999999992,B03_TLV_CLV,cav,not_applicable,9302.620000000017,3.5,29.999999999999957,1.7053025658242407e-14,lane_1,mainline,,normal,none,commit
BASIC-03,basic_01_06_900_bugcheck_20260605,893,89.2999999999992,B03_MV,cav,not_applicable,7245.999151344842,-3.5,0.00020783560616341579,4.0,on_ramp,on_ramp_mv,,normal,not_started,commit
BASIC-03,basic_01_06_900_bugcheck_20260605,893,89.2999999999992,B03_CLV,cav,not_applicable,9312.000000000002,0.0,29.999999999999957,1.7053025658242407e-14,lane_2,mainline,,normal,none,commit
BASIC-03,basic_01_06_900_bugcheck_20260605,893,89.2999999999992,B03_CFV,cav,not_applicable,9269.749868365858,0.0,30.044746710625187,0.364777161232133,lane_2,mainline,,normal,none,commit
BASIC-03,basic_01_06_900_bugcheck_20260605,893,89.2999999999992,B03_TLV_CFV,cav,not_applicable,9263.228146655107,3.5,29.999052879700308,-0.44305013627183754,lane_1,mainline,,normal,none,commit
BASIC-03,basic_01_06_900_bugcheck_20260605,893,89.2999999999992,B03_TLV_CLV,cav,not_applicable,9305.620000000017,3.5,29.999999999999957,1.7053025658242407e-14,lane_1,mainline,,normal,none,commit
BASIC-03,basic_01_06_900_bugcheck_20260605,894,89.3999999999992,B03_MV,cav,not_applicable,7245.999171631581,-3.5,0.00020286738481818268,4.0,on_ramp,on_ramp_mv,,normal,not_started,commit
BASIC-03,basic_01_06_900_bugcheck_20260605,894,89.3999999999992,B03_CLV,cav,not_applicable,9315.000000000002,0.0,29.999999999999957,1.7053025658242407e-14,lane_2,mainline,,normal,none,commit
BASIC-03,basic_01_06_900_bugcheck_20260605,894,89.3999999999992,B03_CFV,cav,not_applicable,9272.746418486422,0.0,29.96550120563509,-0.792455049900982,lane_2,mainline,,normal,none,commit
BASIC-03,basic_01_06_900_bugcheck_20260605,894,89.3999999999992,B03_TLV_CFV,cav,not_applicable,9266.231699714688,3.5,30.03553059582352,0.364777161232133,lane_1,mainline,,normal,none,commit
BASIC-03,basic_01_06_900_bugcheck_20260605,894,89.3999999999992,B03_TLV_CLV,cav,not_applicable,9308.620000000017,3.5,29.999999999999957,1.7053025658242407e-14,lane_1,mainline,,normal,none,commit
BASIC-03,basic_01_06_900_bugcheck_20260605,895,89.49999999999919,B03_MV,cav,not_applicable,7245.999191433373,-3.5,0.00019801792674094937,4.0,on_ramp,on_ramp_mv,,normal,not_started,commit
BASIC-03,basic_01_06_900_bugcheck_20260605,895,89.49999999999919,B03_CLV,cav,not_applicable,9318.000000000002,0.0,29.999999999999957,1.7053025658242407e-14,lane_2,mainline,,normal,none,commit
BASIC-03,basic_01_06_900_bugcheck_20260605,895,89.49999999999919,B03_CFV,cav,not_applicable,9275.743757611122,0.0,29.973391247006827,0.07890041371737844,lane_2,mainline,,normal,none,commit
BASIC-03,basic_01_06_900_bugcheck_20260605,895,89.49999999999919,B03_TLV_CFV,cav,not_applicable,9269.227328223771,3.5,29.956285090833422,-0.792455049900982,lane_1,mainline,,normal,none,commit
BASIC-03,basic_01_06_900_bugcheck_20260605,895,89.49999999999919,B03_TLV_CLV,cav,not_applicable,9311.620000000017,3.5,29.999999999999957,1.7053025658242407e-14,lane_1,mainline,,normal,none,commit
BASIC-03,basic_01_06_900_bugcheck_20260605,896,89.59999999999918,B03_MV,cav,not_applicable,7245.999210761813,-3.5,0.00019328439298126068,4.0,on_ramp,on_ramp_mv,,normal,not_started,commit
BASIC-03,basic_01_06_900_bugcheck_20260605,896,89.59999999999918,B03_CLV,cav,not_applicable,9321.000000000002,0.0,29.999999999999957,1.7053025658242407e-14,lane_2,mainline,,normal,none,commit
BASIC-03,basic_01_06_900_bugcheck_20260605,896,89.59999999999918,B03_CFV,cav,not_applicable,9278.749015011936,0.0,30.05257400812916,0.7918276112233097,lane_2,mainline,,normal,none,commit
BASIC-03,basic_01_06_900_bugcheck_20260605,896,89.59999999999918,B03_TLV_CFV,cav,not_applicable,9272.223745736992,3.5,29.96417513220516,0.07890041371737844,lane_1,mainline,,normal,none,commit
BASIC-03,basic_01_06_900_bugcheck_20260605,896,89.59999999999918,B03_TLV_CLV,cav,not_applicable,9314.620000000017,3.5,29.999999999999957,1.7053025658242407e-14,lane_1,mainline,,normal,none,commit
BASIC-03,basic_01_06_900_bugcheck_20260605,897,89.69999999999918,B03_MV,cav,not_applicable,7245.999229628214,-3.5,0.0001886640122034257,4.0,on_ramp,on_ramp_mv,,normal,not_started,commit
BASIC-03,basic_01_06_900_bugcheck_20260605,897,89.69999999999918,B03_CLV,cav,not_applicable,9324.000000000002,0.0,29.999999999999957,1.7053025658242407e-14,lane_2,mainline,,normal,none,commit
BASIC-03,basic_01_06_900_bugcheck_20260605,897,89.69999999999918,B03_CFV,cav,not_applicable,9281.749841911385,0.0,30.008268994501975,-0.44305013627183754,lane_2,mainline,,normal,none,commit
BASIC-03,basic_01_06_900_bugcheck_20260605,897,89.69999999999918,B03_TLV_CFV,cav,not_applicable,9275.228081526324,3.5,30.043357893327492,0.7918276112233097,lane_1,mainline,,normal,none,commit
BASIC-03,basic_01_06_900_bugcheck_20260605,897,89.69999999999918,B03_TLV_CLV,cav,not_applicable,9317.620000000017,3.5,29.999999999999957,1.7053025658242407e-14,lane_1,mainline,,normal,none,commit
BASIC-03,basic_01_06_900_bugcheck_20260605,898,89.79999999999917,B03_MV,cav,not_applicable,7245.999248043622,-3.5,0.00018415407959946364,4.0,on_ramp,on_ramp_mv,,normal,not_started,commit
BASIC-03,basic_01_06_900_bugcheck_20260605,898,89.79999999999917,B03_CLV,cav,not_applicable,9327.000000000002,0.0,29.999999999999957,1.7053025658242407e-14,lane_2,mainline,,normal,none,commit
BASIC-03,basic_01_06_900_bugcheck_20260605,898,89.79999999999917,B03_CFV,cav,not_applicable,9284.754316582448,0.0,30.044746710625187,0.364777161232133,lane_2,mainline,,normal,none,commit
BASIC-03,basic_01_06_900_bugcheck_20260605,898,89.79999999999917,B03_TLV_CFV,cav,not_applicable,9278.227986814294,3.5,29.999052879700308,-0.44305013627183754,lane_1,mainline,,normal,none,commit
BASIC-03,basic_01_06_900_bugcheck_20260605,898,89.79999999999917,B03_TLV_CLV,cav,not_applicable,9320.620000000017,3.5,29.999999999999957,1.7053025658242407e-14,lane_1,mainline,,normal,none,commit
BASIC-03,basic_01_06_900_bugcheck_20260605,899,89.89999999999917,B03_MV,cav,not_applicable,7245.999266018817,-3.5,0.0001797519551498174,4.0,on_ramp,on_ramp_mv,,normal,not_started,commit
BASIC-03,basic_01_06_900_bugcheck_20260605,899,89.89999999999917,B03_CLV,cav,not_applicable,9330.000000000002,0.0,29.999999999999957,1.7053025658242407e-14,lane_2,mainline,,normal,none,commit
BASIC-03,basic_01_06_900_bugcheck_20260605,899,89.89999999999917,B03_CFV,cav,not_applicable,9287.750866703012,0.0,29.96550120563509,-0.792455049900982,lane_2,mainline,,normal,none,commit
BASIC-03,basic_01_06_900_bugcheck_20260605,899,89.89999999999917,B03_TLV_CFV,cav,not_applicable,9281.231539873876,3.5,30.03553059582352,0.364777161232133,lane_1,mainline,,normal,none,commit
BASIC-03,basic_01_06_900_bugcheck_20260605,899,89.89999999999917,B03_TLV_CLV,cav,not_applicable,9323.620000000017,3.5,29.999999999999957,1.7053025658242407e-14,lane_1,mainline,,normal,none,commit
