scenario_id,run_id,step,t,vehicle_id,vehicle_type,compliance_state,x_global,y,v,a,physical_lane,road_role,primary_leader_id,lane_change_state,merge_state,active_event_tags
MVS-SAFE-1B_executing_cap_lateral_consumption,MVS-SAFE-1B-cap,0,0.0,MV_SAFE_EXEC,cav,not_applicable,7235.262950294054,-2.76689371574826,2.6295029405356662,0.0,on_ramp,on_ramp_mv,,normal,executing,commit
MVS-SAFE-1B_executing_cap_lateral_consumption,MVS-SAFE-1B-cap,0,0.0,CLV_SAFE_EXEC,cav,not_applicable,7271.64,0.0,16.4,4.0,lane_2,mainline,,normal,none,commit
MVS-SAFE-1B_executing_cap_lateral_consumption,MVS-SAFE-1B-cap,0,0.0,CFV_SAFE_EXEC,cav,not_applicable,7191.64,0.0,16.4,4.0,lane_2,mainline,,normal,none,commit
MVS-SAFE-1B_executing_cap_lateral_consumption,MVS-SAFE-1B-cap,1,0.1,MV_SAFE_EXEC,cav,not_applicable,7235.519614873821,-2.7553767205059376,2.5666457976785266,4.0,on_ramp,on_ramp_mv,,normal,executing,commit
MVS-SAFE-1B_executing_cap_lateral_consumption,MVS-SAFE-1B-cap,1,0.1,CLV_SAFE_EXEC,cav,not_applicable,7273.320000000001,0.0,16.799999999999997,4.0,lane_2,mainline,,normal,none,commit
MVS-SAFE-1B_executing_cap_lateral_consumption,MVS-SAFE-1B-cap,1,0.1,CFV_SAFE_EXEC,cav,not_applicable,7193.320000000001,0.0,16.799999999999997,4.0,lane_2,mainline,,normal,none,commit
MVS-SAFE-1B_executing_cap_lateral_consumption,MVS-SAFE-1B-cap,2,0.2,MV_SAFE_EXEC,cav,not_applicable,7235.770143996614,-2.7440719865744447,2.50529122793026,4.0,on_ramp,on_ramp_mv,,normal,executing,commit
MVS-SAFE-1B_executing_cap_lateral_consumption,MVS-SAFE-1B-cap,2,0.2,CLV_SAFE_EXEC,cav,not_applicable,7275.040000000001,0.0,17.199999999999996,4.0,lane_2,mainline,,normal,none,commit
MVS-SAFE-1B_executing_cap_lateral_consumption,MVS-SAFE-1B-cap,2,0.2,CFV_SAFE_EXEC,cav,not_applicable,7195.040000000001,0.0,17.199999999999996,4.0,lane_2,mainline,,normal,none,commit
MVS-SAFE-1B_executing_cap_lateral_consumption,MVS-SAFE-1B-cap,3,0.30000000000000004,MV_SAFE_EXEC,cav,not_applicable,7236.014684327906,-2.7329780936206536,2.4454033129236237,4.0,on_ramp,on_ramp_mv,,normal,executing,commit
MVS-SAFE-1B_executing_cap_lateral_consumption,MVS-SAFE-1B-cap,3,0.30000000000000004,CLV_SAFE_EXEC,cav,not_applicable,7276.800000000001,0.0,17.599999999999994,4.0,lane_2,mainline,,normal,none,commit
MVS-SAFE-1B_executing_cap_lateral_consumption,MVS-SAFE-1B-cap,3,0.30000000000000004,CFV_SAFE_EXEC,cav,not_applicable,7196.800000000001,0.0,17.599999999999994,4.0,lane_2,mainline,,normal,none,commit
MVS-SAFE-1B_executing_cap_lateral_consumption,MVS-SAFE-1B-cap,4,0.4,MV_SAFE_EXEC,cav,not_applicable,7236.253379027196,-2.7220934387641296,2.3869469929043077,4.0,on_ramp,on_ramp_mv,,normal,executing,commit
MVS-SAFE-1B_executing_cap_lateral_consumption,MVS-SAFE-1B-cap,4,0.4,CLV_SAFE_EXEC,cav,not_applicable,7278.600000000001,0.0,17.999999999999993,4.0,lane_2,mainline,,normal,none,commit
MVS-SAFE-1B_executing_cap_lateral_consumption,MVS-SAFE-1B-cap,4,0.4,CFV_SAFE_EXEC,cav,not_applicable,7198.600000000001,0.0,17.999999999999993,4.0,lane_2,mainline,,normal,none,commit
MVS-SAFE-1B_executing_cap_lateral_consumption,MVS-SAFE-1B-cap,5,0.5,MV_SAFE_EXEC,cav,not_applicable,7236.486367831817,-2.7114162538956093,2.3298880462066993,4.0,on_ramp,on_ramp_mv,,normal,executing,commit
MVS-SAFE-1B_executing_cap_lateral_consumption,MVS-SAFE-1B-cap,5,0.5,CLV_SAFE_EXEC,cav,not_applicable,7280.440000000001,0.0,18.39999999999999,4.0,lane_2,mainline,,normal,none,commit
MVS-SAFE-1B_executing_cap_lateral_consumption,MVS-SAFE-1B-cap,5,0.5,CFV_SAFE_EXEC,cav,not_applicable,7200.440000000001,0.0,18.39999999999999,4.0,lane_2,mainline,,normal,none,commit
MVS-SAFE-1B_executing_cap_lateral_consumption,MVS-SAFE-1B-cap,6,0.6,MV_SAFE_EXEC,cav,not_applicable,7236.713787138739,-2.7009446218142448,2.2741930692192627,4.0,on_ramp,on_ramp_mv,,normal,executing,commit
MVS-SAFE-1B_executing_cap_lateral_consumption,MVS-SAFE-1B-cap,6,0.6,CLV_SAFE_EXEC,cav,not_applicable,7282.3200000000015,0.0,18.79999999999999,4.0,lane_2,mainline,,normal,none,commit
MVS-SAFE-1B_executing_cap_lateral_consumption,MVS-SAFE-1B-cap,6,0.6,CFV_SAFE_EXEC,cav,not_applicable,7202.3200000000015,0.0,18.79999999999999,4.0,lane_2,mainline,,normal,none,commit
MVS-SAFE-1B_executing_cap_lateral_consumption,MVS-SAFE-1B-cap,7,0.7,MV_SAFE_EXEC,cav,not_applicable,7236.935770084421,-2.6906764912552754,2.219829456829736,4.0,on_ramp,on_ramp_mv,,normal,executing,commit
MVS-SAFE-1B_executing_cap_lateral_consumption,MVS-SAFE-1B-cap,7,0.7,CLV_SAFE_EXEC,cav,not_applicable,7284.240000000002,0.0,19.19999999999999,4.0,lane_2,mainline,,normal,none,commit
MVS-SAFE-1B_executing_cap_lateral_consumption,MVS-SAFE-1B-cap,7,0.7,CFV_SAFE_EXEC,cav,not_applicable,7204.240000000002,0.0,19.19999999999999,4.0,lane_2,mainline,,normal,none,commit
MVS-SAFE-1B_executing_cap_lateral_consumption,MVS-SAFE-1B-cap,8,0.7999999999999999,MV_SAFE_EXEC,cav,not_applicable,7237.152446622755,-2.680609690875894,2.1667653833369003,4.0,on_ramp,on_ramp_mv,,normal,executing,commit
MVS-SAFE-1B_executing_cap_lateral_consumption,MVS-SAFE-1B-cap,8,0.7999999999999999,CLV_SAFE_EXEC,cav,not_applicable,7286.200000000002,0.0,19.599999999999987,4.0,lane_2,mainline,,normal,none,commit
MVS-SAFE-1B_executing_cap_lateral_consumption,MVS-SAFE-1B-cap,8,0.7999999999999999,CFV_SAFE_EXEC,cav,not_applicable,7206.200000000002,0.0,19.599999999999987,4.0,lane_2,mainline,,normal,none,commit
MVS-SAFE-1B_executing_cap_lateral_consumption,MVS-SAFE-1B-cap,9,0.8999999999999999,MV_SAFE_EXEC,cav,not_applicable,7237.363943601136,-2.670741942263362,2.114969783819338,4.0,on_ramp,on_ramp_mv,,normal,executing,commit
MVS-SAFE-1B_executing_cap_lateral_consumption,MVS-SAFE-1B-cap,9,0.8999999999999999,CLV_SAFE_EXEC,cav,not_applicable,7288.200000000002,0.0,19.999999999999986,4.0,lane_2,mainline,,normal,none,commit
MVS-SAFE-1B_executing_cap_lateral_consumption,MVS-SAFE-1B-cap,9,0.8999999999999999,CFV_SAFE_EXEC,cav,not_applicable,7208.200000000002,0.0,19.999999999999986,4.0,lane_2,mainline,,normal,none,commit
MVS-SAFE-1B_executing_cap_lateral_consumption,MVS-SAFE-1B-cap,10,0.9999999999999999,MV_SAFE_EXEC,cav,not_applicable,7237.570384834731,-2.6610708720258733,2.0644123359494575,4.0,on_ramp,on_ramp_mv,,normal,executing,commit
MVS-SAFE-1B_executing_cap_lateral_consumption,MVS-SAFE-1B-cap,10,0.9999999999999999,CLV_SAFE_EXEC,cav,not_applicable,7290.240000000002,0.0,20.399999999999984,4.0,lane_2,mainline,,normal,none,commit
MVS-SAFE-1B_executing_cap_lateral_consumption,MVS-SAFE-1B-cap,10,0.9999999999999999,CFV_SAFE_EXEC,cav,not_applicable,7210.240000000002,0.0,20.399999999999984,4.0,lane_2,mainline,,normal,none,commit
MVS-SAFE-1B_executing_cap_lateral_consumption,MVS-SAFE-1B-cap,11,1.0999999999999999,MV_SAFE_EXEC,cav,not_applicable,7237.771891178955,-2.6515940230232684,2.015063442241679,4.0,on_ramp,on_ramp_mv,,normal,executing,commit
MVS-SAFE-1B_executing_cap_lateral_consumption,MVS-SAFE-1B-cap,11,1.0999999999999999,CLV_SAFE_EXEC,cav,not_applicable,7292.318400000002,0.0,20.783999999999985,3.8400000000000065,lane_2,mainline,,normal,none,commit
MVS-SAFE-1B_executing_cap_lateral_consumption,MVS-SAFE-1B-cap,11,1.0999999999999999,CFV_SAFE_EXEC,cav,not_applicable,7212.318400000002,0.0,20.783999999999985,3.8400000000000065,lane_2,mainline,,normal,none,commit
MVS-SAFE-1B_executing_cap_lateral_consumption,MVS-SAFE-1B-cap,12,1.2,MV_SAFE_EXEC,cav,not_applicable,7237.968580600228,-2.642308864791466,1.96689421272588,4.0,on_ramp,on_ramp_mv,,normal,executing,commit
MVS-SAFE-1B_executing_cap_lateral_consumption,MVS-SAFE-1B-cap,12,1.2,CLV_SAFE_EXEC,cav,not_applicable,7294.433664000002,0.0,21.152639999999984,3.686400000000006,lane_2,mainline,,normal,none,commit
MVS-SAFE-1B_executing_cap_lateral_consumption,MVS-SAFE-1B-cap,12,1.2,CFV_SAFE_EXEC,cav,not_applicable,7214.433664000002,0.0,21.152639999999984,3.686400000000006,lane_2,mainline,,normal,none,commit
MVS-SAFE-1B_executing_cap_lateral_consumption,MVS-SAFE-1B-cap,13,1.3,MV_SAFE_EXEC,cav,not_applicable,7238.160568245032,-2.6332128032113906,1.9198764480341395,4.0,on_ramp,on_ramp_mv,,normal,executing,commit
MVS-SAFE-1B_executing_cap_lateral_consumption,MVS-SAFE-1B-cap,13,1.3,CLV_SAFE_EXEC,cav,not_applicable,7296.5843174400015,0.0,21.506534399999985,3.5389440000000065,lane_2,mainline,,normal,none,commit
MVS-SAFE-1B_executing_cap_lateral_consumption,MVS-SAFE-1B-cap,13,1.3,CFV_SAFE_EXEC,cav,not_applicable,7216.5843174400015,0.0,21.506534399999985,3.5389440000000065,lane_2,mainline,,normal,none,commit
MVS-SAFE-1B_executing_cap_lateral_consumption,MVS-SAFE-1B-cap,14,1.4000000000000001,MV_SAFE_EXEC,cav,not_applicable,7238.347966507321,-2.624303189470263,1.8739826228925165,4.0,on_ramp,on_ramp_mv,,normal,executing,commit
MVS-SAFE-1B_executing_cap_lateral_consumption,MVS-SAFE-1B-cap,14,1.4000000000000001,CLV_SAFE_EXEC,cav,not_applicable,7298.768944742402,0.0,21.846273023999984,3.397386240000006,lane_2,mainline,,normal,none,commit
MVS-SAFE-1B_executing_cap_lateral_consumption,MVS-SAFE-1B-cap,14,1.4000000000000001,CFV_SAFE_EXEC,cav,not_applicable,7218.768944742402,0.0,21.846273023999984,3.397386240000006,lane_2,mainline,,normal,none,commit
MVS-SAFE-1B_executing_cap_lateral_consumption,MVS-SAFE-1B-cap,15,1.5000000000000002,MV_SAFE_EXEC,cav,not_applicable,7238.530885094322,-2.6155773283603034,1.8291858700069943,4.0,on_ramp,on_ramp_mv,,normal,executing,commit
MVS-SAFE-1B_executing_cap_lateral_consumption,MVS-SAFE-1B-cap,15,1.5000000000000002,CLV_SAFE_EXEC,cav,not_applicable,7300.986186952706,0.0,22.172422103039985,3.2614907904000066,lane_2,mainline,,normal,none,commit
MVS-SAFE-1B_executing_cap_lateral_consumption,MVS-SAFE-1B-cap,15,1.5000000000000002,CFV_SAFE_EXEC,cav,not_applicable,7220.986186952706,0.0,22.172422103039985,3.2614907904000066,lane_2,mainline,,normal,none,commit
MVS-SAFE-1B_executing_cap_lateral_consumption,MVS-SAFE-1B-cap,16,1.6000000000000003,MV_SAFE_EXEC,cav,not_applicable,7238.709431090755,-2.6070324859572924,1.785459964334461,4.0,on_ramp,on_ramp_mv,,normal,executing,commit
MVS-SAFE-1B_executing_cap_lateral_consumption,MVS-SAFE-1B-cap,16,1.6000000000000003,CLV_SAFE_EXEC,cav,not_applicable,7303.2347394745975,0.0,22.485525218918387,3.1310311587840065,lane_2,mainline,,normal,none,commit
MVS-SAFE-1B_executing_cap_lateral_consumption,MVS-SAFE-1B-cap,16,1.6000000000000003,CFV_SAFE_EXEC,cav,not_applicable,7223.2347394745975,0.0,22.485525218918387,3.1310311587840065,lane_2,mainline,,normal,none,commit
MVS-SAFE-1B_executing_cap_lateral_consumption,MVS-SAFE-1B-cap,17,1.7000000000000004,MV_SAFE_EXEC,cav,not_applicable,7238.883709021528,-2.5986658967188934,1.7427793077306795,4.0,on_ramp,on_ramp_mv,,normal,executing,commit
MVS-SAFE-1B_executing_cap_lateral_consumption,MVS-SAFE-1B-cap,17,1.7000000000000004,CLV_SAFE_EXEC,cav,not_applicable,7305.513349895614,0.0,22.78610421016165,3.0057899124326455,lane_2,mainline,,normal,none,commit
MVS-SAFE-1B_executing_cap_lateral_consumption,MVS-SAFE-1B-cap,17,1.7000000000000004,CFV_SAFE_EXEC,cav,not_applicable,7225.513349895614,0.0,22.78610421016165,3.0057899124326455,lane_2,mainline,,normal,none,commit
MVS-SAFE-1B_executing_cap_lateral_consumption,MVS-SAFE-1B-cap,18,1.8000000000000005,MV_SAFE_EXEC,cav,not_applicable,7239.0538209129245,-2.590474770040297,1.7011189139635066,4.0,on_ramp,on_ramp_mv,,normal,executing,commit
MVS-SAFE-1B_executing_cap_lateral_consumption,MVS-SAFE-1B-cap,18,1.8000000000000005,CLV_SAFE_EXEC,cav,not_applicable,7307.8208158997895,0.0,23.074660041755184,2.88555831593534,lane_2,mainline,,normal,none,commit
MVS-SAFE-1B_executing_cap_lateral_consumption,MVS-SAFE-1B-cap,18,1.8000000000000005,CFV_SAFE_EXEC,cav,not_applicable,7227.8208158997895,0.0,23.074660041755184,2.88555831593534,lane_2,mainline,,normal,none,commit
MVS-SAFE-1B_executing_cap_lateral_consumption,MVS-SAFE-1B-cap,19,1.9000000000000006,MV_SAFE_EXEC,cav,not_applicable,7239.219866352333,-2.582456296302471,1.6604543940865812,4.0,on_ramp,on_ramp_mv,,normal,executing,commit
MVS-SAFE-1B_executing_cap_lateral_consumption,MVS-SAFE-1B-cap,19,1.9000000000000006,CLV_SAFE_EXEC,cav,not_applicable,7310.155983263798,0.0,23.351673640084975,2.7701359832979264,lane_2,mainline,,normal,none,commit
MVS-SAFE-1B_executing_cap_lateral_consumption,MVS-SAFE-1B-cap,19,1.9000000000000006,CFV_SAFE_EXEC,cav,not_applicable,7230.155983263798,0.0,23.351673640084975,2.7701359832979264,lane_2,mainline,,normal,none,commit
MVS-SAFE-1B_executing_cap_lateral_consumption,MVS-SAFE-1B-cap,20,2.0000000000000004,MV_SAFE_EXEC,cav,not_applicable,7239.381942546549,-2.5746076524462147,1.6207619421604345,4.0,on_ramp,on_ramp_mv,,normal,executing,commit
MVS-SAFE-1B_executing_cap_lateral_consumption,MVS-SAFE-1B-cap,20,2.0000000000000004,CLV_SAFE_EXEC,cav,not_applicable,7312.517743933246,0.0,23.617606694481577,2.65933054396601,lane_2,mainline,,normal,none,commit
MVS-SAFE-1B_executing_cap_lateral_consumption,MVS-SAFE-1B-cap,20,2.0000000000000004,CFV_SAFE_EXEC,cav,not_applicable,7232.517743933246,0.0,23.617606694481577,2.65933054396601,lane_2,mainline,,normal,none,commit
MVS-SAFE-1B_executing_cap_lateral_consumption,MVS-SAFE-1B-cap,21,2.1000000000000005,MV_SAFE_EXEC,cav,not_applicable,7239.54014437868,-2.566926007103148,1.582018321316672,4.0,on_ramp,on_ramp_mv,,normal,executing,commit
MVS-SAFE-1B_executing_cap_lateral_consumption,MVS-SAFE-1B-cap,21,2.1000000000000005,CLV_SAFE_EXEC,cav,not_applicable,7314.905034175916,0.0,23.872902426702314,2.5529573222073694,lane_2,mainline,,normal,none,commit
MVS-SAFE-1B_executing_cap_lateral_consumption,MVS-SAFE-1B-cap,21,2.1000000000000005,CFV_SAFE_EXEC,cav,not_applicable,7234.905034175916,0.0,23.872902426702314,2.5529573222073694,lane_2,mainline,,normal,none,commit
MVS-SAFE-1B_executing_cap_lateral_consumption,MVS-SAFE-1B-cap,22,2.2000000000000006,MV_SAFE_EXEC,cav,not_applicable,7239.694564463696,-2.5594085253129433,1.544200850154146,4.0,on_ramp,on_ramp_mv,,normal,executing,commit
MVS-SAFE-1B_executing_cap_lateral_consumption,MVS-SAFE-1B-cap,22,2.2000000000000006,CLV_SAFE_EXEC,cav,not_applicable,7317.31683280888,0.0,24.11798632963422,2.4508390293190745,lane_2,mainline,,normal,none,commit
MVS-SAFE-1B_executing_cap_lateral_consumption,MVS-SAFE-1B-cap,22,2.2000000000000006,CFV_SAFE_EXEC,cav,not_applicable,7237.31683280888,0.0,24.11798632963422,2.4508390293190745,lane_2,mainline,,normal,none,commit
MVS-SAFE-1B_executing_cap_lateral_consumption,MVS-SAFE-1B-cap,23,2.3000000000000007,MV_SAFE_EXEC,cav,not_applicable,7239.845293202642,-2.5520523728542455,1.5072873894608059,4.0,on_ramp,on_ramp_mv,,normal,executing,commit
MVS-SAFE-1B_executing_cap_lateral_consumption,MVS-SAFE-1B-cap,23,2.3000000000000007,CLV_SAFE_EXEC,cav,not_applicable,7319.752159496525,0.0,24.353266876448853,2.352805468146312,lane_2,mainline,,normal,none,commit
MVS-SAFE-1B_executing_cap_lateral_consumption,MVS-SAFE-1B-cap,23,2.3000000000000007,CFV_SAFE_EXEC,cav,not_applicable,7239.752159496525,0.0,24.353266876448853,2.352805468146312,lane_2,mainline,,normal,none,commit
MVS-SAFE-1B_executing_cap_lateral_consumption,MVS-SAFE-1B-cap,24,2.400000000000001,MV_SAFE_EXEC,cav,not_applicable,7239.992418835567,-2.5448547202150844,1.4712563292534053,4.0,on_ramp,on_ramp_mv,,normal,executing,commit
MVS-SAFE-1B_executing_cap_lateral_consumption,MVS-SAFE-1B-cap,24,2.400000000000001,CLV_SAFE_EXEC,cav,not_applicable,7322.210073116664,0.0,24.5791362013909,2.258693249420459,lane_2,mainline,,normal,none,commit
MVS-SAFE-1B_executing_cap_lateral_consumption,MVS-SAFE-1B-cap,24,2.400000000000001,CFV_SAFE_EXEC,cav,not_applicable,7242.210073116664,0.0,24.5791362013909,2.258693249420459,lane_2,mainline,,normal,none,commit
MVS-SAFE-1B_executing_cap_lateral_consumption,MVS-SAFE-1B-cap,25,2.500000000000001,MV_SAFE_EXEC,cav,not_applicable,7240.136027493179,-2.537812746226969,1.4360865761257147,4.0,on_ramp,on_ramp_mv,,normal,executing,commit
MVS-SAFE-1B_executing_cap_lateral_consumption,MVS-SAFE-1B-cap,25,2.500000000000001,CLV_SAFE_EXEC,cav,not_applicable,7324.689670191998,0.0,24.79597075333526,2.1683455194436405,lane_2,mainline,,normal,none,commit
MVS-SAFE-1B_executing_cap_lateral_consumption,MVS-SAFE-1B-cap,25,2.500000000000001,CFV_SAFE_EXEC,cav,not_applicable,7244.689670191998,0.0,24.79597075333526,2.1683455194436405,lane_2,mainline,,normal,none,commit
MVS-SAFE-1B_executing_cap_lateral_consumption,MVS-SAFE-1B-cap,26,2.600000000000001,MV_SAFE_EXEC,cav,not_applicable,7240.276203247269,-2.5309236413853564,1.4017575409004546,4.0,on_ramp,on_ramp_mv,,normal,executing,commit
MVS-SAFE-1B_executing_cap_lateral_consumption,MVS-SAFE-1B-cap,26,2.600000000000001,CLV_SAFE_EXEC,cav,not_applicable,7327.190083384318,0.0,25.00413192320185,2.0816116986658955,lane_2,mainline,,normal,none,commit
MVS-SAFE-1B_executing_cap_lateral_consumption,MVS-SAFE-1B-cap,26,2.600000000000001,CFV_SAFE_EXEC,cav,not_applicable,7247.190083384318,0.0,25.00413192320185,2.0816116986658955,lane_2,mainline,,normal,none,commit
MVS-SAFE-1B_executing_cap_lateral_consumption,MVS-SAFE-1B-cap,27,2.700000000000001,MV_SAFE_EXEC,cav,not_applicable,7240.413028159926,-2.524184610877777,1.3682491265758252,4.0,on_ramp,on_ramp_mv,,normal,executing,commit
MVS-SAFE-1B_executing_cap_lateral_consumption,MVS-SAFE-1B-cap,27,2.700000000000001,CLV_SAFE_EXEC,cav,not_applicable,7329.710480048946,0.0,25.203966646273777,1.99834723071926,lane_2,mainline,,normal,none,commit
MVS-SAFE-1B_executing_cap_lateral_consumption,MVS-SAFE-1B-cap,27,2.700000000000001,CFV_SAFE_EXEC,cav,not_applicable,7249.710480048946,0.0,25.203966646273777,1.99834723071926,lane_2,mainline,,normal,none,commit
MVS-SAFE-1B_executing_cap_lateral_consumption,MVS-SAFE-1B-cap,28,2.800000000000001,MV_SAFE_EXEC,cav,not_applicable,7240.546582331583,-2.5175928773395566,1.335541716560318,4.0,on_ramp,on_ramp_mv,,normal,executing,commit
MVS-SAFE-1B_executing_cap_lateral_consumption,MVS-SAFE-1B-cap,28,2.800000000000001,CLV_SAFE_EXEC,cav,not_applicable,7332.250060846988,0.0,25.395807980422827,1.9184133414904894,lane_2,mainline,,normal,none,commit
MVS-SAFE-1B_executing_cap_lateral_consumption,MVS-SAFE-1B-cap,28,2.800000000000001,CFV_SAFE_EXEC,cav,not_applicable,7252.250060846988,0.0,25.395807980422827,1.9184133414904894,lane_2,mainline,,normal,none,commit
MVS-SAFE-1B_executing_cap_lateral_consumption,MVS-SAFE-1B-cap,29,2.9000000000000012,MV_SAFE_EXEC,cav,not_applicable,7240.676943947901,-2.5111456833558305,1.303616163188425,4.0,on_ramp,on_ramp_mv,,normal,executing,commit
MVS-SAFE-1B_executing_cap_lateral_consumption,MVS-SAFE-1B-cap,29,2.9000000000000012,CLV_SAFE_EXEC,cav,not_applicable,7334.8080584131085,0.0,25.579975661205914,1.8416768078308694,lane_2,mainline,,normal,none,commit
MVS-SAFE-1B_executing_cap_lateral_consumption,MVS-SAFE-1B-cap,29,2.9000000000000012,CFV_SAFE_EXEC,cav,not_applicable,7254.8080584131085,0.0,25.579975661205914,1.8416768078308694,lane_2,mainline,,normal,none,commit
MVS-SAFE-1B_executing_cap_lateral_consumption,MVS-SAFE-1B-cap,30,3.0000000000000013,MV_SAFE_EXEC,cav,not_applicable,7240.804189325552,-2.5048402937273684,1.2724537765118067,4.0,on_ramp,on_ramp_mv,,normal,executing,commit
MVS-SAFE-1B_executing_cap_lateral_consumption,MVS-SAFE-1B-cap,30,3.0000000000000013,CLV_SAFE_EXEC,cav,not_applicable,7337.383736076585,0.0,25.756776634757678,1.7680097355176345,lane_2,mainline,,normal,none,commit
MVS-SAFE-1B_executing_cap_lateral_consumption,MVS-SAFE-1B-cap,30,3.0000000000000013,CFV_SAFE_EXEC,cav,not_applicable,7257.383736076585,0.0,25.756776634757678,1.7680097355176345,lane_2,mainline,,normal,none,commit
MVS-SAFE-1B_executing_cap_lateral_consumption,MVS-SAFE-1B-cap,31,3.1000000000000014,MV_SAFE_EXEC,cav,not_applicable,7240.928392956888,-2.4986739975166063,1.2420363133570047,4.0,on_ramp,on_ramp_mv,,normal,executing,commit
MVS-SAFE-1B_executing_cap_lateral_consumption,MVS-SAFE-1B-cap,31,3.1000000000000014,CLV_SAFE_EXEC,cav,not_applicable,7339.9763866335215,0.0,25.92650556936737,1.697289346096929,lane_2,mainline,,normal,none,commit
MVS-SAFE-1B_executing_cap_lateral_consumption,MVS-SAFE-1B-cap,31,3.1000000000000014,CFV_SAFE_EXEC,cav,not_applicable,7259.9763866335215,0.0,25.92650556936737,1.697289346096929,lane_2,mainline,,normal,none,commit
MVS-SAFE-1B_executing_cap_lateral_consumption,MVS-SAFE-1B-cap,32,3.2000000000000015,MV_SAFE_EXEC,cav,not_applicable,7241.049627553552,-2.4926441098892536,1.212345966645789,4.0,on_ramp,on_ramp_mv,,normal,executing,commit
MVS-SAFE-1B_executing_cap_lateral_consumption,MVS-SAFE-1B-cap,32,3.2000000000000015,CLV_SAFE_EXEC,cav,not_applicable,7342.585331168181,0.0,26.089445346592676,1.6293977722530515,lane_2,mainline,,normal,none,commit
MVS-SAFE-1B_executing_cap_lateral_consumption,MVS-SAFE-1B-cap,32,3.2000000000000015,CFV_SAFE_EXEC,cav,not_applicable,7262.585331168181,0.0,26.089445346592676,1.6293977722530515,lane_2,mainline,,normal,none,commit
MVS-SAFE-1B_executing_cap_lateral_consumption,MVS-SAFE-1B-cap,33,3.3000000000000016,MV_SAFE_EXEC,cav,not_applicable,7241.16796408905,-2.4867479737658567,1.18336535497096,4.0,on_ramp,on_ramp_mv,,normal,executing,commit
MVS-SAFE-1B_executing_cap_lateral_consumption,MVS-SAFE-1B-cap,33,3.3000000000000016,CLV_SAFE_EXEC,cav,not_applicable,7345.209917921454,0.0,26.24586753272897,1.5642218613629297,lane_2,mainline,,normal,none,commit
MVS-SAFE-1B_executing_cap_lateral_consumption,MVS-SAFE-1B-cap,33,3.3000000000000016,CFV_SAFE_EXEC,cav,not_applicable,7265.209917921454,0.0,26.24586753272897,1.5642218613629297,lane_2,mainline,,normal,none,commit
MVS-SAFE-1B_executing_cap_lateral_consumption,MVS-SAFE-1B-cap,34,3.4000000000000017,MV_SAFE_EXEC,cav,not_applicable,7241.283471840292,-2.4809829612967738,1.1550775124197843,4.0,on_ramp,on_ramp_mv,,normal,executing,commit
MVS-SAFE-1B_executing_cap_lateral_consumption,MVS-SAFE-1B-cap,34,3.4000000000000017,CLV_SAFE_EXEC,cav,not_applicable,7347.8495212045955,0.0,26.39603283141981,1.5016529869084125,lane_2,mainline,,normal,none,commit
MVS-SAFE-1B_executing_cap_lateral_consumption,MVS-SAFE-1B-cap,34,3.4000000000000017,CFV_SAFE_EXEC,cav,not_applicable,7267.8495212045955,0.0,26.39603283141981,1.5016529869084125,lane_2,mainline,,normal,none,commit
MVS-SAFE-1B_executing_cap_lateral_consumption,MVS-SAFE-1B-cap,35,3.5000000000000018,MV_SAFE_EXEC,cav,not_applicable,7241.396218428156,-2.475346475173172,1.127465878642885,4.0,on_ramp,on_ramp_mv,,normal,executing,commit
MVS-SAFE-1B_executing_cap_lateral_consumption,MVS-SAFE-1B-cap,35,3.5000000000000018,CLV_SAFE_EXEC,cav,not_applicable,7350.503540356412,0.0,26.540191518163017,1.4415868674320764,lane_2,mainline,,normal,none,commit
MVS-SAFE-1B_executing_cap_lateral_consumption,MVS-SAFE-1B-cap,35,3.5000000000000018,CFV_SAFE_EXEC,cav,not_applicable,7270.503540356412,0.0,26.540191518163017,1.4415868674320764,lane_2,mainline,,normal,none,commit
MVS-SAFE-1B_executing_cap_lateral_consumption,MVS-SAFE-1B-cap,36,3.600000000000002,MV_SAFE_EXEC,cav,not_applicable,7241.506269857072,-2.4698359497858133,1.100514289158807,4.0,on_ramp,on_ramp_mv,,normal,executing,commit
MVS-SAFE-1B_executing_cap_lateral_consumption,MVS-SAFE-1B-cap,36,3.600000000000002,CLV_SAFE_EXEC,cav,not_applicable,7353.171398742155,0.0,26.678583857436497,1.3839233927347934,lane_2,mainline,,normal,none,commit
MVS-SAFE-1B_executing_cap_lateral_consumption,MVS-SAFE-1B-cap,36,3.600000000000002,CFV_SAFE_EXEC,cav,not_applicable,7273.171398742155,0.0,26.678583857436497,1.3839233927347934,lane_2,mainline,,normal,none,commit
MVS-SAFE-1B_executing_cap_lateral_consumption,MVS-SAFE-1B-cap,37,3.700000000000002,MV_SAFE_EXEC,cav,not_applicable,7241.613690553661,-2.4644488522426675,1.0742069658912103,4.0,on_ramp,on_ramp_mv,,normal,executing,commit
MVS-SAFE-1B_executing_cap_lateral_consumption,MVS-SAFE-1B-cap,37,3.700000000000002,CLV_SAFE_EXEC,cav,not_applicable,7355.85254279247,0.0,26.811440503139035,1.3285664570254014,lane_2,mainline,,normal,none,commit
MVS-SAFE-1B_executing_cap_lateral_consumption,MVS-SAFE-1B-cap,37,3.700000000000002,CFV_SAFE_EXEC,cav,not_applicable,7275.85254279247,0.0,26.811440503139035,1.3285664570254014,lane_2,mainline,,normal,none,commit
MVS-SAFE-1B_executing_cap_lateral_consumption,MVS-SAFE-1B-cap,38,3.800000000000002,MV_SAFE_EXEC,cav,not_applicable,7241.718543404455,-2.459182683255655,1.04852850793152,4.0,on_ramp,on_ramp_mv,,normal,executing,commit
MVS-SAFE-1B_executing_cap_lateral_consumption,MVS-SAFE-1B-cap,38,3.800000000000002,CLV_SAFE_EXEC,cav,not_applicable,7358.546441080771,0.0,26.938982883013473,1.275423798744386,lane_2,mainline,,normal,none,commit
MVS-SAFE-1B_executing_cap_lateral_consumption,MVS-SAFE-1B-cap,38,3.800000000000002,CFV_SAFE_EXEC,cav,not_applicable,7278.546441080771,0.0,26.938982883013473,1.275423798744386,lane_2,mainline,,normal,none,commit
MVS-SAFE-1B_executing_cap_lateral_consumption,MVS-SAFE-1B-cap,39,3.900000000000002,MV_SAFE_EXEC,cav,not_applicable,7241.820889792707,-2.454034977906148,1.0234638825237692,4.0,on_ramp,on_ramp_mv,,normal,executing,commit
MVS-SAFE-1B_executing_cap_lateral_consumption,MVS-SAFE-1B-cap,39,3.900000000000002,CLV_SAFE_EXEC,cav,not_applicable,7361.25258343754,0.0,27.061423567692934,1.2244068467946108,lane_2,mainline,,normal,none,commit
MVS-SAFE-1B_executing_cap_lateral_consumption,MVS-SAFE-1B-cap,39,3.900000000000002,CFV_SAFE_EXEC,cav,not_applicable,7281.25258343754,0.0,27.061423567692934,1.2244068467946108,lane_2,mainline,,normal,none,commit
MVS-SAFE-1B_executing_cap_lateral_consumption,MVS-SAFE-1B-cap,40,4.000000000000002,MV_SAFE_EXEC,cav,not_applicable,7241.920789634333,-2.4490033062982457,0.9989984162635914,4.0,on_ramp,on_ramp_mv,,normal,executing,commit
MVS-SAFE-1B_executing_cap_lateral_consumption,MVS-SAFE-1B-cap,40,4.000000000000002,CLV_SAFE_EXEC,cav,not_applicable,7363.970480100039,0.0,27.178966624985218,1.1754305729228265,lane_2,mainline,,normal,none,commit
MVS-SAFE-1B_executing_cap_lateral_consumption,MVS-SAFE-1B-cap,40,4.000000000000002,CFV_SAFE_EXEC,cav,not_applicable,7283.970480100039,0.0,27.178966624985218,1.1754305729228265,lane_2,mainline,,normal,none,commit
MVS-SAFE-1B_executing_cap_lateral_consumption,MVS-SAFE-1B-cap,41,4.100000000000001,MV_SAFE_EXEC,cav,not_applicable,7242.018301412984,-2.444085274108243,0.9751177865076669,4.0,on_ramp,on_ramp_mv,,normal,executing,commit
MVS-SAFE-1B_executing_cap_lateral_consumption,MVS-SAFE-1B-cap,41,4.100000000000001,CLV_SAFE_EXEC,cav,not_applicable,7366.699660896037,0.0,27.29180795998581,1.1284133500059128,lane_2,mainline,,normal,none,commit
MVS-SAFE-1B_executing_cap_lateral_consumption,MVS-SAFE-1B-cap,41,4.100000000000001,CFV_SAFE_EXEC,cav,not_applicable,7286.699660896037,0.0,27.29180795998581,1.1284133500059128,lane_2,mainline,,normal,none,commit
MVS-SAFE-1B_executing_cap_lateral_consumption,MVS-SAFE-1B-cap,42,4.200000000000001,MV_SAFE_EXEC,cav,not_applicable,7242.113482214283,-2.4392785230381473,0.9518080129894922,4.0,on_ramp,on_ramp_mv,,normal,executing,commit
MVS-SAFE-1B_executing_cap_lateral_consumption,MVS-SAFE-1B-cap,42,4.200000000000001,CLV_SAFE_EXEC,cav,not_applicable,7369.439674460195,0.0,27.400135641586377,1.0832768160056758,lane_2,mainline,,normal,none,commit
MVS-SAFE-1B_executing_cap_lateral_consumption,MVS-SAFE-1B-cap,42,4.200000000000001,CFV_SAFE_EXEC,cav,not_applicable,7289.439674460195,0.0,27.400135641586377,1.0832768160056758,lane_2,mainline,,normal,none,commit
MVS-SAFE-1B_executing_cap_lateral_consumption,MVS-SAFE-1B-cap,43,4.300000000000001,MV_SAFE_EXEC,cav,not_applicable,7242.206387759246,-2.4345807311805836,0.9290554496351674,4.0,on_ramp,on_ramp_mv,,normal,executing,commit
MVS-SAFE-1B_executing_cap_lateral_consumption,MVS-SAFE-1B-cap,43,4.300000000000001,CLV_SAFE_EXEC,cav,not_applicable,7372.1900874817875,0.0,27.504130215922924,1.039945743365449,lane_2,mainline,,normal,none,commit
MVS-SAFE-1B_executing_cap_lateral_consumption,MVS-SAFE-1B-cap,43,4.300000000000001,CFV_SAFE_EXEC,cav,not_applicable,7292.1900874817875,0.0,27.504130215922924,1.039945743365449,lane_2,mainline,,normal,none,commit
MVS-SAFE-1B_executing_cap_lateral_consumption,MVS-SAFE-1B-cap,44,4.4,MV_SAFE_EXEC,cav,not_applicable,7242.297072436903,-2.429989613301963,0.9068467765739827,4.0,on_ramp,on_ramp_mv,,normal,executing,commit
MVS-SAFE-1B_executing_cap_lateral_consumption,MVS-SAFE-1B-cap,44,4.4,CLV_SAFE_EXEC,cav,not_applicable,7374.950483982516,0.0,27.603965007286007,0.9983479136308304,lane_2,mainline,,normal,none,commit
MVS-SAFE-1B_executing_cap_lateral_consumption,MVS-SAFE-1B-cap,44,4.4,CFV_SAFE_EXEC,cav,not_applicable,7294.950483982516,0.0,27.603965007286007,0.9983479136308304,lane_2,mainline,,normal,none,commit
MVS-SAFE-1B_executing_cap_lateral_consumption,MVS-SAFE-1B-cap,45,4.5,MV_SAFE_EXEC,cav,not_applicable,7242.385589336138,-2.4255029210503016,0.8851689923411977,4.0,on_ramp,on_ramp_mv,,normal,executing,commit
MVS-SAFE-1B_executing_cap_lateral_consumption,MVS-SAFE-1B-cap,45,4.5,CLV_SAFE_EXEC,cav,not_applicable,7377.720464623215,0.0,27.69980640699457,0.9584139970855973,lane_2,mainline,,normal,none,commit
MVS-SAFE-1B_executing_cap_lateral_consumption,MVS-SAFE-1B-cap,45,4.5,CFV_SAFE_EXEC,cav,not_applicable,7297.720464623215,0.0,27.69980640699457,0.9584139970855973,lane_2,mainline,,normal,none,commit
MVS-SAFE-1B_executing_cap_lateral_consumption,MVS-SAFE-1B-cap,46,4.6,MV_SAFE_EXEC,cav,not_applicable,7242.471990276765,-2.42111844309367,0.864009406266271,4.0,on_ramp,on_ramp_mv,,normal,executing,commit
MVS-SAFE-1B_executing_cap_lateral_consumption,MVS-SAFE-1B-cap,46,4.6,CLV_SAFE_EXEC,cav,not_applicable,7380.499646038286,0.0,27.791814150714785,0.9200774372021727,lane_2,mainline,,normal,none,commit
MVS-SAFE-1B_executing_cap_lateral_consumption,MVS-SAFE-1B-cap,46,4.6,CFV_SAFE_EXEC,cav,not_applicable,7300.499646038286,0.0,27.791814150714785,0.9200774372021727,lane_2,mainline,,normal,none,commit
MVS-SAFE-1B_executing_cap_lateral_consumption,MVS-SAFE-1B-cap,47,4.699999999999999,MV_SAFE_EXEC,cav,not_applicable,7242.556325839869,-2.4168340051948416,0.8433556310441495,4.0,on_ramp,on_ramp_mv,,normal,executing,commit
MVS-SAFE-1B_executing_cap_lateral_consumption,MVS-SAFE-1B-cap,47,4.699999999999999,CLV_SAFE_EXEC,cav,not_applicable,7383.287660196755,0.0,27.880141584686193,0.883274339714086,lane_2,mainline,,normal,none,commit
MVS-SAFE-1B_executing_cap_lateral_consumption,MVS-SAFE-1B-cap,47,4.699999999999999,CFV_SAFE_EXEC,cav,not_applicable,7303.287660196755,0.0,27.880141584686193,0.883274339714086,lane_2,mainline,,normal,none,commit
MVS-SAFE-1B_executing_cap_lateral_consumption,MVS-SAFE-1B-cap,48,4.799999999999999,MV_SAFE_EXEC,cav,not_applicable,7242.638645397417,-2.4126474702273546,0.8231955754828789,4.0,on_ramp,on_ramp_mv,,normal,executing,commit
MVS-SAFE-1B_executing_cap_lateral_consumption,MVS-SAFE-1B-cap,48,4.799999999999999,CLV_SAFE_EXEC,cav,not_applicable,7386.084153788885,0.0,27.964935921298746,0.8479433661255229,lane_2,mainline,,normal,none,commit
MVS-SAFE-1B_executing_cap_lateral_consumption,MVS-SAFE-1B-cap,48,4.799999999999999,CFV_SAFE_EXEC,cav,not_applicable,7306.084153788885,0.0,27.964935921298746,0.8479433661255229,lane_2,mainline,,normal,none,commit
MVS-SAFE-1B_executing_cap_lateral_consumption,MVS-SAFE-1B-cap,49,4.899999999999999,MV_SAFE_EXEC,cav,not_applicable,7242.71899714116,-2.4085567381378263,0.8035174374249251,4.0,on_ramp,on_ramp_mv,,normal,executing,commit
MVS-SAFE-1B_executing_cap_lateral_consumption,MVS-SAFE-1B-cap,49,4.899999999999999,CLV_SAFE_EXEC,cav,not_applicable,7388.888787637329,0.0,28.046338484446796,0.8140256314805016,lane_2,mainline,,normal,none,commit
MVS-SAFE-1B_executing_cap_lateral_consumption,MVS-SAFE-1B-cap,49,4.899999999999999,CFV_SAFE_EXEC,cav,not_applicable,7308.888787637329,0.0,28.046338484446796,0.8140256314805016,lane_2,mainline,,normal,none,commit
MVS-SAFE-1B_executing_cap_lateral_consumption,MVS-SAFE-1B-cap,50,4.999999999999998,MV_SAFE_EXEC,cav,not_applicable,7242.797428110844,-2.404559745859035,0.7843096968387272,4.0,on_ramp,on_ramp_mv,,normal,executing,commit
MVS-SAFE-1B_executing_cap_lateral_consumption,MVS-SAFE-1B-cap,50,4.999999999999998,CLV_SAFE_EXEC,cav,not_applicable,7391.701236131836,0.0,28.124484945068925,0.7814646062212817,lane_2,mainline,,normal,none,commit
MVS-SAFE-1B_executing_cap_lateral_consumption,MVS-SAFE-1B-cap,50,4.999999999999998,CFV_SAFE_EXEC,cav,not_applicable,7311.701236131836,0.0,28.124484945068925,0.7814646062212817,lane_2,mainline,,normal,none,commit
MVS-SAFE-1B_executing_cap_lateral_consumption,MVS-SAFE-1B-cap,51,5.099999999999998,MV_SAFE_EXEC,cav,not_applicable,7242.873984221751,-2.4006544671780006,0.7655611090739625,4.0,on_ramp,on_ramp_mv,,normal,executing,commit
MVS-SAFE-1B_executing_cap_lateral_consumption,MVS-SAFE-1B-cap,51,5.099999999999998,CLV_SAFE_EXEC,cav,not_applicable,7394.521186686562,0.0,28.199505547266167,0.75020602197243,lane_2,mainline,,normal,none,commit
MVS-SAFE-1B_executing_cap_lateral_consumption,MVS-SAFE-1B-cap,51,5.099999999999998,CFV_SAFE_EXEC,cav,not_applicable,7314.521186686562,0.0,28.199505547266167,0.75020602197243,lane_2,mainline,,normal,none,commit
MVS-SAFE-1B_executing_cap_lateral_consumption,MVS-SAFE-1B-cap,52,5.1999999999999975,MV_SAFE_EXEC,cav,not_applicable,7242.948710291579,-2.3968389125629748,0.7472606982787812,4.0,on_ramp,on_ramp_mv,,normal,executing,commit
MVS-SAFE-1B_executing_cap_lateral_consumption,MVS-SAFE-1B-cap,52,5.1999999999999975,CLV_SAFE_EXEC,cav,not_applicable,7397.348339219099,0.0,28.27152532537552,0.7201977810935333,lane_2,mainline,,normal,none,commit
MVS-SAFE-1B_executing_cap_lateral_consumption,MVS-SAFE-1B-cap,52,5.1999999999999975,CFV_SAFE_EXEC,cav,not_applicable,7317.348339219099,0.0,28.27152532537552,0.7201977810935333,lane_2,mainline,,normal,none,commit
MVS-SAFE-1B_executing_cap_lateral_consumption,MVS-SAFE-1B-cap,53,5.299999999999997,MV_SAFE_EXEC,cav,not_applicable,7243.021650066677,-2.3931111289529996,0.7293977509744476,4.0,on_ramp,on_ramp_mv,,normal,executing,commit
MVS-SAFE-1B_executing_cap_lateral_consumption,MVS-SAFE-1B-cap,53,5.299999999999997,CLV_SAFE_EXEC,cav,not_applicable,7400.182405650336,0.0,28.3406643123605,0.6913898698497918,lane_2,mainline,,normal,none,commit
MVS-SAFE-1B_executing_cap_lateral_consumption,MVS-SAFE-1B-cap,53,5.299999999999997,CFV_SAFE_EXEC,cav,not_applicable,7320.182405650336,0.0,28.3406643123605,0.6913898698497918,lane_2,mainline,,normal,none,commit
MVS-SAFE-1B_executing_cap_lateral_consumption,MVS-SAFE-1B-cap,54,5.399999999999997,MV_SAFE_EXEC,cav,not_applicable,7243.092846247655,-2.3894691995134445,0.7119618097834727,4.0,on_ramp,on_ramp_mv,,normal,executing,commit
MVS-SAFE-1B_executing_cap_lateral_consumption,MVS-SAFE-1B-cap,54,5.399999999999997,CLV_SAFE_EXEC,cav,not_applicable,7403.023109424322,0.0,28.40703773986608,0.6637342750558006,lane_2,mainline,,normal,none,commit
MVS-SAFE-1B_executing_cap_lateral_consumption,MVS-SAFE-1B-cap,54,5.399999999999997,CFV_SAFE_EXEC,cav,not_applicable,7323.023109424322,0.0,28.40703773986608,0.6637342750558006,lane_2,mainline,,normal,none,commit
MVS-SAFE-1B_executing_cap_lateral_consumption,MVS-SAFE-1B-cap,55,5.4999999999999964,MV_SAFE_EXEC,cav,not_applicable,7243.1623405143855,-2.3859112433606837,0.694942667307325,4.0,on_ramp,on_ramp_mv,,normal,executing,commit
MVS-SAFE-1B_executing_cap_lateral_consumption,MVS-SAFE-1B-cap,55,5.4999999999999964,CLV_SAFE_EXEC,cav,not_applicable,7405.870185047349,0.0,28.470756230271437,0.637184904053568,lane_2,mainline,,normal,none,commit
MVS-SAFE-1B_executing_cap_lateral_consumption,MVS-SAFE-1B-cap,55,5.4999999999999964,CFV_SAFE_EXEC,cav,not_applicable,7325.870185047349,0.0,28.470756230271437,0.637184904053568,lane_2,mainline,,normal,none,commit
MVS-SAFE-1B_executing_cap_lateral_consumption,MVS-SAFE-1B-cap,56,5.599999999999996,MV_SAFE_EXEC,cav,not_applicable,7243.230173550401,-2.382435415258864,0.6783303601511127,4.0,on_ramp,on_ramp_mv,,normal,executing,commit
MVS-SAFE-1B_executing_cap_lateral_consumption,MVS-SAFE-1B-cap,56,5.599999999999996,CLV_SAFE_EXEC,cav,not_applicable,7408.723377645455,0.0,28.53192598106058,0.6116975078914252,lane_2,mainline,,normal,none,commit
MVS-SAFE-1B_executing_cap_lateral_consumption,MVS-SAFE-1B-cap,56,5.599999999999996,CFV_SAFE_EXEC,cav,not_applicable,7328.723377645455,0.0,28.53192598106058,0.6116975078914252,lane_2,mainline,,normal,none,commit
MVS-SAFE-1B_executing_cap_lateral_consumption,MVS-SAFE-1B-cap,57,5.699999999999996,MV_SAFE_EXEC,cav,not_applicable,7243.296385066709,-2.3790399052915054,0.6621151630904505,4.0,on_ramp,on_ramp_mv,,normal,executing,commit
MVS-SAFE-1B_executing_cap_lateral_consumption,MVS-SAFE-1B-cap,57,5.699999999999996,CLV_SAFE_EXEC,cav,not_applicable,7411.582442539637,0.0,28.59064894181816,0.5872296075757675,lane_2,mainline,,normal,none,commit
MVS-SAFE-1B_executing_cap_lateral_consumption,MVS-SAFE-1B-cap,57,5.699999999999996,CFV_SAFE_EXEC,cav,not_applicable,7331.582442539637,0.0,28.59064894181816,0.5872296075757675,lane_2,mainline,,normal,none,commit
MVS-SAFE-1B_executing_cap_lateral_consumption,MVS-SAFE-1B-cap,58,5.799999999999995,MV_SAFE_EXEC,cav,not_applicable,7243.361013825047,-2.37572293851048,0.6462875833785575,4.0,on_ramp,on_ramp_mv,,normal,executing,commit
MVS-SAFE-1B_executing_cap_lateral_consumption,MVS-SAFE-1B-cap,58,5.799999999999995,CLV_SAFE_EXEC,cav,not_applicable,7414.447144838051,0.0,28.647022984145433,0.5637404232727363,lane_2,mainline,,normal,none,commit
MVS-SAFE-1B_executing_cap_lateral_consumption,MVS-SAFE-1B-cap,58,5.799999999999995,CFV_SAFE_EXEC,cav,not_applicable,7334.447144838051,0.0,28.647022984145433,0.5637404232727363,lane_2,mainline,,normal,none,commit
MVS-SAFE-1B_executing_cap_lateral_consumption,MVS-SAFE-1B-cap,59,5.899999999999995,MV_SAFE_EXEC,cav,not_applicable,7243.424097660566,-2.3724827745647423,0.6308383551883676,4.0,on_ramp,on_ramp_mv,,normal,executing,commit
MVS-SAFE-1B_executing_cap_lateral_consumption,MVS-SAFE-1B-cap,59,5.899999999999995,CLV_SAFE_EXEC,cav,not_applicable,7417.317259044529,0.0,28.701142064779617,0.5411908063418267,lane_2,mainline,,normal,none,commit
MVS-SAFE-1B_executing_cap_lateral_consumption,MVS-SAFE-1B-cap,59,5.899999999999995,CFV_SAFE_EXEC,cav,not_applicable,7337.317259044529,0.0,28.701142064779617,0.5411908063418267,lane_2,mainline,,normal,none,commit
MVS-SAFE-1B_executing_cap_lateral_consumption,MVS-SAFE-1B-cap,60,5.999999999999995,MV_SAFE_EXEC,cav,not_applicable,7243.485673503985,-2.3693177073109997,0.615758434188564,4.0,on_ramp,on_ramp_mv,,normal,executing,commit
MVS-SAFE-1B_executing_cap_lateral_consumption,MVS-SAFE-1B-cap,60,5.999999999999995,CLV_SAFE_EXEC,cav,not_applicable,7420.192568682748,0.0,28.75309638218843,0.5195431740881532,lane_2,mainline,,normal,none,commit
MVS-SAFE-1B_executing_cap_lateral_consumption,MVS-SAFE-1B-cap,60,5.999999999999995,CFV_SAFE_EXEC,cav,not_applicable,7340.192568682748,0.0,28.75309638218843,0.5195431740881532,lane_2,mainline,,normal,none,commit
MVS-SAFE-1B_executing_cap_lateral_consumption,MVS-SAFE-1B-cap,61,6.099999999999994,MV_SAFE_EXEC,cav,not_applicable,7243.545777403209,-2.3662260644083757,0.6010389922489736,4.0,on_ramp,on_ramp_mv,,normal,executing,commit
MVS-SAFE-1B_executing_cap_lateral_consumption,MVS-SAFE-1B-cap,61,6.099999999999994,CLV_SAFE_EXEC,cav,not_applicable,7423.072865935438,0.0,28.802972526900895,0.4987614471246275,lane_2,mainline,,normal,none,commit
MVS-SAFE-1B_executing_cap_lateral_consumption,MVS-SAFE-1B-cap,61,6.099999999999994,CFV_SAFE_EXEC,cav,not_applicable,7343.072865935438,0.0,28.802972526900895,0.4987614471246275,lane_2,mainline,,normal,none,commit
MVS-SAFE-1B_executing_cap_lateral_consumption,MVS-SAFE-1B-cap,62,6.199999999999994,MV_SAFE_EXEC,cav,not_applicable,7243.604444544437,-2.3632062068989574,0.586671412271842,4.0,on_ramp,on_ramp_mv,,normal,executing,commit
MVS-SAFE-1B_executing_cap_lateral_consumption,MVS-SAFE-1B-cap,62,6.199999999999994,CLV_SAFE_EXEC,cav,not_applicable,7425.957951298021,0.0,28.850853625824858,0.47881098923964205,lane_2,mainline,,normal,none,commit
MVS-SAFE-1B_executing_cap_lateral_consumption,MVS-SAFE-1B-cap,62,6.199999999999994,CFV_SAFE_EXEC,cav,not_applicable,7345.957951298021,0.0,28.850853625824858,0.47881098923964205,lane_2,mainline,,normal,none,commit
MVS-SAFE-1B_executing_cap_lateral_consumption,MVS-SAFE-1B-cap,63,6.299999999999994,MV_SAFE_EXEC,cav,not_applicable,7243.661709272751,-2.3602565287759782,0.572647283147251,4.0,on_ramp,on_ramp_mv,,normal,executing,commit
MVS-SAFE-1B_executing_cap_lateral_consumption,MVS-SAFE-1B-cap,63,6.299999999999994,CLV_SAFE_EXEC,cav,not_applicable,7428.8476332461,0.0,28.896819480791862,0.459658549670057,lane_2,mainline,,normal,none,commit
MVS-SAFE-1B_executing_cap_lateral_consumption,MVS-SAFE-1B-cap,63,6.299999999999994,CFV_SAFE_EXEC,cav,not_applicable,7348.8476332461,0.0,28.896819480791862,0.459658549670057,lane_2,mainline,,normal,none,commit
MVS-SAFE-1B_executing_cap_lateral_consumption,MVS-SAFE-1B-cap,64,6.399999999999993,MV_SAFE_EXEC,cav,not_applicable,7243.717605112234,-2.357375456541262,0.5589583948298499,4.0,on_ramp,on_ramp_mv,,normal,executing,commit
MVS-SAFE-1B_executing_cap_lateral_consumption,MVS-SAFE-1B-cap,64,6.399999999999993,CLV_SAFE_EXEC,cav,not_applicable,7431.7417279162555,0.0,28.940946701560186,0.44127220768325515,lane_2,mainline,,normal,none,commit
MVS-SAFE-1B_executing_cap_lateral_consumption,MVS-SAFE-1B-cap,64,6.399999999999993,CFV_SAFE_EXEC,cav,not_applicable,7351.7417279162555,0.0,28.940946701560186,0.44127220768325515,lane_2,mainline,,normal,none,commit
MVS-SAFE-1B_executing_cap_lateral_consumption,MVS-SAFE-1B-cap,65,6.499999999999993,MV_SAFE_EXEC,cav,not_applicable,7243.772164785587,-2.354561448753452,0.5455967335312504,4.0,on_ramp,on_ramp_mv,,normal,executing,commit
MVS-SAFE-1B_executing_cap_lateral_consumption,MVS-SAFE-1B-cap,65,6.499999999999993,CLV_SAFE_EXEC,cav,not_applicable,7434.640058799605,0.0,28.98330883349778,0.4236213193759255,lane_2,mainline,,normal,none,commit
MVS-SAFE-1B_executing_cap_lateral_consumption,MVS-SAFE-1B-cap,65,6.499999999999993,CFV_SAFE_EXEC,cav,not_applicable,7354.640058799605,0.0,28.98330883349778,0.4236213193759255,lane_2,mainline,,normal,none,commit
MVS-SAFE-1B_executing_cap_lateral_consumption,MVS-SAFE-1B-cap,66,6.5999999999999925,MV_SAFE_EXEC,cav,not_applicable,7243.82542023329,-2.3518129955683977,0.5325544770298231,4.0,on_ramp,on_ramp_mv,,normal,executing,commit
MVS-SAFE-1B_executing_cap_lateral_consumption,MVS-SAFE-1B-cap,66,6.5999999999999925,CLV_SAFE_EXEC,cav,not_applicable,7437.542456447621,0.0,29.02397648015787,0.40667646660088796,lane_2,mainline,,normal,none,commit
MVS-SAFE-1B_executing_cap_lateral_consumption,MVS-SAFE-1B-cap,66,6.5999999999999925,CFV_SAFE_EXEC,cav,not_applicable,7357.542456447621,0.0,29.02397648015787,0.40667646660088796,lane_2,mainline,,normal,none,commit
MVS-SAFE-1B_executing_cap_lateral_consumption,MVS-SAFE-1B-cap,67,6.699999999999992,MV_SAFE_EXEC,cav,not_applicable,7243.877402632299,-2.3491286182730047,0.5198239900902863,4.0,on_ramp,on_ramp_mv,,normal,executing,commit
MVS-SAFE-1B_executing_cap_lateral_consumption,MVS-SAFE-1B-cap,67,6.699999999999992,CLV_SAFE_EXEC,cav,not_applicable,7440.448758189716,0.0,29.063017420951557,0.39040940793685197,lane_2,mainline,,normal,none,commit
MVS-SAFE-1B_executing_cap_lateral_consumption,MVS-SAFE-1B-cap,67,6.699999999999992,CFV_SAFE_EXEC,cav,not_applicable,7360.448758189716,0.0,29.063017420951557,0.39040940793685197,lane_2,mainline,,normal,none,commit
MVS-SAFE-1B_executing_cap_lateral_consumption,MVS-SAFE-1B-cap,68,6.799999999999992,MV_SAFE_EXEC,cav,not_applicable,7243.928142414298,-2.3465068688137314,0.5073978199948267,4.0,on_ramp,on_ramp_mv,,normal,executing,commit
MVS-SAFE-1B_executing_cap_lateral_consumption,MVS-SAFE-1B-cap,68,6.799999999999992,CLV_SAFE_EXEC,cav,not_applicable,7443.358807862127,0.0,29.100496724113494,0.3747930316193774,lane_2,mainline,,normal,none,commit
MVS-SAFE-1B_executing_cap_lateral_consumption,MVS-SAFE-1B-cap,68,6.799999999999992,CFV_SAFE_EXEC,cav,not_applicable,7363.358807862127,0.0,29.100496724113494,0.3747930316193774,lane_2,mainline,,normal,none,commit
MVS-SAFE-1B_executing_cap_lateral_consumption,MVS-SAFE-1B-cap,69,6.8999999999999915,MV_SAFE_EXEC,cav,not_applicable,7243.977669283516,-2.3439463293208416,0.4952686921794468,4.0,on_ramp,on_ramp_mv,,normal,executing,commit
MVS-SAFE-1B_executing_cap_lateral_consumption,MVS-SAFE-1B-cap,69,6.8999999999999915,CLV_SAFE_EXEC,cav,not_applicable,7446.272455547642,0.0,29.136476855148956,0.35980131035460233,lane_2,mainline,,normal,none,commit
MVS-SAFE-1B_executing_cap_lateral_consumption,MVS-SAFE-1B-cap,69,6.8999999999999915,CFV_SAFE_EXEC,cav,not_applicable,7366.272455547642,0.0,29.136476855148956,0.35980131035460233,lane_2,mainline,,normal,none,commit
MVS-SAFE-1B_executing_cap_lateral_consumption,MVS-SAFE-1B-cap,70,6.999999999999991,MV_SAFE_EXEC,cav,not_applicable,7244.026012234113,-2.3414456116294184,0.4834295059755392,4.0,on_ramp,on_ramp_mv,,normal,executing,commit
MVS-SAFE-1B_executing_cap_lateral_consumption,MVS-SAFE-1B-cap,70,6.999999999999991,CLV_SAFE_EXEC,cav,not_applicable,7449.189557325736,0.0,29.171017780942996,0.34540925794041755,lane_2,mainline,,normal,none,commit
MVS-SAFE-1B_executing_cap_lateral_consumption,MVS-SAFE-1B-cap,70,6.999999999999991,CFV_SAFE_EXEC,cav,not_applicable,7369.189557325736,0.0,29.171017780942996,0.34540925794041755,lane_2,mainline,,normal,none,commit
MVS-SAFE-1B_executing_cap_lateral_consumption,MVS-SAFE-1B-cap,71,7.099999999999991,MV_SAFE_EXEC,cav,not_applicable,7244.073199567159,-2.339003356798083,0.4718733304527745,4.0,on_ramp,on_ramp_mv,,normal,executing,commit
MVS-SAFE-1B_executing_cap_lateral_consumption,MVS-SAFE-1B-cap,71,7.099999999999991,CLV_SAFE_EXEC,cav,not_applicable,7452.109975032707,0.0,29.204177069705278,0.3315928876228014,lane_2,mainline,,normal,none,commit
MVS-SAFE-1B_executing_cap_lateral_consumption,MVS-SAFE-1B-cap,71,7.099999999999991,CFV_SAFE_EXEC,cav,not_applicable,7372.109975032707,0.0,29.204177069705278,0.3315928876228014,lane_2,mainline,,normal,none,commit
MVS-SAFE-1B_executing_cap_lateral_consumption,MVS-SAFE-1B-cap,72,7.19999999999999,MV_SAFE_EXEC,cav,not_applicable,7244.119258907194,-2.3366182346262745,0.460593400361998,4.0,on_ramp,on_ramp_mv,,normal,executing,commit
MVS-SAFE-1B_executing_cap_lateral_consumption,MVS-SAFE-1B-cap,72,7.19999999999999,CLV_SAFE_EXEC,cav,not_applicable,7455.033576031398,0.0,29.236009986917068,0.31832917211788897,lane_2,mainline,,normal,none,commit
MVS-SAFE-1B_executing_cap_lateral_consumption,MVS-SAFE-1B-cap,72,7.19999999999999,CFV_SAFE_EXEC,cav,not_applicable,7375.033576031398,0.0,29.236009986917068,0.31832917211788897,lane_2,mainline,,normal,none,commit
MVS-SAFE-1B_executing_cap_lateral_consumption,MVS-SAFE-1B-cap,73,7.29999999999999,MV_SAFE_EXEC,cav,not_applicable,7244.164217218412,-2.3342889431708866,0.44958311217443914,4.0,on_ramp,on_ramp_mv,,normal,executing,commit
MVS-SAFE-1B_executing_cap_lateral_consumption,MVS-SAFE-1B-cap,73,7.29999999999999,CLV_SAFE_EXEC,cav,not_applicable,7457.960232990143,0.0,29.266569587440387,0.30559600523317276,lane_2,mainline,,normal,none,commit
MVS-SAFE-1B_executing_cap_lateral_consumption,MVS-SAFE-1B-cap,73,7.29999999999999,CFV_SAFE_EXEC,cav,not_applicable,7377.960232990143,0.0,29.266569587440387,0.30559600523317276,lane_2,mainline,,normal,none,commit
MVS-SAFE-1B_executing_cap_lateral_consumption,MVS-SAFE-1B-cap,74,7.39999999999999,MV_SAFE_EXEC,cav,not_applicable,7244.208100820433,-2.3320142082629847,0.4388360202154955,4.0,on_ramp,on_ramp_mv,,normal,executing,commit
MVS-SAFE-1B_executing_cap_lateral_consumption,MVS-SAFE-1B-cap,74,7.39999999999999,CLV_SAFE_EXEC,cav,not_applicable,7460.889823670537,0.0,29.29590680394277,0.2933721650238454,lane_2,mainline,,normal,none,commit
MVS-SAFE-1B_executing_cap_lateral_consumption,MVS-SAFE-1B-cap,74,7.39999999999999,CFV_SAFE_EXEC,cav,not_applicable,7380.889823670537,0.0,29.29590680394277,0.2933721650238454,lane_2,mainline,,normal,none,commit
MVS-SAFE-1B_executing_cap_lateral_consumption,MVS-SAFE-1B-cap,75,7.499999999999989,MV_SAFE_EXEC,cav,not_applicable,7244.250935403722,-2.3297927830252743,0.4283458328922198,4.0,on_ramp,on_ramp_mv,,normal,executing,commit
MVS-SAFE-1B_executing_cap_lateral_consumption,MVS-SAFE-1B-cap,75,7.499999999999989,CLV_SAFE_EXEC,cav,not_applicable,7463.822230723716,0.0,29.32407053178506,0.28163727842289177,lane_2,mainline,,normal,none,commit
MVS-SAFE-1B_executing_cap_lateral_consumption,MVS-SAFE-1B-cap,75,7.499999999999989,CFV_SAFE_EXEC,cav,not_applicable,7383.822230723716,0.0,29.32407053178506,0.28163727842289177,lane_2,mainline,,normal,none,commit
MVS-SAFE-1B_executing_cap_lateral_consumption,MVS-SAFE-1B-cap,76,7.599999999999989,MV_SAFE_EXEC,cav,not_applicable,7244.292746044623,-2.3276234473909283,0.4181064090090762,4.0,on_ramp,on_ramp_mv,,normal,executing,commit
MVS-SAFE-1B_executing_cap_lateral_consumption,MVS-SAFE-1B-cap,76,7.599999999999989,CLV_SAFE_EXEC,cav,not_applicable,7466.757341494767,0.0,29.35110771051366,0.27037178728597555,lane_2,mainline,,normal,none,commit
MVS-SAFE-1B_executing_cap_lateral_consumption,MVS-SAFE-1B-cap,76,7.599999999999989,CFV_SAFE_EXEC,cav,not_applicable,7386.757341494767,0.0,29.35110771051366,0.27037178728597555,lane_2,mainline,,normal,none,commit
MVS-SAFE-1B_executing_cap_lateral_consumption,MVS-SAFE-1B-cap,77,7.699999999999989,MV_SAFE_EXEC,cav,not_applicable,7244.33355722004,-2.3255050076243355,0.40811175417327034,4.0,on_ramp,on_ramp_mv,,normal,executing,commit
MVS-SAFE-1B_executing_cap_lateral_consumption,MVS-SAFE-1B-cap,77,7.699999999999989,CLV_SAFE_EXEC,cav,not_applicable,7469.695047834976,0.0,29.377063402093114,0.25955691579453627,lane_2,mainline,,normal,none,commit
MVS-SAFE-1B_executing_cap_lateral_consumption,MVS-SAFE-1B-cap,77,7.699999999999989,CFV_SAFE_EXEC,cav,not_applicable,7389.695047834976,0.0,29.377063402093114,0.25955691579453627,lane_2,mainline,,normal,none,commit
MVS-SAFE-1B_executing_cap_lateral_consumption,MVS-SAFE-1B-cap,78,7.799999999999988,MV_SAFE_EXEC,cav,not_applicable,7244.373392821769,-2.3234362958442745,0.3983560172853033,4.0,on_ramp,on_ramp_mv,,normal,executing,commit
MVS-SAFE-1B_executing_cap_lateral_consumption,MVS-SAFE-1B-cap,78,7.799999999999988,CLV_SAFE_EXEC,cav,not_applicable,7472.635245921577,0.0,29.40198086600939,0.2491746391627544,lane_2,mainline,,normal,none,commit
MVS-SAFE-1B_executing_cap_lateral_consumption,MVS-SAFE-1B-cap,78,7.799999999999988,CFV_SAFE_EXEC,cav,not_applicable,7392.635245921577,0.0,29.40198086600939,0.2491746391627544,lane_2,mainline,,normal,none,commit
MVS-SAFE-1B_executing_cap_lateral_consumption,MVS-SAFE-1B-cap,79,7.899999999999988,MV_SAFE_EXEC,cav,not_applicable,7244.41227617048,-2.3214161695499795,0.3888334871140994,4.0,on_ramp,on_ramp_mv,,normal,executing,commit
MVS-SAFE-1B_executing_cap_lateral_consumption,MVS-SAFE-1B-cap,79,7.899999999999988,CLV_SAFE_EXEC,cav,not_applicable,7475.577836084713,0.0,29.425901631369012,0.23920765359624455,lane_2,mainline,,normal,none,commit
MVS-SAFE-1B_executing_cap_lateral_consumption,MVS-SAFE-1B-cap,79,7.899999999999988,CFV_SAFE_EXEC,cav,not_applicable,7395.577836084713,0.0,29.425901631369012,0.23920765359624455,lane_2,mainline,,normal,none,commit
MVS-SAFE-1B_executing_cap_lateral_consumption,MVS-SAFE-1B-cap,80,7.999999999999988,MV_SAFE_EXEC,cav,not_applicable,7244.450230029375,-2.319443511150526,0.37953858895279274,4.0,on_ramp,on_ramp_mv,,normal,executing,commit
MVS-SAFE-1B_executing_cap_lateral_consumption,MVS-SAFE-1B-cap,80,7.999999999999988,CLV_SAFE_EXEC,cav,not_applicable,7478.522722641324,0.0,29.44886556611425,0.22963934745239528,lane_2,mainline,,normal,none,commit
MVS-SAFE-1B_executing_cap_lateral_consumption,MVS-SAFE-1B-cap,80,7.999999999999988,CFV_SAFE_EXEC,cav,not_applicable,7398.522722641324,0.0,29.44886556611425,0.22963934745239528,lane_2,mainline,,normal,none,commit
MVS-SAFE-1B_executing_cap_lateral_consumption,MVS-SAFE-1B-cap,81,8.099999999999987,MV_SAFE_EXEC,cav,not_applicable,7244.48727661751,-2.3175172274979063,0.37046588135560865,4.0,on_ramp,on_ramp_mv,,normal,executing,commit
MVS-SAFE-1B_executing_cap_lateral_consumption,MVS-SAFE-1B-cap,81,8.099999999999987,CLV_SAFE_EXEC,cav,not_applicable,7481.469813735672,0.0,29.47091094346968,0.22045377355429993,lane_2,mainline,,normal,none,commit
MVS-SAFE-1B_executing_cap_lateral_consumption,MVS-SAFE-1B-cap,81,8.099999999999987,CFV_SAFE_EXEC,cav,not_applicable,7401.469813735672,0.0,29.47091094346968,0.22045377355429993,lane_2,mainline,,normal,none,commit
MVS-SAFE-1B_executing_cap_lateral_consumption,MVS-SAFE-1B-cap,82,8.199999999999987,MV_SAFE_EXEC,cav,not_applicable,7244.523437622805,-2.3156362494241556,0.3616100529521424,4.0,on_ramp,on_ramp_mv,,normal,executing,commit
MVS-SAFE-1B_executing_cap_lateral_consumption,MVS-SAFE-1B-cap,82,8.199999999999987,CLV_SAFE_EXEC,cav,not_applicable,7484.419021186245,0.0,29.49207450573089,0.21163562261212832,lane_2,mainline,,normal,none,commit
MVS-SAFE-1B_executing_cap_lateral_consumption,MVS-SAFE-1B-cap,82,8.199999999999987,CFV_SAFE_EXEC,cav,not_applicable,7404.419021186245,0.0,29.49207450573089,0.21163562261212832,lane_2,mainline,,normal,none,commit
MVS-SAFE-1B_executing_cap_lateral_consumption,MVS-SAFE-1B-cap,83,8.299999999999986,MV_SAFE_EXEC,cav,not_applicable,7244.558734214739,-2.313799531282827,0.35296591933795013,4.0,on_ramp,on_ramp_mv,,normal,executing,commit
MVS-SAFE-1B_executing_cap_lateral_consumption,MVS-SAFE-1B-cap,83,8.299999999999986,CLV_SAFE_EXEC,cav,not_applicable,7487.370260338796,0.0,29.512391525501656,0.20317019770764377,lane_2,mainline,,normal,none,commit
MVS-SAFE-1B_executing_cap_lateral_consumption,MVS-SAFE-1B-cap,83,8.299999999999986,CFV_SAFE_EXEC,cav,not_applicable,7407.370260338796,0.0,29.512391525501656,0.20317019770764377,lane_2,mainline,,normal,none,commit
MVS-SAFE-1B_executing_cap_lateral_consumption,MVS-SAFE-1B-cap,84,8.399999999999986,MV_SAFE_EXEC,cav,not_applicable,7244.593187056743,-2.312006050495104,0.3445284200397111,4.0,on_ramp,on_ramp_mv,,normal,executing,commit
MVS-SAFE-1B_executing_cap_lateral_consumption,MVS-SAFE-1B-cap,84,8.399999999999986,CLV_SAFE_EXEC,cav,not_applicable,7490.323449925244,0.0,29.53189586448159,0.19504338979933777,lane_2,mainline,,normal,none,commit
MVS-SAFE-1B_executing_cap_lateral_consumption,MVS-SAFE-1B-cap,84,8.399999999999986,CFV_SAFE_EXEC,cav,not_applicable,7410.323449925244,0.0,29.53189586448159,0.19504338979933777,lane_2,mainline,,normal,none,commit
MVS-SAFE-1B_executing_cap_lateral_consumption,MVS-SAFE-1B-cap,85,8.499999999999986,MV_SAFE_EXEC,cav,not_applicable,7244.626816318299,-2.3102548071007982,0.3362926155525706,4.0,on_ramp,on_ramp_mv,,normal,executing,commit
MVS-SAFE-1B_executing_cap_lateral_consumption,MVS-SAFE-1B-cap,85,8.499999999999986,CLV_SAFE_EXEC,cav,not_applicable,7493.278511928234,0.0,29.550620029902326,0.18724165420736372,lane_2,mainline,,normal,none,commit
MVS-SAFE-1B_executing_cap_lateral_consumption,MVS-SAFE-1B-cap,85,8.499999999999986,CFV_SAFE_EXEC,cav,not_applicable,7413.278511928234,0.0,29.550620029902326,0.18724165420736372,lane_2,mainline,,normal,none,commit
MVS-SAFE-1B_executing_cap_lateral_consumption,MVS-SAFE-1B-cap,86,8.599999999999985,MV_SAFE_EXEC,cav,not_applicable,7244.659641686743,-2.308544823314456,0.32825368444814096,4.0,on_ramp,on_ramp_mv,,normal,executing,commit
MVS-SAFE-1B_executing_cap_lateral_consumption,MVS-SAFE-1B-cap,86,8.599999999999985,CLV_SAFE_EXEC,cav,not_applicable,7496.235371451105,0.0,29.568595228706233,0.1797519880390695,lane_2,mainline,,normal,none,commit
MVS-SAFE-1B_executing_cap_lateral_consumption,MVS-SAFE-1B-cap,86,8.599999999999985,CFV_SAFE_EXEC,cav,not_applicable,7416.235371451105,0.0,29.568595228706233,0.1797519880390695,lane_2,mainline,,normal,none,commit
MVS-SAFE-1B_executing_cap_lateral_consumption,MVS-SAFE-1B-cap,87,8.699999999999985,MV_SAFE_EXEC,cav,not_applicable,7244.691682378799,-2.3068751430867693,0.32040692055272685,4.0,on_ramp,on_ramp_mv,,normal,executing,commit
MVS-SAFE-1B_executing_cap_lateral_consumption,MVS-SAFE-1B-cap,87,8.699999999999985,CLV_SAFE_EXEC,cav,not_applicable,7499.193956593061,0.0,29.585851419557983,0.17256190851750688,lane_2,mainline,,normal,none,commit
MVS-SAFE-1B_executing_cap_lateral_consumption,MVS-SAFE-1B-cap,87,8.699999999999985,CFV_SAFE_EXEC,cav,not_applicable,7419.193956593061,0.0,29.585851419557983,0.17256190851750688,lane_2,mainline,,normal,none,commit
MVS-SAFE-1B_executing_cap_lateral_consumption,MVS-SAFE-1B-cap,88,8.799999999999985,MV_SAFE_EXEC,cav,not_applicable,7244.722957151818,-2.3052448316714718,0.31274773019120816,4.0,on_ramp,on_ramp_mv,,normal,executing,commit
MVS-SAFE-1B_executing_cap_lateral_consumption,MVS-SAFE-1B-cap,88,8.799999999999985,CLV_SAFE_EXEC,cav,not_applicable,7502.154198329338,0.0,29.602417362775665,0.16565943217680684,lane_2,mainline,,normal,none,commit
MVS-SAFE-1B_executing_cap_lateral_consumption,MVS-SAFE-1B-cap,88,8.799999999999985,CFV_SAFE_EXEC,cav,not_applicable,7422.154198329338,0.0,29.602417362775665,0.16565943217680684,lane_2,mainline,,normal,none,commit
MVS-SAFE-1B_executing_cap_lateral_consumption,MVS-SAFE-1B-cap,89,8.899999999999984,MV_SAFE_EXEC,cav,not_applicable,7244.753484314768,-2.3036529751978656,0.305271629498538,4.0,on_ramp,on_ramp_mv,,normal,executing,commit
MVS-SAFE-1B_executing_cap_lateral_consumption,MVS-SAFE-1B-cap,89,8.899999999999984,CLV_SAFE_EXEC,cav,not_applicable,7505.116030396165,0.0,29.618320668264637,0.15903305488973418,lane_2,mainline,,normal,none,commit
MVS-SAFE-1B_executing_cap_lateral_consumption,MVS-SAFE-1B-cap,89,8.899999999999984,CFV_SAFE_EXEC,cav,not_applicable,7425.116030396165,0.0,29.618320668264637,0.15903305488973418,lane_2,mainline,,normal,none,commit
MVS-SAFE-1B_executing_cap_lateral_consumption,MVS-SAFE-1B-cap,90,8.999999999999984,MV_SAFE_EXEC,cav,not_applicable,7244.783281738947,-2.302098680249113,0.2979742417947243,4.0,on_ramp,on_ramp_mv,,normal,executing,commit
MVS-SAFE-1B_executing_cap_lateral_consumption,MVS-SAFE-1B-cap,90,8.999999999999984,CLV_SAFE_EXEC,cav,not_applicable,7508.079389180319,0.0,29.63358784153405,0.15267173269414513,lane_2,mainline,,normal,none,commit
MVS-SAFE-1B_executing_cap_lateral_consumption,MVS-SAFE-1B-cap,90,8.999999999999984,CFV_SAFE_EXEC,cav,not_applicable,7428.079389180319,0.0,29.63358784153405,0.15267173269414513,lane_2,mainline,,normal,none,commit
MVS-SAFE-1B_executing_cap_lateral_consumption,MVS-SAFE-1B-cap,91,9.099999999999984,MV_SAFE_EXEC,cav,not_applicable,7244.812366868449,-2.3005810734464123,0.29085129502199125,4.0,on_ramp,on_ramp_mv,,normal,executing,commit
MVS-SAFE-1B_executing_cap_lateral_consumption,MVS-SAFE-1B-cap,91,9.099999999999984,CLV_SAFE_EXEC,cav,not_applicable,7511.044213613106,0.0,29.64824432787269,0.14656486338637933,lane_2,mainline,,normal,none,commit
MVS-SAFE-1B_executing_cap_lateral_consumption,MVS-SAFE-1B-cap,91,9.099999999999984,CFV_SAFE_EXEC,cav,not_applicable,7431.044213613106,0.0,29.64824432787269,0.14656486338637933,lane_2,mainline,,normal,none,commit
MVS-SAFE-1B_executing_cap_lateral_consumption,MVS-SAFE-1B-cap,92,9.199999999999983,MV_SAFE_EXEC,cav,not_applicable,7244.840756730374,-2.299099301039139,0.28389861924455484,4.0,on_ramp,on_ramp_mv,,normal,executing,commit
MVS-SAFE-1B_executing_cap_lateral_consumption,MVS-SAFE-1B-cap,92,9.199999999999983,CLV_SAFE_EXEC,cav,not_applicable,7514.010445068582,0.0,29.66231455475778,0.14070226885092438,lane_2,mainline,,normal,none,commit
MVS-SAFE-1B_executing_cap_lateral_consumption,MVS-SAFE-1B-cap,92,9.199999999999983,CFV_SAFE_EXEC,cav,not_applicable,7434.010445068582,0.0,29.66231455475778,0.14070226885092438,lane_2,mainline,,normal,none,commit
MVS-SAFE-1B_executing_cap_lateral_consumption,MVS-SAFE-1B-cap,93,9.299999999999983,MV_SAFE_EXEC,cav,not_applicable,7244.868467944794,-2.297652528501053,0.2771121442070993,4.0,on_ramp,on_ramp_mv,,normal,executing,commit
MVS-SAFE-1B_executing_cap_lateral_consumption,MVS-SAFE-1B-cap,93,9.299999999999983,CLV_SAFE_EXEC,cav,not_applicable,7516.978027265839,0.0,29.67582197256747,0.13507417809688746,lane_2,mainline,,normal,none,commit
MVS-SAFE-1B_executing_cap_lateral_consumption,MVS-SAFE-1B-cap,93,9.299999999999983,CFV_SAFE_EXEC,cav,not_applicable,7436.978027265839,0.0,29.67582197256747,0.13507417809688746,lane_2,mainline,,normal,none,commit
MVS-SAFE-1B_executing_cap_lateral_consumption,MVS-SAFE-1B-cap,94,9.399999999999983,MV_SAFE_EXEC,cav,not_applicable,7244.895516734489,-2.296239940132617,0.27048789695217207,4.0,on_ramp,on_ramp_mv,,normal,executing,commit
MVS-SAFE-1B_executing_cap_lateral_consumption,MVS-SAFE-1B-cap,94,9.399999999999983,CLV_SAFE_EXEC,cav,not_applicable,7519.946906175205,0.0,29.68878909366477,0.12967121097301232,lane_2,mainline,,normal,none,commit
MVS-SAFE-1B_executing_cap_lateral_consumption,MVS-SAFE-1B-cap,94,9.399999999999983,CFV_SAFE_EXEC,cav,not_applicable,7439.946906175205,0.0,29.68878909366477,0.12967121097301232,lane_2,mainline,,normal,none,commit
MVS-SAFE-1B_executing_cap_lateral_consumption,MVS-SAFE-1B-cap,95,9.499999999999982,MV_SAFE_EXEC,cav,not_applicable,7244.9219189344385,-2.2948607386694886,0.26402199949388805,4.0,on_ramp,on_ramp_mv,,normal,executing,commit
MVS-SAFE-1B_executing_cap_lateral_consumption,MVS-SAFE-1B-cap,95,9.499999999999982,CLV_SAFE_EXEC,cav,not_applicable,7522.917029928197,0.0,29.701237529918178,0.124484362534092,lane_2,mainline,,normal,none,commit
MVS-SAFE-1B_executing_cap_lateral_consumption,MVS-SAFE-1B-cap,95,9.499999999999982,CFV_SAFE_EXEC,cav,not_applicable,7442.917029928197,0.0,29.701237529918178,0.124484362534092,lane_2,mainline,,normal,none,commit
MVS-SAFE-1B_executing_cap_lateral_consumption,MVS-SAFE-1B-cap,96,9.599999999999982,MV_SAFE_EXEC,cav,not_applicable,7244.947690001093,-2.2935141448972263,0.25771066654816055,4.0,on_ramp,on_ramp_mv,,normal,executing,commit
MVS-SAFE-1B_executing_cap_lateral_consumption,MVS-SAFE-1B-cap,96,9.599999999999982,CLV_SAFE_EXEC,cav,not_applicable,7525.888348731069,0.0,29.71318802872145,0.11950498803272894,lane_2,mainline,,normal,none,commit
MVS-SAFE-1B_executing_cap_lateral_consumption,MVS-SAFE-1B-cap,96,9.599999999999982,CFV_SAFE_EXEC,cav,not_applicable,7445.888348731069,0.0,29.71318802872145,0.11950498803272894,lane_2,mainline,,normal,none,commit
MVS-SAFE-1B_executing_cap_lateral_consumption,MVS-SAFE-1B-cap,97,9.699999999999982,MV_SAFE_EXEC,cav,not_applicable,7244.972845021425,-2.2921993972722254,0.25155020331641553,4.0,on_ramp,on_ramp_mv,,normal,executing,commit
MVS-SAFE-1B_executing_cap_lateral_consumption,MVS-SAFE-1B-cap,97,9.699999999999982,CLV_SAFE_EXEC,cav,not_applicable,7528.860814781826,0.0,29.724660507572594,0.11472478851141972,lane_2,mainline,,normal,none,commit
MVS-SAFE-1B_executing_cap_lateral_consumption,MVS-SAFE-1B-cap,97,9.699999999999982,CFV_SAFE_EXEC,cav,not_applicable,7448.860814781826,0.0,29.724660507572594,0.11472478851141972,lane_2,mainline,,normal,none,commit
MVS-SAFE-1B_executing_cap_lateral_consumption,MVS-SAFE-1B-cap,98,9.799999999999981,MV_SAFE_EXEC,cav,not_applicable,7244.997398721757,-2.290915751548913,0.24553700332257128,4.0,on_ramp,on_ramp_mv,,normal,executing,commit
MVS-SAFE-1B_executing_cap_lateral_consumption,MVS-SAFE-1B-cap,98,9.799999999999981,CLV_SAFE_EXEC,cav,not_applicable,7531.834382190553,0.0,29.73567408726969,0.11013579697096249,lane_2,mainline,,normal,none,commit
MVS-SAFE-1B_executing_cap_lateral_consumption,MVS-SAFE-1B-cap,98,9.799999999999981,CFV_SAFE_EXEC,cav,not_applicable,7451.834382190553,0.0,29.73567408726969,0.11013579697096249,lane_2,mainline,,normal,none,commit
MVS-SAFE-1B_executing_cap_lateral_consumption,MVS-SAFE-1B-cap,99,9.89999999999998,MV_SAFE_EXEC,cav,not_applicable,7245.0213654763875,-2.289662480413195,0.23966754630219694,4.0,on_ramp,on_ramp_mv,,normal,executing,commit
MVS-SAFE-1B_executing_cap_lateral_consumption,MVS-SAFE-1B-cap,99,9.89999999999998,CLV_SAFE_EXEC,cav,not_applicable,7534.80900690293,0.0,29.7462471237789,0.10573036509212415,lane_2,mainline,,normal,none,commit
MVS-SAFE-1B_executing_cap_lateral_consumption,MVS-SAFE-1B-cap,99,9.89999999999998,CFV_SAFE_EXEC,cav,not_applicable,7454.80900690293,0.0,29.7462471237789,0.10573036509212415,lane_2,mainline,,normal,none,commit
MVS-SAFE-1B_executing_cap_lateral_consumption,MVS-SAFE-1B-cap,100,9.99999999999998,MV_SAFE_EXEC,cav,not_applicable,7245.044759316002,-2.288438873122167,0.23393839614080555,4.0,on_ramp,on_ramp_mv,,normal,executing,commit
MVS-SAFE-1B_executing_cap_lateral_consumption,MVS-SAFE-1B-cap,100,9.99999999999998,CLV_SAFE_EXEC,cav,not_applicable,7537.784646626813,0.0,29.756397238827745,0.10150115048843987,lane_2,mainline,,normal,none,commit
MVS-SAFE-1B_executing_cap_lateral_consumption,MVS-SAFE-1B-cap,100,9.99999999999998,CFV_SAFE_EXEC,cav,not_applicable,7457.784646626813,0.0,29.756397238827745,0.10150115048843987,lane_2,mainline,,normal,none,commit
MVS-SAFE-1B_executing_cap_lateral_consumption,MVS-SAFE-1B-cap,101,10.09999999999998,MV_SAFE_EXEC,cav,not_applicable,7245.067593935888,-2.2872442351500677,0.2283461988630215,4.0,on_ramp,on_ramp_mv,,normal,executing,commit
MVS-SAFE-1B_executing_cap_lateral_consumption,MVS-SAFE-1B-cap,101,10.09999999999998,CLV_SAFE_EXEC,cav,not_applicable,7540.76126076174,0.0,29.766141349274633,0.09744110446890204,lane_2,mainline,,normal,none,commit
MVS-SAFE-1B_executing_cap_lateral_consumption,MVS-SAFE-1B-cap,101,10.09999999999998,CFV_SAFE_EXEC,cav,not_applicable,7460.76126076174,0.0,29.766141349274633,0.09744110446890204,lane_2,mainline,,normal,none,commit
MVS-SAFE-1B_executing_cap_lateral_consumption,MVS-SAFE-1B-cap,102,10.19999999999998,MV_SAFE_EXEC,cav,not_applicable,7245.089882703955,-2.2860778878404533,0.2228876806687086,4.0,on_ramp,on_ramp_mv,,normal,executing,commit
MVS-SAFE-1B_executing_cap_lateral_consumption,MVS-SAFE-1B-cap,102,10.19999999999998,CLV_SAFE_EXEC,cav,not_applicable,7543.7388103312705,0.0,29.775495695303647,0.09354346029014665,lane_2,mainline,,normal,none,commit
MVS-SAFE-1B_executing_cap_lateral_consumption,MVS-SAFE-1B-cap,102,10.19999999999998,CFV_SAFE_EXEC,cav,not_applicable,7463.7388103312705,0.0,29.775495695303647,0.09354346029014665,lane_2,mainline,,normal,none,commit
MVS-SAFE-1B_executing_cap_lateral_consumption,MVS-SAFE-1B-cap,103,10.29999999999998,MV_SAFE_EXEC,cav,not_applicable,7245.111638668556,-2.284939168064579,0.21755964601671107,4.0,on_ramp,on_ramp_mv,,normal,executing,commit
MVS-SAFE-1B_executing_cap_lateral_consumption,MVS-SAFE-1B-cap,103,10.29999999999998,CLV_SAFE_EXEC,cav,not_applicable,7546.71725791802,0.0,29.7844758674915,0.08980172187854124,lane_2,mainline,,normal,none,commit
MVS-SAFE-1B_executing_cap_lateral_consumption,MVS-SAFE-1B-cap,103,10.29999999999998,CFV_SAFE_EXEC,cav,not_applicable,7466.71725791802,0.0,29.7844758674915,0.08980172187854124,lane_2,mainline,,normal,none,commit
MVS-SAFE-1B_executing_cap_lateral_consumption,MVS-SAFE-1B-cap,104,10.399999999999979,MV_SAFE_EXEC,cav,not_applicable,7245.132874566131,-2.283827427885949,0.2123589757535988,4.0,on_ramp,on_ramp_mv,,normal,executing,commit
MVS-SAFE-1B_executing_cap_lateral_consumption,MVS-SAFE-1B-cap,104,10.399999999999979,CLV_SAFE_EXEC,cav,not_applicable,7549.696567601299,0.0,29.793096832791843,0.08620965300339947,lane_2,mainline,,normal,none,commit
MVS-SAFE-1B_executing_cap_lateral_consumption,MVS-SAFE-1B-cap,104,10.399999999999979,CFV_SAFE_EXEC,cav,not_applicable,7469.696567601299,0.0,29.793096832791843,0.08620965300339947,lane_2,mainline,,normal,none,commit
MVS-SAFE-1B_executing_cap_lateral_consumption,MVS-SAFE-1B-cap,105,10.499999999999979,MV_SAFE_EXEC,cav,not_applicable,7245.15360282866,-2.2827420342309876,0.20728262528828587,4.0,on_ramp,on_ramp_mv,,normal,executing,commit
MVS-SAFE-1B_executing_cap_lateral_consumption,MVS-SAFE-1B-cap,105,10.499999999999979,CLV_SAFE_EXEC,cav,not_applicable,7552.676704897247,0.0,29.80137295948017,0.08276126688326287,lane_2,mainline,,normal,none,commit
MVS-SAFE-1B_executing_cap_lateral_consumption,MVS-SAFE-1B-cap,105,10.499999999999979,CFV_SAFE_EXEC,cav,not_applicable,7472.676704897247,0.0,29.80137295948017,0.08276126688326287,lane_2,mainline,,normal,none,commit
MVS-SAFE-1B_executing_cap_lateral_consumption,MVS-SAFE-1B-cap,106,10.599999999999978,MV_SAFE_EXEC,cav,not_applicable,7245.173835590941,-2.28168236856581,0.2023276228090447,4.0,on_ramp,on_ramp_mv,,normal,executing,commit
MVS-SAFE-1B_executing_cap_lateral_consumption,MVS-SAFE-1B-cap,106,10.599999999999978,CLV_SAFE_EXEC,cav,not_applicable,7555.657636701357,0.0,29.809318041100962,0.07945081620793247,lane_2,mainline,,normal,none,commit
MVS-SAFE-1B_executing_cap_lateral_consumption,MVS-SAFE-1B-cap,106,10.599999999999978,CFV_SAFE_EXEC,cav,not_applicable,7475.657636701357,0.0,29.809318041100962,0.07945081620793247,lane_2,mainline,,normal,none,commit
MVS-SAFE-1B_executing_cap_lateral_consumption,MVS-SAFE-1B-cap,107,10.699999999999978,MV_SAFE_EXEC,cav,not_applicable,7245.193584697696,-2.28064782657902,0.1974910675442193,4.0,on_ramp,on_ramp_mv,,normal,executing,commit
MVS-SAFE-1B_executing_cap_lateral_consumption,MVS-SAFE-1B-cap,107,10.699999999999978,CLV_SAFE_EXEC,cav,not_applicable,7558.639331233302,0.0,29.816945319456924,0.07627278355961523,lane_2,mainline,,normal,none,commit
MVS-SAFE-1B_executing_cap_lateral_consumption,MVS-SAFE-1B-cap,107,10.699999999999978,CFV_SAFE_EXEC,cav,not_applicable,7478.639331233302,0.0,29.816945319456924,0.07627278355961523,lane_2,mainline,,normal,none,commit
MVS-SAFE-1B_executing_cap_lateral_consumption,MVS-SAFE-1B-cap,108,10.799999999999978,MV_SAFE_EXEC,cav,not_applicable,7245.212861710502,-2.279637817870503,0.1927701280638121,4.0,on_ramp,on_ramp_mv,,normal,executing,commit
MVS-SAFE-1B_executing_cap_lateral_consumption,MVS-SAFE-1B-cap,108,10.799999999999978,CLV_SAFE_EXEC,cav,not_applicable,7561.62175798397,0.0,29.82426750667865,0.07322187221723056,lane_2,mainline,,normal,none,commit
MVS-SAFE-1B_executing_cap_lateral_consumption,MVS-SAFE-1B-cap,108,10.799999999999978,CFV_SAFE_EXEC,cav,not_applicable,7481.62175798397,0.0,29.82426750667865,0.07322187221723056,lane_2,mainline,,normal,none,commit
MVS-SAFE-1B_executing_cap_lateral_consumption,MVS-SAFE-1B-cap,109,10.899999999999977,MV_SAFE_EXEC,cav,not_applicable,7245.231677914564,-2.2786517656461385,0.18816204062216127,4.0,on_ramp,on_ramp_mv,,normal,executing,commit
MVS-SAFE-1B_executing_cap_lateral_consumption,MVS-SAFE-1B-cap,109,10.899999999999977,CLV_SAFE_EXEC,cav,not_applicable,7564.604887664612,0.0,29.8312968064115,0.0702929973285407,lane_2,mainline,,normal,none,commit
MVS-SAFE-1B_executing_cap_lateral_consumption,MVS-SAFE-1B-cap,109,10.899999999999977,CFV_SAFE_EXEC,cav,not_applicable,7484.604887664612,0.0,29.8312968064115,0.0702929973285407,lane_2,mainline,,normal,none,commit
MVS-SAFE-1B_executing_cap_lateral_consumption,MVS-SAFE-1B-cap,110,10.999999999999977,MV_SAFE_EXEC,cav,not_applicable,7245.2500443253175,-2.277689106418393,0.18366410753931708,4.0,on_ramp,on_ramp_mv,,normal,executing,commit
MVS-SAFE-1B_executing_cap_lateral_consumption,MVS-SAFE-1B-cap,110,10.999999999999977,CLV_SAFE_EXEC,cav,not_applicable,7567.588692158028,0.0,29.83804493415504,0.06748127743539954,lane_2,mainline,,normal,none,commit
MVS-SAFE-1B_executing_cap_lateral_consumption,MVS-SAFE-1B-cap,110,10.999999999999977,CFV_SAFE_EXEC,cav,not_applicable,7487.588692158028,0.0,29.83804493415504,0.06748127743539954,lane_2,mainline,,normal,none,commit
MVS-SAFE-1B_executing_cap_lateral_consumption,MVS-SAFE-1B-cap,111,11.099999999999977,MV_SAFE_EXEC,cav,not_applicable,7245.26797169488,-2.2767492897127144,0.17927369562263945,4.0,on_ramp,on_ramp_mv,,normal,executing,commit
MVS-SAFE-1B_executing_cap_lateral_consumption,MVS-SAFE-1B-cap,111,11.099999999999977,CLV_SAFE_EXEC,cav,not_applicable,7570.573144471707,0.0,29.844523136788837,0.06478202633798417,lane_2,mainline,,normal,none,commit
MVS-SAFE-1B_executing_cap_lateral_consumption,MVS-SAFE-1B-cap,111,11.099999999999977,CFV_SAFE_EXEC,cav,not_applicable,7490.573144471707,0.0,29.844523136788837,0.06478202633798417,lane_2,mainline,,normal,none,commit
MVS-SAFE-1B_executing_cap_lateral_consumption,MVS-SAFE-1B-cap,112,11.199999999999976,MV_SAFE_EXEC,cav,not_applicable,7245.285470518342,-2.2758317777796653,0.17498823462448565,4.0,on_ramp,on_ramp_mv,,normal,executing,commit
MVS-SAFE-1B_executing_cap_lateral_consumption,MVS-SAFE-1B-cap,112,11.199999999999976,CLV_SAFE_EXEC,cav,not_applicable,7573.558218692839,0.0,29.850742211317282,0.06219074528446527,lane_2,mainline,,normal,none,commit
MVS-SAFE-1B_executing_cap_lateral_consumption,MVS-SAFE-1B-cap,112,11.199999999999976,CFV_SAFE_EXEC,cav,not_applicable,7493.558218692839,0.0,29.850742211317282,0.06219074528446527,lane_2,mainline,,normal,none,commit
MVS-SAFE-1B_executing_cap_lateral_consumption,MVS-SAFE-1B-cap,113,11.299999999999976,MV_SAFE_EXEC,cav,not_applicable,7245.302551039916,-2.2749360453127307,0.1708052157381622,4.0,on_ramp,on_ramp_mv,,normal,executing,commit
MVS-SAFE-1B_executing_cap_lateral_consumption,MVS-SAFE-1B-cap,113,11.299999999999976,CLV_SAFE_EXEC,cav,not_applicable,7576.543889945125,0.0,29.85671252286459,0.05970311547308711,lane_2,mainline,,normal,none,commit
MVS-SAFE-1B_executing_cap_lateral_consumption,MVS-SAFE-1B-cap,113,11.299999999999976,CFV_SAFE_EXEC,cav,not_applicable,7496.543889945125,0.0,29.85671252286459,0.05970311547308711,lane_2,mainline,,normal,none,commit
MVS-SAFE-1B_executing_cap_lateral_consumption,MVS-SAFE-1B-cap,114,11.399999999999975,MV_SAFE_EXEC,cav,not_applicable,7245.319223258928,-2.2740615791717294,0.16672219012866255,4.0,on_ramp,on_ramp_mv,,normal,executing,commit
MVS-SAFE-1B_executing_cap_lateral_consumption,MVS-SAFE-1B-cap,114,11.399999999999975,CLV_SAFE_EXEC,cav,not_applicable,7579.530134347319,0.0,29.862444021950008,0.05731499085416374,lane_2,mainline,,normal,none,commit
MVS-SAFE-1B_executing_cap_lateral_consumption,MVS-SAFE-1B-cap,114,11.399999999999975,CFV_SAFE_EXEC,cav,not_applicable,7499.530134347319,0.0,29.862444021950008,0.05731499085416374,lane_2,mainline,,normal,none,commit
MVS-SAFE-1B_executing_cap_lateral_consumption,MVS-SAFE-1B-cap,115,11.499999999999975,MV_SAFE_EXEC,cav,not_applicable,7245.335496935678,-2.2732078781117484,0.1627367674997124,4.0,on_ramp,on_ramp_mv,,normal,executing,commit
MVS-SAFE-1B_executing_cap_lateral_consumption,MVS-SAFE-1B-cap,115,11.499999999999975,CLV_SAFE_EXEC,cav,not_applicable,7582.516928973427,0.0,29.867946261072007,0.055022391219996795,lane_2,mainline,,normal,none,commit
MVS-SAFE-1B_executing_cap_lateral_consumption,MVS-SAFE-1B-cap,115,11.499999999999975,CFV_SAFE_EXEC,cav,not_applicable,7502.516928973427,0.0,29.867946261072007,0.055022391219996795,lane_2,mainline,,normal,none,commit
MVS-SAFE-1B_executing_cap_lateral_consumption,MVS-SAFE-1B-cap,116,11.599999999999975,MV_SAFE_EXEC,cav,not_applicable,7245.351381597147,-2.27237445251754,0.1588466146936441,4.0,on_ramp,on_ramp_mv,,normal,executing,commit
MVS-SAFE-1B_executing_cap_lateral_consumption,MVS-SAFE-1B-cap,116,11.599999999999975,CLV_SAFE_EXEC,cav,not_applicable,7585.50425181449,0.0,29.873228410629125,0.05282149557119738,lane_2,mainline,,normal,none,commit
MVS-SAFE-1B_executing_cap_lateral_consumption,MVS-SAFE-1B-cap,116,11.599999999999975,CFV_SAFE_EXEC,cav,not_applicable,7505.50425181449,0.0,29.873228410629125,0.05282149557119738,lane_2,mainline,,normal,none,commit
MVS-SAFE-1B_executing_cap_lateral_consumption,MVS-SAFE-1B-cap,117,11.699999999999974,MV_SAFE_EXEC,cav,not_applicable,7245.36688654258,-2.2715608241432923,0.15504945432605663,4.0,on_ramp,on_ramp_mv,,normal,executing,commit
MVS-SAFE-1B_executing_cap_lateral_consumption,MVS-SAFE-1B-cap,117,11.699999999999974,CLV_SAFE_EXEC,cav,not_applicable,7588.492081741911,0.0,29.87829927420396,0.05070863574835016,lane_2,mainline,,normal,none,commit
MVS-SAFE-1B_executing_cap_lateral_consumption,MVS-SAFE-1B-cap,117,11.699999999999974,CFV_SAFE_EXEC,cav,not_applicable,7508.492081741911,0.0,29.87829927420396,0.05070863574835016,lane_2,mainline,,normal,none,commit
MVS-SAFE-1B_executing_cap_lateral_consumption,MVS-SAFE-1B-cap,118,11.799999999999974,MV_SAFE_EXEC,cav,not_applicable,7245.382020848925,-2.2707665258577014,0.15134306345265247,4.0,on_ramp,on_ramp_mv,,normal,executing,commit
MVS-SAFE-1B_executing_cap_lateral_consumption,MVS-SAFE-1B-cap,118,11.799999999999974,CLV_SAFE_EXEC,cav,not_applicable,7591.480398472234,0.0,29.8831673032358,0.04868029031841559,lane_2,mainline,,normal,none,commit
MVS-SAFE-1B_executing_cap_lateral_consumption,MVS-SAFE-1B-cap,118,11.799999999999974,CFV_SAFE_EXEC,cav,not_applicable,7511.480398472234,0.0,29.8831673032358,0.04868029031841559,lane_2,mainline,,normal,none,commit
MVS-SAFE-1B_executing_cap_lateral_consumption,MVS-SAFE-1B-cap,119,11.899999999999974,MV_SAFE_EXEC,cav,not_applicable,7245.396793376151,-2.2699911013942735,0.14772527226738172,4.0,on_ramp,on_ramp_mv,,normal,executing,commit
MVS-SAFE-1B_executing_cap_lateral_consumption,MVS-SAFE-1B-cap,119,11.899999999999974,CLV_SAFE_EXEC,cav,not_applicable,7594.469182533345,0.0,29.88784061110637,0.04673307870567953,lane_2,mainline,,normal,none,commit
MVS-SAFE-1B_executing_cap_lateral_consumption,MVS-SAFE-1B-cap,119,11.899999999999974,CFV_SAFE_EXEC,cav,not_applicable,7514.469182533345,0.0,29.88784061110637,0.04673307870567953,lane_2,mainline,,normal,none,commit
MVS-SAFE-1B_executing_cap_lateral_consumption,MVS-SAFE-1B-cap,120,11.999999999999973,MV_SAFE_EXEC,cav,not_applicable,7245.411212772435,-2.2692341051067695,0.14419396283276278,4.0,on_ramp,on_ramp_mv,,normal,executing,commit
MVS-SAFE-1B_executing_cap_lateral_consumption,MVS-SAFE-1B-cap,120,11.999999999999973,CLV_SAFE_EXEC,cav,not_applicable,7597.458415232011,0.0,29.892326986662116,0.044863755557452124,lane_2,mainline,,normal,none,commit
MVS-SAFE-1B_executing_cap_lateral_consumption,MVS-SAFE-1B-cap,120,11.999999999999973,CFV_SAFE_EXEC,cav,not_applicable,7517.458415232011,0.0,29.892326986662116,0.044863755557452124,lane_2,mainline,,normal,none,commit
MVS-SAFE-1B_executing_cap_lateral_consumption,MVS-SAFE-1B-cap,121,12.099999999999973,MV_SAFE_EXEC,cav,not_applicable,7245.425287479218,-2.268495101729712,0.1407470678393364,4.0,on_ramp,on_ramp_mv,,normal,executing,commit
MVS-SAFE-1B_executing_cap_lateral_consumption,MVS-SAFE-1B-cap,121,12.099999999999973,CLV_SAFE_EXEC,cav,not_applicable,7600.4480786227305,0.0,29.896633907195632,0.04306920533515353,lane_2,mainline,,normal,none,commit
MVS-SAFE-1B_executing_cap_lateral_consumption,MVS-SAFE-1B-cap,121,12.099999999999973,CFV_SAFE_EXEC,cav,not_applicable,7520.4480786227305,0.0,29.896633907195632,0.04306920533515353,lane_2,mainline,,normal,none,commit
MVS-SAFE-1B_executing_cap_lateral_consumption,MVS-SAFE-1B-cap,122,12.199999999999973,MV_SAFE_EXEC,cav,not_applicable,7245.439025736157,-2.267773666143888,0.13738256939620913,4.0,on_ramp,on_ramp_mv,,normal,executing,commit
MVS-SAFE-1B_executing_cap_lateral_consumption,MVS-SAFE-1B-cap,122,12.199999999999973,CLV_SAFE_EXEC,cav,not_applicable,7603.438155477821,0.0,29.900768550907806,0.041346437121747216,lane_2,mainline,,normal,none,commit
MVS-SAFE-1B_executing_cap_lateral_consumption,MVS-SAFE-1B-cap,122,12.199999999999973,CFV_SAFE_EXEC,cav,not_applicable,7523.438155477821,0.0,29.900768550907806,0.041346437121747216,lane_2,mainline,,normal,none,commit
MVS-SAFE-1B_executing_cap_lateral_consumption,MVS-SAFE-1B-cap,123,12.299999999999972,MV_SAFE_EXEC,cav,not_applicable,7245.452435585942,-2.26706938314675,0.13409849784899078,4.0,on_ramp,on_ramp_mv,,normal,executing,commit
MVS-SAFE-1B_executing_cap_lateral_consumption,MVS-SAFE-1B-cap,123,12.299999999999972,CLV_SAFE_EXEC,cav,not_applicable,7606.4286292587085,0.0,29.904737808871495,0.03969257963687767,lane_2,mainline,,normal,none,commit
MVS-SAFE-1B_executing_cap_lateral_consumption,MVS-SAFE-1B-cap,123,12.299999999999972,CFV_SAFE_EXEC,cav,not_applicable,7526.4286292587085,0.0,29.904737808871495,0.03969257963687767,lane_2,mainline,,normal,none,commit
MVS-SAFE-1B_executing_cap_lateral_consumption,MVS-SAFE-1B-cap,124,12.399999999999972,MV_SAFE_EXEC,cav,not_applicable,7245.465524879005,-2.266381847227645,0.13089293062708232,4.0,on_ramp,on_ramp_mv,,normal,executing,commit
MVS-SAFE-1B_executing_cap_lateral_consumption,MVS-SAFE-1B-cap,124,12.399999999999972,CLV_SAFE_EXEC,cav,not_applicable,7609.41948408836,0.0,29.908548296516635,0.038104876451401995,lane_2,mainline,,normal,none,commit
MVS-SAFE-1B_executing_cap_lateral_consumption,MVS-SAFE-1B-cap,124,12.399999999999972,CFV_SAFE_EXEC,cav,not_applicable,7529.41948408836,0.0,29.908548296516635,0.038104876451401995,lane_2,mainline,,normal,none,commit
MVS-SAFE-1B_executing_cap_lateral_consumption,MVS-SAFE-1B-cap,125,12.499999999999972,MV_SAFE_EXEC,cav,not_applicable,7245.478301278117,-2.265710662347791,0.12776399111813996,4.0,on_ramp,on_ramp_mv,,normal,executing,commit
MVS-SAFE-1B_executing_cap_lateral_consumption,MVS-SAFE-1B-cap,125,12.499999999999972,CLV_SAFE_EXEC,cav,not_applicable,7612.410704724825,0.0,29.91220636465597,0.036580681393346026,lane_2,mainline,,normal,none,commit
MVS-SAFE-1B_executing_cap_lateral_consumption,MVS-SAFE-1B-cap,125,12.499999999999972,CFV_SAFE_EXEC,cav,not_applicable,7532.410704724825,0.0,29.91220636465597,0.036580681393346026,lane_2,mainline,,normal,none,commit
MVS-SAFE-1B_executing_cap_lateral_consumption,MVS-SAFE-1B-cap,126,12.599999999999971,MV_SAFE_EXEC,cav,not_applicable,7245.490772262874,-2.2650554417249156,0.12470984756949843,4.0,on_ramp,on_ramp_mv,,normal,executing,commit
MVS-SAFE-1B_executing_cap_lateral_consumption,MVS-SAFE-1B-cap,126,12.599999999999971,CLV_SAFE_EXEC,cav,not_applicable,7615.402276535832,0.0,29.91571811006973,0.03511745413761247,lane_2,mainline,,normal,none,commit
MVS-SAFE-1B_executing_cap_lateral_consumption,MVS-SAFE-1B-cap,126,12.599999999999971,CFV_SAFE_EXEC,cav,not_applicable,7535.402276535832,0.0,29.91571811006973,0.03511745413761247,lane_2,mainline,,normal,none,commit
MVS-SAFE-1B_executing_cap_lateral_consumption,MVS-SAFE-1B-cap,127,12.69999999999997,MV_SAFE_EXEC,cav,not_applicable,7245.502945134076,-2.264415807622479,0.12172871201590069,4.0,on_ramp,on_ramp_mv,,normal,executing,commit
MVS-SAFE-1B_executing_cap_lateral_consumption,MVS-SAFE-1B-cap,127,12.69999999999997,CLV_SAFE_EXEC,cav,not_applicable,7618.394185474399,0.0,29.91908938566694,0.03371275597210826,lane_2,mainline,,normal,none,commit
MVS-SAFE-1B_executing_cap_lateral_consumption,MVS-SAFE-1B-cap,127,12.69999999999997,CFV_SAFE_EXEC,cav,not_applicable,7538.394185474399,0.0,29.91908938566694,0.03371275597210826,lane_2,mainline,,normal,none,commit
MVS-SAFE-1B_executing_cap_lateral_consumption,MVS-SAFE-1B-cap,128,12.79999999999997,MV_SAFE_EXEC,cav,not_applicable,7245.514827017999,-2.263791391143407,0.1188188392322301,4.0,on_ramp,on_ramp_mv,,normal,executing,commit
MVS-SAFE-1B_executing_cap_lateral_consumption,MVS-SAFE-1B-cap,128,12.79999999999997,CLV_SAFE_EXEC,cav,not_applicable,7621.386418055423,0.0,29.922325810240263,0.0323642457332241,lane_2,mainline,,normal,none,commit
MVS-SAFE-1B_executing_cap_lateral_consumption,MVS-SAFE-1B-cap,128,12.79999999999997,CFV_SAFE_EXEC,cav,not_applicable,7541.386418055423,0.0,29.922325810240263,0.0323642457332241,lane_2,mainline,,normal,none,commit
MVS-SAFE-1B_executing_cap_lateral_consumption,MVS-SAFE-1B-cap,129,12.89999999999997,MV_SAFE_EXEC,cav,not_applicable,7245.52642487057,-2.2631818320282364,0.11597852571276664,4.0,on_ramp,on_ramp_mv,,normal,executing,commit
MVS-SAFE-1B_executing_cap_lateral_consumption,MVS-SAFE-1B-cap,129,12.89999999999997,CLV_SAFE_EXEC,cav,not_applicable,7624.378961333206,0.0,29.925432777830654,0.031069675903894735,lane_2,mainline,,normal,none,commit
MVS-SAFE-1B_executing_cap_lateral_consumption,MVS-SAFE-1B-cap,129,12.89999999999997,CFV_SAFE_EXEC,cav,not_applicable,7544.378961333206,0.0,29.925432777830654,0.031069675903894735,lane_2,mainline,,normal,none,commit
MVS-SAFE-1B_executing_cap_lateral_consumption,MVS-SAFE-1B-cap,130,12.99999999999997,MV_SAFE_EXEC,cav,not_applicable,7245.537745481437,-2.2625867784576235,0.11320610867283637,4.0,on_ramp,on_ramp_mv,,normal,executing,commit
MVS-SAFE-1B_executing_cap_lateral_consumption,MVS-SAFE-1B-cap,130,12.99999999999997,CLV_SAFE_EXEC,cav,not_applicable,7627.371802879878,0.0,29.92841546671743,0.029826888867738433,lane_2,mainline,,normal,none,commit
MVS-SAFE-1B_executing_cap_lateral_consumption,MVS-SAFE-1B-cap,130,12.99999999999997,CFV_SAFE_EXEC,cav,not_applicable,7547.371802879878,0.0,29.92841546671743,0.029826888867738433,lane_2,mainline,,normal,none,commit
MVS-SAFE-1B_executing_cap_lateral_consumption,MVS-SAFE-1B-cap,131,13.09999999999997,MV_SAFE_EXEC,cav,not_applicable,7245.548795477945,-2.262005886859102,0.11049996507611551,4.0,on_ramp,on_ramp_mv,,normal,executing,commit
MVS-SAFE-1B_executing_cap_lateral_consumption,MVS-SAFE-1B-cap,131,13.09999999999997,CLV_SAFE_EXEC,cav,not_applicable,7630.364930764683,0.0,29.93127884804873,0.02863381331302861,lane_2,mainline,,normal,none,commit
MVS-SAFE-1B_executing_cap_lateral_consumption,MVS-SAFE-1B-cap,131,13.09999999999997,CFV_SAFE_EXEC,cav,not_applicable,7550.364930764683,0.0,29.93127884804873,0.02863381331302861,lane_2,mainline,,normal,none,commit
MVS-SAFE-1B_executing_cap_lateral_consumption,MVS-SAFE-1B-cap,132,13.199999999999969,MV_SAFE_EXEC,cav,not_applicable,7245.559581329013,-2.2614388217180394,0.10785851068432768,4.0,on_ramp,on_ramp_mv,,normal,executing,commit
MVS-SAFE-1B_executing_cap_lateral_consumption,MVS-SAFE-1B-cap,132,13.199999999999969,CLV_SAFE_EXEC,cav,not_applicable,7633.358333534095,0.0,29.934027694126783,0.02748846078050775,lane_2,mainline,,normal,none,commit
MVS-SAFE-1B_executing_cap_lateral_consumption,MVS-SAFE-1B-cap,132,13.199999999999969,CFV_SAFE_EXEC,cav,not_applicable,7553.358333534095,0.0,29.934027694126783,0.02748846078050775,lane_2,mainline,,normal,none,commit
MVS-SAFE-1B_executing_cap_lateral_consumption,MVS-SAFE-1B-cap,133,13.299999999999969,MV_SAFE_EXEC,cav,not_applicable,7245.570109348926,-2.2608852553926972,0.10528019912976945,4.0,on_ramp,on_ramp_mv,,normal,executing,commit
MVS-SAFE-1B_executing_cap_lateral_consumption,MVS-SAFE-1B-cap,133,13.299999999999969,CLV_SAFE_EXEC,cav,not_applicable,7636.352000192732,0.0,29.93666658636171,0.02638892234928676,lane_2,mainline,,normal,none,commit
MVS-SAFE-1B_executing_cap_lateral_consumption,MVS-SAFE-1B-cap,133,13.299999999999969,CFV_SAFE_EXEC,cav,not_applicable,7556.352000192732,0.0,29.93666658636171,0.02638892234928676,lane_2,mainline,,normal,none,commit
MVS-SAFE-1B_executing_cap_lateral_consumption,MVS-SAFE-1B-cap,134,13.399999999999968,MV_SAFE_EXEC,cav,not_applicable,7245.580385701027,-2.2603448679333304,0.10276352100979418,4.0,on_ramp,on_ramp_mv,,normal,executing,commit
MVS-SAFE-1B_executing_cap_lateral_consumption,MVS-SAFE-1B-cap,134,13.399999999999968,CLV_SAFE_EXEC,cav,not_applicable,7639.345920185023,0.0,29.939199922907243,0.025333365455315972,lane_2,mainline,,normal,none,commit
MVS-SAFE-1B_executing_cap_lateral_consumption,MVS-SAFE-1B-cap,134,13.399999999999968,CFV_SAFE_EXEC,cav,not_applicable,7559.345920185023,0.0,29.939199922907243,0.025333365455315972,lane_2,mainline,,normal,none,commit
MVS-SAFE-1B_executing_cap_lateral_consumption,MVS-SAFE-1B-cap,135,13.499999999999968,MV_SAFE_EXEC,cav,not_applicable,7245.590416401327,-2.259817346905238,0.10030700300368933,4.0,on_ramp,on_ramp_mv,,normal,executing,commit
MVS-SAFE-1B_executing_cap_lateral_consumption,MVS-SAFE-1B-cap,135,13.499999999999968,CLV_SAFE_EXEC,cav,not_applicable,7642.340083377622,0.0,29.941631925990954,0.02432003083710299,lane_2,mainline,,normal,none,commit
MVS-SAFE-1B_executing_cap_lateral_consumption,MVS-SAFE-1B-cap,135,13.499999999999968,CFV_SAFE_EXEC,cav,not_applicable,7562.340083377622,0.0,29.941631925990954,0.02432003083710299,lane_2,mainline,,normal,none,commit
MVS-SAFE-1B_executing_cap_lateral_consumption,MVS-SAFE-1B-cap,136,13.599999999999968,MV_SAFE_EXEC,cav,not_applicable,7245.600207322028,-2.259302387215698,0.09790920700955556,4.0,on_ramp,on_ramp_mv,,normal,executing,commit
MVS-SAFE-1B_executing_cap_lateral_consumption,MVS-SAFE-1B-cap,136,13.599999999999968,CLV_SAFE_EXEC,cav,not_applicable,7645.3344800425175,0.0,29.943966648951317,0.023347229603618305,lane_2,mainline,,normal,none,commit
MVS-SAFE-1B_executing_cap_lateral_consumption,MVS-SAFE-1B-cap,136,13.599999999999968,CFV_SAFE_EXEC,cav,not_applicable,7565.3344800425175,0.0,29.943966648951317,0.023347229603618305,lane_2,mainline,,normal,none,commit
MVS-SAFE-1B_executing_cap_lateral_consumption,MVS-SAFE-1B-cap,137,13.699999999999967,MV_SAFE_EXEC,cav,not_applicable,7245.609764194958,-2.2587996909447106,0.09556872930292674,4.0,on_ramp,on_ramp_mv,,normal,executing,commit
MVS-SAFE-1B_executing_cap_lateral_consumption,MVS-SAFE-1B-cap,137,13.699999999999967,CLV_SAFE_EXEC,cav,not_applicable,7648.329100840817,0.0,29.946207982993265,0.022413340419473116,lane_2,mainline,,normal,none,commit
MVS-SAFE-1B_executing_cap_lateral_consumption,MVS-SAFE-1B-cap,137,13.699999999999967,CFV_SAFE_EXEC,cav,not_applicable,7568.329100840817,0.0,29.946207982993265,0.022413340419473116,lane_2,mainline,,normal,none,commit
MVS-SAFE-1B_executing_cap_lateral_consumption,MVS-SAFE-1B-cap,138,13.799999999999967,MV_SAFE_EXEC,cav,not_applicable,7245.619092614929,-2.258308967179469,0.0932841997145224,4.0,on_ramp,on_ramp_mv,,normal,executing,commit
MVS-SAFE-1B_executing_cap_lateral_consumption,MVS-SAFE-1B-cap,138,13.799999999999967,CLV_SAFE_EXEC,cav,not_applicable,7651.3239368071845,0.0,29.948359663673536,0.021516806802694077,lane_2,mainline,,normal,none,commit
MVS-SAFE-1B_executing_cap_lateral_consumption,MVS-SAFE-1B-cap,138,13.799999999999967,CFV_SAFE_EXEC,cav,not_applicable,7571.3239368071845,0.0,29.948359663673536,0.021516806802694077,lane_2,mainline,,normal,none,commit
MVS-SAFE-1B_executing_cap_lateral_consumption,MVS-SAFE-1B-cap,139,13.899999999999967,MV_SAFE_EXEC,cav,not_applicable,7245.628198043012,-2.2578299318524904,0.0910542808286539,4.0,on_ramp,on_ramp_mv,,normal,executing,commit
MVS-SAFE-1B_executing_cap_lateral_consumption,MVS-SAFE-1B-cap,139,13.899999999999967,CLV_SAFE_EXEC,cav,not_applicable,7654.318979334897,0.0,29.950425277126595,0.02065613453058575,lane_2,mainline,,normal,none,commit
MVS-SAFE-1B_executing_cap_lateral_consumption,MVS-SAFE-1B-cap,139,13.899999999999967,CFV_SAFE_EXEC,cav,not_applicable,7574.318979334897,0.0,29.950425277126595,0.02065613453058575,lane_2,mainline,,normal,none,commit
MVS-SAFE-1B_executing_cap_lateral_consumption,MVS-SAFE-1B-cap,140,13.999999999999966,MV_SAFE_EXEC,cav,not_applicable,7245.6370858097325,-2.2573623075833398,0.08887766719967592,4.0,on_ramp,on_ramp_mv,,normal,executing,commit
MVS-SAFE-1B_executing_cap_lateral_consumption,MVS-SAFE-1B-cap,140,13.999999999999966,CLV_SAFE_EXEC,cav,not_applicable,7657.314220161502,0.0,29.95240826604153,0.019829889149362147,lane_2,mainline,,normal,none,commit
MVS-SAFE-1B_executing_cap_lateral_consumption,MVS-SAFE-1B-cap,140,13.999999999999966,CFV_SAFE_EXEC,cav,not_applicable,7577.314220161502,0.0,29.95240826604153,0.019829889149362147,lane_2,mainline,,normal,none,commit
MVS-SAFE-1B_executing_cap_lateral_consumption,MVS-SAFE-1B-cap,141,14.099999999999966,MV_SAFE_EXEC,cav,not_applicable,7245.645761118191,-2.256905823523862,0.08675308458822226,4.0,on_ramp,on_ramp_mv,,normal,executing,commit
MVS-SAFE-1B_executing_cap_lateral_consumption,MVS-SAFE-1B-cap,141,14.099999999999966,CLV_SAFE_EXEC,cav,not_applicable,7660.309651355042,0.0,29.95431193539987,0.019036693583387887,lane_2,mainline,,normal,none,commit
MVS-SAFE-1B_executing_cap_lateral_consumption,MVS-SAFE-1B-cap,141,14.099999999999966,CFV_SAFE_EXEC,cav,not_applicable,7580.309651355042,0.0,29.95431193539987,0.019036693583387887,lane_2,mainline,,normal,none,commit
MVS-SAFE-1B_executing_cap_lateral_consumption,MVS-SAFE-1B-cap,142,14.199999999999966,MV_SAFE_EXEC,cav,not_applicable,7245.6542290471125,-2.256460215206862,0.08467928921526928,4.0,on_ramp,on_ramp_mv,,normal,executing,commit
MVS-SAFE-1B_executing_cap_lateral_consumption,MVS-SAFE-1B-cap,142,14.199999999999966,CLV_SAFE_EXEC,cav,not_applicable,7663.30526530084,0.0,29.956139457983873,0.018275225840052655,lane_2,mainline,,normal,none,commit
MVS-SAFE-1B_executing_cap_lateral_consumption,MVS-SAFE-1B-cap,142,14.199999999999966,CFV_SAFE_EXEC,cav,not_applicable,7583.30526530084,0.0,29.956139457983873,0.018275225840052655,lane_2,mainline,,normal,none,commit
MVS-SAFE-1B_executing_cap_lateral_consumption,MVS-SAFE-1B-cap,143,14.299999999999965,MV_SAFE_EXEC,cav,not_applicable,7245.662494553816,-2.2560252243981638,0.08265506703359232,4.0,on_ramp,on_ramp_mv,,normal,executing,commit
MVS-SAFE-1B_executing_cap_lateral_consumption,MVS-SAFE-1B-cap,143,14.299999999999965,CLV_SAFE_EXEC,cav,not_applicable,7666.301054688806,0.0,29.957893879664518,0.017544216806450665,lane_2,mainline,,normal,none,commit
MVS-SAFE-1B_executing_cap_lateral_consumption,MVS-SAFE-1B-cap,143,14.299999999999965,CFV_SAFE_EXEC,cav,not_applicable,7586.301054688806,0.0,29.957893879664518,0.017544216806450665,lane_2,mainline,,normal,none,commit
MVS-SAFE-1B_executing_cap_lateral_consumption,MVS-SAFE-1B-cap,144,14.399999999999965,MV_SAFE_EXEC,cav,not_applicable,7245.6705624771175,-2.255600598951975,0.08067923301704967,4.0,on_ramp,on_ramp_mv,,normal,executing,commit
MVS-SAFE-1B_executing_cap_lateral_consumption,MVS-SAFE-1B-cap,144,14.399999999999965,CLV_SAFE_EXEC,cav,not_applicable,7669.297012501254,0.0,29.959578124477936,0.01684244813419298,lane_2,mainline,,normal,none,commit
MVS-SAFE-1B_executing_cap_lateral_consumption,MVS-SAFE-1B-cap,144,14.399999999999965,CFV_SAFE_EXEC,cav,not_applicable,7589.297012501254,0.0,29.959578124477936,0.01684244813419298,lane_2,mainline,,normal,none,commit
MVS-SAFE-1B_executing_cap_lateral_consumption,MVS-SAFE-1B-cap,145,14.499999999999964,MV_SAFE_EXEC,cav,not_applicable,7245.678437540164,-2.2551860926694887,0.07875063046747689,4.0,on_ramp,on_ramp_mv,,normal,executing,commit
MVS-SAFE-1B_executing_cap_lateral_consumption,MVS-SAFE-1B-cap,145,14.499999999999964,CLV_SAFE_EXEC,cav,not_applicable,7672.293132001204,0.0,29.96119499949882,0.016168750208825602,lane_2,mainline,,normal,none,commit
MVS-SAFE-1B_executing_cap_lateral_consumption,MVS-SAFE-1B-cap,145,14.499999999999964,CFV_SAFE_EXEC,cav,not_applicable,7592.293132001204,0.0,29.96119499949882,0.016168750208825602,lane_2,mainline,,normal,none,commit
MVS-SAFE-1B_executing_cap_lateral_consumption,MVS-SAFE-1B-cap,146,14.599999999999964,MV_SAFE_EXEC,cav,not_applicable,7245.686124353198,-2.2547814651606632,0.07686813033679996,4.0,on_ramp,on_ramp_mv,,normal,executing,commit
MVS-SAFE-1B_executing_cap_lateral_consumption,MVS-SAFE-1B-cap,146,14.599999999999964,CLV_SAFE_EXEC,cav,not_applicable,7675.2894067211555,0.0,29.962747199518866,0.01552200020047252,lane_2,mainline,,normal,none,commit
MVS-SAFE-1B_executing_cap_lateral_consumption,MVS-SAFE-1B-cap,146,14.599999999999964,CFV_SAFE_EXEC,cav,not_applicable,7595.2894067211555,0.0,29.962747199518866,0.01552200020047252,lane_2,mainline,,normal,none,commit
MVS-SAFE-1B_executing_cap_lateral_consumption,MVS-SAFE-1B-cap,147,14.699999999999964,MV_SAFE_EXEC,cav,not_applicable,7245.6936274162545,-2.2543864817091124,0.07503063056632368,4.0,on_ramp,on_ramp_mv,,normal,executing,commit
MVS-SAFE-1B_executing_cap_lateral_consumption,MVS-SAFE-1B-cap,147,14.699999999999964,CLV_SAFE_EXEC,cav,not_applicable,7678.28583045231,0.0,29.96423731153811,0.014901120192453732,lane_2,mainline,,normal,none,commit
MVS-SAFE-1B_executing_cap_lateral_consumption,MVS-SAFE-1B-cap,147,14.699999999999964,CFV_SAFE_EXEC,cav,not_applicable,7598.28583045231,0.0,29.96423731153811,0.014901120192453732,lane_2,mainline,,normal,none,commit
MVS-SAFE-1B_executing_cap_lateral_consumption,MVS-SAFE-1B-cap,148,14.799999999999963,MV_SAFE_EXEC,cav,not_applicable,7245.700951121798,-2.254000913140031,0.0732370554416739,4.0,on_ramp,on_ramp_mv,,normal,executing,commit
MVS-SAFE-1B_executing_cap_lateral_consumption,MVS-SAFE-1B-cap,148,14.799999999999963,CLV_SAFE_EXEC,cav,not_applicable,7681.282397234218,0.0,29.965667819076586,0.014305075384756095,lane_2,mainline,,normal,none,commit
MVS-SAFE-1B_executing_cap_lateral_consumption,MVS-SAFE-1B-cap,148,14.799999999999963,CFV_SAFE_EXEC,cav,not_applicable,7601.282397234218,0.0,29.965667819076586,0.014305075384756095,lane_2,mainline,,normal,none,commit
MVS-SAFE-1B_executing_cap_lateral_consumption,MVS-SAFE-1B-cap,149,14.899999999999963,MV_SAFE_EXEC,cav,not_applicable,7245.708099757295,-2.253624535691109,0.0714863549631757,4.0,on_ramp,on_ramp_mv,,normal,executing,commit
MVS-SAFE-1B_executing_cap_lateral_consumption,MVS-SAFE-1B-cap,149,14.899999999999963,CLV_SAFE_EXEC,cav,not_applicable,7684.279101344849,0.0,29.967041106313523,0.013732872369365623,lane_2,mainline,,normal,none,commit
MVS-SAFE-1B_executing_cap_lateral_consumption,MVS-SAFE-1B-cap,149,14.899999999999963,CFV_SAFE_EXEC,cav,not_applicable,7604.279101344849,0.0,29.967041106313523,0.013732872369365623,lane_2,mainline,,normal,none,commit
MVS-SAFE-1B_executing_cap_lateral_consumption,MVS-SAFE-1B-cap,150,14.999999999999963,MV_SAFE_EXEC,cav,not_applicable,7245.715077507718,-2.2532571308863614,0.0697775042305808,4.0,on_ramp,on_ramp_mv,,normal,executing,commit
MVS-SAFE-1B_executing_cap_lateral_consumption,MVS-SAFE-1B-cap,150,14.999999999999963,CLV_SAFE_EXEC,cav,not_applicable,7687.275937291055,0.0,29.96835946206098,0.013183557474590657,lane_2,mainline,,normal,none,commit
MVS-SAFE-1B_executing_cap_lateral_consumption,MVS-SAFE-1B-cap,150,14.999999999999963,CFV_SAFE_EXEC,cav,not_applicable,7607.275937291055,0.0,29.96835946206098,0.013183557474590657,lane_2,mainline,,normal,none,commit
MVS-SAFE-1B_executing_cap_lateral_consumption,MVS-SAFE-1B-cap,151,15.099999999999962,MV_SAFE_EXEC,cav,not_applicable,7245.7218884580025,-2.252898485412816,0.06810950284366596,4.0,on_ramp,on_ramp_mv,,normal,executing,commit
MVS-SAFE-1B_executing_cap_lateral_consumption,MVS-SAFE-1B-cap,151,15.099999999999962,CLV_SAFE_EXEC,cav,not_applicable,7690.272899799413,0.0,29.969625083578542,0.0126562151756076,lane_2,mainline,,normal,none,commit
MVS-SAFE-1B_executing_cap_lateral_consumption,MVS-SAFE-1B-cap,151,15.099999999999962,CFV_SAFE_EXEC,cav,not_applicable,7610.272899799413,0.0,29.969625083578542,0.0126562151756076,lane_2,mainline,,normal,none,commit
MVS-SAFE-1B_executing_cap_lateral_consumption,MVS-SAFE-1B-cap,152,15.199999999999962,MV_SAFE_EXEC,cav,not_applicable,7245.728536595434,-2.2525483909999933,0.06648137431631085,4.0,on_ramp,on_ramp_mv,,normal,executing,commit
MVS-SAFE-1B_executing_cap_lateral_consumption,MVS-SAFE-1B-cap,152,15.199999999999962,CLV_SAFE_EXEC,cav,not_applicable,7693.269983807436,0.0,29.9708400802354,0.012149966568583182,lane_2,mainline,,normal,none,commit
MVS-SAFE-1B_executing_cap_lateral_consumption,MVS-SAFE-1B-cap,152,15.199999999999962,CFV_SAFE_EXEC,cav,not_applicable,7613.269983807436,0.0,29.9708400802354,0.012149966568583182,lane_2,mainline,,normal,none,commit
MVS-SAFE-1B_executing_cap_lateral_consumption,MVS-SAFE-1B-cap,153,15.299999999999962,MV_SAFE_EXEC,cav,not_applicable,7245.735025811984,-2.2522066443021322,0.06489216550492491,4.0,on_ramp,on_ramp_mv,,normal,executing,commit
MVS-SAFE-1B_executing_cap_lateral_consumption,MVS-SAFE-1B-cap,153,15.299999999999962,CLV_SAFE_EXEC,cav,not_applicable,7696.267184455139,0.0,29.972006477025985,0.011663967905839456,lane_2,mainline,,normal,none,commit
MVS-SAFE-1B_executing_cap_lateral_consumption,MVS-SAFE-1B-cap,153,15.299999999999962,CFV_SAFE_EXEC,cav,not_applicable,7616.267184455139,0.0,29.972006477025985,0.011663967905839456,lane_2,mainline,,normal,none,commit
MVS-SAFE-1B_executing_cap_lateral_consumption,MVS-SAFE-1B-cap,154,15.399999999999961,MV_SAFE_EXEC,cav,not_applicable,7245.741359906589,-2.251873046783087,0.0633409460503539,4.0,on_ramp,on_ramp_mv,,normal,executing,commit
MVS-SAFE-1B_executing_cap_lateral_consumption,MVS-SAFE-1B-cap,154,15.399999999999961,CLV_SAFE_EXEC,cav,not_applicable,7699.264497076933,0.0,29.973126217944944,0.011197409189605878,lane_2,mainline,,normal,none,commit
MVS-SAFE-1B_executing_cap_lateral_consumption,MVS-SAFE-1B-cap,154,15.399999999999961,CFV_SAFE_EXEC,cav,not_applicable,7619.264497076933,0.0,29.973126217944944,0.011197409189605878,lane_2,mainline,,normal,none,commit
MVS-SAFE-1B_executing_cap_lateral_consumption,MVS-SAFE-1B-cap,155,15.499999999999961,MV_SAFE_EXEC,cav,not_applicable,7245.747542587373,-2.251547404603854,0.06182680783304828,4.0,on_ramp,on_ramp_mv,,normal,executing,commit
MVS-SAFE-1B_executing_cap_lateral_consumption,MVS-SAFE-1B-cap,155,15.499999999999961,CLV_SAFE_EXEC,cav,not_applicable,7702.261917193856,0.0,29.974201169227147,0.010749512822022212,lane_2,mainline,,normal,none,commit
MVS-SAFE-1B_executing_cap_lateral_consumption,MVS-SAFE-1B-cap,155,15.499999999999961,CFV_SAFE_EXEC,cav,not_applicable,7622.261917193856,0.0,29.974201169227147,0.010749512822022212,lane_2,mainline,,normal,none,commit
MVS-SAFE-1B_executing_cap_lateral_consumption,MVS-SAFE-1B-cap,156,15.59999999999996,MV_SAFE_EXEC,cav,not_applicable,7245.753577473817,-2.2512295285126527,0.06034886444214611,4.0,on_ramp,on_ramp_mv,,normal,executing,commit
MVS-SAFE-1B_executing_cap_lateral_consumption,MVS-SAFE-1B-cap,156,15.59999999999996,CLV_SAFE_EXEC,cav,not_applicable,7705.259440506102,0.0,29.97523312245806,0.010319532309141267,lane_2,mainline,,normal,none,commit
MVS-SAFE-1B_executing_cap_lateral_consumption,MVS-SAFE-1B-cap,156,15.59999999999996,CFV_SAFE_EXEC,cav,not_applicable,7625.259440506102,0.0,29.97523312245806,0.010319532309141267,lane_2,mainline,,normal,none,commit
MVS-SAFE-1B_executing_cap_lateral_consumption,MVS-SAFE-1B-cap,157,15.69999999999996,MV_SAFE_EXEC,cav,not_applicable,7245.759468098882,-2.2509192337375343,0.05890625065564369,4.0,on_ramp,on_ramp_mv,,normal,executing,commit
MVS-SAFE-1B_executing_cap_lateral_consumption,MVS-SAFE-1B-cap,157,15.69999999999996,CLV_SAFE_EXEC,cav,not_applicable,7708.2570628858575,0.0,29.97622379755974,0.009906751016775673,lane_2,mainline,,normal,none,commit
MVS-SAFE-1B_executing_cap_lateral_consumption,MVS-SAFE-1B-cap,157,15.69999999999996,CFV_SAFE_EXEC,cav,not_applicable,7628.2570628858575,0.0,29.97622379755974,0.009906751016775673,lane_2,mainline,,normal,none,commit
MVS-SAFE-1B_executing_cap_lateral_consumption,MVS-SAFE-1B-cap,158,15.79999999999996,MV_SAFE_EXEC,cav,not_applicable,7245.7652179110755,-2.250616339881427,0.057498121934698034,4.0,on_ramp,on_ramp_mv,,normal,executing,commit
MVS-SAFE-1B_executing_cap_lateral_consumption,MVS-SAFE-1B-cap,158,15.79999999999996,CLV_SAFE_EXEC,cav,not_applicable,7711.254780370423,0.0,29.977174845657352,0.009510480976103963,lane_2,mainline,,normal,none,commit
MVS-SAFE-1B_executing_cap_lateral_consumption,MVS-SAFE-1B-cap,158,15.79999999999996,CFV_SAFE_EXEC,cav,not_applicable,7631.254780370423,0.0,29.977174845657352,0.009510480976103963,lane_2,mainline,,normal,none,commit
MVS-SAFE-1B_executing_cap_lateral_consumption,MVS-SAFE-1B-cap,159,15.89999999999996,MV_SAFE_EXEC,cav,not_applicable,7245.770830276469,-2.250320670819602,0.05612365392836504,4.0,on_ramp,on_ramp_mv,,normal,executing,commit
MVS-SAFE-1B_executing_cap_lateral_consumption,MVS-SAFE-1B-cap,159,15.89999999999996,CLV_SAFE_EXEC,cav,not_applicable,7714.252589155606,0.0,29.97808785183106,0.009130061737059237,lane_2,mainline,,normal,none,commit
MVS-SAFE-1B_executing_cap_lateral_consumption,MVS-SAFE-1B-cap,159,15.89999999999996,CFV_SAFE_EXEC,cav,not_applicable,7634.252589155606,0.0,29.97808785183106,0.009130061737059237,lane_2,mainline,,normal,none,commit
MVS-SAFE-1B_executing_cap_lateral_consumption,MVS-SAFE-1B-cap,160,15.99999999999996,MV_SAFE_EXEC,cav,not_applicable,7245.7763084806675,-2.2500320545994814,0.054782041991599695,4.0,on_ramp,on_ramp_mv,,normal,executing,commit
MVS-SAFE-1B_executing_cap_lateral_consumption,MVS-SAFE-1B-cap,160,15.99999999999996,CLV_SAFE_EXEC,cav,not_applicable,7717.250485589382,0.0,29.978964337757816,0.008764859267576242,lane_2,mainline,,normal,none,commit
MVS-SAFE-1B_executing_cap_lateral_consumption,MVS-SAFE-1B-cap,160,15.99999999999996,CFV_SAFE_EXEC,cav,not_applicable,7637.250485589382,0.0,29.978964337757816,0.008764859267576242,lane_2,mainline,,normal,none,commit
MVS-SAFE-1B_executing_cap_lateral_consumption,MVS-SAFE-1B-cap,161,16.09999999999996,MV_SAFE_EXEC,cav,not_applicable,7245.781655730739,-2.2497503233427487,0.05347250071434423,4.0,on_ramp,on_ramp_mv,,normal,executing,commit
MVS-SAFE-1B_executing_cap_lateral_consumption,MVS-SAFE-1B-cap,161,16.09999999999996,CLV_SAFE_EXEC,cav,not_applicable,7720.248466165807,0.0,29.9798057642475,0.008414264896873648,lane_2,mainline,,normal,none,commit
MVS-SAFE-1B_executing_cap_lateral_consumption,MVS-SAFE-1B-cap,161,16.09999999999996,CFV_SAFE_EXEC,cav,not_applicable,7640.248466165807,0.0,29.9798057642475,0.008414264896873648,lane_2,mainline,,normal,none,commit
MVS-SAFE-1B_executing_cap_lateral_consumption,MVS-SAFE-1B-cap,162,16.19999999999996,MV_SAFE_EXEC,cav,not_applicable,7245.786875157085,-2.2494753131497056,0.052194263461052035,4.0,on_ramp,on_ramp_mv,,normal,executing,commit
MVS-SAFE-1B_executing_cap_lateral_consumption,MVS-SAFE-1B-cap,162,16.19999999999996,CLV_SAFE_EXEC,cav,not_applicable,7723.246527519175,0.0,29.9806135336776,0.008077694300999383,lane_2,mainline,,normal,none,commit
MVS-SAFE-1B_executing_cap_lateral_consumption,MVS-SAFE-1B-cap,162,16.19999999999996,CFV_SAFE_EXEC,cav,not_applicable,7643.246527519175,0.0,29.9806135336776,0.008077694300999383,lane_2,mainline,,normal,none,commit
MVS-SAFE-1B_executing_cap_lateral_consumption,MVS-SAFE-1B-cap,163,16.29999999999996,MV_SAFE_EXEC,cav,not_applicable,7245.791969815277,-2.249206864005836,0.05094658192238654,4.0,on_ramp,on_ramp_mv,,normal,executing,commit
MVS-SAFE-1B_executing_cap_lateral_consumption,MVS-SAFE-1B-cap,163,16.29999999999996,CLV_SAFE_EXEC,cav,not_applicable,7726.244666418408,0.0,29.981388992330498,0.007754586528959351,lane_2,mainline,,normal,none,commit
MVS-SAFE-1B_executing_cap_lateral_consumption,MVS-SAFE-1B-cap,163,16.29999999999996,CFV_SAFE_EXEC,cav,not_applicable,7646.244666418408,0.0,29.981388992330498,0.007754586528959351,lane_2,mainline,,normal,none,commit
MVS-SAFE-1B_executing_cap_lateral_consumption,MVS-SAFE-1B-cap,164,16.399999999999963,MV_SAFE_EXEC,cav,not_applicable,7245.796942687845,-2.2489448196905144,0.04972872567713842,4.0,on_ramp,on_ramp_mv,,normal,executing,commit
MVS-SAFE-1B_executing_cap_lateral_consumption,MVS-SAFE-1B-cap,164,16.399999999999963,CLV_SAFE_EXEC,cav,not_applicable,7729.242879761672,0.0,29.982133432637276,0.00744440306780092,lane_2,mainline,,normal,none,commit
MVS-SAFE-1B_executing_cap_lateral_consumption,MVS-SAFE-1B-cap,164,16.399999999999963,CFV_SAFE_EXEC,cav,not_applicable,7649.242879761672,0.0,29.982133432637276,0.00744440306780092,lane_2,mainline,,normal,none,commit
MVS-SAFE-1B_executing_cap_lateral_consumption,MVS-SAFE-1B-cap,165,16.499999999999964,MV_SAFE_EXEC,cav,not_applicable,7245.801796686022,-2.248689027687826,0.0485399817643611,4.0,on_ramp,on_ramp_mv,,normal,executing,commit
MVS-SAFE-1B_executing_cap_lateral_consumption,MVS-SAFE-1B-cap,165,16.499999999999964,CLV_SAFE_EXEC,cav,not_applicable,7732.241164571205,0.0,29.982848095331786,0.007146626945089452,lane_2,mainline,,normal,none,commit
MVS-SAFE-1B_executing_cap_lateral_consumption,MVS-SAFE-1B-cap,165,16.499999999999964,CFV_SAFE_EXEC,cav,not_applicable,7652.241164571205,0.0,29.982848095331786,0.007146626945089452,lane_2,mainline,,normal,none,commit
MVS-SAFE-1B_executing_cap_lateral_consumption,MVS-SAFE-1B-cap,166,16.599999999999966,MV_SAFE_EXEC,cav,not_applicable,7245.806534651449,-2.248439339099438,0.04737965426637682,4.0,on_ramp,on_ramp_mv,,normal,executing,commit
MVS-SAFE-1B_executing_cap_lateral_consumption,MVS-SAFE-1B-cap,166,16.599999999999966,CLV_SAFE_EXEC,cav,not_applicable,7735.239517988357,0.0,29.983534171518514,0.006860761867285703,lane_2,mainline,,normal,none,commit
MVS-SAFE-1B_executing_cap_lateral_consumption,MVS-SAFE-1B-cap,166,16.599999999999966,CFV_SAFE_EXEC,cav,not_applicable,7655.239517988357,0.0,29.983534171518514,0.006860761867285703,lane_2,mainline,,normal,none,commit
MVS-SAFE-1B_executing_cap_lateral_consumption,MVS-SAFE-1B-cap,167,16.699999999999967,MV_SAFE_EXEC,cav,not_applicable,7245.811159357839,-2.2481956085594907,0.046247063900696495,4.0,on_ramp,on_ramp_mv,,normal,executing,commit
MVS-SAFE-1B_executing_cap_lateral_consumption,MVS-SAFE-1B-cap,167,16.699999999999967,CLV_SAFE_EXEC,cav,not_applicable,7738.237937268823,0.0,29.984192804657773,0.006586331392594503,lane_2,mainline,,normal,none,commit
MVS-SAFE-1B_executing_cap_lateral_consumption,MVS-SAFE-1B-cap,167,16.699999999999967,CFV_SAFE_EXEC,cav,not_applicable,7658.237937268823,0.0,29.984192804657773,0.006586331392594503,lane_2,mainline,,normal,none,commit
MVS-SAFE-1B_executing_cap_lateral_consumption,MVS-SAFE-1B-cap,168,16.79999999999997,MV_SAFE_EXEC,cav,not_applicable,7245.815673512601,-2.24795769415145,0.04514154762324505,4.0,on_ramp,on_ramp_mv,,normal,executing,commit
MVS-SAFE-1B_executing_cap_lateral_consumption,MVS-SAFE-1B-cap,168,16.79999999999997,CLV_SAFE_EXEC,cav,not_applicable,7741.23641977807,0.0,29.984825092471464,0.006322878136890609,lane_2,mainline,,normal,none,commit
MVS-SAFE-1B_executing_cap_lateral_consumption,MVS-SAFE-1B-cap,168,16.79999999999997,CFV_SAFE_EXEC,cav,not_applicable,7661.23641977807,0.0,29.984825092471464,0.006322878136890609,lane_2,mainline,,normal,none,commit
MVS-SAFE-1B_executing_cap_lateral_consumption,MVS-SAFE-1B-cap,169,16.89999999999997,MV_SAFE_EXEC,cav,not_applicable,7245.820079758425,-2.24772545732689,0.04406245823941338,4.0,on_ramp,on_ramp_mv,,normal,executing,commit
MVS-SAFE-1B_executing_cap_lateral_consumption,MVS-SAFE-1B-cap,169,16.89999999999997,CLV_SAFE_EXEC,cav,not_applicable,7744.234962986947,0.0,29.985432088772605,0.006069963011414359,lane_2,mainline,,normal,none,commit
MVS-SAFE-1B_executing_cap_lateral_consumption,MVS-SAFE-1B-cap,169,16.89999999999997,CFV_SAFE_EXEC,cav,not_applicable,7664.234962986947,0.0,29.985432088772605,0.006069963011414359,lane_2,mainline,,normal,none,commit
MVS-SAFE-1B_executing_cap_lateral_consumption,MVS-SAFE-1B-cap,170,16.99999999999997,MV_SAFE_EXEC,cav,not_applicable,7245.824380674828,-2.2474987628261514,0.04300916402576356,4.0,on_ramp,on_ramp_mv,,normal,executing,commit
MVS-SAFE-1B_executing_cap_lateral_consumption,MVS-SAFE-1B-cap,170,16.99999999999997,CLV_SAFE_EXEC,cav,not_applicable,7747.233564467469,0.0,29.9860148052217,0.005827164490958126,lane_2,mainline,,normal,none,commit
MVS-SAFE-1B_executing_cap_lateral_consumption,MVS-SAFE-1B-cap,170,16.99999999999997,CFV_SAFE_EXEC,cav,not_applicable,7667.233564467469,0.0,29.9860148052217,0.005827164490958126,lane_2,mainline,,normal,none,commit
MVS-SAFE-1B_executing_cap_lateral_consumption,MVS-SAFE-1B-cap,171,17.099999999999973,MV_SAFE_EXEC,cav,not_applicable,7245.828578779664,-2.2472774786008447,0.04198104835956086,4.0,on_ramp,on_ramp_mv,,normal,executing,commit
MVS-SAFE-1B_executing_cap_lateral_consumption,MVS-SAFE-1B-cap,171,17.099999999999973,CLV_SAFE_EXEC,cav,not_applicable,7750.23222188877,0.0,29.986574213012833,0.005594077911320028,lane_2,mainline,,normal,none,commit
MVS-SAFE-1B_executing_cap_lateral_consumption,MVS-SAFE-1B-cap,171,17.099999999999973,CFV_SAFE_EXEC,cav,not_applicable,7670.23222188877,0.0,29.986574213012833,0.005594077911320028,lane_2,mainline,,normal,none,commit
MVS-SAFE-1B_executing_cap_lateral_consumption,MVS-SAFE-1B-cap,172,17.199999999999974,MV_SAFE_EXEC,cav,not_applicable,7245.8326765306,-2.247061475738149,0.040977509358523935,4.0,on_ramp,on_ramp_mv,,normal,executing,commit
MVS-SAFE-1B_executing_cap_lateral_consumption,MVS-SAFE-1B-cap,172,17.199999999999974,CLV_SAFE_EXEC,cav,not_applicable,7753.230933013219,0.0,29.98711124449232,0.005370314794866715,lane_2,mainline,,normal,none,commit
MVS-SAFE-1B_executing_cap_lateral_consumption,MVS-SAFE-1B-cap,172,17.199999999999974,CFV_SAFE_EXEC,cav,not_applicable,7673.230933013219,0.0,29.98711124449232,0.005370314794866715,lane_2,mainline,,normal,none,commit
MVS-SAFE-1B_executing_cap_lateral_consumption,MVS-SAFE-1B-cap,173,17.299999999999976,MV_SAFE_EXEC,cav,not_applicable,7245.836676326553,-2.2468506283868654,0.039997959527967135,4.0,on_ramp,on_ramp_mv,,normal,executing,commit
MVS-SAFE-1B_executing_cap_lateral_consumption,MVS-SAFE-1B-cap,173,17.299999999999976,CLV_SAFE_EXEC,cav,not_applicable,7756.22969569269,0.0,29.987626794712625,0.005155502203072615,lane_2,mainline,,normal,none,commit
MVS-SAFE-1B_executing_cap_lateral_consumption,MVS-SAFE-1B-cap,173,17.299999999999976,CFV_SAFE_EXEC,cav,not_applicable,7676.22969569269,0.0,29.987626794712625,0.005155502203072615,lane_2,mainline,,normal,none,commit
MVS-SAFE-1B_executing_cap_lateral_consumption,MVS-SAFE-1B-cap,174,17.399999999999977,MV_SAFE_EXEC,cav,not_applicable,7245.840580509095,-2.2466448136851964,0.03904182541707396,4.0,on_ramp,on_ramp_mv,,normal,executing,commit
MVS-SAFE-1B_executing_cap_lateral_consumption,MVS-SAFE-1B-cap,174,17.399999999999977,CLV_SAFE_EXEC,cav,not_applicable,7759.228507864983,0.0,29.98812172292412,0.004949282114949938,lane_2,mainline,,normal,none,commit
MVS-SAFE-1B_executing_cap_lateral_consumption,MVS-SAFE-1B-cap,174,17.399999999999977,CFV_SAFE_EXEC,cav,not_applicable,7679.228507864983,0.0,29.98812172292412,0.004949282114949938,lane_2,mainline,,normal,none,commit
MVS-SAFE-1B_executing_cap_lateral_consumption,MVS-SAFE-1B-cap,175,17.49999999999998,MV_SAFE_EXEC,cav,not_applicable,7245.844391363824,-2.246443911690199,0.03810854728299739,4.0,on_ramp,on_ramp_mv,,normal,executing,commit
MVS-SAFE-1B_executing_cap_lateral_consumption,MVS-SAFE-1B-cap,175,17.49999999999998,CLV_SAFE_EXEC,cav,not_applicable,7762.227367550384,0.0,29.988596854007156,0.004751310830351941,lane_2,mainline,,normal,none,commit
MVS-SAFE-1B_executing_cap_lateral_consumption,MVS-SAFE-1B-cap,175,17.49999999999998,CFV_SAFE_EXEC,cav,not_applicable,7682.227367550384,0.0,29.988596854007156,0.004751310830351941,lane_2,mainline,,normal,none,commit
MVS-SAFE-1B_executing_cap_lateral_consumption,MVS-SAFE-1B-cap,176,17.59999999999998,MV_SAFE_EXEC,cav,not_applicable,7245.848111121701,-2.2462478053088817,0.03719757876343914,4.0,on_ramp,on_ramp_mv,,normal,executing,commit
MVS-SAFE-1B_executing_cap_lateral_consumption,MVS-SAFE-1B-cap,176,17.59999999999998,CLV_SAFE_EXEC,cav,not_applicable,7765.226272848368,0.0,29.98905297984687,0.004561258397137636,lane_2,mainline,,normal,none,commit
MVS-SAFE-1B_executing_cap_lateral_consumption,MVS-SAFE-1B-cap,176,17.59999999999998,CFV_SAFE_EXEC,cav,not_applicable,7685.226272848368,0.0,29.98905297984687,0.004561258397137636,lane_2,mainline,,normal,none,commit
MVS-SAFE-1B_executing_cap_lateral_consumption,MVS-SAFE-1B-cap,177,17.69999999999998,MV_SAFE_EXEC,cav,not_applicable,7245.851741960356,-2.2460563802309057,0.03630838655662099,4.0,on_ramp,on_ramp_mv,,normal,executing,commit
MVS-SAFE-1B_executing_cap_lateral_consumption,MVS-SAFE-1B-cap,177,17.69999999999998,CLV_SAFE_EXEC,cav,not_applicable,7768.225221934434,0.0,29.989490860652996,0.004378808061251504,lane_2,mainline,,normal,none,commit
MVS-SAFE-1B_executing_cap_lateral_consumption,MVS-SAFE-1B-cap,177,17.69999999999998,CFV_SAFE_EXEC,cav,not_applicable,7688.225221934434,0.0,29.989490860652996,0.004378808061251504,lane_2,mainline,,normal,none,commit
MVS-SAFE-1B_executing_cap_lateral_consumption,MVS-SAFE-1B-cap,178,17.799999999999983,MV_SAFE_EXEC,cav,not_applicable,7245.855286005367,-2.2458695248628553,0.03544045010930023,4.0,on_ramp,on_ramp_mv,,normal,executing,commit
MVS-SAFE-1B_executing_cap_lateral_consumption,MVS-SAFE-1B-cap,178,17.799999999999983,CLV_SAFE_EXEC,cav,not_applicable,7771.224213057057,0.0,29.989911226226877,0.004203655738801615,lane_2,mainline,,normal,none,commit
MVS-SAFE-1B_executing_cap_lateral_consumption,MVS-SAFE-1B-cap,178,17.799999999999983,CFV_SAFE_EXEC,cav,not_applicable,7691.224213057057,0.0,29.989911226226877,0.004203655738801615,lane_2,mainline,,normal,none,commit
MVS-SAFE-1B_executing_cap_lateral_consumption,MVS-SAFE-1B-cap,179,17.899999999999984,MV_SAFE_EXEC,cav,not_applicable,7245.858745331498,-2.245687130264045,0.03459326131130746,4.0,on_ramp,on_ramp_mv,,normal,executing,commit
MVS-SAFE-1B_executing_cap_lateral_consumption,MVS-SAFE-1B-cap,179,17.899999999999984,CLV_SAFE_EXEC,cav,not_applicable,7774.2232445347745,0.0,29.9903147771778,0.00403550950924938,lane_2,mainline,,normal,none,commit
MVS-SAFE-1B_executing_cap_lateral_consumption,MVS-SAFE-1B-cap,179,17.899999999999984,CFV_SAFE_EXEC,cav,not_applicable,7694.2232445347745,0.0,29.9903147771778,0.00403550950924938,lane_2,mainline,,normal,none,commit
MVS-SAFE-1B_executing_cap_lateral_consumption,MVS-SAFE-1B-cap,180,17.999999999999986,MV_SAFE_EXEC,cav,not_applicable,7245.862121963917,-2.245509090083814,0.03376632419921567,4.0,on_ramp,on_ramp_mv,,normal,executing,commit
MVS-SAFE-1B_executing_cap_lateral_consumption,MVS-SAFE-1B-cap,180,17.999999999999986,CLV_SAFE_EXEC,cav,not_applicable,7777.222314753383,0.0,29.99070218609069,0.003874089128879632,lane_2,mainline,,normal,none,commit
MVS-SAFE-1B_executing_cap_lateral_consumption,MVS-SAFE-1B-cap,180,17.999999999999986,CFV_SAFE_EXEC,cav,not_applicable,7697.222314753383,0.0,29.99070218609069,0.003874089128879632,lane_2,mainline,,normal,none,commit
MVS-SAFE-1B_executing_cap_lateral_consumption,MVS-SAFE-1B-cap,181,18.099999999999987,MV_SAFE_EXEC,cav,not_applicable,7245.865417879384,-2.2453353005003,0.032959154665009725,4.0,on_ramp,on_ramp_mv,,normal,executing,commit
MVS-SAFE-1B_executing_cap_lateral_consumption,MVS-SAFE-1B-cap,181,18.099999999999987,CLV_SAFE_EXEC,cav,not_applicable,7780.221422163248,0.0,29.99107409864706,0.0037191255637239354,lane_2,mainline,,normal,none,commit
MVS-SAFE-1B_executing_cap_lateral_consumption,MVS-SAFE-1B-cap,181,18.099999999999987,CFV_SAFE_EXEC,cav,not_applicable,7700.221422163248,0.0,29.99107409864706,0.0037191255637239354,lane_2,mainline,,normal,none,commit
MVS-SAFE-1B_executing_cap_lateral_consumption,MVS-SAFE-1B-cap,182,18.19999999999999,MV_SAFE_EXEC,cav,not_applicable,7245.868635007401,-2.2451656601606316,0.03217128017301747,4.0,on_ramp,on_ramp_mv,,normal,executing,commit
MVS-SAFE-1B_executing_cap_lateral_consumption,MVS-SAFE-1B-cap,182,18.19999999999999,CLV_SAFE_EXEC,cav,not_applicable,7783.220565276718,0.0,29.99143113470118,0.0035703605411754324,lane_2,mainline,,normal,none,commit
MVS-SAFE-1B_executing_cap_lateral_consumption,MVS-SAFE-1B-cap,182,18.19999999999999,CFV_SAFE_EXEC,cav,not_applicable,7703.220565276718,0.0,29.99143113470118,0.0035703605411754324,lane_2,mainline,,normal,none,commit
MVS-SAFE-1B_executing_cap_lateral_consumption,MVS-SAFE-1B-cap,183,18.29999999999999,MV_SAFE_EXEC,cav,not_applicable,7245.87177523135,-2.2450000701225226,0.03140223948379803,4.0,on_ramp,on_ramp_mv,,normal,executing,commit
MVS-SAFE-1B_executing_cap_lateral_consumption,MVS-SAFE-1B-cap,183,18.29999999999999,CLV_SAFE_EXEC,cav,not_applicable,7786.219742665649,0.0,29.991773889313134,0.003427546119527847,lane_2,mainline,,normal,none,commit
MVS-SAFE-1B_executing_cap_lateral_consumption,MVS-SAFE-1B-cap,183,18.29999999999999,CFV_SAFE_EXEC,cav,not_applicable,7706.219742665649,0.0,29.991773889313134,0.003427546119527847,lane_2,mainline,,normal,none,commit
MVS-SAFE-1B_executing_cap_lateral_consumption,MVS-SAFE-1B-cap,184,18.39999999999999,MV_SAFE_EXEC,cav,not_applicable,7245.874840389588,-2.244838433797236,0.03065158238324789,4.0,on_ramp,on_ramp_mv,,normal,executing,commit
MVS-SAFE-1B_executing_cap_lateral_consumption,MVS-SAFE-1B-cap,184,18.39999999999999,CLV_SAFE_EXEC,cav,not_applicable,7789.218952959023,0.0,29.992102933740608,0.0032904442747465623,lane_2,mainline,,normal,none,commit
MVS-SAFE-1B_executing_cap_lateral_consumption,MVS-SAFE-1B-cap,184,18.39999999999999,CFV_SAFE_EXEC,cav,not_applicable,7709.218952959023,0.0,29.992102933740608,0.0032904442747465623,lane_2,mainline,,normal,none,commit
MVS-SAFE-1B_executing_cap_lateral_consumption,MVS-SAFE-1B-cap,185,18.499999999999993,MV_SAFE_EXEC,cav,not_applicable,7245.87783227653,-2.24468065689388,0.02991886941953383,4.0,on_ramp,on_ramp_mv,,normal,executing,commit
MVS-SAFE-1B_executing_cap_lateral_consumption,MVS-SAFE-1B-cap,185,18.499999999999993,CLV_SAFE_EXEC,cav,not_applicable,7792.218194840662,0.0,29.992418816390984,0.003158826503756984,lane_2,mainline,,normal,none,commit
MVS-SAFE-1B_executing_cap_lateral_consumption,MVS-SAFE-1B-cap,185,18.499999999999993,CFV_SAFE_EXEC,cav,not_applicable,7712.218194840662,0.0,29.992418816390984,0.003158826503756984,lane_2,mainline,,normal,none,commit
MVS-SAFE-1B_executing_cap_lateral_consumption,MVS-SAFE-1B-cap,186,18.599999999999994,MV_SAFE_EXEC,cav,not_applicable,7245.880752643695,-2.244526647365009,0.029203671645678515,4.0,on_ramp,on_ramp_mv,,normal,executing,commit
MVS-SAFE-1B_executing_cap_lateral_consumption,MVS-SAFE-1B-cap,186,18.599999999999994,CLV_SAFE_EXEC,cav,not_applicable,7795.217467047036,0.0,29.992722063735343,0.0030324734436064206,lane_2,mainline,,normal,none,commit
MVS-SAFE-1B_executing_cap_lateral_consumption,MVS-SAFE-1B-cap,186,18.599999999999994,CFV_SAFE_EXEC,cav,not_applicable,7715.217467047036,0.0,29.992722063735343,0.0030324734436064206,lane_2,mainline,,normal,none,commit
MVS-SAFE-1B_executing_cap_lateral_consumption,MVS-SAFE-1B-cap,187,18.699999999999996,MV_SAFE_EXEC,cav,not_applicable,7245.883603200732,-2.2443763153535006,0.028505570368668402,4.0,on_ramp,on_ramp_mv,,normal,executing,commit
MVS-SAFE-1B_executing_cap_lateral_consumption,MVS-SAFE-1B-cap,187,18.699999999999996,CLV_SAFE_EXEC,cav,not_applicable,7798.216768365154,0.0,29.99301318118593,0.002911174505862846,lane_2,mainline,,normal,none,commit
MVS-SAFE-1B_executing_cap_lateral_consumption,MVS-SAFE-1B-cap,187,18.699999999999996,CFV_SAFE_EXEC,cav,not_applicable,7718.216768365154,0.0,29.99301318118593,0.002911174505862846,lane_2,mainline,,normal,none,commit
MVS-SAFE-1B_executing_cap_lateral_consumption,MVS-SAFE-1B-cap,188,18.799999999999997,MV_SAFE_EXEC,cav,not_applicable,7245.886385616423,-2.244229573140675,0.02782415690399694,4.0,on_ramp,on_ramp_mv,,normal,executing,commit
MVS-SAFE-1B_executing_cap_lateral_consumption,MVS-SAFE-1B-cap,188,18.799999999999997,CLV_SAFE_EXEC,cav,not_applicable,7801.216097630548,0.0,29.993292653938493,0.0027947275256281047,lane_2,mainline,,normal,none,commit
MVS-SAFE-1B_executing_cap_lateral_consumption,MVS-SAFE-1B-cap,188,18.799999999999997,CFV_SAFE_EXEC,cav,not_applicable,7721.216097630548,0.0,29.993292653938493,0.0027947275256281047,lane_2,mainline,,normal,none,commit
MVS-SAFE-1B_executing_cap_lateral_consumption,MVS-SAFE-1B-cap,189,18.9,MV_SAFE_EXEC,cav,not_applicable,7245.889101519656,-2.2440863350956373,0.027159032336730057,4.0,on_ramp,on_ramp_mv,,normal,executing,commit
MVS-SAFE-1B_executing_cap_lateral_consumption,MVS-SAFE-1B-cap,189,18.9,CLV_SAFE_EXEC,cav,not_applicable,7804.2154537253255,0.0,29.993560947780953,0.00268293842460281,lane_2,mainline,,normal,none,commit
MVS-SAFE-1B_executing_cap_lateral_consumption,MVS-SAFE-1B-cap,189,18.9,CFV_SAFE_EXEC,cav,not_applicable,7724.2154537253255,0.0,29.993560947780953,0.00268293842460281,lane_2,mainline,,normal,none,commit
MVS-SAFE-1B_executing_cap_lateral_consumption,MVS-SAFE-1B-cap,190,19.0,MV_SAFE_EXEC,cav,not_applicable,7245.891752500384,-2.2439465176258024,0.026509807287789566,4.0,on_ramp,on_ramp_mv,,normal,executing,commit
MVS-SAFE-1B_executing_cap_lateral_consumption,MVS-SAFE-1B-cap,190,19.0,CLV_SAFE_EXEC,cav,not_applicable,7807.214835576312,0.0,29.993818509869715,0.002575620887618868,lane_2,mainline,,normal,none,commit
MVS-SAFE-1B_executing_cap_lateral_consumption,MVS-SAFE-1B-cap,190,19.0,CFV_SAFE_EXEC,cav,not_applicable,7727.214835576312,0.0,29.993818509869715,0.002575620887618868,lane_2,mainline,,normal,none,commit
MVS-SAFE-1B_executing_cap_lateral_consumption,MVS-SAFE-1B-cap,191,19.1,MV_SAFE_EXEC,cav,not_applicable,7245.8943401105535,-2.2438100391285856,0.025876101685889198,4.0,on_ramp,on_ramp_mv,,normal,executing,commit
MVS-SAFE-1B_executing_cap_lateral_consumption,MVS-SAFE-1B-cap,191,19.1,CLV_SAFE_EXEC,cav,not_applicable,7810.21424215326,0.0,29.994065769474926,0.0024725960521138294,lane_2,mainline,,normal,none,commit
MVS-SAFE-1B_executing_cap_lateral_consumption,MVS-SAFE-1B-cap,191,19.1,CFV_SAFE_EXEC,cav,not_applicable,7730.21424215326,0.0,29.994065769474926,0.0024725960521138294,lane_2,mainline,,normal,none,commit
MVS-SAFE-1B_executing_cap_lateral_consumption,MVS-SAFE-1B-cap,192,19.200000000000003,MV_SAFE_EXEC,cav,not_applicable,7245.896865865008,-2.243676819944227,0.025257544545123325,4.0,on_ramp,on_ramp_mv,,normal,executing,commit
MVS-SAFE-1B_executing_cap_lateral_consumption,MVS-SAFE-1B-cap,192,19.200000000000003,CLV_SAFE_EXEC,cav,not_applicable,7813.213672467129,0.0,29.99430313869593,0.0023736922100297876,lane_2,mainline,,normal,none,commit
MVS-SAFE-1B_executing_cap_lateral_consumption,MVS-SAFE-1B-cap,192,19.200000000000003,CFV_SAFE_EXEC,cav,not_applicable,7733.213672467129,0.0,29.99430313869593,0.0023736922100297876,lane_2,mainline,,normal,none,commit
MVS-SAFE-1B_executing_cap_lateral_consumption,MVS-SAFE-1B-cap,193,19.300000000000004,MV_SAFE_EXEC,cav,not_applicable,7245.899331242383,-2.2435467823097257,0.024653773748208395,4.0,on_ramp,on_ramp_mv,,normal,executing,commit
MVS-SAFE-1B_executing_cap_lateral_consumption,MVS-SAFE-1B-cap,193,19.300000000000004,CLV_SAFE_EXEC,cav,not_applicable,7816.2131255684435,0.0,29.99453101314809,0.0022787445216280846,lane_2,mainline,,normal,none,commit
MVS-SAFE-1B_executing_cap_lateral_consumption,MVS-SAFE-1B-cap,193,19.300000000000004,CFV_SAFE_EXEC,cav,not_applicable,7736.2131255684435,0.0,29.99453101314809,0.0022787445216280846,lane_2,mainline,,normal,none,commit
MVS-SAFE-1B_executing_cap_lateral_consumption,MVS-SAFE-1B-cap,194,19.400000000000006,MV_SAFE_EXEC,cav,not_applicable,7245.9017376859665,-2.2434198503138507,0.024064435834072563,4.0,on_ramp,on_ramp_mv,,normal,executing,commit
MVS-SAFE-1B_executing_cap_lateral_consumption,MVS-SAFE-1B-cap,194,19.400000000000006,CLV_SAFE_EXEC,cav,not_applicable,7819.212600545706,0.0,29.994749772622168,0.0021875947407636433,lane_2,mainline,,normal,none,commit
MVS-SAFE-1B_executing_cap_lateral_consumption,MVS-SAFE-1B-cap,194,19.400000000000006,CFV_SAFE_EXEC,cav,not_applicable,7739.212600545706,0.0,29.994749772622168,0.0021875947407636433,lane_2,mainline,,normal,none,commit
MVS-SAFE-1B_executing_cap_lateral_consumption,MVS-SAFE-1B-cap,195,19.500000000000007,MV_SAFE_EXEC,cav,not_applicable,7245.904086604545,-2.2432959498532234,0.023489185790445746,4.0,on_ramp,on_ramp_mv,,normal,executing,commit
MVS-SAFE-1B_executing_cap_lateral_consumption,MVS-SAFE-1B-cap,195,19.500000000000007,CLV_SAFE_EXEC,cav,not_applicable,7822.212096523877,0.0,29.99495978171728,0.002100090951132927,lane_2,mainline,,normal,none,commit
MVS-SAFE-1B_executing_cap_lateral_consumption,MVS-SAFE-1B-cap,195,19.500000000000007,CFV_SAFE_EXEC,cav,not_applicable,7742.212096523877,0.0,29.99495978171728,0.002100090951132927,lane_2,mainline,,normal,none,commit
MVS-SAFE-1B_executing_cap_lateral_consumption,MVS-SAFE-1B-cap,196,19.60000000000001,MV_SAFE_EXEC,cav,not_applicable,7245.90637937323,-2.243175008589417,0.022927686853189477,4.0,on_ramp,on_ramp_mv,,normal,executing,commit
MVS-SAFE-1B_executing_cap_lateral_consumption,MVS-SAFE-1B-cap,196,19.60000000000001,CLV_SAFE_EXEC,cav,not_applicable,7825.211612662923,0.0,29.99516139044859,0.0020160873130876666,lane_2,mainline,,normal,none,commit
MVS-SAFE-1B_executing_cap_lateral_consumption,MVS-SAFE-1B-cap,196,19.60000000000001,CFV_SAFE_EXEC,cav,not_applicable,7745.211612662923,0.0,29.99516139044859,0.0020160873130876666,lane_2,mainline,,normal,none,commit
MVS-SAFE-1B_executing_cap_lateral_consumption,MVS-SAFE-1B-cap,197,19.70000000000001,MV_SAFE_EXEC,cav,not_applicable,7245.908617334261,-2.2430569559070817,0.022379610307800786,4.0,on_ramp,on_ramp_mv,,normal,executing,commit
MVS-SAFE-1B_executing_cap_lateral_consumption,MVS-SAFE-1B-cap,197,19.70000000000001,CLV_SAFE_EXEC,cav,not_applicable,7828.211148156405,0.0,29.995354934830647,0.0019354438205638758,lane_2,mainline,,normal,none,commit
MVS-SAFE-1B_executing_cap_lateral_consumption,MVS-SAFE-1B-cap,197,19.70000000000001,CFV_SAFE_EXEC,cav,not_applicable,7748.211148156405,0.0,29.995354934830647,0.0019354438205638758,lane_2,mainline,,normal,none,commit
MVS-SAFE-1B_executing_cap_lateral_consumption,MVS-SAFE-1B-cap,198,19.80000000000001,MV_SAFE_EXEC,cav,not_applicable,7245.910801797791,-2.2429417228730446,0.021844635297655898,4.0,on_ramp,on_ramp_mv,,normal,executing,commit
MVS-SAFE-1B_executing_cap_lateral_consumption,MVS-SAFE-1B-cap,198,19.80000000000001,CLV_SAFE_EXEC,cav,not_applicable,7831.210702230149,0.0,29.995540737437423,0.0018580260677410366,lane_2,mainline,,normal,none,commit
MVS-SAFE-1B_executing_cap_lateral_consumption,MVS-SAFE-1B-cap,198,19.80000000000001,CFV_SAFE_EXEC,cav,not_applicable,7751.210702230149,0.0,29.995540737437423,0.0018580260677410366,lane_2,mainline,,normal,none,commit
MVS-SAFE-1B_executing_cap_lateral_consumption,MVS-SAFE-1B-cap,199,19.900000000000013,MV_SAFE_EXEC,cav,not_applicable,7245.912934042654,-2.242829242196378,0.02132244863638467,4.0,on_ramp,on_ramp_mv,,normal,executing,commit
MVS-SAFE-1B_executing_cap_lateral_consumption,MVS-SAFE-1B-cap,199,19.900000000000013,CLV_SAFE_EXEC,cav,not_applicable,7834.210274140943,0.0,29.995719107939927,0.001783705025030713,lane_2,mainline,,normal,none,commit
MVS-SAFE-1B_executing_cap_lateral_consumption,MVS-SAFE-1B-cap,199,19.900000000000013,CFV_SAFE_EXEC,cav,not_applicable,7754.210274140943,0.0,29.995719107939927,0.001783705025030713,lane_2,mainline,,normal,none,commit
MVS-SAFE-1B_executing_cap_lateral_consumption,MVS-SAFE-1B-cap,200,20.000000000000014,MV_SAFE_EXEC,cav,not_applicable,7245.915015317117,-2.24271944818941,0.020812744623723647,4.0,on_ramp,on_ramp_mv,,normal,executing,commit
MVS-SAFE-1B_executing_cap_lateral_consumption,MVS-SAFE-1B-cap,200,20.000000000000014,CLV_SAFE_EXEC,cav,not_applicable,7837.209863175305,0.0,29.995890343622328,0.0017123568240293707,lane_2,mainline,,normal,none,commit
MVS-SAFE-1B_executing_cap_lateral_consumption,MVS-SAFE-1B-cap,200,20.000000000000014,CFV_SAFE_EXEC,cav,not_applicable,7757.209863175305,0.0,29.995890343622328,0.0017123568240293707,lane_2,mainline,,normal,none,commit
MVS-SAFE-1B_executing_cap_lateral_consumption,MVS-SAFE-1B-cap,201,20.100000000000016,MV_SAFE_EXEC,cav,not_applicable,7245.917046839603,-2.2426122767296497,0.020315224867456582,4.0,on_ramp,on_ramp_mv,,normal,executing,commit
MVS-SAFE-1B_executing_cap_lateral_consumption,MVS-SAFE-1B-cap,201,20.100000000000016,CLV_SAFE_EXEC,cav,not_applicable,7840.209468648293,0.0,29.996054729877436,0.0016438625510687645,lane_2,mainline,,normal,none,commit
MVS-SAFE-1B_executing_cap_lateral_consumption,MVS-SAFE-1B-cap,201,20.100000000000016,CFV_SAFE_EXEC,cav,not_applicable,7760.209468648293,0.0,29.996054729877436,0.0016438625510687645,lane_2,mainline,,normal,none,commit
MVS-SAFE-1B_executing_cap_lateral_consumption,MVS-SAFE-1B-cap,202,20.200000000000017,MV_SAFE_EXEC,cav,not_applicable,7245.919029799414,-2.2425076652226146,0.01982959810818134,4.0,on_ramp,on_ramp_mv,,normal,executing,commit
MVS-SAFE-1B_executing_cap_lateral_consumption,MVS-SAFE-1B-cap,202,20.200000000000017,CLV_SAFE_EXEC,cav,not_applicable,7843.2090899023615,0.0,29.99621254068234,0.0015781080490256728,lane_2,mainline,,normal,none,commit
MVS-SAFE-1B_executing_cap_lateral_consumption,MVS-SAFE-1B-cap,202,20.200000000000017,CFV_SAFE_EXEC,cav,not_applicable,7763.2090899023615,0.0,29.99621254068234,0.0015781080490256728,lane_2,mainline,,normal,none,commit
MVS-SAFE-1B_executing_cap_lateral_consumption,MVS-SAFE-1B-cap,203,20.30000000000002,MV_SAFE_EXEC,cav,not_applicable,7245.920965357419,-2.2424055525655353,0.019355580048859806,4.0,on_ramp,on_ramp_mv,,normal,executing,commit
MVS-SAFE-1B_executing_cap_lateral_consumption,MVS-SAFE-1B-cap,203,20.30000000000002,CLV_SAFE_EXEC,cav,not_applicable,7846.208726306267,0.0,29.996364039055045,0.0015149837270641343,lane_2,mainline,,normal,none,commit
MVS-SAFE-1B_executing_cap_lateral_consumption,MVS-SAFE-1B-cap,203,20.30000000000002,CFV_SAFE_EXEC,cav,not_applicable,7766.208726306267,0.0,29.996364039055045,0.0015149837270641343,lane_2,mainline,,normal,none,commit
MVS-SAFE-1B_executing_cap_lateral_consumption,MVS-SAFE-1B-cap,204,20.40000000000002,MV_SAFE_EXEC,cav,not_applicable,7245.9228546467375,-2.242305879111914,0.018892893188281187,4.0,on_ramp,on_ramp_mv,,normal,executing,commit
MVS-SAFE-1B_executing_cap_lateral_consumption,MVS-SAFE-1B-cap,204,20.40000000000002,CLV_SAFE_EXEC,cav,not_applicable,7849.208377254016,0.0,29.996509477492843,0.00145438437798191,lane_2,mainline,,normal,none,commit
MVS-SAFE-1B_executing_cap_lateral_consumption,MVS-SAFE-1B-cap,204,20.40000000000002,CFV_SAFE_EXEC,cav,not_applicable,7769.208377254016,0.0,29.996509477492843,0.00145438437798191,lane_2,mainline,,normal,none,commit
MVS-SAFE-1B_executing_cap_lateral_consumption,MVS-SAFE-1B-cap,205,20.50000000000002,MV_SAFE_EXEC,cav,not_applicable,7245.924698773403,-2.2422085866369184,0.018441266659308394,4.0,on_ramp,on_ramp_mv,,normal,executing,commit
MVS-SAFE-1B_executing_cap_lateral_consumption,MVS-SAFE-1B-cap,205,20.50000000000002,CLV_SAFE_EXEC,cav,not_applicable,7852.208042163856,0.0,29.996649098393128,0.0013962090028627472,lane_2,mainline,,normal,none,commit
MVS-SAFE-1B_executing_cap_lateral_consumption,MVS-SAFE-1B-cap,205,20.50000000000002,CFV_SAFE_EXEC,cav,not_applicable,7772.208042163856,0.0,29.996649098393128,0.0013962090028627472,lane_2,mainline,,normal,none,commit
MVS-SAFE-1B_executing_cap_lateral_consumption,MVS-SAFE-1B-cap,206,20.600000000000023,MV_SAFE_EXEC,cav,not_applicable,7245.92649881701,-2.2421136183036,0.018000436069298468,4.0,on_ramp,on_ramp_mv,,normal,executing,commit
MVS-SAFE-1B_executing_cap_lateral_consumption,MVS-SAFE-1B-cap,206,20.600000000000023,CLV_SAFE_EXEC,cav,not_applicable,7855.207720477301,0.0,29.996783134457402,0.0013403606427488059,lane_2,mainline,,normal,none,commit
MVS-SAFE-1B_executing_cap_lateral_consumption,MVS-SAFE-1B-cap,206,20.600000000000023,CFV_SAFE_EXEC,cav,not_applicable,7775.207720477301,0.0,29.996783134457402,0.0013403606427488059,lane_2,mainline,,normal,none,commit
MVS-SAFE-1B_executing_cap_lateral_consumption,MVS-SAFE-1B-cap,207,20.700000000000024,MV_SAFE_EXEC,cav,not_applicable,7245.928255831344,-2.242020918629905,0.017570143345958335,4.0,on_ramp,on_ramp_mv,,normal,executing,commit
MVS-SAFE-1B_executing_cap_lateral_consumption,MVS-SAFE-1B-cap,207,20.700000000000024,CLV_SAFE_EXEC,cav,not_applicable,7858.207411658209,0.0,29.996911809079105,0.001286746217039081,lane_2,mainline,,normal,none,commit
MVS-SAFE-1B_executing_cap_lateral_consumption,MVS-SAFE-1B-cap,207,20.700000000000024,CFV_SAFE_EXEC,cav,not_applicable,7778.207411658209,0.0,29.996911809079105,0.001286746217039081,lane_2,mainline,,normal,none,commit
MVS-SAFE-1B_executing_cap_lateral_consumption,MVS-SAFE-1B-cap,208,20.800000000000026,MV_SAFE_EXEC,cav,not_applicable,7245.929970845003,-2.2419304334564627,0.017150136586026862,4.0,on_ramp,on_ramp_mv,,normal,executing,commit
MVS-SAFE-1B_executing_cap_lateral_consumption,MVS-SAFE-1B-cap,208,20.800000000000026,CLV_SAFE_EXEC,cav,not_applicable,7861.207115191881,0.0,29.99703533671594,0.0012352763683580294,lane_2,mainline,,normal,none,commit
MVS-SAFE-1B_executing_cap_lateral_consumption,MVS-SAFE-1B-cap,208,20.800000000000026,CFV_SAFE_EXEC,cav,not_applicable,7781.207115191881,0.0,29.99703533671594,0.0012352763683580294,lane_2,mainline,,normal,none,commit
MVS-SAFE-1B_executing_cap_lateral_consumption,MVS-SAFE-1B-cap,209,20.900000000000027,MV_SAFE_EXEC,cav,not_applicable,7245.931644861993,-2.241842109915141,0.016740169908087747,4.0,on_ramp,on_ramp_mv,,normal,executing,commit
MVS-SAFE-1B_executing_cap_lateral_consumption,MVS-SAFE-1B-cap,209,20.900000000000027,CLV_SAFE_EXEC,cav,not_applicable,7864.206830584206,0.0,29.9971539232473,0.0011858653136243903,lane_2,mainline,,normal,none,commit
MVS-SAFE-1B_executing_cap_lateral_consumption,MVS-SAFE-1B-cap,209,20.900000000000027,CFV_SAFE_EXEC,cav,not_applicable,7784.206830584206,0.0,29.9971539232473,0.0011858653136243903,lane_2,mainline,,normal,none,commit
MVS-SAFE-1B_executing_cap_lateral_consumption,MVS-SAFE-1B-cap,210,21.00000000000003,MV_SAFE_EXEC,cav,not_applicable,7245.933278862324,-2.2417558963983417,0.01634000330820872,4.0,on_ramp,on_ramp_mv,,normal,executing,commit
MVS-SAFE-1B_executing_cap_lateral_consumption,MVS-SAFE-1B-cap,210,21.00000000000003,CLV_SAFE_EXEC,cav,not_applicable,7867.206557360838,0.0,29.997267766317407,0.00113843070108004,lane_2,mainline,,normal,none,commit
MVS-SAFE-1B_executing_cap_lateral_consumption,MVS-SAFE-1B-cap,210,21.00000000000003,CFV_SAFE_EXEC,cav,not_applicable,7787.206557360838,0.0,29.997267766317407,0.00113843070108004,lane_2,mainline,,normal,none,commit
MVS-SAFE-1B_executing_cap_lateral_consumption,MVS-SAFE-1B-cap,211,21.10000000000003,MV_SAFE_EXEC,cav,not_applicable,7245.9348738025765,-2.2416717425290256,0.015949402519494175,4.0,on_ramp,on_ramp_mv,,normal,executing,commit
MVS-SAFE-1B_executing_cap_lateral_consumption,MVS-SAFE-1B-cap,211,21.10000000000003,CLV_SAFE_EXEC,cav,not_applicable,7870.206295066404,0.0,29.99737705566471,0.001092893473037293,lane_2,mainline,,normal,none,commit
MVS-SAFE-1B_executing_cap_lateral_consumption,MVS-SAFE-1B-cap,211,21.10000000000003,CFV_SAFE_EXEC,cav,not_applicable,7790.206295066404,0.0,29.99737705566471,0.001092893473037293,lane_2,mainline,,normal,none,commit
MVS-SAFE-1B_executing_cap_lateral_consumption,MVS-SAFE-1B-cap,212,21.20000000000003,MV_SAFE_EXEC,cav,not_applicable,7245.936430616464,-2.2415895991314394,0.015568138875551151,4.0,on_ramp,on_ramp_mv,,normal,executing,commit
MVS-SAFE-1B_executing_cap_lateral_consumption,MVS-SAFE-1B-cap,212,21.20000000000003,CLV_SAFE_EXEC,cav,not_applicable,7873.206043263748,0.0,29.997481973438124,0.0010491777341158583,lane_2,mainline,,normal,none,commit
MVS-SAFE-1B_executing_cap_lateral_consumption,MVS-SAFE-1B-cap,212,21.20000000000003,CFV_SAFE_EXEC,cav,not_applicable,7793.206043263748,0.0,29.997481973438124,0.0010491777341158583,lane_2,mainline,,normal,none,commit
MVS-SAFE-1B_executing_cap_lateral_consumption,MVS-SAFE-1B-cap,213,21.300000000000033,MV_SAFE_EXEC,cav,not_applicable,7245.9379502153815,-2.2415094182025426,0.015195989175912064,4.0,on_ramp,on_ramp_mv,,normal,executing,commit
MVS-SAFE-1B_executing_cap_lateral_consumption,MVS-SAFE-1B-cap,213,21.300000000000033,CLV_SAFE_EXEC,cav,not_applicable,7876.205801533199,0.0,29.997582694500597,0.0010072106247505986,lane_2,mainline,,normal,none,commit
MVS-SAFE-1B_executing_cap_lateral_consumption,MVS-SAFE-1B-cap,213,21.300000000000033,CFV_SAFE_EXEC,cav,not_applicable,7796.205801533199,0.0,29.997582694500597,0.0010072106247505986,lane_2,mainline,,normal,none,commit
MVS-SAFE-1B_executing_cap_lateral_consumption,MVS-SAFE-1B-cap,214,21.400000000000034,MV_SAFE_EXEC,cav,not_applicable,7245.9394334889375,-2.2414311528841093,0.014832735555805608,4.0,on_ramp,on_ramp_mv,,normal,executing,commit
MVS-SAFE-1B_executing_cap_lateral_consumption,MVS-SAFE-1B-cap,214,21.400000000000034,CLV_SAFE_EXEC,cav,not_applicable,7879.205569471871,0.0,29.997679386720574,0.0009669221997611999,lane_2,mainline,,normal,none,commit
MVS-SAFE-1B_executing_cap_lateral_consumption,MVS-SAFE-1B-cap,214,21.400000000000034,CFV_SAFE_EXEC,cav,not_applicable,7799.205569471871,0.0,29.997679386720574,0.0009669221997611999,lane_2,mainline,,normal,none,commit
MVS-SAFE-1B_executing_cap_lateral_consumption,MVS-SAFE-1B-cap,215,21.500000000000036,MV_SAFE_EXEC,cav,not_applicable,7245.940881305473,-2.2413547574354875,0.014478165357884373,4.0,on_ramp,on_ramp_mv,,normal,executing,commit
MVS-SAFE-1B_executing_cap_lateral_consumption,MVS-SAFE-1B-cap,215,21.500000000000036,CLV_SAFE_EXEC,cav,not_applicable,7882.2053466929965,0.0,29.99777221125175,0.0009282453117705814,lane_2,mainline,,normal,none,commit
MVS-SAFE-1B_executing_cap_lateral_consumption,MVS-SAFE-1B-cap,215,21.500000000000036,CFV_SAFE_EXEC,cav,not_applicable,7802.2053466929965,0.0,29.99777221125175,0.0009282453117705814,lane_2,mainline,,normal,none,commit
MVS-SAFE-1B_executing_cap_lateral_consumption,MVS-SAFE-1B-cap,216,21.600000000000037,MV_SAFE_EXEC,cav,not_applicable,7245.942294512574,-2.241280187207006,0.014132071008952925,4.0,on_ramp,on_ramp_mv,,normal,executing,commit
MVS-SAFE-1B_executing_cap_lateral_consumption,MVS-SAFE-1B-cap,216,21.600000000000037,CLV_SAFE_EXEC,cav,not_applicable,7885.205132825276,0.0,29.99786132280168,0.0008911154993000991,lane_2,mainline,,normal,none,commit
MVS-SAFE-1B_executing_cap_lateral_consumption,MVS-SAFE-1B-cap,216,21.600000000000037,CFV_SAFE_EXEC,cav,not_applicable,7805.205132825276,0.0,29.99786132280168,0.0008911154993000991,lane_2,mainline,,normal,none,commit
MVS-SAFE-1B_executing_cap_lateral_consumption,MVS-SAFE-1B-cap,217,21.70000000000004,MV_SAFE_EXEC,cav,not_applicable,7245.943673937564,-2.2412073986140104,0.013794249897348093,4.0,on_ramp,on_ramp_mv,,normal,executing,commit
MVS-SAFE-1B_executing_cap_lateral_consumption,MVS-SAFE-1B-cap,217,21.70000000000004,CLV_SAFE_EXEC,cav,not_applicable,7888.204927512265,0.0,29.997946869889613,0.0008554708793283794,lane_2,mainline,,normal,none,commit
MVS-SAFE-1B_executing_cap_lateral_consumption,MVS-SAFE-1B-cap,217,21.70000000000004,CFV_SAFE_EXEC,cav,not_applicable,7808.204927512265,0.0,29.997946869889613,0.0008554708793283794,lane_2,mainline,,normal,none,commit
MVS-SAFE-1B_executing_cap_lateral_consumption,MVS-SAFE-1B-cap,218,21.80000000000004,MV_SAFE_EXEC,cav,not_applicable,7245.94502038799,-2.2411363491115157,0.013464504254884897,4.0,on_ramp,on_ramp_mv,,normal,executing,commit
MVS-SAFE-1B_executing_cap_lateral_consumption,MVS-SAFE-1B-cap,218,21.80000000000004,CLV_SAFE_EXEC,cav,not_applicable,7891.204730411775,0.0,29.998028995094028,0.0008212520441546189,lane_2,mainline,,normal,none,commit
MVS-SAFE-1B_executing_cap_lateral_consumption,MVS-SAFE-1B-cap,218,21.80000000000004,CFV_SAFE_EXEC,cav,not_applicable,7811.204730411775,0.0,29.998028995094028,0.0008212520441546189,lane_2,mainline,,normal,none,commit
MVS-SAFE-1B_executing_cap_lateral_consumption,MVS-SAFE-1B-cap,219,21.90000000000004,MV_SAFE_EXEC,cav,not_applicable,7245.946334652093,-2.241066997169456,0.013142641040976587,4.0,on_ramp,on_ramp_mv,,normal,executing,commit
MVS-SAFE-1B_executing_cap_lateral_consumption,MVS-SAFE-1B-cap,219,21.90000000000004,CLV_SAFE_EXEC,cav,not_applicable,7894.204541195304,0.0,29.998107835290266,0.0007884019623887184,lane_2,mainline,,normal,none,commit
MVS-SAFE-1B_executing_cap_lateral_consumption,MVS-SAFE-1B-cap,219,21.90000000000004,CFV_SAFE_EXEC,cav,not_applicable,7814.204541195304,0.0,29.998107835290266,0.0007884019623887184,lane_2,mainline,,normal,none,commit
MVS-SAFE-1B_executing_cap_lateral_consumption,MVS-SAFE-1B-cap,220,22.000000000000043,MV_SAFE_EXEC,cav,not_applicable,7245.947617499276,-2.240999302248523,0.012828471829581014,4.0,on_ramp,on_ramp_mv,,normal,executing,commit
MVS-SAFE-1B_executing_cap_lateral_consumption,MVS-SAFE-1B-cap,220,22.000000000000043,CLV_SAFE_EXEC,cav,not_applicable,7897.204359547492,0.0,29.998183521878655,0.0007568658838934539,lane_2,mainline,,normal,none,commit
MVS-SAFE-1B_executing_cap_lateral_consumption,MVS-SAFE-1B-cap,220,22.000000000000043,CFV_SAFE_EXEC,cav,not_applicable,7817.204359547492,0.0,29.998183521878655,0.0007568658838934539,lane_2,mainline,,normal,none,commit
MVS-SAFE-1B_executing_cap_lateral_consumption,MVS-SAFE-1B-cap,221,22.100000000000044,MV_SAFE_EXEC,cav,not_applicable,7245.948869680546,-2.2409332247765823,0.012521812698755935,4.0,on_ramp,on_ramp_mv,,normal,executing,commit
MVS-SAFE-1B_executing_cap_lateral_consumption,MVS-SAFE-1B-cap,221,22.100000000000044,CLV_SAFE_EXEC,cav,not_applicable,7900.204185165592,0.0,29.99825618100351,0.000726591248538,lane_2,mainline,,normal,none,commit
MVS-SAFE-1B_executing_cap_lateral_consumption,MVS-SAFE-1B-cap,221,22.100000000000044,CFV_SAFE_EXEC,cav,not_applicable,7820.204185165592,0.0,29.99825618100351,0.000726591248538,lane_2,mainline,,normal,none,commit
MVS-SAFE-1B_executing_cap_lateral_consumption,MVS-SAFE-1B-cap,222,22.200000000000045,MV_SAFE_EXEC,cav,not_applicable,7245.950091928958,-2.240868726125637,0.01222248412325807,4.0,on_ramp,on_ramp_mv,,normal,executing,commit
MVS-SAFE-1B_executing_cap_lateral_consumption,MVS-SAFE-1B-cap,222,22.200000000000045,CLV_SAFE_EXEC,cav,not_applicable,7903.204017758969,0.0,29.99832593376337,0.0006975275985965368,lane_2,mainline,,normal,none,commit
MVS-SAFE-1B_executing_cap_lateral_consumption,MVS-SAFE-1B-cap,222,22.200000000000045,CFV_SAFE_EXEC,cav,not_applicable,7823.204017758969,0.0,29.99832593376337,0.0006975275985965368,lane_2,mainline,,normal,none,commit
MVS-SAFE-1B_executing_cap_lateral_consumption,MVS-SAFE-1B-cap,223,22.300000000000047,MV_SAFE_EXEC,cav,not_applicable,7245.951284960044,-2.2408057685893494,0.011930310869316264,4.0,on_ramp,on_ramp_mv,,normal,executing,commit
MVS-SAFE-1B_executing_cap_lateral_consumption,MVS-SAFE-1B-cap,223,22.300000000000047,CLV_SAFE_EXEC,cav,not_applicable,7906.20385704861,0.0,29.998392896412835,0.0006696264946526754,lane_2,mainline,,normal,none,commit
MVS-SAFE-1B_executing_cap_lateral_consumption,MVS-SAFE-1B-cap,223,22.300000000000047,CFV_SAFE_EXEC,cav,not_applicable,7826.20385704861,0.0,29.998392896412835,0.0006696264946526754,lane_2,mainline,,normal,none,commit
MVS-SAFE-1B_executing_cap_lateral_consumption,MVS-SAFE-1B-cap,224,22.40000000000005,MV_SAFE_EXEC,cav,not_applicable,7245.952449472234,-2.240744315361091,0.011645121892013588,4.0,on_ramp,on_ramp_mv,,normal,executing,commit
MVS-SAFE-1B_executing_cap_lateral_consumption,MVS-SAFE-1B-cap,224,22.40000000000005,CLV_SAFE_EXEC,cav,not_applicable,7909.203702766666,0.0,29.998457180556322,0.0006428414348661704,lane_2,mainline,,normal,none,commit
MVS-SAFE-1B_executing_cap_lateral_consumption,MVS-SAFE-1B-cap,224,22.40000000000005,CFV_SAFE_EXEC,cav,not_applicable,7829.203702766666,0.0,29.998457180556322,0.0006428414348661704,lane_2,mainline,,normal,none,commit
MVS-SAFE-1B_executing_cap_lateral_consumption,MVS-SAFE-1B-cap,225,22.50000000000005,MV_SAFE_EXEC,cav,not_applicable,7245.953586147257,-2.240684330512512,0.011366750235060943,4.0,on_ramp,on_ramp_mv,,normal,executing,commit
MVS-SAFE-1B_executing_cap_lateral_consumption,MVS-SAFE-1B-cap,225,22.50000000000005,CLV_SAFE_EXEC,cav,not_applicable,7912.203554655999,0.0,29.99851889333407,0.0006171277774711826,lane_2,mainline,,normal,none,commit
MVS-SAFE-1B_executing_cap_lateral_consumption,MVS-SAFE-1B-cap,225,22.50000000000005,CFV_SAFE_EXEC,cav,not_applicable,7832.203554655999,0.0,29.99851889333407,0.0006171277774711826,lane_2,mainline,,normal,none,commit
MVS-SAFE-1B_executing_cap_lateral_consumption,MVS-SAFE-1B-cap,226,22.60000000000005,MV_SAFE_EXEC,cav,not_applicable,7245.95469565055,-2.24062577897262,0.011095032933614428,4.0,on_ramp,on_ramp_mv,,normal,executing,commit
MVS-SAFE-1B_executing_cap_lateral_consumption,MVS-SAFE-1B-cap,226,22.60000000000005,CLV_SAFE_EXEC,cav,not_applicable,7915.203412469759,0.0,29.998578137600706,0.0005924426663725058,lane_2,mainline,,normal,none,commit
MVS-SAFE-1B_executing_cap_lateral_consumption,MVS-SAFE-1B-cap,226,22.60000000000005,CFV_SAFE_EXEC,cav,not_applicable,7835.203412469759,0.0,29.998578137600706,0.0005924426663725058,lane_2,mainline,,normal,none,commit
MVS-SAFE-1B_executing_cap_lateral_consumption,MVS-SAFE-1B-cap,227,22.700000000000053,MV_SAFE_EXEC,cav,not_applicable,7245.955778631642,-2.2405686265073586,0.010829810917962356,4.0,on_ramp,on_ramp_mv,,normal,executing,commit
MVS-SAFE-1B_executing_cap_lateral_consumption,MVS-SAFE-1B-cap,227,22.700000000000053,CLV_SAFE_EXEC,cav,not_applicable,7918.203275970969,0.0,29.998635012096678,0.0005687449597175487,lane_2,mainline,,normal,none,commit
MVS-SAFE-1B_executing_cap_lateral_consumption,MVS-SAFE-1B-cap,227,22.700000000000053,CFV_SAFE_EXEC,cav,not_applicable,7838.203275970969,0.0,29.998635012096678,0.0005687449597175487,lane_2,mainline,,normal,none,commit
MVS-SAFE-1B_executing_cap_lateral_consumption,MVS-SAFE-1B-cap,228,22.800000000000054,MV_SAFE_EXEC,cav,not_applicable,7245.956835724534,-2.2405128396996674,0.01057092892112564,4.0,on_ramp,on_ramp_mv,,normal,executing,commit
MVS-SAFE-1B_executing_cap_lateral_consumption,MVS-SAFE-1B-cap,228,22.800000000000054,CLV_SAFE_EXEC,cav,not_applicable,7921.20314493213,0.0,29.99868961161281,0.0005459951613289605,lane_2,mainline,,normal,none,commit
MVS-SAFE-1B_executing_cap_lateral_consumption,MVS-SAFE-1B-cap,228,22.800000000000054,CFV_SAFE_EXEC,cav,not_applicable,7841.20314493213,0.0,29.99868961161281,0.0005459951613289605,lane_2,mainline,,normal,none,commit
MVS-SAFE-1B_executing_cap_lateral_consumption,MVS-SAFE-1B-cap,229,22.900000000000055,MV_SAFE_EXEC,cav,not_applicable,7245.957867548073,-2.240458385930017,0.010318235387545262,4.0,on_ramp,on_ramp_mv,,normal,executing,commit
MVS-SAFE-1B_executing_cap_lateral_consumption,MVS-SAFE-1B-cap,229,22.900000000000055,CLV_SAFE_EXEC,cav,not_applicable,7924.203019134845,0.0,29.9987420271483,0.0005241553548756883,lane_2,mainline,,normal,none,commit
MVS-SAFE-1B_executing_cap_lateral_consumption,MVS-SAFE-1B-cap,229,22.900000000000055,CFV_SAFE_EXEC,cav,not_applicable,7844.203019134845,0.0,29.9987420271483,0.0005241553548756883,lane_2,mainline,,normal,none,commit
MVS-SAFE-1B_executing_cap_lateral_consumption,MVS-SAFE-1B-cap,230,23.000000000000057,MV_SAFE_EXEC,cav,not_applicable,7245.958874706312,-2.2404052333574045,0.010071582384813482,4.0,on_ramp,on_ramp_mv,,normal,executing,commit
MVS-SAFE-1B_executing_cap_lateral_consumption,MVS-SAFE-1B-cap,230,23.000000000000057,CLV_SAFE_EXEC,cav,not_applicable,7927.202898369451,0.0,29.998792346062366,0.0005031891406801492,lane_2,mainline,,normal,none,commit
MVS-SAFE-1B_executing_cap_lateral_consumption,MVS-SAFE-1B-cap,230,23.000000000000057,CFV_SAFE_EXEC,cav,not_applicable,7847.202898369451,0.0,29.998792346062366,0.0005031891406801492,lane_2,mainline,,normal,none,commit
MVS-SAFE-1B_executing_cap_lateral_consumption,MVS-SAFE-1B-cap,231,23.10000000000006,MV_SAFE_EXEC,cav,not_applicable,7245.959857788864,-2.240353350900799,0.009830825516709503,4.0,on_ramp,on_ramp_mv,,normal,executing,commit
MVS-SAFE-1B_executing_cap_lateral_consumption,MVS-SAFE-1B-cap,231,23.10000000000006,CLV_SAFE_EXEC,cav,not_applicable,7930.202782434673,0.0,29.998840652219872,0.00048306157505351166,lane_2,mainline,,normal,none,commit
MVS-SAFE-1B_executing_cap_lateral_consumption,MVS-SAFE-1B-cap,231,23.10000000000006,CFV_SAFE_EXEC,cav,not_applicable,7850.202782434673,0.0,29.998840652219872,0.00048306157505351166,lane_2,mainline,,normal,none,commit
MVS-SAFE-1B_executing_cap_lateral_consumption,MVS-SAFE-1B-cap,232,23.20000000000006,MV_SAFE_EXEC,cav,not_applicable,7245.960817371248,-2.2403027082210367,0.009595823838409257,4.0,on_ramp,on_ramp_mv,,normal,executing,commit
MVS-SAFE-1B_executing_cap_lateral_consumption,MVS-SAFE-1B-cap,232,23.20000000000006,CLV_SAFE_EXEC,cav,not_applicable,7933.202671137286,0.0,29.998887026131076,0.000463739112051087,lane_2,mainline,,normal,none,commit
MVS-SAFE-1B_executing_cap_lateral_consumption,MVS-SAFE-1B-cap,232,23.20000000000006,CFV_SAFE_EXEC,cav,not_applicable,7853.202671137286,0.0,29.998887026131076,0.000463739112051087,lane_2,mainline,,normal,none,commit
MVS-SAFE-1B_executing_cap_lateral_consumption,MVS-SAFE-1B-cap,233,23.30000000000006,MV_SAFE_EXEC,cav,not_applicable,7245.961754015225,-2.240253275703136,0.009366439774738935,4.0,on_ramp,on_ramp_mv,,normal,executing,commit
MVS-SAFE-1B_executing_cap_lateral_consumption,MVS-SAFE-1B-cap,233,23.30000000000006,CLV_SAFE_EXEC,cav,not_applicable,7936.202564291795,0.0,29.99893154508583,0.0004451895475696688,lane_2,mainline,,normal,none,commit
MVS-SAFE-1B_executing_cap_lateral_consumption,MVS-SAFE-1B-cap,233,23.30000000000006,CFV_SAFE_EXEC,cav,not_applicable,7856.202564291795,0.0,29.99893154508583,0.0004451895475696688,lane_2,mainline,,normal,none,commit
MVS-SAFE-1B_executing_cap_lateral_consumption,MVS-SAFE-1B-cap,234,23.400000000000063,MV_SAFE_EXEC,cav,not_applicable,7245.962668269129,-2.2402050244390344,0.009142539039080758,4.0,on_ramp,on_ramp_mv,,normal,executing,commit
MVS-SAFE-1B_executing_cap_lateral_consumption,MVS-SAFE-1B-cap,234,23.400000000000063,CLV_SAFE_EXEC,cav,not_applicable,7939.202461720123,0.0,29.998974283282397,0.00042738196566745047,lane_2,mainline,,normal,none,commit
MVS-SAFE-1B_executing_cap_lateral_consumption,MVS-SAFE-1B-cap,234,23.400000000000063,CFV_SAFE_EXEC,cav,not_applicable,7859.202461720123,0.0,29.998974283282397,0.00042738196566745047,lane_2,mainline,,normal,none,commit
MVS-SAFE-1B_executing_cap_lateral_consumption,MVS-SAFE-1B-cap,235,23.500000000000064,MV_SAFE_EXEC,cav,not_applicable,7245.963560668184,-2.240157926210743,0.008923990554670252,4.0,on_ramp,on_ramp_mv,,normal,executing,commit
MVS-SAFE-1B_executing_cap_lateral_consumption,MVS-SAFE-1B-cap,235,23.500000000000064,CLV_SAFE_EXEC,cav,not_applicable,7942.202363251318,0.0,29.9990153119511,0.00041028668704115037,lane_2,mainline,,normal,none,commit
MVS-SAFE-1B_executing_cap_lateral_consumption,MVS-SAFE-1B-cap,235,23.500000000000064,CFV_SAFE_EXEC,cav,not_applicable,7862.202363251318,0.0,29.9990153119511,0.00041028668704115037,lane_2,mainline,,normal,none,commit
MVS-SAFE-1B_executing_cap_lateral_consumption,MVS-SAFE-1B-cap,236,23.600000000000065,MV_SAFE_EXEC,cav,not_applicable,7245.964431734822,-2.2401119534738934,0.00871066637828506,4.0,on_ramp,on_ramp_mv,,normal,executing,commit
MVS-SAFE-1B_executing_cap_lateral_consumption,MVS-SAFE-1B-cap,236,23.600000000000065,CLV_SAFE_EXEC,cav,not_applicable,7945.202268721266,0.0,29.999054699473056,0.0003938752195594475,lane_2,mainline,,normal,none,commit
MVS-SAFE-1B_executing_cap_lateral_consumption,MVS-SAFE-1B-cap,236,23.600000000000065,CFV_SAFE_EXEC,cav,not_applicable,7865.202268721266,0.0,29.999054699473056,0.0003938752195594475,lane_2,mainline,,normal,none,commit
MVS-SAFE-1B_executing_cap_lateral_consumption,MVS-SAFE-1B-cap,237,23.700000000000067,MV_SAFE_EXEC,cav,not_applicable,7245.965281978984,-2.2400670793416797,0.008502441625020793,4.0,on_ramp,on_ramp_mv,,normal,executing,commit
MVS-SAFE-1B_executing_cap_lateral_consumption,MVS-SAFE-1B-cap,237,23.700000000000067,CLV_SAFE_EXEC,cav,not_applicable,7948.2021779724155,0.0,29.999092511494133,0.0003781202107774107,lane_2,mainline,,normal,none,commit
MVS-SAFE-1B_executing_cap_lateral_consumption,MVS-SAFE-1B-cap,237,23.700000000000067,CFV_SAFE_EXEC,cav,not_applicable,7868.2021779724155,0.0,29.999092511494133,0.0003781202107774107,lane_2,mainline,,normal,none,commit
MVS-SAFE-1B_executing_cap_lateral_consumption,MVS-SAFE-1B-cap,238,23.800000000000068,MV_SAFE_EXEC,cav,not_applicable,7245.966111898424,-2.240023277569178,0.008299194395458408,4.0,on_ramp,on_ramp_mv,,normal,executing,commit
MVS-SAFE-1B_executing_cap_lateral_consumption,MVS-SAFE-1B-cap,238,23.800000000000068,CLV_SAFE_EXEC,cav,not_applicable,7951.202090853519,0.0,29.999128811034367,0.0003629954023466553,lane_2,mainline,,normal,none,commit
MVS-SAFE-1B_executing_cap_lateral_consumption,MVS-SAFE-1B-cap,238,23.800000000000068,CFV_SAFE_EXEC,cav,not_applicable,7871.202090853519,0.0,29.999128811034367,0.0003629954023466553,lane_2,mainline,,normal,none,commit
MVS-SAFE-1B_executing_cap_lateral_consumption,MVS-SAFE-1B-cap,239,23.90000000000007,MV_SAFE_EXEC,cav,not_applicable,7245.966921978995,-2.2399805225380485,0.008100805703918641,4.0,on_ramp,on_ramp_mv,,normal,executing,commit
MVS-SAFE-1B_executing_cap_lateral_consumption,MVS-SAFE-1B-cap,239,23.90000000000007,CLV_SAFE_EXEC,cav,not_applicable,7954.202007219378,0.0,29.99916365859299,0.00034847558625301646,lane_2,mainline,,normal,none,commit
MVS-SAFE-1B_executing_cap_lateral_consumption,MVS-SAFE-1B-cap,239,23.90000000000007,CFV_SAFE_EXEC,cav,not_applicable,7874.202007219378,0.0,29.99916365859299,0.00034847558625301646,lane_2,mainline,,normal,none,commit
MVS-SAFE-1B_executing_cap_lateral_consumption,MVS-SAFE-1B-cap,240,24.00000000000007,MV_SAFE_EXEC,cav,not_applicable,7245.9677126949355,-2.2399387892415876,0.007907159409107948,4.0,on_ramp,on_ramp_mv,,normal,executing,commit
MVS-SAFE-1B_executing_cap_lateral_consumption,MVS-SAFE-1B-cap,240,24.00000000000007,CLV_SAFE_EXEC,cav,not_applicable,7957.201926930603,0.0,29.99919711224927,0.0003345365628035779,lane_2,mainline,,normal,none,commit
MVS-SAFE-1B_executing_cap_lateral_consumption,MVS-SAFE-1B-cap,240,24.00000000000007,CFV_SAFE_EXEC,cav,not_applicable,7877.201926930603,0.0,29.99919711224927,0.0003345365628035779,lane_2,mainline,,normal,none,commit
MVS-SAFE-1B_executing_cap_lateral_consumption,MVS-SAFE-1B-cap,241,24.100000000000072,MV_SAFE_EXEC,cav,not_applicable,7245.96848450915,-2.239898053270147,0.007718142146286341,4.0,on_ramp,on_ramp_mv,,normal,executing,commit
MVS-SAFE-1B_executing_cap_lateral_consumption,MVS-SAFE-1B-cap,241,24.100000000000072,CLV_SAFE_EXEC,cav,not_applicable,7960.201849853379,0.0,29.9992292277593,0.00032115510029200327,lane_2,mainline,,normal,none,commit
MVS-SAFE-1B_executing_cap_lateral_consumption,MVS-SAFE-1B-cap,241,24.100000000000072,CFV_SAFE_EXEC,cav,not_applicable,7880.201849853379,0.0,29.9992292277593,0.00032115510029200327,lane_2,mainline,,normal,none,commit
MVS-SAFE-1B_executing_cap_lateral_consumption,MVS-SAFE-1B-cap,242,24.200000000000074,MV_SAFE_EXEC,cav,not_applicable,7245.969237873475,-2.2398582907968962,0.0075336432603048484,4.0,on_ramp,on_ramp_mv,,normal,executing,commit
MVS-SAFE-1B_executing_cap_lateral_consumption,MVS-SAFE-1B-cap,242,24.200000000000074,CLV_SAFE_EXEC,cav,not_applicable,7963.201775859244,0.0,29.99926005864893,0.000308308896279641,lane_2,mainline,,normal,none,commit
MVS-SAFE-1B_executing_cap_lateral_consumption,MVS-SAFE-1B-cap,242,24.200000000000074,CFV_SAFE_EXEC,cav,not_applicable,7883.201775859244,0.0,29.99926005864893,0.000308308896279641,lane_2,mainline,,normal,none,commit
MVS-SAFE-1B_executing_cap_lateral_consumption,MVS-SAFE-1B-cap,243,24.300000000000075,MV_SAFE_EXEC,cav,not_applicable,7245.969973228949,-2.23981947856392,0.007353554741251917,4.0,on_ramp,on_ramp_mv,,normal,executing,commit
MVS-SAFE-1B_executing_cap_lateral_consumption,MVS-SAFE-1B-cap,243,24.300000000000075,CLV_SAFE_EXEC,cav,not_applicable,7966.2017048248745,0.0,29.99928965630297,0.00029597654042845534,lane_2,mainline,,normal,none,commit
MVS-SAFE-1B_executing_cap_lateral_consumption,MVS-SAFE-1B-cap,243,24.300000000000075,CFV_SAFE_EXEC,cav,not_applicable,7886.2017048248745,0.0,29.99928965630297,0.00029597654042845534,lane_2,mainline,,normal,none,commit
MVS-SAFE-1B_executing_cap_lateral_consumption,MVS-SAFE-1B-cap,244,24.400000000000077,MV_SAFE_EXEC,cav,not_applicable,7245.970691006065,-2.2397815938686514,0.0071777711611868585,4.0,on_ramp,on_ramp_mv,,normal,executing,commit
MVS-SAFE-1B_executing_cap_lateral_consumption,MVS-SAFE-1B-cap,244,24.400000000000077,CLV_SAFE_EXEC,cav,not_applicable,7969.201636631879,0.0,29.99931807005085,0.00028413747881188555,lane_2,mainline,,normal,none,commit
MVS-SAFE-1B_executing_cap_lateral_consumption,MVS-SAFE-1B-cap,244,24.400000000000077,CFV_SAFE_EXEC,cav,not_applicable,7889.201636631879,0.0,29.99931807005085,0.00028413747881188555,lane_2,mainline,,normal,none,commit
MVS-SAFE-1B_executing_cap_lateral_consumption,MVS-SAFE-1B-cap,245,24.500000000000078,MV_SAFE_EXEC,cav,not_applicable,7245.971391625027,-2.2397446145506272,0.007006189612395186,4.0,on_ramp,on_ramp_mv,,normal,executing,commit
MVS-SAFE-1B_executing_cap_lateral_consumption,MVS-SAFE-1B-cap,245,24.500000000000078,CLV_SAFE_EXEC,cav,not_applicable,7972.2015711666045,0.0,29.999345347248816,0.00027277197965958067,lane_2,mainline,,normal,none,commit
MVS-SAFE-1B_executing_cap_lateral_consumption,MVS-SAFE-1B-cap,245,24.500000000000078,CFV_SAFE_EXEC,cav,not_applicable,7892.2015711666045,0.0,29.999345347248816,0.00027277197965958067,lane_2,mainline,,normal,none,commit
MVS-SAFE-1B_executing_cap_lateral_consumption,MVS-SAFE-1B-cap,246,24.60000000000008,MV_SAFE_EXEC,cav,not_applicable,7245.972075495992,-2.2397085189785555,0.0068387096469483995,4.0,on_ramp,on_ramp_mv,,normal,executing,commit
MVS-SAFE-1B_executing_cap_lateral_consumption,MVS-SAFE-1B-cap,246,24.60000000000008,CLV_SAFE_EXEC,cav,not_applicable,7975.20150831994,0.0,29.999371533358865,0.00026186110047348165,lane_2,mainline,,normal,none,commit
MVS-SAFE-1B_executing_cap_lateral_consumption,MVS-SAFE-1B-cap,246,24.60000000000008,CFV_SAFE_EXEC,cav,not_applicable,7895.20150831994,0.0,29.999371533358865,0.00026186110047348165,lane_2,mainline,,normal,none,commit
MVS-SAFE-1B_executing_cap_lateral_consumption,MVS-SAFE-1B-cap,247,24.70000000000008,MV_SAFE_EXEC,cav,not_applicable,7245.972743019313,-2.2396732860376924,0.00667523321843789,4.0,on_ramp,on_ramp_mv,,normal,executing,commit
MVS-SAFE-1B_executing_cap_lateral_consumption,MVS-SAFE-1B-cap,247,24.70000000000008,CLV_SAFE_EXEC,cav,not_applicable,7978.201447987143,0.0,29.99939667202451,0.0002513866564541445,lane_2,mainline,,normal,none,commit
MVS-SAFE-1B_executing_cap_lateral_consumption,MVS-SAFE-1B-cap,247,24.70000000000008,CFV_SAFE_EXEC,cav,not_applicable,7898.201447987143,0.0,29.99939667202451,0.0002513866564541445,lane_2,mainline,,normal,none,commit
MVS-SAFE-1B_executing_cap_lateral_consumption,MVS-SAFE-1B-cap,248,24.800000000000082,MV_SAFE_EXEC,cav,not_applicable,7245.973394585776,-2.239638895117521,0.006515664624143661,4.0,on_ramp,on_ramp_mv,,normal,executing,commit
MVS-SAFE-1B_executing_cap_lateral_consumption,MVS-SAFE-1B-cap,248,24.800000000000082,CLV_SAFE_EXEC,cav,not_applicable,7981.2013900676575,0.0,29.99942080514353,0.0002413311901960924,lane_2,mainline,,normal,none,commit
MVS-SAFE-1B_executing_cap_lateral_consumption,MVS-SAFE-1B-cap,248,24.800000000000082,CFV_SAFE_EXEC,cav,not_applicable,7901.2013900676575,0.0,29.99942080514353,0.0002413311901960924,lane_2,mainline,,normal,none,commit
MVS-SAFE-1B_executing_cap_lateral_consumption,MVS-SAFE-1B-cap,249,24.900000000000084,MV_SAFE_EXEC,cav,not_applicable,7245.974030576821,-2.23960532609972,0.006359910448724928,4.0,on_ramp,on_ramp_mv,,normal,executing,commit
MVS-SAFE-1B_executing_cap_lateral_consumption,MVS-SAFE-1B-cap,249,24.900000000000084,CLV_SAFE_EXEC,cav,not_applicable,7984.201334464951,0.0,29.999443972937787,0.0002316779425882487,lane_2,mainline,,normal,none,commit
MVS-SAFE-1B_executing_cap_lateral_consumption,MVS-SAFE-1B-cap,249,24.900000000000084,CFV_SAFE_EXEC,cav,not_applicable,7904.201334464951,0.0,29.999443972937787,0.0002316779425882487,lane_2,mainline,,normal,none,commit
MVS-SAFE-1B_executing_cap_lateral_consumption,MVS-SAFE-1B-cap,250,25.000000000000085,MV_SAFE_EXEC,cav,not_applicable,7245.974651364772,-2.2395725593464264,0.006207879510302232,4.0,on_ramp,on_ramp_mv,,normal,executing,commit
MVS-SAFE-1B_executing_cap_lateral_consumption,MVS-SAFE-1B-cap,250,25.000000000000085,CLV_SAFE_EXEC,cav,not_applicable,7987.201281086353,0.0,29.999466214020273,0.00022241082488534404,lane_2,mainline,,normal,none,commit
MVS-SAFE-1B_executing_cap_lateral_consumption,MVS-SAFE-1B-cap,250,25.000000000000085,CFV_SAFE_EXEC,cav,not_applicable,7907.201281086353,0.0,29.999466214020273,0.00022241082488534404,lane_2,mainline,,normal,none,commit
MVS-SAFE-1B_executing_cap_lateral_consumption,MVS-SAFE-1B-cap,251,25.100000000000087,MV_SAFE_EXEC,cav,not_applicable,7245.975257313053,-2.239540575688766,0.006059482806322154,4.0,on_ramp,on_ramp_mv,,normal,executing,commit
MVS-SAFE-1B_executing_cap_lateral_consumption,MVS-SAFE-1B-cap,251,25.100000000000087,CLV_SAFE_EXEC,cav,not_applicable,7990.201229842899,0.0,29.99948756545946,0.0002135143918906124,lane_2,mainline,,normal,none,commit
MVS-SAFE-1B_executing_cap_lateral_consumption,MVS-SAFE-1B-cap,251,25.100000000000087,CFV_SAFE_EXEC,cav,not_applicable,7910.201229842899,0.0,29.99948756545946,0.0002135143918906124,lane_2,mainline,,normal,none,commit
MVS-SAFE-1B_executing_cap_lateral_consumption,MVS-SAFE-1B-cap,252,25.200000000000088,MV_SAFE_EXEC,cav,not_applicable,7245.975848776399,-2.239509356415666,0.0059146334622483514,4.0,on_ramp,on_ramp_mv,,normal,executing,commit
MVS-SAFE-1B_executing_cap_lateral_consumption,MVS-SAFE-1B-cap,252,25.200000000000088,CLV_SAFE_EXEC,cav,not_applicable,7993.201180649183,0.0,29.999508062841084,0.00020497381621567003,lane_2,mainline,,normal,none,commit
MVS-SAFE-1B_executing_cap_lateral_consumption,MVS-SAFE-1B-cap,252,25.200000000000088,CFV_SAFE_EXEC,cav,not_applicable,7913.201180649183,0.0,29.999508062841084,0.00020497381621567003,lane_2,mainline,,normal,none,commit
MVS-SAFE-1B_executing_cap_lateral_consumption,MVS-SAFE-1B-cap,253,25.30000000000009,MV_SAFE_EXEC,cav,not_applicable,7245.976426101067,-2.239478883262934,0.005773246679600381,4.0,on_ramp,on_ramp_mv,,normal,executing,commit
MVS-SAFE-1B_executing_cap_lateral_consumption,MVS-SAFE-1B-cap,253,25.30000000000009,CLV_SAFE_EXEC,cav,not_applicable,7996.201133423216,0.0,29.99952774032744,0.00019677486356641796,lane_2,mainline,,normal,none,commit
MVS-SAFE-1B_executing_cap_lateral_consumption,MVS-SAFE-1B-cap,253,25.30000000000009,CFV_SAFE_EXEC,cav,not_applicable,7916.201133423216,0.0,29.99952774032744,0.00019677486356641796,lane_2,mainline,,normal,none,commit
MVS-SAFE-1B_executing_cap_lateral_consumption,MVS-SAFE-1B-cap,254,25.40000000000009,MV_SAFE_EXEC,cav,not_applicable,7245.9769896250355,-2.239449138402591,0.005635239687688496,4.0,on_ramp,on_ramp_mv,,normal,executing,commit
MVS-SAFE-1B_executing_cap_lateral_consumption,MVS-SAFE-1B-cap,254,25.40000000000009,CLV_SAFE_EXEC,cav,not_applicable,7999.201088086287,0.0,29.99954663071434,0.00018890386902370437,lane_2,mainline,,normal,none,commit
MVS-SAFE-1B_executing_cap_lateral_consumption,MVS-SAFE-1B-cap,254,25.40000000000009,CFV_SAFE_EXEC,cav,not_applicable,7919.201088086287,0.0,29.99954663071434,0.00018890386902370437,lane_2,mainline,,normal,none,commit
MVS-SAFE-1B_executing_cap_lateral_consumption,MVS-SAFE-1B-cap,255,25.500000000000092,MV_SAFE_EXEC,cav,not_applicable,7245.977539678205,-2.239420104432463,0.005500531693826563,4.0,on_ramp,on_ramp_mv,,normal,executing,commit
MVS-SAFE-1B_executing_cap_lateral_consumption,MVS-SAFE-1B-cap,255,25.500000000000092,CLV_SAFE_EXEC,cav,not_applicable,8002.201044562836,0.0,29.99956476548577,0.00018134771426332464,lane_2,mainline,,normal,none,commit
MVS-SAFE-1B_executing_cap_lateral_consumption,MVS-SAFE-1B-cap,255,25.500000000000092,CFV_SAFE_EXEC,cav,not_applicable,7922.201044562836,0.0,29.99956476548577,0.00018134771426332464,lane_2,mainline,,normal,none,commit
MVS-SAFE-1B_executing_cap_lateral_consumption,MVS-SAFE-1B-cap,256,25.600000000000094,MV_SAFE_EXEC,cav,not_applicable,7245.978076582589,-2.2393917643660215,0.005369043836806157,4.0,on_ramp,on_ramp_mv,,normal,executing,commit
MVS-SAFE-1B_executing_cap_lateral_consumption,MVS-SAFE-1B-cap,256,25.600000000000094,CLV_SAFE_EXEC,cav,not_applicable,8005.201002780323,0.0,29.999582174866337,0.00017409380569262113,lane_2,mainline,,normal,none,commit
MVS-SAFE-1B_executing_cap_lateral_consumption,MVS-SAFE-1B-cap,256,25.600000000000094,CFV_SAFE_EXEC,cav,not_applicable,7925.201002780323,0.0,29.999582174866337,0.00017409380569262113,lane_2,mainline,,normal,none,commit
MVS-SAFE-1B_executing_cap_lateral_consumption,MVS-SAFE-1B-cap,257,25.700000000000095,MV_SAFE_EXEC,cav,not_applicable,7245.978600652503,-2.2393641016224617,0.005240699140805456,4.0,on_ramp,on_ramp_mv,,normal,executing,commit
MVS-SAFE-1B_executing_cap_lateral_consumption,MVS-SAFE-1B-cap,257,25.700000000000095,CLV_SAFE_EXEC,cav,not_applicable,8008.20096266911,0.0,29.999598887871684,0.0001671300534653142,lane_2,mainline,,normal,none,commit
MVS-SAFE-1B_executing_cap_lateral_consumption,MVS-SAFE-1B-cap,257,25.700000000000095,CFV_SAFE_EXEC,cav,not_applicable,7928.20096266911,0.0,29.999598887871684,0.0001671300534653142,lane_2,mainline,,normal,none,commit
MVS-SAFE-1B_executing_cap_lateral_consumption,MVS-SAFE-1B-cap,258,25.800000000000097,MV_SAFE_EXEC,cav,not_applicable,7245.97911219475,-2.2393371000170186,0.005115422469950393,4.0,on_ramp,on_ramp_mv,,normal,executing,commit
MVS-SAFE-1B_executing_cap_lateral_consumption,MVS-SAFE-1B-cap,258,25.800000000000097,CLV_SAFE_EXEC,cav,not_applicable,8011.2009241623455,0.0,29.999614932356817,0.00016044485132624687,lane_2,mainline,,normal,none,commit
MVS-SAFE-1B_executing_cap_lateral_consumption,MVS-SAFE-1B-cap,258,25.800000000000097,CFV_SAFE_EXEC,cav,not_applicable,7931.2009241623455,0.0,29.999614932356817,0.00016044485132624687,lane_2,mainline,,normal,none,commit
MVS-SAFE-1B_executing_cap_lateral_consumption,MVS-SAFE-1B-cap,259,25.900000000000098,MV_SAFE_EXEC,cav,not_applicable,7245.979611508798,-2.2393107437515205,0.00499314048418025,4.0,on_ramp,on_ramp_mv,,normal,executing,commit
MVS-SAFE-1B_executing_cap_lateral_consumption,MVS-SAFE-1B-cap,259,25.900000000000098,CLV_SAFE_EXEC,cav,not_applicable,8014.2008871958515,0.0,29.999630335062545,0.00015402705727325384,lane_2,mainline,,normal,none,commit
MVS-SAFE-1B_executing_cap_lateral_consumption,MVS-SAFE-1B-cap,259,25.900000000000098,CFV_SAFE_EXEC,cav,not_applicable,7934.2008871958515,0.0,29.999630335062545,0.00015402705727325384,lane_2,mainline,,normal,none,commit
MVS-SAFE-1B_executing_cap_lateral_consumption,MVS-SAFE-1B-cap,260,26.0000000000001,MV_SAFE_EXEC,cav,not_applicable,7245.980098886958,-2.2392850174051544,0.0048737815970699636,4.0,on_ramp,on_ramp_mv,,normal,executing,commit
MVS-SAFE-1B_executing_cap_lateral_consumption,MVS-SAFE-1B-cap,260,26.0000000000001,CLV_SAFE_EXEC,cav,not_applicable,8017.200851708018,0.0,29.99964512166004,0.00014786597498215315,lane_2,mainline,,normal,none,commit
MVS-SAFE-1B_executing_cap_lateral_consumption,MVS-SAFE-1B-cap,260,26.0000000000001,CFV_SAFE_EXEC,cav,not_applicable,7937.200851708018,0.0,29.99964512166004,0.00014786597498215315,lane_2,mainline,,normal,none,commit
MVS-SAFE-1B_executing_cap_lateral_consumption,MVS-SAFE-1B-cap,261,26.1000000000001,MV_SAFE_EXEC,cav,not_applicable,7245.980574614551,-2.239259905925465,0.0047572759330001945,4.0,on_ramp,on_ramp_mv,,normal,executing,commit
MVS-SAFE-1B_executing_cap_lateral_consumption,MVS-SAFE-1B-cap,261,26.1000000000001,CLV_SAFE_EXEC,cav,not_applicable,8020.200817639697,0.0,29.99965931679364,0.0001419513359834923,lane_2,mainline,,normal,none,commit
MVS-SAFE-1B_executing_cap_lateral_consumption,MVS-SAFE-1B-cap,261,26.1000000000001,CFV_SAFE_EXEC,cav,not_applicable,7940.200817639697,0.0,29.99965931679364,0.0001419513359834923,lane_2,mainline,,normal,none,commit
MVS-SAFE-1B_executing_cap_lateral_consumption,MVS-SAFE-1B-cap,262,26.200000000000102,MV_SAFE_EXEC,cav,not_applicable,7245.98103897008,-2.2392353946195565,0.0046435552871537345,4.0,on_ramp,on_ramp_mv,,normal,executing,commit
MVS-SAFE-1B_executing_cap_lateral_consumption,MVS-SAFE-1B-cap,262,26.200000000000102,CLV_SAFE_EXEC,cav,not_applicable,8023.200784934109,0.0,29.999672944121894,0.0001362732825441526,lane_2,mainline,,normal,none,commit
MVS-SAFE-1B_executing_cap_lateral_consumption,MVS-SAFE-1B-cap,262,26.200000000000102,CFV_SAFE_EXEC,cav,not_applicable,7943.200784934109,0.0,29.999672944121894,0.0001362732825441526,lane_2,mainline,,normal,none,commit
MVS-SAFE-1B_executing_cap_lateral_consumption,MVS-SAFE-1B-cap,263,26.300000000000104,MV_SAFE_EXEC,cav,not_applicable,7245.981492225388,-2.239211469145517,0.004532553084642276,4.0,on_ramp,on_ramp_mv,,normal,executing,commit
MVS-SAFE-1B_executing_cap_lateral_consumption,MVS-SAFE-1B-cap,263,26.300000000000104,CLV_SAFE_EXEC,cav,not_applicable,8026.200753536745,0.0,29.99968602635702,0.00013082235124244336,lane_2,mainline,,normal,none,commit
MVS-SAFE-1B_executing_cap_lateral_consumption,MVS-SAFE-1B-cap,263,26.300000000000104,CFV_SAFE_EXEC,cav,not_applicable,7946.200753536745,0.0,29.99968602635702,0.00013082235124244336,lane_2,mainline,,normal,none,commit
MVS-SAFE-1B_executing_cap_lateral_consumption,MVS-SAFE-1B-cap,264,26.400000000000105,MV_SAFE_EXEC,cav,not_applicable,7245.981934645823,-2.2391881155040334,0.0044242043422421055,4.0,on_ramp,on_ramp_mv,,normal,executing,commit
MVS-SAFE-1B_executing_cap_lateral_consumption,MVS-SAFE-1B-cap,264,26.400000000000105,CLV_SAFE_EXEC,cav,not_applicable,8029.200723395275,0.0,29.99969858530274,0.00012558945719263193,lane_2,mainline,,normal,none,commit
MVS-SAFE-1B_executing_cap_lateral_consumption,MVS-SAFE-1B-cap,264,26.400000000000105,CFV_SAFE_EXEC,cav,not_applicable,7949.200723395275,0.0,29.99969858530274,0.00012558945719263193,lane_2,mainline,,normal,none,commit
MVS-SAFE-1B_executing_cap_lateral_consumption,MVS-SAFE-1B-cap,265,26.500000000000107,MV_SAFE_EXEC,cav,not_applicable,7245.982366490385,-2.2391653200302177,0.004318445630129801,4.0,on_ramp,on_ramp_mv,,normal,executing,commit
MVS-SAFE-1B_executing_cap_lateral_consumption,MVS-SAFE-1B-cap,265,26.500000000000107,CLV_SAFE_EXEC,cav,not_applicable,8032.200694459464,0.0,29.99971064189063,0.00012056587890469929,lane_2,mainline,,normal,none,commit
MVS-SAFE-1B_executing_cap_lateral_consumption,MVS-SAFE-1B-cap,265,26.500000000000107,CFV_SAFE_EXEC,cav,not_applicable,7952.200694459464,0.0,29.99971064189063,0.00012056587890469929,lane_2,mainline,,normal,none,commit
MVS-SAFE-1B_executing_cap_lateral_consumption,MVS-SAFE-1B-cap,266,26.600000000000108,MV_SAFE_EXEC,cav,not_applicable,7245.982788011888,-2.2391430693856185,0.004215215034922393,4.0,on_ramp,on_ramp_mv,,normal,executing,commit
MVS-SAFE-1B_executing_cap_lateral_consumption,MVS-SAFE-1B-cap,266,26.600000000000108,CLV_SAFE_EXEC,cav,not_applicable,8035.200666681086,0.0,29.999722216215005,0.00011574324374805656,lane_2,mainline,,normal,none,commit
MVS-SAFE-1B_executing_cap_lateral_consumption,MVS-SAFE-1B-cap,266,26.600000000000108,CFV_SAFE_EXEC,cav,not_applicable,7955.200666681086,0.0,29.999722216215005,0.00011574324374805656,lane_2,mainline,,normal,none,commit
MVS-SAFE-1B_executing_cap_lateral_consumption,MVS-SAFE-1B-cap,267,26.70000000000011,MV_SAFE_EXEC,cav,not_applicable,7245.9831994571,-2.239121350550432,0.004114452122934935,4.0,on_ramp,on_ramp_mv,,normal,executing,commit
MVS-SAFE-1B_executing_cap_lateral_consumption,MVS-SAFE-1B-cap,267,26.70000000000011,CLV_SAFE_EXEC,cav,not_applicable,8038.2006400138425,0.0,29.999733327566403,0.00011111351399790693,lane_2,mainline,,normal,none,commit
MVS-SAFE-1B_executing_cap_lateral_consumption,MVS-SAFE-1B-cap,267,26.70000000000011,CFV_SAFE_EXEC,cav,not_applicable,7958.2006400138425,0.0,29.999733327566403,0.00011111351399790693,lane_2,mainline,,normal,none,commit
MVS-SAFE-1B_executing_cap_lateral_consumption,MVS-SAFE-1B-cap,268,26.80000000000011,MV_SAFE_EXEC,cav,not_applicable,7245.983601066891,-2.2391001508158945,0.004016097905177363,4.0,on_ramp,on_ramp_mv,,normal,executing,commit
MVS-SAFE-1B_executing_cap_lateral_consumption,MVS-SAFE-1B-cap,268,26.80000000000011,CLV_SAFE_EXEC,cav,not_applicable,8041.200614413289,0.0,29.999743994463746,0.00010666897343867277,lane_2,mainline,,normal,none,commit
MVS-SAFE-1B_executing_cap_lateral_consumption,MVS-SAFE-1B-cap,268,26.80000000000011,CFV_SAFE_EXEC,cav,not_applicable,7961.200614413289,0.0,29.999743994463746,0.00010666897343867277,lane_2,mainline,,normal,none,commit
MVS-SAFE-1B_executing_cap_lateral_consumption,MVS-SAFE-1B-cap,269,26.900000000000112,MV_SAFE_EXEC,cav,not_applicable,7245.983993076372,-2.2390794577768522,0.003920094802786178,4.0,on_ramp,on_ramp_mv,,normal,executing,commit
MVS-SAFE-1B_executing_cap_lateral_consumption,MVS-SAFE-1B-cap,269,26.900000000000112,CLV_SAFE_EXEC,cav,not_applicable,8044.200589836758,0.0,29.999754234685195,0.00010240221450175113,lane_2,mainline,,normal,none,commit
MVS-SAFE-1B_executing_cap_lateral_consumption,MVS-SAFE-1B-cap,269,26.900000000000112,CFV_SAFE_EXEC,cav,not_applicable,7964.200589836758,0.0,29.999754234685195,0.00010240221450175113,lane_2,mainline,,normal,none,commit
MVS-SAFE-1B_executing_cap_lateral_consumption,MVS-SAFE-1B-cap,270,27.000000000000114,MV_SAFE_EXEC,cav,not_applicable,7245.984375715033,-2.2390592593245167,0.0038263866135431735,4.0,on_ramp,on_ramp_mv,,normal,executing,commit
MVS-SAFE-1B_executing_cap_lateral_consumption,MVS-SAFE-1B-cap,270,27.000000000000114,CLV_SAFE_EXEC,cav,not_applicable,8047.2005662432875,0.0,29.999764065297786,9.830612592196531e-05,lane_2,mainline,,normal,none,commit
MVS-SAFE-1B_executing_cap_lateral_consumption,MVS-SAFE-1B-cap,270,27.000000000000114,CFV_SAFE_EXEC,cav,not_applicable,7967.2005662432875,0.0,29.999764065297786,9.830612592196531e-05,lane_2,mainline,,normal,none,commit
MVS-SAFE-1B_executing_cap_lateral_consumption,MVS-SAFE-1B-cap,271,27.100000000000115,MV_SAFE_EXEC,cav,not_applicable,7245.984749206881,-2.2390395436393864,0.0037349184786115873,4.0,on_ramp,on_ramp_mv,,normal,executing,commit
MVS-SAFE-1B_executing_cap_lateral_consumption,MVS-SAFE-1B-cap,271,27.100000000000115,CLV_SAFE_EXEC,cav,not_applicable,8050.200543593556,0.0,29.999773502685873,9.437388088571197e-05,lane_2,mainline,,normal,none,commit
MVS-SAFE-1B_executing_cap_lateral_consumption,MVS-SAFE-1B-cap,271,27.100000000000115,CFV_SAFE_EXEC,cav,not_applicable,7970.200543593556,0.0,29.999773502685873,9.437388088571197e-05,lane_2,mainline,,normal,none,commit
MVS-SAFE-1B_executing_cap_lateral_consumption,MVS-SAFE-1B-cap,272,27.200000000000117,MV_SAFE_EXEC,cav,not_applicable,7245.985113770566,-2.2390202991843404,0.003645636850141886,4.0,on_ramp,on_ramp_mv,,normal,executing,commit
MVS-SAFE-1B_executing_cap_lateral_consumption,MVS-SAFE-1B-cap,272,27.200000000000117,CLV_SAFE_EXEC,cav,not_applicable,8053.200521849814,0.0,29.99978256257844,9.059892565090878e-05,lane_2,mainline,,normal,none,commit
MVS-SAFE-1B_executing_cap_lateral_consumption,MVS-SAFE-1B-cap,272,27.200000000000117,CFV_SAFE_EXEC,cav,not_applicable,7973.200521849814,0.0,29.99978256257844,9.059892565090878e-05,lane_2,mainline,,normal,none,commit
MVS-SAFE-1B_executing_cap_lateral_consumption,MVS-SAFE-1B-cap,273,27.300000000000118,MV_SAFE_EXEC,cav,not_applicable,7245.9854696195125,-2.2390015146978945,0.003558489460834251,4.0,on_ramp,on_ramp_mv,,normal,executing,commit
MVS-SAFE-1B_executing_cap_lateral_consumption,MVS-SAFE-1B-cap,273,27.300000000000118,CLV_SAFE_EXEC,cav,not_applicable,8056.200500975822,0.0,29.999791260075302,8.697496862453136e-05,lane_2,mainline,,normal,none,commit
MVS-SAFE-1B_executing_cap_lateral_consumption,MVS-SAFE-1B-cap,273,27.300000000000118,CFV_SAFE_EXEC,cav,not_applicable,7976.200500975822,0.0,29.999791260075302,8.697496862453136e-05,lane_2,mainline,,normal,none,commit
MVS-SAFE-1B_executing_cap_lateral_consumption,MVS-SAFE-1B-cap,274,27.40000000000012,MV_SAFE_EXEC,cav,not_applicable,7245.985816962042,-2.2389831791876205,0.003473425292631422,4.0,on_ramp,on_ramp_mv,,normal,executing,commit
MVS-SAFE-1B_executing_cap_lateral_consumption,MVS-SAFE-1B-cap,274,27.40000000000012,CLV_SAFE_EXEC,cav,not_applicable,8059.200480936789,0.0,29.99979960967229,8.349596987926589e-05,lane_2,mainline,,normal,none,commit
MVS-SAFE-1B_executing_cap_lateral_consumption,MVS-SAFE-1B-cap,274,27.40000000000012,CFV_SAFE_EXEC,cav,not_applicable,7979.200480936789,0.0,29.99979960967229,8.349596987926589e-05,lane_2,mainline,,normal,none,commit
MVS-SAFE-1B_executing_cap_lateral_consumption,MVS-SAFE-1B-cap,275,27.50000000000012,MV_SAFE_EXEC,cav,not_applicable,7245.986156001497,-2.238965281923722,0.0033903945469334136,4.0,on_ramp,on_ramp_mv,,normal,executing,commit
MVS-SAFE-1B_executing_cap_lateral_consumption,MVS-SAFE-1B-cap,275,27.50000000000012,CLV_SAFE_EXEC,cav,not_applicable,8062.200461699317,0.0,29.9998076252854,8.015613108369735e-05,lane_2,mainline,,normal,none,commit
MVS-SAFE-1B_executing_cap_lateral_consumption,MVS-SAFE-1B-cap,275,27.50000000000012,CFV_SAFE_EXEC,cav,not_applicable,7982.200461699317,0.0,29.9998076252854,8.015613108369735e-05,lane_2,mainline,,normal,none,commit
MVS-SAFE-1B_executing_cap_lateral_consumption,MVS-SAFE-1B-cap,276,27.600000000000122,MV_SAFE_EXEC,cav,not_applicable,7245.986486936358,-2.238947812432761,0.003309348615681877,4.0,on_ramp,on_ramp_mv,,normal,executing,commit
MVS-SAFE-1B_executing_cap_lateral_consumption,MVS-SAFE-1B-cap,276,27.600000000000122,CLV_SAFE_EXEC,cav,not_applicable,8065.200443231344,0.0,29.99981532027398,7.694988584034946e-05,lane_2,mainline,,normal,none,commit
MVS-SAFE-1B_executing_cap_lateral_consumption,MVS-SAFE-1B-cap,276,27.600000000000122,CFV_SAFE_EXEC,cav,not_applicable,7985.200443231344,0.0,29.99981532027398,7.694988584034946e-05,lane_2,mainline,,normal,none,commit
MVS-SAFE-1B_executing_cap_lateral_consumption,MVS-SAFE-1B-cap,277,27.700000000000124,MV_SAFE_EXEC,cav,not_applicable,7245.986809960364,-2.238930760491537,0.003230240052879284,4.0,on_ramp,on_ramp_mv,,normal,executing,commit
MVS-SAFE-1B_executing_cap_lateral_consumption,MVS-SAFE-1B-cap,277,27.700000000000124,CLV_SAFE_EXEC,cav,not_applicable,8068.20042550209,0.0,29.99982270746302,7.38718904074176e-05,lane_2,mainline,,normal,none,commit
MVS-SAFE-1B_executing_cap_lateral_consumption,MVS-SAFE-1B-cap,277,27.700000000000124,CFV_SAFE_EXEC,cav,not_applicable,7988.20042550209,0.0,29.99982270746302,7.38718904074176e-05,lane_2,mainline,,normal,none,commit
MVS-SAFE-1B_executing_cap_lateral_consumption,MVS-SAFE-1B-cap,278,27.800000000000125,MV_SAFE_EXEC,cav,not_applicable,7245.987125262618,-2.2389141161211126,0.0031530225463255184,4.0,on_ramp,on_ramp_mv,,normal,executing,commit
MVS-SAFE-1B_executing_cap_lateral_consumption,MVS-SAFE-1B-cap,278,27.800000000000125,CLV_SAFE_EXEC,cav,not_applicable,8071.200408482006,0.0,29.9998297991645,7.09170147914051e-05,lane_2,mainline,,normal,none,commit
MVS-SAFE-1B_executing_cap_lateral_consumption,MVS-SAFE-1B-cap,278,27.800000000000125,CFV_SAFE_EXEC,cav,not_applicable,7991.200408482006,0.0,29.9998297991645,7.09170147914051e-05,lane_2,mainline,,normal,none,commit
MVS-SAFE-1B_executing_cap_lateral_consumption,MVS-SAFE-1B-cap,279,27.900000000000126,MV_SAFE_EXEC,cav,not_applicable,7245.987433027707,-2.2388978695809767,0.0030776508913111693,4.0,on_ramp,on_ramp_mv,,normal,executing,commit
MVS-SAFE-1B_executing_cap_lateral_consumption,MVS-SAFE-1B-cap,279,27.900000000000126,CLV_SAFE_EXEC,cav,not_applicable,8074.200392142726,0.0,29.99983660719792,6.808033419929416e-05,lane_2,mainline,,normal,none,commit
MVS-SAFE-1B_executing_cap_lateral_consumption,MVS-SAFE-1B-cap,279,27.900000000000126,CFV_SAFE_EXEC,cav,not_applicable,7994.200392142726,0.0,29.99983660719792,6.808033419929416e-05,lane_2,mainline,,normal,none,commit
MVS-SAFE-1B_executing_cap_lateral_consumption,MVS-SAFE-1B-cap,280,28.000000000000128,MV_SAFE_EXEC,cav,not_applicable,7245.987733435803,-2.2388820113633536,0.003004080963441178,4.0,on_ramp,on_ramp_mv,,normal,executing,commit
MVS-SAFE-1B_executing_cap_lateral_consumption,MVS-SAFE-1B-cap,280,28.000000000000128,CLV_SAFE_EXEC,cav,not_applicable,8077.200376457017,0.0,29.999843142910002,6.535712083177714e-05,lane_2,mainline,,normal,none,commit
MVS-SAFE-1B_executing_cap_lateral_consumption,MVS-SAFE-1B-cap,280,28.000000000000128,CFV_SAFE_EXEC,cav,not_applicable,7997.200376457017,0.0,29.999843142910002,6.535712083177714e-05,lane_2,mainline,,normal,none,commit
MVS-SAFE-1B_executing_cap_lateral_consumption,MVS-SAFE-1B-cap,281,28.10000000000013,MV_SAFE_EXEC,cav,not_applicable,7245.988026662772,-2.238866532187643,0.0029322696931977717,4.0,on_ramp,on_ramp_mv,,normal,executing,commit
MVS-SAFE-1B_executing_cap_lateral_consumption,MVS-SAFE-1B-cap,281,28.10000000000013,CLV_SAFE_EXEC,cav,not_applicable,8080.200361398736,0.0,29.9998494171936,6.27428359990745e-05,lane_2,mainline,,normal,none,commit
MVS-SAFE-1B_executing_cap_lateral_consumption,MVS-SAFE-1B-cap,281,28.10000000000013,CFV_SAFE_EXEC,cav,not_applicable,8000.200361398736,0.0,29.9998494171936,6.27428359990745e-05,lane_2,mainline,,normal,none,commit
MVS-SAFE-1B_executing_cap_lateral_consumption,MVS-SAFE-1B-cap,282,28.20000000000013,MV_SAFE_EXEC,cav,not_applicable,7245.988312880277,-2.238851422994996,0.002862175040720811,4.0,on_ramp,on_ramp_mv,,normal,executing,commit
MVS-SAFE-1B_executing_cap_lateral_consumption,MVS-SAFE-1B-cap,282,28.20000000000013,CLV_SAFE_EXEC,cav,not_applicable,8083.200346942787,0.0,29.999855440505858,6.023312255933888e-05,lane_2,mainline,,normal,none,commit
MVS-SAFE-1B_executing_cap_lateral_consumption,MVS-SAFE-1B-cap,282,28.20000000000013,CFV_SAFE_EXEC,cav,not_applicable,8003.200346942787,0.0,29.999855440505858,6.023312255933888e-05,lane_2,mainline,,normal,none,commit
MVS-SAFE-1B_executing_cap_lateral_consumption,MVS-SAFE-1B-cap,283,28.300000000000132,MV_SAFE_EXEC,cav,not_applicable,7245.988592255874,-2.238836674943016,0.002793755970805542,4.0,on_ramp,on_ramp_mv,,normal,executing,commit
MVS-SAFE-1B_executing_cap_lateral_consumption,MVS-SAFE-1B-cap,283,28.300000000000132,CLV_SAFE_EXEC,cav,not_applicable,8086.200333065076,0.0,29.999861222885624,5.7823797656908486e-05,lane_2,mainline,,normal,none,commit
MVS-SAFE-1B_executing_cap_lateral_consumption,MVS-SAFE-1B-cap,283,28.300000000000132,CFV_SAFE_EXEC,cav,not_applicable,8006.200333065076,0.0,29.999861222885624,5.7823797656908486e-05,lane_2,mainline,,normal,none,commit
MVS-SAFE-1B_executing_cap_lateral_consumption,MVS-SAFE-1B-cap,284,28.400000000000134,MV_SAFE_EXEC,cav,not_applicable,7245.988864953117,-2.2388222794005928,0.0027269724294222324,4.0,on_ramp,on_ramp_mv,,normal,executing,commit
MVS-SAFE-1B_executing_cap_lateral_consumption,MVS-SAFE-1B-cap,284,28.400000000000134,CLV_SAFE_EXEC,cav,not_applicable,8089.200319742473,0.0,29.999866773970197,5.551084575046162e-05,lane_2,mainline,,normal,none,commit
MVS-SAFE-1B_executing_cap_lateral_consumption,MVS-SAFE-1B-cap,284,28.400000000000134,CFV_SAFE_EXEC,cav,not_applicable,8009.200319742473,0.0,29.999866773970197,5.551084575046162e-05,lane_2,mainline,,normal,none,commit
MVS-SAFE-1B_executing_cap_lateral_consumption,MVS-SAFE-1B-cap,285,28.500000000000135,MV_SAFE_EXEC,cav,not_applicable,7245.989131131649,-2.238808227942852,0.0026617853202358,4.0,on_ramp,on_ramp_mv,,normal,executing,commit
MVS-SAFE-1B_executing_cap_lateral_consumption,MVS-SAFE-1B-cap,285,28.500000000000135,CLV_SAFE_EXEC,cav,not_applicable,8092.200306952774,0.0,29.999872103011388,5.3290411921125275e-05,lane_2,mainline,,normal,none,commit
MVS-SAFE-1B_executing_cap_lateral_consumption,MVS-SAFE-1B-cap,285,28.500000000000135,CFV_SAFE_EXEC,cav,not_applicable,8012.200306952774,0.0,29.999872103011388,5.3290411921125275e-05,lane_2,mainline,,normal,none,commit
MVS-SAFE-1B_executing_cap_lateral_consumption,MVS-SAFE-1B-cap,286,28.600000000000136,MV_SAFE_EXEC,cav,not_applicable,7245.989390947297,-2.2387945123462316,0.0025981564809080342,4.0,on_ramp,on_ramp_mv,,normal,executing,commit
MVS-SAFE-1B_executing_cap_lateral_consumption,MVS-SAFE-1B-cap,286,28.600000000000136,CLV_SAFE_EXEC,cav,not_applicable,8095.2002946746625,0.0,29.999877218890934,5.115879544490554e-05,lane_2,mainline,,normal,none,commit
MVS-SAFE-1B_executing_cap_lateral_consumption,MVS-SAFE-1B-cap,286,28.600000000000136,CFV_SAFE_EXEC,cav,not_applicable,8015.2002946746625,0.0,29.999877218890934,5.115879544490554e-05,lane_2,mainline,,normal,none,commit
MVS-SAFE-1B_executing_cap_lateral_consumption,MVS-SAFE-1B-cap,287,28.700000000000138,MV_SAFE_EXEC,cav,not_applicable,7245.989644552163,-2.2387811245836735,0.0025360486617913374,4.0,on_ramp,on_ramp_mv,,normal,executing,commit
MVS-SAFE-1B_executing_cap_lateral_consumption,MVS-SAFE-1B-cap,287,28.700000000000138,CLV_SAFE_EXEC,cav,not_applicable,8098.200282887676,0.0,29.999882130135298,4.9112443626597724e-05,lane_2,mainline,,normal,none,commit
MVS-SAFE-1B_executing_cap_lateral_consumption,MVS-SAFE-1B-cap,287,28.700000000000138,CFV_SAFE_EXEC,cav,not_applicable,8018.200282887676,0.0,29.999882130135298,4.9112443626597724e-05,lane_2,mainline,,normal,none,commit
MVS-SAFE-1B_executing_cap_lateral_consumption,MVS-SAFE-1B-cap,288,28.80000000000014,MV_SAFE_EXEC,cav,not_applicable,7245.989892094713,-2.238768056819929,0.0024754255035354094,4.0,on_ramp,on_ramp_mv,,normal,executing,commit
MVS-SAFE-1B_executing_cap_lateral_consumption,MVS-SAFE-1B-cap,288,28.80000000000014,CLV_SAFE_EXEC,cav,not_applicable,8101.200271572168,0.0,29.999886844929886,4.7147945880965385e-05,lane_2,mainline,,normal,none,commit
MVS-SAFE-1B_executing_cap_lateral_consumption,MVS-SAFE-1B-cap,288,28.80000000000014,CFV_SAFE_EXEC,cav,not_applicable,8021.200271572168,0.0,29.999886844929886,4.7147945880965385e-05,lane_2,mainline,,normal,none,commit
MVS-SAFE-1B_executing_cap_lateral_consumption,MVS-SAFE-1B-cap,289,28.90000000000014,MV_SAFE_EXEC,cav,not_applicable,7245.990133719864,-2.238755301406977,0.002416251515998398,4.0,on_ramp,on_ramp_mv,,normal,executing,commit
MVS-SAFE-1B_executing_cap_lateral_consumption,MVS-SAFE-1B-cap,289,28.90000000000014,CLV_SAFE_EXEC,cav,not_applicable,8104.200260709282,0.0,29.99989137113269,4.5262028045556235e-05,lane_2,mainline,,normal,none,commit
MVS-SAFE-1B_executing_cap_lateral_consumption,MVS-SAFE-1B-cap,289,28.90000000000014,CFV_SAFE_EXEC,cav,not_applicable,8024.200260709282,0.0,29.99989137113269,4.5262028045556235e-05,lane_2,mainline,,normal,none,commit
MVS-SAFE-1B_executing_cap_lateral_consumption,MVS-SAFE-1B-cap,290,29.000000000000142,MV_SAFE_EXEC,cav,not_applicable,7245.99036956907,-2.2387428508795546,0.0023584920571580507,4.0,on_ramp,on_ramp_mv,,normal,executing,commit
MVS-SAFE-1B_executing_cap_lateral_consumption,MVS-SAFE-1B-cap,290,29.000000000000142,CLV_SAFE_EXEC,cav,not_applicable,8107.200250280911,0.0,29.999895716287384,4.345154692373399e-05,lane_2,mainline,,normal,none,commit
MVS-SAFE-1B_executing_cap_lateral_consumption,MVS-SAFE-1B-cap,290,29.000000000000142,CFV_SAFE_EXEC,cav,not_applicable,8027.200250280911,0.0,29.999895716287384,4.345154692373399e-05,lane_2,mainline,,normal,none,commit
MVS-SAFE-1B_executing_cap_lateral_consumption,MVS-SAFE-1B-cap,291,29.100000000000144,MV_SAFE_EXEC,cav,not_applicable,7245.990599780402,-2.238730697950786,0.0023021133135447402,4.0,on_ramp,on_ramp_mv,,normal,executing,commit
MVS-SAFE-1B_executing_cap_lateral_consumption,MVS-SAFE-1B-cap,291,29.100000000000144,CLV_SAFE_EXEC,cav,not_applicable,8110.200240269674,0.0,29.999899887635888,4.171348504655725e-05,lane_2,mainline,,normal,none,commit
MVS-SAFE-1B_executing_cap_lateral_consumption,MVS-SAFE-1B-cap,291,29.100000000000144,CFV_SAFE_EXEC,cav,not_applicable,8030.200240269674,0.0,29.999899887635888,4.171348504655725e-05,lane_2,mainline,,normal,none,commit
MVS-SAFE-1B_executing_cap_lateral_consumption,MVS-SAFE-1B-cap,292,29.200000000000145,MV_SAFE_EXEC,cav,not_applicable,7245.990824488629,-2.238718835507927,0.0022470822795874375,4.0,on_ramp,on_ramp_mv,,normal,executing,commit
MVS-SAFE-1B_executing_cap_lateral_consumption,MVS-SAFE-1B-cap,292,29.200000000000145,CLV_SAFE_EXEC,cav,not_applicable,8113.200230658887,0.0,29.99990389213045,4.0044945644979184e-05,lane_2,mainline,,normal,none,commit
MVS-SAFE-1B_executing_cap_lateral_consumption,MVS-SAFE-1B-cap,292,29.200000000000145,CFV_SAFE_EXEC,cav,not_applicable,8033.200230658887,0.0,29.99990389213045,4.0044945644979184e-05,lane_2,mainline,,normal,none,commit
MVS-SAFE-1B_executing_cap_lateral_consumption,MVS-SAFE-1B-cap,293,29.300000000000146,MV_SAFE_EXEC,cav,not_applicable,7245.991043825303,-2.2387072566081994,0.0021933667391337915,4.0,on_ramp,on_ramp_mv,,normal,executing,commit
MVS-SAFE-1B_executing_cap_lateral_consumption,MVS-SAFE-1B-cap,293,29.300000000000146,CLV_SAFE_EXEC,cav,not_applicable,8116.200221432532,0.0,29.999907736445234,3.844314781957792e-05,lane_2,mainline,,normal,none,commit
MVS-SAFE-1B_executing_cap_lateral_consumption,MVS-SAFE-1B-cap,293,29.300000000000146,CFV_SAFE_EXEC,cav,not_applicable,8036.200221432532,0.0,29.999907736445234,3.844314781957792e-05,lane_2,mainline,,normal,none,commit
MVS-SAFE-1B_executing_cap_lateral_consumption,MVS-SAFE-1B-cap,294,29.400000000000148,MV_SAFE_EXEC,cav,not_applicable,7245.991257918828,-2.2386959544747365,0.0021409352456657456,4.0,on_ramp,on_ramp_mv,,normal,executing,commit
MVS-SAFE-1B_executing_cap_lateral_consumption,MVS-SAFE-1B-cap,294,29.400000000000148,CLV_SAFE_EXEC,cav,not_applicable,8119.200212575231,0.0,29.999911426987424,3.69054219063969e-05,lane_2,mainline,,normal,none,commit
MVS-SAFE-1B_executing_cap_lateral_consumption,MVS-SAFE-1B-cap,294,29.400000000000148,CFV_SAFE_EXEC,cav,not_applicable,8039.200212575231,0.0,29.999911426987424,3.69054219063969e-05,lane_2,mainline,,normal,none,commit
MVS-SAFE-1B_executing_cap_lateral_consumption,MVS-SAFE-1B-cap,295,29.50000000000015,MV_SAFE_EXEC,cav,not_applicable,7245.9914668945385,-2.238684922492618,0.0020897571044718494,4.0,on_ramp,on_ramp_mv,,normal,executing,commit
MVS-SAFE-1B_executing_cap_lateral_consumption,MVS-SAFE-1B-cap,295,29.50000000000015,CLV_SAFE_EXEC,cav,not_applicable,8122.200204072222,0.0,29.999914969907927,3.54292050303684e-05,lane_2,mainline,,normal,none,commit
MVS-SAFE-1B_executing_cap_lateral_consumption,MVS-SAFE-1B-cap,295,29.50000000000015,CFV_SAFE_EXEC,cav,not_applicable,8042.200204072222,0.0,29.999914969907927,3.54292050303684e-05,lane_2,mainline,,normal,none,commit
MVS-SAFE-1B_executing_cap_lateral_consumption,MVS-SAFE-1B-cap,296,29.60000000000015,MV_SAFE_EXEC,cav,not_applicable,7245.991670874774,-2.2386741542049995,0.0020398023548195737,4.0,on_ramp,on_ramp_mv,,normal,executing,commit
MVS-SAFE-1B_executing_cap_lateral_consumption,MVS-SAFE-1B-cap,296,29.60000000000015,CLV_SAFE_EXEC,cav,not_applicable,8125.200195909333,0.0,29.999918371111608,3.401203682926734e-05,lane_2,mainline,,normal,none,commit
MVS-SAFE-1B_executing_cap_lateral_consumption,MVS-SAFE-1B-cap,296,29.60000000000015,CFV_SAFE_EXEC,cav,not_applicable,8045.200195909333,0.0,29.999918371111608,3.401203682926734e-05,lane_2,mainline,,normal,none,commit
MVS-SAFE-1B_executing_cap_lateral_consumption,MVS-SAFE-1B-cap,297,29.700000000000152,MV_SAFE_EXEC,cav,not_applicable,7245.99186997895,-2.2386636433093354,0.0019910417521276213,4.0,on_ramp,on_ramp_mv,,normal,executing,commit
MVS-SAFE-1B_executing_cap_lateral_consumption,MVS-SAFE-1B-cap,297,29.700000000000152,CLV_SAFE_EXEC,cav,not_applicable,8128.2001880729595,0.0,29.999921636267143,3.265155535672193e-05,lane_2,mainline,,normal,none,commit
MVS-SAFE-1B_executing_cap_lateral_consumption,MVS-SAFE-1B-cap,297,29.700000000000152,CFV_SAFE_EXEC,cav,not_applicable,8048.2001880729595,0.0,29.999921636267143,3.265155535672193e-05,lane_2,mainline,,normal,none,commit
MVS-SAFE-1B_executing_cap_lateral_consumption,MVS-SAFE-1B-cap,298,29.800000000000153,MV_SAFE_EXEC,cav,not_applicable,7245.992064323625,-2.2386533836536975,0.0019434467507904731,4.0,on_ramp,on_ramp_mv,,normal,executing,commit
MVS-SAFE-1B_executing_cap_lateral_consumption,MVS-SAFE-1B-cap,298,29.800000000000153,CLV_SAFE_EXEC,cav,not_applicable,8131.200180550041,0.0,29.999924770816456,3.134549314296464e-05,lane_2,mainline,,normal,none,commit
MVS-SAFE-1B_executing_cap_lateral_consumption,MVS-SAFE-1B-cap,298,29.800000000000153,CFV_SAFE_EXEC,cav,not_applicable,8051.200180550041,0.0,29.999924770816456,3.134549314296464e-05,lane_2,mainline,,normal,none,commit
MVS-SAFE-1B_executing_cap_lateral_consumption,MVS-SAFE-1B-cap,299,29.900000000000155,MV_SAFE_EXEC,cav,not_applicable,7245.992254022573,-2.23864336923317,0.0018969894876551673,4.0,on_ramp,on_ramp_mv,,normal,executing,commit
MVS-SAFE-1B_executing_cap_lateral_consumption,MVS-SAFE-1B-cap,299,29.900000000000155,CLV_SAFE_EXEC,cav,not_applicable,8134.200173328039,0.0,29.999927779983796,3.009167341758712e-05,lane_2,mainline,,normal,none,commit
MVS-SAFE-1B_executing_cap_lateral_consumption,MVS-SAFE-1B-cap,299,29.900000000000155,CFV_SAFE_EXEC,cav,not_applicable,8054.200173328039,0.0,29.999927779983796,3.009167341758712e-05,lane_2,mainline,,normal,none,commit
MVS-SAFE-1B_executing_cap_lateral_consumption,MVS-SAFE-1B-cap,300,30.000000000000156,MV_SAFE_EXEC,cav,not_applicable,7245.99243918685,-2.2386335941863433,0.001851642765498075,4.0,on_ramp,on_ramp_mv,,normal,executing,commit
MVS-SAFE-1B_executing_cap_lateral_consumption,MVS-SAFE-1B-cap,300,30.000000000000156,CLV_SAFE_EXEC,cav,not_applicable,8137.200166394918,0.0,29.999930668784444,2.888800648150891e-05,lane_2,mainline,,normal,none,commit
MVS-SAFE-1B_executing_cap_lateral_consumption,MVS-SAFE-1B-cap,300,30.000000000000156,CFV_SAFE_EXEC,cav,not_applicable,8057.200166394918,0.0,29.999930668784444,2.888800648150891e-05,lane_2,mainline,,normal,none,commit
MVS-SAFE-1B_executing_cap_lateral_consumption,MVS-SAFE-1B-cap,301,30.100000000000158,MV_SAFE_EXEC,cav,not_applicable,7245.992619924854,-2.2386240527918826,0.0018073800373713234,4.0,on_ramp,on_ramp_mv,,normal,executing,commit
MVS-SAFE-1B_executing_cap_lateral_consumption,MVS-SAFE-1B-cap,301,30.100000000000158,CLV_SAFE_EXEC,cav,not_applicable,8140.200159739121,0.0,29.999933442033065,2.773248622247593e-05,lane_2,mainline,,normal,none,commit
MVS-SAFE-1B_executing_cap_lateral_consumption,MVS-SAFE-1B-cap,301,30.100000000000158,CFV_SAFE_EXEC,cav,not_applicable,8060.200159739121,0.0,29.999933442033065,2.773248622247593e-05,lane_2,mainline,,normal,none,commit
MVS-SAFE-1B_executing_cap_lateral_consumption,MVS-SAFE-1B-cap,302,30.20000000000016,MV_SAFE_EXEC,cav,not_applicable,7245.992796342393,-2.2386147394651825,0.0017641753907318043,4.0,on_ramp,on_ramp_mv,,normal,executing,commit
MVS-SAFE-1B_executing_cap_lateral_consumption,MVS-SAFE-1B-cap,302,30.20000000000016,CLV_SAFE_EXEC,cav,not_applicable,8143.200153349556,0.0,29.999936104351743,2.6623186774088484e-05,lane_2,mainline,,normal,none,commit
MVS-SAFE-1B_executing_cap_lateral_consumption,MVS-SAFE-1B-cap,302,30.20000000000016,CFV_SAFE_EXEC,cav,not_applicable,8063.200153349556,0.0,29.999936104351743,2.6623186774088484e-05,lane_2,mainline,,normal,none,commit
MVS-SAFE-1B_executing_cap_lateral_consumption,MVS-SAFE-1B-cap,303,30.30000000000016,MV_SAFE_EXEC,cav,not_applicable,7245.992968542747,-2.2386056487550974,0.0017220035326572403,4.0,on_ramp,on_ramp_mv,,normal,executing,commit
MVS-SAFE-1B_executing_cap_lateral_consumption,MVS-SAFE-1B-cap,303,30.30000000000016,CLV_SAFE_EXEC,cav,not_applicable,8146.200147215573,0.0,29.999938660177673,2.5558259302727038e-05,lane_2,mainline,,normal,none,commit
MVS-SAFE-1B_executing_cap_lateral_consumption,MVS-SAFE-1B-cap,303,30.30000000000016,CFV_SAFE_EXEC,cav,not_applicable,8066.200147215573,0.0,29.999938660177673,2.5558259302727038e-05,lane_2,mainline,,normal,none,commit
MVS-SAFE-1B_executing_cap_lateral_consumption,MVS-SAFE-1B-cap,304,30.400000000000162,MV_SAFE_EXEC,cav,not_applicable,7245.993136626725,-2.238596775340757,0.0016808397748448373,4.0,on_ramp,on_ramp_mv,,normal,executing,commit
MVS-SAFE-1B_executing_cap_lateral_consumption,MVS-SAFE-1B-cap,304,30.400000000000162,CLV_SAFE_EXEC,cav,not_applicable,8149.200141326951,0.0,29.999941113770564,2.4535928930902175e-05,lane_2,mainline,,normal,none,commit
MVS-SAFE-1B_executing_cap_lateral_consumption,MVS-SAFE-1B-cap,304,30.400000000000162,CFV_SAFE_EXEC,cav,not_applicable,8069.200141326951,0.0,29.999941113770564,2.4535928930902175e-05,lane_2,mainline,,normal,none,commit
MVS-SAFE-1B_executing_cap_lateral_consumption,MVS-SAFE-1B-cap,305,30.500000000000163,MV_SAFE_EXEC,cav,not_applicable,7245.993300692727,-2.238588114028452,0.0016406600190447594,4.0,on_ramp,on_ramp_mv,,normal,executing,commit
MVS-SAFE-1B_executing_cap_lateral_consumption,MVS-SAFE-1B-cap,305,30.500000000000163,CLV_SAFE_EXEC,cav,not_applicable,8152.200135673873,0.0,29.99994346921974,2.3554491774291365e-05,lane_2,mainline,,normal,none,commit
MVS-SAFE-1B_executing_cap_lateral_consumption,MVS-SAFE-1B-cap,305,30.500000000000163,CFV_SAFE_EXEC,cav,not_applicable,8072.200135673873,0.0,29.99994346921974,2.3554491774291365e-05,lane_2,mainline,,normal,none,commit
MVS-SAFE-1B_executing_cap_lateral_consumption,MVS-SAFE-1B-cap,306,30.600000000000165,MV_SAFE_EXEC,cav,not_applicable,7245.993460836801,-2.2385796597485936,0.0016014407431458378,4.0,on_ramp,on_ramp_mv,,normal,executing,commit
MVS-SAFE-1B_executing_cap_lateral_consumption,MVS-SAFE-1B-cap,306,30.600000000000165,CLV_SAFE_EXEC,cav,not_applicable,8155.200130246918,0.0,29.99994573045095,2.26123121038313e-05,lane_2,mainline,,normal,none,commit
MVS-SAFE-1B_executing_cap_lateral_consumption,MVS-SAFE-1B-cap,306,30.600000000000165,CFV_SAFE_EXEC,cav,not_applicable,8075.200130246918,0.0,29.99994573045095,2.26123121038313e-05,lane_2,mainline,,normal,none,commit
MVS-SAFE-1B_executing_cap_lateral_consumption,MVS-SAFE-1B-cap,307,30.700000000000166,MV_SAFE_EXEC,cav,not_applicable,7245.9936171527,-2.238571407552752,0.0015631589872612775,4.0,on_ramp,on_ramp_mv,,normal,executing,commit
MVS-SAFE-1B_executing_cap_lateral_consumption,MVS-SAFE-1B-cap,307,30.700000000000166,CLV_SAFE_EXEC,cav,not_applicable,8158.200125037041,0.0,29.99994790123291,2.1707819620075952e-05,lane_2,mainline,,normal,none,commit
MVS-SAFE-1B_executing_cap_lateral_consumption,MVS-SAFE-1B-cap,307,30.700000000000166,CFV_SAFE_EXEC,cav,not_applicable,8078.200125037041,0.0,29.99994790123291,2.1707819620075952e-05,lane_2,mainline,,normal,none,commit
MVS-SAFE-1B_executing_cap_lateral_consumption,MVS-SAFE-1B-cap,308,30.800000000000168,MV_SAFE_EXEC,cav,not_applicable,7245.993769731934,-2.2385633526107576,0.0015257923404665978,4.0,on_ramp,on_ramp_mv,,normal,executing,commit
MVS-SAFE-1B_executing_cap_lateral_consumption,MVS-SAFE-1B-cap,308,30.800000000000168,CLV_SAFE_EXEC,cav,not_applicable,8161.20012003556,0.0,29.999949985183594,2.0839506835557134e-05,lane_2,mainline,,normal,none,commit
MVS-SAFE-1B_executing_cap_lateral_consumption,MVS-SAFE-1B-cap,308,30.800000000000168,CFV_SAFE_EXEC,cav,not_applicable,8081.20012003556,0.0,29.999949985183594,2.0839506835557134e-05,lane_2,mainline,,normal,none,commit
MVS-SAFE-1B_executing_cap_lateral_consumption,MVS-SAFE-1B-cap,309,30.90000000000017,MV_SAFE_EXEC,cav,not_applicable,7245.993918663827,-2.2385554902078795,0.0014893189273201615,4.0,on_ramp,on_ramp_mv,,normal,executing,commit
MVS-SAFE-1B_executing_cap_lateral_consumption,MVS-SAFE-1B-cap,309,30.90000000000017,CLV_SAFE_EXEC,cav,not_applicable,8164.200115234137,0.0,29.99995198577625,2.000592656230538e-05,lane_2,mainline,,normal,none,commit
MVS-SAFE-1B_executing_cap_lateral_consumption,MVS-SAFE-1B-cap,309,30.90000000000017,CFV_SAFE_EXEC,cav,not_applicable,8084.200115234137,0.0,29.99995198577625,2.000592656230538e-05,lane_2,mainline,,normal,none,commit
MVS-SAFE-1B_executing_cap_lateral_consumption,MVS-SAFE-1B-cap,310,31.00000000000017,MV_SAFE_EXEC,cav,not_applicable,7245.994064035566,-2.2385478157420637,0.0014537173954707583,4.0,on_ramp,on_ramp_mv,,normal,executing,commit
MVS-SAFE-1B_executing_cap_lateral_consumption,MVS-SAFE-1B-cap,310,31.00000000000017,CLV_SAFE_EXEC,cav,not_applicable,8167.200110624772,0.0,29.999953906345198,1.920568950026791e-05,lane_2,mainline,,normal,none,commit
MVS-SAFE-1B_executing_cap_lateral_consumption,MVS-SAFE-1B-cap,310,31.00000000000017,CFV_SAFE_EXEC,cav,not_applicable,8087.200110624772,0.0,29.999953906345198,1.920568950026791e-05,lane_2,mainline,,normal,none,commit
MVS-SAFE-1B_executing_cap_lateral_consumption,MVS-SAFE-1B-cap,311,31.100000000000172,MV_SAFE_EXEC,cav,not_applicable,7245.994205932257,-2.2385403247212423,0.0014189669030477779,4.0,on_ramp,on_ramp_mv,,normal,executing,commit
MVS-SAFE-1B_executing_cap_lateral_consumption,MVS-SAFE-1B-cap,311,31.100000000000172,CLV_SAFE_EXEC,cav,not_applicable,8170.200106199781,0.0,29.999955750091388,1.8437461920939314e-05,lane_2,mainline,,normal,none,commit
MVS-SAFE-1B_executing_cap_lateral_consumption,MVS-SAFE-1B-cap,311,31.100000000000172,CFV_SAFE_EXEC,cav,not_applicable,8090.200106199781,0.0,29.999955750091388,1.8437461920939314e-05,lane_2,mainline,,normal,none,commit
MVS-SAFE-1B_executing_cap_lateral_consumption,MVS-SAFE-1B-cap,312,31.200000000000173,MV_SAFE_EXEC,cav,not_applicable,7245.994344436967,-2.2385330127607066,0.0013850471062687919,4.0,on_ramp,on_ramp_mv,,normal,executing,commit
MVS-SAFE-1B_executing_cap_lateral_consumption,MVS-SAFE-1B-cap,312,31.200000000000173,CLV_SAFE_EXEC,cav,not_applicable,8173.200101951789,0.0,29.999957520087733,1.7699963444783864e-05,lane_2,mainline,,normal,none,commit
MVS-SAFE-1B_executing_cap_lateral_consumption,MVS-SAFE-1B-cap,312,31.200000000000173,CFV_SAFE_EXEC,cav,not_applicable,8093.200101951789,0.0,29.999957520087733,1.7699963444783864e-05,lane_2,mainline,,normal,none,commit
MVS-SAFE-1B_executing_cap_lateral_consumption,MVS-SAFE-1B-cap,313,31.300000000000175,MV_SAFE_EXEC,cav,not_applicable,7245.994479630782,-2.238525875580539,0.0013519381476993718,4.0,on_ramp,on_ramp_mv,,normal,executing,commit
MVS-SAFE-1B_executing_cap_lateral_consumption,MVS-SAFE-1B-cap,313,31.300000000000175,CLV_SAFE_EXEC,cav,not_applicable,8176.200097873718,0.0,29.999959219284225,1.6991964906765136e-05,lane_2,mainline,,normal,none,commit
MVS-SAFE-1B_executing_cap_lateral_consumption,MVS-SAFE-1B-cap,313,31.300000000000175,CFV_SAFE_EXEC,cav,not_applicable,8096.200097873718,0.0,29.999959219284225,1.6991964906765136e-05,lane_2,mainline,,normal,none,commit
MVS-SAFE-1B_executing_cap_lateral_consumption,MVS-SAFE-1B-cap,314,31.400000000000176,MV_SAFE_EXEC,cav,not_applicable,7245.994611592846,-2.23851890900311,0.0013196206447303141,4.0,on_ramp,on_ramp_mv,,normal,executing,commit
MVS-SAFE-1B_executing_cap_lateral_consumption,MVS-SAFE-1B-cap,314,31.400000000000176,CLV_SAFE_EXEC,cav,not_applicable,8179.200093958769,0.0,29.999960850512856,1.6312286309982937e-05,lane_2,mainline,,normal,none,commit
MVS-SAFE-1B_executing_cap_lateral_consumption,MVS-SAFE-1B-cap,314,31.400000000000176,CFV_SAFE_EXEC,cav,not_applicable,8099.200093958769,0.0,29.999960850512856,1.6312286309982937e-05,lane_2,mainline,,normal,none,commit
MVS-SAFE-1B_executing_cap_lateral_consumption,MVS-SAFE-1B-cap,315,31.500000000000178,MV_SAFE_EXEC,cav,not_applicable,7245.994740400414,-2.2385121089506366,0.0012880756778374566,4.0,on_ramp,on_ramp_mv,,normal,executing,commit
MVS-SAFE-1B_executing_cap_lateral_consumption,MVS-SAFE-1B-cap,315,31.500000000000178,CLV_SAFE_EXEC,cav,not_applicable,8182.200090200418,0.0,29.99996241649234,1.5659794857469934e-05,lane_2,mainline,,normal,none,commit
MVS-SAFE-1B_executing_cap_lateral_consumption,MVS-SAFE-1B-cap,315,31.500000000000178,CFV_SAFE_EXEC,cav,not_applicable,8102.200090200418,0.0,29.99996241649234,1.5659794857469934e-05,lane_2,mainline,,normal,none,commit
MVS-SAFE-1B_executing_cap_lateral_consumption,MVS-SAFE-1B-cap,316,31.60000000000018,MV_SAFE_EXEC,cav,not_applicable,7245.994866128892,-2.2385054714427937,0.0012572847797111375,4.0,on_ramp,on_ramp_mv,,normal,executing,commit
MVS-SAFE-1B_executing_cap_lateral_consumption,MVS-SAFE-1B-cap,316,31.60000000000018,CLV_SAFE_EXEC,cav,not_applicable,8185.200086592402,0.0,29.99996391983265,1.503340306356904e-05,lane_2,mainline,,normal,none,commit
MVS-SAFE-1B_executing_cap_lateral_consumption,MVS-SAFE-1B-cap,316,31.60000000000018,CFV_SAFE_EXEC,cav,not_applicable,8105.200086592402,0.0,29.99996391983265,1.503340306356904e-05,lane_2,mainline,,normal,none,commit
MVS-SAFE-1B_executing_cap_lateral_consumption,MVS-SAFE-1B-cap,317,31.70000000000018,MV_SAFE_EXEC,cav,not_applicable,7245.994988851884,-2.238498992594386,0.001227229925037887,4.0,on_ramp,on_ramp_mv,,normal,executing,commit
MVS-SAFE-1B_executing_cap_lateral_consumption,MVS-SAFE-1B-cap,317,31.70000000000018,CLV_SAFE_EXEC,cav,not_applicable,8188.200083128706,0.0,29.999965363039344,1.4432066940628374e-05,lane_2,mainline,,normal,none,commit
MVS-SAFE-1B_executing_cap_lateral_consumption,MVS-SAFE-1B-cap,317,31.70000000000018,CFV_SAFE_EXEC,cav,not_applicable,8108.200083128706,0.0,29.999965363039344,1.4432066940628374e-05,lane_2,mainline,,normal,none,commit
MVS-SAFE-1B_executing_cap_lateral_consumption,MVS-SAFE-1B-cap,318,31.800000000000182,MV_SAFE_EXEC,cav,not_applicable,7245.995108641236,-2.238492668613074,0.0011978935187602433,4.0,on_ramp,on_ramp_mv,,normal,executing,commit
MVS-SAFE-1B_executing_cap_lateral_consumption,MVS-SAFE-1B-cap,318,31.800000000000182,CLV_SAFE_EXEC,cav,not_applicable,8191.200079803558,0.0,29.99996674851777,1.3854784262434806e-05,lane_2,mainline,,normal,none,commit
MVS-SAFE-1B_executing_cap_lateral_consumption,MVS-SAFE-1B-cap,318,31.800000000000182,CFV_SAFE_EXEC,cav,not_applicable,8111.200079803558,0.0,29.99996674851777,1.3854784262434806e-05,lane_2,mainline,,normal,none,commit
MVS-SAFE-1B_executing_cap_lateral_consumption,MVS-SAFE-1B-cap,319,31.900000000000183,MV_SAFE_EXEC,cav,not_applicable,7245.995225567074,-2.238486495797157,0.0011692583867280875,4.0,on_ramp,on_ramp_mv,,normal,executing,commit
MVS-SAFE-1B_executing_cap_lateral_consumption,MVS-SAFE-1B-cap,319,31.900000000000183,CLV_SAFE_EXEC,cav,not_applicable,8194.200076611416,0.0,29.99996807857706,1.3300592891596353e-05,lane_2,mainline,,normal,none,commit
MVS-SAFE-1B_executing_cap_lateral_consumption,MVS-SAFE-1B-cap,319,31.900000000000183,CFV_SAFE_EXEC,cav,not_applicable,8114.200076611415,0.0,29.99996807857706,1.3300592891596353e-05,lane_2,mainline,,normal,none,commit
