scenario_id,run_id,step,t,vehicle_id,vehicle_type,compliance_state,x_global,y,v,a,physical_lane,road_role,primary_leader_id,lane_change_state,merge_state,active_event_tags
BASIC-03,basic_long_dt_900,0,0.0,B03_MV,cav,not_applicable,6642.04,-3.5,20.4,4.0,on_ramp,on_ramp_mv,,normal,not_started,commit
BASIC-03,basic_long_dt_900,0,0.0,B03_CLV,cav,not_applicable,6656.04,0.0,20.4,4.0,lane_2,mainline,,normal,none,commit
BASIC-03,basic_long_dt_900,0,0.0,B03_CFV,cav,not_applicable,6635.989090909091,0.0,19.89090909090909,-1.0909090909090908,lane_2,mainline,,normal,none,commit
BASIC-03,basic_long_dt_900,0,0.0,B03_TLV_CFV,cav,not_applicable,6644.489090909091,3.5,14.89090909090909,-1.0909090909090908,lane_1,mainline,,normal,none,commit
BASIC-03,basic_long_dt_900,0,0.0,B03_TLV_CLV,cav,not_applicable,6664.54,3.5,15.4,4.0,lane_1,mainline,,normal,none,commit
BASIC-03,basic_long_dt_900,1,0.1,B03_MV,cav,not_applicable,6644.1184,-3.5,20.784,3.8400000000000007,on_ramp,on_ramp_mv,,normal,not_started,commit
BASIC-03,basic_long_dt_900,1,0.1,B03_CLV,cav,not_applicable,6658.1184,0.0,20.784,3.8400000000000007,lane_2,mainline,,normal,none,commit
BASIC-03,basic_long_dt_900,1,0.1,B03_CFV,cav,not_applicable,6637.958347107438,0.0,19.692561983471073,-1.9834710743801651,lane_2,mainline,,normal,none,commit
BASIC-03,basic_long_dt_900,1,0.1,B03_TLV_CFV,cav,not_applicable,6645.958347107438,3.5,14.692561983471075,-1.9834710743801651,lane_1,mainline,,normal,none,commit
BASIC-03,basic_long_dt_900,1,0.1,B03_TLV_CLV,cav,not_applicable,6666.12,3.5,15.8,4.0,lane_1,mainline,,normal,none,commit
BASIC-03,basic_long_dt_900,2,0.2,B03_MV,cav,not_applicable,6646.233664,-3.5,21.152639999999998,3.686400000000001,on_ramp,on_ramp_mv,,normal,not_started,commit
BASIC-03,basic_long_dt_900,2,0.2,B03_CLV,cav,not_applicable,6660.233664,0.0,21.152639999999998,3.686400000000001,lane_2,mainline,,normal,none,commit
BASIC-03,basic_long_dt_900,2,0.2,B03_CFV,cav,not_applicable,6639.900465815177,0.0,19.421187077385422,-2.7137490608564985,lane_2,mainline,,normal,none,commit
BASIC-03,basic_long_dt_900,2,0.2,B03_TLV_CFV,cav,not_applicable,6647.418647633359,3.5,14.603005259203607,-0.8955672426746804,lane_1,mainline,,normal,none,commit
BASIC-03,basic_long_dt_900,2,0.2,B03_TLV_CLV,cav,not_applicable,6667.74,3.5,16.2,4.0,lane_1,mainline,,normal,none,commit
BASIC-03,basic_long_dt_900,3,0.30000000000000004,B03_MV,cav,not_applicable,6648.38431744,-3.5,21.5065344,3.5389440000000008,on_ramp,on_ramp_mv,,normal,not_started,commit
BASIC-03,basic_long_dt_900,3,0.30000000000000004,B03_CLV,cav,not_applicable,6662.38431744,0.0,21.5065344,3.5389440000000008,lane_2,mainline,,normal,none,commit
BASIC-03,basic_long_dt_900,3,0.30000000000000004,B03_CFV,cav,not_applicable,6641.8094720306,0.0,19.090062154224437,-3.311249231609862,lane_2,mainline,,normal,none,commit
BASIC-03,basic_long_dt_900,3,0.30000000000000004,B03_TLV_CFV,cav,not_applicable,6648.867091045694,3.5,14.484434123349395,-1.1857113585421217,lane_1,mainline,,normal,none,commit
BASIC-03,basic_long_dt_900,3,0.30000000000000004,B03_TLV_CLV,cav,not_applicable,6669.4,3.5,16.599999999999998,4.0,lane_1,mainline,,normal,none,commit
BASIC-03,basic_long_dt_900,4,0.4,B03_MV,cav,not_applicable,6650.5689447424,-3.5,21.846273024,3.3973862400000003,on_ramp,on_ramp_mv,,normal,not_started,commit
BASIC-03,basic_long_dt_900,4,0.4,B03_CLV,cav,not_applicable,6664.5689447424,0.0,21.846273024,3.3973862400000003,lane_2,mainline,,normal,none,commit
BASIC-03,basic_long_dt_900,4,0.4,B03_CFV,cav,not_applicable,6643.680477115946,0.0,18.71005085345636,-3.800113007680796,lane_2,mainline,,normal,none,commit
BASIC-03,basic_long_dt_900,4,0.4,B03_TLV_CFV,cav,not_applicable,6650.31310591055,3.5,14.460148648559585,-0.24285474789809947,lane_1,mainline,,normal,none,commit
BASIC-03,basic_long_dt_900,4,0.4,B03_TLV_CLV,cav,not_applicable,6671.099999999999,3.5,16.999999999999996,4.0,lane_1,mainline,,normal,none,commit
BASIC-03,basic_long_dt_900,5,0.5,B03_MV,cav,not_applicable,6652.786186952704,-3.5,22.17242210304,3.261490790400001,on_ramp,on_ramp_mv,,normal,not_started,commit
BASIC-03,basic_long_dt_900,5,0.5,B03_CLV,cav,not_applicable,6666.786186952704,0.0,22.17242210304,3.261490790400001,lane_2,mainline,,normal,none,commit
BASIC-03,basic_long_dt_900,5,0.5,B03_CFV,cav,not_applicable,6645.527663094865,0.0,18.471859789191566,-2.3819106426479237,lane_2,mainline,,normal,none,commit
BASIC-03,basic_long_dt_900,5,0.5,B03_TLV_CFV,cav,not_applicable,6651.764406509286,3.5,14.513005987367922,0.5285733880833732,lane_1,mainline,,normal,none,commit
BASIC-03,basic_long_dt_900,5,0.5,B03_TLV_CLV,cav,not_applicable,6672.839999999999,3.5,17.399999999999995,4.0,lane_1,mainline,,normal,none,commit
BASIC-03,basic_long_dt_900,6,0.6,B03_MV,cav,not_applicable,6655.034739474596,-3.5,22.485525218918397,3.1310311587840007,on_ramp,on_ramp_mv,,normal,not_started,commit
BASIC-03,basic_long_dt_900,6,0.6,B03_CLV,cav,not_applicable,6669.034739474596,0.0,22.485525218918397,3.1310311587840007,lane_2,mainline,,normal,none,commit
BASIC-03,basic_long_dt_900,6,0.6,B03_CFV,cav,not_applicable,6647.362633441253,0.0,18.34970346388401,-1.2215632530755738,lane_2,mainline,,normal,none,commit
BASIC-03,basic_long_dt_900,6,0.6,B03_TLV_CFV,cav,not_applicable,6653.227304526653,3.5,14.628980173665653,1.1597418629773053,lane_1,mainline,,normal,none,commit
BASIC-03,basic_long_dt_900,6,0.6,B03_TLV_CLV,cav,not_applicable,6674.619999999999,3.5,17.799999999999994,4.0,lane_1,mainline,,normal,none,commit
BASIC-03,basic_long_dt_900,7,0.7,B03_MV,cav,not_applicable,6657.313349895612,-3.5,22.78610421016166,3.0057899124326415,on_ramp,on_ramp_mv,,normal,not_started,commit
BASIC-03,basic_long_dt_900,7,0.7,B03_CLV,cav,not_applicable,6671.313349895612,0.0,22.78610421016166,3.0057899124326415,lane_2,mainline,,normal,none,commit
BASIC-03,basic_long_dt_900,7,0.7,B03_CFV,cav,not_applicable,6649.19488190648,0.0,18.322484652268734,-0.2721881161527421,lane_2,mainline,,normal,none,commit
BASIC-03,basic_long_dt_900,7,0.7,B03_TLV_CFV,cav,not_applicable,6654.688782250171,3.5,14.614777235181977,-0.1420293848367502,lane_1,mainline,,normal,none,commit
BASIC-03,basic_long_dt_900,7,0.7,B03_TLV_CLV,cav,not_applicable,6676.439999999999,3.5,18.199999999999992,4.0,lane_1,mainline,,normal,none,commit
BASIC-03,basic_long_dt_900,8,0.7999999999999999,B03_MV,cav,not_applicable,6659.620815899788,-3.5,23.074660041755195,2.885558315935336,on_ramp,on_ramp_mv,,normal,not_started,commit
BASIC-03,basic_long_dt_900,8,0.7999999999999999,B03_CLV,cav,not_applicable,6673.620815899788,0.0,23.074660041755195,2.885558315935336,lane_2,mainline,,normal,none,commit
BASIC-03,basic_long_dt_900,8,0.7999999999999999,B03_CFV,cav,not_applicable,6651.01399428712,0.0,18.19112380640169,-1.3136084586704253,lane_2,mainline,,normal,none,commit
BASIC-03,basic_long_dt_900,8,0.7999999999999999,B03_TLV_CFV,cav,not_applicable,6656.1563706423585,3.5,14.675883921877151,0.6110668669517498,lane_1,mainline,,normal,none,commit
BASIC-03,basic_long_dt_900,8,0.7999999999999999,B03_TLV_CLV,cav,not_applicable,6678.299999999998,3.5,18.59999999999999,4.0,lane_1,mainline,,normal,none,commit
BASIC-03,basic_long_dt_900,9,0.8999999999999999,B03_MV,cav,not_applicable,6661.955983263796,-3.5,23.351673640084986,2.7701359832979224,on_ramp,on_ramp_mv,,normal,not_started,commit
BASIC-03,basic_long_dt_900,9,0.8999999999999999,B03_CLV,cav,not_applicable,6675.955983263796,0.0,23.351673640084986,2.7701359832979224,lane_2,mainline,,normal,none,commit
BASIC-03,basic_long_dt_900,9,0.8999999999999999,B03_CFV,cav,not_applicable,6652.829631689462,0.0,18.156374023419566,-0.347497829821257,lane_2,mainline,,normal,none,commit
BASIC-03,basic_long_dt_900,9,0.8999999999999999,B03_TLV_CFV,cav,not_applicable,6657.636231399822,3.5,14.798607574627749,1.2272365275059771,lane_1,mainline,,normal,none,commit
BASIC-03,basic_long_dt_900,9,0.8999999999999999,B03_TLV_CLV,cav,not_applicable,6680.199999999998,3.5,18.99999999999999,4.0,lane_1,mainline,,normal,none,commit
BASIC-03,basic_long_dt_900,10,0.9999999999999999,B03_MV,cav,not_applicable,6664.317743933244,-3.5,23.617606694481587,2.6593305439660058,on_ramp,on_ramp_mv,,normal,not_started,commit
BASIC-03,basic_long_dt_900,10,0.9999999999999999,B03_CLV,cav,not_applicable,6678.317743933244,0.0,23.617606694481587,2.6593305439660058,lane_2,mainline,,normal,none,commit
BASIC-03,basic_long_dt_900,10,0.9999999999999999,B03_CFV,cav,not_applicable,6654.649698655015,0.0,18.2006696555251,0.4429563210553352,lane_2,mainline,,normal,none,commit
BASIC-03,basic_long_dt_900,10,0.9999999999999999,B03_TLV_CFV,cav,not_applicable,6659.133405910691,3.5,14.97174510869642,1.7313753406867085,lane_1,mainline,,normal,none,commit
BASIC-03,basic_long_dt_900,10,0.9999999999999999,B03_TLV_CLV,cav,not_applicable,6682.139999999998,3.5,19.399999999999988,4.0,lane_1,mainline,,normal,none,commit
BASIC-03,basic_long_dt_900,11,1.0999999999999999,B03_MV,cav,not_applicable,6666.705034175914,-3.5,23.872902426702325,2.5529573222073654,on_ramp,on_ramp_mv,,normal,not_started,commit
BASIC-03,basic_long_dt_900,11,1.0999999999999999,B03_CLV,cav,not_applicable,6680.705034175914,0.0,23.872902426702325,2.5529573222073654,lane_2,mainline,,normal,none,commit
BASIC-03,basic_long_dt_900,11,1.0999999999999999,B03_CFV,cav,not_applicable,6656.4806625359215,0.0,18.30963880906599,1.0896915354089107,lane_2,mainline,,normal,none,commit
BASIC-03,basic_long_dt_900,11,1.0999999999999999,B03_TLV_CFV,cav,not_applicable,6660.652018947076,3.5,15.186130363843514,2.1438525514709434,lane_1,mainline,,normal,none,commit
BASIC-03,basic_long_dt_900,11,1.0999999999999999,B03_TLV_CLV,cav,not_applicable,6684.119999999997,3.5,19.799999999999986,4.0,lane_1,mainline,,normal,none,commit
BASIC-03,basic_long_dt_900,12,1.2,B03_MV,cav,not_applicable,6669.116832808878,-3.5,24.11798632963423,2.45083902931907,on_ramp,on_ramp_mv,,normal,not_started,commit
BASIC-03,basic_long_dt_900,12,1.2,B03_CLV,cav,not_applicable,6683.116832808878,0.0,24.11798632963423,2.45083902931907,lane_2,mainline,,normal,none,commit
BASIC-03,basic_long_dt_900,12,1.2,B03_CFV,cav,not_applicable,6658.327814802118,0.0,18.471522661963082,1.6188385289709268,lane_2,mainline,,normal,none,commit
BASIC-03,basic_long_dt_900,12,1.2,B03_TLV_CFV,cav,not_applicable,6662.195445322517,3.5,15.43426375441841,2.4813339057489534,lane_1,mainline,,normal,none,commit
BASIC-03,basic_long_dt_900,12,1.2,B03_TLV_CLV,cav,not_applicable,6686.139999999998,3.5,20.199999999999985,4.0,lane_1,mainline,,normal,none,commit
BASIC-03,basic_long_dt_900,13,1.3,B03_MV,cav,not_applicable,6671.552159496523,-3.5,24.353266876448863,2.3528054681463075,on_ramp,on_ramp_mv,,normal,not_started,commit
BASIC-03,basic_long_dt_900,13,1.3,B03_CLV,cav,not_applicable,6685.552159496523,0.0,24.353266876448863,2.3528054681463075,lane_2,mainline,,normal,none,commit
BASIC-03,basic_long_dt_900,13,1.3,B03_CFV,cav,not_applicable,6660.195484838097,0.0,18.676700359787976,2.05177697824894,lane_2,mainline,,normal,none,commit
BASIC-03,basic_long_dt_900,13,1.3,B03_TLV_CFV,cav,not_applicable,6663.766446248097,3.5,15.71000925579787,2.7574550137945977,lane_1,mainline,,normal,none,commit
BASIC-03,basic_long_dt_900,13,1.3,B03_TLV_CLV,cav,not_applicable,6688.199199999997,3.5,20.591999999999985,3.920000000000006,lane_1,mainline,,normal,none,commit
BASIC-03,basic_long_dt_900,14,1.4000000000000001,B03_MV,cav,not_applicable,6674.010073116662,-3.5,24.57913620139091,2.2586932494204546,on_ramp,on_ramp_mv,,normal,not_started,commit
BASIC-03,basic_long_dt_900,14,1.4000000000000001,B03_CLV,cav,not_applicable,6688.010073116662,0.0,24.57913620139091,2.2586932494204546,lane_2,mainline,,normal,none,commit
BASIC-03,basic_long_dt_900,14,1.4000000000000001,B03_CFV,cav,not_applicable,6662.087214867534,0.0,18.91730029437198,2.4059993458400415,lane_2,mainline,,normal,none,commit
BASIC-03,basic_long_dt_900,14,1.4000000000000001,B03_TLV_CFV,cav,not_applicable,6665.367280896517,3.5,16.008346484199247,2.983372284013762,lane_1,mainline,,normal,none,commit
BASIC-03,basic_long_dt_900,14,1.4000000000000001,B03_TLV_CLV,cav,not_applicable,6690.2960319999975,3.5,20.968319999999984,3.7632000000000065,lane_1,mainline,,normal,none,commit
BASIC-03,basic_long_dt_900,15,1.5000000000000002,B03_MV,cav,not_applicable,6676.489670191996,-3.5,24.795970753335272,2.1683455194436365,on_ramp,on_ramp_mv,,normal,not_started,commit
BASIC-03,basic_long_dt_900,15,1.5000000000000002,B03_CLV,cav,not_applicable,6690.489670191996,0.0,24.795970753335272,2.1683455194436365,lane_2,mainline,,normal,none,commit
BASIC-03,basic_long_dt_900,15,1.5000000000000002,B03_CFV,cav,not_applicable,6663.997369565985,0.0,19.101546984501468,1.842466901294868,lane_2,mainline,,normal,none,commit
BASIC-03,basic_long_dt_900,15,1.5000000000000002,B03_TLV_CFV,cav,not_applicable,6666.999797681806,3.5,16.325167852891283,3.1682136869203505,lane_1,mainline,,normal,none,commit
BASIC-03,basic_long_dt_900,15,1.5000000000000002,B03_TLV_CLV,cav,not_applicable,6692.428990719997,3.5,21.329587199999985,3.6126720000000065,lane_1,mainline,,normal,none,commit
BASIC-03,basic_long_dt_900,16,1.6000000000000003,B03_MV,cav,not_applicable,6678.990083384317,-3.5,25.00413192320186,2.0816116986658915,on_ramp,on_ramp_mv,,normal,not_started,commit
BASIC-03,basic_long_dt_900,16,1.6000000000000003,B03_CLV,cav,not_applicable,6692.990083384317,0.0,25.00413192320186,2.0816116986658915,lane_2,mainline,,normal,none,commit
BASIC-03,basic_long_dt_900,16,1.6000000000000003,B03_CFV,cav,not_applicable,6665.9298717209,0.0,19.325021549152865,2.234745646513983,lane_2,mainline,,normal,none,commit
BASIC-03,basic_long_dt_900,16,1.6000000000000003,B03_TLV_CFV,cav,not_applicable,6668.665508942715,3.5,16.657112609093858,3.319447562025741,lane_1,mainline,,normal,none,commit
BASIC-03,basic_long_dt_900,16,1.6000000000000003,B03_TLV_CLV,cav,not_applicable,6694.596631091197,3.5,21.676403711999985,3.4681651200000063,lane_1,mainline,,normal,none,commit
BASIC-03,basic_long_dt_900,17,1.7000000000000004,B03_MV,cav,not_applicable,6681.510480048944,-3.5,25.203966646273788,1.9983472307192558,on_ramp,on_ramp_mv,,normal,not_started,commit
BASIC-03,basic_long_dt_900,17,1.7000000000000004,B03_CLV,cav,not_applicable,6695.510480048944,0.0,25.203966646273788,1.9983472307192558,lane_2,mainline,,normal,none,commit
BASIC-03,basic_long_dt_900,17,1.7000000000000004,B03_CFV,cav,not_applicable,6667.88793088565,0.0,19.580591647504008,2.5557009835114406,lane_2,mainline,,normal,none,commit
BASIC-03,basic_long_dt_900,17,1.7000000000000004,B03_TLV_CFV,cav,not_applicable,6670.365652047313,3.5,17.001431045986873,3.443184368930152,lane_1,mainline,,normal,none,commit
BASIC-03,basic_long_dt_900,17,1.7000000000000004,B03_TLV_CLV,cav,not_applicable,6696.797565847549,3.5,22.009347563519984,3.3294385152000063,lane_1,mainline,,normal,none,commit
BASIC-03,basic_long_dt_900,18,1.8000000000000005,B03_MV,cav,not_applicable,6684.0500608469865,-3.5,25.395807980422838,1.918413341490485,on_ramp,on_ramp_mv,,normal,not_started,commit
BASIC-03,basic_long_dt_900,18,1.8000000000000005,B03_CLV,cav,not_applicable,6698.0500608469865,0.0,25.395807980422838,1.918413341490485,lane_2,mainline,,normal,none,commit
BASIC-03,basic_long_dt_900,18,1.8000000000000005,B03_CFV,cav,not_applicable,6669.874173058448,0.0,19.862421727973125,2.8183008046911784,lane_2,mainline,,normal,none,commit
BASIC-03,basic_long_dt_900,18,1.8000000000000005,B03_TLV_CFV,cav,not_applicable,6672.101239387658,3.5,17.355873403444793,3.5444235745792145,lane_1,mainline,,normal,none,commit
BASIC-03,basic_long_dt_900,18,1.8000000000000005,B03_TLV_CLV,cav,not_applicable,6699.030463213647,3.5,22.328973660979184,3.1962609745920063,lane_1,mainline,,normal,none,commit
BASIC-03,basic_long_dt_900,19,1.9000000000000006,B03_MV,cav,not_applicable,6686.608058413107,-3.5,25.579975661205925,1.841676807830865,on_ramp,on_ramp_mv,,normal,not_started,commit
BASIC-03,basic_long_dt_900,19,1.9000000000000006,B03_CLV,cav,not_applicable,6700.608058413107,0.0,25.579975661205925,1.841676807830865,lane_2,mainline,,normal,none,commit
BASIC-03,basic_long_dt_900,19,1.9000000000000006,B03_CFV,cav,not_applicable,6671.890746783283,0.0,20.165737248356947,3.033155203838237,lane_2,mainline,,normal,none,commit
BASIC-03,basic_long_dt_900,19,1.9000000000000006,B03_TLV_CFV,cav,not_applicable,6673.873099284522,3.5,17.71859896863764,3.627255651928448,lane_1,mainline,,normal,none,commit
BASIC-03,basic_long_dt_900,19,1.9000000000000006,B03_TLV_CLV,cav,not_applicable,6701.294044685101,3.5,22.635814714540018,3.0684105356083267,lane_1,mainline,,normal,none,commit
BASIC-03,basic_long_dt_900,20,2.0000000000000004,B03_MV,cav,not_applicable,6689.183736076583,-3.5,25.75677663475769,1.76800973551763,on_ramp,on_ramp_mv,,normal,not_started,commit
BASIC-03,basic_long_dt_900,20,2.0000000000000004,B03_CLV,cav,not_applicable,6703.183736076583,0.0,25.75677663475769,1.76800973551763,lane_2,mainline,,normal,none,commit
BASIC-03,basic_long_dt_900,20,2.0000000000000004,B03_CFV,cav,not_applicable,6673.936479948186,0.0,20.457331649030415,2.915944006734687,lane_2,mainline,,normal,none,commit
BASIC-03,basic_long_dt_900,20,2.0000000000000004,B03_TLV_CFV,cav,not_applicable,6675.681909454902,3.5,18.08810170379542,3.6950273515778207,lane_1,mainline,,normal,none,commit
BASIC-03,basic_long_dt_900,20,2.0000000000000004,B03_TLV_CLV,cav,not_applicable,6703.587082897697,3.5,22.930382125958417,2.945674114183993,lane_1,mainline,,normal,none,commit
BASIC-03,basic_long_dt_900,21,2.1000000000000005,B03_MV,cav,not_applicable,6691.77638663352,-3.5,25.926505569367382,1.6972893460969247,on_ramp,on_ramp_mv,,normal,not_started,commit
BASIC-03,basic_long_dt_900,21,2.1000000000000005,B03_CLV,cav,not_applicable,6705.77638663352,0.0,25.926505569367382,1.6972893460969247,lane_2,mainline,,normal,none,commit
BASIC-03,basic_long_dt_900,21,2.1000000000000005,B03_CFV,cav,not_applicable,6676.013343564054,0.0,20.768636158672344,3.113045096419289,lane_2,mainline,,normal,none,commit
BASIC-03,basic_long_dt_900,21,2.1000000000000005,B03_TLV_CFV,cav,not_applicable,6677.528224394521,3.5,18.46314939619724,3.7504769240182165,lane_1,mainline,,normal,none,commit
BASIC-03,basic_long_dt_900,21,2.1000000000000005,B03_TLV_CLV,cav,not_applicable,6705.908399581789,3.5,23.21316684092008,2.8278471496166335,lane_1,mainline,,normal,none,commit
BASIC-03,basic_long_dt_900,22,2.2000000000000006,B03_MV,cav,not_applicable,6694.38533116818,-3.5,26.089445346592687,1.6293977722530473,on_ramp,on_ramp_mv,,normal,not_started,commit
BASIC-03,basic_long_dt_900,22,2.2000000000000006,B03_CLV,cav,not_applicable,6708.38533116818,0.0,26.089445346592687,1.6293977722530473,lane_2,mainline,,normal,none,commit
BASIC-03,basic_long_dt_900,22,2.2000000000000006,B03_CFV,cav,not_applicable,6678.113765921362,0.0,21.00422357307984,2.3558741440749875,lane_2,mainline,,normal,none,commit
BASIC-03,basic_long_dt_900,22,2.2000000000000006,B03_TLV_CFV,cav,not_applicable,6679.401039610874,3.5,18.72815216352719,2.6500276732994896,lane_1,mainline,,normal,none,commit
BASIC-03,basic_long_dt_900,22,2.2000000000000006,B03_TLV_CLV,cav,not_applicable,6708.256863598517,3.5,23.484640167283278,2.7147332636319677,lane_1,mainline,,normal,none,commit
BASIC-03,basic_long_dt_900,23,2.3000000000000007,B03_MV,cav,not_applicable,6697.009917921452,-3.5,26.24586753272898,1.5642218613629255,on_ramp,on_ramp_mv,,normal,not_started,commit
BASIC-03,basic_long_dt_900,23,2.3000000000000007,B03_CLV,cav,not_applicable,6711.009917921452,0.0,26.24586753272898,1.5642218613629255,lane_2,mainline,,normal,none,commit
BASIC-03,basic_long_dt_900,23,2.3000000000000007,B03_CFV,cav,not_applicable,6680.240736339849,0.0,21.269704184867795,2.6548061178795352,lane_2,mainline,,normal,none,commit
BASIC-03,basic_long_dt_900,23,2.3000000000000007,B03_TLV_CFV,cav,not_applicable,6681.302809599099,3.5,19.017699882251694,2.895477187245037,lane_1,mainline,,normal,none,commit
BASIC-03,basic_long_dt_900,23,2.3000000000000007,B03_TLV_CLV,cav,not_applicable,6710.631389054576,3.5,23.745254560591945,2.606143933086689,lane_1,mainline,,normal,none,commit
BASIC-03,basic_long_dt_900,24,2.400000000000001,B03_MV,cav,not_applicable,6699.649521204594,-3.5,26.39603283141982,1.5016529869084083,on_ramp,on_ramp_mv,,normal,not_started,commit
BASIC-03,basic_long_dt_900,24,2.400000000000001,B03_CLV,cav,not_applicable,6713.649521204594,0.0,26.39603283141982,1.5016529869084083,lane_2,mainline,,normal,none,commit
BASIC-03,basic_long_dt_900,24,2.400000000000001,B03_CFV,cav,not_applicable,6682.396700626573,0.0,21.559642867239756,2.8993868237196194,lane_2,mainline,,normal,none,commit
BASIC-03,basic_long_dt_900,24,2.400000000000001,B03_TLV_CFV,cav,not_applicable,6683.235542582493,3.5,19.32732983393538,3.096299516836848,lane_1,mainline,,normal,none,commit
BASIC-03,basic_long_dt_900,24,2.400000000000001,B03_TLV_CLV,cav,not_applicable,6713.030933492393,3.5,23.99544437816827,2.501898175763222,lane_1,mainline,,normal,none,commit
BASIC-03,basic_long_dt_900,25,2.500000000000001,B03_MV,cav,not_applicable,6702.30354035641,-3.5,26.540191518163027,1.441586867432072,on_ramp,on_ramp_mv,,normal,not_started,commit
BASIC-03,basic_long_dt_900,25,2.500000000000001,B03_CLV,cav,not_applicable,6716.30354035641,0.0,26.540191518163027,1.441586867432072,lane_2,mainline,,normal,none,commit
BASIC-03,basic_long_dt_900,25,2.500000000000001,B03_CFV,cav,not_applicable,6684.5836598964,0.0,21.86959269827136,3.0994983103160525,lane_2,mainline,,normal,none,commit
BASIC-03,basic_long_dt_900,25,2.500000000000001,B03_TLV_CFV,cav,not_applicable,6685.200881652842,3.5,19.653390703494757,3.2606086955937847,lane_1,mainline,,normal,none,commit
BASIC-03,basic_long_dt_900,25,2.500000000000001,B03_TLV_CLV,cav,not_applicable,6715.454496152697,3.5,24.23562660304154,2.4018222487326923,lane_1,mainline,,normal,none,commit
BASIC-03,basic_long_dt_900,26,2.600000000000001,B03_MV,cav,not_applicable,6704.971398742154,-3.5,26.678583857436507,1.3839233927347891,on_ramp,on_ramp_mv,,normal,not_started,commit
BASIC-03,basic_long_dt_900,26,2.600000000000001,B03_CLV,cav,not_applicable,6718.971398742154,0.0,26.678583857436507,1.3839233927347891,lane_2,mainline,,normal,none,commit
BASIC-03,basic_long_dt_900,26,2.600000000000001,B03_CFV,cav,not_applicable,6686.801909274511,0.0,22.18249378110899,3.1290108283763085,lane_2,mainline,,normal,none,commit
BASIC-03,basic_long_dt_900,26,2.600000000000001,B03_TLV_CFV,cav,not_applicable,6687.200171157974,3.5,19.99289505131607,3.395043478213096,lane_1,mainline,,normal,none,commit
BASIC-03,basic_long_dt_900,26,2.600000000000001,B03_TLV_CLV,cav,not_applicable,6717.901116306589,3.5,24.466201538919876,2.305749358783385,lane_1,mainline,,normal,none,commit
BASIC-03,basic_long_dt_900,27,2.700000000000001,B03_MV,cav,not_applicable,6707.652542792468,-3.5,26.811440503139046,1.3285664570253972,on_ramp,on_ramp_mv,,normal,not_started,commit
BASIC-03,basic_long_dt_900,27,2.700000000000001,B03_CLV,cav,not_applicable,6721.652542792468,0.0,26.811440503139046,1.3285664570253972,lane_2,mainline,,normal,none,commit
BASIC-03,basic_long_dt_900,27,2.700000000000001,B03_CFV,cav,not_applicable,6689.03958379748,0.0,22.376745229696684,1.9425144858769192,lane_2,mainline,,normal,none,commit
BASIC-03,basic_long_dt_900,27,2.700000000000001,B03_TLV_CFV,cav,not_applicable,6689.234511018836,3.5,20.343398608624412,3.5050355730834424,lane_1,mainline,,normal,none,commit
BASIC-03,basic_long_dt_900,27,2.700000000000001,B03_TLV_CLV,cav,not_applicable,6720.369871654325,3.5,24.687553477363082,2.21351938443205,lane_1,mainline,,normal,none,commit
BASIC-03,basic_long_dt_900,28,2.800000000000001,B03_MV,cav,not_applicable,6710.346441080769,-3.5,26.938982883013484,1.2754237987443817,on_ramp,on_ramp_mv,,normal,not_started,commit
BASIC-03,basic_long_dt_900,28,2.800000000000001,B03_CLV,cav,not_applicable,6724.346441080769,0.0,26.938982883013484,1.2754237987443817,lane_2,mainline,,normal,none,commit
BASIC-03,basic_long_dt_900,28,2.800000000000001,B03_CFV,cav,not_applicable,6691.300424348062,0.0,22.608405505813888,2.3166027611720246,lane_2,mainline,,normal,none,commit
BASIC-03,basic_long_dt_900,28,2.800000000000001,B03_TLV_CFV,cav,not_applicable,6691.3048011707515,3.5,20.70290151914942,3.595029105250089,lane_1,mainline,,normal,none,commit
BASIC-03,basic_long_dt_900,28,2.800000000000001,B03_TLV_CLV,cav,not_applicable,6722.859876788152,3.5,24.900051338268558,2.1249786090547675,lane_1,mainline,,normal,none,commit
BASIC-03,basic_long_dt_900,29,2.9000000000000012,B03_MV,cav,not_applicable,6713.0525834375385,-3.5,27.061423567692945,1.2244068467946065,on_ramp,on_ramp_mv,,normal,not_started,commit
BASIC-03,basic_long_dt_900,29,2.9000000000000012,B03_CLV,cav,not_applicable,6727.0525834375385,0.0,27.061423567692945,1.2244068467946065,lane_2,mainline,,normal,none,commit
BASIC-03,basic_long_dt_900,29,2.9000000000000012,B03_CFV,cav,not_applicable,6693.587491648507,0.0,22.870673004455234,2.6226749864134744,lane_2,mainline,,normal,none,commit
BASIC-03,basic_long_dt_900,29,2.9000000000000012,B03_TLV_CFV,cav,not_applicable,6693.407475646841,3.5,21.026744760892377,3.238432417429566,lane_1,mainline,,normal,none,commit
BASIC-03,basic_long_dt_900,29,2.9000000000000012,B03_TLV_CLV,cav,not_applicable,6725.370281716626,3.5,25.104049284737815,2.039979464692577,lane_1,mainline,,normal,none,commit
BASIC-03,basic_long_dt_900,30,3.0000000000000013,B03_MV,cav,not_applicable,6715.770480100037,-3.5,27.178966624985225,1.1754305729228223,on_ramp,on_ramp_mv,,normal,not_started,commit
BASIC-03,basic_long_dt_900,30,3.0000000000000013,B03_CLV,cav,not_applicable,6729.770480100037,0.0,27.178966624985225,1.1754305729228223,lane_2,mainline,,normal,none,commit
BASIC-03,basic_long_dt_900,30,3.0000000000000013,B03_CFV,cav,not_applicable,6695.903289926115,0.0,23.15798277607088,2.8730977161564786,lane_2,mainline,,normal,none,commit
BASIC-03,basic_long_dt_900,30,3.0000000000000013,B03_TLV_CFV,cav,not_applicable,6695.543919115436,3.5,21.364434685954798,3.3768992506241906,lane_1,mainline,,normal,none,commit
BASIC-03,basic_long_dt_900,30,3.0000000000000013,B03_TLV_CLV,cav,not_applicable,6727.900270447961,3.5,25.299887313348304,1.958380286104874,lane_1,mainline,,normal,none,commit
BASIC-03,basic_long_dt_900,31,3.1000000000000014,B03_MV,cav,not_applicable,6718.4996608960355,-3.5,27.291807959985817,1.12841335000591,on_ramp,on_ramp_mv,,normal,not_started,commit
BASIC-03,basic_long_dt_900,31,3.1000000000000014,B03_CLV,cav,not_applicable,6732.4996608960355,0.0,27.291807959985817,1.12841335000591,lane_2,mainline,,normal,none,commit
BASIC-03,basic_long_dt_900,31,3.1000000000000014,B03_CFV,cav,not_applicable,6698.249868094127,0.0,23.46578168012005,3.077989040491664,lane_2,mainline,,normal,none,commit
BASIC-03,basic_long_dt_900,31,3.1000000000000014,B03_TLV_CFV,cav,not_applicable,6697.713887398938,3.5,21.699682835012513,3.3524814905771496,lane_1,mainline,,normal,none,commit
BASIC-03,basic_long_dt_900,31,3.1000000000000014,B03_TLV_CLV,cav,not_applicable,6730.449059630042,3.5,25.487891820814372,1.8800450746606785,lane_1,mainline,,normal,none,commit
BASIC-03,basic_long_dt_900,32,3.2000000000000015,B03_MV,cav,not_applicable,6721.239674460194,-3.5,27.400135641586385,1.0832768160056732,on_ramp,on_ramp_mv,,normal,not_started,commit
BASIC-03,basic_long_dt_900,32,3.2000000000000015,B03_CLV,cav,not_applicable,6735.239674460194,0.0,27.400135641586385,1.0832768160056732,lane_2,mainline,,normal,none,commit
BASIC-03,basic_long_dt_900,32,3.2000000000000015,B03_CFV,cav,not_applicable,6700.610720717925,0.0,23.60852623797846,1.4274455785840887,lane_2,mainline,,normal,none,commit
BASIC-03,basic_long_dt_900,32,3.2000000000000015,B03_TLV_CFV,cav,not_applicable,6699.906089854798,3.5,21.922024558601635,2.223417235891203,lane_1,mainline,,normal,none,commit
BASIC-03,basic_long_dt_900,32,3.2000000000000015,B03_TLV_CLV,cav,not_applicable,6733.01589724484,3.5,25.668376147981796,1.804843271674251,lane_1,mainline,,normal,none,commit
BASIC-03,basic_long_dt_900,33,3.3000000000000016,B03_MV,cav,not_applicable,6723.990087481786,-3.5,27.504130215922928,1.0399457433654462,on_ramp,on_ramp_mv,,normal,not_started,commit
BASIC-03,basic_long_dt_900,33,3.3000000000000016,B03_CLV,cav,not_applicable,6737.990087481786,0.0,27.504130215922928,1.0399457433654462,lane_2,mainline,,normal,none,commit
BASIC-03,basic_long_dt_900,33,3.3000000000000016,B03_CFV,cav,not_applicable,6702.9905251691835,0.0,23.798044512589886,1.8951827461142543,lane_2,mainline,,normal,none,commit
BASIC-03,basic_long_dt_900,33,3.3000000000000016,B03_TLV_CFV,cav,not_applicable,6702.123756633497,3.5,22.176667786992734,2.546432283910984,lane_1,mainline,,normal,none,commit
BASIC-03,basic_long_dt_900,33,3.3000000000000016,B03_TLV_CLV,cav,not_applicable,6735.600061355046,3.5,25.841641102062525,1.7326495408072817,lane_1,mainline,,normal,none,commit
BASIC-03,basic_long_dt_900,34,3.4000000000000017,B03_MV,cav,not_applicable,6726.750483982514,-3.5,27.60396500728601,0.9983479136308291,on_ramp,on_ramp_mv,,normal,not_started,commit
BASIC-03,basic_long_dt_900,34,3.4000000000000017,B03_CLV,cav,not_applicable,6740.750483982514,0.0,27.60396500728601,0.9983479136308291,lane_2,mainline,,normal,none,commit
BASIC-03,basic_long_dt_900,34,3.4000000000000017,B03_CFV,cav,not_applicable,6705.393108388365,0.0,24.025832191817415,2.2778767922752987,lane_2,mainline,,normal,none,commit
BASIC-03,basic_long_dt_900,34,3.4000000000000017,B03_TLV_CFV,cav,not_applicable,6704.369530585428,3.5,22.457739519312724,2.8107173231998956,lane_1,mainline,,normal,none,commit
BASIC-03,basic_long_dt_900,34,3.4000000000000017,B03_TLV_CLV,cav,not_applicable,6738.200858900844,3.5,26.007975457980024,1.66334355917499,lane_1,mainline,,normal,none,commit
BASIC-03,basic_long_dt_900,35,3.5000000000000018,B03_MV,cav,not_applicable,6729.520464623213,-3.5,27.69980640699457,0.9584139970855958,on_ramp,on_ramp_mv,,normal,not_started,commit
BASIC-03,basic_long_dt_900,35,3.5000000000000018,B03_CLV,cav,not_applicable,6743.520464623213,0.0,27.69980640699457,0.9584139970855958,lane_2,mainline,,normal,none,commit
BASIC-03,basic_long_dt_900,35,3.5000000000000018,B03_CFV,cav,not_applicable,6707.8216015085745,0.0,24.284931202094484,2.5909901027706987,lane_2,mainline,,normal,none,commit
BASIC-03,basic_long_dt_900,35,3.5000000000000018,B03_TLV_CFV,cav,not_applicable,6706.645574042731,3.5,22.76043457302908,3.0269505371635512,lane_1,mainline,,normal,none,commit
BASIC-03,basic_long_dt_900,35,3.5000000000000018,B03_TLV_CLV,cav,not_applicable,6740.817624544809,3.5,26.167656439660824,1.5968098168079905,lane_1,mainline,,normal,none,commit
BASIC-03,basic_long_dt_900,36,3.600000000000002,B03_MV,cav,not_applicable,6732.299646038285,-3.5,27.791814150714785,0.9200774372021727,on_ramp,on_ramp_mv,,normal,not_started,commit
BASIC-03,basic_long_dt_900,36,3.600000000000002,B03_CLV,cav,not_applicable,6746.299646038285,0.0,27.791814150714785,0.9200774372021727,lane_2,mainline,,normal,none,commit
BASIC-03,basic_long_dt_900,36,3.600000000000002,B03_CFV,cav,not_applicable,6710.278566365989,0.0,24.569648574139357,2.8471737204487537,lane_2,mainline,,normal,none,commit
BASIC-03,basic_long_dt_900,36,3.600000000000002,B03_TLV_CFV,cav,not_applicable,6708.953656186247,3.5,23.080821435160644,3.2038686213156327,lane_1,mainline,,normal,none,commit
BASIC-03,basic_long_dt_900,36,3.600000000000002,B03_TLV_CLV,cav,not_applicable,6743.4497195630165,3.5,26.32095018207439,1.5329374241356704,lane_1,mainline,,normal,none,commit
BASIC-03,basic_long_dt_900,37,3.700000000000002,B03_MV,cav,not_applicable,6735.087660196753,-3.5,27.880141584686193,0.883274339714086,on_ramp,on_ramp_mv,,normal,not_started,commit
BASIC-03,basic_long_dt_900,37,3.700000000000002,B03_CLV,cav,not_applicable,6749.087660196753,0.0,27.880141584686193,0.883274339714086,lane_2,mainline,,normal,none,commit
BASIC-03,basic_long_dt_900,37,3.700000000000002,B03_CFV,cav,not_applicable,6712.750948250301,0.0,24.723818843120114,1.5417026898075734,lane_2,mainline,,normal,none,commit
BASIC-03,basic_long_dt_900,37,3.700000000000002,B03_TLV_CFV,cav,not_applicable,6711.277042709392,3.5,23.233865231450103,1.5304379628946085,lane_1,mainline,,normal,none,commit
BASIC-03,basic_long_dt_900,37,3.700000000000002,B03_TLV_CLV,cav,not_applicable,6746.096530780495,3.5,26.468112174791415,1.4716199271702437,lane_1,mainline,,normal,none,commit
BASIC-03,basic_long_dt_900,38,3.800000000000002,B03_MV,cav,not_applicable,6737.884153788883,-3.5,27.964935921298746,0.8479433661255229,on_ramp,on_ramp_mv,,normal,not_started,commit
BASIC-03,basic_long_dt_900,38,3.800000000000002,B03_CLV,cav,not_applicable,6751.884153788883,0.0,27.964935921298746,0.8479433661255229,lane_2,mainline,,normal,none,commit
BASIC-03,basic_long_dt_900,38,3.800000000000002,B03_CFV,cav,not_applicable,6715.243216792984,0.0,24.92268542683164,1.9886658371152872,lane_2,mainline,,normal,none,commit
BASIC-03,basic_long_dt_900,38,3.800000000000002,B03_TLV_CFV,cav,not_applicable,6713.620223724961,3.5,23.431810155686936,1.979449242368316,lane_1,mainline,,normal,none,commit
BASIC-03,basic_long_dt_900,38,3.800000000000002,B03_TLV_CLV,cav,not_applicable,6748.757469549276,3.5,26.609387687799757,1.4127551300834342,lane_1,mainline,,normal,none,commit
BASIC-03,basic_long_dt_900,39,3.900000000000002,B03_MV,cav,not_applicable,6740.688787637328,-3.5,28.046338484446796,0.8140256314805016,on_ramp,on_ramp_mv,,normal,not_started,commit
BASIC-03,basic_long_dt_900,39,3.900000000000002,B03_CLV,cav,not_applicable,6754.688787637328,0.0,28.046338484446796,0.8140256314805016,lane_2,mainline,,normal,none,commit
BASIC-03,basic_long_dt_900,39,3.900000000000002,B03_CFV,cav,not_applicable,6717.7590289652435,0.0,25.15812172259562,2.3543629576397804,lane_2,mainline,,normal,none,commit
BASIC-03,basic_long_dt_900,39,3.900000000000002,B03_TLV_CFV,cav,not_applicable,6715.986872961604,3.5,23.666492366426162,2.3468221073922586,lane_1,mainline,,normal,none,commit
BASIC-03,basic_long_dt_900,39,3.900000000000002,B03_TLV_CLV,cav,not_applicable,6751.431970767305,3.5,26.745012180287766,1.3562449248800974,lane_1,mainline,,normal,none,commit
BASIC-03,basic_long_dt_900,40,4.000000000000002,B03_MV,cav,not_applicable,6743.501236131834,-3.5,28.124484945068925,0.7814646062212817,on_ramp,on_ramp_mv,,normal,not_started,commit
BASIC-03,basic_long_dt_900,40,4.000000000000002,B03_CLV,cav,not_applicable,6757.501236131834,0.0,28.124484945068925,0.7814646062212817,lane_2,mainline,,normal,none,commit
BASIC-03,basic_long_dt_900,40,4.000000000000002,B03_CFV,cav,not_applicable,6720.301376834429,0.0,25.423478691857056,2.653569692614366,lane_2,mainline,,normal,none,commit
BASIC-03,basic_long_dt_900,40,4.000000000000002,B03_TLV_CFV,cav,not_applicable,6718.379996197306,3.5,23.931232357030982,2.6473999060482116,lane_1,mainline,,normal,none,commit
BASIC-03,basic_long_dt_900,40,4.000000000000002,B03_TLV_CLV,cav,not_applicable,6754.119491936613,3.5,26.875211693076256,1.3019951278848936,lane_1,mainline,,normal,none,commit
BASIC-03,basic_long_dt_900,41,4.100000000000001,B03_MV,cav,not_applicable,6746.32118668656,-3.5,28.199505547266167,0.75020602197243,on_ramp,on_ramp_mv,,normal,not_started,commit
BASIC-03,basic_long_dt_900,41,4.100000000000001,B03_CLV,cav,not_applicable,6760.32118668656,0.0,28.199505547266167,0.75020602197243,lane_2,mainline,,normal,none,commit
BASIC-03,basic_long_dt_900,41,4.100000000000001,B03_CFV,cav,not_applicable,6722.854526637463,0.0,25.531498030343688,1.0801933848662992,lane_2,mainline,,normal,none,commit
BASIC-03,basic_long_dt_900,41,4.100000000000001,B03_TLV_CFV,cav,not_applicable,6720.802052704968,3.5,24.220565076616744,2.893327195857627,lane_1,mainline,,normal,none,commit
BASIC-03,basic_long_dt_900,41,4.100000000000001,B03_TLV_CLV,cav,not_applicable,6756.819512259148,3.5,27.000203225353207,1.2499153227694977,lane_1,mainline,,normal,none,commit
BASIC-03,basic_long_dt_900,42,4.200000000000001,B03_MV,cav,not_applicable,6749.148339219098,-3.5,28.27152532537552,0.7201977810935333,on_ramp,on_ramp_mv,,normal,not_started,commit
BASIC-03,basic_long_dt_900,42,4.200000000000001,B03_CLV,cav,not_applicable,6763.148339219098,0.0,28.27152532537552,0.7201977810935333,lane_2,mainline,,normal,none,commit
BASIC-03,basic_long_dt_900,42,4.200000000000001,B03_CFV,cav,not_applicable,6725.4237871136465,0.0,25.692604761832747,1.6110673148906085,lane_2,mainline,,normal,none,commit
BASIC-03,basic_long_dt_900,42,4.200000000000001,B03_TLV_CFV,cav,not_applicable,6723.236872798778,3.5,24.348200938096003,1.276358614792604,lane_1,mainline,,normal,none,commit
BASIC-03,basic_long_dt_900,42,4.200000000000001,B03_TLV_CLV,cav,not_applicable,6759.531531768782,3.5,27.120195096339078,1.1999187098587172,lane_1,mainline,,normal,none,commit
BASIC-03,basic_long_dt_900,43,4.300000000000001,B03_MV,cav,not_applicable,6751.982405650334,-3.5,28.3406643123605,0.6913898698497918,on_ramp,on_ramp_mv,,normal,not_started,commit
BASIC-03,basic_long_dt_900,43,4.300000000000001,B03_CLV,cav,not_applicable,6765.982405650334,0.0,28.3406643123605,0.6913898698497918,lane_2,mainline,,normal,none,commit
BASIC-03,basic_long_dt_900,43,4.300000000000001,B03_CFV,cav,not_applicable,6728.013501776952,0.0,25.89714663305107,2.045418712183225,lane_2,mainline,,normal,none,commit
BASIC-03,basic_long_dt_900,43,4.300000000000001,B03_TLV_CFV,cav,not_applicable,6725.689408553981,3.5,24.52535755203358,1.771566139375767,lane_1,mainline,,normal,none,commit
BASIC-03,basic_long_dt_900,43,4.300000000000001,B03_TLV_CLV,cav,not_applicable,6762.25507049803,3.5,27.235387292485516,1.151921961464369,lane_1,mainline,,normal,none,commit
BASIC-03,basic_long_dt_900,44,4.4,B03_MV,cav,not_applicable,6754.82310942432,-3.5,28.40703773986608,0.6637342750558006,on_ramp,on_ramp_mv,,normal,not_started,commit
BASIC-03,basic_long_dt_900,44,4.4,B03_CLV,cav,not_applicable,6768.82310942432,0.0,28.40703773986608,0.6637342750558006,lane_2,mainline,,normal,none,commit
BASIC-03,basic_long_dt_900,44,4.4,B03_CFV,cav,not_applicable,6730.627224411538,0.0,26.13722634586606,2.400797128149911,lane_2,mainline,,normal,none,commit
BASIC-03,basic_long_dt_900,44,4.4,B03_TLV_CFV,cav,not_applicable,6728.163711668506,3.5,24.743031145255234,2.1767359322165367,lane_1,mainline,,normal,none,commit
BASIC-03,basic_long_dt_900,44,4.4,B03_TLV_CLV,cav,not_applicable,6764.989667678109,3.5,27.345971800786096,1.1058450830057935,lane_1,mainline,,normal,none,commit
BASIC-03,basic_long_dt_900,45,4.5,B03_MV,cav,not_applicable,6757.670185047347,-3.5,28.470756230271437,0.637184904053568,on_ramp,on_ramp_mv,,normal,not_started,commit
BASIC-03,basic_long_dt_900,45,4.5,B03_CLV,cav,not_applicable,6771.670185047347,0.0,28.470756230271437,0.637184904053568,lane_2,mainline,,normal,none,commit
BASIC-03,basic_long_dt_900,45,4.5,B03_CFV,cav,not_applicable,6733.24968084081,0.0,26.22456429271469,0.8733794684862908,lane_2,mainline,,normal,none,commit
BASIC-03,basic_long_dt_900,45,4.5,B03_TLV_CFV,cav,not_applicable,6730.6630971679315,3.5,24.993854994254768,2.508238489995348,lane_1,mainline,,normal,none,commit
BASIC-03,basic_long_dt_900,45,4.5,B03_TLV_CLV,cav,not_applicable,6767.734880970985,3.5,27.45213292875465,1.0616112796855617,lane_1,mainline,,normal,none,commit
BASIC-03,basic_long_dt_900,46,4.6,B03_MV,cav,not_applicable,6760.523377645453,-3.5,28.53192598106058,0.6116975078914252,on_ramp,on_ramp_mv,,normal,not_started,commit
BASIC-03,basic_long_dt_900,46,4.6,B03_CLV,cav,not_applicable,6774.523377645453,0.0,28.53192598106058,0.6116975078914252,lane_2,mainline,,normal,none,commit
BASIC-03,basic_long_dt_900,46,4.6,B03_CFV,cav,not_applicable,6735.886555829368,0.0,26.36874988559084,1.4418559287615107,lane_2,mainline,,normal,none,commit
BASIC-03,basic_long_dt_900,46,4.6,B03_TLV_CFV,cav,not_applicable,6733.188994636913,3.5,25.258974689813936,2.6511969555916655,lane_1,mainline,,normal,none,commit
BASIC-03,basic_long_dt_900,46,4.6,B03_TLV_CLV,cav,not_applicable,6770.490285732145,3.5,27.554047611604464,1.0191468284981398,lane_1,mainline,,normal,none,commit
BASIC-03,basic_long_dt_900,47,4.699999999999999,B03_MV,cav,not_applicable,6763.382442539635,-3.5,28.59064894181816,0.5872296075757675,on_ramp,on_ramp_mv,,normal,not_started,commit
BASIC-03,basic_long_dt_900,47,4.699999999999999,B03_CLV,cav,not_applicable,6777.382442539635,0.0,28.59064894181816,0.5872296075757675,lane_2,mainline,,normal,none,commit
BASIC-03,basic_long_dt_900,47,4.699999999999999,B03_CFV,cav,not_applicable,6738.542500548254,0.0,26.559447188853145,1.906973032623054,lane_2,mainline,,normal,none,commit
BASIC-03,basic_long_dt_900,47,4.699999999999999,B03_TLV_CFV,cav,not_applicable,6735.72567462644,3.5,25.366799895271434,1.0782520545749987,lane_1,mainline,,normal,none,commit
BASIC-03,basic_long_dt_900,47,4.699999999999999,B03_TLV_CLV,cav,not_applicable,6773.255474302859,3.5,27.651885707140284,0.9783809553582146,lane_1,mainline,,normal,none,commit
BASIC-03,basic_long_dt_900,48,4.799999999999999,B03_MV,cav,not_applicable,6766.247144838049,-3.5,28.647022984145433,0.5637404232727363,on_ramp,on_ramp_mv,,normal,not_started,commit
BASIC-03,basic_long_dt_900,48,4.799999999999999,B03_CLV,cav,not_applicable,6780.247144838049,0.0,28.647022984145433,0.5637404232727363,lane_2,mainline,,normal,none,commit
BASIC-03,basic_long_dt_900,48,4.799999999999999,B03_CFV,cav,not_applicable,6741.221320501042,0.0,26.78819952788594,2.2875233903279533,lane_2,mainline,,normal,none,commit
BASIC-03,basic_long_dt_900,48,4.799999999999999,B03_TLV_CFV,cav,not_applicable,6738.278449405505,3.5,25.52774779064575,1.6094789537431806,lane_1,mainline,,normal,none,commit
BASIC-03,basic_long_dt_900,48,4.799999999999999,B03_TLV_CLV,cav,not_applicable,6776.030055330744,3.5,27.745810278854673,0.9392457171438864,lane_1,mainline,,normal,none,commit
BASIC-03,basic_long_dt_900,49,4.899999999999999,B03_MV,cav,not_applicable,6769.117259044528,-3.5,28.701142064779617,0.5411908063418267,on_ramp,on_ramp_mv,,normal,not_started,commit
BASIC-03,basic_long_dt_900,49,4.899999999999999,B03_CLV,cav,not_applicable,6783.117259044528,0.0,28.701142064779617,0.5411908063418267,lane_2,mainline,,normal,none,commit
BASIC-03,basic_long_dt_900,49,4.899999999999999,B03_CFV,cav,not_applicable,6743.907947463388,0.0,26.866269623458226,0.7807009557228708,lane_2,mainline,,normal,none,commit
BASIC-03,basic_long_dt_900,49,4.899999999999999,B03_TLV_CFV,cav,not_applicable,6740.851665376009,3.5,25.73215970504292,2.0441191439716935,lane_1,mainline,,normal,none,commit
BASIC-03,basic_long_dt_900,49,4.899999999999999,B03_TLV_CLV,cav,not_applicable,6778.813653117514,3.5,27.835977867700485,0.9016758884581307,lane_1,mainline,,normal,none,commit
BASIC-03,basic_long_dt_900,50,4.999999999999998,B03_MV,cav,not_applicable,6771.992568682746,-3.5,28.75309638218843,0.5195431740881532,on_ramp,on_ramp_mv,,normal,not_started,commit
BASIC-03,basic_long_dt_900,50,4.999999999999998,B03_CLV,cav,not_applicable,6785.992568682746,0.0,28.75309638218843,0.5195431740881532,lane_2,mainline,,normal,none,commit
BASIC-03,basic_long_dt_900,50,4.999999999999998,B03_CFV,cav,not_applicable,6746.608234706281,0.0,27.002872428926462,1.366028054682349,lane_2,mainline,,normal,none,commit
BASIC-03,basic_long_dt_900,50,4.999999999999998,B03_TLV_CFV,cav,not_applicable,6743.448878684964,3.5,25.972133089549697,2.399733845067749,lane_1,mainline,,normal,none,commit
BASIC-03,basic_long_dt_900,50,4.999999999999998,B03_TLV_CLV,cav,not_applicable,6781.605906992813,3.5,27.922538752992466,0.8656088529198058,lane_1,mainline,,normal,none,commit
BASIC-03,basic_long_dt_900,51,5.099999999999998,B03_MV,cav,not_applicable,6774.8728659354365,-3.5,28.802972526900895,0.4987614471246275,on_ramp,on_ramp_mv,,normal,not_started,commit
BASIC-03,basic_long_dt_900,51,5.099999999999998,B03_CLV,cav,not_applicable,6788.8728659354365,0.0,28.802972526900895,0.4987614471246275,lane_2,mainline,,normal,none,commit
BASIC-03,basic_long_dt_900,51,5.099999999999998,B03_CFV,cav,not_applicable,6749.326971269621,0.0,27.18736563340047,1.8449320447401036,lane_2,mainline,,normal,none,commit
BASIC-03,basic_long_dt_900,51,5.099999999999998,B03_TLV_CFV,cav,not_applicable,6746.054817089015,3.5,26.059384040509787,0.8725095096008855,lane_1,mainline,,normal,none,commit
BASIC-03,basic_long_dt_900,51,5.099999999999998,B03_TLV_CLV,cav,not_applicable,6784.4064707131,3.5,28.005637202872766,0.8309844988030136,lane_1,mainline,,normal,none,commit
BASIC-03,basic_long_dt_900,52,5.1999999999999975,B03_MV,cav,not_applicable,6777.757951298019,-3.5,28.850853625824858,0.47881098923964205,on_ramp,on_ramp_mv,,normal,not_started,commit
BASIC-03,basic_long_dt_900,52,5.1999999999999975,B03_CLV,cav,not_applicable,6791.757951298019,0.0,28.850853625824858,0.47881098923964205,lane_2,mainline,,normal,none,commit
BASIC-03,basic_long_dt_900,52,5.1999999999999975,B03_CFV,cav,not_applicable,6752.05870932015,0.0,27.317380505289456,1.3001487188898677,lane_2,mainline,,normal,none,commit
BASIC-03,basic_long_dt_900,52,5.1999999999999975,B03_TLV_CFV,cav,not_applicable,6748.6751669345085,3.5,26.203498454931676,1.4411441442189061,lane_1,mainline,,normal,none,commit
BASIC-03,basic_long_dt_900,52,5.1999999999999975,B03_TLV_CLV,cav,not_applicable,6787.215011884576,3.5,28.085411714757853,0.7977451188508937,lane_1,mainline,,normal,none,commit
BASIC-03,basic_long_dt_900,53,5.299999999999997,B03_MV,cav,not_applicable,6780.647633246098,-3.5,28.896819480791862,0.459658549670057,on_ramp,on_ramp_mv,,normal,not_started,commit
BASIC-03,basic_long_dt_900,53,5.299999999999997,B03_CLV,cav,not_applicable,6794.647633246098,0.0,28.896819480791862,0.459658549670057,lane_2,mainline,,normal,none,commit
BASIC-03,basic_long_dt_900,53,5.299999999999997,B03_CFV,cav,not_applicable,6754.808357678379,0.0,27.496483582289535,1.7910307700008008,lane_2,mainline,,normal,none,commit
BASIC-03,basic_long_dt_900,53,5.299999999999997,B03_TLV_CFV,cav,not_applicable,6751.314580686636,3.5,26.39413752127686,1.9063906634518322,lane_1,mainline,,normal,none,commit
BASIC-03,basic_long_dt_900,53,5.299999999999997,B03_TLV_CLV,cav,not_applicable,6790.031211409192,3.5,28.16199524616754,0.7658353140968587,lane_1,mainline,,normal,none,commit
BASIC-03,basic_long_dt_900,54,5.399999999999997,B03_MV,cav,not_applicable,6783.541727916254,-3.5,28.940946701560186,0.44127220768325515,on_ramp,on_ramp_mv,,normal,not_started,commit
BASIC-03,basic_long_dt_900,54,5.399999999999997,B03_CLV,cav,not_applicable,6797.541727916254,0.0,28.940946701560186,0.44127220768325515,lane_2,mainline,,normal,none,commit
BASIC-03,basic_long_dt_900,54,5.399999999999997,B03_CFV,cav,not_applicable,6757.561750833817,0.0,27.53393155438051,0.3744797209097461,lane_2,mainline,,normal,none,commit
BASIC-03,basic_long_dt_900,54,5.399999999999997,B03_TLV_CFV,cav,not_applicable,6753.976864907828,3.5,26.62284221192292,2.28704690646059,lane_1,mainline,,normal,none,commit
BASIC-03,basic_long_dt_900,54,5.399999999999997,B03_TLV_CLV,cav,not_applicable,6792.854762952824,3.5,28.23551543632084,0.7352019015329845,lane_1,mainline,,normal,none,commit
BASIC-03,basic_long_dt_900,55,5.4999999999999964,B03_MV,cav,not_applicable,6786.440058799603,-3.5,28.98330883349778,0.4236213193759255,on_ramp,on_ramp_mv,,normal,not_started,commit
BASIC-03,basic_long_dt_900,55,5.4999999999999964,B03_CLV,cav,not_applicable,6800.440058799603,0.0,28.98330883349778,0.4236213193759255,lane_2,mainline,,normal,none,commit
BASIC-03,basic_long_dt_900,55,5.4999999999999964,B03_CFV,cav,not_applicable,6760.325480641517,0.0,27.6372980770004,1.0336652261988832,lane_2,mainline,,normal,none,commit
BASIC-03,basic_long_dt_900,55,5.4999999999999964,B03_TLV_CFV,cav,not_applicable,6756.646952240073,3.5,26.700873322451514,0.7803111052859371,lane_1,mainline,,normal,none,commit
BASIC-03,basic_long_dt_900,55,5.4999999999999964,B03_TLV_CLV,cav,not_applicable,6795.685372434711,3.5,28.306094818868004,0.7057938254716647,lane_1,mainline,,normal,none,commit
BASIC-03,basic_long_dt_900,56,5.599999999999996,B03_MV,cav,not_applicable,6789.342456447619,-3.5,29.02397648015787,0.40667646660088796,on_ramp,on_ramp_mv,,normal,not_started,commit
BASIC-03,basic_long_dt_900,56,5.599999999999996,B03_CLV,cav,not_applicable,6803.342456447619,0.0,29.02397648015787,0.40667646660088796,lane_2,mainline,,normal,none,commit
BASIC-03,basic_long_dt_900,56,5.599999999999996,B03_CFV,cav,not_applicable,6763.104940437432,0.0,27.794597959143942,1.57299882143545,lane_2,mainline,,normal,none,commit
BASIC-03,basic_long_dt_900,56,5.599999999999996,B03_TLV_CFV,cav,not_applicable,6759.33069666318,3.5,26.837444231065817,1.3657090861430394,lane_1,mainline,,normal,none,commit
BASIC-03,basic_long_dt_900,56,5.599999999999996,B03_TLV_CLV,cav,not_applicable,6798.522757537323,3.5,28.373851026113286,0.6775620724527983,lane_1,mainline,,normal,none,commit
BASIC-03,basic_long_dt_900,57,5.699999999999996,B03_MV,cav,not_applicable,6792.248758189714,-3.5,29.063017420951557,0.39040940793685197,on_ramp,on_ramp_mv,,normal,not_started,commit
BASIC-03,basic_long_dt_900,57,5.699999999999996,B03_CLV,cav,not_applicable,6806.248758189714,0.0,29.063017420951557,0.39040940793685197,lane_2,mainline,,normal,none,commit
BASIC-03,basic_long_dt_900,57,5.699999999999996,B03_CFV,cav,not_applicable,6765.890546664663,0.0,27.856062272315118,0.6146431317117511,lane_2,mainline,,normal,none,commit
BASIC-03,basic_long_dt_900,57,5.699999999999996,B03_TLV_CFV,cav,not_applicable,6762.032887796991,3.5,27.021911338113885,1.8446710704806686,lane_1,mainline,,normal,none,commit
BASIC-03,basic_long_dt_900,57,5.699999999999996,B03_TLV_CLV,cav,not_applicable,6801.36664723583,3.5,28.438896985068755,0.6504595895546856,lane_1,mainline,,normal,none,commit
BASIC-03,basic_long_dt_900,58,5.799999999999995,B03_MV,cav,not_applicable,6795.158807862125,-3.5,29.100496724113494,0.3747930316193774,on_ramp,on_ramp_mv,,normal,not_started,commit
BASIC-03,basic_long_dt_900,58,5.799999999999995,B03_CLV,cav,not_applicable,6809.158807862125,0.0,29.100496724113494,0.3747930316193774,lane_2,mainline,,normal,none,commit
BASIC-03,basic_long_dt_900,58,5.799999999999995,B03_CFV,cav,not_applicable,6768.688454517517,0.0,27.97907852854608,1.2301625623096144,lane_2,mainline,,normal,none,commit
BASIC-03,basic_long_dt_900,58,5.799999999999995,B03_TLV_CFV,cav,not_applicable,6764.739262603198,3.5,27.063748062062302,0.4183672394841833,lane_1,mainline,,normal,none,commit
BASIC-03,basic_long_dt_900,58,5.799999999999995,B03_TLV_CLV,cav,not_applicable,6804.216781346397,3.5,28.501341105666004,0.624441205972498,lane_1,mainline,,normal,none,commit
BASIC-03,basic_long_dt_900,59,5.899999999999995,B03_MV,cav,not_applicable,6798.07245554764,-3.5,29.136476855148956,0.35980131035460233,on_ramp,on_ramp_mv,,normal,not_started,commit
BASIC-03,basic_long_dt_900,59,5.899999999999995,B03_CLV,cav,not_applicable,6812.07245554764,0.0,29.136476855148956,0.35980131035460233,lane_2,mainline,,normal,none,commit
BASIC-03,basic_long_dt_900,59,5.899999999999995,B03_CFV,cav,not_applicable,6771.503700064063,0.0,28.15245546546232,1.7337693691624116,lane_2,mainline,,normal,none,commit
BASIC-03,basic_long_dt_900,59,5.899999999999995,B03_TLV_CFV,cav,not_applicable,6767.456333141364,3.5,27.17070538165646,1.0695731959416044,lane_1,mainline,,normal,none,commit
BASIC-03,basic_long_dt_900,59,5.899999999999995,B03_TLV_CLV,cav,not_applicable,6807.072910092541,3.5,28.561287461439363,0.5994635577335984,lane_1,mainline,,normal,none,commit
BASIC-03,basic_long_dt_900,60,5.999999999999995,B03_MV,cav,not_applicable,6800.9895573257345,-3.5,29.171017780942996,0.34540925794041755,on_ramp,on_ramp_mv,,normal,not_started,commit
BASIC-03,basic_long_dt_900,60,5.999999999999995,B03_CLV,cav,not_applicable,6814.9895573257345,0.0,29.171017780942996,0.34540925794041755,lane_2,mainline,,normal,none,commit
BASIC-03,basic_long_dt_900,60,5.999999999999995,B03_CFV,cav,not_applicable,6774.322221905448,0.0,28.185218413848336,0.327629483860155,lane_2,mainline,,normal,none,commit
BASIC-03,basic_long_dt_900,60,5.999999999999995,B03_TLV_CFV,cav,not_applicable,6770.189427460224,3.5,27.33094318859714,1.6023780694067673,lane_1,mainline,,normal,none,commit
BASIC-03,basic_long_dt_900,60,5.999999999999995,B03_TLV_CLV,cav,not_applicable,6809.934793688839,3.5,28.618835962981787,0.5754850154242547,lane_1,mainline,,normal,none,commit
BASIC-03,basic_long_dt_900,61,6.099999999999994,B03_MV,cav,not_applicable,6803.909975032705,-3.5,29.204177069705278,0.3315928876228014,on_ramp,on_ramp_mv,,normal,not_started,commit
BASIC-03,basic_long_dt_900,61,6.099999999999994,B03_CLV,cav,not_applicable,6817.909975032705,0.0,29.204177069705278,0.3315928876228014,lane_2,mainline,,normal,none,commit
BASIC-03,basic_long_dt_900,61,6.099999999999994,B03_CFV,cav,not_applicable,6777.150697078973,0.0,28.284751735255075,0.9953332140673996,lane_2,mainline,,normal,none,commit
BASIC-03,basic_long_dt_900,61,6.099999999999994,B03_TLV_CFV,cav,not_applicable,6772.935162811968,3.5,27.45735351745116,1.264103288540209,lane_1,mainline,,normal,none,commit
BASIC-03,basic_long_dt_900,61,6.099999999999994,B03_TLV_CLV,cav,not_applicable,6812.802201941286,3.5,28.674082524462516,0.5524656148072851,lane_1,mainline,,normal,none,commit
BASIC-03,basic_long_dt_900,62,6.199999999999994,B03_MV,cav,not_applicable,6806.833576031397,-3.5,29.236009986917068,0.31832917211788897,on_ramp,on_ramp_mv,,normal,not_started,commit
BASIC-03,basic_long_dt_900,62,6.199999999999994,B03_CLV,cav,not_applicable,6820.833576031397,0.0,29.236009986917068,0.31832917211788897,lane_2,mainline,,normal,none,commit
BASIC-03,basic_long_dt_900,62,6.199999999999994,B03_CFV,cav,not_applicable,6779.994588615159,0.0,28.438915361860587,1.541636266055145,lane_2,mainline,,normal,none,commit
BASIC-03,basic_long_dt_900,62,6.199999999999994,B03_TLV_CFV,cav,not_applicable,6775.698513554256,3.5,27.633507422877177,1.761539054260171,lane_1,mainline,,normal,none,commit
BASIC-03,basic_long_dt_900,62,6.199999999999994,B03_TLV_CLV,cav,not_applicable,6815.674913863634,3.5,28.727119223484017,0.5303669902149935,lane_1,mainline,,normal,none,commit
BASIC-03,basic_long_dt_900,63,6.299999999999994,B03_MV,cav,not_applicable,6809.760232990141,-3.5,29.266569587440387,0.30559600523317276,on_ramp,on_ramp_mv,,normal,not_started,commit
BASIC-03,basic_long_dt_900,63,6.299999999999994,B03_CLV,cav,not_applicable,6823.760232990141,0.0,29.266569587440387,0.30559600523317276,lane_2,mainline,,normal,none,commit
BASIC-03,basic_long_dt_900,63,6.299999999999994,B03_CFV,cav,not_applicable,6782.840184448068,0.0,28.45595832908328,0.17042967222693672,lane_2,mainline,,normal,none,commit
BASIC-03,basic_long_dt_900,63,6.299999999999994,B03_TLV_CFV,cav,not_applicable,6778.465367797897,3.5,27.668542436407556,0.35035013530377634,lane_1,mainline,,normal,none,commit
BASIC-03,basic_long_dt_900,63,6.299999999999994,B03_TLV_CLV,cav,not_applicable,6818.552717309089,3.5,28.778034454544656,0.5091523106063932,lane_1,mainline,,normal,none,commit
BASIC-03,basic_long_dt_900,64,6.399999999999993,B03_MV,cav,not_applicable,6812.689823670536,-3.5,29.29590680394277,0.2933721650238454,on_ramp,on_ramp_mv,,normal,not_started,commit
BASIC-03,basic_long_dt_900,64,6.399999999999993,B03_CLV,cav,not_applicable,6826.689823670536,0.0,29.29590680394277,0.2933721650238454,lane_2,mainline,,normal,none,commit
BASIC-03,basic_long_dt_900,64,6.399999999999993,B03_CFV,cav,not_applicable,6785.694447432839,0.0,28.54262984772003,0.8667151863674937,lane_2,mainline,,normal,none,commit
BASIC-03,basic_long_dt_900,64,6.399999999999993,B03_TLV_CFV,cav,not_applicable,6781.242361269918,3.5,27.76993472020514,1.013922837975817,lane_1,mainline,,normal,none,commit
BASIC-03,basic_long_dt_900,64,6.399999999999993,B03_TLV_CLV,cav,not_applicable,6821.435408616725,3.5,28.82691307636287,0.48878621818213763,lane_1,mainline,,normal,none,commit
BASIC-03,basic_long_dt_900,65,6.499999999999993,B03_MV,cav,not_applicable,6815.622230723714,-3.5,29.32407053178506,0.28163727842289177,on_ramp,on_ramp_mv,,normal,not_started,commit
BASIC-03,basic_long_dt_900,65,6.499999999999993,B03_CLV,cav,not_applicable,6829.622230723714,0.0,29.32407053178506,0.28163727842289177,lane_2,mainline,,normal,none,commit
BASIC-03,basic_long_dt_900,65,6.499999999999993,B03_CFV,cav,not_applicable,6788.563074450954,0.0,28.686270181150096,1.4364033343006766,lane_2,mainline,,normal,none,commit
BASIC-03,basic_long_dt_900,65,6.499999999999993,B03_TLV_CFV,cav,not_applicable,6784.034923201521,3.5,27.925619316039523,1.55684595834385,lane_1,mainline,,normal,none,commit
BASIC-03,basic_long_dt_900,65,6.499999999999993,B03_TLV_CLV,cav,not_applicable,6824.322792272056,3.5,28.873836553308355,0.46923476945485165,lane_1,mainline,,normal,none,commit
BASIC-03,basic_long_dt_900,66,6.5999999999999925,B03_MV,cav,not_applicable,6818.557341494766,-3.5,29.35110771051366,0.27037178728597555,on_ramp,on_ramp_mv,,normal,not_started,commit
BASIC-03,basic_long_dt_900,66,6.5999999999999925,B03_CLV,cav,not_applicable,6832.557341494766,0.0,29.35110771051366,0.27037178728597555,lane_2,mainline,,normal,none,commit
BASIC-03,basic_long_dt_900,66,6.5999999999999925,B03_CFV,cav,not_applicable,6791.432544769077,0.0,28.694703181229244,0.08433000079146269,lane_2,mainline,,normal,none,commit
BASIC-03,basic_long_dt_900,66,6.5999999999999925,B03_TLV_CFV,cav,not_applicable,6786.829313872785,3.5,27.943906712631293,0.18287396591769545,lane_1,mainline,,normal,none,commit
BASIC-03,basic_long_dt_900,66,6.5999999999999925,B03_TLV_CLV,cav,not_applicable,6827.2146805811735,3.5,28.91888309117602,0.4504653786766582,lane_1,mainline,,normal,none,commit
BASIC-03,basic_long_dt_900,67,6.699999999999992,B03_MV,cav,not_applicable,6821.495047834975,-3.5,29.377063402093114,0.25955691579453627,on_ramp,on_ramp_mv,,normal,not_started,commit
BASIC-03,basic_long_dt_900,67,6.699999999999992,B03_CLV,cav,not_applicable,6835.495047834975,0.0,29.377063402093114,0.25955691579453627,lane_2,mainline,,normal,none,commit
BASIC-03,basic_long_dt_900,67,6.699999999999992,B03_CFV,cav,not_applicable,6794.309977787207,0.0,28.774330181294,0.7962700006475604,lane_2,mainline,,normal,none,commit
BASIC-03,basic_long_dt_900,67,6.699999999999992,B03_TLV_CFV,cav,not_applicable,6789.63247351286,3.5,28.03159640075183,0.8768968812053872,lane_1,mainline,,normal,none,commit
BASIC-03,basic_long_dt_900,67,6.699999999999992,B03_TLV_CLV,cav,not_applicable,6830.110893357926,3.5,28.96212776752898,0.43244676352959177,lane_1,mainline,,normal,none,commit
BASIC-03,basic_long_dt_900,68,6.799999999999992,B03_MV,cav,not_applicable,6824.435245921575,-3.5,29.40198086600939,0.2491746391627544,on_ramp,on_ramp_mv,,normal,not_started,commit
BASIC-03,basic_long_dt_900,68,6.799999999999992,B03_CLV,cav,not_applicable,6838.435245921575,0.0,29.40198086600939,0.2491746391627544,lane_2,mainline,,normal,none,commit
BASIC-03,basic_long_dt_900,68,6.799999999999992,B03_CFV,cav,not_applicable,6797.201198468978,0.0,28.91220681771062,1.3787663641661858,lane_2,mainline,,normal,none,commit
BASIC-03,basic_long_dt_900,68,6.799999999999992,B03_TLV_CFV,cav,not_applicable,6792.450080491054,3.5,28.17606978194136,1.4447338118953168,lane_1,mainline,,normal,none,commit
BASIC-03,basic_long_dt_900,68,6.799999999999992,B03_TLV_CLV,cav,not_applicable,6833.011257623609,3.5,29.00364265682782,0.4151488929884082,lane_1,mainline,,normal,none,commit
BASIC-03,basic_long_dt_900,69,6.8999999999999915,B03_MV,cav,not_applicable,6827.377836084712,-3.5,29.425901631369012,0.23920765359624455,on_ramp,on_ramp_mv,,normal,not_started,commit
BASIC-03,basic_long_dt_900,69,6.8999999999999915,B03_CLV,cav,not_applicable,6841.377836084712,0.0,29.425901631369012,0.23920765359624455,lane_2,mainline,,normal,none,commit
BASIC-03,basic_long_dt_900,69,6.8999999999999915,B03_CFV,cav,not_applicable,6800.092790875547,0.0,28.915924065687854,0.037172479772333844,lane_2,mainline,,normal,none,commit
BASIC-03,basic_long_dt_900,69,6.8999999999999915,B03_TLV_CFV,cav,not_applicable,6795.268598927709,3.5,28.185184366550978,0.09114584609616827,lane_1,mainline,,normal,none,commit
BASIC-03,basic_long_dt_900,69,6.8999999999999915,B03_TLV_CLV,cav,not_applicable,6835.915607318664,3.5,29.043496950554708,0.39854293726887136,lane_1,mainline,,normal,none,commit
BASIC-03,basic_long_dt_900,70,6.999999999999991,B03_MV,cav,not_applicable,6830.322722641323,-3.5,29.44886556611425,0.22963934745239528,on_ramp,on_ramp_mv,,normal,not_started,commit
BASIC-03,basic_long_dt_900,70,6.999999999999991,B03_CLV,cav,not_applicable,6844.322722641323,0.0,29.44886556611425,0.22963934745239528,lane_2,mainline,,normal,none,commit
BASIC-03,basic_long_dt_900,70,6.999999999999991,B03_CFV,cav,not_applicable,6802.991960147859,0.0,28.991692723123773,0.7576865743591823,lane_2,mainline,,normal,none,commit
BASIC-03,basic_long_dt_900,70,6.999999999999991,B03_TLV_CFV,cav,not_applicable,6798.095135830377,3.5,28.26536902668612,0.8018466013514104,lane_1,mainline,,normal,none,commit
BASIC-03,basic_long_dt_900,70,6.999999999999991,B03_TLV_CLV,cav,not_applicable,6838.823783025918,3.5,29.08175707253252,0.3826012197781168,lane_1,mainline,,normal,none,commit
BASIC-03,basic_long_dt_900,71,7.099999999999991,B03_MV,cav,not_applicable,6833.26981373567,-3.5,29.47091094346968,0.22045377355429993,on_ramp,on_ramp_mv,,normal,not_started,commit
BASIC-03,basic_long_dt_900,71,7.099999999999991,B03_CLV,cav,not_applicable,6847.26981373567,0.0,29.47091094346968,0.22045377355429993,lane_2,mainline,,normal,none,commit
BASIC-03,basic_long_dt_900,71,7.099999999999991,B03_CFV,cav,not_applicable,6805.891402914874,0.0,28.99442767014549,0.027349470217169713,lane_2,mainline,,normal,none,commit
BASIC-03,basic_long_dt_900,71,7.099999999999991,B03_TLV_CFV,cav,not_applicable,6800.93550602342,3.5,28.403701930433055,1.3833290374693359,lane_1,mainline,,normal,none,commit
BASIC-03,basic_long_dt_900,71,7.099999999999991,B03_TLV_CLV,cav,not_applicable,6841.735631704881,3.5,29.118486789631216,0.3672971709869927,lane_1,mainline,,normal,none,commit
BASIC-03,basic_long_dt_900,72,7.19999999999999,B03_MV,cav,not_applicable,6836.2190211862435,-3.5,29.49207450573089,0.21163562261212832,on_ramp,on_ramp_mv,,normal,not_started,commit
BASIC-03,basic_long_dt_900,72,7.19999999999999,B03_CLV,cav,not_applicable,6850.2190211862435,0.0,29.49207450573089,0.21163562261212832,lane_2,mainline,,normal,none,commit
BASIC-03,basic_long_dt_900,72,7.19999999999999,B03_CFV,cav,not_applicable,6808.798342177553,0.0,29.069392626799623,0.7496495665413206,lane_2,mainline,,normal,none,commit
BASIC-03,basic_long_dt_900,72,7.19999999999999,B03_TLV_CFV,cav,not_applicable,6803.776285272224,3.5,28.407792488044183,0.04090557611127488,lane_1,mainline,,normal,none,commit
BASIC-03,basic_long_dt_900,72,7.19999999999999,B03_TLV_CLV,cav,not_applicable,6844.651006436685,3.5,29.15374731804597,0.3526052841475135,lane_1,mainline,,normal,none,commit
BASIC-03,basic_long_dt_900,73,7.29999999999999,B03_MV,cav,not_applicable,6839.170260338794,-3.5,29.512391525501656,0.20317019770764377,on_ramp,on_ramp_mv,,normal,not_started,commit
BASIC-03,basic_long_dt_900,73,7.29999999999999,B03_CLV,cav,not_applicable,6853.170260338794,0.0,29.512391525501656,0.20317019770764377,lane_2,mainline,,normal,none,commit
BASIC-03,basic_long_dt_900,73,7.29999999999999,B03_CFV,cav,not_applicable,6811.703302254543,0.0,29.049600769896102,-0.19791856903519078,lane_2,mainline,,normal,none,commit
BASIC-03,basic_long_dt_900,73,7.29999999999999,B03_TLV_CFV,cav,not_applicable,6806.624671930288,3.5,28.483866580635105,0.7607409259092249,lane_1,mainline,,normal,none,commit
BASIC-03,basic_long_dt_900,73,7.29999999999999,B03_TLV_CLV,cav,not_applicable,6847.569766179217,3.5,29.18759742532413,0.33850107278161234,lane_1,mainline,,normal,none,commit
BASIC-03,basic_long_dt_900,74,7.39999999999999,B03_MV,cav,not_applicable,6842.123449925242,-3.5,29.53189586448159,0.19504338979933777,on_ramp,on_ramp_mv,,normal,not_started,commit
BASIC-03,basic_long_dt_900,74,7.39999999999999,B03_CLV,cav,not_applicable,6856.123449925242,0.0,29.53189586448159,0.19504338979933777,lane_2,mainline,,normal,none,commit
BASIC-03,basic_long_dt_900,74,7.39999999999999,B03_CFV,cav,not_applicable,6814.613915725058,0.0,29.106134705156858,0.5653393526075712,lane_2,mainline,,normal,none,commit
BASIC-03,basic_long_dt_900,74,7.39999999999999,B03_TLV_CFV,cav,not_applicable,6809.486555559563,3.5,28.618836292754953,1.3496971211984568,lane_1,mainline,,normal,none,commit
BASIC-03,basic_long_dt_900,74,7.39999999999999,B03_TLV_CLV,cav,not_applicable,6850.491775532048,3.5,29.220093528311168,0.32496102987034736,lane_1,mainline,,normal,none,commit
BASIC-03,basic_long_dt_900,75,7.499999999999989,B03_MV,cav,not_applicable,6845.078511928233,-3.5,29.550620029902326,0.18724165420736372,on_ramp,on_ramp_mv,,normal,not_started,commit
BASIC-03,basic_long_dt_900,75,7.499999999999989,B03_CLV,cav,not_applicable,6859.078511928233,0.0,29.550620029902326,0.18724165420736372,lane_2,mainline,,normal,none,commit
BASIC-03,basic_long_dt_900,75,7.499999999999989,B03_CFV,cav,not_applicable,6817.53642742664,0.0,29.22511701582475,1.1898231066789218,lane_2,mainline,,normal,none,commit
BASIC-03,basic_long_dt_900,75,7.499999999999989,B03_TLV_CFV,cav,not_applicable,6812.348573074376,3.5,28.620175148125735,0.01338855370782821,lane_1,mainline,,normal,none,commit
BASIC-03,basic_long_dt_900,75,7.499999999999989,B03_TLV_CLV,cav,not_applicable,6853.4169045107665,3.5,29.25128978717872,0.311962588675533,lane_1,mainline,,normal,none,commit
BASIC-03,basic_long_dt_900,76,7.599999999999989,B03_MV,cav,not_applicable,6848.035371451103,-3.5,29.568595228706233,0.1797519880390695,on_ramp,on_ramp_mv,,normal,not_started,commit
BASIC-03,basic_long_dt_900,76,7.599999999999989,B03_CLV,cav,not_applicable,6862.035371451103,0.0,29.568595228706233,0.1797519880390695,lane_2,mainline,,normal,none,commit
BASIC-03,basic_long_dt_900,76,7.599999999999989,B03_CFV,cav,not_applicable,6820.457764953641,0.0,29.21337527000757,-0.11741745817179128,lane_2,mainline,,normal,none,commit
BASIC-03,basic_long_dt_900,76,7.599999999999989,B03_TLV_CFV,cav,not_applicable,6815.217972859174,3.5,28.693997847974558,0.7382269984882232,lane_1,mainline,,normal,none,commit
BASIC-03,basic_long_dt_900,76,7.599999999999989,B03_TLV_CLV,cav,not_applicable,6856.3450283303355,3.5,29.28123819569157,0.2994840851285119,lane_1,mainline,,normal,none,commit
BASIC-03,basic_long_dt_900,77,7.699999999999989,B03_MV,cav,not_applicable,6850.993956593059,-3.5,29.585851419557983,0.17256190851750688,on_ramp,on_ramp_mv,,normal,not_started,commit
BASIC-03,basic_long_dt_900,77,7.699999999999989,B03_CLV,cav,not_applicable,6864.993956593059,0.0,29.585851419557983,0.17256190851750688,lane_2,mainline,,normal,none,commit
BASIC-03,basic_long_dt_900,77,7.699999999999989,B03_CFV,cav,not_applicable,6823.385414519621,0.0,29.276495659793515,0.6312038978594435,lane_2,mainline,,normal,none,commit
BASIC-03,basic_long_dt_900,77,7.699999999999989,B03_TLV_CFV,cav,not_applicable,6818.1006854103225,3.5,28.827125511487232,1.331276635126728,lane_1,mainline,,normal,none,commit
BASIC-03,basic_long_dt_900,77,7.699999999999989,B03_TLV_CLV,cav,not_applicable,6859.276027197122,3.5,29.30998866786391,0.28750472172337144,lane_1,mainline,,normal,none,commit
BASIC-03,basic_long_dt_900,78,7.799999999999988,B03_MV,cav,not_applicable,6853.954198329337,-3.5,29.602417362775665,0.16565943217680684,on_ramp,on_ramp_mv,,normal,not_started,commit
BASIC-03,basic_long_dt_900,78,7.799999999999988,B03_CLV,cav,not_applicable,6867.954198329337,0.0,29.602417362775665,0.16565943217680684,lane_2,mainline,,normal,none,commit
BASIC-03,basic_long_dt_900,78,7.799999999999988,B03_CFV,cav,not_applicable,6826.309353329465,0.0,29.23938809844102,-0.37107561352495355,lane_2,mainline,,normal,none,commit
BASIC-03,basic_long_dt_900,78,7.799999999999988,B03_TLV_CFV,cav,not_applicable,6820.98338113394,3.5,28.826957236179418,-0.0016827530781315936,lane_1,mainline,,normal,none,commit
BASIC-03,basic_long_dt_900,78,7.799999999999988,B03_TLV_CLV,cav,not_applicable,6862.209786109237,3.5,29.337589121149353,0.2760045328544365,lane_1,mainline,,normal,none,commit
BASIC-03,basic_long_dt_900,79,7.899999999999988,B03_MV,cav,not_applicable,6856.9160303961635,-3.5,29.618320668264637,0.15903305488973418,on_ramp,on_ramp_mv,,normal,not_started,commit
BASIC-03,basic_long_dt_900,79,7.899999999999988,B03_CLV,cav,not_applicable,6870.9160303961635,0.0,29.618320668264637,0.15903305488973418,lane_2,mainline,,normal,none,commit
BASIC-03,basic_long_dt_900,79,7.899999999999988,B03_CFV,cav,not_applicable,6829.23752879338,0.0,29.281754639152613,0.42366540711594713,lane_2,mainline,,normal,none,commit
BASIC-03,basic_long_dt_900,79,7.899999999999988,B03_TLV_CFV,cav,not_applicable,6823.873335816851,3.5,28.89954682910939,0.7258959292997106,lane_1,mainline,,normal,none,commit
BASIC-03,basic_long_dt_900,79,7.899999999999988,B03_TLV_CLV,cav,not_applicable,6865.146194664867,3.5,29.36408555630338,0.26496435154025877,lane_1,mainline,,normal,none,commit
BASIC-03,basic_long_dt_900,80,7.999999999999988,B03_MV,cav,not_applicable,6859.879389180317,-3.5,29.63358784153405,0.15267173269414513,on_ramp,on_ramp_mv,,normal,not_started,commit
BASIC-03,basic_long_dt_900,80,7.999999999999988,B03_CLV,cav,not_applicable,6873.879389180317,0.0,29.63358784153405,0.15267173269414513,lane_2,mainline,,normal,none,commit
BASIC-03,basic_long_dt_900,80,7.999999999999988,B03_CFV,cav,not_applicable,6832.176443337899,0.0,29.38914544518937,1.073908060367593,lane_2,mainline,,normal,none,commit
BASIC-03,basic_long_dt_900,80,7.999999999999988,B03_TLV_CFV,cav,not_applicable,6826.771205272073,3.5,28.978694552216385,0.7914772310699593,lane_1,mainline,,normal,none,commit
BASIC-03,basic_long_dt_900,80,7.999999999999988,B03_TLV_CLV,cav,not_applicable,6868.085146878272,3.5,29.389522134051244,0.2543657774786482,lane_1,mainline,,normal,none,commit
BASIC-03,basic_long_dt_900,81,8.099999999999987,B03_MV,cav,not_applicable,6862.844213613104,-3.5,29.64824432787269,0.14656486338637933,on_ramp,on_ramp_mv,,normal,not_started,commit
BASIC-03,basic_long_dt_900,81,8.099999999999987,B03_CLV,cav,not_applicable,6876.844213613104,0.0,29.64824432787269,0.14656486338637933,lane_2,mainline,,normal,none,commit
BASIC-03,basic_long_dt_900,81,8.099999999999987,B03_CFV,cav,not_applicable,6835.113235312003,0.0,29.36791974103763,-0.21225704151742386,lane_2,mainline,,normal,none,commit
BASIC-03,basic_long_dt_900,81,8.099999999999987,B03_TLV_CFV,cav,not_applicable,6829.664641359185,3.5,28.93436087112211,-0.44333681094276056,lane_1,mainline,,normal,none,commit
BASIC-03,basic_long_dt_900,81,8.099999999999987,B03_TLV_CLV,cav,not_applicable,6871.026541003141,3.5,29.413941248689195,0.24419114637950232,lane_1,mainline,,normal,none,commit
BASIC-03,basic_long_dt_900,82,8.199999999999987,B03_MV,cav,not_applicable,6865.8104450685805,-3.5,29.66231455475778,0.14070226885092438,on_ramp,on_ramp_mv,,normal,not_started,commit
BASIC-03,basic_long_dt_900,82,8.199999999999987,B03_CLV,cav,not_applicable,6879.8104450685805,0.0,29.66231455475778,0.14070226885092438,lane_2,mainline,,normal,none,commit
BASIC-03,basic_long_dt_900,82,8.199999999999987,B03_CFV,cav,not_applicable,6838.055563364858,0.0,29.42328052854984,0.5536078751221079,lane_2,mainline,,normal,none,commit
BASIC-03,basic_long_dt_900,82,8.199999999999987,B03_TLV_CFV,cav,not_applicable,6832.5617228723895,3.5,28.970815132044976,0.3645426092286505,lane_1,mainline,,normal,none,commit
BASIC-03,basic_long_dt_900,82,8.199999999999987,B03_TLV_CLV,cav,not_applicable,6873.970279363015,3.5,29.437383598741626,0.23442350052432204,lane_1,mainline,,normal,none,commit
BASIC-03,basic_long_dt_900,83,8.299999999999986,B03_MV,cav,not_applicable,6868.778027265837,-3.5,29.67582197256747,0.13507417809688746,on_ramp,on_ramp_mv,,normal,not_started,commit
BASIC-03,basic_long_dt_900,83,8.299999999999986,B03_CLV,cav,not_applicable,6882.778027265837,0.0,29.67582197256747,0.13507417809688746,lane_2,mainline,,normal,none,commit
BASIC-03,basic_long_dt_900,83,8.299999999999986,B03_CFV,cav,not_applicable,6840.994089775692,0.0,29.38526410834239,-0.3801642020744865,lane_2,mainline,,normal,none,commit
BASIC-03,basic_long_dt_900,83,8.299999999999986,B03_TLV_CFV,cav,not_applicable,6835.469059734215,3.5,29.07336861825459,1.0255348620961686,lane_1,mainline,,normal,none,commit
BASIC-03,basic_long_dt_900,83,8.299999999999986,B03_TLV_CLV,cav,not_applicable,6876.9162681884945,3.5,29.45988825479196,0.22504656050334973,lane_1,mainline,,normal,none,commit
BASIC-03,basic_long_dt_900,84,8.399999999999986,B03_MV,cav,not_applicable,6871.746906175204,-3.5,29.68878909366477,0.12967121097301232,on_ramp,on_ramp_mv,,normal,not_started,commit
BASIC-03,basic_long_dt_900,84,8.399999999999986,B03_CLV,cav,not_applicable,6885.746906175204,0.0,29.68878909366477,0.12967121097301232,lane_2,mainline,,normal,none,commit
BASIC-03,basic_long_dt_900,84,8.399999999999986,B03_CFV,cav,not_applicable,6843.9367784794185,0.0,29.42688703726357,0.4162292892117838,lane_2,mainline,,normal,none,commit
BASIC-03,basic_long_dt_900,84,8.399999999999986,B03_TLV_CFV,cav,not_applicable,6838.373878244912,3.5,29.04818510697155,-0.2518351128304075,lane_1,mainline,,normal,none,commit
BASIC-03,basic_long_dt_900,84,8.399999999999986,B03_TLV_CLV,cav,not_applicable,6879.864417460954,3.5,29.48149272460028,0.21604469808321625,lane_1,mainline,,normal,none,commit
BASIC-03,basic_long_dt_900,85,8.499999999999986,B03_MV,cav,not_applicable,6874.717029928195,-3.5,29.701237529918178,0.124484362534092,on_ramp,on_ramp_mv,,normal,not_started,commit
BASIC-03,basic_long_dt_900,85,8.499999999999986,B03_CLV,cav,not_applicable,6888.717029928195,0.0,29.701237529918178,0.124484362534092,lane_2,mainline,,normal,none,commit
BASIC-03,basic_long_dt_900,85,8.499999999999986,B03_CFV,cav,not_applicable,6846.8901454227835,0.0,29.533669433653625,1.0678239639005505,lane_2,mainline,,normal,none,commit
BASIC-03,basic_long_dt_900,85,8.499999999999986,B03_TLV_CFV,cav,not_applicable,6841.283909013777,3.5,29.100307688649064,0.5212258167751211,lane_1,mainline,,normal,none,commit
BASIC-03,basic_long_dt_900,85,8.499999999999986,B03_TLV_CLV,cav,not_applicable,6882.814640762516,3.5,29.50223301561627,0.20740291015988818,lane_1,mainline,,normal,none,commit
BASIC-03,basic_long_dt_900,86,8.599999999999985,B03_MV,cav,not_applicable,6877.688348731067,-3.5,29.71318802872145,0.11950498803272894,on_ramp,on_ramp_mv,,normal,not_started,commit
BASIC-03,basic_long_dt_900,86,8.599999999999985,B03_CLV,cav,not_applicable,6891.688348731067,0.0,29.71318802872145,0.11950498803272894,lane_2,mainline,,normal,none,commit
BASIC-03,basic_long_dt_900,86,8.599999999999985,B03_CFV,cav,not_applicable,6849.841340016763,0.0,29.51194593979094,-0.2172349386268223,lane_2,mainline,,normal,none,commit
BASIC-03,basic_long_dt_900,86,8.599999999999985,B03_TLV_CFV,cav,not_applicable,6844.205477084779,3.5,29.215680710021573,1.153730213725099,lane_1,mainline,,normal,none,commit
BASIC-03,basic_long_dt_900,86,8.599999999999985,B03_TLV_CLV,cav,not_applicable,6885.766855132016,3.5,29.52214369499162,0.1991067937534922,lane_1,mainline,,normal,none,commit
BASIC-03,basic_long_dt_900,87,8.699999999999985,B03_MV,cav,not_applicable,6880.660814781824,-3.5,29.724660507572594,0.11472478851141972,on_ramp,on_ramp_mv,,normal,not_started,commit
BASIC-03,basic_long_dt_900,87,8.699999999999985,B03_CLV,cav,not_applicable,6894.660814781824,0.0,29.724660507572594,0.11472478851141972,lane_2,mainline,,normal,none,commit
BASIC-03,basic_long_dt_900,87,8.699999999999985,B03_CFV,cav,not_applicable,6852.798029961244,0.0,29.566899444812382,0.5495350502144182,lane_2,mainline,,normal,none,commit
BASIC-03,basic_long_dt_900,87,8.699999999999985,B03_TLV_CFV,cav,not_applicable,6847.125575675712,3.5,29.200985909326352,-0.14694800695219168,lane_1,mainline,,normal,none,commit
BASIC-03,basic_long_dt_900,87,8.699999999999985,B03_TLV_CLV,cav,not_applicable,6888.720980926735,3.5,29.541257947191955,0.19114252200335216,lane_1,mainline,,normal,none,commit
BASIC-03,basic_long_dt_900,88,8.799999999999985,B03_MV,cav,not_applicable,6883.634382190551,-3.5,29.73567408726969,0.11013579697096249,on_ramp,on_ramp_mv,,normal,not_started,commit
BASIC-03,basic_long_dt_900,88,8.799999999999985,B03_CLV,cav,not_applicable,6897.634382190551,0.0,29.73567408726969,0.11013579697096249,lane_2,mainline,,normal,none,commit
BASIC-03,basic_long_dt_900,88,8.799999999999985,B03_CFV,cav,not_applicable,6855.748307010681,0.0,29.50277049437538,-0.6412895043700215,lane_2,mainline,,normal,none,commit
BASIC-03,basic_long_dt_900,88,8.799999999999985,B03_TLV_CFV,cav,not_applicable,6850.051744692042,3.5,29.26169016330299,0.6070425397663887,lane_1,mainline,,normal,none,commit
BASIC-03,basic_long_dt_900,88,8.799999999999985,B03_TLV_CLV,cav,not_applicable,6891.676941689666,3.5,29.559607629304278,0.18349682112321802,lane_1,mainline,,normal,none,commit
BASIC-03,basic_long_dt_900,89,8.899999999999984,B03_MV,cav,not_applicable,6886.609006902929,-3.5,29.7462471237789,0.10573036509212415,on_ramp,on_ramp_mv,,normal,not_started,commit
BASIC-03,basic_long_dt_900,89,8.899999999999984,B03_CLV,cav,not_applicable,6900.609006902929,0.0,29.7462471237789,0.10573036509212415,lane_2,mainline,,normal,none,commit
BASIC-03,basic_long_dt_900,89,8.899999999999984,B03_CFV,cav,not_applicable,6858.7006098732645,0.0,29.523028625836016,0.2025813146063461,lane_2,mainline,,normal,none,commit
BASIC-03,basic_long_dt_900,89,8.899999999999984,B03_TLV_CFV,cav,not_applicable,6852.97820857579,3.5,29.26463883747782,0.029486741748272816,lane_1,mainline,,normal,none,commit
BASIC-03,basic_long_dt_900,89,8.899999999999984,B03_TLV_CLV,cav,not_applicable,6894.634664022079,3.5,29.577223324132106,0.1761569482782889,lane_1,mainline,,normal,none,commit
BASIC-03,basic_long_dt_900,90,8.999999999999984,B03_MV,cav,not_applicable,6889.584646626811,-3.5,29.756397238827745,0.10150115048843987,on_ramp,on_ramp_mv,,normal,not_started,commit
BASIC-03,basic_long_dt_900,90,8.999999999999984,B03_CLV,cav,not_applicable,6903.584646626811,0.0,29.756397238827745,0.10150115048843987,lane_2,mainline,,normal,none,commit
BASIC-03,basic_long_dt_900,90,8.999999999999984,B03_CFV,cav,not_applicable,6861.661842946604,0.0,29.612330733394717,0.8930210755870105,lane_2,mainline,,normal,none,commit
BASIC-03,basic_long_dt_900,90,8.999999999999984,B03_TLV_CFV,cav,not_applicable,6855.91218644197,3.5,29.339778661802676,0.7513982432485868,lane_1,mainline,,normal,none,commit
BASIC-03,basic_long_dt_900,90,8.999999999999984,B03_TLV_CLV,cav,not_applicable,6897.594077461195,3.5,29.594134391166822,0.16911067034715757,lane_1,mainline,,normal,none,commit
BASIC-03,basic_long_dt_900,91,9.099999999999984,B03_MV,cav,not_applicable,6892.561260761739,-3.5,29.766141349274633,0.09744110446890204,on_ramp,on_ramp_mv,,normal,not_started,commit
BASIC-03,basic_long_dt_900,91,9.099999999999984,B03_CLV,cav,not_applicable,6906.561260761739,0.0,29.766141349274633,0.09744110446890204,lane_2,mainline,,normal,none,commit
BASIC-03,basic_long_dt_900,91,9.099999999999984,B03_CFV,cav,not_applicable,6864.619473465108,0.0,29.576305185033654,-0.36025548361062776,lane_2,mainline,,normal,none,commit
BASIC-03,basic_long_dt_900,91,9.099999999999984,B03_TLV_CFV,cav,not_applicable,6858.84140302105,3.5,29.292165790795742,-0.476128710069338,lane_1,mainline,,normal,none,commit
BASIC-03,basic_long_dt_900,91,9.099999999999984,B03_TLV_CLV,cav,not_applicable,6900.555114362747,3.5,29.61036901552015,0.1623462435332712,lane_1,mainline,,normal,none,commit
BASIC-03,basic_long_dt_900,92,9.199999999999983,B03_MV,cav,not_applicable,6895.538810331269,-3.5,29.775495695303647,0.09354346029014665,on_ramp,on_ramp_mv,,normal,not_started,commit
BASIC-03,basic_long_dt_900,92,9.199999999999983,B03_CLV,cav,not_applicable,6909.538810331269,0.0,29.775495695303647,0.09354346029014665,lane_2,mainline,,normal,none,commit
BASIC-03,basic_long_dt_900,92,9.199999999999983,B03_CFV,cav,not_applicable,6867.581429166018,0.0,29.619557009101875,0.4325182406822137,lane_2,mainline,,normal,none,commit
BASIC-03,basic_long_dt_900,92,9.199999999999983,B03_TLV_CFV,cav,not_applicable,6861.773996728865,3.5,29.325937078153707,0.3377128735796326,lane_1,mainline,,normal,none,commit
BASIC-03,basic_long_dt_900,92,9.199999999999983,B03_TLV_CLV,cav,not_applicable,6903.517709788237,3.5,29.625954254899344,0.15585239379194038,lane_1,mainline,,normal,none,commit
BASIC-03,basic_long_dt_900,93,9.299999999999983,B03_MV,cav,not_applicable,6898.517257918018,-3.5,29.7844758674915,0.08980172187854124,on_ramp,on_ramp_mv,,normal,not_started,commit
BASIC-03,basic_long_dt_900,93,9.299999999999983,B03_CLV,cav,not_applicable,6912.517257918018,0.0,29.7844758674915,0.08980172187854124,lane_2,mainline,,normal,none,commit
BASIC-03,basic_long_dt_900,93,9.299999999999983,B03_CFV,cav,not_applicable,6870.542601210009,0.0,29.611720439909238,-0.07836569192638049,lane_2,mainline,,normal,none,commit
BASIC-03,basic_long_dt_900,93,9.299999999999983,B03_TLV_CFV,cav,not_applicable,6864.716626269283,3.5,29.42629540417386,1.0035832602015176,lane_1,mainline,,normal,none,commit
BASIC-03,basic_long_dt_900,93,9.299999999999983,B03_TLV_CLV,cav,not_applicable,6906.481801396707,3.5,29.64091608470337,0.14961829804026225,lane_1,mainline,,normal,none,commit
BASIC-03,basic_long_dt_900,94,9.399999999999983,B03_MV,cav,not_applicable,6901.496567601297,-3.5,29.793096832791843,0.08620965300339947,on_ramp,on_ramp_mv,,normal,not_started,commit
BASIC-03,basic_long_dt_900,94,9.399999999999983,B03_CLV,cav,not_applicable,6915.496567601297,0.0,29.793096832791843,0.08620965300339947,lane_2,mainline,,normal,none,commit
BASIC-03,basic_long_dt_900,94,9.399999999999983,B03_CFV,cav,not_applicable,6873.510404807429,0.0,29.67803597420617,0.6631553429693251,lane_2,mainline,,normal,none,commit
BASIC-03,basic_long_dt_900,94,9.399999999999983,B03_TLV_CFV,cav,not_applicable,6867.656557854556,3.5,29.399315852735803,-0.2697955143805765,lane_1,mainline,,normal,none,commit
BASIC-03,basic_long_dt_900,94,9.399999999999983,B03_TLV_CLV,cav,not_applicable,6909.447329340838,3.5,29.655279441315237,0.14363356611865186,lane_1,mainline,,normal,none,commit
BASIC-03,basic_long_dt_900,95,9.499999999999982,B03_MV,cav,not_applicable,6904.476704897245,-3.5,29.80137295948017,0.08276126688326287,on_ramp,on_ramp_mv,,normal,not_started,commit
BASIC-03,basic_long_dt_900,95,9.499999999999982,B03_CLV,cav,not_applicable,6918.476704897245,0.0,29.80137295948017,0.08276126688326287,lane_2,mainline,,normal,none,commit
BASIC-03,basic_long_dt_900,95,9.499999999999982,B03_CFV,cav,not_applicable,6876.472725130383,0.0,29.623203229540024,-0.5483274466614613,lane_2,mainline,,normal,none,commit
BASIC-03,basic_long_dt_900,95,9.499999999999982,B03_TLV_CFV,cav,not_applicable,6870.601554749257,3.5,29.449968947013755,0.5065309427795284,lane_1,mainline,,normal,none,commit
BASIC-03,basic_long_dt_900,95,9.499999999999982,B03_TLV_CLV,cav,not_applicable,6912.414236167205,3.5,29.669068263662627,0.13788822347390522,lane_1,mainline,,normal,none,commit
BASIC-03,basic_long_dt_900,96,9.599999999999982,B03_MV,cav,not_applicable,6907.457636701355,-3.5,29.809318041100962,0.07945081620793247,on_ramp,on_ramp_mv,,normal,not_started,commit
BASIC-03,basic_long_dt_900,96,9.599999999999982,B03_CLV,cav,not_applicable,6921.457636701355,0.0,29.809318041100962,0.07945081620793247,lane_2,mainline,,normal,none,commit
BASIC-03,basic_long_dt_900,96,9.599999999999982,B03_CFV,cav,not_applicable,6879.437831865137,0.0,29.65106734754045,0.278641180004259,lane_2,mainline,,normal,none,commit
BASIC-03,basic_long_dt_900,96,9.599999999999982,B03_TLV_CFV,cav,not_applicable,6873.547743915206,3.5,29.461891659495482,0.11922712481726205,lane_1,mainline,,normal,none,commit
BASIC-03,basic_long_dt_900,96,9.599999999999982,B03_TLV_CLV,cav,not_applicable,6915.382466720516,3.5,29.68230553311612,0.13237269453494918,lane_1,mainline,,normal,none,commit
BASIC-03,basic_long_dt_900,97,9.699999999999982,B03_MV,cav,not_applicable,6910.4393312333,-3.5,29.816945319456924,0.07627278355961523,on_ramp,on_ramp_mv,,normal,not_started,commit
BASIC-03,basic_long_dt_900,97,9.699999999999982,B03_CLV,cav,not_applicable,6924.4393312333,0.0,29.816945319456924,0.07627278355961523,lane_2,mainline,,normal,none,commit
BASIC-03,basic_long_dt_900,97,9.699999999999982,B03_CFV,cav,not_applicable,6882.412491118636,0.0,29.746592534995344,0.9552518745489392,lane_2,mainline,,normal,none,commit
BASIC-03,basic_long_dt_900,97,9.699999999999982,B03_TLV_CFV,cav,not_applicable,6876.502181303086,3.5,29.544373878798712,0.8248221930323053,lane_1,mainline,,normal,none,commit
BASIC-03,basic_long_dt_900,97,9.699999999999982,B03_TLV_CLV,cav,not_applicable,6918.351968051696,3.5,29.695013311791477,0.12707778675355144,lane_1,mainline,,normal,none,commit
BASIC-03,basic_long_dt_900,98,9.799999999999981,B03_MV,cav,not_applicable,6913.421757983969,-3.5,29.82426750667865,0.07322187221723056,on_ramp,on_ramp_mv,,normal,not_started,commit
BASIC-03,basic_long_dt_900,98,9.799999999999981,B03_CLV,cav,not_applicable,6927.421757983969,0.0,29.82426750667865,0.07322187221723056,lane_2,mainline,,normal,none,commit
BASIC-03,basic_long_dt_900,98,9.799999999999981,B03_CFV,cav,not_applicable,6885.384056978382,0.0,29.71565859745844,-0.30933937536904965,lane_2,mainline,,normal,none,commit
BASIC-03,basic_long_dt_900,98,9.799999999999981,B03_TLV_CFV,cav,not_applicable,6879.452458145272,3.5,29.502768421864992,-0.41605456933720475,lane_1,mainline,,normal,none,commit
BASIC-03,basic_long_dt_900,98,9.799999999999981,B03_TLV_CLV,cav,not_applicable,6921.322689329628,3.5,29.707212779319818,0.12199467528340904,lane_1,mainline,,normal,none,commit
BASIC-03,basic_long_dt_900,99,9.89999999999998,B03_MV,cav,not_applicable,6916.40488766461,-3.5,29.8312968064115,0.0702929973285407,on_ramp,on_ramp_mv,,normal,not_started,commit
BASIC-03,basic_long_dt_900,99,9.89999999999998,B03_CLV,cav,not_applicable,6930.40488766461,0.0,29.8312968064115,0.0702929973285407,lane_2,mainline,,normal,none,commit
BASIC-03,basic_long_dt_900,99,9.89999999999998,B03_CFV,cav,not_applicable,6888.360364606875,0.0,29.763076284928246,0.4741768746980503,lane_2,mainline,,normal,none,commit
BASIC-03,basic_long_dt_900,99,9.89999999999998,B03_TLV_CFV,cav,not_applicable,6882.406603631892,3.5,29.54145486619195,0.3868644432695598,lane_1,mainline,,normal,none,commit
BASIC-03,basic_long_dt_900,99,9.89999999999998,B03_TLV_CLV,cav,not_applicable,6924.294581756442,3.5,29.718924268147024,0.1171148882720729,lane_1,mainline,,normal,none,commit
BASIC-03,basic_long_dt_900,100,9.99999999999998,B03_MV,cav,not_applicable,6919.388692158026,-3.5,29.83804493415504,0.06748127743539954,on_ramp,on_ramp_mv,,normal,not_started,commit
BASIC-03,basic_long_dt_900,100,9.99999999999998,B03_CLV,cav,not_applicable,6933.388692158026,0.0,29.83804493415504,0.06748127743539954,lane_2,mainline,,normal,none,commit
BASIC-03,basic_long_dt_900,100,9.99999999999998,B03_CFV,cav,not_applicable,6891.329642773434,0.0,29.69278166558536,-0.7029461934288679,lane_2,mainline,,normal,none,commit
BASIC-03,basic_long_dt_900,100,9.99999999999998,B03_TLV_CFV,cav,not_applicable,6885.368102641949,3.5,29.614990100576296,0.7353523438434852,lane_1,mainline,,normal,none,commit
BASIC-03,basic_long_dt_900,100,9.99999999999998,B03_TLV_CLV,cav,not_applicable,6927.267598486184,3.5,29.730167297421144,0.11243029274119039,lane_1,mainline,,normal,none,commit
BASIC-03,basic_long_dt_900,101,10.09999999999998,B03_MV,cav,not_applicable,6922.373144471705,-3.5,29.844523136788837,0.06478202633798417,on_ramp,on_ramp_mv,,normal,not_started,commit
BASIC-03,basic_long_dt_900,101,10.09999999999998,B03_CLV,cav,not_applicable,6936.373144471705,0.0,29.844523136788837,0.06478202633798417,lane_2,mainline,,normal,none,commit
BASIC-03,basic_long_dt_900,101,10.09999999999998,B03_CFV,cav,not_applicable,6894.300442289319,0.0,29.70799515885027,0.15213493264910816,lane_2,mainline,,normal,none,commit
BASIC-03,basic_long_dt_900,101,10.09999999999998,B03_TLV_CFV,cav,not_applicable,6888.324709080274,3.5,29.5660643832544,-0.48925717321896656,lane_1,mainline,,normal,none,commit
BASIC-03,basic_long_dt_900,101,10.09999999999998,B03_TLV_CLV,cav,not_applicable,6930.241694546737,3.5,29.740960605524297,0.1079330810315426,lane_1,mainline,,normal,none,commit
BASIC-03,basic_long_dt_900,102,10.19999999999998,B03_MV,cav,not_applicable,6925.358218692837,-3.5,29.850742211317282,0.06219074528446527,on_ramp,on_ramp_mv,,normal,not_started,commit
BASIC-03,basic_long_dt_900,102,10.19999999999998,B03_CLV,cav,not_applicable,6939.358218692837,0.0,29.850742211317282,0.06219074528446527,lane_2,mainline,,normal,none,commit
BASIC-03,basic_long_dt_900,102,10.19999999999998,B03_CFV,cav,not_applicable,6897.279759272835,0.0,29.793169835157926,0.8517467630765431,lane_2,mainline,,normal,none,commit
BASIC-03,basic_long_dt_900,102,10.19999999999998,B03_TLV_CFV,cav,not_applicable,6891.284585232637,3.5,29.59876152362739,0.3269714037299365,lane_1,mainline,,normal,none,commit
BASIC-03,basic_long_dt_900,102,10.19999999999998,B03_TLV_CLV,cav,not_applicable,6933.216826764867,3.5,29.751322181303326,0.1036157577902813,lane_1,mainline,,normal,none,commit
BASIC-03,basic_long_dt_900,103,10.29999999999998,B03_MV,cav,not_applicable,6928.343889945123,-3.5,29.85671252286459,0.05970311547308711,on_ramp,on_ramp_mv,,normal,not_started,commit
BASIC-03,basic_long_dt_900,103,10.29999999999998,B03_CLV,cav,not_applicable,6942.343889945123,0.0,29.85671252286459,0.05970311547308711,lane_2,mainline,,normal,none,commit
BASIC-03,basic_long_dt_900,103,10.29999999999998,B03_CFV,cav,not_applicable,6900.255136002594,0.0,29.753767297591462,-0.39402537566464657,lane_2,mainline,,normal,none,commit
BASIC-03,basic_long_dt_900,103,10.29999999999998,B03_TLV_CFV,cav,not_applicable,6894.254038521079,3.5,29.694532884412975,0.9577136078558386,lane_1,mainline,,normal,none,commit
BASIC-03,basic_long_dt_900,103,10.29999999999998,B03_TLV_CLV,cav,not_applicable,6936.192953694272,3.5,29.761269294051193,0.09947112747866954,lane_1,mainline,,normal,none,commit
BASIC-03,basic_long_dt_900,104,10.399999999999979,B03_MV,cav,not_applicable,6931.330134347318,-3.5,29.862444021950008,0.05731499085416374,on_ramp,on_ramp_mv,,normal,not_started,commit
BASIC-03,basic_long_dt_900,104,10.399999999999979,B03_CLV,cav,not_applicable,6945.330134347318,0.0,29.862444021950008,0.05731499085416374,lane_2,mainline,,normal,none,commit
BASIC-03,basic_long_dt_900,104,10.399999999999979,B03_CFV,cav,not_applicable,6903.234561615643,0.0,29.79425613049163,0.40488832900165284,lane_2,mainline,,normal,none,commit
BASIC-03,basic_long_dt_900,104,10.399999999999979,B03_TLV_CFV,cav,not_applicable,6897.220418557221,3.5,29.663800361419362,-0.3073252299361321,lane_1,mainline,,normal,none,commit
BASIC-03,basic_long_dt_900,104,10.399999999999979,B03_TLV_CLV,cav,not_applicable,6939.170035546501,3.5,29.770818522289144,0.09549228237952292,lane_1,mainline,,normal,none,commit
BASIC-03,basic_long_dt_900,105,10.499999999999979,B03_MV,cav,not_applicable,6934.316928973425,-3.5,29.867946261072007,0.055022391219996795,on_ramp,on_ramp_mv,,normal,not_started,commit
BASIC-03,basic_long_dt_900,105,10.499999999999979,B03_CLV,cav,not_applicable,6948.316928973425,0.0,29.867946261072007,0.055022391219996795,lane_2,mainline,,normal,none,commit
BASIC-03,basic_long_dt_900,105,10.499999999999979,B03_CFV,cav,not_applicable,6906.206390860474,0.0,29.718292448319037,-0.7596368217259204,lane_2,mainline,,normal,none,commit
BASIC-03,basic_long_dt_900,105,10.499999999999979,B03_TLV_CFV,cav,not_applicable,6900.1915568414815,3.5,29.711382842606405,0.4758248118704374,lane_1,mainline,,normal,none,commit
BASIC-03,basic_long_dt_900,105,10.499999999999979,B03_TLV_CLV,cav,not_applicable,6942.148034124641,3.5,29.779985781397578,0.09167259108434252,lane_1,mainline,,normal,none,commit
BASIC-03,basic_long_dt_900,106,10.599999999999978,B03_MV,cav,not_applicable,6937.304251814488,-3.5,29.873228410629125,0.05282149557119738,on_ramp,on_ramp_mv,,normal,not_started,commit
BASIC-03,basic_long_dt_900,106,10.599999999999978,B03_CLV,cav,not_applicable,6951.304251814488,0.0,29.873228410629125,0.05282149557119738,lane_2,mainline,,normal,none,commit
BASIC-03,basic_long_dt_900,106,10.599999999999978,B03_CFV,cav,not_applicable,6909.179277622219,0.0,29.728867617450554,0.10575169131515616,lane_2,mainline,,normal,none,commit
BASIC-03,basic_long_dt_900,106,10.599999999999978,B03_TLV_CFV,cav,not_applicable,6903.15567914693,3.5,29.641223054486712,-0.7015978811969148,lane_1,mainline,,normal,none,commit
BASIC-03,basic_long_dt_900,106,10.599999999999978,B03_TLV_CLV,cav,not_applicable,6945.126912759655,3.5,29.788786350141674,0.08800568744096893,lane_1,mainline,,normal,none,commit
BASIC-03,basic_long_dt_900,107,10.699999999999978,B03_MV,cav,not_applicable,6940.292081741909,-3.5,29.87829927420396,0.05070863574835016,on_ramp,on_ramp_mv,,normal,not_started,commit
BASIC-03,basic_long_dt_900,107,10.699999999999978,B03_CLV,cav,not_applicable,6954.292081741909,0.0,29.87829927420396,0.05070863574835016,lane_2,mainline,,normal,none,commit
BASIC-03,basic_long_dt_900,107,10.699999999999978,B03_CFV,cav,not_applicable,6912.142120534166,0.0,29.62842911946725,-1.004384979833054,lane_2,mainline,,normal,none,commit
BASIC-03,basic_long_dt_900,107,10.699999999999978,B03_TLV_CFV,cav,not_applicable,6906.121333833351,3.5,29.656546864206966,0.15323809720252435,lane_1,mainline,,normal,none,commit
BASIC-03,basic_long_dt_900,107,10.699999999999978,B03_TLV_CLV,cav,not_applicable,6948.106636249268,3.5,29.797234896136008,0.08448545994333045,lane_1,mainline,,normal,none,commit
BASIC-03,basic_long_dt_900,108,10.799999999999978,B03_MV,cav,not_applicable,6943.280398472232,-3.5,29.8831673032358,0.04868029031841559,on_ramp,on_ramp_mv,,normal,not_started,commit
BASIC-03,basic_long_dt_900,108,10.799999999999978,B03_CLV,cav,not_applicable,6957.280398472232,0.0,29.8831673032358,0.04868029031841559,lane_2,mainline,,normal,none,commit
BASIC-03,basic_long_dt_900,108,10.799999999999978,B03_CFV,cav,not_applicable,6915.085836659914,0.0,29.43716125748091,-1.9126786198634078,lane_2,mainline,,normal,none,commit
BASIC-03,basic_long_dt_900,108,10.799999999999978,B03_TLV_CFV,cav,not_applicable,6909.095515013294,3.5,29.74181179943263,0.8526493522566109,lane_1,mainline,,normal,none,commit
BASIC-03,basic_long_dt_900,108,10.799999999999978,B03_TLV_CLV,cav,not_applicable,6951.087170799297,3.5,29.805345500290567,0.08110604154559696,lane_1,mainline,,normal,none,commit
BASIC-03,basic_long_dt_900,109,10.899999999999977,B03_MV,cav,not_applicable,6946.269182533343,-3.5,29.88784061110637,0.04673307870567953,on_ramp,on_ramp_mv,,normal,not_started,commit
BASIC-03,basic_long_dt_900,109,10.899999999999977,B03_CLV,cav,not_applicable,6960.269182533343,0.0,29.88784061110637,0.04673307870567953,lane_2,mainline,,normal,none,commit
BASIC-03,basic_long_dt_900,109,10.899999999999977,B03_CFV,cav,not_applicable,6918.002994506045,0.0,29.17157846131027,-2.655827961706424,lane_2,mainline,,normal,none,commit
BASIC-03,basic_long_dt_900,109,10.899999999999977,B03_TLV_CFV,cav,not_applicable,6912.065763324301,3.5,29.702483110071807,-0.39328689360822744,lane_1,mainline,,normal,none,commit
BASIC-03,basic_long_dt_900,109,10.899999999999977,B03_TLV_CLV,cav,not_applicable,6954.068483967325,3.5,29.813131680278943,0.07786179988377313,lane_1,mainline,,normal,none,commit
BASIC-03,basic_long_dt_900,110,10.999999999999977,B03_MV,cav,not_applicable,6949.25841523201,-3.5,29.892326986662116,0.044863755557452124,on_ramp,on_ramp_mv,,normal,not_started,commit
BASIC-03,basic_long_dt_900,110,10.999999999999977,B03_CLV,cav,not_applicable,6963.25841523201,0.007710952952988459,29.892326986662116,0.044863755557452124,lane_2,mainline,,executing,none,commit
BASIC-03,basic_long_dt_900,110,10.999999999999977,B03_CFV,cav,not_applicable,6920.887513759762,0.0,28.845192537170654,-3.263859241396165,lane_2,mainline,,normal,none,commit
BASIC-03,basic_long_dt_900,110,10.999999999999977,B03_TLV_CFV,cav,not_applicable,6915.040066560724,3.5,29.743032364231134,0.40549254159326853,lane_1,mainline,,normal,none,commit
BASIC-03,basic_long_dt_900,110,10.999999999999977,B03_TLV_CLV,cav,not_applicable,6957.050544608632,3.5,29.820606413067786,0.0747473278884229,lane_1,mainline,,normal,none,commit
BASIC-03,basic_long_dt_900,111,11.099999999999977,B03_MV,cav,not_applicable,6952.248078622729,-3.5,29.896633907195632,0.04306920533515353,on_ramp,on_ramp_mv,,normal,not_started,commit
BASIC-03,basic_long_dt_900,111,11.099999999999977,B03_CLV,cav,not_applicable,6966.248078622729,0.030780280238272756,29.896633907195632,0.04306920533515353,lane_2,mainline,,executing,none,commit
BASIC-03,basic_long_dt_900,111,11.099999999999977,B03_CFV,cav,not_applicable,6923.734419619686,0.0,28.46905859923824,-3.7613393793241348,lane_2,mainline,,normal,none,commit
BASIC-03,basic_long_dt_900,111,11.099999999999977,B03_TLV_CFV,cav,not_applicable,6918.006778372487,3.5,29.66711811763422,-0.7591424659691439,lane_1,mainline,,normal,none,commit
BASIC-03,basic_long_dt_900,111,11.099999999999977,B03_TLV_CLV,cav,not_applicable,6960.033322824286,3.5,29.827782156545073,0.07175743477288564,lane_1,mainline,,normal,none,commit
BASIC-03,basic_long_dt_900,112,11.199999999999976,B03_MV,cav,not_applicable,6955.238155477819,-3.5,29.900768550907806,0.041346437121747216,on_ramp,on_ramp_mv,,normal,not_started,commit
BASIC-03,basic_long_dt_900,112,11.199999999999976,B03_CLV,cav,not_applicable,6969.238155477819,0.06901094505133248,29.900768550907806,0.041346437121747216,lane_2,mainline,,executing,none,commit
BASIC-03,basic_long_dt_900,112,11.199999999999976,B03_CFV,cav,not_applicable,6926.557823611961,0.0,28.234039922748085,-2.350186764901564,lane_2,mainline,,normal,none,commit
BASIC-03,basic_long_dt_900,112,11.199999999999976,B03_TLV_CFV,cav,not_applicable,6920.974551745892,3.5,29.67773373405493,0.10615616420706409,lane_1,mainline,,normal,none,commit
BASIC-03,basic_long_dt_900,112,11.199999999999976,B03_TLV_CLV,cav,not_applicable,6963.016789911315,3.5,29.83467087028327,0.06888713738197083,lane_1,mainline,,normal,none,commit
BASIC-03,basic_long_dt_900,113,11.299999999999976,B03_MV,cav,not_applicable,6958.228629258707,-3.5,29.904737808871495,0.03969257963687767,on_ramp,on_ramp_mv,,normal,not_started,commit
BASIC-03,basic_long_dt_900,113,11.299999999999976,B03_CLV,cav,not_applicable,6972.228629258707,0.12207172468182798,29.904737808871495,0.03969257963687767,lane_2,mainline,,executing,none,commit
BASIC-03,basic_long_dt_900,113,11.299999999999976,B03_CFV,cav,not_applicable,6929.369271530704,0.0,28.114479187437958,-1.1956073531012796,lane_2,mainline,,normal,none,commit
BASIC-03,basic_long_dt_900,113,11.299999999999976,B03_TLV_CFV,cav,not_applicable,6923.950466397005,3.5,29.759146511126417,0.8141277707148706,lane_1,mainline,,normal,none,commit
BASIC-03,basic_long_dt_900,113,11.299999999999976,B03_TLV_CLV,cav,not_applicable,6966.000918314862,3.5,29.841284035471936,0.06613165188669257,lane_1,mainline,,normal,none,commit
BASIC-03,basic_long_dt_900,114,11.399999999999975,B03_MV,cav,not_applicable,6961.2194840883585,-3.5,29.908548296516635,0.038104876451401995,on_ramp,on_ramp_mv,,normal,not_started,commit
BASIC-03,basic_long_dt_900,114,11.399999999999975,B03_CLV,cav,not_applicable,6975.2194840883585,0.18950003877725932,29.908548296516635,0.038104876451401995,lane_2,mainline,,executing,none,commit
BASIC-03,basic_long_dt_900,114,11.399999999999975,B03_CFV,cav,not_applicable,6932.178209934741,0.0,28.089384040366035,-0.25095147071922874,lane_2,mainline,,normal,none,commit
BASIC-03,basic_long_dt_900,114,11.399999999999975,B03_TLV_CFV,cav,not_applicable,6926.922133002605,3.5,29.71666605600309,-0.42480455123328764,lane_1,mainline,,normal,none,commit
BASIC-03,basic_long_dt_900,114,11.399999999999975,B03_TLV_CLV,cav,not_applicable,6968.985681582268,3.5,29.84763267405306,0.06348638581122544,lane_1,mainline,,normal,none,commit
BASIC-03,basic_long_dt_900,115,11.499999999999975,B03_MV,cav,not_applicable,6964.210704724824,-3.5,29.91220636465597,0.036580681393346026,on_ramp,on_ramp_mv,,normal,not_started,commit
BASIC-03,basic_long_dt_900,115,11.499999999999975,B03_CLV,cav,not_applicable,6978.210704724824,0.2707059494489328,29.91220636465597,0.036580681393346026,lane_2,mainline,,executing,none,commit
BASIC-03,basic_long_dt_900,115,11.499999999999975,B03_CFV,cav,not_applicable,6934.992367826744,0.0,28.141578920034462,0.5219487966842674,lane_2,mainline,,normal,none,commit
BASIC-03,basic_long_dt_900,115,11.499999999999975,B03_TLV_CFV,cav,not_applicable,6929.897596661877,3.5,29.754636592720367,0.3797053671727647,lane_1,mainline,,normal,none,commit
BASIC-03,basic_long_dt_900,115,11.499999999999975,B03_TLV_CLV,cav,not_applicable,6971.971054318977,3.5,29.853727367090936,0.06094693037877619,lane_1,mainline,,normal,none,commit
BASIC-03,basic_long_dt_900,116,11.599999999999975,B03_MV,cav,not_applicable,6967.202276535831,-3.5,29.91571811006973,0.03511745413761247,on_ramp,on_ramp_mv,,normal,not_started,commit
BASIC-03,basic_long_dt_900,116,11.599999999999975,B03_CLV,cav,not_applicable,6981.202276535831,0.3649772983223665,29.91571811006973,0.03511745413761247,lane_2,mainline,,executing,none,commit
BASIC-03,basic_long_dt_900,116,11.599999999999975,B03_CFV,cav,not_applicable,6937.818068936175,0.0,28.25701109430863,1.1543217427416734,lane_2,mainline,,normal,none,commit
BASIC-03,basic_long_dt_900,116,11.599999999999975,B03_TLV_CFV,cav,not_applicable,6932.869607933516,3.5,29.720112716388005,-0.3452387633235985,lane_1,mainline,,normal,none,commit
BASIC-03,basic_long_dt_900,116,11.599999999999975,B03_TLV_CLV,cav,not_applicable,6974.9570121462175,3.5,29.859578272407298,0.058509053163625424,lane_1,mainline,,normal,none,commit
BASIC-03,basic_long_dt_900,117,11.699999999999974,B03_MV,cav,not_applicable,6970.194185474397,-3.5,29.91908938566694,0.03371275597210826,on_ramp,on_ramp_mv,,normal,not_started,commit
BASIC-03,basic_long_dt_900,117,11.699999999999974,B03_CLV,cav,not_applicable,6984.194185474397,0.4714859354301997,29.91908938566694,0.03371275597210826,lane_2,mainline,,executing,none,commit
BASIC-03,basic_long_dt_900,117,11.699999999999974,B03_CFV,cav,not_applicable,6940.660487223501,0.0,28.42418287326022,1.6717177895159145,lane_2,mainline,,normal,none,commit
BASIC-03,basic_long_dt_900,117,11.699999999999974,B03_TLV_CFV,cav,not_applicable,6935.846067251637,3.5,29.764593181206983,0.4448046481897831,lane_1,mainline,,normal,none,commit
BASIC-03,basic_long_dt_900,117,11.699999999999974,B03_TLV_CLV,cav,not_applicable,6977.9435316603685,3.5,29.865195141511006,0.05616869103708098,lane_1,mainline,,normal,none,commit
BASIC-03,basic_long_dt_900,118,11.799999999999974,B03_MV,cav,not_applicable,6973.186418055421,-3.5,29.922325810240263,0.0323642457332241,on_ramp,on_ramp_mv,,normal,not_started,commit
BASIC-03,basic_long_dt_900,118,11.799999999999974,B03_CLV,cav,not_applicable,6987.186418055421,0.5892949850455731,29.922325810240263,0.0323642457332241,lane_2,mainline,,executing,none,commit
BASIC-03,basic_long_dt_900,118,11.799999999999974,B03_CFV,cav,not_applicable,6943.523855929105,0.0,28.633687056038795,2.095041827785748,lane_2,mainline,,normal,none,commit
BASIC-03,basic_long_dt_900,118,11.799999999999974,B03_TLV_CFV,cav,not_applicable,6938.815256789606,3.5,29.69189537969524,-0.7269780151174501,lane_1,mainline,,normal,none,commit
BASIC-03,basic_long_dt_900,118,11.799999999999974,B03_TLV_CLV,cav,not_applicable,6980.930590393954,3.5,29.870587335850566,0.0539219433955978,lane_1,mainline,,normal,none,commit
BASIC-03,basic_long_dt_900,119,11.899999999999974,B03_MV,cav,not_applicable,6976.178961333204,-3.5,29.925432777830654,0.031069675903894735,on_ramp,on_ramp_mv,,normal,not_started,commit
BASIC-03,basic_long_dt_900,119,11.899999999999974,B03_CLV,cav,not_applicable,6990.178961333204,0.7173670842456326,29.925432777830654,0.031069675903894735,lane_2,mainline,,executing,none,commit
BASIC-03,basic_long_dt_900,119,11.899999999999974,B03_CFV,cav,not_applicable,6946.411638613299,0.0,28.877826841948536,2.44139785909743,lane_2,mainline,,normal,none,commit
BASIC-03,basic_long_dt_900,119,11.899999999999974,B03_TLV_CFV,cav,not_applicable,6941.785771052906,3.5,29.705142633003813,0.1324725330857227,lane_1,mainline,,normal,none,commit
BASIC-03,basic_long_dt_900,119,11.899999999999974,B03_TLV_CLV,cav,not_applicable,6983.918166778196,3.5,29.875763842416543,0.05176506565977377,lane_1,mainline,,normal,none,commit
BASIC-03,basic_long_dt_900,120,11.999999999999973,B03_MV,cav,not_applicable,6979.171802879876,-3.5,29.92841546671743,0.029826888867738433,on_ramp,on_ramp_mv,,normal,not_started,commit
BASIC-03,basic_long_dt_900,120,11.999999999999973,B03_CLV,cav,not_applicable,6993.171802879876,0.8545735212616414,29.92841546671743,0.029826888867738433,lane_2,mainline,,executing,none,commit
BASIC-03,basic_long_dt_900,120,11.999999999999973,B03_CFV,cav,not_applicable,6949.326669098159,0.0,29.150304848601962,2.7247800665342607,lane_2,mainline,,normal,none,commit
BASIC-03,basic_long_dt_900,120,11.999999999999973,B03_TLV_CFV,cav,not_applicable,6944.764641909659,3.5,29.78870856752901,0.835659345251955,lane_1,mainline,,normal,none,commit
BASIC-03,basic_long_dt_900,120,11.999999999999973,B03_TLV_CLV,cav,not_applicable,6986.906240107068,3.5,29.88073328871988,0.049694463033382874,lane_1,mainline,,normal,none,commit
BASIC-03,basic_long_dt_900,121,12.099999999999973,B03_MV,cav,not_applicable,6982.164930764681,-3.5,29.93127884804873,0.02863381331302861,on_ramp,on_ramp_mv,,normal,not_started,commit
BASIC-03,basic_long_dt_900,121,12.099999999999973,B03_CLV,cav,not_applicable,6996.164930764681,0.9997041925922547,29.93127884804873,0.02863381331302861,lane_2,mainline,,executing,none,commit
BASIC-03,basic_long_dt_900,121,12.099999999999973,B03_CFV,cav,not_applicable,6952.2530841472,0.0,29.26415049040931,1.1384564180734862,lane_2,mainline,,normal,none,commit
BASIC-03,basic_long_dt_900,121,12.099999999999973,B03_TLV_CFV,cav,not_applicable,6947.739440888327,3.5,29.747989786685988,-0.4071878084302186,lane_1,mainline,,normal,none,commit
BASIC-03,basic_long_dt_900,121,12.099999999999973,B03_TLV_CLV,cav,not_applicable,6989.894790502785,3.5,29.885503957171085,0.04770668451204756,lane_1,mainline,,normal,none,commit
BASIC-03,basic_long_dt_900,122,12.199999999999973,B03_MV,cav,not_applicable,6985.158333534094,-3.5,29.934027694126783,0.02748846078050775,on_ramp,on_ramp_mv,,normal,not_started,commit
BASIC-03,basic_long_dt_900,122,12.199999999999973,B03_CLV,cav,not_applicable,6999.158333534094,1.1514782905020526,29.934027694126783,0.02748846078050775,lane_2,mainline,,executing,none,commit
BASIC-03,basic_long_dt_900,122,12.199999999999973,B03_CFV,cav,not_applicable,6955.196086566934,0.0,29.430024197342597,1.6587370693328523,lane_2,mainline,,normal,none,commit
BASIC-03,basic_long_dt_900,122,12.199999999999973,B03_TLV_CFV,cav,not_applicable,6950.718181057654,3.5,29.78740169326897,0.39411906582982115,lane_1,mainline,,normal,none,commit
BASIC-03,basic_long_dt_900,122,12.199999999999973,B03_TLV_CLV,cav,not_applicable,6992.883798882674,3.5,29.89008379888424,0.04579841713156583,lane_1,mainline,,normal,none,commit
BASIC-03,basic_long_dt_900,123,12.299999999999972,B03_MV,cav,not_applicable,6988.15200019273,-3.5,29.93666658636171,0.02638892234928676,on_ramp,on_ramp_mv,,normal,not_started,commit
BASIC-03,basic_long_dt_900,123,12.299999999999972,B03_CLV,cav,not_applicable,7002.15200019273,1.3085556259641447,29.93666658636171,0.02638892234928676,lane_2,mainline,,executing,none,commit
BASIC-03,basic_long_dt_900,123,12.299999999999972,B03_CFV,cav,not_applicable,6958.159933199054,0.0,29.638466321197104,2.084421238545061,lane_2,mainline,,normal,none,commit
BASIC-03,basic_long_dt_900,123,12.299999999999972,B03_TLV_CFV,cav,not_applicable,6953.696151260296,3.5,29.779702026415702,-0.07699666853265147,lane_1,mainline,,normal,none,commit
BASIC-03,basic_long_dt_900,123,12.299999999999972,B03_TLV_CLV,cav,not_applicable,6995.873246927366,3.5,29.89448044692887,0.04396648044630354,lane_1,mainline,,normal,none,commit
BASIC-03,basic_long_dt_900,124,12.399999999999972,B03_MV,cav,not_applicable,6991.145920185021,-3.5,29.939199922907243,0.025333365455315972,on_ramp,on_ramp_mv,,normal,not_started,commit
BASIC-03,basic_long_dt_900,124,12.399999999999972,B03_CLV,cav,not_applicable,7005.145920185021,1.4695484863920503,29.939199922907243,0.025333365455315972,lane_2,mainline,,executing,none,commit
BASIC-03,basic_long_dt_900,124,12.399999999999972,B03_CFV,cav,not_applicable,6961.129925095853,0.0,29.699918967987156,0.6145264679005042,lane_2,mainline,,normal,none,commit
BASIC-03,basic_long_dt_900,124,12.399999999999972,B03_TLV_CFV,cav,not_applicable,6956.680764217467,3.5,29.846129571717576,0.6642754530187397,lane_1,mainline,,normal,none,commit
BASIC-03,basic_long_dt_900,124,12.399999999999972,B03_TLV_CLV,cav,not_applicable,6998.863117050271,3.5,29.898701229051717,0.04220782122845179,lane_1,mainline,,normal,none,commit
BASIC-03,basic_long_dt_900,125,12.499999999999972,B03_MV,cav,not_applicable,6994.140083377621,-3.5,29.941631925990954,0.02432003083710299,on_ramp,on_ramp_mv,,normal,not_started,commit
BASIC-03,basic_long_dt_900,125,12.499999999999972,B03_CLV,cav,not_applicable,7008.140083377621,1.6330339226930908,29.941631925990954,0.02432003083710299,lane_2,mainline,,executing,none,commit
BASIC-03,basic_long_dt_900,125,12.499999999999972,B03_CFV,cav,not_applicable,6964.112217663753,0.0,29.822925678997198,1.2300671101004126,lane_2,mainline,,normal,none,commit
BASIC-03,basic_long_dt_900,125,12.499999999999972,B03_TLV_CFV,cav,not_applicable,6959.659903064709,3.5,29.791388472419108,-0.5474109929846674,lane_1,mainline,,normal,none,commit
BASIC-03,basic_long_dt_900,125,12.499999999999972,B03_TLV_CLV,cav,not_applicable,7001.85339236826,3.5,29.902753179889647,0.04051950837931315,lane_1,mainline,,normal,none,commit
BASIC-03,basic_long_dt_900,126,12.599999999999971,B03_MV,cav,not_applicable,6997.134480042516,-3.5,29.943966648951317,0.023347229603618305,on_ramp,on_ramp_mv,,normal,not_started,commit
BASIC-03,basic_long_dt_900,126,12.599999999999971,B03_CLV,cav,not_applicable,7011.134480042516,1.7975663563060336,29.943966648951317,0.023347229603618305,lane_2,mainline,,executing,none,commit
BASIC-03,basic_long_dt_900,126,12.599999999999971,B03_CFV,cav,not_applicable,6967.1118471443715,0.0,29.996294806187233,1.7336912719003374,lane_2,mainline,,normal,none,commit
BASIC-03,basic_long_dt_900,126,12.599999999999971,B03_TLV_CFV,cav,not_applicable,6962.641835822009,3.5,29.81932757299309,0.2793910057398176,lane_1,mainline,,normal,none,commit
BASIC-03,basic_long_dt_900,126,12.599999999999971,B03_TLV_CLV,cav,not_applicable,7004.844056673529,3.5,29.90664305269406,0.038898728044141254,lane_1,mainline,,normal,none,commit
BASIC-03,basic_long_dt_900,127,12.69999999999997,B03_MV,cav,not_applicable,7000.129100840815,-3.5,29.946207982993265,0.022413340419473116,on_ramp,on_ramp_mv,,normal,not_started,commit
BASIC-03,basic_long_dt_900,127,12.69999999999997,B03_CLV,cav,not_applicable,7014.129100840815,1.961690393994048,29.946207982993265,0.022413340419473116,lane_2,mainline,,executing,none,commit
BASIC-03,basic_long_dt_900,127,12.69999999999997,B03_CFV,cav,not_applicable,6970.1147522808515,0.0,30.02905136479726,0.327565586100276,lane_2,mainline,,normal,none,commit
BASIC-03,basic_long_dt_900,127,12.69999999999997,B03_TLV_CFV,cav,not_applicable,6965.633194227172,3.5,29.913584051626536,0.9425647863344858,lane_1,mainline,,normal,none,commit
BASIC-03,basic_long_dt_900,127,12.69999999999997,B03_TLV_CLV,cav,not_applicable,7007.835094406588,3.5,29.9103773305863,0.03734277892237543,lane_1,mainline,,normal,none,commit
BASIC-03,basic_long_dt_900,128,12.79999999999997,B03_MV,cav,not_applicable,7003.123936807183,-3.5,29.948359663673536,0.021516806802694077,on_ramp,on_ramp_mv,,normal,not_started,commit
BASIC-03,basic_long_dt_900,128,12.79999999999997,B03_CLV,cav,not_applicable,7017.123936807183,2.1239537362758227,29.948359663673536,0.021516806802694077,lane_2,mainline,,executing,none,commit
BASIC-03,basic_long_dt_900,128,12.79999999999997,B03_CFV,cav,not_applicable,6973.127610226672,0.0,30.128579458205465,0.995280934082044,lane_2,mainline,,normal,none,commit
BASIC-03,basic_long_dt_900,128,12.79999999999997,B03_TLV_CFV,cav,not_applicable,6968.621355435132,3.5,29.881612079599357,-0.3197197202717843,lane_1,mainline,,normal,none,commit
BASIC-03,basic_long_dt_900,128,12.79999999999997,B03_TLV_CLV,cav,not_applicable,7010.826490630324,3.5,29.91396223736285,0.03584906776547996,lane_1,mainline,,normal,none,commit
BASIC-03,basic_long_dt_900,129,12.89999999999997,B03_MV,cav,not_applicable,7006.118979334896,-3.5,29.950425277126595,0.02065613453058575,on_ramp,on_ramp_mv,,normal,not_started,commit
BASIC-03,basic_long_dt_900,129,12.89999999999997,B03_CLV,cav,not_applicable,7020.118979334896,2.282920064509587,29.950425277126595,0.02065613453058575,lane_2,mainline,,executing,none,commit
BASIC-03,basic_long_dt_900,129,12.89999999999997,B03_CFV,cav,not_applicable,6976.1558841074075,0.0,30.28273880735763,1.5415934915216725,lane_2,mainline,,normal,none,commit
BASIC-03,basic_long_dt_900,129,12.89999999999997,B03_TLV_CFV,cav,not_applicable,6971.614173481744,3.5,29.928180466122576,0.46568386523217653,lane_1,mainline,,normal,none,commit
BASIC-03,basic_long_dt_900,129,12.89999999999997,B03_TLV_CLV,cav,not_applicable,7013.818231005111,3.5,29.917403747868335,0.03441510505486036,lane_1,mainline,,normal,none,commit
BASIC-03,basic_long_dt_900,130,12.99999999999997,B03_MV,cav,not_applicable,7009.1142201615,-3.5,29.95240826604153,0.019829889149362147,on_ramp,on_ramp_mv,,normal,not_started,commit
BASIC-03,basic_long_dt_900,130,12.99999999999997,B03_CLV,cav,not_applicable,7023.1142201615,2.4371817918042886,29.95240826604153,0.019829889149362147,lane_2,mainline,,executing,none,commit
BASIC-03,basic_long_dt_900,130,12.99999999999997,B03_CFV,cav,not_applicable,6979.185861934892,0.0,30.299778274845767,0.17039467488136828,lane_2,mainline,,normal,none,commit
BASIC-03,basic_long_dt_900,130,12.99999999999997,B03_TLV_CFV,cav,not_applicable,6974.599892578162,3.5,29.857190964187026,-0.7098950193554918,lane_1,mainline,,normal,none,commit
BASIC-03,basic_long_dt_900,130,12.99999999999997,B03_TLV_CLV,cav,not_applicable,7016.810301764906,3.5,29.9207075979536,0.03303850085266618,lane_1,mainline,,normal,none,commit
BASIC-03,basic_long_dt_900,131,13.09999999999997,B03_MV,cav,not_applicable,7012.10965135504,-3.5,29.95431193539987,0.019036693583387887,on_ramp,on_ramp_mv,,normal,not_started,commit
BASIC-03,basic_long_dt_900,131,13.09999999999997,B03_CLV,cav,not_applicable,7026.10965135504,2.585372564117666,29.95431193539987,0.019036693583387887,lane_2,mainline,,executing,none,commit
BASIC-03,basic_long_dt_900,131,13.09999999999997,B03_CFV,cav,not_applicable,6982.224506627898,0.0,30.386446930063332,0.8666865521756649,lane_2,mainline,,normal,none,commit
BASIC-03,basic_long_dt_900,131,13.09999999999997,B03_TLV_CFV,cav,not_applicable,6977.587076169877,3.5,29.87183591714885,0.146449529618234,lane_1,mainline,,normal,none,commit
BASIC-03,basic_long_dt_900,131,13.09999999999997,B03_TLV_CLV,cav,not_applicable,7019.80268969431,3.5,29.92387929403546,0.03171696081855942,lane_1,mainline,,normal,none,commit
BASIC-03,basic_long_dt_900,132,13.199999999999969,B03_MV,cav,not_applicable,7015.105265300838,-3.5,29.956139457983873,0.018275225840052655,on_ramp,on_ramp_mv,,normal,not_started,commit
BASIC-03,basic_long_dt_900,132,13.199999999999969,B03_CLV,cav,not_applicable,7029.105265300838,2.726179400101597,29.956139457983873,0.018275225840052655,lane_2,mainline,,executing,none,commit
BASIC-03,basic_long_dt_900,132,13.199999999999969,B03_CFV,cav,not_applicable,6985.259333301786,0.0,30.348266738877705,-0.3818019118562741,lane_2,mainline,,normal,none,commit
BASIC-03,basic_long_dt_900,132,13.199999999999969,B03_TLV_CFV,cav,not_applicable,6980.582730712289,3.5,29.956545424117614,0.847095069687646,lane_1,mainline,,normal,none,commit
BASIC-03,basic_long_dt_900,132,13.199999999999969,B03_TLV_CLV,cav,not_applicable,7022.7953821065375,3.5,29.92692412227404,0.030448282385816584,lane_1,mainline,,normal,none,commit
BASIC-03,basic_long_dt_900,133,13.299999999999969,B03_MV,cav,not_applicable,7018.101054688805,-3.5,29.957893879664518,0.017544216806450665,on_ramp,on_ramp_mv,,normal,not_started,commit
BASIC-03,basic_long_dt_900,133,13.299999999999969,B03_CLV,cav,not_applicable,7032.101054688805,2.8583543614510365,29.957893879664518,0.017544216806450665,lane_2,mainline,,executing,none,commit
BASIC-03,basic_long_dt_900,133,13.299999999999969,B03_CFV,cav,not_applicable,6988.298308869122,0.0,30.389755673362192,0.41488934484486667,lane_2,mainline,,normal,none,commit
BASIC-03,basic_long_dt_900,133,13.299999999999969,B03_TLV_CFV,cav,not_applicable,6983.574406941635,3.5,29.916762293455694,-0.39783130661919863,lane_1,mainline,,normal,none,commit
BASIC-03,basic_long_dt_900,133,13.299999999999969,B03_TLV_CLV,cav,not_applicable,7025.788366822276,3.5,29.92984715738308,0.029230351090383522,lane_1,mainline,,normal,none,commit
BASIC-03,basic_long_dt_900,134,13.399999999999968,B03_MV,cav,not_applicable,7021.097012501253,-3.5,29.959578124477936,0.01684244813419298,on_ramp,on_ramp_mv,,normal,not_started,commit
BASIC-03,basic_long_dt_900,134,13.399999999999968,B03_CLV,cav,not_applicable,7035.097012501253,2.9807256496753447,29.959578124477936,0.01684244813419298,lane_2,mainline,,executing,none,commit
BASIC-03,basic_long_dt_900,134,13.399999999999968,B03_CFV,cav,not_applicable,6991.347951712915,0.0,30.49642843794041,1.0667276457821635,lane_2,mainline,,normal,none,commit
BASIC-03,basic_long_dt_900,134,13.399999999999968,B03_TLV_CFV,cav,not_applicable,6986.570100914835,3.5,29.956939732005033,0.40177438549338296,lane_1,mainline,,normal,none,commit
BASIC-03,basic_long_dt_900,134,13.399999999999968,B03_TLV_CLV,cav,not_applicable,7028.781632149385,3.5,29.932653271087755,0.028061137046768183,lane_1,mainline,,normal,none,commit
BASIC-03,basic_long_dt_900,135,13.499999999999968,B03_MV,cav,not_applicable,7024.093132001202,-3.5,29.96119499949882,0.016168750208825602,on_ramp,on_ramp_mv,,normal,not_started,commit
BASIC-03,basic_long_dt_900,135,13.499999999999968,B03_CLV,cav,not_applicable,7038.093132001202,3.092208030302502,29.96119499949882,0.016168750208825602,lane_2,mainline,,executing,none,commit
BASIC-03,basic_long_dt_900,135,13.499999999999968,B03_CFV,cav,not_applicable,6994.395413237447,0.0,30.474615245322585,-0.21813192617822985,lane_2,mainline,,normal,none,commit
BASIC-03,basic_long_dt_900,135,13.499999999999968,B03_TLV_CFV,cav,not_applicable,6989.558173042099,3.5,29.88072127263631,-0.762184593687232,lane_1,mainline,,normal,none,commit
BASIC-03,basic_long_dt_900,135,13.499999999999968,B03_TLV_CLV,cav,not_applicable,7031.775166863409,3.5,29.935347140244247,0.026938691564897966,lane_1,mainline,,normal,none,commit
BASIC-03,basic_long_dt_900,136,13.599999999999968,B03_MV,cav,not_applicable,7027.089406721154,-3.5,29.962747199518866,0.01552200020047252,on_ramp,on_ramp_mv,,normal,not_started,commit
BASIC-03,basic_long_dt_900,136,13.599999999999968,B03_CLV,cav,not_applicable,7041.089406721154,3.1918124915020014,29.962747199518866,0.01552200020047252,lane_2,mainline,,executing,none,commit
BASIC-03,basic_long_dt_900,136,13.599999999999968,B03_CFV,cav,not_applicable,6997.448362773493,0.0,30.529495360453456,0.5488011513087211,lane_2,mainline,,normal,none,commit
BASIC-03,basic_long_dt_900,136,13.599999999999968,B03_TLV_CFV,cav,not_applicable,6992.547281840869,3.5,29.891087987698263,0.10366715061953746,lane_1,mainline,,normal,none,commit
BASIC-03,basic_long_dt_900,136,13.599999999999968,B03_TLV_CLV,cav,not_applicable,7034.768960188872,3.5,29.937933254634476,0.025861143902301365,lane_1,mainline,,normal,none,commit
BASIC-03,basic_long_dt_900,137,13.699999999999967,B03_MV,cav,not_applicable,7030.085830452308,-3.5,29.96423731153811,0.014901120192453732,on_ramp,on_ramp_mv,,normal,not_started,commit
BASIC-03,basic_long_dt_900,137,13.699999999999967,B03_CLV,cav,not_applicable,7044.085830452308,3.2786550509176005,29.96423731153811,0.014901120192453732,lane_2,mainline,,executing,none,commit
BASIC-03,basic_long_dt_900,137,13.699999999999967,B03_CFV,cav,not_applicable,7000.494893409867,0.0,30.46530636374235,-0.6418899671110463,lane_2,mainline,,normal,none,commit
BASIC-03,basic_long_dt_900,137,13.699999999999967,B03_TLV_CFV,cav,not_applicable,6995.544511552689,3.5,29.9722971182035,0.8120913050523488,lane_1,mainline,,normal,none,commit
BASIC-03,basic_long_dt_900,137,13.699999999999967,B03_TLV_CLV,cav,not_applicable,7037.763001781317,3.5,29.9404159244491,0.024826698146209483,lane_1,mainline,,normal,none,commit
BASIC-03,basic_long_dt_900,138,13.799999999999967,B03_MV,cav,not_applicable,7033.082397234216,-3.5,29.965667819076586,0.014305075384756095,on_ramp,on_ramp_mv,,normal,not_started,commit
BASIC-03,basic_long_dt_900,138,13.799999999999967,B03_CLV,cav,not_applicable,7047.082397234216,3.3519646320757697,29.965667819076586,0.014305075384756095,lane_2,mainline,,executing,none,commit
BASIC-03,basic_long_dt_900,138,13.799999999999967,B03_CFV,cav,not_applicable,7003.54344494651,0.0,30.485515366433265,0.20209002690914402,lane_2,mainline,,normal,none,commit
BASIC-03,basic_long_dt_900,138,13.799999999999967,B03_TLV_CFV,cav,not_applicable,6998.537476557005,3.5,29.92965004316233,-0.42647075041171456,lane_1,mainline,,normal,none,commit
BASIC-03,basic_long_dt_900,138,13.799999999999967,B03_TLV_CLV,cav,not_applicable,7040.7572817100645,3.5,29.942799287471136,0.023833630220360648,lane_1,mainline,,normal,none,commit
BASIC-03,basic_long_dt_900,139,13.899999999999967,B03_MV,cav,not_applicable,7036.079101344847,-3.5,29.967041106313523,0.013732872369365623,on_ramp,on_ramp_mv,,normal,not_started,commit
BASIC-03,basic_long_dt_900,139,13.899999999999967,B03_CLV,cav,not_applicable,7050.079101344847,3.411089940011898,29.967041106313523,0.013732872369365623,lane_2,mainline,,executing,none,commit
BASIC-03,basic_long_dt_900,139,13.899999999999967,B03_CFV,cav,not_applicable,7006.595532137082,0.0,30.520871905722963,0.35356539289697086,lane_2,mainline,,normal,none,commit
BASIC-03,basic_long_dt_900,139,13.899999999999967,B03_TLV_CFV,cav,not_applicable,7001.534224982454,3.5,29.96748425449228,0.3783421132995063,lane_1,mainline,,normal,none,commit
BASIC-03,basic_long_dt_900,139,13.899999999999967,B03_TLV_CLV,cav,not_applicable,7043.751790441662,3.5,29.94508731597229,0.02288028501154571,lane_1,mainline,,normal,none,commit
BASIC-03,basic_long_dt_900,140,13.999999999999966,B03_MV,cav,not_applicable,7039.075937291053,-3.5,29.96835946206098,0.013183557474590657,on_ramp,on_ramp_mv,,normal,not_started,commit
BASIC-03,basic_long_dt_900,140,13.999999999999966,B03_CLV,cav,not_applicable,7053.075937291053,3.5,29.96835946206098,0.013183557474590657,lane_1,mainline,,normal,none,commit
BASIC-03,basic_long_dt_900,140,13.999999999999966,B03_CFV,cav,not_applicable,7009.639603044506,0.0,30.440709074232714,-0.8016283149024783,lane_2,mainline,,normal,none,commit
BASIC-03,basic_long_dt_900,140,13.999999999999966,B03_TLV_CFV,cav,not_applicable,7004.523159843376,3.5,29.889348609216785,-0.7813564527549494,lane_1,mainline,,normal,none,commit
BASIC-03,basic_long_dt_900,140,13.999999999999966,B03_TLV_CLV,cav,not_applicable,7046.746518823995,3.5,29.9472838233334,0.0219650736110836,lane_1,mainline,,normal,none,commit
BASIC-03,basic_long_dt_900,141,14.099999999999966,B03_MV,cav,not_applicable,7042.072899799411,-3.5,29.969625083578542,0.0126562151756076,on_ramp,on_ramp_mv,,normal,not_started,commit
BASIC-03,basic_long_dt_900,141,14.099999999999966,B03_CLV,cav,not_applicable,7056.072899799411,3.5,29.969625083578542,0.0126562151756076,lane_1,mainline,,normal,none,commit
BASIC-03,basic_long_dt_900,141,14.099999999999966,B03_CFV,cav,not_applicable,7012.681911115632,0.0,30.423080711263406,-0.1762836296930857,lane_2,mainline,,normal,none,commit
BASIC-03,basic_long_dt_900,141,14.099999999999966,B03_TLV_CFV,cav,not_applicable,7007.512974515138,3.5,29.898146717627743,0.08798108410958694,lane_1,mainline,,normal,none,commit
BASIC-03,basic_long_dt_900,141,14.099999999999966,B03_TLV_CLV,cav,not_applicable,7049.730517829657,3.5,29.839990056628853,-1.0729376670454769,lane_1,mainline,,normal,none,commit
BASIC-03,basic_long_dt_900,142,14.199999999999966,B03_MV,cav,not_applicable,7045.069983807434,-3.5,29.9708400802354,0.012149966568583182,on_ramp,on_ramp_mv,,normal,not_started,commit
BASIC-03,basic_long_dt_900,142,14.199999999999966,B03_CLV,cav,not_applicable,7059.069983807434,3.5,29.9708400802354,0.012149966568583182,lane_1,mainline,,normal,none,commit
BASIC-03,basic_long_dt_900,142,14.199999999999966,B03_CFV,cav,not_applicable,7015.722526863913,0.0,30.40615748281287,-0.16923228450536243,lane_2,mainline,,normal,none,commit
BASIC-03,basic_long_dt_900,142,14.199999999999966,B03_TLV_CFV,cav,not_applicable,7010.510781759407,3.5,29.978072442691253,0.7992572506351165,lane_1,mainline,,normal,none,commit
BASIC-03,basic_long_dt_900,142,14.199999999999966,B03_TLV_CLV,cav,not_applicable,7052.694829163499,3.5,29.64311333841604,-1.9687671821281172,lane_1,mainline,,normal,none,commit
BASIC-03,basic_long_dt_900,143,14.299999999999965,B03_MV,cav,not_applicable,7048.067184455137,-3.5,29.972006477025985,0.011663967905839456,on_ramp,on_ramp_mv,,normal,not_started,commit
BASIC-03,basic_long_dt_900,143,14.299999999999965,B03_CLV,cav,not_applicable,7062.067184455137,3.5,29.972006477025985,0.011663967905839456,lane_1,mainline,,normal,none,commit
BASIC-03,basic_long_dt_900,143,14.299999999999965,B03_CFV,cav,not_applicable,7018.761517982263,0.0,30.389911183500356,-0.16246299312514767,lane_2,mainline,,normal,none,commit
BASIC-03,basic_long_dt_900,143,14.299999999999965,B03_TLV_CFV,cav,not_applicable,7013.504219290272,3.5,29.93437530865231,-0.43697134038945007,lane_1,mainline,,normal,none,commit
BASIC-03,basic_long_dt_900,143,14.299999999999965,B03_TLV_CLV,cav,not_applicable,7055.632123311305,3.5,29.372941478060103,-2.7017186035593683,lane_1,mainline,,normal,none,commit
BASIC-03,basic_long_dt_900,144,14.399999999999965,B03_MV,cav,not_applicable,7051.064497076932,-3.5,29.973126217944944,0.011197409189605878,on_ramp,on_ramp_mv,,normal,not_started,commit
BASIC-03,basic_long_dt_900,144,14.399999999999965,B03_CLV,cav,not_applicable,7065.064497076932,3.5,29.973126217944944,0.011197409189605878,lane_1,mainline,,normal,none,commit
BASIC-03,basic_long_dt_900,144,14.399999999999965,B03_CFV,cav,not_applicable,7021.79894945588,0.0,30.374314736160343,-0.15596447340014238,lane_2,mainline,,normal,none,commit
BASIC-03,basic_long_dt_900,144,14.399999999999965,B03_TLV_CFV,cav,not_applicable,7016.493555140281,3.5,29.893358500091086,-0.41016808561222884,lane_1,mainline,,normal,none,commit
BASIC-03,basic_long_dt_900,144,14.399999999999965,B03_TLV_CLV,cav,not_applicable,7058.536403397809,3.5,29.04280086504161,-3.3014061301849376,lane_1,mainline,,normal,none,commit
BASIC-03,basic_long_dt_900,145,14.499999999999964,B03_MV,cav,not_applicable,7054.061917193854,-3.5,29.974201169227147,0.010749512822022212,on_ramp,on_ramp_mv,,normal,not_started,commit
BASIC-03,basic_long_dt_900,145,14.499999999999964,B03_CLV,cav,not_applicable,7068.061917193854,3.5,29.974201169227147,0.010749512822022212,lane_1,mainline,,normal,none,commit
BASIC-03,basic_long_dt_900,145,14.499999999999964,B03_CFV,cav,not_applicable,7024.834883670551,0.0,30.359342146713928,-0.14972589446413737,lane_2,mainline,,normal,none,commit
BASIC-03,basic_long_dt_900,145,14.499999999999964,B03_TLV_CFV,cav,not_applicable,7019.468625978681,3.5,29.75070838399554,-1.4265011609554599,lane_1,mainline,,normal,none,commit
BASIC-03,basic_long_dt_900,145,14.499999999999964,B03_TLV_CLV,cav,not_applicable,7061.402762888703,3.5,28.66359490893557,-3.792059561060403,lane_1,mainline,,normal,none,commit
BASIC-03,basic_long_dt_900,146,14.599999999999964,B03_MV,cav,not_applicable,7057.0594405061,-3.5,29.97523312245806,0.010319532309141267,on_ramp,on_ramp_mv,,normal,not_started,commit
BASIC-03,basic_long_dt_900,146,14.599999999999964,B03_CLV,cav,not_applicable,7071.0594405061,3.5,29.97523312245806,0.010319532309141267,lane_1,mainline,,normal,none,commit
BASIC-03,basic_long_dt_900,146,14.599999999999964,B03_CFV,cav,not_applicable,7027.869380516636,0.0,30.344968460845372,-0.14373685868557118,lane_2,mainline,,normal,none,commit
BASIC-03,basic_long_dt_900,146,14.599999999999964,B03_TLV_CFV,cav,not_applicable,7022.439298171218,3.5,29.706721925371912,-0.4398645862362853,lane_1,mainline,,normal,none,commit
BASIC-03,basic_long_dt_900,146,14.599999999999964,B03_TLV_CLV,cav,not_applicable,7064.227187346824,3.5,28.244244581212445,-4.193503277231239,lane_1,mainline,,normal,none,commit
BASIC-03,basic_long_dt_900,147,14.699999999999964,B03_MV,cav,not_applicable,7060.057062885856,-3.5,29.97622379755974,0.009906751016775673,on_ramp,on_ramp_mv,,normal,not_started,commit
BASIC-03,basic_long_dt_900,147,14.699999999999964,B03_CLV,cav,not_applicable,7074.057062885856,3.5,29.97622379755974,0.009906751016775673,lane_1,mainline,,normal,none,commit
BASIC-03,basic_long_dt_900,147,14.699999999999964,B03_CFV,cav,not_applicable,7030.902497488877,0.0,30.33116972241156,-0.13798738433814892,lane_2,mainline,,normal,none,commit
BASIC-03,basic_long_dt_900,147,14.699999999999964,B03_TLV_CFV,cav,not_applicable,7025.395462380777,3.5,29.561642095588944,-1.4507982978296878,lane_1,mainline,,normal,none,commit
BASIC-03,basic_long_dt_900,147,14.699999999999964,B03_TLV_CLV,cav,not_applicable,7067.006392232677,3.5,27.79204885852989,-4.521957226825558,lane_1,mainline,,normal,none,commit
BASIC-03,basic_long_dt_900,148,14.799999999999963,B03_MV,cav,not_applicable,7063.054780370421,-3.5,29.977174845657352,0.009510480976103963,on_ramp,on_ramp_mv,,normal,not_started,commit
BASIC-03,basic_long_dt_900,148,14.799999999999963,B03_CLV,cav,not_applicable,7077.054780370421,3.5,29.977174845657352,0.009510480976103963,lane_1,mainline,,normal,none,commit
BASIC-03,basic_long_dt_900,148,14.799999999999963,B03_CFV,cav,not_applicable,7033.934289782229,0.0,30.317922933515096,-0.13246788896462364,lane_2,mainline,,normal,none,commit
BASIC-03,basic_long_dt_900,148,14.799999999999963,B03_TLV_CFV,cav,not_applicable,7028.328847331535,3.5,29.333849507584695,-2.2779258800424715,lane_1,mainline,,normal,none,commit
BASIC-03,basic_long_dt_900,148,14.799999999999963,B03_TLV_CLV,cav,not_applicable,7069.737690195765,3.5,27.312979630880523,-4.790692276493638,lane_1,mainline,,normal,none,commit
BASIC-03,basic_long_dt_900,149,14.899999999999963,B03_MV,cav,not_applicable,7066.052589155604,-3.5,29.97808785183106,0.009130061737059237,on_ramp,on_ramp_mv,,normal,not_started,commit
BASIC-03,basic_long_dt_900,149,14.899999999999963,B03_CLV,cav,not_applicable,7080.052589155604,3.5,29.97808785183106,0.009130061737059237,lane_1,mainline,,normal,none,commit
BASIC-03,basic_long_dt_900,149,14.899999999999963,B03_CFV,cav,not_applicable,7036.964810383846,0.0,30.30520601617449,-0.12716917340603828,lane_2,mainline,,normal,none,commit
BASIC-03,basic_long_dt_900,149,14.899999999999963,B03_TLV_CFV,cav,not_applicable,7031.244988667421,3.5,29.16141335886248,-1.72436148722215,lane_1,mainline,,normal,none,commit
BASIC-03,basic_long_dt_900,149,14.899999999999963,B03_TLV_CLV,cav,not_applicable,7072.418882494772,3.5,26.8119229900765,-5.0105664080402486,lane_1,mainline,,normal,none,commit
BASIC-03,basic_long_dt_900,150,14.999999999999963,B03_MV,cav,not_applicable,7069.0504855893805,-3.5,29.978964337757816,0.008764859267576242,on_ramp,on_ramp_mv,,normal,not_started,commit
BASIC-03,basic_long_dt_900,150,14.999999999999963,B03_CLV,cav,not_applicable,7083.0504855893805,3.5,29.978964337757816,0.008764859267576242,lane_1,mainline,,normal,none,commit
BASIC-03,basic_long_dt_900,150,14.999999999999963,B03_CFV,cav,not_applicable,7039.994110161399,0.0,30.29299777552751,-0.12208240646979647,lane_2,mainline,,normal,none,commit
BASIC-03,basic_long_dt_900,150,14.999999999999963,B03_TLV_CFV,cav,not_applicable,7034.13611250023,3.5,28.91123832808976,-2.5017503077272134,lane_1,mainline,,normal,none,commit
BASIC-03,basic_long_dt_900,150,14.999999999999963,B03_TLV_CLV,cav,not_applicable,7075.048170159533,3.5,26.29287664760048,-5.190463424760203,lane_1,mainline,,normal,none,commit
BASIC-03,basic_long_dt_900,151,15.099999999999962,B03_MV,cav,not_applicable,7072.048466165806,-3.5,29.9798057642475,0.008414264896873648,on_ramp,on_ramp_mv,,normal,not_started,commit
BASIC-03,basic_long_dt_900,151,15.099999999999962,B03_CLV,cav,not_applicable,7086.048466165806,3.5,29.9798057642475,0.008414264896873648,lane_1,mainline,,normal,none,commit
BASIC-03,basic_long_dt_900,151,15.099999999999962,B03_CFV,cav,not_applicable,7043.022237947849,0.0,30.28127786450641,-0.11719911021100415,lane_2,mainline,,normal,none,commit
BASIC-03,basic_long_dt_900,151,15.099999999999962,B03_TLV_CFV,cav,not_applicable,7036.995858375976,3.5,28.59745875745753,-3.1377957063222652,lane_1,mainline,,normal,none,commit
BASIC-03,basic_long_dt_900,151,15.099999999999962,B03_TLV_CLV,cav,not_applicable,7077.624081305363,3.5,25.759111458301916,-5.337651892985621,lane_1,mainline,,normal,none,commit
BASIC-03,basic_long_dt_900,152,15.199999999999962,B03_MV,cav,not_applicable,7075.046527519174,-3.5,29.9806135336776,0.008077694300999383,on_ramp,on_ramp_mv,,normal,not_started,commit
BASIC-03,basic_long_dt_900,152,15.199999999999962,B03_CLV,cav,not_applicable,7089.046527519174,3.5,29.9806135336776,0.008077694300999383,lane_1,mainline,,normal,none,commit
BASIC-03,basic_long_dt_900,152,15.199999999999962,B03_CFV,cav,not_applicable,7046.049240622841,0.0,30.270026749926153,-0.11251114580256427,lane_2,mainline,,normal,none,commit
BASIC-03,basic_long_dt_900,152,15.199999999999962,B03_TLV_CFV,cav,not_applicable,7039.822881190308,3.5,28.270228143315165,-3.272306141423665,lane_1,mainline,,normal,none,commit
BASIC-03,basic_long_dt_900,152,15.199999999999962,B03_TLV_CLV,cav,not_applicable,7080.1454116629775,3.5,25.213303576148547,-5.4580788215336895,lane_1,mainline,,normal,none,commit
BASIC-03,basic_long_dt_900,153,15.299999999999962,B03_MV,cav,not_applicable,7078.044666418406,-3.5,29.981388992330498,0.007754586528959351,on_ramp,on_ramp_mv,,normal,not_started,commit
BASIC-03,basic_long_dt_900,153,15.299999999999962,B03_CLV,cav,not_applicable,7092.044666418406,3.5,29.981388992330498,0.007754586528959351,lane_1,mainline,,normal,none,commit
BASIC-03,basic_long_dt_900,153,15.299999999999962,B03_CFV,cav,not_applicable,7049.075163190834,0.0,30.259225679929106,-0.10801069997046114,lane_2,mainline,,normal,none,commit
BASIC-03,basic_long_dt_900,153,15.299999999999962,B03_TLV_CFV,cav,not_applicable,7042.612221499846,3.5,27.893403095380503,-3.768250479346635,lane_1,mainline,,normal,none,commit
BASIC-03,basic_long_dt_900,153,15.299999999999962,B03_TLV_CLV,cav,not_applicable,7082.6111759211435,3.5,24.657642581659427,-5.5566099448912,lane_1,mainline,,normal,none,commit
BASIC-03,basic_long_dt_900,154,15.399999999999961,B03_MV,cav,not_applicable,7081.0428797616705,-3.5,29.982133432637276,0.00744440306780092,on_ramp,on_ramp_mv,,normal,not_started,commit
BASIC-03,basic_long_dt_900,154,15.399999999999961,B03_CLV,cav,not_applicable,7095.0428797616705,3.5,29.982133432637276,0.00744440306780092,lane_1,mainline,,normal,none,commit
BASIC-03,basic_long_dt_900,154,15.399999999999961,B03_CFV,cav,not_applicable,7052.100048856108,0.0,30.24885665273194,-0.1036902719716423,lane_2,mainline,,normal,none,commit
BASIC-03,basic_long_dt_900,154,15.399999999999961,B03_TLV_CFV,cav,not_applicable,7045.378003396371,3.5,27.65781896525214,-2.3558413012836104,lane_1,mainline,,normal,none,commit
BASIC-03,basic_long_dt_900,154,15.399999999999961,B03_TLV_CLV,cav,not_applicable,7085.020567916124,3.5,24.093919949804693,-5.637226318547345,lane_1,mainline,,normal,none,commit
BASIC-03,basic_long_dt_900,155,15.499999999999961,B03_MV,cav,not_applicable,7084.041164571204,-3.5,29.982848095331786,0.007146626945089452,on_ramp,on_ramp_mv,,normal,not_started,commit
BASIC-03,basic_long_dt_900,155,15.499999999999961,B03_CLV,cav,not_applicable,7098.041164571204,3.5,29.982848095331786,0.007146626945089452,lane_1,mainline,,normal,none,commit
BASIC-03,basic_long_dt_900,155,15.499999999999961,B03_CFV,cav,not_applicable,7055.12393909477,0.0,30.238902386622662,-0.09954266109277654,lane_2,mainline,,normal,none,commit
BASIC-03,basic_long_dt_900,155,15.499999999999961,B03_TLV_CFV,cav,not_applicable,7048.113601136795,3.5,27.355977404238025,-3.0184156101411355,lane_1,mainline,,normal,none,commit
BASIC-03,basic_long_dt_900,155,15.499999999999961,B03_TLV_CLV,cav,not_applicable,7087.372928059407,3.5,23.52360143283264,-5.7031851697205544,lane_1,mainline,,normal,none,commit
BASIC-03,basic_long_dt_900,156,15.59999999999996,B03_MV,cav,not_applicable,7087.039517988355,-3.5,29.983534171518514,0.006860761867285703,on_ramp,on_ramp_mv,,normal,not_started,commit
BASIC-03,basic_long_dt_900,156,15.59999999999996,B03_CLV,cav,not_applicable,7101.039517988355,3.5,29.983534171518514,0.006860761867285703,lane_1,mainline,,normal,none,commit
BASIC-03,basic_long_dt_900,156,15.59999999999996,B03_CFV,cav,not_applicable,7058.1468737238865,0.0,30.229346291157757,-0.09556095464906492,lane_2,mainline,,normal,none,commit
BASIC-03,basic_long_dt_900,156,15.59999999999996,B03_TLV_CFV,cav,not_applicable,7050.81359365859,3.5,26.999925217953752,-3.560521862842747,lane_1,mainline,,normal,none,commit
BASIC-03,basic_long_dt_900,156,15.59999999999996,B03_TLV_CLV,cav,not_applicable,7089.667716687665,3.5,22.947886282582775,-5.757151502498635,lane_1,mainline,,normal,none,commit
BASIC-03,basic_long_dt_900,157,15.69999999999996,B03_MV,cav,not_applicable,7090.037937268821,-3.5,29.984192804657773,0.006586331392594503,on_ramp,on_ramp_mv,,normal,not_started,commit
BASIC-03,basic_long_dt_900,157,15.69999999999996,B03_CLV,cav,not_applicable,7104.037937268821,3.5,29.984192804657773,0.006586331392594503,lane_1,mainline,,normal,none,commit
BASIC-03,basic_long_dt_900,157,15.69999999999996,B03_CFV,cav,not_applicable,7061.168890967838,0.0,30.220172439511447,-0.09173851646310283,lane_2,mainline,,normal,none,commit
BASIC-03,basic_long_dt_900,157,15.69999999999996,B03_TLV_CFV,cav,not_applicable,7053.473545546963,3.5,26.599518883721164,-4.004063342325884,lane_1,mainline,,normal,none,commit
BASIC-03,basic_long_dt_900,157,15.69999999999996,B03_TLV_CLV,cav,not_applicable,7091.904492258176,3.5,22.367755705105616,-5.80130577477161,lane_1,mainline,,normal,none,commit
BASIC-03,basic_long_dt_900,158,15.79999999999996,B03_MV,cav,not_applicable,7093.036419778068,-3.5,29.984825092471464,0.006322878136890609,on_ramp,on_ramp_mv,,normal,not_started,commit
BASIC-03,basic_long_dt_900,158,15.79999999999996,B03_CLV,cav,not_applicable,7107.036419778068,3.5,29.984825092471464,0.006322878136890609,lane_1,mainline,,normal,none,commit
BASIC-03,basic_long_dt_900,158,15.79999999999996,B03_CFV,cav,not_applicable,7064.1900275220305,0.0,30.211365541930988,-0.08806897580457901,lane_2,mainline,,normal,none,commit
BASIC-03,basic_long_dt_900,158,15.79999999999996,B03_TLV_CFV,cav,not_applicable,7056.08982782617,3.5,26.16282279207632,-4.36696091644845,lane_1,mainline,,normal,none,commit
BASIC-03,basic_long_dt_900,158,15.79999999999996,B03_TLV_CLV,cav,not_applicable,7094.082893508711,3.5,21.784012505351576,-5.837431997540407,lane_1,mainline,,normal,none,commit
BASIC-03,basic_long_dt_900,159,15.89999999999996,B03_MV,cav,not_applicable,7096.034962986945,-3.5,29.985432088772605,0.006069963011414359,on_ramp,on_ramp_mv,,normal,not_started,commit
BASIC-03,basic_long_dt_900,159,15.89999999999996,B03_CLV,cav,not_applicable,7110.034962986945,3.5,29.985432088772605,0.006069963011414359,lane_1,mainline,,normal,none,commit
BASIC-03,basic_long_dt_900,159,15.89999999999996,B03_CFV,cav,not_applicable,7067.210318614056,0.0,30.20291092025375,-0.08454621677239516,lane_2,mainline,,normal,none,commit
BASIC-03,basic_long_dt_900,159,15.89999999999996,B03_TLV_CFV,cav,not_applicable,7058.659471334243,3.5,25.696435080730538,-4.663877113457822,lane_1,mainline,,normal,none,commit
BASIC-03,basic_long_dt_900,159,15.89999999999996,B03_TLV_CLV,cav,not_applicable,7096.202624861085,3.5,21.197313523734636,-5.866989816169424,lane_1,mainline,,normal,none,commit
BASIC-03,basic_long_dt_900,160,15.99999999999996,B03_MV,cav,not_applicable,7099.033564467467,-3.5,29.9860148052217,0.005827164490958126,on_ramp,on_ramp_mv,,normal,not_started,commit
BASIC-03,basic_long_dt_900,160,15.99999999999996,B03_CLV,cav,not_applicable,7113.033564467467,3.5,29.9860148052217,0.005827164490958126,lane_1,mainline,,normal,none,commit
BASIC-03,basic_long_dt_900,160,15.99999999999996,B03_CFV,cav,not_applicable,7070.2297980624,0.0,30.1947944834436,-0.08116436810149992,lane_2,mainline,,normal,none,commit
BASIC-03,basic_long_dt_900,160,15.99999999999996,B03_TLV_CFV,cav,not_applicable,7061.180046756842,3.5,25.20575422599308,-4.906808547374581,lane_1,mainline,,normal,none,commit
BASIC-03,basic_long_dt_900,160,15.99999999999996,B03_TLV_CLV,cav,not_applicable,7098.28162629678,3.5,20.790014356957137,-4.072991667774983,lane_1,mainline,,normal,none,commit
BASIC-03,basic_long_dt_900,161,16.09999999999996,B03_MV,cav,not_applicable,7102.032221888769,-3.5,29.986574213012833,0.005594077911320028,on_ramp,on_ramp_mv,,normal,not_started,commit
BASIC-03,basic_long_dt_900,161,16.09999999999996,B03_CLV,cav,not_applicable,7116.032221888769,3.5,29.986574213012833,0.005594077911320028,lane_1,mainline,,normal,none,commit
BASIC-03,basic_long_dt_900,161,16.09999999999996,B03_CFV,cav,not_applicable,7073.24849833281,0.0,30.187002704105858,-0.0779177933774406,lane_2,mainline,,normal,none,commit
BASIC-03,basic_long_dt_900,161,16.09999999999996,B03_TLV_CFV,cav,not_applicable,7063.6677482913265,3.5,24.87701534484425,-3.2873888114882934,lane_1,mainline,,normal,none,commit
BASIC-03,basic_long_dt_900,161,16.09999999999996,B03_TLV_CLV,cav,not_applicable,7100.334575982467,3.5,20.529496856866455,-2.6051750009068035,lane_1,mainline,,normal,none,commit
BASIC-03,basic_long_dt_900,162,16.19999999999996,B03_MV,cav,not_applicable,7105.030933013218,-3.5,29.98711124449232,0.005370314794866715,on_ramp,on_ramp_mv,,normal,not_started,commit
BASIC-03,basic_long_dt_900,162,16.19999999999996,B03_CLV,cav,not_applicable,7119.030933013218,3.5,29.98711124449232,0.005370314794866715,lane_1,mainline,,normal,none,commit
BASIC-03,basic_long_dt_900,162,16.19999999999996,B03_CFV,cav,not_applicable,7076.266450592405,0.0,30.179522595941624,-0.0748010816423431,lane_2,mainline,,normal,none,commit
BASIC-03,basic_long_dt_900,162,16.19999999999996,B03_TLV_CFV,cav,not_applicable,7066.121440966988,3.5,24.536926756619824,-3.400885882244248,lane_1,mainline,,normal,none,commit
BASIC-03,basic_long_dt_900,162,16.19999999999996,B03_TLV_CLV,cav,not_applicable,7102.355301509056,3.5,20.20725526588317,-3.222415909832839,lane_1,mainline,,normal,none,commit
BASIC-03,basic_long_dt_900,163,16.29999999999996,B03_MV,cav,not_applicable,7108.029695692689,-3.5,29.987626794712625,0.005155502203072615,on_ramp,on_ramp_mv,,normal,not_started,commit
BASIC-03,basic_long_dt_900,163,16.29999999999996,B03_CLV,cav,not_applicable,7122.029695692689,3.5,29.987626794712625,0.005155502203072615,lane_1,mainline,,normal,none,commit
BASIC-03,basic_long_dt_900,163,16.29999999999996,B03_CFV,cav,not_applicable,7079.283684761615,0.0,30.17234169210396,-0.07180903837664943,lane_2,mainline,,normal,none,commit
BASIC-03,basic_long_dt_900,163,16.29999999999996,B03_TLV_CFV,cav,not_applicable,7068.5363991217955,3.5,24.149581548072568,-3.8734520854725663,lane_1,mainline,,normal,none,commit
BASIC-03,basic_long_dt_900,163,16.29999999999996,B03_TLV_CLV,cav,not_applicable,7104.356934541836,3.5,20.01633032780594,-1.9092493807723228,lane_1,mainline,,normal,none,commit
BASIC-03,basic_long_dt_900,164,16.399999999999963,B03_MV,cav,not_applicable,7111.028507864981,-3.5,29.98812172292412,0.004949282114949938,on_ramp,on_ramp_mv,,normal,not_started,commit
BASIC-03,basic_long_dt_900,164,16.399999999999963,B03_CLV,cav,not_applicable,7125.028507864981,3.5,29.98812172292412,0.004949282114949938,lane_1,mainline,,normal,none,commit
BASIC-03,basic_long_dt_900,164,16.399999999999963,B03_CFV,cav,not_applicable,7082.300229564057,0.0,30.165448024419803,-0.06893667684158374,lane_2,mainline,,normal,none,commit
BASIC-03,basic_long_dt_900,164,16.399999999999963,B03_TLV_CFV,cav,not_applicable,7070.926938123176,3.5,23.90539001380663,-2.441915342659372,lane_1,mainline,,normal,none,commit
BASIC-03,basic_long_dt_900,164,16.399999999999963,B03_TLV_CLV,cav,not_applicable,7106.350219170592,3.5,19.93284628756093,-0.8348404024500822,lane_1,mainline,,normal,none,commit
BASIC-03,basic_long_dt_900,165,16.499999999999964,B03_MV,cav,not_applicable,7114.027367550382,-3.5,29.988596854007156,0.004751310830351941,on_ramp,on_ramp_mv,,normal,not_started,commit
BASIC-03,basic_long_dt_900,165,16.499999999999964,B03_CLV,cav,not_applicable,7128.027367550382,3.5,29.988596854007156,0.004751310830351941,lane_1,mainline,,normal,none,commit
BASIC-03,basic_long_dt_900,165,16.499999999999964,B03_CFV,cav,not_applicable,7085.316112574402,0.0,30.15883010344301,-0.06617920976792106,lane_2,mainline,,normal,none,commit
BASIC-03,basic_long_dt_900,165,16.499999999999964,B03_TLV_CFV,cav,not_applicable,7073.2954921413775,3.5,23.685540182013522,-2.1984983179310964,lane_1,mainline,,normal,none,commit
BASIC-03,basic_long_dt_900,165,16.499999999999964,B03_TLV_CLV,cav,not_applicable,7108.343946014237,3.5,19.93726843645138,0.0442214889044783,lane_1,mainline,,normal,none,commit
BASIC-03,basic_long_dt_900,166,16.599999999999966,B03_MV,cav,not_applicable,7117.026272848367,-3.5,29.98905297984687,0.004561258397137636,on_ramp,on_ramp_mv,,normal,not_started,commit
BASIC-03,basic_long_dt_900,166,16.599999999999966,B03_CLV,cav,not_applicable,7131.026272848367,3.5,29.98905297984687,0.004561258397137636,lane_1,mainline,,normal,none,commit
BASIC-03,basic_long_dt_900,166,16.599999999999966,B03_CFV,cav,not_applicable,7088.331360264332,0.0,30.152476899305288,-0.06353204137720354,lane_2,mainline,,normal,none,commit
BASIC-03,basic_long_dt_900,166,16.599999999999966,B03_TLV_CFV,cav,not_applicable,7075.653331173341,3.5,23.578390319637343,-1.071498623761806,lane_1,mainline,,normal,none,commit
BASIC-03,basic_long_dt_900,166,16.599999999999966,B03_TLV_CLV,cav,not_applicable,7110.345307397337,3.5,20.01361383099811,0.7634539454673004,lane_1,mainline,,normal,none,commit
BASIC-03,basic_long_dt_900,167,16.699999999999967,B03_MV,cav,not_applicable,7120.025221934432,-3.5,29.989490860652996,0.004378808061251504,on_ramp,on_ramp_mv,,normal,not_started,commit
BASIC-03,basic_long_dt_900,167,16.699999999999967,B03_CLV,cav,not_applicable,7134.025221934432,3.5,29.989490860652996,0.004378808061251504,lane_1,mainline,,normal,none,commit
BASIC-03,basic_long_dt_900,167,16.699999999999967,B03_CFV,cav,not_applicable,7091.345998046665,0.0,30.146377823333076,-0.060990759722115234,lane_2,mainline,,normal,none,commit
BASIC-03,basic_long_dt_900,167,16.699999999999967,B03_TLV_CFV,cav,not_applicable,7077.991494307474,3.5,23.38163134132956,-1.967589783077841,lane_1,mainline,,normal,none,commit
BASIC-03,basic_long_dt_900,167,16.699999999999967,B03_TLV_CLV,cav,not_applicable,7112.360187949082,3.5,20.148805517445435,1.3519168644732458,lane_1,mainline,,normal,none,commit
BASIC-03,basic_long_dt_900,168,16.79999999999997,B03_MV,cav,not_applicable,7123.024213057055,-3.5,29.989911226226877,0.004203655738801615,on_ramp,on_ramp_mv,,normal,not_started,commit
BASIC-03,basic_long_dt_900,168,16.79999999999997,B03_CLV,cav,not_applicable,7137.024213057055,3.5,29.989911226226877,0.004203655738801615,lane_1,mainline,,normal,none,commit
BASIC-03,basic_long_dt_900,168,16.79999999999997,B03_CFV,cav,not_applicable,7094.360050317705,0.0,30.140522710399754,-0.058551129333230284,lane_2,mainline,,normal,none,commit
BASIC-03,basic_long_dt_900,168,16.79999999999997,B03_TLV_CFV,cav,not_applicable,7080.3208317070175,3.5,23.29337399544137,-0.8825734588818699,lane_1,mainline,,normal,none,commit
BASIC-03,basic_long_dt_900,168,16.79999999999997,B03_TLV_CLV,cav,not_applicable,7114.393402366081,3.5,20.332144169993246,1.83338652547811,lane_1,mainline,,normal,none,commit
BASIC-03,basic_long_dt_900,169,16.89999999999997,B03_MV,cav,not_applicable,7125.963896633248,-3.5,29.396835761923764,0.00403550950924938,on_ramp,on_ramp_mv,,normal,not_started,commit
BASIC-03,basic_long_dt_900,169,16.89999999999997,B03_CLV,cav,not_applicable,7140.023244534773,3.5,29.9903147771778,0.00403550950924938,lane_1,mainline,,normal,none,commit
BASIC-03,basic_long_dt_900,169,16.89999999999997,B03_CFV,cav,not_applicable,7097.373540497903,0.0,30.134901801983762,-0.056209084159901584,lane_2,mainline,,normal,none,commit
BASIC-03,basic_long_dt_900,169,16.89999999999997,B03_TLV_CFV,cav,not_applicable,7082.63203896008,3.5,23.112072530623763,-1.8130146481760754,lane_1,mainline,,normal,none,commit
BASIC-03,basic_long_dt_900,169,16.89999999999997,B03_TLV_CLV,cav,not_applicable,7116.448889945562,3.5,20.554875794805092,2.227316248118454,lane_1,mainline,,normal,none,commit
BASIC-03,basic_long_dt_900,170,16.99999999999997,B03_MV,cav,not_applicable,7128.833308331187,-3.5,28.694116979392575,0.24126569523049426,on_ramp,on_ramp_mv,,normal,not_started,commit
BASIC-03,basic_long_dt_900,170,16.99999999999997,B03_CLV,cav,not_applicable,7143.022314753382,3.5,29.99070218609069,0.003874089128879632,lane_1,mainline,,normal,none,commit
BASIC-03,basic_long_dt_900,170,16.99999999999997,B03_CFV,cav,not_applicable,7100.3864910708935,0.0,30.129505729904412,-0.05396072079350489,lane_2,mainline,,normal,none,commit
BASIC-03,basic_long_dt_900,170,16.99999999999997,B03_TLV_CFV,cav,not_applicable,7084.935685184202,3.5,23.03646224122754,-0.7561028939622434,lane_1,mainline,,normal,none,commit
BASIC-03,basic_long_dt_900,170,16.99999999999997,B03_TLV_CLV,cav,not_applicable,7118.52987374889,3.5,20.809838033287512,2.5496223848241897,lane_1,mainline,,normal,none,commit
BASIC-03,basic_long_dt_900,171,17.099999999999973,B03_MV,cav,not_applicable,7131.63412797006,-3.5,28.008196388725352,0.5223532082429699,on_ramp,on_ramp_mv,,normal,not_started,commit
BASIC-03,basic_long_dt_900,171,17.099999999999973,B03_CLV,cav,not_applicable,7146.021422163246,3.5,29.99107409864706,0.0037191255637239354,lane_1,mainline,,normal,none,commit
BASIC-03,basic_long_dt_900,171,17.099999999999973,B03_CFV,cav,not_applicable,7103.3989236209645,0.0,30.124325500708235,-0.05180229196176498,lane_2,mainline,,normal,none,commit
BASIC-03,basic_long_dt_900,171,17.099999999999973,B03_TLV_CFV,cav,not_applicable,7087.222236021011,3.5,22.865508368085173,-1.7095387314236534,lane_1,mainline,,normal,none,commit
BASIC-03,basic_long_dt_900,171,17.099999999999973,B03_TLV_CLV,cav,not_applicable,7120.633512568765,3.5,21.0363881987475,2.265501654599874,lane_1,mainline,,normal,none,commit
BASIC-03,basic_long_dt_900,172,17.199999999999974,B03_MV,cav,not_applicable,7134.367995213694,-3.5,27.338672436332075,0.7967214445098592,on_ramp,on_ramp_mv,,normal,not_started,commit
BASIC-03,basic_long_dt_900,172,17.199999999999974,B03_CLV,cav,not_applicable,7149.020565276716,3.5,29.99143113470118,0.0035703605411754324,lane_1,mainline,,normal,none,commit
BASIC-03,basic_long_dt_900,172,17.199999999999974,B03_CFV,cav,not_applicable,7106.410858869032,0.0,30.119352480679904,-0.04973020028329387,lane_2,mainline,,normal,none,commit
BASIC-03,basic_long_dt_900,172,17.199999999999974,B03_TLV_CFV,cav,not_applicable,7089.502072450016,3.5,22.798364290059602,-0.6714407802557163,lane_1,mainline,,normal,none,commit
BASIC-03,basic_long_dt_900,172,17.199999999999974,B03_TLV_CLV,cav,not_applicable,7122.762960038541,3.5,21.294474697760215,2.5808649901271696,lane_1,mainline,,normal,none,commit
BASIC-03,basic_long_dt_900,173,17.299999999999976,B03_MV,cav,not_applicable,7137.036510530453,-3.5,26.685153167589483,1.06453102546717,on_ramp,on_ramp_mv,,normal,not_started,commit
BASIC-03,basic_long_dt_900,173,17.299999999999976,B03_CLV,cav,not_applicable,7152.019742665648,3.5,29.991773889313134,0.003427546119527847,lane_1,mainline,,normal,none,commit
BASIC-03,basic_long_dt_900,173,17.299999999999976,B03_CFV,cav,not_applicable,7109.422316707178,0.0,30.11457838145271,-0.0477409922719616,lane_2,mainline,,normal,none,commit
BASIC-03,basic_long_dt_900,173,17.299999999999976,B03_TLV_CFV,cav,not_applicable,7091.783687999911,3.5,22.816155498947772,0.17791208888168675,lane_1,mainline,,normal,none,commit
BASIC-03,basic_long_dt_900,173,17.299999999999976,B03_TLV_CLV,cav,not_applicable,7124.9207964036905,3.5,21.57836365149789,2.838889537376775,lane_1,mainline,,normal,none,commit
BASIC-03,basic_long_dt_900,174,17.399999999999977,B03_MV,cav,not_applicable,7139.641236130191,-3.5,26.047255997381978,1.3259387329642067,on_ramp,on_ramp_mv,,normal,not_started,commit
BASIC-03,basic_long_dt_900,174,17.399999999999977,B03_CLV,cav,not_applicable,7155.018952959022,3.5,29.992102933740608,0.0032904442747465623,lane_1,mainline,,normal,none,commit
BASIC-03,basic_long_dt_900,174,17.399999999999977,B03_CFV,cav,not_applicable,7112.433316231797,0.0,30.1099952461946,-0.04583135258108371,lane_2,mainline,,normal,none,commit
BASIC-03,basic_long_dt_900,174,17.399999999999977,B03_TLV_CFV,cav,not_applicable,7094.05585010326,3.5,22.72162103349264,-0.9453446545513471,lane_1,mainline,,normal,none,commit
BASIC-03,basic_long_dt_900,174,17.399999999999977,B03_TLV_CLV,cav,not_applicable,7127.109132774146,3.5,21.88336370455599,3.0500005305809976,lane_1,mainline,,normal,none,commit
BASIC-03,basic_long_dt_900,175,17.49999999999998,B03_MV,cav,not_applicable,7142.183696878804,-3.5,25.424607486127414,1.581097601047209,on_ramp,on_ramp_mv,,normal,not_started,commit
BASIC-03,basic_long_dt_900,175,17.49999999999998,B03_CLV,cav,not_applicable,7158.018194840661,3.5,29.992418816390984,0.003158826503756984,lane_1,mainline,,normal,none,commit
BASIC-03,basic_long_dt_900,175,17.49999999999998,B03_CFV,cav,not_applicable,7115.4438757754315,0.0,30.105595436346817,-0.043998098477840135,lane_2,mainline,,normal,none,commit
BASIC-03,basic_long_dt_900,175,17.49999999999998,B03_TLV_CFV,cav,not_applicable,7096.3275502957995,3.5,22.71700192539298,-0.046191080996556666,lane_1,mainline,,normal,none,commit
BASIC-03,basic_long_dt_900,175,17.49999999999998,B03_TLV_CLV,cav,not_applicable,7129.32969642167,3.5,22.20563647523989,3.222727706838998,lane_1,mainline,,normal,none,commit
BASIC-03,basic_long_dt_900,176,17.59999999999998,B03_MV,cav,not_applicable,7144.665381190919,-3.5,24.816843121157028,1.8301570055490346,on_ramp,on_ramp_mv,,normal,not_started,commit
BASIC-03,basic_long_dt_900,176,17.59999999999998,B03_CLV,cav,not_applicable,7161.017467047034,3.5,29.992722063735343,0.0030324734436064206,lane_1,mainline,,normal,none,commit
BASIC-03,basic_long_dt_900,176,17.59999999999998,B03_CFV,cav,not_applicable,7118.454012937321,0.0,30.101371618892944,-0.04223817453872698,lane_2,mainline,,normal,none,commit
BASIC-03,basic_long_dt_900,176,17.59999999999998,B03_TLV_CFV,cav,not_applicable,7098.587963470403,3.5,22.604131746038718,-1.128701793542637,lane_1,mainline,,normal,none,commit
BASIC-03,basic_long_dt_900,176,17.59999999999998,B03_TLV_CLV,cav,not_applicable,7131.574284075686,3.5,22.44587654015842,2.4024006491853016,lane_1,mainline,,normal,none,commit
BASIC-03,basic_long_dt_900,177,17.69999999999998,B03_MV,cav,not_applicable,7147.087741901251,-3.5,24.223607103321733,2.073262751537189,on_ramp,on_ramp_mv,,normal,not_started,commit
BASIC-03,basic_long_dt_900,177,17.69999999999998,B03_CLV,cav,not_applicable,7164.0167683651525,3.5,29.99301318118593,0.002911174505862846,lane_1,mainline,,normal,none,commit
BASIC-03,basic_long_dt_900,177,17.69999999999998,B03_CFV,cav,not_applicable,7121.463744612734,0.0,30.097316754137225,-0.040548647557177735,lane_2,mainline,,normal,none,commit
BASIC-03,basic_long_dt_900,177,17.69999999999998,B03_TLV_CFV,cav,not_applicable,7100.846414539424,3.5,22.584510690203413,-0.19621055835306667,lane_1,mainline,,normal,none,commit
BASIC-03,basic_long_dt_900,177,17.69999999999998,B03_TLV_CLV,cav,not_applicable,7133.845800462286,3.5,22.715163866000854,2.6928732584243376,lane_1,mainline,,normal,none,commit
BASIC-03,basic_long_dt_900,178,17.799999999999983,B03_MV,cav,not_applicable,7149.452197115121,-3.5,23.6445521386984,2.310557158671307,on_ramp,on_ramp_mv,,normal,not_started,commit
BASIC-03,basic_long_dt_900,178,17.799999999999983,B03_CLV,cav,not_applicable,7167.016097630546,3.5,29.993292653938493,0.0027947275256281047,lane_1,mainline,,normal,none,commit
BASIC-03,basic_long_dt_900,178,17.799999999999983,B03_CFV,cav,not_applicable,7124.4730870211315,0.0,30.093424083971737,-0.03892670165488994,lane_2,mainline,,normal,none,commit
BASIC-03,basic_long_dt_900,178,17.799999999999983,B03_TLV_CFV,cav,not_applicable,7103.110532976603,3.5,22.641184371792708,0.5667368158929456,lane_1,mainline,,normal,none,commit
BASIC-03,basic_long_dt_900,178,17.799999999999983,B03_TLV_CLV,cav,not_applicable,7136.146622175546,3.5,23.00821713259921,2.9305326659835487,lane_1,mainline,,normal,none,commit
BASIC-03,basic_long_dt_900,179,17.899999999999984,B03_MV,cav,not_applicable,7151.760131038648,-3.5,23.079339235277086,2.54217914452064,on_ramp,on_ramp_mv,,normal,not_started,commit
BASIC-03,basic_long_dt_900,179,17.899999999999984,B03_CLV,cav,not_applicable,7170.015453725324,3.5,29.993560947780953,0.00268293842460281,lane_1,mainline,,normal,none,commit
BASIC-03,basic_long_dt_900,179,17.899999999999984,B03_CFV,cav,not_applicable,7127.482055733193,0.0,30.08968712061287,-0.03736963358869474,lane_2,mainline,,normal,none,commit
BASIC-03,basic_long_dt_900,179,17.899999999999984,B03_TLV_CFV,cav,not_applicable,7105.368379260458,3.5,22.578462838547583,-0.6272153324512263,lane_1,mainline,,normal,none,commit
BASIC-03,basic_long_dt_900,179,17.899999999999984,B03_TLV_CLV,cav,not_applicable,7138.478693701528,3.5,23.320715259816044,3.124981272168358,lane_1,mainline,,normal,none,commit
BASIC-03,basic_long_dt_900,180,17.999999999999986,B03_MV,cav,not_applicable,7154.012894789099,-3.5,22.527637504506433,2.768264305889166,on_ramp,on_ramp_mv,,normal,not_started,commit
BASIC-03,basic_long_dt_900,180,17.999999999999986,B03_CLV,cav,not_applicable,7173.01483557631,3.5,29.993818509869715,0.002575620887618868,lane_1,mainline,,normal,none,commit
BASIC-03,basic_long_dt_900,180,17.999999999999986,B03_CFV,cav,not_applicable,7130.490665696772,0.0,30.086099635788354,-0.035874848245147466,lane_2,mainline,,normal,none,commit
BASIC-03,basic_long_dt_900,180,17.999999999999986,B03_TLV_CFV,cav,not_applicable,7107.628366509774,3.5,22.59987249316521,0.2140965461762695,lane_1,mainline,,normal,none,commit
BASIC-03,basic_long_dt_900,180,17.999999999999986,B03_TLV_CLV,cav,not_applicable,7140.843605983373,3.5,23.649122818448,3.284075586319566,lane_1,mainline,,normal,none,commit
BASIC-03,basic_long_dt_900,181,18.099999999999987,B03_MV,cav,not_applicable,7156.211807185858,-3.5,21.98912396758437,2.988944998197427,on_ramp,on_ramp_mv,,normal,not_started,commit
BASIC-03,basic_long_dt_900,181,18.099999999999987,B03_CLV,cav,not_applicable,7176.014242153258,3.5,29.994065769474926,0.0024725960521138294,lane_1,mainline,,normal,none,commit
BASIC-03,basic_long_dt_900,181,18.099999999999987,B03_CFV,cav,not_applicable,7133.498931261808,0.0,30.08265565035682,-0.03443985431534174,lane_2,mainline,,normal,none,commit
BASIC-03,basic_long_dt_900,181,18.099999999999987,B03_TLV_CFV,cav,not_applicable,7109.897378185377,3.5,22.69011675603418,0.9024426286896751,lane_1,mainline,,normal,none,commit
BASIC-03,basic_long_dt_900,181,18.099999999999987,B03_TLV_CLV,cav,not_applicable,7143.235675355227,3.5,23.920693718536107,2.7157090008810814,lane_1,mainline,,normal,none,commit
BASIC-03,basic_long_dt_900,182,18.19999999999999,B03_MV,cav,not_applicable,7158.3581555224955,-3.5,21.463483366379155,3.2043504129662526,on_ramp,on_ramp_mv,,normal,not_started,commit
BASIC-03,basic_long_dt_900,182,18.19999999999999,B03_CLV,cav,not_applicable,7179.013672467127,3.5,29.99430313869593,0.0023736922100297876,lane_1,mainline,,normal,none,commit
BASIC-03,basic_long_dt_900,182,18.19999999999999,B03_CFV,cav,not_applicable,7136.506866204242,0.0,30.079349424342546,-0.03306226014272795,lane_2,mainline,,normal,none,commit
BASIC-03,basic_long_dt_900,182,18.19999999999999,B03_TLV_CFV,cav,not_applicable,7112.181046209761,3.5,22.83668024383606,1.4656348780188249,lane_1,mainline,,normal,none,commit
BASIC-03,basic_long_dt_900,182,18.19999999999999,B03_TLV_CLV,cav,not_applicable,7145.657236891633,3.5,24.215615364062742,2.949216455266339,lane_1,mainline,,normal,none,commit
BASIC-03,basic_long_dt_900,183,18.29999999999999,B03_MV,cav,not_applicable,7160.453196320383,-3.5,20.950407978869784,3.414606653448338,on_ramp,on_ramp_mv,,normal,not_started,commit
BASIC-03,basic_long_dt_900,183,18.29999999999999,B03_CLV,cav,not_applicable,7182.013125568442,3.5,29.99453101314809,0.0022787445216280846,lane_1,mainline,,normal,none,commit
BASIC-03,basic_long_dt_900,183,18.29999999999999,B03_CFV,cav,not_applicable,7139.514483748979,0.0,30.076175447368843,-0.03173976973701827,lane_2,mainline,,normal,none,commit
BASIC-03,basic_long_dt_900,183,18.29999999999999,B03_TLV_CFV,cav,not_applicable,7114.465796701328,3.5,22.847504915673962,0.10824671837903854,lane_1,mainline,,normal,none,commit
BASIC-03,basic_long_dt_900,183,18.29999999999999,B03_TLV_CLV,cav,not_applicable,7148.1102011081275,3.5,24.52964216494817,3.140268008854277,lane_1,mainline,,normal,none,commit
BASIC-03,basic_long_dt_900,184,18.39999999999999,B03_MV,cav,not_applicable,7162.498156064283,-3.5,20.449597438998293,3.619836808452087,on_ramp,on_ramp_mv,,normal,not_started,commit
BASIC-03,basic_long_dt_900,184,18.39999999999999,B03_CLV,cav,not_applicable,7185.012600545704,3.5,29.994749772622168,0.0021875947407636433,lane_1,mainline,,normal,none,commit
BASIC-03,basic_long_dt_900,184,18.39999999999999,B03_CFV,cav,not_applicable,7142.521796591926,0.0,30.07312842947409,-0.030470178947537365,lane_2,mainline,,normal,none,commit
BASIC-03,basic_long_dt_900,184,18.39999999999999,B03_TLV_CFV,cav,not_applicable,7116.758705575136,3.5,22.929088738086794,0.8158382241283043,lane_1,mainline,,normal,none,commit
BASIC-03,basic_long_dt_900,184,18.39999999999999,B03_TLV_CLV,cav,not_applicable,7150.58194583039,3.5,24.71744722263325,1.8780505768507865,lane_1,mainline,,normal,none,commit
BASIC-03,basic_long_dt_900,185,18.499999999999993,B03_MV,cav,not_applicable,7164.494231920366,-3.5,19.960758560828985,3.820161024400683,on_ramp,on_ramp_mv,,normal,not_started,commit
BASIC-03,basic_long_dt_900,185,18.499999999999993,B03_CLV,cav,not_applicable,7188.012096523876,3.5,29.99495978171728,0.002100090951132927,lane_1,mainline,,normal,none,commit
BASIC-03,basic_long_dt_900,185,18.499999999999993,B03_CFV,cav,not_applicable,7145.528816921156,0.0,30.070203292295126,-0.02925137178963553,lane_2,mainline,,normal,none,commit
BASIC-03,basic_long_dt_900,185,18.499999999999993,B03_TLV_CFV,cav,not_applicable,7119.065562216233,3.5,23.068566410970018,1.394776728832249,lane_1,mainline,,normal,none,commit
BASIC-03,basic_long_dt_900,185,18.499999999999993,B03_TLV_CLV,cav,not_applicable,7153.076329148283,3.5,24.943833178921043,2.263859562877916,lane_1,mainline,,normal,none,commit
BASIC-03,basic_long_dt_900,186,18.599999999999994,B03_MV,cav,not_applicable,7166.442592437056,-3.5,19.483605166910618,4.0,on_ramp,on_ramp_mv,,normal,not_started,commit
BASIC-03,basic_long_dt_900,186,18.599999999999994,B03_CLV,cav,not_applicable,7191.011612662921,3.5,29.99516139044859,0.0020160873130876666,lane_1,mainline,,normal,none,commit
BASIC-03,basic_long_dt_900,186,18.599999999999994,B03_CFV,cav,not_applicable,7148.535556437217,0.0,30.067395160603322,-0.02808131691805045,lane_2,mainline,,normal,none,commit
BASIC-03,basic_long_dt_900,186,18.599999999999994,B03_TLV_CFV,cav,not_applicable,7121.391103394202,3.5,23.255411779692658,1.8684536872263855,lane_1,mainline,,normal,none,commit
BASIC-03,basic_long_dt_900,186,18.599999999999994,B03_TLV_CLV,cav,not_applicable,7155.59650768078,3.5,25.20178532497469,2.5795214605364762,lane_1,mainline,,normal,none,commit
BASIC-03,basic_long_dt_900,187,18.699999999999996,B03_MV,cav,not_applicable,7168.344378229131,-3.5,19.01785792074138,4.0,on_ramp,on_ramp_mv,,normal,not_started,commit
BASIC-03,basic_long_dt_900,187,18.699999999999996,B03_CLV,cav,not_applicable,7194.011148156404,3.5,29.995354934830647,0.0019354438205638758,lane_1,mainline,,normal,none,commit
BASIC-03,basic_long_dt_900,187,18.699999999999996,B03_CFV,cav,not_applicable,7151.542026372635,0.0,30.06469935417919,-0.02695806424132883,lane_2,mainline,,normal,none,commit
BASIC-03,basic_long_dt_900,187,18.699999999999996,B03_TLV_CFV,cav,not_applicable,7123.721022829613,3.5,23.299194354102088,0.4378257440943154,lane_1,mainline,,normal,none,commit
BASIC-03,basic_long_dt_900,187,18.699999999999996,B03_TLV_CLV,cav,not_applicable,7158.145064116136,3.5,25.485564353564037,2.8377902858934805,lane_1,mainline,,normal,none,commit
BASIC-03,basic_long_dt_900,188,18.799999999999997,B03_MV,cav,not_applicable,7170.200702645455,-3.5,18.56324416323878,4.0,on_ramp,on_ramp_mv,,normal,not_started,commit
BASIC-03,basic_long_dt_900,188,18.799999999999997,B03_CLV,cav,not_applicable,7197.010702230147,3.5,29.995540737437423,0.0018580260677410366,lane_1,mainline,,normal,none,commit
BASIC-03,basic_long_dt_900,188,18.799999999999997,B03_CFV,cav,not_applicable,7154.548237510636,0.0,30.062111380012023,-0.025879741671676018,lane_2,mainline,,normal,none,commit
BASIC-03,basic_long_dt_900,188,18.799999999999997,B03_TLV_CFV,cav,not_applicable,7126.061797202929,3.5,23.40774373316435,1.0854937906226216,lane_1,mainline,,normal,none,commit
BASIC-03,basic_long_dt_900,188,18.799999999999997,B03_TLV_CLV,cav,not_applicable,7160.724111562923,3.5,25.790474467864414,3.0491011430037567,lane_1,mainline,,normal,none,commit
BASIC-03,basic_long_dt_900,189,18.9,B03_MV,cav,not_applicable,7172.012652420767,-3.5,18.11949775311944,4.0,on_ramp,on_ramp_mv,,normal,not_started,commit
BASIC-03,basic_long_dt_900,189,18.9,B03_CLV,cav,not_applicable,7200.010274140941,3.5,29.995719107939927,0.001783705025030713,lane_1,mainline,,normal,none,commit
BASIC-03,basic_long_dt_900,189,18.9,B03_CFV,cav,not_applicable,7157.554200203117,0.0,30.059626924811543,-0.024844552004809374,lane_2,mainline,,normal,none,commit
BASIC-03,basic_long_dt_900,189,18.9,B03_TLV_CFV,cav,not_applicable,7128.4187256163505,3.5,23.56928413421529,1.6154040105094176,lane_1,mainline,,normal,none,commit
BASIC-03,basic_long_dt_900,189,18.9,B03_TLV_CLV,cav,not_applicable,7163.31719710997,3.5,25.930855470473812,1.4038100260939825,lane_1,mainline,,normal,none,commit
BASIC-03,basic_long_dt_900,190,19.0,B03_MV,cav,not_applicable,7173.781288311877,-3.5,17.68635891109338,4.0,on_ramp,on_ramp_mv,,normal,not_started,commit
BASIC-03,basic_long_dt_900,190,19.0,B03_CLV,cav,not_applicable,7203.0098631753035,3.5,29.995890343622328,0.0017123568240293707,lane_1,mainline,,normal,none,commit
BASIC-03,basic_long_dt_900,190,19.0,B03_CFV,cav,not_applicable,7160.559924387899,0.0,30.057241847819082,-0.023850769924617057,lane_2,mainline,,normal,none,commit
BASIC-03,basic_long_dt_900,190,19.0,B03_TLV_CFV,cav,not_applicable,7130.796143698949,3.5,23.774180825984242,2.0489669176895235,lane_1,mainline,,normal,none,commit
BASIC-03,basic_long_dt_900,190,19.0,B03_TLV_CLV,cav,not_applicable,7165.929041102686,3.5,26.118439927154228,1.8758445668041674,lane_1,mainline,,normal,none,commit
BASIC-03,basic_long_dt_900,191,19.1,B03_MV,cav,not_applicable,7175.507645718655,-3.5,17.26357406778341,4.0,on_ramp,on_ramp_mv,,normal,not_started,commit
BASIC-03,basic_long_dt_900,191,19.1,B03_CLV,cav,not_applicable,7206.009468648292,3.5,29.996054729877436,0.0016438625510687645,lane_1,mainline,,normal,none,commit
BASIC-03,basic_long_dt_900,191,19.1,B03_CFV,cav,not_applicable,7163.565419605289,0.0,30.05495217390632,-0.02289673912763277,lane_2,mainline,,normal,none,commit
BASIC-03,basic_long_dt_900,191,19.1,B03_TLV_CFV,cav,not_applicable,7133.197598783601,3.5,24.014550846522475,2.4037002053823375,lane_1,mainline,,normal,none,commit
BASIC-03,basic_long_dt_900,191,19.1,B03_TLV_CLV,cav,not_applicable,7168.563505641857,3.5,26.344645391710934,2.262054645567046,lane_1,mainline,,normal,none,commit
BASIC-03,basic_long_dt_900,192,19.200000000000003,B03_MV,cav,not_applicable,7177.192735290183,-3.5,16.85089571527985,4.0,on_ramp,on_ramp_mv,,normal,not_started,commit
BASIC-03,basic_long_dt_900,192,19.200000000000003,B03_CLV,cav,not_applicable,7209.00908990236,3.5,29.99621254068234,0.0015781080490256728,lane_1,mainline,,normal,none,commit
BASIC-03,basic_long_dt_900,192,19.200000000000003,B03_CFV,cav,not_applicable,7166.570695013984,0.0,30.052754086950067,-0.021980869562527518,lane_2,mainline,,normal,none,commit
BASIC-03,basic_long_dt_900,192,19.200000000000003,B03_TLV_CFV,cav,not_applicable,7135.607811415389,3.5,24.10212631787194,0.8757547134946397,lane_1,mainline,,normal,none,commit
BASIC-03,basic_long_dt_900,192,19.200000000000003,B03_TLV_CLV,cav,not_applicable,7171.223750628128,3.5,26.602449862711875,2.5780447100094013,lane_1,mainline,,normal,none,commit
BASIC-03,basic_long_dt_900,193,19.300000000000004,B03_MV,cav,not_applicable,7178.837543516407,-3.5,16.448082262243613,4.0,on_ramp,on_ramp_mv,,normal,not_started,commit
BASIC-03,basic_long_dt_900,193,19.300000000000004,B03_CLV,cav,not_applicable,7212.008726306265,3.5,29.996364039055045,0.0015149837270641343,lane_1,mainline,,normal,none,commit
BASIC-03,basic_long_dt_900,193,19.300000000000004,B03_CFV,cav,not_applicable,7169.575759406331,0.0,30.050643923472066,-0.02110163478002676,lane_2,mainline,,normal,none,commit
BASIC-03,basic_long_dt_900,193,19.300000000000004,B03_TLV_CFV,cav,not_applicable,7138.032462040286,3.5,24.246506248976047,1.4437993110410687,lane_1,mainline,,normal,none,commit
BASIC-03,basic_long_dt_900,193,19.300000000000004,B03_TLV_CLV,cav,not_applicable,7173.894179616572,3.5,26.704289884439916,1.0184002172804192,lane_1,mainline,,normal,none,commit
BASIC-03,basic_long_dt_900,194,19.400000000000006,B03_MV,cav,not_applicable,7180.443033305654,-3.5,16.054897892473296,4.0,on_ramp,on_ramp_mv,,normal,not_started,commit
BASIC-03,basic_long_dt_900,194,19.400000000000006,B03_CLV,cav,not_applicable,7215.008377254015,3.5,29.996509477492843,0.00145438437798191,lane_1,mainline,,normal,none,commit
BASIC-03,basic_long_dt_900,194,19.400000000000006,B03_CFV,cav,not_applicable,7172.580621222984,0.0,30.048618166533185,-0.02025756938882637,lane_2,mainline,,normal,none,commit
BASIC-03,basic_long_dt_900,194,19.400000000000006,B03_TLV_CFV,cav,not_applicable,7140.476198295911,3.5,24.437362556243045,1.9085630726699652,lane_1,mainline,,normal,none,commit
BASIC-03,basic_long_dt_900,194,19.400000000000006,B03_TLV_CLV,cav,not_applicable,7176.580213697703,3.5,26.860340811308316,1.5605092686839792,lane_1,mainline,,normal,none,commit
BASIC-03,basic_long_dt_900,195,19.500000000000007,B03_MV,cav,not_applicable,7182.01014454834,-3.5,15.671112426852783,4.0,on_ramp,on_ramp_mv,,normal,not_started,commit
BASIC-03,basic_long_dt_900,195,19.500000000000007,B03_CLV,cav,not_applicable,7218.008042163854,3.5,29.996649098393128,0.0013962090028627472,lane_1,mainline,,normal,none,commit
BASIC-03,basic_long_dt_900,195,19.500000000000007,B03_CFV,cav,not_applicable,7175.585288566971,0.0,30.046673439871856,-0.01944726661327394,lane_2,mainline,,normal,none,commit
BASIC-03,basic_long_dt_900,195,19.500000000000007,B03_TLV_CFV,cav,not_applicable,7142.9428227948565,3.5,24.666244989461497,2.2888243321845168,lane_1,mainline,,normal,none,commit
BASIC-03,basic_long_dt_900,195,19.500000000000007,B03_TLV_CLV,cav,not_applicable,7179.286288309214,3.5,27.060746115109733,2.004053038014165,lane_1,mainline,,normal,none,commit
BASIC-03,basic_long_dt_900,196,19.60000000000001,B03_MV,cav,not_applicable,7183.539794667199,-3.5,15.29650118859937,4.0,on_ramp,on_ramp_mv,,normal,not_started,commit
BASIC-03,basic_long_dt_900,196,19.60000000000001,B03_CLV,cav,not_applicable,7221.0077204773,3.5,29.996783134457402,0.0013403606427488059,lane_1,mainline,,normal,none,commit
BASIC-03,basic_long_dt_900,196,19.60000000000001,B03_CFV,cav,not_applicable,7178.589769217198,0.0,30.044806502276984,-0.018669375948742583,lane_2,mainline,,normal,none,commit
BASIC-03,basic_long_dt_900,196,19.60000000000001,B03_TLV_CFV,cav,not_applicable,7145.428504859799,3.5,24.856820649432272,1.9057565997077401,lane_1,mainline,,normal,none,commit
BASIC-03,basic_long_dt_900,196,19.60000000000001,B03_TLV_CLV,cav,not_applicable,7182.016032445581,3.5,27.29744136367453,2.3669524856479534,lane_1,mainline,,normal,none,commit
BASIC-03,basic_long_dt_900,197,19.70000000000001,B03_MV,cav,not_applicable,7185.0328791543725,-3.5,14.930844871732836,4.0,on_ramp,on_ramp_mv,,normal,not_started,commit
BASIC-03,basic_long_dt_900,197,19.70000000000001,B03_CLV,cav,not_applicable,7224.007411658207,3.5,29.996911809079105,0.001286746217039081,lane_1,mainline,,normal,none,commit
BASIC-03,basic_long_dt_900,197,19.70000000000001,B03_CFV,cav,not_applicable,7181.594070641417,0.0,30.043014242185905,-0.017922600910793562,lane_2,mainline,,normal,none,commit
BASIC-03,basic_long_dt_900,197,19.70000000000001,B03_TLV_CFV,cav,not_applicable,7147.937052206013,3.5,25.08547346213563,2.2865281270336055,lane_1,mainline,,normal,none,commit
BASIC-03,basic_long_dt_900,197,19.70000000000001,B03_TLV_CLV,cav,not_applicable,7184.754233465922,3.5,27.38201020340936,0.8456883973483253,lane_1,mainline,,normal,none,commit
BASIC-03,basic_long_dt_900,198,19.80000000000001,B03_MV,cav,not_applicable,7186.490272095642,-3.5,14.573929412688258,4.0,on_ramp,on_ramp_mv,,normal,not_started,commit
BASIC-03,basic_long_dt_900,198,19.80000000000001,B03_CLV,cav,not_applicable,7227.007115191879,3.5,29.99703533671594,0.0012352763683580294,lane_1,mainline,,normal,none,commit
BASIC-03,basic_long_dt_900,198,19.80000000000001,B03_CFV,cav,not_applicable,7184.598200008667,0.0,30.04129367249847,-0.017205696874361822,lane_2,mainline,,normal,none,commit
BASIC-03,basic_long_dt_900,198,19.80000000000001,B03_TLV_CFV,cav,not_applicable,7150.454738400446,3.5,25.176861944336203,0.9138848220057275,lane_1,mainline,,normal,none,commit
BASIC-03,basic_long_dt_900,198,19.80000000000001,B03_TLV_CLV,cav,not_applicable,7187.506626482241,3.5,27.523930163192407,1.4191995978304481,lane_1,mainline,,normal,none,commit
BASIC-03,basic_long_dt_900,199,19.900000000000013,B03_MV,cav,not_applicable,7187.912826682142,-3.5,14.225545864998901,4.0,on_ramp,on_ramp_mv,,normal,not_started,commit
BASIC-03,basic_long_dt_900,199,19.900000000000013,B03_CLV,cav,not_applicable,7230.006830584204,3.5,29.9971539232473,0.0011858653136243903,lane_1,mainline,,normal,none,commit
BASIC-03,basic_long_dt_900,199,19.900000000000013,B03_CFV,cav,not_applicable,7187.6021642012265,0.0,30.03964192559853,-0.016517468999387577,lane_2,mainline,,normal,none,commit
BASIC-03,basic_long_dt_900,199,19.900000000000013,B03_TLV_CFV,cav,not_applicable,7152.987174561606,3.5,25.32436161159122,1.4749966725501407,lane_1,mainline,,normal,none,commit
BASIC-03,basic_long_dt_900,199,19.900000000000013,B03_TLV_CLV,cav,not_applicable,7190.277903858906,3.5,27.712773766651264,1.8884360345885485,lane_1,mainline,,normal,none,commit
BASIC-03,basic_long_dt_900,200,20.000000000000014,B03_MV,cav,not_applicable,7189.301375709839,-3.5,13.885490276973933,4.0,on_ramp,on_ramp_mv,,normal,not_started,commit
BASIC-03,basic_long_dt_900,200,20.000000000000014,B03_CLV,cav,not_applicable,7233.006557360836,3.5,29.997267766317407,0.00113843070108004,lane_1,mainline,,normal,none,commit
BASIC-03,basic_long_dt_900,200,20.000000000000014,B03_CFV,cav,not_applicable,7190.605969826084,0.0,30.03805624857459,-0.015856770239412298,lane_2,mainline,,normal,none,commit
BASIC-03,basic_long_dt_900,200,20.000000000000014,B03_TLV_CFV,cav,not_applicable,7155.538951604631,3.5,25.517770430254412,1.9340881866319333,lane_1,mainline,,normal,none,commit
BASIC-03,basic_long_dt_900,200,20.000000000000014,B03_TLV_CLV,cav,not_applicable,7193.071904803127,3.5,27.94000944220851,2.2723567555724484,lane_1,mainline,,normal,none,commit
BASIC-03,basic_long_dt_900,201,20.100000000000016,B03_MV,cav,not_applicable,7190.656732067069,-3.5,13.553563572300531,4.0,on_ramp,on_ramp_mv,,normal,not_started,commit
BASIC-03,basic_long_dt_900,201,20.100000000000016,B03_CLV,cav,not_applicable,7236.006295066402,3.5,29.99737705566471,0.001092893473037293,lane_1,mainline,,normal,none,commit
BASIC-03,basic_long_dt_900,201,20.100000000000016,B03_CFV,cav,not_applicable,7193.609623225947,0.0,30.036533998631608,-0.01522249942983649,lane_2,mainline,,normal,none,commit
BASIC-03,basic_long_dt_900,201,20.100000000000016,B03_TLV_CFV,cav,not_applicable,7158.113825732819,3.5,25.748741281887934,2.309708516335218,lane_1,mainline,,normal,none,commit
BASIC-03,basic_long_dt_900,201,20.100000000000016,B03_TLV_CLV,cav,not_applicable,7195.873588666257,3.5,28.0168386313008,0.7682918909229124,lane_1,mainline,,normal,none,commit
BASIC-03,basic_long_dt_900,202,20.200000000000017,B03_MV,cav,not_applicable,7191.97968921042,-3.5,13.229571433499515,4.0,on_ramp,on_ramp_mv,,normal,not_started,commit
BASIC-03,basic_long_dt_900,202,20.200000000000017,B03_CLV,cav,not_applicable,7239.0060432637465,3.5,29.997481973438124,0.0010491777341158583,lane_1,mainline,,normal,none,commit
BASIC-03,basic_long_dt_900,202,20.200000000000017,B03_CFV,cav,not_applicable,7196.613130489815,0.0,30.035072638686344,-0.0146135994526432,lane_2,mainline,,normal,none,commit
BASIC-03,basic_long_dt_900,202,20.200000000000017,B03_TLV_CFV,cav,not_applicable,7160.703838940779,3.5,25.900132079596688,1.513907977087538,lane_1,mainline,,normal,none,commit
BASIC-03,basic_long_dt_900,202,20.200000000000017,B03_TLV_CLV,cav,not_applicable,7198.688831281222,3.5,28.152426149649038,1.3558751834823828,lane_1,mainline,,normal,none,commit
BASIC-03,basic_long_dt_900,203,20.30000000000002,B03_MV,cav,not_applicable,7193.271021629236,-3.5,12.913324188168394,4.0,on_ramp,on_ramp_mv,,normal,not_started,commit
BASIC-03,basic_long_dt_900,203,20.30000000000002,B03_CLV,cav,not_applicable,7242.005801533197,3.5,29.997582694500597,0.0010072106247505986,lane_1,mainline,,normal,none,commit
BASIC-03,basic_long_dt_900,203,20.30000000000002,B03_CFV,cav,not_applicable,7199.616497463129,0.0,30.03366973313889,-0.0140290554745377,lane_2,mainline,,normal,none,commit
BASIC-03,basic_long_dt_900,203,20.30000000000002,B03_TLV_CFV,cav,not_applicable,7163.313511395824,3.5,26.096724550449306,1.9659247085261675,lane_1,mainline,,normal,none,commit
BASIC-03,basic_long_dt_900,203,20.30000000000002,B03_TLV_CLV,cav,not_applicable,7201.522440147688,3.5,28.336088664661233,1.8366251501219495,lane_1,mainline,,normal,none,commit
BASIC-03,basic_long_dt_900,204,20.40000000000002,B03_MV,cav,not_applicable,7194.5314852990305,-3.5,12.604636697942269,4.0,on_ramp,on_ramp_mv,,normal,not_started,commit
BASIC-03,basic_long_dt_900,204,20.40000000000002,B03_CLV,cav,not_applicable,7245.005569471869,3.5,29.997679386720574,0.0009669221997611999,lane_1,mainline,,normal,none,commit
BASIC-03,basic_long_dt_900,204,20.40000000000002,B03_CFV,cav,not_applicable,7202.619729757511,0.0,30.032322943813334,-0.013467893255555908,lane_2,mainline,,normal,none,commit
BASIC-03,basic_long_dt_900,204,20.40000000000002,B03_TLV_CFV,cav,not_applicable,7165.946541416666,3.5,26.33030020841963,2.3357565797032276,lane_1,mainline,,normal,none,commit
BASIC-03,basic_long_dt_900,204,20.40000000000002,B03_TLV_CLV,cav,not_applicable,7204.3601668562915,3.5,28.37726708603485,0.4117842137361405,lane_1,mainline,,normal,none,commit
BASIC-03,basic_long_dt_900,205,20.50000000000002,B03_MV,cav,not_applicable,7195.761818124041,-3.5,12.303328250109324,4.0,on_ramp,on_ramp_mv,,normal,not_started,commit
BASIC-03,basic_long_dt_900,205,20.50000000000002,B03_CLV,cav,not_applicable,7248.005346692995,3.5,29.99777221125175,0.0009282453117705814,lane_1,mainline,,normal,none,commit
BASIC-03,basic_long_dt_900,205,20.50000000000002,B03_CFV,cav,not_applicable,7205.622832760117,0.0,30.0310300260608,-0.012929177525333558,lane_2,mainline,,normal,none,commit
BASIC-03,basic_long_dt_900,205,20.50000000000002,B03_TLV_CFV,cav,not_applicable,7168.587773082251,3.5,26.412316655849892,0.8201644743026406,lane_1,mainline,,normal,none,commit
BASIC-03,basic_long_dt_900,205,20.50000000000002,B03_TLV_CLV,cav,not_applicable,7207.208535435735,3.5,28.48368579443144,1.064187083965933,lane_1,mainline,,normal,none,commit
BASIC-03,basic_long_dt_900,206,20.600000000000023,B03_MV,cav,not_applicable,7196.962740369223,-3.5,12.009222451818072,4.0,on_ramp,on_ramp_mv,,normal,not_started,commit
BASIC-03,basic_long_dt_900,206,20.600000000000023,B03_CLV,cav,not_applicable,7251.005132825275,3.5,29.99786132280168,0.0008911154993000991,lane_1,mainline,,normal,none,commit
BASIC-03,basic_long_dt_900,206,20.600000000000023,B03_CFV,cav,not_applicable,7208.625811642619,0.0,30.029788825018368,-0.012412010424320385,lane_2,mainline,,normal,none,commit
BASIC-03,basic_long_dt_900,206,20.600000000000023,B03_TLV_CFV,cav,not_applicable,7171.242987911717,3.5,26.552148294656472,1.3983163880657967,lane_1,mainline,,normal,none,commit
BASIC-03,basic_long_dt_900,206,20.600000000000023,B03_TLV_CLV,cav,not_applicable,7210.072883727684,3.5,28.643482919483198,1.5979712505175816,lane_1,mainline,,normal,none,commit
BASIC-03,basic_long_dt_900,207,20.700000000000024,B03_MV,cav,not_applicable,7198.134955081904,-3.5,11.72214712681265,4.0,on_ramp,on_ramp_mv,,normal,not_started,commit
BASIC-03,basic_long_dt_900,207,20.700000000000024,B03_CLV,cav,not_applicable,7254.004927512264,3.5,29.997946869889613,0.0008554708793283794,lane_1,mainline,,normal,none,commit
BASIC-03,basic_long_dt_900,207,20.700000000000024,B03_CFV,cav,not_applicable,7211.628671369821,0.0,30.028597272017635,-0.011915530007347287,lane_2,mainline,,normal,none,commit
BASIC-03,basic_long_dt_900,207,20.700000000000024,B03_TLV_CFV,cav,not_applicable,7173.9169162389035,3.5,26.739283271861854,1.8713497720538337,lane_1,mainline,,normal,none,commit
BASIC-03,basic_long_dt_900,207,20.700000000000024,B03_TLV_CLV,cav,not_applicable,7212.939397238954,3.5,28.665135112707365,0.2165219322416576,lane_1,mainline,,normal,none,commit
BASIC-03,basic_long_dt_900,208,20.800000000000026,B03_MV,cav,not_applicable,7199.279148503368,-3.5,11.441934214636815,4.0,on_ramp,on_ramp_mv,,normal,not_started,commit
BASIC-03,basic_long_dt_900,208,20.800000000000026,B03_CLV,cav,not_applicable,7257.004730411773,3.5,29.998028995094028,0.0008212520441546189,lane_1,mainline,,normal,none,commit
BASIC-03,basic_long_dt_900,208,20.800000000000026,B03_CFV,cav,not_applicable,7214.6314167079345,0.0,30.02745338113693,-0.01143890880705385,lane_2,mainline,,normal,none,commit
BASIC-03,basic_long_dt_900,208,20.800000000000026,B03_TLV_CFV,cav,not_applicable,7176.613428336952,3.5,26.96512098048444,2.258377086225864,lane_1,mainline,,normal,none,commit
BASIC-03,basic_long_dt_900,208,20.800000000000026,B03_TLV_CLV,cav,not_applicable,7215.81495502058,3.5,28.75557781625441,0.9044270354704471,lane_1,mainline,,normal,none,commit
BASIC-03,basic_long_dt_900,209,20.900000000000027,B03_MV,cav,not_applicable,7200.395990470593,-3.5,11.168419672247722,4.0,on_ramp,on_ramp_mv,,normal,not_started,commit
BASIC-03,basic_long_dt_900,209,20.900000000000027,B03_CLV,cav,not_applicable,7260.004541195302,3.5,29.998107835290266,0.0007884019623887184,lane_1,mainline,,normal,none,commit
BASIC-03,basic_long_dt_900,209,20.900000000000027,B03_CFV,cav,not_applicable,7217.634052232524,0.0,30.02635524589145,-0.01098135245477181,lane_2,mainline,,normal,none,commit
BASIC-03,basic_long_dt_900,209,20.900000000000027,B03_TLV_CFV,cav,not_applicable,7179.3175089747965,3.5,27.040806378448373,0.7568539796393432,lane_1,mainline,,normal,none,commit
BASIC-03,basic_long_dt_900,209,20.900000000000027,B03_TLV_CLV,cav,not_applicable,7218.705185387041,3.5,28.902303664611082,1.4672584835667295,lane_1,mainline,,normal,none,commit
BASIC-03,basic_long_dt_900,210,21.00000000000003,B03_MV,cav,not_applicable,7201.4861348083905,-3.5,10.901443377981222,4.0,on_ramp,on_ramp_mv,,normal,not_started,commit
BASIC-03,basic_long_dt_900,210,21.00000000000003,B03_CLV,cav,not_applicable,7263.00435954749,3.5,29.998183521878655,0.0007568658838934539,lane_1,mainline,,normal,none,commit
BASIC-03,basic_long_dt_900,210,21.00000000000003,B03_CFV,cav,not_applicable,7220.636582336129,0.0,30.025301036055794,-0.01054209835658071,lane_2,mainline,,normal,none,commit
BASIC-03,basic_long_dt_900,210,21.00000000000003,B03_TLV_CFV,cav,not_applicable,7182.035054781566,3.5,27.175458067691594,1.3465168924321897,lane_1,mainline,,normal,none,commit
BASIC-03,basic_long_dt_900,210,21.00000000000003,B03_TLV_CLV,cav,not_applicable,7221.596511504731,3.5,28.913261176902907,0.10957512291823313,lane_1,mainline,,normal,none,commit
BASIC-03,basic_long_dt_900,211,21.10000000000003,B03_MV,cav,not_applicable,7202.550219712171,-3.5,10.640849037813222,4.0,on_ramp,on_ramp_mv,,normal,not_started,commit
BASIC-03,basic_long_dt_900,211,21.10000000000003,B03_CLV,cav,not_applicable,7266.004185165591,3.5,29.99825618100351,0.000726591248538,lane_1,mainline,,normal,none,commit
BASIC-03,basic_long_dt_900,211,21.10000000000003,B03_CFV,cav,not_applicable,7223.63901123559,0.0,30.024288994613563,-0.01012041442231748,lane_2,mainline,,normal,none,commit
BASIC-03,basic_long_dt_900,211,21.10000000000003,B03_TLV_CFV,cav,not_applicable,7184.7708902720005,3.5,27.358354904345138,1.828968366535428,lane_1,mainline,,normal,none,commit
BASIC-03,basic_long_dt_900,211,21.10000000000003,B03_TLV_CLV,cav,not_applicable,7224.496006873427,3.5,28.994953686959853,0.8169251005694634,lane_1,mainline,,normal,none,commit
BASIC-03,basic_long_dt_900,212,21.20000000000003,B03_MV,cav,not_applicable,7203.588868121557,-3.5,10.38648409386127,4.0,on_ramp,on_ramp_mv,,normal,not_started,commit
BASIC-03,basic_long_dt_900,212,21.20000000000003,B03_CLV,cav,not_applicable,7269.004017758967,3.5,29.99832593376337,0.0006975275985965368,lane_1,mainline,,normal,none,commit
BASIC-03,basic_long_dt_900,212,21.20000000000003,B03_CFV,cav,not_applicable,7226.641342979073,0.0,30.02331743482902,-0.00971559784542535,lane_2,mainline,,normal,none,commit
BASIC-03,basic_long_dt_900,212,21.20000000000003,B03_TLV_CFV,cav,not_applicable,7187.52116727066,3.5,27.502769986590497,1.4441508224535766,lane_1,mainline,,normal,none,commit
BASIC-03,basic_long_dt_900,212,21.20000000000003,B03_TLV_CLV,cav,not_applicable,7227.409458902037,3.5,29.134520286097356,1.3956659913750156,lane_1,mainline,,normal,none,commit
BASIC-03,basic_long_dt_900,213,21.300000000000033,B03_MV,cav,not_applicable,7204.602688085065,-3.5,10.138199635073699,4.0,on_ramp,on_ramp_mv,,normal,not_started,commit
BASIC-03,basic_long_dt_900,213,21.300000000000033,B03_CLV,cav,not_applicable,7272.003857048609,3.5,29.998392896412835,0.0006696264946526754,lane_1,mainline,,normal,none,commit
BASIC-03,basic_long_dt_900,213,21.300000000000033,B03_CFV,cav,not_applicable,7229.643581452817,0.0,30.02238473743586,-0.009326973931608506,lane_2,mainline,,normal,none,commit
BASIC-03,basic_long_dt_900,213,21.300000000000033,B03_TLV_CFV,cav,not_applicable,7190.290532776048,3.5,27.693655053882154,1.9088506729165626,lane_1,mainline,,normal,none,commit
BASIC-03,basic_long_dt_900,213,21.300000000000033,B03_TLV_CLV,cav,not_applicable,7230.323420925121,3.5,29.13962023084622,0.05099944748864904,lane_1,mainline,,normal,none,commit
BASIC-03,basic_long_dt_900,214,21.400000000000034,B03_MV,cav,not_applicable,7205.592273116071,-3.5,9.895850310053982,4.0,on_ramp,on_ramp_mv,,normal,not_started,commit
BASIC-03,basic_long_dt_900,214,21.400000000000034,B03_CLV,cav,not_applicable,7275.003702766664,3.5,29.998457180556322,0.0006428414348661704,lane_1,mainline,,normal,none,commit
BASIC-03,basic_long_dt_900,214,21.400000000000034,B03_CFV,cav,not_applicable,7232.6457303876105,0.0,30.021489347938427,-0.008953894974344224,lane_2,mainline,,normal,none,commit
BASIC-03,basic_long_dt_900,214,21.400000000000034,B03_TLV_CFV,cav,not_applicable,7193.0646070596695,3.5,27.74074283621169,0.4708778232953694,lane_1,mainline,,normal,none,commit
BASIC-03,basic_long_dt_900,214,21.400000000000034,B03_TLV_CLV,cav,not_applicable,7233.245072943685,3.5,29.216520185640746,0.7689995479452583,lane_1,mainline,,normal,none,commit
BASIC-03,basic_long_dt_900,215,21.500000000000036,B03_MV,cav,not_applicable,7206.558202540267,-3.5,9.659294241968531,4.0,on_ramp,on_ramp_mv,,normal,not_started,commit
BASIC-03,basic_long_dt_900,215,21.500000000000036,B03_CLV,cav,not_applicable,7278.0035546559975,3.5,29.99851889333407,0.0006171277774711826,lane_1,mainline,,normal,none,commit
BASIC-03,basic_long_dt_900,215,21.500000000000036,B03_CFV,cav,not_applicable,7235.647793365012,0.0,30.02062977402089,-0.008595739175370909,lane_2,mainline,,normal,none,commit
BASIC-03,basic_long_dt_900,215,21.500000000000036,B03_TLV_CFV,cav,not_applicable,7195.8498067073,3.5,27.851996476299494,1.1125364008780294,lane_1,mainline,,normal,none,commit
BASIC-03,basic_long_dt_900,215,21.500000000000036,B03_TLV_CLV,cav,not_applicable,7236.1802895040055,3.5,29.352165603199904,1.3564541755915749,lane_1,mainline,,normal,none,commit
BASIC-03,basic_long_dt_900,216,21.600000000000037,B03_MV,cav,not_applicable,7207.5010418348165,-3.5,9.428392945489028,4.0,on_ramp,on_ramp_mv,,normal,not_started,commit
BASIC-03,basic_long_dt_900,216,21.600000000000037,B03_CLV,cav,not_applicable,7281.003412469758,3.5,29.998578137600706,0.0005924426663725058,lane_1,mainline,,normal,none,commit
BASIC-03,basic_long_dt_900,216,21.600000000000037,B03_CFV,cav,not_applicable,7238.649773823318,0.0,30.019804583060054,-0.008251909608355845,lane_2,mainline,,normal,none,commit
BASIC-03,basic_long_dt_900,216,21.600000000000037,B03_TLV_CFV,cav,not_applicable,7198.651381652755,3.5,28.015749454553152,1.6375297825365696,lane_1,mainline,,normal,none,commit
BASIC-03,basic_long_dt_900,216,21.600000000000037,B03_TLV_CLV,cav,not_applicable,7239.115695234853,3.5,29.35405730847558,0.018917052756743047,lane_1,mainline,,normal,none,commit
BASIC-03,basic_long_dt_900,217,21.70000000000004,B03_MV,cav,not_applicable,7208.421342959388,-3.5,9.203011245719047,4.0,on_ramp,on_ramp_mv,,normal,not_started,commit
BASIC-03,basic_long_dt_900,217,21.70000000000004,B03_CLV,cav,not_applicable,7284.0032759709675,3.5,29.998635012096678,0.0005687449597175487,lane_1,mainline,,normal,none,commit
BASIC-03,basic_long_dt_900,217,21.70000000000004,B03_CFV,cav,not_applicable,7241.651675063292,0.0,30.01901239973765,-0.007921833224021669,lane_2,mainline,,normal,none,commit
BASIC-03,basic_long_dt_900,217,21.70000000000004,B03_TLV_CFV,cav,not_applicable,7201.458697543594,3.5,28.073158908389907,0.574094538367546,lane_1,mainline,,normal,none,commit
BASIC-03,basic_long_dt_900,217,21.70000000000004,B03_TLV_CLV,cav,not_applicable,7242.05852846886,3.5,29.428332340064767,0.7427503158918807,lane_1,mainline,,normal,none,commit
BASIC-03,basic_long_dt_900,218,21.80000000000004,B03_MV,cav,not_applicable,7209.3196446792945,-3.5,8.983017199060887,4.0,on_ramp,on_ramp_mv,,normal,not_started,commit
BASIC-03,basic_long_dt_900,218,21.80000000000004,B03_CLV,cav,not_applicable,7287.003144932129,3.5,29.99868961161281,0.0005459951613289605,lane_1,mainline,,normal,none,commit
BASIC-03,basic_long_dt_900,218,21.80000000000004,B03_CFV,cav,not_applicable,7244.653500253667,0.0,30.018251903748144,-0.007604959895060404,lane_2,mainline,,normal,none,commit
BASIC-03,basic_long_dt_900,218,21.80000000000004,B03_TLV_CFV,cav,not_applicable,7204.277983298838,3.5,28.19285755243816,1.1969864404825377,lane_1,mainline,,normal,none,commit
BASIC-03,basic_long_dt_900,218,21.80000000000004,B03_TLV_CLV,cav,not_applicable,7245.014711478178,3.5,29.561830093183193,1.334977531184266,lane_1,mainline,,normal,none,commit
BASIC-03,basic_long_dt_900,219,21.90000000000004,B03_MV,cav,not_applicable,7210.196472880892,-3.5,8.76828201597166,4.0,on_ramp,on_ramp_mv,,normal,not_started,commit
BASIC-03,basic_long_dt_900,219,21.90000000000004,B03_CLV,cav,not_applicable,7290.003019134843,3.5,29.9987420271483,0.0005241553548756883,lane_1,mainline,,normal,none,commit
BASIC-03,basic_long_dt_900,219,21.90000000000004,B03_CFV,cav,not_applicable,7247.655252436426,0.0,30.01752182759822,-0.007300761499257647,lane_2,mainline,,normal,none,commit
BASIC-03,basic_long_dt_900,219,21.90000000000004,B03_TLV_CFV,cav,not_applicable,7207.114335306776,3.5,28.36352007938673,1.7066252694857127,lane_1,mainline,,normal,none,commit
BASIC-03,basic_long_dt_900,219,21.90000000000004,B03_TLV_CLV,cav,not_applicable,7247.970907940024,3.5,29.561964618461907,0.0013452527871267161,lane_1,mainline,,normal,none,commit
BASIC-03,basic_long_dt_900,220,22.000000000000043,B03_MV,cav,not_applicable,7211.052340879449,-3.5,8.558679985567629,4.0,on_ramp,on_ramp_mv,,normal,not_started,commit
BASIC-03,basic_long_dt_900,220,22.000000000000043,B03_CLV,cav,not_applicable,7293.002898369449,3.5,29.998792346062366,0.0005031891406801492,lane_1,mainline,,normal,none,commit
BASIC-03,basic_long_dt_900,220,22.000000000000043,B03_CFV,cav,not_applicable,7250.656934531876,0.0,30.016820954494293,-0.007008731039287852,lane_2,mainline,,normal,none,commit
BASIC-03,basic_long_dt_900,220,22.000000000000043,B03_TLV_CFV,cav,not_applicable,7209.953741521465,3.5,28.394062146890107,0.3054206750337649,lane_1,mainline,,normal,none,commit
BASIC-03,basic_long_dt_900,220,22.000000000000043,B03_TLV_CLV,cav,not_applicable,7250.934388135756,3.5,29.63480195732631,0.7283733886440128,lane_1,mainline,,normal,none,commit
BASIC-03,basic_long_dt_900,221,22.100000000000044,B03_MV,cav,not_applicable,7211.887749719652,-3.5,8.354088402029765,4.0,on_ramp,on_ramp_mv,,normal,not_started,commit
BASIC-03,basic_long_dt_900,221,22.100000000000044,B03_CLV,cav,not_applicable,7296.002782434672,3.5,29.998840652219872,0.00048306157505351166,lane_1,mainline,,normal,none,commit
BASIC-03,basic_long_dt_900,221,22.100000000000044,B03_CFV,cav,not_applicable,7253.658549343507,0.0,30.016148116314522,-0.00672838179771702,lane_2,mainline,,normal,none,commit
BASIC-03,basic_long_dt_900,221,22.100000000000044,B03_TLV_CFV,cav,not_applicable,7212.8029193598595,3.5,28.491778383938325,0.9771623704821712,lane_1,mainline,,normal,none,commit
BASIC-03,basic_long_dt_900,221,22.100000000000044,B03_TLV_CLV,cav,not_applicable,7253.892918659214,3.5,29.585305234579003,-0.4949672274730804,lane_1,mainline,,normal,none,commit
BASIC-03,basic_long_dt_900,222,22.200000000000045,B03_MV,cav,not_applicable,7212.703188468929,-3.5,8.15438749276948,4.0,on_ramp,on_ramp_mv,,normal,not_started,commit
BASIC-03,basic_long_dt_900,222,22.200000000000045,B03_CLV,cav,not_applicable,7299.002671137285,3.5,29.998887026131076,0.000463739112051087,lane_1,mainline,,normal,none,commit
BASIC-03,basic_long_dt_900,222,22.200000000000045,B03_CFV,cav,not_applicable,7256.660099562673,0.0,30.01550219166194,-0.006459246525808738,lane_2,mainline,,normal,none,commit
BASIC-03,basic_long_dt_900,222,22.200000000000045,B03_TLV_CFV,cav,not_applicable,7215.667364890375,3.5,28.644455305159592,1.5267692122126855,lane_1,mainline,,normal,none,commit
BASIC-03,basic_long_dt_900,222,22.200000000000045,B03_TLV_CLV,cav,not_applicable,7256.854672178083,3.5,29.61753518869484,0.3222995411583888,lane_1,mainline,,normal,none,commit
BASIC-03,basic_long_dt_900,223,22.300000000000047,B03_MV,cav,not_applicable,7213.49913450376,-3.5,7.959460348310375,4.0,on_ramp,on_ramp_mv,,normal,not_started,commit
BASIC-03,basic_long_dt_900,223,22.300000000000047,B03_CLV,cav,not_applicable,7302.0025642917935,3.5,29.99893154508583,0.0004451895475696688,lane_1,mainline,,normal,none,commit
BASIC-03,basic_long_dt_900,223,22.300000000000047,B03_CFV,cav,not_applicable,7259.661587773073,0.0,30.014882103995465,-0.006200876664776445,lane_2,mainline,,normal,none,commit
BASIC-03,basic_long_dt_900,223,22.300000000000047,B03_TLV_CFV,cav,not_applicable,7218.533393078082,3.5,28.660281877067902,0.15826571908310627,lane_1,mainline,,normal,none,commit
BASIC-03,basic_long_dt_900,223,22.300000000000047,B03_TLV_CLV,cav,not_applicable,7259.826335420471,3.5,29.716632423880526,0.9909723518568636,lane_1,mainline,,normal,none,commit
BASIC-03,basic_long_dt_900,224,22.40000000000005,B03_MV,cav,not_applicable,7214.2760537891445,-3.5,7.769192853847094,4.0,on_ramp,on_ramp_mv,,normal,not_started,commit
BASIC-03,basic_long_dt_900,224,22.40000000000005,B03_CLV,cav,not_applicable,7305.002461720122,3.5,29.998974283282397,0.00042738196566745047,lane_1,mainline,,normal,none,commit
BASIC-03,basic_long_dt_900,224,22.40000000000005,B03_CFV,cav,not_applicable,7262.663016455056,0.0,30.014286819835647,-0.005952841598185899,lane_2,mainline,,normal,none,commit
BASIC-03,basic_long_dt_900,224,22.40000000000005,B03_TLV_CFV,cav,not_applicable,7221.407988894399,3.5,28.745958163174702,0.856762861067996,lane_1,mainline,,normal,none,commit
BASIC-03,basic_long_dt_900,224,22.40000000000005,B03_TLV_CLV,cav,not_applicable,7262.795197527556,3.5,29.688621070850633,-0.2801135302989297,lane_1,mainline,,normal,none,commit
BASIC-03,basic_long_dt_900,225,22.50000000000005,B03_MV,cav,not_applicable,7215.034401151389,-3.5,7.583473622439986,4.0,on_ramp,on_ramp_mv,,normal,not_started,commit
BASIC-03,basic_long_dt_900,225,22.50000000000005,B03_CLV,cav,not_applicable,7308.002363251317,3.5,29.9990153119511,0.00041028668704115037,lane_1,mainline,,normal,none,commit
BASIC-03,basic_long_dt_900,225,22.50000000000005,B03_CFV,cav,not_applicable,7265.66438798976,0.0,30.013715347042222,-0.0057147279342586906,lane_2,mainline,,normal,none,commit
BASIC-03,basic_long_dt_900,225,22.50000000000005,B03_TLV_CFV,cav,not_applicable,7224.296867315943,3.5,28.888784215443902,1.4282605226919967,lane_1,mainline,,normal,none,commit
BASIC-03,basic_long_dt_900,225,22.50000000000005,B03_TLV_CLV,cav,not_applicable,7265.769040523939,3.5,29.738429963826174,0.4980889297554212,lane_1,mainline,,normal,none,commit
BASIC-03,basic_long_dt_900,226,22.60000000000005,B03_MV,cav,not_applicable,7215.77462054437,-3.5,7.402193929806425,4.0,on_ramp,on_ramp_mv,,normal,not_started,commit
BASIC-03,basic_long_dt_900,226,22.60000000000005,B03_CLV,cav,not_applicable,7311.002268721264,3.5,29.999054699473056,0.0003938752195594475,lane_1,mainline,,normal,none,commit
BASIC-03,basic_long_dt_900,226,22.60000000000005,B03_CFV,cav,not_applicable,7268.665704663076,0.0,30.01316673316053,-0.005486138816888798,lane_2,mainline,,normal,none,commit
BASIC-03,basic_long_dt_900,226,22.60000000000005,B03_TLV_CFV,cav,not_applicable,7227.186522414491,3.5,28.89655098548234,0.07766770038436088,lane_1,mainline,,normal,none,commit
BASIC-03,basic_long_dt_900,226,22.60000000000005,B03_TLV_CLV,cav,not_applicable,7268.753739294677,3.5,29.846987707382148,1.0855774355597314,lane_1,mainline,,normal,none,commit
BASIC-03,basic_long_dt_900,227,22.700000000000053,B03_MV,cav,not_applicable,7216.497145309437,-3.5,7.225247650671398,4.0,on_ramp,on_ramp_mv,,normal,not_started,commit
BASIC-03,basic_long_dt_900,227,22.700000000000053,B03_CLV,cav,not_applicable,7314.002177972414,3.5,29.999092511494133,0.0003781202107774107,lane_1,mainline,,normal,none,commit
BASIC-03,basic_long_dt_900,227,22.700000000000053,B03_CFV,cav,not_applicable,7271.6669686694595,0.0,30.01264006383411,-0.0052666932642125635,lane_2,mainline,,normal,none,commit
BASIC-03,basic_long_dt_900,227,22.700000000000053,B03_TLV_CFV,cav,not_applicable,7230.084085703315,3.5,28.97563288824106,0.7908190275872043,lane_1,mainline,,normal,none,commit
BASIC-03,basic_long_dt_900,227,22.700000000000053,B03_TLV_CLV,cav,not_applicable,7271.736410971706,3.5,29.82671677029158,-0.2027093709056743,lane_1,mainline,,normal,none,commit
BASIC-03,basic_long_dt_900,228,22.800000000000054,B03_MV,cav,not_applicable,7217.202398429101,-3.5,7.052531196639323,4.0,on_ramp,on_ramp_mv,,normal,not_started,commit
BASIC-03,basic_long_dt_900,228,22.800000000000054,B03_CLV,cav,not_applicable,7317.002090853517,3.5,29.999128811034367,0.0003629954023466553,lane_1,mainline,,normal,none,commit
BASIC-03,basic_long_dt_900,228,22.800000000000054,B03_CFV,cav,not_applicable,7274.668182115587,0.0,30.012134461280745,-0.005056025533643549,lane_2,mainline,,normal,none,commit
BASIC-03,basic_long_dt_900,228,22.800000000000054,B03_TLV_CFV,cav,not_applicable,7232.9953920569105,3.5,29.11306353595274,1.3743064771168036,lane_1,mainline,,normal,none,commit
BASIC-03,basic_long_dt_900,228,22.800000000000054,B03_TLV_CLV,cav,not_applicable,7274.724696844792,3.5,29.882858730853844,0.5614196056226302,lane_1,mainline,,normal,none,commit
BASIC-03,basic_long_dt_900,229,22.900000000000055,B03_MV,cav,not_applicable,7217.890792774656,-3.5,6.8839434555503445,4.0,on_ramp,on_ramp_mv,,normal,not_started,commit
BASIC-03,basic_long_dt_900,229,22.900000000000055,B03_CLV,cav,not_applicable,7320.0020072193765,3.5,29.99916365859299,0.00034847558625301646,lane_1,mainline,,normal,none,commit
BASIC-03,basic_long_dt_900,229,22.900000000000055,B03_CFV,cav,not_applicable,7277.66934702387,0.0,30.011649082829514,-0.004853784512297921,lane_2,mainline,,normal,none,commit
BASIC-03,basic_long_dt_900,229,22.900000000000055,B03_TLV_CFV,cav,not_applicable,7235.907033645319,3.5,29.116415884080478,0.0335234812773848,lane_1,mainline,,normal,none,commit
BASIC-03,basic_long_dt_900,229,22.900000000000055,B03_TLV_CLV,cav,not_applicable,7277.706667060105,3.5,29.81970215313206,-0.631565777217848,lane_1,mainline,,normal,none,commit
BASIC-03,basic_long_dt_900,230,23.000000000000057,B03_MV,cav,not_applicable,7218.562731347884,-3.5,6.719385732288066,4.0,on_ramp,on_ramp_mv,,normal,not_started,commit
BASIC-03,basic_long_dt_900,230,23.000000000000057,B03_CLV,cav,not_applicable,7323.001926930601,3.5,29.99919711224927,0.0003345365628035779,lane_1,mainline,,normal,none,commit
BASIC-03,basic_long_dt_900,230,23.000000000000057,B03_CFV,cav,not_applicable,7280.670465335821,0.0,30.011183119516332,-0.004659633131805663,lane_2,mainline,,normal,none,commit
BASIC-03,basic_long_dt_900,230,23.000000000000057,B03_TLV_CFV,cav,not_applicable,7238.826222244028,3.5,29.191885987094082,0.7547010301360422,lane_1,mainline,,normal,none,commit
BASIC-03,basic_long_dt_900,230,23.000000000000057,B03_TLV_CLV,cav,not_applicable,7280.690742646332,3.5,29.840755862268782,0.21053709136721532,lane_1,mainline,,normal,none,commit
BASIC-03,basic_long_dt_900,231,23.10000000000006,B03_MV,cav,not_applicable,7219.218607516985,-3.5,6.5587616910004485,4.0,on_ramp,on_ramp_mv,,normal,not_started,commit
BASIC-03,basic_long_dt_900,231,23.10000000000006,B03_CLV,cav,not_applicable,7326.001849853377,3.5,29.9992292277593,0.00032115510029200327,lane_1,mainline,,normal,none,commit
BASIC-03,basic_long_dt_900,231,23.10000000000006,B03_CFV,cav,not_applicable,7283.671538915295,0.0,30.01073579473568,-0.004473247806532754,lane_2,mainline,,normal,none,commit
BASIC-03,basic_long_dt_900,231,23.10000000000006,B03_TLV_CFV,cav,not_applicable,7241.758858396621,3.5,29.326361525923396,1.3447553882931254,lane_1,mainline,,normal,none,commit
BASIC-03,basic_long_dt_900,231,23.10000000000006,B03_TLV_CLV,cav,not_applicable,7283.683813536034,3.5,29.93070889701701,0.8995303474822671,lane_1,mainline,,normal,none,commit
BASIC-03,basic_long_dt_900,232,23.20000000000006,B03_MV,cav,not_applicable,7219.858805246855,-3.5,6.401977298702575,4.0,on_ramp,on_ramp_mv,,normal,not_started,commit
BASIC-03,basic_long_dt_900,232,23.20000000000006,B03_CLV,cav,not_applicable,7329.001775859242,3.5,29.99926005864893,0.000308308896279641,lane_1,mainline,,normal,none,commit
BASIC-03,basic_long_dt_900,232,23.20000000000006,B03_CFV,cav,not_applicable,7286.67256955159,0.0,30.010306362946253,-0.004294317894272127,lane_2,mainline,,normal,none,commit
BASIC-03,basic_long_dt_900,232,23.20000000000006,B03_TLV_CFV,cav,not_applicable,7244.69158800239,3.5,29.327296057692834,0.009345317694375188,lane_1,mainline,,normal,none,commit
BASIC-03,basic_long_dt_900,232,23.20000000000006,B03_TLV_CLV,cav,not_applicable,7286.673335128578,3.5,29.895215925447378,-0.3549297156963269,lane_1,mainline,,normal,none,commit
BASIC-03,basic_long_dt_900,233,23.30000000000006,B03_MV,cav,not_applicable,7220.483699323878,-3.5,6.248940770228234,4.0,on_ramp,on_ramp_mv,,normal,not_started,commit
BASIC-03,basic_long_dt_900,233,23.30000000000006,B03_CLV,cav,not_applicable,7332.001704824873,3.5,29.99928965630297,0.00029597654042845534,lane_1,mainline,,normal,none,commit
BASIC-03,basic_long_dt_900,233,23.30000000000006,B03_CFV,cav,not_applicable,7289.673558962432,0.0,30.0098941084284,-0.0041225451785010135,lane_2,mainline,,normal,none,commit
BASIC-03,basic_long_dt_900,233,23.30000000000006,B03_TLV_CFV,cav,not_applicable,7247.631666797122,3.5,29.400787947322375,0.7349188962953979,lane_1,mainline,,normal,none,commit
BASIC-03,basic_long_dt_900,233,23.30000000000006,B03_TLV_CLV,cav,not_applicable,7289.667225477995,3.5,29.93890349416313,0.43687568715755076,lane_1,mainline,,normal,none,commit
BASIC-03,basic_long_dt_900,234,23.400000000000063,B03_MV,cav,not_applicable,7221.093655575327,-3.5,6.099562514495965,4.0,on_ramp,on_ramp_mv,,normal,not_started,commit
BASIC-03,basic_long_dt_900,234,23.400000000000063,B03_CLV,cav,not_applicable,7335.001636631878,3.5,29.99931807005085,0.00028413747881188555,lane_1,mainline,,normal,none,commit
BASIC-03,basic_long_dt_900,234,23.400000000000063,B03_CFV,cav,not_applicable,7292.674508796841,0.0,30.009498344091266,-0.003957643371360575,lane_2,mainline,,normal,none,commit
BASIC-03,basic_long_dt_900,234,23.400000000000063,B03_TLV_CFV,cav,not_applicable,7250.585031291916,3.5,29.533644947928362,1.3285700060598709,lane_1,mainline,,normal,none,commit
BASIC-03,basic_long_dt_900,234,23.400000000000063,B03_TLV_CLV,cav,not_applicable,7292.653781173943,3.5,29.865556959476024,-0.7334653468710948,lane_1,mainline,,normal,none,commit
BASIC-03,basic_long_dt_900,235,23.500000000000064,B03_MV,cav,not_applicable,7221.689031083533,-3.5,5.953755082061087,4.0,on_ramp,on_ramp_mv,,normal,not_started,commit
BASIC-03,basic_long_dt_900,235,23.500000000000064,B03_CLV,cav,not_applicable,7338.001571166603,3.5,29.999345347248816,0.00027277197965958067,lane_1,mainline,,normal,none,commit
BASIC-03,basic_long_dt_900,235,23.500000000000064,B03_CFV,cav,not_applicable,7295.675420637874,0.0,30.009118410327616,-0.0037993376365065504,lane_2,mainline,,normal,none,commit
BASIC-03,basic_long_dt_900,235,23.500000000000064,B03_TLV_CFV,cav,not_applicable,7253.5383568140305,3.5,29.533255221151443,-0.003897267769196633,lane_1,mainline,,normal,none,commit
BASIC-03,basic_long_dt_900,235,23.500000000000064,B03_TLV_CLV,cav,not_applicable,7295.641608517052,3.5,29.87827343109566,0.12716471619637704,lane_1,mainline,,normal,none,commit
BASIC-03,basic_long_dt_900,236,23.600000000000065,B03_MV,cav,not_applicable,7222.270174394926,-3.5,5.811433113920025,4.0,on_ramp,on_ramp_mv,,normal,not_started,commit
BASIC-03,basic_long_dt_900,236,23.600000000000065,B03_CLV,cav,not_applicable,7341.001508319939,3.5,29.999371533358865,0.00026186110047348165,lane_1,mainline,,normal,none,commit
BASIC-03,basic_long_dt_900,236,23.600000000000065,B03_CFV,cav,not_applicable,7298.676296005265,0.0,30.008753673914512,-0.003647364131046516,lane_2,mainline,,normal,none,commit
BASIC-03,basic_long_dt_900,236,23.600000000000065,B03_TLV_CFV,cav,not_applicable,7256.498923176682,3.5,29.60566362651578,0.7240840536433846,lane_1,mainline,,normal,none,commit
BASIC-03,basic_long_dt_900,236,23.600000000000065,B03_TLV_CLV,cav,not_applicable,7298.637749026022,3.5,29.961405089693546,0.8313165859788539,lane_1,mainline,,normal,none,commit
BASIC-03,basic_long_dt_900,237,23.700000000000067,B03_MV,cav,not_applicable,7222.837425724079,-3.5,5.672513291540162,4.0,on_ramp,on_ramp_mv,,normal,not_started,commit
BASIC-03,basic_long_dt_900,237,23.700000000000067,B03_CLV,cav,not_applicable,7344.001447987142,3.5,29.99939667202451,0.0002513866564541445,lane_1,mainline,,normal,none,commit
BASIC-03,basic_long_dt_900,237,23.700000000000067,B03_CFV,cav,not_applicable,7301.67713635796,0.0,30.00840352695793,-0.0035014695658048822,lane_2,mainline,,normal,none,commit
BASIC-03,basic_long_dt_900,237,23.700000000000067,B03_TLV_CFV,cav,not_applicable,7259.460040231637,3.5,29.61117054954865,0.055069230328692154,lane_1,mainline,,normal,none,commit
BASIC-03,basic_long_dt_900,237,23.700000000000067,B03_TLV_CLV,cav,not_applicable,7301.62978212524,3.5,29.920330992182723,-0.4107409751082104,lane_1,mainline,,normal,none,commit
BASIC-03,basic_long_dt_900,238,23.800000000000068,B03_MV,cav,not_applicable,7223.391117152888,-3.5,5.536914288082644,4.0,on_ramp,on_ramp_mv,,normal,not_started,commit
BASIC-03,basic_long_dt_900,238,23.800000000000068,B03_CLV,cav,not_applicable,7347.001390067656,3.5,29.99942080514353,0.0002413311901960924,lane_1,mainline,,normal,none,commit
BASIC-03,basic_long_dt_900,238,23.800000000000068,B03_CFV,cav,not_applicable,7304.677943096548,0.0,30.008067385879613,-0.003361410783172403,lane_2,mainline,,normal,none,commit
BASIC-03,basic_long_dt_900,238,23.800000000000068,B03_TLV_CFV,cav,not_applicable,7262.428880580295,3.5,29.68840348657554,0.77232937026893,lane_1,mainline,,normal,none,commit
BASIC-03,basic_long_dt_900,238,23.800000000000068,B03_TLV_CLV,cav,not_applicable,7304.625727343753,3.5,29.959452185128416,0.3912119294569188,lane_1,mainline,,normal,none,commit
BASIC-03,basic_long_dt_900,239,23.90000000000007,B03_MV,cav,not_applicable,7223.931572824968,-3.5,5.404556720791581,4.0,on_ramp,on_ramp_mv,,normal,not_started,commit
BASIC-03,basic_long_dt_900,239,23.90000000000007,B03_CLV,cav,not_applicable,7350.00133446495,3.5,29.999443972937787,0.0002316779425882487,lane_1,mainline,,normal,none,commit
BASIC-03,basic_long_dt_900,239,23.90000000000007,B03_CFV,cav,not_applicable,7307.678717565593,0.0,30.00774469044443,-0.0032269543518452792,lane_2,mainline,,normal,none,commit
BASIC-03,basic_long_dt_900,239,23.90000000000007,B03_TLV_CFV,cav,not_applicable,7265.3931308965275,3.5,29.642503162324818,-0.459003242507239,lane_1,mainline,,normal,none,commit
BASIC-03,basic_long_dt_900,239,23.90000000000007,B03_TLV_CLV,cav,not_applicable,7307.616325525694,3.5,29.905981819412684,-0.5347036571573243,lane_1,mainline,,normal,none,commit
BASIC-03,basic_long_dt_900,240,24.00000000000007,B03_MV,cav,not_applicable,7224.45910913542,-3.5,5.275363104522267,4.0,on_ramp,on_ramp_mv,,normal,not_started,commit
BASIC-03,basic_long_dt_900,240,24.00000000000007,B03_CLV,cav,not_applicable,7353.001281086352,3.5,29.999466214020273,0.00022241082488534404,lane_1,mainline,,normal,none,commit
BASIC-03,basic_long_dt_900,240,24.00000000000007,B03_CFV,cav,not_applicable,7310.679461055875,0.0,30.007434902826652,-0.0030978761777717525,lane_2,mainline,,normal,none,commit
BASIC-03,basic_long_dt_900,240,24.00000000000007,B03_TLV_CFV,cav,not_applicable,7268.360898458957,3.5,29.6776756243015,0.3517246197668045,lane_1,mainline,,normal,none,commit
BASIC-03,basic_long_dt_900,240,24.00000000000007,B03_TLV_CLV,cav,not_applicable,7310.609821586804,3.5,29.93496061109981,0.2897879168712802,lane_1,mainline,,normal,none,commit
BASIC-03,basic_long_dt_900,241,24.100000000000072,B03_MV,cav,not_applicable,7224.9740349160575,-3.5,5.149257806379284,4.0,on_ramp,on_ramp_mv,,normal,not_started,commit
BASIC-03,basic_long_dt_900,241,24.100000000000072,B03_CLV,cav,not_applicable,7356.001229842897,3.5,29.99948756545946,0.0002135143918906124,lane_1,mainline,,normal,none,commit
BASIC-03,basic_long_dt_900,241,24.100000000000072,B03_CFV,cav,not_applicable,7313.680174806546,0.0,30.007137506713587,-0.002973961130660996,lane_2,mainline,,normal,none,commit
BASIC-03,basic_long_dt_900,241,24.100000000000072,B03_TLV_CFV,cav,not_applicable,7271.3388164955495,3.5,29.779180365918783,1.01504741617284,lane_1,mainline,,normal,none,commit
BASIC-03,basic_long_dt_900,241,24.100000000000072,B03_TLV_CLV,cav,not_applicable,7313.612961367234,3.5,30.031397804298372,0.9643719319855929,lane_1,mainline,,normal,none,commit
BASIC-03,basic_long_dt_900,242,24.200000000000074,B03_MV,cav,not_applicable,7225.476651616202,-3.5,5.026167001438832,4.0,on_ramp,on_ramp_mv,,normal,not_started,commit
BASIC-03,basic_long_dt_900,242,24.200000000000074,B03_CLV,cav,not_applicable,7359.001180649181,3.5,29.999508062841084,0.00020497381621567003,lane_1,mainline,,normal,none,commit
BASIC-03,basic_long_dt_900,242,24.200000000000074,B03_CFV,cav,not_applicable,7316.680860007191,0.0,30.006852006445044,-0.002855002685434727,lane_2,mainline,,normal,none,commit
BASIC-03,basic_long_dt_900,242,24.200000000000074,B03_TLV_CFV,cav,not_applicable,7274.314130374637,3.5,29.753138790878378,-0.26041575040403997,lane_1,mainline,,normal,none,commit
BASIC-03,basic_long_dt_900,242,24.200000000000074,B03_TLV_CLV,cav,not_applicable,7316.613082372562,3.5,30.00121005327901,-0.30187751019360576,lane_1,mainline,,normal,none,commit
BASIC-03,basic_long_dt_900,243,24.300000000000075,B03_MV,cav,not_applicable,7225.967253479154,-3.5,4.906018629530502,4.0,on_ramp,on_ramp_mv,,normal,not_started,commit
BASIC-03,basic_long_dt_900,243,24.300000000000075,B03_CLV,cav,not_applicable,7362.001133423214,3.5,29.99952774032744,0.00019677486356641796,lane_1,mainline,,normal,none,commit
BASIC-03,basic_long_dt_900,243,24.300000000000075,B03_CFV,cav,not_applicable,7319.68151779981,0.0,30.00657792618724,-0.002740802578017565,lane_2,mainline,,normal,none,commit
BASIC-03,basic_long_dt_900,243,24.300000000000075,B03_TLV_CFV,cav,not_applicable,7277.294586306676,3.5,29.804559320390773,0.5142052951239673,lane_1,mainline,,normal,none,commit
BASIC-03,basic_long_dt_900,243,24.300000000000075,B03_TLV_CLV,cav,not_applicable,7319.61800619826,3.5,30.049238256990442,0.4802820371143226,lane_1,mainline,,normal,none,commit
BASIC-03,basic_long_dt_900,244,24.400000000000077,B03_MV,cav,not_applicable,7226.446127714459,-3.5,4.788742353051752,4.0,on_ramp,on_ramp_mv,,normal,not_started,commit
BASIC-03,basic_long_dt_900,244,24.400000000000077,B03_CLV,cav,not_applicable,7365.001088086286,3.5,29.99954663071434,0.00018890386902370437,lane_1,mainline,,normal,none,commit
BASIC-03,basic_long_dt_900,244,24.400000000000077,B03_CFV,cav,not_applicable,7322.682149280724,0.0,30.006314809139752,-0.002631170474896294,lane_2,mainline,,normal,none,commit
BASIC-03,basic_long_dt_900,244,24.400000000000077,B03_TLV_CFV,cav,not_applicable,7280.283751523355,3.5,29.891652166792124,0.8709284640135067,lane_1,mainline,,normal,none,commit
BASIC-03,basic_long_dt_900,244,24.400000000000077,B03_TLV_CLV,cav,not_applicable,7322.615950513354,3.5,29.97944315093616,-0.697951060542827,lane_1,mainline,,normal,none,commit
BASIC-03,basic_long_dt_900,245,24.500000000000078,B03_MV,cav,not_applicable,7226.913554666038,-3.5,4.6742695157898595,4.0,on_ramp,on_ramp_mv,,normal,not_started,commit
BASIC-03,basic_long_dt_900,245,24.500000000000078,B03_CLV,cav,not_applicable,7368.001044562834,3.5,29.99956476548577,0.00018134771426332464,lane_1,mainline,,normal,none,commit
BASIC-03,basic_long_dt_900,245,24.500000000000078,B03_CFV,cav,not_applicable,7325.682755502401,0.0,30.00606221677416,-0.002525923655900897,lane_2,mainline,,normal,none,commit
BASIC-03,basic_long_dt_900,245,24.500000000000078,B03_TLV_CFV,cav,not_applicable,7283.269133427467,3.5,29.853819041120502,-0.3783312567162218,lane_1,mainline,,normal,none,commit
BASIC-03,basic_long_dt_900,245,24.500000000000078,B03_TLV_CLV,cav,not_applicable,7325.615457047043,3.5,29.995065336891745,0.15622185955586887,lane_1,mainline,,normal,none,commit
BASIC-03,basic_long_dt_900,246,24.60000000000008,B03_MV,cav,not_applicable,7227.369807976311,-3.5,4.562533102729623,4.0,on_ramp,on_ramp_mv,,normal,not_started,commit
BASIC-03,basic_long_dt_900,246,24.60000000000008,B03_CLV,cav,not_applicable,7371.001002780321,3.5,29.999582174866337,0.00017409380569262113,lane_1,mainline,,normal,none,commit
BASIC-03,basic_long_dt_900,246,24.60000000000008,B03_CFV,cav,not_applicable,7328.683337475211,0.0,30.005819728103194,-0.00242488670966452,lane_2,mainline,,normal,none,commit
BASIC-03,basic_long_dt_900,246,24.60000000000008,B03_TLV_CFV,cav,not_applicable,7286.258692621297,3.5,29.895591938298267,0.41772897177763674,lane_1,mainline,,normal,none,commit
BASIC-03,basic_long_dt_900,246,24.60000000000008,B03_TLV_CLV,cav,not_applicable,7328.623514486855,3.5,30.080574398128135,0.8550906123638927,lane_1,mainline,,normal,none,commit
BASIC-03,basic_long_dt_900,247,24.70000000000008,B03_MV,cav,not_applicable,7227.815154746393,-3.5,4.453467700821359,4.0,on_ramp,on_ramp_mv,,normal,not_started,commit
BASIC-03,basic_long_dt_900,247,24.70000000000008,B03_CLV,cav,not_applicable,7374.000962669108,3.5,29.999598887871684,0.0001671300534653142,lane_1,mainline,,normal,none,commit
BASIC-03,basic_long_dt_900,247,24.70000000000008,B03_CFV,cav,not_applicable,7331.683896169109,0.0,30.005586938979068,-0.0023278912412777685,lane_2,mainline,,normal,none,commit
BASIC-03,basic_long_dt_900,247,24.70000000000008,B03_TLV_CFV,cav,not_applicable,7289.256878568477,3.5,29.981859471795463,0.8626753349719432,lane_1,mainline,,normal,none,commit
BASIC-03,basic_long_dt_900,247,24.70000000000008,B03_TLV_CLV,cav,not_applicable,7331.627659031678,3.5,30.041445448230636,-0.3912894989749969,lane_1,mainline,,normal,none,commit
BASIC-03,basic_long_dt_900,248,24.800000000000082,B03_MV,cav,not_applicable,7228.249855692462,-3.5,4.347009460685947,4.0,on_ramp,on_ramp_mv,,normal,not_started,commit
BASIC-03,basic_long_dt_900,248,24.800000000000082,B03_CLV,cav,not_applicable,7377.000924162344,3.5,29.999614932356817,0.00016044485132624687,lane_1,mainline,,normal,none,commit
BASIC-03,basic_long_dt_900,248,24.800000000000082,B03_CFV,cav,not_applicable,7334.6844325152515,0.0,30.005363461419904,-0.0022347755916271696,lane_2,mainline,,normal,none,commit
BASIC-03,basic_long_dt_900,248,24.800000000000082,B03_TLV_CFV,cav,not_applicable,7292.2512136774885,3.5,29.94335109011135,-0.38508381684113735,lane_1,mainline,,normal,none,commit
BASIC-03,basic_long_dt_900,248,24.800000000000082,B03_TLV_CLV,cav,not_applicable,7334.635874844237,3.5,30.082158125587227,0.4071267735659117,lane_1,mainline,,normal,none,commit
BASIC-03,basic_long_dt_900,249,24.900000000000084,B03_MV,cav,not_applicable,7228.674165298386,-3.5,4.243096059236689,4.0,on_ramp,on_ramp_mv,,normal,not_started,commit
BASIC-03,basic_long_dt_900,249,24.900000000000084,B03_CLV,cav,not_applicable,7380.00088719585,3.5,29.999630335062545,0.00015402705727325384,lane_1,mainline,,normal,none,commit
BASIC-03,basic_long_dt_900,249,24.900000000000084,B03_CFV,cav,not_applicable,7337.684947407548,0.0,30.00514892296311,-0.002145384567961628,lane_2,mainline,,normal,none,commit
BASIC-03,basic_long_dt_900,249,24.900000000000084,B03_TLV_CFV,cav,not_applicable,7295.249670827999,3.5,29.984571505097076,0.4122041498572513,lane_1,mainline,,normal,none,commit
BASIC-03,basic_long_dt_900,249,24.900000000000084,B03_TLV_CLV,cav,not_applicable,7337.636512603125,3.5,30.006377588878983,-0.7578053670824358,lane_1,mainline,,normal,none,commit
BASIC-03,basic_long_dt_900,250,25.000000000000085,B03_MV,cav,not_applicable,7229.088331964705,-3.5,4.141666663193641,4.0,on_ramp,on_ramp_mv,,normal,not_started,commit
BASIC-03,basic_long_dt_900,250,25.000000000000085,B03_CLV,cav,not_applicable,7383.000851708016,3.5,29.99964512166004,0.00014786597498215315,lane_1,mainline,,normal,none,commit
BASIC-03,basic_long_dt_900,250,25.000000000000085,B03_CFV,cav,not_applicable,7340.685441704152,0.0,30.004942966044585,-0.002059569185243504,lane_2,mainline,,normal,none,commit
BASIC-03,basic_long_dt_900,250,25.000000000000085,B03_TLV_CFV,cav,not_applicable,7298.240591467007,3.5,29.909206390085398,-0.7536511501167944,lane_1,mainline,,normal,none,commit
BASIC-03,basic_long_dt_900,250,25.000000000000085,B03_TLV_CLV,cav,not_applicable,7340.638222863555,3.5,30.017102604299513,0.10725015420527984,lane_1,mainline,,normal,none,commit
BASIC-03,basic_long_dt_900,251,25.100000000000087,B03_MV,cav,not_applicable,7229.492598154052,-3.5,4.04266189347021,4.0,on_ramp,on_ramp_mv,,normal,not_started,commit
BASIC-03,basic_long_dt_900,251,25.100000000000087,B03_CLV,cav,not_applicable,7386.000817639695,3.5,29.99965931679364,0.0001419513359834923,lane_1,mainline,,normal,none,commit
BASIC-03,basic_long_dt_900,251,25.100000000000087,B03_CFV,cav,not_applicable,7343.685916228893,0.0,30.004745247402802,-0.0019771864178338206,lane_2,mainline,,normal,none,commit
BASIC-03,basic_long_dt_900,251,25.100000000000087,B03_TLV_CFV,cav,not_applicable,7301.232618596606,3.5,29.920271295984932,0.11064905899535016,lane_1,mainline,,normal,none,commit
BASIC-03,basic_long_dt_900,251,25.100000000000087,B03_TLV_CLV,cav,not_applicable,7343.648083352519,3.5,30.098604889643582,0.8150228534406835,lane_1,mainline,,normal,none,commit
BASIC-03,basic_long_dt_900,252,25.200000000000088,B03_MV,cav,not_applicable,7229.887200533093,-3.5,3.946023790411323,4.0,on_ramp,on_ramp_mv,,normal,not_started,commit
BASIC-03,basic_long_dt_900,252,25.200000000000088,B03_CLV,cav,not_applicable,7389.000784934107,3.5,29.999672944121894,0.0001362732825441526,lane_1,mainline,,normal,none,commit
BASIC-03,basic_long_dt_900,252,25.200000000000088,B03_CFV,cav,not_applicable,7346.686371772644,0.0,30.00455543750669,-0.0018980989611208088,lane_2,mainline,,normal,none,commit
BASIC-03,basic_long_dt_900,252,25.200000000000088,B03_TLV_CFV,cav,not_applicable,7304.2328237639595,3.5,30.002051673539096,0.8178037755416502,lane_1,mainline,,normal,none,commit
BASIC-03,basic_long_dt_900,252,25.200000000000088,B03_TLV_CLV,cav,not_applicable,7346.653703119376,3.5,30.056197668561456,-0.4240722108212589,lane_1,mainline,,normal,none,commit
BASIC-03,basic_long_dt_900,253,25.30000000000009,B03_MV,cav,not_applicable,7230.27237011108,-3.5,3.851695779863004,4.0,on_ramp,on_ramp_mv,,normal,not_started,commit
BASIC-03,basic_long_dt_900,253,25.30000000000009,B03_CLV,cav,not_applicable,7392.000753536743,3.5,29.99968602635702,0.00013082235124244336,lane_1,mainline,,normal,none,commit
BASIC-03,basic_long_dt_900,253,25.30000000000009,B03_CFV,cav,not_applicable,7349.686809094645,0.0,30.00437322000642,-0.0018221750026754082,lane_2,mainline,,normal,none,commit
BASIC-03,basic_long_dt_900,253,25.30000000000009,B03_TLV_CFV,cav,not_applicable,7307.228810962204,3.5,29.959871982447048,-0.421796910920468,lane_1,mainline,,normal,none,commit
BASIC-03,basic_long_dt_900,253,25.30000000000009,B03_TLV_CLV,cav,not_applicable,7349.66312593178,3.5,30.094228124039716,0.3803045547826064,lane_1,mainline,,normal,none,commit
BASIC-03,basic_long_dt_900,254,25.40000000000009,B03_MV,cav,not_applicable,7230.648332375085,-3.5,3.7596226400520014,4.0,on_ramp,on_ramp_mv,,normal,not_started,commit
BASIC-03,basic_long_dt_900,254,25.40000000000009,B03_CLV,cav,not_applicable,7395.000723395274,3.5,29.99969858530274,0.00012558945719263193,lane_1,mainline,,normal,none,commit
BASIC-03,basic_long_dt_900,254,25.40000000000009,B03_CFV,cav,not_applicable,7352.687228923765,0.0,30.004198291206166,-0.0017492880025685054,lane_2,mainline,,normal,none,commit
BASIC-03,basic_long_dt_900,254,25.40000000000009,B03_TLV_CFV,cav,not_applicable,7310.228619822086,3.5,29.998088598826282,0.3821661637923444,lane_1,mainline,,normal,none,commit
BASIC-03,basic_long_dt_900,254,25.40000000000009,B03_TLV_CLV,cav,not_applicable,7352.664751235996,3.5,30.016253042158294,-0.779750818814231,lane_1,mainline,,normal,none,commit
BASIC-03,basic_long_dt_900,255,25.500000000000092,B03_MV,cav,not_applicable,7231.015307422012,-3.5,3.669750469258109,4.0,on_ramp,on_ramp_mv,,normal,not_started,commit
BASIC-03,basic_long_dt_900,255,25.500000000000092,B03_CLV,cav,not_applicable,7398.0006944594625,3.5,29.99971064189063,0.00012056587890469929,lane_1,mainline,,normal,none,commit
BASIC-03,basic_long_dt_900,255,25.500000000000092,B03_CFV,cav,not_applicable,7355.687631959721,0.0,30.00403035955792,-0.00167931648246622,lane_2,mainline,,normal,none,commit
BASIC-03,basic_long_dt_900,255,25.500000000000092,B03_TLV_CFV,cav,not_applicable,7313.22323628501,3.5,29.94616462923333,-0.5192396959295386,lane_1,mainline,,normal,none,commit
BASIC-03,basic_long_dt_900,255,25.500000000000092,B03_TLV_CLV,cav,not_applicable,7355.667269488058,3.5,30.025182520618948,0.08929478460653828,lane_1,mainline,,normal,none,commit
BASIC-03,basic_long_dt_900,256,25.600000000000094,B03_MV,cav,not_applicable,7231.373510087437,-3.5,3.5820266542585038,4.0,on_ramp,on_ramp_mv,,normal,not_started,commit
BASIC-03,basic_long_dt_900,256,25.600000000000094,B03_CLV,cav,not_applicable,7401.000666681084,3.5,29.999722216215005,0.00011574324374805656,lane_1,mainline,,normal,none,commit
BASIC-03,basic_long_dt_900,256,25.600000000000094,B03_CFV,cav,not_applicable,7358.688018874239,0.0,30.003869145175603,-0.0016121438231678554,lane_2,mainline,,normal,none,commit
BASIC-03,basic_long_dt_900,256,25.600000000000094,B03_TLV_CFV,cav,not_applicable,7316.220877150421,3.5,29.97640865411182,0.30244024878492304,lane_1,mainline,,normal,none,commit
BASIC-03,basic_long_dt_900,256,25.600000000000094,B03_TLV_CLV,cav,not_applicable,7358.677791061085,3.5,30.105215730268572,0.8003320964962586,lane_1,mainline,,normal,none,commit
BASIC-03,basic_long_dt_900,257,25.700000000000095,B03_MV,cav,not_applicable,7231.72315007139,-3.5,3.4963998395271583,4.0,on_ramp,on_ramp_mv,,normal,not_started,commit
BASIC-03,basic_long_dt_900,257,25.700000000000095,B03_CLV,cav,not_applicable,7404.000640013841,3.5,29.999733327566403,0.00011111351399790693,lane_1,mainline,,normal,none,commit
BASIC-03,basic_long_dt_900,257,25.700000000000095,B03_CFV,cav,not_applicable,7361.688390312176,0.0,30.003714379368578,-0.001547658070241198,lane_2,mainline,,normal,none,commit
BASIC-03,basic_long_dt_900,257,25.700000000000095,B03_TLV_CFV,cav,not_applicable,7319.228265254232,3.5,30.073881038103316,0.974723839914937,lane_1,mainline,,normal,none,commit
BASIC-03,basic_long_dt_900,257,25.700000000000095,B03_TLV_CLV,cav,not_applicable,7361.683951714902,3.5,30.06160653816372,-0.4360919210485157,lane_1,mainline,,normal,none,commit
BASIC-03,basic_long_dt_900,258,25.800000000000097,B03_MV,cav,not_applicable,7232.064432061106,-3.5,3.41281989716975,4.0,on_ramp,on_ramp_mv,,normal,not_started,commit
BASIC-03,basic_long_dt_900,258,25.800000000000097,B03_CLV,cav,not_applicable,7407.000614413288,3.5,29.999743994463746,0.00010666897343867277,lane_1,mainline,,normal,none,commit
BASIC-03,basic_long_dt_900,258,25.800000000000097,B03_CFV,cav,not_applicable,7364.688746892595,0.0,30.003565804193833,-0.0014857517474311521,lane_2,mainline,,normal,none,commit
BASIC-03,basic_long_dt_900,258,25.800000000000097,B03_TLV_CFV,cav,not_applicable,7322.232719280369,3.5,30.044540261369082,-0.2934077673423242,lane_1,mainline,,normal,none,commit
BASIC-03,basic_long_dt_900,258,25.800000000000097,B03_TLV_CLV,cav,not_applicable,7364.693817071183,3.5,30.098653562805204,0.3704702464148508,lane_1,mainline,,normal,none,commit
BASIC-03,basic_long_dt_900,259,25.900000000000098,B03_MV,cav,not_applicable,7232.397555850864,-3.5,3.3312378975777657,4.0,on_ramp,on_ramp_mv,,normal,not_started,commit
BASIC-03,basic_long_dt_900,259,25.900000000000098,B03_CLV,cav,not_applicable,7410.000589836756,3.5,29.999754234685195,0.00010240221450175113,lane_1,mainline,,normal,none,commit
BASIC-03,basic_long_dt_900,259,25.900000000000098,B03_CFV,cav,not_applicable,7367.689089209798,0.0,30.00342317202608,-0.0014263216775333377,lane_2,mainline,,normal,none,commit
BASIC-03,basic_long_dt_900,259,25.900000000000098,B03_TLV_CFV,cav,not_applicable,7325.242045424773,3.5,30.093261444041072,0.4872118267199166,lane_1,mainline,,normal,none,commit
BASIC-03,basic_long_dt_900,259,25.900000000000098,B03_TLV_CLV,cav,not_applicable,7367.695804456752,3.5,30.019873855693692,-0.787797071115122,lane_1,mainline,,normal,none,commit
BASIC-03,basic_long_dt_900,260,26.0000000000001,B03_MV,cav,not_applicable,7232.722716458942,-3.5,3.2516060807841924,4.0,on_ramp,on_ramp_mv,,normal,not_started,commit
BASIC-03,basic_long_dt_900,260,26.0000000000001,B03_CLV,cav,not_applicable,7413.000566243286,3.5,29.999764065297786,9.830612592196531e-05,lane_1,mainline,,normal,none,commit
BASIC-03,basic_long_dt_900,260,26.0000000000001,B03_CFV,cav,not_applicable,7370.689417834313,0.0,30.003286245145034,-0.001369268810431379,lane_2,mainline,,normal,none,commit
BASIC-03,basic_long_dt_900,260,26.0000000000001,B03_TLV_CFV,cav,not_applicable,7328.24444875685,3.5,30.024033320772702,-0.6922812326837046,lane_1,mainline,,normal,none,commit
BASIC-03,basic_long_dt_900,260,26.0000000000001,B03_TLV_CLV,cav,not_applicable,7370.6986189571935,3.5,30.028145004420637,0.08271148726944577,lane_1,mainline,,normal,none,commit
BASIC-03,basic_long_dt_900,261,26.1000000000001,B03_MV,cav,not_applicable,7233.0401042417925,-3.5,3.1738778285033997,4.0,on_ramp,on_ramp_mv,,normal,not_started,commit
BASIC-03,basic_long_dt_900,261,26.1000000000001,B03_CLV,cav,not_applicable,7416.0005435935545,3.5,29.999773502685873,9.437388088571197e-05,lane_1,mainline,,normal,none,commit
BASIC-03,basic_long_dt_900,261,26.1000000000001,B03_CFV,cav,not_applicable,7373.689733313847,0.0,30.00315479533923,-0.001314498058013669,lane_2,mainline,,normal,none,commit
BASIC-03,basic_long_dt_900,261,26.1000000000001,B03_TLV_CFV,cav,not_applicable,7331.248460697024,3.5,30.040119401734945,0.16086080962242355,lane_1,mainline,,normal,none,commit
BASIC-03,basic_long_dt_900,261,26.1000000000001,B03_TLV_CLV,cav,not_applicable,7373.709382915259,3.5,30.107639580651774,0.7949457623113647,lane_1,mainline,,normal,none,commit
BASIC-03,basic_long_dt_900,262,26.200000000000102,B03_MV,cav,not_applicable,7233.349905005476,-3.5,3.0980076368402103,4.0,on_ramp,on_ramp_mv,,normal,not_started,commit
BASIC-03,basic_long_dt_900,262,26.200000000000102,B03_CLV,cav,not_applicable,7419.000521849813,3.5,29.99978256257844,9.059892565090878e-05,lane_1,mainline,,normal,none,commit
BASIC-03,basic_long_dt_900,262,26.200000000000102,B03_CFV,cav,not_applicable,7376.690036174199,0.0,30.003028603525664,-0.001261918135692497,lane_2,mainline,,normal,none,commit
BASIC-03,basic_long_dt_900,262,26.200000000000102,B03_TLV_CFV,cav,not_applicable,7334.261061498367,3.5,30.126008013431324,0.8588861169638011,lane_1,mainline,,normal,none,commit
BASIC-03,basic_long_dt_900,262,26.200000000000102,B03_TLV_CLV,cav,not_applicable,7376.715741884107,3.5,30.06358968847725,-0.4404989217452471,lane_1,mainline,,normal,none,commit
BASIC-03,basic_long_dt_900,263,26.300000000000104,B03_MV,cav,not_applicable,7233.6523001144415,-3.5,3.023951089650555,4.0,on_ramp,on_ramp_mv,,normal,not_started,commit
BASIC-03,basic_long_dt_900,263,26.300000000000104,B03_CLV,cav,not_applicable,7422.000500975821,3.5,29.999791260075302,8.697496862453136e-05,lane_1,mainline,,normal,none,commit
BASIC-03,basic_long_dt_900,263,26.300000000000104,B03_CFV,cav,not_applicable,7379.6903269201375,0.0,30.002907459384637,-0.0012114414102654793,lane_2,mainline,,normal,none,commit
BASIC-03,basic_long_dt_900,263,26.300000000000104,B03_TLV_CFV,cav,not_applicable,7337.269780458849,3.5,30.087189604819272,-0.38818408612052635,lane_1,mainline,,normal,none,commit
BASIC-03,basic_long_dt_900,263,26.300000000000104,B03_TLV_CLV,cav,not_applicable,7379.725769498141,3.5,30.100276140334458,0.36686451857207064,lane_1,mainline,,normal,none,commit
BASIC-03,basic_long_dt_900,264,26.400000000000105,B03_MV,cav,not_applicable,7233.947466597695,-3.5,2.9516648325389174,4.0,on_ramp,on_ramp_mv,,normal,not_started,commit
BASIC-03,basic_long_dt_900,264,26.400000000000105,B03_CLV,cav,not_applicable,7425.000480936787,3.5,29.99979960967229,8.349596987926589e-05,lane_1,mainline,,normal,none,commit
BASIC-03,basic_long_dt_900,264,26.400000000000105,B03_CFV,cav,not_applicable,7382.690606036238,0.0,30.002791161009252,-0.0011629837538549737,lane_2,mainline,,normal,none,commit
BASIC-03,basic_long_dt_900,264,26.400000000000105,B03_TLV_CFV,cav,not_applicable,7340.2825960949895,3.5,30.12815636140941,0.4096675659013876,lane_1,mainline,,normal,none,commit
BASIC-03,basic_long_dt_900,264,26.400000000000105,B03_TLV_CLV,cav,not_applicable,7382.727889640054,3.5,30.02120141912672,-0.7907472120773966,lane_1,mainline,,normal,none,commit
BASIC-03,basic_long_dt_900,265,26.500000000000107,B03_MV,cav,not_applicable,7234.235577252442,-3.5,2.881106547478671,4.0,on_ramp,on_ramp_mv,,normal,not_started,commit
BASIC-03,basic_long_dt_900,265,26.500000000000107,B03_CLV,cav,not_applicable,7428.000461699316,3.5,29.9998076252854,8.015613108369735e-05,lane_1,mainline,,normal,none,commit
BASIC-03,basic_long_dt_900,265,26.500000000000107,B03_CFV,cav,not_applicable,7385.690873987695,0.0,30.002679514568882,-0.0011164644037009452,lane_2,mainline,,normal,none,commit
BASIC-03,basic_long_dt_900,265,26.500000000000107,B03_TLV_CFV,cav,not_applicable,7343.287854465761,3.5,30.052583707710433,-0.7557265369897737,lane_1,mainline,,normal,none,commit
BASIC-03,basic_long_dt_900,265,26.500000000000107,B03_TLV_CLV,cav,not_applicable,7385.730812759322,3.5,30.029231192684023,0.08029773557303921,lane_1,mainline,,normal,none,commit
BASIC-03,basic_long_dt_900,266,26.600000000000108,B03_MV,cav,not_applicable,7234.516800745246,-3.5,2.812234928037023,4.0,on_ramp,on_ramp_mv,,normal,not_started,commit
BASIC-03,basic_long_dt_900,266,26.600000000000108,B03_CLV,cav,not_applicable,7431.000443231343,3.5,29.99981532027398,7.694988584034946e-05,lane_1,mainline,,normal,none,commit
BASIC-03,basic_long_dt_900,266,26.600000000000108,B03_CFV,cav,not_applicable,7388.691131221094,0.0,30.002572333986127,-0.0010718058275529074,lane_2,mainline,,normal,none,commit
BASIC-03,basic_long_dt_900,266,26.600000000000108,B03_TLV_CFV,cav,not_applicable,7346.294202346684,3.5,30.06347880922945,0.10895101519018524,lane_1,mainline,,normal,none,commit
BASIC-03,basic_long_dt_900,266,26.600000000000108,B03_TLV_CLV,cav,not_applicable,7388.740249336414,3.5,30.094365770916298,0.6513457823227585,lane_1,mainline,,normal,none,commit
BASIC-03,basic_long_dt_900,267,26.70000000000011,B03_MV,cav,not_applicable,7234.791301710765,-3.5,2.7450096551939347,4.0,on_ramp,on_ramp_mv,,normal,not_started,commit
BASIC-03,basic_long_dt_900,267,26.70000000000011,B03_CLV,cav,not_applicable,7434.000425502089,3.5,29.99982270746302,7.38718904074176e-05,lane_1,mainline,,normal,none,commit
BASIC-03,basic_long_dt_900,267,26.70000000000011,B03_CFV,cav,not_applicable,7391.6913781651565,0.0,30.002469440626683,-0.0010289335944506206,lane_2,mainline,,normal,none,commit
BASIC-03,basic_long_dt_900,267,26.70000000000011,B03_TLV_CFV,cav,not_applicable,7349.308714372277,3.5,30.14512025592683,0.816414466973788,lane_1,mainline,,normal,none,commit
BASIC-03,basic_long_dt_900,267,26.70000000000011,B03_TLV_CLV,cav,not_applicable,7391.7441060153615,3.5,30.03856678946998,-0.5579898144631975,lane_1,mainline,,normal,none,commit
BASIC-03,basic_long_dt_900,268,26.80000000000011,B03_MV,cav,not_applicable,7235.059240848139,-3.5,2.679391373738264,4.0,on_ramp,on_ramp_mv,,normal,not_started,commit
BASIC-03,basic_long_dt_900,268,26.80000000000011,B03_CLV,cav,not_applicable,7437.000408482005,3.5,29.9998297991645,7.09170147914051e-05,lane_1,mainline,,normal,none,commit
BASIC-03,basic_long_dt_900,268,26.80000000000011,B03_CFV,cav,not_applicable,7394.691615231457,0.0,30.002370663001617,-0.000987776250673278,lane_2,mainline,,normal,none,commit
BASIC-03,basic_long_dt_900,268,26.80000000000011,B03_TLV_CFV,cav,not_applicable,7352.31899706169,3.5,30.102826894133777,-0.4229336179305371,lane_1,mainline,,normal,none,commit
BASIC-03,basic_long_dt_900,268,26.80000000000011,B03_TLV_CLV,cav,not_applicable,7394.750670050372,3.5,30.065640350104808,0.270735606348293,lane_1,mainline,,normal,none,commit
BASIC-03,basic_long_dt_900,269,26.900000000000112,B03_MV,cav,not_applicable,7235.320775015061,-3.5,2.615341669228304,4.0,on_ramp,on_ramp_mv,,normal,not_started,commit
BASIC-03,basic_long_dt_900,269,26.900000000000112,B03_CLV,cav,not_applicable,7440.000392142724,3.5,29.99983660719792,6.808033419929416e-05,lane_1,mainline,,normal,none,commit
BASIC-03,basic_long_dt_900,269,26.900000000000112,B03_CFV,cav,not_applicable,7397.691842815105,0.0,30.00227583648155,-0.0009482652006468584,lane_2,mainline,,normal,none,commit
BASIC-03,basic_long_dt_900,269,26.900000000000112,B03_TLV_CFV,cav,not_applicable,7355.333092112412,3.5,30.14095050721219,0.38123613078410606,lane_1,mainline,,normal,none,commit
BASIC-03,basic_long_dt_900,269,26.900000000000112,B03_TLV_CLV,cav,not_applicable,7397.748540103979,3.5,29.978700536078758,-0.8693981402604875,lane_1,mainline,,normal,none,commit
BASIC-03,basic_long_dt_900,270,27.000000000000114,B03_MV,cav,not_applicable,7235.576057319612,-3.5,2.5528230455034615,4.0,on_ramp,on_ramp_mv,,normal,not_started,commit
BASIC-03,basic_long_dt_900,270,27.000000000000114,B03_CLV,cav,not_applicable,7443.000376457016,3.5,29.999843142910002,6.535712083177714e-05,lane_1,mainline,,normal,none,commit
BASIC-03,basic_long_dt_900,270,27.000000000000114,B03_CFV,cav,not_applicable,7400.692061295407,0.0,30.00218480302229,-0.000910334592620643,lane_2,mainline,,normal,none,commit
BASIC-03,basic_long_dt_900,270,27.000000000000114,B03_TLV_CFV,cav,not_applicable,7358.33939727693,3.5,30.063051645185435,-0.7789886202675496,lane_1,mainline,,normal,none,commit
BASIC-03,basic_long_dt_900,270,27.000000000000114,B03_TLV_CLV,cav,not_applicable,7400.746569627348,3.5,29.98029523369381,0.015946976150510328,lane_1,mainline,,normal,none,commit
BASIC-03,basic_long_dt_900,271,27.100000000000115,B03_MV,cav,not_applicable,7235.825237209885,-3.5,2.491798902732288,4.0,on_ramp,on_ramp_mv,,normal,not_started,commit
BASIC-03,basic_long_dt_900,271,27.100000000000115,B03_CLV,cav,not_applicable,7446.000361398735,3.5,29.9998494171936,6.27428359990745e-05,lane_1,mainline,,normal,none,commit
BASIC-03,basic_long_dt_900,271,27.100000000000115,B03_CFV,cav,not_applicable,7403.692271036497,0.0,30.002097410901396,-0.0008739212089153626,lane_2,mainline,,normal,none,commit
BASIC-03,basic_long_dt_900,271,27.100000000000115,B03_TLV_CFV,cav,not_applicable,7361.346601625464,3.5,30.072043485345365,0.08991840159927766,lane_1,mainline,,normal,none,commit
BASIC-03,basic_long_dt_900,271,27.100000000000115,B03_TLV_CLV,cav,not_applicable,7403.75200235325,3.5,30.054327259015214,0.7403202532140539,lane_1,mainline,,normal,none,commit
BASIC-03,basic_long_dt_900,272,27.200000000000117,B03_MV,cav,not_applicable,7236.068460561483,-3.5,2.4322335159872934,4.0,on_ramp,on_ramp_mv,,normal,not_started,commit
BASIC-03,basic_long_dt_900,272,27.200000000000117,B03_CLV,cav,not_applicable,7449.000346942786,3.5,29.999855440505858,6.023312255933888e-05,lane_1,mainline,,normal,none,commit
BASIC-03,basic_long_dt_900,272,27.200000000000117,B03_CFV,cav,not_applicable,7406.692472387944,0.0,30.00201351446534,-0.0008389643605582365,lane_2,mainline,,normal,none,commit
BASIC-03,basic_long_dt_900,272,27.200000000000117,B03_TLV_CFV,cav,not_applicable,7364.361814397284,3.5,30.152127718203488,0.8008423285812272,lane_1,mainline,,normal,none,commit
BASIC-03,basic_long_dt_900,272,27.200000000000117,B03_TLV_CLV,cav,not_applicable,7406.752583153951,3.5,30.005808007005456,-0.4851925200975922,lane_1,mainline,,normal,none,commit
BASIC-03,basic_long_dt_900,273,27.300000000000118,B03_MV,cav,not_applicable,7236.305869762917,-3.5,2.374092014329592,4.0,on_ramp,on_ramp_mv,,normal,not_started,commit
BASIC-03,basic_long_dt_900,273,27.300000000000118,B03_CLV,cav,not_applicable,7452.000333065074,3.5,29.999861222885624,5.7823797656908486e-05,lane_1,mainline,,normal,none,commit
BASIC-03,basic_long_dt_900,273,27.300000000000118,B03_CFV,cav,not_applicable,7409.692665685332,0.0,30.001932973886724,-0.0008054057861357933,lane_2,mainline,,normal,none,commit
BASIC-03,basic_long_dt_900,273,27.300000000000118,B03_TLV_CFV,cav,not_applicable,7367.37267042452,3.5,30.108560272360133,-0.43567445843354136,lane_1,mainline,,normal,none,commit
BASIC-03,basic_long_dt_900,273,27.300000000000118,B03_TLV_CLV,cav,not_applicable,7409.756466924941,3.5,30.038837709906563,0.330297029011061,lane_1,mainline,,normal,none,commit
BASIC-03,basic_long_dt_900,274,27.40000000000012,B03_MV,cav,not_applicable,7236.537603798956,-3.5,2.317340360395114,4.0,on_ramp,on_ramp_mv,,normal,not_started,commit
BASIC-03,basic_long_dt_900,274,27.40000000000012,B03_CLV,cav,not_applicable,7455.000319742471,3.5,29.999866773970197,5.551084575046162e-05,lane_1,mainline,,normal,none,commit
BASIC-03,basic_long_dt_900,274,27.40000000000012,B03_CFV,cav,not_applicable,7412.692851250825,0.0,30.001855654931255,-0.0007731895546896795,lane_2,mainline,,normal,none,commit
BASIC-03,basic_long_dt_900,274,27.40000000000012,B03_TLV_CFV,cav,not_applicable,7370.387234569824,3.5,30.145641453033754,0.37081180673619346,lane_1,mainline,,normal,none,commit
BASIC-03,basic_long_dt_900,274,27.40000000000012,B03_TLV_CLV,cav,not_applicable,7412.75214403526,3.5,29.956771103189286,-0.8206660671727681,lane_1,mainline,,normal,none,commit
BASIC-03,basic_long_dt_900,275,27.50000000000012,B03_MV,cav,not_applicable,7236.763798332003,-3.5,2.2619453304689032,4.0,on_ramp,on_ramp_mv,,normal,not_started,commit
BASIC-03,basic_long_dt_900,275,27.50000000000012,B03_CLV,cav,not_applicable,7458.000306952772,3.5,29.999872103011388,5.3290411921125275e-05,lane_1,mainline,,normal,none,commit
BASIC-03,basic_long_dt_900,275,27.50000000000012,B03_CFV,cav,not_applicable,7415.693029393698,0.0,30.001781428734006,-0.0007422619725019786,lane_2,mainline,,normal,none,commit
BASIC-03,basic_long_dt_900,275,27.50000000000012,B03_TLV_CFV,cav,not_applicable,7373.393923539001,3.5,30.066889691766715,-0.7875176126703871,lane_1,mainline,,normal,none,commit
BASIC-03,basic_long_dt_900,275,27.50000000000012,B03_TLV_CLV,cav,not_applicable,7415.748379332303,3.5,29.962352970420604,0.05581867231318982,lane_1,mainline,,normal,none,commit
BASIC-03,basic_long_dt_900,276,27.600000000000122,B03_MV,cav,not_applicable,7236.984585781506,-3.5,2.2078744950344587,4.0,on_ramp,on_ramp_mv,,normal,not_started,commit
BASIC-03,basic_long_dt_900,276,27.600000000000122,B03_CLV,cav,not_applicable,7461.000294674661,3.5,29.999877218890934,5.115879544490554e-05,lane_1,mainline,,normal,none,commit
BASIC-03,basic_long_dt_900,276,27.600000000000122,B03_CFV,cav,not_applicable,7418.693200410857,0.0,30.001710171584644,-0.0007125714936023543,lane_2,mainline,,normal,none,commit
BASIC-03,basic_long_dt_900,276,27.600000000000122,B03_TLV_CFV,cav,not_applicable,7376.401441909528,3.5,30.075183705275503,0.08294013508786513,lane_1,mainline,,normal,none,commit
BASIC-03,basic_long_dt_900,276,27.600000000000122,B03_TLV_CLV,cav,not_applicable,7418.752344054846,3.5,30.039647225428045,0.772942550074428,lane_1,mainline,,normal,none,commit
BASIC-03,basic_long_dt_900,277,27.700000000000124,B03_MV,cav,not_applicable,7237.200095401485,-3.5,2.1550961997887703,4.0,on_ramp,on_ramp_mv,,normal,not_started,commit
BASIC-03,basic_long_dt_900,277,27.700000000000124,B03_CLV,cav,not_applicable,7464.000282887674,3.5,29.999882130135298,4.9112443626597724e-05,lane_1,mainline,,normal,none,commit
BASIC-03,basic_long_dt_900,277,27.700000000000124,B03_CFV,cav,not_applicable,7421.693364587329,0.0,30.00164176472126,-0.0006840686338577484,lane_2,mainline,,normal,none,commit
BASIC-03,basic_long_dt_900,277,27.700000000000124,B03_TLV_CFV,cav,not_applicable,7379.416911608434,3.5,30.15469698905542,0.7951328377991624,lane_1,mainline,,normal,none,commit
BASIC-03,basic_long_dt_900,277,27.700000000000124,B03_TLV_CLV,cav,not_applicable,7421.7517237618895,3.5,29.993797070434134,-0.4585015499391043,lane_1,mainline,,normal,none,commit
BASIC-03,basic_long_dt_900,278,27.800000000000125,B03_MV,cav,not_applicable,7237.410453356196,-3.5,2.1035795471117416,4.0,on_ramp,on_ramp_mv,,normal,not_started,commit
BASIC-03,basic_long_dt_900,278,27.800000000000125,B03_CLV,cav,not_applicable,7467.000271572167,3.5,29.999886844929886,4.7147945880965385e-05,lane_1,mainline,,normal,none,commit
BASIC-03,basic_long_dt_900,278,27.800000000000125,B03_CFV,cav,not_applicable,7424.693522196742,0.0,30.00157609413241,-0.0006567058885039502,lane_2,mainline,,normal,none,commit
BASIC-03,basic_long_dt_900,278,27.800000000000125,B03_TLV_CFV,cav,not_applicable,7382.42797784874,3.5,30.11066240305717,-0.4403458599825034,lane_1,mainline,,normal,none,commit
BASIC-03,basic_long_dt_900,278,27.800000000000125,B03_TLV_CLV,cav,not_applicable,7424.754624819888,3.5,30.029010579984572,0.3521350955043693,lane_1,mainline,,normal,none,commit
BASIC-03,basic_long_dt_900,279,27.900000000000126,B03_MV,cav,not_applicable,7237.615782793993,-3.5,2.0532943779773936,4.0,on_ramp,on_ramp_mv,,normal,not_started,commit
BASIC-03,basic_long_dt_900,279,27.900000000000126,B03_CLV,cav,not_applicable,7470.00026070928,3.5,29.99989137113269,4.5262028045556235e-05,lane_1,mainline,,normal,none,commit
BASIC-03,basic_long_dt_900,279,27.900000000000126,B03_CFV,cav,not_applicable,7427.693673501779,0.0,30.001513050367112,-0.0006304376529641331,lane_2,mainline,,normal,none,commit
BASIC-03,basic_long_dt_900,279,27.900000000000126,B03_TLV_CFV,cav,not_applicable,7385.442713986555,3.5,30.147361378149512,0.36698975092340635,lane_1,mainline,,normal,none,commit
BASIC-03,basic_long_dt_900,279,27.900000000000126,B03_TLV_CLV,cav,not_applicable,7427.749497892304,3.5,29.948730724162203,-0.8027985582236978,lane_1,mainline,,normal,none,commit
BASIC-03,basic_long_dt_900,280,28.000000000000128,B03_MV,cav,not_applicable,7237.816203919423,-3.5,2.004211254298583,4.0,on_ramp,on_ramp_mv,,normal,not_started,commit
BASIC-03,basic_long_dt_900,280,28.000000000000128,B03_CLV,cav,not_applicable,7473.000250280909,3.5,29.999895716287384,4.345154692373399e-05,lane_1,mainline,,normal,none,commit
BASIC-03,basic_long_dt_900,280,28.000000000000128,B03_CFV,cav,not_applicable,7430.693818754614,0.0,30.001452528352427,-0.0006052201468449425,lane_2,mainline,,normal,none,commit
BASIC-03,basic_long_dt_900,280,28.000000000000128,B03_TLV_CFV,cav,not_applicable,7388.4495436768775,3.5,30.068296903225065,-0.7906447492444857,lane_1,mainline,,normal,none,commit
BASIC-03,basic_long_dt_900,280,28.000000000000128,B03_TLV_CLV,cav,not_applicable,7430.745075340153,3.5,29.955774478489356,0.07043754327152008,lane_1,mainline,,normal,none,commit
BASIC-03,basic_long_dt_900,281,28.10000000000013,B03_MV,cav,not_applicable,7238.011834063593,-3.5,1.9563014416928477,4.0,on_ramp,on_ramp_mv,,normal,not_started,commit
BASIC-03,basic_long_dt_900,281,28.10000000000013,B03_CLV,cav,not_applicable,7476.000240269673,3.5,29.999899887635888,4.171348504655725e-05,lane_1,mainline,,normal,none,commit
BASIC-03,basic_long_dt_900,281,28.10000000000013,B03_CFV,cav,not_applicable,7433.693958197336,0.0,30.00139442721833,-0.0005810113409708606,lane_2,mainline,,normal,none,commit
BASIC-03,basic_long_dt_900,281,28.10000000000013,B03_TLV_CFV,cav,not_applicable,7391.457177182888,3.5,30.076335060105063,0.08038156879996627,lane_1,mainline,,normal,none,commit
BASIC-03,basic_long_dt_900,281,28.10000000000013,B03_TLV_CLV,cav,not_applicable,7433.748501822446,3.5,30.034264822938844,0.78490344449488,lane_1,mainline,,normal,none,commit
BASIC-03,basic_long_dt_900,282,28.20000000000013,B03_MV,cav,not_applicable,7238.202787752859,-3.5,1.9095368926608975,4.0,on_ramp,on_ramp_mv,,normal,not_started,commit
BASIC-03,basic_long_dt_900,282,28.20000000000013,B03_CLV,cav,not_applicable,7479.000230658886,3.5,29.99990389213045,4.0044945644979184e-05,lane_1,mainline,,normal,none,commit
BASIC-03,basic_long_dt_900,282,28.20000000000013,B03_CFV,cav,not_applicable,7436.694092062348,0.0,30.001338650129597,-0.0005577708873317988,lane_2,mainline,,normal,none,commit
BASIC-03,basic_long_dt_900,282,28.20000000000013,B03_TLV_CFV,cav,not_applicable,7394.468597003882,3.5,30.11419820993533,0.37863149830268833,lane_1,mainline,,normal,none,commit
BASIC-03,basic_long_dt_900,282,28.20000000000013,B03_TLV_CLV,cav,not_applicable,7436.747441151104,3.5,29.989393286579336,-0.4487153635950981,lane_1,mainline,,normal,none,commit
BASIC-03,basic_long_dt_900,283,28.300000000000132,B03_MV,cav,not_applicable,7238.389176775876,-3.5,1.863890230167096,4.0,on_ramp,on_ramp_mv,,normal,not_started,commit
BASIC-03,basic_long_dt_900,283,28.300000000000132,B03_CLV,cav,not_applicable,7482.00022143253,3.5,29.999907736445234,3.844314781957792e-05,lane_1,mainline,,normal,none,commit
BASIC-03,basic_long_dt_900,283,28.300000000000132,B03_CFV,cav,not_applicable,7439.694220572761,0.0,30.001285104124413,-0.0005354600518387543,lane_2,mainline,,normal,none,commit
BASIC-03,basic_long_dt_900,283,28.300000000000132,B03_TLV_CFV,cav,not_applicable,7397.472205628043,3.5,30.036086241614644,-0.7811196832068913,lane_1,mainline,,normal,none,commit
BASIC-03,basic_long_dt_900,283,28.300000000000132,B03_TLV_CLV,cav,not_applicable,7439.749981899514,3.5,30.025407484103372,0.36014197524037433,lane_1,mainline,,normal,none,commit
BASIC-03,basic_long_dt_900,284,28.400000000000134,B03_MV,cav,not_applicable,7238.571110249037,-3.5,1.819334731611935,4.0,on_ramp,on_ramp_mv,,normal,not_started,commit
BASIC-03,basic_long_dt_900,284,28.400000000000134,B03_CLV,cav,not_applicable,7485.000212575229,3.5,29.999911426987424,3.69054219063969e-05,lane_1,mainline,,normal,none,commit
BASIC-03,basic_long_dt_900,284,28.400000000000134,B03_CFV,cav,not_applicable,7442.694343942757,0.0,30.001233699959435,-0.0005140416497653177,lane_2,mainline,,normal,none,commit
BASIC-03,basic_long_dt_900,284,28.400000000000134,B03_TLV_CFV,cav,not_applicable,7400.476696000252,3.5,30.044903722079535,0.08817480464890715,lane_1,mainline,,normal,none,commit
BASIC-03,basic_long_dt_900,284,28.400000000000134,B03_TLV_CLV,cav,not_applicable,7442.744560173176,3.5,29.945782736623038,-0.79624747480333,lane_1,mainline,,normal,none,commit
BASIC-03,basic_long_dt_900,285,28.500000000000135,B03_MV,cav,not_applicable,7238.748694680356,-3.5,1.7758443131884571,4.0,on_ramp,on_ramp_mv,,normal,not_started,commit
BASIC-03,basic_long_dt_900,285,28.500000000000135,B03_CLV,cav,not_applicable,7488.00020407222,3.5,29.999914969907927,3.54292050303684e-05,lane_1,mainline,,normal,none,commit
BASIC-03,basic_long_dt_900,285,28.500000000000135,B03_CFV,cav,not_applicable,7445.694462377953,0.0,30.001184351961058,-0.0004934799837741366,lane_2,mainline,,normal,none,commit
BASIC-03,basic_long_dt_900,285,28.500000000000135,B03_TLV_CFV,cav,not_applicable,7403.478945772657,3.5,30.022497724053515,-0.22405998026019897,lane_1,mainline,,normal,none,commit
BASIC-03,basic_long_dt_900,285,28.500000000000135,B03_TLV_CLV,cav,not_applicable,7445.739896422045,3.5,29.953362488684583,0.0757975206154573,lane_1,mainline,,normal,none,commit
BASIC-03,basic_long_dt_900,286,28.600000000000136,B03_MV,cav,not_applicable,7238.922034031817,-3.5,1.7333935146115373,4.0,on_ramp,on_ramp_mv,,normal,not_started,commit
BASIC-03,basic_long_dt_900,286,28.600000000000136,B03_CLV,cav,not_applicable,7491.0001959093315,3.5,29.999918371111608,3.401203682926734e-05,lane_1,mainline,,normal,none,commit
BASIC-03,basic_long_dt_900,286,28.600000000000136,B03_CFV,cav,not_applicable,7448.694576075741,0.0,30.001136977882616,-0.00047374078442317117,lane_2,mainline,,normal,none,commit
BASIC-03,basic_long_dt_900,286,28.600000000000136,B03_TLV_CFV,cav,not_applicable,7406.486635054315,3.5,30.07689281657768,0.5439509252416554,lane_1,mainline,,normal,none,commit
BASIC-03,basic_long_dt_900,286,28.600000000000136,B03_TLV_CLV,cav,not_applicable,7448.7431255597185,3.5,30.03229137673494,0.789288880503556,lane_1,mainline,,normal,none,commit
BASIC-03,basic_long_dt_900,287,28.700000000000138,B03_MV,cav,not_applicable,7239.091229780239,-3.5,1.691957484213502,4.0,on_ramp,on_ramp_mv,,normal,not_started,commit
BASIC-03,basic_long_dt_900,287,28.700000000000138,B03_CLV,cav,not_applicable,7494.000188072958,3.5,29.999921636267143,3.265155535672193e-05,lane_1,mainline,,normal,none,commit
BASIC-03,basic_long_dt_900,287,28.700000000000138,B03_CFV,cav,not_applicable,7451.694685225618,0.0,30.001091498767313,-0.00045479115304658535,lane_2,mainline,,normal,none,commit
BASIC-03,basic_long_dt_900,287,28.700000000000138,B03_TLV_CFV,cav,not_applicable,7409.487865752634,3.5,30.01230698318836,-0.6458583338931909,lane_1,mainline,,normal,none,commit
BASIC-03,basic_long_dt_900,287,28.700000000000138,B03_TLV_CLV,cav,not_applicable,7451.741903424596,3.5,29.98777864877614,-0.4451272795879997,lane_1,mainline,,normal,none,commit
BASIC-03,basic_long_dt_900,288,28.80000000000014,B03_MV,cav,not_applicable,7239.256380976678,-3.5,1.6515119643952128,4.0,on_ramp,on_ramp_mv,,normal,not_started,commit
BASIC-03,basic_long_dt_900,288,28.80000000000014,B03_CLV,cav,not_applicable,7497.00018055004,3.5,29.999924770816456,3.134549314296464e-05,lane_1,mainline,,normal,none,commit
BASIC-03,basic_long_dt_900,288,28.80000000000014,B03_CFV,cav,not_applicable,7454.694790009499,0.0,30.00104783881662,-0.0004365995069250062,lane_2,mainline,,normal,none,commit
BASIC-03,basic_long_dt_900,288,28.80000000000014,B03_TLV_CFV,cav,not_applicable,7412.491084882767,3.5,30.03219130132437,0.19884318136011658,lane_1,mainline,,normal,none,commit
BASIC-03,basic_long_dt_900,288,28.80000000000014,B03_TLV_CLV,cav,not_applicable,7454.7443120662765,3.5,30.024086416809848,0.3630776803370912,lane_1,mainline,,normal,none,commit
BASIC-03,basic_long_dt_900,289,28.90000000000014,B03_MV,cav,not_applicable,7239.41758430442,-3.5,1.6120332774252295,4.0,on_ramp,on_ramp_mv,,normal,not_started,commit
BASIC-03,basic_long_dt_900,289,28.90000000000014,B03_CLV,cav,not_applicable,7500.000173328038,3.5,29.999927779983796,3.009167341758712e-05,lane_1,mainline,,normal,none,commit
BASIC-03,basic_long_dt_900,289,28.90000000000014,B03_CFV,cav,not_applicable,7457.694890602025,0.0,30.001005925263957,-0.0004191355266485175,lane_2,mainline,,normal,none,commit
BASIC-03,basic_long_dt_900,289,28.90000000000014,B03_TLV_CFV,cav,not_applicable,7415.4892231052545,3.5,29.98138222488135,-0.5080907644302025,lane_1,mainline,,normal,none,commit
BASIC-03,basic_long_dt_900,289,28.90000000000014,B03_TLV_CLV,cav,not_applicable,7457.738782252615,3.5,29.944701863382882,-0.7938455342696527,lane_1,mainline,,normal,none,commit
BASIC-03,basic_long_dt_900,290,29.000000000000142,B03_MV,cav,not_applicable,7239.574934135579,-3.5,1.5734983115776946,4.0,on_ramp,on_ramp_mv,,normal,not_started,commit
BASIC-03,basic_long_dt_900,290,29.000000000000142,B03_CLV,cav,not_applicable,7503.000166394916,3.5,29.999930668784444,2.888800648150891e-05,lane_1,mainline,,normal,none,commit
BASIC-03,basic_long_dt_900,290,29.000000000000142,B03_CFV,cav,not_applicable,7460.69498717085,0.0,30.000965688253398,-0.000402370105582861,lane_2,mainline,,normal,none,commit
BASIC-03,basic_long_dt_900,290,29.000000000000142,B03_TLV_CFV,cav,not_applicable,7418.490476948761,3.5,30.012538435064336,0.31156210182983435,lane_1,mainline,,normal,none,commit
BASIC-03,basic_long_dt_900,290,29.000000000000142,B03_TLV_CLV,cav,not_applicable,7460.7340300664,3.5,29.952478137851728,0.07776274468846611,lane_1,mainline,,normal,none,commit
BASIC-03,basic_long_dt_900,291,29.100000000000144,B03_MV,cav,not_applicable,7239.728522586339,-3.5,1.535884507602858,4.0,on_ramp,on_ramp_mv,,normal,not_started,commit
BASIC-03,basic_long_dt_900,291,29.100000000000144,B03_CLV,cav,not_applicable,7506.000159739119,3.5,29.999933442033065,2.773248622247593e-05,lane_1,mainline,,normal,none,commit
BASIC-03,basic_long_dt_900,291,29.100000000000144,B03_CFV,cav,not_applicable,7463.695079876922,0.0,30.000927060723264,-0.00038627530135926236,lane_2,mainline,,normal,none,commit
BASIC-03,basic_long_dt_900,291,29.100000000000144,B03_TLV_CFV,cav,not_applicable,7421.483370845828,3.5,29.928938970668597,-0.8359946439574082,lane_1,mainline,,normal,none,commit
BASIC-03,basic_long_dt_900,291,29.100000000000144,B03_TLV_CLV,cav,not_applicable,7463.737186848096,3.5,30.031567816962603,0.790896791108745,lane_1,mainline,,normal,none,commit
BASIC-03,basic_long_dt_900,292,29.200000000000145,B03_MV,cav,not_applicable,7239.878439570891,-3.5,1.4991698455204576,4.0,on_ramp,on_ramp_mv,,normal,not_started,commit
BASIC-03,basic_long_dt_900,292,29.200000000000145,B03_CLV,cav,not_applicable,7509.000153349554,3.5,29.999936104351743,2.6623186774088484e-05,lane_1,mainline,,normal,none,commit
BASIC-03,basic_long_dt_900,292,29.200000000000145,B03_CFV,cav,not_applicable,7466.695168874751,0.0,30.00088997829433,-0.0003708242893054603,lane_2,mainline,,normal,none,commit
BASIC-03,basic_long_dt_900,292,29.200000000000145,B03_TLV_CFV,cav,not_applicable,7424.47669751399,3.5,29.933266681617535,0.04327710948939334,lane_1,mainline,,normal,none,commit
BASIC-03,basic_long_dt_900,292,29.200000000000145,B03_TLV_CLV,cav,not_applicable,7466.735905512629,3.5,29.987186645326044,-0.44381171636557226,lane_1,mainline,,normal,none,commit
BASIC-03,basic_long_dt_900,293,29.300000000000146,B03_MV,cav,not_applicable,7240.0247728540635,-3.5,1.4633328317281276,4.0,on_ramp,on_ramp_mv,,normal,not_started,commit
BASIC-03,basic_long_dt_900,293,29.300000000000146,B03_CLV,cav,not_applicable,7512.000147215572,3.5,29.999938660177673,2.5558259302727038e-05,lane_1,mainline,,normal,none,commit
BASIC-03,basic_long_dt_900,293,29.300000000000146,B03_CFV,cav,not_applicable,7469.695254312667,0.0,30.000854379162558,-0.00035599131773267345,lane_2,mainline,,normal,none,commit
BASIC-03,basic_long_dt_900,293,29.300000000000146,B03_TLV_CFV,cav,not_applicable,7427.477650994866,3.5,30.009534808757575,0.7626812714004128,lane_1,mainline,,normal,none,commit
BASIC-03,basic_long_dt_900,293,29.300000000000146,B03_TLV_CLV,cav,not_applicable,7469.738265717664,3.5,30.02360205035068,0.36415405024635,lane_1,mainline,,normal,none,commit
BASIC-03,basic_long_dt_900,294,29.400000000000148,B03_MV,cav,not_applicable,7240.167608102705,-3.5,1.4283524864189638,4.0,on_ramp,on_ramp_mv,,normal,not_started,commit
BASIC-03,basic_long_dt_900,294,29.400000000000148,B03_CLV,cav,not_applicable,7515.000141326949,3.5,29.999941113770564,2.4535928930902175e-05,lane_1,mainline,,normal,none,commit
BASIC-03,basic_long_dt_900,294,29.400000000000148,B03_CFV,cav,not_applicable,7472.695336333067,0.0,30.000820203996057,-0.00034175166502308234,lane_2,mainline,,normal,none,commit
BASIC-03,basic_long_dt_900,294,29.400000000000148,B03_TLV_CFV,cav,not_applicable,7430.473935504326,3.5,29.962845094599427,-0.46689714158148043,lane_1,mainline,,normal,none,commit
BASIC-03,basic_long_dt_900,294,29.400000000000148,B03_TLV_CLV,cav,not_applicable,7472.732696274019,3.5,29.944305563552653,-0.792964867980259,lane_1,mainline,,normal,none,commit
BASIC-03,basic_long_dt_900,295,29.50000000000015,B03_MV,cav,not_applicable,7240.307028935836,-3.5,1.3942083312993356,4.0,on_ramp,on_ramp_mv,,normal,not_started,commit
BASIC-03,basic_long_dt_900,295,29.50000000000015,B03_CLV,cav,not_applicable,7518.000135673871,3.5,29.99994346921974,2.3554491774291365e-05,lane_1,mainline,,normal,none,commit
BASIC-03,basic_long_dt_900,295,29.50000000000015,B03_CFV,cav,not_applicable,7475.695415072651,0.0,30.000787395836213,-0.0003280815984226138,lane_2,mainline,,normal,none,commit
BASIC-03,basic_long_dt_900,295,29.50000000000015,B03_TLV_CFV,cav,not_applicable,7433.473672673536,3.5,29.997371692106398,0.34526597506969786,lane_1,mainline,,normal,none,commit
BASIC-03,basic_long_dt_900,295,29.50000000000015,B03_TLV_CLV,cav,not_applicable,7475.727911663273,3.5,29.952153892536085,0.07848328983433361,lane_1,mainline,,normal,none,commit
BASIC-03,basic_long_dt_900,296,29.60000000000015,B03_MV,cav,not_applicable,7240.443116973595,-3.5,1.3608803776004175,4.0,on_ramp,on_ramp_mv,,normal,not_started,commit
BASIC-03,basic_long_dt_900,296,29.60000000000015,B03_CLV,cav,not_applicable,7521.000130246916,3.5,29.99994573045095,2.26123121038313e-05,lane_1,mainline,,normal,none,commit
BASIC-03,basic_long_dt_900,296,29.60000000000015,B03_CFV,cav,not_applicable,7478.695490662651,0.0,30.000755900002765,-0.0003149583344850271,lane_2,mainline,,normal,none,commit
BASIC-03,basic_long_dt_900,296,29.60000000000015,B03_TLV_CFV,cav,not_applicable,7436.46532565527,3.5,29.916529817339374,-0.8084187476702471,lane_1,mainline,,normal,none,commit
BASIC-03,basic_long_dt_900,296,29.60000000000015,B03_TLV_CLV,cav,not_applicable,7478.731041915807,3.5,30.031302525340713,0.791486328046273,lane_1,mainline,,normal,none,commit
BASIC-03,basic_long_dt_900,297,29.700000000000152,B03_MV,cav,not_applicable,7240.575951885033,-3.5,1.328349114376705,4.0,on_ramp,on_ramp_mv,,normal,not_started,commit
BASIC-03,basic_long_dt_900,297,29.700000000000152,B03_CLV,cav,not_applicable,7524.00012503704,3.5,29.99994790123291,2.1707819620075952e-05,lane_1,mainline,,normal,none,commit
BASIC-03,basic_long_dt_900,297,29.700000000000152,B03_CFV,cav,not_applicable,7481.695563229051,0.0,30.000725664002655,-0.00030236000110619445,lane_2,mainline,,normal,none,commit
BASIC-03,basic_long_dt_900,297,29.700000000000152,B03_TLV_CFV,cav,not_applicable,7439.457637029069,3.5,29.923113737984536,0.065839206451616,lane_1,mainline,,normal,none,commit
BASIC-03,basic_long_dt_900,297,29.700000000000152,B03_TLV_CLV,cav,not_applicable,7481.729738874661,3.5,29.9869695885445,-0.4433293679621403,lane_1,mainline,,normal,none,commit
BASIC-03,basic_long_dt_900,298,29.800000000000153,B03_MV,cav,not_applicable,7240.705611434741,-3.5,1.2965954970830325,4.0,on_ramp,on_ramp_mv,,normal,not_started,commit
BASIC-03,basic_long_dt_900,298,29.800000000000153,B03_CLV,cav,not_applicable,7527.000120035558,3.5,29.999949985183594,2.0839506835557134e-05,lane_1,mainline,,normal,none,commit
BASIC-03,basic_long_dt_900,298,29.800000000000153,B03_CFV,cav,not_applicable,7484.695632892795,0.0,30.000696637442548,-0.0002902656010618898,lane_2,mainline,,normal,none,commit
BASIC-03,basic_long_dt_900,298,29.800000000000153,B03_TLV_CFV,cav,not_applicable,7442.457759814556,3.5,30.00122785487603,0.7811411689149586,lane_1,mainline,,normal,none,commit
BASIC-03,basic_long_dt_900,298,29.800000000000153,B03_TLV_CLV,cav,not_applicable,7484.732081320505,3.5,30.02342445843851,0.3645486989400671,lane_1,mainline,,normal,none,commit
BASIC-03,basic_long_dt_900,299,29.900000000000155,B03_MV,cav,not_applicable,7240.832171528383,-3.5,1.2656009364261809,4.0,on_ramp,on_ramp_mv,,normal,not_started,commit
BASIC-03,basic_long_dt_900,299,29.900000000000155,B03_CLV,cav,not_applicable,7530.000115234136,3.5,29.99995198577625,2.000592656230538e-05,lane_1,mainline,,normal,none,commit
BASIC-03,basic_long_dt_900,299,29.900000000000155,B03_CFV,cav,not_applicable,7487.69569976999,0.0,30.000668771944845,-0.0002786549770192437,lane_2,mainline,,normal,none,commit
BASIC-03,basic_long_dt_900,299,29.900000000000155,B03_TLV_CFV,cav,not_applicable,7445.453364664153,3.5,29.956048495969075,-0.45179358906957934,lane_1,mainline,,normal,none,commit
BASIC-03,basic_long_dt_900,299,29.900000000000155,B03_TLV_CLV,cav,not_applicable,7487.726497346613,3.5,29.94416026107906,-0.7926419735944905,lane_1,mainline,,normal,none,commit
BASIC-03,basic_long_dt_900,300,30.000000000000156,B03_MV,cav,not_applicable,7240.955706257131,-3.5,1.2353472874819453,4.0,on_ramp,on_ramp_mv,,normal,not_started,commit
BASIC-03,basic_long_dt_900,300,30.000000000000156,B03_CLV,cav,not_applicable,7533.00011062477,3.5,29.999953906345198,1.920568950026791e-05,lane_1,mainline,,normal,none,commit
BASIC-03,basic_long_dt_900,300,30.000000000000156,B03_CFV,cav,not_applicable,7490.695763972097,0.0,30.00064202106705,-0.0002675087779380192,lane_2,mainline,,normal,none,commit
BASIC-03,basic_long_dt_900,300,30.000000000000156,B03_TLV_CFV,cav,not_applicable,7448.452545748021,3.5,29.991810838681563,0.3576234271248897,lane_1,mainline,,normal,none,commit
BASIC-03,basic_long_dt_900,300,30.000000000000156,B03_TLV_CLV,cav,not_applicable,7490.721700847482,3.5,29.952035008694054,0.07874747614996236,lane_1,mainline,,normal,none,commit
BASIC-03,basic_long_dt_900,301,30.100000000000158,B03_MV,cav,not_applicable,7241.076287941039,-3.5,1.2058168390726594,4.0,on_ramp,on_ramp_mv,,normal,not_started,commit
BASIC-03,basic_long_dt_900,301,30.100000000000158,B03_CLV,cav,not_applicable,7536.000106199779,3.5,29.999955750091388,1.8437461920939314e-05,lane_1,mainline,,normal,none,commit
BASIC-03,basic_long_dt_900,301,30.100000000000158,B03_CFV,cav,not_applicable,7493.695825606119,0.0,30.00061634022437,-0.00025680842682049846,lane_2,mainline,,normal,none,commit
BASIC-03,basic_long_dt_900,301,30.100000000000158,B03_TLV_CFV,cav,not_applicable,7451.443743750839,3.5,29.9119800281736,-0.7983081050796357,lane_1,mainline,,normal,none,commit
BASIC-03,basic_long_dt_900,301,30.100000000000158,B03_TLV_CLV,cav,not_applicable,7493.724821373156,3.5,30.031205256742687,0.7917024804863328,lane_1,mainline,,normal,none,commit
BASIC-03,basic_long_dt_900,302,30.20000000000016,B03_MV,cav,not_applicable,7241.1939871713785,-3.5,1.1769923033990903,4.0,on_ramp,on_ramp_mv,,normal,not_started,commit
BASIC-03,basic_long_dt_900,302,30.20000000000016,B03_CLV,cav,not_applicable,7539.000101951788,3.5,29.999957520087733,1.7699963444783864e-05,lane_1,mainline,,normal,none,commit
BASIC-03,basic_long_dt_900,302,30.20000000000016,B03_CFV,cav,not_applicable,7496.69588477478,0.0,30.000591686615394,-0.0002465360897474511,lane_2,mainline,,normal,none,commit
BASIC-03,basic_long_dt_900,302,30.20000000000016,B03_TLV_CFV,cav,not_applicable,7454.43568286916,3.5,29.919391183212536,0.0741115503893891,lane_1,mainline,,normal,none,commit
BASIC-03,basic_long_dt_900,302,30.20000000000016,B03_TLV_CLV,cav,not_applicable,7496.723510373671,3.5,29.986890005146115,-0.4431525159657277,lane_1,mainline,,normal,none,commit
BASIC-03,basic_long_dt_900,303,30.30000000000016,B03_MV,cav,not_applicable,7241.308872851971,-3.5,1.1488568059193143,4.0,on_ramp,on_ramp_mv,,normal,not_started,commit
BASIC-03,basic_long_dt_900,303,30.30000000000016,B03_CLV,cav,not_applicable,7542.000097873716,3.5,29.999959219284225,1.6991964906765136e-05,lane_1,mainline,,normal,none,commit
BASIC-03,basic_long_dt_900,303,30.30000000000016,B03_CFV,cav,not_applicable,7499.695941576695,0.0,30.000568019150776,-0.0002366746461575531,lane_2,mainline,,normal,none,commit
BASIC-03,basic_long_dt_900,303,30.30000000000016,B03_TLV_CFV,cav,not_applicable,7457.4355010819845,3.5,29.998182128244395,0.787909450318591,lane_1,mainline,,normal,none,commit
BASIC-03,basic_long_dt_900,303,30.30000000000016,B03_TLV_CLV,cav,not_applicable,7499.725846308146,3.5,30.02335934474892,0.364693396028041,lane_1,mainline,,normal,none,commit
BASIC-03,basic_long_dt_900,304,30.400000000000162,B03_MV,cav,not_applicable,7241.421012239518,-3.5,1.1213938754700024,4.0,on_ramp,on_ramp_mv,,normal,not_started,commit
BASIC-03,basic_long_dt_900,304,30.400000000000162,B03_CLV,cav,not_applicable,7545.000093958767,3.5,29.999960850512856,1.6312286309982937e-05,lane_1,mainline,,normal,none,commit
BASIC-03,basic_long_dt_900,304,30.400000000000162,B03_CFV,cav,not_applicable,7502.695996106533,0.0,30.000545298384747,-0.00022720766031056883,lane_2,mainline,,normal,none,commit
BASIC-03,basic_long_dt_900,304,30.400000000000162,B03_TLV_CFV,cav,not_applicable,7460.430856735766,3.5,29.953556537815917,-0.4462559042847891,lane_1,mainline,,normal,none,commit
BASIC-03,basic_long_dt_900,304,30.400000000000162,B03_TLV_CLV,cav,not_applicable,7502.72025700677,3.5,29.944106986242122,-0.7925235850679664,lane_1,mainline,,normal,none,commit
BASIC-03,basic_long_dt_900,305,30.500000000000163,B03_MV,cav,not_applicable,7241.530470982981,-3.5,1.0945874346240343,4.0,on_ramp,on_ramp_mv,,normal,not_started,commit
BASIC-03,basic_long_dt_900,305,30.500000000000163,B03_CLV,cav,not_applicable,7548.000090200417,3.5,29.99996241649234,1.5659794857469934e-05,lane_1,mainline,,normal,none,commit
BASIC-03,basic_long_dt_900,305,30.500000000000163,B03_CFV,cav,not_applicable,7505.696048455178,0.0,30.000523486449357,-0.00021811935389877136,lane_2,mainline,,normal,none,commit
BASIC-03,basic_long_dt_900,305,30.500000000000163,B03_TLV_CFV,cav,not_applicable,7463.4298339321485,3.5,29.98977196382898,0.3621542601306271,lane_1,mainline,,normal,none,commit
BASIC-03,basic_long_dt_900,305,30.500000000000163,B03_TLV_CLV,cav,not_applicable,7505.71545614879,3.5,29.951991420191106,0.0788443394898457,lane_1,mainline,,normal,none,commit
BASIC-03,basic_long_dt_900,306,30.600000000000165,B03_MV,cav,not_applicable,7241.6373131620085,-3.5,1.0684217902783493,4.0,on_ramp,on_ramp_mv,,normal,not_started,commit
BASIC-03,basic_long_dt_900,306,30.600000000000165,B03_CLV,cav,not_applicable,7551.0000865924,3.5,29.99996391983265,1.503340306356904e-05,lane_1,mainline,,normal,none,commit
BASIC-03,basic_long_dt_900,306,30.600000000000165,B03_CFV,cav,not_applicable,7508.696098709877,0.0,30.00050254699138,-0.00020939457974264997,lane_2,mainline,,normal,none,commit
BASIC-03,basic_long_dt_900,306,30.600000000000165,B03_TLV_CFV,cav,not_applicable,7466.420865117932,3.5,29.910311857839666,-0.7946010598931232,lane_1,mainline,,normal,none,commit
BASIC-03,basic_long_dt_900,306,30.600000000000165,B03_TLV_CLV,cav,not_applicable,7508.718573108132,3.5,30.031169593422092,0.7917817323098738,lane_1,mainline,,normal,none,commit
BASIC-03,basic_long_dt_900,307,30.700000000000166,B03_MV,cav,not_applicable,7241.741601324456,-3.5,1.0428816244668164,4.0,on_ramp,on_ramp_mv,,normal,not_started,commit
BASIC-03,basic_long_dt_900,307,30.700000000000166,B03_CLV,cav,not_applicable,7554.000083128704,3.5,29.999965363039344,1.4432066940628374e-05,lane_1,mainline,,normal,none,commit
BASIC-03,basic_long_dt_900,307,30.700000000000166,B03_CFV,cav,not_applicable,7511.6961469543885,0.0,30.000482445111725,-0.00020101879655243238,lane_2,mainline,,normal,none,commit
BASIC-03,basic_long_dt_900,307,30.700000000000166,B03_TLV_CFV,cav,not_applicable,7469.41266774959,3.5,29.918026316575684,0.07714458736017193,lane_1,mainline,,normal,none,commit
BASIC-03,basic_long_dt_900,307,30.700000000000166,B03_TLV_CLV,cav,not_applicable,7511.717259190738,3.5,29.986860826065627,-0.4430876735646486,lane_1,mainline,,normal,none,commit
BASIC-03,basic_long_dt_900,308,30.800000000000168,B03_MV,cav,not_applicable,7241.843396522995,-3.5,1.0179519853924746,4.0,on_ramp,on_ramp_mv,,normal,not_started,commit
BASIC-03,basic_long_dt_900,308,30.800000000000168,B03_CLV,cav,not_applicable,7557.000079803556,3.5,29.99996674851777,1.3854784262434806e-05,lane_1,mainline,,normal,none,commit
BASIC-03,basic_long_dt_900,308,30.800000000000168,B03_CFV,cav,not_applicable,7514.696193269119,0.0,30.000463147307258,-0.00019297804469005088,lane_2,mainline,,normal,none,commit
BASIC-03,basic_long_dt_900,308,30.800000000000168,B03_TLV_CFV,cav,not_applicable,7472.412374291507,3.5,29.99706541917788,0.7903910260219589,lane_1,mainline,,normal,none,commit
BASIC-03,basic_long_dt_900,308,30.800000000000168,B03_TLV_CLV,cav,not_applicable,7514.719592737834,3.5,30.023335470955793,0.3647464489016512,lane_1,mainline,,normal,none,commit
BASIC-03,basic_long_dt_900,309,30.90000000000017,B03_MV,cav,not_applicable,7241.942758350862,-3.5,0.993618278675006,4.0,on_ramp,on_ramp_mv,,normal,not_started,commit
BASIC-03,basic_long_dt_900,309,30.90000000000017,B03_CLV,cav,not_applicable,7560.0000766114135,3.5,29.99996807857706,1.3300592891596353e-05,lane_1,mainline,,normal,none,commit
BASIC-03,basic_long_dt_900,309,30.90000000000017,B03_CFV,cav,not_applicable,7517.696237731261,0.0,30.000444621414967,-0.00018525892290313097,lane_2,mainline,,normal,none,commit
BASIC-03,basic_long_dt_900,309,30.90000000000017,B03_TLV_CFV,cav,not_applicable,7475.407638578184,3.5,29.952642866761494,-0.44422552416385175,lane_1,mainline,,normal,none,commit
BASIC-03,basic_long_dt_900,309,30.90000000000017,B03_TLV_CLV,cav,not_applicable,7517.714001483148,3.5,29.944087453138657,-0.7924801781713762,lane_1,mainline,,normal,none,commit
BASIC-03,basic_long_dt_900,310,31.00000000000017,B03_MV,cav,not_applicable,7242.039744976743,-3.5,0.9698662588064925,4.0,on_ramp,on_ramp_mv,,normal,not_started,commit
BASIC-03,basic_long_dt_900,310,31.00000000000017,B03_CLV,cav,not_applicable,7563.000073546957,3.5,29.999969355433976,1.2768569176557777e-05,lane_1,mainline,,normal,none,commit
BASIC-03,basic_long_dt_900,310,31.00000000000017,B03_CFV,cav,not_applicable,7520.696280414917,0.0,30.00042683655837,-0.00017784856598694889,lane_2,mainline,,normal,none,commit
BASIC-03,basic_long_dt_900,310,31.00000000000017,B03_TLV_CFV,cav,not_applicable,7478.406541019662,3.5,29.989024414784453,0.3638154802295759,lane_1,mainline,,normal,none,commit
BASIC-03,basic_long_dt_900,310,31.00000000000017,B03_TLV_CLV,cav,not_applicable,7520.709199027005,3.5,29.951975438561,0.07887985422341959,lane_1,mainline,,normal,none,commit
BASIC-03,basic_long_dt_900,311,31.100000000000172,B03_MV,cav,not_applicable,7242.134413178825,-3.5,0.9466820208113186,4.0,on_ramp,on_ramp_mv,,normal,not_started,commit
BASIC-03,basic_long_dt_900,311,31.100000000000172,B03_CLV,cav,not_applicable,7566.000070605079,3.5,29.999970581216616,1.225782640972284e-05,lane_1,mainline,,normal,none,commit
BASIC-03,basic_long_dt_900,311,31.100000000000172,B03_CFV,cav,not_applicable,7523.696321391227,0.0,30.000409763096034,-0.00017073462334735723,lane_2,mainline,,normal,none,commit
BASIC-03,basic_long_dt_900,311,31.100000000000172,B03_TLV_CFV,cav,not_applicable,7481.397511042342,3.5,29.909700226803235,-0.7932418798121652,lane_1,mainline,,normal,none,commit
BASIC-03,basic_long_dt_900,311,31.100000000000172,B03_TLV_CLV,cav,not_applicable,7523.712314678759,3.5,30.031156517542914,0.7918107898191615,lane_1,mainline,,normal,none,commit
BASIC-03,basic_long_dt_900,312,31.200000000000173,B03_MV,cav,not_applicable,7242.226818378035,-3.5,0.9240519921069629,4.0,on_ramp,on_ramp_mv,,normal,not_started,commit
BASIC-03,basic_long_dt_900,312,31.200000000000173,B03_CLV,cav,not_applicable,7569.000067780876,3.5,29.999971757967952,1.1767513353788673e-05,lane_1,mainline,,normal,none,commit
BASIC-03,basic_long_dt_900,312,31.200000000000173,B03_CFV,cav,not_applicable,7526.696360728484,0.0,30.00039337257219,-0.0001639052384135198,lane_2,mainline,,normal,none,commit
BASIC-03,basic_long_dt_900,312,31.200000000000173,B03_TLV_CFV,cav,not_applicable,7484.3892636314595,3.5,29.91752589118224,0.07825664379004671,lane_1,mainline,,normal,none,commit
BASIC-03,basic_long_dt_900,312,31.200000000000173,B03_TLV_CLV,cav,not_applicable,7526.710999691521,3.5,29.98685012761903,-0.4430638992388678,lane_1,mainline,,normal,none,commit
BASIC-03,basic_long_dt_900,313,31.300000000000175,B03_MV,cav,not_applicable,7242.317014670491,-3.5,0.9019629245574149,4.0,on_ramp,on_ramp_mv,,normal,not_started,commit
BASIC-03,basic_long_dt_900,313,31.300000000000175,B03_CLV,cav,not_applicable,7572.000065069641,3.5,29.999972887649236,1.1296812819239222e-05,lane_1,mainline,,normal,none,commit
BASIC-03,basic_long_dt_900,313,31.300000000000175,B03_CFV,cav,not_applicable,7529.696398492251,0.0,30.000377637669303,-0.00015734902887629688,lane_2,mainline,,normal,none,commit
BASIC-03,basic_long_dt_900,313,31.300000000000175,B03_TLV_CFV,cav,not_applicable,7487.388929229482,3.5,29.996655980219607,0.7913008903736746,lane_1,mainline,,normal,none,commit
BASIC-03,basic_long_dt_900,313,31.300000000000175,B03_TLV_CLV,cav,not_applicable,7529.713332363289,3.5,30.023326717681304,0.36476590062274455,lane_1,mainline,,normal,none,commit
BASIC-03,basic_long_dt_900,314,31.400000000000176,B03_MV,cav,not_applicable,7242.405054859162,-3.5,0.880401886717697,4.0,on_ramp,on_ramp_mv,,normal,not_started,commit
BASIC-03,basic_long_dt_900,314,31.400000000000176,B03_CLV,cav,not_applicable,7575.0000624668555,3.5,29.999973972143266,1.0844940305787532e-05,lane_1,mainline,,normal,none,commit
BASIC-03,basic_long_dt_900,314,31.400000000000176,B03_CFV,cav,not_applicable,7532.696434745468,0.0,30.00036253216253,-0.00015105506772101763,lane_2,mainline,,normal,none,commit
BASIC-03,basic_long_dt_900,314,31.400000000000176,B03_TLV_CFV,cav,not_applicable,7490.384160016607,3.5,29.95230787125018,-0.44348108969426625,lane_1,mainline,,normal,none,commit
BASIC-03,basic_long_dt_900,314,31.400000000000176,B03_TLV_CLV,cav,not_applicable,7532.707740392426,3.5,29.944080291368618,-0.7924642631268453,lane_1,mainline,,normal,none,commit
BASIC-03,basic_long_dt_900,315,31.500000000000178,B03_MV,cav,not_applicable,7242.490990484788,-3.5,0.859356256263402,4.0,on_ramp,on_ramp_mv,,normal,not_started,commit
BASIC-03,basic_long_dt_900,315,31.500000000000178,B03_CLV,cav,not_applicable,7578.000059968182,3.5,29.999975013257536,1.0411142693556031e-05,lane_1,mainline,,normal,none,commit
BASIC-03,basic_long_dt_900,315,31.500000000000178,B03_CFV,cav,not_applicable,7535.696469548556,0.0,30.00034803087603,-0.0001450128650120064,lane_2,mainline,,normal,none,commit
BASIC-03,basic_long_dt_900,315,31.500000000000178,B03_TLV_CFV,cav,not_applicable,7493.383035049362,3.5,29.988750327547923,0.36442456297741854,lane_1,mainline,,normal,none,commit
BASIC-03,basic_long_dt_900,315,31.500000000000178,B03_TLV_CLV,cav,not_applicable,7535.702937350319,3.5,29.951969578930967,0.07889287562349034,lane_1,mainline,,normal,none,commit
BASIC-03,basic_long_dt_900,316,31.60000000000018,B03_MV,cav,not_applicable,7242.574871856048,-3.5,0.8388137126015512,4.0,on_ramp,on_ramp_mv,,normal,not_started,commit
BASIC-03,basic_long_dt_900,316,31.60000000000018,B03_CLV,cav,not_applicable,7581.000057569454,3.5,29.999976012727235,9.994696985415886e-06,lane_1,mainline,,normal,none,commit
BASIC-03,basic_long_dt_900,316,31.60000000000018,B03_CFV,cav,not_applicable,7538.69650295952,0.0,30.00033410964099,-0.00013921235041181035,lane_2,mainline,,normal,none,commit
BASIC-03,basic_long_dt_900,316,31.60000000000018,B03_TLV_CFV,cav,not_applicable,7496.373982646723,3.5,29.909475973609712,-0.7927435393821121,lane_1,mainline,,normal,none,commit
BASIC-03,basic_long_dt_900,316,31.60000000000018,B03_TLV_CLV,cav,not_applicable,7538.706052522649,3.5,30.031151723300162,0.7918214436919466,lane_1,mainline,,normal,none,commit
BASIC-03,basic_long_dt_900,317,31.70000000000018,B03_MV,cav,not_applicable,7242.656748079014,-3.5,0.8187622296575569,4.0,on_ramp,on_ramp_mv,,normal,not_started,commit
BASIC-03,basic_long_dt_900,317,31.70000000000018,B03_CLV,cav,not_applicable,7584.000055266676,3.5,29.999976972218146,9.594909106169781e-06,lane_1,mainline,,normal,none,commit
BASIC-03,basic_long_dt_900,317,31.70000000000018,B03_CFV,cav,not_applicable,7541.696535034046,0.0,30.000320745255348,-0.00013364385639533794,lane_2,mainline,,normal,none,commit
BASIC-03,basic_long_dt_900,317,31.70000000000018,B03_TLV_CFV,cav,not_applicable,7499.365716887853,3.5,29.91734241129663,0.07866437686918115,lane_1,mainline,,normal,none,commit
BASIC-03,basic_long_dt_900,317,31.70000000000018,B03_TLV_CLV,cav,not_applicable,7541.7047371431545,3.5,29.986846205056775,-0.44305518243386177,lane_1,mainline,,normal,none,commit
BASIC-03,basic_long_dt_900,318,31.800000000000182,B03_MV,cav,not_applicable,7242.736667085897,-3.5,0.7991900688350241,4.0,on_ramp,on_ramp_mv,,normal,not_started,commit
BASIC-03,basic_long_dt_900,318,31.800000000000182,B03_CLV,cav,not_applicable,7587.000053056009,3.5,29.99997789332942,9.211112741525085e-06,lane_1,mainline,,normal,none,commit
BASIC-03,basic_long_dt_900,318,31.800000000000182,B03_CFV,cav,not_applicable,7544.69656582559,0.0,30.000307915445134,-0.00012829810213901282,lane_2,mainline,,normal,none,commit
BASIC-03,basic_long_dt_900,318,31.800000000000182,B03_TLV_CFV,cav,not_applicable,7502.365367473884,3.5,29.9965058603132,0.7916344901656936,lane_1,mainline,,normal,none,commit
BASIC-03,basic_long_dt_900,318,31.800000000000182,B03_TLV_CLV,cav,not_applicable,7544.707069493986,3.5,30.023323508312185,0.36477303255411314,lane_1,mainline,,normal,none,commit
BASIC-03,basic_long_dt_900,319,31.900000000000183,B03_MV,cav,not_applicable,7242.814675663111,-3.5,0.7800857721436125,4.0,on_ramp,on_ramp_mv,,normal,not_started,commit
BASIC-03,basic_long_dt_900,319,31.900000000000183,B03_CLV,cav,not_applicable,7590.000050933769,3.5,29.99997877759624,8.84266823248936e-06,lane_1,mainline,,normal,none,commit
BASIC-03,basic_long_dt_900,319,31.900000000000183,B03_CFV,cav,not_applicable,7547.696595385473,0.0,30.00029559882733,-0.0001231661780536797,lane_2,mainline,,normal,none,commit
BASIC-03,basic_long_dt_900,319,31.900000000000183,B03_TLV_CFV,cav,not_applicable,7505.360585978471,3.5,29.95218504587221,-0.443208144409887,lane_1,mainline,,normal,none,commit
BASIC-03,basic_long_dt_900,319,31.900000000000183,B03_TLV_CLV,cav,not_applicable,7547.701477260538,3.5,29.944077665521156,-0.792458427910271,lane_1,mainline,,normal,none,commit
BASIC-03,basic_long_dt_900,320,32.000000000000185,B03_MV,cav,not_applicable,7242.890819478661,-3.5,0.7614381554916957,4.0,on_ramp,on_ramp_mv,,normal,not_started,commit
BASIC-03,basic_long_dt_900,320,32.000000000000185,B03_CLV,cav,not_applicable,7593.000048896418,3.5,29.99997962649239,8.488961503871905e-06,lane_1,mainline,,normal,none,commit
BASIC-03,basic_long_dt_900,320,32.000000000000185,B03_CFV,cav,not_applicable,7550.69662376296,0.0,30.000283774874234,-0.00011823953093141882,lane_2,mainline,,normal,none,commit
BASIC-03,basic_long_dt_900,320,32.000000000000185,B03_TLV_CFV,cav,not_applicable,7508.359450961877,3.5,29.988649834056854,0.36464788184645613,lane_1,mainline,,normal,none,commit
BASIC-03,basic_long_dt_900,320,32.000000000000185,B03_TLV_CLV,cav,not_applicable,7550.696674003589,3.5,29.951967430510315,0.07889764989159653,lane_1,mainline,,normal,none,commit
BASIC-03,basic_long_dt_900,321,32.100000000000186,B03_MV,cav,not_applicable,7242.965143108875,-3.5,0.7432363021379466,4.0,on_ramp,on_ramp_mv,,normal,not_started,commit
BASIC-03,basic_long_dt_900,321,32.100000000000186,B03_CLV,cav,not_applicable,7596.000046940561,3.5,29.999980441432694,8.149403043944403e-06,lane_1,mainline,,normal,none,commit
BASIC-03,basic_long_dt_900,321,32.100000000000186,B03_CFV,cav,not_applicable,7553.696651005348,0.0,30.000272423879263,-0.00011350994969347994,lane_2,mainline,,normal,none,commit
BASIC-03,basic_long_dt_900,321,32.100000000000186,B03_TLV_CFV,cav,not_applicable,7511.350390337043,3.5,29.909393751662474,-0.7925608239438086,lane_1,mainline,,normal,none,commit
BASIC-03,basic_long_dt_900,321,32.100000000000186,B03_TLV_CLV,cav,not_applicable,7553.6997890001385,3.5,30.031149965501445,0.7918253499113063,lane_1,mainline,,normal,none,commit
BASIC-03,basic_long_dt_900,322,32.20000000000019,B03_MV,cav,not_applicable,7243.037690064505,-3.5,0.7254695563016341,4.0,on_ramp,on_ramp_mv,,normal,not_started,commit
BASIC-03,basic_long_dt_900,322,32.20000000000019,B03_CLV,cav,not_applicable,7599.000045062939,3.5,29.999981223775386,7.823426922470845e-06,lane_1,mainline,,normal,none,commit
BASIC-03,basic_long_dt_900,322,32.20000000000019,B03_CFV,cav,not_applicable,7556.69667715804,0.0,30.000261526924092,-0.00010896955170522916,lane_2,mainline,,normal,none,commit
BASIC-03,basic_long_dt_900,322,32.20000000000019,B03_TLV_CFV,cav,not_applicable,7514.3421178509225,3.5,29.917275138794345,0.07881387131870221,lane_1,mainline,,normal,none,commit
BASIC-03,basic_long_dt_900,322,32.20000000000019,B03_TLV_CLV,cav,not_applicable,7556.698473476824,3.5,29.986844766857825,-0.4430519864362039,lane_1,mainline,,normal,none,commit
BASIC-03,basic_long_dt_900,323,32.30000000000019,B03_MV,cav,not_applicable,7243.108502816198,-3.5,0.7081275169238022,4.0,on_ramp,on_ramp_mv,,normal,not_started,commit
BASIC-03,basic_long_dt_900,323,32.30000000000019,B03_CLV,cav,not_applicable,7602.000043260421,3.5,29.99998197482437,7.5104898456856976e-06,lane_1,mainline,,normal,none,commit
BASIC-03,basic_long_dt_900,323,32.30000000000019,B03_CFV,cav,not_applicable,7559.696702264625,0.0,30.000251065847127,-0.00010461076963679261,lane_2,mainline,,normal,none,commit
BASIC-03,basic_long_dt_900,323,32.30000000000019,B03_TLV_CFV,cav,not_applicable,7517.34176293284,3.5,29.996450819174967,0.7917568038062109,lane_1,mainline,,normal,none,commit
BASIC-03,basic_long_dt_900,323,32.30000000000019,B03_TLV_CLV,cav,not_applicable,7559.700805709985,3.5,30.023322331603953,0.36477564746128777,lane_1,mainline,,normal,none,commit
BASIC-03,basic_long_dt_900,324,32.40000000000019,B03_MV,cav,not_applicable,7243.177622819356,-3.5,0.6912000315780272,4.0,on_ramp,on_ramp_mv,,normal,not_started,commit
BASIC-03,basic_long_dt_900,324,32.40000000000019,B03_CLV,cav,not_applicable,7605.000041530005,3.5,29.999982695831395,7.210070252483547e-06,lane_1,mainline,,normal,none,commit
BASIC-03,basic_long_dt_900,324,32.40000000000019,B03_CFV,cav,not_applicable,7562.696726366947,0.0,30.000241023213242,-0.000100426338850923,lane_2,mainline,,normal,none,commit
BASIC-03,basic_long_dt_900,324,32.40000000000019,B03_TLV_CFV,cav,not_applicable,7520.336976934061,3.5,29.952140012213658,-0.4431080696131001,lane_1,mainline,,normal,none,commit
BASIC-03,basic_long_dt_900,324,32.40000000000019,B03_TLV_CLV,cav,not_applicable,7562.695213380261,3.5,29.944076702759876,-0.7924562884407644,lane_1,mainline,,normal,none,commit
BASIC-03,basic_long_dt_900,325,32.50000000000019,B03_MV,cav,not_applicable,7243.2450905384085,-3.5,0.6746771905277115,4.0,on_ramp,on_ramp_mv,,normal,not_started,commit
BASIC-03,basic_long_dt_900,325,32.50000000000019,B03_CLV,cav,not_applicable,7608.000039868804,3.5,29.99998338799814,6.921667441872614e-06,lane_1,mainline,,normal,none,commit
BASIC-03,basic_long_dt_900,325,32.50000000000019,B03_CFV,cav,not_applicable,7565.696749505175,0.0,30.000231382284714,-9.64092852967724e-05,lane_2,mainline,,normal,none,commit
BASIC-03,basic_long_dt_900,325,32.50000000000019,B03_TLV_CFV,cav,not_applicable,7523.335838232894,3.5,29.98861298833622,0.3647297612256454,lane_1,mainline,,normal,none,commit
BASIC-03,basic_long_dt_900,325,32.50000000000019,B03_TLV_CLV,cav,not_applicable,7565.69041004454,3.5,29.951966642796542,0.07889940036664733,lane_1,mainline,,normal,none,commit
BASIC-03,basic_long_dt_900,326,32.60000000000019,B03_MV,cav,not_applicable,7243.310945470501,-3.5,0.6585493209240401,4.0,on_ramp,on_ramp_mv,,normal,not_started,commit
BASIC-03,basic_long_dt_900,326,32.60000000000019,B03_CLV,cav,not_applicable,7611.000038274052,3.5,29.99998405247821,6.6448007444819275e-06,lane_1,mainline,,normal,none,commit
BASIC-03,basic_long_dt_900,326,32.60000000000019,B03_CFV,cav,not_applicable,7568.696771717874,0.0,30.000222126993325,-9.25529138854131e-05,lane_2,mainline,,normal,none,commit
BASIC-03,basic_long_dt_900,326,32.60000000000019,B03_TLV_CFV,cav,not_applicable,7526.326774593411,3.5,29.909363605163776,-0.7924938317244719,lane_1,mainline,,normal,none,commit
BASIC-03,basic_long_dt_900,326,32.60000000000019,B03_TLV_CLV,cav,not_applicable,7568.693524976641,3.5,30.031149321008357,0.791826782118166,lane_1,mainline,,normal,none,commit
BASIC-03,basic_long_dt_900,327,32.700000000000195,B03_MV,cav,not_applicable,7243.375226168615,-3.5,0.6428069811435164,4.0,on_ramp,on_ramp_mv,,normal,not_started,commit
BASIC-03,basic_long_dt_900,327,32.700000000000195,B03_CLV,cav,not_applicable,7614.000036743089,3.5,29.999984690379083,6.379008715384771e-06,lane_1,mainline,,normal,none,commit
BASIC-03,basic_long_dt_900,327,32.700000000000195,B03_CFV,cav,not_applicable,7571.696793042065,0.0,30.000213241913592,-8.885079733005341e-05,lane_2,mainline,,normal,none,commit
BASIC-03,basic_long_dt_900,327,32.700000000000195,B03_TLV_CFV,cav,not_applicable,7529.318499640759,3.5,29.917250473477228,0.07886868313452311,lane_1,mainline,,normal,none,commit
BASIC-03,basic_long_dt_900,327,32.700000000000195,B03_TLV_CLV,cav,not_applicable,7571.692209400596,3.5,29.9868442395453,-0.44305081463059137,lane_1,mainline,,normal,none,commit
BASIC-03,basic_long_dt_900,328,32.800000000000196,B03_MV,cav,not_applicable,7243.437970264141,-3.5,0.6274409552607271,4.0,on_ramp,on_ramp_mv,,normal,not_started,commit
BASIC-03,basic_long_dt_900,328,32.800000000000196,B03_CLV,cav,not_applicable,7617.000035273366,3.5,29.99998530276392,6.123848366712537e-06,lane_1,mainline,,normal,none,commit
BASIC-03,basic_long_dt_900,328,32.800000000000196,B03_CFV,cav,not_applicable,7574.696813513288,0.0,30.00020471223705,-8.52967654367376e-05,lane_2,mainline,,normal,none,commit
BASIC-03,basic_long_dt_900,328,32.800000000000196,B03_TLV_CFV,cav,not_applicable,7532.318142704605,3.5,29.99643063846096,0.7918016498373371,lane_1,mainline,,normal,none,commit
BASIC-03,basic_long_dt_900,328,32.800000000000196,B03_TLV_CLV,cav,not_applicable,7574.694541590612,3.5,30.023321900166433,0.3647766062113344,lane_1,mainline,,normal,none,commit
BASIC-03,basic_long_dt_900,329,32.9000000000002,B03_MV,cav,not_applicable,7243.499214488907,-3.5,0.6124422476528572,4.0,on_ramp,on_ramp_mv,,normal,not_started,commit
BASIC-03,basic_long_dt_900,329,32.9000000000002,B03_CLV,cav,not_applicable,7620.000033862431,3.5,29.999985890653363,5.8788944315324445e-06,lane_1,mainline,,normal,none,commit
BASIC-03,basic_long_dt_900,329,32.9000000000002,B03_CFV,cav,not_applicable,7577.6968331656635,0.0,30.00019652374757,-8.188489481995021e-05,lane_2,mainline,,normal,none,commit
BASIC-03,basic_long_dt_900,329,32.9000000000002,B03_TLV_CFV,cav,not_applicable,7535.313355054676,3.5,29.95212350072038,-0.44307137740581504,lane_1,mainline,,normal,none,commit
BASIC-03,basic_long_dt_900,329,32.9000000000002,B03_TLV_CLV,cav,not_applicable,7577.688949225589,3.5,29.944076349765542,-0.7924555040089082,lane_1,mainline,,normal,none,commit
BASIC-03,basic_long_dt_900,330,33.0000000000002,B03_MV,cav,not_applicable,7243.55899469668,-3.5,0.5978020777335661,4.0,on_ramp,on_ramp_mv,,normal,not_started,commit
BASIC-03,basic_long_dt_900,330,33.0000000000002,B03_CLV,cav,not_applicable,7623.000032507934,3.5,29.99998645502723,5.643738654725894e-06,lane_1,mainline,,normal,none,commit
BASIC-03,basic_long_dt_900,330,33.0000000000002,B03_CFV,cav,not_applicable,7580.696852031943,0.0,30.000188662797665,-7.860949902749326e-05,lane_2,mainline,,normal,none,commit
BASIC-03,basic_long_dt_900,330,33.0000000000002,B03_TLV_CFV,cav,not_applicable,7538.312215002569,3.5,29.98859947893263,0.36475978212251503,lane_1,mainline,,normal,none,commit
BASIC-03,basic_long_dt_900,330,33.0000000000002,B03_TLV_CLV,cav,not_applicable,7580.684145860987,3.5,29.951966353982996,0.07890004217452973,lane_1,mainline,,normal,none,commit
BASIC-03,basic_long_dt_900,331,33.1000000000002,B03_MV,cav,not_applicable,7243.617345884161,-3.5,0.5835118748129605,4.0,on_ramp,on_ramp_mv,,normal,not_started,commit
BASIC-03,basic_long_dt_900,331,33.1000000000002,B03_CLV,cav,not_applicable,7626.000031207616,3.5,29.99998699682614,5.417989108025267e-06,lane_1,mainline,,normal,none,commit
BASIC-03,basic_long_dt_900,331,33.1000000000002,B03_CFV,cav,not_applicable,7583.696870143572,0.0,30.00018111628576,-7.546511906610932e-05,lane_2,mainline,,normal,none,commit
BASIC-03,basic_long_dt_900,331,33.1000000000002,B03_TLV_CFV,cav,not_applicable,7541.3031502577705,3.5,29.90935255201538,-0.7924692691724877,lane_1,mainline,,normal,none,commit
BASIC-03,basic_long_dt_900,331,33.1000000000002,B03_TLV_CLV,cav,not_applicable,7583.687260769458,3.5,30.031149084706367,0.7918273072337062,lane_1,mainline,,normal,none,commit
BASIC-03,basic_long_dt_900,332,33.2000000000002,B03_MV,cav,not_applicable,7243.67430221147,-3.5,0.5695632730797529,4.0,on_ramp,on_ramp_mv,,normal,not_started,commit
BASIC-03,basic_long_dt_900,332,33.2000000000002,B03_CLV,cav,not_applicable,7629.000029959311,3.5,29.999987516953095,5.20126954342004e-06,lane_1,mainline,,normal,none,commit
BASIC-03,basic_long_dt_900,332,33.2000000000002,B03_CFV,cav,not_applicable,7586.696887530735,0.0,30.000173871634328,-7.244651430369232e-05,lane_2,mainline,,normal,none,commit
BASIC-03,basic_long_dt_900,332,33.2000000000002,B03_TLV_CFV,cav,not_applicable,7544.29487440077,3.5,29.917241429992178,0.07888877976796471,lane_1,mainline,,normal,none,commit
BASIC-03,basic_long_dt_900,332,33.2000000000002,B03_TLV_CLV,cav,not_applicable,7586.685945174078,3.5,29.986844046207306,-0.443050384990604,lane_1,mainline,,normal,none,commit
BASIC-03,basic_long_dt_900,333,33.3000000000002,B03_MV,cav,not_applicable,7243.72989702214,-3.5,0.5559481067034305,4.0,on_ramp,on_ramp_mv,,normal,not_started,commit
BASIC-03,basic_long_dt_900,333,33.3000000000002,B03_CLV,cav,not_applicable,7632.000028760938,3.5,29.99998801627497,4.993218762194829e-06,lane_1,mainline,,normal,none,commit
BASIC-03,basic_long_dt_900,333,33.3000000000002,B03_CFV,cav,not_applicable,7589.696904222412,0.0,30.000166916768954,-6.954865373103303e-05,lane_2,mainline,,normal,none,commit
BASIC-03,basic_long_dt_900,333,33.3000000000002,B03_TLV_CFV,cav,not_applicable,7547.294516724694,3.5,29.99642323924592,0.7918180925374256,lane_1,mainline,,normal,none,commit
BASIC-03,basic_long_dt_900,333,33.3000000000002,B03_TLV_CLV,cav,not_applicable,7589.688277348277,3.5,30.0233217419808,0.3647769577349604,lane_1,mainline,,normal,none,commit
BASIC-03,basic_long_dt_900,334,33.400000000000205,B03_MV,cav,not_applicable,7243.784162862646,-3.5,0.5426584050546962,4.0,on_ramp,on_ramp_mv,,normal,not_started,commit
BASIC-03,basic_long_dt_900,334,33.400000000000205,B03_CLV,cav,not_applicable,7635.0000276105,3.5,29.99998849562397,4.793490012389157e-06,lane_1,mainline,,normal,none,commit
BASIC-03,basic_long_dt_900,334,33.400000000000205,B03_CFV,cav,not_applicable,7592.6969202464215,0.0,30.000160240098197,-6.676670758167803e-05,lane_2,mainline,,normal,none,commit
BASIC-03,basic_long_dt_900,334,33.400000000000205,B03_TLV_CFV,cav,not_applicable,7550.289728469376,3.5,29.952117446817166,-0.44305792428756086,lane_1,mainline,,normal,none,commit
BASIC-03,basic_long_dt_900,334,33.400000000000205,B03_TLV_CLV,cav,not_applicable,7592.682684970311,3.5,29.944076220340936,-0.7924552163986687,lane_1,mainline,,normal,none,commit
BASIC-03,basic_long_dt_900,335,33.500000000000206,B03_MV,cav,not_applicable,7243.837131501449,-3.5,0.5296863880383101,4.0,on_ramp,on_ramp_mv,,normal,not_started,commit
BASIC-03,basic_long_dt_900,335,33.500000000000206,B03_CLV,cav,not_applicable,7638.00002650608,3.5,29.99998895579901,4.601750411836747e-06,lane_1,mainline,,normal,none,commit
BASIC-03,basic_long_dt_900,335,33.500000000000206,B03_CFV,cav,not_applicable,7595.696935629471,0.0,30.00015383049427,-6.409603927863828e-05,lane_2,mainline,,normal,none,commit
BASIC-03,basic_long_dt_900,335,33.500000000000206,B03_TLV_CFV,cav,not_applicable,7553.28858792195,3.5,29.988594525739092,0.3647707892192684,lane_1,mainline,,normal,none,commit
BASIC-03,basic_long_dt_900,335,33.500000000000206,B03_TLV_CLV,cav,not_applicable,7595.67788159512,3.5,29.951966248090134,0.07890027749199846,lane_1,mainline,,normal,none,commit
BASIC-03,basic_long_dt_900,336,33.60000000000021,B03_MV,cav,not_applicable,7243.888833947603,-3.5,0.5170244615392031,4.0,on_ramp,on_ramp_mv,,normal,not_started,commit
BASIC-03,basic_long_dt_900,336,33.60000000000021,B03_CLV,cav,not_applicable,7641.000025445836,3.5,29.999989397567052,4.417680395363277e-06,lane_1,mainline,,normal,none,commit
BASIC-03,basic_long_dt_900,336,33.60000000000021,B03_CFV,cav,not_applicable,7598.696950397199,0.0,30.000147677274498,-6.153219770794749e-05,lane_2,mainline,,normal,none,commit
BASIC-03,basic_long_dt_900,336,33.60000000000021,B03_TLV_CFV,cav,not_applicable,7556.279522771891,3.5,29.909348499402487,-0.7924602633660531,lane_1,mainline,,normal,none,commit
BASIC-03,basic_long_dt_900,336,33.60000000000021,B03_TLV_CLV,cav,not_applicable,7598.680996494927,3.5,30.03114899806675,0.7918274997661806,lane_1,mainline,,normal,none,commit
BASIC-03,basic_long_dt_900,337,33.70000000000021,B03_MV,cav,not_applicable,7243.939300468901,-3.5,0.5046652129759902,4.0,on_ramp,on_ramp_mv,,normal,not_started,commit
BASIC-03,basic_long_dt_900,337,33.70000000000021,B03_CLV,cav,not_applicable,7644.000024428003,3.5,29.99998982166437,4.240973179037155e-06,lane_1,mainline,,normal,none,commit
BASIC-03,basic_long_dt_900,337,33.70000000000021,B03_CFV,cav,not_applicable,7601.696964574217,0.0,30.000141770183518,-5.907090979917484e-05,lane_2,mainline,,normal,none,commit
BASIC-03,basic_long_dt_900,337,33.70000000000021,B03_TLV_CFV,cav,not_applicable,7559.271246583313,3.5,29.91723811421799,0.07889614815504753,lane_1,mainline,,normal,none,commit
BASIC-03,basic_long_dt_900,337,33.70000000000021,B03_TLV_CLV,cav,not_applicable,7601.679680892459,3.5,29.986843975320348,-0.443050227464034,lane_1,mainline,,normal,none,commit
BASIC-03,basic_long_dt_900,338,33.80000000000021,B03_MV,cav,not_applicable,7243.988560609597,-3.5,0.49260140696232046,4.0,on_ramp,on_ramp_mv,,normal,not_started,commit
BASIC-03,basic_long_dt_900,338,33.80000000000021,B03_CLV,cav,not_applicable,7647.0000234508825,3.5,29.999990228797795,4.071334251420922e-06,lane_1,mainline,,normal,none,commit
BASIC-03,basic_long_dt_900,338,33.80000000000021,B03_CFV,cav,not_applicable,7604.696978184155,0.0,30.000136099376178,-5.670807340720785e-05,lane_2,mainline,,normal,none,commit
BASIC-03,basic_long_dt_900,338,33.80000000000021,B03_TLV_CFV,cav,not_applicable,7562.270888635947,3.5,29.99642052633977,0.7918241212177661,lane_1,mainline,,normal,none,commit
BASIC-03,basic_long_dt_900,338,33.80000000000021,B03_TLV_CLV,cav,not_applicable,7604.682013060858,3.5,30.02332168398238,0.36477708662033587,lane_1,mainline,,normal,none,commit
BASIC-03,basic_long_dt_900,339,33.90000000000021,B03_MV,cav,not_applicable,7244.0366432077035,-3.5,0.4808259810704102,4.0,on_ramp,on_ramp_mv,,normal,not_started,commit
BASIC-03,basic_long_dt_900,339,33.90000000000021,B03_CLV,cav,not_applicable,7650.000022512847,3.5,29.999990619645885,3.908480881875676e-06,lane_1,mainline,,normal,none,commit
BASIC-03,basic_long_dt_900,339,33.90000000000021,B03_CFV,cav,not_applicable,7607.696991249695,0.0,30.00013065540113,-5.443975047114691e-05,lane_2,mainline,,normal,none,commit
BASIC-03,basic_long_dt_900,339,33.90000000000021,B03_TLV_CFV,cav,not_applicable,7565.266100158664,3.5,29.952115227166676,-0.4430529917309186,lane_1,mainline,,normal,none,commit
BASIC-03,basic_long_dt_900,339,33.90000000000021,B03_TLV_CLV,cav,not_applicable,7607.676420678146,3.5,29.94407617288768,-0.7924551109469979,lane_1,mainline,,normal,none,commit
BASIC-03,basic_long_dt_900,340,34.00000000000021,B03_MV,cav,not_applicable,7244.083576411873,-3.5,0.4693320416967584,4.0,on_ramp,on_ramp_mv,,normal,not_started,commit
BASIC-03,basic_long_dt_900,340,34.00000000000021,B03_CLV,cav,not_applicable,7653.000021612333,3.5,29.99999099486005,3.752141645918528e-06,lane_1,mainline,,normal,none,commit
BASIC-03,basic_long_dt_900,340,34.00000000000021,B03_CFV,cav,not_applicable,7610.697003792614,0.0,30.000125429185083,-5.22621604517326e-05,lane_2,mainline,,normal,none,commit
BASIC-03,basic_long_dt_900,340,34.00000000000021,B03_TLV_CFV,cav,not_applicable,7568.26495942963,3.5,29.988592709661418,0.3647748249474303,lane_1,mainline,,normal,none,commit
BASIC-03,basic_long_dt_900,340,34.00000000000021,B03_TLV_CLV,cav,not_applicable,7610.671617299073,3.5,29.951966209264743,0.07890036377063814,lane_1,mainline,,normal,none,commit
BASIC-03,basic_long_dt_900,341,34.100000000000215,B03_MV,cav,not_applicable,7244.129387697875,-3.5,0.45811286002656737,4.0,on_ramp,on_ramp_mv,,normal,not_started,commit
BASIC-03,basic_long_dt_900,341,34.100000000000215,B03_CLV,cav,not_applicable,7656.000020747839,3.5,29.999991355065646,3.602055980422847e-06,lane_1,mainline,,normal,none,commit
BASIC-03,basic_long_dt_900,341,34.100000000000215,B03_CFV,cav,not_applicable,7613.697015833815,0.0,30.00012041201768,-5.017167403309486e-05,lane_2,mainline,,normal,none,commit
BASIC-03,basic_long_dt_900,341,34.100000000000215,B03_TLV_CFV,cav,not_applicable,7571.255894130982,3.5,29.909347013520755,-0.7924569614066479,lane_1,mainline,,normal,none,commit
BASIC-03,basic_long_dt_900,341,34.100000000000215,B03_TLV_CLV,cav,not_applicable,7613.674732195703,3.5,30.031148966300524,0.7918275703577948,lane_1,mainline,,normal,none,commit
BASIC-03,basic_long_dt_900,342,34.200000000000216,B03_MV,cav,not_applicable,7244.174103884685,-3.5,0.44716186809447594,4.0,on_ramp,on_ramp_mv,,normal,not_started,commit
BASIC-03,basic_long_dt_900,342,34.200000000000216,B03_CLV,cav,not_applicable,7659.000019917925,3.5,29.99999170086302,3.4579737416606807e-06,lane_1,mainline,,normal,none,commit
BASIC-03,basic_long_dt_900,342,34.200000000000216,B03_CFV,cav,not_applicable,7616.697027393369,0.0,30.000115595536972,-4.816480707177107e-05,lane_2,mainline,,normal,none,commit
BASIC-03,basic_long_dt_900,342,34.200000000000216,B03_TLV_CFV,cav,not_applicable,7574.247617820832,3.5,29.917236898496576,0.07889884975819728,lane_1,mainline,,normal,none,commit
BASIC-03,basic_long_dt_900,342,34.200000000000216,B03_TLV_CLV,cav,not_applicable,7616.6734165906355,3.5,29.9868439493298,-0.44305016970725875,lane_1,mainline,,normal,none,commit
BASIC-03,basic_long_dt_900,343,34.30000000000022,B03_MV,cav,not_applicable,7244.217751150179,-3.5,0.436472654939432,4.0,on_ramp,on_ramp_mv,,normal,not_started,commit
BASIC-03,basic_long_dt_900,343,34.30000000000022,B03_CLV,cav,not_applicable,7662.0000191212075,3.5,29.9999920328285,3.3196547917668797e-06,lane_1,mainline,,normal,none,commit
BASIC-03,basic_long_dt_900,343,34.30000000000022,B03_CFV,cav,not_applicable,7619.697038490541,0.0,30.000110971715493,-4.6238214788729696e-05,lane_2,mainline,,normal,none,commit
BASIC-03,basic_long_dt_900,343,34.30000000000022,B03_TLV_CFV,cav,not_applicable,7577.247259773998,3.5,29.99641953165861,0.7918263316203432,lane_1,mainline,,normal,none,commit
BASIC-03,basic_long_dt_900,343,34.30000000000022,B03_TLV_CLV,cav,not_applicable,7619.6757487569075,3.5,30.023321662717386,0.36477713387587923,lane_1,mainline,,normal,none,commit
BASIC-03,basic_long_dt_900,344,34.40000000000022,B03_MV,cav,not_applicable,7244.260355046464,-3.5,0.42603896285196413,4.0,on_ramp,on_ramp_mv,,normal,not_started,commit
BASIC-03,basic_long_dt_900,344,34.40000000000022,B03_CLV,cav,not_applicable,7665.000018356359,3.5,29.99999235151536,3.1868685994140835e-06,lane_1,mainline,,normal,none,commit
BASIC-03,basic_long_dt_900,344,34.40000000000022,B03_CFV,cav,not_applicable,7622.697049143825,0.0,30.000106532846875,-4.438868619729419e-05,lane_2,mainline,,normal,none,commit
BASIC-03,basic_long_dt_900,344,34.40000000000022,B03_TLV_CFV,cav,not_applicable,7580.2424712153315,3.5,29.952114413336638,-0.44305118321971915,lane_1,mainline,,normal,none,commit
BASIC-03,basic_long_dt_900,344,34.40000000000022,B03_TLV_CLV,cav,not_applicable,7622.670156372456,3.5,29.94407615548905,-0.7924550722833714,lane_1,mainline,,normal,none,commit
BASIC-03,basic_long_dt_900,345,34.50000000000022,B03_MV,cav,not_applicable,7244.301940514834,-3.5,0.4158546837101573,4.0,on_ramp,on_ramp_mv,,normal,not_started,commit
BASIC-03,basic_long_dt_900,345,34.50000000000022,B03_CLV,cav,not_applicable,7668.000017622105,3.5,29.999992657454744,3.0593938561196413e-06,lane_1,mainline,,normal,none,commit
BASIC-03,basic_long_dt_900,345,34.50000000000022,B03_CFV,cav,not_applicable,7625.697059370978,0.0,30.000102271533,-4.261313874991402e-05,lane_2,mainline,,normal,none,commit
BASIC-03,basic_long_dt_900,345,34.50000000000022,B03_TLV_CFV,cav,not_applicable,7583.241330419712,3.5,29.98859204380048,0.36477630463841165,lane_1,mainline,,normal,none,commit
BASIC-03,basic_long_dt_900,345,34.50000000000022,B03_TLV_CLV,cav,not_applicable,7625.6653529919595,3.5,29.951966195029502,0.07890039540451432,lane_1,mainline,,normal,none,commit
BASIC-03,basic_long_dt_900,346,34.60000000000022,B03_MV,cav,not_applicable,7244.3425319003745,-3.5,0.4059138554043319,4.0,on_ramp,on_ramp_mv,,normal,not_started,commit
BASIC-03,basic_long_dt_900,346,34.60000000000022,B03_CLV,cav,not_applicable,7671.00001691722,3.5,29.999992951156553,2.937018102500133e-06,lane_1,mainline,,normal,none,commit
BASIC-03,basic_long_dt_900,346,34.60000000000022,B03_CFV,cav,not_applicable,7628.697069189046,0.0,30.000098180671678,-4.090861319951955e-05,lane_2,mainline,,normal,none,commit
BASIC-03,basic_long_dt_900,346,34.60000000000022,B03_TLV_CFV,cav,not_applicable,7586.232265066584,3.5,29.909346468725442,-0.7924557507503904,lane_1,mainline,,normal,none,commit
BASIC-03,basic_long_dt_900,346,34.60000000000022,B03_TLV_CLV,cav,not_applicable,7628.668467887424,3.5,30.031148954653506,0.7918275962400572,lane_1,mainline,,normal,none,commit
BASIC-03,basic_long_dt_900,347,34.70000000000022,B03_MV,cav,not_applicable,7244.382152966209,-3.5,0.39621065834629554,4.0,on_ramp,on_ramp_mv,,normal,not_started,commit
BASIC-03,basic_long_dt_900,347,34.70000000000022,B03_CLV,cav,not_applicable,7674.000016240531,3.5,29.999993233110292,2.8195373786843447e-06,lane_1,mainline,,normal,none,commit
BASIC-03,basic_long_dt_900,347,34.70000000000022,B03_CFV,cav,not_applicable,7631.69707861439,0.0,30.00009425344481,-3.927226867119771e-05,lane_2,mainline,,normal,none,commit
BASIC-03,basic_long_dt_900,347,34.70000000000022,B03_TLV_CFV,cav,not_applicable,7589.223988711859,3.5,29.917236452754956,0.07889984029513519,lane_1,mainline,,normal,none,commit
BASIC-03,basic_long_dt_900,347,34.70000000000022,B03_TLV_CLV,cav,not_applicable,7631.667152281404,3.5,29.98684393980042,-0.44305014853086233,lane_1,mainline,,normal,none,commit
BASIC-03,basic_long_dt_900,348,34.800000000000225,B03_MV,cav,not_applicable,7244.420826907415,-3.5,0.38673941206273305,4.0,on_ramp,on_ramp_mv,,normal,not_started,commit
BASIC-03,basic_long_dt_900,348,34.800000000000225,B03_CLV,cav,not_applicable,7677.00001559091,3.5,29.99999350378588,2.706755883252754e-06,lane_1,mainline,,normal,none,commit
BASIC-03,basic_long_dt_900,348,34.800000000000225,B03_CFV,cav,not_applicable,7634.697087662721,0.0,30.00009048330702,-3.770137792429296e-05,lane_2,mainline,,normal,none,commit
BASIC-03,basic_long_dt_900,348,34.800000000000225,B03_TLV_CFV,cav,not_applicable,7592.223630628556,3.5,29.996419166960923,0.7918271420596561,lane_1,mainline,,normal,none,commit
BASIC-03,basic_long_dt_900,348,34.800000000000225,B03_TLV_CLV,cav,not_applicable,7634.669484446896,3.5,30.023321654920622,0.36477715120202175,lane_1,mainline,,normal,none,commit
BASIC-03,basic_long_dt_900,349,34.900000000000226,B03_MV,cav,not_applicable,7244.458576364602,-3.5,0.37749457186969065,4.0,on_ramp,on_ramp_mv,,normal,not_started,commit
BASIC-03,basic_long_dt_900,349,34.900000000000226,B03_CLV,cav,not_applicable,7680.000014967273,3.5,29.999993763634446,2.598485647808957e-06,lane_1,mainline,,normal,none,commit
BASIC-03,basic_long_dt_900,349,34.900000000000226,B03_CFV,cav,not_applicable,7637.6970963491185,0.0,30.00008686397474,-3.6193322807775984e-05,lane_2,mainline,,normal,none,commit
BASIC-03,basic_long_dt_900,349,34.900000000000226,B03_TLV_CFV,cav,not_applicable,7595.218842040051,3.5,29.952114114947623,-0.4430505201330086,lane_1,mainline,,normal,none,commit
BASIC-03,basic_long_dt_900,349,34.900000000000226,B03_TLV_CLV,cav,not_applicable,7637.663892061807,3.5,29.94407614910988,-0.7924550581074367,lane_1,mainline,,normal,none,commit
BASIC-03,basic_long_dt_900,350,35.00000000000023,B03_MV,cav,not_applicable,7244.495423437164,-3.5,0.3684707256264151,4.0,on_ramp,on_ramp_mv,,normal,not_started,commit
BASIC-03,basic_long_dt_900,350,35.00000000000023,B03_CLV,cav,not_applicable,7683.000014368582,3.5,29.99999401308907,2.4945462214986947e-06,lane_1,mainline,,normal,none,commit
BASIC-03,basic_long_dt_900,350,35.00000000000023,B03_CFV,cav,not_applicable,7640.69710468806,0.0,30.00008338941575,-3.474558989609023e-05,lane_2,mainline,,normal,none,commit
BASIC-03,basic_long_dt_900,350,35.00000000000023,B03_TLV_CFV,cav,not_applicable,7598.217701220017,3.5,29.988591799664015,0.3647768471639021,lane_1,mainline,,normal,none,commit
BASIC-03,basic_long_dt_900,350,35.00000000000023,B03_TLV_CLV,cav,not_applicable,7640.659088680788,3.5,29.95196618981018,0.07890040700300649,lane_1,mainline,,normal,none,commit
BASIC-03,basic_long_dt_900,351,35.10000000000023,B03_MV,cav,not_applicable,7244.531389696221,-3.5,0.3596625905670255,4.0,on_ramp,on_ramp_mv,,normal,not_started,commit
BASIC-03,basic_long_dt_900,351,35.10000000000023,B03_CLV,cav,not_applicable,7686.000013793839,3.5,29.999994252565507,2.3947643725819034e-06,lane_1,mainline,,normal,none,commit
BASIC-03,basic_long_dt_900,351,35.10000000000023,B03_CFV,cav,not_applicable,7643.697112693444,0.0,30.00008005383912,-3.3355766299791866e-05,lane_2,mainline,,normal,none,commit
BASIC-03,basic_long_dt_900,351,35.10000000000023,B03_TLV_CFV,cav,not_applicable,7601.209746130956,3.5,29.920449109387476,-0.681426902765367,lane_1,mainline,,normal,none,commit
BASIC-03,basic_long_dt_900,351,35.10000000000023,B03_TLV_CLV,cav,not_applicable,7643.662203575826,3.5,30.03114895038315,0.7918276057297327,lane_1,mainline,,normal,none,commit
BASIC-03,basic_long_dt_900,352,35.20000000000023,B03_MV,cav,not_applicable,7244.566496197242,-3.5,0.35106501020806236,4.0,on_ramp,on_ramp_mv,,normal,not_started,commit
BASIC-03,basic_long_dt_900,352,35.20000000000023,B03_CLV,cav,not_applicable,7689.000013242085,3.5,29.99999448246289,2.298973797110193e-06,lane_1,mainline,,normal,none,commit
BASIC-03,basic_long_dt_900,352,35.20000000000023,B03_CFV,cav,not_applicable,7646.697120378612,0.0,30.000076851685556,-3.202153564814126e-05,lane_2,mainline,,normal,none,commit
BASIC-03,basic_long_dt_900,352,35.20000000000023,B03_TLV_CFV,cav,not_applicable,7604.203488458144,3.5,29.93742327188849,0.16974162501015433,lane_1,mainline,,normal,none,commit
BASIC-03,basic_long_dt_900,352,35.20000000000023,B03_TLV_CLV,cav,not_applicable,7646.660887969457,3.5,29.986843936306492,-0.44305014076658233,lane_1,mainline,,normal,none,commit
BASIC-03,basic_long_dt_900,353,35.30000000000023,B03_MV,cav,not_applicable,7244.600763492374,-3.5,0.3426729513293031,4.0,on_ramp,on_ramp_mv,,normal,not_started,commit
BASIC-03,basic_long_dt_900,353,35.30000000000023,B03_CLV,cav,not_applicable,7692.000012712401,3.5,29.999994703164372,2.207014844657351e-06,lane_1,mainline,,normal,none,commit
BASIC-03,basic_long_dt_900,353,35.30000000000023,B03_CFV,cav,not_applicable,7649.697127756374,0.0,30.000073777618134,-3.0740674222329294e-05,lane_2,mainline,,normal,none,commit
BASIC-03,basic_long_dt_900,353,35.30000000000023,B03_TLV_CFV,cav,not_applicable,7607.205892307719,3.5,30.024038495752958,0.8661522386446717,lane_1,mainline,,normal,none,commit
BASIC-03,basic_long_dt_900,353,35.30000000000023,B03_TLV_CLV,cav,not_applicable,7649.663220134663,3.5,30.023321652061952,0.3647771575546145,lane_1,mainline,,normal,none,commit
BASIC-03,basic_long_dt_900,354,35.40000000000023,B03_MV,cav,not_applicable,7244.634211642478,-3.5,0.3344815010278457,4.0,on_ramp,on_ramp_mv,,normal,not_started,commit
BASIC-03,basic_long_dt_900,354,35.40000000000023,B03_CLV,cav,not_applicable,7695.000012203905,3.5,29.999994915037796,2.1187342511552743e-06,lane_1,mainline,,normal,none,commit
BASIC-03,basic_long_dt_900,354,35.40000000000023,B03_CFV,cav,not_applicable,7652.697134839026,0.0,30.000070826513408,-2.9511047253549807e-05,lane_2,mainline,,normal,none,commit
BASIC-03,basic_long_dt_900,354,35.40000000000023,B03_TLV_CFV,cav,not_applicable,7610.20447376652,3.5,29.985814588005702,-0.38223907747254127,lane_1,mainline,,normal,none,commit
BASIC-03,basic_long_dt_900,354,35.40000000000023,B03_TLV_CLV,cav,not_applicable,7652.65762774934,3.5,29.944076146770968,-0.7924550529098608,lane_1,mainline,,normal,none,commit
BASIC-03,basic_long_dt_900,355,35.500000000000234,B03_MV,cav,not_applicable,7244.666860228862,-3.5,0.3264858638413287,4.0,on_ramp,on_ramp_mv,,normal,not_started,commit
BASIC-03,basic_long_dt_900,355,35.500000000000234,B03_CLV,cav,not_applicable,7698.000011715748,3.5,29.999995118436285,2.0339848816774976e-06,lane_1,mainline,,normal,none,commit
BASIC-03,basic_long_dt_900,355,35.500000000000234,B03_CFV,cav,not_applicable,7655.697141638371,0.0,30.000067993452873,-2.833060536318044e-05,lane_2,mainline,,normal,none,commit
BASIC-03,basic_long_dt_900,355,35.500000000000234,B03_TLV_CFV,cav,not_applicable,7613.2072005419595,3.5,30.027267754394313,0.41453166388610263,lane_1,mainline,,normal,none,commit
BASIC-03,basic_long_dt_900,355,35.500000000000234,B03_TLV_CLV,cav,not_applicable,7655.65282436813,3.5,29.951966187896524,0.07890041125556846,lane_1,mainline,,normal,none,commit
BASIC-03,basic_long_dt_900,356,35.600000000000236,B03_MV,cav,not_applicable,7244.698728364756,-3.5,0.3186813589411578,4.0,on_ramp,on_ramp_mv,,normal,not_started,commit
BASIC-03,basic_long_dt_900,356,35.600000000000236,B03_CLV,cav,not_applicable,7701.000011247118,3.5,29.999995313698832,1.952625486012494e-06,lane_1,mainline,,normal,none,commit
BASIC-03,basic_long_dt_900,356,35.600000000000236,B03_CFV,cav,not_applicable,7658.697148165743,0.0,30.000065273714757,-2.7197381149335344e-05,lane_2,mainline,,normal,none,commit
BASIC-03,basic_long_dt_900,356,35.600000000000236,B03_TLV_CFV,cav,not_applicable,7616.202409849195,3.5,29.95209307234863,-0.7517468204568251,lane_1,mainline,,normal,none,commit
BASIC-03,basic_long_dt_900,356,35.600000000000236,B03_TLV_CLV,cav,not_applicable,7658.6559392630115,3.5,30.031148948817435,0.7918276092091014,lane_1,mainline,,normal,none,commit
BASIC-03,basic_long_dt_900,357,35.70000000000024,B03_MV,cav,not_applicable,7244.729834706495,-3.5,0.31106341739182447,4.0,on_ramp,on_ramp_mv,,normal,not_started,commit
BASIC-03,basic_long_dt_900,357,35.70000000000024,B03_CLV,cav,not_applicable,7704.000010797233,3.5,29.999995501150877,1.8745204670267413e-06,lane_1,mainline,,normal,none,commit
BASIC-03,basic_long_dt_900,357,35.70000000000024,B03_CFV,cav,not_applicable,7661.6971544320195,0.0,30.000062662766165,-2.6109485902736653e-05,lane_2,mainline,,normal,none,commit
BASIC-03,basic_long_dt_900,357,35.70000000000024,B03_TLV_CFV,cav,not_applicable,7619.198741227899,3.5,29.963313787038526,0.11220714689896139,lane_1,mainline,,normal,none,commit
BASIC-03,basic_long_dt_900,357,35.70000000000024,B03_TLV_CLV,cav,not_applicable,7661.654623656514,3.5,29.98684393502545,-0.44305013791982606,lane_1,mainline,,normal,none,commit
BASIC-03,basic_long_dt_900,358,35.80000000000024,B03_MV,cav,not_applicable,7244.760197464443,-3.5,0.3036275794761014,4.0,on_ramp,on_ramp_mv,,normal,not_started,commit
BASIC-03,basic_long_dt_900,358,35.80000000000024,B03_CLV,cav,not_applicable,7707.000010365343,3.5,29.999995681104842,1.7995396490277927e-06,lane_1,mainline,,normal,none,commit
BASIC-03,basic_long_dt_900,358,35.80000000000024,B03_CFV,cav,not_applicable,7664.697160447645,0.0,30.00006015625552,-2.5065106466115595e-05,lane_2,mainline,,normal,none,commit
BASIC-03,basic_long_dt_900,358,35.80000000000024,B03_TLV_CFV,cav,not_applicable,7622.20326339235,3.5,30.04522164451208,0.8190785747355138,lane_1,mainline,,normal,none,commit
BASIC-03,basic_long_dt_900,358,35.80000000000024,B03_TLV_CLV,cav,not_applicable,7664.656955821615,3.5,30.02332165101383,0.36477715988377873,lane_1,mainline,,normal,none,commit
BASIC-03,basic_long_dt_900,359,35.90000000000024,B03_MV,cav,not_applicable,7244.789834413652,-3.5,0.2963694920845903,4.0,on_ramp,on_ramp_mv,,normal,not_started,commit
BASIC-03,basic_long_dt_900,359,35.90000000000024,B03_CLV,cav,not_applicable,7710.000009950729,3.5,29.99999585386065,1.7275580631803678e-06,lane_1,mainline,,normal,none,commit
BASIC-03,basic_long_dt_900,359,35.90000000000024,B03_CFV,cav,not_applicable,7667.697166222645,0.0,30.000057750005297,-2.4062502207300442e-05,lane_2,mainline,,normal,none,commit
BASIC-03,basic_long_dt_900,359,35.90000000000024,B03_TLV_CFV,cav,not_applicable,7625.203578017868,3.5,30.003146255172258,-0.4207538933982159,lane_1,mainline,,normal,none,commit
BASIC-03,basic_long_dt_900,359,35.90000000000024,B03_TLV_CLV,cav,not_applicable,7667.651363436206,3.5,29.944076145913414,-0.792455051004181,lane_1,mainline,,normal,none,commit
BASIC-03,basic_long_dt_900,360,36.00000000000024,B03_MV,cav,not_applicable,7244.818762904269,-3.5,0.2892849061670151,4.0,on_ramp,on_ramp_mv,,normal,not_started,commit
BASIC-03,basic_long_dt_900,360,36.00000000000024,B03_CLV,cav,not_applicable,7713.000009552699,3.5,29.999996019706224,1.6584557400278755e-06,lane_1,mainline,,normal,none,commit
BASIC-03,basic_long_dt_900,360,36.00000000000024,B03_CFV,cav,not_applicable,7670.697171766646,0.0,30.000055440005085,-2.310000211878105e-05,lane_2,mainline,,normal,none,commit
BASIC-03,basic_long_dt_900,360,36.00000000000024,B03_TLV_CFV,cav,not_applicable,7628.2077228388025,3.5,30.04144820934877,0.3830195417650961,lane_1,mainline,,normal,none,commit
BASIC-03,basic_long_dt_900,360,36.00000000000024,B03_TLV_CLV,cav,not_applicable,7670.646560054925,3.5,29.95196618719489,0.07890041281476101,lane_1,mainline,,normal,none,commit
BASIC-03,basic_long_dt_900,361,36.10000000000024,B03_MV,cav,not_applicable,7244.846999871693,-3.5,0.28236967424504217,4.0,on_ramp,on_ramp_mv,,normal,not_started,commit
BASIC-03,basic_long_dt_900,361,36.10000000000024,B03_CLV,cav,not_applicable,7716.0000091705915,3.5,29.999996178917975,1.5921175105404474e-06,lane_1,mainline,,normal,none,commit
BASIC-03,basic_long_dt_900,361,36.10000000000024,B03_CFV,cav,not_applicable,7673.697177088886,0.0,30.00005322240488,-2.2176002033802433e-05,lane_2,mainline,,normal,none,commit
BASIC-03,basic_long_dt_900,361,36.10000000000024,B03_TLV_CFV,cav,not_applicable,7631.204092365079,3.5,29.963695262765913,-0.7775294658285576,lane_1,mainline,,normal,none,commit
BASIC-03,basic_long_dt_900,361,36.10000000000024,B03_TLV_CLV,cav,not_applicable,7673.64967494975,3.5,30.03114894824337,0.7918276104848044,lane_1,mainline,,normal,none,commit
BASIC-03,basic_long_dt_900,362,36.200000000000244,B03_MV,cav,not_applicable,7244.874561846491,-3.5,0.2756197479838014,4.0,on_ramp,on_ramp_mv,,normal,not_started,commit
BASIC-03,basic_long_dt_900,362,36.200000000000244,B03_CLV,cav,not_applicable,7719.000008803768,3.5,29.999996331761256,1.5284328100051426e-06,lane_1,mainline,,normal,none,commit
BASIC-03,basic_long_dt_900,362,36.200000000000244,B03_CFV,cav,not_applicable,7676.697182198237,0.0,30.000051093508684,-2.1288961951881903e-05,lane_2,mainline,,normal,none,commit
BASIC-03,basic_long_dt_900,362,36.200000000000244,B03_TLV_CFV,cav,not_applicable,7634.201373013908,3.5,29.97280648828903,0.09111225523118016,lane_1,mainline,,normal,none,commit
BASIC-03,basic_long_dt_900,362,36.200000000000244,B03_TLV_CLV,cav,not_applicable,7676.648359343206,3.5,29.986843934555765,-0.4430501368760691,lane_1,mainline,,normal,none,commit
BASIC-03,basic_long_dt_900,363,36.300000000000246,B03_MV,cav,not_applicable,7244.901464964073,-3.5,0.26903117582210856,4.0,on_ramp,on_ramp_mv,,normal,not_started,commit
BASIC-03,basic_long_dt_900,363,36.300000000000246,B03_CLV,cav,not_applicable,7722.000008451617,3.5,29.999996478490807,1.4672954975480934e-06,lane_1,mainline,,normal,none,commit
BASIC-03,basic_long_dt_900,363,36.300000000000246,B03_CFV,cav,not_applicable,7679.697187103214,0.0,30.000049049768336,-2.0437403473749783e-05,lane_2,mainline,,normal,none,commit
BASIC-03,basic_long_dt_900,363,36.300000000000246,B03_TLV_CFV,cav,not_applicable,7637.206671853916,3.5,30.05298840008067,0.8018191179164201,lane_1,mainline,,normal,none,commit
BASIC-03,basic_long_dt_900,363,36.300000000000246,B03_TLV_CLV,cav,not_applicable,7679.650691508269,3.5,30.02332165062954,0.3647771607377617,lane_1,mainline,,normal,none,commit
BASIC-03,basic_long_dt_900,364,36.40000000000025,B03_MV,cav,not_applicable,7244.927724974139,-3.5,0.26260010065921374,4.0,on_ramp,on_ramp_mv,,normal,not_started,commit
BASIC-03,basic_long_dt_900,364,36.40000000000025,B03_CLV,cav,not_applicable,7725.000008113552,3.5,29.999996619351176,1.4086036770777357e-06,lane_1,mainline,,normal,none,commit
BASIC-03,basic_long_dt_900,364,36.40000000000025,B03_CFV,cav,not_applicable,7682.697191811992,0.0,30.000047087777602,-1.9619907334345044e-05,lane_2,mainline,,normal,none,commit
BASIC-03,basic_long_dt_900,364,36.40000000000025,B03_TLV_CFV,cav,not_applicable,7640.207621941253,3.5,30.009500873364743,-0.4348752671592926,lane_1,mainline,,normal,none,commit
BASIC-03,basic_long_dt_900,364,36.40000000000025,B03_TLV_CLV,cav,not_applicable,7682.645099122829,3.5,29.944076145598995,-0.7924550503054677,lane_1,mainline,,normal,none,commit
BASIC-03,basic_long_dt_900,365,36.50000000000025,B03_MV,cav,not_applicable,7244.9533572498985,-3.5,0.25632275759677303,4.0,on_ramp,on_ramp_mv,,normal,not_started,commit
BASIC-03,basic_long_dt_900,365,36.50000000000025,B03_CLV,cav,not_applicable,7728.00000778901,3.5,29.99999675457713,1.3522595295967222e-06,lane_1,mainline,,normal,none,commit
BASIC-03,basic_long_dt_900,365,36.50000000000025,B03_CFV,cav,not_applicable,7685.697196332419,0.0,30.0000452042665,-1.8835111040971243e-05,lane_2,mainline,,normal,none,commit
BASIC-03,basic_long_dt_900,365,36.50000000000025,B03_TLV_CFV,cav,not_applicable,7643.212286685494,3.5,30.046647442415345,0.3714656905060334,lane_1,mainline,,normal,none,commit
BASIC-03,basic_long_dt_900,365,36.50000000000025,B03_TLV_CLV,cav,not_applicable,7685.640295741523,3.5,29.95196618693764,0.07890041338643561,lane_1,mainline,,normal,none,commit
BASIC-03,basic_long_dt_900,366,36.60000000000025,B03_MV,cav,not_applicable,7244.978376797072,-3.5,0.2501954717347375,4.0,on_ramp,on_ramp_mv,,normal,not_started,commit
BASIC-03,basic_long_dt_900,366,36.60000000000025,B03_CLV,cav,not_applicable,7731.00000747745,3.5,29.999996884394044,1.2981691483560099e-06,lane_1,mainline,,normal,none,commit
BASIC-03,basic_long_dt_900,366,36.60000000000025,B03_CFV,cav,not_applicable,7688.697200672028,0.0,30.00004339609584,-1.8081706599559766e-05,lane_2,mainline,,normal,none,commit
BASIC-03,basic_long_dt_900,366,36.60000000000025,B03_TLV_CFV,cav,not_applicable,7646.209081603567,3.5,29.967949180729477,-0.7869826168587,lane_1,mainline,,normal,none,commit
BASIC-03,basic_long_dt_900,366,36.60000000000025,B03_TLV_CLV,cav,not_applicable,7688.643410636327,3.5,30.031148948032893,0.7918276109525383,lane_1,mainline,,normal,none,commit
BASIC-03,basic_long_dt_900,367,36.70000000000025,B03_MV,cav,not_applicable,7245.002798262674,-3.5,0.24421465601985565,4.0,on_ramp,on_ramp_mv,,normal,not_started,commit
BASIC-03,basic_long_dt_900,367,36.70000000000025,B03_CLV,cav,not_applicable,7734.000007178352,3.5,29.999997009018283,1.2462423825354564e-06,lane_1,mainline,,normal,none,commit
BASIC-03,basic_long_dt_900,367,36.70000000000025,B03_CFV,cav,not_applicable,7691.697204838053,0.0,30.000041660252005,-1.735843833614581e-05,lane_2,mainline,,normal,none,commit
BASIC-03,basic_long_dt_900,367,36.70000000000025,B03_TLV_CFV,cav,not_applicable,7649.206710300229,3.5,29.976286966622855,0.08337785893379102,lane_1,mainline,,normal,none,commit
BASIC-03,basic_long_dt_900,367,36.70000000000025,B03_TLV_CLV,cav,not_applicable,7691.642095029765,3.5,29.986843934383554,-0.44305013649337777,lane_1,mainline,,normal,none,commit
BASIC-03,basic_long_dt_900,368,36.80000000000025,B03_MV,cav,not_applicable,7245.026635943589,-3.5,0.23837680914591983,4.0,on_ramp,on_ramp_mv,,normal,not_started,commit
BASIC-03,basic_long_dt_900,368,36.80000000000025,B03_CLV,cav,not_applicable,7737.000006891218,3.5,29.99999712865755,1.1963926866087605e-06,lane_1,mainline,,normal,none,commit
BASIC-03,basic_long_dt_900,368,36.80000000000025,B03_CFV,cav,not_applicable,7694.697208837437,0.0,30.000039993841924,-1.6664100802188386e-05,lane_2,mainline,,normal,none,commit
BASIC-03,basic_long_dt_900,368,36.80000000000025,B03_TLV_CFV,cav,not_applicable,7652.212293906647,3.5,30.055836064171984,0.7954909754912836,lane_1,mainline,,normal,none,commit
BASIC-03,basic_long_dt_900,368,36.80000000000025,B03_TLV_CLV,cav,not_applicable,7694.644427194814,3.5,30.02332165048864,0.36477716105087277,lane_1,mainline,,normal,none,commit
BASIC-03,basic_long_dt_900,369,36.900000000000254,B03_MV,cav,not_applicable,7245.049903794939,-3.5,0.2326785135040171,4.0,on_ramp,on_ramp_mv,,normal,not_started,commit
BASIC-03,basic_long_dt_900,369,36.900000000000254,B03_CLV,cav,not_applicable,7740.000006615569,3.5,29.99999724351125,1.1485369796560009e-06,lane_1,mainline,,normal,none,commit
BASIC-03,basic_long_dt_900,369,36.900000000000254,B03_CFV,cav,not_applicable,7697.697212676846,0.0,30.000038394088246,-1.599753676941873e-05,lane_2,mainline,,normal,none,commit
BASIC-03,basic_long_dt_900,369,36.900000000000254,B03_TLV_CFV,cav,not_applicable,7655.213476984682,3.5,30.011830780348543,-0.44005283823440433,lane_1,mainline,,normal,none,commit
BASIC-03,basic_long_dt_900,369,36.900000000000254,B03_TLV_CLV,cav,not_applicable,7697.638834809362,3.5,29.944076145483713,-0.7924550500492858,lane_1,mainline,,normal,none,commit
BASIC-03,basic_long_dt_900,370,37.000000000000256,B03_MV,cav,not_applicable,7245.072615438257,-3.5,0.2271164331816974,4.0,on_ramp,on_ramp_mv,,normal,not_started,commit
BASIC-03,basic_long_dt_900,370,37.000000000000256,B03_CLV,cav,not_applicable,7743.000006350946,3.5,29.999997353770798,1.1025955004129174e-06,lane_1,mainline,,normal,none,commit
BASIC-03,basic_long_dt_900,370,37.000000000000256,B03_CFV,cav,not_applicable,7700.697216362679,0.0,30.000036858324716,-1.5357635298585137e-05,lane_2,mainline,,normal,none,commit
BASIC-03,basic_long_dt_900,370,37.000000000000256,B03_TLV_CFV,cav,not_applicable,7658.218332357676,3.5,30.048553729947546,0.36722949599003285,lane_1,mainline,,normal,none,commit
BASIC-03,basic_long_dt_900,370,37.000000000000256,B03_TLV_CLV,cav,not_applicable,7700.634031428047,3.5,29.95196618684332,0.07890041359603894,lane_1,mainline,,normal,none,commit
BASIC-03,basic_long_dt_900,371,37.10000000000026,B03_MV,cav,not_applicable,7245.094784169459,-3.5,0.2216873120099722,4.0,on_ramp,on_ramp_mv,,normal,not_started,commit
BASIC-03,basic_long_dt_900,371,37.10000000000026,B03_CLV,cav,not_applicable,7746.000006096908,3.5,29.999997459619966,1.0584916807943045e-06,lane_1,mainline,,normal,none,commit
BASIC-03,basic_long_dt_900,371,37.10000000000026,B03_CFV,cav,not_applicable,7703.697219901078,0.0,30.000035383991726,-1.4743329886357515e-05,lane_2,mainline,,normal,none,commit
BASIC-03,basic_long_dt_900,371,37.10000000000026,B03_TLV_CFV,cav,not_applicable,7661.215283244729,3.5,29.96950887052855,-0.790448594189973,lane_1,mainline,,normal,none,commit
BASIC-03,basic_long_dt_900,371,37.10000000000026,B03_TLV_CLV,cav,not_applicable,7703.637146322842,3.5,30.03114894795572,0.7918276111240319,lane_1,mainline,,normal,none,commit
BASIC-03,basic_long_dt_900,372,37.20000000000026,B03_MV,cav,not_applicable,7245.116422966625,-3.5,0.21638797165705634,4.0,on_ramp,on_ramp_mv,,normal,not_started,commit
BASIC-03,basic_long_dt_900,372,37.20000000000026,B03_CLV,cav,not_applicable,7749.000005853031,3.5,29.999997561235165,1.0161520137330628e-06,lane_1,mainline,,normal,none,commit
BASIC-03,basic_long_dt_900,372,37.20000000000026,B03_CFV,cav,not_applicable,7706.6972232979415,0.0,30.000033968632057,-1.4153596690391624e-05,lane_2,mainline,,normal,none,commit
BASIC-03,basic_long_dt_900,372,37.20000000000026,B03_TLV_CFV,cav,not_applicable,7664.2130395523745,3.5,29.977563076458463,0.08054205929911307,lane_1,mainline,,normal,none,commit
BASIC-03,basic_long_dt_900,372,37.20000000000026,B03_TLV_CLV,cav,not_applicable,7706.6358307162745,3.5,29.986843934320415,-0.4430501363530648,lane_1,mainline,,normal,none,commit
BASIC-03,basic_long_dt_900,373,37.30000000000026,B03_MV,cav,not_applicable,7245.137544497601,-3.5,0.21121530976820138,4.0,on_ramp,on_ramp_mv,,normal,not_started,commit
BASIC-03,basic_long_dt_900,373,37.30000000000026,B03_CLV,cav,not_applicable,7752.00000561891,3.5,29.99999765878576,9.755059338090177e-07,lane_1,mainline,,normal,none,commit
BASIC-03,basic_long_dt_900,373,37.30000000000026,B03_CFV,cav,not_applicable,7709.69722655893,0.0,30.000032609886773,-1.3587452822605429e-05,lane_2,mainline,,normal,none,commit
BASIC-03,basic_long_dt_900,373,37.30000000000026,B03_TLV_CFV,cav,not_applicable,7667.218727567778,3.5,30.05688015403748,0.7931707757901835,lane_1,mainline,,normal,none,commit
BASIC-03,basic_long_dt_900,373,37.30000000000026,B03_TLV_CLV,cav,not_applicable,7709.638162881318,3.5,30.023321650436984,0.3647771611656743,lane_1,mainline,,normal,none,commit
BASIC-03,basic_long_dt_900,374,37.40000000000026,B03_MV,cav,not_applicable,7245.158161127416,-3.5,0.20616629814901044,4.0,on_ramp,on_ramp_mv,,normal,not_started,commit
BASIC-03,basic_long_dt_900,374,37.40000000000026,B03_CLV,cav,not_applicable,7755.000005394154,3.5,29.99999775243433,9.364856964566571e-07,lane_1,mainline,,normal,none,commit
BASIC-03,basic_long_dt_900,374,37.40000000000026,B03_CFV,cav,not_applicable,7712.697229689479,0.0,30.0000313054913,-1.3043954709246464e-05,lane_2,mainline,,normal,none,commit
BASIC-03,basic_long_dt_900,374,37.40000000000026,B03_TLV_CFV,cav,not_applicable,7670.219996071347,3.5,30.01268503569304,-0.4419511834443953,lane_1,mainline,,normal,none,commit
BASIC-03,basic_long_dt_900,374,37.40000000000026,B03_TLV_CLV,cav,not_applicable,7712.632570495862,3.5,29.944076145441446,-0.7924550499553573,lane_1,mainline,,normal,none,commit
BASIC-03,basic_long_dt_900,375,37.50000000000026,B03_MV,cav,not_applicable,7245.178284925515,-3.5,0.20123798099245327,4.0,on_ramp,on_ramp_mv,,normal,not_started,commit
BASIC-03,basic_long_dt_900,375,37.50000000000026,B03_CLV,cav,not_applicable,7758.000005178387,3.5,29.999997842336956,8.990262685415473e-07,lane_1,mainline,,normal,none,commit
BASIC-03,basic_long_dt_900,375,37.50000000000026,B03_CFV,cav,not_applicable,7715.697232694806,0.0,30.00003005327165,-1.2522196520592388e-05,lane_2,mainline,,normal,none,commit
BASIC-03,basic_long_dt_900,375,37.50000000000026,B03_TLV_CFV,cav,not_applicable,7673.224921337961,3.5,30.049252666138496,0.3656763044545857,lane_1,mainline,,normal,none,commit
BASIC-03,basic_long_dt_900,375,37.50000000000026,B03_TLV_CLV,cav,not_applicable,7715.627767114543,3.5,29.951966186808736,0.07890041367288958,lane_1,mainline,,normal,none,commit
BASIC-03,basic_long_dt_900,376,37.600000000000264,B03_MV,cav,not_applicable,7245.19792767283,-3.5,0.1964274731491456,4.0,on_ramp,on_ramp_mv,,normal,not_started,commit
BASIC-03,basic_long_dt_900,376,37.600000000000264,B03_CLV,cav,not_applicable,7761.000004971252,3.5,29.999997928643477,8.630652175156683e-07,lane_1,mainline,,normal,none,commit
BASIC-03,basic_long_dt_900,376,37.600000000000264,B03_CFV,cav,not_applicable,7718.69723557992,0.0,30.000028851140783,-1.2021308660337128e-05,lane_2,mainline,,normal,none,commit
BASIC-03,basic_long_dt_900,376,37.600000000000264,B03_TLV_CFV,cav,not_applicable,7676.221929410702,3.5,29.970080727412054,-0.7917193872644298,lane_1,mainline,,normal,none,commit
BASIC-03,basic_long_dt_900,376,37.600000000000264,B03_TLV_CLV,cav,not_applicable,7718.630882009335,3.5,30.031148947927427,0.7918276111869097,lane_1,mainline,,normal,none,commit
BASIC-03,basic_long_dt_900,377,37.700000000000266,B03_MV,cav,not_applicable,7245.217100868674,-3.5,0.19173195843784976,4.0,on_ramp,on_ramp_mv,,normal,not_started,commit
BASIC-03,basic_long_dt_900,377,37.700000000000266,B03_CLV,cav,not_applicable,7764.000004772402,3.5,29.999998011497738,8.285426090992588e-07,lane_1,mainline,,normal,none,commit
BASIC-03,basic_long_dt_900,377,37.700000000000266,B03_CFV,cav,not_applicable,7721.6972383496295,0.0,30.000027697095152,-1.154045631324152e-05,lane_2,mainline,,normal,none,commit
BASIC-03,basic_long_dt_900,377,37.700000000000266,B03_TLV_CFV,cav,not_applicable,7679.219732506638,3.5,29.978030959363146,0.07950231951092113,lane_1,mainline,,normal,none,commit
BASIC-03,basic_long_dt_900,377,37.700000000000266,B03_TLV_CLV,cav,not_applicable,7721.629566402765,3.5,29.986843934297266,-0.44305013630161927,lane_1,mainline,,normal,none,commit
BASIC-03,basic_long_dt_900,378,37.80000000000027,B03_MV,cav,not_applicable,7245.235815737474,-3.5,0.18714868799684845,4.0,on_ramp,on_ramp_mv,,normal,not_started,commit
BASIC-03,basic_long_dt_900,378,37.80000000000027,B03_CLV,cav,not_applicable,7767.000004581505,3.5,29.999998091037828,7.954009049626621e-07,lane_1,mainline,,normal,none,commit
BASIC-03,basic_long_dt_900,378,37.80000000000027,B03_CFV,cav,not_applicable,7724.697241008551,0.0,30.000026589211345,-1.1078838060996078e-05,lane_2,mainline,,normal,none,commit
BASIC-03,basic_long_dt_900,378,37.80000000000027,B03_TLV_CFV,cav,not_applicable,7682.22545880337,3.5,30.05726296732313,0.7923200795998446,lane_1,mainline,,normal,none,commit
BASIC-03,basic_long_dt_900,378,37.80000000000027,B03_TLV_CLV,cav,not_applicable,7724.631898567806,3.5,30.023321650418044,0.3647771612077661,lane_1,mainline,,normal,none,commit
BASIC-03,basic_long_dt_900,379,37.90000000000027,B03_MV,cav,not_applicable,7245.254083235342,-3.5,0.18267497867488727,4.0,on_ramp,on_ramp_mv,,normal,not_started,commit
BASIC-03,basic_long_dt_900,379,37.90000000000027,B03_CLV,cav,not_applicable,7770.0000043982445,3.5,29.999998167396313,7.635848689346859e-07,lane_1,mainline,,normal,none,commit
BASIC-03,basic_long_dt_900,379,37.90000000000027,B03_CFV,cav,not_applicable,7727.697243561115,0.0,30.00002552564289,-1.0635684537874114e-05,lane_2,mainline,,normal,none,commit
BASIC-03,basic_long_dt_900,379,37.90000000000027,B03_TLV_CFV,cav,not_applicable,7685.226758628027,3.5,30.012998246563118,-0.4426472076001271,lane_1,mainline,,normal,none,commit
BASIC-03,basic_long_dt_900,379,37.90000000000027,B03_TLV_CLV,cav,not_applicable,7727.626306182349,3.5,29.944076145425953,-0.7924550499209186,lane_1,mainline,,normal,none,commit
BASIC-03,basic_long_dt_900,380,38.00000000000027,B03_MV,cav,not_applicable,7245.271914056488,-3.5,0.17830821146038156,4.0,on_ramp,on_ramp_mv,,normal,not_started,commit
BASIC-03,basic_long_dt_900,380,38.00000000000027,B03_CLV,cav,not_applicable,7773.000004222315,3.5,29.99999824070046,7.330414746320457e-07,lane_1,mainline,,normal,none,commit
BASIC-03,basic_long_dt_900,380,38.00000000000027,B03_CFV,cav,not_applicable,7730.697246011577,0.0,30.000024504617173,-1.0210257156018089e-05,lane_2,mainline,,normal,none,commit
BASIC-03,basic_long_dt_900,380,38.00000000000027,B03_TLV_CFV,cav,not_applicable,7688.231709520985,3.5,30.04950892957765,0.3651068301453506,lane_1,mainline,,normal,none,commit
BASIC-03,basic_long_dt_900,380,38.00000000000027,B03_TLV_CLV,cav,not_applicable,7730.621502801029,3.5,29.95196618679606,0.0789004137010666,lane_1,mainline,,normal,none,commit
BASIC-03,basic_long_dt_900,381,38.10000000000027,B03_MV,cav,not_applicable,7245.289318639482,-3.5,0.17404582994801793,4.0,on_ramp,on_ramp_mv,,normal,not_started,commit
BASIC-03,basic_long_dt_900,381,38.10000000000027,B03_CLV,cav,not_applicable,7776.000004053421,3.5,29.999998311072442,7.03719815930981e-07,lane_1,mainline,,normal,none,commit
BASIC-03,basic_long_dt_900,381,38.10000000000027,B03_CFV,cav,not_applicable,7733.69724836402,0.0,30.000023524432486,-9.801846869095244e-06,lane_2,mainline,,normal,none,commit
BASIC-03,basic_long_dt_900,381,38.10000000000027,B03_TLV_CFV,cav,not_applicable,7691.228738560734,3.5,29.970290397498633,-0.7921853207901677,lane_1,mainline,,normal,none,commit
BASIC-03,basic_long_dt_900,381,38.10000000000027,B03_TLV_CLV,cav,not_applicable,7733.624617695821,3.5,30.031148947917057,0.7918276112099636,lane_1,mainline,,normal,none,commit
BASIC-03,basic_long_dt_900,382,38.20000000000027,B03_MV,cav,not_applicable,7245.306307173367,-3.5,0.1698853388423155,4.0,on_ramp,on_ramp_mv,,normal,not_started,commit
BASIC-03,basic_long_dt_900,382,38.20000000000027,B03_CLV,cav,not_applicable,7779.000003891284,3.5,29.999998378629545,6.755710231232115e-07,lane_1,mainline,,normal,none,commit
BASIC-03,basic_long_dt_900,382,38.20000000000027,B03_CFV,cav,not_applicable,7736.697250622366,0.0,30.000022583455188,-9.409772994217747e-06,lane_2,mainline,,normal,none,commit
BASIC-03,basic_long_dt_900,382,38.20000000000027,B03_TLV_CFV,cav,not_applicable,7694.226558811496,3.5,29.9782025076158,0.07912110117168103,lane_1,mainline,,normal,none,commit
BASIC-03,basic_long_dt_900,382,38.20000000000027,B03_TLV_CLV,cav,not_applicable,7736.62330208925,3.5,29.986843934288782,-0.443050136282757,lane_1,mainline,,normal,none,commit
BASIC-03,basic_long_dt_900,383,38.300000000000274,B03_MV,cav,not_applicable,7245.322889603616,-3.5,0.16582430249640792,4.0,on_ramp,on_ramp_mv,,normal,not_started,commit
BASIC-03,basic_long_dt_900,383,38.300000000000274,B03_CLV,cav,not_applicable,7782.000003735632,3.5,29.999998443484362,6.48548181914066e-07,lane_1,mainline,,normal,none,commit
BASIC-03,basic_long_dt_900,383,38.300000000000274,B03_CFV,cav,not_applicable,7739.697252790377,0.0,30.00002168011698,-9.033382075074315e-06,lane_2,mainline,,normal,none,commit
BASIC-03,basic_long_dt_900,383,38.300000000000274,B03_TLV_CFV,cav,not_applicable,7697.232299143994,3.5,30.057403324984392,0.7920081736859208,lane_1,mainline,,normal,none,commit
BASIC-03,basic_long_dt_900,383,38.300000000000274,B03_TLV_CLV,cav,not_applicable,7739.625634254291,3.5,30.023321650411102,0.36477716122319886,lane_1,mainline,,normal,none,commit
BASIC-03,basic_long_dt_900,384,38.400000000000276,B03_MV,cav,not_applicable,7245.339075637965,-3.5,0.1618603434871329,4.0,on_ramp,on_ramp_mv,,normal,not_started,commit
BASIC-03,basic_long_dt_900,384,38.400000000000276,B03_CLV,cav,not_applicable,7785.000003586207,3.5,29.999998505744987,6.22606255262781e-07,lane_1,mainline,,normal,none,commit
BASIC-03,basic_long_dt_900,384,38.400000000000276,B03_CFV,cav,not_applicable,7742.6972548716685,0.0,30.0000208129123,-8.672046791957656e-06,lane_2,mainline,,normal,none,commit
BASIC-03,basic_long_dt_900,384,38.400000000000276,B03_TLV_CFV,cav,not_applicable,7700.233610452459,3.5,30.013113084649603,-0.442902403347883,lane_1,mainline,,normal,none,commit
BASIC-03,basic_long_dt_900,384,38.400000000000276,B03_TLV_CLV,cav,not_applicable,7742.620041868833,3.5,29.944076145420272,-0.7924550499082919,lane_1,mainline,,normal,none,commit
BASIC-03,basic_long_dt_900,385,38.50000000000028,B03_MV,cav,not_applicable,7245.354874752087,-3.5,0.15799114122208088,4.0,on_ramp,on_ramp_mv,,normal,not_started,commit
BASIC-03,basic_long_dt_900,385,38.50000000000028,B03_CLV,cav,not_applicable,7788.0000034427585,3.5,29.999998565515188,5.977020052227999e-07,lane_1,mainline,,normal,none,commit
BASIC-03,basic_long_dt_900,385,38.50000000000028,B03_CFV,cav,not_applicable,7745.697256869708,0.0,30.00001998039581,-8.325164920108818e-06,lane_2,mainline,,normal,none,commit
BASIC-03,basic_long_dt_900,385,38.50000000000028,B03_TLV_CFV,cav,not_applicable,7703.23857074126,3.5,30.04960288801205,0.3648980336244594,lane_1,mainline,,normal,none,commit
BASIC-03,basic_long_dt_900,385,38.50000000000028,B03_TLV_CLV,cav,not_applicable,7745.615238487512,3.5,29.951966186791413,0.07890041371139767,lane_1,mainline,,normal,none,commit
BASIC-03,basic_long_dt_900,386,38.60000000000028,B03_MV,cav,not_applicable,7245.370296195146,-3.5,0.15421443058186476,4.0,on_ramp,on_ramp_mv,,normal,not_started,commit
BASIC-03,basic_long_dt_900,386,38.60000000000028,B03_CLV,cav,not_applicable,7791.000003305048,3.5,29.99999862289458,5.737939247296709e-07,lane_1,mainline,,normal,none,commit
BASIC-03,basic_long_dt_900,386,38.60000000000028,B03_CFV,cav,not_applicable,7748.697258787826,0.0,30.000019181179976,-7.992158323588683e-06,lane_2,mainline,,normal,none,commit
BASIC-03,basic_long_dt_900,386,38.60000000000028,B03_TLV_CFV,cav,not_applicable,7706.2356074685185,3.5,29.970367272581324,-0.7923561543072604,lane_1,mainline,,normal,none,commit
BASIC-03,basic_long_dt_900,386,38.60000000000028,B03_TLV_CLV,cav,not_applicable,7748.618353382303,3.5,30.031148947913255,0.7918276112184163,lane_1,mainline,,normal,none,commit
BASIC-03,basic_long_dt_900,387,38.70000000000028,B03_MV,cav,not_applicable,7245.385348995205,-3.5,0.15052800059369628,4.0,on_ramp,on_ramp_mv,,normal,not_started,commit
BASIC-03,basic_long_dt_900,387,38.70000000000028,B03_CLV,cav,not_applicable,7794.000003172846,3.5,29.999998677978798,5.508421679678577e-07,lane_1,mainline,,normal,none,commit
BASIC-03,basic_long_dt_900,387,38.70000000000028,B03_CFV,cav,not_applicable,7751.697260629219,0.0,30.00001841393278,-7.672471990360919e-06,lane_2,mainline,,normal,none,commit
BASIC-03,basic_long_dt_900,387,38.70000000000028,B03_TLV_CFV,cav,not_applicable,7709.233434009059,3.5,29.97826540541073,0.0789813282940598,lane_1,mainline,,normal,none,commit
BASIC-03,basic_long_dt_900,387,38.70000000000028,B03_TLV_CLV,cav,not_applicable,7751.617037775732,3.5,29.98684393428567,-0.4430501362758412,lane_1,mainline,,normal,none,commit
BASIC-03,basic_long_dt_900,388,38.80000000000028,B03_MV,cav,not_applicable,7245.400041964519,-3.5,0.14692969313735693,4.0,on_ramp,on_ramp_mv,,normal,not_started,commit
BASIC-03,basic_long_dt_900,388,38.80000000000028,B03_CLV,cav,not_applicable,7797.000003045932,3.5,29.999998730859645,5.288084807375526e-07,lane_1,mainline,,normal,none,commit
BASIC-03,basic_long_dt_900,388,38.80000000000028,B03_CFV,cav,not_applicable,7754.697262396957,0.0,30.000017677375467,-7.365573111428603e-06,lane_2,mainline,,normal,none,commit
BASIC-03,basic_long_dt_900,388,38.80000000000028,B03_TLV_CFV,cav,not_applicable,7712.239179487741,3.5,30.05745478681661,0.7918938140587762,lane_1,mainline,,normal,none,commit
BASIC-03,basic_long_dt_900,388,38.80000000000028,B03_TLV_CLV,cav,not_applicable,7754.619369940772,3.5,30.023321650408555,0.3647771612288572,lane_1,mainline,,normal,none,commit
BASIC-03,basic_long_dt_900,389,38.90000000000028,B03_MV,cav,not_applicable,7245.414383704687,-3.5,0.14341740168138892,4.0,on_ramp,on_ramp_mv,,normal,not_started,commit
BASIC-03,basic_long_dt_900,389,38.90000000000028,B03_CLV,cav,not_applicable,7800.000002924095,3.5,29.99999878162526,5.076561421901716e-07,lane_1,mainline,,normal,none,commit
BASIC-03,basic_long_dt_900,389,38.90000000000028,B03_CFV,cav,not_applicable,7757.697264093985,0.0,30.00001697028045,-7.070950186971459e-06,lane_2,mainline,,normal,none,commit
BASIC-03,basic_long_dt_900,389,38.90000000000028,B03_TLV_CFV,cav,not_applicable,7715.240495006719,3.5,30.013155189785056,-0.4429959703155467,lane_1,mainline,,normal,none,commit
BASIC-03,basic_long_dt_900,389,38.90000000000028,B03_TLV_CLV,cav,not_applicable,7757.613777555314,3.5,29.944076145418187,-0.7924550499036622,lane_1,mainline,,normal,none,commit
BASIC-03,basic_long_dt_900,390,39.000000000000284,B03_MV,cav,not_applicable,7245.428382611692,-3.5,0.13998907005015826,4.0,on_ramp,on_ramp_mv,,normal,not_started,commit
BASIC-03,basic_long_dt_900,390,39.000000000000284,B03_CLV,cav,not_applicable,7803.000002807131,3.5,29.999998830360248,4.873498966162515e-07,lane_1,mainline,,normal,none,commit
BASIC-03,basic_long_dt_900,390,39.000000000000284,B03_CFV,cav,not_applicable,7760.697265723132,0.0,30.00001629146923,-6.788112179378914e-06,lane_2,mainline,,normal,none,commit
BASIC-03,basic_long_dt_900,390,39.000000000000284,B03_TLV_CFV,cav,not_applicable,7718.245458740486,3.5,30.04963733766833,0.3648214788327345,lane_1,mainline,,normal,none,commit
BASIC-03,basic_long_dt_900,390,39.000000000000284,B03_TLV_CLV,cav,not_applicable,7760.608974173993,3.5,29.951966186789704,0.07890041371518552,lane_1,mainline,,normal,none,commit
BASIC-03,basic_long_dt_900,391,39.100000000000286,B03_MV,cav,not_applicable,7245.442046880814,-3.5,0.13664269121983386,4.0,on_ramp,on_ramp_mv,,normal,not_started,commit
BASIC-03,basic_long_dt_900,391,39.100000000000286,B03_CLV,cav,not_applicable,7806.0000026948455,3.5,29.99999887714584,4.678559008652883e-07,lane_1,mainline,,normal,none,commit
BASIC-03,basic_long_dt_900,391,39.100000000000286,B03_CFV,cav,not_applicable,7763.6972672871125,0.0,30.00001563981046,-6.516587691862697e-06,lane_2,mainline,,normal,none,commit
BASIC-03,basic_long_dt_900,391,39.100000000000286,B03_TLV_CFV,cav,not_applicable,7721.242498286353,3.5,29.970395458663734,-0.7924187900459444,lane_1,mainline,,normal,none,commit
BASIC-03,basic_long_dt_900,391,39.100000000000286,B03_TLV_CLV,cav,not_applicable,7763.612089068784,3.5,30.031148947911856,0.7918276112215155,lane_1,mainline,,normal,none,commit
BASIC-03,basic_long_dt_900,392,39.20000000000029,B03_MV,cav,not_applicable,7245.455384511428,-3.5,0.13337630614371676,4.0,on_ramp,on_ramp_mv,,normal,not_started,commit
BASIC-03,basic_long_dt_900,392,39.20000000000029,B03_CLV,cav,not_applicable,7809.000002587051,3.5,29.999998922060005,4.491416646601465e-07,lane_1,mainline,,normal,none,commit
BASIC-03,basic_long_dt_900,392,39.20000000000029,B03_CFV,cav,not_applicable,7766.6972687885345,0.0,30.000015014218043,-6.255924184017658e-06,lane_2,mainline,,normal,none,commit
BASIC-03,basic_long_dt_900,392,39.20000000000029,B03_TLV_CFV,cav,not_applicable,7724.240327133029,3.5,29.978288466750886,0.07893008087150011,lane_1,mainline,,normal,none,commit
BASIC-03,basic_long_dt_900,392,39.20000000000029,B03_TLV_CLV,cav,not_applicable,7766.610773462213,3.5,29.986843934284526,-0.4430501362733055,lane_1,mainline,,normal,none,commit
BASIC-03,basic_long_dt_900,393,39.30000000000029,B03_MV,cav,not_applicable,7245.468403311688,-3.5,0.13018800260561547,4.0,on_ramp,on_ramp_mv,,normal,not_started,commit
BASIC-03,basic_long_dt_900,393,39.30000000000029,B03_CLV,cav,not_applicable,7812.000002483569,3.5,29.999998965177603,4.311759980168972e-07,lane_1,mainline,,normal,none,commit
BASIC-03,basic_long_dt_900,393,39.30000000000029,B03_CFV,cav,not_applicable,7769.6972702299,0.0,30.00001441364932,-6.005687217225387e-06,lane_2,mainline,,normal,none,commit
BASIC-03,basic_long_dt_900,393,39.30000000000029,B03_TLV_CFV,cav,not_applicable,7727.246074498547,3.5,30.057473655185827,0.7918518843494092,lane_1,mainline,,normal,none,commit
BASIC-03,basic_long_dt_900,393,39.30000000000029,B03_TLV_CLV,cav,not_applicable,7769.613105627253,3.5,30.02332165040762,0.36477716123093196,lane_1,mainline,,normal,none,commit
BASIC-03,basic_long_dt_900,394,39.40000000000029,B03_MV,cav,not_applicable,7245.481110903098,-3.5,0.1270759140995281,4.0,on_ramp,on_ramp_mv,,normal,not_started,commit
BASIC-03,basic_long_dt_900,394,39.40000000000029,B03_CLV,cav,not_applicable,7815.000002384226,3.5,29.999999006570498,4.139289586646555e-07,lane_1,mainline,,normal,none,commit
BASIC-03,basic_long_dt_900,394,39.40000000000029,B03_CFV,cav,not_applicable,7772.697271613611,0.0,30.00001383710335,-5.765459728479528e-06,lane_2,mainline,,normal,none,commit
BASIC-03,basic_long_dt_900,394,39.40000000000029,B03_TLV_CFV,cav,not_applicable,7730.247391561302,3.5,30.013170627541687,-0.44303027644139237,lane_1,mainline,,normal,none,commit
BASIC-03,basic_long_dt_900,394,39.40000000000029,B03_TLV_CLV,cav,not_applicable,7772.6075132417955,3.5,29.944076145417423,-0.7924550499019647,lane_1,mainline,,normal,none,commit
BASIC-03,basic_long_dt_900,395,39.50000000000029,B03_MV,cav,not_applicable,7245.493514724972,-3.5,0.12403821873780517,4.0,on_ramp,on_ramp_mv,,normal,not_started,commit
BASIC-03,basic_long_dt_900,395,39.50000000000029,B03_CLV,cav,not_applicable,7818.000002288856,3.5,29.99999904630768,3.973718008865035e-07,lane_1,mainline,,normal,none,commit
BASIC-03,basic_long_dt_900,395,39.50000000000029,B03_CFV,cav,not_applicable,7775.697272941972,0.0,30.000013283619214,-5.53484133973825e-06,lane_2,mainline,,normal,none,commit
BASIC-03,basic_long_dt_900,395,39.50000000000029,B03_TLV_CFV,cav,not_applicable,7733.252356558158,3.5,30.049649968560118,0.3647934101843154,lane_1,mainline,,normal,none,commit
BASIC-03,basic_long_dt_900,395,39.50000000000029,B03_TLV_CLV,cav,not_applicable,7775.6027098604745,3.5,29.95196618678908,0.07890041371657441,lane_1,mainline,,normal,none,commit
BASIC-03,basic_long_dt_900,396,39.60000000000029,B03_MV,cav,not_applicable,7245.50562203879,-3.5,0.12107313818409739,4.0,on_ramp,on_ramp_mv,,normal,not_started,commit
BASIC-03,basic_long_dt_900,396,39.60000000000029,B03_CLV,cav,not_applicable,7821.000002197302,3.5,29.99999908445537,3.814769286236697e-07,lane_1,mainline,,normal,none,commit
BASIC-03,basic_long_dt_900,396,39.60000000000029,B03_CFV,cav,not_applicable,7778.697274217199,0.0,30.000012752274447,-5.313447685750817e-06,lane_2,mainline,,normal,none,commit
BASIC-03,basic_long_dt_900,396,39.60000000000029,B03_TLV_CFV,cav,not_applicable,7736.249397137461,3.5,29.970405793029745,-0.792441755303742,lane_1,mainline,,normal,none,commit
BASIC-03,basic_long_dt_900,396,39.60000000000029,B03_TLV_CLV,cav,not_applicable,7778.6058247552655,3.5,30.031148947911344,0.7918276112226518,lane_1,mainline,,normal,none,commit
BASIC-03,basic_long_dt_900,397,39.700000000000294,B03_MV,cav,not_applicable,7245.5174399324505,-3.5,0.11817893661260996,4.0,on_ramp,on_ramp_mv,,normal,not_started,commit
BASIC-03,basic_long_dt_900,397,39.700000000000294,B03_CLV,cav,not_applicable,7824.000002109409,3.5,29.999999121077156,3.6621785142187947e-07,lane_1,mainline,,normal,none,commit
BASIC-03,basic_long_dt_900,397,39.700000000000294,B03_CFV,cav,not_applicable,7781.697275441417,0.0,30.00001224218347,-5.1009097788323745e-06,lane_2,mainline,,normal,none,commit
BASIC-03,basic_long_dt_900,397,39.700000000000294,B03_TLV_CFV,cav,not_applicable,7739.247226829675,3.5,29.978296922141258,0.0789112911151203,lane_1,mainline,,normal,none,commit
BASIC-03,basic_long_dt_900,397,39.700000000000294,B03_TLV_CLV,cav,not_applicable,7781.604509148694,3.5,29.986843934284106,-0.44305013627237577,lane_1,mainline,,normal,none,commit
BASIC-03,basic_long_dt_900,398,39.800000000000296,B03_MV,cav,not_applicable,7245.52897532442,-3.5,0.11535391969148973,4.0,on_ramp,on_ramp_mv,,normal,not_started,commit
BASIC-03,basic_long_dt_900,398,39.800000000000296,B03_CLV,cav,not_applicable,7827.000002025033,3.5,29.999999156234068,3.515691375355346e-07,lane_1,mainline,,normal,none,commit
BASIC-03,basic_long_dt_900,398,39.800000000000296,B03_CFV,cav,not_applicable,7784.697276616667,0.0,30.000011752496132,-4.89687338784961e-06,lane_2,mainline,,normal,none,commit
BASIC-03,basic_long_dt_900,398,39.800000000000296,B03_TLV_CFV,cav,not_applicable,7742.252974886998,3.5,30.057480573232496,0.7918365109123712,lane_1,mainline,,normal,none,commit
BASIC-03,basic_long_dt_900,398,39.800000000000296,B03_TLV_CLV,cav,not_applicable,7784.606841313735,3.5,30.023321650407276,0.36477716123169257,lane_1,mainline,,normal,none,commit
BASIC-03,basic_long_dt_900,399,39.9000000000003,B03_MV,cav,not_applicable,7245.540234967779,-3.5,0.11259643359121432,4.0,on_ramp,on_ramp_mv,,normal,not_started,commit
BASIC-03,basic_long_dt_900,399,39.9000000000003,B03_CLV,cav,not_applicable,7830.000001944031,3.5,29.999999189984706,3.375063727162342e-07,lane_1,mainline,,normal,none,commit
BASIC-03,basic_long_dt_900,399,39.9000000000003,B03_CFV,cav,not_applicable,7787.697277744907,0.0,30.000011282396287,-4.700998452733529e-06,lane_2,mainline,,normal,none,commit
BASIC-03,basic_long_dt_900,399,39.9000000000003,B03_TLV_CFV,cav,not_applicable,7745.254292515774,3.5,30.01317628776169,-0.44304285470805993,lane_1,mainline,,normal,none,commit
BASIC-03,basic_long_dt_900,399,39.9000000000003,B03_TLV_CLV,cav,not_applicable,7787.601248928277,3.5,29.944076145417142,-0.7924550499013423,lane_1,mainline,,normal,none,commit
BASIC-03,basic_long_dt_900,400,40.0000000000003,B03_MV,cav,not_applicable,7245.551225454181,-3.5,0.10990486401646189,4.0,on_ramp,on_ramp_mv,,normal,not_started,commit
BASIC-03,basic_long_dt_900,400,40.0000000000003,B03_CLV,cav,not_applicable,7833.0000018662695,3.5,29.999999222385316,3.2400611758021116e-07,lane_1,mainline,,normal,none,commit
BASIC-03,basic_long_dt_900,400,40.0000000000003,B03_CFV,cav,not_applicable,7790.697278828017,0.0,30.000010831100436,-4.512958514624188e-06,lane_2,mainline,,normal,none,commit
BASIC-03,basic_long_dt_900,400,40.0000000000003,B03_TLV_CFV,cav,not_applicable,7748.259257975739,3.5,30.049654599649212,0.36478311887522374,lane_1,mainline,,normal,none,commit
BASIC-03,basic_long_dt_900,400,40.0000000000003,B03_TLV_CLV,cav,not_applicable,7790.596445546956,3.5,29.95196618678885,0.07890041371708367,lane_1,mainline,,normal,none,commit
BASIC-03,basic_long_dt_900,401,40.1000000000003,B03_MV,cav,not_applicable,7245.561953217707,-3.5,0.10727763526080877,4.0,on_ramp,on_ramp_mv,,normal,not_started,commit
BASIC-03,basic_long_dt_900,401,40.1000000000003,B03_CLV,cav,not_applicable,7836.000001791618,3.5,29.999999253489904,3.110458735022803e-07,lane_1,mainline,,normal,none,commit
BASIC-03,basic_long_dt_900,401,40.1000000000003,B03_CFV,cav,not_applicable,7793.6972798678025,0.0,30.000010397856418,-4.3324401744371245e-06,lane_2,mainline,,normal,none,commit
BASIC-03,basic_long_dt_900,401,40.1000000000003,B03_TLV_CFV,cav,not_applicable,7751.256298933949,3.5,29.97040958210264,-0.792450175465726,lane_1,mainline,,normal,none,commit
BASIC-03,basic_long_dt_900,401,40.1000000000003,B03_TLV_CLV,cav,not_applicable,7793.599560441747,3.5,30.03114894791116,0.7918276112230684,lane_1,mainline,,normal,none,commit
BASIC-03,basic_long_dt_900,402,40.2000000000003,B03_MV,cav,not_applicable,7245.5724245386355,-3.5,0.10471320928469029,4.0,on_ramp,on_ramp_mv,,normal,not_started,commit
BASIC-03,basic_long_dt_900,402,40.2000000000003,B03_CLV,cav,not_applicable,7839.000001719954,3.5,29.999999283350306,2.9860403856218913e-07,lane_1,mainline,,normal,none,commit
BASIC-03,basic_long_dt_900,402,40.2000000000003,B03_CFV,cav,not_applicable,7796.697280865997,0.0,30.00000998194216,-4.159142567061736e-06,lane_2,mainline,,normal,none,commit
BASIC-03,basic_long_dt_900,402,40.2000000000003,B03_TLV_CFV,cav,not_applicable,7754.254128936179,3.5,29.97830002229181,0.0789044018916788,lane_1,mainline,,normal,none,commit
BASIC-03,basic_long_dt_900,402,40.2000000000003,B03_TLV_CLV,cav,not_applicable,7796.598244835175,3.5,29.986843934283957,-0.44305013627203493,lane_1,mainline,,normal,none,commit
BASIC-03,basic_long_dt_900,403,40.3000000000003,B03_MV,cav,not_applicable,7245.582645547117,-3.5,0.10221008481445028,4.0,on_ramp,on_ramp_mv,,normal,not_started,commit
BASIC-03,basic_long_dt_900,403,40.3000000000003,B03_CLV,cav,not_applicable,7842.000001651155,3.5,29.999999312016293,2.8665987770182257e-07,lane_1,mainline,,normal,none,commit
BASIC-03,basic_long_dt_900,403,40.3000000000003,B03_CFV,cav,not_applicable,7799.697281824263,0.0,30.000009582664475,-3.992776863981362e-06,lane_2,mainline,,normal,none,commit
BASIC-03,basic_long_dt_900,403,40.3000000000003,B03_TLV_CFV,cav,not_applicable,7757.259877247151,3.5,30.05748310971931,0.79183087427501,lane_1,mainline,,normal,none,commit
BASIC-03,basic_long_dt_900,403,40.3000000000003,B03_TLV_CLV,cav,not_applicable,7799.600577000216,3.5,30.023321650407155,0.36477716123197146,lane_1,mainline,,normal,none,commit
BASIC-03,basic_long_dt_900,404,40.400000000000304,B03_MV,cav,not_applicable,7245.5926222267635,-3.5,0.09976679646378402,4.0,on_ramp,on_ramp_mv,,normal,not_started,commit
BASIC-03,basic_long_dt_900,404,40.400000000000304,B03_CLV,cav,not_applicable,7845.000001585108,3.5,29.99999933953564,2.751934829348102e-07,lane_1,mainline,,normal,none,commit
BASIC-03,basic_long_dt_900,404,40.400000000000304,B03_CFV,cav,not_applicable,7802.697282744199,0.0,30.000009199357898,-3.833065790104229e-06,lane_2,mainline,,normal,none,commit
BASIC-03,basic_long_dt_900,404,40.400000000000304,B03_TLV_CFV,cav,not_applicable,7760.261195083458,3.5,30.013178363069084,-0.44304746650226456,lane_1,mainline,,normal,none,commit
BASIC-03,basic_long_dt_900,404,40.400000000000304,B03_TLV_CLV,cav,not_applicable,7802.594984614758,3.5,29.944076145417043,-0.7924550499011143,lane_1,mainline,,normal,none,commit
BASIC-03,basic_long_dt_900,405,40.500000000000306,B03_MV,cav,not_applicable,7245.602360418151,-3.5,0.09738191387583506,4.0,on_ramp,on_ramp_mv,,normal,not_started,commit
BASIC-03,basic_long_dt_900,405,40.500000000000306,B03_CLV,cav,not_applicable,7848.000001521704,3.5,29.999999365954217,2.641857435037309e-07,lane_1,mainline,,normal,none,commit
BASIC-03,basic_long_dt_900,405,40.500000000000306,B03_CFV,cav,not_applicable,7805.697283627337,0.0,30.00000883138358,-3.6797431590684937e-06,lane_2,mainline,,normal,none,commit
BASIC-03,basic_long_dt_900,405,40.500000000000306,B03_TLV_CFV,cav,not_applicable,7763.26616071322,3.5,30.04965629762799,0.36477934558905634,lane_1,mainline,,normal,none,commit
BASIC-03,basic_long_dt_900,405,40.500000000000306,B03_TLV_CLV,cav,not_applicable,7805.590181233437,3.5,29.95196618678877,0.07890041371727019,lane_1,mainline,,normal,none,commit
BASIC-03,basic_long_dt_900,406,40.60000000000031,B03_MV,cav,not_applicable,7245.611865822239,-3.5,0.0950540408859463,4.0,on_ramp,on_ramp_mv,,normal,not_started,commit
BASIC-03,basic_long_dt_900,406,40.60000000000031,B03_CLV,cav,not_applicable,7851.000001460835,3.5,29.99999939131605,2.536183131951475e-07,lane_1,mainline,,normal,none,commit
BASIC-03,basic_long_dt_900,406,40.60000000000031,B03_CFV,cav,not_applicable,7808.69728447515,0.0,30.000008478128237,-3.532553432705754e-06,lane_2,mainline,,normal,none,commit
BASIC-03,basic_long_dt_900,406,40.60000000000031,B03_TLV_CFV,cav,not_applicable,7766.263201810356,3.5,29.970410971358003,-0.7924532626998629,lane_1,mainline,,normal,none,commit
BASIC-03,basic_long_dt_900,406,40.60000000000031,B03_TLV_CLV,cav,not_applicable,7808.593296128228,3.5,30.031148947911092,0.7918276112232211,lane_1,mainline,,normal,none,commit
BASIC-03,basic_long_dt_900,407,40.70000000000031,B03_MV,cav,not_applicable,7245.62114400371,-3.5,0.09278181470397776,4.0,on_ramp,on_ramp_mv,,normal,not_started,commit
BASIC-03,basic_long_dt_900,407,40.70000000000031,B03_CLV,cav,not_applicable,7854.000001402402,3.5,29.999999415663407,2.4347358049681136e-07,lane_1,mainline,,normal,none,commit
BASIC-03,basic_long_dt_900,407,40.70000000000031,B03_CFV,cav,not_applicable,7811.69728528905,0.0,30.000008139003107,-3.391251294715403e-06,lane_2,mainline,,normal,none,commit
BASIC-03,basic_long_dt_900,407,40.70000000000031,B03_TLV_CFV,cav,not_applicable,7769.261031926251,3.5,29.978301158955286,0.07890187597283949,lane_1,mainline,,normal,none,commit
BASIC-03,basic_long_dt_900,407,40.70000000000031,B03_TLV_CLV,cav,not_applicable,7811.591980521656,3.5,29.9868439342839,-0.44305013627191003,lane_1,mainline,,normal,none,commit
BASIC-03,basic_long_dt_900,408,40.80000000000031,B03_MV,cav,not_applicable,7245.630200394221,-3.5,0.09056390511684378,4.0,on_ramp,on_ramp_mv,,normal,not_started,commit
BASIC-03,basic_long_dt_900,408,40.80000000000031,B03_CLV,cav,not_applicable,7857.000001346305,3.5,29.99999943903687,2.337346373337823e-07,lane_1,mainline,,normal,none,commit
BASIC-03,basic_long_dt_900,408,40.80000000000031,B03_CFV,cav,not_applicable,7814.6972860703945,0.0,30.000007813442984,-3.2556012428131e-06,lane_2,mainline,,normal,none,commit
BASIC-03,basic_long_dt_900,408,40.80000000000031,B03_TLV_CFV,cav,not_applicable,7772.266780330223,3.5,30.0574840397167,0.7918288076141414,lane_1,mainline,,normal,none,commit
BASIC-03,basic_long_dt_900,408,40.80000000000031,B03_TLV_CLV,cav,not_applicable,7814.594312686697,3.5,30.02332165040711,0.36477716123207365,lane_1,mainline,,normal,none,commit
BASIC-03,basic_long_dt_900,409,40.90000000000031,B03_MV,cav,not_applicable,7245.639040295592,-3.5,0.08839901370953011,4.0,on_ramp,on_ramp_mv,,normal,not_started,commit
BASIC-03,basic_long_dt_900,409,40.90000000000031,B03_CLV,cav,not_applicable,7860.000001292453,3.5,29.999999461475394,2.243852520678047e-07,lane_1,mainline,,normal,none,commit
BASIC-03,basic_long_dt_900,409,40.90000000000031,B03_CFV,cav,not_applicable,7817.697286820485,0.0,30.000007500905266,-3.1253771936690103e-06,lane_2,mainline,,normal,none,commit
BASIC-03,basic_long_dt_900,409,40.90000000000031,B03_TLV_CFV,cav,not_applicable,7775.268098242621,3.5,30.01317912397604,-0.44304915740661155,lane_1,mainline,,normal,none,commit
BASIC-03,basic_long_dt_900,409,40.90000000000031,B03_TLV_CLV,cav,not_applicable,7817.588720301239,3.5,29.944076145417007,-0.7924550499010306,lane_1,mainline,,normal,none,commit
BASIC-03,basic_long_dt_900,410,41.00000000000031,B03_MV,cav,not_applicable,7245.6476688829025,-3.5,0.08628587310502556,4.0,on_ramp,on_ramp_mv,,normal,not_started,commit
BASIC-03,basic_long_dt_900,410,41.00000000000031,B03_CLV,cav,not_applicable,7863.0000012407545,3.5,29.999999483016378,2.154098424966833e-07,lane_1,mainline,,normal,none,commit
BASIC-03,basic_long_dt_900,410,41.00000000000031,B03_CFV,cav,not_applicable,7820.697287540572,0.0,30.000007200869057,-3.0003621063201535e-06,lane_2,mainline,,normal,none,commit
BASIC-03,basic_long_dt_900,410,41.00000000000031,B03_TLV_CFV,cav,not_applicable,7778.27306393464,3.5,30.049656920188227,0.3647779621218633,lane_1,mainline,,normal,none,commit
BASIC-03,basic_long_dt_900,410,41.00000000000031,B03_TLV_CLV,cav,not_applicable,7820.583916919918,3.5,29.95196618678874,0.07890041371733869,lane_1,mainline,,normal,none,commit
BASIC-03,basic_long_dt_900,411,41.100000000000314,B03_MV,cav,not_applicable,7245.656091207525,-3.5,0.08422324622273379,4.0,on_ramp,on_ramp_mv,,normal,not_started,commit
BASIC-03,basic_long_dt_900,411,41.100000000000314,B03_CLV,cav,not_applicable,7866.000001191124,3.5,29.999999503695722,2.0679344885365937e-07,lane_1,mainline,,normal,none,commit
BASIC-03,basic_long_dt_900,411,41.100000000000314,B03_CFV,cav,not_applicable,7823.697288231855,0.0,30.000006912834294,-2.8803476226357816e-06,lane_2,mainline,,normal,none,commit
BASIC-03,basic_long_dt_900,411,41.100000000000314,B03_TLV_CFV,cav,not_applicable,7781.270105082713,3.5,29.97041148072547,-0.7924543946275664,lane_1,mainline,,normal,none,commit
BASIC-03,basic_long_dt_900,411,41.100000000000314,B03_TLV_CLV,cav,not_applicable,7823.587031814709,3.5,30.03114894791107,0.7918276112232772,lane_1,mainline,,normal,none,commit
BASIC-03,basic_long_dt_900,412,41.200000000000315,B03_MV,cav,not_applicable,7245.66431220008,-3.5,0.08220992555362562,4.0,on_ramp,on_ramp_mv,,normal,not_started,commit
BASIC-03,basic_long_dt_900,412,41.200000000000315,B03_CLV,cav,not_applicable,7869.0000011434795,3.5,29.999999523547892,1.9852171107004324e-07,lane_1,mainline,,normal,none,commit
BASIC-03,basic_long_dt_900,412,41.200000000000315,B03_CFV,cav,not_applicable,7826.697288895487,0.0,30.000006636320922,-2.7651337177303506e-06,lane_2,mainline,,normal,none,commit
BASIC-03,basic_long_dt_900,412,41.200000000000315,B03_TLV_CFV,cav,not_applicable,7784.267935240284,3.5,29.97830157571049,0.07890094985017304,lane_1,mainline,,normal,none,commit
BASIC-03,basic_long_dt_900,412,41.200000000000315,B03_TLV_CLV,cav,not_applicable,7826.5857162081375,3.5,29.986843934283883,-0.44305013627186407,lane_1,mainline,,normal,none,commit
BASIC-03,basic_long_dt_900,413,41.30000000000032,B03_MV,cav,not_applicable,7245.672336673325,-3.5,0.08024473245387134,4.0,on_ramp,on_ramp_mv,,normal,not_started,commit
BASIC-03,basic_long_dt_900,413,41.30000000000032,B03_CLV,cav,not_applicable,7872.00000109774,3.5,29.999999542605977,1.9058084319567572e-07,lane_1,mainline,,normal,none,commit
BASIC-03,basic_long_dt_900,413,41.30000000000032,B03_CFV,cav,not_applicable,7829.697289532573,0.0,30.000006370868086,-2.6545283688506063e-06,lane_2,mainline,,normal,none,commit
BASIC-03,basic_long_dt_900,413,41.30000000000032,B03_TLV_CFV,cav,not_applicable,7787.273683678353,3.5,30.05748438069823,0.7918280498774143,lane_1,mainline,,normal,none,commit
BASIC-03,basic_long_dt_900,413,41.30000000000032,B03_TLV_CLV,cav,not_applicable,7829.588048373178,3.5,30.023321650407095,0.36477716123211124,lane_1,mainline,,normal,none,commit
BASIC-03,basic_long_dt_900,414,41.40000000000032,B03_MV,cav,not_applicable,7245.68016932497,-3.5,0.07832651645434383,4.0,on_ramp,on_ramp_mv,,normal,not_started,commit
BASIC-03,basic_long_dt_900,414,41.40000000000032,B03_CLV,cav,not_applicable,7875.000001053831,3.5,29.99999956090174,1.82957609240475e-07,lane_1,mainline,,normal,none,commit
BASIC-03,basic_long_dt_900,414,41.40000000000032,B03_CFV,cav,not_applicable,7832.697290144177,0.0,30.00000611603336,-2.548347234210269e-06,lane_2,mainline,,normal,none,commit
BASIC-03,basic_long_dt_900,414,41.40000000000032,B03_TLV_CFV,cav,not_applicable,7790.275001618649,3.5,30.01317940296093,-0.44304977737302464,lane_1,mainline,,normal,none,commit
BASIC-03,basic_long_dt_900,414,41.40000000000032,B03_TLV_CLV,cav,not_applicable,7832.58245598772,3.5,29.944076145416993,-0.7924550499009999,lane_1,mainline,,normal,none,commit
BASIC-03,basic_long_dt_900,415,41.50000000000032,B03_MV,cav,not_applicable,7245.687814740429,-3.5,0.0764541545877322,4.0,on_ramp,on_ramp_mv,,normal,not_started,commit
BASIC-03,basic_long_dt_900,415,41.50000000000032,B03_CLV,cav,not_applicable,7878.000001011677,3.5,29.99999957846567,1.7563930470032575e-07,lane_1,mainline,,normal,none,commit
BASIC-03,basic_long_dt_900,415,41.50000000000032,B03_CFV,cav,not_applicable,7835.697290731316,0.0,30.000005871392027,-2.4464133446144844e-06,lane_2,mainline,,normal,none,commit
BASIC-03,basic_long_dt_900,415,41.50000000000032,B03_TLV_CFV,cav,not_applicable,7793.279967333494,3.5,30.049657148448592,0.3647774548766162,lane_1,mainline,,normal,none,commit
BASIC-03,basic_long_dt_900,415,41.50000000000032,B03_TLV_CLV,cav,not_applicable,7835.577652606399,3.5,29.95196618678873,0.07890041371736378,lane_1,mainline,,normal,none,commit
BASIC-03,basic_long_dt_900,416,41.60000000000032,B03_MV,cav,not_applicable,7245.695277395502,-3.5,0.07462655073043921,4.0,on_ramp,on_ramp_mv,,normal,not_started,commit
BASIC-03,basic_long_dt_900,416,41.60000000000032,B03_CLV,cav,not_applicable,7881.00000097121,3.5,29.999999595327044,1.686137323986259e-07,lane_1,mainline,,normal,none,commit
BASIC-03,basic_long_dt_900,416,41.60000000000032,B03_CFV,cav,not_applicable,7838.69729129497,0.0,30.000005636536347,-2.348556810716218e-06,lane_2,mainline,,normal,none,commit
BASIC-03,basic_long_dt_900,416,41.60000000000032,B03_TLV_CFV,cav,not_applicable,7796.277008500242,3.5,29.97041166748395,-0.7924548096464048,lane_1,mainline,,normal,none,commit
BASIC-03,basic_long_dt_900,416,41.60000000000032,B03_TLV_CLV,cav,not_applicable,7838.58076750119,3.5,30.03114894791106,0.7918276112232977,lane_1,mainline,,normal,none,commit
BASIC-03,basic_long_dt_900,417,41.70000000000032,B03_MV,cav,not_applicable,7245.702561658998,-3.5,0.07284263496143671,4.0,on_ramp,on_ramp_mv,,normal,not_started,commit
BASIC-03,basic_long_dt_900,417,41.70000000000032,B03_CLV,cav,not_applicable,7884.000000932362,3.5,29.99999961151396,1.618691825910901e-07,lane_1,mainline,,normal,none,commit
BASIC-03,basic_long_dt_900,417,41.70000000000032,B03_CFV,cav,not_applicable,7841.697291836077,0.0,30.000005411074895,-2.2546145387991603e-06,lane_2,mainline,,normal,none,commit
BASIC-03,basic_long_dt_900,417,41.70000000000032,B03_TLV_CFV,cav,not_applicable,7799.274838673094,3.5,29.978301728512882,0.07890061028930528,lane_1,mainline,,normal,none,commit
BASIC-03,basic_long_dt_900,417,41.70000000000032,B03_TLV_CLV,cav,not_applicable,7841.579451894619,3.5,29.986843934283876,-0.4430501362718473,lane_1,mainline,,normal,none,commit
BASIC-03,basic_long_dt_900,418,41.800000000000324,B03_MV,cav,not_applicable,7245.709671795292,-3.5,0.07110136293568776,4.0,on_ramp,on_ramp_mv,,normal,not_started,commit
BASIC-03,basic_long_dt_900,418,41.800000000000324,B03_CLV,cav,not_applicable,7887.000000895067,3.5,29.999999627053402,1.5539441591272408e-07,lane_1,mainline,,normal,none,commit
BASIC-03,basic_long_dt_900,418,41.800000000000324,B03_CFV,cav,not_applicable,7844.69729235554,0.0,30.0000051946319,-2.1644299579293147e-06,lane_2,mainline,,normal,none,commit
BASIC-03,basic_long_dt_900,418,41.800000000000324,B03_TLV_CFV,cav,not_applicable,7802.280587123665,3.5,30.05748450571837,0.7918277720548862,lane_1,mainline,,normal,none,commit
BASIC-03,basic_long_dt_900,418,41.800000000000324,B03_TLV_CLV,cav,not_applicable,7844.581784059659,3.5,30.023321650407087,0.364777161232125,lane_1,mainline,,normal,none,commit
BASIC-03,basic_long_dt_900,419,41.900000000000325,B03_MV,cav,not_applicable,7245.716611966819,-3.5,0.06940171527278732,4.0,on_ramp,on_ramp_mv,,normal,not_started,commit
BASIC-03,basic_long_dt_900,419,41.900000000000325,B03_CLV,cav,not_applicable,7890.000000859264,3.5,29.999999641971264,1.491786392193717e-07,lane_1,mainline,,normal,none,commit
BASIC-03,basic_long_dt_900,419,41.900000000000325,B03_CFV,cav,not_applicable,7847.697292854225,0.0,30.000004986846623,-2.0778527598963594e-06,lane_2,mainline,,normal,none,commit
BASIC-03,basic_long_dt_900,419,41.900000000000325,B03_TLV_CFV,cav,not_applicable,7805.28190507419,3.5,30.013179505250136,-0.4430500046823658,lane_1,mainline,,normal,none,commit
BASIC-03,basic_long_dt_900,419,41.900000000000325,B03_TLV_CLV,cav,not_applicable,7847.576191674201,3.5,29.94407614541699,-0.7924550499009886,lane_1,mainline,,normal,none,commit
BASIC-03,basic_long_dt_900,420,42.00000000000033,B03_MV,cav,not_applicable,7245.723386236515,-3.5,0.06774269696016966,4.0,on_ramp,on_ramp_mv,,normal,not_started,commit
BASIC-03,basic_long_dt_900,420,42.00000000000033,B03_CLV,cav,not_applicable,7893.0000008248935,3.5,29.999999656292413,1.43211494219031e-07,lane_1,mainline,,normal,none,commit
BASIC-03,basic_long_dt_900,420,42.00000000000033,B03_CFV,cav,not_applicable,7850.6972933329625,0.0,30.00000478737276,-1.994738649102601e-06,lane_2,mainline,,normal,none,commit
BASIC-03,basic_long_dt_900,420,42.00000000000033,B03_TLV_CFV,cav,not_applicable,7808.286870797404,3.5,30.04965723213976,0.36477726889624623,lane_1,mainline,,normal,none,commit
BASIC-03,basic_long_dt_900,420,42.00000000000033,B03_TLV_CLV,cav,not_applicable,7850.57138829288,3.5,29.951966186788727,0.078900413717373,lane_1,mainline,,normal,none,commit
BASIC-03,basic_long_dt_900,421,42.10000000000033,B03_MV,cav,not_applicable,7245.729998570192,-3.5,0.06612333677066463,4.0,on_ramp,on_ramp_mv,,normal,not_started,commit
BASIC-03,basic_long_dt_900,421,42.10000000000033,B03_CLV,cav,not_applicable,7896.000000791898,3.5,29.999999670040715,1.3748303473448686e-07,lane_1,mainline,,normal,none,commit
BASIC-03,basic_long_dt_900,421,42.10000000000033,B03_CFV,cav,not_applicable,7853.69729379255,0.0,30.00000459587785,-1.914949103820618e-06,lane_2,mainline,,normal,none,commit
BASIC-03,basic_long_dt_900,421,42.10000000000033,B03_TLV_CFV,cav,not_applicable,7811.283911971,3.5,29.970411735958546,-0.7924549618121621,lane_1,mainline,,normal,none,commit
BASIC-03,basic_long_dt_900,421,42.10000000000033,B03_TLV_CLV,cav,not_applicable,7853.574503187671,3.5,30.031148947911056,0.7918276112233051,lane_1,mainline,,normal,none,commit
BASIC-03,basic_long_dt_900,422,42.20000000000033,B03_MV,cav,not_applicable,7245.736452838862,-3.5,0.06454268669353373,4.0,on_ramp,on_ramp_mv,,normal,not_started,commit
BASIC-03,basic_long_dt_900,422,42.20000000000033,B03_CLV,cav,not_applicable,7899.000000760222,3.5,29.999999683239086,1.319837139135416e-07,lane_1,mainline,,normal,none,commit
BASIC-03,basic_long_dt_900,422,42.20000000000033,B03_CFV,cav,not_applicable,7856.697294233754,0.0,30.00000441204274,-1.838351140293071e-06,lane_2,mainline,,normal,none,commit
BASIC-03,basic_long_dt_900,422,42.20000000000033,B03_TLV_CFV,cav,not_applicable,7814.281742149454,3.5,29.97830178453755,0.07890048579004927,lane_1,mainline,,normal,none,commit
BASIC-03,basic_long_dt_900,422,42.20000000000033,B03_TLV_CLV,cav,not_applicable,7856.5731875811,3.5,29.986843934283872,-0.4430501362718412,lane_1,mainline,,normal,none,commit
BASIC-03,basic_long_dt_900,423,42.30000000000033,B03_MV,cav,not_applicable,7245.742752821,-3.5,0.0629998213802898,4.0,on_ramp,on_ramp_mv,,normal,not_started,commit
BASIC-03,basic_long_dt_900,423,42.30000000000033,B03_CLV,cav,not_applicable,7902.000000729813,3.5,29.999999695909523,1.2670436575490384e-07,lane_1,mainline,,normal,none,commit
BASIC-03,basic_long_dt_900,423,42.30000000000033,B03_CFV,cav,not_applicable,7859.6972946573105,0.0,30.00000423556103,-1.7648170953066256e-06,lane_2,mainline,,normal,none,commit
BASIC-03,basic_long_dt_900,423,42.30000000000033,B03_TLV_CFV,cav,not_applicable,7817.287490604609,3.5,30.057484551556737,0.7918276701918585,lane_1,mainline,,normal,none,commit
BASIC-03,basic_long_dt_900,423,42.30000000000033,B03_TLV_CLV,cav,not_applicable,7859.57551974614,3.5,30.023321650407084,0.36477716123213,lane_1,mainline,,normal,none,commit
BASIC-03,basic_long_dt_900,424,42.40000000000033,B03_MV,cav,not_applicable,7245.74890220476,-3.5,0.06149383760225707,4.0,on_ramp,on_ramp_mv,,normal,not_started,commit
BASIC-03,basic_long_dt_900,424,42.40000000000033,B03_CLV,cav,not_applicable,7905.00000070062,3.5,29.99999970807314,1.2163619089733402e-07,lane_1,mainline,,normal,none,commit
BASIC-03,basic_long_dt_900,424,42.40000000000033,B03_CFV,cav,not_applicable,7862.697295063925,0.0,30.000004066138587,-1.6942244116080474e-06,lane_2,mainline,,normal,none,commit
BASIC-03,basic_long_dt_900,424,42.40000000000033,B03_TLV_CFV,cav,not_applicable,7820.288808558885,3.5,30.01317954275425,-0.443050088024843,lane_1,mainline,,normal,none,commit
BASIC-03,basic_long_dt_900,424,42.40000000000033,B03_TLV_CLV,cav,not_applicable,7862.569927360682,3.5,29.944076145416986,-0.7924550499009845,lane_1,mainline,,normal,none,commit
BASIC-03,basic_long_dt_900,425,42.500000000000334,B03_MV,cav,not_applicable,7245.754904590132,-3.5,0.06002385372226291,4.0,on_ramp,on_ramp_mv,,normal,not_started,commit
BASIC-03,basic_long_dt_900,425,42.500000000000334,B03_CLV,cav,not_applicable,7908.000000672595,3.5,29.999999719750214,1.1677074382987485e-07,lane_1,mainline,,normal,none,commit
BASIC-03,basic_long_dt_900,425,42.500000000000334,B03_CFV,cav,not_applicable,7865.697295454274,0.0,30.00000390349304,-1.6264554346889782e-06,lane_2,mainline,,normal,none,commit
BASIC-03,basic_long_dt_900,425,42.500000000000334,B03_TLV_CFV,cav,not_applicable,7823.293774285167,3.5,30.049657262824947,0.36477720070694664,lane_1,mainline,,normal,none,commit
BASIC-03,basic_long_dt_900,425,42.500000000000334,B03_TLV_CLV,cav,not_applicable,7865.5651239793615,3.5,29.951966186788724,0.07890041371737644,lane_1,mainline,,normal,none,commit
BASIC-03,basic_long_dt_900,426,42.600000000000335,B03_MV,cav,not_applicable,7245.76076349105,-3.5,0.05858900917806966,4.0,on_ramp,on_ramp_mv,,normal,not_started,commit
BASIC-03,basic_long_dt_900,426,42.600000000000335,B03_CLV,cav,not_applicable,7911.000000645691,3.5,29.999999730960205,1.1209991441774037e-07,lane_1,mainline,,normal,none,commit
BASIC-03,basic_long_dt_900,426,42.600000000000335,B03_CFV,cav,not_applicable,7868.69729582901,0.0,30.00000374735332,-1.5613972166761416e-06,lane_2,mainline,,normal,none,commit
BASIC-03,basic_long_dt_900,426,42.600000000000335,B03_TLV_CFV,cav,not_applicable,7826.290815461274,3.5,29.970411761064607,-0.7924550176034073,lane_1,mainline,,normal,none,commit
BASIC-03,basic_long_dt_900,426,42.600000000000335,B03_TLV_CLV,cav,not_applicable,7868.5682388741525,3.5,30.031148947911056,0.791827611223308,lane_1,mainline,,normal,none,commit
BASIC-03,basic_long_dt_900,427,42.70000000000034,B03_MV,cav,not_applicable,7245.766482337448,-3.5,0.05718846397885125,4.0,on_ramp,on_ramp_mv,,normal,not_started,commit
BASIC-03,basic_long_dt_900,427,42.70000000000034,B03_CLV,cav,not_applicable,7914.000000619863,3.5,29.999999741721798,1.0761591795471759e-07,lane_1,mainline,,normal,none,commit
BASIC-03,basic_long_dt_900,427,42.70000000000034,B03_CFV,cav,not_applicable,7871.697296188756,0.0,30.000003597459184,-1.4989413273269749e-06,lane_2,mainline,,normal,none,commit
BASIC-03,basic_long_dt_900,427,42.70000000000034,B03_TLV_CFV,cav,not_applicable,7829.288645641782,3.5,29.978301805078875,0.07890044014266684,lane_1,mainline,,normal,none,commit
BASIC-03,basic_long_dt_900,427,42.70000000000034,B03_TLV_CLV,cav,not_applicable,7871.566923267581,3.5,29.986843934283872,-0.44305013627183887,lane_1,mainline,,normal,none,commit
BASIC-03,basic_long_dt_900,428,42.80000000000034,B03_MV,cav,not_applicable,7245.772064477269,-3.5,0.05582139821340987,4.0,on_ramp,on_ramp_mv,,normal,not_started,commit
BASIC-03,basic_long_dt_900,428,42.80000000000034,B03_CLV,cav,not_applicable,7917.000000595069,3.5,29.999999752052926,1.033112809523118e-07,lane_1,mainline,,normal,none,commit
BASIC-03,basic_long_dt_900,428,42.80000000000034,B03_CFV,cav,not_applicable,7874.697296534112,0.0,30.000003453560815,-1.4389836735517747e-06,lane_2,mainline,,normal,none,commit
BASIC-03,basic_long_dt_900,428,42.80000000000034,B03_TLV_CFV,cav,not_applicable,7832.294394098618,3.5,30.057484568363275,0.7918276328440002,lane_1,mainline,,normal,none,commit
BASIC-03,basic_long_dt_900,428,42.80000000000034,B03_TLV_CLV,cav,not_applicable,7874.5692554326215,3.5,30.023321650407084,0.3647771612321319,lane_1,mainline,,normal,none,commit
BASIC-03,basic_long_dt_900,429,42.90000000000034,B03_MV,cav,not_applicable,7245.777513178426,-3.5,0.054487011570350324,4.0,on_ramp,on_ramp_mv,,normal,not_started,commit
BASIC-03,basic_long_dt_900,429,42.90000000000034,B03_CLV,cav,not_applicable,7920.000000571265,3.5,29.99999976197081,9.917882977106274e-08,lane_1,mainline,,normal,none,commit
BASIC-03,basic_long_dt_900,429,42.90000000000034,B03_CFV,cav,not_applicable,7877.697296865654,0.0,30.000003315418382,-1.3814243260412695e-06,lane_2,mainline,,normal,none,commit
BASIC-03,basic_long_dt_900,429,42.90000000000034,B03_TLV_CFV,cav,not_applicable,7835.295712054269,3.5,30.013179556505058,-0.4430501185821817,lane_1,mainline,,normal,none,commit
BASIC-03,basic_long_dt_900,429,42.90000000000034,B03_TLV_CLV,cav,not_applicable,7877.563663047164,3.5,29.944076145416986,-0.7924550499009829,lane_1,mainline,,normal,none,commit
BASIC-03,basic_long_dt_900,430,43.00000000000034,B03_MV,cav,not_applicable,7245.782831630712,-3.5,0.053184522869124895,4.0,on_ramp,on_ramp_mv,,normal,not_started,commit
BASIC-03,basic_long_dt_900,430,43.00000000000034,B03_CLV,cav,not_applicable,7923.000000548414,3.5,29.999999771491975,9.521167640968998e-08,lane_1,mainline,,normal,none,commit
BASIC-03,basic_long_dt_900,430,43.00000000000034,B03_CFV,cav,not_applicable,7880.697297183934,0.0,30.00000318280165,-1.3261673529996188e-06,lane_2,mainline,,normal,none,commit
BASIC-03,basic_long_dt_900,430,43.00000000000034,B03_TLV_CFV,cav,not_applicable,7838.300677781676,3.5,30.049657274075606,0.36477717570548773,lane_1,mainline,,normal,none,commit
BASIC-03,basic_long_dt_900,430,43.00000000000034,B03_TLV_CLV,cav,not_applicable,7880.558859665843,3.5,29.951966186788724,0.07890041371737766,lane_1,mainline,,normal,none,commit
BASIC-03,basic_long_dt_900,431,43.10000000000034,B03_MV,cav,not_applicable,7245.788022947672,-3.5,0.05191316960303582,4.0,on_ramp,on_ramp_mv,,normal,not_started,commit
BASIC-03,basic_long_dt_900,431,43.10000000000034,B03_CLV,cav,not_applicable,7926.000000526477,3.5,29.999999780632297,9.140320997857999e-08,lane_1,mainline,,normal,none,commit
BASIC-03,basic_long_dt_900,431,43.10000000000034,B03_CFV,cav,not_applicable,7883.697297489483,0.0,30.000003055489582,-1.273120659561755e-06,lane_2,mainline,,normal,none,commit
BASIC-03,basic_long_dt_900,431,43.10000000000034,B03_TLV_CFV,cav,not_applicable,7841.297718958704,3.5,29.970411770269692,-0.7924550380591464,lane_1,mainline,,normal,none,commit
BASIC-03,basic_long_dt_900,431,43.10000000000034,B03_TLV_CLV,cav,not_applicable,7883.561974560634,3.5,30.031148947911056,0.791827611223309,lane_1,mainline,,normal,none,commit
BASIC-03,basic_long_dt_900,432,43.200000000000344,B03_MV,cav,not_applicable,7245.793090168421,-3.5,0.050672207492890836,4.0,on_ramp,on_ramp_mv,,normal,not_started,commit
BASIC-03,basic_long_dt_900,432,43.200000000000344,B03_CLV,cav,not_applicable,7929.000000505418,3.5,29.999999789407006,8.774708106784602e-08,lane_1,mainline,,normal,none,commit
BASIC-03,basic_long_dt_900,432,43.200000000000344,B03_CFV,cav,not_applicable,7886.69729778281,0.0,30.00000293327,-1.2221958328950678e-06,lane_2,mainline,,normal,none,commit
BASIC-03,basic_long_dt_900,432,43.200000000000344,B03_TLV_CFV,cav,not_applicable,7844.295549139964,3.5,29.978301812610308,0.078900423406153,lane_1,mainline,,normal,none,commit
BASIC-03,basic_long_dt_900,432,43.200000000000344,B03_TLV_CLV,cav,not_applicable,7886.560658954062,3.5,29.986843934283872,-0.4430501362718381,lane_1,mainline,,normal,none,commit
BASIC-03,basic_long_dt_900,433,43.300000000000345,B03_MV,cav,not_applicable,7245.798036259426,-3.5,0.04946091005109455,4.0,on_ramp,on_ramp_mv,,normal,not_started,commit
BASIC-03,basic_long_dt_900,433,43.300000000000345,B03_CLV,cav,not_applicable,7932.000000485201,3.5,29.999999797830725,8.423719748407167e-08,lane_1,mainline,,normal,none,commit
BASIC-03,basic_long_dt_900,433,43.300000000000345,B03_CFV,cav,not_applicable,7889.697298064404,0.0,30.0000028159392,-1.1733080000908558e-06,lane_2,mainline,,normal,none,commit
BASIC-03,basic_long_dt_900,433,43.300000000000345,B03_TLV_CFV,cav,not_applicable,7847.301297597417,3.5,30.057484574525358,0.7918276191504888,lane_1,mainline,,normal,none,commit
BASIC-03,basic_long_dt_900,433,43.300000000000345,B03_TLV_CLV,cav,not_applicable,7889.562991119103,3.5,30.023321650407084,0.3647771612321325,lane_1,mainline,,normal,none,commit
BASIC-03,basic_long_dt_900,434,43.40000000000035,B03_MV,cav,not_applicable,7245.802864116242,-3.5,0.04827856815639283,4.0,on_ramp,on_ramp_mv,,normal,not_started,commit
BASIC-03,basic_long_dt_900,434,43.40000000000035,B03_CLV,cav,not_applicable,7935.000000465792,3.5,29.999999805917497,8.086771003945614e-08,lane_1,mainline,,normal,none,commit
BASIC-03,basic_long_dt_900,434,43.40000000000035,B03_CFV,cav,not_applicable,7892.697298334734,0.0,30.000002703301632,-1.1263756803714388e-06,lane_2,mainline,,normal,none,commit
BASIC-03,basic_long_dt_900,434,43.40000000000035,B03_TLV_CFV,cav,not_applicable,7850.302615553572,3.5,30.01317956154676,-0.4430501297859637,lane_1,mainline,,normal,none,commit
BASIC-03,basic_long_dt_900,434,43.40000000000035,B03_TLV_CLV,cav,not_applicable,7892.557398733645,3.5,29.944076145416986,-0.7924550499009824,lane_1,mainline,,normal,none,commit
BASIC-03,basic_long_dt_900,435,43.50000000000035,B03_MV,cav,not_applicable,7245.807576565206,-3.5,0.04712448963883558,4.0,on_ramp,on_ramp_mv,,normal,not_started,commit
BASIC-03,basic_long_dt_900,435,43.50000000000035,B03_CLV,cav,not_applicable,7938.00000044716,3.5,29.999999813680798,7.763300118313056e-08,lane_1,mainline,,normal,none,commit
BASIC-03,basic_long_dt_900,435,43.50000000000035,B03_CFV,cav,not_applicable,7895.697298594251,0.0,30.000002595169565,-1.0813206529292075e-06,lane_2,mainline,,normal,none,commit
BASIC-03,basic_long_dt_900,435,43.50000000000035,B03_TLV_CFV,cav,not_applicable,7853.307581281392,3.5,30.049657278200637,0.364777166538757,lane_1,mainline,,normal,none,commit
BASIC-03,basic_long_dt_900,435,43.50000000000035,B03_TLV_CLV,cav,not_applicable,7895.552595352324,3.5,29.951966186788724,0.0789004137173781,lane_1,mainline,,normal,none,commit
BASIC-03,basic_long_dt_900,436,43.60000000000035,B03_MV,cav,not_applicable,7245.812176365093,-3.5,0.04599799887452298,4.0,on_ramp,on_ramp_mv,,normal,not_started,commit
BASIC-03,basic_long_dt_900,436,43.60000000000035,B03_CLV,cav,not_applicable,7941.000000429273,3.5,29.999999821133567,7.45276807379014e-08,lane_1,mainline,,normal,none,commit
BASIC-03,basic_long_dt_900,436,43.60000000000035,B03_CFV,cav,not_applicable,7898.697298843387,0.0,30.000002491362782,-1.0380678261867615e-06,lane_2,mainline,,normal,none,commit
BASIC-03,basic_long_dt_900,436,43.60000000000035,B03_TLV_CFV,cav,not_applicable,7856.304622458757,3.5,29.970411773644717,-0.7924550455591988,lane_1,mainline,,normal,none,commit
BASIC-03,basic_long_dt_900,436,43.60000000000035,B03_TLV_CLV,cav,not_applicable,7898.555710247115,3.5,30.031148947911056,0.7918276112233094,lane_1,mainline,,normal,none,commit
BASIC-03,basic_long_dt_900,437,43.70000000000035,B03_MV,cav,not_applicable,7245.816666208732,-3.5,0.044898436389917785,4.0,on_ramp,on_ramp_mv,,normal,not_started,commit
BASIC-03,basic_long_dt_900,437,43.70000000000035,B03_CLV,cav,not_applicable,7944.000000412102,3.5,29.999999828288225,7.15465731104814e-08,lane_1,mainline,,normal,none,commit
BASIC-03,basic_long_dt_900,437,43.70000000000035,B03_CFV,cav,not_applicable,7901.697299082558,0.0,30.00000239170827,-9.965451127413873e-07,lane_2,mainline,,normal,none,commit
BASIC-03,basic_long_dt_900,437,43.70000000000035,B03_TLV_CFV,cav,not_applicable,7859.302452640294,3.5,29.97830181537169,0.0789004172697465,lane_1,mainline,,normal,none,commit
BASIC-03,basic_long_dt_900,437,43.70000000000035,B03_TLV_CLV,cav,not_applicable,7901.554394640543,3.5,29.986843934283872,-0.44305013627183776,lane_1,mainline,,normal,none,commit
BASIC-03,basic_long_dt_900,438,43.80000000000035,B03_MV,cav,not_applicable,7245.82104872458,-3.5,0.04382515847615853,4.0,on_ramp,on_ramp_mv,,normal,not_started,commit
BASIC-03,basic_long_dt_900,438,43.80000000000035,B03_CLV,cav,not_applicable,7947.0000003956175,3.5,29.999999835156697,6.868471018606215e-08,lane_1,mainline,,normal,none,commit
BASIC-03,basic_long_dt_900,438,43.80000000000035,B03_CFV,cav,not_applicable,7904.697299312162,0.0,30.00000229603994,-9.566833085727922e-07,lane_2,mainline,,normal,none,commit
BASIC-03,basic_long_dt_900,438,43.80000000000035,B03_TLV_CFV,cav,not_applicable,7862.308201097972,3.5,30.05748457678467,0.7918276141297926,lane_1,mainline,,normal,none,commit
BASIC-03,basic_long_dt_900,438,43.80000000000035,B03_TLV_CLV,cav,not_applicable,7904.556726805584,3.5,30.023321650407084,0.3647771612321328,lane_1,mainline,,normal,none,commit
BASIC-03,basic_long_dt_900,439,43.900000000000354,B03_MV,cav,not_applicable,7245.825326478261,-3.5,0.042777536811851785,4.0,on_ramp,on_ramp_mv,,normal,not_started,commit
BASIC-03,basic_long_dt_900,439,43.900000000000354,B03_CLV,cav,not_applicable,7950.000000379792,3.5,29.99999984175043,6.593732138071573e-08,lane_1,mainline,,normal,none,commit
BASIC-03,basic_long_dt_900,439,43.900000000000354,B03_CFV,cav,not_applicable,7907.697299532581,0.0,30.000002204198342,-9.184159765140976e-07,lane_2,mainline,,normal,none,commit
BASIC-03,basic_long_dt_900,439,43.900000000000354,B03_TLV_CFV,cav,not_applicable,7865.309519054312,3.5,30.01317956339529,-0.443050133893806,lane_1,mainline,,normal,none,commit
BASIC-03,basic_long_dt_900,439,43.900000000000354,B03_TLV_CLV,cav,not_applicable,7907.551134420126,3.5,29.944076145416986,-0.7924550499009821,lane_1,mainline,,normal,none,commit
BASIC-03,basic_long_dt_900,440,44.000000000000355,B03_MV,cav,not_applicable,7245.82950197407,-3.5,0.04175495809521303,4.0,on_ramp,on_ramp_mv,,normal,not_started,commit
BASIC-03,basic_long_dt_900,440,44.000000000000355,B03_CLV,cav,not_applicable,7953.0000003646,3.5,29.999999848080414,6.329982795705292e-08,lane_1,mainline,,normal,none,commit
BASIC-03,basic_long_dt_900,440,44.000000000000355,B03_CFV,cav,not_applicable,7910.697299744184,0.0,30.00000211603041,-8.816793368282561e-07,lane_2,mainline,,normal,none,commit
BASIC-03,basic_long_dt_900,440,44.000000000000355,B03_TLV_CFV,cav,not_applicable,7868.314484782283,3.5,30.04965727971307,0.3647771631777951,lane_1,mainline,,normal,none,commit
BASIC-03,basic_long_dt_900,440,44.000000000000355,B03_TLV_CLV,cav,not_applicable,7910.546331038805,3.5,29.951966186788724,0.07890041371737833,lane_1,mainline,,normal,none,commit
BASIC-03,basic_long_dt_900,441,44.10000000000036,B03_MV,cav,not_applicable,7245.833577656438,-3.5,0.040756823685338804,4.0,on_ramp,on_ramp_mv,,normal,not_started,commit
BASIC-03,basic_long_dt_900,441,44.10000000000036,B03_CLV,cav,not_applicable,7956.000000350015,3.5,29.999999854157196,6.076783449771029e-08,lane_1,mainline,,normal,none,commit
BASIC-03,basic_long_dt_900,441,44.10000000000036,B03_CFV,cav,not_applicable,7913.697299947324,0.0,30.000002031389194,-8.464121634688127e-07,lane_2,mainline,,normal,none,commit
BASIC-03,basic_long_dt_900,441,44.10000000000036,B03_TLV_CFV,cav,not_applicable,7871.311525959772,3.5,29.970411774882162,-0.7924550483090766,lane_1,mainline,,normal,none,commit
BASIC-03,basic_long_dt_900,441,44.10000000000036,B03_TLV_CLV,cav,not_applicable,7913.549445933596,3.5,30.031148947911056,0.7918276112233096,lane_1,mainline,,normal,none,commit
BASIC-03,basic_long_dt_900,442,44.20000000000036,B03_MV,cav,not_applicable,7245.837555911363,-3.5,0.03978254925152309,4.0,on_ramp,on_ramp_mv,,normal,not_started,commit
BASIC-03,basic_long_dt_900,442,44.20000000000036,B03_CLV,cav,not_applicable,7959.000000336015,3.5,29.999999859990908,5.83371217999229e-08,lane_1,mainline,,normal,none,commit
BASIC-03,basic_long_dt_900,442,44.20000000000036,B03_CFV,cav,not_applicable,7916.697300142337,0.0,30.000001950133626,-8.125556774984944e-07,lane_2,mainline,,normal,none,commit
BASIC-03,basic_long_dt_900,442,44.20000000000036,B03_TLV_CFV,cav,not_applicable,7874.30935614141,3.5,29.978301816384146,0.07890041501984646,lane_1,mainline,,normal,none,commit
BASIC-03,basic_long_dt_900,442,44.20000000000036,B03_TLV_CLV,cav,not_applicable,7916.548130327024,3.5,29.986843934283872,-0.44305013627183754,lane_1,mainline,,normal,none,commit
BASIC-03,basic_long_dt_900,443,44.30000000000036,B03_MV,cav,not_applicable,7245.841439067806,-3.5,0.03883156443127006,4.0,on_ramp,on_ramp_mv,,normal,not_started,commit
BASIC-03,basic_long_dt_900,443,44.30000000000036,B03_CLV,cav,not_applicable,7962.000000322574,3.5,29.99999986559127,5.600363692792598e-08,lane_1,mainline,,normal,none,commit
BASIC-03,basic_long_dt_900,443,44.30000000000036,B03_CFV,cav,not_applicable,7919.69730032955,0.0,30.00000187212828,-7.80053450455398e-07,lane_2,mainline,,normal,none,commit
BASIC-03,basic_long_dt_900,443,44.30000000000036,B03_TLV_CFV,cav,not_applicable,7877.315104599171,3.5,30.057484577613042,0.7918276122889653,lane_1,mainline,,normal,none,commit
BASIC-03,basic_long_dt_900,443,44.30000000000036,B03_TLV_CLV,cav,not_applicable,7919.550462492065,3.5,30.023321650407084,0.364777161232133,lane_1,mainline,,normal,none,commit
BASIC-03,basic_long_dt_900,444,44.40000000000036,B03_MV,cav,not_applicable,7245.845229399056,-3.5,0.037903312496133656,4.0,on_ramp,on_ramp_mv,,normal,not_started,commit
BASIC-03,basic_long_dt_900,444,44.40000000000036,B03_CLV,cav,not_applicable,7965.000000309671,3.5,29.99999987096762,5.376349179186946e-08,lane_1,mainline,,normal,none,commit
BASIC-03,basic_long_dt_900,444,44.40000000000036,B03_CFV,cav,not_applicable,7922.697300509274,0.0,30.000001797243147,-7.488513119824348e-07,lane_2,mainline,,normal,none,commit
BASIC-03,basic_long_dt_900,444,44.40000000000036,B03_TLV_CFV,cav,not_applicable,7880.316422555578,3.5,30.01317956407305,-0.44305013539993754,lane_1,mainline,,normal,none,commit
BASIC-03,basic_long_dt_900,444,44.40000000000036,B03_TLV_CLV,cav,not_applicable,7922.544870106607,3.5,29.944076145416986,-0.792455049900982,lane_1,mainline,,normal,none,commit
BASIC-03,basic_long_dt_900,445,44.50000000000036,B03_MV,cav,not_applicable,7245.8489291240585,-3.5,0.03699725002647103,4.0,on_ramp,on_ramp_mv,,normal,not_started,commit
BASIC-03,basic_long_dt_900,445,44.50000000000036,B03_CLV,cav,not_applicable,7968.000000297284,3.5,29.999999876128914,5.1612951779134165e-08,lane_1,mainline,,normal,none,commit
BASIC-03,basic_long_dt_900,445,44.50000000000036,B03_CFV,cav,not_applicable,7925.69730068181,0.0,30.00000172535342,-7.188972588778598e-07,lane_2,mainline,,normal,none,commit
BASIC-03,basic_long_dt_900,445,44.50000000000036,B03_TLV_CFV,cav,not_applicable,7883.321388283605,3.5,30.0496572802676,0.3647771619455057,lane_1,mainline,,normal,none,commit
BASIC-03,basic_long_dt_900,445,44.50000000000036,B03_TLV_CLV,cav,not_applicable,7925.540066725286,3.5,29.951966186788724,0.07890041371737844,lane_1,mainline,,normal,none,commit
BASIC-03,basic_long_dt_900,446,44.600000000000364,B03_MV,cav,not_applicable,7245.852540408718,-3.5,0.03611284659250085,4.0,on_ramp,on_ramp_mv,,normal,not_started,commit
BASIC-03,basic_long_dt_900,446,44.600000000000364,B03_CLV,cav,not_applicable,7971.000000285392,3.5,29.999999881083756,4.9548434333246406e-08,lane_1,mainline,,normal,none,commit
BASIC-03,basic_long_dt_900,446,44.600000000000364,B03_CFV,cav,not_applicable,7928.697300847443,0.0,30.000001656339283,-6.901413684090586e-07,lane_2,mainline,,normal,none,commit
BASIC-03,basic_long_dt_900,446,44.600000000000364,B03_TLV_CFV,cav,not_applicable,7886.318429461139,3.5,29.97041177533587,-0.7924550493173135,lane_1,mainline,,normal,none,commit
BASIC-03,basic_long_dt_900,446,44.600000000000364,B03_TLV_CLV,cav,not_applicable,7928.543181620077,3.5,30.031148947911056,0.7918276112233097,lane_1,mainline,,normal,none,commit
BASIC-03,basic_long_dt_900,447,44.700000000000365,B03_MV,cav,not_applicable,7245.856065367162,-3.5,0.03524958444427549,4.0,on_ramp,on_ramp_mv,,normal,not_started,commit
BASIC-03,basic_long_dt_900,447,44.700000000000365,B03_CLV,cav,not_applicable,7974.000000273976,3.5,29.999999885840406,4.756649758519416e-08,lane_1,mainline,,normal,none,commit
BASIC-03,basic_long_dt_900,447,44.700000000000365,B03_CFV,cav,not_applicable,7931.697301006452,0.0,30.000001590085713,-6.625357130474186e-07,lane_2,mainline,,normal,none,commit
BASIC-03,basic_long_dt_900,447,44.700000000000365,B03_TLV_CFV,cav,not_applicable,7889.316259642815,3.5,29.978301816755362,0.07890041419492544,lane_1,mainline,,normal,none,commit
BASIC-03,basic_long_dt_900,447,44.700000000000365,B03_TLV_CLV,cav,not_applicable,7931.541866013506,3.5,29.986843934283872,-0.44305013627183754,lane_1,mainline,,normal,none,commit
BASIC-03,basic_long_dt_900,448,44.80000000000037,B03_MV,cav,not_applicable,7245.859506062983,-3.5,0.03440695820839293,4.0,on_ramp,on_ramp_mv,,normal,not_started,commit
BASIC-03,basic_long_dt_900,448,44.80000000000037,B03_CLV,cav,not_applicable,7977.000000263017,3.5,29.99999989040679,4.566383751125614e-08,lane_1,mainline,,normal,none,commit
BASIC-03,basic_long_dt_900,448,44.80000000000037,B03_CFV,cav,not_applicable,7934.697301159101,0.0,30.000001526482283,-6.360342851507995e-07,lane_2,mainline,,normal,none,commit
BASIC-03,basic_long_dt_900,448,44.80000000000037,B03_TLV_CFV,cav,not_applicable,7892.322008100607,3.5,30.057484577916764,0.7918276116140299,lane_1,mainline,,normal,none,commit
BASIC-03,basic_long_dt_900,448,44.80000000000037,B03_TLV_CLV,cav,not_applicable,7934.544198178546,3.5,30.023321650407084,0.364777161232133,lane_1,mainline,,normal,none,commit
BASIC-03,basic_long_dt_900,449,44.90000000000037,B03_MV,cav,not_applicable,7245.862864510443,-3.5,0.03358447459210063,4.0,on_ramp,on_ramp_mv,,normal,not_started,commit
BASIC-03,basic_long_dt_900,449,44.90000000000037,B03_CLV,cav,not_applicable,7980.000000252496,3.5,29.99999989479052,4.3837283669745376e-08,lane_1,mainline,,normal,none,commit
BASIC-03,basic_long_dt_900,449,44.90000000000037,B03_CFV,cav,not_applicable,7937.697301305643,0.0,30.00000146542299,-6.105929131194898e-07,lane_2,mainline,,normal,none,commit
BASIC-03,basic_long_dt_900,449,44.90000000000037,B03_TLV_CFV,cav,not_applicable,7895.323326057039,3.5,30.013179564321547,-0.44305013595215725,lane_1,mainline,,normal,none,commit
BASIC-03,basic_long_dt_900,449,44.90000000000037,B03_TLV_CLV,cav,not_applicable,7937.5388822650575,3.5,29.946840865114073,-0.7648078529300989,lane_1,mainline,,normal,none,commit
BASIC-03,basic_long_dt_900,450,45.00000000000037,B03_MV,cav,not_applicable,7245.866142675653,-3.5,0.03278165209479138,4.0,on_ramp,on_ramp_mv,,normal,not_started,commit
BASIC-03,basic_long_dt_900,450,45.00000000000037,B03_CLV,cav,not_applicable,7983.000000242396,3.5,29.999999898998897,4.2083792095581886e-08,lane_1,mainline,,normal,none,commit
BASIC-03,basic_long_dt_900,450,45.00000000000037,B03_CFV,cav,not_applicable,7940.697301446324,0.0,30.00000140680607,-5.861691960262761e-07,lane_2,mainline,,normal,none,commit
BASIC-03,basic_long_dt_900,450,45.00000000000037,B03_TLV_CFV,cav,not_applicable,7898.328291785086,3.5,30.049657280470917,0.36477716149368955,lane_1,mainline,,normal,none,commit
BASIC-03,basic_long_dt_900,450,45.00000000000037,B03_TLV_CLV,cav,not_applicable,7940.534581560045,3.5,29.956992949874337,0.10152084760264646,lane_1,mainline,,normal,none,commit
BASIC-03,basic_long_dt_900,451,45.10000000000037,B03_MV,cav,not_applicable,7245.869342477725,-3.5,0.03199802072580408,4.0,on_ramp,on_ramp_mv,,normal,not_started,commit
BASIC-03,basic_long_dt_900,451,45.10000000000037,B03_CLV,cav,not_applicable,7986.0000002327,3.5,29.99999990303894,4.040044103703622e-08,lane_1,mainline,,normal,none,commit
BASIC-03,basic_long_dt_900,451,45.10000000000037,B03_CFV,cav,not_applicable,7943.697301581377,0.0,30.00000135053383,-5.627224282989119e-07,lane_2,mainline,,normal,none,commit
BASIC-03,basic_long_dt_900,451,45.10000000000037,B03_TLV_CFV,cav,not_applicable,7901.325332962636,3.5,29.97041177550222,-0.7924550496869812,lane_1,mainline,,normal,none,commit
BASIC-03,basic_long_dt_900,451,45.10000000000037,B03_TLV_CLV,cav,not_applicable,7943.538384207422,3.5,30.0380264737691,0.8103352389476198,lane_1,mainline,,normal,none,commit
BASIC-03,basic_long_dt_900,452,45.20000000000037,B03_MV,cav,not_applicable,7245.872465789897,-3.5,0.031233121729616425,4.0,on_ramp,on_ramp_mv,,normal,not_started,commit
BASIC-03,basic_long_dt_900,452,45.20000000000037,B03_CLV,cav,not_applicable,7989.000000223391,3.5,29.99999990691738,3.878442385030212e-08,lane_1,mainline,,normal,none,commit
BASIC-03,basic_long_dt_900,452,45.20000000000037,B03_CFV,cav,not_applicable,7946.697301711029,0.0,30.000001296512476,-5.402135315080159e-07,lane_2,mainline,,normal,none,commit
BASIC-03,basic_long_dt_900,452,45.20000000000037,B03_TLV_CFV,cav,not_applicable,7904.323163144325,3.5,29.978301816891467,0.07890041389246993,lane_1,mainline,,normal,none,commit
BASIC-03,basic_long_dt_900,452,45.20000000000037,B03_TLV_CLV,cav,not_applicable,7946.5379077794805,3.5,29.99523572059209,-0.4279075317701292,lane_1,mainline,,normal,none,commit
BASIC-03,basic_long_dt_900,453,45.300000000000374,B03_MV,cav,not_applicable,7245.875514440629,-3.5,0.030486507316690347,4.0,on_ramp,on_ramp_mv,,normal,not_started,commit
BASIC-03,basic_long_dt_900,453,45.300000000000374,B03_CLV,cav,not_applicable,7992.000000214455,3.5,29.999999910640685,3.7233047578411064e-08,lane_1,mainline,,normal,none,commit
BASIC-03,basic_long_dt_900,453,45.300000000000374,B03_CFV,cav,not_applicable,7949.697301835494,0.0,30.000001244651976,-5.186049904182255e-07,lane_2,mainline,,normal,none,commit
BASIC-03,basic_long_dt_900,453,45.300000000000374,B03_TLV_CFV,cav,not_applicable,7907.328911602128,3.5,30.057484578028124,0.7918276113665663,lane_1,mainline,,normal,none,commit
BASIC-03,basic_long_dt_900,453,45.300000000000374,B03_TLV_CLV,cav,not_applicable,7949.541203017189,3.5,30.032952377083625,0.3771665649153489,lane_1,mainline,,normal,none,commit
BASIC-03,basic_long_dt_900,454,45.400000000000375,B03_MV,cav,not_applicable,7245.878490214669,-3.5,0.029757740401926785,4.0,on_ramp,on_ramp_mv,,normal,not_started,commit
BASIC-03,basic_long_dt_900,454,45.400000000000375,B03_CLV,cav,not_applicable,7995.000000205877,3.5,29.999999914215056,3.5743725845804876e-08,lane_1,mainline,,normal,none,commit
BASIC-03,basic_long_dt_900,454,45.400000000000375,B03_CFV,cav,not_applicable,7952.6973019549805,0.0,30.0000011948659,-4.97860790460436e-07,lane_2,mainline,,normal,none,commit
BASIC-03,basic_long_dt_900,454,45.400000000000375,B03_TLV_CFV,cav,not_applicable,7910.330229558569,3.5,30.01317956441266,-0.4430501361546275,lane_1,mainline,,normal,none,commit
BASIC-03,basic_long_dt_900,454,45.400000000000375,B03_TLV_CLV,cav,not_applicable,7952.536675072247,3.5,29.9547205505767,-0.7823182650692599,lane_1,mainline,,normal,none,commit
BASIC-03,basic_long_dt_900,455,45.50000000000038,B03_MV,cav,not_applicable,7245.881394854104,-3.5,0.02904639434833834,4.0,on_ramp,on_ramp_mv,,normal,not_started,commit
BASIC-03,basic_long_dt_900,455,45.50000000000038,B03_CLV,cav,not_applicable,7998.000000197641,3.5,29.999999917646456,3.431397743725029e-08,lane_1,mainline,,normal,none,commit
BASIC-03,basic_long_dt_900,455,45.50000000000038,B03_CFV,cav,not_applicable,7955.697302069688,0.0,30.000001147071263,-4.779463594672962e-07,lane_2,mainline,,normal,none,commit
BASIC-03,basic_long_dt_900,455,45.50000000000038,B03_TLV_CFV,cav,not_applicable,7913.335195286623,3.5,30.049657280545464,0.36477716132803206,lane_1,mainline,,normal,none,commit
BASIC-03,basic_long_dt_900,455,45.50000000000038,B03_TLV_CLV,cav,not_applicable,7955.533019068772,3.5,29.96343996525285,0.08719414676151471,lane_1,mainline,,normal,none,commit
BASIC-03,basic_long_dt_900,456,45.60000000000038,B03_MV,cav,not_applicable,7245.884230059375,-3.5,0.028352052717896467,4.0,on_ramp,on_ramp_mv,,normal,not_started,commit
BASIC-03,basic_long_dt_900,456,45.60000000000038,B03_CLV,cav,not_applicable,8001.000000189735,3.5,29.999999920940596,3.294141777132609e-08,lane_1,mainline,,normal,none,commit
BASIC-03,basic_long_dt_900,456,45.60000000000038,B03_CFV,cav,not_applicable,7958.697302179807,0.0,30.000001101188413,-4.5882850514544775e-07,lane_2,mainline,,normal,none,commit
BASIC-03,basic_long_dt_900,456,45.60000000000038,B03_TLV_CFV,cav,not_applicable,7916.33223646418,3.5,29.97041177556321,-0.7924550498225191,lane_1,mainline,,normal,none,commit
BASIC-03,basic_long_dt_900,456,45.60000000000038,B03_TLV_CLV,cav,not_applicable,7958.537349199225,3.5,30.043301304533337,0.7986133928048756,lane_1,mainline,,normal,none,commit
BASIC-03,basic_long_dt_900,457,45.70000000000038,B03_MV,cav,not_applicable,7245.886997490278,-3.5,0.027674309027161722,4.0,on_ramp,on_ramp_mv,,normal,not_started,commit
BASIC-03,basic_long_dt_900,457,45.70000000000038,B03_CLV,cav,not_applicable,8004.000000182145,3.5,29.999999924102973,3.162376174259407e-08,lane_1,mainline,,normal,none,commit
BASIC-03,basic_long_dt_900,457,45.70000000000038,B03_CFV,cav,not_applicable,7961.697302285521,0.0,30.000001057140878,-4.4047536533753374e-07,lane_2,mainline,,normal,none,commit
BASIC-03,basic_long_dt_900,457,45.70000000000038,B03_TLV_CFV,cav,not_applicable,7919.3300666458745,3.5,29.978301816941368,0.07890041378157531,lane_1,mainline,,normal,none,commit
BASIC-03,basic_long_dt_900,457,45.70000000000038,B03_TLV_CLV,cav,not_applicable,7961.537304348347,3.5,29.99955149121737,-0.43749813315964714,lane_1,mainline,,normal,none,commit
BASIC-03,basic_long_dt_900,458,45.80000000000038,B03_MV,cav,not_applicable,7245.8896987669295,-3.5,0.02701276650921893,4.0,on_ramp,on_ramp_mv,,normal,not_started,commit
BASIC-03,basic_long_dt_900,458,45.80000000000038,B03_CLV,cav,not_applicable,8007.000000174859,3.5,29.999999927138855,3.035881093182979e-08,lane_1,mainline,,normal,none,commit
BASIC-03,basic_long_dt_900,458,45.80000000000038,B03_CFV,cav,not_applicable,7964.697302387007,0.0,30.000001014855243,-4.2285635117877976e-07,lane_2,mainline,,normal,none,commit
BASIC-03,basic_long_dt_900,458,45.80000000000038,B03_TLV_CFV,cav,not_applicable,7922.335815103681,3.5,30.05748457806895,0.7918276112758343,lane_1,mainline,,normal,none,commit
BASIC-03,basic_long_dt_900,458,45.80000000000038,B03_TLV_CLV,cav,not_applicable,7964.540952694561,3.5,30.036483462140673,0.36931970923301605,lane_1,mainline,,normal,none,commit
BASIC-03,basic_long_dt_900,459,45.90000000000038,B03_MV,cav,not_applicable,7245.892335470718,-3.5,0.02636703788213464,4.0,on_ramp,on_ramp_mv,,normal,not_started,commit
BASIC-03,basic_long_dt_900,459,45.90000000000038,B03_CLV,cav,not_applicable,8010.0000001678645,3.5,29.999999930053303,2.9144457869278997e-08,lane_1,mainline,,normal,none,commit
BASIC-03,basic_long_dt_900,459,45.90000000000038,B03_CFV,cav,not_applicable,7967.697302484433,0.0,30.000000974261035,-4.0594209735900224e-07,lane_2,mainline,,normal,none,commit
BASIC-03,basic_long_dt_900,459,45.90000000000038,B03_TLV_CFV,cav,not_applicable,7925.337133060126,3.5,30.013179564446066,-0.4430501362288628,lane_1,mainline,,normal,none,commit
BASIC-03,basic_long_dt_900,459,45.90000000000038,B03_TLV_CLV,cav,not_applicable,7967.536713656578,3.5,29.957609620168828,-0.7887384197184413,lane_1,mainline,,normal,none,commit
BASIC-03,basic_long_dt_900,460,46.000000000000384,B03_MV,cav,not_applicable,7245.89490914523,-3.5,0.02573674512176283,4.0,on_ramp,on_ramp_mv,,normal,not_started,commit
BASIC-03,basic_long_dt_900,460,46.000000000000384,B03_CLV,cav,not_applicable,8013.00000016115,3.5,29.99999993285117,2.7978678929230227e-08,lane_1,mainline,,normal,none,commit
BASIC-03,basic_long_dt_900,460,46.000000000000384,B03_CFV,cav,not_applicable,7970.697302577962,0.0,30.000000935290593,-3.897044138057027e-07,lane_2,mainline,,normal,none,commit
BASIC-03,basic_long_dt_900,460,46.000000000000384,B03_TLV_CFV,cav,not_applicable,7928.342098788183,3.5,30.049657280572795,0.3647771612672941,lane_1,mainline,,normal,none,commit
BASIC-03,basic_long_dt_900,460,46.000000000000384,B03_TLV_CLV,cav,not_applicable,7970.533294031525,3.5,29.96580374946459,0.08194129295763908,lane_1,mainline,,normal,none,commit
BASIC-03,basic_long_dt_900,461,46.100000000000385,B03_MV,cav,not_applicable,7245.897421297153,-3.5,0.0251215192402033,4.0,on_ramp,on_ramp_mv,,normal,not_started,commit
BASIC-03,basic_long_dt_900,461,46.100000000000385,B03_CLV,cav,not_applicable,8016.000000154703,3.5,29.999999935537126,2.6859531487843924e-08,lane_1,mainline,,normal,none,commit
BASIC-03,basic_long_dt_900,461,46.100000000000385,B03_CFV,cav,not_applicable,7973.69730266775,0.0,30.00000089787897,-3.741162373671614e-07,lane_2,mainline,,normal,none,commit
BASIC-03,basic_long_dt_900,461,46.100000000000385,B03_TLV_CFV,cav,not_applicable,7931.339139965741,3.5,29.970411775585575,-0.7924550498722138,lane_1,mainline,,normal,none,commit
BASIC-03,basic_long_dt_900,461,46.100000000000385,B03_TLV_CLV,cav,not_applicable,7973.537817562505,3.5,30.045235309797487,0.7943156033289774,lane_1,mainline,,normal,none,commit
BASIC-03,basic_long_dt_900,462,46.20000000000039,B03_MV,cav,not_applicable,7245.89987339716,-3.5,0.024521000070130118,4.0,on_ramp,on_ramp_mv,,normal,not_started,commit
BASIC-03,basic_long_dt_900,462,46.20000000000039,B03_CLV,cav,not_applicable,8019.000000148515,3.5,29.99999993811564,2.578514965989598e-08,lane_1,mainline,,normal,none,commit
BASIC-03,basic_long_dt_900,462,46.20000000000039,B03_CFV,cav,not_applicable,7976.697302753946,0.0,30.000000861963812,-3.591515877587881e-07,lane_2,mainline,,normal,none,commit
BASIC-03,basic_long_dt_900,462,46.20000000000039,B03_TLV_CFV,cav,not_applicable,7934.336970147438,3.5,29.978301816959668,0.07890041374091605,lane_1,mainline,,normal,none,commit
BASIC-03,basic_long_dt_900,462,46.20000000000039,B03_TLV_CLV,cav,not_applicable,7976.537930948421,3.5,30.001133859160767,-0.4410145063672003,lane_1,mainline,,normal,none,commit
BASIC-03,basic_long_dt_900,463,46.30000000000039,B03_MV,cav,not_applicable,7245.902266880766,-3.5,0.02393483605390314,4.0,on_ramp,on_ramp_mv,,normal,not_started,commit
BASIC-03,basic_long_dt_900,463,46.30000000000039,B03_CLV,cav,not_applicable,8022.000000142574,3.5,29.999999940591014,2.475374429877775e-08,lane_1,mainline,,normal,none,commit
BASIC-03,basic_long_dt_900,463,46.30000000000039,B03_CFV,cav,not_applicable,7979.697302836695,0.0,30.00000082748526,-3.447855249305576e-07,lane_2,mainline,,normal,none,commit
BASIC-03,basic_long_dt_900,463,46.30000000000039,B03_TLV_CFV,cav,not_applicable,7937.342718605246,3.5,30.057484578083926,0.7918276112425677,lane_1,mainline,,normal,none,commit
BASIC-03,basic_long_dt_900,463,46.30000000000039,B03_TLV_CLV,cav,not_applicable,7979.541708761103,3.5,30.03777812682163,0.36644267660865437,lane_1,mainline,,normal,none,commit
BASIC-03,basic_long_dt_900,464,46.40000000000039,B03_MV,cav,not_applicable,7245.90460314917,-3.5,0.023362684037679958,4.0,on_ramp,on_ramp_mv,,normal,not_started,commit
BASIC-03,basic_long_dt_900,464,46.40000000000039,B03_CLV,cav,not_applicable,8025.000000136871,3.5,29.999999942967374,2.376359446998322e-08,lane_1,mainline,,normal,none,commit
BASIC-03,basic_long_dt_900,464,46.40000000000039,B03_CFV,cav,not_applicable,7982.697302916134,0.0,30.000000794385848,-3.309941035922748e-07,lane_2,mainline,,normal,none,commit
BASIC-03,basic_long_dt_900,464,46.40000000000039,B03_TLV_CFV,cav,not_applicable,7940.344036561692,3.5,30.01317956445832,-0.4430501362560809,lane_1,mainline,,normal,none,commit
BASIC-03,basic_long_dt_900,464,46.40000000000039,B03_TLV_CLV,cav,not_applicable,7982.53757565023,3.5,29.95866889127143,-0.79109235550201,lane_1,mainline,,normal,none,commit
BASIC-03,basic_long_dt_900,465,46.50000000000039,B03_MV,cav,not_applicable,7245.906883570077,-3.5,0.022804209070528315,4.0,on_ramp,on_ramp_mv,,normal,not_started,commit
BASIC-03,basic_long_dt_900,465,46.50000000000039,B03_CLV,cav,not_applicable,8028.000000131396,3.5,29.99999994524868,2.281305029327996e-08,lane_1,mainline,,normal,none,commit
BASIC-03,basic_long_dt_900,465,46.50000000000039,B03_CFV,cav,not_applicable,7985.697302992395,0.0,30.000000762610412,-3.177543391075233e-07,lane_2,mainline,,normal,none,commit
BASIC-03,basic_long_dt_900,465,46.50000000000039,B03_TLV_CFV,cav,not_applicable,7943.3490022897495,3.5,30.04965728058282,0.36477716124502474,lane_1,mainline,,normal,none,commit
BASIC-03,basic_long_dt_900,465,46.50000000000039,B03_TLV_CLV,cav,not_applicable,7985.534242692812,3.5,29.966670425821263,0.08001534549835554,lane_1,mainline,,normal,none,commit
BASIC-03,basic_long_dt_900,466,46.60000000000039,B03_MV,cav,not_applicable,7245.909109478498,-3.5,0.02225908420853895,4.0,on_ramp,on_ramp_mv,,normal,not_started,commit
BASIC-03,basic_long_dt_900,466,46.60000000000039,B03_CLV,cav,not_applicable,8031.00000012614,3.5,29.99999994743873,2.1900528679452694e-08,lane_1,mainline,,normal,none,commit
BASIC-03,basic_long_dt_900,466,46.60000000000039,B03_CFV,cav,not_applicable,7988.697303065605,0.0,30.000000732105995,-3.050441648611013e-07,lane_2,mainline,,normal,none,commit
BASIC-03,basic_long_dt_900,466,46.60000000000039,B03_TLV_CFV,cav,not_applicable,7946.346043467309,3.5,29.970411775593778,-0.7924550498904342,lane_1,mainline,,normal,none,commit
BASIC-03,basic_long_dt_900,466,46.60000000000039,B03_TLV_CLV,cav,not_applicable,7988.538837133676,3.5,30.045944408634764,0.7927398281350182,lane_1,mainline,,normal,none,commit
BASIC-03,basic_long_dt_900,467,46.700000000000394,B03_MV,cav,not_applicable,7245.911282177531,-3.5,0.021726990323286663,4.0,on_ramp,on_ramp_mv,,normal,not_started,commit
BASIC-03,basic_long_dt_900,467,46.700000000000394,B03_CLV,cav,not_applicable,8034.000000121094,3.5,29.99999994954118,2.1024507645961424e-08,lane_1,mainline,,normal,none,commit
BASIC-03,basic_long_dt_900,467,46.700000000000394,B03_CFV,cav,not_applicable,7991.6973031358875,0.0,30.000000702821755,-2.9284239815297043e-07,lane_2,mainline,,normal,none,commit
BASIC-03,basic_long_dt_900,467,46.700000000000394,B03_TLV_CFV,cav,not_applicable,7949.343873649005,3.5,29.97830181696638,0.07890041372600842,lane_1,mainline,,normal,none,commit
BASIC-03,basic_long_dt_900,467,46.700000000000394,B03_TLV_CLV,cav,not_applicable,7991.53900853677,3.5,30.00171403093672,-0.44230377698043966,lane_1,mainline,,normal,none,commit
BASIC-03,basic_long_dt_900,468,46.800000000000395,B03_MV,cav,not_applicable,7245.9134029391225,-3.5,0.021207615914639627,4.0,on_ramp,on_ramp_mv,,normal,not_started,commit
BASIC-03,basic_long_dt_900,468,46.800000000000395,B03_CLV,cav,not_applicable,8037.00000011625,3.5,29.999999951559534,2.0183527738026896e-08,lane_1,mainline,,normal,none,commit
BASIC-03,basic_long_dt_900,468,46.800000000000395,B03_CFV,cav,not_applicable,7994.697303203358,0.0,30.000000674708886,-2.8112870182894766e-07,lane_2,mainline,,normal,none,commit
BASIC-03,basic_long_dt_900,468,46.800000000000395,B03_TLV_CFV,cav,not_applicable,7952.349622106814,3.5,30.057484578089415,0.7918276112303706,lane_1,mainline,,normal,none,commit
BASIC-03,basic_long_dt_900,468,46.800000000000395,B03_TLV_CLV,cav,not_applicable,7994.542833818052,3.5,30.03825281282014,0.3653878188341858,lane_1,mainline,,normal,none,commit
BASIC-03,basic_long_dt_900,469,46.9000000000004,B03_MV,cav,not_applicable,7245.915473004816,-3.5,0.020700656929003903,4.0,on_ramp,on_ramp_mv,,normal,not_started,commit
BASIC-03,basic_long_dt_900,469,46.9000000000004,B03_CLV,cav,not_applicable,8040.0000001116,3.5,29.999999953497152,1.9376186344288728e-08,lane_1,mainline,,normal,none,commit
BASIC-03,basic_long_dt_900,469,46.9000000000004,B03_CFV,cav,not_applicable,7997.697303268131,0.0,30.00000064772053,-2.698835544379108e-07,lane_2,mainline,,normal,none,commit
BASIC-03,basic_long_dt_900,469,46.9000000000004,B03_TLV_CFV,cav,not_applicable,7955.350940063261,3.5,30.01317956446281,-0.4430501362660604,lane_1,mainline,,normal,none,commit
BASIC-03,basic_long_dt_900,469,46.9000000000004,B03_TLV_CLV,cav,not_applicable,7997.538739545124,3.5,29.959057270724756,-0.791955420953848,lane_1,mainline,,normal,none,commit
BASIC-03,basic_long_dt_900,470,47.0000000000004,B03_MV,cav,not_applicable,7245.917493586474,-3.5,0.020205816581046608,4.0,on_ramp,on_ramp_mv,,normal,not_started,commit
BASIC-03,basic_long_dt_900,470,47.0000000000004,B03_CLV,cav,not_applicable,8043.000000107135,3.5,29.999999955357268,1.8601139117890853e-08,lane_1,mainline,,normal,none,commit
BASIC-03,basic_long_dt_900,470,47.0000000000004,B03_CFV,cav,not_applicable,8000.697303330312,0.0,30.000000621811708,-2.5908821186249045e-07,lane_2,mainline,,normal,none,commit
BASIC-03,basic_long_dt_900,470,47.0000000000004,B03_TLV_CFV,cav,not_applicable,7958.35590579132,3.5,30.049657280586494,0.3647771612368597,lane_1,mainline,,normal,none,commit
BASIC-03,basic_long_dt_900,470,47.0000000000004,B03_TLV_CLV,cav,not_applicable,8000.535438364207,3.5,29.96698819082853,0.07930920103776085,lane_1,mainline,,normal,none,commit
BASIC-03,basic_long_dt_900,471,47.1000000000004,B03_MV,cav,not_applicable,7245.919465866992,-3.5,0.019722805179984655,4.0,on_ramp,on_ramp_mv,,normal,not_started,commit
BASIC-03,basic_long_dt_900,471,47.1000000000004,B03_CLV,cav,not_applicable,8046.000000102849,3.5,29.999999957142975,1.785709287105419e-08,lane_1,mainline,,normal,none,commit
BASIC-03,basic_long_dt_900,471,47.1000000000004,B03_CFV,cav,not_applicable,8003.697303390006,0.0,30.00000059693924,-2.4872468316061715e-07,lane_2,mainline,,normal,none,commit
BASIC-03,basic_long_dt_900,471,47.1000000000004,B03_TLV_CFV,cav,not_applicable,7961.352946968879,3.5,29.970411775596784,-0.7924550498971148,lane_1,mainline,,normal,none,commit
BASIC-03,basic_long_dt_900,471,47.1000000000004,B03_TLV_CLV,cav,not_applicable,8003.540058804026,3.5,30.046204398186166,0.7921620735763498,lane_1,mainline,,normal,none,commit
BASIC-03,basic_long_dt_900,472,47.2000000000004,B03_MV,cav,not_applicable,7245.9213910009885,-3.5,0.019251339959786895,4.0,on_ramp,on_ramp_mv,,normal,not_started,commit
BASIC-03,basic_long_dt_900,472,47.2000000000004,B03_CLV,cav,not_applicable,8049.000000098735,3.5,29.999999958857256,1.714280983833305e-08,lane_1,mainline,,normal,none,commit
BASIC-03,basic_long_dt_900,472,47.2000000000004,B03_CFV,cav,not_applicable,8006.697303447312,0.0,30.000000573061673,-2.387756964594701e-07,lane_2,mainline,,normal,none,commit
BASIC-03,basic_long_dt_900,472,47.2000000000004,B03_TLV_CFV,cav,not_applicable,7964.3507771505765,3.5,29.978301816968838,0.07890041372054246,lane_1,mainline,,normal,none,commit
BASIC-03,basic_long_dt_900,472,47.2000000000004,B03_TLV_CLV,cav,not_applicable,8006.540251478992,3.5,30.001926749660594,-0.4427764852557138,lane_1,mainline,,normal,none,commit
BASIC-03,basic_long_dt_900,473,47.3000000000004,B03_MV,cav,not_applicable,7245.92327011548,-3.5,0.01879114491394192,4.0,on_ramp,on_ramp_mv,,normal,not_started,commit
BASIC-03,basic_long_dt_900,473,47.3000000000004,B03_CLV,cav,not_applicable,8052.000000094785,3.5,29.999999960502965,1.6457097729016824e-08,lane_1,mainline,,normal,none,commit
BASIC-03,basic_long_dt_900,473,47.3000000000004,B03_CFV,cav,not_applicable,8009.697303502326,0.0,30.000000550139205,-2.2922466911268204e-07,lane_2,mainline,,normal,none,commit
BASIC-03,basic_long_dt_900,473,47.3000000000004,B03_TLV_CFV,cav,not_applicable,7967.356525608386,3.5,30.057484578091426,0.7918276112258984,lane_1,mainline,,normal,none,commit
BASIC-03,basic_long_dt_900,473,47.3000000000004,B03_TLV_CLV,cav,not_applicable,8009.544094164533,3.5,30.0384268554124,0.3650010575180524,lane_1,mainline,,normal,none,commit
BASIC-03,basic_long_dt_900,474,47.400000000000404,B03_MV,cav,not_applicable,7245.925104310543,-3.5,0.018341950633921803,4.0,on_ramp,on_ramp_mv,,normal,not_started,commit
BASIC-03,basic_long_dt_900,474,47.400000000000404,B03_CLV,cav,not_applicable,8055.000000090993,3.5,29.999999962082846,1.5798813990386406e-08,lane_1,mainline,,normal,none,commit
BASIC-03,basic_long_dt_900,474,47.400000000000404,B03_CFV,cav,not_applicable,8012.697303555139,0.0,30.000000528133636,-2.2005568212080107e-07,lane_2,mainline,,normal,none,commit
BASIC-03,basic_long_dt_900,474,47.400000000000404,B03_TLV_CFV,cav,not_applicable,7970.357843564832,3.5,30.013179564464455,-0.44305013626971945,lane_1,mainline,,normal,none,commit
BASIC-03,basic_long_dt_900,474,47.400000000000404,B03_TLV_CLV,cav,not_applicable,8012.540014131454,3.5,29.959199669209333,-0.7922718620306843,lane_1,mainline,,normal,none,commit
BASIC-03,basic_long_dt_900,475,47.500000000000405,B03_MV,cav,not_applicable,7245.926894659959,-3.5,0.017903494150907036,4.0,on_ramp,on_ramp_mv,,normal,not_started,commit
BASIC-03,basic_long_dt_900,475,47.500000000000405,B03_CLV,cav,not_applicable,8058.000000087353,3.5,29.99999996359953,1.5166861544457788e-08,lane_1,mainline,,normal,none,commit
BASIC-03,basic_long_dt_900,475,47.500000000000405,B03_CFV,cav,not_applicable,8015.69730360584,0.0,30.00000050700829,-2.1125345455175194e-07,lane_2,mainline,,normal,none,commit
BASIC-03,basic_long_dt_900,475,47.500000000000405,B03_TLV_CFV,cav,not_applicable,7973.362809292891,3.5,30.04965728058784,0.36477716123386594,lane_1,mainline,,normal,none,commit
BASIC-03,basic_long_dt_900,475,47.500000000000405,B03_TLV_CLV,cav,not_applicable,8015.536724601322,3.5,29.96710469867955,0.0790502947021674,lane_1,mainline,,normal,none,commit
BASIC-03,basic_long_dt_900,476,47.600000000000406,B03_MV,cav,not_applicable,7245.928642211837,-3.5,0.0174755187825119,4.0,on_ramp,on_ramp_mv,,normal,not_started,commit
BASIC-03,basic_long_dt_900,476,47.600000000000406,B03_CLV,cav,not_applicable,8061.000000083859,3.5,29.99999996505555,1.4560187366896572e-08,lane_1,mainline,,normal,none,commit
BASIC-03,basic_long_dt_900,476,47.600000000000406,B03_CFV,cav,not_applicable,8018.697303654512,0.0,30.00000048672796,-2.0280331654021212e-07,lane_2,mainline,,normal,none,commit
BASIC-03,basic_long_dt_900,476,47.600000000000406,B03_TLV_CFV,cav,not_applicable,7976.3598504704505,3.5,29.970411775597885,-0.7924550498995642,lane_1,mainline,,normal,none,commit
BASIC-03,basic_long_dt_900,476,47.600000000000406,B03_TLV_CLV,cav,not_applicable,8018.541354573601,3.5,30.046299722791545,0.7919502411199552,lane_1,mainline,,normal,none,commit
BASIC-03,basic_long_dt_900,477,47.70000000000041,B03_MV,cav,not_applicable,7245.930347989235,-3.5,0.017057773982336176,4.0,on_ramp,on_ramp_mv,,normal,not_started,commit
BASIC-03,basic_long_dt_900,477,47.70000000000041,B03_CLV,cav,not_applicable,8064.000000080505,3.5,29.99999996645333,1.3977779644847033e-08,lane_1,mainline,,normal,none,commit
BASIC-03,basic_long_dt_900,477,47.70000000000041,B03_CFV,cav,not_applicable,8021.6973037012385,0.0,30.00000046725884,-1.946911837080734e-07,lane_2,mainline,,normal,none,commit
BASIC-03,basic_long_dt_900,477,47.70000000000041,B03_TLV_CFV,cav,not_applicable,7979.357680652148,3.5,29.97830181696974,0.07890041371853851,lane_1,mainline,,normal,none,commit
BASIC-03,basic_long_dt_900,477,47.70000000000041,B03_TLV_CLV,cav,not_applicable,8021.541555047853,3.5,30.002004742519542,-0.4429498027200367,lane_1,mainline,,normal,none,commit
BASIC-03,basic_long_dt_900,478,47.80000000000041,B03_MV,cav,not_applicable,7245.932012990755,-3.5,0.016650015192778027,4.0,on_ramp,on_ramp_mv,,normal,not_started,commit
BASIC-03,basic_long_dt_900,478,47.80000000000041,B03_CLV,cav,not_applicable,8067.000000077284,3.5,29.999999967795198,1.3418667776932126e-08,lane_1,mainline,,normal,none,commit
BASIC-03,basic_long_dt_900,478,47.80000000000041,B03_CFV,cav,not_applicable,8024.697303746096,0.0,30.000000448568485,-1.8690353584815968e-07,lane_2,mainline,,normal,none,commit
BASIC-03,basic_long_dt_900,478,47.80000000000041,B03_TLV_CFV,cav,not_applicable,7982.363429109957,3.5,30.057484578092165,0.7918276112242588,lane_1,mainline,,normal,none,commit
BASIC-03,basic_long_dt_900,478,47.80000000000041,B03_TLV_CLV,cav,not_applicable,8024.545404114628,3.5,30.03849066775154,0.36485925231997,lane_1,mainline,,normal,none,commit
BASIC-03,basic_long_dt_900,479,47.90000000000041,B03_MV,cav,not_applicable,7245.933638191125,-3.5,0.016252003702629907,4.0,on_ramp,on_ramp_mv,,normal,not_started,commit
BASIC-03,basic_long_dt_900,479,47.90000000000041,B03_CLV,cav,not_applicable,8070.000000074193,3.5,29.99999996908339,1.2881920952168004e-08,lane_1,mainline,,normal,none,commit
BASIC-03,basic_long_dt_900,479,47.90000000000041,B03_CFV,cav,not_applicable,8027.6973037891585,0.0,30.000000430625747,-1.794273941868596e-07,lane_2,mainline,,normal,none,commit
BASIC-03,basic_long_dt_900,479,47.90000000000041,B03_TLV_CFV,cav,not_applicable,7985.364747066404,3.5,30.01317956446506,-0.44305013627106093,lane_1,mainline,,normal,none,commit
BASIC-03,basic_long_dt_900,479,47.90000000000041,B03_TLV_CLV,cav,not_applicable,8027.541329302559,3.5,29.95925187930499,-0.792387884465479,lane_1,mainline,,normal,none,commit
BASIC-03,basic_long_dt_900,480,48.00000000000041,B03_MV,cav,not_applicable,7245.935224541776,-3.5,0.01586350650684859,4.0,on_ramp,on_ramp_mv,,normal,not_started,commit
BASIC-03,basic_long_dt_900,480,48.00000000000041,B03_CLV,cav,not_applicable,8073.000000071225,3.5,29.999999970320054,1.2366643886707608e-08,lane_1,mainline,,normal,none,commit
BASIC-03,basic_long_dt_900,480,48.00000000000041,B03_CFV,cav,not_applicable,8030.697303830499,0.0,30.000000413400716,-1.722502986467589e-07,lane_2,mainline,,normal,none,commit
BASIC-03,basic_long_dt_900,480,48.00000000000041,B03_TLV_CFV,cav,not_applicable,7988.369712794462,3.5,30.049657280588335,0.3647771612327684,lane_1,mainline,,normal,none,commit
BASIC-03,basic_long_dt_900,480,48.00000000000041,B03_TLV_CLV,cav,not_applicable,8030.538044044161,3.5,29.967147416030542,0.07895536725551722,lane_1,mainline,,normal,none,commit
BASIC-03,basic_long_dt_900,481,48.10000000000041,B03_MV,cav,not_applicable,7245.936772971393,-3.5,0.015484296170455991,4.0,on_ramp,on_ramp_mv,,normal,not_started,commit
BASIC-03,basic_long_dt_900,481,48.10000000000041,B03_CLV,cav,not_applicable,8076.000000068376,3.5,29.99999997150725,1.1871978244926141e-08,lane_1,mainline,,normal,none,commit
BASIC-03,basic_long_dt_900,481,48.10000000000041,B03_CFV,cav,not_applicable,8033.697303870185,0.0,30.00000039686469,-1.653602865303583e-07,lane_2,mainline,,normal,none,commit
BASIC-03,basic_long_dt_900,481,48.10000000000041,B03_TLV_CFV,cav,not_applicable,7991.366753972023,3.5,29.97041177559829,-0.7924550499004621,lane_1,mainline,,normal,none,commit
BASIC-03,basic_long_dt_900,481,48.10000000000041,B03_TLV_CLV,cav,not_applicable,8033.542677511497,3.5,30.04633467335145,0.7918725732090596,lane_1,mainline,,normal,none,commit
BASIC-03,basic_long_dt_900,482,48.200000000000415,B03_MV,cav,not_applicable,7245.938284386462,-3.5,0.015114150694831522,4.0,on_ramp,on_ramp_mv,,normal,not_started,commit
BASIC-03,basic_long_dt_900,482,48.200000000000415,B03_CLV,cav,not_applicable,8079.000000065641,3.5,29.99999997264696,1.1397099797250122e-08,lane_1,mainline,,normal,none,commit
BASIC-03,basic_long_dt_900,482,48.200000000000415,B03_CFV,cav,not_applicable,8036.697303908284,0.0,30.0000003809901,-1.5874587546704789e-07,lane_2,mainline,,normal,none,commit
BASIC-03,basic_long_dt_900,482,48.200000000000415,B03_TLV_CFV,cav,not_applicable,7994.36458415372,3.5,29.97830181697007,0.07890041371780376,lane_1,mainline,,normal,none,commit
BASIC-03,basic_long_dt_900,482,48.200000000000415,B03_TLV_CLV,cav,not_applicable,8036.54288084534,3.5,30.00203333843219,-0.4430133491925876,lane_1,mainline,,normal,none,commit
BASIC-03,basic_long_dt_900,483,48.300000000000416,B03_MV,cav,not_applicable,7245.939759671801,-3.5,0.014752853388570056,4.0,on_ramp,on_ramp_mv,,normal,not_started,commit
BASIC-03,basic_long_dt_900,483,48.300000000000416,B03_CLV,cav,not_applicable,8082.000000063015,3.5,29.999999973741083,1.0941215577986442e-08,lane_1,mainline,,normal,none,commit
BASIC-03,basic_long_dt_900,483,48.300000000000416,B03_CFV,cav,not_applicable,8039.697303944859,0.0,30.0000003657505,-1.5239604067573964e-07,lane_2,mainline,,normal,none,commit
BASIC-03,basic_long_dt_900,483,48.300000000000416,B03_TLV_CFV,cav,not_applicable,7997.370332611529,3.5,30.057484578092435,0.7918276112236576,lane_1,mainline,,normal,none,commit
BASIC-03,basic_long_dt_900,483,48.300000000000416,B03_TLV_CLV,cav,not_applicable,8039.546732251781,3.5,30.038514064407345,0.3648072597515193,lane_1,mainline,,normal,none,commit
BASIC-03,basic_long_dt_900,484,48.40000000000042,B03_MV,cav,not_applicable,7245.941199691075,-3.5,0.014400192739861789,4.0,on_ramp,on_ramp_mv,,normal,not_started,commit
BASIC-03,basic_long_dt_900,484,48.40000000000042,B03_CLV,cav,not_applicable,8085.000000060494,3.5,29.99999997479144,1.0503566727493308e-08,lane_1,mainline,,normal,none,commit
BASIC-03,basic_long_dt_900,484,48.40000000000042,B03_CFV,cav,not_applicable,8042.697303979971,0.0,30.000000351120477,-1.4630019933292716e-07,lane_2,mainline,,normal,none,commit
BASIC-03,basic_long_dt_900,484,48.40000000000042,B03_TLV_CFV,cav,not_applicable,8000.371650567976,3.5,30.01317956446528,-0.44305013627155276,lane_1,mainline,,normal,none,commit
BASIC-03,basic_long_dt_900,484,48.40000000000042,B03_TLV_CLV,cav,not_applicable,8042.542659353983,3.5,29.959271022023376,-0.792430423839666,lane_1,mainline,,normal,none,commit
BASIC-03,basic_long_dt_900,485,48.50000000000042,B03_MV,cav,not_applicable,7245.942605287304,-3.5,0.01405596229300288,4.0,on_ramp,on_ramp_mv,,normal,not_started,commit
BASIC-03,basic_long_dt_900,485,48.50000000000042,B03_CLV,cav,not_applicable,8088.000000058074,3.5,29.99999997579978,1.0083424228923832e-08,lane_1,mainline,,normal,none,commit
BASIC-03,basic_long_dt_900,485,48.50000000000042,B03_CFV,cav,not_applicable,8045.697304013679,0.0,30.000000337075658,-1.4044819067748905e-07,lane_2,mainline,,normal,none,commit
BASIC-03,basic_long_dt_900,485,48.50000000000042,B03_TLV_CFV,cav,not_applicable,8003.376616296035,3.5,30.049657280588516,0.364777161232366,lane_1,mainline,,normal,none,commit
BASIC-03,basic_long_dt_900,485,48.50000000000042,B03_TLV_CLV,cav,not_applicable,8045.539375661809,3.5,29.967163078254675,0.0789205623130006,lane_1,mainline,,normal,none,commit
BASIC-03,basic_long_dt_900,486,48.60000000000042,B03_MV,cav,not_applicable,7245.943977283357,-3.5,0.013719960527732469,4.0,on_ramp,on_ramp_mv,,normal,not_started,commit
BASIC-03,basic_long_dt_900,486,48.60000000000042,B03_CLV,cav,not_applicable,8091.000000055751,3.5,29.99999997676779,9.680087487140555e-09,lane_1,mainline,,normal,none,commit
BASIC-03,basic_long_dt_900,486,48.60000000000042,B03_CFV,cav,not_applicable,8048.697304046038,0.0,30.00000032359263,-1.3483026322091974e-07,lane_2,mainline,,normal,none,commit
BASIC-03,basic_long_dt_900,486,48.60000000000042,B03_TLV_CFV,cav,not_applicable,8006.373657473595,3.5,29.970411775598436,-0.7924550499007914,lane_1,mainline,,normal,none,commit
BASIC-03,basic_long_dt_900,486,48.60000000000042,B03_TLV_CLV,cav,not_applicable,8048.544010410598,3.5,30.046347487898466,0.7918440964379097,lane_1,mainline,,normal,none,commit
BASIC-03,basic_long_dt_900,487,48.70000000000042,B03_MV,cav,not_applicable,7245.945316482431,-3.5,0.013391990740961169,4.0,on_ramp,on_ramp_mv,,normal,not_started,commit
BASIC-03,basic_long_dt_900,487,48.70000000000042,B03_CLV,cav,not_applicable,8094.000000053521,3.5,29.999999977697076,9.292884328715446e-09,lane_1,mainline,,normal,none,commit
BASIC-03,basic_long_dt_900,487,48.70000000000042,B03_CFV,cav,not_applicable,8051.697304077103,0.0,30.000000310648925,-1.2943705200996193e-07,lane_2,mainline,,normal,none,commit
BASIC-03,basic_long_dt_900,487,48.70000000000042,B03_TLV_CFV,cav,not_applicable,8009.371487655292,3.5,29.978301816970188,0.07890041371753442,lane_1,mainline,,normal,none,commit
BASIC-03,basic_long_dt_900,487,48.70000000000042,B03_TLV_CLV,cav,not_applicable,8051.544214792904,3.5,30.002043823061566,-0.44303664836898293,lane_1,mainline,,normal,none,commit
BASIC-03,basic_long_dt_900,488,48.80000000000042,B03_MV,cav,not_applicable,7245.946623668524,-3.5,0.013071860931543345,4.0,on_ramp,on_ramp_mv,,normal,not_started,commit
BASIC-03,basic_long_dt_900,488,48.80000000000042,B03_CLV,cav,not_applicable,8097.00000005138,3.5,29.999999978589194,8.921169580844435e-09,lane_1,mainline,,normal,none,commit
BASIC-03,basic_long_dt_900,488,48.80000000000042,B03_CFV,cav,not_applicable,8054.697304106925,0.0,30.000000298222968,-1.242595701000937e-07,lane_2,mainline,,normal,none,commit
BASIC-03,basic_long_dt_900,488,48.80000000000042,B03_TLV_CFV,cav,not_applicable,8012.377236113101,3.5,30.05748457809253,0.7918276112234373,lane_1,mainline,,normal,none,commit
BASIC-03,basic_long_dt_900,488,48.80000000000042,B03_TLV_CLV,cav,not_applicable,8054.548067057179,3.5,30.038522642740467,0.36478819678901403,lane_1,mainline,,normal,none,commit
BASIC-03,basic_long_dt_900,489,48.900000000000425,B03_MV,cav,not_applicable,7245.947899606893,-3.5,0.012759383688310548,4.0,on_ramp,on_ramp_mv,,normal,not_started,commit
BASIC-03,basic_long_dt_900,489,48.900000000000425,B03_CLV,cav,not_applicable,8100.000000049325,3.5,29.999999979445626,8.564322229176468e-09,lane_1,mainline,,normal,none,commit
BASIC-03,basic_long_dt_900,489,48.900000000000425,B03_CFV,cav,not_applicable,8057.697304135554,0.0,30.00000028629405,-1.1928918723924654e-07,lane_2,mainline,,normal,none,commit
BASIC-03,basic_long_dt_900,489,48.900000000000425,B03_TLV_CFV,cav,not_applicable,8015.378554069548,3.5,30.013179564465357,-0.4430501362717332,lane_1,mainline,,normal,none,commit
BASIC-03,basic_long_dt_900,489,48.900000000000425,B03_TLV_CLV,cav,not_applicable,8057.543994861245,3.5,29.95927804065957,-0.7924460208089885,lane_1,mainline,,normal,none,commit
BASIC-03,basic_long_dt_900,490,49.000000000000426,B03_MV,cav,not_applicable,7245.949145044501,-3.5,0.01245437607984422,4.0,on_ramp,on_ramp_mv,,normal,not_started,commit
BASIC-03,basic_long_dt_900,490,49.000000000000426,B03_CLV,cav,not_applicable,8103.000000047351,3.5,29.999999980267802,8.221749681069924e-09,lane_1,mainline,,normal,none,commit
BASIC-03,basic_long_dt_900,490,49.000000000000426,B03_CFV,cav,not_applicable,8060.697304163038,0.0,30.00000027484229,-1.1451761992020693e-07,lane_2,mainline,,normal,none,commit
BASIC-03,basic_long_dt_900,490,49.000000000000426,B03_TLV_CFV,cav,not_applicable,8018.383519797607,3.5,30.04965728058858,0.36477716123221837,lane_1,mainline,,normal,none,commit
BASIC-03,basic_long_dt_900,490,49.000000000000426,B03_TLV_CLV,cav,not_applicable,8060.540711743322,3.5,29.967168820775196,0.07890780115628215,lane_1,mainline,,normal,none,commit
BASIC-03,basic_long_dt_900,491,49.10000000000043,B03_MV,cav,not_applicable,7245.950360710456,-3.5,0.012156659547726984,4.0,on_ramp,on_ramp_mv,,normal,not_started,commit
BASIC-03,basic_long_dt_900,491,49.10000000000043,B03_CLV,cav,not_applicable,8106.0000000454565,3.5,29.99999998105709,7.892879239079775e-09,lane_1,mainline,,normal,none,commit
BASIC-03,basic_long_dt_900,491,49.10000000000043,B03_CFV,cav,not_applicable,8063.6973041894225,0.0,30.000000263848598,-1.0993691574867626e-07,lane_2,mainline,,normal,none,commit
BASIC-03,basic_long_dt_900,491,49.10000000000043,B03_TLV_CFV,cav,not_applicable,8021.380560975167,3.5,29.97041177559849,-0.7924550499009122,lane_1,mainline,,normal,none,commit
BASIC-03,basic_long_dt_900,491,49.10000000000043,B03_TLV_CLV,cav,not_applicable,8063.545346961955,3.5,30.046352186324345,0.7918336554915036,lane_1,mainline,,normal,none,commit
BASIC-03,basic_long_dt_900,492,49.20000000000043,B03_MV,cav,not_applicable,7245.9515473164365,-3.5,0.011866059801968044,4.0,on_ramp,on_ramp_mv,,normal,not_started,commit
BASIC-03,basic_long_dt_900,492,49.20000000000043,B03_CLV,cav,not_applicable,8109.0000000436385,3.5,29.999999981814806,7.57716378529949e-09,lane_1,mainline,,normal,none,commit
BASIC-03,basic_long_dt_900,492,49.20000000000043,B03_CFV,cav,not_applicable,8066.697304214752,0.0,30.000000253294655,-1.0553943923241605e-07,lane_2,mainline,,normal,none,commit
BASIC-03,basic_long_dt_900,492,49.20000000000043,B03_TLV_CFV,cav,not_applicable,8024.378391156864,3.5,29.978301816970234,0.0789004137174355,lane_1,mainline,,normal,none,commit
BASIC-03,basic_long_dt_900,492,49.20000000000043,B03_TLV_CLV,cav,not_applicable,8066.545551728678,3.5,30.002047667228194,-0.44304519096149697,lane_1,mainline,,normal,none,commit
BASIC-03,basic_long_dt_900,493,49.30000000000043,B03_MV,cav,not_applicable,7245.952705557108,-3.5,0.011582406718820108,4.0,on_ramp,on_ramp_mv,,normal,not_started,commit
BASIC-03,basic_long_dt_900,493,49.30000000000043,B03_CLV,cav,not_applicable,8112.000000041892,3.5,29.999999982542214,7.274077518104605e-09,lane_1,mainline,,normal,none,commit
BASIC-03,basic_long_dt_900,493,49.30000000000043,B03_CFV,cav,not_applicable,8069.697304239068,0.0,30.00000024316287,-1.0131786183364966e-07,lane_2,mainline,,normal,none,commit
BASIC-03,basic_long_dt_900,493,49.30000000000043,B03_TLV_CFV,cav,not_applicable,8027.384139614674,3.5,30.05748457809257,0.7918276112233563,lane_1,mainline,,normal,none,commit
BASIC-03,basic_long_dt_900,493,49.30000000000043,B03_TLV_CLV,cav,not_applicable,8069.549404307475,3.5,30.038525787967707,0.36478120739513886,lane_1,mainline,,normal,none,commit
BASIC-03,basic_long_dt_900,494,49.40000000000043,B03_MV,cav,not_applicable,7245.953836110532,-3.5,0.011305534241422624,4.0,on_ramp,on_ramp_mv,,normal,not_started,commit
BASIC-03,basic_long_dt_900,494,49.40000000000043,B03_CLV,cav,not_applicable,8115.000000040216,3.5,29.999999983240524,6.983114531067258e-09,lane_1,mainline,,normal,none,commit
BASIC-03,basic_long_dt_900,494,49.40000000000043,B03_CFV,cav,not_applicable,8072.697304262412,0.0,30.000000233436353,-9.726514775820761e-08,lane_2,mainline,,normal,none,commit
BASIC-03,basic_long_dt_900,494,49.40000000000043,B03_TLV_CFV,cav,not_applicable,8030.38545757112,3.5,30.01317956446539,-0.44305013627179934,lane_1,mainline,,normal,none,commit
BASIC-03,basic_long_dt_900,494,49.40000000000043,B03_TLV_CLV,cav,not_applicable,8072.545332368878,3.5,29.95928061402731,-0.7924517394039772,lane_1,mainline,,normal,none,commit
BASIC-03,basic_long_dt_900,495,49.50000000000043,B03_MV,cav,not_applicable,7245.954939638561,-3.5,0.011035280281966936,4.0,on_ramp,on_ramp_mv,,normal,not_started,commit
BASIC-03,basic_long_dt_900,495,49.50000000000043,B03_CLV,cav,not_applicable,8118.000000038607,3.5,29.999999983910904,6.703790234041663e-09,lane_1,mainline,,normal,none,commit
BASIC-03,basic_long_dt_900,495,49.50000000000043,B03_CFV,cav,not_applicable,8075.697304284822,0.0,30.000000224098898,-9.337454116575828e-08,lane_2,mainline,,normal,none,commit
BASIC-03,basic_long_dt_900,495,49.50000000000043,B03_TLV_CFV,cav,not_applicable,8033.390423299179,3.5,30.049657280588605,0.3647771612321642,lane_1,mainline,,normal,none,commit
BASIC-03,basic_long_dt_900,495,49.50000000000043,B03_TLV_CLV,cav,not_applicable,8075.542049461504,3.5,29.967170926257893,0.07890312230583696,lane_1,mainline,,normal,none,commit
BASIC-03,basic_long_dt_900,496,49.600000000000435,B03_MV,cav,not_applicable,7245.956016787224,-3.5,0.01077148662777479,4.0,on_ramp,on_ramp_mv,,normal,not_started,commit
BASIC-03,basic_long_dt_900,496,49.600000000000435,B03_CLV,cav,not_applicable,8121.000000037063,3.5,29.999999984554467,6.435638510993159e-09,lane_1,mainline,,normal,none,commit
BASIC-03,basic_long_dt_900,496,49.600000000000435,B03_CFV,cav,not_applicable,8078.697304306335,0.0,30.000000215134943,-8.96395590643806e-08,lane_2,mainline,,normal,none,commit
BASIC-03,basic_long_dt_900,496,49.600000000000435,B03_TLV_CFV,cav,not_applicable,8036.387464476739,3.5,29.97041177559851,-0.7924550499009565,lane_1,mainline,,normal,none,commit
BASIC-03,basic_long_dt_900,496,49.600000000000435,B03_TLV_CLV,cav,not_applicable,8078.546684852403,3.5,30.046353908992007,0.7918298273411394,lane_1,mainline,,normal,none,commit
BASIC-03,basic_long_dt_900,497,49.700000000000436,B03_MV,cav,not_applicable,7245.957068187109,-3.5,0.01051399884802911,4.0,on_ramp,on_ramp_mv,,normal,not_started,commit
BASIC-03,basic_long_dt_900,497,49.700000000000436,B03_CLV,cav,not_applicable,8124.00000003558,3.5,29.999999985172288,6.178213141083689e-09,lane_1,mainline,,normal,none,commit
BASIC-03,basic_long_dt_900,497,49.700000000000436,B03_CFV,cav,not_applicable,8081.697304326988,0.0,30.000000206529545,-8.605397709970931e-08,lane_2,mainline,,normal,none,commit
BASIC-03,basic_long_dt_900,497,49.700000000000436,B03_TLV_CFV,cav,not_applicable,8039.385294658437,3.5,29.97830181697025,0.07890041371739931,lane_1,mainline,,normal,none,commit
BASIC-03,basic_long_dt_900,497,49.700000000000436,B03_TLV_CLV,cav,not_applicable,8081.546889760071,3.5,30.002049076683555,-0.44304832308452224,lane_1,mainline,,normal,none,commit
BASIC-03,basic_long_dt_900,498,49.80000000000044,B03_MV,cav,not_applicable,7245.958094453729,-3.5,0.0102626662035485,4.0,on_ramp,on_ramp_mv,,normal,not_started,commit
BASIC-03,basic_long_dt_900,498,49.80000000000044,B03_CLV,cav,not_applicable,8127.000000034157,3.5,29.999999985765395,5.931084956500854e-09,lane_1,mainline,,normal,none,commit
BASIC-03,basic_long_dt_900,498,49.80000000000044,B03_CFV,cav,not_applicable,8084.697304346815,0.0,30.000000198268364,-8.261181818625119e-08,lane_2,mainline,,normal,none,commit
BASIC-03,basic_long_dt_900,498,49.80000000000044,B03_TLV_CFV,cav,not_applicable,8042.390752059364,3.5,30.05457400926984,0.7627219229958898,lane_1,mainline,,normal,none,commit
BASIC-03,basic_long_dt_900,498,49.80000000000044,B03_TLV_CLV,cav,not_applicable,8084.5507424541875,3.5,30.03852694115846,0.3647786447490273,lane_1,mainline,,normal,none,commit
BASIC-03,basic_long_dt_900,499,49.90000000000044,B03_MV,cav,not_applicable,7245.959096187885,-3.5,0.01001734155851845,4.0,on_ramp,on_ramp_mv,,normal,not_started,commit
BASIC-03,basic_long_dt_900,499,49.90000000000044,B03_CLV,cav,not_applicable,8130.00000003279,3.5,29.999999986334778,5.693841842457914e-09,lane_1,mainline,,normal,none,commit
BASIC-03,basic_long_dt_900,499,49.90000000000044,B03_CFV,cav,not_applicable,8087.697304365849,0.0,30.00000019033763,-7.930734540195773e-08,lane_2,mainline,,normal,none,commit
BASIC-03,basic_long_dt_900,499,49.90000000000044,B03_TLV_CFV,cav,not_applicable,8045.391540821479,3.5,30.00788762115132,-0.4668638811851811,lane_1,mainline,,normal,none,commit
BASIC-03,basic_long_dt_900,499,49.90000000000044,B03_TLV_CLV,cav,not_applicable,8087.546670609942,3.5,29.959281557547015,-0.7924538361144322,lane_1,mainline,,normal,none,commit
BASIC-03,basic_long_dt_900,500,50.00000000000044,B03_MV,cav,not_applicable,7245.960073976014,-3.5,0.009777881294179246,4.0,on_ramp,on_ramp_mv,,normal,not_started,commit
BASIC-03,basic_long_dt_900,500,50.00000000000044,B03_CLV,cav,not_applicable,8133.0000000314785,3.5,29.999999986881388,5.466088737193787e-09,lane_1,mainline,,normal,none,commit
BASIC-03,basic_long_dt_900,500,50.00000000000044,B03_CFV,cav,not_applicable,8090.697304384122,0.0,30.000000182724126,-7.613505204062676e-08,lane_2,mainline,,normal,none,commit
BASIC-03,basic_long_dt_900,500,50.00000000000044,B03_TLV_CFV,cav,not_applicable,8048.395782515475,3.5,30.04241693996344,0.3452931881212155,lane_1,mainline,,normal,none,commit
BASIC-03,basic_long_dt_900,500,50.00000000000044,B03_TLV_CLV,cav,not_applicable,8090.543387779765,3.5,29.96717169822856,0.07890140681546465,lane_1,mainline,,normal,none,commit
BASIC-03,basic_long_dt_900,501,50.10000000000044,B03_MV,cav,not_applicable,7245.961028390537,-3.5,0.009544145224905399,4.0,on_ramp,on_ramp_mv,,normal,not_started,commit
BASIC-03,basic_long_dt_900,501,50.10000000000044,B03_CLV,cav,not_applicable,8136.000000030219,3.5,29.99999998740613,5.247444789802103e-09,lane_1,mainline,,normal,none,commit
BASIC-03,basic_long_dt_900,501,50.10000000000044,B03_CFV,cav,not_applicable,8093.697304401663,0.0,30.00000017541516,-7.308965024321879e-08,lane_2,mainline,,normal,none,commit
BASIC-03,basic_long_dt_900,501,50.10000000000044,B03_TLV_CFV,cav,not_applicable,8051.391940244646,3.5,29.961577291718815,-0.8083964824462782,lane_1,mainline,,normal,none,commit
BASIC-03,basic_long_dt_900,501,50.10000000000044,B03_TLV_CLV,cav,not_applicable,8093.548023233825,3.5,30.046354540604373,0.7918284237581075,lane_1,mainline,,normal,none,commit
BASIC-03,basic_long_dt_900,502,50.20000000000044,B03_MV,cav,not_applicable,7245.961959990188,-3.5,0.009315996516459164,4.0,on_ramp,on_ramp_mv,,normal,not_started,commit
BASIC-03,basic_long_dt_900,502,50.20000000000044,B03_CLV,cav,not_applicable,8139.00000002901,3.5,29.999999987909884,5.037547623487626e-09,lane_1,mainline,,normal,none,commit
BASIC-03,basic_long_dt_900,502,50.20000000000044,B03_CFV,cav,not_applicable,8096.697304418503,0.0,30.000000168398554,-7.016606389242952e-08,lane_2,mainline,,normal,none,commit
BASIC-03,basic_long_dt_900,502,50.20000000000044,B03_TLV_CFV,cav,not_applicable,8054.388756548053,3.5,29.96816303406412,0.06585742345304524,lane_1,mainline,,normal,none,commit
BASIC-03,basic_long_dt_900,502,50.20000000000044,B03_TLV_CLV,cav,not_applicable,8096.548228193171,3.5,30.002049593457308,-0.44304947147063933,lane_1,mainline,,normal,none,commit
BASIC-03,basic_long_dt_900,503,50.300000000000445,B03_MV,cav,not_applicable,7245.962869320349,-3.5,0.009093301605331141,4.0,on_ramp,on_ramp_mv,,normal,not_started,commit
BASIC-03,basic_long_dt_900,503,50.300000000000445,B03_CLV,cav,not_applicable,8142.00000002785,3.5,29.99999998839349,4.836046230138891e-09,lane_1,mainline,,normal,none,commit
BASIC-03,basic_long_dt_900,503,50.300000000000445,B03_CFV,cav,not_applicable,8099.69730443467,0.0,30.000000161662612,-6.73594215072626e-08,lane_2,mainline,,normal,none,commit
BASIC-03,basic_long_dt_900,503,50.300000000000445,B03_TLV_CFV,cav,not_applicable,8057.393384412197,3.5,30.04627864143755,0.7811560737343097,lane_1,mainline,,normal,none,commit
BASIC-03,basic_long_dt_900,503,50.300000000000445,B03_TLV_CLV,cav,not_applicable,8099.552080929569,3.5,30.038527363973348,0.36477770516038605,lane_1,mainline,,normal,none,commit
BASIC-03,basic_long_dt_900,504,50.400000000000446,B03_MV,cav,not_applicable,7245.963756913361,-3.5,0.00887593012068978,4.0,on_ramp,on_ramp_mv,,normal,not_started,commit
BASIC-03,basic_long_dt_900,504,50.400000000000446,B03_CLV,cav,not_applicable,8145.0000000267355,3.5,29.999999988857752,4.642603812499147e-09,lane_1,mainline,,normal,none,commit
BASIC-03,basic_long_dt_900,504,50.400000000000446,B03_CFV,cav,not_applicable,8102.697304450189,0.0,30.00000015519611,-6.466504487434577e-08,lane_2,mainline,,normal,none,commit
BASIC-03,basic_long_dt_900,504,50.400000000000446,B03_TLV_CFV,cav,not_applicable,8060.393494462398,3.5,30.00110050201581,-0.45178139421738295,lane_1,mainline,,normal,none,commit
BASIC-03,basic_long_dt_900,504,50.400000000000446,B03_TLV_CLV,cav,not_applicable,8102.548009119917,3.5,29.95928190348647,-0.7924546048687751,lane_1,mainline,,normal,none,commit
BASIC-03,basic_long_dt_900,505,50.50000000000045,B03_MV,cav,not_applicable,7245.964623288842,-3.5,0.008663754808287606,4.0,on_ramp,on_ramp_mv,,normal,not_started,commit
BASIC-03,basic_long_dt_900,505,50.50000000000045,B03_CLV,cav,not_applicable,8148.000000025666,3.5,29.999999989303443,4.45689920525183e-09,lane_1,mainline,,normal,none,commit
BASIC-03,basic_long_dt_900,505,50.50000000000045,B03_CFV,cav,not_applicable,8105.697304465088,0.0,30.000000148988264,-6.207844336358904e-08,lane_2,mainline,,normal,none,commit
BASIC-03,basic_long_dt_900,505,50.50000000000045,B03_TLV_CFV,cav,not_applicable,8063.397180846647,3.5,30.036863842488934,0.3576334047312322,lane_1,mainline,,normal,none,commit
BASIC-03,basic_long_dt_900,505,50.50000000000045,B03_TLV_CLV,cav,not_applicable,8105.544726318044,3.5,29.967171981269935,0.07890077783463867,lane_1,mainline,,normal,none,commit
BASIC-03,basic_long_dt_900,506,50.60000000000045,B03_MV,cav,not_applicable,7245.9654689539875,-3.5,0.00845665145610671,4.0,on_ramp,on_ramp_mv,,normal,not_started,commit
BASIC-03,basic_long_dt_900,506,50.60000000000045,B03_CLV,cav,not_applicable,8151.000000024639,3.5,29.999999989731307,4.278622611764149e-09,lane_1,mainline,,normal,none,commit
BASIC-03,basic_long_dt_900,506,50.60000000000045,B03_CFV,cav,not_applicable,8108.69730447939,0.0,30.000000143028732,-5.95953054016718e-08,lane_2,mainline,,normal,none,commit
BASIC-03,basic_long_dt_900,506,50.60000000000045,B03_TLV_CFV,cav,not_applicable,8066.39288423148,3.5,29.957033848330582,-0.7982999415835372,lane_1,mainline,,normal,none,commit
BASIC-03,basic_long_dt_900,506,50.60000000000045,B03_TLV_CLV,cav,not_applicable,8108.5493617952625,3.5,30.04635477218368,0.7918279091374316,lane_1,mainline,,normal,none,commit
BASIC-03,basic_long_dt_900,507,50.70000000000045,B03_MV,cav,not_applicable,7245.96629440387,-3.5,0.008254498820873896,4.0,on_ramp,on_ramp_mv,,normal,not_started,commit
BASIC-03,basic_long_dt_900,507,50.70000000000045,B03_CLV,cav,not_applicable,8154.000000023653,3.5,29.999999990142054,4.107477025172557e-09,lane_1,mainline,,normal,none,commit
BASIC-03,basic_long_dt_900,507,50.70000000000045,B03_CFV,cav,not_applicable,8111.697304493121,0.0,30.000000137307584,-5.7211492787700996e-08,lane_2,mainline,,normal,none,commit
BASIC-03,basic_long_dt_900,507,50.70000000000045,B03_TLV_CFV,cav,not_applicable,8069.389328798609,3.5,29.96444567129193,0.07411822961346959,lane_1,mainline,,normal,none,commit
BASIC-03,basic_long_dt_900,507,50.70000000000045,B03_TLV_CLV,cav,not_applicable,8111.549566773556,3.5,30.002049782931287,-0.4430498925239196,lane_1,mainline,,normal,none,commit
BASIC-03,basic_long_dt_900,508,50.80000000000045,B03_MV,cav,not_applicable,7245.967100121726,-3.5,0.008057178557836988,4.0,on_ramp,on_ramp_mv,,normal,not_started,commit
BASIC-03,basic_long_dt_900,508,50.80000000000045,B03_CLV,cav,not_applicable,8157.000000022706,3.5,29.999999990536374,3.943178228382749e-09,lane_1,mainline,,normal,none,commit
BASIC-03,basic_long_dt_900,508,50.80000000000045,B03_CFV,cav,not_applicable,8114.697304506302,0.0,30.00000013181528,-5.4923033587783726e-08,lane_2,mainline,,normal,none,commit
BASIC-03,basic_long_dt_900,508,50.80000000000045,B03_TLV_CFV,cav,not_applicable,8072.39365251489,3.5,30.04323716280576,0.7879149151382934,lane_1,mainline,,normal,none,commit
BASIC-03,basic_long_dt_900,508,50.80000000000045,B03_TLV_CLV,cav,not_applicable,8114.553419525456,3.5,30.038527518997512,0.36477736066224764,lane_1,mainline,,normal,none,commit
BASIC-03,basic_long_dt_900,509,50.90000000000045,B03_MV,cav,not_applicable,7245.967886579241,-3.5,0.007864575151410778,4.0,on_ramp,on_ramp_mv,,normal,not_started,commit
BASIC-03,basic_long_dt_900,509,50.90000000000045,B03_CLV,cav,not_applicable,8160.000000021798,3.5,29.99999999091492,3.7854505308132506e-09,lane_1,mainline,,normal,none,commit
BASIC-03,basic_long_dt_900,509,50.90000000000045,B03_CFV,cav,not_applicable,8117.697304518957,0.0,30.00000012654267,-5.272611218742896e-08,lane_2,mainline,,normal,none,commit
BASIC-03,basic_long_dt_900,509,50.90000000000045,B03_TLV_CFV,cav,not_applicable,8075.39351371684,3.5,29.998612019498893,-0.446251433068669,lane_1,mainline,,normal,none,commit
BASIC-03,basic_long_dt_900,509,50.90000000000045,B03_TLV_CLV,cav,not_applicable,8117.549347728488,3.5,29.959282030324424,-0.7924548867308883,lane_1,mainline,,normal,none,commit
BASIC-03,basic_long_dt_900,510,51.000000000000455,B03_MV,cav,not_applicable,7245.968654236826,-3.5,0.0076765758469100305,4.0,on_ramp,on_ramp_mv,,normal,not_started,commit
BASIC-03,basic_long_dt_900,510,51.000000000000455,B03_CLV,cav,not_applicable,8163.000000020926,3.5,29.999999991278322,3.6340324527373016e-09,lane_1,mainline,,normal,none,commit
BASIC-03,basic_long_dt_900,510,51.000000000000455,B03_CFV,cav,not_applicable,8120.697304531105,0.0,30.000000121480962,-5.061706787046205e-08,lane_2,mainline,,normal,none,commit
BASIC-03,basic_long_dt_900,510,51.000000000000455,B03_TLV_CFV,cav,not_applicable,8078.396996497974,3.5,30.03482781133873,0.36215791839836176,lane_1,mainline,,normal,none,commit
BASIC-03,basic_long_dt_900,510,51.000000000000455,B03_TLV_CLV,cav,not_applicable,8120.5460649369925,3.5,29.967172085046442,0.07890054722018236,lane_1,mainline,,normal,none,commit
BASIC-03,basic_long_dt_900,511,51.100000000000456,B03_MV,cav,not_applicable,7245.969403543885,-3.5,0.0074930705853262355,4.0,on_ramp,on_ramp_mv,,normal,not_started,commit
BASIC-03,basic_long_dt_900,511,51.100000000000456,B03_CLV,cav,not_applicable,8166.000000020088,3.5,29.999999991627188,3.488671040940972e-09,lane_1,mainline,,normal,none,commit
BASIC-03,basic_long_dt_900,511,51.100000000000456,B03_CFV,cav,not_applicable,8123.697304542768,0.0,30.000000116621724,-4.8592384871426476e-08,lane_2,mainline,,normal,none,commit
BASIC-03,basic_long_dt_900,511,51.100000000000456,B03_TLV_CFV,cav,not_applicable,8081.392533298441,3.5,29.955368004662233,-0.7945980667649767,lane_1,mainline,,normal,none,commit
BASIC-03,basic_long_dt_900,511,51.100000000000456,B03_TLV_CLV,cav,not_applicable,8123.550700422702,3.5,30.046354857091732,0.7918277204528765,lane_1,mainline,,normal,none,commit
BASIC-03,basic_long_dt_900,512,51.20000000000046,B03_MV,cav,not_applicable,7245.970134939079,-3.5,0.007313951938539187,4.0,on_ramp,on_ramp_mv,,normal,not_started,commit
BASIC-03,basic_long_dt_900,512,51.20000000000046,B03_CLV,cav,not_applicable,8169.000000019284,3.5,29.9999999919621,3.3491247108941026e-09,lane_1,mainline,,normal,none,commit
BASIC-03,basic_long_dt_900,512,51.20000000000046,B03_CFV,cav,not_applicable,8126.6973045539635,0.0,30.000000111956854,-4.664868953341284e-08,lane_2,mainline,,normal,none,commit
BASIC-03,basic_long_dt_900,512,51.20000000000046,B03_TLV_CFV,cav,not_applicable,8084.38884156927,3.5,29.963082708290553,0.07714703628320096,lane_1,mainline,,normal,none,commit
BASIC-03,basic_long_dt_900,512,51.20000000000046,B03_TLV_CLV,cav,not_applicable,8126.550905407942,3.5,30.002049852401512,-0.44305004690219185,lane_1,mainline,,normal,none,commit
BASIC-03,basic_long_dt_900,513,51.30000000000046,B03_MV,cav,not_applicable,7245.970848850584,-3.5,0.007139115046485255,4.0,on_ramp,on_ramp_mv,,normal,not_started,commit
BASIC-03,basic_long_dt_900,513,51.30000000000046,B03_CLV,cav,not_applicable,8172.000000018513,3.5,29.999999992283616,3.215160404579365e-09,lane_1,mainline,,normal,none,commit
BASIC-03,basic_long_dt_900,513,51.30000000000046,B03_CFV,cav,not_applicable,8129.697304564711,0.0,30.00000010747858,-4.478274178154607e-08,lane_2,mainline,,normal,none,commit
BASIC-03,basic_long_dt_900,513,51.30000000000046,B03_TLV_CFV,cav,not_applicable,8087.393053770395,3.5,30.042122011259178,0.7903930296862554,lane_1,mainline,,normal,none,commit
BASIC-03,basic_long_dt_900,513,51.30000000000046,B03_TLV_CLV,cav,not_applicable,8129.5547581655255,3.5,30.03852757583679,0.36477723435275217,lane_1,mainline,,normal,none,commit
BASIC-03,basic_long_dt_900,514,51.40000000000046,B03_MV,cav,not_applicable,7245.9715456963395,-3.5,0.006968457555412712,4.0,on_ramp,on_ramp_mv,,normal,not_started,commit
BASIC-03,basic_long_dt_900,514,51.40000000000046,B03_CLV,cav,not_applicable,8175.000000017772,3.5,29.999999992592272,3.0865535904922584e-09,lane_1,mainline,,normal,none,commit
BASIC-03,basic_long_dt_900,514,51.40000000000046,B03_CFV,cav,not_applicable,8132.697304575029,0.0,30.00000010317944,-4.299143228081448e-08,lane_2,mainline,,normal,none,commit
BASIC-03,basic_long_dt_900,514,51.40000000000046,B03_TLV_CFV,cav,not_applicable,8090.392823732674,3.5,29.997699622778963,-0.4442238848021547,lane_1,mainline,,normal,none,commit
BASIC-03,basic_long_dt_900,514,51.40000000000046,B03_TLV_CLV,cav,not_applicable,8132.550686373208,3.5,29.959282076829286,-0.7924549900750208,lane_1,mainline,,normal,none,commit
BASIC-03,basic_long_dt_900,515,51.50000000000046,B03_MV,cav,not_applicable,7245.972225884296,-3.5,0.006801879558745995,4.0,on_ramp,on_ramp_mv,,normal,not_started,commit
BASIC-03,basic_long_dt_900,515,51.50000000000046,B03_CLV,cav,not_applicable,8178.000000017061,3.5,29.999999992888583,2.9630911058120546e-09,lane_1,mainline,,normal,none,commit
BASIC-03,basic_long_dt_900,515,51.50000000000046,B03_CFV,cav,not_applicable,8135.6973045849345,0.0,30.00000009905226,-4.127177533064241e-08,lane_2,mainline,,normal,none,commit
BASIC-03,basic_long_dt_900,515,51.50000000000046,B03_TLV_CFV,cav,not_applicable,8093.396231863167,3.5,30.034081304931515,0.36381682152550987,lane_1,mainline,,normal,none,commit
BASIC-03,basic_long_dt_900,515,51.50000000000046,B03_TLV_CLV,cav,not_applicable,8135.547403585518,3.5,29.967172123095875,0.07890046266589212,lane_1,mainline,,normal,none,commit
BASIC-03,basic_long_dt_900,516,51.60000000000046,B03_MV,cav,not_applicable,7245.97288981265,-3.5,0.00663928353773255,4.0,on_ramp,on_ramp_mv,,normal,not_started,commit
BASIC-03,basic_long_dt_900,516,51.60000000000046,B03_CLV,cav,not_applicable,8181.000000016378,3.5,29.999999993173038,2.844566893145384e-09,lane_1,mainline,,normal,none,commit
BASIC-03,basic_long_dt_900,516,51.60000000000046,B03_CFV,cav,not_applicable,8138.697304594443,0.0,30.000000095090172,-3.9620904601633815e-08,lane_2,mainline,,normal,none,commit
BASIC-03,basic_long_dt_900,516,51.60000000000046,B03_TLV_CFV,cav,not_applicable,8096.391707585836,3.5,29.954757226692692,-0.7932407823882192,lane_1,mainline,,normal,none,commit
BASIC-03,basic_long_dt_900,516,51.60000000000046,B03_TLV_CLV,cav,not_applicable,8138.55203907434,3.5,30.046354888223085,0.7918276512720935,lane_1,mainline,,normal,none,commit
BASIC-03,basic_long_dt_900,517,51.700000000000465,B03_MV,cav,not_applicable,7245.97353787008,-3.5,0.006480574305133427,4.0,on_ramp,on_ramp_mv,,normal,not_started,commit
BASIC-03,basic_long_dt_900,517,51.700000000000465,B03_CLV,cav,not_applicable,8184.000000015722,3.5,29.999999993446117,2.7307848426971762e-09,lane_1,mainline,,normal,none,commit
BASIC-03,basic_long_dt_900,517,51.700000000000465,B03_CFV,cav,not_applicable,8141.697304603572,0.0,30.000000091286566,-3.8036068872315814e-08,lane_2,mainline,,normal,none,commit
BASIC-03,basic_long_dt_900,517,51.700000000000465,B03_TLV_CFV,cav,not_applicable,8099.387965883922,3.5,29.96258298086093,0.0782575416823662,lane_1,mainline,,normal,none,commit
BASIC-03,basic_long_dt_900,517,51.700000000000465,B03_TLV_CLV,cav,not_applicable,8141.552244062128,3.5,30.00204987787262,-0.4430501035046507,lane_1,mainline,,normal,none,commit
BASIC-03,basic_long_dt_900,518,51.800000000000466,B03_MV,cav,not_applicable,7245.974170435975,-3.5,0.006325658948913885,4.0,on_ramp,on_ramp_mv,,normal,not_started,commit
BASIC-03,basic_long_dt_900,518,51.800000000000466,B03_CLV,cav,not_applicable,8187.000000015093,3.5,29.999999993708272,2.621553107928776e-09,lane_1,mainline,,normal,none,commit
BASIC-03,basic_long_dt_900,518,51.800000000000466,B03_CFV,cav,not_applicable,8144.697304612336,0.0,30.000000087635105,-3.651462634479686e-08,lane_2,mainline,,normal,none,commit
BASIC-03,basic_long_dt_900,518,51.800000000000466,B03_TLV_CFV,cav,not_applicable,8102.392137198259,3.5,30.041713143362212,0.7913016250128451,lane_1,mainline,,normal,none,commit
BASIC-03,basic_long_dt_900,518,51.800000000000466,B03_TLV_CLV,cav,not_applicable,8144.556096821796,3.5,30.038527596676783,0.3647771880416495,lane_1,mainline,,normal,none,commit
BASIC-03,basic_long_dt_900,519,51.90000000000047,B03_MV,cav,not_applicable,7245.974787880653,-3.5,0.006174446777890681,4.0,on_ramp,on_ramp_mv,,normal,not_started,commit
BASIC-03,basic_long_dt_900,519,51.90000000000047,B03_CLV,cav,not_applicable,8190.000000014489,3.5,29.999999993959943,2.5166912109853005e-09,lane_1,mainline,,normal,none,commit
BASIC-03,basic_long_dt_900,519,51.90000000000047,B03_CFV,cav,not_applicable,8147.697304620749,0.0,30.0000000841297,-3.5054041802595747e-08,lane_2,mainline,,normal,none,commit
BASIC-03,basic_long_dt_900,519,51.90000000000047,B03_TLV_CFV,cav,not_applicable,8105.391873707708,3.5,29.997365094499628,-0.443480488625854,lane_1,mainline,,normal,none,commit
BASIC-03,basic_long_dt_900,519,51.90000000000047,B03_TLV_CLV,cav,not_applicable,8147.552025031184,3.5,29.95928209388019,-0.792455027965923,lane_1,mainline,,normal,none,commit
BASIC-03,basic_long_dt_900,520,52.00000000000047,B03_MV,cav,not_applicable,7245.97539056558,-3.5,0.006026849269118658,4.0,on_ramp,on_ramp_mv,,normal,not_started,commit
BASIC-03,basic_long_dt_900,520,52.00000000000047,B03_CLV,cav,not_applicable,8193.00000001391,3.5,29.999999994201545,2.4160229372682807e-09,lane_1,mainline,,normal,none,commit
BASIC-03,basic_long_dt_900,520,52.00000000000047,B03_CFV,cav,not_applicable,8150.697304628825,0.0,30.00000008076451,-3.365187950521431e-08,lane_2,mainline,,normal,none,commit
BASIC-03,basic_long_dt_900,520,52.00000000000047,B03_TLV_CFV,cav,not_applicable,8108.395254467706,3.5,30.033807599975695,0.36442505476066495,lane_1,mainline,,normal,none,commit
BASIC-03,basic_long_dt_900,520,52.00000000000047,B03_TLV_CLV,cav,not_applicable,8150.548742244889,3.5,29.967172137046614,0.07890043166424487,lane_1,mainline,,normal,none,commit
BASIC-03,basic_long_dt_900,521,52.10000000000047,B03_MV,cav,not_applicable,7245.975978843581,-3.5,0.005882780015712142,4.0,on_ramp,on_ramp_mv,,normal,not_started,commit
BASIC-03,basic_long_dt_900,521,52.10000000000047,B03_CLV,cav,not_applicable,8196.000000013353,3.5,29.999999994433484,2.3193820197775494e-09,lane_1,mainline,,normal,none,commit
BASIC-03,basic_long_dt_900,521,52.10000000000047,B03_CFV,cav,not_applicable,8153.697304636578,0.0,30.00000007753393,-3.230580460922283e-08,lane_2,mainline,,normal,none,commit
BASIC-03,basic_long_dt_900,521,52.10000000000047,B03_TLV_CFV,cav,not_applicable,8111.390707796333,3.5,29.954533286274295,-0.7927431370140013,lane_1,mainline,,normal,none,commit
BASIC-03,basic_long_dt_900,521,52.10000000000047,B03_TLV_CLV,cav,not_applicable,8153.553377734853,3.5,30.046354899637326,0.7918276259071094,lane_1,mainline,,normal,none,commit
BASIC-03,basic_long_dt_900,522,52.20000000000047,B03_MV,cav,not_applicable,7245.9765530590485,-3.5,0.005742154676188231,4.0,on_ramp,on_ramp_mv,,normal,not_started,commit
BASIC-03,basic_long_dt_900,522,52.20000000000047,B03_CLV,cav,not_applicable,8199.000000012818,3.5,29.999999994656143,2.226606454769353e-09,lane_1,mainline,,normal,none,commit
BASIC-03,basic_long_dt_900,522,52.20000000000047,B03_CFV,cav,not_applicable,8156.697304644022,0.0,30.000000074432574,-3.101357179957631e-08,lane_2,mainline,,normal,none,commit
BASIC-03,basic_long_dt_900,522,52.20000000000047,B03_TLV_CFV,cav,not_applicable,8114.386947772021,3.5,29.962399756882238,0.07866470607945353,lane_1,mainline,,normal,none,commit
BASIC-03,basic_long_dt_900,522,52.20000000000047,B03_TLV_CLV,cav,not_applicable,8156.5535827235735,3.5,30.002049887211545,-0.44305012425781953,lane_1,mainline,,normal,none,commit
BASIC-03,basic_long_dt_900,523,52.30000000000047,B03_MV,cav,not_applicable,7245.977113548141,-3.5,0.005604890925331939,4.0,on_ramp,on_ramp_mv,,normal,not_started,commit
BASIC-03,basic_long_dt_900,523,52.30000000000047,B03_CLV,cav,not_applicable,8202.000000012305,3.5,29.999999994869896,2.137542765012768e-09,lane_1,mainline,,normal,none,commit
BASIC-03,basic_long_dt_900,523,52.30000000000047,B03_CFV,cav,not_applicable,8159.6973046511675,0.0,30.000000071455272,-2.977302955287087e-08,lane_2,mainline,,normal,none,commit
BASIC-03,basic_long_dt_900,523,52.30000000000047,B03_TLV_CFV,cav,not_applicable,8117.391104095304,3.5,30.041563232834193,0.7916347595195529,lane_1,mainline,,normal,none,commit
BASIC-03,basic_long_dt_900,523,52.30000000000047,B03_TLV_CLV,cav,not_applicable,8159.5574354840055,3.5,30.03852760431772,0.3647771710617841,lane_1,mainline,,normal,none,commit
BASIC-03,basic_long_dt_900,524,52.400000000000475,B03_MV,cav,not_applicable,7245.977660638981,-3.5,0.005470908405713592,4.0,on_ramp,on_ramp_mv,,normal,not_started,commit
BASIC-03,basic_long_dt_900,524,52.400000000000475,B03_CLV,cav,not_applicable,8205.000000011813,3.5,29.9999999950751,2.0520417365332833e-09,lane_1,mainline,,normal,none,commit
BASIC-03,basic_long_dt_900,524,52.400000000000475,B03_CFV,cav,not_applicable,8162.697304658027,0.0,30.00000006859706,-2.8582108768659965e-08,lane_2,mainline,,normal,none,commit
BASIC-03,basic_long_dt_900,524,52.400000000000475,B03_TLV_CFV,cav,not_applicable,8120.3908283393475,3.5,29.997242440431247,-0.44320792402945675,lane_1,mainline,,normal,none,commit
BASIC-03,basic_long_dt_900,524,52.400000000000475,B03_TLV_CLV,cav,not_applicable,8162.553363694019,3.5,29.95928210013187,-0.7924550418585402,lane_1,mainline,,normal,none,commit
BASIC-03,basic_long_dt_900,525,52.500000000000476,B03_MV,cav,not_applicable,7245.97819465185,-3.5,0.00534012868072809,4.0,on_ramp,on_ramp_mv,,normal,not_started,commit
BASIC-03,basic_long_dt_900,525,52.500000000000476,B03_CLV,cav,not_applicable,8208.00000001134,3.5,29.999999995272095,1.9699598396982766e-09,lane_1,mainline,,normal,none,commit
BASIC-03,basic_long_dt_900,525,52.500000000000476,B03_CFV,cav,not_applicable,8165.697304664613,0.0,30.00000006585318,-2.743882419053989e-08,lane_2,mainline,,normal,none,commit
BASIC-03,basic_long_dt_900,525,52.500000000000476,B03_TLV_CFV,cav,not_applicable,8123.394199064012,3.5,30.03370724664702,0.3646480621577173,lane_1,mainline,,normal,none,commit
BASIC-03,basic_long_dt_900,525,52.500000000000476,B03_TLV_CLV,cav,not_applicable,8165.550080908235,3.5,29.967172142161626,0.07890042029755806,lane_1,mainline,,normal,none,commit
BASIC-03,basic_long_dt_900,526,52.60000000000048,B03_MV,cav,not_applicable,7245.978715899369,-3.5,0.005212475189156043,4.0,on_ramp,on_ramp_mv,,normal,not_started,commit
BASIC-03,basic_long_dt_900,526,52.60000000000048,B03_CLV,cav,not_applicable,8211.000000010885,3.5,29.99999999546121,1.891162071387953e-09,lane_1,mainline,,normal,none,commit
BASIC-03,basic_long_dt_900,526,52.60000000000048,B03_CFV,cav,not_applicable,8168.6973046709345,0.0,30.00000006321905,-2.634127156397881e-08,lane_2,mainline,,normal,none,commit
BASIC-03,basic_long_dt_900,526,52.60000000000048,B03_TLV_CFV,cav,not_applicable,8126.389644181912,3.5,29.95445117900538,-0.792560676416413,lane_1,mainline,,normal,none,commit
BASIC-03,basic_long_dt_900,526,52.60000000000048,B03_TLV_CLV,cav,not_applicable,8168.5547163986175,3.5,30.046354903822337,0.791827616607093,lane_1,mainline,,normal,none,commit
BASIC-03,basic_long_dt_900,527,52.70000000000048,B03_MV,cav,not_applicable,7245.979224686688,-3.5,0.005087873199724911,4.0,on_ramp,on_ramp_mv,,normal,not_started,commit
BASIC-03,basic_long_dt_900,527,52.70000000000048,B03_CLV,cav,not_applicable,8214.000000010448,3.5,29.99999999564276,1.8155162706534612e-09,lane_1,mainline,,normal,none,commit
BASIC-03,basic_long_dt_900,527,52.70000000000048,B03_CFV,cav,not_applicable,8171.697304677004,0.0,30.00000006069029,-2.52876205308894e-08,lane_2,mainline,,normal,none,commit
BASIC-03,basic_long_dt_900,527,52.70000000000048,B03_TLV_CFV,cav,not_applicable,8129.385877439733,3.5,29.962332578207672,0.07881399202293482,lane_1,mainline,,normal,none,commit
BASIC-03,basic_long_dt_900,527,52.70000000000048,B03_TLV_CLV,cav,not_applicable,8171.554921387681,3.5,30.002049890635643,-0.4430501318669239,lane_1,mainline,,normal,none,commit
BASIC-03,basic_long_dt_900,528,52.80000000000048,B03_MV,cav,not_applicable,7245.979721311665,-3.5,0.004966249767626846,4.0,on_ramp,on_ramp_mv,,normal,not_started,commit
BASIC-03,basic_long_dt_900,528,52.80000000000048,B03_CLV,cav,not_applicable,8217.00000001003,3.5,29.99999999581705,1.742895960887836e-09,lane_1,mainline,,normal,none,commit
BASIC-03,basic_long_dt_900,528,52.80000000000048,B03_CFV,cav,not_applicable,8174.69730468283,0.0,30.00000005826268,-2.4276116050714337e-08,lane_2,mainline,,normal,none,commit
BASIC-03,basic_long_dt_900,528,52.80000000000048,B03_TLV_CFV,cav,not_applicable,8132.39002826658,3.5,30.041508268464092,0.7917569025642194,lane_1,mainline,,normal,none,commit
BASIC-03,basic_long_dt_900,528,52.80000000000048,B03_TLV_CLV,cav,not_applicable,8174.558774148393,3.5,30.03852760711926,0.36477716483615324,lane_1,mainline,,normal,none,commit
BASIC-03,basic_long_dt_900,529,52.90000000000048,B03_MV,cav,not_applicable,7245.9802060650345,-3.5,0.0048475336914713405,4.0,on_ramp,on_ramp_mv,,normal,not_started,commit
BASIC-03,basic_long_dt_900,529,52.90000000000048,B03_CLV,cav,not_applicable,8220.000000009628,3.5,29.999999995984368,1.673180349825998e-09,lane_1,mainline,,normal,none,commit
BASIC-03,basic_long_dt_900,529,52.90000000000048,B03_CFV,cav,not_applicable,8177.697304688423,0.0,30.000000055932173,-2.3305071294998926e-08,lane_2,mainline,,normal,none,commit
BASIC-03,basic_long_dt_900,529,52.90000000000048,B03_TLV_CFV,cav,not_applicable,8135.389748013538,3.5,29.997197469582982,-0.44310798881109326,lane_1,mainline,,normal,none,commit
BASIC-03,basic_long_dt_900,529,52.90000000000048,B03_TLV_CLV,cav,not_applicable,8177.554702358636,3.5,29.959282102424037,-0.7924550469522382,lane_1,mainline,,normal,none,commit
BASIC-03,basic_long_dt_900,530,53.00000000000048,B03_MV,cav,not_applicable,7245.980679230582,-3.5,0.004731655472412001,4.0,on_ramp,on_ramp_mv,,normal,not_started,commit
BASIC-03,basic_long_dt_900,530,53.00000000000048,B03_CLV,cav,not_applicable,8223.000000009242,3.5,29.999999996144993,1.6062529084592825e-09,lane_1,mainline,,normal,none,commit
BASIC-03,basic_long_dt_900,530,53.00000000000048,B03_CFV,cav,not_applicable,8180.697304693793,0.0,30.000000053694887,-2.2372869068476578e-08,lane_2,mainline,,normal,none,commit
BASIC-03,basic_long_dt_900,530,53.00000000000048,B03_TLV_CFV,cav,not_applicable,8138.39311505877,3.5,30.03367045231662,0.36472982733637827,lane_1,mainline,,normal,none,commit
BASIC-03,basic_long_dt_900,530,53.00000000000048,B03_TLV_CLV,cav,not_applicable,8180.551419573039,3.5,29.967172144037036,0.078900416129987,lane_1,mainline,,normal,none,commit
BASIC-03,basic_long_dt_900,531,53.100000000000485,B03_MV,cav,not_applicable,7245.981141085309,-3.5,0.0046185472726210835,4.0,on_ramp,on_ramp_mv,,normal,not_started,commit
BASIC-03,basic_long_dt_900,531,53.100000000000485,B03_CLV,cav,not_applicable,8226.000000008873,3.5,29.999999996299195,1.5420027921209112e-09,lane_1,mainline,,normal,none,commit
BASIC-03,basic_long_dt_900,531,53.100000000000485,B03_CFV,cav,not_applicable,8183.697304698948,0.0,30.00000005154709,-2.1477954703641447e-08,lane_2,mainline,,normal,none,commit
BASIC-03,basic_long_dt_900,531,53.100000000000485,B03_TLV_CFV,cav,not_applicable,8141.388557166225,3.5,29.954421074553235,-0.7924937776338723,lane_1,mainline,,normal,none,commit
BASIC-03,basic_long_dt_900,531,53.100000000000485,B03_TLV_CLV,cav,not_applicable,8183.556055063575,3.5,30.04635490535676,0.7918276131972621,lane_1,mainline,,normal,none,commit
BASIC-03,basic_long_dt_900,532,53.200000000000486,B03_MV,cav,not_applicable,7245.981591899596,-3.5,0.0045081428759381256,4.0,on_ramp,on_ramp_mv,,normal,not_started,commit
BASIC-03,basic_long_dt_900,532,53.200000000000486,B03_CLV,cav,not_applicable,8229.000000008518,3.5,29.999999996447226,1.4803219983150485e-09,lane_1,mainline,,normal,none,commit
BASIC-03,basic_long_dt_900,532,53.200000000000486,B03_CFV,cav,not_applicable,8186.697304703896,0.0,30.000000049485205,-2.0618836060748437e-08,lane_2,mainline,,normal,none,commit
BASIC-03,basic_long_dt_900,532,53.200000000000486,B03_TLV_CFV,cav,not_applicable,8144.384787960954,3.5,29.96230794729228,0.07886872739046824,lane_1,mainline,,normal,none,commit
BASIC-03,basic_long_dt_900,532,53.200000000000486,B03_TLV_CLV,cav,not_applicable,8186.556260052764,3.5,30.002049891891083,-0.44305013465678544,lane_1,mainline,,normal,none,commit
BASIC-03,basic_long_dt_900,533,53.30000000000049,B03_MV,cav,not_applicable,7245.982031937361,-3.5,0.004400377649170831,4.0,on_ramp,on_ramp_mv,,normal,not_started,commit
BASIC-03,basic_long_dt_900,533,53.30000000000049,B03_CLV,cav,not_applicable,8232.000000008176,3.5,29.999999996589338,1.4211096299732164e-09,lane_1,mainline,,normal,none,commit
BASIC-03,basic_long_dt_900,533,53.30000000000049,B03_CFV,cav,not_applicable,8189.697304708647,0.0,30.000000047505797,-1.979408210672773e-08,lane_2,mainline,,normal,none,commit
BASIC-03,basic_long_dt_900,533,53.30000000000049,B03_TLV_CFV,cav,not_applicable,8147.388936772543,3.5,30.041488115896957,0.7918016860467467,lane_1,mainline,,normal,none,commit
BASIC-03,basic_long_dt_900,533,53.30000000000049,B03_TLV_CLV,cav,not_applicable,8189.560112813579,3.5,30.03852760814644,0.3647771625535392,lane_1,mainline,,normal,none,commit
BASIC-03,basic_long_dt_900,534,53.40000000000049,B03_MV,cav,not_applicable,7245.982461456211,-3.5,0.004295188504048171,4.0,on_ramp,on_ramp_mv,,normal,not_started,commit
BASIC-03,basic_long_dt_900,534,53.40000000000049,B03_CLV,cav,not_applicable,8235.000000007849,3.5,29.999999996725766,1.3642647900269368e-09,lane_1,mainline,,normal,none,commit
BASIC-03,basic_long_dt_900,534,53.40000000000049,B03_CFV,cav,not_applicable,8192.697304713207,0.0,30.000000045605564,-1.9002318651928363e-08,lane_2,mainline,,normal,none,commit
BASIC-03,basic_long_dt_900,534,53.40000000000049,B03_TLV_CFV,cav,not_applicable,8150.388654870655,3.5,29.997180981118962,-0.4430713477799345,lane_1,mainline,,normal,none,commit
BASIC-03,basic_long_dt_900,534,53.40000000000049,B03_TLV_CLV,cav,not_applicable,8192.556041023905,3.5,29.959282103264457,-0.7924550488198314,lane_1,mainline,,normal,none,commit
BASIC-03,basic_long_dt_900,535,53.50000000000049,B03_MV,cav,not_applicable,7245.982880707597,-3.5,0.004192513860477962,4.0,on_ramp,on_ramp_mv,,normal,not_started,commit
BASIC-03,basic_long_dt_900,535,53.50000000000049,B03_CLV,cav,not_applicable,8238.000000007534,3.5,29.999999996856737,1.3096936868350895e-09,lane_1,mainline,,normal,none,commit
BASIC-03,basic_long_dt_900,535,53.50000000000049,B03_CFV,cav,not_applicable,8195.697304717585,0.0,30.00000004378134,-1.8242225507947296e-08,lane_2,mainline,,normal,none,commit
BASIC-03,basic_long_dt_900,535,53.50000000000049,B03_TLV_CFV,cav,not_applicable,8153.392020566831,3.5,30.03365696175515,0.36475980636187183,lane_1,mainline,,normal,none,commit
BASIC-03,basic_long_dt_900,535,53.50000000000049,B03_TLV_CLV,cav,not_applicable,8195.552758238377,3.5,29.967172144724653,0.07890041460195618,lane_1,mainline,,normal,none,commit
BASIC-03,basic_long_dt_900,536,53.60000000000049,B03_MV,cav,not_applicable,7245.9832899369585,-3.5,0.004092293610239248,4.0,on_ramp,on_ramp_mv,,normal,not_started,commit
BASIC-03,basic_long_dt_900,536,53.60000000000049,B03_CLV,cav,not_applicable,8241.000000007232,3.5,29.999999996982467,1.2573053709274973e-09,lane_1,mainline,,normal,none,commit
BASIC-03,basic_long_dt_900,536,53.60000000000049,B03_CFV,cav,not_applicable,8198.697304721789,0.0,30.000000042030088,-1.7512536487629404e-08,lane_2,mainline,,normal,none,commit
BASIC-03,basic_long_dt_900,536,53.60000000000049,B03_TLV_CFV,cav,not_applicable,8156.387461570513,3.5,29.95441003682112,-0.7924692493402866,lane_1,mainline,,normal,none,commit
BASIC-03,basic_long_dt_900,536,53.60000000000049,B03_TLV_CLV,cav,not_applicable,8198.557393728968,3.5,30.046354905919358,0.7918276119470551,lane_1,mainline,,normal,none,commit
BASIC-03,basic_long_dt_900,537,53.70000000000049,B03_MV,cav,not_applicable,7245.9836893838665,-3.5,0.003994469082196583,4.0,on_ramp,on_ramp_mv,,normal,not_started,commit
BASIC-03,basic_long_dt_900,537,53.70000000000049,B03_CLV,cav,not_applicable,8244.000000006943,3.5,29.999999997103167,1.2070131560903974e-09,lane_1,mainline,,normal,none,commit
BASIC-03,basic_long_dt_900,537,53.70000000000049,B03_CFV,cav,not_applicable,8201.697304725823,0.0,30.000000040348883,-1.6812035141811067e-08,lane_2,mainline,,normal,none,commit
BASIC-03,basic_long_dt_900,537,53.70000000000049,B03_TLV_CFV,cav,not_applicable,8159.383691462154,3.5,29.96229891642055,0.07888879599431098,lane_1,mainline,,normal,none,commit
BASIC-03,basic_long_dt_900,537,53.70000000000049,B03_TLV_CLV,cav,not_applicable,8201.557598718204,3.5,30.00204989235139,-0.4430501356796822,lane_1,mainline,,normal,none,commit
BASIC-03,basic_long_dt_900,538,53.800000000000495,B03_MV,cav,not_applicable,7245.984079282167,-3.5,0.0038989830077317033,4.0,on_ramp,on_ramp_mv,,normal,not_started,commit
BASIC-03,basic_long_dt_900,538,53.800000000000495,B03_CLV,cav,not_applicable,8247.000000006665,3.5,29.99999999721904,1.1587331982809702e-09,lane_1,mainline,,normal,none,commit
BASIC-03,basic_long_dt_900,538,53.800000000000495,B03_CFV,cav,not_applicable,8204.697304729696,0.0,30.000000038734928,-1.6139553338234693e-08,lane_2,mainline,,normal,none,commit
BASIC-03,basic_long_dt_900,538,53.800000000000495,B03_TLV_CFV,cav,not_applicable,8162.387839534855,3.5,30.041480727001904,0.7918181058135272,lane_1,mainline,,normal,none,commit
BASIC-03,basic_long_dt_900,538,53.800000000000495,B03_TLV_CLV,cav,not_applicable,8204.561451479056,3.5,30.038527608523054,0.36477716171662367,lane_1,mainline,,normal,none,commit
BASIC-03,basic_long_dt_900,539,53.900000000000496,B03_MV,cav,not_applicable,7245.984459860116,-3.5,0.0038057794870448498,4.0,on_ramp,on_ramp_mv,,normal,not_started,commit
BASIC-03,basic_long_dt_900,539,53.900000000000496,B03_CLV,cav,not_applicable,8250.000000006397,3.5,29.999999997330278,1.1123844956273388e-09,lane_1,mainline,,normal,none,commit
BASIC-03,basic_long_dt_900,539,53.900000000000496,B03_CFV,cav,not_applicable,8207.697304733414,0.0,30.00000003718553,-1.5493971261548723e-08,lane_2,mainline,,normal,none,commit
BASIC-03,basic_long_dt_900,539,53.900000000000496,B03_TLV_CFV,cav,not_applicable,8165.387557028421,3.5,29.997174935659373,-0.4430579134252959,lane_1,mainline,,normal,none,commit
BASIC-03,basic_long_dt_900,539,53.900000000000496,B03_TLV_CLV,cav,not_applicable,8207.557379689413,3.5,29.959282103572598,-0.7924550495045806,lane_1,mainline,,normal,none,commit
BASIC-03,basic_long_dt_900,540,54.0000000000005,B03_MV,cav,not_applicable,7245.984831340512,-3.5,0.0037148039565431503,4.0,on_ramp,on_ramp_mv,,normal,not_started,commit
BASIC-03,basic_long_dt_900,540,54.0000000000005,B03_CLV,cav,not_applicable,8253.00000000614,3.5,29.999999997437065,1.0678888884285698e-09,lane_1,mainline,,normal,none,commit
BASIC-03,basic_long_dt_900,540,54.0000000000005,B03_CFV,cav,not_applicable,8210.697304736985,0.0,30.000000035698108,-1.4874211728965748e-08,lane_2,mainline,,normal,none,commit
BASIC-03,basic_long_dt_900,540,54.0000000000005,B03_TLV_CFV,cav,not_applicable,8168.390922229968,3.5,30.033652015470032,0.36477079810657614,lane_1,mainline,,normal,none,commit
BASIC-03,basic_long_dt_900,540,54.0000000000005,B03_TLV_CLV,cav,not_applicable,8210.55409690391,3.5,29.967172144976768,0.07890041404170689,lane_1,mainline,,normal,none,commit
BASIC-03,basic_long_dt_900,541,54.1000000000005,B03_MV,cav,not_applicable,7245.985193940827,-3.5,0.003626003157098637,4.0,on_ramp,on_ramp_mv,,normal,not_started,commit
BASIC-03,basic_long_dt_900,541,54.1000000000005,B03_CLV,cav,not_applicable,8256.000000005895,3.5,29.999999997539582,1.0251739013256155e-09,lane_1,mainline,,normal,none,commit
BASIC-03,basic_long_dt_900,541,54.1000000000005,B03_CFV,cav,not_applicable,8213.697304740412,0.0,30.000000034270183,-1.4279243032433442e-08,lane_2,mainline,,normal,none,commit
BASIC-03,basic_long_dt_900,541,54.1000000000005,B03_TLV_CFV,cav,not_applicable,8171.386362828954,3.5,29.95440598986057,-0.7924602560946195,lane_1,mainline,,normal,none,commit
BASIC-03,basic_long_dt_900,541,54.1000000000005,B03_TLV_CLV,cav,not_applicable,8213.558732394522,3.5,30.046354906125636,0.7918276114886693,lane_1,mainline,,normal,none,commit
BASIC-03,basic_long_dt_900,542,54.2000000000005,B03_MV,cav,not_applicable,7245.985547873338,-3.5,0.0035393251029585005,4.0,on_ramp,on_ramp_mv,,normal,not_started,commit
BASIC-03,basic_long_dt_900,542,54.2000000000005,B03_CLV,cav,not_applicable,8259.000000005659,3.5,29.999999997638,9.841670589594288e-10,lane_1,mainline,,normal,none,commit
BASIC-03,basic_long_dt_900,542,54.2000000000005,B03_CFV,cav,not_applicable,8216.697304743702,0.0,30.000000032899376,-1.3708073254292686e-08,lane_2,mainline,,normal,none,commit
BASIC-03,basic_long_dt_900,542,54.2000000000005,B03_TLV_CFV,cav,not_applicable,8174.382592389481,3.5,29.962295605271013,0.07889615410440232,lane_1,mainline,,normal,none,commit
BASIC-03,basic_long_dt_900,542,54.2000000000005,B03_TLV_CLV,cav,not_applicable,8216.558937383774,3.5,30.002049892520162,-0.4430501360547251,lane_1,mainline,,normal,none,commit
BASIC-03,basic_long_dt_900,543,54.3000000000005,B03_MV,cav,not_applicable,7245.985893345243,-3.5,0.003454719050437932,4.0,on_ramp,on_ramp_mv,,normal,not_started,commit
BASIC-03,basic_long_dt_900,543,54.3000000000005,B03_CLV,cav,not_applicable,8262.000000005432,3.5,29.99999999773248,9.448001492273762e-10,lane_1,mainline,,normal,none,commit
BASIC-03,basic_long_dt_900,543,54.3000000000005,B03_CFV,cav,not_applicable,8219.69730474686,0.0,30.0000000315834,-1.315975026727756e-08,lane_2,mainline,,normal,none,commit
BASIC-03,basic_long_dt_900,543,54.3000000000005,B03_TLV_CFV,cav,not_applicable,8177.386740191269,3.5,30.041478017879555,0.7918241260854201,lane_1,mainline,,normal,none,commit
BASIC-03,basic_long_dt_900,543,54.3000000000005,B03_TLV_CLV,cav,not_applicable,8219.56279014464,3.5,30.038527608661138,0.3647771614097704,lane_1,mainline,,normal,none,commit
BASIC-03,basic_long_dt_900,544,54.4000000000005,B03_MV,cav,not_applicable,7245.98623055879,-3.5,0.003372135469439305,4.0,on_ramp,on_ramp_mv,,normal,not_started,commit
BASIC-03,basic_long_dt_900,544,54.4000000000005,B03_CLV,cav,not_applicable,8265.000000005213,3.5,29.99999999782318,9.070078021977679e-10,lane_1,mainline,,normal,none,commit
BASIC-03,basic_long_dt_900,544,54.4000000000005,B03_CFV,cav,not_applicable,8222.697304749892,0.0,30.000000030320066,-1.2633360313429877e-08,lane_2,mainline,,normal,none,commit
BASIC-03,basic_long_dt_900,544,54.4000000000005,B03_TLV_CFV,cav,not_applicable,8180.38645746318,3.5,29.997172719104725,-0.4430529877482926,lane_1,mainline,,normal,none,commit
BASIC-03,basic_long_dt_900,544,54.4000000000005,B03_TLV_CLV,cav,not_applicable,8222.558718355009,3.5,29.959282103685574,-0.7924550497556424,lane_1,mainline,,normal,none,commit
BASIC-03,basic_long_dt_900,545,54.500000000000504,B03_MV,cav,not_applicable,7245.986559711392,-3.5,0.0032915260136668965,4.0,on_ramp,on_ramp_mv,,normal,not_started,commit
BASIC-03,basic_long_dt_900,545,54.500000000000504,B03_CLV,cav,not_applicable,8268.000000005004,3.5,29.999999997910255,8.707274901098572e-10,lane_1,mainline,,normal,none,commit
BASIC-03,basic_long_dt_900,545,54.500000000000504,B03_CFV,cav,not_applicable,8225.697304752803,0.0,30.000000029107262,-1.2128026583013707e-08,lane_2,mainline,,normal,none,commit
BASIC-03,basic_long_dt_900,545,54.500000000000504,B03_TLV_CFV,cav,not_applicable,8183.389822483372,3.5,30.03365020192532,0.3647748282059425,lane_1,mainline,,normal,none,commit
BASIC-03,basic_long_dt_900,545,54.500000000000504,B03_TLV_CLV,cav,not_applicable,8225.555435569515,3.5,29.967172145069203,0.07890041383629265,lane_1,mainline,,normal,none,commit
BASIC-03,basic_long_dt_900,546,54.600000000000506,B03_MV,cav,not_applicable,7245.986880995742,-3.5,0.0032128434923634768,4.0,on_ramp,on_ramp_mv,,normal,not_started,commit
BASIC-03,basic_long_dt_900,546,54.600000000000506,B03_CLV,cav,not_applicable,8271.000000004804,3.5,29.999999997993843,8.358981062883687e-10,lane_1,mainline,,normal,none,commit
BASIC-03,basic_long_dt_900,546,54.600000000000506,B03_CFV,cav,not_applicable,8228.697304755597,0.0,30.00000002794297,-1.1642904951258971e-08,lane_2,mainline,,normal,none,commit
BASIC-03,basic_long_dt_900,546,54.600000000000506,B03_TLV_CFV,cav,not_applicable,8186.385262933977,3.5,29.954404506051258,-0.7924569587405925,lane_1,mainline,,normal,none,commit
BASIC-03,basic_long_dt_900,546,54.600000000000506,B03_TLV_CLV,cav,not_applicable,8228.560071060136,3.5,30.046354906201262,0.7918276113206031,lane_1,mainline,,normal,none,commit
BASIC-03,basic_long_dt_900,547,54.70000000000051,B03_MV,cav,not_applicable,7245.987194599926,-3.5,0.0031360418431339594,4.0,on_ramp,on_ramp_mv,,normal,not_started,commit
BASIC-03,basic_long_dt_900,547,54.70000000000051,B03_CLV,cav,not_applicable,8274.000000004611,3.5,29.999999998074088,8.024628073144413e-10,lane_1,mainline,,normal,none,commit
BASIC-03,basic_long_dt_900,547,54.70000000000051,B03_CFV,cav,not_applicable,8231.69730475828,0.0,30.00000002682525,-1.1177188241617842e-08,lane_2,mainline,,normal,none,commit
BASIC-03,basic_long_dt_900,547,54.70000000000051,B03_TLV_CFV,cav,not_applicable,8189.3814923731015,3.5,29.96229439124521,0.07889885193951529,lane_1,mainline,,normal,none,commit
BASIC-03,basic_long_dt_900,547,54.70000000000051,B03_TLV_CLV,cav,not_applicable,8231.560276049393,3.5,30.00204989258204,-0.44305013619223377,lane_1,mainline,,normal,none,commit
BASIC-03,basic_long_dt_900,548,54.80000000000051,B03_MV,cav,not_applicable,7245.987500707536,-3.5,0.003061076104551638,4.0,on_ramp,on_ramp_mv,,normal,not_started,commit
BASIC-03,basic_long_dt_900,548,54.80000000000051,B03_CLV,cav,not_applicable,8277.000000004426,3.5,29.999999998151125,7.703647497692146e-10,lane_1,mainline,,normal,none,commit
BASIC-03,basic_long_dt_900,548,54.80000000000051,B03_CFV,cav,not_applicable,8234.697304760855,0.0,30.000000025752243,-1.0730100541422872e-08,lane_2,mainline,,normal,none,commit
BASIC-03,basic_long_dt_900,548,54.80000000000051,B03_TLV_CFV,cav,not_applicable,8192.38564007556,3.5,30.041477024585713,0.7918263334050579,lane_1,mainline,,normal,none,commit
BASIC-03,basic_long_dt_900,548,54.80000000000051,B03_TLV_CLV,cav,not_applicable,8234.564128810263,3.5,30.038527608711767,0.36477716129726334,lane_1,mainline,,normal,none,commit
BASIC-03,basic_long_dt_900,549,54.90000000000051,B03_MV,cav,not_applicable,7245.987799497775,-3.5,0.002987902389851478,4.0,on_ramp,on_ramp_mv,,normal,not_started,commit
BASIC-03,basic_long_dt_900,549,54.90000000000051,B03_CLV,cav,not_applicable,8280.000000004247,3.5,29.99999999822508,7.395499324047706e-10,lane_1,mainline,,normal,none,commit
BASIC-03,basic_long_dt_900,549,54.90000000000051,B03_CFV,cav,not_applicable,8237.697304763327,0.0,30.000000024722155,-1.0300897201886984e-08,lane_2,mainline,,normal,none,commit
BASIC-03,basic_long_dt_900,549,54.90000000000051,B03_TLV_CFV,cav,not_applicable,8195.385357266201,3.5,29.997171906409765,-0.443051181759498,lane_1,mainline,,normal,none,commit
BASIC-03,basic_long_dt_900,549,54.90000000000051,B03_TLV_CLV,cav,not_applicable,8237.560057020635,3.5,29.959282103727,-0.7924550498476935,lane_1,mainline,,normal,none,commit
BASIC-03,basic_long_dt_900,550,55.00000000000051,B03_MV,cav,not_applicable,7245.988091145561,-3.5,0.002916477861493049,4.0,on_ramp,on_ramp_mv,,normal,not_started,commit
BASIC-03,basic_long_dt_900,550,55.00000000000051,B03_CLV,cav,not_applicable,8283.000000004076,3.5,29.999999998296076,7.099686172296061e-10,lane_1,mainline,,normal,none,commit
BASIC-03,basic_long_dt_900,550,55.00000000000051,B03_CFV,cav,not_applicable,8240.697304765701,0.0,30.000000023733268,-9.88886199593253e-09,lane_2,mainline,,normal,none,commit
BASIC-03,basic_long_dt_900,550,55.00000000000051,B03_TLV_CFV,cav,not_applicable,8198.388722219901,3.5,30.033649536993078,0.3647763058331381,lane_1,mainline,,normal,none,commit
BASIC-03,basic_long_dt_900,550,55.00000000000051,B03_TLV_CLV,cav,not_applicable,8240.556774235145,3.5,29.967172145103095,0.07890041376097812,lane_1,mainline,,normal,none,commit
BASIC-03,basic_long_dt_900,551,55.10000000000051,B03_MV,cav,not_applicable,7245.988375821632,-3.5,0.002846760705940871,4.0,on_ramp,on_ramp_mv,,normal,not_started,commit
BASIC-03,basic_long_dt_900,551,55.10000000000051,B03_CLV,cav,not_applicable,8286.000000003913,3.5,29.99999999836423,6.815696451667464e-10,lane_1,mainline,,normal,none,commit
BASIC-03,basic_long_dt_900,551,55.10000000000051,B03_CFV,cav,not_applicable,8243.69730476798,0.0,30.000000022783937,-9.493307118191298e-09,lane_2,mainline,,normal,none,commit
BASIC-03,basic_long_dt_900,551,55.10000000000051,B03_TLV_CFV,cav,not_applicable,8201.384162616103,3.5,29.95440396201579,-0.792455749772887,lane_1,mainline,,normal,none,commit
BASIC-03,basic_long_dt_900,551,55.10000000000051,B03_TLV_CLV,cav,not_applicable,8243.561409725768,3.5,30.046354906228995,0.7918276112589822,lane_1,mainline,,normal,none,commit
BASIC-03,basic_long_dt_900,552,55.200000000000514,B03_MV,cav,not_applicable,7245.988653692643,-3.5,0.0027787101090969942,4.0,on_ramp,on_ramp_mv,,normal,not_started,commit
BASIC-03,basic_long_dt_900,552,55.200000000000514,B03_CLV,cav,not_applicable,8289.000000003756,3.5,29.99999999842966,6.543075414811029e-10,lane_1,mainline,,normal,none,commit
BASIC-03,basic_long_dt_900,552,55.200000000000514,B03_CFV,cav,not_applicable,8246.697304770167,0.0,30.00000002187258,-9.11357460608997e-09,lane_2,mainline,,normal,none,commit
BASIC-03,basic_long_dt_900,552,55.200000000000514,B03_TLV_CFV,cav,not_applicable,8204.380392010715,3.5,29.96229394612528,0.07889984109491066,lane_1,mainline,,normal,none,commit
BASIC-03,basic_long_dt_900,552,55.200000000000514,B03_TLV_CLV,cav,not_applicable,8246.561614715029,3.5,30.00204989260473,-0.4430501362426509,lane_1,mainline,,normal,none,commit
BASIC-03,basic_long_dt_900,553,55.300000000000516,B03_MV,cav,not_applicable,7245.9889249212665,-3.5,0.002712286232603215,4.0,on_ramp,on_ramp_mv,,normal,not_started,commit
BASIC-03,basic_long_dt_900,553,55.300000000000516,B03_CLV,cav,not_applicable,8292.000000003605,3.5,29.999999998492473,6.281354103521154e-10,lane_1,mainline,,normal,none,commit
BASIC-03,basic_long_dt_900,553,55.300000000000516,B03_CFV,cav,not_applicable,8249.697304772266,0.0,30.00000002099768,-8.749032076593722e-09,lane_2,mainline,,normal,none,commit
BASIC-03,basic_long_dt_900,553,55.300000000000516,B03_TLV_CFV,cav,not_applicable,8207.384539676754,3.5,30.04147666039668,0.7918271427140178,lane_1,mainline,,normal,none,commit
BASIC-03,basic_long_dt_900,553,55.300000000000516,B03_TLV_CLV,cav,not_applicable,8249.5654674759,3.5,30.038527608730334,0.36477716125601295,lane_1,mainline,,normal,none,commit
BASIC-03,basic_long_dt_900,554,55.40000000000052,B03_MV,cav,not_applicable,7245.989189666286,-3.5,0.002647450190578123,4.0,on_ramp,on_ramp_mv,,normal,not_started,commit
BASIC-03,basic_long_dt_900,554,55.40000000000052,B03_CLV,cav,not_applicable,8295.00000000346,3.5,29.999999998552774,6.030106192156382e-10,lane_1,mainline,,normal,none,commit
BASIC-03,basic_long_dt_900,554,55.40000000000052,B03_CFV,cav,not_applicable,8252.697304774281,0.0,30.00000002015777,-8.399071305120742e-09,lane_2,mainline,,normal,none,commit
BASIC-03,basic_long_dt_900,554,55.40000000000052,B03_TLV_CFV,cav,not_applicable,8210.384256837597,3.5,29.99717160843692,-0.44305051959762176,lane_1,mainline,,normal,none,commit
BASIC-03,basic_long_dt_900,554,55.40000000000052,B03_TLV_CLV,cav,not_applicable,8252.561395686274,3.5,29.95928210374219,-0.7924550498814439,lane_1,mainline,,normal,none,commit
BASIC-03,basic_long_dt_900,555,55.50000000000052,B03_MV,cav,not_applicable,7245.989448082689,-3.5,0.0025841640263541423,4.0,on_ramp,on_ramp_mv,,normal,not_started,commit
BASIC-03,basic_long_dt_900,555,55.50000000000052,B03_CLV,cav,not_applicable,8298.000000003321,3.5,29.99999999861066,5.788905355075258e-10,lane_1,mainline,,normal,none,commit
BASIC-03,basic_long_dt_900,555,55.50000000000052,B03_CFV,cav,not_applicable,8255.697304776217,0.0,30.00000001935146,-8.063108225542238e-09,lane_2,mainline,,normal,none,commit
BASIC-03,basic_long_dt_900,555,55.50000000000052,B03_TLV_CFV,cav,not_applicable,8213.387621766917,3.5,30.03364929319711,0.3647768476019459,lane_1,mainline,,normal,none,commit
BASIC-03,basic_long_dt_900,555,55.50000000000052,B03_TLV_CLV,cav,not_applicable,8255.558112900786,3.5,29.967172145115526,0.0789004137333642,lane_1,mainline,,normal,none,commit
BASIC-03,basic_long_dt_900,556,55.60000000000052,B03_MV,cav,not_applicable,7245.9897003217575,-3.5,0.002522390690736448,4.0,on_ramp,on_ramp_mv,,normal,not_started,commit
BASIC-03,basic_long_dt_900,556,55.60000000000052,B03_CLV,cav,not_applicable,8301.000000003189,3.5,29.999999998666237,5.557353688345757e-10,lane_1,mainline,,normal,none,commit
BASIC-03,basic_long_dt_900,556,55.60000000000052,B03_CFV,cav,not_applicable,8258.697304778074,0.0,30.000000018577403,-7.7405843512679e-09,lane_2,mainline,,normal,none,commit
BASIC-03,basic_long_dt_900,556,55.60000000000052,B03_TLV_CFV,cav,not_applicable,8216.383062143172,3.5,29.954403762546363,-0.7924553065074987,lane_1,mainline,,normal,none,commit
BASIC-03,basic_long_dt_900,556,55.60000000000052,B03_TLV_CLV,cav,not_applicable,8258.56274839141,3.5,30.046354906239166,0.7918276112363889,lane_1,mainline,,normal,none,commit
BASIC-03,basic_long_dt_900,557,55.70000000000052,B03_MV,cav,not_applicable,7245.989946531159,-3.5,0.002462094020479297,4.0,on_ramp,on_ramp_mv,,normal,not_started,commit
BASIC-03,basic_long_dt_900,557,55.70000000000052,B03_CLV,cav,not_applicable,8304.000000003061,3.5,29.999999998719588,5.335053288035851e-10,lane_1,mainline,,normal,none,commit
BASIC-03,basic_long_dt_900,557,55.70000000000052,B03_CFV,cav,not_applicable,8261.697304779856,0.0,30.000000017834306,-7.4309610909040206e-09,lane_2,mainline,,normal,none,commit
BASIC-03,basic_long_dt_900,557,55.70000000000052,B03_TLV_CFV,cav,not_applicable,8219.379291521464,3.5,29.962293782923023,0.07890020376659201,lane_1,mainline,,normal,none,commit
BASIC-03,basic_long_dt_900,557,55.70000000000052,B03_TLV_CLV,cav,not_applicable,8261.562953380671,3.5,30.00204989261305,-0.4430501362611363,lane_1,mainline,,normal,none,commit
BASIC-03,basic_long_dt_900,558,55.80000000000052,B03_MV,cav,not_applicable,7245.9901868550305,-3.5,0.0024032387163275353,4.0,on_ramp,on_ramp_mv,,normal,not_started,commit
BASIC-03,basic_long_dt_900,558,55.80000000000052,B03_CLV,cav,not_applicable,8307.000000002938,3.5,29.999999998770804,5.121648882777663e-10,lane_1,mainline,,normal,none,commit
BASIC-03,basic_long_dt_900,558,55.80000000000052,B03_CFV,cav,not_applicable,8264.697304781568,0.0,30.000000017120936,-7.133722590424441e-09,lane_2,mainline,,normal,none,commit
BASIC-03,basic_long_dt_900,558,55.80000000000052,B03_TLV_CFV,cav,not_applicable,8222.383439174151,3.5,30.041476526867562,0.7918274394453935,lane_1,mainline,,normal,none,commit
BASIC-03,basic_long_dt_900,558,55.80000000000052,B03_TLV_CLV,cav,not_applicable,8264.566806141545,3.5,30.03852760873714,0.3647771612408885,lane_1,mainline,,normal,none,commit
BASIC-03,basic_long_dt_900,559,55.900000000000524,B03_MV,cav,not_applicable,7245.990421434063,-3.5,0.0023457903230148023,4.0,on_ramp,on_ramp_mv,,normal,not_started,commit
BASIC-03,basic_long_dt_900,559,55.900000000000524,B03_CLV,cav,not_applicable,8310.00000000282,3.5,29.999999998819973,4.916785201203311e-10,lane_1,mainline,,normal,none,commit
BASIC-03,basic_long_dt_900,559,55.900000000000524,B03_CFV,cav,not_applicable,8267.697304783213,0.0,30.000000016436097,-6.8483743120850704e-09,lane_2,mainline,,normal,none,commit
BASIC-03,basic_long_dt_900,559,55.900000000000524,B03_TLV_CFV,cav,not_applicable,8225.38315632407,3.5,29.99717149918582,-0.4430502768174053,lane_1,mainline,,normal,none,commit
BASIC-03,basic_long_dt_900,559,55.900000000000524,B03_TLV_CLV,cav,not_applicable,8267.56273435192,3.5,29.95928210374776,-0.7924550498938184,lane_1,mainline,,normal,none,commit
BASIC-03,basic_long_dt_900,560,56.000000000000526,B03_MV,cav,not_applicable,7245.990650405584,-3.5,0.0022897152088269153,4.0,on_ramp,on_ramp_mv,,normal,not_started,commit
BASIC-03,basic_long_dt_900,560,56.000000000000526,B03_CLV,cav,not_applicable,8313.000000002707,3.5,29.999999998867175,4.720106971944916e-10,lane_1,mainline,,normal,none,commit
BASIC-03,basic_long_dt_900,560,56.000000000000526,B03_CFV,cav,not_applicable,8270.69730478479,0.0,30.000000015778653,-6.574438771167479e-09,lane_2,mainline,,normal,none,commit
BASIC-03,basic_long_dt_900,560,56.000000000000526,B03_TLV_CFV,cav,not_applicable,8228.38652124445,3.5,30.03364920380985,0.3647770462403048,lane_1,mainline,,normal,none,commit
BASIC-03,basic_long_dt_900,560,56.000000000000526,B03_TLV_CLV,cav,not_applicable,8270.559451566432,3.5,29.967172145120085,0.07890041372323953,lane_1,mainline,,normal,none,commit
BASIC-03,basic_long_dt_900,561,56.10000000000053,B03_MV,cav,not_applicable,7245.990873903639,-3.5,0.0022349805462523035,4.0,on_ramp,on_ramp_mv,,normal,not_started,commit
BASIC-03,basic_long_dt_900,561,56.10000000000053,B03_CLV,cav,not_applicable,8316.000000002598,3.5,29.999999998912486,4.5313015561987414e-10,lane_1,mainline,,normal,none,commit
BASIC-03,basic_long_dt_900,561,56.10000000000053,B03_CFV,cav,not_applicable,8273.697304786305,0.0,30.000000015147506,-6.31146122032078e-09,lane_2,mainline,,normal,none,commit
BASIC-03,basic_long_dt_900,561,56.10000000000053,B03_TLV_CFV,cav,not_applicable,8231.381961613391,3.5,29.95440368941133,-0.792455143985205,lane_1,mainline,,normal,none,commit
BASIC-03,basic_long_dt_900,561,56.10000000000053,B03_TLV_CLV,cav,not_applicable,8273.564087057057,3.5,30.046354906242897,0.7918276112281051,lane_1,mainline,,normal,none,commit
BASIC-03,basic_long_dt_900,562,56.20000000000053,B03_MV,cav,not_applicable,7245.991092059068,-3.5,0.002181554292415038,4.0,on_ramp,on_ramp_mv,,normal,not_started,commit
BASIC-03,basic_long_dt_900,562,56.20000000000053,B03_CLV,cav,not_applicable,8319.000000002494,3.5,29.999999998955985,4.3500563151610554e-10,lane_1,mainline,,normal,none,commit
BASIC-03,basic_long_dt_900,562,56.20000000000053,B03_CFV,cav,not_applicable,8276.697304787758,0.0,30.000000014541605,-6.0590025441342735e-09,lane_2,mainline,,normal,none,commit
BASIC-03,basic_long_dt_900,562,56.20000000000053,B03_TLV_CFV,cav,not_applicable,8234.3781909857,3.5,29.962293723085267,0.0789003367393778,lane_1,mainline,,normal,none,commit
BASIC-03,basic_long_dt_900,562,56.20000000000053,B03_TLV_CLV,cav,not_applicable,8276.564292046318,3.5,30.002049892616107,-0.443050136267914,lane_1,mainline,,normal,none,commit
BASIC-03,basic_long_dt_900,563,56.30000000000053,B03_MV,cav,not_applicable,7245.991304999586,-3.5,0.0021294051703774994,4.0,on_ramp,on_ramp_mv,,normal,not_started,commit
BASIC-03,basic_long_dt_900,563,56.30000000000053,B03_CLV,cav,not_applicable,8322.000000002394,3.5,29.999999998997747,4.176058610028122e-10,lane_1,mainline,,normal,none,commit
BASIC-03,basic_long_dt_900,563,56.30000000000053,B03_CFV,cav,not_applicable,8279.697304789153,0.0,30.00000001395994,-5.81664210130839e-09,lane_2,mainline,,normal,none,commit
BASIC-03,basic_long_dt_900,563,56.30000000000053,B03_TLV_CFV,cav,not_applicable,8237.382338633492,3.5,30.0414764779094,0.7918275482413091,lane_1,mainline,,normal,none,commit
BASIC-03,basic_long_dt_900,563,56.30000000000053,B03_TLV_CLV,cav,not_applicable,8279.568144807192,3.5,30.038527608739642,0.36477716123534315,lane_1,mainline,,normal,none,commit
BASIC-03,basic_long_dt_900,564,56.40000000000053,B03_MV,cav,not_applicable,7245.991512849851,-3.5,0.00207850265066046,4.0,on_ramp,on_ramp_mv,,normal,not_started,commit
BASIC-03,basic_long_dt_900,564,56.40000000000053,B03_CLV,cav,not_applicable,8325.000000002297,3.5,29.999999999037836,4.0090100128509223e-10,lane_1,mainline,,normal,none,commit
BASIC-03,basic_long_dt_900,564,56.40000000000053,B03_CFV,cav,not_applicable,8282.697304790494,0.0,30.000000013401543,-5.583976303569216e-09,lane_2,mainline,,normal,none,commit
BASIC-03,basic_long_dt_900,564,56.40000000000053,B03_TLV_CFV,cav,not_applicable,8240.382055779404,3.5,29.99717145912914,-0.4430501878025652,lane_1,mainline,,normal,none,commit
BASIC-03,basic_long_dt_900,564,56.40000000000053,B03_TLV_CLV,cav,not_applicable,8282.564073017567,3.5,29.959282103749807,-0.7924550498983556,lane_1,mainline,,normal,none,commit
BASIC-03,basic_long_dt_900,565,56.50000000000053,B03_MV,cav,not_applicable,7245.991715731544,-3.5,0.002028816934067626,4.0,on_ramp,on_ramp_mv,,normal,not_started,commit
BASIC-03,basic_long_dt_900,565,56.50000000000053,B03_CLV,cav,not_applicable,8328.000000002205,3.5,29.999999999076323,3.8486547282445827e-10,lane_1,mainline,,normal,none,commit
BASIC-03,basic_long_dt_900,565,56.50000000000053,B03_CFV,cav,not_applicable,8285.69730479178,0.0,30.00000001286548,-5.360617194583029e-09,lane_2,mainline,,normal,none,commit
BASIC-03,basic_long_dt_900,565,56.50000000000053,B03_TLV_CFV,cav,not_applicable,8243.385420696508,3.5,30.033649171036206,0.3647771190706285,lane_1,mainline,,normal,none,commit
BASIC-03,basic_long_dt_900,565,56.50000000000053,B03_TLV_CLV,cav,not_applicable,8285.560790232079,3.5,29.96717214512176,0.07890041371952727,lane_1,mainline,,normal,none,commit
BASIC-03,basic_long_dt_900,566,56.600000000000534,B03_MV,cav,not_applicable,7245.991913763437,-3.5,0.0019803189332057223,4.0,on_ramp,on_ramp_mv,,normal,not_started,commit
BASIC-03,basic_long_dt_900,566,56.600000000000534,B03_CLV,cav,not_applicable,8331.000000002115,3.5,29.99999999911327,3.6947085391147995e-10,lane_1,mainline,,normal,none,commit
BASIC-03,basic_long_dt_900,566,56.600000000000534,B03_CFV,cav,not_applicable,8288.697304793015,0.0,30.000000012350863,-5.146192449956289e-09,lane_2,mainline,,normal,none,commit
BASIC-03,basic_long_dt_900,566,56.600000000000534,B03_TLV_CFV,cav,not_applicable,8246.380861062768,3.5,29.95440366259653,-0.7924550843967584,lane_1,mainline,,normal,none,commit
BASIC-03,basic_long_dt_900,566,56.600000000000534,B03_TLV_CLV,cav,not_applicable,8288.565425722703,3.5,30.046354906244268,0.7918276112250677,lane_1,mainline,,normal,none,commit
BASIC-03,basic_long_dt_900,567,56.700000000000536,B03_MV,cav,not_applicable,7245.992107061463,-3.5,0.0019329802563960892,4.0,on_ramp,on_ramp_mv,,normal,not_started,commit
BASIC-03,basic_long_dt_900,567,56.700000000000536,B03_CLV,cav,not_applicable,8334.00000000203,3.5,29.99999999914874,3.5469156500766986e-10,lane_1,mainline,,normal,none,commit
BASIC-03,basic_long_dt_900,567,56.700000000000536,B03_CFV,cav,not_applicable,8291.697304794201,0.0,30.00000001185683,-4.940345377235645e-09,lane_2,mainline,,normal,none,commit
BASIC-03,basic_long_dt_900,567,56.700000000000536,B03_TLV_CFV,cav,not_applicable,8249.377090432881,3.5,29.962293701145885,0.07890038549356138,lane_1,mainline,,normal,none,commit
BASIC-03,basic_long_dt_900,567,56.700000000000536,B03_TLV_CLV,cav,not_applicable,8291.565630711964,3.5,30.00204989261723,-0.44305013627039913,lane_1,mainline,,normal,none,commit
BASIC-03,basic_long_dt_900,568,56.80000000000054,B03_MV,cav,not_applicable,7245.992295738782,-3.5,0.001886773190281817,4.0,on_ramp,on_ramp_mv,,normal,not_started,commit
BASIC-03,basic_long_dt_900,568,56.80000000000054,B03_CLV,cav,not_applicable,8337.000000001948,3.5,29.99999999918279,3.405034476600122e-10,lane_1,mainline,,normal,none,commit
BASIC-03,basic_long_dt_900,568,56.80000000000054,B03_CFV,cav,not_applicable,8294.69730479534,0.0,30.000000011382557,-4.742732073736989e-09,lane_2,mainline,,normal,none,commit
BASIC-03,basic_long_dt_900,568,56.80000000000054,B03_TLV_CFV,cav,not_applicable,8252.381238078877,3.5,30.041476459958997,0.7918275881310957,lane_1,mainline,,normal,none,commit
BASIC-03,basic_long_dt_900,568,56.80000000000054,B03_TLV_CLV,cav,not_applicable,8294.569483472838,3.5,30.038527608740562,0.36477716123330983,lane_1,mainline,,normal,none,commit
BASIC-03,basic_long_dt_900,569,56.90000000000054,B03_MV,cav,not_applicable,7245.99247990585,-3.5,0.0018416706843915795,4.0,on_ramp,on_ramp_mv,,normal,not_started,commit
BASIC-03,basic_long_dt_900,569,56.90000000000054,B03_CLV,cav,not_applicable,8340.00000000187,3.5,29.99999999921548,3.268837645009626e-10,lane_1,mainline,,normal,none,commit
BASIC-03,basic_long_dt_900,569,56.90000000000054,B03_CFV,cav,not_applicable,8297.697304796433,0.0,30.000000010927256,-4.5530228476309276e-09,lane_2,mainline,,normal,none,commit
BASIC-03,basic_long_dt_900,569,56.90000000000054,B03_TLV_CFV,cav,not_applicable,8255.380955223322,3.5,29.99717144444245,-0.4430501551654672,lane_1,mainline,,normal,none,commit
BASIC-03,basic_long_dt_900,569,56.90000000000054,B03_TLV_CLV,cav,not_applicable,8297.565411683214,3.5,29.95928210375056,-0.7924550499000191,lane_1,mainline,,normal,none,commit
BASIC-03,basic_long_dt_900,570,57.00000000000054,B03_MV,cav,not_applicable,7245.992659670484,-3.5,0.0017976463346164103,4.0,on_ramp,on_ramp_mv,,normal,not_started,commit
BASIC-03,basic_long_dt_900,570,57.00000000000054,B03_CLV,cav,not_applicable,8343.000000001795,3.5,29.99999999924686,3.1380835707750525e-10,lane_1,mainline,,normal,none,commit
BASIC-03,basic_long_dt_900,570,57.00000000000054,B03_CFV,cav,not_applicable,8300.697304797483,0.0,30.000000010490165,-4.370902217942785e-09,lane_2,mainline,,normal,none,commit
BASIC-03,basic_long_dt_900,570,57.00000000000054,B03_TLV_CFV,cav,not_applicable,8258.384320139223,3.5,30.03364915901982,0.3647771457737087,lane_1,mainline,,normal,none,commit
BASIC-03,basic_long_dt_900,570,57.00000000000054,B03_TLV_CLV,cav,not_applicable,8300.562128897725,3.5,29.967172145122376,0.07890041371816625,lane_1,mainline,,normal,none,commit
BASIC-03,basic_long_dt_900,571,57.10000000000054,B03_MV,cav,not_applicable,7245.99283513792,-3.5,0.0017546743679909469,4.0,on_ramp,on_ramp_mv,,normal,not_started,commit
BASIC-03,basic_long_dt_900,571,57.10000000000054,B03_CLV,cav,not_applicable,8346.000000001723,3.5,29.999999999276987,3.012559091075673e-10,lane_1,mainline,,normal,none,commit
BASIC-03,basic_long_dt_900,571,57.10000000000054,B03_CFV,cav,not_applicable,8303.69730479849,0.0,30.000000010070558,-4.196066072381655e-09,lane_2,mainline,,normal,none,commit
BASIC-03,basic_long_dt_900,571,57.10000000000054,B03_TLV_CFV,cav,not_applicable,8261.3797605045,3.5,29.95440365276494,-0.7924550625487837,lane_1,mainline,,normal,none,commit
BASIC-03,basic_long_dt_900,571,57.10000000000054,B03_TLV_CLV,cav,not_applicable,8303.56676438835,3.5,30.046354906244773,0.7918276112239542,lane_1,mainline,,normal,none,commit
BASIC-03,basic_long_dt_900,572,57.20000000000054,B03_MV,cav,not_applicable,7245.993006410883,-3.5,0.0017127296279094936,4.0,on_ramp,on_ramp_mv,,normal,not_started,commit
BASIC-03,basic_long_dt_900,572,57.20000000000054,B03_CLV,cav,not_applicable,8349.000000001653,3.5,29.999999999305906,2.89205104309076e-10,lane_1,mainline,,normal,none,commit
BASIC-03,basic_long_dt_900,572,57.20000000000054,B03_CFV,cav,not_applicable,8306.697304799456,0.0,30.000000009667737,-4.028223088425875e-09,lane_2,mainline,,normal,none,commit
BASIC-03,basic_long_dt_900,572,57.20000000000054,B03_TLV_CFV,cav,not_applicable,8264.37598987381,3.5,29.96229369310186,0.07890040336917703,lane_1,mainline,,normal,none,commit
BASIC-03,basic_long_dt_900,572,57.20000000000054,B03_TLV_CLV,cav,not_applicable,8306.56696937761,3.5,30.00204989261764,-0.4430501362713102,lane_1,mainline,,normal,none,commit
BASIC-03,basic_long_dt_900,573,57.300000000000544,B03_MV,cav,not_applicable,7245.993173589639,-3.5,0.0016717875589072663,4.0,on_ramp,on_ramp_mv,,normal,not_started,commit
BASIC-03,basic_long_dt_900,573,57.300000000000544,B03_CLV,cav,not_applicable,8352.000000001586,3.5,29.99999999933367,2.7763746857090155e-10,lane_1,mainline,,normal,none,commit
BASIC-03,basic_long_dt_900,573,57.300000000000544,B03_CFV,cav,not_applicable,8309.697304800384,0.0,30.000000009281028,-3.867094733323029e-09,lane_2,mainline,,normal,none,commit
BASIC-03,basic_long_dt_900,573,57.300000000000544,B03_TLV_CFV,cav,not_applicable,8267.380137519147,3.5,30.04147645337752,0.7918276027565994,lane_1,mainline,,normal,none,commit
BASIC-03,basic_long_dt_900,573,57.300000000000544,B03_TLV_CLV,cav,not_applicable,8309.570822138485,3.5,30.0385276087409,0.36477716123256443,lane_1,mainline,,normal,none,commit
BASIC-03,basic_long_dt_900,574,57.400000000000546,B03_MV,cav,not_applicable,7245.993336772058,-3.5,0.001631824192528687,4.0,on_ramp,on_ramp_mv,,normal,not_started,commit
BASIC-03,basic_long_dt_900,574,57.400000000000546,B03_CLV,cav,not_applicable,8355.000000001522,3.5,29.999999999360323,2.665316856109712e-10,lane_1,mainline,,normal,none,commit
BASIC-03,basic_long_dt_900,574,57.400000000000546,B03_CFV,cav,not_applicable,8312.697304801275,0.0,30.000000008909787,-3.7124110008335267e-09,lane_2,mainline,,normal,none,commit
BASIC-03,basic_long_dt_900,574,57.400000000000546,B03_TLV_CFV,cav,not_applicable,8270.379854663053,3.5,29.997171439057606,-0.44305014319914593,lane_1,mainline,,normal,none,commit
BASIC-03,basic_long_dt_900,574,57.400000000000546,B03_TLV_CLV,cav,not_applicable,8312.56675034886,3.5,29.959282103750837,-0.7924550499006291,lane_1,mainline,,normal,none,commit
BASIC-03,basic_long_dt_900,575,57.50000000000055,B03_MV,cav,not_applicable,7245.993496053671,-3.5,0.0015928161334130939,4.0,on_ramp,on_ramp_mv,,normal,not_started,commit
BASIC-03,basic_long_dt_900,575,57.50000000000055,B03_CLV,cav,not_applicable,8358.00000000146,3.5,29.99999999938591,2.5587070240362663e-10,lane_1,mainline,,normal,none,commit
BASIC-03,basic_long_dt_900,575,57.50000000000055,B03_CFV,cav,not_applicable,8315.69730480213,0.0,30.000000008553396,-3.5639146744870233e-09,lane_2,mainline,,normal,none,commit
BASIC-03,basic_long_dt_900,575,57.50000000000055,B03_TLV_CFV,cav,not_applicable,8273.383219578514,3.5,30.03364915461404,0.3647771555643352,lane_1,mainline,,normal,none,commit
BASIC-03,basic_long_dt_900,575,57.50000000000055,B03_TLV_CLV,cav,not_applicable,8315.563467563372,3.5,29.967172145122603,0.0789004137176672,lane_1,mainline,,normal,none,commit
BASIC-03,basic_long_dt_900,576,57.60000000000055,B03_MV,cav,not_applicable,7245.993651527726,-3.5,0.0015547405451630358,4.0,on_ramp,on_ramp_mv,,normal,not_started,commit
BASIC-03,basic_long_dt_900,576,57.60000000000055,B03_CLV,cav,not_applicable,8361.000000001402,3.5,29.999999999410473,2.456360448377382e-10,lane_1,mainline,,normal,none,commit
BASIC-03,basic_long_dt_900,576,57.60000000000055,B03_CFV,cav,not_applicable,8318.69730480295,0.0,30.00000000821126,-3.4213584854114744e-09,lane_2,mainline,,normal,none,commit
BASIC-03,basic_long_dt_900,576,57.60000000000055,B03_TLV_CFV,cav,not_applicable,8276.37865994343,3.5,29.954403649160213,-0.7924550545382711,lane_1,mainline,,normal,none,commit
BASIC-03,basic_long_dt_900,576,57.60000000000055,B03_TLV_CLV,cav,not_applicable,8318.568103053996,3.5,30.046354906244957,0.791827611223546,lane_1,mainline,,normal,none,commit
BASIC-03,basic_long_dt_900,577,57.70000000000055,B03_MV,cav,not_applicable,7245.99380328524,-3.5,0.001517575137517036,4.0,on_ramp,on_ramp_mv,,normal,not_started,commit
BASIC-03,basic_long_dt_900,577,57.70000000000055,B03_CLV,cav,not_applicable,8364.000000001346,3.5,29.999999999434053,2.358106598876475e-10,lane_1,mainline,,normal,none,commit
BASIC-03,basic_long_dt_900,577,57.70000000000055,B03_CFV,cav,not_applicable,8321.697304803738,0.0,30.000000007882807,-3.2845036912476647e-09,lane_2,mainline,,normal,none,commit
BASIC-03,basic_long_dt_900,577,57.70000000000055,B03_TLV_CFV,cav,not_applicable,8279.374889312445,3.5,29.962293690152535,0.07890040992323277,lane_1,mainline,,normal,none,commit
BASIC-03,basic_long_dt_900,577,57.70000000000055,B03_TLV_CLV,cav,not_applicable,8321.568308043257,3.5,30.002049892617794,-0.44305013627164425,lane_1,mainline,,normal,none,commit
BASIC-03,basic_long_dt_900,578,57.80000000000055,B03_MV,cav,not_applicable,7245.993951415055,-3.5,0.001481298153087531,4.0,on_ramp,on_ramp_mv,,normal,not_started,commit
BASIC-03,basic_long_dt_900,578,57.80000000000055,B03_CLV,cav,not_applicable,8367.000000001291,3.5,29.99999999945669,2.2637891561316792e-10,lane_1,mainline,,normal,none,commit
BASIC-03,basic_long_dt_900,578,57.80000000000055,B03_CFV,cav,not_applicable,8324.697304804495,0.0,30.000000007567493,-3.1531229183201506e-09,lane_2,mainline,,normal,none,commit
BASIC-03,basic_long_dt_900,578,57.80000000000055,B03_TLV_CFV,cav,not_applicable,8282.379036957542,3.5,30.041476450964435,0.7918276081190087,lane_1,mainline,,normal,none,commit
BASIC-03,basic_long_dt_900,578,57.80000000000055,B03_TLV_CLV,cav,not_applicable,8324.572160804131,3.5,30.038527608741024,0.3647771612322911,lane_1,mainline,,normal,none,commit
BASIC-03,basic_long_dt_900,579,57.90000000000055,B03_MV,cav,not_applicable,7245.99409600389,-3.5,0.0014458883545336333,4.0,on_ramp,on_ramp_mv,,normal,not_started,commit
BASIC-03,basic_long_dt_900,579,57.90000000000055,B03_CLV,cav,not_applicable,8370.000000001239,3.5,29.999999999478423,2.1732375898864122e-10,lane_1,mainline,,normal,none,commit
BASIC-03,basic_long_dt_900,579,57.90000000000055,B03_CFV,cav,not_applicable,8327.69730480522,0.0,30.000000007264795,-3.026997319466318e-09,lane_2,mainline,,normal,none,commit
BASIC-03,basic_long_dt_900,579,57.90000000000055,B03_TLV_CFV,cav,not_applicable,8285.37875410125,3.5,29.997171437083264,-0.4430501388117202,lane_1,mainline,,normal,none,commit
BASIC-03,basic_long_dt_900,579,57.90000000000055,B03_TLV_CLV,cav,not_applicable,8327.568089014507,3.5,29.95928210375094,-0.7924550499008527,lane_1,mainline,,normal,none,commit
BASIC-03,basic_long_dt_900,580,58.000000000000554,B03_MV,cav,not_applicable,7245.994237136391,-3.5,0.0014113250119513032,4.0,on_ramp,on_ramp_mv,,normal,not_started,commit
BASIC-03,basic_long_dt_900,580,58.000000000000554,B03_CLV,cav,not_applicable,8373.000000001188,3.5,29.999999999499284,2.0863097915935214e-10,lane_1,mainline,,normal,none,commit
BASIC-03,basic_long_dt_900,580,58.000000000000554,B03_CFV,cav,not_applicable,8330.697304805917,0.0,30.000000006974204,-2.905917995121854e-09,lane_2,mainline,,normal,none,commit
BASIC-03,basic_long_dt_900,580,58.000000000000554,B03_TLV_CFV,cav,not_applicable,8288.382119016549,3.5,30.033649152998667,0.3647771591540472,lane_1,mainline,,normal,none,commit
BASIC-03,basic_long_dt_900,580,58.000000000000554,B03_TLV_CLV,cav,not_applicable,8330.564806229018,3.5,29.96717214512269,0.07890041371748424,lane_1,mainline,,normal,none,commit
BASIC-03,basic_long_dt_900,581,58.100000000000556,B03_MV,cav,not_applicable,7245.99437489518,-3.5,0.0013775878913505758,4.0,on_ramp,on_ramp_mv,,normal,not_started,commit
BASIC-03,basic_long_dt_900,581,58.100000000000556,B03_CLV,cav,not_applicable,8376.00000000114,3.5,29.999999999519314,2.0028636527058554e-10,lane_1,mainline,,normal,none,commit
BASIC-03,basic_long_dt_900,581,58.100000000000556,B03_CFV,cav,not_applicable,8333.697304806587,0.0,30.000000006695235,-2.789681730064331e-09,lane_2,mainline,,normal,none,commit
BASIC-03,basic_long_dt_900,581,58.100000000000556,B03_TLV_CFV,cav,not_applicable,8291.377559381333,3.5,29.954403647838543,-0.7924550516012341,lane_1,mainline,,normal,none,commit
BASIC-03,basic_long_dt_900,581,58.100000000000556,B03_TLV_CLV,cav,not_applicable,8333.569441719643,3.5,30.04635490624503,0.7918276112233962,lane_1,mainline,,normal,none,commit
BASIC-03,basic_long_dt_900,582,58.20000000000056,B03_MV,cav,not_applicable,7245.994509360904,-3.5,0.0013446572422631444,4.0,on_ramp,on_ramp_mv,,normal,not_started,commit
BASIC-03,basic_long_dt_900,582,58.20000000000056,B03_CLV,cav,not_applicable,8379.000000001095,3.5,29.99999999953854,1.9227428538215464e-10,lane_1,mainline,,normal,none,commit
BASIC-03,basic_long_dt_900,582,58.20000000000056,B03_CFV,cav,not_applicable,8336.697304807229,0.0,30.000000006427424,-2.67809383558415e-09,lane_2,mainline,,normal,none,commit
BASIC-03,basic_long_dt_900,582,58.20000000000056,B03_TLV_CFV,cav,not_applicable,8294.373788750241,3.5,29.96229368907117,0.0789004123262631,lane_1,mainline,,normal,none,commit
BASIC-03,basic_long_dt_900,582,58.20000000000056,B03_TLV_CLV,cav,not_applicable,8336.569646708904,3.5,30.00204989261785,-0.4430501362717667,lane_1,mainline,,normal,none,commit
BASIC-03,basic_long_dt_900,583,58.30000000000056,B03_MV,cav,not_applicable,7245.994640612283,-3.5,0.0013125137862195868,4.0,on_ramp,on_ramp_mv,,normal,not_started,commit
BASIC-03,basic_long_dt_900,583,58.30000000000056,B03_CLV,cav,not_applicable,8382.000000001051,3.5,29.999999999557,1.8458337081028733e-10,lane_1,mainline,,normal,none,commit
BASIC-03,basic_long_dt_900,583,58.30000000000056,B03_CFV,cav,not_applicable,8339.697304807845,0.0,30.00000000617033,-2.5709695705700145e-09,lane_2,mainline,,normal,none,commit
BASIC-03,basic_long_dt_900,583,58.30000000000056,B03_TLV_CFV,cav,not_applicable,8297.377936395249,3.5,30.04147645007968,0.7918276100851244,lane_1,mainline,,normal,none,commit
BASIC-03,basic_long_dt_900,583,58.30000000000056,B03_TLV_CLV,cav,not_applicable,8339.573499469778,3.5,30.03852760874107,0.36477716123219095,lane_1,mainline,,normal,none,commit
BASIC-03,basic_long_dt_900,584,58.40000000000056,B03_MV,cav,not_applicable,7245.994768726153,-3.5,0.0012811387056614147,4.0,on_ramp,on_ramp_mv,,normal,not_started,commit
BASIC-03,basic_long_dt_900,584,58.40000000000056,B03_CLV,cav,not_applicable,8385.00000000101,3.5,29.999999999574722,1.7719941070026836e-10,lane_1,mainline,,normal,none,commit
BASIC-03,basic_long_dt_900,584,58.40000000000056,B03_CFV,cav,not_applicable,8342.697304808438,0.0,30.000000005923514,-2.4681312993379836e-09,lane_2,mainline,,normal,none,commit
BASIC-03,basic_long_dt_900,584,58.40000000000056,B03_TLV_CFV,cav,not_applicable,8300.377653538884,3.5,29.997171436359373,-0.44305013720308006,lane_1,mainline,,normal,none,commit
BASIC-03,basic_long_dt_900,584,58.40000000000056,B03_TLV_CLV,cav,not_applicable,8342.569427680153,3.5,29.959282103750976,-0.7924550499009346,lane_1,mainline,,normal,none,commit
BASIC-03,basic_long_dt_900,585,58.50000000000056,B03_MV,cav,not_applicable,7245.994893777516,-3.5,0.0012505136330705313,4.0,on_ramp,on_ramp_mv,,normal,not_started,commit
BASIC-03,basic_long_dt_900,585,58.50000000000056,B03_CLV,cav,not_applicable,8388.00000000097,3.5,29.999999999591733,1.7011103636832559e-10,lane_1,mainline,,normal,none,commit
BASIC-03,basic_long_dt_900,585,58.50000000000056,B03_CFV,cav,not_applicable,8345.697304809008,0.0,30.000000005686573,-2.369405649460532e-09,lane_2,mainline,,normal,none,commit
BASIC-03,basic_long_dt_900,585,58.50000000000056,B03_TLV_CFV,cav,not_applicable,8303.381018454125,3.5,30.033649152406394,0.36477716047020725,lane_1,mainline,,normal,none,commit
BASIC-03,basic_long_dt_900,585,58.50000000000056,B03_TLV_CLV,cav,not_applicable,8345.566144894665,3.5,29.967172145122717,0.07890041371741718,lane_1,mainline,,normal,none,commit
BASIC-03,basic_long_dt_900,586,58.60000000000056,B03_MV,cav,not_applicable,7245.99501583958,-3.5,0.00122062063966387,4.0,on_ramp,on_ramp_mv,,normal,not_started,commit
BASIC-03,basic_long_dt_900,586,58.60000000000056,B03_CLV,cav,not_applicable,8391.00000000093,3.5,29.999999999608065,1.6330687913068688e-10,lane_1,mainline,,normal,none,commit
BASIC-03,basic_long_dt_900,586,58.60000000000056,B03_CFV,cav,not_applicable,8348.697304809553,0.0,30.00000000545911,-2.2746291961084355e-09,lane_2,mainline,,normal,none,commit
BASIC-03,basic_long_dt_900,586,58.60000000000056,B03_TLV_CFV,cav,not_applicable,8306.37645881886,3.5,29.954403647353956,-0.7924550505243758,lane_1,mainline,,normal,none,commit
BASIC-03,basic_long_dt_900,586,58.60000000000056,B03_TLV_CLV,cav,not_applicable,8348.57078038529,3.5,30.04635490624505,0.7918276112233413,lane_1,mainline,,normal,none,commit
BASIC-03,basic_long_dt_900,587,58.700000000000564,B03_MV,cav,not_applicable,7245.995134983803,-3.5,0.0011914422253924961,4.0,on_ramp,on_ramp_mv,,normal,not_started,commit
BASIC-03,basic_long_dt_900,587,58.700000000000564,B03_CLV,cav,not_applicable,8394.000000000891,3.5,29.999999999623743,1.567741492181085e-10,lane_1,mainline,,normal,none,commit
BASIC-03,basic_long_dt_900,587,58.700000000000564,B03_CFV,cav,not_applicable,8351.697304810077,0.0,30.000000005240747,-2.1836441987943547e-09,lane_2,mainline,,normal,none,commit
BASIC-03,basic_long_dt_900,587,58.700000000000564,B03_TLV_CFV,cav,not_applicable,8309.372688187728,3.5,29.962293688674688,0.07890041320732899,lane_1,mainline,,normal,none,commit
BASIC-03,basic_long_dt_900,587,58.700000000000564,B03_TLV_CLV,cav,not_applicable,8351.57098537455,3.5,30.00204989261787,-0.44305013627181156,lane_1,mainline,,normal,none,commit
BASIC-03,basic_long_dt_900,588,58.800000000000566,B03_MV,cav,not_applicable,7245.995251279934,-3.5,0.0011629613087232988,4.0,on_ramp,on_ramp_mv,,normal,not_started,commit
BASIC-03,basic_long_dt_900,588,58.800000000000566,B03_CLV,cav,not_applicable,8397.000000000855,3.5,29.999999999638792,1.5050289903228987e-10,lane_1,mainline,,normal,none,commit
BASIC-03,basic_long_dt_900,588,58.800000000000566,B03_CFV,cav,not_applicable,8354.697304810581,0.0,30.000000005031115,-2.0962986013728368e-09,lane_2,mainline,,normal,none,commit
BASIC-03,basic_long_dt_900,588,58.800000000000566,B03_TLV_CFV,cav,not_applicable,8312.376835832703,3.5,30.041476449755287,0.7918276108059965,lane_1,mainline,,normal,none,commit
BASIC-03,basic_long_dt_900,588,58.800000000000566,B03_TLV_CLV,cav,not_applicable,8354.574838135424,3.5,30.038527608741084,0.3647771612321542,lane_1,mainline,,normal,none,commit
BASIC-03,basic_long_dt_900,589,58.90000000000057,B03_MV,cav,not_applicable,7245.995364796056,-3.5,0.0011351612162032716,4.0,on_ramp,on_ramp_mv,,normal,not_started,commit
BASIC-03,basic_long_dt_900,589,58.90000000000057,B03_CLV,cav,not_applicable,8400.00000000082,3.5,29.99999999965324,1.444831809749303e-10,lane_1,mainline,,normal,none,commit
BASIC-03,basic_long_dt_900,589,58.90000000000057,B03_CFV,cav,not_applicable,8357.697304811065,0.0,30.00000000482987,-2.012446032040316e-09,lane_2,mainline,,normal,none,commit
BASIC-03,basic_long_dt_900,589,58.90000000000057,B03_TLV_CFV,cav,not_applicable,8315.376552976313,3.5,29.99717143609396,-0.4430501366132755,lane_1,mainline,,normal,none,commit
BASIC-03,basic_long_dt_900,589,58.90000000000057,B03_TLV_CLV,cav,not_applicable,8357.5707663458,3.5,29.959282103750986,-0.7924550499009646,lane_1,mainline,,normal,none,commit
BASIC-03,basic_long_dt_900,590,59.00000000000057,B03_MV,cav,not_applicable,7245.995475598623,-3.5,0.0011080256728934368,4.0,on_ramp,on_ramp_mv,,normal,not_started,commit
BASIC-03,basic_long_dt_900,590,59.00000000000057,B03_CLV,cav,not_applicable,8403.000000000788,3.5,29.99999999966711,1.3870362636225763e-10,lane_1,mainline,,normal,none,commit
BASIC-03,basic_long_dt_900,590,59.00000000000057,B03_CFV,cav,not_applicable,8360.697304811529,0.0,30.000000004636675,-1.9319486455060544e-09,lane_2,mainline,,normal,none,commit
BASIC-03,basic_long_dt_900,590,59.00000000000057,B03_TLV_CFV,cav,not_applicable,8318.379917891532,3.5,30.033649152189238,0.3647771609527746,lane_1,mainline,,normal,none,commit
BASIC-03,basic_long_dt_900,590,59.00000000000057,B03_TLV_CLV,cav,not_applicable,8360.567483560311,3.5,29.967172145122724,0.07890041371739265,lane_1,mainline,,normal,none,commit
BASIC-03,basic_long_dt_900,591,59.10000000000057,B03_MV,cav,not_applicable,7245.995583752502,-3.5,0.0010815387932375908,4.0,on_ramp,on_ramp_mv,,normal,not_started,commit
BASIC-03,basic_long_dt_900,591,59.10000000000057,B03_CLV,cav,not_applicable,8406.000000000755,3.5,29.999999999680426,1.3315570868144277e-10,lane_1,mainline,,normal,none,commit
BASIC-03,basic_long_dt_900,591,59.10000000000057,B03_CFV,cav,not_applicable,8363.697304811974,0.0,30.00000000445121,-1.8546700175647857e-09,lane_2,mainline,,normal,none,commit
BASIC-03,basic_long_dt_900,591,59.10000000000057,B03_TLV_CFV,cav,not_applicable,8321.37535825625,3.5,29.95440364717628,-0.792455050129548,lane_1,mainline,,normal,none,commit
BASIC-03,basic_long_dt_900,591,59.10000000000057,B03_TLV_CLV,cav,not_applicable,8363.572119050936,3.5,30.046354906245057,0.7918276112233212,lane_1,mainline,,normal,none,commit
BASIC-03,basic_long_dt_900,592,59.20000000000057,B03_MV,cav,not_applicable,7245.995689321009,-3.5,0.0010556850710614063,4.0,on_ramp,on_ramp_mv,,normal,not_started,commit
BASIC-03,basic_long_dt_900,592,59.20000000000057,B03_CLV,cav,not_applicable,8409.000000000724,3.5,29.99999999969321,1.2782948033418507e-10,lane_1,mainline,,normal,none,commit
BASIC-03,basic_long_dt_900,592,59.20000000000057,B03_CFV,cav,not_applicable,8366.697304812402,0.0,30.00000000427316,-1.7804836716095453e-09,lane_2,mainline,,normal,none,commit
BASIC-03,basic_long_dt_900,592,59.20000000000057,B03_TLV_CFV,cav,not_applicable,8324.371587625103,3.5,29.962293688529318,0.07890041353036992,lane_1,mainline,,normal,none,commit
BASIC-03,basic_long_dt_900,592,59.20000000000057,B03_TLV_CLV,cav,not_applicable,8366.572324040197,3.5,30.002049892617872,-0.4430501362718281,lane_1,mainline,,normal,none,commit
BASIC-03,basic_long_dt_900,593,59.30000000000057,B03_MV,cav,not_applicable,7245.995792365947,-3.5,0.001030449371093411,4.0,on_ramp,on_ramp_mv,,normal,not_started,commit
BASIC-03,basic_long_dt_900,593,59.30000000000057,B03_CLV,cav,not_applicable,8412.000000000695,3.5,29.99999999970548,1.2271641480765538e-10,lane_1,mainline,,normal,none,commit
BASIC-03,basic_long_dt_900,593,59.30000000000057,B03_CFV,cav,not_applicable,8369.697304812813,0.0,30.000000004102233,-1.7092645521188388e-09,lane_2,mainline,,normal,none,commit
BASIC-03,basic_long_dt_900,593,59.30000000000057,B03_TLV_CFV,cav,not_applicable,8327.375735270067,3.5,30.04147644963635,0.7918276110703026,lane_1,mainline,,normal,none,commit
BASIC-03,basic_long_dt_900,593,59.30000000000057,B03_TLV_CLV,cav,not_applicable,8369.57617680107,3.5,30.038527608741088,0.3647771612321407,lane_1,mainline,,normal,none,commit
BASIC-03,basic_long_dt_900,594,59.400000000000574,B03_MV,cav,not_applicable,7245.995892947639,-3.5,0.0010058169196163215,4.0,on_ramp,on_ramp_mv,,normal,not_started,commit
BASIC-03,basic_long_dt_900,594,59.400000000000574,B03_CLV,cav,not_applicable,8415.000000000666,3.5,29.99999999971726,1.178079855890246e-10,lane_1,mainline,,normal,none,commit
BASIC-03,basic_long_dt_900,594,59.400000000000574,B03_CFV,cav,not_applicable,8372.697304813208,0.0,30.000000003938144,-1.640893287913059e-09,lane_2,mainline,,normal,none,commit
BASIC-03,basic_long_dt_900,594,59.400000000000574,B03_TLV_CFV,cav,not_applicable,8330.375452413666,3.5,29.997171435996645,-0.44305013639702506,lane_1,mainline,,normal,none,commit
BASIC-03,basic_long_dt_900,594,59.400000000000574,B03_TLV_CLV,cav,not_applicable,8372.572105011446,3.5,29.95928210375099,-0.7924550499009757,lane_1,mainline,,normal,none,commit
BASIC-03,basic_long_dt_900,595,59.500000000000576,B03_MV,cav,not_applicable,7245.995991124969,-3.5,0.0009817732964228448,4.0,on_ramp,on_ramp_mv,,normal,not_started,commit
BASIC-03,basic_long_dt_900,595,59.500000000000576,B03_CLV,cav,not_applicable,8418.000000000638,3.5,29.99999999972857,1.1309566616546363e-10,lane_1,mainline,,normal,none,commit
BASIC-03,basic_long_dt_900,595,59.500000000000576,B03_CFV,cav,not_applicable,8375.697304813586,0.0,30.000000003780617,-1.5752576132399555e-09,lane_2,mainline,,normal,none,commit
BASIC-03,basic_long_dt_900,595,59.500000000000576,B03_TLV_CFV,cav,not_applicable,8333.378817328876,3.5,30.033649152109614,0.3647771611297068,lane_1,mainline,,normal,none,commit
BASIC-03,basic_long_dt_900,595,59.500000000000576,B03_TLV_CLV,cav,not_applicable,8375.568822225958,3.5,29.967172145122728,0.07890041371738354,lane_1,mainline,,normal,none,commit
BASIC-03,basic_long_dt_900,596,59.60000000000058,B03_MV,cav,not_applicable,7245.996086955412,-3.5,0.0009583044256844222,4.0,on_ramp,on_ramp_mv,,normal,not_started,commit
BASIC-03,basic_long_dt_900,596,59.60000000000058,B03_CLV,cav,not_applicable,8421.000000000613,3.5,29.999999999739426,1.0857235110961483e-10,lane_1,mainline,,normal,none,commit
BASIC-03,basic_long_dt_900,596,59.60000000000058,B03_CFV,cav,not_applicable,8378.69730481395,0.0,30.000000003629392,-1.5122466834327498e-09,lane_2,mainline,,normal,none,commit
BASIC-03,basic_long_dt_900,596,59.60000000000058,B03_TLV_CFV,cav,not_applicable,8336.374257693587,3.5,29.954403647111135,-0.7924550499847853,lane_1,mainline,,normal,none,commit
BASIC-03,basic_long_dt_900,596,59.60000000000058,B03_TLV_CLV,cav,not_applicable,8378.573457716582,3.5,30.04635490624506,0.7918276112233138,lane_1,mainline,,normal,none,commit
BASIC-03,basic_long_dt_900,597,59.70000000000058,B03_MV,cav,not_applicable,7245.996180495068,-3.5,0.0009353965683418511,4.0,on_ramp,on_ramp_mv,,normal,not_started,commit
BASIC-03,basic_long_dt_900,597,59.70000000000058,B03_CLV,cav,not_applicable,8424.000000000588,3.5,29.99999999974985,1.042295139086491e-10,lane_1,mainline,,normal,none,commit
BASIC-03,basic_long_dt_900,597,59.70000000000058,B03_CFV,cav,not_applicable,8381.697304814299,0.0,30.000000003484217,-1.451756759252021e-09,lane_2,mainline,,normal,none,commit
BASIC-03,basic_long_dt_900,597,59.70000000000058,B03_TLV_CFV,cav,not_applicable,8339.370487062435,3.5,29.962293688476016,0.07890041364881206,lane_1,mainline,,normal,none,commit
BASIC-03,basic_long_dt_900,597,59.70000000000058,B03_TLV_CLV,cav,not_applicable,8381.573662705843,3.5,30.002049892617876,-0.4430501362718341,lane_1,mainline,,normal,none,commit
BASIC-03,basic_long_dt_900,598,59.80000000000058,B03_MV,cav,not_applicable,7245.996271798699,-3.5,0.0009130363136262637,4.0,on_ramp,on_ramp_mv,,normal,not_started,commit
BASIC-03,basic_long_dt_900,598,59.80000000000058,B03_CLV,cav,not_applicable,8427.000000000564,3.5,29.999999999759854,1.0006004913520883e-10,lane_1,mainline,,normal,none,commit
BASIC-03,basic_long_dt_900,598,59.80000000000058,B03_CFV,cav,not_applicable,8384.697304814634,0.0,30.000000003344848,-1.393686943629291e-09,lane_2,mainline,,normal,none,commit
BASIC-03,basic_long_dt_900,598,59.80000000000058,B03_TLV_CFV,cav,not_applicable,8342.374634707394,3.5,30.041476449592736,0.7918276111672099,lane_1,mainline,,normal,none,commit
BASIC-03,basic_long_dt_900,598,59.80000000000058,B03_TLV_CLV,cav,not_applicable,8384.577515466717,3.5,30.038527608741088,0.36477716123213577,lane_1,mainline,,normal,none,commit
BASIC-03,basic_long_dt_900,599,59.90000000000058,B03_MV,cav,not_applicable,7245.996360919757,-3.5,0.0008912105712323373,4.0,on_ramp,on_ramp_mv,,normal,not_started,commit
BASIC-03,basic_long_dt_900,599,59.90000000000058,B03_CLV,cav,not_applicable,8430.00000000054,3.5,29.99999999976946,9.605827244740794e-11,lane_1,mainline,,normal,none,commit
BASIC-03,basic_long_dt_900,599,59.90000000000058,B03_CFV,cav,not_applicable,8387.697304814956,0.0,30.000000003211053,-1.337939181667025e-09,lane_2,mainline,,normal,none,commit
BASIC-03,basic_long_dt_900,599,59.90000000000058,B03_TLV_CFV,cav,not_applicable,8345.37435185099,3.5,29.99717143596096,-0.4430501363177374,lane_1,mainline,,normal,none,commit
BASIC-03,basic_long_dt_900,599,59.90000000000058,B03_TLV_CLV,cav,not_applicable,8387.573443677093,3.5,29.95928210375099,-0.7924550499009797,lane_1,mainline,,normal,none,commit
BASIC-03,basic_long_dt_900,600,60.00000000000058,B03_MV,cav,not_applicable,7245.996447910413,-3.5,0.0008699065637089153,4.0,on_ramp,on_ramp_mv,,normal,not_started,commit
BASIC-03,basic_long_dt_900,600,60.00000000000058,B03_CLV,cav,not_applicable,8433.000000000518,3.5,29.999999999778684,9.221565733241733e-11,lane_1,mainline,,normal,none,commit
BASIC-03,basic_long_dt_900,600,60.00000000000058,B03_CFV,cav,not_applicable,8390.697304815263,0.0,30.00000000308261,-1.2844211028095743e-09,lane_2,mainline,,normal,none,commit
BASIC-03,basic_long_dt_900,600,60.00000000000058,B03_TLV_CFV,cav,not_applicable,8348.377716766197,3.5,30.033649152080418,0.36477716119457854,lane_1,mainline,,normal,none,commit
BASIC-03,basic_long_dt_900,600,60.00000000000058,B03_TLV_CLV,cav,not_applicable,8390.570160891604,3.5,29.967172145122728,0.07890041371738032,lane_1,mainline,,normal,none,commit
BASIC-03,basic_long_dt_900,601,60.100000000000584,B03_MV,cav,not_applicable,7245.996532821595,-3.5,0.0008491118195018616,4.0,on_ramp,on_ramp_mv,,normal,not_started,commit
BASIC-03,basic_long_dt_900,601,60.100000000000584,B03_CLV,cav,not_applicable,8436.000000000497,3.5,29.999999999787537,8.852651944835088e-11,lane_1,mainline,,normal,none,commit
BASIC-03,basic_long_dt_900,601,60.100000000000584,B03_CFV,cav,not_applicable,8393.69730481556,0.0,30.000000002959307,-1.2330445997577045e-09,lane_2,mainline,,normal,none,commit
BASIC-03,basic_long_dt_900,601,60.100000000000584,B03_TLV_CFV,cav,not_applicable,8351.373157130905,3.5,29.954403647087247,-0.7924550499317085,lane_1,mainline,,normal,none,commit
BASIC-03,basic_long_dt_900,601,60.100000000000584,B03_TLV_CLV,cav,not_applicable,8393.574796382229,3.5,30.04635490624506,0.7918276112233111,lane_1,mainline,,normal,none,commit
BASIC-03,basic_long_dt_900,602,60.200000000000585,B03_MV,cav,not_applicable,7245.996615703011,-3.5,0.0008288141646924492,4.0,on_ramp,on_ramp_mv,,normal,not_started,commit
BASIC-03,basic_long_dt_900,602,60.200000000000585,B03_CLV,cav,not_applicable,8439.000000000477,3.5,29.999999999796035,8.498517445332255e-11,lane_1,mainline,,normal,none,commit
BASIC-03,basic_long_dt_900,602,60.200000000000585,B03_CFV,cav,not_applicable,8396.697304815843,0.0,30.000000002840935,-1.183722986297653e-09,lane_2,mainline,,normal,none,commit
BASIC-03,basic_long_dt_900,602,60.200000000000585,B03_TLV_CFV,cav,not_applicable,8354.369386499751,3.5,29.96229368845647,0.07890041369223866,lane_1,mainline,,normal,none,commit
BASIC-03,basic_long_dt_900,602,60.200000000000585,B03_TLV_CLV,cav,not_applicable,8396.57500137149,3.5,30.002049892617876,-0.4430501362718363,lane_1,mainline,,normal,none,commit
BASIC-03,basic_long_dt_900,603,60.30000000000059,B03_MV,cav,not_applicable,7245.9966966031825,-3.5,0.0008090017166924465,4.0,on_ramp,on_ramp_mv,,normal,not_started,commit
BASIC-03,basic_long_dt_900,603,60.30000000000059,B03_CLV,cav,not_applicable,8442.000000000457,3.5,29.999999999804192,8.158593800544623e-11,lane_1,mainline,,normal,none,commit
BASIC-03,basic_long_dt_900,603,60.30000000000059,B03_CFV,cav,not_applicable,8399.697304816116,0.0,30.000000002727297,-1.1363738394720714e-09,lane_2,mainline,,normal,none,commit
BASIC-03,basic_long_dt_900,603,60.30000000000059,B03_TLV_CFV,cav,not_applicable,8357.373534144708,3.5,30.041476449576745,0.7918276112027407,lane_1,mainline,,normal,none,commit
BASIC-03,basic_long_dt_900,603,60.30000000000059,B03_TLV_CLV,cav,not_applicable,8399.578854132364,3.5,30.038527608741088,0.364777161232134,lane_1,mainline,,normal,none,commit
BASIC-03,basic_long_dt_900,604,60.40000000000059,B03_MV,cav,not_applicable,7245.996775569471,-3.5,0.0007896628768521498,4.0,on_ramp,on_ramp_mv,,normal,not_started,commit
BASIC-03,basic_long_dt_900,604,60.40000000000059,B03_CLV,cav,not_applicable,8445.000000000438,3.5,29.999999999812026,7.832312576283584e-11,lane_1,mainline,,normal,none,commit
BASIC-03,basic_long_dt_900,604,60.40000000000059,B03_CFV,cav,not_applicable,8402.697304816378,0.0,30.000000002618204,-1.0909189995800262e-09,lane_2,mainline,,normal,none,commit
BASIC-03,basic_long_dt_900,604,60.40000000000059,B03_TLV_CFV,cav,not_applicable,8360.373251288303,3.5,29.997171435947877,-0.44305013628866663,lane_1,mainline,,normal,none,commit
BASIC-03,basic_long_dt_900,604,60.40000000000059,B03_TLV_CLV,cav,not_applicable,8402.57478234274,3.5,29.95928210375099,-0.7924550499009813,lane_1,mainline,,normal,none,commit
BASIC-03,basic_long_dt_900,605,60.50000000000059,B03_MV,cav,not_applicable,7245.996852648103,-3.5,0.0007707863235032367,4.0,on_ramp,on_ramp_mv,,normal,not_started,commit
BASIC-03,basic_long_dt_900,605,60.50000000000059,B03_CLV,cav,not_applicable,8448.00000000042,3.5,29.999999999819543,7.51896322981338e-11,lane_1,mainline,,normal,none,commit
BASIC-03,basic_long_dt_900,605,60.50000000000059,B03_CFV,cav,not_applicable,8405.69730481663,0.0,30.000000002513477,-1.0472817280060555e-09,lane_2,mainline,,normal,none,commit
BASIC-03,basic_long_dt_900,605,60.50000000000059,B03_TLV_CFV,cav,not_applicable,8363.37661620351,3.5,30.033649152069714,0.36477716121836373,lane_1,mainline,,normal,none,commit
BASIC-03,basic_long_dt_900,605,60.50000000000059,B03_TLV_CLV,cav,not_applicable,8405.57149955725,3.5,29.967172145122728,0.07890041371737899,lane_1,mainline,,normal,none,commit
BASIC-03,basic_long_dt_900,606,60.60000000000059,B03_MV,cav,not_applicable,7245.996927884204,-3.5,0.0007523610060886743,4.0,on_ramp,on_ramp_mv,,normal,not_started,commit
BASIC-03,basic_long_dt_900,606,60.60000000000059,B03_CLV,cav,not_applicable,8451.000000000402,3.5,29.999999999826763,7.218261544039707e-11,lane_1,mainline,,normal,none,commit
BASIC-03,basic_long_dt_900,606,60.60000000000059,B03_CFV,cav,not_applicable,8408.697304816871,0.0,30.00000000241294,-1.005390970476583e-09,lane_2,mainline,,normal,none,commit
BASIC-03,basic_long_dt_900,606,60.60000000000059,B03_TLV_CFV,cav,not_applicable,8366.372056568218,3.5,29.95440364707849,-0.7924550499122478,lane_1,mainline,,normal,none,commit
BASIC-03,basic_long_dt_900,606,60.60000000000059,B03_TLV_CLV,cav,not_applicable,8408.576135047875,3.5,30.04635490624506,0.7918276112233101,lane_1,mainline,,normal,none,commit
BASIC-03,basic_long_dt_900,607,60.70000000000059,B03_MV,cav,not_applicable,7245.997001321817,-3.5,0.000734376138205573,4.0,on_ramp,on_ramp_mv,,normal,not_started,commit
BASIC-03,basic_long_dt_900,607,60.70000000000059,B03_CLV,cav,not_applicable,8454.000000000386,3.5,29.99999999983369,6.929496976226801e-11,lane_1,mainline,,normal,none,commit
BASIC-03,basic_long_dt_900,607,60.70000000000059,B03_CFV,cav,not_applicable,8411.697304817102,0.0,30.000000002316423,-9.651756727180327e-10,lane_2,mainline,,normal,none,commit
BASIC-03,basic_long_dt_900,607,60.70000000000059,B03_TLV_CFV,cav,not_applicable,8369.368285937062,3.5,29.962293688449307,0.07890041370816092,lane_1,mainline,,normal,none,commit
BASIC-03,basic_long_dt_900,607,60.70000000000059,B03_TLV_CLV,cav,not_applicable,8411.576340037136,3.5,30.002049892617876,-0.4430501362718371,lane_1,mainline,,normal,none,commit
BASIC-03,basic_long_dt_900,608,60.800000000000594,B03_MV,cav,not_applicable,7245.997073003936,-3.5,0.0007168211908654512,4.0,on_ramp,on_ramp_mv,,normal,not_started,commit
BASIC-03,basic_long_dt_900,608,60.800000000000594,B03_CLV,cav,not_applicable,8457.00000000037,3.5,29.99999999984034,6.652385309280362e-11,lane_1,mainline,,normal,none,commit
BASIC-03,basic_long_dt_900,608,60.800000000000594,B03_CFV,cav,not_applicable,8414.697304817324,0.0,30.000000002223764,-9.265690437132434e-10,lane_2,mainline,,normal,none,commit
BASIC-03,basic_long_dt_900,608,60.800000000000594,B03_TLV_CFV,cav,not_applicable,8372.372433582019,3.5,30.041476449570883,0.7918276112157681,lane_1,mainline,,normal,none,commit
BASIC-03,basic_long_dt_900,608,60.800000000000594,B03_TLV_CLV,cav,not_applicable,8414.58019279801,3.5,30.038527608741088,0.36477716123213333,lane_1,mainline,,normal,none,commit
BASIC-03,basic_long_dt_900,609,60.900000000000595,B03_MV,cav,not_applicable,7245.997142972525,-3.5,0.0006996858870589647,4.0,on_ramp,on_ramp_mv,,normal,not_started,commit
BASIC-03,basic_long_dt_900,609,60.900000000000595,B03_CLV,cav,not_applicable,8460.000000000355,3.5,29.99999999984673,6.38635810901178e-11,lane_1,mainline,,normal,none,commit
BASIC-03,basic_long_dt_900,609,60.900000000000595,B03_CFV,cav,not_applicable,8417.697304817537,0.0,30.000000002134815,-8.895057135305251e-10,lane_2,mainline,,normal,none,commit
BASIC-03,basic_long_dt_900,609,60.900000000000595,B03_TLV_CFV,cav,not_applicable,8375.372150725612,3.5,29.99717143594308,-0.44305013627800793,lane_1,mainline,,normal,none,commit
BASIC-03,basic_long_dt_900,609,60.900000000000595,B03_TLV_CLV,cav,not_applicable,8417.576121008386,3.5,29.95928210375099,-0.7924550499009817,lane_1,mainline,,normal,none,commit
BASIC-03,basic_long_dt_900,610,61.0000000000006,B03_MV,cav,not_applicable,7245.997211268545,-3.5,0.0006829601952335825,4.0,on_ramp,on_ramp_mv,,normal,not_started,commit
BASIC-03,basic_long_dt_900,610,61.0000000000006,B03_CLV,cav,not_applicable,8463.00000000034,3.5,29.99999999985286,6.130846941232448e-11,lane_1,mainline,,normal,none,commit
BASIC-03,basic_long_dt_900,610,61.0000000000006,B03_CFV,cav,not_applicable,8420.697304817742,0.0,30.000000002049422,-8.539259965800739e-10,lane_2,mainline,,normal,none,commit
BASIC-03,basic_long_dt_900,610,61.0000000000006,B03_TLV_CFV,cav,not_applicable,8378.375515640819,3.5,30.033649152065788,0.3647771612270845,lane_1,mainline,,normal,none,commit
BASIC-03,basic_long_dt_900,610,61.0000000000006,B03_TLV_CLV,cav,not_applicable,8420.572838222897,3.5,29.967172145122728,0.07890041371737866,lane_1,mainline,,normal,none,commit
BASIC-03,basic_long_dt_900,611,61.1000000000006,B03_MV,cav,not_applicable,7245.997277931977,-3.5,0.0006666343238583157,4.0,on_ramp,on_ramp_mv,,normal,not_started,commit
BASIC-03,basic_long_dt_900,611,61.1000000000006,B03_CLV,cav,not_applicable,8466.000000000326,3.5,29.999999999858748,5.885567588848062e-11,lane_1,mainline,,normal,none,commit
BASIC-03,basic_long_dt_900,611,61.1000000000006,B03_CFV,cav,not_applicable,8423.697304817939,0.0,30.000000001967447,-8.197687861866144e-10,lane_2,mainline,,normal,none,commit
BASIC-03,basic_long_dt_900,611,61.1000000000006,B03_TLV_CFV,cav,not_applicable,8381.370956005527,3.5,29.954403647075278,-0.7924550499051126,lane_1,mainline,,normal,none,commit
BASIC-03,basic_long_dt_900,611,61.1000000000006,B03_TLV_CLV,cav,not_applicable,8423.577473713522,3.5,30.04635490624506,0.7918276112233098,lane_1,mainline,,normal,none,commit
BASIC-03,basic_long_dt_900,612,61.2000000000006,B03_MV,cav,not_applicable,7245.997343001848,-3.5,0.0006506987155536265,4.0,on_ramp,on_ramp_mv,,normal,not_started,commit
BASIC-03,basic_long_dt_900,612,61.2000000000006,B03_CLV,cav,not_applicable,8469.000000000313,3.5,29.999999999864396,5.650093726217165e-11,lane_1,mainline,,normal,none,commit
BASIC-03,basic_long_dt_900,612,61.2000000000006,B03_CFV,cav,not_applicable,8426.697304818128,0.0,30.00000000188875,-7.869786600167573e-10,lane_2,mainline,,normal,none,commit
BASIC-03,basic_long_dt_900,612,61.2000000000006,B03_TLV_CFV,cav,not_applicable,8384.36718537437,3.5,29.962293688446678,0.07890041371399881,lane_1,mainline,,normal,none,commit
BASIC-03,basic_long_dt_900,612,61.2000000000006,B03_TLV_CLV,cav,not_applicable,8426.577678702783,3.5,30.002049892617876,-0.4430501362718374,lane_1,mainline,,normal,none,commit
BASIC-03,basic_long_dt_900,613,61.3000000000006,B03_MV,cav,not_applicable,7245.997406516252,-3.5,0.0006351440412213348,4.0,on_ramp,on_ramp_mv,,normal,not_started,commit
BASIC-03,basic_long_dt_900,613,61.3000000000006,B03_CLV,cav,not_applicable,8472.0000000003,3.5,29.99999999986982,5.424141136245453e-11,lane_1,mainline,,normal,none,commit
BASIC-03,basic_long_dt_900,613,61.3000000000006,B03_CFV,cav,not_applicable,8429.69730481831,0.0,30.000000001813202,-7.555001957371133e-10,lane_2,mainline,,normal,none,commit
BASIC-03,basic_long_dt_900,613,61.3000000000006,B03_TLV_CFV,cav,not_applicable,8387.371333019328,3.5,30.041476449568734,0.7918276112205445,lane_1,mainline,,normal,none,commit
BASIC-03,basic_long_dt_900,613,61.3000000000006,B03_TLV_CLV,cav,not_applicable,8429.581531463657,3.5,30.038527608741088,0.36477716123213305,lane_1,mainline,,normal,none,commit
BASIC-03,basic_long_dt_900,614,61.4000000000006,B03_MV,cav,not_applicable,7245.997468512372,-3.5,0.000619961194609349,4.0,on_ramp,on_ramp_mv,,normal,not_started,commit
BASIC-03,basic_long_dt_900,614,61.4000000000006,B03_CLV,cav,not_applicable,8475.000000000287,3.5,29.99999999987503,5.2071413847443186e-11,lane_1,mainline,,normal,none,commit
BASIC-03,basic_long_dt_900,614,61.4000000000006,B03_CFV,cav,not_applicable,8432.697304818485,0.0,30.000000001740673,-7.252808131852363e-10,lane_2,mainline,,normal,none,commit
BASIC-03,basic_long_dt_900,614,61.4000000000006,B03_TLV_CFV,cav,not_applicable,8390.371050162921,3.5,29.997171435941322,-0.44305013627409995,lane_1,mainline,,normal,none,commit
BASIC-03,basic_long_dt_900,614,61.4000000000006,B03_TLV_CLV,cav,not_applicable,8432.577459674032,3.5,29.95928210375099,-0.7924550499009819,lane_1,mainline,,normal,none,commit
BASIC-03,basic_long_dt_900,615,61.500000000000604,B03_MV,cav,not_applicable,7245.9975290265,-3.5,0.0006051412875286271,4.0,on_ramp,on_ramp_mv,,normal,not_started,commit
BASIC-03,basic_long_dt_900,615,61.500000000000604,B03_CLV,cav,not_applicable,8478.000000000275,3.5,29.99999999988003,4.9988102546194573e-11,lane_1,mainline,,normal,none,commit
BASIC-03,basic_long_dt_900,615,61.500000000000604,B03_CFV,cav,not_applicable,8435.697304818652,0.0,30.000000001671047,-6.962693532841514e-10,lane_2,mainline,,normal,none,commit
BASIC-03,basic_long_dt_900,615,61.500000000000604,B03_TLV_CFV,cav,not_applicable,8393.374415078128,3.5,30.03364915206435,0.3647771612302819,lane_1,mainline,,normal,none,commit
BASIC-03,basic_long_dt_900,615,61.500000000000604,B03_TLV_CLV,cav,not_applicable,8435.574176888544,3.5,29.967172145122728,0.07890041371737855,lane_1,mainline,,normal,none,commit
BASIC-03,basic_long_dt_900,616,61.600000000000605,B03_MV,cav,not_applicable,7245.997588094065,-3.5,0.0005906756439830853,4.0,on_ramp,on_ramp_mv,,normal,not_started,commit
BASIC-03,basic_long_dt_900,616,61.600000000000605,B03_CLV,cav,not_applicable,8481.000000000264,3.5,29.999999999884828,4.798863528776565e-11,lane_1,mainline,,normal,none,commit
BASIC-03,basic_long_dt_900,616,61.600000000000605,B03_CFV,cav,not_applicable,8438.697304818812,0.0,30.000000001604207,-6.684189202132984e-10,lane_2,mainline,,normal,none,commit
BASIC-03,basic_long_dt_900,616,61.600000000000605,B03_TLV_CFV,cav,not_applicable,8396.369855442836,3.5,29.9544036470741,-0.7924550499024965,lane_1,mainline,,normal,none,commit
BASIC-03,basic_long_dt_900,616,61.600000000000605,B03_TLV_CLV,cav,not_applicable,8438.578812379168,3.5,30.04635490624506,0.7918276112233097,lane_1,mainline,,normal,none,commit
BASIC-03,basic_long_dt_900,617,61.70000000000061,B03_MV,cav,not_applicable,7245.997645749644,-3.5,0.0005765557953865596,4.0,on_ramp,on_ramp_mv,,normal,not_started,commit
BASIC-03,basic_long_dt_900,617,61.70000000000061,B03_CLV,cav,not_applicable,8484.000000000253,3.5,29.999999999889436,4.606874881574186e-11,lane_1,mainline,,normal,none,commit
BASIC-03,basic_long_dt_900,617,61.70000000000061,B03_CFV,cav,not_applicable,8441.697304818967,0.0,30.000000001540037,-6.416826181521174e-10,lane_2,mainline,,normal,none,commit
BASIC-03,basic_long_dt_900,617,61.70000000000061,B03_TLV_CFV,cav,not_applicable,8399.36608481168,3.5,29.962293688445712,0.07890041371613932,lane_1,mainline,,normal,none,commit
BASIC-03,basic_long_dt_900,617,61.70000000000061,B03_TLV_CLV,cav,not_applicable,8441.579017368429,3.5,30.002049892617876,-0.44305013627183754,lane_1,mainline,,normal,none,commit
BASIC-03,basic_long_dt_900,618,61.80000000000061,B03_MV,cav,not_applicable,7245.997702026992,-3.5,0.000562773475779768,4.0,on_ramp,on_ramp_mv,,normal,not_started,commit
BASIC-03,basic_long_dt_900,618,61.80000000000061,B03_CLV,cav,not_applicable,8487.000000000242,3.5,29.99999999989386,4.422560095918016e-11,lane_1,mainline,,normal,none,commit
BASIC-03,basic_long_dt_900,618,61.80000000000061,B03_CFV,cav,not_applicable,8444.697304819114,0.0,30.000000001478437,-6.160149723655196e-10,lane_2,mainline,,normal,none,commit
BASIC-03,basic_long_dt_900,618,61.80000000000061,B03_TLV_CFV,cav,not_applicable,8402.370232456637,3.5,30.04147644956794,0.7918276112222958,lane_1,mainline,,normal,none,commit
BASIC-03,basic_long_dt_900,618,61.80000000000061,B03_TLV_CLV,cav,not_applicable,8444.582870129303,3.5,30.038527608741088,0.364777161232133,lane_1,mainline,,normal,none,commit
BASIC-03,basic_long_dt_900,619,61.90000000000061,B03_MV,cav,not_applicable,7245.997756959054,-3.5,0.0005493206166124505,4.0,on_ramp,on_ramp_mv,,normal,not_started,commit
BASIC-03,basic_long_dt_900,619,61.90000000000061,B03_CLV,cav,not_applicable,8490.000000000231,3.5,29.999999999898105,4.245634954713751e-11,lane_1,mainline,,normal,none,commit
BASIC-03,basic_long_dt_900,619,61.90000000000061,B03_CFV,cav,not_applicable,8447.697304819256,0.0,30.0000000014193,-5.913747713748308e-10,lane_2,mainline,,normal,none,commit
BASIC-03,basic_long_dt_900,619,61.90000000000061,B03_TLV_CFV,cav,not_applicable,8405.36994960023,3.5,29.997171435940675,-0.443050136272667,lane_1,mainline,,normal,none,commit
BASIC-03,basic_long_dt_900,619,61.90000000000061,B03_TLV_CLV,cav,not_applicable,8447.578798339679,3.5,29.95928210375099,-0.792455049900982,lane_1,mainline,,normal,none,commit
BASIC-03,basic_long_dt_900,620,62.00000000000061,B03_MV,cav,not_applicable,7245.997810577988,-3.5,0.0005361893421777426,4.0,on_ramp,on_ramp_mv,,normal,not_started,commit
BASIC-03,basic_long_dt_900,620,62.00000000000061,B03_CLV,cav,not_applicable,8493.000000000222,3.5,29.99999999990218,4.075815240867087e-11,lane_1,mainline,,normal,none,commit
BASIC-03,basic_long_dt_900,620,62.00000000000061,B03_CFV,cav,not_applicable,8450.697304819392,0.0,30.000000001362526,-5.677193826159055e-10,lane_2,mainline,,normal,none,commit
BASIC-03,basic_long_dt_900,620,62.00000000000061,B03_TLV_CFV,cav,not_applicable,8408.373314515437,3.5,30.03364915206382,0.3647771612314543,lane_1,mainline,,normal,none,commit
BASIC-03,basic_long_dt_900,620,62.00000000000061,B03_TLV_CLV,cav,not_applicable,8450.57551555419,3.5,29.967172145122728,0.07890041371737844,lane_1,mainline,,normal,none,commit
BASIC-03,basic_long_dt_900,621,62.10000000000061,B03_MV,cav,not_applicable,7245.997862915185,-3.5,0.0005233719652639584,4.0,on_ramp,on_ramp_mv,,normal,not_started,commit
BASIC-03,basic_long_dt_900,621,62.10000000000061,B03_CLV,cav,not_applicable,8496.000000000213,3.5,29.99999999990609,3.91281673728372e-11,lane_1,mainline,,normal,none,commit
BASIC-03,basic_long_dt_900,621,62.10000000000061,B03_CFV,cav,not_applicable,8453.697304819523,0.0,30.000000001308024,-5.450104367810127e-10,lane_2,mainline,,normal,none,commit
BASIC-03,basic_long_dt_900,621,62.10000000000061,B03_TLV_CFV,cav,not_applicable,8411.368754880144,3.5,29.954403647073665,-0.7924550499015373,lane_1,mainline,,normal,none,commit
BASIC-03,basic_long_dt_900,621,62.10000000000061,B03_TLV_CLV,cav,not_applicable,8453.580151044815,3.5,30.04635490624506,0.7918276112233097,lane_1,mainline,,normal,none,commit
BASIC-03,basic_long_dt_900,622,62.200000000000614,B03_MV,cav,not_applicable,7245.997914001283,-3.5,0.0005108609823715528,4.0,on_ramp,on_ramp_mv,,normal,not_started,commit
BASIC-03,basic_long_dt_900,622,62.200000000000614,B03_CLV,cav,not_applicable,8499.000000000204,3.5,29.999999999909846,3.756355226869346e-11,lane_1,mainline,,normal,none,commit
BASIC-03,basic_long_dt_900,622,62.200000000000614,B03_CFV,cav,not_applicable,8456.697304819649,0.0,30.000000001255703,-5.232095645624213e-10,lane_2,mainline,,normal,none,commit
BASIC-03,basic_long_dt_900,622,62.200000000000614,B03_TLV_CFV,cav,not_applicable,8414.364984248989,3.5,29.962293688445357,0.07890041371692413,lane_1,mainline,,normal,none,commit
BASIC-03,basic_long_dt_900,622,62.200000000000614,B03_TLV_CLV,cav,not_applicable,8456.580356034076,3.5,30.002049892617876,-0.44305013627183754,lane_1,mainline,,normal,none,commit
BASIC-03,basic_long_dt_900,623,62.300000000000615,B03_MV,cav,not_applicable,7245.99796386619,-3.5,0.0004986490691474945,4.0,on_ramp,on_ramp_mv,,normal,not_started,commit
BASIC-03,basic_long_dt_900,623,62.300000000000615,B03_CLV,cav,not_applicable,8502.000000000195,3.5,29.999999999913452,3.606146492529661e-11,lane_1,mainline,,normal,none,commit
BASIC-03,basic_long_dt_900,623,62.300000000000615,B03_CFV,cav,not_applicable,8459.697304819769,0.0,30.000000001205475,-5.022812388233433e-10,lane_2,mainline,,normal,none,commit
BASIC-03,basic_long_dt_900,623,62.300000000000615,B03_TLV_CFV,cav,not_applicable,8417.369131893945,3.5,30.04147644956765,0.791827611222938,lane_1,mainline,,normal,none,commit
BASIC-03,basic_long_dt_900,623,62.300000000000615,B03_TLV_CLV,cav,not_applicable,8459.58420879495,3.5,30.038527608741088,0.364777161232133,lane_1,mainline,,normal,none,commit
BASIC-03,basic_long_dt_900,624,62.40000000000062,B03_MV,cav,not_applicable,7245.9980125390975,-3.5,0.00048672907647187097,4.0,on_ramp,on_ramp_mv,,normal,not_started,commit
BASIC-03,basic_long_dt_900,624,62.40000000000062,B03_CLV,cav,not_applicable,8505.000000000186,3.5,29.999999999916913,3.46190631717036e-11,lane_1,mainline,,normal,none,commit
BASIC-03,basic_long_dt_900,624,62.40000000000062,B03_CFV,cav,not_applicable,8462.697304819885,0.0,30.000000001157257,-4.821899324269907e-10,lane_2,mainline,,normal,none,commit
BASIC-03,basic_long_dt_900,624,62.40000000000062,B03_TLV_CFV,cav,not_applicable,8420.368849037539,3.5,29.997171435940437,-0.4430501362721416,lane_1,mainline,,normal,none,commit
BASIC-03,basic_long_dt_900,624,62.40000000000062,B03_TLV_CLV,cav,not_applicable,8462.580137005325,3.5,29.95928210375099,-0.792455049900982,lane_1,mainline,,normal,none,commit
BASIC-03,basic_long_dt_900,625,62.50000000000062,B03_MV,cav,not_applicable,7245.9980600485005,-3.5,0.0004750940261096723,4.0,on_ramp,on_ramp_mv,,normal,not_started,commit
BASIC-03,basic_long_dt_900,625,62.50000000000062,B03_CLV,cav,not_applicable,8508.000000000178,3.5,29.999999999920234,3.323492592244293e-11,lane_1,mainline,,normal,none,commit
BASIC-03,basic_long_dt_900,625,62.50000000000062,B03_CFV,cav,not_applicable,8465.697304819996,0.0,30.000000001110966,-4.6290296040751857e-10,lane_2,mainline,,normal,none,commit
BASIC-03,basic_long_dt_900,625,62.50000000000062,B03_TLV_CFV,cav,not_applicable,8423.372213952745,3.5,30.033649152063624,0.3647771612318842,lane_1,mainline,,normal,none,commit
BASIC-03,basic_long_dt_900,625,62.50000000000062,B03_TLV_CLV,cav,not_applicable,8465.576854219837,3.5,29.967172145122728,0.07890041371737844,lane_1,mainline,,normal,none,commit
BASIC-03,basic_long_dt_900,626,62.60000000000062,B03_MV,cav,not_applicable,7245.998106422211,-3.5,0.0004637371065799855,4.0,on_ramp,on_ramp_mv,,normal,not_started,commit
BASIC-03,basic_long_dt_900,626,62.60000000000062,B03_CLV,cav,not_applicable,8511.000000000171,3.5,29.999999999923425,3.190621100657154e-11,lane_1,mainline,,normal,none,commit
BASIC-03,basic_long_dt_900,626,62.60000000000062,B03_CFV,cav,not_applicable,8468.697304820103,0.0,30.000000001066528,-4.4438621671361036e-10,lane_2,mainline,,normal,none,commit
BASIC-03,basic_long_dt_900,626,62.60000000000062,B03_TLV_CFV,cav,not_applicable,8426.367654317453,3.5,29.954403647073505,-0.7924550499011855,lane_1,mainline,,normal,none,commit
BASIC-03,basic_long_dt_900,626,62.60000000000062,B03_TLV_CLV,cav,not_applicable,8468.581489710461,3.5,30.04635490624506,0.7918276112233097,lane_1,mainline,,normal,none,commit
BASIC-03,basic_long_dt_900,627,62.70000000000062,B03_MV,cav,not_applicable,7245.998151687378,-3.5,0.00045265166946001096,4.0,on_ramp,on_ramp_mv,,normal,not_started,commit
BASIC-03,basic_long_dt_900,627,62.70000000000062,B03_CLV,cav,not_applicable,8514.000000000164,3.5,29.999999999926487,3.06300762531464e-11,lane_1,mainline,,normal,none,commit
BASIC-03,basic_long_dt_900,627,62.70000000000062,B03_CFV,cav,not_applicable,8471.697304820205,0.0,30.000000001023867,-4.266112796358357e-10,lane_2,mainline,,normal,none,commit
BASIC-03,basic_long_dt_900,627,62.70000000000062,B03_TLV_CFV,cav,not_applicable,8429.363883686297,3.5,29.962293688445225,0.0789004137172119,lane_1,mainline,,normal,none,commit
BASIC-03,basic_long_dt_900,627,62.70000000000062,B03_TLV_CLV,cav,not_applicable,8471.581694699722,3.5,30.002049892617876,-0.44305013627183754,lane_1,mainline,,normal,none,commit
BASIC-03,basic_long_dt_900,628,62.80000000000062,B03_MV,cav,not_applicable,7245.9981958705,-3.5,0.00044183122503684566,4.0,on_ramp,on_ramp_mv,,normal,not_started,commit
BASIC-03,basic_long_dt_900,628,62.80000000000062,B03_CLV,cav,not_applicable,8517.000000000156,3.5,29.99999999992943,2.940510057669599e-11,lane_1,mainline,,normal,none,commit
BASIC-03,basic_long_dt_900,628,62.80000000000062,B03_CFV,cav,not_applicable,8474.697304820304,0.0,30.00000000098291,-4.0954688529382115e-10,lane_2,mainline,,normal,none,commit
BASIC-03,basic_long_dt_900,628,62.80000000000062,B03_TLV_CFV,cav,not_applicable,8432.368031331254,3.5,30.041476449567543,0.7918276112231734,lane_1,mainline,,normal,none,commit
BASIC-03,basic_long_dt_900,628,62.80000000000062,B03_TLV_CLV,cav,not_applicable,8474.585547460596,3.5,30.038527608741088,0.364777161232133,lane_1,mainline,,normal,none,commit
BASIC-03,basic_long_dt_900,629,62.900000000000624,B03_MV,cav,not_applicable,7245.998238997444,-3.5,0.00043126943861149957,4.0,on_ramp,on_ramp_mv,,normal,not_started,commit
BASIC-03,basic_long_dt_900,629,62.900000000000624,B03_CLV,cav,not_applicable,8520.00000000015,3.5,29.999999999932253,2.822844180627726e-11,lane_1,mainline,,normal,none,commit
BASIC-03,basic_long_dt_900,629,62.900000000000624,B03_CFV,cav,not_applicable,8477.697304820398,0.0,30.000000000943594,-3.9316461197813624e-10,lane_2,mainline,,normal,none,commit
BASIC-03,basic_long_dt_900,629,62.900000000000624,B03_TLV_CFV,cav,not_applicable,8435.367748474848,3.5,29.99717143594035,-0.443050136271949,lane_1,mainline,,normal,none,commit
BASIC-03,basic_long_dt_900,629,62.900000000000624,B03_TLV_CLV,cav,not_applicable,8477.581475670971,3.5,29.95928210375099,-0.792455049900982,lane_1,mainline,,normal,none,commit
BASIC-03,basic_long_dt_900,630,63.000000000000625,B03_MV,cav,not_applicable,7245.998281093456,-3.5,0.00042096012723773327,4.0,on_ramp,on_ramp_mv,,normal,not_started,commit
BASIC-03,basic_long_dt_900,630,63.000000000000625,B03_CLV,cav,not_applicable,8523.000000000142,3.5,29.999999999934964,2.7098678856418702e-11,lane_1,mainline,,normal,none,commit
BASIC-03,basic_long_dt_900,630,63.000000000000625,B03_CFV,cav,not_applicable,8480.697304820489,0.0,30.00000000090585,-3.774374590648222e-10,lane_2,mainline,,normal,none,commit
BASIC-03,basic_long_dt_900,630,63.000000000000625,B03_TLV_CFV,cav,not_applicable,8438.371113390054,3.5,30.033649152063553,0.3647771612320418,lane_1,mainline,,normal,none,commit
BASIC-03,basic_long_dt_900,630,63.000000000000625,B03_TLV_CLV,cav,not_applicable,8480.578192885483,3.5,29.967172145122728,0.07890041371737844,lane_1,mainline,,normal,none,commit
BASIC-03,basic_long_dt_900,631,63.10000000000063,B03_MV,cav,not_applicable,7245.998322183182,-3.5,0.00041089725559125234,4.0,on_ramp,on_ramp_mv,,normal,not_started,commit
BASIC-03,basic_long_dt_900,631,63.10000000000063,B03_CLV,cav,not_applicable,8526.000000000136,3.5,29.999999999937565,2.601439064164879e-11,lane_1,mainline,,normal,none,commit
BASIC-03,basic_long_dt_900,631,63.10000000000063,B03_CFV,cav,not_applicable,8483.697304820576,0.0,30.000000000869615,-3.623398470153916e-10,lane_2,mainline,,normal,none,commit
BASIC-03,basic_long_dt_900,631,63.10000000000063,B03_TLV_CFV,cav,not_applicable,8441.366553754762,3.5,29.95440364707345,-0.7924550499010566,lane_1,mainline,,normal,none,commit
BASIC-03,basic_long_dt_900,631,63.10000000000063,B03_TLV_CLV,cav,not_applicable,8483.582828376107,3.5,30.04635490624506,0.7918276112233097,lane_1,mainline,,normal,none,commit
BASIC-03,basic_long_dt_900,632,63.20000000000063,B03_MV,cav,not_applicable,7245.998362290675,-3.5,0.0004010749324911345,4.0,on_ramp,on_ramp_mv,,normal,not_started,commit
BASIC-03,basic_long_dt_900,632,63.20000000000063,B03_CLV,cav,not_applicable,8529.000000000131,3.5,29.999999999940062,2.4974156076496003e-11,lane_1,mainline,,normal,none,commit
BASIC-03,basic_long_dt_900,632,63.20000000000063,B03_CFV,cav,not_applicable,8486.69730482066,0.0,30.00000000083483,-3.4784619629135705e-10,lane_2,mainline,,normal,none,commit
BASIC-03,basic_long_dt_900,632,63.20000000000063,B03_TLV_CFV,cav,not_applicable,8444.362783123606,3.5,29.96229368844518,0.07890041371731737,lane_1,mainline,,normal,none,commit
BASIC-03,basic_long_dt_900,632,63.20000000000063,B03_TLV_CLV,cav,not_applicable,8486.583033365368,3.5,30.002049892617876,-0.44305013627183754,lane_1,mainline,,normal,none,commit
BASIC-03,basic_long_dt_900,633,63.30000000000063,B03_MV,cav,not_applicable,7245.998401439416,-3.5,0.00039148740785607805,4.0,on_ramp,on_ramp_mv,,normal,not_started,commit
BASIC-03,basic_long_dt_900,633,63.30000000000063,B03_CLV,cav,not_applicable,8532.000000000126,3.5,29.99999999994246,2.3975132990017302e-11,lane_1,mainline,,normal,none,commit
BASIC-03,basic_long_dt_900,633,63.30000000000063,B03_CFV,cav,not_applicable,8489.69730482074,0.0,30.00000000080144,-3.339323484397028e-10,lane_2,mainline,,normal,none,commit
BASIC-03,basic_long_dt_900,633,63.30000000000063,B03_TLV_CFV,cav,not_applicable,8447.366930768563,3.5,30.041476449567504,0.7918276112232597,lane_1,mainline,,normal,none,commit
BASIC-03,basic_long_dt_900,633,63.30000000000063,B03_TLV_CLV,cav,not_applicable,8489.586886126242,3.5,30.038527608741088,0.364777161232133,lane_1,mainline,,normal,none,commit
BASIC-03,basic_long_dt_900,634,63.40000000000063,B03_MV,cav,not_applicable,7245.998439652322,-3.5,0.000382129068791007,4.0,on_ramp,on_ramp_mv,,normal,not_started,commit
BASIC-03,basic_long_dt_900,634,63.40000000000063,B03_CLV,cav,not_applicable,8535.00000000012,3.5,29.999999999944762,2.3015900296741167e-11,lane_1,mainline,,normal,none,commit
BASIC-03,basic_long_dt_900,634,63.40000000000063,B03_CFV,cav,not_applicable,8492.697304820816,0.0,30.000000000769383,-3.205755660928844e-10,lane_2,mainline,,normal,none,commit
BASIC-03,basic_long_dt_900,634,63.40000000000063,B03_TLV_CFV,cav,not_applicable,8450.366647912157,3.5,29.997171435940317,-0.4430501362718784,lane_1,mainline,,normal,none,commit
BASIC-03,basic_long_dt_900,634,63.40000000000063,B03_TLV_CLV,cav,not_applicable,8492.582814336618,3.5,29.95928210375099,-0.792455049900982,lane_1,mainline,,normal,none,commit
BASIC-03,basic_long_dt_900,635,63.50000000000063,B03_MV,cav,not_applicable,7245.998476951766,-3.5,0.0003729944369781416,4.0,on_ramp,on_ramp_mv,,normal,not_started,commit
BASIC-03,basic_long_dt_900,635,63.50000000000063,B03_CLV,cav,not_applicable,8538.000000000115,3.5,29.999999999946972,2.2095036911196078e-11,lane_1,mainline,,normal,none,commit
BASIC-03,basic_long_dt_900,635,63.50000000000063,B03_CFV,cav,not_applicable,8495.697304820891,0.0,30.00000000073861,-3.0775311188335764e-10,lane_2,mainline,,normal,none,commit
BASIC-03,basic_long_dt_900,635,63.50000000000063,B03_TLV_CFV,cav,not_applicable,8453.370012827363,3.5,30.033649152063525,0.3647771612320995,lane_1,mainline,,normal,none,commit
BASIC-03,basic_long_dt_900,635,63.50000000000063,B03_TLV_CLV,cav,not_applicable,8495.57953155113,3.5,29.967172145122728,0.07890041371737844,lane_1,mainline,,normal,none,commit
BASIC-03,basic_long_dt_900,636,63.600000000000634,B03_MV,cav,not_applicable,7245.998513359583,-3.5,0.0003640781645461924,4.0,on_ramp,on_ramp_mv,,normal,not_started,commit
BASIC-03,basic_long_dt_900,636,63.600000000000634,B03_CLV,cav,not_applicable,8541.00000000011,3.5,29.999999999949093,2.1211121747910513e-11,lane_1,mainline,,normal,none,commit
BASIC-03,basic_long_dt_900,636,63.600000000000634,B03_CFV,cav,not_applicable,8498.697304820962,0.0,30.000000000709065,-2.9544366952904966e-10,lane_2,mainline,,normal,none,commit
BASIC-03,basic_long_dt_900,636,63.600000000000634,B03_TLV_CFV,cav,not_applicable,8456.365453192071,3.5,29.954403647073423,-0.7924550499010095,lane_1,mainline,,normal,none,commit
BASIC-03,basic_long_dt_900,636,63.600000000000634,B03_TLV_CLV,cav,not_applicable,8498.584167041754,3.5,30.04635490624506,0.7918276112233097,lane_1,mainline,,normal,none,commit
BASIC-03,basic_long_dt_900,637,63.700000000000635,B03_MV,cav,not_applicable,7245.998548897086,-3.5,0.00035537503167884163,4.0,on_ramp,on_ramp_mv,,normal,not_started,commit
BASIC-03,basic_long_dt_900,637,63.700000000000635,B03_CLV,cav,not_applicable,8544.000000000104,3.5,29.99999999995113,2.0362733721412952e-11,lane_1,mainline,,normal,none,commit
BASIC-03,basic_long_dt_900,637,63.700000000000635,B03_CFV,cav,not_applicable,8501.69730482103,0.0,30.000000000680703,-2.836259227478877e-10,lane_2,mainline,,normal,none,commit
BASIC-03,basic_long_dt_900,637,63.700000000000635,B03_TLV_CFV,cav,not_applicable,8459.361682560915,3.5,29.962293688445158,0.07890041371735601,lane_1,mainline,,normal,none,commit
BASIC-03,basic_long_dt_900,637,63.700000000000635,B03_TLV_CLV,cav,not_applicable,8501.584372031015,3.5,30.002049892617876,-0.44305013627183754,lane_1,mainline,,normal,none,commit
BASIC-03,basic_long_dt_900,638,63.80000000000064,B03_MV,cav,not_applicable,7245.99858358508,-3.5,0.00034687994357099155,4.0,on_ramp,on_ramp_mv,,normal,not_started,commit
BASIC-03,basic_long_dt_900,638,63.80000000000064,B03_CLV,cav,not_applicable,8547.000000000098,3.5,29.999999999953083,1.9548451746231878e-11,lane_1,mainline,,normal,none,commit
BASIC-03,basic_long_dt_900,638,63.80000000000064,B03_CFV,cav,not_applicable,8504.697304821095,0.0,30.000000000653475,-2.7228139742874194e-10,lane_2,mainline,,normal,none,commit
BASIC-03,basic_long_dt_900,638,63.80000000000064,B03_TLV_CFV,cav,not_applicable,8462.365830205872,3.5,30.041476449567487,0.7918276112232913,lane_1,mainline,,normal,none,commit
BASIC-03,basic_long_dt_900,638,63.80000000000064,B03_TLV_CLV,cav,not_applicable,8504.588224791889,3.5,30.038527608741088,0.364777161232133,lane_1,mainline,,normal,none,commit
BASIC-03,basic_long_dt_900,639,63.90000000000064,B03_MV,cav,not_applicable,7245.998617443873,-3.5,0.00033858792695019136,4.0,on_ramp,on_ramp_mv,,normal,not_started,commit
BASIC-03,basic_long_dt_900,639,63.90000000000064,B03_CLV,cav,not_applicable,8550.000000000095,3.5,29.99999999995496,1.8766854736895768e-11,lane_1,mainline,,normal,none,commit
BASIC-03,basic_long_dt_900,639,63.90000000000064,B03_CFV,cav,not_applicable,8507.697304821157,0.0,30.000000000627338,-2.613901983750111e-10,lane_2,mainline,,normal,none,commit
BASIC-03,basic_long_dt_900,639,63.90000000000064,B03_TLV_CFV,cav,not_applicable,8465.365547349465,3.5,29.997171435940302,-0.4430501362718525,lane_1,mainline,,normal,none,commit
BASIC-03,basic_long_dt_900,639,63.90000000000064,B03_TLV_CLV,cav,not_applicable,8507.584153002264,3.5,29.95928210375099,-0.792455049900982,lane_1,mainline,,normal,none,commit
BASIC-03,basic_long_dt_900,640,64.00000000000064,B03_MV,cav,not_applicable,7245.998650493286,-3.5,0.00033049412746770753,4.0,on_ramp,on_ramp_mv,,normal,not_started,commit
BASIC-03,basic_long_dt_900,640,64.00000000000064,B03_CLV,cav,not_applicable,8553.000000000091,3.5,29.99999999995676,1.8016521607933103e-11,lane_1,mainline,,normal,none,commit
BASIC-03,basic_long_dt_900,640,64.00000000000064,B03_CFV,cav,not_applicable,8510.697304821217,0.0,30.000000000602245,-2.50935272561037e-10,lane_2,mainline,,normal,none,commit
BASIC-03,basic_long_dt_900,640,64.00000000000064,B03_TLV_CFV,cav,not_applicable,8468.368912264672,3.5,30.033649152063514,0.36477716123212073,lane_1,mainline,,normal,none,commit
BASIC-03,basic_long_dt_900,640,64.00000000000064,B03_TLV_CLV,cav,not_applicable,8510.580870216776,3.5,29.967172145122728,0.07890041371737844,lane_1,mainline,,normal,none,commit
BASIC-03,basic_long_dt_900,641,64.10000000000063,B03_MV,cav,not_applicable,7245.998682752666,-3.5,0.00032259380665477225,4.0,on_ramp,on_ramp_mv,,normal,not_started,commit
BASIC-03,basic_long_dt_900,641,64.10000000000063,B03_CLV,cav,not_applicable,8556.000000000087,3.5,29.99999999995849,1.729603127387236e-11,lane_1,mainline,,normal,none,commit
BASIC-03,basic_long_dt_900,641,64.10000000000063,B03_CFV,cav,not_applicable,8513.697304821275,0.0,30.000000000578154,-2.408981458756898e-10,lane_2,mainline,,normal,none,commit
BASIC-03,basic_long_dt_900,641,64.10000000000063,B03_TLV_CFV,cav,not_applicable,8471.36435262938,3.5,29.954403647073416,-0.7924550499009921,lane_1,mainline,,normal,none,commit
BASIC-03,basic_long_dt_900,641,64.10000000000063,B03_TLV_CLV,cav,not_applicable,8513.5855057074,3.5,30.04635490624506,0.7918276112233097,lane_1,mainline,,normal,none,commit
BASIC-03,basic_long_dt_900,642,64.20000000000063,B03_MV,cav,not_applicable,7245.9987142409,-3.5,0.0003148823397484752,4.0,on_ramp,on_ramp_mv,,normal,not_started,commit
BASIC-03,basic_long_dt_900,642,64.20000000000063,B03_CLV,cav,not_applicable,8559.000000000084,3.5,29.99999999996015,1.6603962649242022e-11,lane_1,mainline,,normal,none,commit
BASIC-03,basic_long_dt_900,642,64.20000000000063,B03_CFV,cav,not_applicable,8516.697304821331,0.0,30.00000000055503,-2.3126176529331133e-10,lane_2,mainline,,normal,none,commit
BASIC-03,basic_long_dt_900,642,64.20000000000063,B03_TLV_CFV,cav,not_applicable,8474.360581998224,3.5,29.962293688445154,0.07890041371737011,lane_1,mainline,,normal,none,commit
BASIC-03,basic_long_dt_900,642,64.20000000000063,B03_TLV_CLV,cav,not_applicable,8516.585710696661,3.5,30.002049892617876,-0.44305013627183754,lane_1,mainline,,normal,none,commit
BASIC-03,basic_long_dt_900,643,64.30000000000062,B03_MV,cav,not_applicable,7245.998744976421,-3.5,0.00030735521221319053,4.0,on_ramp,on_ramp_mv,,normal,not_started,commit
BASIC-03,basic_long_dt_900,643,64.30000000000062,B03_CLV,cav,not_applicable,8562.00000000008,3.5,29.999999999961744,1.5940315734042088e-11,lane_1,mainline,,normal,none,commit
BASIC-03,basic_long_dt_900,643,64.30000000000062,B03_CFV,cav,not_applicable,8519.697304821384,0.0,30.00000000053283,-2.2201191995918635e-10,lane_2,mainline,,normal,none,commit
BASIC-03,basic_long_dt_900,643,64.30000000000062,B03_TLV_CFV,cav,not_applicable,8477.36472964318,3.5,30.041476449567483,0.7918276112233028,lane_1,mainline,,normal,none,commit
BASIC-03,basic_long_dt_900,643,64.30000000000062,B03_TLV_CLV,cav,not_applicable,8519.589563457535,3.5,30.038527608741088,0.364777161232133,lane_1,mainline,,normal,none,commit
BASIC-03,basic_long_dt_900,644,64.40000000000062,B03_MV,cav,not_applicable,7245.998774977223,-3.5,0.00030000801734905805,4.0,on_ramp,on_ramp_mv,,normal,not_started,commit
BASIC-03,basic_long_dt_900,644,64.40000000000062,B03_CLV,cav,not_applicable,8565.000000000076,3.5,29.999999999963276,1.5302248357329517e-11,lane_1,mainline,,normal,none,commit
BASIC-03,basic_long_dt_900,644,64.40000000000062,B03_CFV,cav,not_applicable,8522.697304821435,0.0,30.000000000511516,-2.1313155684765663e-10,lane_2,mainline,,normal,none,commit
BASIC-03,basic_long_dt_900,644,64.40000000000062,B03_TLV_CFV,cav,not_applicable,8480.364446786774,3.5,29.9971714359403,-0.4430501362718431,lane_1,mainline,,normal,none,commit
BASIC-03,basic_long_dt_900,644,64.40000000000062,B03_TLV_CLV,cav,not_applicable,8522.58549166791,3.5,29.95928210375099,-0.792455049900982,lane_1,mainline,,normal,none,commit
BASIC-03,basic_long_dt_900,645,64.50000000000061,B03_MV,cav,not_applicable,7245.998804260868,-3.5,0.0002928364541178747,4.0,on_ramp,on_ramp_mv,,normal,not_started,commit
BASIC-03,basic_long_dt_900,645,64.50000000000061,B03_CLV,cav,not_applicable,8568.000000000073,3.5,29.999999999964743,1.4689760519104312e-11,lane_1,mainline,,normal,none,commit
BASIC-03,basic_long_dt_900,645,64.50000000000061,B03_CFV,cav,not_applicable,8525.697304821484,0.0,30.000000000491056,-2.0460646510400695e-10,lane_2,mainline,,normal,none,commit
BASIC-03,basic_long_dt_900,645,64.50000000000061,B03_TLV_CFV,cav,not_applicable,8483.36781170198,3.5,30.03364915206351,0.36477716123212844,lane_1,mainline,,normal,none,commit
BASIC-03,basic_long_dt_900,645,64.50000000000061,B03_TLV_CLV,cav,not_applicable,8525.582208882422,3.5,29.967172145122728,0.07890041371737844,lane_1,mainline,,normal,none,commit
BASIC-03,basic_long_dt_900,646,64.6000000000006,B03_MV,cav,not_applicable,7245.998832844501,-3.5,0.0002858363238819326,4.0,on_ramp,on_ramp_mv,,normal,not_started,commit
BASIC-03,basic_long_dt_900,646,64.6000000000006,B03_CLV,cav,not_applicable,8571.00000000007,3.5,29.999999999966153,1.410285221936647e-11,lane_1,mainline,,normal,none,commit
BASIC-03,basic_long_dt_900,646,64.6000000000006,B03_CFV,cav,not_applicable,8528.697304821531,0.0,30.000000000471413,-1.964224338735221e-10,lane_2,mainline,,normal,none,commit
BASIC-03,basic_long_dt_900,646,64.6000000000006,B03_TLV_CFV,cav,not_applicable,8486.363252066689,3.5,29.954403647073413,-0.7924550499009857,lane_1,mainline,,normal,none,commit
BASIC-03,basic_long_dt_900,646,64.6000000000006,B03_TLV_CLV,cav,not_applicable,8528.586844373047,3.5,30.04635490624506,0.7918276112233097,lane_1,mainline,,normal,none,commit
BASIC-03,basic_long_dt_900,647,64.7000000000006,B03_MV,cav,not_applicable,7245.998860744853,-3.5,0.0002790035288821431,4.0,on_ramp,on_ramp_mv,,normal,not_started,commit
BASIC-03,basic_long_dt_900,647,64.7000000000006,B03_CLV,cav,not_applicable,8574.000000000065,3.5,29.999999999967507,1.353868128717295e-11,lane_1,mainline,,normal,none,commit
BASIC-03,basic_long_dt_900,647,64.7000000000006,B03_CFV,cav,not_applicable,8531.697304821577,0.0,30.000000000452555,-1.885652523014869e-10,lane_2,mainline,,normal,none,commit
BASIC-03,basic_long_dt_900,647,64.7000000000006,B03_TLV_CFV,cav,not_applicable,8489.359481435533,3.5,29.96229368844515,0.07890041371737544,lane_1,mainline,,normal,none,commit
BASIC-03,basic_long_dt_900,647,64.7000000000006,B03_TLV_CLV,cav,not_applicable,8531.587049362308,3.5,30.002049892617876,-0.44305013627183754,lane_1,mainline,,normal,none,commit
BASIC-03,basic_long_dt_900,648,64.8000000000006,B03_MV,cav,not_applicable,7245.99888797826,-3.5,0.0002723340689768747,4.0,on_ramp,on_ramp_mv,,normal,not_started,commit
BASIC-03,basic_long_dt_900,648,64.8000000000006,B03_CLV,cav,not_applicable,8577.000000000062,3.5,29.999999999968807,1.2997247722523753e-11,lane_1,mainline,,normal,none,commit
BASIC-03,basic_long_dt_900,648,64.8000000000006,B03_CFV,cav,not_applicable,8534.69730482162,0.0,30.000000000434454,-1.810221306186577e-10,lane_2,mainline,,normal,none,commit
BASIC-03,basic_long_dt_900,648,64.8000000000006,B03_TLV_CFV,cav,not_applicable,8492.36362908049,3.5,30.04147644956748,0.7918276112233071,lane_1,mainline,,normal,none,commit
BASIC-03,basic_long_dt_900,648,64.8000000000006,B03_TLV_CLV,cav,not_applicable,8534.590902123182,3.5,30.038527608741088,0.364777161232133,lane_1,mainline,,normal,none,commit
BASIC-03,basic_long_dt_900,649,64.90000000000059,B03_MV,cav,not_applicable,7245.998914560664,-3.5,0.00026582403946784474,4.0,on_ramp,on_ramp_mv,,normal,not_started,commit
BASIC-03,basic_long_dt_900,649,64.90000000000059,B03_CLV,cav,not_applicable,8580.000000000058,3.5,29.999999999970054,1.247713043994736e-11,lane_1,mainline,,normal,none,commit
BASIC-03,basic_long_dt_900,649,64.90000000000059,B03_CFV,cav,not_applicable,8537.697304821662,0.0,30.000000000417074,-1.7378170014126228e-10,lane_2,mainline,,normal,none,commit
BASIC-03,basic_long_dt_900,649,64.90000000000059,B03_TLV_CFV,cav,not_applicable,8495.363346224083,3.5,29.997171435940295,-0.44305013627183953,lane_1,mainline,,normal,none,commit
BASIC-03,basic_long_dt_900,649,64.90000000000059,B03_TLV_CLV,cav,not_applicable,8537.586830333557,3.5,29.95928210375099,-0.792455049900982,lane_1,mainline,,normal,none,commit
BASIC-03,basic_long_dt_900,650,65.00000000000058,B03_MV,cav,not_applicable,7245.998940507627,-3.5,0.0002594696295782437,4.0,on_ramp,on_ramp_mv,,normal,not_started,commit
BASIC-03,basic_long_dt_900,650,65.00000000000058,B03_CLV,cav,not_applicable,8583.000000000055,3.5,29.99999999997125,1.197832943944377e-11,lane_1,mainline,,normal,none,commit
BASIC-03,basic_long_dt_900,650,65.00000000000058,B03_CFV,cav,not_applicable,8540.697304821702,0.0,30.00000000040039,-1.6682975001458545e-10,lane_2,mainline,,normal,none,commit
BASIC-03,basic_long_dt_900,650,65.00000000000058,B03_TLV_CFV,cav,not_applicable,8498.36671113929,3.5,30.033649152063507,0.36477716123213133,lane_1,mainline,,normal,none,commit
BASIC-03,basic_long_dt_900,650,65.00000000000058,B03_TLV_CLV,cav,not_applicable,8540.583547548069,3.5,29.967172145122728,0.07890041371737844,lane_1,mainline,,normal,none,commit
BASIC-03,basic_long_dt_900,651,65.10000000000058,B03_MV,cav,not_applicable,7245.998965834338,-3.5,0.00025326711919157306,4.0,on_ramp,on_ramp_mv,,normal,not_started,commit
BASIC-03,basic_long_dt_900,651,65.10000000000058,B03_CLV,cav,not_applicable,8586.000000000051,3.5,29.999999999972403,1.1499423635541462e-11,lane_1,mainline,,normal,none,commit
BASIC-03,basic_long_dt_900,651,65.10000000000058,B03_CFV,cav,not_applicable,8543.69730482174,0.0,30.000000000384375,-1.6015633264032658e-10,lane_2,mainline,,normal,none,commit
BASIC-03,basic_long_dt_900,651,65.10000000000058,B03_TLV_CFV,cav,not_applicable,8501.362151503998,3.5,29.95440364707341,-0.7924550499009835,lane_1,mainline,,normal,none,commit
BASIC-03,basic_long_dt_900,651,65.10000000000058,B03_TLV_CLV,cav,not_applicable,8543.588183038693,3.5,30.04635490624506,0.7918276112233097,lane_1,mainline,,normal,none,commit
BASIC-03,basic_long_dt_900,652,65.20000000000057,B03_MV,cav,not_applicable,7245.998990555626,-3.5,0.00024721287711235856,4.0,on_ramp,on_ramp_mv,,normal,not_started,commit
BASIC-03,basic_long_dt_900,652,65.20000000000057,B03_CLV,cav,not_applicable,8589.00000000005,3.5,29.999999999973507,1.1038991942768917e-11,lane_1,mainline,,normal,none,commit
BASIC-03,basic_long_dt_900,652,65.20000000000057,B03_CFV,cav,not_applicable,8546.697304821777,0.0,30.000000000369,-1.5375007933471353e-10,lane_2,mainline,,normal,none,commit
BASIC-03,basic_long_dt_900,652,65.20000000000057,B03_TLV_CFV,cav,not_applicable,8504.358380872842,3.5,29.962293688445147,0.07890041371737722,lane_1,mainline,,normal,none,commit
BASIC-03,basic_long_dt_900,652,65.20000000000057,B03_TLV_CLV,cav,not_applicable,8546.588388027954,3.5,30.002049892617876,-0.44305013627183754,lane_1,mainline,,normal,none,commit
BASIC-03,basic_long_dt_900,653,65.30000000000057,B03_MV,cav,not_applicable,7245.999014685962,-3.5,0.00024130335910945303,4.0,on_ramp,on_ramp_mv,,normal,not_started,commit
BASIC-03,basic_long_dt_900,653,65.30000000000057,B03_CLV,cav,not_applicable,8592.000000000047,3.5,29.999999999974566,1.0597034361126135e-11,lane_1,mainline,,normal,none,commit
BASIC-03,basic_long_dt_900,653,65.30000000000057,B03_CFV,cav,not_applicable,8549.697304821811,0.0,30.000000000354238,-1.475996214139741e-10,lane_2,mainline,,normal,none,commit
BASIC-03,basic_long_dt_900,653,65.30000000000057,B03_TLV_CFV,cav,not_applicable,8507.362528517799,3.5,30.04147644956748,0.7918276112233087,lane_1,mainline,,normal,none,commit
BASIC-03,basic_long_dt_900,653,65.30000000000057,B03_TLV_CLV,cav,not_applicable,8549.592240788828,3.5,30.038527608741088,0.364777161232133,lane_1,mainline,,normal,none,commit
BASIC-03,basic_long_dt_900,654,65.40000000000056,B03_MV,cav,not_applicable,7245.999038239473,-3.5,0.00023553510552451728,4.0,on_ramp,on_ramp_mv,,normal,not_started,commit
BASIC-03,basic_long_dt_900,654,65.40000000000056,B03_CLV,cav,not_applicable,8595.000000000045,3.5,29.999999999975582,1.0173550890613116e-11,lane_1,mainline,,normal,none,commit
BASIC-03,basic_long_dt_900,654,65.40000000000056,B03_CFV,cav,not_applicable,8552.697304821846,0.0,30.00000000034007,-1.4169501127980768e-10,lane_2,mainline,,normal,none,commit
BASIC-03,basic_long_dt_900,654,65.40000000000056,B03_TLV_CFV,cav,not_applicable,8510.362245661392,3.5,29.997171435940295,-0.4430501362718383,lane_1,mainline,,normal,none,commit
BASIC-03,basic_long_dt_900,654,65.40000000000056,B03_TLV_CLV,cav,not_applicable,8552.588168999204,3.5,29.95928210375099,-0.792455049900982,lane_1,mainline,,normal,none,commit
BASIC-03,basic_long_dt_900,655,65.50000000000055,B03_MV,cav,not_applicable,7245.999061229946,-3.5,0.0002299047395327336,4.0,on_ramp,on_ramp_mv,,normal,not_started,commit
BASIC-03,basic_long_dt_900,655,65.50000000000055,B03_CLV,cav,not_applicable,8598.000000000044,3.5,29.99999999997656,9.767120445758338e-12,lane_1,mainline,,normal,none,commit
BASIC-03,basic_long_dt_900,655,65.50000000000055,B03_CFV,cav,not_applicable,8555.697304821879,0.0,30.000000000326466,-1.360277224193851e-10,lane_2,mainline,,normal,none,commit
BASIC-03,basic_long_dt_900,655,65.50000000000055,B03_TLV_CFV,cav,not_applicable,8513.365610576599,3.5,30.033649152063507,0.36477716123213233,lane_1,mainline,,normal,none,commit
BASIC-03,basic_long_dt_900,655,65.50000000000055,B03_TLV_CLV,cav,not_applicable,8555.584886213715,3.5,29.967172145122728,0.07890041371737844,lane_1,mainline,,normal,none,commit
BASIC-03,basic_long_dt_900,656,65.60000000000055,B03_MV,cav,not_applicable,7245.999083670843,-3.5,0.0002244089651861084,4.0,on_ramp,on_ramp_mv,,normal,not_started,commit
BASIC-03,basic_long_dt_900,656,65.60000000000055,B03_CLV,cav,not_applicable,8601.000000000042,3.5,29.999999999977497,9.376321941090283e-12,lane_1,mainline,,normal,none,commit
BASIC-03,basic_long_dt_900,656,65.60000000000055,B03_CFV,cav,not_applicable,8558.69730482191,0.0,30.000000000313406,-1.3058638614893426e-10,lane_2,mainline,,normal,none,commit
BASIC-03,basic_long_dt_900,656,65.60000000000055,B03_TLV_CFV,cav,not_applicable,8516.361050941307,3.5,29.95440364707341,-0.7924550499009826,lane_1,mainline,,normal,none,commit
BASIC-03,basic_long_dt_900,656,65.60000000000055,B03_TLV_CLV,cav,not_applicable,8558.58952170434,3.5,30.04635490624506,0.7918276112233097,lane_1,mainline,,normal,none,commit
BASIC-03,basic_long_dt_900,657,65.70000000000054,B03_MV,cav,not_applicable,7245.9991055753,-3.5,0.00021904456480454235,4.0,on_ramp,on_ramp_mv,,normal,not_started,commit
BASIC-03,basic_long_dt_900,657,65.70000000000054,B03_CLV,cav,not_applicable,8604.00000000004,3.5,29.999999999978396,9.00115537660895e-12,lane_1,mainline,,normal,none,commit
BASIC-03,basic_long_dt_900,657,65.70000000000054,B03_CFV,cav,not_applicable,8561.69730482194,0.0,30.00000000030087,-1.25362475955626e-10,lane_2,mainline,,normal,none,commit
BASIC-03,basic_long_dt_900,657,65.70000000000054,B03_TLV_CFV,cav,not_applicable,8519.35728031015,3.5,29.962293688445147,0.07890041371737799,lane_1,mainline,,normal,none,commit
BASIC-03,basic_long_dt_900,657,65.70000000000054,B03_TLV_CLV,cav,not_applicable,8561.5897266936,3.5,30.002049892617876,-0.44305013627183754,lane_1,mainline,,normal,none,commit
BASIC-03,basic_long_dt_900,658,65.80000000000054,B03_MV,cav,not_applicable,7245.99912695614,-3.5,0.00021380839810618727,4.0,on_ramp,on_ramp_mv,,normal,not_started,commit
BASIC-03,basic_long_dt_900,658,65.80000000000054,B03_CLV,cav,not_applicable,8607.000000000038,3.5,29.99999999997926,8.641620752314339e-12,lane_1,mainline,,normal,none,commit
BASIC-03,basic_long_dt_900,658,65.80000000000054,B03_CFV,cav,not_applicable,8564.69730482197,0.0,30.000000000288836,-1.2034746532663122e-10,lane_2,mainline,,normal,none,commit
BASIC-03,basic_long_dt_900,658,65.80000000000054,B03_TLV_CFV,cav,not_applicable,8522.361427955108,3.5,30.04147644956748,0.7918276112233092,lane_1,mainline,,normal,none,commit
BASIC-03,basic_long_dt_900,658,65.80000000000054,B03_TLV_CLV,cav,not_applicable,8564.593579454475,3.5,30.038527608741088,0.364777161232133,lane_1,mainline,,normal,none,commit
BASIC-03,basic_long_dt_900,659,65.90000000000053,B03_MV,cav,not_applicable,7245.99914782588,-3.5,0.0002086973998159269,4.0,on_ramp,on_ramp_mv,,normal,not_started,commit
BASIC-03,basic_long_dt_900,659,65.90000000000053,B03_CLV,cav,not_applicable,8610.000000000036,3.5,29.99999999998009,8.29629698273493e-12,lane_1,mainline,,normal,none,commit
BASIC-03,basic_long_dt_900,659,65.90000000000053,B03_CFV,cav,not_applicable,8567.697304821997,0.0,30.000000000277282,-1.1553424883459229e-10,lane_2,mainline,,normal,none,commit
BASIC-03,basic_long_dt_900,659,65.90000000000053,B03_TLV_CFV,cav,not_applicable,8525.361145098701,3.5,29.997171435940295,-0.44305013627183787,lane_1,mainline,,normal,none,commit
BASIC-03,basic_long_dt_900,659,65.90000000000053,B03_TLV_CLV,cav,not_applicable,8567.58950766485,3.5,29.95928210375099,-0.792455049900982,lane_1,mainline,,normal,none,commit
BASIC-03,basic_long_dt_900,660,66.00000000000053,B03_MV,cav,not_applicable,7245.999168196738,-3.5,0.00020370857770867976,4.0,on_ramp,on_ramp_mv,,normal,not_started,commit
BASIC-03,basic_long_dt_900,660,66.00000000000053,B03_CLV,cav,not_applicable,8613.000000000035,3.5,29.999999999980886,7.963762982399203e-12,lane_1,mainline,,normal,none,commit
BASIC-03,basic_long_dt_900,660,66.00000000000053,B03_CFV,cav,not_applicable,8570.697304822024,0.0,30.00000000026619,-1.109128788812086e-10,lane_2,mainline,,normal,none,commit
BASIC-03,basic_long_dt_900,660,66.00000000000053,B03_TLV_CFV,cav,not_applicable,8528.364510013907,3.5,30.033649152063507,0.3647771612321327,lane_1,mainline,,normal,none,commit
BASIC-03,basic_long_dt_900,660,66.00000000000053,B03_TLV_CLV,cav,not_applicable,8570.586224879362,3.5,29.967172145122728,0.07890041371737844,lane_1,mainline,,normal,none,commit
BASIC-03,basic_long_dt_900,661,66.10000000000052,B03_MV,cav,not_applicable,7245.999188080638,-3.5,0.00019883901130493406,4.0,on_ramp,on_ramp_mv,,normal,not_started,commit
BASIC-03,basic_long_dt_900,661,66.10000000000052,B03_CLV,cav,not_applicable,8616.000000000033,3.5,29.99999999998165,7.645439836778678e-12,lane_1,mainline,,normal,none,commit
BASIC-03,basic_long_dt_900,661,66.10000000000052,B03_CFV,cav,not_applicable,8573.69730482205,0.0,30.000000000255543,-1.0647625003912254e-10,lane_2,mainline,,normal,none,commit
BASIC-03,basic_long_dt_900,661,66.10000000000052,B03_TLV_CFV,cav,not_applicable,8531.359950378615,3.5,29.95440364707341,-0.7924550499009823,lane_1,mainline,,normal,none,commit
BASIC-03,basic_long_dt_900,661,66.10000000000052,B03_TLV_CLV,cav,not_applicable,8573.590860369986,3.5,30.04635490624506,0.7918276112233097,lane_1,mainline,,normal,none,commit
BASIC-03,basic_long_dt_900,662,66.20000000000051,B03_MV,cav,not_applicable,7245.999207489223,-3.5,0.00019408584991405052,4.0,on_ramp,on_ramp_mv,,normal,not_started,commit
BASIC-03,basic_long_dt_900,662,66.20000000000051,B03_CLV,cav,not_applicable,8619.000000000031,3.5,29.999999999982386,7.339906460401835e-12,lane_1,mainline,,normal,none,commit
BASIC-03,basic_long_dt_900,662,66.20000000000051,B03_CFV,cav,not_applicable,8576.697304822073,0.0,30.000000000245322,-1.022172568809765e-10,lane_2,mainline,,normal,none,commit
BASIC-03,basic_long_dt_900,662,66.20000000000051,B03_TLV_CFV,cav,not_applicable,8534.35617974746,3.5,29.962293688445147,0.07890041371737821,lane_1,mainline,,normal,none,commit
BASIC-03,basic_long_dt_900,662,66.20000000000051,B03_TLV_CLV,cav,not_applicable,8576.591065359247,3.5,30.002049892617876,-0.44305013627183754,lane_1,mainline,,normal,none,commit
BASIC-03,basic_long_dt_900,663,66.30000000000051,B03_MV,cav,not_applicable,7245.999226433854,-3.5,0.0001894463106775649,4.0,on_ramp,on_ramp_mv,,normal,not_started,commit
BASIC-03,basic_long_dt_900,663,66.30000000000051,B03_CLV,cav,not_applicable,8622.00000000003,3.5,29.99999999998309,7.045741767797154e-12,lane_1,mainline,,normal,none,commit
BASIC-03,basic_long_dt_900,663,66.30000000000051,B03_CFV,cav,not_applicable,8579.697304822097,0.0,30.00000000023551,-9.812879397941289e-11,lane_2,mainline,,normal,none,commit
BASIC-03,basic_long_dt_900,663,66.30000000000051,B03_TLV_CFV,cav,not_applicable,8537.360327392416,3.5,30.04147644956748,0.7918276112233095,lane_1,mainline,,normal,none,commit
BASIC-03,basic_long_dt_900,663,66.30000000000051,B03_TLV_CLV,cav,not_applicable,8579.594918120121,3.5,30.038527608741088,0.364777161232133,lane_1,mainline,,normal,none,commit
BASIC-03,basic_long_dt_900,664,66.4000000000005,B03_MV,cav,not_applicable,7245.999244925622,-3.5,0.00018491767769954475,4.0,on_ramp,on_ramp_mv,,normal,not_started,commit
BASIC-03,basic_long_dt_900,664,66.4000000000005,B03_CLV,cav,not_applicable,8625.000000000027,3.5,29.999999999983764,6.764366844436154e-12,lane_1,mainline,,normal,none,commit
BASIC-03,basic_long_dt_900,664,66.4000000000005,B03_CFV,cav,not_applicable,8582.697304822119,0.0,30.000000000226088,-9.420375590707408e-11,lane_2,mainline,,normal,none,commit
BASIC-03,basic_long_dt_900,664,66.4000000000005,B03_TLV_CFV,cav,not_applicable,8540.36004453601,3.5,29.997171435940295,-0.44305013627183765,lane_1,mainline,,normal,none,commit
BASIC-03,basic_long_dt_900,664,66.4000000000005,B03_TLV_CLV,cav,not_applicable,8582.590846330497,3.5,29.95928210375099,-0.792455049900982,lane_1,mainline,,normal,none,commit
BASIC-03,basic_long_dt_900,665,66.5000000000005,B03_MV,cav,not_applicable,7245.999262975352,-3.5,0.00018049729965507037,4.0,on_ramp,on_ramp_mv,,normal,not_started,commit
BASIC-03,basic_long_dt_900,665,66.5000000000005,B03_CLV,cav,not_applicable,8628.000000000025,3.5,29.999999999984414,6.494360604847316e-12,lane_1,mainline,,normal,none,commit
BASIC-03,basic_long_dt_900,665,66.5000000000005,B03_CFV,cav,not_applicable,8585.69730482214,0.0,30.000000000217042,-9.043503723660251e-11,lane_2,mainline,,normal,none,commit
BASIC-03,basic_long_dt_900,665,66.5000000000005,B03_TLV_CFV,cav,not_applicable,8543.363409451216,3.5,30.033649152063507,0.3647771612321329,lane_1,mainline,,normal,none,commit
BASIC-03,basic_long_dt_900,665,66.5000000000005,B03_TLV_CLV,cav,not_applicable,8585.587563545008,3.5,29.967172145122728,0.07890041371737844,lane_1,mainline,,normal,none,commit
BASIC-03,basic_long_dt_900,666,66.60000000000049,B03_MV,cav,not_applicable,7245.999280593612,-3.5,0.0001761825889205917,4.0,on_ramp,on_ramp_mv,,normal,not_started,commit
BASIC-03,basic_long_dt_900,666,66.60000000000049,B03_CLV,cav,not_applicable,8631.000000000024,3.5,29.999999999985036,6.23430196355912e-12,lane_1,mainline,,normal,none,commit
BASIC-03,basic_long_dt_900,666,66.60000000000049,B03_CFV,cav,not_applicable,8588.69730482216,0.0,30.00000000020836,-8.681695362611209e-11,lane_2,mainline,,normal,none,commit
BASIC-03,basic_long_dt_900,666,66.60000000000049,B03_TLV_CFV,cav,not_applicable,8546.358849815924,3.5,29.95440364707341,-0.7924550499009821,lane_1,mainline,,normal,none,commit
BASIC-03,basic_long_dt_900,666,66.60000000000049,B03_TLV_CLV,cav,not_applicable,8588.592199035633,3.5,30.04635490624506,0.7918276112233097,lane_1,mainline,,normal,none,commit
BASIC-03,basic_long_dt_900,667,66.70000000000049,B03_MV,cav,not_applicable,7245.999297790714,-3.5,0.00017197101939981998,4.0,on_ramp,on_ramp_mv,,normal,not_started,commit
BASIC-03,basic_long_dt_900,667,66.70000000000049,B03_CLV,cav,not_applicable,8634.000000000022,3.5,29.999999999985633,5.985612006043085e-12,lane_1,mainline,,normal,none,commit
BASIC-03,basic_long_dt_900,667,66.70000000000049,B03_CFV,cav,not_applicable,8591.69730482218,0.0,30.000000000200025,-8.334382073371671e-11,lane_2,mainline,,normal,none,commit
BASIC-03,basic_long_dt_900,667,66.70000000000049,B03_TLV_CFV,cav,not_applicable,8549.355079184768,3.5,29.962293688445147,0.07890041371737833,lane_1,mainline,,normal,none,commit
BASIC-03,basic_long_dt_900,667,66.70000000000049,B03_TLV_CLV,cav,not_applicable,8591.592404024894,3.5,30.002049892617876,-0.44305013627183754,lane_1,mainline,,normal,none,commit
BASIC-03,basic_long_dt_900,668,66.80000000000048,B03_MV,cav,not_applicable,7245.999314576727,-3.5,0.00016786012565408448,4.0,on_ramp,on_ramp_mv,,normal,not_started,commit
BASIC-03,basic_long_dt_900,668,66.80000000000048,B03_CLV,cav,not_applicable,8637.00000000002,3.5,29.99999999998621,5.746869646827691e-12,lane_1,mainline,,normal,none,commit
BASIC-03,basic_long_dt_900,668,66.80000000000048,B03_CFV,cav,not_applicable,8594.6973048222,0.0,30.000000000192024,-8.000995421753033e-11,lane_2,mainline,,normal,none,commit
BASIC-03,basic_long_dt_900,668,66.80000000000048,B03_TLV_CFV,cav,not_applicable,8552.359226829725,3.5,30.04147644956748,0.7918276112233096,lane_1,mainline,,normal,none,commit
BASIC-03,basic_long_dt_900,668,66.80000000000048,B03_TLV_CLV,cav,not_applicable,8594.596256785768,3.5,30.038527608741088,0.364777161232133,lane_1,mainline,,normal,none,commit
BASIC-03,basic_long_dt_900,669,66.90000000000047,B03_MV,cav,not_applicable,7245.9993309614765,-3.5,0.00016384750116304615,4.0,on_ramp,on_ramp_mv,,normal,not_started,commit
BASIC-03,basic_long_dt_900,669,66.90000000000047,B03_CLV,cav,not_applicable,8640.000000000018,3.5,29.99999999998676,5.5166538004414185e-12,lane_1,mainline,,normal,none,commit
BASIC-03,basic_long_dt_900,669,66.90000000000047,B03_CFV,cav,not_applicable,8597.697304822219,0.0,30.000000000184343,-7.680966973566683e-11,lane_2,mainline,,normal,none,commit
BASIC-03,basic_long_dt_900,669,66.90000000000047,B03_TLV_CFV,cav,not_applicable,8555.358943973319,3.5,29.997171435940295,-0.44305013627183754,lane_1,mainline,,normal,none,commit
BASIC-03,basic_long_dt_900,669,66.90000000000047,B03_TLV_CLV,cav,not_applicable,8597.592184996143,3.5,29.95928210375099,-0.792455049900982,lane_1,mainline,,normal,none,commit
BASIC-03,basic_long_dt_900,670,67.00000000000047,B03_MV,cav,not_applicable,7245.999346954556,-3.5,0.00015993079680282163,4.0,on_ramp,on_ramp_mv,,normal,not_started,commit
BASIC-03,basic_long_dt_900,670,67.00000000000047,B03_CLV,cav,not_applicable,8643.000000000016,3.5,29.99999999998729,5.2963855523557874e-12,lane_1,mainline,,normal,none,commit
BASIC-03,basic_long_dt_900,670,67.00000000000047,B03_CFV,cav,not_applicable,8600.697304822237,0.0,30.000000000176968,-7.373728294624016e-11,lane_2,mainline,,normal,none,commit
BASIC-03,basic_long_dt_900,670,67.00000000000047,B03_TLV_CFV,cav,not_applicable,8558.362308888525,3.5,30.033649152063507,0.364777161232133,lane_1,mainline,,normal,none,commit
BASIC-03,basic_long_dt_900,670,67.00000000000047,B03_TLV_CLV,cav,not_applicable,8600.588902210655,3.5,29.967172145122728,0.07890041371737844,lane_1,mainline,,normal,none,commit
BASIC-03,basic_long_dt_900,671,67.10000000000046,B03_MV,cav,not_applicable,7245.999362565328,-3.5,0.0001561077195415186,4.0,on_ramp,on_ramp_mv,,normal,not_started,commit
BASIC-03,basic_long_dt_900,671,67.10000000000046,B03_CLV,cav,not_applicable,8646.000000000015,3.5,29.999999999987796,5.084643817099277e-12,lane_1,mainline,,normal,none,commit
BASIC-03,basic_long_dt_900,671,67.10000000000046,B03_CFV,cav,not_applicable,8603.697304822253,0.0,30.00000000016989,-7.078710950736423e-11,lane_2,mainline,,normal,none,commit
BASIC-03,basic_long_dt_900,671,67.10000000000046,B03_TLV_CFV,cav,not_applicable,8561.357749253233,3.5,29.95440364707341,-0.792455049900982,lane_1,mainline,,normal,none,commit
BASIC-03,basic_long_dt_900,671,67.10000000000046,B03_TLV_CLV,cav,not_applicable,8603.59353770128,3.5,30.04635490624506,0.7918276112233097,lane_1,mainline,,normal,none,commit
BASIC-03,basic_long_dt_900,672,67.20000000000046,B03_MV,cav,not_applicable,7245.999377802931,-3.5,0.00015237603135218148,4.0,on_ramp,on_ramp_mv,,normal,not_started,commit
BASIC-03,basic_long_dt_900,672,67.20000000000046,B03_CLV,cav,not_applicable,8649.000000000013,3.5,29.999999999988283,4.881428594671888e-12,lane_1,mainline,,normal,none,commit
BASIC-03,basic_long_dt_900,672,67.20000000000046,B03_CFV,cav,not_applicable,8606.69730482227,0.0,30.000000000163094,-6.795630724809598e-11,lane_2,mainline,,normal,none,commit
BASIC-03,basic_long_dt_900,672,67.20000000000046,B03_TLV_CFV,cav,not_applicable,8564.353978622077,3.5,29.962293688445147,0.07890041371737844,lane_1,mainline,,normal,none,commit
BASIC-03,basic_long_dt_900,672,67.20000000000046,B03_TLV_CLV,cav,not_applicable,8606.59374269054,3.5,30.002049892617876,-0.44305013627183754,lane_1,mainline,,normal,none,commit
BASIC-03,basic_long_dt_900,673,67.30000000000045,B03_MV,cav,not_applicable,7245.999392676285,-3.5,0.00014873354747350505,4.0,on_ramp,on_ramp_mv,,normal,not_started,commit
BASIC-03,basic_long_dt_900,673,67.30000000000045,B03_CLV,cav,not_applicable,8652.000000000011,3.5,29.999999999988752,4.686739885073621e-12,lane_1,mainline,,normal,none,commit
BASIC-03,basic_long_dt_900,673,67.30000000000045,B03_CFV,cav,not_applicable,8609.697304822286,0.0,30.00000000015657,-6.523777074107784e-11,lane_2,mainline,,normal,none,commit
BASIC-03,basic_long_dt_900,673,67.30000000000045,B03_TLV_CFV,cav,not_applicable,8567.358126267034,3.5,30.04147644956748,0.7918276112233097,lane_1,mainline,,normal,none,commit
BASIC-03,basic_long_dt_900,673,67.30000000000045,B03_TLV_CLV,cav,not_applicable,8609.597595451414,3.5,30.038527608741088,0.364777161232133,lane_1,mainline,,normal,none,commit
BASIC-03,basic_long_dt_900,674,67.40000000000045,B03_MV,cav,not_applicable,7245.999407194099,-3.5,0.00014517813575760184,4.0,on_ramp,on_ramp_mv,,normal,not_started,commit
BASIC-03,basic_long_dt_900,674,67.40000000000045,B03_CLV,cav,not_applicable,8655.00000000001,3.5,29.999999999989203,4.499156602832955e-12,lane_1,mainline,,normal,none,commit
BASIC-03,basic_long_dt_900,674,67.40000000000045,B03_CFV,cav,not_applicable,8612.6973048223,0.0,30.000000000150308,-6.262865781536676e-11,lane_2,mainline,,normal,none,commit
BASIC-03,basic_long_dt_900,674,67.40000000000045,B03_TLV_CFV,cav,not_applicable,8570.357843410628,3.5,29.997171435940295,-0.44305013627183754,lane_1,mainline,,normal,none,commit
BASIC-03,basic_long_dt_900,674,67.40000000000045,B03_TLV_CLV,cav,not_applicable,8612.59352366179,3.5,29.95928210375099,-0.792455049900982,lane_1,mainline,,normal,none,commit
BASIC-03,basic_long_dt_900,675,67.50000000000044,B03_MV,cav,not_applicable,7245.999421364871,-3.5,0.00014170771449589415,4.0,on_ramp,on_ramp_mv,,normal,not_started,commit
BASIC-03,basic_long_dt_900,675,67.50000000000044,B03_CLV,cav,not_applicable,8658.000000000007,3.5,29.999999999989637,4.3186787479498894e-12,lane_1,mainline,,normal,none,commit
BASIC-03,basic_long_dt_900,675,67.50000000000044,B03_CFV,cav,not_applicable,8615.697304822315,0.0,30.000000000144297,-6.012328412907664e-11,lane_2,mainline,,normal,none,commit
BASIC-03,basic_long_dt_900,675,67.50000000000044,B03_TLV_CFV,cav,not_applicable,8573.361208325834,3.5,30.033649152063507,0.364777161232133,lane_1,mainline,,normal,none,commit
BASIC-03,basic_long_dt_900,675,67.50000000000044,B03_TLV_CLV,cav,not_applicable,8615.590240876301,3.5,29.967172145122728,0.07890041371737844,lane_1,mainline,,normal,none,commit
BASIC-03,basic_long_dt_900,676,67.60000000000043,B03_MV,cav,not_applicable,7245.999435196896,-3.5,0.00013832025220170306,4.0,on_ramp,on_ramp_mv,,normal,not_started,commit
BASIC-03,basic_long_dt_900,676,67.60000000000043,B03_CLV,cav,not_applicable,8661.000000000005,3.5,29.999999999990052,4.145306320424424e-12,lane_1,mainline,,normal,none,commit
BASIC-03,basic_long_dt_900,676,67.60000000000043,B03_CFV,cav,not_applicable,8618.69730482233,0.0,30.000000000138524,-5.7718807511264463e-11,lane_2,mainline,,normal,none,commit
BASIC-03,basic_long_dt_900,676,67.60000000000043,B03_TLV_CFV,cav,not_applicable,8576.356648690542,3.5,29.95440364707341,-0.792455049900982,lane_1,mainline,,normal,none,commit
BASIC-03,basic_long_dt_900,676,67.60000000000043,B03_TLV_CLV,cav,not_applicable,8618.594876366926,3.5,30.04635490624506,0.7918276112233097,lane_1,mainline,,normal,none,commit
BASIC-03,basic_long_dt_900,677,67.70000000000043,B03_MV,cav,not_applicable,7245.999448698273,-3.5,0.00013501376565355118,4.0,on_ramp,on_ramp_mv,,normal,not_started,commit
BASIC-03,basic_long_dt_900,677,67.70000000000043,B03_CLV,cav,not_applicable,8664.000000000004,3.5,29.99999999999045,3.979039320256561e-12,lane_1,mainline,,normal,none,commit
BASIC-03,basic_long_dt_900,677,67.70000000000043,B03_CFV,cav,not_applicable,8621.697304822343,0.0,30.00000000013298,-5.540954362004414e-11,lane_2,mainline,,normal,none,commit
BASIC-03,basic_long_dt_900,677,67.70000000000043,B03_TLV_CFV,cav,not_applicable,8579.352878059386,3.5,29.962293688445147,0.07890041371737844,lane_1,mainline,,normal,none,commit
BASIC-03,basic_long_dt_900,677,67.70000000000043,B03_TLV_CLV,cav,not_applicable,8621.595081356187,3.5,30.002049892617876,-0.44305013627183754,lane_1,mainline,,normal,none,commit
BASIC-03,basic_long_dt_900,678,67.80000000000042,B03_MV,cav,not_applicable,7245.999461876905,-3.5,0.0001317863192429301,4.0,on_ramp,on_ramp_mv,,normal,not_started,commit
BASIC-03,basic_long_dt_900,678,67.80000000000042,B03_CLV,cav,not_applicable,8667.000000000002,3.5,29.999999999990834,3.819877747446299e-12,lane_1,mainline,,normal,none,commit
BASIC-03,basic_long_dt_900,678,67.80000000000042,B03_CFV,cav,not_applicable,8624.697304822355,0.0,30.000000000127663,-5.3192650284472625e-11,lane_2,mainline,,normal,none,commit
BASIC-03,basic_long_dt_900,678,67.80000000000042,B03_TLV_CFV,cav,not_applicable,8582.357025704343,3.5,30.04147644956748,0.7918276112233097,lane_1,mainline,,normal,none,commit
BASIC-03,basic_long_dt_900,678,67.80000000000042,B03_TLV_CLV,cav,not_applicable,8624.59893411706,3.5,30.038527608741088,0.364777161232133,lane_1,mainline,,normal,none,commit
BASIC-03,basic_long_dt_900,679,67.90000000000042,B03_MV,cav,not_applicable,7245.999474740507,-3.5,0.0001286360236698356,4.0,on_ramp,on_ramp_mv,,normal,not_started,commit
BASIC-03,basic_long_dt_900,679,67.90000000000042,B03_CLV,cav,not_applicable,8670.000000000002,3.5,29.9999999999912,3.666400516522117e-12,lane_1,mainline,,normal,none,commit
BASIC-03,basic_long_dt_900,679,67.90000000000042,B03_CFV,cav,not_applicable,8627.697304822368,0.0,30.000000000122558,-5.106528533360688e-11,lane_2,mainline,,normal,none,commit
BASIC-03,basic_long_dt_900,679,67.90000000000042,B03_TLV_CFV,cav,not_applicable,8585.356742847936,3.5,29.997171435940295,-0.44305013627183754,lane_1,mainline,,normal,none,commit
BASIC-03,basic_long_dt_900,679,67.90000000000042,B03_TLV_CLV,cav,not_applicable,8627.594862327436,3.5,29.95928210375099,-0.792455049900982,lane_1,mainline,,normal,none,commit
BASIC-03,basic_long_dt_900,680,68.00000000000041,B03_MV,cav,not_applicable,7245.999487296611,-3.5,0.00012556103463830264,4.0,on_ramp,on_ramp_mv,,normal,not_started,commit
BASIC-03,basic_long_dt_900,680,68.00000000000041,B03_CLV,cav,not_applicable,8673.000000000002,3.5,29.99999999999155,3.5200287129555366e-12,lane_1,mainline,,normal,none,commit
BASIC-03,basic_long_dt_900,680,68.00000000000041,B03_CFV,cav,not_applicable,8630.697304822379,0.0,30.000000000117655,-4.9023185511032356e-11,lane_2,mainline,,normal,none,commit
BASIC-03,basic_long_dt_900,680,68.00000000000041,B03_TLV_CFV,cav,not_applicable,8588.360107763143,3.5,30.033649152063507,0.364777161232133,lane_1,mainline,,normal,none,commit
BASIC-03,basic_long_dt_900,680,68.00000000000041,B03_TLV_CLV,cav,not_applicable,8630.591579541948,3.5,29.967172145122728,0.07890041371737844,lane_1,mainline,,normal,none,commit
BASIC-03,basic_long_dt_900,681,68.1000000000004,B03_MV,cav,not_applicable,7245.999499552566,-3.5,0.00012255955176935138,4.0,on_ramp,on_ramp_mv,,normal,not_started,commit
BASIC-03,basic_long_dt_900,681,68.1000000000004,B03_CLV,cav,not_applicable,8676.000000000002,3.5,29.99999999999189,3.3793412512750366e-12,lane_1,mainline,,normal,none,commit
BASIC-03,basic_long_dt_900,681,68.1000000000004,B03_CFV,cav,not_applicable,8633.69730482239,0.0,30.000000000112948,-4.706208756033448e-11,lane_2,mainline,,normal,none,commit
BASIC-03,basic_long_dt_900,681,68.1000000000004,B03_TLV_CFV,cav,not_applicable,8591.35554812785,3.5,29.95440364707341,-0.792455049900982,lane_1,mainline,,normal,none,commit
BASIC-03,basic_long_dt_900,681,68.1000000000004,B03_TLV_CLV,cav,not_applicable,8633.596215032572,3.5,30.04635490624506,0.7918276112233097,lane_1,mainline,,normal,none,commit
BASIC-03,basic_long_dt_900,682,68.2000000000004,B03_MV,cav,not_applicable,7245.999511515548,-3.5,0.00011962981816616542,4.0,on_ramp,on_ramp_mv,,normal,not_started,commit
BASIC-03,basic_long_dt_900,682,68.2000000000004,B03_CLV,cav,not_applicable,8679.000000000002,3.5,29.999999999992212,3.2443381314806176e-12,lane_1,mainline,,normal,none,commit
BASIC-03,basic_long_dt_900,682,68.2000000000004,B03_CFV,cav,not_applicable,8636.6973048224,0.0,30.00000000010843,-4.5179149310570214e-11,lane_2,mainline,,normal,none,commit
BASIC-03,basic_long_dt_900,682,68.2000000000004,B03_TLV_CFV,cav,not_applicable,8594.351777496695,3.5,29.962293688445147,0.07890041371737844,lane_1,mainline,,normal,none,commit
BASIC-03,basic_long_dt_900,682,68.2000000000004,B03_TLV_CLV,cav,not_applicable,8636.596420021833,3.5,30.002049892617876,-0.44305013627183754,lane_1,mainline,,normal,none,commit
BASIC-03,basic_long_dt_900,683,68.3000000000004,B03_MV,cav,not_applicable,7245.9995231925595,-3.5,0.00011677011845739454,4.0,on_ramp,on_ramp_mv,,normal,not_started,commit
BASIC-03,basic_long_dt_900,683,68.3000000000004,B03_CLV,cav,not_applicable,8682.000000000002,3.5,29.999999999992525,3.1150193535722795e-12,lane_1,mainline,,normal,none,commit
BASIC-03,basic_long_dt_900,683,68.3000000000004,B03_CFV,cav,not_applicable,8639.697304822412,0.0,30.00000000010409,-4.3371528590796515e-11,lane_2,mainline,,normal,none,commit
BASIC-03,basic_long_dt_900,683,68.3000000000004,B03_TLV_CFV,cav,not_applicable,8597.355925141652,3.5,30.04147644956748,0.7918276112233097,lane_1,mainline,,normal,none,commit
BASIC-03,basic_long_dt_900,683,68.3000000000004,B03_TLV_CLV,cav,not_applicable,8639.600272782707,3.5,30.038527608741088,0.364777161232133,lane_1,mainline,,normal,none,commit
BASIC-03,basic_long_dt_900,684,68.40000000000039,B03_MV,cav,not_applicable,7245.999534590437,-3.5,0.00011397877879715464,4.0,on_ramp,on_ramp_mv,,normal,not_started,commit
BASIC-03,basic_long_dt_900,684,68.40000000000039,B03_CLV,cav,not_applicable,8685.000000000002,3.5,29.999999999992824,2.9899638320785017e-12,lane_1,mainline,,normal,none,commit
BASIC-03,basic_long_dt_900,684,68.40000000000039,B03_CFV,cav,not_applicable,8642.69730482242,0.0,30.000000000099927,-4.163638323007035e-11,lane_2,mainline,,normal,none,commit
BASIC-03,basic_long_dt_900,684,68.40000000000039,B03_TLV_CFV,cav,not_applicable,8600.355642285245,3.5,29.997171435940295,-0.44305013627183754,lane_1,mainline,,normal,none,commit
BASIC-03,basic_long_dt_900,684,68.40000000000039,B03_TLV_CLV,cav,not_applicable,8642.596200993083,3.5,29.95928210375099,-0.792455049900982,lane_1,mainline,,normal,none,commit
BASIC-03,basic_long_dt_900,685,68.50000000000038,B03_MV,cav,not_applicable,7245.999545715854,-3.5,0.00011125416490833044,4.0,on_ramp,on_ramp_mv,,normal,not_started,commit
BASIC-03,basic_long_dt_900,685,68.50000000000038,B03_CLV,cav,not_applicable,8688.000000000002,3.5,29.99999999999311,2.8705926524708048e-12,lane_1,mainline,,normal,none,commit
BASIC-03,basic_long_dt_900,685,68.50000000000038,B03_CFV,cav,not_applicable,8645.69730482243,0.0,30.00000000009593,-3.997087105744868e-11,lane_2,mainline,,normal,none,commit
BASIC-03,basic_long_dt_900,685,68.50000000000038,B03_TLV_CFV,cav,not_applicable,8603.359007200452,3.5,30.033649152063507,0.364777161232133,lane_1,mainline,,normal,none,commit
BASIC-03,basic_long_dt_900,685,68.50000000000038,B03_TLV_CLV,cav,not_applicable,8645.592918207594,3.5,29.967172145122728,0.07890041371737844,lane_1,mainline,,normal,none,commit
BASIC-03,basic_long_dt_900,686,68.60000000000038,B03_MV,cav,not_applicable,7245.9995565753225,-3.5,0.0001085946816477538,4.0,on_ramp,on_ramp_mv,,normal,not_started,commit
BASIC-03,basic_long_dt_900,686,68.60000000000038,B03_CLV,cav,not_applicable,8691.000000000002,3.5,29.99999999999339,2.7554847292776686e-12,lane_1,mainline,,normal,none,commit
BASIC-03,basic_long_dt_900,686,68.60000000000038,B03_CFV,cav,not_applicable,8648.697304822439,0.0,30.000000000092093,-3.8372149901988454e-11,lane_2,mainline,,normal,none,commit
BASIC-03,basic_long_dt_900,686,68.60000000000038,B03_TLV_CFV,cav,not_applicable,8606.35444756516,3.5,29.95440364707341,-0.792455049900982,lane_1,mainline,,normal,none,commit
BASIC-03,basic_long_dt_900,686,68.60000000000038,B03_TLV_CLV,cav,not_applicable,8648.597553698219,3.5,30.04635490624506,0.7918276112233097,lane_1,mainline,,normal,none,commit
BASIC-03,basic_long_dt_900,687,68.70000000000037,B03_MV,cav,not_applicable,7245.999567175199,-3.5,0.00010599877213656047,4.0,on_ramp,on_ramp_mv,,normal,not_started,commit
BASIC-03,basic_long_dt_900,687,68.70000000000037,B03_CLV,cav,not_applicable,8694.000000000002,3.5,29.99999999999365,2.6446400624990932e-12,lane_1,mainline,,normal,none,commit
BASIC-03,basic_long_dt_900,687,68.70000000000037,B03_CFV,cav,not_applicable,8651.697304822448,0.0,30.00000000008841,-3.683737759274664e-11,lane_2,mainline,,normal,none,commit
BASIC-03,basic_long_dt_900,687,68.70000000000037,B03_TLV_CFV,cav,not_applicable,8609.350676934004,3.5,29.962293688445147,0.07890041371737844,lane_1,mainline,,normal,none,commit
BASIC-03,basic_long_dt_900,687,68.70000000000037,B03_TLV_CLV,cav,not_applicable,8651.59775868748,3.5,30.002049892617876,-0.44305013627183754,lane_1,mainline,,normal,none,commit
BASIC-03,basic_long_dt_900,688,68.80000000000037,B03_MV,cav,not_applicable,7245.999577521691,-3.5,0.0001034649168905468,4.0,on_ramp,on_ramp_mv,,normal,not_started,commit
BASIC-03,basic_long_dt_900,688,68.80000000000037,B03_CLV,cav,not_applicable,8697.000000000002,3.5,29.999999999993904,2.5394797376065983e-12,lane_1,mainline,,normal,none,commit
BASIC-03,basic_long_dt_900,688,68.80000000000037,B03_CFV,cav,not_applicable,8654.697304822457,0.0,30.000000000084874,-3.5363711958780186e-11,lane_2,mainline,,normal,none,commit
BASIC-03,basic_long_dt_900,688,68.80000000000037,B03_TLV_CFV,cav,not_applicable,8612.35482457896,3.5,30.04147644956748,0.7918276112233097,lane_1,mainline,,normal,none,commit
BASIC-03,basic_long_dt_900,688,68.80000000000037,B03_TLV_CLV,cav,not_applicable,8654.601611448354,3.5,30.038527608741088,0.364777161232133,lane_1,mainline,,normal,none,commit
BASIC-03,basic_long_dt_900,689,68.90000000000036,B03_MV,cav,not_applicable,7245.999587620854,-3.5,0.00010099163229829403,4.0,on_ramp,on_ramp_mv,,normal,not_started,commit
BASIC-03,basic_long_dt_900,689,68.90000000000036,B03_CLV,cav,not_applicable,8700.000000000002,3.5,29.99999999999415,2.438582669128664e-12,lane_1,mainline,,normal,none,commit
BASIC-03,basic_long_dt_900,689,68.90000000000036,B03_CFV,cav,not_applicable,8657.697304822465,0.0,30.000000000081478,-3.394973191461759e-11,lane_2,mainline,,normal,none,commit
BASIC-03,basic_long_dt_900,689,68.90000000000036,B03_TLV_CFV,cav,not_applicable,8615.354541722554,3.5,29.997171435940295,-0.44305013627183754,lane_1,mainline,,normal,none,commit
BASIC-03,basic_long_dt_900,689,68.90000000000036,B03_TLV_CLV,cav,not_applicable,8657.59753965873,3.5,29.95928210375099,-0.792455049900982,lane_1,mainline,,normal,none,commit
BASIC-03,basic_long_dt_900,690,69.00000000000036,B03_MV,cav,not_applicable,7245.999597478602,-3.5,9.857747062116831e-05,4.0,on_ramp,on_ramp_mv,,normal,not_started,commit
BASIC-03,basic_long_dt_900,690,69.00000000000036,B03_CLV,cav,not_applicable,8703.000000000002,3.5,29.999999999994383,2.3405277715937703e-12,lane_1,mainline,,normal,none,commit
BASIC-03,basic_long_dt_900,690,69.00000000000036,B03_CFV,cav,not_applicable,8660.697304822472,0.0,30.00000000007822,-3.2591174203844277e-11,lane_2,mainline,,normal,none,commit
BASIC-03,basic_long_dt_900,690,69.00000000000036,B03_TLV_CFV,cav,not_applicable,8618.35790663776,3.5,30.033649152063507,0.364777161232133,lane_1,mainline,,normal,none,commit
BASIC-03,basic_long_dt_900,690,69.00000000000036,B03_TLV_CLV,cav,not_applicable,8660.59425687324,3.5,29.967172145122728,0.07890041371737844,lane_1,mainline,,normal,none,commit
BASIC-03,basic_long_dt_900,691,69.10000000000035,B03_MV,cav,not_applicable,7245.9996071007035,-3.5,9.622101825403413e-05,4.0,on_ramp,on_ramp_mv,,normal,not_started,commit
BASIC-03,basic_long_dt_900,691,69.10000000000035,B03_CLV,cav,not_applicable,8706.000000000002,3.5,29.999999999994607,2.246736130473437e-12,lane_1,mainline,,normal,none,commit
BASIC-03,basic_long_dt_900,691,69.10000000000035,B03_CFV,cav,not_applicable,8663.697304822479,0.0,30.00000000007509,-3.1288038826460255e-11,lane_2,mainline,,normal,none,commit
BASIC-03,basic_long_dt_900,691,69.10000000000035,B03_TLV_CFV,cav,not_applicable,8621.353347002469,3.5,29.95440364707341,-0.792455049900982,lane_1,mainline,,normal,none,commit
BASIC-03,basic_long_dt_900,691,69.10000000000035,B03_TLV_CLV,cav,not_applicable,8663.598892363865,3.5,30.04635490624506,0.7918276112233097,lane_1,mainline,,normal,none,commit
BASIC-03,basic_long_dt_900,692,69.20000000000034,B03_MV,cav,not_applicable,7245.999616492793,-3.5,9.392089594266515e-05,4.0,on_ramp,on_ramp_mv,,normal,not_started,commit
BASIC-03,basic_long_dt_900,692,69.20000000000034,B03_CLV,cav,not_applicable,8709.000000000002,3.5,29.999999999994824,2.1572077457676643e-12,lane_1,mainline,,normal,none,commit
BASIC-03,basic_long_dt_900,692,69.20000000000034,B03_CFV,cav,not_applicable,8666.697304822486,0.0,30.000000000072088,-3.0036062526050954e-11,lane_2,mainline,,normal,none,commit
BASIC-03,basic_long_dt_900,692,69.20000000000034,B03_TLV_CFV,cav,not_applicable,8624.349576371313,3.5,29.962293688445147,0.07890041371737844,lane_1,mainline,,normal,none,commit
BASIC-03,basic_long_dt_900,692,69.20000000000034,B03_TLV_CLV,cav,not_applicable,8666.599097353126,3.5,30.002049892617876,-0.44305013627183754,lane_1,mainline,,normal,none,commit
BASIC-03,basic_long_dt_900,693,69.30000000000034,B03_MV,cav,not_applicable,7245.999625660369,-3.5,9.167575704445763e-05,4.0,on_ramp,on_ramp_mv,,normal,not_started,commit
BASIC-03,basic_long_dt_900,693,69.30000000000034,B03_CLV,cav,not_applicable,8712.000000000002,3.5,29.99999999999503,2.070521532004932e-12,lane_1,mainline,,normal,none,commit
BASIC-03,basic_long_dt_900,693,69.30000000000034,B03_CFV,cav,not_applicable,8669.697304822494,0.0,30.000000000069203,-2.8835245302616388e-11,lane_2,mainline,,normal,none,commit
BASIC-03,basic_long_dt_900,693,69.30000000000034,B03_TLV_CFV,cav,not_applicable,8627.35372401627,3.5,30.04147644956748,0.7918276112233097,lane_1,mainline,,normal,none,commit
BASIC-03,basic_long_dt_900,693,69.30000000000034,B03_TLV_CLV,cav,not_applicable,8669.602950114,3.5,30.038527608741088,0.364777161232133,lane_1,mainline,,normal,none,commit
BASIC-03,basic_long_dt_900,694,69.40000000000033,B03_MV,cav,not_applicable,7245.999634608797,-3.5,8.948428731101969e-05,4.0,on_ramp,on_ramp_mv,,normal,not_started,commit
BASIC-03,basic_long_dt_900,694,69.40000000000033,B03_CLV,cav,not_applicable,8715.000000000002,3.5,29.99999999999523,1.9880985746567604e-12,lane_1,mainline,,normal,none,commit
BASIC-03,basic_long_dt_900,694,69.40000000000033,B03_CFV,cav,not_applicable,8672.6973048225,0.0,30.000000000066436,-2.7681323899741984e-11,lane_2,mainline,,normal,none,commit
BASIC-03,basic_long_dt_900,694,69.40000000000033,B03_TLV_CFV,cav,not_applicable,8630.353441159863,3.5,29.997171435940295,-0.44305013627183754,lane_1,mainline,,normal,none,commit
BASIC-03,basic_long_dt_900,694,69.40000000000033,B03_TLV_CLV,cav,not_applicable,8672.598878324376,3.5,29.95928210375099,-0.792455049900982,lane_1,mainline,,normal,none,commit
BASIC-03,basic_long_dt_900,695,69.50000000000033,B03_MV,cav,not_applicable,7245.999643343318,-3.5,8.734520380111713e-05,4.0,on_ramp,on_ramp_mv,,normal,not_started,commit
BASIC-03,basic_long_dt_900,695,69.50000000000033,B03_CLV,cav,not_applicable,8718.000000000002,3.5,29.99999999999542,1.9085177882516293e-12,lane_1,mainline,,normal,none,commit
BASIC-03,basic_long_dt_900,695,69.50000000000033,B03_CFV,cav,not_applicable,8675.697304822508,0.0,30.00000000006378,-2.6574298317427747e-11,lane_2,mainline,,normal,none,commit
BASIC-03,basic_long_dt_900,695,69.50000000000033,B03_TLV_CFV,cav,not_applicable,8633.35680607507,3.5,30.033649152063507,0.364777161232133,lane_1,mainline,,normal,none,commit
BASIC-03,basic_long_dt_900,695,69.50000000000033,B03_TLV_CLV,cav,not_applicable,8675.595595538887,3.5,29.967172145122728,0.07890041371737844,lane_1,mainline,,normal,none,commit
BASIC-03,basic_long_dt_900,696,69.60000000000032,B03_MV,cav,not_applicable,7245.999651869043,-3.5,8.525725401103024e-05,4.0,on_ramp,on_ramp_mv,,normal,not_started,commit
BASIC-03,basic_long_dt_900,696,69.60000000000032,B03_CLV,cav,not_applicable,8721.000000000002,3.5,29.999999999995605,1.8317791727895384e-12,lane_1,mainline,,normal,none,commit
BASIC-03,basic_long_dt_900,696,69.60000000000032,B03_CFV,cav,not_applicable,8678.697304822514,0.0,30.000000000061227,-2.5511326384730638e-11,lane_2,mainline,,normal,none,commit
BASIC-03,basic_long_dt_900,696,69.60000000000032,B03_TLV_CFV,cav,not_applicable,8636.352246439777,3.5,29.95440364707341,-0.792455049900982,lane_1,mainline,,normal,none,commit
BASIC-03,basic_long_dt_900,696,69.60000000000032,B03_TLV_CLV,cav,not_applicable,8678.600231029512,3.5,30.04635490624506,0.7918276112233097,lane_1,mainline,,normal,none,commit
BASIC-03,basic_long_dt_900,697,69.70000000000032,B03_MV,cav,not_applicable,7245.999660190965,-3.5,8.321921587455374e-05,4.0,on_ramp,on_ramp_mv,,normal,not_started,commit
BASIC-03,basic_long_dt_900,697,69.70000000000032,B03_CLV,cav,not_applicable,8724.000000000002,3.5,29.99999999999578,1.757882728270488e-12,lane_1,mainline,,normal,none,commit
BASIC-03,basic_long_dt_900,697,69.70000000000032,B03_CFV,cav,not_applicable,8681.697304822519,0.0,30.00000000005878,-2.4490987016179134e-11,lane_2,mainline,,normal,none,commit
BASIC-03,basic_long_dt_900,697,69.70000000000032,B03_TLV_CFV,cav,not_applicable,8639.348475808622,3.5,29.962293688445147,0.07890041371737844,lane_1,mainline,,normal,none,commit
BASIC-03,basic_long_dt_900,697,69.70000000000032,B03_TLV_CLV,cav,not_applicable,8681.600436018773,3.5,30.002049892617876,-0.44305013627183754,lane_1,mainline,,normal,none,commit
BASIC-03,basic_long_dt_900,698,69.80000000000031,B03_MV,cav,not_applicable,7245.999668313955,-3.5,8.122989602371024e-05,4.0,on_ramp,on_ramp_mv,,normal,not_started,commit
BASIC-03,basic_long_dt_900,698,69.80000000000031,B03_CLV,cav,not_applicable,8727.000000000002,3.5,29.99999999999595,1.6882495401659982e-12,lane_1,mainline,,normal,none,commit
BASIC-03,basic_long_dt_900,698,69.80000000000031,B03_CFV,cav,not_applicable,8684.697304822525,0.0,30.000000000056428,-2.3511859126301715e-11,lane_2,mainline,,normal,none,commit
BASIC-03,basic_long_dt_900,698,69.80000000000031,B03_TLV_CFV,cav,not_applicable,8642.352623453578,3.5,30.04147644956748,0.7918276112233097,lane_1,mainline,,normal,none,commit
BASIC-03,basic_long_dt_900,698,69.80000000000031,B03_TLV_CLV,cav,not_applicable,8684.604288779647,3.5,30.038527608741088,0.364777161232133,lane_1,mainline,,normal,none,commit
BASIC-03,basic_long_dt_900,699,69.9000000000003,B03_MV,cav,not_applicable,7245.999676242768,-3.5,7.928813000616114e-05,4.0,on_ramp,on_ramp_mv,,normal,not_started,commit
BASIC-03,basic_long_dt_900,699,69.9000000000003,B03_CLV,cav,not_applicable,8730.000000000002,3.5,29.999999999996113,1.6200374375330284e-12,lane_1,mainline,,normal,none,commit
BASIC-03,basic_long_dt_900,699,69.9000000000003,B03_CFV,cav,not_applicable,8687.69730482253,0.0,30.000000000054172,-2.2571100544155345e-11,lane_2,mainline,,normal,none,commit
BASIC-03,basic_long_dt_900,699,69.9000000000003,B03_TLV_CFV,cav,not_applicable,8645.352340597172,3.5,29.997171435940295,-0.44305013627183754,lane_1,mainline,,normal,none,commit
BASIC-03,basic_long_dt_900,699,69.9000000000003,B03_TLV_CLV,cav,not_applicable,8687.600216990022,3.5,29.95928210375099,-0.792455049900982,lane_1,mainline,,normal,none,commit
BASIC-03,basic_long_dt_900,700,70.0000000000003,B03_MV,cav,not_applicable,7245.999683982046,-3.5,7.739278119815242e-05,4.0,on_ramp,on_ramp_mv,,normal,not_started,commit
BASIC-03,basic_long_dt_900,700,70.0000000000003,B03_CLV,cav,not_applicable,8733.000000000002,3.5,29.99999999999627,1.5546675058430993e-12,lane_1,mainline,,normal,none,commit
BASIC-03,basic_long_dt_900,700,70.0000000000003,B03_CFV,cav,not_applicable,8690.697304822535,0.0,30.000000000052005,-2.1668711269740018e-11,lane_2,mainline,,normal,none,commit
BASIC-03,basic_long_dt_900,700,70.0000000000003,B03_TLV_CFV,cav,not_applicable,8648.355705512378,3.5,30.033649152063507,0.364777161232133,lane_1,mainline,,normal,none,commit
BASIC-03,basic_long_dt_900,700,70.0000000000003,B03_TLV_CLV,cav,not_applicable,8690.596934204534,3.5,29.967172145122728,0.07890041371737844,lane_1,mainline,,normal,none,commit
BASIC-03,basic_long_dt_900,701,70.10000000000029,B03_MV,cav,not_applicable,7245.99969153632,-3.5,7.55427399348715e-05,4.0,on_ramp,on_ramp_mv,,normal,not_started,commit
BASIC-03,basic_long_dt_900,701,70.10000000000029,B03_CLV,cav,not_applicable,8736.000000000002,3.5,29.99999999999642,1.4921397450962104e-12,lane_1,mainline,,normal,none,commit
BASIC-03,basic_long_dt_900,701,70.10000000000029,B03_CFV,cav,not_applicable,8693.69730482254,0.0,30.000000000049923,-2.0801849132112696e-11,lane_2,mainline,,normal,none,commit
BASIC-03,basic_long_dt_900,701,70.10000000000029,B03_TLV_CFV,cav,not_applicable,8651.351145877086,3.5,29.95440364707341,-0.792455049900982,lane_1,mainline,,normal,none,commit
BASIC-03,basic_long_dt_900,701,70.10000000000029,B03_TLV_CLV,cav,not_applicable,8693.601569695158,3.5,30.04635490624506,0.7918276112233097,lane_1,mainline,,normal,none,commit
BASIC-03,basic_long_dt_900,702,70.20000000000029,B03_MV,cav,not_applicable,7245.999698910012,-3.5,7.373692307562546e-05,4.0,on_ramp,on_ramp_mv,,normal,not_started,commit
BASIC-03,basic_long_dt_900,702,70.20000000000029,B03_CLV,cav,not_applicable,8739.000000000002,3.5,29.99999999999656,1.4324541552923621e-12,lane_1,mainline,,normal,none,commit
BASIC-03,basic_long_dt_900,702,70.20000000000029,B03_CFV,cav,not_applicable,8696.697304822546,0.0,30.000000000047926,-1.9969093045801856e-11,lane_2,mainline,,normal,none,commit
BASIC-03,basic_long_dt_900,702,70.20000000000029,B03_TLV_CFV,cav,not_applicable,8654.34737524593,3.5,29.962293688445147,0.07890041371737844,lane_1,mainline,,normal,none,commit
BASIC-03,basic_long_dt_900,702,70.20000000000029,B03_TLV_CLV,cav,not_applicable,8696.601774684419,3.5,30.002049892617876,-0.44305013627183754,lane_1,mainline,,normal,none,commit
BASIC-03,basic_long_dt_900,703,70.30000000000028,B03_MV,cav,not_applicable,7245.999706107439,-3.5,7.197427356901953e-05,4.0,on_ramp,on_ramp_mv,,normal,not_started,commit
BASIC-03,basic_long_dt_900,703,70.30000000000028,B03_CLV,cav,not_applicable,8742.000000000002,3.5,29.9999999999967,1.3756107364315541e-12,lane_1,mainline,,normal,none,commit
BASIC-03,basic_long_dt_900,703,70.30000000000028,B03_CFV,cav,not_applicable,8699.697304822552,0.0,30.000000000046008,-1.9170443010807503e-11,lane_2,mainline,,normal,none,commit
BASIC-03,basic_long_dt_900,703,70.30000000000028,B03_TLV_CFV,cav,not_applicable,8657.351522890887,3.5,30.04147644956748,0.7918276112233097,lane_1,mainline,,normal,none,commit
BASIC-03,basic_long_dt_900,703,70.30000000000028,B03_TLV_CLV,cav,not_applicable,8699.605627445293,3.5,30.038527608741088,0.364777161232133,lane_1,mainline,,normal,none,commit
BASIC-03,basic_long_dt_900,704,70.40000000000028,B03_MV,cav,not_applicable,7245.9997131328155,-3.5,7.025375936590296e-05,4.0,on_ramp,on_ramp_mv,,normal,not_started,commit
BASIC-03,basic_long_dt_900,704,70.40000000000028,B03_CLV,cav,not_applicable,8745.000000000002,3.5,29.99999999999683,1.3201884030422662e-12,lane_1,mainline,,normal,none,commit
BASIC-03,basic_long_dt_900,704,70.40000000000028,B03_CFV,cav,not_applicable,8702.697304822555,0.0,30.000000000044167,-1.8403056856186595e-11,lane_2,mainline,,normal,none,commit
BASIC-03,basic_long_dt_900,704,70.40000000000028,B03_TLV_CFV,cav,not_applicable,8660.35124003448,3.5,29.997171435940295,-0.44305013627183754,lane_1,mainline,,normal,none,commit
BASIC-03,basic_long_dt_900,704,70.40000000000028,B03_TLV_CLV,cav,not_applicable,8702.601555655669,3.5,29.95928210375099,-0.792455049900982,lane_1,mainline,,normal,none,commit
BASIC-03,basic_long_dt_900,705,70.50000000000027,B03_MV,cav,not_applicable,7245.999719990253,-3.5,6.857437320195816e-05,4.0,on_ramp,on_ramp_mv,,normal,not_started,commit
BASIC-03,basic_long_dt_900,705,70.50000000000027,B03_CLV,cav,not_applicable,8748.000000000002,3.5,29.99999999999696,1.2676082405960188e-12,lane_1,mainline,,normal,none,commit
BASIC-03,basic_long_dt_900,705,70.50000000000027,B03_CFV,cav,not_applicable,8705.697304822559,0.0,30.0000000000424,-1.7666934581939132e-11,lane_2,mainline,,normal,none,commit
BASIC-03,basic_long_dt_900,705,70.50000000000027,B03_TLV_CFV,cav,not_applicable,8663.354604949687,3.5,30.033649152063507,0.364777161232133,lane_1,mainline,,normal,none,commit
BASIC-03,basic_long_dt_900,705,70.50000000000027,B03_TLV_CLV,cav,not_applicable,8705.59827287018,3.5,29.967172145122728,0.07890041371737844,lane_1,mainline,,normal,none,commit
BASIC-03,basic_long_dt_900,706,70.60000000000026,B03_MV,cav,not_applicable,7245.999726683766,-3.5,6.693513216287915e-05,4.0,on_ramp,on_ramp_mv,,normal,not_started,commit
BASIC-03,basic_long_dt_900,706,70.60000000000026,B03_CLV,cav,not_applicable,8751.000000000002,3.5,29.99999999999708,1.2164491636212916e-12,lane_1,mainline,,normal,none,commit
BASIC-03,basic_long_dt_900,706,70.60000000000026,B03_CFV,cav,not_applicable,8708.697304822563,0.0,30.000000000040707,-1.696065510259359e-11,lane_2,mainline,,normal,none,commit
BASIC-03,basic_long_dt_900,706,70.60000000000026,B03_TLV_CFV,cav,not_applicable,8666.350045314395,3.5,29.95440364707341,-0.792455049900982,lane_1,mainline,,normal,none,commit
BASIC-03,basic_long_dt_900,706,70.60000000000026,B03_TLV_CLV,cav,not_applicable,8708.602908360805,3.5,30.04635490624506,0.7918276112233097,lane_1,mainline,,normal,none,commit
BASIC-03,basic_long_dt_900,707,70.70000000000026,B03_MV,cav,not_applicable,7245.999733217274,-3.5,6.533507637990656e-05,4.0,on_ramp,on_ramp_mv,,normal,not_started,commit
BASIC-03,basic_long_dt_900,707,70.70000000000026,B03_CLV,cav,not_applicable,8754.000000000002,3.5,29.999999999997197,1.1681322575896047e-12,lane_1,mainline,,normal,none,commit
BASIC-03,basic_long_dt_900,707,70.70000000000026,B03_CFV,cav,not_applicable,8711.697304822566,0.0,30.00000000003908,-1.6282797332678455e-11,lane_2,mainline,,normal,none,commit
BASIC-03,basic_long_dt_900,707,70.70000000000026,B03_TLV_CFV,cav,not_applicable,8669.34627468324,3.5,29.962293688445147,0.07890041371737844,lane_1,mainline,,normal,none,commit
BASIC-03,basic_long_dt_900,707,70.70000000000026,B03_TLV_CLV,cav,not_applicable,8711.603113350066,3.5,30.002049892617876,-0.44305013627183754,lane_1,mainline,,normal,none,commit
BASIC-03,basic_long_dt_900,708,70.80000000000025,B03_MV,cav,not_applicable,7245.999739594601,-3.5,6.377326924723852e-05,4.0,on_ramp,on_ramp_mv,,normal,not_started,commit
BASIC-03,basic_long_dt_900,708,70.80000000000025,B03_CLV,cav,not_applicable,8757.000000000002,3.5,29.99999999999731,1.1212364370294382e-12,lane_1,mainline,,normal,none,commit
BASIC-03,basic_long_dt_900,708,70.80000000000025,B03_CFV,cav,not_applicable,8714.69730482257,0.0,30.000000000037517,-1.5631940186722204e-11,lane_2,mainline,,normal,none,commit
BASIC-03,basic_long_dt_900,708,70.80000000000025,B03_TLV_CFV,cav,not_applicable,8672.350422328196,3.5,30.04147644956748,0.7918276112233097,lane_1,mainline,,normal,none,commit
BASIC-03,basic_long_dt_900,708,70.80000000000025,B03_TLV_CLV,cav,not_applicable,8714.60696611094,3.5,30.038527608741088,0.364777161232133,lane_1,mainline,,normal,none,commit
BASIC-03,basic_long_dt_900,709,70.90000000000025,B03_MV,cav,not_applicable,7245.999745819481,-3.5,6.224879655238737e-05,4.0,on_ramp,on_ramp_mv,,normal,not_started,commit
BASIC-03,basic_long_dt_900,709,70.90000000000025,B03_CLV,cav,not_applicable,8760.000000000002,3.5,29.999999999997417,1.0757617019407917e-12,lane_1,mainline,,normal,none,commit
BASIC-03,basic_long_dt_900,709,70.90000000000025,B03_CFV,cav,not_applicable,8717.697304822574,0.0,30.000000000036017,-1.5006662579253316e-11,lane_2,mainline,,normal,none,commit
BASIC-03,basic_long_dt_900,709,70.90000000000025,B03_TLV_CFV,cav,not_applicable,8675.35013947179,3.5,29.997171435940295,-0.44305013627183754,lane_1,mainline,,normal,none,commit
BASIC-03,basic_long_dt_900,709,70.90000000000025,B03_TLV_CLV,cav,not_applicable,8717.602894321315,3.5,29.95928210375099,-0.792455049900982,lane_1,mainline,,normal,none,commit
BASIC-03,basic_long_dt_900,710,71.00000000000024,B03_MV,cav,not_applicable,7245.999751895558,-3.5,6.0760765606536374e-05,4.0,on_ramp,on_ramp_mv,,normal,not_started,commit
BASIC-03,basic_long_dt_900,710,71.00000000000024,B03_CLV,cav,not_applicable,8763.000000000002,3.5,29.99999999999752,1.0331291377951857e-12,lane_1,mainline,,normal,none,commit
BASIC-03,basic_long_dt_900,710,71.00000000000024,B03_CFV,cav,not_applicable,8720.697304822577,0.0,30.000000000034575,-1.4406964510271792e-11,lane_2,mainline,,normal,none,commit
BASIC-03,basic_long_dt_900,710,71.00000000000024,B03_TLV_CFV,cav,not_applicable,8678.353504386996,3.5,30.033649152063507,0.364777161232133,lane_1,mainline,,normal,none,commit
BASIC-03,basic_long_dt_900,710,71.00000000000024,B03_TLV_CLV,cav,not_applicable,8720.599611535827,3.5,29.967172145122728,0.07890041371737844,lane_1,mainline,,normal,none,commit
BASIC-03,basic_long_dt_900,711,71.10000000000024,B03_MV,cav,not_applicable,7245.999757826388,-3.5,5.930830546195055e-05,4.0,on_ramp,on_ramp_mv,,normal,not_started,commit
BASIC-03,basic_long_dt_900,711,71.10000000000024,B03_CLV,cav,not_applicable,8766.000000000002,3.5,29.99999999999762,9.919176591210998e-13,lane_1,mainline,,normal,none,commit
BASIC-03,basic_long_dt_900,711,71.10000000000024,B03_CFV,cav,not_applicable,8723.697304822581,0.0,30.000000000033193,-1.383000380883459e-11,lane_2,mainline,,normal,none,commit
BASIC-03,basic_long_dt_900,711,71.10000000000024,B03_TLV_CFV,cav,not_applicable,8681.348944751704,3.5,29.95440364707341,-0.792455049900982,lane_1,mainline,,normal,none,commit
BASIC-03,basic_long_dt_900,711,71.10000000000024,B03_TLV_CLV,cav,not_applicable,8723.604247026451,3.5,30.04635490624506,0.7918276112233097,lane_1,mainline,,normal,none,commit
BASIC-03,basic_long_dt_900,712,71.20000000000023,B03_MV,cav,not_applicable,7245.999763615445,-3.5,5.789056582492257e-05,4.0,on_ramp,on_ramp_mv,,normal,not_started,commit
BASIC-03,basic_long_dt_900,712,71.20000000000023,B03_CLV,cav,not_applicable,8769.000000000002,3.5,29.999999999997716,9.521272659185342e-13,lane_1,mainline,,normal,none,commit
BASIC-03,basic_long_dt_900,712,71.20000000000023,B03_CFV,cav,not_applicable,8726.697304822585,0.0,30.000000000031864,-1.3277201560413233e-11,lane_2,mainline,,normal,none,commit
BASIC-03,basic_long_dt_900,712,71.20000000000023,B03_TLV_CFV,cav,not_applicable,8684.345174120548,3.5,29.962293688445147,0.07890041371737844,lane_1,mainline,,normal,none,commit
BASIC-03,basic_long_dt_900,712,71.20000000000023,B03_TLV_CLV,cav,not_applicable,8726.604452015712,3.5,30.002049892617876,-0.44305013627183754,lane_1,mainline,,normal,none,commit
BASIC-03,basic_long_dt_900,713,71.30000000000022,B03_MV,cav,not_applicable,7245.999769266116,-3.5,5.650671662095115e-05,4.0,on_ramp,on_ramp_mv,,normal,not_started,commit
BASIC-03,basic_long_dt_900,713,71.30000000000022,B03_CLV,cav,not_applicable,8772.000000000002,3.5,29.999999999997808,9.137579581874888e-13,lane_1,mainline,,normal,none,commit
BASIC-03,basic_long_dt_900,713,71.30000000000022,B03_CFV,cav,not_applicable,8729.697304822588,0.0,30.00000000003059,-1.2745715594064678e-11,lane_2,mainline,,normal,none,commit
BASIC-03,basic_long_dt_900,713,71.30000000000022,B03_TLV_CFV,cav,not_applicable,8687.349321765505,3.5,30.04147644956748,0.7918276112233097,lane_1,mainline,,normal,none,commit
BASIC-03,basic_long_dt_900,713,71.30000000000022,B03_TLV_CLV,cav,not_applicable,8729.608304776586,3.5,30.038527608741088,0.364777161232133,lane_1,mainline,,normal,none,commit
BASIC-03,basic_long_dt_900,714,71.40000000000022,B03_MV,cav,not_applicable,7245.9997747817115,-3.5,5.515594777733022e-05,4.0,on_ramp,on_ramp_mv,,normal,not_started,commit
BASIC-03,basic_long_dt_900,714,71.40000000000022,B03_CLV,cav,not_applicable,8775.000000000002,3.5,29.999999999997897,8.768097359279637e-13,lane_1,mainline,,normal,none,commit
BASIC-03,basic_long_dt_900,714,71.40000000000022,B03_CFV,cav,not_applicable,8732.697304822592,0.0,30.000000000029367,-1.2235545909788925e-11,lane_2,mainline,,normal,none,commit
BASIC-03,basic_long_dt_900,714,71.40000000000022,B03_TLV_CFV,cav,not_applicable,8690.349038909098,3.5,29.997171435940295,-0.44305013627183754,lane_1,mainline,,normal,none,commit
BASIC-03,basic_long_dt_900,714,71.40000000000022,B03_TLV_CLV,cav,not_applicable,8732.604232986962,3.5,29.95928210375099,-0.792455049900982,lane_1,mainline,,normal,none,commit
BASIC-03,basic_long_dt_900,715,71.50000000000021,B03_MV,cav,not_applicable,7245.999780165458,-3.5,5.383746835350563e-05,4.0,on_ramp,on_ramp_mv,,normal,not_started,commit
BASIC-03,basic_long_dt_900,715,71.50000000000021,B03_CLV,cav,not_applicable,8778.000000000002,3.5,29.999999999997982,8.412825991399587e-13,lane_1,mainline,,normal,none,commit
BASIC-03,basic_long_dt_900,715,71.50000000000021,B03_CFV,cav,not_applicable,8735.697304822595,0.0,30.00000000002819,-1.1746692507585977e-11,lane_2,mainline,,normal,none,commit
BASIC-03,basic_long_dt_900,715,71.50000000000021,B03_TLV_CFV,cav,not_applicable,8693.352403824305,3.5,30.033649152063507,0.364777161232133,lane_1,mainline,,normal,none,commit
BASIC-03,basic_long_dt_900,715,71.50000000000021,B03_TLV_CLV,cav,not_applicable,8735.600950201473,3.5,29.967172145122728,0.07890041371737844,lane_1,mainline,,normal,none,commit
BASIC-03,basic_long_dt_900,716,71.60000000000021,B03_MV,cav,not_applicable,7245.9997854205085,-3.5,5.2550506758486014e-05,4.0,on_ramp,on_ramp_mv,,normal,not_started,commit
BASIC-03,basic_long_dt_900,716,71.60000000000021,B03_CLV,cav,not_applicable,8781.000000000002,3.5,29.999999999998064,8.071765478234739e-13,lane_1,mainline,,normal,none,commit
BASIC-03,basic_long_dt_900,716,71.60000000000021,B03_CFV,cav,not_applicable,8738.697304822597,0.0,30.000000000027065,-1.127631321651279e-11,lane_2,mainline,,normal,none,commit
BASIC-03,basic_long_dt_900,716,71.60000000000021,B03_TLV_CFV,cav,not_applicable,8696.347844189013,3.5,29.95440364707341,-0.792455049900982,lane_1,mainline,,normal,none,commit
BASIC-03,basic_long_dt_900,716,71.60000000000021,B03_TLV_CLV,cav,not_applicable,8738.605585692098,3.5,30.04635490624506,0.7918276112233097,lane_1,mainline,,normal,none,commit
BASIC-03,basic_long_dt_900,717,71.7000000000002,B03_MV,cav,not_applicable,7245.9997905499395,-3.5,5.129430944637785e-05,4.0,on_ramp,on_ramp_mv,,normal,not_started,commit
BASIC-03,basic_long_dt_900,717,71.7000000000002,B03_CLV,cav,not_applicable,8784.000000000002,3.5,29.999999999998142,7.744915819785092e-13,lane_1,mainline,,normal,none,commit
BASIC-03,basic_long_dt_900,717,71.7000000000002,B03_CFV,cav,not_applicable,8741.6973048226,0.0,30.00000000002598,-1.0825829122040887e-11,lane_2,mainline,,normal,none,commit
BASIC-03,basic_long_dt_900,717,71.7000000000002,B03_TLV_CFV,cav,not_applicable,8699.344073557857,3.5,29.962293688445147,0.07890041371737844,lane_1,mainline,,normal,none,commit
BASIC-03,basic_long_dt_900,717,71.7000000000002,B03_TLV_CLV,cav,not_applicable,8741.605790681358,3.5,30.002049892617876,-0.44305013627183754,lane_1,mainline,,normal,none,commit
BASIC-03,basic_long_dt_900,718,71.8000000000002,B03_MV,cav,not_applicable,7245.999795556753,-3.5,5.006814091638547e-05,4.0,on_ramp,on_ramp_mv,,normal,not_started,commit
BASIC-03,basic_long_dt_900,718,71.8000000000002,B03_CLV,cav,not_applicable,8787.000000000002,3.5,29.999999999998217,7.432277016050649e-13,lane_1,mainline,,normal,none,commit
BASIC-03,basic_long_dt_900,718,71.8000000000002,B03_CFV,cav,not_applicable,8744.697304822601,0.0,30.00000000002494,-1.0392398053227226e-11,lane_2,mainline,,normal,none,commit
BASIC-03,basic_long_dt_900,718,71.8000000000002,B03_TLV_CFV,cav,not_applicable,8702.348221202814,3.5,30.04147644956748,0.7918276112233097,lane_1,mainline,,normal,none,commit
BASIC-03,basic_long_dt_900,718,71.8000000000002,B03_TLV_CLV,cav,not_applicable,8744.609643442232,3.5,30.038527608741088,0.364777161232133,lane_1,mainline,,normal,none,commit
BASIC-03,basic_long_dt_900,719,71.90000000000019,B03_MV,cav,not_applicable,7245.999800443881,-3.5,4.887128349540023e-05,4.0,on_ramp,on_ramp_mv,,normal,not_started,commit
BASIC-03,basic_long_dt_900,719,71.90000000000019,B03_CLV,cav,not_applicable,8790.000000000002,3.5,29.999999999998288,7.133849067031406e-13,lane_1,mainline,,normal,none,commit
BASIC-03,basic_long_dt_900,719,71.90000000000019,B03_CFV,cav,not_applicable,8747.697304822603,0.0,30.00000000002394,-9.976020010071807e-12,lane_2,mainline,,normal,none,commit
BASIC-03,basic_long_dt_900,719,71.90000000000019,B03_TLV_CFV,cav,not_applicable,8705.347938346407,3.5,29.997171435940295,-0.44305013627183754,lane_1,mainline,,normal,none,commit
BASIC-03,basic_long_dt_900,719,71.90000000000019,B03_TLV_CLV,cav,not_applicable,8747.605571652608,3.5,29.95928210375099,-0.792455049900982,lane_1,mainline,,normal,none,commit
BASIC-03,basic_long_dt_900,720,72.00000000000018,B03_MV,cav,not_applicable,7245.999805214185,-3.5,4.770303646835728e-05,4.0,on_ramp,on_ramp_mv,,normal,not_started,commit
BASIC-03,basic_long_dt_900,720,72.00000000000018,B03_CLV,cav,not_applicable,8793.000000000002,3.5,29.999999999998355,6.849631972727366e-13,lane_1,mainline,,normal,none,commit
BASIC-03,basic_long_dt_900,720,72.00000000000018,B03_CFV,cav,not_applicable,8750.697304822605,0.0,30.000000000022983,-9.576694992574632e-12,lane_2,mainline,,normal,none,commit
BASIC-03,basic_long_dt_900,720,72.00000000000018,B03_TLV_CFV,cav,not_applicable,8708.351303261614,3.5,30.033649152063507,0.364777161232133,lane_1,mainline,,normal,none,commit
BASIC-03,basic_long_dt_900,720,72.00000000000018,B03_TLV_CLV,cav,not_applicable,8750.60228886712,3.5,29.967172145122728,0.07890041371737844,lane_1,mainline,,normal,none,commit
BASIC-03,basic_long_dt_900,721,72.10000000000018,B03_MV,cav,not_applicable,7245.999809870456,-3.5,4.65627158608247e-05,4.0,on_ramp,on_ramp_mv,,normal,not_started,commit
BASIC-03,basic_long_dt_900,721,72.10000000000018,B03_CLV,cav,not_applicable,8796.000000000002,3.5,29.999999999998423,6.579625733138528e-13,lane_1,mainline,,normal,none,commit
BASIC-03,basic_long_dt_900,721,72.10000000000018,B03_CFV,cav,not_applicable,8753.697304822606,0.0,30.000000000022062,-9.193001915264177e-12,lane_2,mainline,,normal,none,commit
BASIC-03,basic_long_dt_900,721,72.10000000000018,B03_TLV_CFV,cav,not_applicable,8711.346743626322,3.5,29.95440364707341,-0.792455049900982,lane_1,mainline,,normal,none,commit
BASIC-03,basic_long_dt_900,721,72.10000000000018,B03_TLV_CLV,cav,not_applicable,8753.606924357744,3.5,30.04635490624506,0.7918276112233097,lane_1,mainline,,normal,none,commit
BASIC-03,basic_long_dt_900,722,72.20000000000017,B03_MV,cav,not_applicable,7245.9998144154215,-3.5,4.544965400418188e-05,4.0,on_ramp,on_ramp_mv,,normal,not_started,commit
BASIC-03,basic_long_dt_900,722,72.20000000000017,B03_CLV,cav,not_applicable,8799.000000000002,3.5,29.999999999998487,6.30961949354969e-13,lane_1,mainline,,normal,none,commit
BASIC-03,basic_long_dt_900,722,72.20000000000017,B03_CFV,cav,not_applicable,8756.697304822608,0.0,30.00000000002118,-8.824940778140444e-12,lane_2,mainline,,normal,none,commit
BASIC-03,basic_long_dt_900,722,72.20000000000017,B03_TLV_CFV,cav,not_applicable,8714.342972995166,3.5,29.962293688445147,0.07890041371737844,lane_1,mainline,,normal,none,commit
BASIC-03,basic_long_dt_900,722,72.20000000000017,B03_TLV_CLV,cav,not_applicable,8756.607129347005,3.5,30.002049892617876,-0.44305013627183754,lane_1,mainline,,normal,none,commit
BASIC-03,basic_long_dt_900,723,72.30000000000017,B03_MV,cav,not_applicable,7245.999818851741,-3.5,4.436319953561954e-05,4.0,on_ramp,on_ramp_mv,,normal,not_started,commit
BASIC-03,basic_long_dt_900,723,72.30000000000017,B03_CLV,cav,not_applicable,8802.000000000002,3.5,29.999999999998547,6.053824108676054e-13,lane_1,mainline,,normal,none,commit
BASIC-03,basic_long_dt_900,723,72.30000000000017,B03_CFV,cav,not_applicable,8759.69730482261,0.0,30.000000000020336,-8.472511581203435e-12,lane_2,mainline,,normal,none,commit
BASIC-03,basic_long_dt_900,723,72.30000000000017,B03_TLV_CFV,cav,not_applicable,8717.347120640123,3.5,30.04147644956748,0.7918276112233097,lane_1,mainline,,normal,none,commit
BASIC-03,basic_long_dt_900,723,72.30000000000017,B03_TLV_CLV,cav,not_applicable,8759.610982107879,3.5,30.038527608741088,0.364777161232133,lane_1,mainline,,normal,none,commit
BASIC-03,basic_long_dt_900,724,72.40000000000016,B03_MV,cav,not_applicable,7245.999823182013,-3.5,4.330271631108562e-05,4.0,on_ramp,on_ramp_mv,,normal,not_started,commit
BASIC-03,basic_long_dt_900,724,72.40000000000016,B03_CLV,cav,not_applicable,8805.000000000002,3.5,29.999999999998604,5.81223957851762e-13,lane_1,mainline,,normal,none,commit
BASIC-03,basic_long_dt_900,724,72.40000000000016,B03_CFV,cav,not_applicable,8762.697304822612,0.0,30.000000000019522,-8.134293238981627e-12,lane_2,mainline,,normal,none,commit
BASIC-03,basic_long_dt_900,724,72.40000000000016,B03_TLV_CFV,cav,not_applicable,8720.346837783716,3.5,29.997171435940295,-0.44305013627183754,lane_1,mainline,,normal,none,commit
BASIC-03,basic_long_dt_900,724,72.40000000000016,B03_TLV_CLV,cav,not_applicable,8762.606910318254,3.5,29.95928210375099,-0.792455049900982,lane_1,mainline,,normal,none,commit
BASIC-03,basic_long_dt_900,725,72.50000000000016,B03_MV,cav,not_applicable,7245.999827408771,-3.5,4.2267583405285284e-05,4.0,on_ramp,on_ramp_mv,,normal,not_started,commit
BASIC-03,basic_long_dt_900,725,72.50000000000016,B03_CLV,cav,not_applicable,8808.000000000002,3.5,29.99999999999866,5.584865903074388e-13,lane_1,mainline,,normal,none,commit
BASIC-03,basic_long_dt_900,725,72.50000000000016,B03_CFV,cav,not_applicable,8765.697304822614,0.0,30.00000000001874,-7.808864666003501e-12,lane_2,mainline,,normal,none,commit
BASIC-03,basic_long_dt_900,725,72.50000000000016,B03_TLV_CFV,cav,not_applicable,8723.350202698923,3.5,30.033649152063507,0.364777161232133,lane_1,mainline,,normal,none,commit
BASIC-03,basic_long_dt_900,725,72.50000000000016,B03_TLV_CLV,cav,not_applicable,8765.603627532766,3.5,29.967172145122728,0.07890041371737844,lane_1,mainline,,normal,none,commit
BASIC-03,basic_long_dt_900,726,72.60000000000015,B03_MV,cav,not_applicable,7245.999831534491,-3.5,4.1257194894270097e-05,4.0,on_ramp,on_ramp_mv,,normal,not_started,commit
BASIC-03,basic_long_dt_900,726,72.60000000000015,B03_CLV,cav,not_applicable,8811.000000000002,3.5,29.999999999998714,5.357492227631156e-13,lane_1,mainline,,normal,none,commit
BASIC-03,basic_long_dt_900,726,72.60000000000015,B03_CFV,cav,not_applicable,8768.697304822615,0.0,30.00000000001799,-7.496225862269057e-12,lane_2,mainline,,normal,none,commit
BASIC-03,basic_long_dt_900,726,72.60000000000015,B03_TLV_CFV,cav,not_applicable,8726.34564306363,3.5,29.95440364707341,-0.792455049900982,lane_1,mainline,,normal,none,commit
BASIC-03,basic_long_dt_900,726,72.60000000000015,B03_TLV_CLV,cav,not_applicable,8768.60826302339,3.5,30.04635490624506,0.7918276112233097,lane_1,mainline,,normal,none,commit
BASIC-03,basic_long_dt_900,727,72.70000000000014,B03_MV,cav,not_applicable,7245.999835561587,-3.5,4.027095920320559e-05,4.0,on_ramp,on_ramp_mv,,normal,not_started,commit
BASIC-03,basic_long_dt_900,727,72.70000000000014,B03_CLV,cav,not_applicable,8814.000000000002,3.5,29.999999999998764,5.144329406903126e-13,lane_1,mainline,,normal,none,commit
BASIC-03,basic_long_dt_900,727,72.70000000000014,B03_CFV,cav,not_applicable,8771.697304822617,0.0,30.00000000001727,-7.196376827778295e-12,lane_2,mainline,,normal,none,commit
BASIC-03,basic_long_dt_900,727,72.70000000000014,B03_TLV_CFV,cav,not_applicable,8729.341872432475,3.5,29.962293688445147,0.07890041371737844,lane_1,mainline,,normal,none,commit
BASIC-03,basic_long_dt_900,727,72.70000000000014,B03_TLV_CLV,cav,not_applicable,8771.608468012651,3.5,30.002049892617876,-0.44305013627183754,lane_1,mainline,,normal,none,commit
BASIC-03,basic_long_dt_900,728,72.80000000000014,B03_MV,cav,not_applicable,7245.999839492417,-3.5,3.930829910637126e-05,4.0,on_ramp,on_ramp_mv,,normal,not_started,commit
BASIC-03,basic_long_dt_900,728,72.80000000000014,B03_CLV,cav,not_applicable,8817.000000000002,3.5,29.999999999998813,4.945377440890298e-13,lane_1,mainline,,normal,none,commit
BASIC-03,basic_long_dt_900,728,72.80000000000014,B03_CFV,cav,not_applicable,8774.69730482262,0.0,30.00000000001658,-6.907896477059694e-12,lane_2,mainline,,normal,none,commit
BASIC-03,basic_long_dt_900,728,72.80000000000014,B03_TLV_CFV,cav,not_applicable,8732.346020077432,3.5,30.04147644956748,0.7918276112233097,lane_1,mainline,,normal,none,commit
BASIC-03,basic_long_dt_900,728,72.80000000000014,B03_TLV_CLV,cav,not_applicable,8774.612320773525,3.5,30.038527608741088,0.364777161232133,lane_1,mainline,,normal,none,commit
BASIC-03,basic_long_dt_900,729,72.90000000000013,B03_MV,cav,not_applicable,7245.999843329282,-3.5,3.836865107492809e-05,4.0,on_ramp,on_ramp_mv,,normal,not_started,commit
BASIC-03,basic_long_dt_900,729,72.90000000000013,B03_CLV,cav,not_applicable,8820.000000000002,3.5,29.99999999999886,4.746425474877469e-13,lane_1,mainline,,normal,none,commit
BASIC-03,basic_long_dt_900,729,72.90000000000013,B03_CFV,cav,not_applicable,8777.697304822621,0.0,30.000000000015916,-6.632205895584776e-12,lane_2,mainline,,normal,none,commit
BASIC-03,basic_long_dt_900,729,72.90000000000013,B03_TLV_CFV,cav,not_applicable,8735.345737221025,3.5,29.997171435940295,-0.44305013627183754,lane_1,mainline,,normal,none,commit
BASIC-03,basic_long_dt_900,729,72.90000000000013,B03_TLV_CLV,cav,not_applicable,8777.608248983901,3.5,29.95928210375099,-0.792455049900982,lane_1,mainline,,normal,none,commit
BASIC-03,basic_long_dt_900,730,73.00000000000013,B03_MV,cav,not_applicable,7245.9998470744285,-3.5,3.7451464842096934e-05,4.0,on_ramp,on_ramp_mv,,normal,not_started,commit
BASIC-03,basic_long_dt_900,730,73.00000000000013,B03_CLV,cav,not_applicable,8823.000000000002,3.5,29.999999999998906,4.561684363579843e-13,lane_1,mainline,,normal,none,commit
BASIC-03,basic_long_dt_900,730,73.00000000000013,B03_CFV,cav,not_applicable,8780.697304822623,0.0,30.00000000001528,-6.366462912410498e-12,lane_2,mainline,,normal,none,commit
BASIC-03,basic_long_dt_900,730,73.00000000000013,B03_TLV_CFV,cav,not_applicable,8738.349102136232,3.5,30.033649152063507,0.364777161232133,lane_1,mainline,,normal,none,commit
BASIC-03,basic_long_dt_900,730,73.00000000000013,B03_TLV_CLV,cav,not_applicable,8780.604966198413,3.5,29.967172145122728,0.07890041371737844,lane_1,mainline,,normal,none,commit
BASIC-03,basic_long_dt_900,731,73.10000000000012,B03_MV,cav,not_applicable,7245.999850730049,-3.5,3.655620362056934e-05,4.0,on_ramp,on_ramp_mv,,normal,not_started,commit
BASIC-03,basic_long_dt_900,731,73.10000000000012,B03_CLV,cav,not_applicable,8826.000000000002,3.5,29.99999999999895,4.376943252282217e-13,lane_1,mainline,,normal,none,commit
BASIC-03,basic_long_dt_900,731,73.10000000000012,B03_CFV,cav,not_applicable,8783.697304822625,0.0,30.00000000001467,-6.112088613008382e-12,lane_2,mainline,,normal,none,commit
BASIC-03,basic_long_dt_900,731,73.10000000000012,B03_TLV_CFV,cav,not_applicable,8741.34454250094,3.5,29.95440364707341,-0.792455049900982,lane_1,mainline,,normal,none,commit
BASIC-03,basic_long_dt_900,731,73.10000000000012,B03_TLV_CLV,cav,not_applicable,8783.609601689037,3.5,30.04635490624506,0.7918276112233097,lane_1,mainline,,normal,none,commit
BASIC-03,basic_long_dt_900,732,73.20000000000012,B03_MV,cav,not_applicable,7245.999854298283,-3.5,3.568234323286427e-05,4.0,on_ramp,on_ramp_mv,,normal,not_started,commit
BASIC-03,basic_long_dt_900,732,73.20000000000012,B03_CLV,cav,not_applicable,8829.000000000002,3.5,29.99999999999899,4.2064129956997933e-13,lane_1,mainline,,normal,none,commit
BASIC-03,basic_long_dt_900,732,73.20000000000012,B03_CFV,cav,not_applicable,8786.697304822626,0.0,30.000000000014083,-5.867661911906908e-12,lane_2,mainline,,normal,none,commit
BASIC-03,basic_long_dt_900,732,73.20000000000012,B03_TLV_CFV,cav,not_applicable,8744.340771869784,3.5,29.962293688445147,0.07890041371737844,lane_1,mainline,,normal,none,commit
BASIC-03,basic_long_dt_900,732,73.20000000000012,B03_TLV_CLV,cav,not_applicable,8786.609806678298,3.5,30.002049892617876,-0.44305013627183754,lane_1,mainline,,normal,none,commit
BASIC-03,basic_long_dt_900,733,73.30000000000011,B03_MV,cav,not_applicable,7245.99985778122,-3.5,3.482937211132811e-05,4.0,on_ramp,on_ramp_mv,,normal,not_started,commit
BASIC-03,basic_long_dt_900,733,73.30000000000011,B03_CLV,cav,not_applicable,8832.000000000002,3.5,29.99999999999903,4.0358827391173694e-13,lane_1,mainline,,normal,none,commit
BASIC-03,basic_long_dt_900,733,73.30000000000011,B03_CFV,cav,not_applicable,8789.697304822628,0.0,30.000000000013518,-5.633182809106075e-12,lane_2,mainline,,normal,none,commit
BASIC-03,basic_long_dt_900,733,73.30000000000011,B03_TLV_CFV,cav,not_applicable,8747.34491951474,3.5,30.04147644956748,0.7918276112233097,lane_1,mainline,,normal,none,commit
BASIC-03,basic_long_dt_900,733,73.30000000000011,B03_TLV_CLV,cav,not_applicable,8789.613659439172,3.5,30.038527608741088,0.364777161232133,lane_1,mainline,,normal,none,commit
BASIC-03,basic_long_dt_900,734,73.4000000000001,B03_MV,cav,not_applicable,7245.9998611809,-3.5,3.3996790863312994e-05,4.0,on_ramp,on_ramp_mv,,normal,not_started,commit
BASIC-03,basic_long_dt_900,734,73.4000000000001,B03_CLV,cav,not_applicable,8835.000000000002,3.5,29.99999999999907,3.879563337250147e-13,lane_1,mainline,,normal,none,commit
BASIC-03,basic_long_dt_900,734,73.4000000000001,B03_CFV,cav,not_applicable,8792.69730482263,0.0,30.000000000012978,-5.4072302191343624e-12,lane_2,mainline,,normal,none,commit
BASIC-03,basic_long_dt_900,734,73.4000000000001,B03_TLV_CFV,cav,not_applicable,8750.344636658334,3.5,29.997171435940295,-0.44305013627183754,lane_1,mainline,,normal,none,commit
BASIC-03,basic_long_dt_900,734,73.4000000000001,B03_TLV_CLV,cav,not_applicable,8792.609587649547,3.5,29.95928210375099,-0.792455049900982,lane_1,mainline,,normal,none,commit
BASIC-03,basic_long_dt_900,735,73.5000000000001,B03_MV,cav,not_applicable,7245.999864499311,-3.5,3.3184112053766066e-05,4.0,on_ramp,on_ramp_mv,,normal,not_started,commit
BASIC-03,basic_long_dt_900,735,73.5000000000001,B03_CLV,cav,not_applicable,8838.000000000002,3.5,29.999999999999105,3.7232439353829254e-13,lane_1,mainline,,normal,none,commit
BASIC-03,basic_long_dt_900,735,73.5000000000001,B03_CFV,cav,not_applicable,8795.697304822632,0.0,30.00000000001246,-5.191225227463292e-12,lane_2,mainline,,normal,none,commit
BASIC-03,basic_long_dt_900,735,73.5000000000001,B03_TLV_CFV,cav,not_applicable,8753.34800157354,3.5,30.033649152063507,0.364777161232133,lane_1,mainline,,normal,none,commit
BASIC-03,basic_long_dt_900,735,73.5000000000001,B03_TLV_CLV,cav,not_applicable,8795.606304864059,3.5,29.967172145122728,0.07890041371737844,lane_1,mainline,,normal,none,commit
BASIC-03,basic_long_dt_900,736,73.6000000000001,B03_MV,cav,not_applicable,7245.999867738397,-3.5,3.239085998781858e-05,4.0,on_ramp,on_ramp_mv,,normal,not_started,commit
BASIC-03,basic_long_dt_900,736,73.6000000000001,B03_CLV,cav,not_applicable,8841.000000000002,3.5,29.99999999999914,3.5811353882309053e-13,lane_1,mainline,,normal,none,commit
BASIC-03,basic_long_dt_900,736,73.6000000000001,B03_CFV,cav,not_applicable,8798.697304822634,0.0,30.000000000011962,-4.983746748621343e-12,lane_2,mainline,,normal,none,commit
BASIC-03,basic_long_dt_900,736,73.6000000000001,B03_TLV_CFV,cav,not_applicable,8756.343441938248,3.5,29.95440364707341,-0.792455049900982,lane_1,mainline,,normal,none,commit
BASIC-03,basic_long_dt_900,736,73.6000000000001,B03_TLV_CLV,cav,not_applicable,8798.610940354683,3.5,30.04635490624506,0.7918276112233097,lane_1,mainline,,normal,none,commit
BASIC-03,basic_long_dt_900,737,73.70000000000009,B03_MV,cav,not_applicable,7245.999870900055,-3.5,3.161657027596432e-05,4.0,on_ramp,on_ramp_mv,,normal,not_started,commit
BASIC-03,basic_long_dt_900,737,73.70000000000009,B03_CLV,cav,not_applicable,8844.000000000002,3.5,29.999999999999176,3.4390268410788853e-13,lane_1,mainline,,normal,none,commit
BASIC-03,basic_long_dt_900,737,73.70000000000009,B03_CFV,cav,not_applicable,8801.697304822635,0.0,30.000000000011482,-4.784794782608515e-12,lane_2,mainline,,normal,none,commit
BASIC-03,basic_long_dt_900,737,73.70000000000009,B03_TLV_CFV,cav,not_applicable,8759.339671307092,3.5,29.962293688445147,0.07890041371737844,lane_1,mainline,,normal,none,commit
BASIC-03,basic_long_dt_900,737,73.70000000000009,B03_TLV_CLV,cav,not_applicable,8801.611145343944,3.5,30.002049892617876,-0.44305013627183754,lane_1,mainline,,normal,none,commit
BASIC-03,basic_long_dt_900,738,73.80000000000008,B03_MV,cav,not_applicable,7245.999873986134,-3.5,3.086078961664876e-05,4.0,on_ramp,on_ramp_mv,,normal,not_started,commit
BASIC-03,basic_long_dt_900,738,73.80000000000008,B03_CLV,cav,not_applicable,8847.000000000002,3.5,29.999999999999208,3.2969182939268653e-13,lane_1,mainline,,normal,none,commit
BASIC-03,basic_long_dt_900,738,73.80000000000008,B03_CFV,cav,not_applicable,8804.697304822637,0.0,30.000000000011024,-4.592948243953288e-12,lane_2,mainline,,normal,none,commit
BASIC-03,basic_long_dt_900,738,73.80000000000008,B03_TLV_CFV,cav,not_applicable,8762.34381895205,3.5,30.04147644956748,0.7918276112233097,lane_1,mainline,,normal,none,commit
BASIC-03,basic_long_dt_900,738,73.80000000000008,B03_TLV_CLV,cav,not_applicable,8804.614998104818,3.5,30.038527608741088,0.364777161232133,lane_1,mainline,,normal,none,commit
BASIC-03,basic_long_dt_900,739,73.90000000000008,B03_MV,cav,not_applicable,7245.999876998441,-3.5,3.012307557885824e-05,4.0,on_ramp,on_ramp_mv,,normal,not_started,commit
BASIC-03,basic_long_dt_900,739,73.90000000000008,B03_CLV,cav,not_applicable,8850.000000000002,3.5,29.99999999999924,3.169020601490047e-13,lane_1,mainline,,normal,none,commit
BASIC-03,basic_long_dt_900,739,73.90000000000008,B03_CFV,cav,not_applicable,8807.69730482264,0.0,30.000000000010584,-4.409628218127182e-12,lane_2,mainline,,normal,none,commit
BASIC-03,basic_long_dt_900,739,73.90000000000008,B03_TLV_CFV,cav,not_applicable,8765.343536095643,3.5,29.997171435940295,-0.44305013627183754,lane_1,mainline,,normal,none,commit
BASIC-03,basic_long_dt_900,739,73.90000000000008,B03_TLV_CLV,cav,not_applicable,8807.610926315194,3.5,29.95928210375099,-0.792455049900982,lane_1,mainline,,normal,none,commit
BASIC-03,basic_long_dt_900,740,74.00000000000007,B03_MV,cav,not_applicable,7245.999879938741,-3.5,2.9402996384709177e-05,4.0,on_ramp,on_ramp_mv,,normal,not_started,commit
BASIC-03,basic_long_dt_900,740,74.00000000000007,B03_CLV,cav,not_applicable,8853.000000000002,3.5,29.99999999999927,3.041122909053229e-13,lane_1,mainline,,normal,none,commit
BASIC-03,basic_long_dt_900,740,74.00000000000007,B03_CFV,cav,not_applicable,8810.697304822641,0.0,30.00000000001016,-4.233413619658677e-12,lane_2,mainline,,normal,none,commit
BASIC-03,basic_long_dt_900,740,74.00000000000007,B03_TLV_CFV,cav,not_applicable,8768.34690101085,3.5,30.033649152063507,0.364777161232133,lane_1,mainline,,normal,none,commit
BASIC-03,basic_long_dt_900,740,74.00000000000007,B03_TLV_CLV,cav,not_applicable,8810.607643529705,3.5,29.967172145122728,0.07890041371737844,lane_1,mainline,,normal,none,commit
BASIC-03,basic_long_dt_900,741,74.10000000000007,B03_MV,cav,not_applicable,7245.999882808755,-3.5,2.870013025721558e-05,4.0,on_ramp,on_ramp_mv,,normal,not_started,commit
BASIC-03,basic_long_dt_900,741,74.10000000000007,B03_CLV,cav,not_applicable,8856.000000000002,3.5,29.9999999999993,2.913225216616411e-13,lane_1,mainline,,normal,none,commit
BASIC-03,basic_long_dt_900,741,74.10000000000007,B03_CFV,cav,not_applicable,8813.697304822643,0.0,30.000000000009756,-4.064304448547773e-12,lane_2,mainline,,normal,none,commit
BASIC-03,basic_long_dt_900,741,74.10000000000007,B03_TLV_CFV,cav,not_applicable,8771.342341375557,3.5,29.95440364707341,-0.792455049900982,lane_1,mainline,,normal,none,commit
BASIC-03,basic_long_dt_900,741,74.10000000000007,B03_TLV_CLV,cav,not_applicable,8813.61227902033,3.5,30.04635490624506,0.7918276112233097,lane_1,mainline,,normal,none,commit
BASIC-03,basic_long_dt_900,742,74.20000000000006,B03_MV,cav,not_applicable,7245.999885610161,-3.5,2.8014065855110698e-05,4.0,on_ramp,on_ramp_mv,,normal,not_started,commit
BASIC-03,basic_long_dt_900,742,74.20000000000006,B03_CLV,cav,not_applicable,8859.000000000002,3.5,29.99999999999933,2.799538378894795e-13,lane_1,mainline,,normal,none,commit
BASIC-03,basic_long_dt_900,742,74.20000000000006,B03_CFV,cav,not_applicable,8816.697304822645,0.0,30.000000000009365,-3.9023007047944705e-12,lane_2,mainline,,normal,none,commit
BASIC-03,basic_long_dt_900,742,74.20000000000006,B03_TLV_CFV,cav,not_applicable,8774.338570744401,3.5,29.962293688445147,0.07890041371737844,lane_1,mainline,,normal,none,commit
BASIC-03,basic_long_dt_900,742,74.20000000000006,B03_TLV_CLV,cav,not_applicable,8816.61248400959,3.5,30.002049892617876,-0.44305013627183754,lane_1,mainline,,normal,none,commit
BASIC-03,basic_long_dt_900,743,74.30000000000005,B03_MV,cav,not_applicable,7245.9998883446015,-3.5,2.7344401620614574e-05,4.0,on_ramp,on_ramp_mv,,normal,not_started,commit
BASIC-03,basic_long_dt_900,743,74.30000000000005,B03_CLV,cav,not_applicable,8862.000000000002,3.5,29.999999999999357,2.685851541173179e-13,lane_1,mainline,,normal,none,commit
BASIC-03,basic_long_dt_900,743,74.30000000000005,B03_CFV,cav,not_applicable,8819.697304822645,0.0,30.000000000008992,-3.7459813029272485e-12,lane_2,mainline,,normal,none,commit
BASIC-03,basic_long_dt_900,743,74.30000000000005,B03_TLV_CFV,cav,not_applicable,8777.342718389358,3.5,30.04147644956748,0.7918276112233097,lane_1,mainline,,normal,none,commit
BASIC-03,basic_long_dt_900,743,74.30000000000005,B03_TLV_CLV,cav,not_applicable,8819.616336770465,3.5,30.038527608741088,0.364777161232133,lane_1,mainline,,normal,none,commit
BASIC-03,basic_long_dt_900,744,74.40000000000005,B03_MV,cav,not_applicable,7245.999891013676,-3.5,2.6690745344612405e-05,4.0,on_ramp,on_ramp_mv,,normal,not_started,commit
BASIC-03,basic_long_dt_900,744,74.40000000000005,B03_CLV,cav,not_applicable,8865.000000000002,3.5,29.999999999999382,2.572164703451563e-13,lane_1,mainline,,normal,none,commit
BASIC-03,basic_long_dt_900,744,74.40000000000005,B03_CFV,cav,not_applicable,8822.697304822645,0.0,30.000000000008633,-3.5967673284176275e-12,lane_2,mainline,,normal,none,commit
BASIC-03,basic_long_dt_900,744,74.40000000000005,B03_TLV_CFV,cav,not_applicable,8780.342435532952,3.5,29.997171435940295,-0.44305013627183754,lane_1,mainline,,normal,none,commit
BASIC-03,basic_long_dt_900,744,74.40000000000005,B03_TLV_CLV,cav,not_applicable,8822.61226498084,3.5,29.95928210375099,-0.792455049900982,lane_1,mainline,,normal,none,commit
BASIC-03,basic_long_dt_900,745,74.50000000000004,B03_MV,cav,not_applicable,7245.999893618947,-3.5,2.6052714601476175e-05,4.0,on_ramp,on_ramp_mv,,normal,not_started,commit
BASIC-03,basic_long_dt_900,745,74.50000000000004,B03_CLV,cav,not_applicable,8868.000000000002,3.5,29.999999999999407,2.472688720445149e-13,lane_1,mainline,,normal,none,commit
BASIC-03,basic_long_dt_900,745,74.50000000000004,B03_CFV,cav,not_applicable,8825.697304822645,0.0,30.00000000000829,-3.453237695794087e-12,lane_2,mainline,,normal,none,commit
BASIC-03,basic_long_dt_900,745,74.50000000000004,B03_TLV_CFV,cav,not_applicable,8783.345800448158,3.5,30.033649152063507,0.364777161232133,lane_1,mainline,,normal,none,commit
BASIC-03,basic_long_dt_900,745,74.50000000000004,B03_TLV_CLV,cav,not_applicable,8825.608982195352,3.5,29.967172145122728,0.07890041371737844,lane_1,mainline,,normal,none,commit
BASIC-03,basic_long_dt_900,746,74.60000000000004,B03_MV,cav,not_applicable,7245.99989616194,-3.5,2.5429935662010564e-05,4.0,on_ramp,on_ramp_mv,,normal,not_started,commit
BASIC-03,basic_long_dt_900,746,74.60000000000004,B03_CLV,cav,not_applicable,8871.000000000002,3.5,29.99999999999943,2.3732127374387345e-13,lane_1,mainline,,normal,none,commit
BASIC-03,basic_long_dt_900,746,74.60000000000004,B03_CFV,cav,not_applicable,8828.697304822645,0.0,30.000000000007958,-3.3153924050566276e-12,lane_2,mainline,,normal,none,commit
BASIC-03,basic_long_dt_900,746,74.60000000000004,B03_TLV_CFV,cav,not_applicable,8786.341240812866,3.5,29.95440364707341,-0.792455049900982,lane_1,mainline,,normal,none,commit
BASIC-03,basic_long_dt_900,746,74.60000000000004,B03_TLV_CLV,cav,not_applicable,8828.613617685976,3.5,30.04635490624506,0.7918276112233097,lane_1,mainline,,normal,none,commit
BASIC-03,basic_long_dt_900,747,74.70000000000003,B03_MV,cav,not_applicable,7245.999898644145,-3.5,2.48220439282746e-05,4.0,on_ramp,on_ramp_mv,,normal,not_started,commit
BASIC-03,basic_long_dt_900,747,74.70000000000003,B03_CLV,cav,not_applicable,8874.000000000002,3.5,29.999999999999453,2.2737367544323206e-13,lane_1,mainline,,normal,none,commit
BASIC-03,basic_long_dt_900,747,74.70000000000003,B03_CFV,cav,not_applicable,8831.697304822645,0.0,30.00000000000764,-3.183231456205249e-12,lane_2,mainline,,normal,none,commit
BASIC-03,basic_long_dt_900,747,74.70000000000003,B03_TLV_CFV,cav,not_applicable,8789.33747018171,3.5,29.962293688445147,0.07890041371737844,lane_1,mainline,,normal,none,commit
BASIC-03,basic_long_dt_900,747,74.70000000000003,B03_TLV_CLV,cav,not_applicable,8831.613822675237,3.5,30.002049892617876,-0.44305013627183754,lane_1,mainline,,normal,none,commit
BASIC-03,basic_long_dt_900,748,74.80000000000003,B03_MV,cav,not_applicable,7245.9999010670135,-3.5,2.4228683498759993e-05,4.0,on_ramp,on_ramp_mv,,normal,not_started,commit
BASIC-03,basic_long_dt_900,748,74.80000000000003,B03_CLV,cav,not_applicable,8877.000000000002,3.5,29.999999999999474,2.1884716261411086e-13,lane_1,mainline,,normal,none,commit
BASIC-03,basic_long_dt_900,748,74.80000000000003,B03_CFV,cav,not_applicable,8834.697304822645,0.0,30.000000000007333,-3.055333763768431e-12,lane_2,mainline,,normal,none,commit
BASIC-03,basic_long_dt_900,748,74.80000000000003,B03_TLV_CFV,cav,not_applicable,8792.341617826667,3.5,30.04147644956748,0.7918276112233097,lane_1,mainline,,normal,none,commit
BASIC-03,basic_long_dt_900,748,74.80000000000003,B03_TLV_CLV,cav,not_applicable,8834.617675436111,3.5,30.038527608741088,0.364777161232133,lane_1,mainline,,normal,none,commit
BASIC-03,basic_long_dt_900,749,74.90000000000002,B03_MV,cav,not_applicable,7245.999903431964,-3.5,2.3649507168391173e-05,4.0,on_ramp,on_ramp_mv,,normal,not_started,commit
BASIC-03,basic_long_dt_900,749,74.90000000000002,B03_CLV,cav,not_applicable,8880.000000000002,3.5,29.999999999999496,2.1032064978498967e-13,lane_1,mainline,,normal,none,commit
BASIC-03,basic_long_dt_900,749,74.90000000000002,B03_CFV,cav,not_applicable,8837.697304822645,0.0,30.000000000007038,-2.9331204132176936e-12,lane_2,mainline,,normal,none,commit
BASIC-03,basic_long_dt_900,749,74.90000000000002,B03_TLV_CFV,cav,not_applicable,8795.34133497026,3.5,29.997171435940295,-0.44305013627183754,lane_1,mainline,,normal,none,commit
BASIC-03,basic_long_dt_900,749,74.90000000000002,B03_TLV_CLV,cav,not_applicable,8837.613603646487,3.5,29.95928210375099,-0.792455049900982,lane_1,mainline,,normal,none,commit
BASIC-03,basic_long_dt_900,750,75.00000000000001,B03_MV,cav,not_applicable,7245.999905740382,-3.5,2.3084175776292804e-05,4.0,on_ramp,on_ramp_mv,,normal,not_started,commit
BASIC-03,basic_long_dt_900,750,75.00000000000001,B03_CLV,cav,not_applicable,8883.000000000002,3.5,29.999999999999517,2.0179413695586847e-13,lane_1,mainline,,normal,none,commit
BASIC-03,basic_long_dt_900,750,75.00000000000001,B03_CFV,cav,not_applicable,8840.697304822645,0.0,30.000000000006757,-2.8151703190815173e-12,lane_2,mainline,,normal,none,commit
BASIC-03,basic_long_dt_900,750,75.00000000000001,B03_TLV_CFV,cav,not_applicable,8798.344699885467,3.5,30.033649152063507,0.364777161232133,lane_1,mainline,,normal,none,commit
BASIC-03,basic_long_dt_900,750,75.00000000000001,B03_TLV_CLV,cav,not_applicable,8840.610320860998,3.5,29.967172145122728,0.07890041371737844,lane_1,mainline,,normal,none,commit
BASIC-03,basic_long_dt_900,751,75.10000000000001,B03_MV,cav,not_applicable,7245.999907993618,-3.5,2.253235842320063e-05,4.0,on_ramp,on_ramp_mv,,normal,not_started,commit
BASIC-03,basic_long_dt_900,751,75.10000000000001,B03_CLV,cav,not_applicable,8886.000000000002,3.5,29.999999999999535,1.9326762412674727e-13,lane_1,mainline,,normal,none,commit
BASIC-03,basic_long_dt_900,751,75.10000000000001,B03_CFV,cav,not_applicable,8843.697304822645,0.0,30.000000000006487,-2.7029045668314213e-12,lane_2,mainline,,normal,none,commit
BASIC-03,basic_long_dt_900,751,75.10000000000001,B03_TLV_CFV,cav,not_applicable,8801.340140250175,3.5,29.95440364707341,-0.792455049900982,lane_1,mainline,,normal,none,commit
BASIC-03,basic_long_dt_900,751,75.10000000000001,B03_TLV_CLV,cav,not_applicable,8843.614956351623,3.5,30.04635490624506,0.7918276112233097,lane_1,mainline,,normal,none,commit
BASIC-03,basic_long_dt_900,752,75.2,B03_MV,cav,not_applicable,7245.999910192991,-3.5,2.1993732036639803e-05,4.0,on_ramp,on_ramp_mv,,normal,not_started,commit
BASIC-03,basic_long_dt_900,752,75.2,B03_CLV,cav,not_applicable,8889.000000000002,3.5,29.999999999999552,1.8616219676914627e-13,lane_1,mainline,,normal,none,commit
BASIC-03,basic_long_dt_900,752,75.2,B03_CFV,cav,not_applicable,8846.697304822645,0.0,30.000000000006228,-2.594902070995886e-12,lane_2,mainline,,normal,none,commit
BASIC-03,basic_long_dt_900,752,75.2,B03_TLV_CFV,cav,not_applicable,8804.336369619019,3.5,29.962293688445147,0.07890041371737844,lane_1,mainline,,normal,none,commit
BASIC-03,basic_long_dt_900,752,75.2,B03_TLV_CLV,cav,not_applicable,8846.615161340884,3.5,30.002049892617876,-0.44305013627183754,lane_1,mainline,,normal,none,commit
BASIC-03,basic_long_dt_900,753,75.3,B03_MV,cav,not_applicable,7245.999912339789,-3.5,2.1467981370924933e-05,4.0,on_ramp,on_ramp_mv,,normal,not_started,commit
BASIC-03,basic_long_dt_900,753,75.3,B03_CLV,cav,not_applicable,8892.000000000002,3.5,29.99999999999957,1.7905676941154527e-13,lane_1,mainline,,normal,none,commit
BASIC-03,basic_long_dt_900,753,75.3,B03_CFV,cav,not_applicable,8849.697304822645,0.0,30.00000000000598,-2.4911628315749114e-12,lane_2,mainline,,normal,none,commit
BASIC-03,basic_long_dt_900,753,75.3,B03_TLV_CFV,cav,not_applicable,8807.340517263976,3.5,30.04147644956748,0.7918276112233097,lane_1,mainline,,normal,none,commit
BASIC-03,basic_long_dt_900,753,75.3,B03_TLV_CLV,cav,not_applicable,8849.619014101758,3.5,30.038527608741088,0.364777161232133,lane_1,mainline,,normal,none,commit
BASIC-03,basic_long_dt_900,754,75.39999999999999,B03_MV,cav,not_applicable,7245.999914435269,-3.5,2.095479835492759e-05,4.0,on_ramp,on_ramp_mv,,normal,not_started,commit
BASIC-03,basic_long_dt_900,754,75.39999999999999,B03_CLV,cav,not_applicable,8895.000000000002,3.5,29.999999999999588,1.7195134205394427e-13,lane_1,mainline,,normal,none,commit
BASIC-03,basic_long_dt_900,754,75.39999999999999,B03_CFV,cav,not_applicable,8852.697304822645,0.0,30.00000000000574,-2.3916868485684974e-12,lane_2,mainline,,normal,none,commit
BASIC-03,basic_long_dt_900,754,75.39999999999999,B03_TLV_CFV,cav,not_applicable,8810.34023440757,3.5,29.997171435940295,-0.44305013627183754,lane_1,mainline,,normal,none,commit
BASIC-03,basic_long_dt_900,754,75.39999999999999,B03_TLV_CLV,cav,not_applicable,8852.614942312133,3.5,29.95928210375099,-0.792455049900982,lane_1,mainline,,normal,none,commit
BASIC-03,basic_long_dt_900,755,75.49999999999999,B03_MV,cav,not_applicable,7245.999916480657,-3.5,2.0453882961719597e-05,4.0,on_ramp,on_ramp_mv,,normal,not_started,commit
BASIC-03,basic_long_dt_900,755,75.49999999999999,B03_CLV,cav,not_applicable,8898.000000000002,3.5,29.999999999999606,1.6484591469634326e-13,lane_1,mainline,,normal,none,commit
BASIC-03,basic_long_dt_900,755,75.49999999999999,B03_CFV,cav,not_applicable,8855.697304822645,0.0,30.00000000000551,-2.296474121976644e-12,lane_2,mainline,,normal,none,commit
BASIC-03,basic_long_dt_900,755,75.49999999999999,B03_TLV_CFV,cav,not_applicable,8813.343599322776,3.5,30.033649152063507,0.364777161232133,lane_1,mainline,,normal,none,commit
BASIC-03,basic_long_dt_900,755,75.49999999999999,B03_TLV_CLV,cav,not_applicable,8855.611659526645,3.5,29.967172145122728,0.07890041371737844,lane_1,mainline,,normal,none,commit
BASIC-03,basic_long_dt_900,756,75.59999999999998,B03_MV,cav,not_applicable,7245.999918477151,-3.5,1.9964941686697303e-05,4.0,on_ramp,on_ramp_mv,,normal,not_started,commit
BASIC-03,basic_long_dt_900,756,75.59999999999998,B03_CLV,cav,not_applicable,8901.000000000002,3.5,29.99999999999962,1.5774048733874226e-13,lane_1,mainline,,normal,none,commit
BASIC-03,basic_long_dt_900,756,75.59999999999998,B03_CFV,cav,not_applicable,8858.697304822645,0.0,30.00000000000529,-2.204103566327831e-12,lane_2,mainline,,normal,none,commit
BASIC-03,basic_long_dt_900,756,75.59999999999998,B03_TLV_CFV,cav,not_applicable,8816.339039687484,3.5,29.95440364707341,-0.792455049900982,lane_1,mainline,,normal,none,commit
BASIC-03,basic_long_dt_900,756,75.59999999999998,B03_TLV_CLV,cav,not_applicable,8858.61629501727,3.5,30.04635490624506,0.7918276112233097,lane_1,mainline,,normal,none,commit
BASIC-03,basic_long_dt_900,757,75.69999999999997,B03_MV,cav,not_applicable,7245.99992042592,-3.5,1.9487688199814032e-05,4.0,on_ramp,on_ramp_mv,,normal,not_started,commit
BASIC-03,basic_long_dt_900,757,75.69999999999997,B03_CLV,cav,not_applicable,8904.000000000002,3.5,29.999999999999634,1.5205614545266145e-13,lane_1,mainline,,normal,none,commit
BASIC-03,basic_long_dt_900,757,75.69999999999997,B03_CFV,cav,not_applicable,8861.697304822645,0.0,30.000000000005077,-2.1159962670935784e-12,lane_2,mainline,,normal,none,commit
BASIC-03,basic_long_dt_900,757,75.69999999999997,B03_TLV_CFV,cav,not_applicable,8819.335269056328,3.5,29.962293688445147,0.07890041371737844,lane_1,mainline,,normal,none,commit
BASIC-03,basic_long_dt_900,757,75.69999999999997,B03_TLV_CLV,cav,not_applicable,8861.61650000653,3.5,30.002049892617876,-0.44305013627183754,lane_1,mainline,,normal,none,commit
BASIC-03,basic_long_dt_900,758,75.79999999999997,B03_MV,cav,not_applicable,7245.999922328105,-3.5,1.9021843345580097e-05,4.0,on_ramp,on_ramp_mv,,normal,not_started,commit
BASIC-03,basic_long_dt_900,758,75.79999999999997,B03_CLV,cav,not_applicable,8907.000000000002,3.5,29.99999999999965,1.4637180356658065e-13,lane_1,mainline,,normal,none,commit
BASIC-03,basic_long_dt_900,758,75.79999999999997,B03_CFV,cav,not_applicable,8864.697304822645,0.0,30.000000000004874,-2.0307311388023664e-12,lane_2,mainline,,normal,none,commit
BASIC-03,basic_long_dt_900,758,75.79999999999997,B03_TLV_CFV,cav,not_applicable,8822.339416701285,3.5,30.04147644956748,0.7918276112233097,lane_1,mainline,,normal,none,commit
BASIC-03,basic_long_dt_900,758,75.79999999999997,B03_TLV_CLV,cav,not_applicable,8864.620352767404,3.5,30.038527608741088,0.364777161232133,lane_1,mainline,,normal,none,commit
BASIC-03,basic_long_dt_900,759,75.89999999999996,B03_MV,cav,not_applicable,7245.999924184818,-3.5,1.85671342734195e-05,4.0,on_ramp,on_ramp_mv,,normal,not_started,commit
BASIC-03,basic_long_dt_900,759,75.89999999999996,B03_CLV,cav,not_applicable,8910.000000000002,3.5,29.999999999999662,1.4068746168049984e-13,lane_1,mainline,,normal,none,commit
BASIC-03,basic_long_dt_900,759,75.89999999999996,B03_CFV,cav,not_applicable,8867.697304822645,0.0,30.00000000000468,-1.949729266925715e-12,lane_2,mainline,,normal,none,commit
BASIC-03,basic_long_dt_900,759,75.89999999999996,B03_TLV_CFV,cav,not_applicable,8825.339133844878,3.5,29.997171435940295,-0.44305013627183754,lane_1,mainline,,normal,none,commit
BASIC-03,basic_long_dt_900,759,75.89999999999996,B03_TLV_CLV,cav,not_applicable,8867.61628097778,3.5,29.95928210375099,-0.792455049900982,lane_1,mainline,,normal,none,commit
BASIC-03,basic_long_dt_900,760,75.99999999999996,B03_MV,cav,not_applicable,7245.999925997147,-3.5,1.812329487249161e-05,4.0,on_ramp,on_ramp_mv,,normal,not_started,commit
BASIC-03,basic_long_dt_900,760,75.99999999999996,B03_CLV,cav,not_applicable,8913.000000000002,3.5,29.999999999999677,1.3500311979441904e-13,lane_1,mainline,,normal,none,commit
BASIC-03,basic_long_dt_900,760,75.99999999999996,B03_CFV,cav,not_applicable,8870.697304822645,0.0,30.00000000000449,-1.871569565992104e-12,lane_2,mainline,,normal,none,commit
BASIC-03,basic_long_dt_900,760,75.99999999999996,B03_TLV_CFV,cav,not_applicable,8828.342498760085,3.5,30.033649152063507,0.364777161232133,lane_1,mainline,,normal,none,commit
BASIC-03,basic_long_dt_900,760,75.99999999999996,B03_TLV_CLV,cav,not_applicable,8870.612998192291,3.5,29.967172145122728,0.07890041371737844,lane_1,mainline,,normal,none,commit
BASIC-03,basic_long_dt_900,761,76.09999999999995,B03_MV,cav,not_applicable,7245.999927766154,-3.5,1.7690065336869482e-05,4.0,on_ramp,on_ramp_mv,,normal,not_started,commit
BASIC-03,basic_long_dt_900,761,76.09999999999995,B03_CLV,cav,not_applicable,8916.000000000002,3.5,29.99999999999969,1.2931877790833823e-13,lane_1,mainline,,normal,none,commit
BASIC-03,basic_long_dt_900,761,76.09999999999995,B03_CFV,cav,not_applicable,8873.697304822645,0.0,30.00000000000431,-1.7962520360015334e-12,lane_2,mainline,,normal,none,commit
BASIC-03,basic_long_dt_900,761,76.09999999999995,B03_TLV_CFV,cav,not_applicable,8831.337939124793,3.5,29.95440364707341,-0.792455049900982,lane_1,mainline,,normal,none,commit
BASIC-03,basic_long_dt_900,761,76.09999999999995,B03_TLV_CLV,cav,not_applicable,8873.617633682916,3.5,30.04635490624506,0.7918276112233097,lane_1,mainline,,normal,none,commit
BASIC-03,basic_long_dt_900,762,76.19999999999995,B03_MV,cav,not_applicable,7245.999929492873,-3.5,1.7267191948129072e-05,4.0,on_ramp,on_ramp_mv,,normal,not_started,commit
BASIC-03,basic_long_dt_900,762,76.19999999999995,B03_CLV,cav,not_applicable,8919.000000000002,3.5,29.9999999999997,1.2363443602225745e-13,lane_1,mainline,,normal,none,commit
BASIC-03,basic_long_dt_900,762,76.19999999999995,B03_CFV,cav,not_applicable,8876.697304822645,0.0,30.000000000004135,-1.7237766769540032e-12,lane_2,mainline,,normal,none,commit
BASIC-03,basic_long_dt_900,762,76.19999999999995,B03_TLV_CFV,cav,not_applicable,8834.334168493637,3.5,29.962293688445147,0.07890041371737844,lane_1,mainline,,normal,none,commit
BASIC-03,basic_long_dt_900,762,76.19999999999995,B03_TLV_CLV,cav,not_applicable,8876.617838672177,3.5,30.002049892617876,-0.44305013627183754,lane_1,mainline,,normal,none,commit
BASIC-03,basic_long_dt_900,763,76.29999999999994,B03_MV,cav,not_applicable,7245.999931178316,-3.5,1.685442707534923e-05,4.0,on_ramp,on_ramp_mv,,normal,not_started,commit
BASIC-03,basic_long_dt_900,763,76.29999999999994,B03_CLV,cav,not_applicable,8922.000000000002,3.5,29.999999999999712,1.1937117960769684e-13,lane_1,mainline,,normal,none,commit
BASIC-03,basic_long_dt_900,763,76.29999999999994,B03_CFV,cav,not_applicable,8879.697304822645,0.0,30.00000000000397,-1.6541434888495133e-12,lane_2,mainline,,normal,none,commit
BASIC-03,basic_long_dt_900,763,76.29999999999994,B03_TLV_CFV,cav,not_applicable,8837.338316138594,3.5,30.04147644956748,0.7918276112233097,lane_1,mainline,,normal,none,commit
BASIC-03,basic_long_dt_900,763,76.29999999999994,B03_TLV_CLV,cav,not_applicable,8879.62169143305,3.5,30.038527608741088,0.364777161232133,lane_1,mainline,,normal,none,commit
BASIC-03,basic_long_dt_900,764,76.39999999999993,B03_MV,cav,not_applicable,7245.999932823469,-3.5,1.6451529175111688e-05,4.0,on_ramp,on_ramp_mv,,normal,not_started,commit
BASIC-03,basic_long_dt_900,764,76.39999999999993,B03_CLV,cav,not_applicable,8925.000000000002,3.5,29.999999999999723,1.1510792319313623e-13,lane_1,mainline,,normal,none,commit
BASIC-03,basic_long_dt_900,764,76.39999999999993,B03_CFV,cav,not_applicable,8882.697304822645,0.0,30.00000000000381,-1.5873524716880639e-12,lane_2,mainline,,normal,none,commit
BASIC-03,basic_long_dt_900,764,76.39999999999993,B03_TLV_CFV,cav,not_applicable,8840.338033282187,3.5,29.997171435940295,-0.44305013627183754,lane_1,mainline,,normal,none,commit
BASIC-03,basic_long_dt_900,764,76.39999999999993,B03_TLV_CLV,cav,not_applicable,8882.617619643426,3.5,29.95928210375099,-0.792455049900982,lane_1,mainline,,normal,none,commit
BASIC-03,basic_long_dt_900,765,76.49999999999993,B03_MV,cav,not_applicable,7245.9999344292955,-3.5,1.605826235667944e-05,4.0,on_ramp,on_ramp_mv,,normal,not_started,commit
BASIC-03,basic_long_dt_900,765,76.49999999999993,B03_CLV,cav,not_applicable,8928.000000000002,3.5,29.999999999999734,1.1084466677857564e-13,lane_1,mainline,,normal,none,commit
BASIC-03,basic_long_dt_900,765,76.49999999999993,B03_CFV,cav,not_applicable,8885.697304822645,0.0,30.000000000003656,-1.5234036254696548e-12,lane_2,mainline,,normal,none,commit
BASIC-03,basic_long_dt_900,765,76.49999999999993,B03_TLV_CFV,cav,not_applicable,8843.341398197394,3.5,30.033649152063507,0.364777161232133,lane_1,mainline,,normal,none,commit
BASIC-03,basic_long_dt_900,765,76.49999999999993,B03_TLV_CLV,cav,not_applicable,8885.614336857938,3.5,29.967172145122728,0.07890041371737844,lane_1,mainline,,normal,none,commit
BASIC-03,basic_long_dt_900,766,76.59999999999992,B03_MV,cav,not_applicable,7245.999935996735,-3.5,1.5674396381996727e-05,4.0,on_ramp,on_ramp_mv,,normal,not_started,commit
BASIC-03,basic_long_dt_900,766,76.59999999999992,B03_CLV,cav,not_applicable,8931.000000000002,3.5,29.999999999999744,1.0658141036401503e-13,lane_1,mainline,,normal,none,commit
BASIC-03,basic_long_dt_900,766,76.59999999999992,B03_CFV,cav,not_applicable,8888.697304822645,0.0,30.00000000000351,-1.4622969501942863e-12,lane_2,mainline,,normal,none,commit
BASIC-03,basic_long_dt_900,766,76.59999999999992,B03_TLV_CFV,cav,not_applicable,8846.336838562102,3.5,29.95440364707341,-0.792455049900982,lane_1,mainline,,normal,none,commit
BASIC-03,basic_long_dt_900,766,76.59999999999992,B03_TLV_CLV,cav,not_applicable,8888.618972348562,3.5,30.04635490624506,0.7918276112233097,lane_1,mainline,,normal,none,commit
BASIC-03,basic_long_dt_900,767,76.69999999999992,B03_MV,cav,not_applicable,7245.999937526706,-3.5,1.529970666568906e-05,4.0,on_ramp,on_ramp_mv,,normal,not_started,commit
BASIC-03,basic_long_dt_900,767,76.69999999999992,B03_CLV,cav,not_applicable,8934.000000000002,3.5,29.999999999999755,1.0231815394945443e-13,lane_1,mainline,,normal,none,commit
BASIC-03,basic_long_dt_900,767,76.69999999999992,B03_CFV,cav,not_applicable,8891.697304822645,0.0,30.000000000003368,-1.4040324458619581e-12,lane_2,mainline,,normal,none,commit
BASIC-03,basic_long_dt_900,767,76.69999999999992,B03_TLV_CFV,cav,not_applicable,8849.333067930946,3.5,29.962293688445147,0.07890041371737844,lane_1,mainline,,normal,none,commit
BASIC-03,basic_long_dt_900,767,76.69999999999992,B03_TLV_CLV,cav,not_applicable,8891.619177337823,3.5,30.002049892617876,-0.44305013627183754,lane_1,mainline,,normal,none,commit
BASIC-03,basic_long_dt_900,768,76.79999999999991,B03_MV,cav,not_applicable,7245.999939020104,-3.5,1.4933973622830738e-05,4.0,on_ramp,on_ramp_mv,,normal,not_started,commit
BASIC-03,basic_long_dt_900,768,76.79999999999991,B03_CLV,cav,not_applicable,8937.000000000002,3.5,29.999999999999766,9.805489753489383e-14,lane_1,mainline,,normal,none,commit
BASIC-03,basic_long_dt_900,768,76.79999999999991,B03_CFV,cav,not_applicable,8894.697304822645,0.0,30.000000000003233,-1.3471890270011501e-12,lane_2,mainline,,normal,none,commit
BASIC-03,basic_long_dt_900,768,76.79999999999991,B03_TLV_CFV,cav,not_applicable,8852.337215575903,3.5,30.04147644956748,0.7918276112233097,lane_1,mainline,,normal,none,commit
BASIC-03,basic_long_dt_900,768,76.79999999999991,B03_TLV_CLV,cav,not_applicable,8894.623030098697,3.5,30.038527608741088,0.364777161232133,lane_1,mainline,,normal,none,commit
BASIC-03,basic_long_dt_900,769,76.8999999999999,B03_MV,cav,not_applicable,7245.999940477802,-3.5,1.4576983321177324e-05,4.0,on_ramp,on_ramp_mv,,normal,not_started,commit
BASIC-03,basic_long_dt_900,769,76.8999999999999,B03_CLV,cav,not_applicable,8940.000000000002,3.5,29.999999999999776,9.379164112033323e-14,lane_1,mainline,,normal,none,commit
BASIC-03,basic_long_dt_900,769,76.8999999999999,B03_CFV,cav,not_applicable,8897.697304822645,0.0,30.000000000003105,-1.2931877790833823e-12,lane_2,mainline,,normal,none,commit
BASIC-03,basic_long_dt_900,769,76.8999999999999,B03_TLV_CFV,cav,not_applicable,8855.336932719496,3.5,29.997171435940295,-0.44305013627183754,lane_1,mainline,,normal,none,commit
BASIC-03,basic_long_dt_900,769,76.8999999999999,B03_TLV_CLV,cav,not_applicable,8897.618958309073,3.5,29.95928210375099,-0.792455049900982,lane_1,mainline,,normal,none,commit
BASIC-03,basic_long_dt_900,770,76.9999999999999,B03_MV,cav,not_applicable,7245.999941900654,-3.5,1.4228526828933184e-05,4.0,on_ramp,on_ramp_mv,,normal,not_started,commit
BASIC-03,basic_long_dt_900,770,76.9999999999999,B03_CLV,cav,not_applicable,8943.000000000002,3.5,29.999999999999787,8.952838470577263e-14,lane_1,mainline,,normal,none,commit
BASIC-03,basic_long_dt_900,770,76.9999999999999,B03_CFV,cav,not_applicable,8900.697304822645,0.0,30.00000000000298,-1.2420287021086552e-12,lane_2,mainline,,normal,none,commit
BASIC-03,basic_long_dt_900,770,76.9999999999999,B03_TLV_CFV,cav,not_applicable,8858.340297634702,3.5,30.033649152063507,0.364777161232133,lane_1,mainline,,normal,none,commit
BASIC-03,basic_long_dt_900,770,76.9999999999999,B03_TLV_CLV,cav,not_applicable,8900.615675523584,3.5,29.967172145122728,0.07890041371737844,lane_1,mainline,,normal,none,commit
BASIC-03,basic_long_dt_900,771,77.0999999999999,B03_MV,cav,not_applicable,7245.999943289495,-3.5,1.3888399997340663e-05,4.0,on_ramp,on_ramp_mv,,normal,not_started,commit
BASIC-03,basic_long_dt_900,771,77.0999999999999,B03_CLV,cav,not_applicable,8946.000000000002,3.5,29.999999999999794,8.526512829121202e-14,lane_1,mainline,,normal,none,commit
BASIC-03,basic_long_dt_900,771,77.0999999999999,B03_CFV,cav,not_applicable,8903.697304822645,0.0,30.00000000000286,-1.1922907106054482e-12,lane_2,mainline,,normal,none,commit
BASIC-03,basic_long_dt_900,771,77.0999999999999,B03_TLV_CFV,cav,not_applicable,8861.33573799941,3.5,29.95440364707341,-0.792455049900982,lane_1,mainline,,normal,none,commit
BASIC-03,basic_long_dt_900,771,77.0999999999999,B03_TLV_CLV,cav,not_applicable,8903.620311014209,3.5,30.04635490624506,0.7918276112233097,lane_1,mainline,,normal,none,commit
BASIC-03,basic_long_dt_900,772,77.19999999999989,B03_MV,cav,not_applicable,7245.999944645135,-3.5,1.3556403678090916e-05,4.0,on_ramp,on_ramp_mv,,normal,not_started,commit
BASIC-03,basic_long_dt_900,772,77.19999999999989,B03_CLV,cav,not_applicable,8949.000000000002,3.5,29.9999999999998,8.242295734817163e-14,lane_1,mainline,,normal,none,commit
BASIC-03,basic_long_dt_900,772,77.19999999999989,B03_CFV,cav,not_applicable,8906.697304822645,0.0,30.000000000002746,-1.1439738045737613e-12,lane_2,mainline,,normal,none,commit
BASIC-03,basic_long_dt_900,772,77.19999999999989,B03_TLV_CFV,cav,not_applicable,8864.331967368254,3.5,29.962293688445147,0.07890041371737844,lane_1,mainline,,normal,none,commit
BASIC-03,basic_long_dt_900,772,77.19999999999989,B03_TLV_CLV,cav,not_applicable,8906.62051600347,3.5,30.002049892617876,-0.44305013627183754,lane_1,mainline,,normal,none,commit
BASIC-03,basic_long_dt_900,773,77.29999999999988,B03_MV,cav,not_applicable,7245.9999459683695,-3.5,1.3232343723323897e-05,4.0,on_ramp,on_ramp_mv,,normal,not_started,commit
BASIC-03,basic_long_dt_900,773,77.29999999999988,B03_CLV,cav,not_applicable,8952.000000000002,3.5,29.999999999999808,7.958078640513123e-14,lane_1,mainline,,normal,none,commit
BASIC-03,basic_long_dt_900,773,77.29999999999988,B03_CFV,cav,not_applicable,8909.697304822645,0.0,30.000000000002636,-1.098499069485115e-12,lane_2,mainline,,normal,none,commit
BASIC-03,basic_long_dt_900,773,77.29999999999988,B03_TLV_CFV,cav,not_applicable,8867.336115013211,3.5,30.04147644956748,0.7918276112233097,lane_1,mainline,,normal,none,commit
BASIC-03,basic_long_dt_900,773,77.29999999999988,B03_TLV_CLV,cav,not_applicable,8909.624368764344,3.5,30.038527608741088,0.364777161232133,lane_1,mainline,,normal,none,commit
BASIC-03,basic_long_dt_900,774,77.39999999999988,B03_MV,cav,not_applicable,7245.999947259973,-3.5,1.2916030115985096e-05,4.0,on_ramp,on_ramp_mv,,normal,not_started,commit
BASIC-03,basic_long_dt_900,774,77.39999999999988,B03_CLV,cav,not_applicable,8955.000000000002,3.5,29.999999999999815,7.673861546209083e-14,lane_1,mainline,,normal,none,commit
BASIC-03,basic_long_dt_900,774,77.39999999999988,B03_CFV,cav,not_applicable,8912.697304822645,0.0,30.00000000000253,-1.0544454198679887e-12,lane_2,mainline,,normal,none,commit
BASIC-03,basic_long_dt_900,774,77.39999999999988,B03_TLV_CFV,cav,not_applicable,8870.335832156805,3.5,29.997171435940295,-0.44305013627183754,lane_1,mainline,,normal,none,commit
BASIC-03,basic_long_dt_900,774,77.39999999999988,B03_TLV_CLV,cav,not_applicable,8912.62029697472,3.5,29.95928210375099,-0.792455049900982,lane_1,mainline,,normal,none,commit
BASIC-03,basic_long_dt_900,775,77.49999999999987,B03_MV,cav,not_applicable,7245.999948520701,-3.5,1.2607277839468802e-05,4.0,on_ramp,on_ramp_mv,,normal,not_started,commit
BASIC-03,basic_long_dt_900,775,77.49999999999987,B03_CLV,cav,not_applicable,8958.000000000002,3.5,29.999999999999822,7.389644451905042e-14,lane_1,mainline,,normal,none,commit
BASIC-03,basic_long_dt_900,775,77.49999999999987,B03_CFV,cav,not_applicable,8915.697304822645,0.0,30.00000000000243,-1.0118128557223827e-12,lane_2,mainline,,normal,none,commit
BASIC-03,basic_long_dt_900,775,77.49999999999987,B03_TLV_CFV,cav,not_applicable,8873.339197072011,3.5,30.033649152063507,0.364777161232133,lane_1,mainline,,normal,none,commit
BASIC-03,basic_long_dt_900,775,77.49999999999987,B03_TLV_CLV,cav,not_applicable,8915.61701418923,3.5,29.967172145122728,0.07890041371737844,lane_1,mainline,,normal,none,commit
BASIC-03,basic_long_dt_900,776,77.59999999999987,B03_MV,cav,not_applicable,7245.999949751292,-3.5,1.2305906225385657e-05,4.0,on_ramp,on_ramp_mv,,normal,not_started,commit
BASIC-03,basic_long_dt_900,776,77.59999999999987,B03_CLV,cav,not_applicable,8961.000000000002,3.5,29.99999999999983,7.105427357601002e-14,lane_1,mainline,,normal,none,commit
BASIC-03,basic_long_dt_900,776,77.59999999999987,B03_CFV,cav,not_applicable,8918.697304822645,0.0,30.000000000002334,-9.720224625198171e-13,lane_2,mainline,,normal,none,commit
BASIC-03,basic_long_dt_900,776,77.59999999999987,B03_TLV_CFV,cav,not_applicable,8876.33463743672,3.5,29.95440364707341,-0.792455049900982,lane_1,mainline,,normal,none,commit
BASIC-03,basic_long_dt_900,776,77.59999999999987,B03_TLV_CLV,cav,not_applicable,8918.621649679855,3.5,30.04635490624506,0.7918276112233097,lane_1,mainline,,normal,none,commit
BASIC-03,basic_long_dt_900,777,77.69999999999986,B03_MV,cav,not_applicable,7245.999950952466,-3.5,1.2011738736151834e-05,4.0,on_ramp,on_ramp_mv,,normal,not_started,commit
BASIC-03,basic_long_dt_900,777,77.69999999999986,B03_CLV,cav,not_applicable,8964.000000000002,3.5,29.999999999999837,6.821210263296963e-14,lane_1,mainline,,normal,none,commit
BASIC-03,basic_long_dt_900,777,77.69999999999986,B03_CFV,cav,not_applicable,8921.697304822645,0.0,30.00000000000224,-9.336531547887717e-13,lane_2,mainline,,normal,none,commit
BASIC-03,basic_long_dt_900,777,77.69999999999986,B03_TLV_CFV,cav,not_applicable,8879.330866805563,3.5,29.962293688445147,0.07890041371737844,lane_1,mainline,,normal,none,commit
BASIC-03,basic_long_dt_900,777,77.69999999999986,B03_TLV_CLV,cav,not_applicable,8921.621854669116,3.5,30.002049892617876,-0.44305013627183754,lane_1,mainline,,normal,none,commit
BASIC-03,basic_long_dt_900,778,77.79999999999986,B03_MV,cav,not_applicable,7245.9999521249265,-3.5,1.172460318239986e-05,4.0,on_ramp,on_ramp_mv,,normal,not_started,commit
BASIC-03,basic_long_dt_900,778,77.79999999999986,B03_CLV,cav,not_applicable,8967.000000000002,3.5,29.999999999999844,6.536993168992922e-14,lane_1,mainline,,normal,none,commit
BASIC-03,basic_long_dt_900,778,77.79999999999986,B03_CFV,cav,not_applicable,8924.697304822645,0.0,30.000000000002153,-8.967049325292465e-13,lane_2,mainline,,normal,none,commit
BASIC-03,basic_long_dt_900,778,77.79999999999986,B03_TLV_CFV,cav,not_applicable,8882.33501445052,3.5,30.04147644956748,0.7918276112233097,lane_1,mainline,,normal,none,commit
BASIC-03,basic_long_dt_900,778,77.79999999999986,B03_TLV_CLV,cav,not_applicable,8924.62570742999,3.5,30.038527608741088,0.364777161232133,lane_1,mainline,,normal,none,commit
BASIC-03,basic_long_dt_900,779,77.89999999999985,B03_MV,cav,not_applicable,7245.99995326936,-3.5,1.1444331505567793e-05,4.0,on_ramp,on_ramp_mv,,normal,not_started,commit
BASIC-03,basic_long_dt_900,779,77.89999999999985,B03_CLV,cav,not_applicable,8970.000000000002,3.5,29.99999999999985,6.252776074688882e-14,lane_1,mainline,,normal,none,commit
BASIC-03,basic_long_dt_900,779,77.89999999999985,B03_CFV,cav,not_applicable,8927.697304822645,0.0,30.000000000002068,-8.611777957412414e-13,lane_2,mainline,,normal,none,commit
BASIC-03,basic_long_dt_900,779,77.89999999999985,B03_TLV_CFV,cav,not_applicable,8885.334731594114,3.5,29.997171435940295,-0.44305013627183754,lane_1,mainline,,normal,none,commit
BASIC-03,basic_long_dt_900,779,77.89999999999985,B03_TLV_CLV,cav,not_applicable,8927.621635640366,3.5,29.95928210375099,-0.792455049900982,lane_1,mainline,,normal,none,commit
BASIC-03,basic_long_dt_900,780,77.99999999999984,B03_MV,cav,not_applicable,7245.999954386436,-3.5,1.1170759560488402e-05,4.0,on_ramp,on_ramp_mv,,normal,not_started,commit
BASIC-03,basic_long_dt_900,780,77.99999999999984,B03_CLV,cav,not_applicable,8973.000000000002,3.5,29.999999999999858,5.968558980384842e-14,lane_1,mainline,,normal,none,commit
BASIC-03,basic_long_dt_900,780,77.99999999999984,B03_CFV,cav,not_applicable,8930.697304822645,0.0,30.000000000001986,-8.270717444247567e-13,lane_2,mainline,,normal,none,commit
BASIC-03,basic_long_dt_900,780,77.99999999999984,B03_TLV_CFV,cav,not_applicable,8888.33809650932,3.5,30.033649152063507,0.364777161232133,lane_1,mainline,,normal,none,commit
BASIC-03,basic_long_dt_900,780,77.99999999999984,B03_TLV_CLV,cav,not_applicable,8930.618352854877,3.5,29.967172145122728,0.07890041371737844,lane_1,mainline,,normal,none,commit
BASIC-03,basic_long_dt_900,781,78.09999999999984,B03_MV,cav,not_applicable,7245.999955476808,-3.5,1.0903727332799995e-05,4.0,on_ramp,on_ramp_mv,,normal,not_started,commit
BASIC-03,basic_long_dt_900,781,78.09999999999984,B03_CLV,cav,not_applicable,8976.000000000002,3.5,29.999999999999865,5.684341886080802e-14,lane_1,mainline,,normal,none,commit
BASIC-03,basic_long_dt_900,781,78.09999999999984,B03_CFV,cav,not_applicable,8933.697304822645,0.0,30.000000000001908,-7.943867785797921e-13,lane_2,mainline,,normal,none,commit
BASIC-03,basic_long_dt_900,781,78.09999999999984,B03_TLV_CFV,cav,not_applicable,8891.333536874028,3.5,29.95440364707341,-0.792455049900982,lane_1,mainline,,normal,none,commit
BASIC-03,basic_long_dt_900,781,78.09999999999984,B03_TLV_CLV,cav,not_applicable,8933.622988345502,3.5,30.04635490624506,0.7918276112233097,lane_1,mainline,,normal,none,commit
BASIC-03,basic_long_dt_900,782,78.19999999999983,B03_MV,cav,not_applicable,7245.999956541116,-3.5,1.0643078504124775e-05,4.0,on_ramp,on_ramp_mv,,normal,not_started,commit
BASIC-03,basic_long_dt_900,782,78.19999999999983,B03_CLV,cav,not_applicable,8979.000000000002,3.5,29.999999999999872,5.400124791776762e-14,lane_1,mainline,,normal,none,commit
BASIC-03,basic_long_dt_900,782,78.19999999999983,B03_CFV,cav,not_applicable,8936.697304822645,0.0,30.000000000001833,-7.631228982063476e-13,lane_2,mainline,,normal,none,commit
BASIC-03,basic_long_dt_900,782,78.19999999999983,B03_TLV_CFV,cav,not_applicable,8894.329766242872,3.5,29.962293688445147,0.07890041371737844,lane_1,mainline,,normal,none,commit
BASIC-03,basic_long_dt_900,782,78.19999999999983,B03_TLV_CLV,cav,not_applicable,8936.623193334763,3.5,30.002049892617876,-0.44305013627183754,lane_1,mainline,,normal,none,commit
BASIC-03,basic_long_dt_900,783,78.29999999999983,B03_MV,cav,not_applicable,7245.999957579982,-3.5,1.0388660234658028e-05,4.0,on_ramp,on_ramp_mv,,normal,not_started,commit
BASIC-03,basic_long_dt_900,783,78.29999999999983,B03_CLV,cav,not_applicable,8982.000000000002,3.5,29.999999999999876,5.1159076974727215e-14,lane_1,mainline,,normal,none,commit
BASIC-03,basic_long_dt_900,783,78.29999999999983,B03_CFV,cav,not_applicable,8939.697304822645,0.0,30.00000000000176,-7.332801033044234e-13,lane_2,mainline,,normal,none,commit
BASIC-03,basic_long_dt_900,783,78.29999999999983,B03_TLV_CFV,cav,not_applicable,8897.33391388783,3.5,30.04147644956748,0.7918276112233097,lane_1,mainline,,normal,none,commit
BASIC-03,basic_long_dt_900,783,78.29999999999983,B03_TLV_CLV,cav,not_applicable,8939.627046095637,3.5,30.038527608741088,0.364777161232133,lane_1,mainline,,normal,none,commit
BASIC-03,basic_long_dt_900,784,78.39999999999982,B03_MV,cav,not_applicable,7245.999958594014,-3.5,1.0140323815400568e-05,4.0,on_ramp,on_ramp_mv,,normal,not_started,commit
BASIC-03,basic_long_dt_900,784,78.39999999999982,B03_CLV,cav,not_applicable,8985.000000000002,3.5,29.99999999999988,4.973799150320701e-14,lane_1,mainline,,normal,none,commit
BASIC-03,basic_long_dt_900,784,78.39999999999982,B03_CFV,cav,not_applicable,8942.697304822645,0.0,30.000000000001688,-7.034373084024992e-13,lane_2,mainline,,normal,none,commit
BASIC-03,basic_long_dt_900,784,78.39999999999982,B03_TLV_CFV,cav,not_applicable,8900.333631031423,3.5,29.997171435940295,-0.44305013627183754,lane_1,mainline,,normal,none,commit
BASIC-03,basic_long_dt_900,784,78.39999999999982,B03_TLV_CLV,cav,not_applicable,8942.622974306012,3.5,29.95928210375099,-0.792455049900982,lane_1,mainline,,normal,none,commit
BASIC-03,basic_long_dt_900,785,78.49999999999982,B03_MV,cav,not_applicable,7245.999959583806,-3.5,9.897923798515476e-06,4.0,on_ramp,on_ramp_mv,,normal,not_started,commit
BASIC-03,basic_long_dt_900,785,78.49999999999982,B03_CLV,cav,not_applicable,8988.000000000002,3.5,29.999999999999883,4.831690603168682e-14,lane_1,mainline,,normal,none,commit
BASIC-03,basic_long_dt_900,785,78.49999999999982,B03_CFV,cav,not_applicable,8945.697304822645,0.0,30.00000000000162,-6.750155989720952e-13,lane_2,mainline,,normal,none,commit
BASIC-03,basic_long_dt_900,785,78.49999999999982,B03_TLV_CFV,cav,not_applicable,8903.336995946629,3.5,30.033649152063507,0.364777161232133,lane_1,mainline,,normal,none,commit
BASIC-03,basic_long_dt_900,785,78.49999999999982,B03_TLV_CLV,cav,not_applicable,8945.619691520524,3.5,29.967172145122728,0.07890041371737844,lane_1,mainline,,normal,none,commit
BASIC-03,basic_long_dt_900,786,78.59999999999981,B03_MV,cav,not_applicable,7245.999960549938,-3.5,9.661318214738911e-06,4.0,on_ramp,on_ramp_mv,,normal,not_started,commit
BASIC-03,basic_long_dt_900,786,78.59999999999981,B03_CLV,cav,not_applicable,8991.000000000002,3.5,29.999999999999886,4.6895820560166616e-14,lane_1,mainline,,normal,none,commit
BASIC-03,basic_long_dt_900,786,78.59999999999981,B03_CFV,cav,not_applicable,8948.697304822645,0.0,30.000000000001556,-6.480149750132114e-13,lane_2,mainline,,normal,none,commit
BASIC-03,basic_long_dt_900,786,78.59999999999981,B03_TLV_CFV,cav,not_applicable,8906.332436311337,3.5,29.95440364707341,-0.792455049900982,lane_1,mainline,,normal,none,commit
BASIC-03,basic_long_dt_900,786,78.59999999999981,B03_TLV_CLV,cav,not_applicable,8948.624327011148,3.5,30.04635490624506,0.7918276112233097,lane_1,mainline,,normal,none,commit
BASIC-03,basic_long_dt_900,787,78.6999999999998,B03_MV,cav,not_applicable,7245.999961492975,-3.5,9.430368573380113e-06,4.0,on_ramp,on_ramp_mv,,normal,not_started,commit
BASIC-03,basic_long_dt_900,787,78.6999999999998,B03_CLV,cav,not_applicable,8994.000000000002,3.5,29.99999999999989,4.5474735088646414e-14,lane_1,mainline,,normal,none,commit
BASIC-03,basic_long_dt_900,787,78.6999999999998,B03_CFV,cav,not_applicable,8951.697304822645,0.0,30.000000000001492,-6.224354365258478e-13,lane_2,mainline,,normal,none,commit
BASIC-03,basic_long_dt_900,787,78.6999999999998,B03_TLV_CFV,cav,not_applicable,8909.328665680181,3.5,29.962293688445147,0.07890041371737844,lane_1,mainline,,normal,none,commit
BASIC-03,basic_long_dt_900,787,78.6999999999998,B03_TLV_CLV,cav,not_applicable,8951.624532000409,3.5,30.002049892617876,-0.44305013627183754,lane_1,mainline,,normal,none,commit
BASIC-03,basic_long_dt_900,788,78.7999999999998,B03_MV,cav,not_applicable,7245.999962413469,-3.5,9.204939644910587e-06,4.0,on_ramp,on_ramp_mv,,normal,not_started,commit
BASIC-03,basic_long_dt_900,788,78.7999999999998,B03_CLV,cav,not_applicable,8997.000000000002,3.5,29.999999999999893,4.405364961712621e-14,lane_1,mainline,,normal,none,commit
BASIC-03,basic_long_dt_900,788,78.7999999999998,B03_CFV,cav,not_applicable,8954.697304822645,0.0,30.00000000000143,-5.968558980384842e-13,lane_2,mainline,,normal,none,commit
BASIC-03,basic_long_dt_900,788,78.7999999999998,B03_TLV_CFV,cav,not_applicable,8912.332813325138,3.5,30.04147644956748,0.7918276112233097,lane_1,mainline,,normal,none,commit
BASIC-03,basic_long_dt_900,788,78.7999999999998,B03_TLV_CLV,cav,not_applicable,8954.628384761283,3.5,30.038527608741088,0.364777161232133,lane_1,mainline,,normal,none,commit
BASIC-03,basic_long_dt_900,789,78.89999999999979,B03_MV,cav,not_applicable,7245.999963311959,-3.5,8.984899460964095e-06,4.0,on_ramp,on_ramp_mv,,normal,not_started,commit
BASIC-03,basic_long_dt_900,789,78.89999999999979,B03_CLV,cav,not_applicable,9000.000000000002,3.5,29.999999999999897,4.263256414560601e-14,lane_1,mainline,,normal,none,commit
BASIC-03,basic_long_dt_900,789,78.89999999999979,B03_CFV,cav,not_applicable,8957.697304822645,0.0,30.000000000001375,-5.726974450226408e-13,lane_2,mainline,,normal,none,commit
BASIC-03,basic_long_dt_900,789,78.89999999999979,B03_TLV_CFV,cav,not_applicable,8915.332530468731,3.5,29.997171435940295,-0.44305013627183754,lane_1,mainline,,normal,none,commit
BASIC-03,basic_long_dt_900,789,78.89999999999979,B03_TLV_CLV,cav,not_applicable,8957.624312971659,3.5,29.95928210375099,-0.792455049900982,lane_1,mainline,,normal,none,commit
BASIC-03,basic_long_dt_900,790,78.99999999999979,B03_MV,cav,not_applicable,7245.999964188971,-3.5,8.770119314336669e-06,4.0,on_ramp,on_ramp_mv,,normal,not_started,commit
BASIC-03,basic_long_dt_900,790,78.99999999999979,B03_CLV,cav,not_applicable,9003.000000000002,3.5,29.9999999999999,4.1211478674085816e-14,lane_1,mainline,,normal,none,commit
BASIC-03,basic_long_dt_900,790,78.99999999999979,B03_CFV,cav,not_applicable,8960.697304822645,0.0,30.00000000000132,-5.499600774783176e-13,lane_2,mainline,,normal,none,commit
BASIC-03,basic_long_dt_900,790,78.99999999999979,B03_TLV_CFV,cav,not_applicable,8918.335895383938,3.5,30.033649152063507,0.364777161232133,lane_1,mainline,,normal,none,commit
BASIC-03,basic_long_dt_900,790,78.99999999999979,B03_TLV_CLV,cav,not_applicable,8960.62103018617,3.5,29.967172145122728,0.07890041371737844,lane_1,mainline,,normal,none,commit
BASIC-03,basic_long_dt_900,791,79.09999999999978,B03_MV,cav,not_applicable,7245.999965045018,-3.5,8.560473324164964e-06,4.0,on_ramp,on_ramp_mv,,normal,not_started,commit
BASIC-03,basic_long_dt_900,791,79.09999999999978,B03_CLV,cav,not_applicable,9006.000000000002,3.5,29.999999999999904,3.9790393202565614e-14,lane_1,mainline,,normal,none,commit
BASIC-03,basic_long_dt_900,791,79.09999999999978,B03_CFV,cav,not_applicable,8963.697304822645,0.0,30.00000000000127,-5.286437954055146e-13,lane_2,mainline,,normal,none,commit
BASIC-03,basic_long_dt_900,791,79.09999999999978,B03_TLV_CFV,cav,not_applicable,8921.331335748646,3.5,29.95440364707341,-0.792455049900982,lane_1,mainline,,normal,none,commit
BASIC-03,basic_long_dt_900,791,79.09999999999978,B03_TLV_CLV,cav,not_applicable,8963.625665676795,3.5,30.04635490624506,0.7918276112233097,lane_1,mainline,,normal,none,commit
BASIC-03,basic_long_dt_900,792,79.19999999999978,B03_MV,cav,not_applicable,7245.999965880602,-3.5,8.355838870747897e-06,4.0,on_ramp,on_ramp_mv,,normal,not_started,commit
BASIC-03,basic_long_dt_900,792,79.19999999999978,B03_CLV,cav,not_applicable,9009.000000000002,3.5,29.999999999999908,3.836930773104541e-14,lane_1,mainline,,normal,none,commit
BASIC-03,basic_long_dt_900,792,79.19999999999978,B03_CFV,cav,not_applicable,8966.697304822645,0.0,30.00000000000122,-5.073275133327116e-13,lane_2,mainline,,normal,none,commit
BASIC-03,basic_long_dt_900,792,79.19999999999978,B03_TLV_CFV,cav,not_applicable,8924.32756511749,3.5,29.962293688445147,0.07890041371737844,lane_1,mainline,,normal,none,commit
BASIC-03,basic_long_dt_900,792,79.19999999999978,B03_TLV_CLV,cav,not_applicable,8966.625870666056,3.5,30.002049892617876,-0.44305013627183754,lane_1,mainline,,normal,none,commit
BASIC-03,basic_long_dt_900,793,79.29999999999977,B03_MV,cav,not_applicable,7245.999966696211,-3.5,8.156096160725019e-06,4.0,on_ramp,on_ramp_mv,,normal,not_started,commit
BASIC-03,basic_long_dt_900,793,79.29999999999977,B03_CLV,cav,not_applicable,9012.000000000002,3.5,29.99999999999991,3.694822225952521e-14,lane_1,mainline,,normal,none,commit
BASIC-03,basic_long_dt_900,793,79.29999999999977,B03_CFV,cav,not_applicable,8969.697304822645,0.0,30.00000000000117,-4.874323167314288e-13,lane_2,mainline,,normal,none,commit
BASIC-03,basic_long_dt_900,793,79.29999999999977,B03_TLV_CFV,cav,not_applicable,8927.331712762447,3.5,30.04147644956748,0.7918276112233097,lane_1,mainline,,normal,none,commit
BASIC-03,basic_long_dt_900,793,79.29999999999977,B03_TLV_CLV,cav,not_applicable,8969.62972342693,3.5,30.038527608741088,0.364777161232133,lane_1,mainline,,normal,none,commit
BASIC-03,basic_long_dt_900,794,79.39999999999976,B03_MV,cav,not_applicable,7245.999967492324,-3.5,7.961128227076501e-06,4.0,on_ramp,on_ramp_mv,,normal,not_started,commit
BASIC-03,basic_long_dt_900,794,79.39999999999976,B03_CLV,cav,not_applicable,9015.000000000002,3.5,29.999999999999915,3.552713678800501e-14,lane_1,mainline,,normal,none,commit
BASIC-03,basic_long_dt_900,794,79.39999999999976,B03_CFV,cav,not_applicable,8972.697304822645,0.0,30.000000000001123,-4.675371201301459e-13,lane_2,mainline,,normal,none,commit
BASIC-03,basic_long_dt_900,794,79.39999999999976,B03_TLV_CFV,cav,not_applicable,8930.33142990604,3.5,29.997171435940295,-0.44305013627183754,lane_1,mainline,,normal,none,commit
BASIC-03,basic_long_dt_900,794,79.39999999999976,B03_TLV_CLV,cav,not_applicable,8972.625651637305,3.5,29.95928210375099,-0.792455049900982,lane_1,mainline,,normal,none,commit
BASIC-03,basic_long_dt_900,795,79.49999999999976,B03_MV,cav,not_applicable,7245.999968269406,-3.5,7.770820929123147e-06,4.0,on_ramp,on_ramp_mv,,normal,not_started,commit
BASIC-03,basic_long_dt_900,795,79.49999999999976,B03_CLV,cav,not_applicable,9018.000000000002,3.5,29.99999999999992,3.4106051316484814e-14,lane_1,mainline,,normal,none,commit
BASIC-03,basic_long_dt_900,795,79.49999999999976,B03_CFV,cav,not_applicable,8975.697304822645,0.0,30.000000000001076,-4.4906300900038334e-13,lane_2,mainline,,normal,none,commit
BASIC-03,basic_long_dt_900,795,79.49999999999976,B03_TLV_CFV,cav,not_applicable,8933.334794821247,3.5,30.033649152063507,0.364777161232133,lane_1,mainline,,normal,none,commit
BASIC-03,basic_long_dt_900,795,79.49999999999976,B03_TLV_CLV,cav,not_applicable,8975.622368851817,3.5,29.967172145122728,0.07890041371737844,lane_1,mainline,,normal,none,commit
BASIC-03,basic_long_dt_900,796,79.59999999999975,B03_MV,cav,not_applicable,7245.999969027912,-3.5,7.58506273511557e-06,4.0,on_ramp,on_ramp_mv,,normal,not_started,commit
BASIC-03,basic_long_dt_900,796,79.59999999999975,B03_CLV,cav,not_applicable,9021.000000000002,3.5,29.999999999999922,3.268496584496461e-14,lane_1,mainline,,normal,none,commit
BASIC-03,basic_long_dt_900,796,79.59999999999975,B03_CFV,cav,not_applicable,8978.697304822645,0.0,30.000000000001034,-4.305888978706207e-13,lane_2,mainline,,normal,none,commit
BASIC-03,basic_long_dt_900,796,79.59999999999975,B03_TLV_CFV,cav,not_applicable,8936.330235185955,3.5,29.95440364707341,-0.792455049900982,lane_1,mainline,,normal,none,commit
BASIC-03,basic_long_dt_900,796,79.59999999999975,B03_TLV_CLV,cav,not_applicable,8978.627004342441,3.5,30.04635490624506,0.7918276112233097,lane_1,mainline,,normal,none,commit
BASIC-03,basic_long_dt_900,797,79.69999999999975,B03_MV,cav,not_applicable,7245.999969768286,-3.5,7.403745157055826e-06,4.0,on_ramp,on_ramp_mv,,normal,not_started,commit
BASIC-03,basic_long_dt_900,797,79.69999999999975,B03_CLV,cav,not_applicable,9024.000000000002,3.5,29.999999999999925,3.126388037344441e-14,lane_1,mainline,,normal,none,commit
BASIC-03,basic_long_dt_900,797,79.69999999999975,B03_CFV,cav,not_applicable,8981.697304822645,0.0,30.00000000000099,-4.1353587221237833e-13,lane_2,mainline,,normal,none,commit
BASIC-03,basic_long_dt_900,797,79.69999999999975,B03_TLV_CFV,cav,not_applicable,8939.326464554799,3.5,29.962293688445147,0.07890041371737844,lane_1,mainline,,normal,none,commit
BASIC-03,basic_long_dt_900,797,79.69999999999975,B03_TLV_CLV,cav,not_applicable,8981.627209331702,3.5,30.002049892617876,-0.44305013627183754,lane_1,mainline,,normal,none,commit
BASIC-03,basic_long_dt_900,798,79.79999999999974,B03_MV,cav,not_applicable,7245.999970490962,-3.5,7.226761881054149e-06,4.0,on_ramp,on_ramp_mv,,normal,not_started,commit
BASIC-03,basic_long_dt_900,798,79.79999999999974,B03_CLV,cav,not_applicable,9027.000000000002,3.5,29.99999999999993,2.984279490192421e-14,lane_1,mainline,,normal,none,commit
BASIC-03,basic_long_dt_900,798,79.79999999999974,B03_CFV,cav,not_applicable,8984.697304822645,0.0,30.000000000000952,-3.9648284655413593e-13,lane_2,mainline,,normal,none,commit
BASIC-03,basic_long_dt_900,798,79.79999999999974,B03_TLV_CFV,cav,not_applicable,8942.330612199756,3.5,30.04147644956748,0.7918276112233097,lane_1,mainline,,normal,none,commit
BASIC-03,basic_long_dt_900,798,79.79999999999974,B03_TLV_CLV,cav,not_applicable,8984.631062092576,3.5,30.038527608741088,0.364777161232133,lane_1,mainline,,normal,none,commit
BASIC-03,basic_long_dt_900,799,79.89999999999974,B03_MV,cav,not_applicable,7245.999971196364,-3.5,7.054009202150583e-06,4.0,on_ramp,on_ramp_mv,,normal,not_started,commit
BASIC-03,basic_long_dt_900,799,79.89999999999974,B03_CLV,cav,not_applicable,9030.000000000002,3.5,29.999999999999932,2.842170943040401e-14,lane_1,mainline,,normal,none,commit
BASIC-03,basic_long_dt_900,799,79.89999999999974,B03_CFV,cav,not_applicable,8987.697304822645,0.0,30.000000000000913,-3.808509063674137e-13,lane_2,mainline,,normal,none,commit
BASIC-03,basic_long_dt_900,799,79.89999999999974,B03_TLV_CFV,cav,not_applicable,8945.33032934335,3.5,29.997171435940295,-0.44305013627183754,lane_1,mainline,,normal,none,commit
BASIC-03,basic_long_dt_900,799,79.89999999999974,B03_TLV_CLV,cav,not_applicable,8987.626990302952,3.5,29.95928210375099,-0.792455049900982,lane_1,mainline,,normal,none,commit
BASIC-03,basic_long_dt_900,800,79.99999999999973,B03_MV,cav,not_applicable,7245.999971884902,-3.5,6.8853860243149805e-06,4.0,on_ramp,on_ramp_mv,,normal,not_started,commit
BASIC-03,basic_long_dt_900,800,79.99999999999973,B03_CLV,cav,not_applicable,9033.000000000002,3.5,29.999999999999936,2.700062395888381e-14,lane_1,mainline,,normal,none,commit
BASIC-03,basic_long_dt_900,800,79.99999999999973,B03_CFV,cav,not_applicable,8990.697304822645,0.0,30.000000000000878,-3.6521896618069154e-13,lane_2,mainline,,normal,none,commit
BASIC-03,basic_long_dt_900,800,79.99999999999973,B03_TLV_CFV,cav,not_applicable,8948.333694258556,3.5,30.033649152063507,0.364777161232133,lane_1,mainline,,normal,none,commit
BASIC-03,basic_long_dt_900,800,79.99999999999973,B03_TLV_CLV,cav,not_applicable,8990.623707517463,3.5,29.967172145122728,0.07890041371737844,lane_1,mainline,,normal,none,commit
BASIC-03,basic_long_dt_900,801,80.09999999999972,B03_MV,cav,not_applicable,7245.999972556981,-3.5,6.720793860447005e-06,4.0,on_ramp,on_ramp_mv,,normal,not_started,commit
BASIC-03,basic_long_dt_900,801,80.09999999999972,B03_CLV,cav,not_applicable,9036.000000000002,3.5,29.99999999999994,2.5579538487363607e-14,lane_1,mainline,,normal,none,commit
BASIC-03,basic_long_dt_900,801,80.09999999999972,B03_CFV,cav,not_applicable,8993.697304822645,0.0,30.000000000000842,-3.5100811146548953e-13,lane_2,mainline,,normal,none,commit
BASIC-03,basic_long_dt_900,801,80.09999999999972,B03_TLV_CFV,cav,not_applicable,8951.329134623264,3.5,29.95440364707341,-0.792455049900982,lane_1,mainline,,normal,none,commit
BASIC-03,basic_long_dt_900,801,80.09999999999972,B03_TLV_CLV,cav,not_applicable,8993.628343008088,3.5,30.04635490624506,0.7918276112233097,lane_1,mainline,,normal,none,commit
BASIC-03,basic_long_dt_900,802,80.19999999999972,B03_MV,cav,not_applicable,7245.999973212995,-3.5,6.5601361801436784e-06,4.0,on_ramp,on_ramp_mv,,normal,not_started,commit
BASIC-03,basic_long_dt_900,802,80.19999999999972,B03_CLV,cav,not_applicable,9039.000000000002,3.5,29.999999999999943,2.415845301584341e-14,lane_1,mainline,,normal,none,commit
BASIC-03,basic_long_dt_900,802,80.19999999999972,B03_CFV,cav,not_applicable,8996.697304822645,0.0,30.00000000000081,-3.3679725675028753e-13,lane_2,mainline,,normal,none,commit
BASIC-03,basic_long_dt_900,802,80.19999999999972,B03_TLV_CFV,cav,not_applicable,8954.325363992108,3.5,29.962293688445147,0.07890041371737844,lane_1,mainline,,normal,none,commit
BASIC-03,basic_long_dt_900,802,80.19999999999972,B03_TLV_CLV,cav,not_applicable,8996.628547997349,3.5,30.002049892617876,-0.44305013627183754,lane_1,mainline,,normal,none,commit
BASIC-03,basic_long_dt_900,803,80.29999999999971,B03_MV,cav,not_applicable,7245.999973853327,-3.5,6.4033188445210145e-06,4.0,on_ramp,on_ramp_mv,,normal,not_started,commit
BASIC-03,basic_long_dt_900,803,80.29999999999971,B03_CLV,cav,not_applicable,9042.000000000002,3.5,29.999999999999947,2.2737367544323207e-14,lane_1,mainline,,normal,none,commit
BASIC-03,basic_long_dt_900,803,80.29999999999971,B03_CFV,cav,not_applicable,8999.697304822645,0.0,30.000000000000778,-3.240074875066057e-13,lane_2,mainline,,normal,none,commit
BASIC-03,basic_long_dt_900,803,80.29999999999971,B03_TLV_CFV,cav,not_applicable,8957.329511637065,3.5,30.04147644956748,0.7918276112233097,lane_1,mainline,,normal,none,commit
BASIC-03,basic_long_dt_900,803,80.29999999999971,B03_TLV_CLV,cav,not_applicable,8999.632400758223,3.5,30.038527608741088,0.364777161232133,lane_1,mainline,,normal,none,commit
BASIC-03,basic_long_dt_900,804,80.39999999999971,B03_MV,cav,not_applicable,7245.999974478352,-3.5,6.250250323624838e-06,4.0,on_ramp,on_ramp_mv,,normal,not_started,commit
BASIC-03,basic_long_dt_900,804,80.39999999999971,B03_CLV,cav,not_applicable,9045.000000000002,3.5,29.99999999999995,2.1316282072803006e-14,lane_1,mainline,,normal,none,commit
BASIC-03,basic_long_dt_900,804,80.39999999999971,B03_CFV,cav,not_applicable,9002.697304822645,0.0,30.000000000000746,-3.112177182629239e-13,lane_2,mainline,,normal,none,commit
BASIC-03,basic_long_dt_900,804,80.39999999999971,B03_TLV_CFV,cav,not_applicable,8960.329228780658,3.5,29.997171435940295,-0.44305013627183754,lane_1,mainline,,normal,none,commit
BASIC-03,basic_long_dt_900,804,80.39999999999971,B03_TLV_CLV,cav,not_applicable,9002.628328968598,3.5,29.95928210375099,-0.792455049900982,lane_1,mainline,,normal,none,commit
BASIC-03,basic_long_dt_900,805,80.4999999999997,B03_MV,cav,not_applicable,7245.999975088436,-3.5,6.100840826787513e-06,4.0,on_ramp,on_ramp_mv,,normal,not_started,commit
BASIC-03,basic_long_dt_900,805,80.4999999999997,B03_CLV,cav,not_applicable,9048.000000000002,3.5,29.999999999999954,1.9895196601282807e-14,lane_1,mainline,,normal,none,commit
BASIC-03,basic_long_dt_900,805,80.4999999999997,B03_CFV,cav,not_applicable,9005.697304822645,0.0,30.000000000000718,-2.984279490192421e-13,lane_2,mainline,,normal,none,commit
BASIC-03,basic_long_dt_900,805,80.4999999999997,B03_TLV_CFV,cav,not_applicable,8963.332593695864,3.5,30.033649152063507,0.364777161232133,lane_1,mainline,,normal,none,commit
BASIC-03,basic_long_dt_900,805,80.4999999999997,B03_TLV_CLV,cav,not_applicable,9005.62504618311,3.5,29.967172145122728,0.07890041371737844,lane_1,mainline,,normal,none,commit
BASIC-03,basic_long_dt_900,806,80.5999999999997,B03_MV,cav,not_applicable,7245.999975683936,-3.5,5.9550027374495795e-06,4.0,on_ramp,on_ramp_mv,,normal,not_started,commit
BASIC-03,basic_long_dt_900,806,80.5999999999997,B03_CLV,cav,not_applicable,9051.000000000002,3.5,29.999999999999957,1.8474111129762605e-14,lane_1,mainline,,normal,none,commit
BASIC-03,basic_long_dt_900,806,80.5999999999997,B03_CFV,cav,not_applicable,9008.697304822645,0.0,30.00000000000069,-2.870592652470805e-13,lane_2,mainline,,normal,none,commit
BASIC-03,basic_long_dt_900,806,80.5999999999997,B03_TLV_CFV,cav,not_applicable,8966.328034060572,3.5,29.95440364707341,-0.792455049900982,lane_1,mainline,,normal,none,commit
BASIC-03,basic_long_dt_900,806,80.5999999999997,B03_TLV_CLV,cav,not_applicable,9008.629681673734,3.5,30.04635490624506,0.7918276112233097,lane_1,mainline,,normal,none,commit
BASIC-03,basic_long_dt_900,807,80.69999999999969,B03_MV,cav,not_applicable,7245.999976265201,-3.5,5.812651047981388e-06,4.0,on_ramp,on_ramp_mv,,normal,not_started,commit
BASIC-03,basic_long_dt_900,807,80.69999999999969,B03_CLV,cav,not_applicable,9054.000000000002,3.5,29.999999999999957,1.7053025658242407e-14,lane_1,mainline,,normal,none,commit
BASIC-03,basic_long_dt_900,807,80.69999999999969,B03_CFV,cav,not_applicable,9011.697304822645,0.0,30.00000000000066,-2.756905814749189e-13,lane_2,mainline,,normal,none,commit
BASIC-03,basic_long_dt_900,807,80.69999999999969,B03_TLV_CFV,cav,not_applicable,8969.324263429417,3.5,29.962293688445147,0.07890041371737844,lane_1,mainline,,normal,none,commit
BASIC-03,basic_long_dt_900,807,80.69999999999969,B03_TLV_CLV,cav,not_applicable,9011.629886662995,3.5,30.002049892617876,-0.44305013627183754,lane_1,mainline,,normal,none,commit
BASIC-03,basic_long_dt_900,808,80.79999999999968,B03_MV,cav,not_applicable,7245.9999768325715,-3.5,5.673702055218191e-06,4.0,on_ramp,on_ramp_mv,,normal,not_started,commit
BASIC-03,basic_long_dt_900,808,80.79999999999968,B03_CLV,cav,not_applicable,9057.000000000002,3.5,29.999999999999957,1.7053025658242407e-14,lane_1,mainline,,normal,none,commit
BASIC-03,basic_long_dt_900,808,80.79999999999968,B03_CFV,cav,not_applicable,9014.697304822645,0.0,30.000000000000636,-2.643218977027573e-13,lane_2,mainline,,normal,none,commit
BASIC-03,basic_long_dt_900,808,80.79999999999968,B03_TLV_CFV,cav,not_applicable,8972.328411074373,3.5,30.04147644956748,0.7918276112233097,lane_1,mainline,,normal,none,commit
BASIC-03,basic_long_dt_900,808,80.79999999999968,B03_TLV_CLV,cav,not_applicable,9014.633739423869,3.5,30.038527608741088,0.364777161232133,lane_1,mainline,,normal,none,commit
BASIC-03,basic_long_dt_900,809,80.89999999999968,B03_MV,cav,not_applicable,7245.999977386379,-3.5,5.538074664925057e-06,4.0,on_ramp,on_ramp_mv,,normal,not_started,commit
BASIC-03,basic_long_dt_900,809,80.89999999999968,B03_CLV,cav,not_applicable,9060.000000000002,3.5,29.999999999999957,1.7053025658242407e-14,lane_1,mainline,,normal,none,commit
BASIC-03,basic_long_dt_900,809,80.89999999999968,B03_CFV,cav,not_applicable,9017.697304822645,0.0,30.00000000000061,-2.543742994021159e-13,lane_2,mainline,,normal,none,commit
BASIC-03,basic_long_dt_900,809,80.89999999999968,B03_TLV_CFV,cav,not_applicable,8975.328128217967,3.5,29.997171435940295,-0.44305013627183754,lane_1,mainline,,normal,none,commit
BASIC-03,basic_long_dt_900,809,80.89999999999968,B03_TLV_CLV,cav,not_applicable,9017.629667634244,3.5,29.95928210375099,-0.792455049900982,lane_1,mainline,,normal,none,commit
BASIC-03,basic_long_dt_900,810,80.99999999999967,B03_MV,cav,not_applicable,7245.999977926948,-3.5,5.4056893047427724e-06,4.0,on_ramp,on_ramp_mv,,normal,not_started,commit
BASIC-03,basic_long_dt_900,810,80.99999999999967,B03_CLV,cav,not_applicable,9063.000000000002,3.5,29.999999999999957,1.7053025658242407e-14,lane_1,mainline,,normal,none,commit
BASIC-03,basic_long_dt_900,810,80.99999999999967,B03_CFV,cav,not_applicable,9020.697304822645,0.0,30.000000000000586,-2.4442670110147445e-13,lane_2,mainline,,normal,none,commit
BASIC-03,basic_long_dt_900,810,80.99999999999967,B03_TLV_CFV,cav,not_applicable,8978.331493133173,3.5,30.033649152063507,0.364777161232133,lane_1,mainline,,normal,none,commit
BASIC-03,basic_long_dt_900,810,80.99999999999967,B03_TLV_CLV,cav,not_applicable,9020.626384848756,3.5,29.967172145122728,0.07890041371737844,lane_1,mainline,,normal,none,commit
BASIC-03,basic_long_dt_900,811,81.09999999999967,B03_MV,cav,not_applicable,7245.999978454595,-3.5,5.2764685764203e-06,4.0,on_ramp,on_ramp_mv,,normal,not_started,commit
BASIC-03,basic_long_dt_900,811,81.09999999999967,B03_CLV,cav,not_applicable,9066.000000000002,3.5,29.999999999999957,1.7053025658242407e-14,lane_1,mainline,,normal,none,commit
BASIC-03,basic_long_dt_900,811,81.09999999999967,B03_CFV,cav,not_applicable,9023.697304822645,0.0,30.00000000000056,-2.3447910280083306e-13,lane_2,mainline,,normal,none,commit
BASIC-03,basic_long_dt_900,811,81.09999999999967,B03_TLV_CFV,cav,not_applicable,8981.326933497881,3.5,29.95440364707341,-0.792455049900982,lane_1,mainline,,normal,none,commit
BASIC-03,basic_long_dt_900,811,81.09999999999967,B03_TLV_CLV,cav,not_applicable,9023.63102033938,3.5,30.04635490624506,0.7918276112233097,lane_1,mainline,,normal,none,commit
BASIC-03,basic_long_dt_900,812,81.19999999999966,B03_MV,cav,not_applicable,7245.999978969629,-3.5,5.150336820993143e-06,4.0,on_ramp,on_ramp_mv,,normal,not_started,commit
BASIC-03,basic_long_dt_900,812,81.19999999999966,B03_CLV,cav,not_applicable,9069.000000000002,3.5,29.999999999999957,1.7053025658242407e-14,lane_1,mainline,,normal,none,commit
BASIC-03,basic_long_dt_900,812,81.19999999999966,B03_CFV,cav,not_applicable,9026.697304822645,0.0,30.00000000000054,-2.2453150450019167e-13,lane_2,mainline,,normal,none,commit
BASIC-03,basic_long_dt_900,812,81.19999999999966,B03_TLV_CFV,cav,not_applicable,8984.323162866725,3.5,29.962293688445147,0.07890041371737844,lane_1,mainline,,normal,none,commit
BASIC-03,basic_long_dt_900,812,81.19999999999966,B03_TLV_CLV,cav,not_applicable,9026.631225328641,3.5,30.002049892617876,-0.44305013627183754,lane_1,mainline,,normal,none,commit
BASIC-03,basic_long_dt_900,813,81.29999999999966,B03_MV,cav,not_applicable,7245.999979472352,-3.5,5.0272201187833465e-06,4.0,on_ramp,on_ramp_mv,,normal,not_started,commit
BASIC-03,basic_long_dt_900,813,81.29999999999966,B03_CLV,cav,not_applicable,9072.000000000002,3.5,29.999999999999957,1.7053025658242407e-14,lane_1,mainline,,normal,none,commit
BASIC-03,basic_long_dt_900,813,81.29999999999966,B03_CFV,cav,not_applicable,9029.697304822645,0.0,30.00000000000052,-2.1600499167107047e-13,lane_2,mainline,,normal,none,commit
BASIC-03,basic_long_dt_900,813,81.29999999999966,B03_TLV_CFV,cav,not_applicable,8987.327310511682,3.5,30.04147644956748,0.7918276112233097,lane_1,mainline,,normal,none,commit
BASIC-03,basic_long_dt_900,813,81.29999999999966,B03_TLV_CLV,cav,not_applicable,9029.635078089515,3.5,30.038527608741088,0.364777161232133,lane_1,mainline,,normal,none,commit
BASIC-03,basic_long_dt_900,814,81.39999999999965,B03_MV,cav,not_applicable,7245.999979963056,-3.5,4.9070465068103095e-06,4.0,on_ramp,on_ramp_mv,,normal,not_started,commit
BASIC-03,basic_long_dt_900,814,81.39999999999965,B03_CLV,cav,not_applicable,9075.000000000002,3.5,29.999999999999957,1.7053025658242407e-14,lane_1,mainline,,normal,none,commit
BASIC-03,basic_long_dt_900,814,81.39999999999965,B03_CFV,cav,not_applicable,9032.697304822645,0.0,30.000000000000497,-2.0747847884194927e-13,lane_2,mainline,,normal,none,commit
BASIC-03,basic_long_dt_900,814,81.39999999999965,B03_TLV_CFV,cav,not_applicable,8990.327027655276,3.5,29.997171435940295,-0.44305013627183754,lane_1,mainline,,normal,none,commit
BASIC-03,basic_long_dt_900,814,81.39999999999965,B03_TLV_CLV,cav,not_applicable,9032.631006299891,3.5,29.95928210375099,-0.792455049900982,lane_1,mainline,,normal,none,commit
BASIC-03,basic_long_dt_900,815,81.49999999999964,B03_MV,cav,not_applicable,7245.99998044203,-3.5,4.789745761379973e-06,4.0,on_ramp,on_ramp_mv,,normal,not_started,commit
BASIC-03,basic_long_dt_900,815,81.49999999999964,B03_CLV,cav,not_applicable,9078.000000000002,3.5,29.999999999999957,1.7053025658242407e-14,lane_1,mainline,,normal,none,commit
BASIC-03,basic_long_dt_900,815,81.49999999999964,B03_CFV,cav,not_applicable,9035.697304822645,0.0,30.000000000000476,-1.9895196601282805e-13,lane_2,mainline,,normal,none,commit
BASIC-03,basic_long_dt_900,815,81.49999999999964,B03_TLV_CFV,cav,not_applicable,8993.330392570482,3.5,30.033649152063507,0.364777161232133,lane_1,mainline,,normal,none,commit
BASIC-03,basic_long_dt_900,815,81.49999999999964,B03_TLV_CLV,cav,not_applicable,9035.627723514403,3.5,29.967172145122728,0.07890041371737844,lane_1,mainline,,normal,none,commit
BASIC-03,basic_long_dt_900,816,81.59999999999964,B03_MV,cav,not_applicable,7245.999980909555,-3.5,4.675248963263186e-06,4.0,on_ramp,on_ramp_mv,,normal,not_started,commit
BASIC-03,basic_long_dt_900,816,81.59999999999964,B03_CLV,cav,not_applicable,9081.000000000002,3.5,29.999999999999957,1.7053025658242407e-14,lane_1,mainline,,normal,none,commit
BASIC-03,basic_long_dt_900,816,81.59999999999964,B03_CFV,cav,not_applicable,9038.697304822645,0.0,30.00000000000046,-1.9042545318370685e-13,lane_2,mainline,,normal,none,commit
BASIC-03,basic_long_dt_900,816,81.59999999999964,B03_TLV_CFV,cav,not_applicable,8996.32583293519,3.5,29.95440364707341,-0.792455049900982,lane_1,mainline,,normal,none,commit
BASIC-03,basic_long_dt_900,816,81.59999999999964,B03_TLV_CLV,cav,not_applicable,9038.632359005027,3.5,30.04635490624506,0.7918276112233097,lane_1,mainline,,normal,none,commit
BASIC-03,basic_long_dt_900,817,81.69999999999963,B03_MV,cav,not_applicable,7245.999981365904,-3.5,4.56348914992815e-06,4.0,on_ramp,on_ramp_mv,,normal,not_started,commit
BASIC-03,basic_long_dt_900,817,81.69999999999963,B03_CLV,cav,not_applicable,9084.000000000002,3.5,29.999999999999957,1.7053025658242407e-14,lane_1,mainline,,normal,none,commit
BASIC-03,basic_long_dt_900,817,81.69999999999963,B03_CFV,cav,not_applicable,9041.697304822645,0.0,30.00000000000044,-1.8332002582610585e-13,lane_2,mainline,,normal,none,commit
BASIC-03,basic_long_dt_900,817,81.69999999999963,B03_TLV_CFV,cav,not_applicable,8999.322062304034,3.5,29.962293688445147,0.07890041371737844,lane_1,mainline,,normal,none,commit
BASIC-03,basic_long_dt_900,817,81.69999999999963,B03_TLV_CLV,cav,not_applicable,9041.632563994288,3.5,30.002049892617876,-0.44305013627183754,lane_1,mainline,,normal,none,commit
BASIC-03,basic_long_dt_900,818,81.79999999999963,B03_MV,cav,not_applicable,7245.999981811345,-3.5,4.454400880718793e-06,4.0,on_ramp,on_ramp_mv,,normal,not_started,commit
BASIC-03,basic_long_dt_900,818,81.79999999999963,B03_CLV,cav,not_applicable,9087.000000000002,3.5,29.999999999999957,1.7053025658242407e-14,lane_1,mainline,,normal,none,commit
BASIC-03,basic_long_dt_900,818,81.79999999999963,B03_CFV,cav,not_applicable,9044.697304822645,0.0,30.000000000000423,-1.7621459846850485e-13,lane_2,mainline,,normal,none,commit
BASIC-03,basic_long_dt_900,818,81.79999999999963,B03_TLV_CFV,cav,not_applicable,9002.326209948991,3.5,30.04147644956748,0.7918276112233097,lane_1,mainline,,normal,none,commit
BASIC-03,basic_long_dt_900,818,81.79999999999963,B03_TLV_CLV,cav,not_applicable,9044.636416755162,3.5,30.038527608741088,0.364777161232133,lane_1,mainline,,normal,none,commit
BASIC-03,basic_long_dt_900,819,81.89999999999962,B03_MV,cav,not_applicable,7245.999982246137,-3.5,4.3479202368547634e-06,4.0,on_ramp,on_ramp_mv,,normal,not_started,commit
BASIC-03,basic_long_dt_900,819,81.89999999999962,B03_CLV,cav,not_applicable,9090.000000000002,3.5,29.999999999999957,1.7053025658242407e-14,lane_1,mainline,,normal,none,commit
BASIC-03,basic_long_dt_900,819,81.89999999999962,B03_CFV,cav,not_applicable,9047.697304822645,0.0,30.000000000000405,-1.6910917111090385e-13,lane_2,mainline,,normal,none,commit
BASIC-03,basic_long_dt_900,819,81.89999999999962,B03_TLV_CFV,cav,not_applicable,9005.325927092585,3.5,29.997171435940295,-0.44305013627183754,lane_1,mainline,,normal,none,commit
BASIC-03,basic_long_dt_900,819,81.89999999999962,B03_TLV_CLV,cav,not_applicable,9047.632344965537,3.5,29.95928210375099,-0.792455049900982,lane_1,mainline,,normal,none,commit
BASIC-03,basic_long_dt_900,820,81.99999999999962,B03_MV,cav,not_applicable,7245.999982670535,-3.5,4.243985038842251e-06,4.0,on_ramp,on_ramp_mv,,normal,not_started,commit
BASIC-03,basic_long_dt_900,820,81.99999999999962,B03_CLV,cav,not_applicable,9093.000000000002,3.5,29.999999999999957,1.7053025658242407e-14,lane_1,mainline,,normal,none,commit
BASIC-03,basic_long_dt_900,820,81.99999999999962,B03_CFV,cav,not_applicable,9050.697304822645,0.0,30.000000000000387,-1.6200374375330285e-13,lane_2,mainline,,normal,none,commit
BASIC-03,basic_long_dt_900,820,81.99999999999962,B03_TLV_CFV,cav,not_applicable,9008.329292007791,3.5,30.033649152063507,0.364777161232133,lane_1,mainline,,normal,none,commit
BASIC-03,basic_long_dt_900,820,81.99999999999962,B03_TLV_CLV,cav,not_applicable,9050.629062180049,3.5,29.967172145122728,0.07890041371737844,lane_1,mainline,,normal,none,commit
BASIC-03,basic_long_dt_900,821,82.09999999999961,B03_MV,cav,not_applicable,7245.999983084788,-3.5,4.142534411652351e-06,4.0,on_ramp,on_ramp_mv,,normal,not_started,commit
BASIC-03,basic_long_dt_900,821,82.09999999999961,B03_CLV,cav,not_applicable,9096.000000000002,3.5,29.999999999999957,1.7053025658242407e-14,lane_1,mainline,,normal,none,commit
BASIC-03,basic_long_dt_900,821,82.09999999999961,B03_CFV,cav,not_applicable,9053.697304822645,0.0,30.000000000000373,-1.5489831639570185e-13,lane_2,mainline,,normal,none,commit
BASIC-03,basic_long_dt_900,821,82.09999999999961,B03_TLV_CFV,cav,not_applicable,9011.324732372499,3.5,29.95440364707341,-0.792455049900982,lane_1,mainline,,normal,none,commit
BASIC-03,basic_long_dt_900,821,82.09999999999961,B03_TLV_CLV,cav,not_applicable,9053.633697670673,3.5,30.04635490624506,0.7918276112233097,lane_1,mainline,,normal,none,commit
BASIC-03,basic_long_dt_900,822,82.1999999999996,B03_MV,cav,not_applicable,7245.99998348914,-3.5,4.043509002131879e-06,4.0,on_ramp,on_ramp_mv,,normal,not_started,commit
BASIC-03,basic_long_dt_900,822,82.1999999999996,B03_CLV,cav,not_applicable,9099.000000000002,3.5,29.999999999999957,1.7053025658242407e-14,lane_1,mainline,,normal,none,commit
BASIC-03,basic_long_dt_900,822,82.1999999999996,B03_CFV,cav,not_applicable,9056.697304822645,0.0,30.00000000000036,-1.4921397450962104e-13,lane_2,mainline,,normal,none,commit
BASIC-03,basic_long_dt_900,822,82.1999999999996,B03_TLV_CFV,cav,not_applicable,9014.320961741343,3.5,29.962293688445147,0.07890041371737844,lane_1,mainline,,normal,none,commit
BASIC-03,basic_long_dt_900,822,82.1999999999996,B03_TLV_CLV,cav,not_applicable,9056.633902659934,3.5,30.002049892617876,-0.44305013627183754,lane_1,mainline,,normal,none,commit
BASIC-03,basic_long_dt_900,823,82.2999999999996,B03_MV,cav,not_applicable,7245.999983883825,-3.5,3.9468505441817415e-06,4.0,on_ramp,on_ramp_mv,,normal,not_started,commit
BASIC-03,basic_long_dt_900,823,82.2999999999996,B03_CLV,cav,not_applicable,9102.000000000002,3.5,29.999999999999957,1.7053025658242407e-14,lane_1,mainline,,normal,none,commit
BASIC-03,basic_long_dt_900,823,82.2999999999996,B03_CFV,cav,not_applicable,9059.697304822645,0.0,30.000000000000345,-1.4352963262354026e-13,lane_2,mainline,,normal,none,commit
BASIC-03,basic_long_dt_900,823,82.2999999999996,B03_TLV_CFV,cav,not_applicable,9017.3251093863,3.5,30.04147644956748,0.7918276112233097,lane_1,mainline,,normal,none,commit
BASIC-03,basic_long_dt_900,823,82.2999999999996,B03_TLV_CLV,cav,not_applicable,9059.637755420808,3.5,30.038527608741088,0.364777161232133,lane_1,mainline,,normal,none,commit
BASIC-03,basic_long_dt_900,824,82.3999999999996,B03_MV,cav,not_applicable,7245.999984269075,-3.5,3.852502728400201e-06,4.0,on_ramp,on_ramp_mv,,normal,not_started,commit
BASIC-03,basic_long_dt_900,824,82.3999999999996,B03_CLV,cav,not_applicable,9105.000000000002,3.5,29.999999999999957,1.7053025658242407e-14,lane_1,mainline,,normal,none,commit
BASIC-03,basic_long_dt_900,824,82.3999999999996,B03_CFV,cav,not_applicable,9062.697304822645,0.0,30.00000000000033,-1.3784529073745945e-13,lane_2,mainline,,normal,none,commit
BASIC-03,basic_long_dt_900,824,82.3999999999996,B03_TLV_CFV,cav,not_applicable,9020.324826529893,3.5,29.997171435940295,-0.44305013627183754,lane_1,mainline,,normal,none,commit
BASIC-03,basic_long_dt_900,824,82.3999999999996,B03_TLV_CLV,cav,not_applicable,9062.633683631184,3.5,29.95928210375099,-0.792455049900982,lane_1,mainline,,normal,none,commit
BASIC-03,basic_long_dt_900,825,82.49999999999959,B03_MV,cav,not_applicable,7245.999984645116,-3.5,3.7604103324396057e-06,4.0,on_ramp,on_ramp_mv,,normal,not_started,commit
BASIC-03,basic_long_dt_900,825,82.49999999999959,B03_CLV,cav,not_applicable,9108.000000000002,3.5,29.999999999999957,1.7053025658242407e-14,lane_1,mainline,,normal,none,commit
BASIC-03,basic_long_dt_900,825,82.49999999999959,B03_CFV,cav,not_applicable,9065.697304822645,0.0,30.000000000000316,-1.3216094885137864e-13,lane_2,mainline,,normal,none,commit
BASIC-03,basic_long_dt_900,825,82.49999999999959,B03_TLV_CFV,cav,not_applicable,9023.3281914451,3.5,30.033649152063507,0.364777161232133,lane_1,mainline,,normal,none,commit
BASIC-03,basic_long_dt_900,825,82.49999999999959,B03_TLV_CLV,cav,not_applicable,9065.630400845695,3.5,29.967172145122728,0.07890041371737844,lane_1,mainline,,normal,none,commit
BASIC-03,basic_long_dt_900,826,82.59999999999958,B03_MV,cav,not_applicable,7245.999985012168,-3.5,3.6705194384172127e-06,4.0,on_ramp,on_ramp_mv,,normal,not_started,commit
BASIC-03,basic_long_dt_900,826,82.59999999999958,B03_CLV,cav,not_applicable,9111.000000000002,3.5,29.999999999999957,1.7053025658242407e-14,lane_1,mainline,,normal,none,commit
BASIC-03,basic_long_dt_900,826,82.59999999999958,B03_CFV,cav,not_applicable,9068.697304822645,0.0,30.000000000000302,-1.2647660696529784e-13,lane_2,mainline,,normal,none,commit
BASIC-03,basic_long_dt_900,826,82.59999999999958,B03_TLV_CFV,cav,not_applicable,9026.323631809808,3.5,29.95440364707341,-0.792455049900982,lane_1,mainline,,normal,none,commit
BASIC-03,basic_long_dt_900,826,82.59999999999958,B03_TLV_CLV,cav,not_applicable,9068.63503633632,3.5,30.04635490624506,0.7918276112233097,lane_1,mainline,,normal,none,commit
BASIC-03,basic_long_dt_900,827,82.69999999999958,B03_MV,cav,not_applicable,7245.999985370446,-3.5,3.5827772155043635e-06,4.0,on_ramp,on_ramp_mv,,normal,not_started,commit
BASIC-03,basic_long_dt_900,827,82.69999999999958,B03_CLV,cav,not_applicable,9114.000000000002,3.5,29.999999999999957,1.7053025658242407e-14,lane_1,mainline,,normal,none,commit
BASIC-03,basic_long_dt_900,827,82.69999999999958,B03_CFV,cav,not_applicable,9071.697304822645,0.0,30.00000000000029,-1.2079226507921703e-13,lane_2,mainline,,normal,none,commit
BASIC-03,basic_long_dt_900,827,82.69999999999958,B03_TLV_CFV,cav,not_applicable,9029.319861178652,3.5,29.962293688445147,0.07890041371737844,lane_1,mainline,,normal,none,commit
BASIC-03,basic_long_dt_900,827,82.69999999999958,B03_TLV_CLV,cav,not_applicable,9071.63524132558,3.5,30.002049892617876,-0.44305013627183754,lane_1,mainline,,normal,none,commit
BASIC-03,basic_long_dt_900,828,82.79999999999957,B03_MV,cav,not_applicable,7245.999985720159,-3.5,3.4971323547481243e-06,4.0,on_ramp,on_ramp_mv,,normal,not_started,commit
BASIC-03,basic_long_dt_900,828,82.79999999999957,B03_CLV,cav,not_applicable,9117.000000000002,3.5,29.999999999999957,1.7053025658242407e-14,lane_1,mainline,,normal,none,commit
BASIC-03,basic_long_dt_900,828,82.79999999999957,B03_CFV,cav,not_applicable,9074.697304822645,0.0,30.00000000000028,-1.1652900866465645e-13,lane_2,mainline,,normal,none,commit
BASIC-03,basic_long_dt_900,828,82.79999999999957,B03_TLV_CFV,cav,not_applicable,9032.324008823609,3.5,30.04147644956748,0.7918276112233097,lane_1,mainline,,normal,none,commit
BASIC-03,basic_long_dt_900,828,82.79999999999957,B03_TLV_CLV,cav,not_applicable,9074.639094086455,3.5,30.038527608741088,0.364777161232133,lane_1,mainline,,normal,none,commit
BASIC-03,basic_long_dt_900,829,82.89999999999957,B03_MV,cav,not_applicable,7245.999986061513,-3.5,3.4135348516604654e-06,4.0,on_ramp,on_ramp_mv,,normal,not_started,commit
BASIC-03,basic_long_dt_900,829,82.89999999999957,B03_CLV,cav,not_applicable,9120.000000000002,3.5,29.999999999999957,1.7053025658242407e-14,lane_1,mainline,,normal,none,commit
BASIC-03,basic_long_dt_900,829,82.89999999999957,B03_CFV,cav,not_applicable,9077.697304822645,0.0,30.00000000000027,-1.1226575225009583e-13,lane_2,mainline,,normal,none,commit
BASIC-03,basic_long_dt_900,829,82.89999999999957,B03_TLV_CFV,cav,not_applicable,9035.323725967202,3.5,29.997171435940295,-0.44305013627183754,lane_1,mainline,,normal,none,commit
BASIC-03,basic_long_dt_900,829,82.89999999999957,B03_TLV_CLV,cav,not_applicable,9077.63502229683,3.5,29.95928210375099,-0.792455049900982,lane_1,mainline,,normal,none,commit
BASIC-03,basic_long_dt_900,830,82.99999999999956,B03_MV,cav,not_applicable,7245.999986394706,-3.5,3.331935788807445e-06,4.0,on_ramp,on_ramp_mv,,normal,not_started,commit
BASIC-03,basic_long_dt_900,830,82.99999999999956,B03_CLV,cav,not_applicable,9123.000000000002,3.5,29.999999999999957,1.7053025658242407e-14,lane_1,mainline,,normal,none,commit
BASIC-03,basic_long_dt_900,830,82.99999999999956,B03_CFV,cav,not_applicable,9080.697304822645,0.0,30.00000000000026,-1.0800249583553524e-13,lane_2,mainline,,normal,none,commit
BASIC-03,basic_long_dt_900,830,82.99999999999956,B03_TLV_CFV,cav,not_applicable,9038.327090882409,3.5,30.033649152063507,0.364777161232133,lane_1,mainline,,normal,none,commit
BASIC-03,basic_long_dt_900,830,82.99999999999956,B03_TLV_CLV,cav,not_applicable,9080.631739511342,3.5,29.967172145122728,0.07890041371737844,lane_1,mainline,,normal,none,commit
BASIC-03,basic_long_dt_900,831,83.09999999999955,B03_MV,cav,not_applicable,7245.999986719935,-3.5,3.2522873358092088e-06,4.0,on_ramp,on_ramp_mv,,normal,not_started,commit
BASIC-03,basic_long_dt_900,831,83.09999999999955,B03_CLV,cav,not_applicable,9126.000000000002,3.5,29.999999999999957,1.7053025658242407e-14,lane_1,mainline,,normal,none,commit
BASIC-03,basic_long_dt_900,831,83.09999999999955,B03_CFV,cav,not_applicable,9083.697304822645,0.0,30.00000000000025,-1.0373923942097464e-13,lane_2,mainline,,normal,none,commit
BASIC-03,basic_long_dt_900,831,83.09999999999955,B03_TLV_CFV,cav,not_applicable,9041.322531247117,3.5,29.95440364707341,-0.792455049900982,lane_1,mainline,,normal,none,commit
BASIC-03,basic_long_dt_900,831,83.09999999999955,B03_TLV_CLV,cav,not_applicable,9083.636375001966,3.5,30.04635490624506,0.7918276112233097,lane_1,mainline,,normal,none,commit
BASIC-03,basic_long_dt_900,832,83.19999999999955,B03_MV,cav,not_applicable,7245.9999870373895,-3.5,3.17454274933999e-06,4.0,on_ramp,on_ramp_mv,,normal,not_started,commit
BASIC-03,basic_long_dt_900,832,83.19999999999955,B03_CLV,cav,not_applicable,9129.000000000002,3.5,29.999999999999957,1.7053025658242407e-14,lane_1,mainline,,normal,none,commit
BASIC-03,basic_long_dt_900,832,83.19999999999955,B03_CFV,cav,not_applicable,9086.697304822645,0.0,30.000000000000238,-9.947598300641403e-14,lane_2,mainline,,normal,none,commit
BASIC-03,basic_long_dt_900,832,83.19999999999955,B03_TLV_CFV,cav,not_applicable,9044.31876061596,3.5,29.962293688445147,0.07890041371737844,lane_1,mainline,,normal,none,commit
BASIC-03,basic_long_dt_900,832,83.19999999999955,B03_TLV_CLV,cav,not_applicable,9086.636579991227,3.5,30.002049892617876,-0.44305013627183754,lane_1,mainline,,normal,none,commit
BASIC-03,basic_long_dt_900,833,83.29999999999954,B03_MV,cav,not_applicable,7245.999987347255,-3.5,3.098656590538927e-06,4.0,on_ramp,on_ramp_mv,,normal,not_started,commit
BASIC-03,basic_long_dt_900,833,83.29999999999954,B03_CLV,cav,not_applicable,9132.000000000002,3.5,29.999999999999957,1.7053025658242407e-14,lane_1,mainline,,normal,none,commit
BASIC-03,basic_long_dt_900,833,83.29999999999954,B03_CFV,cav,not_applicable,9089.697304822645,0.0,30.000000000000227,-9.521272659185343e-14,lane_2,mainline,,normal,none,commit
BASIC-03,basic_long_dt_900,833,83.29999999999954,B03_TLV_CFV,cav,not_applicable,9047.322908260918,3.5,30.04147644956748,0.7918276112233097,lane_1,mainline,,normal,none,commit
BASIC-03,basic_long_dt_900,833,83.29999999999954,B03_TLV_CLV,cav,not_applicable,9089.640432752101,3.5,30.038527608741088,0.364777161232133,lane_1,mainline,,normal,none,commit
BASIC-03,basic_long_dt_900,834,83.39999999999954,B03_MV,cav,not_applicable,7245.999987649714,-3.5,3.024584507599246e-06,4.0,on_ramp,on_ramp_mv,,normal,not_started,commit
BASIC-03,basic_long_dt_900,834,83.39999999999954,B03_CLV,cav,not_applicable,9135.000000000002,3.5,29.999999999999957,1.7053025658242407e-14,lane_1,mainline,,normal,none,commit
BASIC-03,basic_long_dt_900,834,83.39999999999954,B03_CFV,cav,not_applicable,9092.697304822645,0.0,30.000000000000217,-9.094947017729283e-14,lane_2,mainline,,normal,none,commit
BASIC-03,basic_long_dt_900,834,83.39999999999954,B03_TLV_CFV,cav,not_applicable,9050.322625404511,3.5,29.997171435940295,-0.44305013627183754,lane_1,mainline,,normal,none,commit
BASIC-03,basic_long_dt_900,834,83.39999999999954,B03_TLV_CLV,cav,not_applicable,9092.636360962477,3.5,29.95928210375099,-0.792455049900982,lane_1,mainline,,normal,none,commit
BASIC-03,basic_long_dt_900,835,83.49999999999953,B03_MV,cav,not_applicable,7245.999987944942,-3.5,2.9522830183574434e-06,4.0,on_ramp,on_ramp_mv,,normal,not_started,commit
BASIC-03,basic_long_dt_900,835,83.49999999999953,B03_CLV,cav,not_applicable,9138.000000000002,3.5,29.999999999999957,1.7053025658242407e-14,lane_1,mainline,,normal,none,commit
BASIC-03,basic_long_dt_900,835,83.49999999999953,B03_CFV,cav,not_applicable,9095.697304822645,0.0,30.00000000000021,-8.668621376273223e-14,lane_2,mainline,,normal,none,commit
BASIC-03,basic_long_dt_900,835,83.49999999999953,B03_TLV_CFV,cav,not_applicable,9053.325990319718,3.5,30.033649152063507,0.364777161232133,lane_1,mainline,,normal,none,commit
BASIC-03,basic_long_dt_900,835,83.49999999999953,B03_TLV_CLV,cav,not_applicable,9095.633078176988,3.5,29.967172145122728,0.07890041371737844,lane_1,mainline,,normal,none,commit
BASIC-03,basic_long_dt_900,836,83.59999999999953,B03_MV,cav,not_applicable,7245.999988233113,-3.5,2.8817099451149198e-06,4.0,on_ramp,on_ramp_mv,,normal,not_started,commit
BASIC-03,basic_long_dt_900,836,83.59999999999953,B03_CLV,cav,not_applicable,9141.000000000002,3.5,29.999999999999957,1.7053025658242407e-14,lane_1,mainline,,normal,none,commit
BASIC-03,basic_long_dt_900,836,83.59999999999953,B03_CFV,cav,not_applicable,9098.697304822645,0.0,30.000000000000203,-8.384404281969183e-14,lane_2,mainline,,normal,none,commit
BASIC-03,basic_long_dt_900,836,83.59999999999953,B03_TLV_CFV,cav,not_applicable,9056.321430684426,3.5,29.95440364707341,-0.792455049900982,lane_1,mainline,,normal,none,commit
BASIC-03,basic_long_dt_900,836,83.59999999999953,B03_TLV_CLV,cav,not_applicable,9098.637713667613,3.5,30.04635490624506,0.7918276112233097,lane_1,mainline,,normal,none,commit
BASIC-03,basic_long_dt_900,837,83.69999999999952,B03_MV,cav,not_applicable,7245.999988514395,-3.5,2.812823979816347e-06,4.0,on_ramp,on_ramp_mv,,normal,not_started,commit
BASIC-03,basic_long_dt_900,837,83.69999999999952,B03_CLV,cav,not_applicable,9144.000000000002,3.5,29.999999999999957,1.7053025658242407e-14,lane_1,mainline,,normal,none,commit
BASIC-03,basic_long_dt_900,837,83.69999999999952,B03_CFV,cav,not_applicable,9101.697304822645,0.0,30.000000000000195,-8.100187187665142e-14,lane_2,mainline,,normal,none,commit
BASIC-03,basic_long_dt_900,837,83.69999999999952,B03_TLV_CFV,cav,not_applicable,9059.31766005327,3.5,29.962293688445147,0.07890041371737844,lane_1,mainline,,normal,none,commit
BASIC-03,basic_long_dt_900,837,83.69999999999952,B03_TLV_CLV,cav,not_applicable,9101.637918656874,3.5,30.002049892617876,-0.44305013627183754,lane_1,mainline,,normal,none,commit
BASIC-03,basic_long_dt_900,838,83.79999999999951,B03_MV,cav,not_applicable,7245.9999887889535,-3.5,2.745584684049666e-06,4.0,on_ramp,on_ramp_mv,,normal,not_started,commit
BASIC-03,basic_long_dt_900,838,83.79999999999951,B03_CLV,cav,not_applicable,9147.000000000002,3.5,29.999999999999957,1.7053025658242407e-14,lane_1,mainline,,normal,none,commit
BASIC-03,basic_long_dt_900,838,83.79999999999951,B03_CFV,cav,not_applicable,9104.697304822645,0.0,30.00000000000019,-7.815970093361102e-14,lane_2,mainline,,normal,none,commit
BASIC-03,basic_long_dt_900,838,83.79999999999951,B03_TLV_CFV,cav,not_applicable,9062.321807698227,3.5,30.04147644956748,0.7918276112233097,lane_1,mainline,,normal,none,commit
BASIC-03,basic_long_dt_900,838,83.79999999999951,B03_TLV_CLV,cav,not_applicable,9104.641771417748,3.5,30.038527608741088,0.364777161232133,lane_1,mainline,,normal,none,commit
BASIC-03,basic_long_dt_900,839,83.89999999999951,B03_MV,cav,not_applicable,7245.999989056949,-3.5,2.679952706456906e-06,4.0,on_ramp,on_ramp_mv,,normal,not_started,commit
BASIC-03,basic_long_dt_900,839,83.89999999999951,B03_CLV,cav,not_applicable,9150.000000000002,3.5,29.999999999999957,1.7053025658242407e-14,lane_1,mainline,,normal,none,commit
BASIC-03,basic_long_dt_900,839,83.89999999999951,B03_CFV,cav,not_applicable,9107.697304822645,0.0,30.00000000000018,-7.531752999057063e-14,lane_2,mainline,,normal,none,commit
BASIC-03,basic_long_dt_900,839,83.89999999999951,B03_TLV_CFV,cav,not_applicable,9065.32152484182,3.5,29.997171435940295,-0.44305013627183754,lane_1,mainline,,normal,none,commit
BASIC-03,basic_long_dt_900,839,83.89999999999951,B03_TLV_CLV,cav,not_applicable,9107.637699628123,3.5,29.95928210375099,-0.792455049900982,lane_1,mainline,,normal,none,commit
BASIC-03,basic_long_dt_900,840,83.9999999999995,B03_MV,cav,not_applicable,7245.999989318538,-3.5,2.6158895653233662e-06,4.0,on_ramp,on_ramp_mv,,normal,not_started,commit
BASIC-03,basic_long_dt_900,840,83.9999999999995,B03_CLV,cav,not_applicable,9153.000000000002,3.5,29.999999999999957,1.7053025658242407e-14,lane_1,mainline,,normal,none,commit
BASIC-03,basic_long_dt_900,840,83.9999999999995,B03_CFV,cav,not_applicable,9110.697304822645,0.0,30.000000000000174,-7.247535904753023e-14,lane_2,mainline,,normal,none,commit
BASIC-03,basic_long_dt_900,840,83.9999999999995,B03_TLV_CFV,cav,not_applicable,9068.324889757027,3.5,30.033649152063507,0.364777161232133,lane_1,mainline,,normal,none,commit
BASIC-03,basic_long_dt_900,840,83.9999999999995,B03_TLV_CLV,cav,not_applicable,9110.634416842635,3.5,29.967172145122728,0.07890041371737844,lane_1,mainline,,normal,none,commit
BASIC-03,basic_long_dt_900,841,84.0999999999995,B03_MV,cav,not_applicable,7245.999989573874,-3.5,2.553357865988433e-06,4.0,on_ramp,on_ramp_mv,,normal,not_started,commit
BASIC-03,basic_long_dt_900,841,84.0999999999995,B03_CLV,cav,not_applicable,9156.000000000002,3.5,29.999999999999957,1.7053025658242407e-14,lane_1,mainline,,normal,none,commit
BASIC-03,basic_long_dt_900,841,84.0999999999995,B03_CFV,cav,not_applicable,9113.697304822645,0.0,30.000000000000167,-6.963318810448982e-14,lane_2,mainline,,normal,none,commit
BASIC-03,basic_long_dt_900,841,84.0999999999995,B03_TLV_CFV,cav,not_applicable,9071.320330121735,3.5,29.95440364707341,-0.792455049900982,lane_1,mainline,,normal,none,commit
BASIC-03,basic_long_dt_900,841,84.0999999999995,B03_TLV_CLV,cav,not_applicable,9113.63905233326,3.5,30.04635490624506,0.7918276112233097,lane_1,mainline,,normal,none,commit
BASIC-03,basic_long_dt_900,842,84.19999999999949,B03_MV,cav,not_applicable,7245.999989823106,-3.5,2.492320866023946e-06,4.0,on_ramp,on_ramp_mv,,normal,not_started,commit
BASIC-03,basic_long_dt_900,842,84.19999999999949,B03_CLV,cav,not_applicable,9159.000000000002,3.5,29.999999999999957,1.7053025658242407e-14,lane_1,mainline,,normal,none,commit
BASIC-03,basic_long_dt_900,842,84.19999999999949,B03_CFV,cav,not_applicable,9116.697304822645,0.0,30.00000000000016,-6.679101716144942e-14,lane_2,mainline,,normal,none,commit
BASIC-03,basic_long_dt_900,842,84.19999999999949,B03_TLV_CFV,cav,not_applicable,9074.316559490579,3.5,29.962293688445147,0.07890041371737844,lane_1,mainline,,normal,none,commit
BASIC-03,basic_long_dt_900,842,84.19999999999949,B03_TLV_CLV,cav,not_applicable,9116.63925732252,3.5,30.002049892617876,-0.44305013627183754,lane_1,mainline,,normal,none,commit
BASIC-03,basic_long_dt_900,843,84.29999999999949,B03_MV,cav,not_applicable,7245.999990066381,-3.5,2.4327429100558318e-06,4.0,on_ramp,on_ramp_mv,,normal,not_started,commit
BASIC-03,basic_long_dt_900,843,84.29999999999949,B03_CLV,cav,not_applicable,9162.000000000002,3.5,29.999999999999957,1.7053025658242407e-14,lane_1,mainline,,normal,none,commit
BASIC-03,basic_long_dt_900,843,84.29999999999949,B03_CFV,cav,not_applicable,9119.697304822645,0.0,30.000000000000153,-6.394884621840902e-14,lane_2,mainline,,normal,none,commit
BASIC-03,basic_long_dt_900,843,84.29999999999949,B03_TLV_CFV,cav,not_applicable,9077.320707135535,3.5,30.04147644956748,0.7918276112233097,lane_1,mainline,,normal,none,commit
BASIC-03,basic_long_dt_900,843,84.29999999999949,B03_TLV_CLV,cav,not_applicable,9119.643110083394,3.5,30.038527608741088,0.364777161232133,lane_1,mainline,,normal,none,commit
BASIC-03,basic_long_dt_900,844,84.39999999999948,B03_MV,cav,not_applicable,7245.99999030384,-3.5,2.374589212353287e-06,4.0,on_ramp,on_ramp_mv,,normal,not_started,commit
BASIC-03,basic_long_dt_900,844,84.39999999999948,B03_CLV,cav,not_applicable,9165.000000000002,3.5,29.999999999999957,1.7053025658242407e-14,lane_1,mainline,,normal,none,commit
BASIC-03,basic_long_dt_900,844,84.39999999999948,B03_CFV,cav,not_applicable,9122.697304822645,0.0,30.000000000000146,-6.110667527536861e-14,lane_2,mainline,,normal,none,commit
BASIC-03,basic_long_dt_900,844,84.39999999999948,B03_TLV_CFV,cav,not_applicable,9080.320424279129,3.5,29.997171435940295,-0.44305013627183754,lane_1,mainline,,normal,none,commit
BASIC-03,basic_long_dt_900,844,84.39999999999948,B03_TLV_CLV,cav,not_applicable,9122.63903829377,3.5,29.95928210375099,-0.792455049900982,lane_1,mainline,,normal,none,commit
BASIC-03,basic_long_dt_900,845,84.49999999999947,B03_MV,cav,not_applicable,7245.999990535623,-3.5,2.3178256394179616e-06,4.0,on_ramp,on_ramp_mv,,normal,not_started,commit
BASIC-03,basic_long_dt_900,845,84.49999999999947,B03_CLV,cav,not_applicable,9168.000000000002,3.5,29.999999999999957,1.7053025658242407e-14,lane_1,mainline,,normal,none,commit
BASIC-03,basic_long_dt_900,845,84.49999999999947,B03_CFV,cav,not_applicable,9125.697304822645,0.0,30.00000000000014,-5.826450433232822e-14,lane_2,mainline,,normal,none,commit
BASIC-03,basic_long_dt_900,845,84.49999999999947,B03_TLV_CFV,cav,not_applicable,9083.323789194335,3.5,30.033649152063507,0.364777161232133,lane_1,mainline,,normal,none,commit
BASIC-03,basic_long_dt_900,845,84.49999999999947,B03_TLV_CLV,cav,not_applicable,9125.635755508281,3.5,29.967172145122728,0.07890041371737844,lane_1,mainline,,normal,none,commit
BASIC-03,basic_long_dt_900,846,84.59999999999947,B03_MV,cav,not_applicable,7245.999990761865,-3.5,2.262418927394775e-06,4.0,on_ramp,on_ramp_mv,,normal,not_started,commit
BASIC-03,basic_long_dt_900,846,84.59999999999947,B03_CLV,cav,not_applicable,9171.000000000002,3.5,29.999999999999957,1.7053025658242407e-14,lane_1,mainline,,normal,none,commit
BASIC-03,basic_long_dt_900,846,84.59999999999947,B03_CFV,cav,not_applicable,9128.697304822645,0.0,30.00000000000013,-5.542233338928782e-14,lane_2,mainline,,normal,none,commit
BASIC-03,basic_long_dt_900,846,84.59999999999947,B03_TLV_CFV,cav,not_applicable,9086.319229559043,3.5,29.95440364707341,-0.792455049900982,lane_1,mainline,,normal,none,commit
BASIC-03,basic_long_dt_900,846,84.59999999999947,B03_TLV_CLV,cav,not_applicable,9128.640390998906,3.5,30.04635490624506,0.7918276112233097,lane_1,mainline,,normal,none,commit
BASIC-03,basic_long_dt_900,847,84.69999999999946,B03_MV,cav,not_applicable,7245.999990982698,-3.5,2.208336682071916e-06,4.0,on_ramp,on_ramp_mv,,normal,not_started,commit
BASIC-03,basic_long_dt_900,847,84.69999999999946,B03_CLV,cav,not_applicable,9174.000000000002,3.5,29.999999999999957,1.7053025658242407e-14,lane_1,mainline,,normal,none,commit
BASIC-03,basic_long_dt_900,847,84.69999999999946,B03_CFV,cav,not_applicable,9131.697304822645,0.0,30.000000000000128,-5.2580162446247416e-14,lane_2,mainline,,normal,none,commit
BASIC-03,basic_long_dt_900,847,84.69999999999946,B03_TLV_CFV,cav,not_applicable,9089.315458927887,3.5,29.962293688445147,0.07890041371737844,lane_1,mainline,,normal,none,commit
BASIC-03,basic_long_dt_900,847,84.69999999999946,B03_TLV_CLV,cav,not_applicable,9131.640595988167,3.5,30.002049892617876,-0.44305013627183754,lane_1,mainline,,normal,none,commit
BASIC-03,basic_long_dt_900,848,84.79999999999946,B03_MV,cav,not_applicable,7245.999991198253,-3.5,2.1555473788808453e-06,4.0,on_ramp,on_ramp_mv,,normal,not_started,commit
BASIC-03,basic_long_dt_900,848,84.79999999999946,B03_CLV,cav,not_applicable,9177.000000000002,3.5,29.999999999999957,1.7053025658242407e-14,lane_1,mainline,,normal,none,commit
BASIC-03,basic_long_dt_900,848,84.79999999999946,B03_CFV,cav,not_applicable,9134.697304822645,0.0,30.000000000000124,-5.1159076974727215e-14,lane_2,mainline,,normal,none,commit
BASIC-03,basic_long_dt_900,848,84.79999999999946,B03_TLV_CFV,cav,not_applicable,9092.319606572844,3.5,30.04147644956748,0.7918276112233097,lane_1,mainline,,normal,none,commit
BASIC-03,basic_long_dt_900,848,84.79999999999946,B03_TLV_CLV,cav,not_applicable,9134.64444874904,3.5,30.038527608741088,0.364777161232133,lane_1,mainline,,normal,none,commit
BASIC-03,basic_long_dt_900,849,84.89999999999945,B03_MV,cav,not_applicable,7245.999991408655,-3.5,2.104019928074657e-06,4.0,on_ramp,on_ramp_mv,,normal,not_started,commit
BASIC-03,basic_long_dt_900,849,84.89999999999945,B03_CLV,cav,not_applicable,9180.000000000002,3.5,29.999999999999957,1.7053025658242407e-14,lane_1,mainline,,normal,none,commit
BASIC-03,basic_long_dt_900,849,84.89999999999945,B03_CFV,cav,not_applicable,9137.697304822645,0.0,30.00000000000012,-4.973799150320701e-14,lane_2,mainline,,normal,none,commit
BASIC-03,basic_long_dt_900,849,84.89999999999945,B03_TLV_CFV,cav,not_applicable,9095.319323716438,3.5,29.997171435940295,-0.44305013627183754,lane_1,mainline,,normal,none,commit
BASIC-03,basic_long_dt_900,849,84.89999999999945,B03_TLV_CLV,cav,not_applicable,9137.640376959416,3.5,29.95928210375099,-0.792455049900982,lane_1,mainline,,normal,none,commit
BASIC-03,basic_long_dt_900,850,84.99999999999945,B03_MV,cav,not_applicable,7245.999991614027,-3.5,2.053724326960534e-06,4.0,on_ramp,on_ramp_mv,,normal,not_started,commit
BASIC-03,basic_long_dt_900,850,84.99999999999945,B03_CLV,cav,not_applicable,9183.000000000002,3.5,29.999999999999957,1.7053025658242407e-14,lane_1,mainline,,normal,none,commit
BASIC-03,basic_long_dt_900,850,84.99999999999945,B03_CFV,cav,not_applicable,9140.697304822645,0.0,30.000000000000117,-4.831690603168682e-14,lane_2,mainline,,normal,none,commit
BASIC-03,basic_long_dt_900,850,84.99999999999945,B03_TLV_CFV,cav,not_applicable,9098.322688631644,3.5,30.033649152063507,0.364777161232133,lane_1,mainline,,normal,none,commit
BASIC-03,basic_long_dt_900,850,84.99999999999945,B03_TLV_CLV,cav,not_applicable,9140.637094173928,3.5,29.967172145122728,0.07890041371737844,lane_1,mainline,,normal,none,commit
BASIC-03,basic_long_dt_900,851,85.09999999999944,B03_MV,cav,not_applicable,7245.99999181449,-3.5,2.004631007667293e-06,4.0,on_ramp,on_ramp_mv,,normal,not_started,commit
BASIC-03,basic_long_dt_900,851,85.09999999999944,B03_CLV,cav,not_applicable,9186.000000000002,3.5,29.999999999999957,1.7053025658242407e-14,lane_1,mainline,,normal,none,commit
BASIC-03,basic_long_dt_900,851,85.09999999999944,B03_CFV,cav,not_applicable,9143.697304822645,0.0,30.000000000000114,-4.6895820560166616e-14,lane_2,mainline,,normal,none,commit
BASIC-03,basic_long_dt_900,851,85.09999999999944,B03_TLV_CFV,cav,not_applicable,9101.318128996352,3.5,29.95440364707341,-0.792455049900982,lane_1,mainline,,normal,none,commit
BASIC-03,basic_long_dt_900,851,85.09999999999944,B03_TLV_CLV,cav,not_applicable,9143.641729664552,3.5,30.04635490624506,0.7918276112233097,lane_1,mainline,,normal,none,commit
BASIC-03,basic_long_dt_900,852,85.19999999999943,B03_MV,cav,not_applicable,7245.999992010162,-3.5,1.956711054556205e-06,4.0,on_ramp,on_ramp_mv,,normal,not_started,commit
BASIC-03,basic_long_dt_900,852,85.19999999999943,B03_CLV,cav,not_applicable,9189.000000000002,3.5,29.999999999999957,1.7053025658242407e-14,lane_1,mainline,,normal,none,commit
BASIC-03,basic_long_dt_900,852,85.19999999999943,B03_CFV,cav,not_applicable,9146.697304822645,0.0,30.00000000000011,-4.5474735088646414e-14,lane_2,mainline,,normal,none,commit
BASIC-03,basic_long_dt_900,852,85.19999999999943,B03_TLV_CFV,cav,not_applicable,9104.314358365196,3.5,29.962293688445147,0.07890041371737844,lane_1,mainline,,normal,none,commit
BASIC-03,basic_long_dt_900,852,85.19999999999943,B03_TLV_CLV,cav,not_applicable,9146.641934653813,3.5,30.002049892617876,-0.44305013627183754,lane_1,mainline,,normal,none,commit
BASIC-03,basic_long_dt_900,853,85.29999999999943,B03_MV,cav,not_applicable,7245.999992201156,-3.5,1.9099366390426262e-06,4.0,on_ramp,on_ramp_mv,,normal,not_started,commit
BASIC-03,basic_long_dt_900,853,85.29999999999943,B03_CLV,cav,not_applicable,9192.000000000002,3.5,29.999999999999957,1.7053025658242407e-14,lane_1,mainline,,normal,none,commit
BASIC-03,basic_long_dt_900,853,85.29999999999943,B03_CFV,cav,not_applicable,9149.697304822645,0.0,30.000000000000107,-4.405364961712621e-14,lane_2,mainline,,normal,none,commit
BASIC-03,basic_long_dt_900,853,85.29999999999943,B03_TLV_CFV,cav,not_applicable,9107.318506010153,3.5,30.04147644956748,0.7918276112233097,lane_1,mainline,,normal,none,commit
BASIC-03,basic_long_dt_900,853,85.29999999999943,B03_TLV_CLV,cav,not_applicable,9149.645787414687,3.5,30.038527608741088,0.364777161232133,lane_1,mainline,,normal,none,commit
BASIC-03,basic_long_dt_900,854,85.39999999999942,B03_MV,cav,not_applicable,7245.999992387584,-3.5,1.8642803673635498e-06,4.0,on_ramp,on_ramp_mv,,normal,not_started,commit
BASIC-03,basic_long_dt_900,854,85.39999999999942,B03_CLV,cav,not_applicable,9195.000000000002,3.5,29.999999999999957,1.7053025658242407e-14,lane_1,mainline,,normal,none,commit
BASIC-03,basic_long_dt_900,854,85.39999999999942,B03_CFV,cav,not_applicable,9152.697304822645,0.0,30.000000000000103,-4.263256414560601e-14,lane_2,mainline,,normal,none,commit
BASIC-03,basic_long_dt_900,854,85.39999999999942,B03_TLV_CFV,cav,not_applicable,9110.318223153747,3.5,29.997171435940295,-0.44305013627183754,lane_1,mainline,,normal,none,commit
BASIC-03,basic_long_dt_900,854,85.39999999999942,B03_TLV_CLV,cav,not_applicable,9152.641715625063,3.5,29.95928210375099,-0.792455049900982,lane_1,mainline,,normal,none,commit
BASIC-03,basic_long_dt_900,855,85.49999999999942,B03_MV,cav,not_applicable,7245.999992569556,-3.5,1.8197154979884209e-06,4.0,on_ramp,on_ramp_mv,,normal,not_started,commit
BASIC-03,basic_long_dt_900,855,85.49999999999942,B03_CLV,cav,not_applicable,9198.000000000002,3.5,29.999999999999957,1.7053025658242407e-14,lane_1,mainline,,normal,none,commit
BASIC-03,basic_long_dt_900,855,85.49999999999942,B03_CFV,cav,not_applicable,9155.697304822645,0.0,30.0000000000001,-4.1211478674085816e-14,lane_2,mainline,,normal,none,commit
BASIC-03,basic_long_dt_900,855,85.49999999999942,B03_TLV_CFV,cav,not_applicable,9113.321588068953,3.5,30.033649152063507,0.364777161232133,lane_1,mainline,,normal,none,commit
BASIC-03,basic_long_dt_900,855,85.49999999999942,B03_TLV_CLV,cav,not_applicable,9155.638432839574,3.5,29.967172145122728,0.07890041371737844,lane_1,mainline,,normal,none,commit
BASIC-03,basic_long_dt_900,856,85.59999999999941,B03_MV,cav,not_applicable,7245.999992747177,-3.5,1.7762159416191372e-06,4.0,on_ramp,on_ramp_mv,,normal,not_started,commit
BASIC-03,basic_long_dt_900,856,85.59999999999941,B03_CLV,cav,not_applicable,9201.000000000002,3.5,29.999999999999957,1.7053025658242407e-14,lane_1,mainline,,normal,none,commit
BASIC-03,basic_long_dt_900,856,85.59999999999941,B03_CFV,cav,not_applicable,9158.697304822645,0.0,30.000000000000096,-3.9790393202565614e-14,lane_2,mainline,,normal,none,commit
BASIC-03,basic_long_dt_900,856,85.59999999999941,B03_TLV_CFV,cav,not_applicable,9116.317028433661,3.5,29.95440364707341,-0.792455049900982,lane_1,mainline,,normal,none,commit
BASIC-03,basic_long_dt_900,856,85.59999999999941,B03_TLV_CLV,cav,not_applicable,9158.643068330199,3.5,30.04635490624506,0.7918276112233097,lane_1,mainline,,normal,none,commit
BASIC-03,basic_long_dt_900,857,85.6999999999994,B03_MV,cav,not_applicable,7245.999992920553,-3.5,1.7337562611900486e-06,4.0,on_ramp,on_ramp_mv,,normal,not_started,commit
BASIC-03,basic_long_dt_900,857,85.6999999999994,B03_CLV,cav,not_applicable,9204.000000000002,3.5,29.999999999999957,1.7053025658242407e-14,lane_1,mainline,,normal,none,commit
BASIC-03,basic_long_dt_900,857,85.6999999999994,B03_CFV,cav,not_applicable,9161.697304822645,0.0,30.000000000000092,-3.836930773104541e-14,lane_2,mainline,,normal,none,commit
BASIC-03,basic_long_dt_900,857,85.6999999999994,B03_TLV_CFV,cav,not_applicable,9119.313257802505,3.5,29.962293688445147,0.07890041371737844,lane_1,mainline,,normal,none,commit
BASIC-03,basic_long_dt_900,857,85.6999999999994,B03_TLV_CLV,cav,not_applicable,9161.64327331946,3.5,30.002049892617876,-0.44305013627183754,lane_1,mainline,,normal,none,commit
BASIC-03,basic_long_dt_900,858,85.7999999999994,B03_MV,cav,not_applicable,7245.999993089785,-3.5,1.6923114544571408e-06,4.0,on_ramp,on_ramp_mv,,normal,not_started,commit
BASIC-03,basic_long_dt_900,858,85.7999999999994,B03_CLV,cav,not_applicable,9207.000000000002,3.5,29.999999999999957,1.7053025658242407e-14,lane_1,mainline,,normal,none,commit
BASIC-03,basic_long_dt_900,858,85.7999999999994,B03_CFV,cav,not_applicable,9164.697304822645,0.0,30.00000000000009,-3.694822225952521e-14,lane_2,mainline,,normal,none,commit
BASIC-03,basic_long_dt_900,858,85.7999999999994,B03_TLV_CFV,cav,not_applicable,9122.317405447462,3.5,30.04147644956748,0.7918276112233097,lane_1,mainline,,normal,none,commit
BASIC-03,basic_long_dt_900,858,85.7999999999994,B03_TLV_CLV,cav,not_applicable,9164.647126080334,3.5,30.038527608741088,0.364777161232133,lane_1,mainline,,normal,none,commit
BASIC-03,basic_long_dt_900,859,85.8999999999994,B03_MV,cav,not_applicable,7245.999993254971,-3.5,1.651857388819669e-06,4.0,on_ramp,on_ramp_mv,,normal,not_started,commit
BASIC-03,basic_long_dt_900,859,85.8999999999994,B03_CLV,cav,not_applicable,9210.000000000002,3.5,29.999999999999957,1.7053025658242407e-14,lane_1,mainline,,normal,none,commit
BASIC-03,basic_long_dt_900,859,85.8999999999994,B03_CFV,cav,not_applicable,9167.697304822645,0.0,30.000000000000085,-3.552713678800501e-14,lane_2,mainline,,normal,none,commit
BASIC-03,basic_long_dt_900,859,85.8999999999994,B03_TLV_CFV,cav,not_applicable,9125.317122591056,3.5,29.997171435940295,-0.44305013627183754,lane_1,mainline,,normal,none,commit
BASIC-03,basic_long_dt_900,859,85.8999999999994,B03_TLV_CLV,cav,not_applicable,9167.64305429071,3.5,29.95928210375099,-0.792455049900982,lane_1,mainline,,normal,none,commit
BASIC-03,basic_long_dt_900,860,85.99999999999939,B03_MV,cav,not_applicable,7245.999993416208,-3.5,1.6123703664985234e-06,4.0,on_ramp,on_ramp_mv,,normal,not_started,commit
BASIC-03,basic_long_dt_900,860,85.99999999999939,B03_CLV,cav,not_applicable,9213.000000000002,3.5,29.999999999999957,1.7053025658242407e-14,lane_1,mainline,,normal,none,commit
BASIC-03,basic_long_dt_900,860,85.99999999999939,B03_CFV,cav,not_applicable,9170.697304822645,0.0,30.00000000000008,-3.4106051316484814e-14,lane_2,mainline,,normal,none,commit
BASIC-03,basic_long_dt_900,860,85.99999999999939,B03_TLV_CFV,cav,not_applicable,9128.320487506262,3.5,30.033649152063507,0.364777161232133,lane_1,mainline,,normal,none,commit
BASIC-03,basic_long_dt_900,860,85.99999999999939,B03_TLV_CLV,cav,not_applicable,9170.63977150522,3.5,29.967172145122728,0.07890041371737844,lane_1,mainline,,normal,none,commit
BASIC-03,basic_long_dt_900,861,86.09999999999938,B03_MV,cav,not_applicable,7245.9999935735905,-3.5,1.573827341947047e-06,4.0,on_ramp,on_ramp_mv,,normal,not_started,commit
BASIC-03,basic_long_dt_900,861,86.09999999999938,B03_CLV,cav,not_applicable,9216.000000000002,3.5,29.999999999999957,1.7053025658242407e-14,lane_1,mainline,,normal,none,commit
BASIC-03,basic_long_dt_900,861,86.09999999999938,B03_CFV,cav,not_applicable,9173.697304822645,0.0,30.000000000000078,-3.268496584496461e-14,lane_2,mainline,,normal,none,commit
BASIC-03,basic_long_dt_900,861,86.09999999999938,B03_TLV_CFV,cav,not_applicable,9131.31592787097,3.5,29.95440364707341,-0.792455049900982,lane_1,mainline,,normal,none,commit
BASIC-03,basic_long_dt_900,861,86.09999999999938,B03_TLV_CLV,cav,not_applicable,9173.644406995845,3.5,30.04635490624506,0.7918276112233097,lane_1,mainline,,normal,none,commit
BASIC-03,basic_long_dt_900,862,86.19999999999938,B03_MV,cav,not_applicable,7245.999993727211,-3.5,1.5362057044402182e-06,4.0,on_ramp,on_ramp_mv,,normal,not_started,commit
BASIC-03,basic_long_dt_900,862,86.19999999999938,B03_CLV,cav,not_applicable,9219.000000000002,3.5,29.999999999999957,1.7053025658242407e-14,lane_1,mainline,,normal,none,commit
BASIC-03,basic_long_dt_900,862,86.19999999999938,B03_CFV,cav,not_applicable,9176.697304822645,0.0,30.000000000000075,-3.126388037344441e-14,lane_2,mainline,,normal,none,commit
BASIC-03,basic_long_dt_900,862,86.19999999999938,B03_TLV_CFV,cav,not_applicable,9134.312157239814,3.5,29.962293688445147,0.07890041371737844,lane_1,mainline,,normal,none,commit
BASIC-03,basic_long_dt_900,862,86.19999999999938,B03_TLV_CLV,cav,not_applicable,9176.644611985106,3.5,30.002049892617876,-0.44305013627183754,lane_1,mainline,,normal,none,commit
BASIC-03,basic_long_dt_900,863,86.29999999999937,B03_MV,cav,not_applicable,7245.99999387716,-3.5,1.4994832780746493e-06,4.0,on_ramp,on_ramp_mv,,normal,not_started,commit
BASIC-03,basic_long_dt_900,863,86.29999999999937,B03_CLV,cav,not_applicable,9222.000000000002,3.5,29.999999999999957,1.7053025658242407e-14,lane_1,mainline,,normal,none,commit
BASIC-03,basic_long_dt_900,863,86.29999999999937,B03_CFV,cav,not_applicable,9179.697304822645,0.0,30.00000000000007,-2.984279490192421e-14,lane_2,mainline,,normal,none,commit
BASIC-03,basic_long_dt_900,863,86.29999999999937,B03_TLV_CFV,cav,not_applicable,9137.316304884771,3.5,30.04147644956748,0.7918276112233097,lane_1,mainline,,normal,none,commit
BASIC-03,basic_long_dt_900,863,86.29999999999937,B03_TLV_CLV,cav,not_applicable,9179.64846474598,3.5,30.038527608741088,0.364777161232133,lane_1,mainline,,normal,none,commit
BASIC-03,basic_long_dt_900,864,86.39999999999937,B03_MV,cav,not_applicable,7245.999994023524,-3.5,1.463638756590224e-06,4.0,on_ramp,on_ramp_mv,,normal,not_started,commit
BASIC-03,basic_long_dt_900,864,86.39999999999937,B03_CLV,cav,not_applicable,9225.000000000002,3.5,29.999999999999957,1.7053025658242407e-14,lane_1,mainline,,normal,none,commit
BASIC-03,basic_long_dt_900,864,86.39999999999937,B03_CFV,cav,not_applicable,9182.697304822645,0.0,30.000000000000068,-2.842170943040401e-14,lane_2,mainline,,normal,none,commit
BASIC-03,basic_long_dt_900,864,86.39999999999937,B03_TLV_CFV,cav,not_applicable,9140.316022028364,3.5,29.997171435940295,-0.44305013627183754,lane_1,mainline,,normal,none,commit
BASIC-03,basic_long_dt_900,864,86.39999999999937,B03_TLV_CLV,cav,not_applicable,9182.644392956356,3.5,29.95928210375099,-0.792455049900982,lane_1,mainline,,normal,none,commit
BASIC-03,basic_long_dt_900,865,86.49999999999936,B03_MV,cav,not_applicable,7245.999994166389,-3.5,1.4286510511376428e-06,4.0,on_ramp,on_ramp_mv,,normal,not_started,commit
BASIC-03,basic_long_dt_900,865,86.49999999999936,B03_CLV,cav,not_applicable,9228.000000000002,3.5,29.999999999999957,1.7053025658242407e-14,lane_1,mainline,,normal,none,commit
BASIC-03,basic_long_dt_900,865,86.49999999999936,B03_CFV,cav,not_applicable,9185.697304822645,0.0,30.000000000000064,-2.700062395888381e-14,lane_2,mainline,,normal,none,commit
BASIC-03,basic_long_dt_900,865,86.49999999999936,B03_TLV_CFV,cav,not_applicable,9143.31938694357,3.5,30.033649152063507,0.364777161232133,lane_1,mainline,,normal,none,commit
BASIC-03,basic_long_dt_900,865,86.49999999999936,B03_TLV_CLV,cav,not_applicable,9185.641110170867,3.5,29.967172145122728,0.07890041371737844,lane_1,mainline,,normal,none,commit
BASIC-03,basic_long_dt_900,866,86.59999999999935,B03_MV,cav,not_applicable,7245.999994305839,-3.5,1.3944997251000586e-06,4.0,on_ramp,on_ramp_mv,,normal,not_started,commit
BASIC-03,basic_long_dt_900,866,86.59999999999935,B03_CLV,cav,not_applicable,9231.000000000002,3.5,29.999999999999957,1.7053025658242407e-14,lane_1,mainline,,normal,none,commit
BASIC-03,basic_long_dt_900,866,86.59999999999935,B03_CFV,cav,not_applicable,9188.697304822645,0.0,30.00000000000006,-2.5579538487363607e-14,lane_2,mainline,,normal,none,commit
BASIC-03,basic_long_dt_900,866,86.59999999999935,B03_TLV_CFV,cav,not_applicable,9146.314827308279,3.5,29.95440364707341,-0.792455049900982,lane_1,mainline,,normal,none,commit
BASIC-03,basic_long_dt_900,866,86.59999999999935,B03_TLV_CLV,cav,not_applicable,9188.645745661492,3.5,30.04635490624506,0.7918276112233097,lane_1,mainline,,normal,none,commit
BASIC-03,basic_long_dt_900,867,86.69999999999935,B03_MV,cav,not_applicable,7245.999994441956,-3.5,1.3611647766822597e-06,4.0,on_ramp,on_ramp_mv,,normal,not_started,commit
BASIC-03,basic_long_dt_900,867,86.69999999999935,B03_CLV,cav,not_applicable,9234.000000000002,3.5,29.999999999999957,1.7053025658242407e-14,lane_1,mainline,,normal,none,commit
BASIC-03,basic_long_dt_900,867,86.69999999999935,B03_CFV,cav,not_applicable,9191.697304822645,0.0,30.000000000000057,-2.415845301584341e-14,lane_2,mainline,,normal,none,commit
BASIC-03,basic_long_dt_900,867,86.69999999999935,B03_TLV_CFV,cav,not_applicable,9149.311056677123,3.5,29.962293688445147,0.07890041371737844,lane_1,mainline,,normal,none,commit
BASIC-03,basic_long_dt_900,867,86.69999999999935,B03_TLV_CLV,cav,not_applicable,9191.645950650753,3.5,30.002049892617876,-0.44305013627183754,lane_1,mainline,,normal,none,commit
BASIC-03,basic_long_dt_900,868,86.79999999999934,B03_MV,cav,not_applicable,7245.999994574819,-3.5,1.3286266389106696e-06,4.0,on_ramp,on_ramp_mv,,normal,not_started,commit
BASIC-03,basic_long_dt_900,868,86.79999999999934,B03_CLV,cav,not_applicable,9237.000000000002,3.5,29.999999999999957,1.7053025658242407e-14,lane_1,mainline,,normal,none,commit
BASIC-03,basic_long_dt_900,868,86.79999999999934,B03_CFV,cav,not_applicable,9194.697304822645,0.0,30.000000000000053,-2.2737367544323207e-14,lane_2,mainline,,normal,none,commit
BASIC-03,basic_long_dt_900,868,86.79999999999934,B03_TLV_CFV,cav,not_applicable,9152.31520432208,3.5,30.04147644956748,0.7918276112233097,lane_1,mainline,,normal,none,commit
BASIC-03,basic_long_dt_900,868,86.79999999999934,B03_TLV_CLV,cav,not_applicable,9194.649803411627,3.5,30.038527608741088,0.364777161232133,lane_1,mainline,,normal,none,commit
BASIC-03,basic_long_dt_900,869,86.89999999999934,B03_MV,cav,not_applicable,7245.999994704505,-3.5,1.296866397044164e-06,4.0,on_ramp,on_ramp_mv,,normal,not_started,commit
BASIC-03,basic_long_dt_900,869,86.89999999999934,B03_CLV,cav,not_applicable,9240.000000000002,3.5,29.999999999999957,1.7053025658242407e-14,lane_1,mainline,,normal,none,commit
BASIC-03,basic_long_dt_900,869,86.89999999999934,B03_CFV,cav,not_applicable,9197.697304822645,0.0,30.00000000000005,-2.1316282072803006e-14,lane_2,mainline,,normal,none,commit
BASIC-03,basic_long_dt_900,869,86.89999999999934,B03_TLV_CFV,cav,not_applicable,9155.314921465673,3.5,29.997171435940295,-0.44305013627183754,lane_1,mainline,,normal,none,commit
BASIC-03,basic_long_dt_900,869,86.89999999999934,B03_TLV_CLV,cav,not_applicable,9197.645731622002,3.5,29.95928210375099,-0.792455049900982,lane_1,mainline,,normal,none,commit
BASIC-03,basic_long_dt_900,870,86.99999999999933,B03_MV,cav,not_applicable,7245.9999948310915,-3.5,1.2658653537524361e-06,4.0,on_ramp,on_ramp_mv,,normal,not_started,commit
BASIC-03,basic_long_dt_900,870,86.99999999999933,B03_CLV,cav,not_applicable,9243.000000000002,3.5,29.999999999999957,1.7053025658242407e-14,lane_1,mainline,,normal,none,commit
BASIC-03,basic_long_dt_900,870,86.99999999999933,B03_CFV,cav,not_applicable,9200.697304822645,0.0,30.000000000000046,-1.9895196601282807e-14,lane_2,mainline,,normal,none,commit
BASIC-03,basic_long_dt_900,870,86.99999999999933,B03_TLV_CFV,cav,not_applicable,9158.31828638088,3.5,30.033649152063507,0.364777161232133,lane_1,mainline,,normal,none,commit
BASIC-03,basic_long_dt_900,870,86.99999999999933,B03_TLV_CLV,cav,not_applicable,9200.642448836514,3.5,29.967172145122728,0.07890041371737844,lane_1,mainline,,normal,none,commit
BASIC-03,basic_long_dt_900,871,87.09999999999933,B03_MV,cav,not_applicable,7245.999994954652,-3.5,1.235605463937632e-06,4.0,on_ramp,on_ramp_mv,,normal,not_started,commit
BASIC-03,basic_long_dt_900,871,87.09999999999933,B03_CLV,cav,not_applicable,9246.000000000002,3.5,29.999999999999957,1.7053025658242407e-14,lane_1,mainline,,normal,none,commit
BASIC-03,basic_long_dt_900,871,87.09999999999933,B03_CFV,cav,not_applicable,9203.697304822645,0.0,30.000000000000043,-1.8474111129762605e-14,lane_2,mainline,,normal,none,commit
BASIC-03,basic_long_dt_900,871,87.09999999999933,B03_TLV_CFV,cav,not_applicable,9161.313726745588,3.5,29.95440364707341,-0.792455049900982,lane_1,mainline,,normal,none,commit
BASIC-03,basic_long_dt_900,871,87.09999999999933,B03_TLV_CLV,cav,not_applicable,9203.647084327138,3.5,30.04635490624506,0.7918276112233097,lane_1,mainline,,normal,none,commit
BASIC-03,basic_long_dt_900,872,87.19999999999932,B03_MV,cav,not_applicable,7245.999995075259,-3.5,1.2060688999127148e-06,4.0,on_ramp,on_ramp_mv,,normal,not_started,commit
BASIC-03,basic_long_dt_900,872,87.19999999999932,B03_CLV,cav,not_applicable,9249.000000000002,3.5,29.999999999999957,1.7053025658242407e-14,lane_1,mainline,,normal,none,commit
BASIC-03,basic_long_dt_900,872,87.19999999999932,B03_CFV,cav,not_applicable,9206.697304822645,0.0,30.000000000000043,-1.7053025658242407e-14,lane_2,mainline,,normal,none,commit
BASIC-03,basic_long_dt_900,872,87.19999999999932,B03_TLV_CFV,cav,not_applicable,9164.309956114432,3.5,29.962293688445147,0.07890041371737844,lane_1,mainline,,normal,none,commit
BASIC-03,basic_long_dt_900,872,87.19999999999932,B03_TLV_CLV,cav,not_applicable,9206.6472893164,3.5,30.002049892617876,-0.44305013627183754,lane_1,mainline,,normal,none,commit
BASIC-03,basic_long_dt_900,873,87.29999999999932,B03_MV,cav,not_applicable,7245.999995192983,-3.5,1.1772382688122833e-06,4.0,on_ramp,on_ramp_mv,,normal,not_started,commit
BASIC-03,basic_long_dt_900,873,87.29999999999932,B03_CLV,cav,not_applicable,9252.000000000002,3.5,29.999999999999957,1.7053025658242407e-14,lane_1,mainline,,normal,none,commit
BASIC-03,basic_long_dt_900,873,87.29999999999932,B03_CFV,cav,not_applicable,9209.697304822645,0.0,30.000000000000043,-1.7053025658242407e-14,lane_2,mainline,,normal,none,commit
BASIC-03,basic_long_dt_900,873,87.29999999999932,B03_TLV_CFV,cav,not_applicable,9167.314103759389,3.5,30.04147644956748,0.7918276112233097,lane_1,mainline,,normal,none,commit
BASIC-03,basic_long_dt_900,873,87.29999999999932,B03_TLV_CLV,cav,not_applicable,9209.651142077273,3.5,30.038527608741088,0.364777161232133,lane_1,mainline,,normal,none,commit
BASIC-03,basic_long_dt_900,874,87.39999999999931,B03_MV,cav,not_applicable,7245.999995307893,-3.5,1.1490968300033882e-06,4.0,on_ramp,on_ramp_mv,,normal,not_started,commit
BASIC-03,basic_long_dt_900,874,87.39999999999931,B03_CLV,cav,not_applicable,9255.000000000002,3.5,29.999999999999957,1.7053025658242407e-14,lane_1,mainline,,normal,none,commit
BASIC-03,basic_long_dt_900,874,87.39999999999931,B03_CFV,cav,not_applicable,9212.697304822645,0.0,30.000000000000043,-1.7053025658242407e-14,lane_2,mainline,,normal,none,commit
BASIC-03,basic_long_dt_900,874,87.39999999999931,B03_TLV_CFV,cav,not_applicable,9170.313820902982,3.5,29.997171435940295,-0.44305013627183754,lane_1,mainline,,normal,none,commit
BASIC-03,basic_long_dt_900,874,87.39999999999931,B03_TLV_CLV,cav,not_applicable,9212.647070287649,3.5,29.95928210375099,-0.792455049900982,lane_1,mainline,,normal,none,commit
BASIC-03,basic_long_dt_900,875,87.4999999999993,B03_MV,cav,not_applicable,7245.999995420056,-3.5,1.1216280602638981e-06,4.0,on_ramp,on_ramp_mv,,normal,not_started,commit
BASIC-03,basic_long_dt_900,875,87.4999999999993,B03_CLV,cav,not_applicable,9258.000000000002,3.5,29.999999999999957,1.7053025658242407e-14,lane_1,mainline,,normal,none,commit
BASIC-03,basic_long_dt_900,875,87.4999999999993,B03_CFV,cav,not_applicable,9215.697304822645,0.0,30.000000000000043,-1.7053025658242407e-14,lane_2,mainline,,normal,none,commit
BASIC-03,basic_long_dt_900,875,87.4999999999993,B03_TLV_CFV,cav,not_applicable,9173.317185818189,3.5,30.033649152063507,0.364777161232133,lane_1,mainline,,normal,none,commit
BASIC-03,basic_long_dt_900,875,87.4999999999993,B03_TLV_CLV,cav,not_applicable,9215.64378750216,3.5,29.967172145122728,0.07890041371737844,lane_1,mainline,,normal,none,commit
BASIC-03,basic_long_dt_900,876,87.5999999999993,B03_MV,cav,not_applicable,7245.999995529537,-3.5,1.0948160886041342e-06,4.0,on_ramp,on_ramp_mv,,normal,not_started,commit
BASIC-03,basic_long_dt_900,876,87.5999999999993,B03_CLV,cav,not_applicable,9261.000000000002,3.5,29.999999999999957,1.7053025658242407e-14,lane_1,mainline,,normal,none,commit
BASIC-03,basic_long_dt_900,876,87.5999999999993,B03_CFV,cav,not_applicable,9218.697304822645,0.0,30.000000000000043,-1.7053025658242407e-14,lane_2,mainline,,normal,none,commit
BASIC-03,basic_long_dt_900,876,87.5999999999993,B03_TLV_CFV,cav,not_applicable,9176.312626182897,3.5,29.95440364707341,-0.792455049900982,lane_1,mainline,,normal,none,commit
BASIC-03,basic_long_dt_900,876,87.5999999999993,B03_TLV_CLV,cav,not_applicable,9218.648422992785,3.5,30.04635490624506,0.7918276112233097,lane_1,mainline,,normal,none,commit
BASIC-03,basic_long_dt_900,877,87.69999999999929,B03_MV,cav,not_applicable,7245.999995636402,-3.5,1.0686450440344176e-06,4.0,on_ramp,on_ramp_mv,,normal,not_started,commit
BASIC-03,basic_long_dt_900,877,87.69999999999929,B03_CLV,cav,not_applicable,9264.000000000002,3.5,29.999999999999957,1.7053025658242407e-14,lane_1,mainline,,normal,none,commit
BASIC-03,basic_long_dt_900,877,87.69999999999929,B03_CFV,cav,not_applicable,9221.697304822645,0.0,30.000000000000043,-1.7053025658242407e-14,lane_2,mainline,,normal,none,commit
BASIC-03,basic_long_dt_900,877,87.69999999999929,B03_TLV_CFV,cav,not_applicable,9179.30885555174,3.5,29.962293688445147,0.07890041371737844,lane_1,mainline,,normal,none,commit
BASIC-03,basic_long_dt_900,877,87.69999999999929,B03_TLV_CLV,cav,not_applicable,9221.648627982046,3.5,30.002049892617876,-0.44305013627183754,lane_1,mainline,,normal,none,commit
BASIC-03,basic_long_dt_900,878,87.79999999999929,B03_MV,cav,not_applicable,7245.999995740712,-3.5,1.0430994903867043e-06,4.0,on_ramp,on_ramp_mv,,normal,not_started,commit
BASIC-03,basic_long_dt_900,878,87.79999999999929,B03_CLV,cav,not_applicable,9267.000000000002,3.5,29.999999999999957,1.7053025658242407e-14,lane_1,mainline,,normal,none,commit
BASIC-03,basic_long_dt_900,878,87.79999999999929,B03_CFV,cav,not_applicable,9224.697304822645,0.0,30.000000000000043,-1.7053025658242407e-14,lane_2,mainline,,normal,none,commit
BASIC-03,basic_long_dt_900,878,87.79999999999929,B03_TLV_CFV,cav,not_applicable,9182.313003196698,3.5,30.04147644956748,0.7918276112233097,lane_1,mainline,,normal,none,commit
BASIC-03,basic_long_dt_900,878,87.79999999999929,B03_TLV_CLV,cav,not_applicable,9224.65248074292,3.5,30.038527608741088,0.364777161232133,lane_1,mainline,,normal,none,commit
BASIC-03,basic_long_dt_900,879,87.89999999999928,B03_MV,cav,not_applicable,7245.999995842528,-3.5,1.018164643725403e-06,4.0,on_ramp,on_ramp_mv,,normal,not_started,commit
BASIC-03,basic_long_dt_900,879,87.89999999999928,B03_CLV,cav,not_applicable,9270.000000000002,3.5,29.999999999999957,1.7053025658242407e-14,lane_1,mainline,,normal,none,commit
BASIC-03,basic_long_dt_900,879,87.89999999999928,B03_CFV,cav,not_applicable,9227.697304822645,0.0,30.000000000000043,-1.7053025658242407e-14,lane_2,mainline,,normal,none,commit
BASIC-03,basic_long_dt_900,879,87.89999999999928,B03_TLV_CFV,cav,not_applicable,9185.312720340291,3.5,29.997171435940295,-0.44305013627183754,lane_1,mainline,,normal,none,commit
BASIC-03,basic_long_dt_900,879,87.89999999999928,B03_TLV_CLV,cav,not_applicable,9227.648408953295,3.5,29.95928210375099,-0.792455049900982,lane_1,mainline,,normal,none,commit
BASIC-03,basic_long_dt_900,880,87.99999999999928,B03_MV,cav,not_applicable,7245.99999594191,-3.5,9.938259375257399e-07,4.0,on_ramp,on_ramp_mv,,normal,not_started,commit
BASIC-03,basic_long_dt_900,880,87.99999999999928,B03_CLV,cav,not_applicable,9273.000000000002,3.5,29.999999999999957,1.7053025658242407e-14,lane_1,mainline,,normal,none,commit
BASIC-03,basic_long_dt_900,880,87.99999999999928,B03_CFV,cav,not_applicable,9230.697304822645,0.0,30.000000000000043,-1.7053025658242407e-14,lane_2,mainline,,normal,none,commit
BASIC-03,basic_long_dt_900,880,87.99999999999928,B03_TLV_CFV,cav,not_applicable,9188.316085255497,3.5,30.033649152063507,0.364777161232133,lane_1,mainline,,normal,none,commit
BASIC-03,basic_long_dt_900,880,87.99999999999928,B03_TLV_CLV,cav,not_applicable,9230.645126167807,3.5,29.967172145122728,0.07890041371737844,lane_1,mainline,,normal,none,commit
BASIC-03,basic_long_dt_900,881,88.09999999999927,B03_MV,cav,not_applicable,7245.999996038917,-3.5,9.70069022673759e-07,4.0,on_ramp,on_ramp_mv,,normal,not_started,commit
BASIC-03,basic_long_dt_900,881,88.09999999999927,B03_CLV,cav,not_applicable,9276.000000000002,3.5,29.999999999999957,1.7053025658242407e-14,lane_1,mainline,,normal,none,commit
BASIC-03,basic_long_dt_900,881,88.09999999999927,B03_CFV,cav,not_applicable,9233.697304822645,0.0,30.000000000000043,-1.7053025658242407e-14,lane_2,mainline,,normal,none,commit
BASIC-03,basic_long_dt_900,881,88.09999999999927,B03_TLV_CFV,cav,not_applicable,9191.311525620205,3.5,29.95440364707341,-0.792455049900982,lane_1,mainline,,normal,none,commit
BASIC-03,basic_long_dt_900,881,88.09999999999927,B03_TLV_CLV,cav,not_applicable,9233.649761658431,3.5,30.04635490624506,0.7918276112233097,lane_1,mainline,,normal,none,commit
BASIC-03,basic_long_dt_900,882,88.19999999999926,B03_MV,cav,not_applicable,7245.999996133605,-3.5,9.468799848771384e-07,4.0,on_ramp,on_ramp_mv,,normal,not_started,commit
BASIC-03,basic_long_dt_900,882,88.19999999999926,B03_CLV,cav,not_applicable,9279.000000000002,3.5,29.999999999999957,1.7053025658242407e-14,lane_1,mainline,,normal,none,commit
BASIC-03,basic_long_dt_900,882,88.19999999999926,B03_CFV,cav,not_applicable,9236.697304822645,0.0,30.000000000000043,-1.7053025658242407e-14,lane_2,mainline,,normal,none,commit
BASIC-03,basic_long_dt_900,882,88.19999999999926,B03_TLV_CFV,cav,not_applicable,9194.30775498905,3.5,29.962293688445147,0.07890041371737844,lane_1,mainline,,normal,none,commit
BASIC-03,basic_long_dt_900,882,88.19999999999926,B03_TLV_CLV,cav,not_applicable,9236.649966647692,3.5,30.002049892617876,-0.44305013627183754,lane_1,mainline,,normal,none,commit
BASIC-03,basic_long_dt_900,883,88.29999999999926,B03_MV,cav,not_applicable,7245.99999622603,-3.5,9.24245127254375e-07,4.0,on_ramp,on_ramp_mv,,normal,not_started,commit
BASIC-03,basic_long_dt_900,883,88.29999999999926,B03_CLV,cav,not_applicable,9282.000000000002,3.5,29.999999999999957,1.7053025658242407e-14,lane_1,mainline,,normal,none,commit
BASIC-03,basic_long_dt_900,883,88.29999999999926,B03_CFV,cav,not_applicable,9239.697304822645,0.0,30.000000000000043,-1.7053025658242407e-14,lane_2,mainline,,normal,none,commit
BASIC-03,basic_long_dt_900,883,88.29999999999926,B03_TLV_CFV,cav,not_applicable,9197.311902634006,3.5,30.04147644956748,0.7918276112233097,lane_1,mainline,,normal,none,commit
BASIC-03,basic_long_dt_900,883,88.29999999999926,B03_TLV_CLV,cav,not_applicable,9239.653819408566,3.5,30.038527608741088,0.364777161232133,lane_1,mainline,,normal,none,commit
BASIC-03,basic_long_dt_900,884,88.39999999999925,B03_MV,cav,not_applicable,7245.999996316245,-3.5,9.021514051564174e-07,4.0,on_ramp,on_ramp_mv,,normal,not_started,commit
BASIC-03,basic_long_dt_900,884,88.39999999999925,B03_CLV,cav,not_applicable,9285.000000000002,3.5,29.999999999999957,1.7053025658242407e-14,lane_1,mainline,,normal,none,commit
BASIC-03,basic_long_dt_900,884,88.39999999999925,B03_CFV,cav,not_applicable,9242.697304822645,0.0,30.000000000000043,-1.7053025658242407e-14,lane_2,mainline,,normal,none,commit
BASIC-03,basic_long_dt_900,884,88.39999999999925,B03_TLV_CFV,cav,not_applicable,9200.3116197776,3.5,29.997171435940295,-0.44305013627183754,lane_1,mainline,,normal,none,commit
BASIC-03,basic_long_dt_900,884,88.39999999999925,B03_TLV_CLV,cav,not_applicable,9242.649747618942,3.5,29.95928210375099,-0.792455049900982,lane_1,mainline,,normal,none,commit
BASIC-03,basic_long_dt_900,885,88.49999999999925,B03_MV,cav,not_applicable,7245.999996404304,-3.5,8.805857739342145e-07,4.0,on_ramp,on_ramp_mv,,normal,not_started,commit
BASIC-03,basic_long_dt_900,885,88.49999999999925,B03_CLV,cav,not_applicable,9288.000000000002,3.5,29.999999999999957,1.7053025658242407e-14,lane_1,mainline,,normal,none,commit
BASIC-03,basic_long_dt_900,885,88.49999999999925,B03_CFV,cav,not_applicable,9245.697304822645,0.0,30.000000000000043,-1.7053025658242407e-14,lane_2,mainline,,normal,none,commit
BASIC-03,basic_long_dt_900,885,88.49999999999925,B03_TLV_CFV,cav,not_applicable,9203.314984692806,3.5,30.033649152063507,0.364777161232133,lane_1,mainline,,normal,none,commit
BASIC-03,basic_long_dt_900,885,88.49999999999925,B03_TLV_CLV,cav,not_applicable,9245.646464833453,3.5,29.967172145122728,0.07890041371737844,lane_1,mainline,,normal,none,commit
BASIC-03,basic_long_dt_900,886,88.59999999999924,B03_MV,cav,not_applicable,7245.999996490257,-3.5,8.595358411711676e-07,4.0,on_ramp,on_ramp_mv,,normal,not_started,commit
BASIC-03,basic_long_dt_900,886,88.59999999999924,B03_CLV,cav,not_applicable,9291.000000000002,3.5,29.999999999999957,1.7053025658242407e-14,lane_1,mainline,,normal,none,commit
BASIC-03,basic_long_dt_900,886,88.59999999999924,B03_CFV,cav,not_applicable,9248.697304822645,0.0,30.000000000000043,-1.7053025658242407e-14,lane_2,mainline,,normal,none,commit
BASIC-03,basic_long_dt_900,886,88.59999999999924,B03_TLV_CFV,cav,not_applicable,9206.310425057514,3.5,29.95440364707341,-0.792455049900982,lane_1,mainline,,normal,none,commit
BASIC-03,basic_long_dt_900,886,88.59999999999924,B03_TLV_CLV,cav,not_applicable,9248.651100324078,3.5,30.04635490624506,0.7918276112233097,lane_1,mainline,,normal,none,commit
BASIC-03,basic_long_dt_900,887,88.69999999999924,B03_MV,cav,not_applicable,7245.999996574156,-3.5,8.389889970398606e-07,4.0,on_ramp,on_ramp_mv,,normal,not_started,commit
BASIC-03,basic_long_dt_900,887,88.69999999999924,B03_CLV,cav,not_applicable,9294.000000000002,3.5,29.999999999999957,1.7053025658242407e-14,lane_1,mainline,,normal,none,commit
BASIC-03,basic_long_dt_900,887,88.69999999999924,B03_CFV,cav,not_applicable,9251.697304822645,0.0,30.000000000000043,-1.7053025658242407e-14,lane_2,mainline,,normal,none,commit
BASIC-03,basic_long_dt_900,887,88.69999999999924,B03_TLV_CFV,cav,not_applicable,9209.306654426358,3.5,29.962293688445147,0.07890041371737844,lane_1,mainline,,normal,none,commit
BASIC-03,basic_long_dt_900,887,88.69999999999924,B03_TLV_CLV,cav,not_applicable,9251.651305313339,3.5,30.002049892617876,-0.44305013627183754,lane_1,mainline,,normal,none,commit
BASIC-03,basic_long_dt_900,888,88.79999999999923,B03_MV,cav,not_applicable,7245.99999665605,-3.5,8.189332839453299e-07,4.0,on_ramp,on_ramp_mv,,normal,not_started,commit
BASIC-03,basic_long_dt_900,888,88.79999999999923,B03_CLV,cav,not_applicable,9297.000000000002,3.5,29.999999999999957,1.7053025658242407e-14,lane_1,mainline,,normal,none,commit
BASIC-03,basic_long_dt_900,888,88.79999999999923,B03_CFV,cav,not_applicable,9254.697304822645,0.0,30.000000000000043,-1.7053025658242407e-14,lane_2,mainline,,normal,none,commit
BASIC-03,basic_long_dt_900,888,88.79999999999923,B03_TLV_CFV,cav,not_applicable,9212.310802071315,3.5,30.04147644956748,0.7918276112233097,lane_1,mainline,,normal,none,commit
BASIC-03,basic_long_dt_900,888,88.79999999999923,B03_TLV_CLV,cav,not_applicable,9254.655158074213,3.5,30.038527608741088,0.364777161232133,lane_1,mainline,,normal,none,commit
BASIC-03,basic_long_dt_900,889,88.89999999999922,B03_MV,cav,not_applicable,7245.999996735985,-3.5,7.993569617034296e-07,4.0,on_ramp,on_ramp_mv,,normal,not_started,commit
BASIC-03,basic_long_dt_900,889,88.89999999999922,B03_CLV,cav,not_applicable,9300.000000000002,3.5,29.999999999999957,1.7053025658242407e-14,lane_1,mainline,,normal,none,commit
BASIC-03,basic_long_dt_900,889,88.89999999999922,B03_CFV,cav,not_applicable,9257.697304822645,0.0,30.000000000000043,-1.7053025658242407e-14,lane_2,mainline,,normal,none,commit
BASIC-03,basic_long_dt_900,889,88.89999999999922,B03_TLV_CFV,cav,not_applicable,9215.310519214909,3.5,29.997171435940295,-0.44305013627183754,lane_1,mainline,,normal,none,commit
BASIC-03,basic_long_dt_900,889,88.89999999999922,B03_TLV_CLV,cav,not_applicable,9257.651086284588,3.5,29.95928210375099,-0.792455049900982,lane_1,mainline,,normal,none,commit
BASIC-03,basic_long_dt_900,890,88.99999999999922,B03_MV,cav,not_applicable,7245.99999681401,-3.5,7.802487249516485e-07,4.0,on_ramp,on_ramp_mv,,normal,not_started,commit
BASIC-03,basic_long_dt_900,890,88.99999999999922,B03_CLV,cav,not_applicable,9303.000000000002,3.5,29.999999999999957,1.7053025658242407e-14,lane_1,mainline,,normal,none,commit
BASIC-03,basic_long_dt_900,890,88.99999999999922,B03_CFV,cav,not_applicable,9260.697304822645,0.0,30.000000000000043,-1.7053025658242407e-14,lane_2,mainline,,normal,none,commit
BASIC-03,basic_long_dt_900,890,88.99999999999922,B03_TLV_CFV,cav,not_applicable,9218.313884130115,3.5,30.033649152063507,0.364777161232133,lane_1,mainline,,normal,none,commit
BASIC-03,basic_long_dt_900,890,88.99999999999922,B03_TLV_CLV,cav,not_applicable,9260.6478034991,3.5,29.967172145122728,0.07890041371737844,lane_1,mainline,,normal,none,commit
BASIC-03,basic_long_dt_900,891,89.09999999999921,B03_MV,cav,not_applicable,7245.99999689017,-3.5,7.615972683274757e-07,4.0,on_ramp,on_ramp_mv,,normal,not_started,commit
BASIC-03,basic_long_dt_900,891,89.09999999999921,B03_CLV,cav,not_applicable,9306.000000000002,3.5,29.999999999999957,1.7053025658242407e-14,lane_1,mainline,,normal,none,commit
BASIC-03,basic_long_dt_900,891,89.09999999999921,B03_CFV,cav,not_applicable,9263.697304822645,0.0,30.000000000000043,-1.7053025658242407e-14,lane_2,mainline,,normal,none,commit
BASIC-03,basic_long_dt_900,891,89.09999999999921,B03_TLV_CFV,cav,not_applicable,9221.309324494823,3.5,29.95440364707341,-0.792455049900982,lane_1,mainline,,normal,none,commit
BASIC-03,basic_long_dt_900,891,89.09999999999921,B03_TLV_CLV,cav,not_applicable,9263.652438989724,3.5,30.04635490624506,0.7918276112233097,lane_1,mainline,,normal,none,commit
BASIC-03,basic_long_dt_900,892,89.1999999999992,B03_MV,cav,not_applicable,7245.99999696451,-3.5,7.433915038792177e-07,4.0,on_ramp,on_ramp_mv,,normal,not_started,commit
BASIC-03,basic_long_dt_900,892,89.1999999999992,B03_CLV,cav,not_applicable,9309.000000000002,3.5,29.999999999999957,1.7053025658242407e-14,lane_1,mainline,,normal,none,commit
BASIC-03,basic_long_dt_900,892,89.1999999999992,B03_CFV,cav,not_applicable,9266.697304822645,0.0,30.000000000000043,-1.7053025658242407e-14,lane_2,mainline,,normal,none,commit
BASIC-03,basic_long_dt_900,892,89.1999999999992,B03_TLV_CFV,cav,not_applicable,9224.305553863667,3.5,29.962293688445147,0.07890041371737844,lane_1,mainline,,normal,none,commit
BASIC-03,basic_long_dt_900,892,89.1999999999992,B03_TLV_CLV,cav,not_applicable,9266.652643978985,3.5,30.002049892617876,-0.44305013627183754,lane_1,mainline,,normal,none,commit
BASIC-03,basic_long_dt_900,893,89.2999999999992,B03_MV,cav,not_applicable,7245.999997037072,-3.5,7.256209958876336e-07,4.0,on_ramp,on_ramp_mv,,normal,not_started,commit
BASIC-03,basic_long_dt_900,893,89.2999999999992,B03_CLV,cav,not_applicable,9312.000000000002,3.5,29.999999999999957,1.7053025658242407e-14,lane_1,mainline,,normal,none,commit
BASIC-03,basic_long_dt_900,893,89.2999999999992,B03_CFV,cav,not_applicable,9269.697304822645,0.0,30.000000000000043,-1.7053025658242407e-14,lane_2,mainline,,normal,none,commit
BASIC-03,basic_long_dt_900,893,89.2999999999992,B03_TLV_CFV,cav,not_applicable,9227.309701508624,3.5,30.04147644956748,0.7918276112233097,lane_1,mainline,,normal,none,commit
BASIC-03,basic_long_dt_900,893,89.2999999999992,B03_TLV_CLV,cav,not_applicable,9269.656496739859,3.5,30.038527608741088,0.364777161232133,lane_1,mainline,,normal,none,commit
BASIC-03,basic_long_dt_900,894,89.3999999999992,B03_MV,cav,not_applicable,7245.9999971079,-3.5,7.082753086334825e-07,4.0,on_ramp,on_ramp_mv,,normal,not_started,commit
BASIC-03,basic_long_dt_900,894,89.3999999999992,B03_CLV,cav,not_applicable,9315.000000000002,3.5,29.999999999999957,1.7053025658242407e-14,lane_1,mainline,,normal,none,commit
BASIC-03,basic_long_dt_900,894,89.3999999999992,B03_CFV,cav,not_applicable,9272.697304822645,0.0,30.000000000000043,-1.7053025658242407e-14,lane_2,mainline,,normal,none,commit
BASIC-03,basic_long_dt_900,894,89.3999999999992,B03_TLV_CFV,cav,not_applicable,9230.309418652218,3.5,29.997171435940295,-0.44305013627183754,lane_1,mainline,,normal,none,commit
BASIC-03,basic_long_dt_900,894,89.3999999999992,B03_TLV_CLV,cav,not_applicable,9272.652424950234,3.5,29.95928210375099,-0.792455049900982,lane_1,mainline,,normal,none,commit
BASIC-03,basic_long_dt_900,895,89.49999999999919,B03_MV,cav,not_applicable,7245.999997177034,-3.5,6.913442238083408e-07,4.0,on_ramp,on_ramp_mv,,normal,not_started,commit
BASIC-03,basic_long_dt_900,895,89.49999999999919,B03_CLV,cav,not_applicable,9318.000000000002,3.5,29.999999999999957,1.7053025658242407e-14,lane_1,mainline,,normal,none,commit
BASIC-03,basic_long_dt_900,895,89.49999999999919,B03_CFV,cav,not_applicable,9275.697304822645,0.0,30.000000000000043,-1.7053025658242407e-14,lane_2,mainline,,normal,none,commit
BASIC-03,basic_long_dt_900,895,89.49999999999919,B03_TLV_CFV,cav,not_applicable,9233.312783567424,3.5,30.033649152063507,0.364777161232133,lane_1,mainline,,normal,none,commit
BASIC-03,basic_long_dt_900,895,89.49999999999919,B03_TLV_CLV,cav,not_applicable,9275.649142164746,3.5,29.967172145122728,0.07890041371737844,lane_1,mainline,,normal,none,commit
BASIC-03,basic_long_dt_900,896,89.59999999999918,B03_MV,cav,not_applicable,7245.999997244516,-3.5,6.748179579254202e-07,4.0,on_ramp,on_ramp_mv,,normal,not_started,commit
BASIC-03,basic_long_dt_900,896,89.59999999999918,B03_CLV,cav,not_applicable,9321.000000000002,3.5,29.999999999999957,1.7053025658242407e-14,lane_1,mainline,,normal,none,commit
BASIC-03,basic_long_dt_900,896,89.59999999999918,B03_CFV,cav,not_applicable,9278.697304822645,0.0,30.000000000000043,-1.7053025658242407e-14,lane_2,mainline,,normal,none,commit
BASIC-03,basic_long_dt_900,896,89.59999999999918,B03_TLV_CFV,cav,not_applicable,9236.308223932132,3.5,29.95440364707341,-0.792455049900982,lane_1,mainline,,normal,none,commit
BASIC-03,basic_long_dt_900,896,89.59999999999918,B03_TLV_CLV,cav,not_applicable,9278.65377765537,3.5,30.04635490624506,0.7918276112233097,lane_1,mainline,,normal,none,commit
BASIC-03,basic_long_dt_900,897,89.69999999999918,B03_MV,cav,not_applicable,7245.999997310384,-3.5,6.586867274979325e-07,4.0,on_ramp,on_ramp_mv,,normal,not_started,commit
BASIC-03,basic_long_dt_900,897,89.69999999999918,B03_CLV,cav,not_applicable,9324.000000000002,3.5,29.999999999999957,1.7053025658242407e-14,lane_1,mainline,,normal,none,commit
BASIC-03,basic_long_dt_900,897,89.69999999999918,B03_CFV,cav,not_applicable,9281.697304822645,0.0,30.000000000000043,-1.7053025658242407e-14,lane_2,mainline,,normal,none,commit
BASIC-03,basic_long_dt_900,897,89.69999999999918,B03_TLV_CFV,cav,not_applicable,9239.304453300976,3.5,29.962293688445147,0.07890041371737844,lane_1,mainline,,normal,none,commit
BASIC-03,basic_long_dt_900,897,89.69999999999918,B03_TLV_CLV,cav,not_applicable,9281.653982644631,3.5,30.002049892617876,-0.44305013627183754,lane_1,mainline,,normal,none,commit
BASIC-03,basic_long_dt_900,898,89.79999999999917,B03_MV,cav,not_applicable,7245.999997374678,-3.5,6.429411838607242e-07,4.0,on_ramp,on_ramp_mv,,normal,not_started,commit
BASIC-03,basic_long_dt_900,898,89.79999999999917,B03_CLV,cav,not_applicable,9327.000000000002,3.5,29.999999999999957,1.7053025658242407e-14,lane_1,mainline,,normal,none,commit
BASIC-03,basic_long_dt_900,898,89.79999999999917,B03_CFV,cav,not_applicable,9284.697304822645,0.0,30.000000000000043,-1.7053025658242407e-14,lane_2,mainline,,normal,none,commit
BASIC-03,basic_long_dt_900,898,89.79999999999917,B03_TLV_CFV,cav,not_applicable,9242.308600945933,3.5,30.04147644956748,0.7918276112233097,lane_1,mainline,,normal,none,commit
BASIC-03,basic_long_dt_900,898,89.79999999999917,B03_TLV_CLV,cav,not_applicable,9284.657835405505,3.5,30.038527608741088,0.364777161232133,lane_1,mainline,,normal,none,commit
BASIC-03,basic_long_dt_900,899,89.89999999999917,B03_MV,cav,not_applicable,7245.999997437435,-3.5,6.27571978348642e-07,4.0,on_ramp,on_ramp_mv,,normal,not_started,commit
BASIC-03,basic_long_dt_900,899,89.89999999999917,B03_CLV,cav,not_applicable,9330.000000000002,3.5,29.999999999999957,1.7053025658242407e-14,lane_1,mainline,,normal,none,commit
BASIC-03,basic_long_dt_900,899,89.89999999999917,B03_CFV,cav,not_applicable,9287.697304822645,0.0,30.000000000000043,-1.7053025658242407e-14,lane_2,mainline,,normal,none,commit
BASIC-03,basic_long_dt_900,899,89.89999999999917,B03_TLV_CFV,cav,not_applicable,9245.308318089526,3.5,29.997171435940295,-0.44305013627183754,lane_1,mainline,,normal,none,commit
BASIC-03,basic_long_dt_900,899,89.89999999999917,B03_TLV_CLV,cav,not_applicable,9287.653763615881,3.5,29.95928210375099,-0.792455049900982,lane_1,mainline,,normal,none,commit
