scenario_id,run_id,step,t,vehicle_id,vehicle_type,compliance_state,x_global,y,v,a,physical_lane,road_role,primary_leader_id,lane_change_state,merge_state,active_event_tags
BASIC-02,basic_long_dt_900,0,0.0,B02_MV,cav,not_applicable,6642.04,-3.5,20.4,4.0,on_ramp,on_ramp_mv,,normal,not_started,commit
BASIC-02,basic_long_dt_900,0,0.0,B02_CLV,cav,not_applicable,6656.04,0.0,20.4,4.0,lane_2,mainline,,normal,none,commit
BASIC-02,basic_long_dt_900,0,0.0,B02_CFV,cav,not_applicable,6616.007272727273,0.0,20.072727272727274,0.7272727272727273,lane_2,mainline,,normal,none,commit
BASIC-02,basic_long_dt_900,0,0.0,B02_TLV_CLV,cav,not_applicable,6664.54,3.5,15.4,4.0,lane_1,mainline,,normal,none,commit
BASIC-02,basic_long_dt_900,1,0.1,B02_MV,cav,not_applicable,6644.1184,-3.5,20.784,3.8400000000000007,on_ramp,on_ramp_mv,,normal,not_started,commit
BASIC-02,basic_long_dt_900,1,0.1,B02_CLV,cav,not_applicable,6658.1184,0.0,20.784,3.8400000000000007,lane_2,mainline,,normal,none,commit
BASIC-02,basic_long_dt_900,1,0.1,B02_CFV,cav,not_applicable,6618.027768595041,0.0,20.20495867768595,1.322314049586777,lane_2,mainline,,normal,none,commit
BASIC-02,basic_long_dt_900,1,0.1,B02_TLV_CLV,cav,not_applicable,6666.12,3.5,15.8,4.0,lane_1,mainline,,normal,none,commit
BASIC-02,basic_long_dt_900,2,0.2,B02_MV,cav,not_applicable,6646.233664,-3.5,21.152639999999998,3.686400000000001,on_ramp,on_ramp_mv,,normal,not_started,commit
BASIC-02,basic_long_dt_900,2,0.2,B02_CLV,cav,not_applicable,6660.233664,0.0,21.152639999999998,3.686400000000001,lane_2,mainline,,normal,none,commit
BASIC-02,basic_long_dt_900,2,0.2,B02_CFV,cav,not_applicable,6620.066356123216,0.0,20.38587528174305,1.8091660405709993,lane_2,mainline,,normal,none,commit
BASIC-02,basic_long_dt_900,2,0.2,B02_TLV_CLV,cav,not_applicable,6667.74,3.5,16.2,4.0,lane_1,mainline,,normal,none,commit
BASIC-02,basic_long_dt_900,3,0.30000000000000004,B02_MV,cav,not_applicable,6648.38431744,-3.5,21.5065344,3.5389440000000008,on_ramp,on_ramp_mv,,normal,not_started,commit
BASIC-02,basic_long_dt_900,3,0.30000000000000004,B02_CLV,cav,not_applicable,6662.38431744,0.0,21.5065344,3.5389440000000008,lane_2,mainline,,normal,none,commit
BASIC-02,basic_long_dt_900,3,0.30000000000000004,B02_CFV,cav,not_applicable,6622.127018646268,0.0,20.606625230517043,2.2074994877399083,lane_2,mainline,,normal,none,commit
BASIC-02,basic_long_dt_900,3,0.30000000000000004,B02_TLV_CLV,cav,not_applicable,6669.4,3.5,16.599999999999998,4.0,lane_1,mainline,,normal,none,commit
BASIC-02,basic_long_dt_900,4,0.4,B02_MV,cav,not_applicable,6650.5689447424,-3.5,21.846273024,3.3973862400000003,on_ramp,on_ramp_mv,,normal,not_started,commit
BASIC-02,basic_long_dt_900,4,0.4,B02_CLV,cav,not_applicable,6664.5689447424,0.0,21.846273024,3.3973862400000003,lane_2,mainline,,normal,none,commit
BASIC-02,basic_long_dt_900,4,0.4,B02_CFV,cav,not_applicable,6624.213015256038,0.0,20.859966097695764,2.5334086717871975,lane_2,mainline,,normal,none,commit
BASIC-02,basic_long_dt_900,4,0.4,B02_TLV_CLV,cav,not_applicable,6671.099999999999,3.5,16.999999999999996,4.0,lane_1,mainline,,normal,none,commit
BASIC-02,basic_long_dt_900,5,0.5,B02_MV,cav,not_applicable,6652.786186952704,-3.5,22.17242210304,3.261490790400001,on_ramp,on_ramp_mv,,normal,not_started,commit
BASIC-02,basic_long_dt_900,5,0.5,B02_CLV,cav,not_applicable,6666.786186952704,0.0,22.17242210304,3.261490790400001,lane_2,mainline,,normal,none,commit
BASIC-02,basic_long_dt_900,5,0.5,B02_CFV,cav,not_applicable,6626.327012482213,0.0,21.13997226175108,2.800061640553161,lane_2,mainline,,normal,none,commit
BASIC-02,basic_long_dt_900,5,0.5,B02_TLV_CLV,cav,not_applicable,6672.839999999999,3.5,17.399999999999995,4.0,lane_1,mainline,,normal,none,commit
BASIC-02,basic_long_dt_900,6,0.6,B02_MV,cav,not_applicable,6655.034739474596,-3.5,22.485525218918397,3.1310311587840007,on_ramp,on_ramp_mv,,normal,not_started,commit
BASIC-02,basic_long_dt_900,6,0.6,B02_CLV,cav,not_applicable,6669.034739474596,0.0,22.485525218918397,3.1310311587840007,lane_2,mainline,,normal,none,commit
BASIC-02,basic_long_dt_900,6,0.6,B02_CFV,cav,not_applicable,6628.471192030902,0.0,21.441795486887248,3.0182322513616775,lane_2,mainline,,normal,none,commit
BASIC-02,basic_long_dt_900,6,0.6,B02_TLV_CLV,cav,not_applicable,6674.619999999999,3.5,17.799999999999994,4.0,lane_1,mainline,,normal,none,commit
BASIC-02,basic_long_dt_900,7,0.7,B02_MV,cav,not_applicable,6657.313349895612,-3.5,22.78610421016166,3.0057899124326415,on_ramp,on_ramp_mv,,normal,not_started,commit
BASIC-02,basic_long_dt_900,7,0.7,B02_CLV,cav,not_applicable,6671.313349895612,0.0,22.78610421016166,3.0057899124326415,lane_2,mainline,,normal,none,commit
BASIC-02,basic_long_dt_900,7,0.7,B02_CFV,cav,not_applicable,6630.647338934375,0.0,21.76146903472593,3.1967354783868265,lane_2,mainline,,normal,none,commit
BASIC-02,basic_long_dt_900,7,0.7,B02_TLV_CLV,cav,not_applicable,6676.439999999999,3.5,18.199999999999992,4.0,lane_1,mainline,,normal,none,commit
BASIC-02,basic_long_dt_900,8,0.7999999999999999,B02_MV,cav,not_applicable,6659.620815899788,-3.5,23.074660041755195,2.885558315935336,on_ramp,on_ramp_mv,,normal,not_started,commit
BASIC-02,basic_long_dt_900,8,0.7999999999999999,B02_CLV,cav,not_applicable,6673.620815899788,0.0,23.074660041755195,2.885558315935336,lane_2,mainline,,normal,none,commit
BASIC-02,basic_long_dt_900,8,0.7999999999999999,B02_CFV,cav,not_applicable,6632.85691367358,0.0,22.095747392048487,3.342783573225585,lane_2,mainline,,normal,none,commit
BASIC-02,basic_long_dt_900,8,0.7999999999999999,B02_TLV_CLV,cav,not_applicable,6678.299999999998,3.5,18.59999999999999,4.0,lane_1,mainline,,normal,none,commit
BASIC-02,basic_long_dt_900,9,0.8999999999999999,B02_MV,cav,not_applicable,6661.955983263796,-3.5,23.351673640084986,2.7701359832979224,on_ramp,on_ramp_mv,,normal,not_started,commit
BASIC-02,basic_long_dt_900,9,0.8999999999999999,B02_CLV,cav,not_applicable,6675.955983263796,0.0,23.351673640084986,2.7701359832979224,lane_2,mainline,,normal,none,commit
BASIC-02,basic_long_dt_900,9,0.8999999999999999,B02_CFV,cav,not_applicable,6635.101111187474,0.0,22.441975138948763,3.4622774690027516,lane_2,mainline,,normal,none,commit
BASIC-02,basic_long_dt_900,9,0.8999999999999999,B02_TLV_CLV,cav,not_applicable,6680.199999999998,3.5,18.99999999999999,4.0,lane_1,mainline,,normal,none,commit
BASIC-02,basic_long_dt_900,10,0.9999999999999999,B02_MV,cav,not_applicable,6664.317743933244,-3.5,23.617606694481587,2.6593305439660058,on_ramp,on_ramp_mv,,normal,not_started,commit
BASIC-02,basic_long_dt_900,10,0.9999999999999999,B02_CLV,cav,not_applicable,6678.317743933244,0.0,23.617606694481587,2.6593305439660058,lane_2,mainline,,normal,none,commit
BASIC-02,basic_long_dt_900,10,0.9999999999999999,B02_CFV,cav,not_applicable,6637.3809091533885,0.0,22.797979659139898,3.5600452019113424,lane_2,mainline,,normal,none,commit
BASIC-02,basic_long_dt_900,10,0.9999999999999999,B02_TLV_CLV,cav,not_applicable,6682.139999999998,3.5,19.399999999999988,4.0,lane_1,mainline,,normal,none,commit
BASIC-02,basic_long_dt_900,11,1.0999999999999999,B02_MV,cav,not_applicable,6666.705034175914,-3.5,23.872902426702325,2.5529573222073654,on_ramp,on_ramp_mv,,normal,not_started,commit
BASIC-02,basic_long_dt_900,11,1.0999999999999999,B02_CLV,cav,not_applicable,6680.705034175914,0.0,23.872902426702325,2.5529573222073654,lane_2,mainline,,normal,none,commit
BASIC-02,basic_long_dt_900,11,1.0999999999999999,B02_CFV,cav,not_applicable,6639.697107489136,0.0,23.1619833574781,3.640036983382007,lane_2,mainline,,normal,none,commit
BASIC-02,basic_long_dt_900,11,1.0999999999999999,B02_TLV_CLV,cav,not_applicable,6684.119999999997,3.5,19.799999999999986,4.0,lane_1,mainline,,normal,none,commit
BASIC-02,basic_long_dt_900,12,1.2,B02_MV,cav,not_applicable,6669.116832808878,-3.5,24.11798632963423,2.45083902931907,on_ramp,on_ramp_mv,,normal,not_started,commit
BASIC-02,basic_long_dt_900,12,1.2,B02_CLV,cav,not_applicable,6683.116832808878,0.0,24.11798632963423,2.45083902931907,lane_2,mainline,,normal,none,commit
BASIC-02,basic_long_dt_900,12,1.2,B02_CFV,cav,not_applicable,6642.05036067293,0.0,23.532531837936627,3.7054848045852786,lane_2,mainline,,normal,none,commit
BASIC-02,basic_long_dt_900,12,1.2,B02_TLV_CLV,cav,not_applicable,6686.139999999998,3.5,20.199999999999985,4.0,lane_1,mainline,,normal,none,commit
BASIC-02,basic_long_dt_900,13,1.3,B02_MV,cav,not_applicable,6671.552159496523,-3.5,24.353266876448863,2.3528054681463075,on_ramp,on_ramp_mv,,normal,not_started,commit
BASIC-02,basic_long_dt_900,13,1.3,B02_CLV,cav,not_applicable,6685.552159496523,0.0,24.353266876448863,2.3528054681463075,lane_2,mainline,,normal,none,commit
BASIC-02,basic_long_dt_900,13,1.3,B02_CFV,cav,not_applicable,6644.441204186943,0.0,23.908435140129967,3.7590330219334094,lane_2,mainline,,normal,none,commit
BASIC-02,basic_long_dt_900,13,1.3,B02_TLV_CLV,cav,not_applicable,6688.199199999997,3.5,20.591999999999985,3.920000000000006,lane_1,mainline,,normal,none,commit
BASIC-02,basic_long_dt_900,14,1.4000000000000001,B02_MV,cav,not_applicable,6674.010073116662,-3.5,24.57913620139091,2.2586932494204546,on_ramp,on_ramp_mv,,normal,not_started,commit
BASIC-02,basic_long_dt_900,14,1.4000000000000001,B02_CLV,cav,not_applicable,6688.010073116662,0.0,24.57913620139091,2.2586932494204546,lane_2,mainline,,normal,none,commit
BASIC-02,basic_long_dt_900,14,1.4000000000000001,B02_CFV,cav,not_applicable,6646.8700761529535,0.0,24.288719660106338,3.8028451997636985,lane_2,mainline,,normal,none,commit
BASIC-02,basic_long_dt_900,14,1.4000000000000001,B02_TLV_CLV,cav,not_applicable,6690.2960319999975,3.5,20.968319999999984,3.7632000000000065,lane_1,mainline,,normal,none,commit
BASIC-02,basic_long_dt_900,15,1.5000000000000002,B02_MV,cav,not_applicable,6676.489670191996,-3.5,24.795970753335272,2.1683455194436365,on_ramp,on_ramp_mv,,normal,not_started,commit
BASIC-02,basic_long_dt_900,15,1.5000000000000002,B02_CLV,cav,not_applicable,6690.489670191996,0.0,24.795970753335272,2.1683455194436365,lane_2,mainline,,normal,none,commit
BASIC-02,basic_long_dt_900,15,1.5000000000000002,B02_CFV,cav,not_applicable,6649.337335034235,0.0,24.672588812814276,3.8386915270793898,lane_2,mainline,,normal,none,commit
BASIC-02,basic_long_dt_900,15,1.5000000000000002,B02_TLV_CLV,cav,not_applicable,6692.428990719997,3.5,21.329587199999985,3.6126720000000065,lane_1,mainline,,normal,none,commit
BASIC-02,basic_long_dt_900,16,1.6000000000000003,B02_MV,cav,not_applicable,6678.990083384317,-3.5,25.00413192320186,2.0816116986658915,on_ramp,on_ramp_mv,,normal,not_started,commit
BASIC-02,basic_long_dt_900,16,1.6000000000000003,B02_CLV,cav,not_applicable,6692.990083384317,0.0,25.00413192320186,2.0816116986658915,lane_2,mainline,,normal,none,commit
BASIC-02,basic_long_dt_900,16,1.6000000000000003,B02_CFV,cav,not_applicable,6651.830619280728,0.0,24.932842464920885,2.602536521066077,lane_2,mainline,,normal,none,commit
BASIC-02,basic_long_dt_900,16,1.6000000000000003,B02_TLV_CLV,cav,not_applicable,6694.596631091197,3.5,21.676403711999985,3.4681651200000063,lane_1,mainline,,normal,none,commit
BASIC-02,basic_long_dt_900,17,1.7000000000000004,B02_MV,cav,not_applicable,6681.510480048944,-3.5,25.203966646273788,1.9983472307192558,on_ramp,on_ramp_mv,,normal,not_started,commit
BASIC-02,basic_long_dt_900,17,1.7000000000000004,B02_CLV,cav,not_applicable,6695.510480048944,0.0,25.203966646273788,1.9983472307192558,lane_2,mainline,,normal,none,commit
BASIC-02,basic_long_dt_900,17,1.7000000000000004,B02_CFV,cav,not_applicable,6654.3524697351195,0.0,25.2185045439172,2.856620789963154,lane_2,mainline,,normal,none,commit
BASIC-02,basic_long_dt_900,17,1.7000000000000004,B02_TLV_CLV,cav,not_applicable,6696.797565847549,3.5,22.009347563519984,3.3294385152000063,lane_1,mainline,,normal,none,commit
BASIC-02,basic_long_dt_900,18,1.8000000000000005,B02_MV,cav,not_applicable,6684.0500608469865,-3.5,25.395807980422838,1.918413341490485,on_ramp,on_ramp_mv,,normal,not_started,commit
BASIC-02,basic_long_dt_900,18,1.8000000000000005,B02_CLV,cav,not_applicable,6698.0500608469865,0.0,25.395807980422838,1.918413341490485,lane_2,mainline,,normal,none,commit
BASIC-02,basic_long_dt_900,18,1.8000000000000005,B02_CFV,cav,not_applicable,6656.904965268702,0.0,25.524955335823275,3.0645079190607625,lane_2,mainline,,normal,none,commit
BASIC-02,basic_long_dt_900,18,1.8000000000000005,B02_TLV_CLV,cav,not_applicable,6699.030463213647,3.5,22.328973660979184,3.1962609745920063,lane_1,mainline,,normal,none,commit
BASIC-02,basic_long_dt_900,19,1.9000000000000006,B02_MV,cav,not_applicable,6686.608058413107,-3.5,25.579975661205925,1.841676807830865,on_ramp,on_ramp_mv,,normal,not_started,commit
BASIC-02,basic_long_dt_900,19,1.9000000000000006,B02_CLV,cav,not_applicable,6700.608058413107,0.0,25.579975661205925,1.841676807830865,lane_2,mainline,,normal,none,commit
BASIC-02,basic_long_dt_900,19,1.9000000000000006,B02_CFV,cav,not_applicable,6659.471624957985,0.0,25.666596892837337,1.4164155701406238,lane_2,mainline,,normal,none,commit
BASIC-02,basic_long_dt_900,19,1.9000000000000006,B02_TLV_CLV,cav,not_applicable,6701.294044685101,3.5,22.635814714540018,3.0684105356083267,lane_1,mainline,,normal,none,commit
BASIC-02,basic_long_dt_900,20,2.0000000000000004,B02_MV,cav,not_applicable,6689.183736076583,-3.5,25.75677663475769,1.76800973551763,on_ramp,on_ramp_mv,,normal,not_started,commit
BASIC-02,basic_long_dt_900,20,2.0000000000000004,B02_CLV,cav,not_applicable,6703.183736076583,0.0,25.75677663475769,1.76800973551763,lane_2,mainline,,normal,none,commit
BASIC-02,basic_long_dt_900,20,2.0000000000000004,B02_CFV,cav,not_applicable,6662.057146229206,0.0,25.855212712212477,1.8861581937514194,lane_2,mainline,,normal,none,commit
BASIC-02,basic_long_dt_900,20,2.0000000000000004,B02_TLV_CLV,cav,not_applicable,6703.587082897697,3.5,22.930382125958417,2.945674114183993,lane_1,mainline,,normal,none,commit
BASIC-02,basic_long_dt_900,21,2.1000000000000005,B02_MV,cav,not_applicable,6691.77638663352,-3.5,25.926505569367382,1.6972893460969247,on_ramp,on_ramp_mv,,normal,not_started,commit
BASIC-02,basic_long_dt_900,21,2.1000000000000005,B02_CLV,cav,not_applicable,6705.77638663352,0.0,25.926505569367382,1.6972893460969247,lane_2,mainline,,normal,none,commit
BASIC-02,basic_long_dt_900,21,2.1000000000000005,B02_CFV,cav,not_applicable,6664.665372431104,0.0,26.082262018973957,2.2704930676147974,lane_2,mainline,,normal,none,commit
BASIC-02,basic_long_dt_900,21,2.1000000000000005,B02_TLV_CLV,cav,not_applicable,6705.908399581789,3.5,23.21316684092008,2.8278471496166335,lane_1,mainline,,normal,none,commit
BASIC-02,basic_long_dt_900,22,2.2000000000000006,B02_MV,cav,not_applicable,6694.38533116818,-3.5,26.089445346592687,1.6293977722530473,on_ramp,on_ramp_mv,,normal,not_started,commit
BASIC-02,basic_long_dt_900,22,2.2000000000000006,B02_CLV,cav,not_applicable,6708.38533116818,0.0,26.089445346592687,1.6293977722530473,lane_2,mainline,,normal,none,commit
BASIC-02,basic_long_dt_900,22,2.2000000000000006,B02_CFV,cav,not_applicable,6667.299448121736,0.0,26.34075690632426,2.584948873503016,lane_2,mainline,,normal,none,commit
BASIC-02,basic_long_dt_900,22,2.2000000000000006,B02_TLV_CLV,cav,not_applicable,6708.256863598517,3.5,23.484640167283278,2.7147332636319677,lane_1,mainline,,normal,none,commit
BASIC-02,basic_long_dt_900,23,2.3000000000000007,B02_MV,cav,not_applicable,6697.009917921452,-3.5,26.24586753272898,1.5642218613629255,on_ramp,on_ramp_mv,,normal,not_started,commit
BASIC-02,basic_long_dt_900,23,2.3000000000000007,B02_CLV,cav,not_applicable,6711.009917921452,0.0,26.24586753272898,1.5642218613629255,lane_2,mainline,,normal,none,commit
BASIC-02,basic_long_dt_900,23,2.3000000000000007,B02_CFV,cav,not_applicable,6669.9437643031515,0.0,26.443161814156323,1.0240490783206493,lane_2,mainline,,normal,none,commit
BASIC-02,basic_long_dt_900,23,2.3000000000000007,B02_TLV_CLV,cav,not_applicable,6710.631389054576,3.5,23.745254560591945,2.606143933086689,lane_1,mainline,,normal,none,commit
BASIC-02,basic_long_dt_900,24,2.400000000000001,B02_MV,cav,not_applicable,6699.649521204594,-3.5,26.39603283141982,1.5016529869084083,on_ramp,on_ramp_mv,,normal,not_started,commit
BASIC-02,basic_long_dt_900,24,2.400000000000001,B02_CLV,cav,not_applicable,6713.649521204594,0.0,26.39603283141982,1.5016529869084083,lane_2,mainline,,normal,none,commit
BASIC-02,basic_long_dt_900,24,2.400000000000001,B02_CFV,cav,not_applicable,6672.603731795208,0.0,26.599674920564375,1.5651310640805312,lane_2,mainline,,normal,none,commit
BASIC-02,basic_long_dt_900,24,2.400000000000001,B02_TLV_CLV,cav,not_applicable,6713.030933492393,3.5,23.99544437816827,2.501898175763222,lane_1,mainline,,normal,none,commit
BASIC-02,basic_long_dt_900,25,2.500000000000001,B02_MV,cav,not_applicable,6702.30354035641,-3.5,26.540191518163027,1.441586867432072,on_ramp,on_ramp_mv,,normal,not_started,commit
BASIC-02,basic_long_dt_900,25,2.500000000000001,B02_CLV,cav,not_applicable,6716.30354035641,0.0,26.540191518163027,1.441586867432072,lane_2,mainline,,normal,none,commit
BASIC-02,basic_long_dt_900,25,2.500000000000001,B02_CFV,cav,not_applicable,6675.283777632334,0.0,26.800458371261872,2.00783450697498,lane_2,mainline,,normal,none,commit
BASIC-02,basic_long_dt_900,25,2.500000000000001,B02_TLV_CLV,cav,not_applicable,6715.454496152697,3.5,24.23562660304154,2.4018222487326923,lane_1,mainline,,normal,none,commit
BASIC-02,basic_long_dt_900,26,2.600000000000001,B02_MV,cav,not_applicable,6704.971398742154,-3.5,26.678583857436507,1.3839233927347891,on_ramp,on_ramp_mv,,normal,not_started,commit
BASIC-02,basic_long_dt_900,26,2.600000000000001,B02_CLV,cav,not_applicable,6718.971398742154,0.0,26.678583857436507,1.3839233927347891,lane_2,mainline,,normal,none,commit
BASIC-02,basic_long_dt_900,26,2.600000000000001,B02_CFV,cav,not_applicable,6677.969342115426,0.0,26.85564483092346,0.5518645966158928,lane_2,mainline,,normal,none,commit
BASIC-02,basic_long_dt_900,26,2.600000000000001,B02_TLV_CLV,cav,not_applicable,6717.901116306589,3.5,24.466201538919876,2.305749358783385,lane_1,mainline,,normal,none,commit
BASIC-02,basic_long_dt_900,27,2.700000000000001,B02_MV,cav,not_applicable,6707.652542792468,-3.5,26.811440503139046,1.3285664570253972,on_ramp,on_ramp_mv,,normal,not_started,commit
BASIC-02,basic_long_dt_900,27,2.700000000000001,B02_CLV,cav,not_applicable,6721.652542792468,0.0,26.811440503139046,1.3285664570253972,lane_2,mainline,,normal,none,commit
BASIC-02,basic_long_dt_900,27,2.700000000000001,B02_CFV,cav,not_applicable,6680.666694581581,0.0,26.97352466155567,1.1787983063220941,lane_2,mainline,,normal,none,commit
BASIC-02,basic_long_dt_900,27,2.700000000000001,B02_TLV_CLV,cav,not_applicable,6720.369871654325,3.5,24.687553477363082,2.21351938443205,lane_1,mainline,,normal,none,commit
BASIC-02,basic_long_dt_900,28,2.800000000000001,B02_MV,cav,not_applicable,6710.346441080769,-3.5,26.938982883013484,1.2754237987443817,on_ramp,on_ramp_mv,,normal,not_started,commit
BASIC-02,basic_long_dt_900,28,2.800000000000001,B02_CLV,cav,not_applicable,6724.346441080769,0.0,26.938982883013484,1.2754237987443817,lane_2,mainline,,normal,none,commit
BASIC-02,basic_long_dt_900,28,2.800000000000001,B02_CFV,cav,not_applicable,6683.380964488425,0.0,27.142699068436567,1.691744068808986,lane_2,mainline,,normal,none,commit
BASIC-02,basic_long_dt_900,28,2.800000000000001,B02_TLV_CLV,cav,not_applicable,6722.859876788152,3.5,24.900051338268558,2.1249786090547675,lane_1,mainline,,normal,none,commit
BASIC-02,basic_long_dt_900,29,2.9000000000000012,B02_MV,cav,not_applicable,6713.0525834375385,-3.5,27.061423567692945,1.2244068467946065,on_ramp,on_ramp_mv,,normal,not_started,commit
BASIC-02,basic_long_dt_900,29,2.9000000000000012,B02_CLV,cav,not_applicable,6727.0525834375385,0.0,27.061423567692945,1.2244068467946065,lane_2,mainline,,normal,none,commit
BASIC-02,basic_long_dt_900,29,2.9000000000000012,B02_CFV,cav,not_applicable,6686.098166846741,0.0,27.1720235831573,0.29324514720735206,lane_2,mainline,,normal,none,commit
BASIC-02,basic_long_dt_900,29,2.9000000000000012,B02_TLV_CLV,cav,not_applicable,6725.370281716626,3.5,25.104049284737815,2.039979464692577,lane_1,mainline,,normal,none,commit
BASIC-02,basic_long_dt_900,30,3.0000000000000013,B02_MV,cav,not_applicable,6715.770480100037,-3.5,27.178966624985225,1.1754305729228223,on_ramp,on_ramp_mv,,normal,not_started,commit
BASIC-02,basic_long_dt_900,30,3.0000000000000013,B02_CLV,cav,not_applicable,6729.770480100037,0.0,27.178966624985225,1.1754305729228223,lane_2,mainline,,normal,none,commit
BASIC-02,basic_long_dt_900,30,3.0000000000000013,B02_CFV,cav,not_applicable,6688.825041210806,0.0,27.268743640656083,0.9672005749878335,lane_2,mainline,,normal,none,commit
BASIC-02,basic_long_dt_900,30,3.0000000000000013,B02_TLV_CLV,cav,not_applicable,6727.900270447961,3.5,25.299887313348304,1.958380286104874,lane_1,mainline,,normal,none,commit
BASIC-02,basic_long_dt_900,31,3.1000000000000014,B02_MV,cav,not_applicable,6718.4996608960355,-3.5,27.291807959985817,1.12841335000591,on_ramp,on_ramp_mv,,normal,not_started,commit
BASIC-02,basic_long_dt_900,31,3.1000000000000014,B02_CLV,cav,not_applicable,6732.4996608960355,0.0,27.291807959985817,1.12841335000591,lane_2,mainline,,normal,none,commit
BASIC-02,basic_long_dt_900,31,3.1000000000000014,B02_CFV,cav,not_applicable,6691.567101761395,0.0,27.42060550588236,1.5186186522627727,lane_2,mainline,,normal,none,commit
BASIC-02,basic_long_dt_900,31,3.1000000000000014,B02_TLV_CLV,cav,not_applicable,6730.449059630042,3.5,25.487891820814372,1.8800450746606785,lane_1,mainline,,normal,none,commit
BASIC-02,basic_long_dt_900,32,3.2000000000000015,B02_MV,cav,not_applicable,6721.239674460194,-3.5,27.400135641586385,1.0832768160056732,on_ramp,on_ramp_mv,,normal,not_started,commit
BASIC-02,basic_long_dt_900,32,3.2000000000000015,B02_CLV,cav,not_applicable,6735.239674460194,0.0,27.400135641586385,1.0832768160056732,lane_2,mainline,,normal,none,commit
BASIC-02,basic_long_dt_900,32,3.2000000000000015,B02_CFV,cav,not_applicable,6694.3106782827745,0.0,27.43576521379477,0.15159707912408682,lane_2,mainline,,normal,none,commit
BASIC-02,basic_long_dt_900,32,3.2000000000000015,B02_TLV_CLV,cav,not_applicable,6733.01589724484,3.5,25.668376147981796,1.804843271674251,lane_1,mainline,,normal,none,commit
BASIC-02,basic_long_dt_900,33,3.3000000000000016,B02_MV,cav,not_applicable,6723.990087481786,-3.5,27.504130215922928,1.0399457433654462,on_ramp,on_ramp_mv,,normal,not_started,commit
BASIC-02,basic_long_dt_900,33,3.3000000000000016,B02_CLV,cav,not_applicable,6737.990087481786,0.0,27.504130215922928,1.0399457433654462,lane_2,mainline,,normal,none,commit
BASIC-02,basic_long_dt_900,33,3.3000000000000016,B02_CFV,cav,not_applicable,6697.062767871165,0.0,27.520895883904924,0.8513067011015256,lane_2,mainline,,normal,none,commit
BASIC-02,basic_long_dt_900,33,3.3000000000000016,B02_TLV_CLV,cav,not_applicable,6735.600061355046,3.5,25.841641102062525,1.7326495408072817,lane_1,mainline,,normal,none,commit
BASIC-02,basic_long_dt_900,34,3.4000000000000017,B02_MV,cav,not_applicable,6726.750483982514,-3.5,27.60396500728601,0.9983479136308291,on_ramp,on_ramp_mv,,normal,not_started,commit
BASIC-02,basic_long_dt_900,34,3.4000000000000017,B02_CLV,cav,not_applicable,6740.750483982514,0.0,27.60396500728601,0.9983479136308291,lane_2,mainline,,normal,none,commit
BASIC-02,basic_long_dt_900,34,3.4000000000000017,B02_CFV,cav,not_applicable,6699.8290954234735,0.0,27.663275523085957,1.4237963918103391,lane_2,mainline,,normal,none,commit
BASIC-02,basic_long_dt_900,34,3.4000000000000017,B02_TLV_CLV,cav,not_applicable,6738.200858900844,3.5,26.007975457980024,1.66334355917499,lane_1,mainline,,normal,none,commit
BASIC-02,basic_long_dt_900,35,3.5000000000000018,B02_MV,cav,not_applicable,6729.520464623213,-3.5,27.69980640699457,0.9584139970855958,on_ramp,on_ramp_mv,,normal,not_started,commit
BASIC-02,basic_long_dt_900,35,3.5000000000000018,B02_CLV,cav,not_applicable,6743.520464623213,0.0,27.69980640699457,0.9584139970855958,lane_2,mainline,,normal,none,commit
BASIC-02,basic_long_dt_900,35,3.5000000000000018,B02_CFV,cav,not_applicable,6702.596163128079,0.0,27.67067704605226,0.07401522966300478,lane_2,mainline,,normal,none,commit
BASIC-02,basic_long_dt_900,35,3.5000000000000018,B02_TLV_CLV,cav,not_applicable,6740.817624544809,3.5,26.167656439660824,1.5968098168079905,lane_1,mainline,,normal,none,commit
BASIC-02,basic_long_dt_900,36,3.600000000000002,B02_MV,cav,not_applicable,6732.299646038285,-3.5,27.791814150714785,0.9200774372021727,on_ramp,on_ramp_mv,,normal,not_started,commit
BASIC-02,basic_long_dt_900,36,3.600000000000002,B02_CLV,cav,not_applicable,6746.299646038285,0.0,27.791814150714785,0.9200774372021727,lane_2,mainline,,normal,none,commit
BASIC-02,basic_long_dt_900,36,3.600000000000002,B02_CFV,cav,not_applicable,6705.371109139109,0.0,27.749460110297413,0.7878306424515493,lane_2,mainline,,normal,none,commit
BASIC-02,basic_long_dt_900,36,3.600000000000002,B02_TLV_CLV,cav,not_applicable,6743.4497195630165,3.5,26.32095018207439,1.5329374241356704,lane_1,mainline,,normal,none,commit
BASIC-02,basic_long_dt_900,37,3.700000000000002,B02_MV,cav,not_applicable,6735.087660196753,-3.5,27.880141584686193,0.883274339714086,on_ramp,on_ramp_mv,,normal,not_started,commit
BASIC-02,basic_long_dt_900,37,3.700000000000002,B02_CLV,cav,not_applicable,6749.087660196753,0.0,27.880141584686193,0.883274339714086,lane_2,mainline,,normal,none,commit
BASIC-02,basic_long_dt_900,37,3.700000000000002,B02_CFV,cav,not_applicable,6708.159773764486,0.0,27.88664625377072,1.3718614347330857,lane_2,mainline,,normal,none,commit
BASIC-02,basic_long_dt_900,37,3.700000000000002,B02_TLV_CLV,cav,not_applicable,6746.096530780495,3.5,26.468112174791415,1.4716199271702437,lane_1,mainline,,normal,none,commit
BASIC-02,basic_long_dt_900,38,3.800000000000002,B02_MV,cav,not_applicable,6737.884153788883,-3.5,27.964935921298746,0.8479433661255229,on_ramp,on_ramp_mv,,normal,not_started,commit
BASIC-02,basic_long_dt_900,38,3.800000000000002,B02_CLV,cav,not_applicable,6751.884153788883,0.0,27.964935921298746,0.8479433661255229,lane_2,mainline,,normal,none,commit
BASIC-02,basic_long_dt_900,38,3.800000000000002,B02_CFV,cav,not_applicable,6710.948753619784,0.0,27.889798552976156,0.031522992054342946,lane_2,mainline,,normal,none,commit
BASIC-02,basic_long_dt_900,38,3.800000000000002,B02_TLV_CLV,cav,not_applicable,6748.757469549276,3.5,26.609387687799757,1.4127551300834342,lane_1,mainline,,normal,none,commit
BASIC-02,basic_long_dt_900,39,3.900000000000002,B02_MV,cav,not_applicable,6740.688787637328,-3.5,28.046338484446796,0.8140256314805016,on_ramp,on_ramp_mv,,normal,not_started,commit
BASIC-02,basic_long_dt_900,39,3.900000000000002,B02_CLV,cav,not_applicable,6754.688787637328,0.0,28.046338484446796,0.8140256314805016,lane_2,mainline,,normal,none,commit
BASIC-02,basic_long_dt_900,39,3.900000000000002,B02_CFV,cav,not_applicable,6713.745264117744,0.0,27.965104979598784,0.7530642662262806,lane_2,mainline,,normal,none,commit
BASIC-02,basic_long_dt_900,39,3.900000000000002,B02_TLV_CLV,cav,not_applicable,6751.431970767305,3.5,26.745012180287766,1.3562449248800974,lane_1,mainline,,normal,none,commit
BASIC-02,basic_long_dt_900,40,4.000000000000002,B02_MV,cav,not_applicable,6743.501236131834,-3.5,28.124484945068925,0.7814646062212817,on_ramp,on_ramp_mv,,normal,not_started,commit
BASIC-02,basic_long_dt_900,40,4.000000000000002,B02_CLV,cav,not_applicable,6757.501236131834,0.0,28.124484945068925,0.7814646062212817,lane_2,mainline,,normal,none,commit
BASIC-02,basic_long_dt_900,40,4.000000000000002,B02_CFV,cav,not_applicable,6716.555208777882,0.0,28.099446601380933,1.3434162178215023,lane_2,mainline,,normal,none,commit
BASIC-02,basic_long_dt_900,40,4.000000000000002,B02_TLV_CLV,cav,not_applicable,6754.119491936613,3.5,26.875211693076256,1.3019951278848936,lane_1,mainline,,normal,none,commit
BASIC-02,basic_long_dt_900,41,4.100000000000001,B02_MV,cav,not_applicable,6746.32118668656,-3.5,28.199505547266167,0.75020602197243,on_ramp,on_ramp_mv,,normal,not_started,commit
BASIC-02,basic_long_dt_900,41,4.100000000000001,B02_CLV,cav,not_applicable,6760.32118668656,0.0,28.199505547266167,0.75020602197243,lane_2,mainline,,normal,none,commit
BASIC-02,basic_long_dt_900,41,4.100000000000001,B02_CFV,cav,not_applicable,6719.365235934348,0.0,28.100271564657238,0.008249632763047465,lane_2,mainline,,normal,none,commit
BASIC-02,basic_long_dt_900,41,4.100000000000001,B02_TLV_CLV,cav,not_applicable,6756.819512259148,3.5,27.000203225353207,1.2499153227694977,lane_1,mainline,,normal,none,commit
BASIC-02,basic_long_dt_900,42,4.200000000000001,B02_MV,cav,not_applicable,6749.148339219098,-3.5,28.27152532537552,0.7201977810935333,on_ramp,on_ramp_mv,,normal,not_started,commit
BASIC-02,basic_long_dt_900,42,4.200000000000001,B02_CLV,cav,not_applicable,6763.148339219098,0.0,28.27152532537552,0.7201977810935333,lane_2,mainline,,normal,none,commit
BASIC-02,basic_long_dt_900,42,4.200000000000001,B02_CFV,cav,not_applicable,6722.182603315082,0.0,28.17367380733785,0.7340224268061297,lane_2,mainline,,normal,none,commit
BASIC-02,basic_long_dt_900,42,4.200000000000001,B02_TLV_CLV,cav,not_applicable,6759.531531768782,3.5,27.120195096339078,1.1999187098587172,lane_1,mainline,,normal,none,commit
BASIC-02,basic_long_dt_900,43,4.300000000000001,B02_MV,cav,not_applicable,6751.982405650334,-3.5,28.3406643123605,0.6913898698497918,on_ramp,on_ramp_mv,,normal,not_started,commit
BASIC-02,basic_long_dt_900,43,4.300000000000001,B02_CLV,cav,not_applicable,6765.982405650334,0.0,28.3406643123605,0.6913898698497918,lane_2,mainline,,normal,none,commit
BASIC-02,basic_long_dt_900,43,4.300000000000001,B02_CFV,cav,not_applicable,6725.013249061126,0.0,28.306457460440168,1.327836531023197,lane_2,mainline,,normal,none,commit
BASIC-02,basic_long_dt_900,43,4.300000000000001,B02_TLV_CLV,cav,not_applicable,6762.25507049803,3.5,27.235387292485516,1.151921961464369,lane_1,mainline,,normal,none,commit
BASIC-02,basic_long_dt_900,44,4.4,B02_MV,cav,not_applicable,6754.82310942432,-3.5,28.40703773986608,0.6637342750558006,on_ramp,on_ramp_mv,,normal,not_started,commit
BASIC-02,basic_long_dt_900,44,4.4,B02_CLV,cav,not_applicable,6768.82310942432,0.0,28.40703773986608,0.6637342750558006,lane_2,mainline,,normal,none,commit
BASIC-02,basic_long_dt_900,44,4.4,B02_CFV,cav,not_applicable,6727.843849833333,0.0,28.30600772206934,-0.004497383708293334,lane_2,mainline,,normal,none,commit
BASIC-02,basic_long_dt_900,44,4.4,B02_TLV_CLV,cav,not_applicable,6764.989667678109,3.5,27.345971800786096,1.1058450830057935,lane_1,mainline,,normal,none,commit
BASIC-02,basic_long_dt_900,45,4.5,B02_MV,cav,not_applicable,6757.670185047347,-3.5,28.470756230271437,0.637184904053568,on_ramp,on_ramp_mv,,normal,not_started,commit
BASIC-02,basic_long_dt_900,45,4.5,B02_CLV,cav,not_applicable,6771.670185047347,0.0,28.470756230271437,0.637184904053568,lane_2,mainline,,normal,none,commit
BASIC-02,basic_long_dt_900,45,4.5,B02_CFV,cav,not_applicable,6730.681686536036,0.0,28.37836702703866,0.7235930496932146,lane_2,mainline,,normal,none,commit
BASIC-02,basic_long_dt_900,45,4.5,B02_TLV_CLV,cav,not_applicable,6767.734880970985,3.5,27.45213292875465,1.0616112796855617,lane_1,mainline,,normal,none,commit
BASIC-02,basic_long_dt_900,46,4.6,B02_MV,cav,not_applicable,6760.523377645453,-3.5,28.53192598106058,0.6116975078914252,on_ramp,on_ramp_mv,,normal,not_started,commit
BASIC-02,basic_long_dt_900,46,4.6,B02_CLV,cav,not_applicable,6774.523377645453,0.0,28.53192598106058,0.6116975078914252,lane_2,mainline,,normal,none,commit
BASIC-02,basic_long_dt_900,46,4.6,B02_CFV,cav,not_applicable,6733.52202582609,0.0,28.403392900535085,0.250258734964259,lane_2,mainline,,normal,none,commit
BASIC-02,basic_long_dt_900,46,4.6,B02_TLV_CLV,cav,not_applicable,6770.490285732145,3.5,27.554047611604464,1.0191468284981398,lane_1,mainline,,normal,none,commit
BASIC-02,basic_long_dt_900,47,4.699999999999999,B02_MV,cav,not_applicable,6763.382442539635,-3.5,28.59064894181816,0.5872296075757675,on_ramp,on_ramp_mv,,normal,not_started,commit
BASIC-02,basic_long_dt_900,47,4.699999999999999,B02_CLV,cav,not_applicable,6777.382442539635,0.0,28.59064894181816,0.5872296075757675,lane_2,mainline,,normal,none,commit
BASIC-02,basic_long_dt_900,47,4.699999999999999,B02_CFV,cav,not_applicable,6736.371685414884,0.0,28.49659588794125,0.9320298740616665,lane_2,mainline,,normal,none,commit
BASIC-02,basic_long_dt_900,47,4.699999999999999,B02_TLV_CLV,cav,not_applicable,6773.255474302859,3.5,27.651885707140284,0.9783809553582146,lane_1,mainline,,normal,none,commit
BASIC-02,basic_long_dt_900,48,4.799999999999999,B02_MV,cav,not_applicable,6766.247144838049,-3.5,28.647022984145433,0.5637404232727363,on_ramp,on_ramp_mv,,normal,not_started,commit
BASIC-02,basic_long_dt_900,48,4.799999999999999,B02_CLV,cav,not_applicable,6780.247144838049,0.0,28.647022984145433,0.5637404232727363,lane_2,mainline,,normal,none,commit
BASIC-02,basic_long_dt_900,48,4.799999999999999,B02_CFV,cav,not_applicable,6739.218061611738,0.0,28.463761968546297,-0.3283391939495456,lane_2,mainline,,normal,none,commit
BASIC-02,basic_long_dt_900,48,4.799999999999999,B02_TLV_CLV,cav,not_applicable,6776.030055330744,3.5,27.745810278854673,0.9392457171438864,lane_1,mainline,,normal,none,commit
BASIC-02,basic_long_dt_900,49,4.899999999999999,B02_MV,cav,not_applicable,6769.117259044528,-3.5,28.701142064779617,0.5411908063418267,on_ramp,on_ramp_mv,,normal,not_started,commit
BASIC-02,basic_long_dt_900,49,4.899999999999999,B02_CLV,cav,not_applicable,6783.117259044528,0.0,28.701142064779617,0.5411908063418267,lane_2,mainline,,normal,none,commit
BASIC-02,basic_long_dt_900,49,4.899999999999999,B02_CFV,cav,not_applicable,6742.069024124279,0.0,28.50962512540497,0.4586315685867355,lane_2,mainline,,normal,none,commit
BASIC-02,basic_long_dt_900,49,4.899999999999999,B02_TLV_CLV,cav,not_applicable,6778.813653117514,3.5,27.835977867700485,0.9016758884581307,lane_1,mainline,,normal,none,commit
BASIC-02,basic_long_dt_900,50,4.999999999999998,B02_MV,cav,not_applicable,6771.992568682746,-3.5,28.75309638218843,0.5195431740881532,on_ramp,on_ramp_mv,,normal,not_started,commit
BASIC-02,basic_long_dt_900,50,4.999999999999998,B02_CLV,cav,not_applicable,6785.992568682746,0.0,28.75309638218843,0.5195431740881532,lane_2,mainline,,normal,none,commit
BASIC-02,basic_long_dt_900,50,4.999999999999998,B02_CFV,cav,not_applicable,6744.931011804199,0.0,28.61987679919843,1.1025167379346017,lane_2,mainline,,normal,none,commit
BASIC-02,basic_long_dt_900,50,4.999999999999998,B02_TLV_CLV,cav,not_applicable,6781.605906992813,3.5,27.922538752992466,0.8656088529198058,lane_1,mainline,,normal,none,commit
BASIC-02,basic_long_dt_900,51,5.099999999999998,B02_MV,cav,not_applicable,6774.8728659354365,-3.5,28.802972526900895,0.4987614471246275,on_ramp,on_ramp_mv,,normal,not_started,commit
BASIC-02,basic_long_dt_900,51,5.099999999999998,B02_CLV,cav,not_applicable,6788.8728659354365,0.0,28.802972526900895,0.4987614471246275,lane_2,mainline,,normal,none,commit
BASIC-02,basic_long_dt_900,51,5.099999999999998,B02_CFV,cav,not_applicable,6747.791110984703,0.0,28.60099180502944,-0.18884994168987135,lane_2,mainline,,normal,none,commit
BASIC-02,basic_long_dt_900,51,5.099999999999998,B02_TLV_CLV,cav,not_applicable,6784.4064707131,3.5,28.005637202872766,0.8309844988030136,lane_1,mainline,,normal,none,commit
BASIC-02,basic_long_dt_900,52,5.1999999999999975,B02_MV,cav,not_applicable,6777.757951298019,-3.5,28.850853625824858,0.47881098923964205,on_ramp,on_ramp_mv,,normal,not_started,commit
BASIC-02,basic_long_dt_900,52,5.1999999999999975,B02_CLV,cav,not_applicable,6791.757951298019,0.0,28.850853625824858,0.47881098923964205,lane_2,mainline,,normal,none,commit
BASIC-02,basic_long_dt_900,52,5.1999999999999975,B02_CFV,cav,not_applicable,6750.656937756592,0.0,28.658267718891178,0.572759138617378,lane_2,mainline,,normal,none,commit
BASIC-02,basic_long_dt_900,52,5.1999999999999975,B02_TLV_CLV,cav,not_applicable,6787.215011884576,3.5,28.085411714757853,0.7977451188508937,lane_1,mainline,,normal,none,commit
BASIC-02,basic_long_dt_900,53,5.299999999999997,B02_MV,cav,not_applicable,6780.647633246098,-3.5,28.896819480791862,0.459658549670057,on_ramp,on_ramp_mv,,normal,not_started,commit
BASIC-02,basic_long_dt_900,53,5.299999999999997,B02_CLV,cav,not_applicable,6794.647633246098,0.0,28.896819480791862,0.459658549670057,lane_2,mainline,,normal,none,commit
BASIC-02,basic_long_dt_900,53,5.299999999999997,B02_CFV,cav,not_applicable,6753.532440755334,0.0,28.75502998742012,0.967622685289409,lane_2,mainline,,normal,none,commit
BASIC-02,basic_long_dt_900,53,5.299999999999997,B02_TLV_CLV,cav,not_applicable,6790.031211409192,3.5,28.16199524616754,0.7658353140968587,lane_1,mainline,,normal,none,commit
BASIC-02,basic_long_dt_900,54,5.399999999999997,B02_MV,cav,not_applicable,6783.541727916254,-3.5,28.940946701560186,0.44127220768325515,on_ramp,on_ramp_mv,,normal,not_started,commit
BASIC-02,basic_long_dt_900,54,5.399999999999997,B02_CLV,cav,not_applicable,6797.541727916254,0.0,28.940946701560186,0.44127220768325515,lane_2,mainline,,normal,none,commit
BASIC-02,basic_long_dt_900,54,5.399999999999997,B02_CFV,cav,not_applicable,6756.404951576047,0.0,28.725108207125615,-0.299217802945029,lane_2,mainline,,normal,none,commit
BASIC-02,basic_long_dt_900,54,5.399999999999997,B02_TLV_CLV,cav,not_applicable,6792.854762952824,3.5,28.23551543632084,0.7352019015329845,lane_1,mainline,,normal,none,commit
BASIC-02,basic_long_dt_900,55,5.4999999999999964,B02_MV,cav,not_applicable,6786.440058799603,-3.5,28.98330883349778,0.4236213193759255,on_ramp,on_ramp_mv,,normal,not_started,commit
BASIC-02,basic_long_dt_900,55,5.4999999999999964,B02_CLV,cav,not_applicable,6800.440058799603,0.0,28.98330883349778,0.4236213193759255,lane_2,mainline,,normal,none,commit
BASIC-02,basic_long_dt_900,55,5.4999999999999964,B02_CFV,cav,not_applicable,6759.282286978372,0.0,28.773354023248295,0.4824581612267945,lane_2,mainline,,normal,none,commit
BASIC-02,basic_long_dt_900,55,5.4999999999999964,B02_TLV_CLV,cav,not_applicable,6795.685372434711,3.5,28.306094818868004,0.7057938254716647,lane_1,mainline,,normal,none,commit
BASIC-02,basic_long_dt_900,56,5.599999999999996,B02_MV,cav,not_applicable,6789.342456447619,-3.5,29.02397648015787,0.40667646660088796,on_ramp,on_ramp_mv,,normal,not_started,commit
BASIC-02,basic_long_dt_900,56,5.599999999999996,B02_CLV,cav,not_applicable,6803.342456447619,0.0,29.02397648015787,0.40667646660088796,lane_2,mainline,,normal,none,commit
BASIC-02,basic_long_dt_900,56,5.599999999999996,B02_CFV,cav,not_applicable,6762.152660674744,0.0,28.703736963712306,-0.6961705953598953,lane_2,mainline,,normal,none,commit
BASIC-02,basic_long_dt_900,56,5.599999999999996,B02_TLV_CLV,cav,not_applicable,6798.522757537323,3.5,28.373851026113286,0.6775620724527983,lane_1,mainline,,normal,none,commit
BASIC-02,basic_long_dt_900,57,5.699999999999996,B02_MV,cav,not_applicable,6792.248758189714,-3.5,29.063017420951557,0.39040940793685197,on_ramp,on_ramp_mv,,normal,not_started,commit
BASIC-02,basic_long_dt_900,57,5.699999999999996,B02_CLV,cav,not_applicable,6806.248758189714,0.0,29.063017420951557,0.39040940793685197,lane_2,mainline,,normal,none,commit
BASIC-02,basic_long_dt_900,57,5.699999999999996,B02_CFV,cav,not_applicable,6765.006429338971,0.0,28.53768664227377,-1.6605032143853689,lane_2,mainline,,normal,none,commit
BASIC-02,basic_long_dt_900,57,5.699999999999996,B02_TLV_CLV,cav,not_applicable,6801.36664723583,3.5,28.438896985068755,0.6504595895546856,lane_1,mainline,,normal,none,commit
BASIC-02,basic_long_dt_900,58,5.799999999999995,B02_MV,cav,not_applicable,6795.158807862125,-3.5,29.100496724113494,0.3747930316193774,on_ramp,on_ramp_mv,,normal,not_started,commit
BASIC-02,basic_long_dt_900,58,5.799999999999995,B02_CLV,cav,not_applicable,6809.158807862125,0.0,29.100496724113494,0.3747930316193774,lane_2,mainline,,normal,none,commit
BASIC-02,basic_long_dt_900,58,5.799999999999995,B02_CFV,cav,not_applicable,6767.853884795081,0.006997324986555059,28.474554561096785,-0.6313208117698472,lane_2,mainline,,executing,none,commit
BASIC-02,basic_long_dt_900,58,5.799999999999995,B02_TLV_CLV,cav,not_applicable,6804.216781346397,3.5,28.501341105666004,0.624441205972498,lane_1,mainline,,normal,none,commit
BASIC-02,basic_long_dt_900,59,5.899999999999995,B02_MV,cav,not_applicable,6798.07245554764,-3.5,29.136476855148956,0.35980131035460233,on_ramp,on_ramp_mv,,normal,not_started,commit
BASIC-02,basic_long_dt_900,59,5.899999999999995,B02_CLV,cav,not_applicable,6812.07245554764,0.0,29.136476855148956,0.35980131035460233,lane_2,mainline,,normal,none,commit
BASIC-02,basic_long_dt_900,59,5.899999999999995,B02_CFV,cav,not_applicable,6770.685265808185,0.027776293989657252,28.31381013104289,-1.6074443005389658,lane_2,mainline,,executing,none,commit
BASIC-02,basic_long_dt_900,59,5.899999999999995,B02_TLV_CLV,cav,not_applicable,6807.072910092541,3.5,28.561287461439363,0.5994635577335984,lane_1,mainline,,normal,none,commit
BASIC-02,basic_long_dt_900,60,5.999999999999995,B02_MV,cav,not_applicable,6800.9895573257345,-3.5,29.171017780942996,0.34540925794041755,on_ramp,on_ramp_mv,,normal,not_started,commit
BASIC-02,basic_long_dt_900,60,5.999999999999995,B02_CLV,cav,not_applicable,6814.9895573257345,0.0,29.171017780942996,0.34540925794041755,lane_2,mainline,,normal,none,commit
BASIC-02,basic_long_dt_900,60,5.999999999999995,B02_CFV,cav,not_applicable,6773.492585913376,0.06182384829053042,28.073201051907883,-2.4060907913500627,lane_2,mainline,,executing,none,commit
BASIC-02,basic_long_dt_900,60,5.999999999999995,B02_TLV_CLV,cav,not_applicable,6809.934793688839,3.5,28.618835962981787,0.5754850154242547,lane_1,mainline,,normal,none,commit
BASIC-02,basic_long_dt_900,61,6.099999999999994,B02_MV,cav,not_applicable,6803.909975032705,-3.5,29.204177069705278,0.3315928876228014,on_ramp,on_ramp_mv,,normal,not_started,commit
BASIC-02,basic_long_dt_900,61,6.099999999999994,B02_CLV,cav,not_applicable,6817.909975032705,0.007360258693470206,29.204177069705278,0.3315928876228014,lane_2,mainline,,executing,none,commit
BASIC-02,basic_long_dt_900,61,6.099999999999994,B02_CFV,cav,not_applicable,6776.287492548456,0.10875703878530696,27.949066350797423,-1.2413470111045966,lane_2,mainline,,executing,none,commit
BASIC-02,basic_long_dt_900,61,6.099999999999994,B02_TLV_CLV,cav,not_applicable,6812.802201941286,3.5,28.674082524462516,0.5524656148072851,lane_1,mainline,,normal,none,commit
BASIC-02,basic_long_dt_900,62,6.199999999999994,B02_MV,cav,not_applicable,6806.833576031397,-3.5,29.236009986917068,0.31832917211788897,on_ramp,on_ramp_mv,,normal,not_started,commit
BASIC-02,basic_long_dt_900,62,6.199999999999994,B02_CLV,cav,not_applicable,6820.833576031397,0.029411064616617494,29.236009986917068,0.31832917211788897,lane_2,mainline,,executing,none,commit
BASIC-02,basic_long_dt_900,62,6.199999999999994,B02_CFV,cav,not_applicable,6779.061333617081,0.16784023651424276,27.7384106862525,-2.1065566454492153,lane_2,mainline,,executing,none,commit
BASIC-02,basic_long_dt_900,62,6.199999999999994,B02_TLV_CLV,cav,not_applicable,6815.674913863634,3.5,28.727119223484017,0.5303669902149935,lane_1,mainline,,normal,none,commit
BASIC-02,basic_long_dt_900,63,6.299999999999994,B02_MV,cav,not_applicable,6809.760232990141,-3.5,29.266569587440387,0.30559600523317276,on_ramp,on_ramp_mv,,normal,not_started,commit
BASIC-02,basic_long_dt_900,63,6.299999999999994,B02_CLV,cav,not_applicable,6823.760232990141,0.06601223894473968,29.266569587440387,0.30559600523317276,lane_2,mainline,,executing,none,commit
BASIC-02,basic_long_dt_900,63,6.299999999999994,B02_CFV,cav,not_applicable,6781.825211949516,0.2386543384810193,27.63878332435211,-0.9962736190039032,lane_2,mainline,,executing,none,commit
BASIC-02,basic_long_dt_900,63,6.299999999999994,B02_TLV_CLV,cav,not_applicable,6818.552717309089,3.5,28.778034454544656,0.5091523106063932,lane_1,mainline,,normal,none,commit
BASIC-02,basic_long_dt_900,64,6.399999999999993,B02_MV,cav,not_applicable,6812.689823670536,-3.5,29.29590680394277,0.2933721650238454,on_ramp,on_ramp_mv,,normal,not_started,commit
BASIC-02,basic_long_dt_900,64,6.399999999999993,B02_CLV,cav,not_applicable,6826.689823670536,0.11689715486770888,29.29590680394277,0.2933721650238454,lane_2,mainline,,executing,none,commit
BASIC-02,basic_long_dt_900,64,6.399999999999993,B02_CFV,cav,not_applicable,6784.588211679615,0.32082806683352816,27.629997300979063,-0.08786023373046614,lane_2,mainline,,executing,none,commit
BASIC-02,basic_long_dt_900,64,6.399999999999993,B02_TLV_CLV,cav,not_applicable,6821.435408616725,3.5,28.82691307636287,0.48878621818213763,lane_1,mainline,,normal,none,commit
BASIC-02,basic_long_dt_900,65,6.499999999999993,B02_MV,cav,not_applicable,6815.622230723714,-3.5,29.32407053178506,0.28163727842289177,on_ramp,on_ramp_mv,,normal,not_started,commit
BASIC-02,basic_long_dt_900,65,6.499999999999993,B02_CLV,cav,not_applicable,6829.622230723714,0.18167434487646775,29.32407053178506,0.28163727842289177,lane_2,mainline,,executing,none,commit
BASIC-02,basic_long_dt_900,65,6.499999999999993,B02_CFV,cav,not_applicable,6787.339583462346,0.4133505904856929,27.513717827310206,-1.1627947366885631,lane_2,mainline,,executing,none,commit
BASIC-02,basic_long_dt_900,65,6.499999999999993,B02_TLV_CLV,cav,not_applicable,6824.322792272056,3.5,28.873836553308355,0.46923476945485165,lane_1,mainline,,normal,none,commit
BASIC-02,basic_long_dt_900,66,6.5999999999999925,B02_MV,cav,not_applicable,6818.557341494766,-3.5,29.35110771051366,0.27037178728597555,on_ramp,on_ramp_mv,,normal,not_started,commit
BASIC-02,basic_long_dt_900,66,6.5999999999999925,B02_CLV,cav,not_applicable,6832.557341494766,0.25983025260301307,29.35110771051366,0.27037178728597555,lane_2,mainline,,executing,none,commit
BASIC-02,basic_long_dt_900,66,6.5999999999999925,B02_CFV,cav,not_applicable,6790.088714197232,0.5157661063876953,27.49130734885387,-0.2241047845633698,lane_2,mainline,,executing,none,commit
BASIC-02,basic_long_dt_900,66,6.5999999999999925,B02_TLV_CLV,cav,not_applicable,6827.2146805811735,3.5,28.91888309117602,0.4504653786766582,lane_1,mainline,,normal,none,commit
BASIC-02,basic_long_dt_900,67,6.699999999999992,B02_MV,cav,not_applicable,6821.495047834975,-3.5,29.377063402093114,0.25955691579453627,on_ramp,on_ramp_mv,,normal,not_started,commit
BASIC-02,basic_long_dt_900,67,6.699999999999992,B02_CLV,cav,not_applicable,6835.495047834975,0.3507331092197239,29.377063402093114,0.25955691579453627,lane_2,mainline,,executing,none,commit
BASIC-02,basic_long_dt_900,67,6.699999999999992,B02_CFV,cav,not_applicable,6792.841726071318,0.6275459573797393,27.530118740858665,0.3881139200479729,lane_2,mainline,,executing,none,commit
BASIC-02,basic_long_dt_900,67,6.699999999999992,B02_TLV_CLV,cav,not_applicable,6830.110893357926,3.5,28.96212776752898,0.43244676352959177,lane_1,mainline,,normal,none,commit
BASIC-02,basic_long_dt_900,68,6.799999999999992,B02_MV,cav,not_applicable,6824.435245921575,-3.5,29.40198086600939,0.2491746391627544,on_ramp,on_ramp_mv,,normal,not_started,commit
BASIC-02,basic_long_dt_900,68,6.799999999999992,B02_CLV,cav,not_applicable,6838.435245921575,0.45363790371112644,29.40198086600939,0.2491746391627544,lane_2,mainline,,executing,none,commit
BASIC-02,basic_long_dt_900,68,6.799999999999992,B02_CFV,cav,not_applicable,6795.587004332022,0.7473683026022588,27.45278260704441,-0.7733613381425676,lane_2,mainline,,executing,none,commit
BASIC-02,basic_long_dt_900,68,6.799999999999992,B02_TLV_CLV,cav,not_applicable,6833.011257623609,3.5,29.00364265682782,0.4151488929884082,lane_1,mainline,,normal,none,commit
BASIC-02,basic_long_dt_900,69,6.8999999999999915,B02_MV,cav,not_applicable,6827.377836084712,-3.5,29.425901631369012,0.23920765359624455,on_ramp,on_ramp_mv,,normal,not_started,commit
BASIC-02,basic_long_dt_900,69,6.8999999999999915,B02_CLV,cav,not_applicable,6841.377836084712,0.5676924059213981,29.425901631369012,0.23920765359624455,lane_2,mainline,,executing,none,commit
BASIC-02,basic_long_dt_900,69,6.8999999999999915,B02_CFV,cav,not_applicable,6798.3332278181415,0.874688879440589,27.46223486119638,0.0945225415197175,lane_2,mainline,,executing,none,commit
BASIC-02,basic_long_dt_900,69,6.8999999999999915,B02_TLV_CLV,cav,not_applicable,6835.915607318664,3.5,29.043496950554708,0.39854293726887136,lane_1,mainline,,normal,none,commit
BASIC-02,basic_long_dt_900,70,6.999999999999991,B02_MV,cav,not_applicable,6830.322722641323,-3.5,29.44886556611425,0.22963934745239528,on_ramp,on_ramp_mv,,normal,not_started,commit
BASIC-02,basic_long_dt_900,70,6.999999999999991,B02_CLV,cav,not_applicable,6844.322722641323,0.6919441912532681,29.44886556611425,0.22963934745239528,lane_2,mainline,,executing,none,commit
BASIC-02,basic_long_dt_900,70,6.999999999999991,B02_CFV,cav,not_applicable,6801.0874973977825,1.0089214202401207,27.54269579641163,0.8046093521524962,lane_2,mainline,,executing,none,commit
BASIC-02,basic_long_dt_900,70,6.999999999999991,B02_TLV_CLV,cav,not_applicable,6838.823783025918,3.5,29.08175707253252,0.3826012197781168,lane_1,mainline,,normal,none,commit
BASIC-02,basic_long_dt_900,71,7.099999999999991,B02_MV,cav,not_applicable,6833.26981373567,-3.5,29.47091094346968,0.22045377355429993,on_ramp,on_ramp_mv,,normal,not_started,commit
BASIC-02,basic_long_dt_900,71,7.099999999999991,B02_CLV,cav,not_applicable,6847.26981373567,0.8253486063435116,29.47091094346968,0.22045377355429993,lane_2,mainline,,executing,none,commit
BASIC-02,basic_long_dt_900,71,7.099999999999991,B02_CFV,cav,not_applicable,6803.837441053941,1.1484756723046277,27.499436561587743,-0.4325923482388667,lane_2,mainline,,executing,none,commit
BASIC-02,basic_long_dt_900,71,7.099999999999991,B02_TLV_CLV,cav,not_applicable,6841.735631704881,3.5,29.118486789631216,0.3672971709869927,lane_1,mainline,,normal,none,commit
BASIC-02,basic_long_dt_900,72,7.19999999999999,B02_MV,cav,not_applicable,6836.2190211862435,-3.5,29.49207450573089,0.21163562261212832,on_ramp,on_ramp_mv,,normal,not_started,commit
BASIC-02,basic_long_dt_900,72,7.19999999999999,B02_CLV,cav,not_applicable,6850.2190211862435,0.9667776060571152,29.49207450573089,0.21163562261212832,lane_2,mainline,,executing,none,commit
BASIC-02,basic_long_dt_900,72,7.19999999999999,B02_CFV,cav,not_applicable,6806.591118045432,1.2927147756299422,27.536769914913652,0.3733335332591091,lane_2,mainline,,executing,none,commit
BASIC-02,basic_long_dt_900,72,7.19999999999999,B02_TLV_CLV,cav,not_applicable,6844.651006436685,3.5,29.15374731804597,0.3526052841475135,lane_1,mainline,,normal,none,commit
BASIC-02,basic_long_dt_900,73,7.29999999999999,B02_MV,cav,not_applicable,6839.170260338794,-3.5,29.512391525501656,0.20317019770764377,on_ramp,on_ramp_mv,,normal,not_started,commit
BASIC-02,basic_long_dt_900,73,7.29999999999999,B02_CLV,cav,not_applicable,6853.170260338794,1.1150293838108027,29.512391525501656,0.20317019770764377,lane_2,mainline,,executing,none,commit
BASIC-02,basic_long_dt_900,73,7.29999999999999,B02_CFV,cav,not_applicable,6809.355122311286,1.4409328348795707,27.640042658543944,1.0327274363029075,lane_2,mainline,,executing,none,commit
BASIC-02,basic_long_dt_900,73,7.29999999999999,B02_TLV_CLV,cav,not_applicable,6847.569766179217,3.5,29.18759742532413,0.33850107278161234,lane_1,mainline,,normal,none,commit
BASIC-02,basic_long_dt_900,74,7.39999999999999,B02_MV,cav,not_applicable,6842.123449925242,-3.5,29.53189586448159,0.19504338979933777,on_ramp,on_ramp_mv,,normal,not_started,commit
BASIC-02,basic_long_dt_900,74,7.39999999999999,B02_CLV,cav,not_applicable,6856.123449925242,1.2688387096348455,29.53189586448159,0.19504338979933777,lane_2,mainline,,executing,none,commit
BASIC-02,basic_long_dt_900,74,7.39999999999999,B02_CFV,cav,not_applicable,6812.116667074347,1.591345165990791,27.61544763060509,-0.2459502793885302,lane_2,mainline,,executing,none,commit
BASIC-02,basic_long_dt_900,74,7.39999999999999,B02_TLV_CLV,cav,not_applicable,6850.491775532048,3.5,29.220093528311168,0.32496102987034736,lane_1,mainline,,normal,none,commit
BASIC-02,basic_long_dt_900,75,7.499999999999989,B02_MV,cav,not_applicable,6845.078511928233,-3.5,29.550620029902326,0.18724165420736372,on_ramp,on_ramp_mv,,normal,not_started,commit
BASIC-02,basic_long_dt_900,75,7.499999999999989,B02_CLV,cav,not_applicable,6859.078511928233,1.426887883580721,29.550620029902326,0.18724165420736372,lane_2,mainline,,executing,none,commit
BASIC-02,basic_long_dt_900,75,7.499999999999989,B02_CFV,cav,not_applicable,6814.8834722442125,1.7432400974630968,27.66805169865512,0.5260406805002935,lane_2,mainline,,executing,none,commit
BASIC-02,basic_long_dt_900,75,7.499999999999989,B02_TLV_CLV,cav,not_applicable,6853.4169045107665,3.5,29.25128978717872,0.311962588675533,lane_1,mainline,,normal,none,commit
BASIC-02,basic_long_dt_900,76,7.599999999999989,B02_MV,cav,not_applicable,6848.035371451103,-3.5,29.568595228706233,0.1797519880390695,on_ramp,on_ramp_mv,,normal,not_started,commit
BASIC-02,basic_long_dt_900,76,7.599999999999989,B02_CLV,cav,not_applicable,6862.035371451103,1.5878182061441055,29.568595228706233,0.1797519880390695,lane_2,mainline,,executing,none,commit
BASIC-02,basic_long_dt_900,76,7.599999999999989,B02_CFV,cav,not_applicable,6817.6618541105545,1.8958203288565811,27.783818663423325,1.1576696476820583,lane_2,mainline,,executing,none,commit
BASIC-02,basic_long_dt_900,76,7.599999999999989,B02_TLV_CLV,cav,not_applicable,6856.3450283303355,3.5,29.28123819569157,0.2994840851285119,lane_1,mainline,,normal,none,commit
BASIC-02,basic_long_dt_900,77,7.699999999999989,B02_MV,cav,not_applicable,6850.993956593059,-3.5,29.585851419557983,0.17256190851750688,on_ramp,on_ramp_mv,,normal,not_started,commit
BASIC-02,basic_long_dt_900,77,7.699999999999989,B02_CLV,cav,not_applicable,6864.993956593059,1.7502418623525915,29.585851419557983,0.17256190851750688,lane_2,mainline,,executing,none,commit
BASIC-02,basic_long_dt_900,77,7.699999999999989,B02_CFV,cav,not_applicable,6820.43879872856,2.047212428434802,27.769446180051858,-0.1437248337146796,lane_2,mainline,,executing,none,commit
BASIC-02,basic_long_dt_900,77,7.699999999999989,B02_TLV_CLV,cav,not_applicable,6859.276027197122,3.5,29.30998866786391,0.28750472172337144,lane_1,mainline,,normal,none,commit
BASIC-02,basic_long_dt_900,78,7.799999999999988,B02_MV,cav,not_applicable,6853.954198329337,-3.5,29.602417362775665,0.16565943217680684,on_ramp,on_ramp_mv,,normal,not_started,commit
BASIC-02,basic_long_dt_900,78,7.799999999999988,B02_CLV,cav,not_applicable,6867.954198329337,1.9127541121112128,29.602417362775665,0.16565943217680684,lane_2,mainline,,executing,none,commit
BASIC-02,basic_long_dt_900,78,7.799999999999988,B02_CFV,cav,not_applicable,6823.22184014338,2.196668012788979,27.830414148202475,0.6096796815061712,lane_2,mainline,,executing,none,commit
BASIC-02,basic_long_dt_900,78,7.799999999999988,B02_TLV_CLV,cav,not_applicable,6862.209786109237,3.5,29.337589121149353,0.2760045328544365,lane_1,mainline,,normal,none,commit
BASIC-02,basic_long_dt_900,79,7.899999999999988,B02_MV,cav,not_applicable,6856.9160303961635,-3.5,29.618320668264637,0.15903305488973418,on_ramp,on_ramp_mv,,normal,not_started,commit
BASIC-02,basic_long_dt_900,79,7.899999999999988,B02_CLV,cav,not_applicable,6870.9160303961635,2.07394567634303,29.618320668264637,0.15903305488973418,lane_2,mainline,,executing,none,commit
BASIC-02,basic_long_dt_900,79,7.899999999999988,B02_CFV,cav,not_applicable,6826.017142573776,2.3433454970039334,27.95302430396207,1.2261015575959582,lane_2,mainline,,executing,none,commit
BASIC-02,basic_long_dt_900,79,7.899999999999988,B02_TLV_CLV,cav,not_applicable,6865.146194664867,3.5,29.36408555630338,0.26496435154025877,lane_1,mainline,,normal,none,commit
BASIC-02,basic_long_dt_900,80,7.999999999999988,B02_MV,cav,not_applicable,6859.879389180317,-3.5,29.63358784153405,0.15267173269414513,on_ramp,on_ramp_mv,,normal,not_started,commit
BASIC-02,basic_long_dt_900,80,7.999999999999988,B02_CLV,cav,not_applicable,6873.879389180317,2.232415206433987,29.63358784153405,0.15267173269414513,lane_2,mainline,,executing,none,commit
BASIC-02,basic_long_dt_900,80,7.999999999999988,B02_CFV,cav,not_applicable,6828.81156765328,2.485406373668312,27.944250795038105,-0.08773508923967066,lane_2,mainline,,executing,none,commit
BASIC-02,basic_long_dt_900,80,7.999999999999988,B02_TLV_CLV,cav,not_applicable,6868.085146878272,3.5,29.389522134051244,0.2543657774786482,lane_1,mainline,,normal,none,commit
BASIC-02,basic_long_dt_900,81,8.099999999999987,B02_MV,cav,not_applicable,6862.844213613104,-3.5,29.64824432787269,0.14656486338637933,on_ramp,on_ramp_mv,,normal,not_started,commit
BASIC-02,basic_long_dt_900,81,8.099999999999987,B02_CLV,cav,not_applicable,6876.844213613104,2.3867817235085242,29.64824432787269,0.14656486338637933,lane_2,mainline,,executing,none,commit
BASIC-02,basic_long_dt_900,81,8.099999999999987,B02_CFV,cav,not_applicable,6831.612547627508,2.622115575225865,28.009799742282134,0.6554894724402694,lane_2,mainline,,executing,none,commit
BASIC-02,basic_long_dt_900,81,8.099999999999987,B02_TLV_CLV,cav,not_applicable,6871.026541003141,3.5,29.413941248689195,0.24419114637950232,lane_1,mainline,,normal,none,commit
BASIC-02,basic_long_dt_900,82,8.199999999999987,B02_MV,cav,not_applicable,6865.8104450685805,-3.5,29.66231455475778,0.14070226885092438,on_ramp,on_ramp_mv,,normal,not_started,commit
BASIC-02,basic_long_dt_900,82,8.199999999999987,B02_CLV,cav,not_applicable,6879.8104450685805,2.535696914132984,29.66231455475778,0.14070226885092438,lane_2,mainline,,executing,none,commit
BASIC-02,basic_long_dt_900,82,8.199999999999987,B02_CFV,cav,not_applicable,6834.426163424693,2.7526456244423327,28.136157971845428,1.2635822956329477,lane_2,mainline,,executing,none,commit
BASIC-02,basic_long_dt_900,82,8.199999999999987,B02_TLV_CLV,cav,not_applicable,6873.970279363015,3.5,29.437383598741626,0.23442350052432204,lane_1,mainline,,normal,none,commit
BASIC-02,basic_long_dt_900,83,8.299999999999986,B02_MV,cav,not_applicable,6868.778027265837,-3.5,29.67582197256747,0.13507417809688746,on_ramp,on_ramp_mv,,normal,not_started,commit
BASIC-02,basic_long_dt_900,83,8.299999999999986,B02_CLV,cav,not_applicable,6882.778027265837,2.677857170165636,29.67582197256747,0.13507417809688746,lane_2,mainline,,executing,none,commit
BASIC-02,basic_long_dt_900,83,8.299999999999986,B02_CFV,cav,not_applicable,6837.23920853157,2.875322867088016,28.130451068760852,-0.0570690308457702,lane_2,mainline,,executing,none,commit
BASIC-02,basic_long_dt_900,83,8.299999999999986,B02_TLV_CLV,cav,not_applicable,6876.9162681884945,3.5,29.45988825479196,0.22504656050334973,lane_1,mainline,,normal,none,commit
BASIC-02,basic_long_dt_900,84,8.399999999999986,B02_MV,cav,not_applicable,6871.746906175204,-3.5,29.68878909366477,0.12967121097301232,on_ramp,on_ramp_mv,,normal,not_started,commit
BASIC-02,basic_long_dt_900,84,8.399999999999986,B02_CLV,cav,not_applicable,6885.746906175204,2.8120152626336905,29.68878909366477,0.12967121097301232,lane_2,mainline,,executing,none,commit
BASIC-02,basic_long_dt_900,84,8.399999999999986,B02_CFV,cav,not_applicable,6840.059059437284,2.9894811816377946,28.198509057146197,0.6805798838534608,lane_2,mainline,,executing,none,commit
BASIC-02,basic_long_dt_900,84,8.399999999999986,B02_TLV_CLV,cav,not_applicable,6879.864417460954,3.5,29.48149272460028,0.21604469808321625,lane_1,mainline,,normal,none,commit
BASIC-02,basic_long_dt_900,85,8.499999999999986,B02_MV,cav,not_applicable,6874.717029928195,-3.5,29.701237529918178,0.124484362534092,on_ramp,on_ramp_mv,,normal,not_started,commit
BASIC-02,basic_long_dt_900,85,8.499999999999986,B02_CLV,cav,not_applicable,6888.717029928195,2.9369915426975925,29.701237529918178,0.124484362534092,lane_2,mainline,,executing,none,commit
BASIC-02,basic_long_dt_900,85,8.499999999999986,B02_CFV,cav,not_applicable,6842.8917514511395,3.0943706363098826,28.32692013855239,1.2841108140619224,lane_2,mainline,,executing,none,commit
BASIC-02,basic_long_dt_900,85,8.499999999999986,B02_TLV_CLV,cav,not_applicable,6882.814640762516,3.5,29.50223301561627,0.20740291015988818,lane_1,mainline,,normal,none,commit
BASIC-02,basic_long_dt_900,86,8.599999999999985,B02_MV,cav,not_applicable,6877.688348731067,-3.5,29.71318802872145,0.11950498803272894,on_ramp,on_ramp_mv,,normal,not_started,commit
BASIC-02,basic_long_dt_900,86,8.599999999999985,B02_CLV,cav,not_applicable,6891.688348731067,3.0516845669308514,29.71318802872145,0.11950498803272894,lane_2,mainline,,executing,none,commit
BASIC-02,basic_long_dt_900,86,8.599999999999985,B02_CFV,cav,not_applicable,6845.724040735292,3.1886077481116306,28.322892841521092,-0.0402729703129725,lane_2,mainline,,executing,none,commit
BASIC-02,basic_long_dt_900,86,8.599999999999985,B02_TLV_CLV,cav,not_applicable,6885.766855132016,3.5,29.52214369499162,0.1991067937534922,lane_1,mainline,,normal,none,commit
BASIC-02,basic_long_dt_900,87,8.699999999999985,B02_MV,cav,not_applicable,6880.660814781824,-3.5,29.724660507572594,0.11472478851141972,on_ramp,on_ramp_mv,,normal,not_started,commit
BASIC-02,basic_long_dt_900,87,8.699999999999985,B02_CLV,cav,not_applicable,6894.660814781824,3.1550810492599513,29.724660507572594,0.11472478851141972,lane_2,mainline,,executing,none,commit
BASIC-02,basic_long_dt_900,87,8.699999999999985,B02_CFV,cav,not_applicable,6848.563273240596,3.2716511115492555,28.39232505304094,0.6943221151984771,lane_2,mainline,,executing,none,commit
BASIC-02,basic_long_dt_900,87,8.699999999999985,B02_TLV_CLV,cav,not_applicable,6888.720980926735,3.5,29.541257947191955,0.19114252200335216,lane_1,mainline,,normal,none,commit
BASIC-02,basic_long_dt_900,88,8.799999999999985,B02_MV,cav,not_applicable,6883.634382190551,-3.5,29.73567408726969,0.11013579697096249,on_ramp,on_ramp_mv,,normal,not_started,commit
BASIC-02,basic_long_dt_900,88,8.799999999999985,B02_CLV,cav,not_applicable,6897.634382190551,3.2462650479255015,29.73567408726969,0.11013579697096249,lane_2,mainline,,executing,none,commit
BASIC-02,basic_long_dt_900,88,8.799999999999985,B02_CFV,cav,not_applicable,6851.415459290479,3.3428911003355273,28.521860498829906,1.2953544578896632,lane_2,mainline,,executing,none,commit
BASIC-02,basic_long_dt_900,88,8.799999999999985,B02_TLV_CLV,cav,not_applicable,6891.676941689666,3.5,29.559607629304278,0.18349682112321802,lane_1,mainline,,normal,none,commit
BASIC-02,basic_long_dt_900,89,8.899999999999984,B02_MV,cav,not_applicable,6886.609006902929,-3.5,29.7462471237789,0.10573036509212415,on_ramp,on_ramp_mv,,normal,not_started,commit
BASIC-02,basic_long_dt_900,89,8.899999999999984,B02_CLV,cav,not_applicable,6900.609006902929,3.3244263026863567,29.7462471237789,0.10573036509212415,lane_2,mainline,,executing,none,commit
BASIC-02,basic_long_dt_900,89,8.899999999999984,B02_CFV,cav,not_applicable,6854.267334604108,3.4013448432006026,28.518753136293604,-0.031073625363002844,lane_2,mainline,,executing,none,commit
BASIC-02,basic_long_dt_900,89,8.899999999999984,B02_TLV_CLV,cav,not_applicable,6894.634664022079,3.5,29.577223324132106,0.1761569482782889,lane_1,mainline,,normal,none,commit
BASIC-02,basic_long_dt_900,90,8.999999999999984,B02_MV,cav,not_applicable,6889.584646626811,-3.5,29.756397238827745,0.10150115048843987,on_ramp,on_ramp_mv,,normal,not_started,commit
BASIC-02,basic_long_dt_900,90,8.999999999999984,B02_CLV,cav,not_applicable,6903.584646626811,3.388867645129066,29.756397238827745,0.10150115048843987,lane_2,mainline,,executing,none,commit
BASIC-02,basic_long_dt_900,90,8.999999999999984,B02_CFV,cav,not_applicable,6857.126228406258,3.446646469051559,28.588938021491177,0.701848851975725,lane_2,mainline,,executing,none,commit
BASIC-02,basic_long_dt_900,90,8.999999999999984,B02_TLV_CLV,cav,not_applicable,6897.594077461195,3.5,29.594134391166822,0.16911067034715757,lane_1,mainline,,normal,none,commit
BASIC-02,basic_long_dt_900,91,9.099999999999984,B02_MV,cav,not_applicable,6892.561260761739,-3.5,29.766141349274633,0.09744110446890204,on_ramp,on_ramp_mv,,normal,not_started,commit
BASIC-02,basic_long_dt_900,91,9.099999999999984,B02_CLV,cav,not_applicable,6906.561260761739,3.439011413294873,29.766141349274633,0.09744110446890204,lane_2,mainline,,executing,none,commit
BASIC-02,basic_long_dt_900,91,9.099999999999984,B02_CFV,cav,not_applicable,6859.998137335378,3.5,28.719089291198284,1.3015126970710478,lane_1,mainline,,normal,none,commit
BASIC-02,basic_long_dt_900,91,9.099999999999984,B02_TLV_CLV,cav,not_applicable,6900.555114362747,3.5,29.61036901552015,0.1623462435332712,lane_1,mainline,,normal,none,commit
BASIC-02,basic_long_dt_900,92,9.199999999999983,B02_MV,cav,not_applicable,6895.538810331269,-3.5,29.775495695303647,0.09354346029014665,on_ramp,on_ramp_mv,,normal,not_started,commit
BASIC-02,basic_long_dt_900,92,9.199999999999983,B02_CLV,cav,not_applicable,6909.538810331269,3.5,29.775495695303647,0.09354346029014665,lane_1,mainline,,normal,none,commit
BASIC-02,basic_long_dt_900,92,9.199999999999983,B02_CFV,cav,not_applicable,6862.869785913837,3.5,28.716485784595005,-0.026035066032779053,lane_1,mainline,,normal,none,commit
BASIC-02,basic_long_dt_900,92,9.199999999999983,B02_TLV_CLV,cav,not_applicable,6903.517709788237,3.5,29.625954254899344,0.15585239379194038,lane_1,mainline,,normal,none,commit
BASIC-02,basic_long_dt_900,93,9.299999999999983,B02_MV,cav,not_applicable,6898.517257918018,-3.5,29.7844758674915,0.08980172187854124,on_ramp,on_ramp_mv,,normal,not_started,commit
BASIC-02,basic_long_dt_900,93,9.299999999999983,B02_CLV,cav,not_applicable,6912.517257918018,3.5,29.7844758674915,0.08980172187854124,lane_1,mainline,,normal,none,commit
BASIC-02,basic_long_dt_900,93,9.299999999999983,B02_CFV,cav,not_applicable,6865.730312387212,3.5,28.605264733737776,-1.1122105085722738,lane_1,mainline,,normal,none,commit
BASIC-02,basic_long_dt_900,93,9.299999999999983,B02_TLV_CLV,cav,not_applicable,6906.470671278767,3.5,29.5296149053005,-0.9633934959884123,lane_1,mainline,,normal,none,commit
BASIC-02,basic_long_dt_900,94,9.399999999999983,B02_MV,cav,not_applicable,6901.496567601297,-3.5,29.793096832791843,0.08620965300339947,on_ramp,on_ramp_mv,,normal,not_started,commit
BASIC-02,basic_long_dt_900,94,9.399999999999983,B02_CLV,cav,not_applicable,6915.496567601297,3.5,29.793096832791843,0.08620965300339947,lane_1,mainline,,normal,none,commit
BASIC-02,basic_long_dt_900,94,9.399999999999983,B02_CFV,cav,not_applicable,6868.570829865515,3.5,28.405174783036408,-2.0008995070136786,lane_1,mainline,,normal,none,commit
BASIC-02,basic_long_dt_900,94,9.399999999999983,B02_TLV_CLV,cav,not_applicable,6909.404841367967,3.5,29.34170089199236,-1.8791401330814281,lane_1,mainline,,normal,none,commit
BASIC-02,basic_long_dt_900,95,9.499999999999982,B02_MV,cav,not_applicable,6904.476704897245,-3.5,29.80137295948017,0.08276126688326287,on_ramp,on_ramp_mv,,normal,not_started,commit
BASIC-02,basic_long_dt_900,95,9.499999999999982,B02_CLV,cav,not_applicable,6918.476704897245,3.5,29.80137295948017,0.08276126688326287,lane_1,mainline,,normal,none,commit
BASIC-02,basic_long_dt_900,95,9.499999999999982,B02_CFV,cav,not_applicable,6871.384067256943,3.5,28.132373914280745,-2.728008687556646,lane_1,mainline,,normal,none,commit
BASIC-02,basic_long_dt_900,95,9.499999999999982,B02_TLV_CLV,cav,not_applicable,6912.312727583349,3.5,29.078862153831153,-2.628387381612077,lane_1,mainline,,normal,none,commit
BASIC-02,basic_long_dt_900,96,9.599999999999982,B02_MV,cav,not_applicable,6907.457636701355,-3.5,29.809318041100962,0.07945081620793247,on_ramp,on_ramp_mv,,normal,not_started,commit
BASIC-02,basic_long_dt_900,96,9.599999999999982,B02_CLV,cav,not_applicable,6921.457636701355,3.5,29.809318041100962,0.07945081620793247,lane_1,mainline,,normal,none,commit
BASIC-02,basic_long_dt_900,96,9.599999999999982,B02_CFV,cav,not_applicable,6874.164075486382,3.5,27.800082294389746,-3.322916198909983,lane_1,mainline,,normal,none,commit
BASIC-02,basic_long_dt_900,96,9.599999999999982,B02_TLV_CLV,cav,not_applicable,6915.188199720155,3.5,28.754721368062892,-3.241407857682608,lane_1,mainline,,normal,none,commit
BASIC-02,basic_long_dt_900,97,9.699999999999982,B02_MV,cav,not_applicable,6910.4393312333,-3.5,29.816945319456924,0.07627278355961523,on_ramp,on_ramp_mv,,normal,not_started,commit
BASIC-02,basic_long_dt_900,97,9.699999999999982,B02_CLV,cav,not_applicable,6924.4393312333,3.5,29.816945319456924,0.07627278355961523,lane_1,mainline,,normal,none,commit
BASIC-02,basic_long_dt_900,97,9.699999999999982,B02_CFV,cav,not_applicable,6876.905987128739,3.5,27.41911642356984,-3.8096587081990765,lane_1,mainline,,normal,none,commit
BASIC-02,basic_long_dt_900,97,9.699999999999982,B02_TLV_CLV,cav,not_applicable,6918.0262421563075,3.5,28.380424361525225,-3.7429700653766793,lane_1,mainline,,normal,none,commit
BASIC-02,basic_long_dt_900,98,9.799999999999981,B02_MV,cav,not_applicable,6913.421757983969,-3.5,29.82426750667865,0.07322187221723056,on_ramp,on_ramp_mv,,normal,not_started,commit
BASIC-02,basic_long_dt_900,98,9.799999999999981,B02_CLV,cav,not_applicable,6927.421757983969,3.5,29.82426750667865,0.07322187221723056,lane_1,mainline,,normal,none,commit
BASIC-02,basic_long_dt_900,98,9.799999999999981,B02_CFV,cav,not_applicable,6879.605819745302,3.5,26.998326165626278,-4.207902579435608,lane_1,mainline,,normal,none,commit
BASIC-02,basic_long_dt_900,98,9.799999999999981,B02_TLV_CLV,cav,not_applicable,6920.822751201016,3.5,27.965090447085316,-4.1533391443991015,lane_1,mainline,,normal,none,commit
BASIC-02,basic_long_dt_900,99,9.89999999999998,B02_MV,cav,not_applicable,6916.40488766461,-3.5,29.8312968064115,0.0702929973285407,on_ramp,on_ramp_mv,,normal,not_started,commit
BASIC-02,basic_long_dt_900,99,9.89999999999998,B02_CLV,cav,not_applicable,6930.40488766461,3.5,29.8312968064115,0.0702929973285407,lane_1,mainline,,normal,none,commit
BASIC-02,basic_long_dt_900,99,9.89999999999998,B02_CFV,cav,not_applicable,6882.260314977124,3.5,26.54495231821791,-4.533738474083679,lane_1,mainline,,normal,none,commit
BASIC-02,basic_long_dt_900,99,9.89999999999998,B02_TLV_CLV,cav,not_applicable,6923.574369289089,3.5,27.51618088072539,-4.489095663599265,lane_1,mainline,,normal,none,commit
BASIC-02,basic_long_dt_900,100,9.99999999999998,B02_MV,cav,not_applicable,6919.388692158026,-3.5,29.83804493415504,0.06748127743539954,on_ramp,on_ramp_mv,,normal,not_started,commit
BASIC-02,basic_long_dt_900,100,9.99999999999998,B02_CLV,cav,not_applicable,6933.388692158026,3.5,29.83804493415504,0.06748127743539954,lane_1,mainline,,normal,none,commit
BASIC-02,basic_long_dt_900,100,9.99999999999998,B02_CFV,cav,not_applicable,6884.866806894158,3.5,26.064919170338335,-4.800331478795737,lane_1,mainline,,normal,none,commit
BASIC-02,basic_long_dt_900,100,9.99999999999998,B02_TLV_CLV,cav,not_applicable,6926.278349321732,3.5,27.039800326430903,-4.763805542944853,lane_1,mainline,,normal,none,commit
BASIC-02,basic_long_dt_900,101,10.09999999999998,B02_MV,cav,not_applicable,6922.373144471705,-3.5,29.844523136788837,0.06478202633798417,on_ramp,on_ramp_mv,,normal,not_started,commit
BASIC-02,basic_long_dt_900,101,10.09999999999998,B02_CLV,cav,not_applicable,6936.373144471705,3.5,29.844523136788837,0.06478202633798417,lane_1,mainline,,normal,none,commit
BASIC-02,basic_long_dt_900,101,10.09999999999998,B02_CFV,cav,not_applicable,6887.42311428091,3.5,25.563073867527773,-5.018453028105602,lane_1,mainline,,normal,none,commit
BASIC-02,basic_long_dt_900,101,10.09999999999998,B02_TLV_CLV,cav,not_applicable,6928.93244367266,3.5,26.54094350928087,-4.988568171500334,lane_1,mainline,,normal,none,commit
BASIC-02,basic_long_dt_900,102,10.19999999999998,B02_MV,cav,not_applicable,6925.358218692837,-3.5,29.850742211317282,0.06219074528446527,on_ramp,on_ramp_mv,,normal,not_started,commit
BASIC-02,basic_long_dt_900,102,10.19999999999998,B02_CLV,cav,not_applicable,6939.358218692837,3.5,29.850742211317282,0.06219074528446527,lane_1,mainline,,normal,none,commit
BASIC-02,basic_long_dt_900,102,10.19999999999998,B02_CFV,cav,not_applicable,6889.927452506524,3.5,25.043382256137313,-5.196916113904583,lane_1,mainline,,normal,none,commit
BASIC-02,basic_long_dt_900,102,10.19999999999998,B02_TLV_CLV,cav,not_applicable,6931.534813374912,3.5,26.023697022521752,-5.172464867591182,lane_1,mainline,,normal,none,commit
BASIC-02,basic_long_dt_900,103,10.29999999999998,B02_MV,cav,not_applicable,6928.343889945123,-3.5,29.85671252286459,0.05970311547308711,on_ramp,on_ramp_mv,,normal,not_started,commit
BASIC-02,basic_long_dt_900,103,10.29999999999998,B02_CLV,cav,not_applicable,6942.343889945123,3.5,29.85671252286459,0.05970311547308711,lane_1,mainline,,normal,none,commit
BASIC-02,basic_long_dt_900,103,10.29999999999998,B02_CFV,cav,not_applicable,6892.378361418479,3.5,24.50908911954512,-5.342931365921931,lane_1,mainline,,normal,none,commit
BASIC-02,basic_long_dt_900,103,10.29999999999998,B02_TLV_CLV,cav,not_applicable,6934.083953819157,3.5,25.49140444244611,-5.322925800756421,lane_1,mainline,,normal,none,commit
BASIC-02,basic_long_dt_900,104,10.399999999999979,B02_MV,cav,not_applicable,6931.330134347318,-3.5,29.862444021950008,0.05731499085416374,on_ramp,on_ramp_mv,,normal,not_started,commit
BASIC-02,basic_long_dt_900,104,10.399999999999979,B02_CLV,cav,not_applicable,6945.330134347318,3.5,29.862444021950008,0.05731499085416374,lane_1,mainline,,normal,none,commit
BASIC-02,basic_long_dt_900,104,10.399999999999979,B02_CFV,cav,not_applicable,6894.77464634653,3.5,23.962849280515144,-5.462398390299762,lane_1,mainline,,normal,none,commit
BASIC-02,basic_long_dt_900,104,10.399999999999979,B02_TLV_CLV,cav,not_applicable,6936.578633961395,3.5,24.946801422384222,-5.446030200618889,lane_1,mainline,,normal,none,commit
BASIC-02,basic_long_dt_900,105,10.499999999999979,B02_MV,cav,not_applicable,6934.316928973425,-3.5,29.867946261072007,0.055022391219996795,on_ramp,on_ramp_mv,,normal,not_started,commit
BASIC-02,basic_long_dt_900,105,10.499999999999979,B02_CLV,cav,not_applicable,6948.316928973425,3.5,29.867946261072007,0.055022391219996795,lane_1,mainline,,normal,none,commit
BASIC-02,basic_long_dt_900,105,10.499999999999979,B02_CFV,cav,not_applicable,6897.1153298332065,3.5,23.406834866763344,-5.5601441375179865,lane_1,mainline,,normal,none,commit
BASIC-02,basic_long_dt_900,105,10.499999999999979,B02_TLV_CLV,cav,not_applicable,6939.01784658381,3.5,24.392126224151767,-5.546751982324545,lane_1,mainline,,normal,none,commit
BASIC-02,basic_long_dt_900,106,10.599999999999978,B02_MV,cav,not_applicable,6937.304251814488,-3.5,29.873228410629125,0.05282149557119738,on_ramp,on_ramp_mv,,normal,not_started,commit
BASIC-02,basic_long_dt_900,106,10.599999999999978,B02_CLV,cav,not_applicable,6951.304251814488,3.5,29.873228410629125,0.05282149557119738,lane_1,mainline,,normal,none,commit
BASIC-02,basic_long_dt_900,106,10.599999999999978,B02_CFV,cav,not_applicable,6899.399612140576,3.5,22.84282307369369,-5.640117930696534,lane_1,mainline,,normal,none,commit
BASIC-02,basic_long_dt_900,106,10.599999999999978,B02_TLV_CLV,cav,not_applicable,6941.400767599097,3.5,23.82921015287067,-5.62916071281099,lane_1,mainline,,normal,none,commit
BASIC-02,basic_long_dt_900,107,10.699999999999978,B02_MV,cav,not_applicable,6940.292081741909,-3.5,29.87829927420396,0.05070863574835016,on_ramp,on_ramp_mv,,normal,not_started,commit
BASIC-02,basic_long_dt_900,107,10.699999999999978,B02_CLV,cav,not_applicable,6954.292081741909,3.5,29.87829927420396,0.05070863574835016,lane_1,mainline,,normal,none,commit
BASIC-02,basic_long_dt_900,107,10.699999999999978,B02_CFV,cav,not_applicable,6901.6450207557855,3.5,22.454086152091246,-3.887369216024436,lane_1,mainline,,normal,none,commit
BASIC-02,basic_long_dt_900,107,10.699999999999978,B02_TLV_CLV,cav,not_applicable,6943.726722754007,3.5,23.259551549095224,-5.696586037754447,lane_1,mainline,,normal,none,commit
BASIC-02,basic_long_dt_900,108,10.799999999999978,B02_MV,cav,not_applicable,6943.280398472232,-3.5,29.8831673032358,0.04868029031841559,on_ramp,on_ramp_mv,,normal,not_started,commit
BASIC-02,basic_long_dt_900,108,10.799999999999978,B02_CLV,cav,not_applicable,6957.280398472232,3.5,29.8831673032358,0.04868029031841559,lane_1,mainline,,normal,none,commit
BASIC-02,basic_long_dt_900,108,10.799999999999978,B02_CFV,cav,not_applicable,6903.865896350137,3.5,22.20875594350743,-2.4533020858381747,lane_1,mainline,,normal,none,commit
BASIC-02,basic_long_dt_900,108,10.799999999999978,B02_TLV_CLV,cav,not_applicable,6945.995160386789,3.5,22.684376327824406,-5.751752212708183,lane_1,mainline,,normal,none,commit
BASIC-02,basic_long_dt_900,109,10.899999999999977,B02_MV,cav,not_applicable,6946.269182533343,-3.5,29.88784061110637,0.04673307870567953,on_ramp,on_ramp_mv,,normal,not_started,commit
BASIC-02,basic_long_dt_900,109,10.899999999999977,B02_CLV,cav,not_applicable,6960.269182533343,3.5,29.88784061110637,0.04673307870567953,lane_1,mainline,,normal,none,commit
BASIC-02,basic_long_dt_900,109,10.899999999999977,B02_CFV,cav,not_applicable,6906.073972200149,3.5,22.08075850012067,-1.2799744338675973,lane_1,mainline,,normal,none,commit
BASIC-02,basic_long_dt_900,109,10.899999999999977,B02_TLV_CLV,cav,not_applicable,6948.205629137831,3.5,22.10468751042101,-5.796888174033968,lane_1,mainline,,normal,none,commit
BASIC-02,basic_long_dt_900,110,10.999999999999977,B02_MV,cav,not_applicable,6949.25841523201,-3.5,29.892326986662116,0.044863755557452124,on_ramp,on_ramp_mv,,normal,not_started,commit
BASIC-02,basic_long_dt_900,110,10.999999999999977,B02_CLV,cav,not_applicable,6963.25841523201,3.5,29.892326986662116,0.044863755557452124,lane_1,mainline,,normal,none,commit
BASIC-02,basic_long_dt_900,110,10.999999999999977,B02_CFV,cav,not_applicable,6908.278848259339,3.5,22.04876059189514,-0.3199790822553068,lane_1,mainline,,normal,none,commit
BASIC-02,basic_long_dt_900,110,10.999999999999977,B02_TLV_CLV,cav,not_applicable,6950.357759712904,3.5,21.521305750727322,-5.833817596936882,lane_1,mainline,,normal,none,commit
BASIC-02,basic_long_dt_900,111,11.099999999999977,B02_MV,cav,not_applicable,6952.248078622729,-3.5,29.896633907195632,0.04306920533515353,on_ramp,on_ramp_mv,,normal,not_started,commit
BASIC-02,basic_long_dt_900,111,11.099999999999977,B02_CLV,cav,not_applicable,6966.248078622729,3.5,29.896633907195632,0.04306920533515353,lane_1,mainline,,normal,none,commit
BASIC-02,basic_long_dt_900,111,11.099999999999977,B02_CFV,cav,not_applicable,6910.488379035128,3.5,22.09530775789243,0.46547165997293083,lane_1,mainline,,normal,none,commit
BASIC-02,basic_long_dt_900,111,11.099999999999977,B02_TLV_CLV,cav,not_applicable,6952.451249962184,3.5,20.934902492796123,-5.864032579311994,lane_1,mainline,,normal,none,commit
BASIC-02,basic_long_dt_900,112,11.199999999999976,B02_MV,cav,not_applicable,6955.238155477819,-3.5,29.900768550907806,0.041346437121747216,on_ramp,on_ramp_mv,,normal,not_started,commit
BASIC-02,basic_long_dt_900,112,11.199999999999976,B02_CLV,cav,not_applicable,6969.238155477819,3.5,29.900768550907806,0.041346437121747216,lane_1,mainline,,normal,none,commit
BASIC-02,basic_long_dt_900,112,11.199999999999976,B02_CFV,cav,not_applicable,6912.70899094268,3.5,22.20611907552658,1.1081131763414889,lane_1,mainline,,normal,none,commit
BASIC-02,basic_long_dt_900,112,11.199999999999976,B02_TLV_CLV,cav,not_applicable,6954.50403449036,3.5,20.527845281761504,-4.070572110346176,lane_1,mainline,,normal,none,commit
BASIC-02,basic_long_dt_900,113,11.299999999999976,B02_MV,cav,not_applicable,6958.228629258707,-3.5,29.904737808871495,0.03969257963687767,on_ramp,on_ramp_mv,,normal,not_started,commit
BASIC-02,basic_long_dt_900,113,11.299999999999976,B02_CLV,cav,not_applicable,6972.228629258707,3.5,29.904737808871495,0.03969257963687767,lane_1,mainline,,normal,none,commit
BASIC-02,basic_long_dt_900,113,11.299999999999976,B02_CFV,cav,not_applicable,6914.94594195804,3.5,22.369510153590884,1.6339107806430362,lane_1,mainline,,normal,none,commit
BASIC-02,basic_long_dt_900,113,11.299999999999976,B02_TLV_CLV,cav,not_applicable,6956.530787064906,3.5,20.267525745460453,-2.6031953630105074,lane_1,mainline,,normal,none,commit
BASIC-02,basic_long_dt_900,114,11.399999999999975,B02_MV,cav,not_applicable,6961.2194840883585,-3.5,29.908548296516635,0.038104876451401995,on_ramp,on_ramp_mv,,normal,not_started,commit
BASIC-02,basic_long_dt_900,114,11.399999999999975,B02_CLV,cav,not_applicable,6975.2194840883585,3.5,29.908548296516635,0.038104876451401995,lane_1,mainline,,normal,none,commit
BASIC-02,basic_long_dt_900,114,11.399999999999975,B02_CFV,cav,not_applicable,6917.203534061604,3.5,22.575921035643496,2.0641088205261204,lane_1,mainline,,normal,none,commit
BASIC-02,basic_long_dt_900,114,11.399999999999975,B02_TLV_CLV,cav,not_applicable,6958.543513495572,3.5,20.127264306668685,-1.4026143879176878,lane_1,mainline,,normal,none,commit
BASIC-02,basic_long_dt_900,115,11.499999999999975,B02_MV,cav,not_applicable,6964.210704724824,-3.5,29.91220636465597,0.036580681393346026,on_ramp,on_ramp_mv,,normal,not_started,commit
BASIC-02,basic_long_dt_900,115,11.499999999999975,B02_CLV,cav,not_applicable,6978.210704724824,3.5,29.91220636465597,0.036580681393346026,lane_1,mainline,,normal,none,commit
BASIC-02,basic_long_dt_900,115,11.499999999999975,B02_CFV,cav,not_applicable,6919.485287055518,3.5,22.81752993914109,2.4160890349759168,lane_1,mainline,,normal,none,commit
BASIC-02,basic_long_dt_900,115,11.499999999999975,B02_TLV_CLV,cav,not_applicable,6960.533854899429,3.5,19.90341403856633,-2.2385026810235624,lane_1,mainline,,normal,none,commit
BASIC-02,basic_long_dt_900,116,11.599999999999975,B02_MV,cav,not_applicable,6967.202276535831,-3.5,29.91571811006973,0.03511745413761247,on_ramp,on_ramp_mv,,normal,not_started,commit
BASIC-02,basic_long_dt_900,116,11.599999999999975,B02_CLV,cav,not_applicable,6981.202276535831,3.5,29.91571811006973,0.03511745413761247,lane_1,mainline,,normal,none,commit
BASIC-02,basic_long_dt_900,116,11.599999999999975,B02_CFV,cav,not_applicable,6921.775898959718,3.5,22.906119042002754,0.885891028616659,lane_1,mainline,,normal,none,commit
BASIC-02,basic_long_dt_900,116,11.599999999999975,B02_TLV_CLV,cav,not_applicable,6962.513154008622,3.5,19.79299109193713,-1.1042294662920054,lane_1,mainline,,normal,none,commit
BASIC-02,basic_long_dt_900,117,11.699999999999974,B02_MV,cav,not_applicable,6970.194185474397,-3.5,29.91908938566694,0.03371275597210826,on_ramp,on_ramp_mv,,normal,not_started,commit
BASIC-02,basic_long_dt_900,117,11.699999999999974,B02_CLV,cav,not_applicable,6984.194185474397,3.5,29.91908938566694,0.03371275597210826,lane_1,mainline,,normal,none,commit
BASIC-02,basic_long_dt_900,117,11.699999999999974,B02_CFV,cav,not_applicable,6924.081031790516,3.5,23.05132830798048,1.4520926597772665,lane_1,mainline,,normal,none,commit
BASIC-02,basic_long_dt_900,117,11.699999999999974,B02_TLV_CLV,cav,not_applicable,6964.490691240365,3.5,19.775372317422327,-0.17618774514800428,lane_1,mainline,,normal,none,commit
BASIC-02,basic_long_dt_900,118,11.799999999999974,B02_MV,cav,not_applicable,6973.186418055421,-3.5,29.922325810240263,0.0323642457332241,on_ramp,on_ramp_mv,,normal,not_started,commit
BASIC-02,basic_long_dt_900,118,11.799999999999974,B02_CLV,cav,not_applicable,6987.186418055421,3.5,29.922325810240263,0.0323642457332241,lane_1,mainline,,normal,none,commit
BASIC-02,basic_long_dt_900,118,11.799999999999974,B02_CFV,cav,not_applicable,6926.38713628853,3.5,23.061044980144075,0.09716672163594531,lane_1,mainline,,normal,none,commit
BASIC-02,basic_long_dt_900,118,11.799999999999974,B02_TLV_CLV,cav,not_applicable,6966.474059663283,3.5,19.833684229182946,0.5831191176061783,lane_1,mainline,,normal,none,commit
BASIC-02,basic_long_dt_900,119,11.899999999999974,B02_MV,cav,not_applicable,6976.178961333204,-3.5,29.925432777830654,0.031069675903894735,on_ramp,on_ramp_mv,,normal,not_started,commit
BASIC-02,basic_long_dt_900,119,11.899999999999974,B02_CLV,cav,not_applicable,6990.178961333204,3.5,29.925432777830654,0.031069675903894735,lane_1,mainline,,normal,none,commit
BASIC-02,basic_long_dt_900,119,11.899999999999974,B02_CFV,cav,not_applicable,6928.701308514267,3.5,23.141722257368833,0.8067727722475916,lane_1,mainline,,normal,none,commit
BASIC-02,basic_long_dt_900,119,11.899999999999974,B02_TLV_CLV,cav,not_applicable,6968.469471788072,3.5,19.95412124789618,1.2043701871323278,lane_1,mainline,,normal,none,commit
BASIC-02,basic_long_dt_900,120,11.999999999999973,B02_MV,cav,not_applicable,6979.171802879876,-3.5,29.92841546671743,0.029826888867738433,on_ramp,on_ramp_mv,,normal,not_started,commit
BASIC-02,basic_long_dt_900,120,11.999999999999973,B02_CLV,cav,not_applicable,6993.171802879876,3.5,29.92841546671743,0.029826888867738433,lane_1,mainline,,normal,none,commit
BASIC-02,basic_long_dt_900,120,11.999999999999973,B02_CFV,cav,not_applicable,6931.029354335414,3.5,23.28045821146182,1.3873595409298476,lane_1,mainline,,normal,none,commit
BASIC-02,basic_long_dt_900,120,11.999999999999973,B02_TLV_CLV,cav,not_applicable,6970.482010578029,3.5,20.125387899570644,1.7126665167446318,lane_1,mainline,,normal,none,commit
BASIC-02,basic_long_dt_900,121,12.099999999999973,B02_MV,cav,not_applicable,6982.164930764681,-3.5,29.93127884804873,0.02863381331302861,on_ramp,on_ramp_mv,,normal,not_started,commit
BASIC-02,basic_long_dt_900,121,12.099999999999973,B02_CLV,cav,not_applicable,6996.164930764681,3.5,29.93127884804873,0.02863381331302861,lane_1,mainline,,normal,none,commit
BASIC-02,basic_long_dt_900,121,12.099999999999973,B02_CFV,cav,not_applicable,6933.357842189167,3.5,23.2848785375379,0.04420326076078429,lane_1,mainline,,normal,none,commit
BASIC-02,basic_long_dt_900,121,12.099999999999973,B02_TLV_CLV,cav,not_applicable,6972.515834821305,3.5,20.33824243275884,2.1285453318819716,lane_1,mainline,,normal,none,commit
BASIC-02,basic_long_dt_900,122,12.199999999999973,B02_MV,cav,not_applicable,6985.158333534094,-3.5,29.934027694126783,0.02748846078050775,on_ramp,on_ramp_mv,,normal,not_started,commit
BASIC-02,basic_long_dt_900,122,12.199999999999973,B02_CLV,cav,not_applicable,6999.158333534094,3.5,29.934027694126783,0.02748846078050775,lane_1,mainline,,normal,none,commit
BASIC-02,basic_long_dt_900,122,12.199999999999973,B02_CFV,cav,not_applicable,6935.693964433236,3.5,23.361222440691055,0.7634390315315508,lane_1,mainline,,normal,none,commit
BASIC-02,basic_long_dt_900,122,12.199999999999973,B02_TLV_CLV,cav,not_applicable,6974.574347162751,3.5,20.585123414458273,2.46880981699434,lane_1,mainline,,normal,none,commit
BASIC-02,basic_long_dt_900,123,12.299999999999972,B02_MV,cav,not_applicable,6988.15200019273,-3.5,29.93666658636171,0.02638892234928676,on_ramp,on_ramp_mv,,normal,not_started,commit
BASIC-02,basic_long_dt_900,123,12.299999999999972,B02_CLV,cav,not_applicable,7002.15200019273,3.5,29.93666658636171,0.02638892234928676,lane_1,mainline,,normal,none,commit
BASIC-02,basic_long_dt_900,123,12.299999999999972,B02_CFV,cav,not_applicable,6938.043605723927,3.5,23.496412906907274,1.3519046621621778,lane_1,mainline,,normal,none,commit
BASIC-02,basic_long_dt_900,123,12.299999999999972,B02_TLV_CLV,cav,not_applicable,6976.660331584518,3.5,20.8598442176669,2.747208032086278,lane_1,mainline,,normal,none,commit
BASIC-02,basic_long_dt_900,124,12.399999999999972,B02_MV,cav,not_applicable,6991.145920185021,-3.5,29.939199922907243,0.025333365455315972,on_ramp,on_ramp_mv,,normal,not_started,commit
BASIC-02,basic_long_dt_900,124,12.399999999999972,B02_CLV,cav,not_applicable,7005.145920185021,3.5,29.939199922907243,0.025333365455315972,lane_1,mainline,,normal,none,commit
BASIC-02,basic_long_dt_900,124,12.399999999999972,B02_CFV,cav,not_applicable,6940.393398961854,3.5,23.497932379265997,0.01519472358723628,lane_1,mainline,,normal,none,commit
BASIC-02,basic_long_dt_900,124,12.399999999999972,B02_TLV_CLV,cav,not_applicable,6978.776065890183,3.5,21.157343056655776,2.9749883898887726,lane_1,mainline,,normal,none,commit
BASIC-02,basic_long_dt_900,125,12.499999999999972,B02_MV,cav,not_applicable,6994.140083377621,-3.5,29.941631925990954,0.02432003083710299,on_ramp,on_ramp_mv,,normal,not_started,commit
BASIC-02,basic_long_dt_900,125,12.499999999999972,B02_CLV,cav,not_applicable,7008.140083377621,3.5,29.941631925990954,0.02432003083710299,lane_1,mainline,,normal,none,commit
BASIC-02,basic_long_dt_900,125,12.499999999999972,B02_CFV,cav,not_applicable,6942.750589247518,3.5,23.571902856650407,0.7397047738441024,lane_1,mainline,,normal,none,commit
BASIC-02,basic_long_dt_900,125,12.499999999999972,B02_TLV_CLV,cav,not_applicable,6980.9234137372205,3.5,21.473478470373948,3.161354137181723,lane_1,mainline,,normal,none,commit
BASIC-02,basic_long_dt_900,126,12.599999999999971,B02_MV,cav,not_applicable,6997.134480042516,-3.5,29.943966648951317,0.023347229603618305,on_ramp,on_ramp_mv,,normal,not_started,commit
BASIC-02,basic_long_dt_900,126,12.599999999999971,B02_CLV,cav,not_applicable,7011.134480042516,3.5,29.943966648951317,0.023347229603618305,lane_1,mainline,,normal,none,commit
BASIC-02,basic_long_dt_900,126,12.599999999999971,B02_CFV,cav,not_applicable,6945.121104390424,3.5,23.705151429055835,1.3324857240542656,lane_1,mainline,,normal,none,commit
BASIC-02,basic_long_dt_900,126,12.599999999999971,B02_TLV_CLV,cav,not_applicable,6983.103899936289,3.5,21.804861990688817,3.313835203148682,lane_1,mainline,,normal,none,commit
BASIC-02,basic_long_dt_900,127,12.69999999999997,B02_MV,cav,not_applicable,7000.129100840815,-3.5,29.946207982993265,0.022413340419473116,on_ramp,on_ramp_mv,,normal,not_started,commit
BASIC-02,basic_long_dt_900,127,12.69999999999997,B02_CLV,cav,not_applicable,7014.129100840815,3.5,29.946207982993265,0.022413340419473116,lane_1,mainline,,normal,none,commit
BASIC-02,basic_long_dt_900,127,12.69999999999997,B02_CFV,cav,not_applicable,6947.497025795395,3.5,23.75921404970755,0.5406262065171493,lane_1,mainline,,normal,none,commit
BASIC-02,basic_long_dt_900,127,12.69999999999997,B02_TLV_CLV,cav,not_applicable,6985.315171016346,3.5,22.112710800566617,3.0784880987780108,lane_1,mainline,,normal,none,commit
BASIC-02,basic_long_dt_900,128,12.79999999999997,B02_MV,cav,not_applicable,7003.123936807183,-3.5,29.948359663673536,0.021516806802694077,on_ramp,on_ramp_mv,,normal,not_started,commit
BASIC-02,basic_long_dt_900,128,12.79999999999997,B02_CLV,cav,not_applicable,7017.123936807183,3.5,29.948359663673536,0.021516806802694077,lane_1,mainline,,normal,none,commit
BASIC-02,basic_long_dt_900,128,12.79999999999997,B02_CFV,cav,not_applicable,6949.884643232964,3.5,23.876174375695314,1.1696032598776676,lane_1,mainline,,normal,none,commit
BASIC-02,basic_long_dt_900,128,12.79999999999997,B02_TLV_CLV,cav,not_applicable,6987.558902453574,3.5,22.437314372284817,3.246035717182009,lane_1,mainline,,normal,none,commit
BASIC-02,basic_long_dt_900,129,12.89999999999997,B02_MV,cav,not_applicable,7006.118979334896,-3.5,29.950425277126595,0.02065613453058575,on_ramp,on_ramp_mv,,normal,not_started,commit
BASIC-02,basic_long_dt_900,129,12.89999999999997,B02_CLV,cav,not_applicable,7020.118979334896,3.5,29.950425277126595,0.02065613453058575,lane_1,mainline,,normal,none,commit
BASIC-02,basic_long_dt_900,129,12.89999999999997,B02_CFV,cav,not_applicable,6952.289102879024,3.5,24.044596460594395,1.6842208489908188,lane_1,mainline,,normal,none,commit
BASIC-02,basic_long_dt_900,129,12.89999999999997,B02_TLV_CLV,cav,not_applicable,6989.836465092125,3.5,22.7756263855088,3.383120132239825,lane_1,mainline,,normal,none,commit
BASIC-02,basic_long_dt_900,130,12.99999999999997,B02_MV,cav,not_applicable,7009.1142201615,-3.5,29.95240826604153,0.019829889149362147,on_ramp,on_ramp_mv,,normal,not_started,commit
BASIC-02,basic_long_dt_900,130,12.99999999999997,B02_CLV,cav,not_applicable,7023.1142201615,3.5,29.95240826604153,0.019829889149362147,lane_1,mainline,,normal,none,commit
BASIC-02,basic_long_dt_900,130,12.99999999999997,B02_CFV,cav,not_applicable,6954.696433422939,3.5,24.07330543914819,0.2870897855379426,lane_1,mainline,,normal,none,commit
BASIC-02,basic_long_dt_900,130,12.99999999999997,B02_TLV_CLV,cav,not_applicable,6992.137979159748,3.5,23.015140676235927,2.395142907271256,lane_1,mainline,,normal,none,commit
BASIC-02,basic_long_dt_900,131,13.09999999999997,B02_MV,cav,not_applicable,7012.10965135504,-3.5,29.95431193539987,0.019036693583387887,on_ramp,on_ramp_mv,,normal,not_started,commit
BASIC-02,basic_long_dt_900,131,13.09999999999997,B02_CLV,cav,not_applicable,7026.10965135504,3.5,29.95431193539987,0.019036693583387887,lane_1,mainline,,normal,none,commit
BASIC-02,basic_long_dt_900,131,13.09999999999997,B02_CFV,cav,not_applicable,6957.113385610553,3.5,24.16952187614675,0.9621643699855894,lane_1,mainline,,normal,none,commit
BASIC-02,basic_long_dt_900,131,13.09999999999997,B02_TLV_CLV,cav,not_applicable,6994.4663625784315,3.5,23.28383418683085,2.6869351059492095,lane_1,mainline,,normal,none,commit
BASIC-02,basic_long_dt_900,132,13.199999999999969,B02_MV,cav,not_applicable,7015.105265300838,-3.5,29.956139457983873,0.018275225840052655,on_ramp,on_ramp_mv,,normal,not_started,commit
BASIC-02,basic_long_dt_900,132,13.199999999999969,B02_CLV,cav,not_applicable,7029.105265300838,3.5,29.956139457983873,0.018275225840052655,lane_1,mainline,,normal,none,commit
BASIC-02,basic_long_dt_900,132,13.199999999999969,B02_CFV,cav,not_applicable,6959.545482779377,3.5,24.32097168823648,1.5144981208973003,lane_1,mainline,,normal,none,commit
BASIC-02,basic_long_dt_900,132,13.199999999999969,B02_TLV_CLV,cav,not_applicable,6996.82400273889,3.5,23.57640160459033,2.925674177594807,lane_1,mainline,,normal,none,commit
BASIC-02,basic_long_dt_900,133,13.299999999999969,B02_MV,cav,not_applicable,7018.101054688805,-3.5,29.957893879664518,0.017544216806450665,on_ramp,on_ramp_mv,,normal,not_started,commit
BASIC-02,basic_long_dt_900,133,13.299999999999969,B02_CLV,cav,not_applicable,7032.101054688805,3.5,29.957893879664518,0.017544216806450665,lane_1,mainline,,normal,none,commit
BASIC-02,basic_long_dt_900,133,13.299999999999969,B02_CFV,cav,not_applicable,6961.979062205553,3.5,24.33579426176444,0.14822573527960925,lane_1,mainline,,normal,none,commit
BASIC-02,basic_long_dt_900,133,13.299999999999969,B02_TLV_CLV,cav,not_applicable,6999.212852960803,3.5,23.888502219120813,3.1210061453048423,lane_1,mainline,,normal,none,commit
BASIC-02,basic_long_dt_900,134,13.399999999999968,B02_MV,cav,not_applicable,7021.097012501253,-3.5,29.959578124477936,0.01684244813419298,on_ramp,on_ramp_mv,,normal,not_started,commit
BASIC-02,basic_long_dt_900,134,13.399999999999968,B02_CLV,cav,not_applicable,7035.097012501253,3.5,29.959578124477936,0.01684244813419298,lane_1,mainline,,normal,none,commit
BASIC-02,basic_long_dt_900,134,13.399999999999968,B02_CFV,cav,not_applicable,6964.421127115019,3.5,24.420649094650955,0.8485483288651349,lane_1,mainline,,normal,none,commit
BASIC-02,basic_long_dt_900,134,13.399999999999968,B02_TLV_CLV,cav,not_applicable,7001.634511414813,3.5,24.2165845401003,3.280823209794871,lane_1,mainline,,normal,none,commit
BASIC-02,basic_long_dt_900,135,13.499999999999968,B02_MV,cav,not_applicable,7024.093132001202,-3.5,29.96119499949882,0.016168750208825602,on_ramp,on_ramp_mv,,normal,not_started,commit
BASIC-02,basic_long_dt_900,135,13.499999999999968,B02_CLV,cav,not_applicable,7038.093132001202,3.5,29.96119499949882,0.016168750208825602,lane_1,mainline,,normal,none,commit
BASIC-02,basic_long_dt_900,135,13.499999999999968,B02_CFV,cav,not_applicable,6966.877407419902,3.5,24.56280304883083,1.4215395417987466,lane_1,mainline,,normal,none,commit
BASIC-02,basic_long_dt_900,135,13.499999999999968,B02_TLV_CLV,cav,not_applicable,7004.078811702798,3.5,24.443002879852056,2.2641833975175465,lane_1,mainline,,normal,none,commit
BASIC-02,basic_long_dt_900,136,13.599999999999968,B02_MV,cav,not_applicable,7027.089406721154,-3.5,29.962747199518866,0.01552200020047252,on_ramp,on_ramp_mv,,normal,not_started,commit
BASIC-02,basic_long_dt_900,136,13.599999999999968,B02_CLV,cav,not_applicable,7041.089406721154,3.5,29.962747199518866,0.01552200020047252,lane_1,mainline,,normal,none,commit
BASIC-02,basic_long_dt_900,136,13.599999999999968,B02_CFV,cav,not_applicable,6969.334409411945,3.5,24.570019920432546,0.07216871601715624,lane_1,mainline,,normal,none,commit
BASIC-02,basic_long_dt_900,136,13.599999999999968,B02_TLV_CLV,cav,not_applicable,7006.548909854944,3.5,24.700981521467128,2.5797864161507196,lane_1,mainline,,normal,none,commit
BASIC-02,basic_long_dt_900,137,13.699999999999967,B02_MV,cav,not_applicable,7030.085830452308,-3.5,29.96423731153811,0.014901120192453732,on_ramp,on_ramp_mv,,normal,not_started,commit
BASIC-02,basic_long_dt_900,137,13.699999999999967,B02_CLV,cav,not_applicable,7044.085830452308,3.5,29.96423731153811,0.014901120192453732,lane_1,mainline,,normal,none,commit
BASIC-02,basic_long_dt_900,137,13.699999999999967,B02_CFV,cav,not_applicable,6971.799274602574,3.5,24.648651906288496,0.7863198585594915,lane_1,mainline,,normal,none,commit
BASIC-02,basic_long_dt_900,137,13.699999999999967,B02_TLV_CLV,cav,not_applicable,7009.047388077768,3.5,24.984782228243095,2.83800706775968,lane_1,mainline,,normal,none,commit
BASIC-02,basic_long_dt_900,138,13.799999999999967,B02_MV,cav,not_applicable,7033.082397234216,-3.5,29.965667819076586,0.014305075384756095,on_ramp,on_ramp_mv,,normal,not_started,commit
BASIC-02,basic_long_dt_900,138,13.799999999999967,B02_CLV,cav,not_applicable,7047.082397234216,3.5,29.965667819076586,0.014305075384756095,lane_1,mainline,,normal,none,commit
BASIC-02,basic_long_dt_900,138,13.799999999999967,B02_CFV,cav,not_applicable,6974.277846046591,3.5,24.785714440170636,1.370625338821402,lane_1,mainline,,normal,none,commit
BASIC-02,basic_long_dt_900,138,13.799999999999967,B02_TLV_CLV,cav,not_applicable,7011.576359085692,3.5,25.289710079241615,3.049278509985192,lane_1,mainline,,normal,none,commit
BASIC-02,basic_long_dt_900,139,13.899999999999967,B02_MV,cav,not_applicable,7036.079101344847,-3.5,29.967041106313523,0.013732872369365623,on_ramp,on_ramp_mv,,normal,not_started,commit
BASIC-02,basic_long_dt_900,139,13.899999999999967,B02_CLV,cav,not_applicable,7050.079101344847,3.5,29.967041106313523,0.013732872369365623,lane_1,mainline,,normal,none,commit
BASIC-02,basic_long_dt_900,139,13.899999999999967,B02_CFV,cav,not_applicable,6976.772483537679,3.5,24.946374910890995,1.6066047072035716,lane_1,mainline,,normal,none,commit
BASIC-02,basic_long_dt_900,139,13.899999999999967,B02_TLV_CLV,cav,not_applicable,7014.119369645062,3.5,25.43010559369495,1.403955144533339,lane_1,mainline,,normal,none,commit
BASIC-02,basic_long_dt_900,140,13.999999999999966,B02_MV,cav,not_applicable,7039.075937291053,-3.5,29.96835946206098,0.013183557474590657,on_ramp,on_ramp_mv,,normal,not_started,commit
BASIC-02,basic_long_dt_900,140,13.999999999999966,B02_CLV,cav,not_applicable,7053.075937291053,3.5,29.96835946206098,0.013183557474590657,lane_1,mainline,,normal,none,commit
BASIC-02,basic_long_dt_900,140,13.999999999999966,B02_CFV,cav,not_applicable,6979.269356885464,3.5,24.968733477844015,0.22358566953019499,lane_1,mainline,,normal,none,commit
BASIC-02,basic_long_dt_900,140,13.999999999999966,B02_TLV_CLV,cav,not_applicable,7016.681139837432,3.5,25.617701923702224,1.8759633000727318,lane_1,mainline,,normal,none,commit
BASIC-02,basic_long_dt_900,141,14.099999999999966,B02_MV,cav,not_applicable,7042.072899799411,-3.5,29.969625083578542,0.0126562151756076,on_ramp,on_ramp_mv,,normal,not_started,commit
BASIC-02,basic_long_dt_900,141,14.099999999999966,B02_CLV,cav,not_applicable,7056.072899799411,3.5,29.969625083578542,0.0126562151756076,lane_1,mainline,,normal,none,commit
BASIC-02,basic_long_dt_900,141,14.099999999999966,B02_CFV,cav,not_applicable,6981.775332297817,3.5,25.059754123532848,0.9102064568883413,lane_1,mainline,,normal,none,commit
BASIC-02,basic_long_dt_900,141,14.099999999999966,B02_TLV_CLV,cav,not_applicable,7019.265531547712,3.5,25.843917102799082,2.2621517909685984,lane_1,mainline,,normal,none,commit
BASIC-02,basic_long_dt_900,142,14.199999999999966,B02_MV,cav,not_applicable,7045.069983807434,-3.5,29.9708400802354,0.012149966568583182,on_ramp,on_ramp_mv,,normal,not_started,commit
BASIC-02,basic_long_dt_900,142,14.199999999999966,B02_CLV,cav,not_applicable,7059.069983807434,3.5,29.9708400802354,0.012149966568583182,lane_1,mainline,,normal,none,commit
BASIC-02,basic_long_dt_900,142,14.199999999999966,B02_CFV,cav,not_applicable,6984.296027581181,3.5,25.206952833641893,1.471987101090461,lane_1,mainline,,normal,none,commit
BASIC-02,basic_long_dt_900,142,14.199999999999966,B02_TLV_CLV,cav,not_applicable,7021.875704499918,3.5,26.10172952206015,2.5781241926106713,lane_1,mainline,,normal,none,commit
BASIC-02,basic_long_dt_900,143,14.299999999999965,B02_MV,cav,not_applicable,7048.067184455137,-3.5,29.972006477025985,0.011663967905839456,on_ramp,on_ramp_mv,,normal,not_started,commit
BASIC-02,basic_long_dt_900,143,14.299999999999965,B02_CLV,cav,not_applicable,7062.067184455137,3.5,29.972006477025985,0.011663967905839456,lane_1,mainline,,normal,none,commit
BASIC-02,basic_long_dt_900,143,14.299999999999965,B02_CFV,cav,not_applicable,6986.836039122645,3.5,25.400115414640204,1.9316258099831045,lane_1,mainline,,normal,none,commit
BASIC-02,basic_long_dt_900,143,14.299999999999965,B02_TLV_CLV,cav,not_applicable,7024.514243922791,3.5,26.385394228728295,2.836647066681458,lane_1,mainline,,normal,none,commit
BASIC-02,basic_long_dt_900,144,14.399999999999965,B02_MV,cav,not_applicable,7051.064497076932,-3.5,29.973126217944944,0.011197409189605878,on_ramp,on_ramp_mv,,normal,not_started,commit
BASIC-02,basic_long_dt_900,144,14.399999999999965,B02_CLV,cav,not_applicable,7065.064497076932,3.5,29.973126217944944,0.011197409189605878,lane_1,mainline,,normal,none,commit
BASIC-02,basic_long_dt_900,144,14.399999999999965,B02_CFV,cav,not_applicable,6989.380945784373,3.5,25.449066617275186,0.4895120263498127,lane_1,mainline,,normal,none,commit
BASIC-02,basic_long_dt_900,144,14.399999999999965,B02_TLV_CLV,cav,not_applicable,7027.1650831853,3.5,26.50839262509314,1.2299839636484653,lane_1,mainline,,normal,none,commit
BASIC-02,basic_long_dt_900,145,14.499999999999964,B02_MV,cav,not_applicable,7054.061917193854,-3.5,29.974201169227147,0.010749512822022212,on_ramp,on_ramp_mv,,normal,not_started,commit
BASIC-02,basic_long_dt_900,145,14.499999999999964,B02_CLV,cav,not_applicable,7068.061917193854,3.5,29.974201169227147,0.010749512822022212,lane_1,mainline,,normal,none,commit
BASIC-02,basic_long_dt_900,145,14.499999999999964,B02_CFV,cav,not_applicable,6991.93713027177,3.5,25.561844873976533,1.1277825670134831,lane_1,mainline,,normal,none,commit
BASIC-02,basic_long_dt_900,145,14.499999999999964,B02_TLV_CLV,cav,not_applicable,7029.83325868024,3.5,26.681754949391653,1.733623242985108,lane_1,mainline,,normal,none,commit
BASIC-02,basic_long_dt_900,146,14.599999999999964,B02_MV,cav,not_applicable,7057.0594405061,-3.5,29.97523312245806,0.010319532309141267,on_ramp,on_ramp_mv,,normal,not_started,commit
BASIC-02,basic_long_dt_900,146,14.599999999999964,B02_CLV,cav,not_applicable,7071.0594405061,3.5,29.97523312245806,0.010319532309141267,lane_1,mainline,,normal,none,commit
BASIC-02,basic_long_dt_900,146,14.599999999999964,B02_CFV,cav,not_applicable,6994.509814798353,3.5,25.72684526582309,1.650003918465577,lane_1,mainline,,normal,none,commit
BASIC-02,basic_long_dt_900,146,14.599999999999964,B02_TLV_CLV,cav,not_applicable,7032.522891092622,3.5,26.896324123817706,2.1456917442605428,lane_1,mainline,,normal,none,commit
BASIC-02,basic_long_dt_900,147,14.699999999999964,B02_MV,cav,not_applicable,7060.057062885856,-3.5,29.97622379755974,0.009906751016775673,on_ramp,on_ramp_mv,,normal,not_started,commit
BASIC-02,basic_long_dt_900,147,14.699999999999964,B02_CLV,cav,not_applicable,7074.057062885856,3.5,29.97622379755974,0.009906751016775673,lane_1,mainline,,normal,none,commit
BASIC-02,basic_long_dt_900,147,14.699999999999964,B02_CFV,cav,not_applicable,6997.094655343382,3.5,25.848405450296227,1.215601844731355,lane_1,mainline,,normal,none,commit
BASIC-02,basic_long_dt_900,147,14.699999999999964,B02_TLV_CLV,cav,not_applicable,7035.237351892002,3.5,27.14460799380266,2.482838699849535,lane_1,mainline,,normal,none,commit
BASIC-02,basic_long_dt_900,148,14.799999999999963,B02_MV,cav,not_applicable,7063.054780370421,-3.5,29.977174845657352,0.009510480976103963,on_ramp,on_ramp_mv,,normal,not_started,commit
BASIC-02,basic_long_dt_900,148,14.799999999999963,B02_CLV,cav,not_applicable,7077.054780370421,3.5,29.977174845657352,0.009510480976103963,lane_1,mainline,,normal,none,commit
BASIC-02,basic_long_dt_900,148,14.799999999999963,B02_CFV,cav,not_applicable,6999.69671444896,3.5,26.020591055774247,1.7218560547801995,lane_1,mainline,,normal,none,commit
BASIC-02,basic_long_dt_900,148,14.799999999999963,B02_TLV_CLV,cav,not_applicable,7037.96121773529,3.5,27.238658432881255,0.9405043907859829,lane_1,mainline,,normal,none,commit
BASIC-02,basic_long_dt_900,149,14.899999999999963,B02_MV,cav,not_applicable,7066.052589155604,-3.5,29.97808785183106,0.009130061737059237,on_ramp,on_ramp_mv,,normal,not_started,commit
BASIC-02,basic_long_dt_900,149,14.899999999999963,B02_CLV,cav,not_applicable,7080.052589155604,3.5,29.97808785183106,0.009130061737059237,lane_1,mainline,,normal,none,commit
BASIC-02,basic_long_dt_900,149,14.899999999999963,B02_CFV,cav,not_applicable,7002.3019523768035,3.5,26.05237927843808,0.317882226638345,lane_1,mainline,,normal,none,commit
BASIC-02,basic_long_dt_900,149,14.899999999999963,B02_TLV_CLV,cav,not_applicable,7040.700051341775,3.5,27.388336064854656,1.496776319733986,lane_1,mainline,,normal,none,commit
BASIC-02,basic_long_dt_900,150,14.999999999999963,B02_MV,cav,not_applicable,7069.0504855893805,-3.5,29.978964337757816,0.008764859267576242,on_ramp,on_ramp_mv,,normal,not_started,commit
BASIC-02,basic_long_dt_900,150,14.999999999999963,B02_CLV,cav,not_applicable,7083.0504855893805,3.5,29.978964337757816,0.008764859267576242,lane_1,mainline,,normal,none,commit
BASIC-02,basic_long_dt_900,150,14.999999999999963,B02_CFV,cav,not_applicable,7004.917063886502,3.5,26.15111509698122,0.9873581854313731,lane_1,mainline,,normal,none,commit
BASIC-02,basic_long_dt_900,150,14.999999999999963,B02_TLV_CLV,cav,not_applicable,7043.45840402724,3.5,27.583526854651073,1.9519078979641704,lane_1,mainline,,normal,none,commit
BASIC-02,basic_long_dt_900,151,15.099999999999962,B02_MV,cav,not_applicable,7072.048466165806,-3.5,29.9798057642475,0.008414264896873648,on_ramp,on_ramp_mv,,normal,not_started,commit
BASIC-02,basic_long_dt_900,151,15.099999999999962,B02_CLV,cav,not_applicable,7086.048466165806,3.5,29.9798057642475,0.008414264896873648,lane_1,mainline,,normal,none,commit
BASIC-02,basic_long_dt_900,151,15.099999999999962,B02_CFV,cav,not_applicable,7007.547526508626,3.5,26.304626221243787,1.535111242625669,lane_1,mainline,,normal,none,commit
BASIC-02,basic_long_dt_900,151,15.099999999999962,B02_TLV_CLV,cav,not_applicable,7046.239999595507,3.5,27.815955682666324,2.324288280152503,lane_1,mainline,,normal,none,commit
BASIC-02,basic_long_dt_900,152,15.199999999999962,B02_MV,cav,not_applicable,7075.046527519174,-3.5,29.9806135336776,0.008077694300999383,on_ramp,on_ramp_mv,,normal,not_started,commit
BASIC-02,basic_long_dt_900,152,15.199999999999962,B02_CLV,cav,not_applicable,7089.046527519174,3.5,29.9806135336776,0.008077694300999383,lane_1,mainline,,normal,none,commit
BASIC-02,basic_long_dt_900,152,15.199999999999962,B02_CFV,cav,not_applicable,7010.197821859099,3.5,26.50295350473134,1.9832728348755473,lane_1,mainline,,normal,none,commit
BASIC-02,basic_long_dt_900,152,15.199999999999962,B02_TLV_CLV,cav,not_applicable,7049.0297029769745,3.5,27.897033814678803,0.8107813201247751,lane_1,mainline,,normal,none,commit
BASIC-02,basic_long_dt_900,153,15.299999999999962,B02_MV,cav,not_applicable,7078.044666418406,-3.5,29.981388992330498,0.007754586528959351,on_ramp,on_ramp_mv,,normal,not_started,commit
BASIC-02,basic_long_dt_900,153,15.299999999999962,B02_CLV,cav,not_applicable,7092.044666418406,3.5,29.981388992330498,0.007754586528959351,lane_1,mainline,,normal,none,commit
BASIC-02,basic_long_dt_900,153,15.299999999999962,B02_CFV,cav,not_applicable,7012.853434896403,3.5,26.55613037303934,0.5317686830799933,lane_1,mainline,,normal,none,commit
BASIC-02,basic_long_dt_900,153,15.299999999999962,B02_TLV_CLV,cav,not_applicable,7051.833312751061,3.5,28.03609774087083,1.3906392619202705,lane_1,mainline,,normal,none,commit
BASIC-02,basic_long_dt_900,154,15.399999999999961,B02_MV,cav,not_applicable,7081.0428797616705,-3.5,29.982133432637276,0.00744440306780092,on_ramp,on_ramp_mv,,normal,not_started,commit
BASIC-02,basic_long_dt_900,154,15.399999999999961,B02_CLV,cav,not_applicable,7095.0428797616705,3.5,29.982133432637276,0.00744440306780092,lane_1,mainline,,normal,none,commit
BASIC-02,basic_long_dt_900,154,15.399999999999961,B02_CFV,cav,not_applicable,7015.520671495659,3.5,26.672365992564067,1.1623561952472672,lane_1,mainline,,normal,none,commit
BASIC-02,basic_long_dt_900,154,15.399999999999961,B02_TLV_CLV,cav,not_applicable,7054.655573210019,3.5,28.222604589573397,1.8650684870256757,lane_1,mainline,,normal,none,commit
BASIC-02,basic_long_dt_900,155,15.499999999999961,B02_MV,cav,not_applicable,7084.041164571204,-3.5,29.982848095331786,0.007146626945089452,on_ramp,on_ramp_mv,,normal,not_started,commit
BASIC-02,basic_long_dt_900,155,15.499999999999961,B02_CLV,cav,not_applicable,7098.041164571204,3.5,29.982848095331786,0.007146626945089452,lane_1,mainline,,normal,none,commit
BASIC-02,basic_long_dt_900,155,15.499999999999961,B02_CFV,cav,not_applicable,7018.20469100924,3.5,26.84019513581157,1.6782914324750369,lane_1,mainline,,normal,none,commit
BASIC-02,basic_long_dt_900,155,15.499999999999961,B02_TLV_CLV,cav,not_applicable,7057.482184229324,3.5,28.266110193057315,0.4350560348391892,lane_1,mainline,,normal,none,commit
BASIC-02,basic_long_dt_900,156,15.59999999999996,B02_MV,cav,not_applicable,7087.039517988355,-3.5,29.983534171518514,0.006860761867285703,on_ramp,on_ramp_mv,,normal,not_started,commit
BASIC-02,basic_long_dt_900,156,15.59999999999996,B02_CLV,cav,not_applicable,7101.039517988355,3.5,29.983534171518514,0.006860761867285703,lane_1,mainline,,normal,none,commit
BASIC-02,basic_long_dt_900,156,15.59999999999996,B02_CFV,cav,not_applicable,7020.909714725451,3.5,27.05023716210498,2.1004202629341213,lane_1,mainline,,normal,none,commit
BASIC-02,basic_long_dt_900,156,15.59999999999996,B02_TLV_CLV,cav,not_applicable,7060.3196275252785,3.5,28.37443295954416,1.0832276648684276,lane_1,mainline,,normal,none,commit
BASIC-02,basic_long_dt_900,157,15.69999999999996,B02_MV,cav,not_applicable,7090.037937268821,-3.5,29.984192804657773,0.006586331392594503,on_ramp,on_ramp_mv,,normal,not_started,commit
BASIC-02,basic_long_dt_900,157,15.69999999999996,B02_CLV,cav,not_applicable,7104.037937268821,3.5,29.984192804657773,0.006586331392594503,lane_1,mainline,,normal,none,commit
BASIC-02,basic_long_dt_900,157,15.69999999999996,B02_CFV,cav,not_applicable,7023.621014607449,3.5,27.11299881998141,0.6276165787642811,lane_1,mainline,,normal,none,commit
BASIC-02,basic_long_dt_900,157,15.69999999999996,B02_TLV_CLV,cav,not_applicable,7063.173206320309,3.5,28.53578795030612,1.6135499076196225,lane_1,mainline,,normal,none,commit
BASIC-02,basic_long_dt_900,158,15.79999999999996,B02_MV,cav,not_applicable,7093.036419778068,-3.5,29.984825092471464,0.006322878136890609,on_ramp,on_ramp_mv,,normal,not_started,commit
BASIC-02,basic_long_dt_900,158,15.79999999999996,B02_CLV,cav,not_applicable,7107.036419778068,3.5,29.984825092471464,0.006322878136890609,lane_1,mainline,,normal,none,commit
BASIC-02,basic_long_dt_900,158,15.79999999999996,B02_CFV,cav,not_applicable,7026.344722261455,3.5,27.237076540062123,1.240777200807139,lane_1,mainline,,normal,none,commit
BASIC-02,basic_long_dt_900,158,15.79999999999996,B02_TLV_CLV,cav,not_applicable,7066.029077796402,3.5,28.558714760929544,0.22926810623423655,lane_1,mainline,,normal,none,commit
BASIC-02,basic_long_dt_900,159,15.89999999999996,B02_MV,cav,not_applicable,7096.034962986945,-3.5,29.985432088772605,0.006069963011414359,on_ramp,on_ramp_mv,,normal,not_started,commit
BASIC-02,basic_long_dt_900,159,15.89999999999996,B02_CLV,cav,not_applicable,7110.034962986945,3.5,29.985432088772605,0.006069963011414359,lane_1,mainline,,normal,none,commit
BASIC-02,basic_long_dt_900,159,15.89999999999996,B02_CFV,cav,not_applicable,7029.085854456195,3.5,27.41132194740089,1.742454073387659,lane_1,mainline,,normal,none,commit
BASIC-02,basic_long_dt_900,159,15.89999999999996,B02_TLV_CLV,cav,not_applicable,7068.894097829728,3.5,28.6502003332578,0.9148557232825572,lane_1,mainline,,normal,none,commit
BASIC-02,basic_long_dt_900,160,15.99999999999996,B02_MV,cav,not_applicable,7099.033564467467,-3.5,29.9860148052217,0.005827164490958126,on_ramp,on_ramp_mv,,normal,not_started,commit
BASIC-02,basic_long_dt_900,160,15.99999999999996,B02_CLV,cav,not_applicable,7113.033564467467,3.5,29.9860148052217,0.005827164490958126,lane_1,mainline,,normal,none,commit
BASIC-02,basic_long_dt_900,160,15.99999999999996,B02_CFV,cav,not_applicable,7031.830334002445,3.5,27.444795462496245,0.33473515095353923,lane_1,mainline,,normal,none,commit
BASIC-02,basic_long_dt_900,160,15.99999999999996,B02_TLV_CLV,cav,not_applicable,7071.773875773517,3.5,28.79777943789001,1.4757910463220922,lane_1,mainline,,normal,none,commit
BASIC-02,basic_long_dt_900,161,16.09999999999996,B02_MV,cav,not_applicable,7102.032221888769,-3.5,29.986574213012833,0.005594077911320028,on_ramp,on_ramp_mv,,normal,not_started,commit
BASIC-02,basic_long_dt_900,161,16.09999999999996,B02_CLV,cav,not_applicable,7116.032221888769,3.5,29.986574213012833,0.005594077911320028,lane_1,mainline,,normal,none,commit
BASIC-02,basic_long_dt_900,161,16.09999999999996,B02_CFV,cav,not_applicable,7034.584825018112,3.5,27.54491015666517,1.0011469416892593,lane_1,mainline,,normal,none,commit
BASIC-02,basic_long_dt_900,161,16.09999999999996,B02_TLV_CLV,cav,not_applicable,7074.654819280412,3.5,28.809435068952727,0.11655631062716632,lane_1,mainline,,normal,none,commit
BASIC-02,basic_long_dt_900,162,16.19999999999996,B02_MV,cav,not_applicable,7105.030933013218,-3.5,29.98711124449232,0.005370314794866715,on_ramp,on_ramp_mv,,normal,not_started,commit
BASIC-02,basic_long_dt_900,162,16.19999999999996,B02_CLV,cav,not_applicable,7119.030933013218,3.5,29.98711124449232,0.005370314794866715,lane_1,mainline,,normal,none,commit
BASIC-02,basic_long_dt_900,162,16.19999999999996,B02_CFV,cav,not_applicable,7037.354779963301,3.5,27.699549451894292,1.546392952291212,lane_1,mainline,,normal,none,commit
BASIC-02,basic_long_dt_900,162,16.19999999999996,B02_TLV_CLV,cav,not_applicable,7077.543989157121,3.5,28.89169876709495,0.822636981422227,lane_1,mainline,,normal,none,commit
BASIC-02,basic_long_dt_900,163,16.29999999999996,B02_MV,cav,not_applicable,7108.029695692689,-3.5,29.987626794712625,0.005155502203072615,on_ramp,on_ramp_mv,,normal,not_started,commit
BASIC-02,basic_long_dt_900,163,16.29999999999996,B02_CLV,cav,not_applicable,7122.029695692689,3.5,29.987626794712625,0.005155502203072615,lane_1,mainline,,normal,none,commit
BASIC-02,basic_long_dt_900,163,16.29999999999996,B02_CFV,cav,not_applicable,7040.135302007388,3.5,27.805220440873292,1.0567098897900087,lane_1,mainline,,normal,none,commit
BASIC-02,basic_long_dt_900,163,16.29999999999996,B02_TLV_CLV,cav,not_applicable,7080.447162427316,3.5,29.031732701938587,1.4003393484363675,lane_1,mainline,,normal,none,commit
BASIC-02,basic_long_dt_900,164,16.399999999999963,B02_MV,cav,not_applicable,7111.028507864981,-3.5,29.98812172292412,0.004949282114949938,on_ramp,on_ramp_mv,,normal,not_started,commit
BASIC-02,basic_long_dt_900,164,16.399999999999963,B02_CLV,cav,not_applicable,7125.028507864981,3.5,29.98812172292412,0.004949282114949938,lane_1,mainline,,normal,none,commit
BASIC-02,basic_long_dt_900,164,16.399999999999963,B02_CFV,cav,not_applicable,7042.931742586938,3.5,27.964405795492475,1.5918535461918253,lane_1,mainline,,normal,none,commit
BASIC-02,basic_long_dt_900,164,16.399999999999963,B02_TLV_CLV,cav,not_applicable,7083.350883928542,3.5,29.0372150122652,0.05482310326611883,lane_1,mainline,,normal,none,commit
BASIC-02,basic_long_dt_900,165,16.499999999999964,B02_MV,cav,not_applicable,7114.027367550382,-3.5,29.988596854007156,0.004751310830351941,on_ramp,on_ramp_mv,,normal,not_started,commit
BASIC-02,basic_long_dt_900,165,16.499999999999964,B02_CLV,cav,not_applicable,7128.027367550382,3.5,29.988596854007156,0.004751310830351941,lane_1,mainline,,normal,none,commit
BASIC-02,basic_long_dt_900,165,16.499999999999964,B02_CFV,cav,not_applicable,7045.730298331865,3.5,27.985557449271806,0.21151653779331148,lane_1,mainline,,normal,none,commit
BASIC-02,basic_long_dt_900,165,16.499999999999964,B02_TLV_CLV,cav,not_applicable,7086.262326709704,3.5,29.114427811623337,0.77212799358137,lane_1,mainline,,normal,none,commit
BASIC-02,basic_long_dt_900,166,16.599999999999966,B02_MV,cav,not_applicable,7117.026272848367,-3.5,29.98905297984687,0.004561258397137636,on_ramp,on_ramp_mv,,normal,not_started,commit
BASIC-02,basic_long_dt_900,166,16.599999999999966,B02_CLV,cav,not_applicable,7131.026272848367,3.5,29.98905297984687,0.004561258397137636,lane_1,mainline,,normal,none,commit
BASIC-02,basic_long_dt_900,166,16.599999999999966,B02_CFV,cav,not_applicable,7048.53785739392,3.5,28.075590620545803,0.9003317127399821,lane_1,mainline,,normal,none,commit
BASIC-02,basic_long_dt_900,166,16.599999999999966,B02_TLV_CLV,cav,not_applicable,7089.187359628996,3.5,29.250329192916357,1.3590138129302116,lane_1,mainline,,normal,none,commit
BASIC-02,basic_long_dt_900,167,16.699999999999967,B02_MV,cav,not_applicable,7120.025221934432,-3.5,29.989490860652996,0.004378808061251504,on_ramp,on_ramp_mv,,normal,not_started,commit
BASIC-02,basic_long_dt_900,167,16.699999999999967,B02_CLV,cav,not_applicable,7134.025221934432,3.5,29.989490860652996,0.004378808061251504,lane_1,mainline,,normal,none,commit
BASIC-02,basic_long_dt_900,167,16.699999999999967,B02_CFV,cav,not_applicable,7051.360055533624,3.5,28.22198139704271,1.4639077649690764,lane_1,mainline,,normal,none,commit
BASIC-02,basic_long_dt_900,167,16.699999999999967,B02_TLV_CLV,cav,not_applicable,7092.112602661303,3.5,29.252430323065195,0.02101130148835506,lane_1,mainline,,normal,none,commit
BASIC-02,basic_long_dt_900,168,16.79999999999997,B02_MV,cav,not_applicable,7123.024213057055,-3.5,29.989911226226877,0.004203655738801615,on_ramp,on_ramp_mv,,normal,not_started,commit
BASIC-02,basic_long_dt_900,168,16.79999999999997,B02_CLV,cav,not_applicable,7137.024213057055,3.5,29.989911226226877,0.004203655738801615,lane_1,mainline,,normal,none,commit
BASIC-02,basic_long_dt_900,168,16.79999999999997,B02_CFV,cav,not_applicable,7054.183322009588,3.5,28.23266475963109,0.10683362588378986,lane_1,mainline,,normal,none,commit
BASIC-02,basic_long_dt_900,168,16.79999999999997,B02_TLV_CLV,cav,not_applicable,7095.045290331531,3.5,29.32687670227788,0.744463792126836,lane_1,mainline,,normal,none,commit
BASIC-02,basic_long_dt_900,169,16.89999999999997,B02_MV,cav,not_applicable,7125.963896633248,-3.5,29.396835761923764,0.00403550950924938,on_ramp,on_ramp_mv,,normal,not_started,commit
BASIC-02,basic_long_dt_900,169,16.89999999999997,B02_CLV,cav,not_applicable,7140.023244534773,3.5,29.9903147771778,0.00403550950924938,lane_1,mainline,,normal,none,commit
BASIC-02,basic_long_dt_900,169,16.89999999999997,B02_CFV,cav,not_applicable,7057.014735306127,3.5,28.314132965385216,0.8146820575412826,lane_1,mainline,,normal,none,commit
BASIC-02,basic_long_dt_900,169,16.89999999999997,B02_TLV_CLV,cav,not_applicable,7097.991341796422,3.5,29.46051464890644,1.3363794662855932,lane_1,mainline,,normal,none,commit
BASIC-02,basic_long_dt_900,170,16.99999999999997,B02_MV,cav,not_applicable,7128.833308331187,-3.5,28.694116979392575,0.24126569523049426,on_ramp,on_ramp_mv,,normal,not_started,commit
BASIC-02,basic_long_dt_900,170,16.99999999999997,B02_CLV,cav,not_applicable,7143.022314753382,3.5,29.99070218609069,0.003874089128879632,lane_1,mainline,,normal,none,commit
BASIC-02,basic_long_dt_900,170,16.99999999999997,B02_CFV,cav,not_applicable,7059.860086910408,3.5,28.45351604282041,1.3938307743519585,lane_1,mainline,,normal,none,commit
BASIC-02,basic_long_dt_900,170,16.99999999999997,B02_TLV_CLV,cav,not_applicable,7100.937418184219,3.5,29.46076387796617,0.0024922905973034926,lane_1,mainline,,normal,none,commit
BASIC-02,basic_long_dt_900,171,17.099999999999973,B02_MV,cav,not_applicable,7131.63412797006,-3.5,28.008196388725352,0.5223532082429699,on_ramp,on_ramp_mv,,normal,not_started,commit
BASIC-02,basic_long_dt_900,171,17.099999999999973,B02_CLV,cav,not_applicable,7146.021422163246,3.5,29.99107409864706,0.0037191255637239354,lane_1,mainline,,normal,none,commit
BASIC-02,basic_long_dt_900,171,17.099999999999973,B02_CFV,cav,not_applicable,7062.7150621974215,3.5,28.549752870134608,0.96236827314197,lane_1,mainline,,normal,none,commit
BASIC-02,basic_long_dt_900,171,17.099999999999973,B02_TLV_CLV,cav,not_applicable,7103.890787690756,3.5,29.533695065378677,0.7293118741250665,lane_1,mainline,,normal,none,commit
BASIC-02,basic_long_dt_900,172,17.199999999999974,B02_MV,cav,not_applicable,7134.367995213694,-3.5,27.338672436332075,0.7967214445098592,on_ramp,on_ramp_mv,,normal,not_started,commit
BASIC-02,basic_long_dt_900,172,17.199999999999974,B02_CLV,cav,not_applicable,7149.020565276716,3.5,29.99143113470118,0.0035703605411754324,lane_1,mainline,,normal,none,commit
BASIC-02,basic_long_dt_900,172,17.199999999999974,B02_CFV,cav,not_applicable,7065.585184133943,3.5,28.70121936520986,1.514664950752521,lane_1,mainline,,normal,none,commit
BASIC-02,basic_long_dt_900,172,17.199999999999974,B02_TLV_CLV,cav,not_applicable,7106.8573970217185,3.5,29.66609330962527,1.3239824424659634,lane_1,mainline,,normal,none,commit
BASIC-02,basic_long_dt_900,173,17.299999999999976,B02_MV,cav,not_applicable,7137.036510530453,-3.5,26.685153167589483,1.06453102546717,on_ramp,on_ramp_mv,,normal,not_started,commit
BASIC-02,basic_long_dt_900,173,17.299999999999976,B02_CLV,cav,not_applicable,7152.019742665648,3.5,29.991773889313134,0.003427546119527847,lane_1,mainline,,normal,none,commit
BASIC-02,basic_long_dt_900,173,17.299999999999976,B02_CFV,cav,not_applicable,7068.456789692788,3.5,28.716055588453248,0.1483622324338807,lane_1,mainline,,normal,none,commit
BASIC-02,basic_long_dt_900,173,17.299999999999976,B02_TLV_CLV,cav,not_applicable,7109.823929845392,3.5,29.665328236736123,-0.007650728891484437,lane_1,mainline,,normal,none,commit
BASIC-02,basic_long_dt_900,174,17.399999999999977,B02_MV,cav,not_applicable,7139.641236130191,-3.5,26.047255997381978,1.3259387329642067,on_ramp,on_ramp_mv,,normal,not_started,commit
BASIC-02,basic_long_dt_900,174,17.399999999999977,B02_CLV,cav,not_applicable,7155.018952959022,3.5,29.992102933740608,0.0032904442747465623,lane_1,mainline,,normal,none,commit
BASIC-02,basic_long_dt_900,174,17.399999999999977,B02_CFV,cav,not_applicable,7071.336881851717,3.5,28.80092158928875,0.8486600083549933,lane_1,mainline,,normal,none,commit
BASIC-02,basic_long_dt_900,174,17.399999999999977,B02_TLV_CLV,cav,not_applicable,7112.7976727994655,3.5,29.73742954073591,0.7210130399978764,lane_1,mainline,,normal,none,commit
BASIC-02,basic_long_dt_900,175,17.49999999999998,B02_MV,cav,not_applicable,7142.183696878804,-3.5,25.424607486127414,1.581097601047209,on_ramp,on_ramp_mv,,normal,not_started,commit
BASIC-02,basic_long_dt_900,175,17.49999999999998,B02_CLV,cav,not_applicable,7158.018194840661,3.5,29.992418816390984,0.003158826503756984,lane_1,mainline,,normal,none,commit
BASIC-02,basic_long_dt_900,175,17.49999999999998,B02_CFV,cav,not_applicable,7074.231190319805,3.5,28.94308468088143,1.4216309159268126,lane_1,mainline,,normal,none,commit
BASIC-02,basic_long_dt_900,175,17.49999999999998,B02_TLV_CLV,cav,not_applicable,7115.76640586023,3.5,29.687330607644828,-0.5009893309108284,lane_1,mainline,,normal,none,commit
BASIC-02,basic_long_dt_900,176,17.59999999999998,B02_MV,cav,not_applicable,7144.665381190919,-3.5,24.816843121157028,1.8301570055490346,on_ramp,on_ramp_mv,,normal,not_started,commit
BASIC-02,basic_long_dt_900,176,17.59999999999998,B02_CLV,cav,not_applicable,7161.017467047034,3.5,29.992722063735343,0.0030324734436064206,lane_1,mainline,,normal,none,commit
BASIC-02,basic_long_dt_900,176,17.59999999999998,B02_CFV,cav,not_applicable,7077.12622122266,3.5,28.95030902854817,0.07224347666739206,lane_1,mainline,,normal,none,commit
BASIC-02,basic_long_dt_900,176,17.59999999999998,B02_TLV_CLV,cav,not_applicable,7118.738312644651,3.5,29.71906784420667,0.31737236561841314,lane_1,mainline,,normal,none,commit
BASIC-02,basic_long_dt_900,177,17.69999999999998,B02_MV,cav,not_applicable,7147.087741901251,-3.5,24.223607103321733,2.073262751537189,on_ramp,on_ramp_mv,,normal,not_started,commit
BASIC-02,basic_long_dt_900,177,17.69999999999998,B02_CLV,cav,not_applicable,7164.0167683651525,3.5,29.99301318118593,0.002911174505862846,lane_1,mainline,,normal,none,commit
BASIC-02,basic_long_dt_900,177,17.69999999999998,B02_CFV,cav,not_applicable,7080.0291159357785,3.5,29.02894713118459,0.7863810263642299,lane_1,mainline,,normal,none,commit
BASIC-02,basic_long_dt_900,177,17.69999999999998,B02_TLV_CLV,cav,not_applicable,7121.720088839336,3.5,29.817761946848176,0.9869410264150653,lane_1,mainline,,normal,none,commit
BASIC-02,basic_long_dt_900,178,17.799999999999983,B02_MV,cav,not_applicable,7149.452197115121,-3.5,23.6445521386984,2.310557158671307,on_ramp,on_ramp_mv,,normal,not_started,commit
BASIC-02,basic_long_dt_900,178,17.799999999999983,B02_CLV,cav,not_applicable,7167.016097630546,3.5,29.993292653938493,0.0027947275256281047,lane_1,mainline,,normal,none,commit
BASIC-02,basic_long_dt_900,178,17.799999999999983,B02_CFV,cav,not_applicable,7082.945717402749,3.5,29.1660146697053,1.3706753852070972,lane_1,mainline,,normal,none,commit
BASIC-02,basic_long_dt_900,178,17.799999999999983,B02_TLV_CLV,cav,not_applicable,7124.699030915146,3.5,29.789420758100317,-0.2834118874785829,lane_1,mainline,,normal,none,commit
BASIC-02,basic_long_dt_900,179,17.899999999999984,B02_MV,cav,not_applicable,7151.760131038648,-3.5,23.079339235277086,2.54217914452064,on_ramp,on_ramp_mv,,normal,not_started,commit
BASIC-02,basic_long_dt_900,179,17.899999999999984,B02_CLV,cav,not_applicable,7170.015453725324,3.5,29.993560947780953,0.00268293842460281,lane_1,mainline,,normal,none,commit
BASIC-02,basic_long_dt_900,179,17.899999999999984,B02_CFV,cav,not_applicable,7085.862624395599,3.5,29.169069928494974,0.030552587896715888,lane_1,mainline,,normal,none,commit
BASIC-02,basic_long_dt_900,179,17.899999999999984,B02_TLV_CLV,cav,not_applicable,7127.6829268936945,3.5,29.83895978548843,0.49539027388115947,lane_1,mainline,,normal,none,commit
BASIC-02,basic_long_dt_900,180,17.999999999999986,B02_MV,cav,not_applicable,7154.012894789099,-3.5,22.527637504506433,2.768264305889166,on_ramp,on_ramp_mv,,normal,not_started,commit
BASIC-02,basic_long_dt_900,180,17.999999999999986,B02_CLV,cav,not_applicable,7173.01483557631,3.5,29.993818509869715,0.002575620887618868,lane_1,mainline,,normal,none,commit
BASIC-02,basic_long_dt_900,180,17.999999999999986,B02_CFV,cav,not_applicable,7088.78705409144,3.5,29.244296958413795,0.7522702991882221,lane_1,mainline,,normal,none,commit
BASIC-02,basic_long_dt_900,180,17.999999999999986,B02_TLV_CLV,cav,not_applicable,7130.6677208643605,3.5,29.847939706662366,0.08979921173937072,lane_1,mainline,,normal,none,commit
BASIC-02,basic_long_dt_900,181,18.099999999999987,B02_MV,cav,not_applicable,7156.211807185858,-3.5,21.98912396758437,2.988944998197427,on_ramp,on_ramp_mv,,normal,not_started,commit
BASIC-02,basic_long_dt_900,181,18.099999999999987,B02_CLV,cav,not_applicable,7176.014242153258,3.5,29.994065769474926,0.0024725960521138294,lane_1,mainline,,normal,none,commit
BASIC-02,basic_long_dt_900,181,18.099999999999987,B02_CFV,cav,not_applicable,7091.724911453366,3.5,29.378573619256468,1.3427666084267271,lane_1,mainline,,normal,none,commit
BASIC-02,basic_long_dt_900,181,18.099999999999987,B02_TLV_CLV,cav,not_applicable,7133.660522283123,3.5,29.92801418762286,0.8007448096049397,lane_1,mainline,,normal,none,commit
BASIC-02,basic_long_dt_900,182,18.19999999999999,B02_MV,cav,not_applicable,7158.3581555224955,-3.5,21.463483366379155,3.2043504129662526,on_ramp,on_ramp_mv,,normal,not_started,commit
BASIC-02,basic_long_dt_900,182,18.19999999999999,B02_CLV,cav,not_applicable,7179.013672467127,3.5,29.99430313869593,0.0023736922100297876,lane_1,mainline,,normal,none,commit
BASIC-02,basic_long_dt_900,182,18.19999999999999,B02_CFV,cav,not_applicable,7094.662845996633,3.5,29.3793454326732,0.007718134167322255,lane_1,mainline,,normal,none,commit
BASIC-02,basic_long_dt_900,182,18.19999999999999,B02_TLV_CLV,cav,not_applicable,7136.648966159419,3.5,29.884438762954172,-0.4357542466868676,lane_1,mainline,,normal,none,commit
BASIC-02,basic_long_dt_900,183,18.29999999999999,B02_MV,cav,not_applicable,7160.453196320383,-3.5,20.950407978869784,3.414606653448338,on_ramp,on_ramp_mv,,normal,not_started,commit
BASIC-02,basic_long_dt_900,183,18.29999999999999,B02_CLV,cav,not_applicable,7182.013125568442,3.5,29.99453101314809,0.0022787445216280846,lane_1,mainline,,normal,none,commit
BASIC-02,basic_long_dt_900,183,18.29999999999999,B02_CFV,cav,not_applicable,7097.608116415544,3.5,29.452704189105074,0.7335875643187182,lane_1,mainline,,normal,none,commit
BASIC-02,basic_long_dt_900,183,18.29999999999999,B02_TLV_CLV,cav,not_applicable,7139.641117500969,3.5,29.921513415497973,0.3707465254380175,lane_1,mainline,,normal,none,commit
BASIC-02,basic_long_dt_900,184,18.39999999999999,B02_MV,cav,not_applicable,7162.498156064283,-3.5,20.449597438998293,3.619836808452087,on_ramp,on_ramp_mv,,normal,not_started,commit
BASIC-02,basic_long_dt_900,184,18.39999999999999,B02_CLV,cav,not_applicable,7185.012600545704,3.5,29.994749772622168,0.0021875947407636433,lane_1,mainline,,normal,none,commit
BASIC-02,basic_long_dt_900,184,18.39999999999999,B02_CFV,cav,not_applicable,7100.566661641798,3.5,29.58545226254933,1.3274807344425876,lane_1,mainline,,normal,none,commit
BASIC-02,basic_long_dt_900,184,18.39999999999999,B02_TLV_CLV,cav,not_applicable,7142.635736185222,3.5,29.946186842535592,0.2467342703762015,lane_1,mainline,,normal,none,commit
BASIC-02,basic_long_dt_900,185,18.499999999999993,B02_MV,cav,not_applicable,7164.494231920366,-3.5,19.960758560828985,3.820161024400683,on_ramp,on_ramp_mv,,normal,not_started,commit
BASIC-02,basic_long_dt_900,185,18.499999999999993,B02_CLV,cav,not_applicable,7188.012096523876,3.5,29.99495978171728,0.002100090951132927,lane_1,mainline,,normal,none,commit
BASIC-02,basic_long_dt_900,185,18.499999999999993,B02_CFV,cav,not_applicable,7103.525158983153,3.5,29.58497341354918,-0.004788490001519152,lane_1,mainline,,normal,none,commit
BASIC-02,basic_long_dt_900,185,18.499999999999993,B02_TLV_CLV,cav,not_applicable,7145.639646331688,3.5,30.039101464657282,0.9291462212168922,lane_1,mainline,,normal,none,commit
BASIC-02,basic_long_dt_900,186,18.599999999999994,B02_MV,cav,not_applicable,7166.442592437056,-3.5,19.483605166910618,4.0,on_ramp,on_ramp_mv,,normal,not_started,commit
BASIC-02,basic_long_dt_900,186,18.599999999999994,B02_CLV,cav,not_applicable,7191.011612662921,3.5,29.99516139044859,0.0020160873130876666,lane_1,mainline,,normal,none,commit
BASIC-02,basic_long_dt_900,186,18.599999999999994,B02_CFV,cav,not_applicable,7106.4908898732265,3.5,29.65730890073087,0.7233548718169389,lane_1,mainline,,normal,none,commit
BASIC-02,basic_long_dt_900,186,18.599999999999994,B02_TLV_CLV,cav,not_applicable,7148.640249492691,3.5,30.006031610029574,-0.33069854627708817,lane_1,mainline,,normal,none,commit
BASIC-02,basic_long_dt_900,187,18.699999999999996,B02_MV,cav,not_applicable,7168.344378229131,-3.5,19.01785792074138,4.0,on_ramp,on_ramp_mv,,normal,not_started,commit
BASIC-02,basic_long_dt_900,187,18.699999999999996,B02_CLV,cav,not_applicable,7194.011148156404,3.5,29.995354934830647,0.0019354438205638758,lane_1,mainline,,normal,none,commit
BASIC-02,basic_long_dt_900,187,18.699999999999996,B02_CFV,cav,not_applicable,7109.4529296434375,3.5,29.620397702111344,-0.3691119861952764,lane_1,mainline,,normal,none,commit
BASIC-02,basic_long_dt_900,187,18.699999999999996,B02_TLV_CLV,cav,not_applicable,7151.645419665588,3.5,30.05170172897054,0.45670118940965515,lane_1,mainline,,normal,none,commit
BASIC-02,basic_long_dt_900,188,18.799999999999997,B02_MV,cav,not_applicable,7170.200702645455,-3.5,18.56324416323878,4.0,on_ramp,on_ramp_mv,,normal,not_started,commit
BASIC-02,basic_long_dt_900,188,18.799999999999997,B02_CLV,cav,not_applicable,7197.010702230147,3.5,29.995540737437423,0.0018580260677410366,lane_1,mainline,,normal,none,commit
BASIC-02,basic_long_dt_900,188,18.799999999999997,B02_CFV,cav,not_applicable,7112.419222133762,3.5,29.66292490324082,0.4252720112947739,lane_1,mainline,,normal,none,commit
BASIC-02,basic_long_dt_900,188,18.799999999999997,B02_TLV_CLV,cav,not_applicable,7154.6434173936705,3.5,29.979977280831328,-0.7172444813921003,lane_1,mainline,,normal,none,commit
BASIC-02,basic_long_dt_900,189,18.9,B02_MV,cav,not_applicable,7172.012652420767,-3.5,18.11949775311944,4.0,on_ramp,on_ramp_mv,,normal,not_started,commit
BASIC-02,basic_long_dt_900,189,18.9,B02_CLV,cav,not_applicable,7200.010274140941,3.5,29.995719107939927,0.001783705025030713,lane_1,mainline,,normal,none,commit
BASIC-02,basic_long_dt_900,189,18.9,B02_CFV,cav,not_applicable,7115.396266849632,3.5,29.770447158710393,1.0752225546957241,lane_1,mainline,,normal,none,commit
BASIC-02,basic_long_dt_900,189,18.9,B02_TLV_CLV,cav,not_applicable,7157.642819485088,3.5,29.994020914171973,0.14043633340646344,lane_1,mainline,,normal,none,commit
BASIC-02,basic_long_dt_900,190,19.0,B02_MV,cav,not_applicable,7173.781288311877,-3.5,17.68635891109338,4.0,on_ramp,on_ramp_mv,,normal,not_started,commit
BASIC-02,basic_long_dt_900,190,19.0,B02_CLV,cav,not_applicable,7203.0098631753035,3.5,29.995890343622328,0.0017123568240293707,lane_1,mainline,,normal,none,commit
BASIC-02,basic_long_dt_900,190,19.0,B02_CFV,cav,not_applicable,7118.371199750042,3.5,29.749329004094587,-0.21118154615804385,lane_1,mainline,,normal,none,commit
BASIC-02,basic_long_dt_900,190,19.0,B02_TLV_CLV,cav,not_applicable,7160.650643328324,3.5,30.078238432359775,0.8421751818780155,lane_1,mainline,,normal,none,commit
BASIC-02,basic_long_dt_900,191,19.1,B02_MV,cav,not_applicable,7175.507645718655,-3.5,17.26357406778341,4.0,on_ramp,on_ramp_mv,,normal,not_started,commit
BASIC-02,basic_long_dt_900,191,19.1,B02_CLV,cav,not_applicable,7206.009468648292,3.5,29.996054729877436,0.0016438625510687645,lane_1,mainline,,normal,none,commit
BASIC-02,basic_long_dt_900,191,19.1,B02_CFV,cav,not_applicable,7121.351677528711,3.5,29.804777786681658,0.5544878258706915,lane_1,mainline,,normal,none,commit
BASIC-02,basic_long_dt_900,191,19.1,B02_TLV_CLV,cav,not_applicable,7163.654448604866,3.5,30.03805276542252,-0.4018566693725327,lane_1,mainline,,normal,none,commit
BASIC-02,basic_long_dt_900,192,19.200000000000003,B02_MV,cav,not_applicable,7177.192735290183,-3.5,16.85089571527985,4.0,on_ramp,on_ramp_mv,,normal,not_started,commit
BASIC-02,basic_long_dt_900,192,19.200000000000003,B02_CLV,cav,not_applicable,7209.00908990236,3.5,29.99621254068234,0.0015781080490256728,lane_1,mainline,,normal,none,commit
BASIC-02,basic_long_dt_900,192,19.200000000000003,B02_CFV,cav,not_applicable,7124.334345869184,3.5,29.826683404732382,0.21905618050722445,lane_1,mainline,,normal,none,commit
BASIC-02,basic_long_dt_900,192,19.200000000000003,B02_TLV_CLV,cav,not_applicable,7166.662238690477,3.5,30.077900856110222,0.3984809068770187,lane_1,mainline,,normal,none,commit
BASIC-02,basic_long_dt_900,193,19.300000000000004,B02_MV,cav,not_applicable,7178.837543516407,-3.5,16.448082262243613,4.0,on_ramp,on_ramp_mv,,normal,not_started,commit
BASIC-02,basic_long_dt_900,193,19.300000000000004,B02_CLV,cav,not_applicable,7212.008726306265,3.5,29.996364039055045,0.0015149837270641343,lane_1,mainline,,normal,none,commit
BASIC-02,basic_long_dt_900,193,19.300000000000004,B02_CFV,cav,not_applicable,7127.326079214771,3.5,29.917333455864792,0.9065005113240927,lane_1,mainline,,normal,none,commit
BASIC-02,basic_long_dt_900,193,19.300000000000004,B02_TLV_CLV,cav,not_applicable,7169.662379983508,3.5,30.00141293030925,-0.7648792580097119,lane_1,mainline,,normal,none,commit
BASIC-02,basic_long_dt_900,194,19.400000000000006,B02_MV,cav,not_applicable,7180.443033305654,-3.5,16.054897892473296,4.0,on_ramp,on_ramp_mv,,normal,not_started,commit
BASIC-02,basic_long_dt_900,194,19.400000000000006,B02_CLV,cav,not_applicable,7215.008377254015,3.5,29.996509477492843,0.00145438437798191,lane_1,mainline,,normal,none,commit
BASIC-02,basic_long_dt_900,194,19.400000000000006,B02_CFV,cav,not_applicable,7130.314320291814,3.5,29.882410770427672,-0.3492268543711968,lane_1,mainline,,normal,none,commit
BASIC-02,basic_long_dt_900,194,19.400000000000006,B02_TLV_CLV,cav,not_applicable,7172.663535900791,3.5,30.011559172835728,0.10146242526478122,lane_1,mainline,,normal,none,commit
BASIC-02,basic_long_dt_900,195,19.500000000000007,B02_MV,cav,not_applicable,7182.01014454834,-3.5,15.671112426852783,4.0,on_ramp,on_ramp_mv,,normal,not_started,commit
BASIC-02,basic_long_dt_900,195,19.500000000000007,B02_CLV,cav,not_applicable,7218.008042163854,3.5,29.996649098393128,0.0013962090028627472,lane_1,mainline,,normal,none,commit
BASIC-02,basic_long_dt_900,195,19.500000000000007,B02_CFV,cav,not_applicable,7133.306976785502,3.5,29.92656493688821,0.44154166460538447,lane_1,mainline,,normal,none,commit
BASIC-02,basic_long_dt_900,195,19.500000000000007,B02_TLV_CLV,cav,not_applicable,7175.672794692464,3.5,30.09258791672103,0.8102874388530028,lane_1,mainline,,normal,none,commit
BASIC-02,basic_long_dt_900,196,19.60000000000001,B02_MV,cav,not_applicable,7183.539794667199,-3.5,15.29650118859937,4.0,on_ramp,on_ramp_mv,,normal,not_started,commit
BASIC-02,basic_long_dt_900,196,19.60000000000001,B02_CLV,cav,not_applicable,7221.0077204773,3.5,29.996783134457402,0.0013403606427488059,lane_1,mainline,,normal,none,commit
BASIC-02,basic_long_dt_900,196,19.60000000000001,B02_CFV,cav,not_applicable,7136.301675226491,3.5,29.94698440988773,0.20419472999519517,lane_1,mainline,,normal,none,commit
BASIC-02,basic_long_dt_900,196,19.60000000000001,B02_TLV_CLV,cav,not_applicable,7178.677774017727,3.5,30.049793252627186,-0.42794664093845225,lane_1,mainline,,normal,none,commit
BASIC-02,basic_long_dt_900,197,19.70000000000001,B02_MV,cav,not_applicable,7185.0328791543725,-3.5,14.930844871732836,4.0,on_ramp,on_ramp_mv,,normal,not_started,commit
BASIC-02,basic_long_dt_900,197,19.70000000000001,B02_CLV,cav,not_applicable,7224.007411658207,3.5,29.996911809079105,0.001286746217039081,lane_1,mainline,,normal,none,commit
BASIC-02,basic_long_dt_900,197,19.70000000000001,B02_CFV,cav,not_applicable,7139.305317078907,3.5,30.036418524160062,0.8943411427233415,lane_1,mainline,,normal,none,commit
BASIC-02,basic_long_dt_900,197,19.70000000000001,B02_TLV_CLV,cav,not_applicable,7181.686524688655,3.5,30.087506709277676,0.37713456650490274,lane_1,mainline,,normal,none,commit
BASIC-02,basic_long_dt_900,198,19.80000000000001,B02_MV,cav,not_applicable,7186.490272095642,-3.5,14.573929412688258,4.0,on_ramp,on_ramp_mv,,normal,not_started,commit
BASIC-02,basic_long_dt_900,198,19.80000000000001,B02_CLV,cav,not_applicable,7227.007115191879,3.5,29.99703533671594,0.0012352763683580294,lane_1,mainline,,normal,none,commit
BASIC-02,basic_long_dt_900,198,19.80000000000001,B02_CFV,cav,not_applicable,7142.305367177037,3.5,30.00050098129197,-0.35917542868090235,lane_1,mainline,,normal,none,commit
BASIC-02,basic_long_dt_900,198,19.80000000000001,B02_TLV_CLV,cav,not_applicable,7184.687451915126,3.5,30.009272264718987,-0.7823444455868978,lane_1,mainline,,normal,none,commit
BASIC-02,basic_long_dt_900,199,19.900000000000013,B02_MV,cav,not_applicable,7187.912826682142,-3.5,14.225545864998901,4.0,on_ramp,on_ramp_mv,,normal,not_started,commit
BASIC-02,basic_long_dt_900,199,19.900000000000013,B02_CLV,cav,not_applicable,7230.006830584204,3.5,29.9971539232473,0.0011858653136243903,lane_1,mainline,,normal,none,commit
BASIC-02,basic_long_dt_900,199,19.900000000000013,B02_CFV,cav,not_applicable,7145.309751294386,3.5,30.043841173490808,0.43340192198835265,lane_1,mainline,,normal,none,commit
BASIC-02,basic_long_dt_900,199,19.900000000000013,B02_TLV_CLV,cav,not_applicable,7187.689250868862,3.5,30.017989537352786,0.08717272633799278,lane_1,mainline,,normal,none,commit
BASIC-02,basic_long_dt_900,200,20.000000000000014,B02_MV,cav,not_applicable,7189.301375709839,-3.5,13.885490276973933,4.0,on_ramp,on_ramp_mv,,normal,not_started,commit
BASIC-02,basic_long_dt_900,200,20.000000000000014,B02_CLV,cav,not_applicable,7233.006557360836,3.5,29.997267766317407,0.00113843070108004,lane_1,mainline,,normal,none,commit
BASIC-02,basic_long_dt_900,200,20.000000000000014,B02_CFV,cav,not_applicable,7148.306772336551,3.5,29.97021042165349,-0.736307518373166,lane_1,mainline,,normal,none,commit
BASIC-02,basic_long_dt_900,200,20.000000000000014,B02_TLV_CLV,cav,not_applicable,7190.6990357812665,3.5,30.097849124053166,0.7985958670038122,lane_1,mainline,,normal,none,commit
BASIC-02,basic_long_dt_900,201,20.100000000000016,B02_MV,cav,not_applicable,7190.656732067069,-3.5,13.553563572300531,4.0,on_ramp,on_ramp_mv,,normal,not_started,commit
BASIC-02,basic_long_dt_900,201,20.100000000000016,B02_CLV,cav,not_applicable,7236.006295066402,3.5,29.99737705566471,0.001092893473037293,lane_1,mainline,,normal,none,commit
BASIC-02,basic_long_dt_900,201,20.100000000000016,B02_CFV,cav,not_applicable,7151.305041771748,3.5,29.982694351968412,0.12483930314922786,lane_1,mainline,,normal,none,commit
BASIC-02,basic_long_dt_900,201,20.100000000000016,B02_TLV_CLV,cav,not_applicable,7193.704445568947,3.5,30.054097876808022,-0.4375124724514263,lane_1,mainline,,normal,none,commit
BASIC-02,basic_long_dt_900,202,20.200000000000017,B02_MV,cav,not_applicable,7191.97968921042,-3.5,13.229571433499515,4.0,on_ramp,on_ramp_mv,,normal,not_started,commit
BASIC-02,basic_long_dt_900,202,20.200000000000017,B02_CLV,cav,not_applicable,7239.0060432637465,3.5,29.997481973438124,0.0010491777341158583,lane_1,mainline,,normal,none,commit
BASIC-02,basic_long_dt_900,202,20.200000000000017,B02_CFV,cav,not_applicable,7154.311605346697,3.5,30.065635749498803,0.8294139753039137,lane_1,mainline,,normal,none,commit
BASIC-02,basic_long_dt_900,202,20.200000000000017,B02_TLV_CLV,cav,not_applicable,7196.713548436399,3.5,30.091028674516544,0.3693079770851967,lane_1,mainline,,normal,none,commit
BASIC-02,basic_long_dt_900,203,20.30000000000002,B02_MV,cav,not_applicable,7193.271021629236,-3.5,12.913324188168394,4.0,on_ramp,on_ramp_mv,,normal,not_started,commit
BASIC-02,basic_long_dt_900,203,20.30000000000002,B02_CLV,cav,not_applicable,7242.005801533197,3.5,29.997582694500597,0.0010072106247505986,lane_1,mainline,,normal,none,commit
BASIC-02,basic_long_dt_900,203,20.30000000000002,B02_CFV,cav,not_applicable,7157.3140459450815,3.5,30.02440598384185,-0.4122976565695251,lane_1,mainline,,normal,none,commit
BASIC-02,basic_long_dt_900,203,20.30000000000002,B02_TLV_CLV,cav,not_applicable,7199.714763823663,3.5,30.012153872641697,-0.7887480187484754,lane_1,mainline,,normal,none,commit
BASIC-02,basic_long_dt_900,204,20.40000000000002,B02_MV,cav,not_applicable,7194.5314852990305,-3.5,12.604636697942269,4.0,on_ramp,on_ramp_mv,,normal,not_started,commit
BASIC-02,basic_long_dt_900,204,20.40000000000002,B02_CLV,cav,not_applicable,7245.005569471869,3.5,29.997679386720574,0.0009669221997611999,lane_1,mainline,,normal,none,commit
BASIC-02,basic_long_dt_900,204,20.40000000000002,B02_CFV,cav,not_applicable,7160.320385926276,3.5,30.063399811940705,0.3899382809885704,lane_1,mainline,,normal,none,commit
BASIC-02,basic_long_dt_900,204,20.40000000000002,B02_TLV_CLV,cav,not_applicable,7202.716798545319,3.5,30.020347216562275,0.08193343920579288,lane_1,mainline,,normal,none,commit
BASIC-02,basic_long_dt_900,205,20.50000000000002,B02_MV,cav,not_applicable,7195.761818124041,-3.5,12.303328250109324,4.0,on_ramp,on_ramp_mv,,normal,not_started,commit
BASIC-02,basic_long_dt_900,205,20.50000000000002,B02_CLV,cav,not_applicable,7248.005346692995,3.5,29.99777221125175,0.0009282453117705814,lane_1,mainline,,normal,none,commit
BASIC-02,basic_long_dt_900,205,20.50000000000002,B02_CFV,cav,not_applicable,7163.319007220678,3.5,29.986212944021588,-0.7718686791911695,lane_1,mainline,,normal,none,commit
BASIC-02,basic_long_dt_900,205,20.50000000000002,B02_TLV_CLV,cav,not_applicable,7205.726776358751,3.5,30.099778134315475,0.7943091775320124,lane_1,mainline,,normal,none,commit
BASIC-02,basic_long_dt_900,206,20.600000000000023,B02_MV,cav,not_applicable,7196.962740369223,-3.5,12.009222451818072,4.0,on_ramp,on_ramp_mv,,normal,not_started,commit
BASIC-02,basic_long_dt_900,206,20.600000000000023,B02_CLV,cav,not_applicable,7251.005132825275,3.5,29.99786132280168,0.0008911154993000991,lane_1,mainline,,normal,none,commit
BASIC-02,basic_long_dt_900,206,20.600000000000023,B02_CFV,cav,not_applicable,7166.3185859531595,3.5,29.995787324815037,0.09574380793449777,lane_1,mainline,,normal,none,commit
BASIC-02,basic_long_dt_900,206,20.600000000000023,B02_TLV_CLV,cav,not_applicable,7208.732343974544,3.5,30.05567615793173,-0.44101976383744446,lane_1,mainline,,normal,none,commit
BASIC-02,basic_long_dt_900,207,20.700000000000024,B02_MV,cav,not_applicable,7198.134955081904,-3.5,11.72214712681265,4.0,on_ramp,on_ramp_mv,,normal,not_started,commit
BASIC-02,basic_long_dt_900,207,20.700000000000024,B02_CLV,cav,not_applicable,7254.004927512264,3.5,29.997946869889613,0.0008554708793283794,lane_1,mainline,,normal,none,commit
BASIC-02,basic_long_dt_900,207,20.700000000000024,B02_CFV,cav,not_applicable,7169.326220771342,3.5,30.07634818182786,0.8056085701282255,lane_1,mainline,,normal,none,commit
BASIC-02,basic_long_dt_900,207,20.700000000000024,B02_TLV_CLV,cav,not_applicable,7211.741575974088,3.5,30.09231999543594,0.3664383750420909,lane_1,mainline,,normal,none,commit
BASIC-02,basic_long_dt_900,208,20.800000000000026,B02_MV,cav,not_applicable,7199.279148503368,-3.5,11.441934214636815,4.0,on_ramp,on_ramp_mv,,normal,not_started,commit
BASIC-02,basic_long_dt_900,208,20.800000000000026,B02_CLV,cav,not_applicable,7257.004730411773,3.5,29.998028995094028,0.0008212520441546189,lane_1,mainline,,normal,none,commit
BASIC-02,basic_long_dt_900,208,20.800000000000026,B02_CFV,cav,not_applicable,7172.329537841462,3.5,30.03317070120199,-0.43177480625872455,lane_1,mainline,,normal,none,commit
BASIC-02,basic_long_dt_900,208,20.800000000000026,B02_TLV_CLV,cav,not_applicable,7214.742897014882,3.5,30.013210407939383,-0.7910958749655619,lane_1,mainline,,normal,none,commit
BASIC-02,basic_long_dt_900,209,20.900000000000027,B02_MV,cav,not_applicable,7200.395990470593,-3.5,11.168419672247722,4.0,on_ramp,on_ramp_mv,,normal,not_started,commit
BASIC-02,basic_long_dt_900,209,20.900000000000027,B02_CLV,cav,not_applicable,7260.004541195302,3.5,29.998107835290266,0.0007884019623887184,lane_1,mainline,,normal,none,commit
BASIC-02,basic_long_dt_900,209,20.900000000000027,B02_CFV,cav,not_applicable,7175.336594935895,3.5,30.070570944326274,0.37400243124286175,lane_1,mainline,,normal,none,commit
BASIC-02,basic_long_dt_900,209,20.900000000000027,B02_TLV_CLV,cav,not_applicable,7217.745018180335,3.5,30.021211654533108,0.08001246593726763,lane_1,mainline,,normal,none,commit
BASIC-02,basic_long_dt_900,210,21.00000000000003,B02_MV,cav,not_applicable,7201.4861348083905,-3.5,10.901443377981222,4.0,on_ramp,on_ramp_mv,,normal,not_started,commit
BASIC-02,basic_long_dt_900,210,21.00000000000003,B02_CLV,cav,not_applicable,7263.00435954749,3.5,29.998183521878655,0.0007568658838934539,lane_1,mainline,,normal,none,commit
BASIC-02,basic_long_dt_900,210,21.00000000000003,B02_CFV,cav,not_applicable,7178.33580295931,3.5,29.992080234155235,-0.7849071017103858,lane_1,mainline,,normal,none,commit
BASIC-02,basic_long_dt_900,210,21.00000000000003,B02_TLV_CLV,cav,not_applicable,7220.7541720370655,3.5,30.091538567302013,0.7032691276890413,lane_1,mainline,,normal,none,commit
BASIC-02,basic_long_dt_900,211,21.10000000000003,B02_MV,cav,not_applicable,7202.550219712171,-3.5,10.640849037813222,4.0,on_ramp,on_ramp_mv,,normal,not_started,commit
BASIC-02,basic_long_dt_900,211,21.10000000000003,B02_CLV,cav,not_applicable,7266.004185165591,3.5,29.99825618100351,0.000726591248538,lane_1,mainline,,normal,none,commit
BASIC-02,basic_long_dt_900,211,21.10000000000003,B02_CFV,cav,not_applicable,7181.335861742802,3.5,30.000587834924385,0.08507600769150259,lane_1,mainline,,normal,none,commit
BASIC-02,basic_long_dt_900,211,21.10000000000003,B02_TLV_CLV,cav,not_applicable,7223.758170823022,3.5,30.03998785956748,-0.5155070773453299,lane_1,mainline,,normal,none,commit
BASIC-02,basic_long_dt_900,212,21.20000000000003,B02_MV,cav,not_applicable,7203.588868121557,-3.5,10.38648409386127,4.0,on_ramp,on_ramp_mv,,normal,not_started,commit
BASIC-02,basic_long_dt_900,212,21.20000000000003,B02_CLV,cav,not_applicable,7269.004017758967,3.5,29.99832593376337,0.0006975275985965368,lane_1,mainline,,normal,none,commit
BASIC-02,basic_long_dt_900,212,21.20000000000003,B02_CFV,cav,not_applicable,7184.3438893299935,3.5,30.080275871917326,0.7968803699294112,lane_1,mainline,,normal,none,commit
BASIC-02,basic_long_dt_900,212,21.20000000000003,B02_TLV_CLV,cav,not_applicable,7226.765224551073,3.5,30.070537280511953,0.30549420944473016,lane_1,mainline,,normal,none,commit
BASIC-02,basic_long_dt_900,213,21.300000000000033,B02_MV,cav,not_applicable,7204.602688085065,-3.5,10.138199635073699,4.0,on_ramp,on_ramp_mv,,normal,not_started,commit
BASIC-02,basic_long_dt_900,213,21.300000000000033,B02_CLV,cav,not_applicable,7272.003857048609,3.5,29.998392896412835,0.0006696264946526754,lane_1,mainline,,normal,none,commit
BASIC-02,basic_long_dt_900,213,21.300000000000033,B02_CFV,cav,not_applicable,7187.347527756576,3.5,30.03638426582064,-0.4389160609668453,lane_1,mainline,,normal,none,commit
BASIC-02,basic_long_dt_900,213,21.300000000000033,B02_TLV_CLV,cav,not_applicable,7229.763868686292,3.5,29.986441352193793,-0.8409592831815844,lane_1,mainline,,normal,none,commit
BASIC-02,basic_long_dt_900,214,21.400000000000034,B02_MV,cav,not_applicable,7205.592273116071,-3.5,9.895850310053982,4.0,on_ramp,on_ramp_mv,,normal,not_started,commit
BASIC-02,basic_long_dt_900,214,21.400000000000034,B02_CLV,cav,not_applicable,7275.003702766664,3.5,29.998457180556322,0.0006428414348661704,lane_1,mainline,,normal,none,commit
BASIC-02,basic_long_dt_900,214,21.400000000000034,B02_CFV,cav,not_applicable,7190.354847779023,3.5,30.073200224468806,0.3681595864816721,lane_1,mainline,,normal,none,commit
BASIC-02,basic_long_dt_900,214,21.400000000000034,B02_TLV_CLV,cav,not_applicable,7232.762904972831,3.5,29.99036286538803,0.039215131942340054,lane_1,mainline,,normal,none,commit
BASIC-02,basic_long_dt_900,215,21.500000000000036,B02_MV,cav,not_applicable,7206.558202540267,-3.5,9.659294241968531,4.0,on_ramp,on_ramp_mv,,normal,not_started,commit
BASIC-02,basic_long_dt_900,215,21.500000000000036,B02_CLV,cav,not_applicable,7278.0035546559975,3.5,29.99851889333407,0.0006171277774711826,lane_1,mainline,,normal,none,commit
BASIC-02,basic_long_dt_900,215,21.500000000000036,B02_CFV,cav,not_applicable,7193.354270925359,3.5,29.994231463362762,-0.78968761106045,lane_1,mainline,,normal,none,commit
BASIC-02,basic_long_dt_900,215,21.500000000000036,B02_TLV_CLV,cav,not_applicable,7235.769534837722,3.5,30.066298648910585,0.759357835225551,lane_1,mainline,,normal,none,commit
BASIC-02,basic_long_dt_900,216,21.600000000000037,B02_MV,cav,not_applicable,7207.5010418348165,-3.5,9.428392945489028,4.0,on_ramp,on_ramp_mv,,normal,not_started,commit
BASIC-02,basic_long_dt_900,216,21.600000000000037,B02_CLV,cav,not_applicable,7281.003412469758,3.5,29.998578137600706,0.0005924426663725058,lane_1,mainline,,normal,none,commit
BASIC-02,basic_long_dt_900,216,21.600000000000037,B02_CFV,cav,not_applicable,7196.354505718514,3.5,30.002347931548726,0.08116468185963188,lane_1,mainline,,normal,none,commit
BASIC-02,basic_long_dt_900,216,21.600000000000037,B02_TLV_CLV,cav,not_applicable,7238.771468539447,3.5,30.01933701724722,-0.46961631663364,lane_1,mainline,,normal,none,commit
BASIC-02,basic_long_dt_900,217,21.70000000000004,B02_MV,cav,not_applicable,7208.421342959388,-3.5,9.203011245719047,4.0,on_ramp,on_ramp_mv,,normal,not_started,commit
BASIC-02,basic_long_dt_900,217,21.70000000000004,B02_CLV,cav,not_applicable,7284.0032759709675,3.5,29.998635012096678,0.0005687449597175487,lane_1,mainline,,normal,none,commit
BASIC-02,basic_long_dt_900,217,21.70000000000004,B02_CFV,cav,not_applicable,7199.362677313611,3.5,30.081715950973607,0.7936801942487898,lane_1,mainline,,normal,none,commit
BASIC-02,basic_long_dt_900,217,21.70000000000004,B02_TLV_CLV,cav,not_applicable,7241.776832653126,3.5,30.053641136795378,0.3430411954815673,lane_1,mainline,,normal,none,commit
BASIC-02,basic_long_dt_900,218,21.80000000000004,B02_MV,cav,not_applicable,7209.3196446792945,-3.5,8.983017199060887,4.0,on_ramp,on_ramp_mv,,normal,not_started,commit
BASIC-02,basic_long_dt_900,218,21.80000000000004,B02_CLV,cav,not_applicable,7287.003144932129,3.5,29.99868961161281,0.0005459951613289605,lane_1,mainline,,normal,none,commit
BASIC-02,basic_long_dt_900,218,21.80000000000004,B02_CFV,cav,not_applicable,7202.366433564844,3.5,30.037562512321234,-0.44153438652371746,lane_1,mainline,,normal,none,commit
BASIC-02,basic_long_dt_900,218,21.80000000000004,B02_TLV_CLV,cav,not_applicable,7244.774094376587,3.5,29.972617234607505,-0.8102390218787177,lane_1,mainline,,normal,none,commit
BASIC-02,basic_long_dt_900,219,21.90000000000004,B02_MV,cav,not_applicable,7210.196472880892,-3.5,8.76828201597166,4.0,on_ramp,on_ramp_mv,,normal,not_started,commit
BASIC-02,basic_long_dt_900,219,21.90000000000004,B02_CLV,cav,not_applicable,7290.003019134843,3.5,29.9987420271483,0.0005241553548756883,lane_1,mainline,,normal,none,commit
BASIC-02,basic_long_dt_900,219,21.90000000000004,B02_CFV,cav,not_applicable,7205.373849989277,3.5,30.07416424433293,0.3660173201169585,lane_1,mainline,,normal,none,commit
BASIC-02,basic_long_dt_900,219,21.90000000000004,B02_TLV_CLV,cav,not_applicable,7247.771999598959,3.5,29.97905222372652,0.06434989119014012,lane_1,mainline,,normal,none,commit
BASIC-02,basic_long_dt_900,220,22.000000000000043,B02_MV,cav,not_applicable,7211.052340879449,-3.5,8.558679985567629,4.0,on_ramp,on_ramp_mv,,normal,not_started,commit
BASIC-02,basic_long_dt_900,220,22.000000000000043,B02_CLV,cav,not_applicable,7293.002898369449,3.5,29.998792346062366,0.0005031891406801492,lane_1,mainline,,normal,none,commit
BASIC-02,basic_long_dt_900,220,22.000000000000043,B02_CFV,cav,not_applicable,7208.373352009966,3.5,29.995020206887954,-0.7914403744497611,lane_1,mainline,,normal,none,commit
BASIC-02,basic_long_dt_900,220,22.000000000000043,B02_TLV_CLV,cav,not_applicable,7250.777704047714,3.5,30.057044487551167,0.7799226382464783,lane_1,mainline,,normal,none,commit
BASIC-02,basic_long_dt_900,221,22.100000000000044,B02_MV,cav,not_applicable,7211.887749719652,-3.5,8.354088402029765,4.0,on_ramp,on_ramp_mv,,normal,not_started,commit
BASIC-02,basic_long_dt_900,221,22.100000000000044,B02_CLV,cav,not_applicable,7296.002782434672,3.5,29.998840652219872,0.00048306157505351166,lane_1,mainline,,normal,none,commit
BASIC-02,basic_long_dt_900,221,22.100000000000044,B02_CFV,cav,not_applicable,7211.373651336682,3.5,30.002993267160246,0.07973060272292276,lane_1,mainline,,normal,none,commit
BASIC-02,basic_long_dt_900,221,22.100000000000044,B02_TLV_CLV,cav,not_applicable,7253.778880590782,3.5,30.011765430680423,-0.45279056870742673,lane_1,mainline,,normal,none,commit
BASIC-02,basic_long_dt_900,222,22.200000000000045,B02_MV,cav,not_applicable,7212.703188468929,-3.5,8.15438749276948,4.0,on_ramp,on_ramp_mv,,normal,not_started,commit
BASIC-02,basic_long_dt_900,222,22.200000000000045,B02_CLV,cav,not_applicable,7299.002671137285,3.5,29.998887026131076,0.000463739112051087,lane_1,mainline,,normal,none,commit
BASIC-02,basic_long_dt_900,222,22.200000000000045,B02_CFV,cav,not_applicable,7214.381875731966,3.5,30.082243952837576,0.7925068567733005,lane_1,mainline,,normal,none,commit
BASIC-02,basic_long_dt_900,222,22.200000000000045,B02_TLV_CLV,cav,not_applicable,7256.7836252110155,3.5,30.047446202331635,0.35680771651210547,lane_1,mainline,,normal,none,commit
BASIC-02,basic_long_dt_900,223,22.300000000000047,B02_MV,cav,not_applicable,7213.49913450376,-3.5,7.959460348310375,4.0,on_ramp,on_ramp_mv,,normal,not_started,commit
BASIC-02,basic_long_dt_900,223,22.300000000000047,B02_CLV,cav,not_applicable,7302.0025642917935,3.5,29.99893154508583,0.0004451895475696688,lane_1,mainline,,normal,none,commit
BASIC-02,basic_long_dt_900,223,22.300000000000047,B02_CFV,cav,not_applicable,7217.385675183351,3.5,30.0379945138463,-0.44249438991275414,lane_1,mainline,,normal,none,commit
BASIC-02,basic_long_dt_900,223,22.300000000000047,B02_TLV_CLV,cav,not_applicable,7259.780380076202,3.5,29.967548651864444,-0.7989755046719136,lane_1,mainline,,normal,none,commit
BASIC-02,basic_long_dt_900,224,22.40000000000005,B02_MV,cav,not_applicable,7214.2760537891445,-3.5,7.769192853847094,4.0,on_ramp,on_ramp_mv,,normal,not_started,commit
BASIC-02,basic_long_dt_900,224,22.40000000000005,B02_CLV,cav,not_applicable,7305.002461720122,3.5,29.998974283282397,0.00042738196566745047,lane_1,mainline,,normal,none,commit
BASIC-02,basic_long_dt_900,224,22.40000000000005,B02_CFV,cav,not_applicable,7220.393126953363,3.5,30.074517700126165,0.36523186279865577,lane_1,mainline,,normal,none,commit
BASIC-02,basic_long_dt_900,224,22.40000000000005,B02_TLV_CLV,cav,not_applicable,7262.77787059635,3.5,29.974905201482198,0.07356549617752528,lane_1,mainline,,normal,none,commit
BASIC-02,basic_long_dt_900,225,22.50000000000005,B02_MV,cav,not_applicable,7215.034401151389,-3.5,7.583473622439986,4.0,on_ramp,on_ramp_mv,,normal,not_started,commit
BASIC-02,basic_long_dt_900,225,22.50000000000005,B02_CLV,cav,not_applicable,7308.002363251317,3.5,29.9990153119511,0.00041028668704115037,lane_1,mainline,,normal,none,commit
BASIC-02,basic_long_dt_900,225,22.50000000000005,B02_CFV,cav,not_applicable,7223.392657893162,3.5,29.99530939799151,-0.7920830213465543,lane_1,mainline,,normal,none,commit
BASIC-02,basic_long_dt_900,225,22.50000000000005,B02_TLV_CLV,cav,not_applicable,7265.783235743285,3.5,30.05365146935127,0.7874626786907025,lane_1,mainline,,normal,none,commit
BASIC-02,basic_long_dt_900,226,22.60000000000005,B02_MV,cav,not_applicable,7215.77462054437,-3.5,7.402193929806425,4.0,on_ramp,on_ramp_mv,,normal,not_started,commit
BASIC-02,basic_long_dt_900,226,22.60000000000005,B02_CLV,cav,not_applicable,7311.002268721264,3.5,29.999054699473056,0.0003938752195594475,lane_1,mainline,,normal,none,commit
BASIC-02,basic_long_dt_900,226,22.60000000000005,B02_CFV,cav,not_applicable,7226.392980880969,3.5,30.003229878063156,0.07920480071645564,lane_1,mainline,,normal,none,commit
BASIC-02,basic_long_dt_900,226,22.60000000000005,B02_TLV_CLV,cav,not_applicable,7268.784134675773,3.5,30.00898932488051,-0.446621444707607,lane_1,mainline,,normal,none,commit
BASIC-02,basic_long_dt_900,227,22.700000000000053,B02_MV,cav,not_applicable,7216.497145309437,-3.5,7.225247650671398,4.0,on_ramp,on_ramp_mv,,normal,not_started,commit
BASIC-02,basic_long_dt_900,227,22.700000000000053,B02_CLV,cav,not_applicable,7314.002177972414,3.5,29.999092511494133,0.0003781202107774107,lane_1,mainline,,normal,none,commit
BASIC-02,basic_long_dt_900,227,22.700000000000053,B02_CFV,cav,not_applicable,7229.401224635327,3.5,30.08243754357632,0.7920766551316455,lane_1,mainline,,normal,none,commit
BASIC-02,basic_long_dt_900,227,22.700000000000053,B02_TLV_CLV,cav,not_applicable,7271.788652160078,3.5,30.045174843040797,0.36185518160286706,lane_1,mainline,,normal,none,commit
BASIC-02,basic_long_dt_900,228,22.800000000000054,B02_MV,cav,not_applicable,7217.202398429101,-3.5,7.052531196639323,4.0,on_ramp,on_ramp_mv,,normal,not_started,commit
BASIC-02,basic_long_dt_900,228,22.800000000000054,B02_CLV,cav,not_applicable,7317.002090853517,3.5,29.999128811034367,0.0003629954023466553,lane_1,mainline,,normal,none,commit
BASIC-02,basic_long_dt_900,228,22.800000000000054,B02_CFV,cav,not_applicable,7232.405039925954,3.5,30.03815290626891,-0.44284637307410823,lane_1,mainline,,normal,none,commit
BASIC-02,basic_long_dt_900,228,22.800000000000054,B02_TLV_CLV,cav,not_applicable,7274.785221186777,3.5,29.965690266990123,-0.794845760506745,lane_1,mainline,,normal,none,commit
BASIC-02,basic_long_dt_900,229,22.900000000000055,B02_MV,cav,not_applicable,7217.890792774656,-3.5,6.8839434555503445,4.0,on_ramp,on_ramp_mv,,normal,not_started,commit
BASIC-02,basic_long_dt_900,229,22.900000000000055,B02_CLV,cav,not_applicable,7320.0020072193765,3.5,29.99916365859299,0.00034847558625301646,lane_1,mainline,,normal,none,commit
BASIC-02,basic_long_dt_900,229,22.900000000000055,B02_CFV,cav,not_applicable,7235.412504655346,3.5,30.074647293926482,0.3649438765757297,lane_1,mainline,,normal,none,commit
BASIC-02,basic_long_dt_900,229,22.900000000000055,B02_TLV_CLV,cav,not_applicable,7277.782559657253,3.5,29.973384704766843,0.07694437776720864,lane_1,mainline,,normal,none,commit
BASIC-02,basic_long_dt_900,230,23.000000000000057,B02_MV,cav,not_applicable,7218.562731347884,-3.5,6.719385732288066,4.0,on_ramp,on_ramp_mv,,normal,not_started,commit
BASIC-02,basic_long_dt_900,230,23.000000000000057,B02_CLV,cav,not_applicable,7323.001926930601,3.5,29.99919711224927,0.0003345365628035779,lane_1,mainline,,normal,none,commit
BASIC-02,basic_long_dt_900,230,23.000000000000057,B02_CFV,cav,not_applicable,7238.412046198275,3.5,29.995415429282676,-0.7923186464380393,lane_1,mainline,,normal,none,commit
BASIC-02,basic_long_dt_900,230,23.000000000000057,B02_TLV_CLV,cav,not_applicable,7280.787800399911,3.5,30.05240742658416,0.7902272181731708,lane_1,mainline,,normal,none,commit
BASIC-02,basic_long_dt_900,231,23.10000000000006,B02_MV,cav,not_applicable,7219.218607516985,-3.5,6.5587616910004485,4.0,on_ramp,on_ramp_mv,,normal,not_started,commit
BASIC-02,basic_long_dt_900,231,23.10000000000006,B02_CLV,cav,not_applicable,7326.001849853377,3.5,29.9992292277593,0.00032115510029200327,lane_1,mainline,,normal,none,commit
BASIC-02,basic_long_dt_900,231,23.10000000000006,B02_CFV,cav,not_applicable,7241.412377861368,3.5,30.003316630937746,0.07901201655069523,lane_1,mainline,,normal,none,commit
BASIC-02,basic_long_dt_900,231,23.10000000000006,B02_TLV_CLV,cav,not_applicable,7283.788597547082,3.5,30.00797147170742,-0.4443595487674057,lane_1,mainline,,normal,none,commit
BASIC-02,basic_long_dt_900,232,23.20000000000006,B02_MV,cav,not_applicable,7219.858805246855,-3.5,6.401977298702575,4.0,on_ramp,on_ramp_mv,,normal,not_started,commit
BASIC-02,basic_long_dt_900,232,23.20000000000006,B02_CLV,cav,not_applicable,7329.001775859242,3.5,29.99926005864893,0.000308308896279641,lane_1,mainline,,normal,none,commit
BASIC-02,basic_long_dt_900,232,23.20000000000006,B02_CFV,cav,not_applicable,7244.4206287136885,3.5,30.082508523200985,0.7919189226323871,lane_1,mainline,,normal,none,commit
BASIC-02,basic_long_dt_900,232,23.20000000000006,B02_TLV_CLV,cav,not_applicable,7286.79303175249,3.5,30.044342054080996,0.36370582373575905,lane_1,mainline,,normal,none,commit
BASIC-02,basic_long_dt_900,233,23.30000000000006,B02_MV,cav,not_applicable,7220.483699323878,-3.5,6.248940770228234,4.0,on_ramp,on_ramp_mv,,normal,not_started,commit
BASIC-02,basic_long_dt_900,233,23.30000000000006,B02_CLV,cav,not_applicable,7332.001704824873,3.5,29.99928965630297,0.00029597654042845534,lane_1,mainline,,normal,none,commit
BASIC-02,basic_long_dt_900,233,23.30000000000006,B02_CFV,cav,not_applicable,7247.42444981174,3.5,30.038210980507273,-0.4429754269371379,lane_1,mainline,,normal,none,commit
BASIC-02,basic_long_dt_900,233,23.30000000000006,B02_TLV_CLV,cav,not_applicable,7289.78953264191,3.5,29.965008894204832,-0.7933315987616516,lane_1,mainline,,normal,none,commit
BASIC-02,basic_long_dt_900,234,23.400000000000063,B02_MV,cav,not_applicable,7221.093655575327,-3.5,6.099562514495965,4.0,on_ramp,on_ramp_mv,,normal,not_started,commit
BASIC-02,basic_long_dt_900,234,23.400000000000063,B02_CLV,cav,not_applicable,7335.001636631878,3.5,29.99931807005085,0.00028413747881188555,lane_1,mainline,,normal,none,commit
BASIC-02,basic_long_dt_900,234,23.400000000000063,B02_CFV,cav,not_applicable,7250.4319192926605,3.5,30.074694809212417,0.3648382870514327,lane_1,mainline,,normal,none,commit
BASIC-02,basic_long_dt_900,234,23.400000000000063,B02_TLV_CLV,cav,not_applicable,7292.786815363705,3.5,29.972827217942516,0.07818323737683053,lane_1,mainline,,normal,none,commit
BASIC-02,basic_long_dt_900,235,23.500000000000064,B02_MV,cav,not_applicable,7221.689031083533,-3.5,5.953755082061087,4.0,on_ramp,on_ramp_mv,,normal,not_started,commit
BASIC-02,basic_long_dt_900,235,23.500000000000064,B02_CLV,cav,not_applicable,7338.001571166603,3.5,29.999345347248816,0.00027277197965958067,lane_1,mainline,,normal,none,commit
BASIC-02,basic_long_dt_900,235,23.500000000000064,B02_CFV,cav,not_applicable,7253.431464723203,3.5,29.995454305425717,-0.7924050378670096,lane_1,mainline,,normal,none,commit
BASIC-02,basic_long_dt_900,235,23.500000000000064,B02_TLV_CLV,cav,not_applicable,7295.792010493805,3.5,30.05195130100062,0.7912408305810432,lane_1,mainline,,normal,none,commit
BASIC-02,basic_long_dt_900,236,23.600000000000065,B02_MV,cav,not_applicable,7222.270174394926,-3.5,5.811433113920025,4.0,on_ramp,on_ramp_mv,,normal,not_started,commit
BASIC-02,basic_long_dt_900,236,23.600000000000065,B02_CLV,cav,not_applicable,7341.001508319939,3.5,29.999371533358865,0.00026186110047348165,lane_1,mainline,,normal,none,commit
BASIC-02,basic_long_dt_900,236,23.600000000000065,B02_CFV,cav,not_applicable,7256.431799567073,3.5,30.003348438691145,0.07894133265426495,lane_1,mainline,,normal,none,commit
BASIC-02,basic_long_dt_900,236,23.600000000000065,B02_TLV_CLV,cav,not_applicable,7298.79277032161,3.5,30.00759827804816,-0.44353022952460097,lane_1,mainline,,normal,none,commit
BASIC-02,basic_long_dt_900,237,23.700000000000067,B02_MV,cav,not_applicable,7222.837425724079,-3.5,5.672513291540162,4.0,on_ramp,on_ramp_mv,,normal,not_started,commit
BASIC-02,basic_long_dt_900,237,23.700000000000067,B02_CLV,cav,not_applicable,7344.001447987142,3.5,29.99939667202451,0.0002513866564541445,lane_1,mainline,,normal,none,commit
BASIC-02,basic_long_dt_900,237,23.700000000000067,B02_CFV,cav,not_applicable,7259.440053021845,3.5,30.082534547726492,0.7918610903534895,lane_1,mainline,,normal,none,commit
BASIC-02,basic_long_dt_900,237,23.700000000000067,B02_TLV_CLV,cav,not_applicable,7301.797173992992,3.5,30.04403671381433,0.36438435766169014,lane_1,mainline,,normal,none,commit
BASIC-02,basic_long_dt_900,238,23.800000000000068,B02_MV,cav,not_applicable,7223.391117152888,-3.5,5.536914288082644,4.0,on_ramp,on_ramp_mv,,normal,not_started,commit
BASIC-02,basic_long_dt_900,238,23.800000000000068,B02_CLV,cav,not_applicable,7347.001390067656,3.5,29.99942080514353,0.0002413311901960924,lane_1,mainline,,normal,none,commit
BASIC-02,basic_long_dt_900,238,23.800000000000068,B02_CFV,cav,not_applicable,7262.443876249175,3.5,30.03823227330087,-0.4430227442562358,lane_1,mainline,,normal,none,commit
BASIC-02,basic_long_dt_900,238,23.800000000000068,B02_TLV_CLV,cav,not_applicable,7304.793649900027,3.5,29.964759070350286,-0.7927764346404353,lane_1,mainline,,normal,none,commit
BASIC-02,basic_long_dt_900,239,23.90000000000007,B02_MV,cav,not_applicable,7223.931572824968,-3.5,5.404556720791581,4.0,on_ramp,on_ramp_mv,,normal,not_started,commit
BASIC-02,basic_long_dt_900,239,23.90000000000007,B02_CLV,cav,not_applicable,7350.00133446495,3.5,29.999443972937787,0.0002316779425882487,lane_1,mainline,,normal,none,commit
BASIC-02,basic_long_dt_900,239,23.90000000000007,B02_CFV,cav,not_applicable,7265.451347472234,3.5,30.074712230588997,0.3647995728812617,lane_1,mainline,,normal,none,commit
BASIC-02,basic_long_dt_900,239,23.90000000000007,B02_TLV_CLV,cav,not_applicable,7307.790912181687,3.5,29.97262281660698,0.07863746256691662,lane_1,mainline,,normal,none,commit
BASIC-02,basic_long_dt_900,240,24.00000000000007,B02_MV,cav,not_applicable,7224.45910913542,-3.5,5.275363104522267,4.0,on_ramp,on_ramp_mv,,normal,not_started,commit
BASIC-02,basic_long_dt_900,240,24.00000000000007,B02_CLV,cav,not_applicable,7353.001281086352,3.5,29.999466214020273,0.00022241082488534404,lane_1,mainline,,normal,none,commit
BASIC-02,basic_long_dt_900,240,24.00000000000007,B02_CFV,cav,not_applicable,7268.450894328163,3.5,29.99546855927928,-0.7924367130971495,lane_1,mainline,,normal,none,commit
BASIC-02,basic_long_dt_900,240,24.00000000000007,B02_TLV_CLV,cav,not_applicable,7310.796090588042,3.5,30.05178406354427,0.7916124693729318,lane_1,mainline,,normal,none,commit
BASIC-02,basic_long_dt_900,241,24.100000000000072,B02_MV,cav,not_applicable,7224.9740349160575,-3.5,5.149257806379284,4.0,on_ramp,on_ramp_mv,,normal,not_started,commit
BASIC-02,basic_long_dt_900,241,24.100000000000072,B02_CLV,cav,not_applicable,7356.001229842897,3.5,29.99948756545946,0.0002135143918906124,lane_1,mainline,,normal,none,commit
BASIC-02,basic_long_dt_900,241,24.100000000000072,B02_CFV,cav,not_applicable,7271.451230338256,3.5,30.00336010093497,0.07891541655687773,lane_1,mainline,,normal,none,commit
BASIC-02,basic_long_dt_900,241,24.100000000000072,B02_TLV_CLV,cav,not_applicable,7313.796836732782,3.5,30.007461447402058,-0.44322616142214666,lane_1,mainline,,normal,none,commit
BASIC-02,basic_long_dt_900,242,24.200000000000074,B02_MV,cav,not_applicable,7225.476651616202,-3.5,5.026167001438832,4.0,on_ramp,on_ramp_mv,,normal,not_started,commit
BASIC-02,basic_long_dt_900,242,24.200000000000074,B02_CLV,cav,not_applicable,7359.001180649181,3.5,29.999508062841084,0.00020497381621567003,lane_1,mainline,,normal,none,commit
BASIC-02,basic_long_dt_900,242,24.200000000000074,B02_CFV,cav,not_applicable,7274.459484747213,3.5,30.08254408956235,0.7918398862738091,lane_1,mainline,,normal,none,commit
BASIC-02,basic_long_dt_900,242,24.200000000000074,B02_TLV_CLV,cav,not_applicable,7316.801229208929,3.5,30.04392476146752,0.36463314065460734,lane_1,mainline,,normal,none,commit
BASIC-02,basic_long_dt_900,243,24.300000000000075,B02_MV,cav,not_applicable,7225.967253479154,-3.5,4.906018629530502,4.0,on_ramp,on_ramp_mv,,normal,not_started,commit
BASIC-02,basic_long_dt_900,243,24.300000000000075,B02_CLV,cav,not_applicable,7362.001133423214,3.5,29.99952774032744,0.00019677486356641796,lane_1,mainline,,normal,none,commit
BASIC-02,basic_long_dt_900,243,24.300000000000075,B02_CFV,cav,not_applicable,7277.463308755238,3.5,30.03824008025748,-0.4430400930487016,lane_1,mainline,,normal,none,commit
BASIC-02,basic_long_dt_900,243,24.300000000000075,B02_TLV_CLV,cav,not_applicable,7319.797695956227,3.5,29.964667472975623,-0.7925728849189575,lane_1,mainline,,normal,none,commit
BASIC-02,basic_long_dt_900,244,24.400000000000077,B02_MV,cav,not_applicable,7226.446127714459,-3.5,4.788742353051752,4.0,on_ramp,on_ramp_mv,,normal,not_started,commit
BASIC-02,basic_long_dt_900,244,24.400000000000077,B02_CLV,cav,not_applicable,7365.001088086286,3.5,29.99954663071434,0.00018890386902370437,lane_1,mainline,,normal,none,commit
BASIC-02,basic_long_dt_900,244,24.400000000000077,B02_CFV,cav,not_applicable,7280.470780617048,3.5,30.074718618098952,0.3647853784146987,lane_1,mainline,,normal,none,commit
BASIC-02,basic_long_dt_900,244,24.400000000000077,B02_TLV_CLV,cav,not_applicable,7322.794950743557,3.5,29.972547873300435,0.07880400324812575,lane_1,mainline,,normal,none,commit
BASIC-02,basic_long_dt_900,245,24.500000000000078,B02_MV,cav,not_applicable,7226.913554666038,-3.5,4.6742695157898595,4.0,on_ramp,on_ramp_mv,,normal,not_started,commit
BASIC-02,basic_long_dt_900,245,24.500000000000078,B02_CLV,cav,not_applicable,7368.001044562834,3.5,29.99956476548577,0.00018134771426332464,lane_1,mainline,,normal,none,commit
BASIC-02,basic_long_dt_900,245,24.500000000000078,B02_CFV,cav,not_applicable,7283.47032799559,3.5,29.99547378542379,-0.79244832675161,lane_1,mainline,,normal,none,commit
BASIC-02,basic_long_dt_900,245,24.500000000000078,B02_TLV_CLV,cav,not_applicable,7325.800123018186,3.5,30.051722746293464,0.7917487299302848,lane_1,mainline,,normal,none,commit
BASIC-02,basic_long_dt_900,246,24.60000000000008,B02_MV,cav,not_applicable,7227.369807976311,-3.5,4.562533102729623,4.0,on_ramp,on_ramp_mv,,normal,not_started,commit
BASIC-02,basic_long_dt_900,246,24.60000000000008,B02_CLV,cav,not_applicable,7371.001002780321,3.5,29.999582174866337,0.00017409380569262113,lane_1,mainline,,normal,none,commit
BASIC-02,basic_long_dt_900,246,24.60000000000008,B02_CFV,cav,not_applicable,7286.470664433277,3.5,30.003364376871385,0.07890591447595552,lane_1,mainline,,normal,none,commit
BASIC-02,basic_long_dt_900,246,24.60000000000008,B02_TLV_CLV,cav,not_applicable,7328.80086414606,3.5,30.007411278742307,-0.4431146755115851,lane_1,mainline,,normal,none,commit
BASIC-02,basic_long_dt_900,247,24.70000000000008,B02_MV,cav,not_applicable,7227.815154746393,-3.5,4.453467700821359,4.0,on_ramp,on_ramp_mv,,normal,not_started,commit
BASIC-02,basic_long_dt_900,247,24.70000000000008,B02_CLV,cav,not_applicable,7374.000962669108,3.5,29.999598887871684,0.0001671300534653142,lane_1,mainline,,normal,none,commit
BASIC-02,basic_long_dt_900,247,24.70000000000008,B02_CFV,cav,not_applicable,7289.478919192083,3.5,30.08254758805578,0.7918321118439636,lane_1,mainline,,normal,none,commit
BASIC-02,basic_long_dt_900,247,24.70000000000008,B02_TLV_CLV,cav,not_applicable,7331.805252517498,3.5,30.043883714382268,0.3647243563996122,lane_1,mainline,,normal,none,commit
BASIC-02,basic_long_dt_900,248,24.800000000000082,B02_MV,cav,not_applicable,7228.249855692462,-3.5,4.347009460685947,4.0,on_ramp,on_ramp_mv,,normal,not_started,commit
BASIC-02,basic_long_dt_900,248,24.800000000000082,B02_CLV,cav,not_applicable,7377.000924162344,3.5,29.999614932356817,0.00016044485132624687,lane_1,mainline,,normal,none,commit
BASIC-02,basic_long_dt_900,248,24.800000000000082,B02_CFV,cav,not_applicable,7292.482743486349,3.5,30.038242942661196,-0.44304645394584796,lane_1,mainline,,normal,none,commit
BASIC-02,basic_long_dt_900,248,24.800000000000082,B02_TLV_CLV,cav,not_applicable,7334.8017159063975,3.5,29.964633888996783,-0.7924982538548626,lane_1,mainline,,normal,none,commit
BASIC-02,basic_long_dt_900,249,24.900000000000084,B02_MV,cav,not_applicable,7228.674165298386,-3.5,4.243096059236689,4.0,on_ramp,on_ramp_mv,,normal,not_started,commit
BASIC-02,basic_long_dt_900,249,24.900000000000084,B02_CLV,cav,not_applicable,7380.00088719585,3.5,29.999630335062545,0.00015402705727325384,lane_1,mainline,,normal,none,commit
BASIC-02,basic_long_dt_900,249,24.900000000000084,B02_CFV,cav,not_applicable,7295.490215582356,3.5,30.074720960065626,0.36478017404430624,lane_1,mainline,,normal,none,commit
BASIC-02,basic_long_dt_900,249,24.900000000000084,B02_TLV_CLV,cav,not_applicable,7337.798967945948,3.5,29.97252039549957,0.07886506502783974,lane_1,mainline,,normal,none,commit
BASIC-02,basic_long_dt_900,250,25.000000000000085,B02_MV,cav,not_applicable,7229.088331964705,-3.5,4.141666663193641,4.0,on_ramp,on_ramp_mv,,normal,not_started,commit
BASIC-02,basic_long_dt_900,250,25.000000000000085,B02_CLV,cav,not_applicable,7383.000851708016,3.5,29.99964512166004,0.00014786597498215315,lane_1,mainline,,normal,none,commit
BASIC-02,basic_long_dt_900,250,25.000000000000085,B02_CFV,cav,not_applicable,7298.489763152514,3.5,29.995475701578343,-0.7924525848728403,lane_1,mainline,,normal,none,commit
BASIC-02,basic_long_dt_900,250,25.000000000000085,B02_TLV_CLV,cav,not_applicable,7340.804137972394,3.5,30.051700264456393,0.7917986895682325,lane_1,mainline,,normal,none,commit
BASIC-02,basic_long_dt_900,251,25.100000000000087,B02_MV,cav,not_applicable,7229.492598154052,-3.5,4.04266189347021,4.0,on_ramp,on_ramp_mv,,normal,not_started,commit
BASIC-02,basic_long_dt_900,251,25.100000000000087,B02_CLV,cav,not_applicable,7386.000817639695,3.5,29.99965931679364,0.0001419513359834923,lane_1,mainline,,normal,none,commit
BASIC-02,basic_long_dt_900,251,25.100000000000087,B02_CFV,cav,not_applicable,7301.490099746977,3.5,30.0033659446342,0.07890243055858526,lane_1,mainline,,normal,none,commit
BASIC-02,basic_long_dt_900,251,25.100000000000087,B02_TLV_CLV,cav,not_applicable,7343.8048772608445,3.5,30.007392884511976,-0.44307379944417336,lane_1,mainline,,normal,none,commit
BASIC-02,basic_long_dt_900,252,25.200000000000088,B02_MV,cav,not_applicable,7229.887200533093,-3.5,3.946023790411323,4.0,on_ramp,on_ramp_mv,,normal,not_started,commit
BASIC-02,basic_long_dt_900,252,25.200000000000088,B02_CLV,cav,not_applicable,7389.000784934107,3.5,29.999672944121894,0.0001362732825441526,lane_1,mainline,,normal,none,commit
BASIC-02,basic_long_dt_900,252,25.200000000000088,B02_CFV,cav,not_applicable,7304.498354634054,3.5,30.08254887077081,0.7918292613661152,lane_1,mainline,,normal,none,commit
BASIC-02,basic_long_dt_900,252,25.200000000000088,B02_TLV_CLV,cav,not_applicable,7346.809264127301,3.5,30.043868664557454,0.3647578004547673,lane_1,mainline,,normal,none,commit
BASIC-02,basic_long_dt_900,253,25.30000000000009,B02_MV,cav,not_applicable,7230.27237011108,-3.5,3.851695779863004,4.0,on_ramp,on_ramp_mv,,normal,not_started,commit
BASIC-02,basic_long_dt_900,253,25.30000000000009,B02_CLV,cav,not_applicable,7392.000753536743,3.5,29.99968602635702,0.00013082235124244336,lane_1,mainline,,normal,none,commit
BASIC-02,basic_long_dt_900,253,25.30000000000009,B02_CFV,cav,not_applicable,7307.502179033269,3.5,30.038243992155312,-0.44304878615499665,lane_1,mainline,,normal,none,commit
BASIC-02,basic_long_dt_900,253,25.30000000000009,B02_TLV_CLV,cav,not_applicable,7349.805726284851,3.5,29.964621575503752,-0.7924708905370086,lane_1,mainline,,normal,none,commit
BASIC-02,basic_long_dt_900,254,25.40000000000009,B02_MV,cav,not_applicable,7230.648332375085,-3.5,3.7596226400520014,4.0,on_ramp,on_ramp_mv,,normal,not_started,commit
BASIC-02,basic_long_dt_900,254,25.40000000000009,B02_CLV,cav,not_applicable,7395.000723395274,3.5,29.99969858530274,0.00012558945719263193,lane_1,mainline,,normal,none,commit
BASIC-02,basic_long_dt_900,254,25.40000000000009,B02_CFV,cav,not_applicable,7310.509651215144,3.5,30.07472181874263,0.3647782658731846,lane_1,mainline,,normal,none,commit
BASIC-02,basic_long_dt_900,254,25.40000000000009,B02_TLV_CLV,cav,not_applicable,7352.802977316933,3.5,29.972510320823453,0.07888745319699308,lane_1,mainline,,normal,none,commit
BASIC-02,basic_long_dt_900,255,25.500000000000092,B02_MV,cav,not_applicable,7231.015307422012,-3.5,3.669750469258109,4.0,on_ramp,on_ramp_mv,,normal,not_started,commit
BASIC-02,basic_long_dt_900,255,25.500000000000092,B02_CLV,cav,not_applicable,7398.0006944594625,3.5,29.99971064189063,0.00012056587890469929,lane_1,mainline,,normal,none,commit
BASIC-02,basic_long_dt_900,255,25.500000000000092,B02_CFV,cav,not_applicable,7313.509198855557,3.5,29.995476404132255,-0.792454146103758,lane_1,mainline,,normal,none,commit
BASIC-02,basic_long_dt_900,255,25.500000000000092,B02_TLV_CLV,cav,not_applicable,7355.808146519087,3.5,30.05169202153957,0.7918170071611762,lane_1,mainline,,normal,none,commit
BASIC-02,basic_long_dt_900,256,25.600000000000094,B02_MV,cav,not_applicable,7231.373510087437,-3.5,3.5820266542585038,4.0,on_ramp,on_ramp_mv,,normal,not_started,commit
BASIC-02,basic_long_dt_900,256,25.600000000000094,B02_CLV,cav,not_applicable,7401.000666681084,3.5,29.999722216215005,0.00011574324374805656,lane_1,mainline,,normal,none,commit
BASIC-02,basic_long_dt_900,256,25.600000000000094,B02_CFV,cav,not_applicable,7316.509535507502,3.5,30.00336651945104,0.07890115318783442,lane_1,mainline,,normal,none,commit
BASIC-02,basic_long_dt_900,256,25.600000000000094,B02_TLV_CLV,cav,not_applicable,7358.808885133118,3.5,30.0073861403073,-0.44305881232267397,lane_1,mainline,,normal,none,commit
BASIC-02,basic_long_dt_900,257,25.700000000000095,B02_MV,cav,not_applicable,7231.72315007139,-3.5,3.4963998395271583,4.0,on_ramp,on_ramp_mv,,normal,not_started,commit
BASIC-02,basic_long_dt_900,257,25.700000000000095,B02_CLV,cav,not_applicable,7404.000640013841,3.5,29.999733327566403,0.00011111351399790693,lane_1,mainline,,normal,none,commit
BASIC-02,basic_long_dt_900,257,25.700000000000095,B02_CFV,cav,not_applicable,7319.51779044161,3.5,30.0825493410755,0.7918282162445918,lane_1,mainline,,normal,none,commit
BASIC-02,basic_long_dt_900,257,25.700000000000095,B02_TLV_CLV,cav,not_applicable,7361.813271447775,3.5,30.04386314657181,0.364770062645085,lane_1,mainline,,normal,none,commit
BASIC-02,basic_long_dt_900,258,25.800000000000097,B02_MV,cav,not_applicable,7232.064432061106,-3.5,3.41281989716975,4.0,on_ramp,on_ramp_mv,,normal,not_started,commit
BASIC-02,basic_long_dt_900,258,25.800000000000097,B02_CLV,cav,not_applicable,7407.000614413288,3.5,29.999743994463746,0.00010666897343867277,lane_1,mainline,,normal,none,commit
BASIC-02,basic_long_dt_900,258,25.800000000000097,B02_CFV,cav,not_applicable,7322.521614879304,3.5,30.038244376950058,-0.4430496412544249,lane_1,mainline,,normal,none,commit
BASIC-02,basic_long_dt_900,258,25.800000000000097,B02_TLV_CLV,cav,not_applicable,7364.809733153854,3.5,29.964617060788225,-0.7924608578358394,lane_1,mainline,,normal,none,commit
BASIC-02,basic_long_dt_900,259,25.900000000000098,B02_MV,cav,not_applicable,7232.397555850864,-3.5,3.3312378975777657,4.0,on_ramp,on_ramp_mv,,normal,not_started,commit
BASIC-02,basic_long_dt_900,259,25.900000000000098,B02_CLV,cav,not_applicable,7410.000589836756,3.5,29.999754234685195,0.00010240221450175113,lane_1,mainline,,normal,none,commit
BASIC-02,basic_long_dt_900,259,25.900000000000098,B02_CFV,cav,not_applicable,7325.529087092662,3.5,30.074722133574696,0.36477756624637964,lane_1,mainline,,normal,none,commit
BASIC-02,basic_long_dt_900,259,25.900000000000098,B02_TLV_CLV,cav,not_applicable,7367.80698381655,3.5,29.97250662696529,0.07889566177067686,lane_1,mainline,,normal,none,commit
BASIC-02,basic_long_dt_900,260,26.0000000000001,B02_MV,cav,not_applicable,7232.722716458942,-3.5,3.2516060807841924,4.0,on_ramp,on_ramp_mv,,normal,not_started,commit
BASIC-02,basic_long_dt_900,260,26.0000000000001,B02_CLV,cav,not_applicable,7413.000566243286,3.5,29.999764065297786,9.830612592196531e-05,lane_1,mainline,,normal,none,commit
BASIC-02,basic_long_dt_900,260,26.0000000000001,B02_CFV,cav,not_applicable,7328.528634758834,3.5,29.995476661722126,-0.7924547185256894,lane_1,mainline,,normal,none,commit
BASIC-02,basic_long_dt_900,260,26.0000000000001,B02_TLV_CLV,cav,not_applicable,7370.812152716479,3.5,30.051688999291983,0.7918237232669174,lane_1,mainline,,normal,none,commit
BASIC-02,basic_long_dt_900,261,26.1000000000001,B02_MV,cav,not_applicable,7233.0401042417925,-3.5,3.1738778285033997,4.0,on_ramp,on_ramp_mv,,normal,not_started,commit
BASIC-02,basic_long_dt_900,261,26.1000000000001,B02_CLV,cav,not_applicable,7416.0005435935545,3.5,29.999773502685873,9.437388088571197e-05,lane_1,mainline,,normal,none,commit
BASIC-02,basic_long_dt_900,261,26.1000000000001,B02_CFV,cav,not_applicable,7331.528971431855,3.5,30.003366730206388,0.07890068484261781,lane_1,mainline,,normal,none,commit
BASIC-02,basic_long_dt_900,261,26.1000000000001,B02_TLV_CLV,cav,not_applicable,7373.812891083236,3.5,30.007383667559274,-0.44305331732706754,lane_1,mainline,,normal,none,commit
BASIC-02,basic_long_dt_900,262,26.200000000000102,B02_MV,cav,not_applicable,7233.349905005476,-3.5,3.0980076368402103,4.0,on_ramp,on_ramp_mv,,normal,not_started,commit
BASIC-02,basic_long_dt_900,262,26.200000000000102,B02_CLV,cav,not_applicable,7419.000521849813,3.5,29.99978256257844,9.059892565090878e-05,lane_1,mainline,,normal,none,commit
BASIC-02,basic_long_dt_900,262,26.200000000000102,B02_CFV,cav,not_applicable,7334.537226383206,3.5,30.082549513511694,0.7918278330530509,lane_1,mainline,,normal,none,commit
BASIC-02,basic_long_dt_900,262,26.200000000000102,B02_TLV_CLV,cav,not_applicable,7376.817277195577,3.5,30.04386112341433,0.36477455855058116,lane_1,mainline,,normal,none,commit
BASIC-02,basic_long_dt_900,263,26.300000000000104,B02_MV,cav,not_applicable,7233.6523001144415,-3.5,3.023951089650555,4.0,on_ramp,on_ramp_mv,,normal,not_started,commit
BASIC-02,basic_long_dt_900,263,26.300000000000104,B02_CLV,cav,not_applicable,7422.000500975821,3.5,29.999791260075302,8.697496862453136e-05,lane_1,mainline,,normal,none,commit
BASIC-02,basic_long_dt_900,263,26.300000000000104,B02_CFV,cav,not_applicable,7337.54105083501,3.5,30.038244518034215,-0.4430499547747765,lane_1,mainline,,normal,none,commit
BASIC-02,basic_long_dt_900,263,26.300000000000104,B02_TLV_CLV,cav,not_applicable,7379.813738736125,3.5,29.96461540547756,-0.7924571793677062,lane_1,mainline,,normal,none,commit
BASIC-02,basic_long_dt_900,264,26.400000000000105,B02_MV,cav,not_applicable,7233.947466597695,-3.5,2.9516648325389174,4.0,on_ramp,on_ramp_mv,,normal,not_started,commit
BASIC-02,basic_long_dt_900,264,26.400000000000105,B02_CLV,cav,not_applicable,7425.000480936787,3.5,29.99979960967229,8.349596987926589e-05,lane_1,mainline,,normal,none,commit
BASIC-02,basic_long_dt_900,264,26.400000000000105,B02_CFV,cav,not_applicable,7340.548523059911,3.5,30.074722249007188,0.3647773097297284,lane_1,mainline,,normal,none,commit
BASIC-02,basic_long_dt_900,264,26.400000000000105,B02_TLV_CLV,cav,not_applicable,7382.810989263387,3.5,29.9725052726202,0.07889867142642226,lane_1,mainline,,normal,none,commit
BASIC-02,basic_long_dt_900,265,26.500000000000107,B02_MV,cav,not_applicable,7234.235577252442,-3.5,2.881106547478671,4.0,on_ramp,on_ramp_mv,,normal,not_started,commit
BASIC-02,basic_long_dt_900,265,26.500000000000107,B02_CLV,cav,not_applicable,7428.000461699316,3.5,29.9998076252854,8.015613108369735e-05,lane_1,mainline,,normal,none,commit
BASIC-02,basic_long_dt_900,265,26.500000000000107,B02_CFV,cav,not_applicable,7343.548070735527,3.5,29.995476756166894,-0.7924549284029494,lane_1,mainline,,normal,none,commit
BASIC-02,basic_long_dt_900,265,26.500000000000107,B02_TLV_CLV,cav,not_applicable,7385.816158052506,3.5,30.051687891191452,0.7918261857125273,lane_1,mainline,,normal,none,commit
BASIC-02,basic_long_dt_900,266,26.600000000000108,B02_MV,cav,not_applicable,7234.516800745246,-3.5,2.812234928037023,4.0,on_ramp,on_ramp_mv,,normal,not_started,commit
BASIC-02,basic_long_dt_900,266,26.600000000000108,B02_CLV,cav,not_applicable,7431.000443231343,3.5,29.99981532027398,7.694988584034946e-05,lane_1,mainline,,normal,none,commit
BASIC-02,basic_long_dt_900,266,26.600000000000108,B02_CFV,cav,not_applicable,7346.548407416275,3.5,30.00336680747938,0.07890051312485968,lane_1,mainline,,normal,none,commit
BASIC-02,basic_long_dt_900,266,26.600000000000108,B02_TLV_CLV,cav,not_applicable,7388.816896328599,3.5,30.00738276093157,-0.4430513025988413,lane_1,mainline,,normal,none,commit
BASIC-02,basic_long_dt_900,267,26.70000000000011,B02_MV,cav,not_applicable,7234.791301710765,-3.5,2.7450096551939347,4.0,on_ramp,on_ramp_mv,,normal,not_started,commit
BASIC-02,basic_long_dt_900,267,26.70000000000011,B02_CLV,cav,not_applicable,7434.000425502089,3.5,29.99982270746302,7.38718904074176e-05,lane_1,mainline,,normal,none,commit
BASIC-02,basic_long_dt_900,267,26.70000000000011,B02_CFV,cav,not_applicable,7349.556662373949,3.5,30.08254957673505,0.7918276925567034,lane_1,mainline,,normal,none,commit
BASIC-02,basic_long_dt_900,267,26.70000000000011,B02_TLV_CLV,cav,not_applicable,7391.821282366762,3.5,30.04386038162803,0.36477620696458446,lane_1,mainline,,normal,none,commit
BASIC-02,basic_long_dt_900,268,26.80000000000011,B02_MV,cav,not_applicable,7235.059240848139,-3.5,2.679391373738264,4.0,on_ramp,on_ramp_mv,,normal,not_started,commit
BASIC-02,basic_long_dt_900,268,26.80000000000011,B02_CLV,cav,not_applicable,7437.000408482005,3.5,29.9998297991645,7.09170147914051e-05,lane_1,mainline,,normal,none,commit
BASIC-02,basic_long_dt_900,268,26.80000000000011,B02_CFV,cav,not_applicable,7352.560486830925,3.5,30.03824456976242,-0.44305006972633354,lane_1,mainline,,normal,none,commit
BASIC-02,basic_long_dt_900,268,26.80000000000011,B02_TLV_CLV,cav,not_applicable,7394.817743846618,3.5,29.964614798561495,-0.79245583066534,lane_1,mainline,,normal,none,commit
BASIC-02,basic_long_dt_900,269,26.900000000000112,B02_MV,cav,not_applicable,7235.320775015061,-3.5,2.615341669228304,4.0,on_ramp,on_ramp_mv,,normal,not_started,commit
BASIC-02,basic_long_dt_900,269,26.900000000000112,B02_CLV,cav,not_applicable,7440.000392142724,3.5,29.99983660719792,6.808033419929416e-05,lane_1,mainline,,normal,none,commit
BASIC-02,basic_long_dt_900,269,26.900000000000112,B02_CFV,cav,not_applicable,7355.567959060058,3.5,30.074722291330264,0.36477721567845445,lane_1,mainline,,normal,none,commit
BASIC-02,basic_long_dt_900,269,26.900000000000112,B02_TLV_CLV,cav,not_applicable,7397.814994324223,3.5,29.972504776052514,0.07889977491017641,lane_1,mainline,,normal,none,commit
BASIC-02,basic_long_dt_900,270,27.000000000000114,B02_MV,cav,not_applicable,7235.576057319612,-3.5,2.5528230455034615,4.0,on_ramp,on_ramp_mv,,normal,not_started,commit
BASIC-02,basic_long_dt_900,270,27.000000000000114,B02_CLV,cav,not_applicable,7443.000376457016,3.5,29.999843142910002,6.535712083177714e-05,lane_1,mainline,,normal,none,commit
BASIC-02,basic_long_dt_900,270,27.000000000000114,B02_CFV,cav,not_applicable,7358.567506739137,3.5,29.995476790794864,-0.7924550053539918,lane_1,mainline,,normal,none,commit
BASIC-02,basic_long_dt_900,270,27.000000000000114,B02_TLV_CLV,cav,not_applicable,7400.820163072714,3.5,30.0516874849088,0.7918270885628717,lane_1,mainline,,normal,none,commit
BASIC-02,basic_long_dt_900,271,27.100000000000115,B02_MV,cav,not_applicable,7235.825237209885,-3.5,2.491798902732288,4.0,on_ramp,on_ramp_mv,,normal,not_started,commit
BASIC-02,basic_long_dt_900,271,27.100000000000115,B02_CLV,cav,not_applicable,7446.000361398735,3.5,29.9998494171936,6.27428359990745e-05,lane_1,mainline,,normal,none,commit
BASIC-02,basic_long_dt_900,271,27.100000000000115,B02_CFV,cav,not_applicable,7361.5678434227175,3.5,30.003366835811356,0.07890045016491587,lane_1,mainline,,normal,none,commit
BASIC-02,basic_long_dt_900,271,27.100000000000115,B02_TLV_CLV,cav,not_applicable,7403.8209013155665,3.5,30.00738242851849,-0.44305056390310493,lane_1,mainline,,normal,none,commit
BASIC-02,basic_long_dt_900,272,27.200000000000117,B02_MV,cav,not_applicable,7236.068460561483,-3.5,2.4322335159872934,4.0,on_ramp,on_ramp_mv,,normal,not_started,commit
BASIC-02,basic_long_dt_900,272,27.200000000000117,B02_CLV,cav,not_applicable,7449.000346942786,3.5,29.999855440505858,6.023312255933888e-05,lane_1,mainline,,normal,none,commit
BASIC-02,basic_long_dt_900,272,27.200000000000117,B02_CFV,cav,not_applicable,7364.5760983827095,3.5,30.082549599915758,0.7918276410440221,lane_1,mainline,,normal,none,commit
BASIC-02,basic_long_dt_900,272,27.200000000000117,B02_TLV_CLV,cav,not_applicable,7406.825287326532,3.5,30.04386010965369,0.3647768113520051,lane_1,mainline,,normal,none,commit
BASIC-02,basic_long_dt_900,273,27.300000000000118,B02_MV,cav,not_applicable,7236.305869762917,-3.5,2.374092014329592,4.0,on_ramp,on_ramp_mv,,normal,not_started,commit
BASIC-02,basic_long_dt_900,273,27.300000000000118,B02_CLV,cav,not_applicable,7452.000333065074,3.5,29.999861222885624,5.7823797656908486e-05,lane_1,mainline,,normal,none,commit
BASIC-02,basic_long_dt_900,273,27.300000000000118,B02_CFV,cav,not_applicable,7367.579922841583,3.5,30.03824458872845,-0.44305011187307275,lane_1,mainline,,normal,none,commit
BASIC-02,basic_long_dt_900,273,27.300000000000118,B02_TLV_CLV,cav,not_applicable,7409.821748784136,3.5,29.964614576037036,-0.7924553361665412,lane_1,mainline,,normal,none,commit
BASIC-02,basic_long_dt_900,274,27.40000000000012,B02_MV,cav,not_applicable,7236.537603798956,-3.5,2.317340360395114,4.0,on_ramp,on_ramp_mv,,normal,not_started,commit
BASIC-02,basic_long_dt_900,274,27.40000000000012,B02_CLV,cav,not_applicable,7455.000319742471,3.5,29.999866773970197,5.551084575046162e-05,lane_1,mainline,,normal,none,commit
BASIC-02,basic_long_dt_900,274,27.40000000000012,B02_CFV,cav,not_applicable,7370.587395072267,3.5,30.074722306847924,0.3647771811947587,lane_1,mainline,,normal,none,commit
BASIC-02,basic_long_dt_900,274,27.40000000000012,B02_TLV_CLV,cav,not_applicable,7412.818999243535,3.5,29.972504593987047,0.07890017950010275,lane_1,mainline,,normal,none,commit
BASIC-02,basic_long_dt_900,275,27.50000000000012,B02_MV,cav,not_applicable,7236.763798332003,-3.5,2.2619453304689032,4.0,on_ramp,on_ramp_mv,,normal,not_started,commit
BASIC-02,basic_long_dt_900,275,27.50000000000012,B02_CLV,cav,not_applicable,7458.000306952772,3.5,29.999872103011388,5.3290411921125275e-05,lane_1,mainline,,normal,none,commit
BASIC-02,basic_long_dt_900,275,27.50000000000012,B02_CFV,cav,not_applicable,7373.586942752616,3.5,29.995476803491133,-0.7924550335679246,lane_1,mainline,,normal,none,commit
BASIC-02,basic_long_dt_900,275,27.50000000000012,B02_TLV_CLV,cav,not_applicable,7415.824167977129,3.5,30.051687335946145,0.7918274195909931,lane_1,mainline,,normal,none,commit
BASIC-02,basic_long_dt_900,276,27.600000000000122,B02_MV,cav,not_applicable,7236.984585781506,-3.5,2.2078744950344587,4.0,on_ramp,on_ramp_mv,,normal,not_started,commit
BASIC-02,basic_long_dt_900,276,27.600000000000122,B02_CLV,cav,not_applicable,7461.000294674661,3.5,29.999877218890934,5.115879544490554e-05,lane_1,mainline,,normal,none,commit
BASIC-02,basic_long_dt_900,276,27.600000000000122,B02_CFV,cav,not_applicable,7376.587279437235,3.5,30.003366846199214,0.07890042708078904,lane_1,mainline,,normal,none,commit
BASIC-02,basic_long_dt_900,276,27.600000000000122,B02_TLV_CLV,cav,not_applicable,7418.824906207793,3.5,30.007382306639954,-0.4430502930619147,lane_1,mainline,,normal,none,commit
BASIC-02,basic_long_dt_900,277,27.700000000000124,B02_MV,cav,not_applicable,7237.200095401485,-3.5,2.1550961997887703,4.0,on_ramp,on_ramp_mv,,normal,not_started,commit
BASIC-02,basic_long_dt_900,277,27.700000000000124,B02_CLV,cav,not_applicable,7464.000282887674,3.5,29.999882130135298,4.9112443626597724e-05,lane_1,mainline,,normal,none,commit
BASIC-02,basic_long_dt_900,277,27.700000000000124,B02_CFV,cav,not_applicable,7379.595534398077,3.5,30.082549608414915,0.7918276221570092,lane_1,mainline,,normal,none,commit
BASIC-02,basic_long_dt_900,277,27.700000000000124,B02_TLV_CLV,cav,not_applicable,7421.829292208787,3.5,30.04386000993489,0.3647770329493426,lane_1,mainline,,normal,none,commit
BASIC-02,basic_long_dt_900,278,27.800000000000125,B02_MV,cav,not_applicable,7237.410453356196,-3.5,2.1035795471117416,4.0,on_ramp,on_ramp_mv,,normal,not_started,commit
BASIC-02,basic_long_dt_900,278,27.800000000000125,B02_CLV,cav,not_applicable,7467.000271572167,3.5,29.999886844929886,4.7147945880965385e-05,lane_1,mainline,,normal,none,commit
BASIC-02,basic_long_dt_900,278,27.800000000000125,B02_CFV,cav,not_applicable,7382.599358857645,3.5,30.038244595682308,-0.4430501273260834,lane_1,mainline,,normal,none,commit
BASIC-02,basic_long_dt_900,278,27.800000000000125,B02_TLV_CLV,cav,not_applicable,7424.825753658231,3.5,29.964614494448927,-0.7924551548596287,lane_1,mainline,,normal,none,commit
BASIC-02,basic_long_dt_900,279,27.900000000000126,B02_MV,cav,not_applicable,7237.615782793993,-3.5,2.0532943779773936,4.0,on_ramp,on_ramp_mv,,normal,not_started,commit
BASIC-02,basic_long_dt_900,279,27.900000000000126,B02_CLV,cav,not_applicable,7470.00026070928,3.5,29.99989137113269,4.5262028045556235e-05,lane_1,mainline,,normal,none,commit
BASIC-02,basic_long_dt_900,279,27.900000000000126,B02_CFV,cav,not_applicable,7385.606831088899,3.5,30.074722312537446,0.36477716855138637,lane_1,mainline,,normal,none,commit
BASIC-02,basic_long_dt_900,279,27.900000000000126,B02_TLV_CLV,cav,not_applicable,7427.823004110955,3.5,29.972504527233138,0.07890032784212209,lane_1,mainline,,normal,none,commit
BASIC-02,basic_long_dt_900,280,28.000000000000128,B02_MV,cav,not_applicable,7237.816203919423,-3.5,2.004211254298583,4.0,on_ramp,on_ramp_mv,,normal,not_started,commit
BASIC-02,basic_long_dt_900,280,28.000000000000128,B02_CLV,cav,not_applicable,7473.000250280909,3.5,29.999895716287384,4.345154692373399e-05,lane_1,mainline,,normal,none,commit
BASIC-02,basic_long_dt_900,280,28.000000000000128,B02_CFV,cav,not_applicable,7388.606378769713,3.5,29.995476808146197,-0.792455043912502,lane_1,mainline,,normal,none,commit
BASIC-02,basic_long_dt_900,280,28.000000000000128,B02_TLV_CLV,cav,not_applicable,7430.8281728390875,3.5,30.05168728132931,0.7918275409617362,lane_1,mainline,,normal,none,commit
BASIC-02,basic_long_dt_900,281,28.10000000000013,B02_MV,cav,not_applicable,7238.011834063593,-3.5,1.9563014416928477,4.0,on_ramp,on_ramp_mv,,normal,not_started,commit
BASIC-02,basic_long_dt_900,281,28.10000000000013,B02_CLV,cav,not_applicable,7476.000240269673,3.5,29.999899887635888,4.171348504655725e-05,lane_1,mainline,,normal,none,commit
BASIC-02,basic_long_dt_900,281,28.10000000000013,B02_CFV,cav,not_applicable,7391.606715454714,3.5,30.0033668500079,0.07890041861704389,lane_1,mainline,,normal,none,commit
BASIC-02,basic_long_dt_900,281,28.10000000000013,B02_TLV_CLV,cav,not_applicable,7433.828911065283,3.5,30.007382261953452,-0.44305019375857946,lane_1,mainline,,normal,none,commit
BASIC-02,basic_long_dt_900,282,28.20000000000013,B02_MV,cav,not_applicable,7238.202787752859,-3.5,1.9095368926608975,4.0,on_ramp,on_ramp_mv,,normal,not_started,commit
BASIC-02,basic_long_dt_900,282,28.20000000000013,B02_CLV,cav,not_applicable,7479.000230658886,3.5,29.99990389213045,4.0044945644979184e-05,lane_1,mainline,,normal,none,commit
BASIC-02,basic_long_dt_900,282,28.20000000000013,B02_CFV,cav,not_applicable,7394.614970415867,3.5,30.082549611531114,0.7918276152321269,lane_1,mainline,,normal,none,commit
BASIC-02,basic_long_dt_900,282,28.20000000000013,B02_TLV_CLV,cav,not_applicable,7436.833297062621,3.5,30.043859973373205,0.36477711419752595,lane_1,mainline,,normal,none,commit
BASIC-02,basic_long_dt_900,283,28.300000000000132,B02_MV,cav,not_applicable,7238.389176775876,-3.5,1.863890230167096,4.0,on_ramp,on_ramp_mv,,normal,not_started,commit
BASIC-02,basic_long_dt_900,283,28.300000000000132,B02_CLV,cav,not_applicable,7482.00022143253,3.5,29.999907736445234,3.844314781957792e-05,lane_1,mainline,,normal,none,commit
BASIC-02,basic_long_dt_900,283,28.300000000000132,B02_CFV,cav,not_applicable,7397.618794875691,3.5,30.038244598231923,-0.4430501329918962,lane_1,mainline,,normal,none,commit
BASIC-02,basic_long_dt_900,283,28.300000000000132,B02_TLV_CLV,cav,not_applicable,7439.829758509074,3.5,29.964614464534822,-0.7924550883838424,lane_1,mainline,,normal,none,commit
BASIC-02,basic_long_dt_900,284,28.400000000000134,B02_MV,cav,not_applicable,7238.571110249037,-3.5,1.819334731611935,4.0,on_ramp,on_ramp_mv,,normal,not_started,commit
BASIC-02,basic_long_dt_900,284,28.400000000000134,B02_CLV,cav,not_applicable,7485.000212575229,3.5,29.999911426987424,3.69054219063969e-05,lane_1,mainline,,normal,none,commit
BASIC-02,basic_long_dt_900,284,28.400000000000134,B02_CFV,cav,not_applicable,7400.626267107153,3.5,30.074722314623497,0.36477716391572135,lane_1,mainline,,normal,none,commit
BASIC-02,basic_long_dt_900,284,28.400000000000134,B02_TLV_CLV,cav,not_applicable,7442.82700895935,3.5,29.972504502757964,0.07890038223140172,lane_1,mainline,,normal,none,commit
BASIC-02,basic_long_dt_900,285,28.500000000000135,B02_MV,cav,not_applicable,7238.748694680356,-3.5,1.7758443131884571,4.0,on_ramp,on_ramp_mv,,normal,not_started,commit
BASIC-02,basic_long_dt_900,285,28.500000000000135,B02_CLV,cav,not_applicable,7488.00020407222,3.5,29.999914969907927,3.54292050303684e-05,lane_1,mainline,,normal,none,commit
BASIC-02,basic_long_dt_900,285,28.500000000000135,B02_CFV,cav,not_applicable,7403.625814788138,3.5,29.995476809852963,-0.7924550477053188,lane_1,mainline,,normal,none,commit
BASIC-02,basic_long_dt_900,285,28.500000000000135,B02_TLV_CLV,cav,not_applicable,7445.83217768548,3.5,30.05168726130417,0.791827585462056,lane_1,mainline,,normal,none,commit
BASIC-02,basic_long_dt_900,286,28.600000000000136,B02_MV,cav,not_applicable,7238.922034031817,-3.5,1.7333935146115373,4.0,on_ramp,on_ramp_mv,,normal,not_started,commit
BASIC-02,basic_long_dt_900,286,28.600000000000136,B02_CLV,cav,not_applicable,7491.0001959093315,3.5,29.999918371111608,3.401203682926734e-05,lane_1,mainline,,normal,none,commit
BASIC-02,basic_long_dt_900,286,28.600000000000136,B02_CFV,cav,not_applicable,7406.626151473279,3.5,30.003366851404348,0.07890041551383009,lane_1,mainline,,normal,none,commit
BASIC-02,basic_long_dt_900,286,28.600000000000136,B02_TLV_CLV,cav,not_applicable,7448.832915910037,3.5,30.007382245569246,-0.4430501573492269,lane_1,mainline,,normal,none,commit
BASIC-02,basic_long_dt_900,287,28.700000000000138,B02_MV,cav,not_applicable,7239.091229780239,-3.5,1.691957484213502,4.0,on_ramp,on_ramp_mv,,normal,not_started,commit
BASIC-02,basic_long_dt_900,287,28.700000000000138,B02_CLV,cav,not_applicable,7494.000188072958,3.5,29.999921636267143,3.265155535672193e-05,lane_1,mainline,,normal,none,commit
BASIC-02,basic_long_dt_900,287,28.700000000000138,B02_CFV,cav,not_applicable,7409.6335985007445,3.5,30.074470274660975,0.7110342325662842,lane_1,mainline,,normal,none,commit
BASIC-02,basic_long_dt_900,287,28.700000000000138,B02_TLV_CLV,cav,not_applicable,7451.837301906034,3.5,30.043859959967946,0.3647771439869962,lane_1,mainline,,normal,none,commit
BASIC-02,basic_long_dt_900,288,28.80000000000014,B02_MV,cav,not_applicable,7239.256380976678,-3.5,1.6515119643952128,4.0,on_ramp,on_ramp_mv,,normal,not_started,commit
BASIC-02,basic_long_dt_900,288,28.80000000000014,B02_CLV,cav,not_applicable,7497.00018055004,3.5,29.999924770816456,3.134549314296464e-05,lane_1,mainline,,normal,none,commit
BASIC-02,basic_long_dt_900,288,28.80000000000014,B02_CFV,cav,not_applicable,7412.635953990113,3.5,30.023554893689123,-0.5091538097184948,lane_1,mainline,,normal,none,commit
BASIC-02,basic_long_dt_900,288,28.80000000000014,B02_TLV_CLV,cav,not_applicable,7454.83376335139,3.5,29.96461445356688,-0.7924550640106394,lane_1,mainline,,normal,none,commit
BASIC-02,basic_long_dt_900,289,28.90000000000014,B02_MV,cav,not_applicable,7239.41758430442,-3.5,1.6120332774252295,4.0,on_ramp,on_ramp_mv,,normal,not_started,commit
BASIC-02,basic_long_dt_900,289,28.90000000000014,B02_CLV,cav,not_applicable,7500.000173328038,3.5,29.999927779983796,3.009167341758712e-05,lane_1,mainline,,normal,none,commit
BASIC-02,basic_long_dt_900,289,28.90000000000014,B02_CFV,cav,not_applicable,7415.641416402857,3.5,30.05462412743943,0.31069233750304975,lane_1,mainline,,normal,none,commit
BASIC-02,basic_long_dt_900,289,28.90000000000014,B02_TLV_CLV,cav,not_applicable,7457.831013800768,3.5,29.972504493784193,0.07890040217311334,lane_1,mainline,,normal,none,commit
BASIC-02,basic_long_dt_900,290,29.000000000000142,B02_MV,cav,not_applicable,7239.574934135579,-3.5,1.5734983115776946,4.0,on_ramp,on_ramp_mv,,normal,not_started,commit
BASIC-02,basic_long_dt_900,290,29.000000000000142,B02_CLV,cav,not_applicable,7503.000166394916,3.5,29.999930668784444,2.888800648150891e-05,lane_1,mainline,,normal,none,commit
BASIC-02,basic_long_dt_900,290,29.000000000000142,B02_CFV,cav,not_applicable,7418.638511752908,3.5,29.97095350050786,-0.8367062693156865,lane_1,mainline,,normal,none,commit
BASIC-02,basic_long_dt_900,290,29.000000000000142,B02_TLV_CLV,cav,not_applicable,7460.8361825261645,3.5,30.051687253961994,0.7918276017780018,lane_1,mainline,,normal,none,commit
BASIC-02,basic_long_dt_900,291,29.100000000000144,B02_MV,cav,not_applicable,7239.728522586339,-3.5,1.535884507602858,4.0,on_ramp,on_ramp_mv,,normal,not_started,commit
BASIC-02,basic_long_dt_900,291,29.100000000000144,B02_CLV,cav,not_applicable,7506.000159739119,3.5,29.999933442033065,2.773248622247593e-05,lane_1,mainline,,normal,none,commit
BASIC-02,basic_long_dt_900,291,29.100000000000144,B02_CFV,cav,not_applicable,7421.636034051664,3.5,29.97522298756385,0.04269487055989296,lane_1,mainline,,normal,none,commit
BASIC-02,basic_long_dt_900,291,29.100000000000144,B02_TLV_CLV,cav,not_applicable,7463.836920750121,3.5,30.007382239562013,-0.4430501439998167,lane_1,mainline,,normal,none,commit
BASIC-02,basic_long_dt_900,292,29.200000000000145,B02_MV,cav,not_applicable,7239.878439570891,-3.5,1.4991698455204576,4.0,on_ramp,on_ramp_mv,,normal,not_started,commit
BASIC-02,basic_long_dt_900,292,29.200000000000145,B02_CLV,cav,not_applicable,7509.000153349554,3.5,29.999936104351743,2.6623186774088484e-05,lane_1,mainline,,normal,none,commit
BASIC-02,basic_long_dt_900,292,29.200000000000145,B02_CFV,cav,not_applicable,7424.641178399362,3.5,30.051443476973297,0.7622048940944579,lane_1,mainline,,normal,none,commit
BASIC-02,basic_long_dt_900,292,29.200000000000145,B02_TLV_CLV,cav,not_applicable,7466.841306745626,3.5,30.043859955052937,0.36477715490924095,lane_1,mainline,,normal,none,commit
BASIC-02,basic_long_dt_900,293,29.300000000000146,B02_MV,cav,not_applicable,7240.0247728540635,-3.5,1.4633328317281276,4.0,on_ramp,on_ramp_mv,,normal,not_started,commit
BASIC-02,basic_long_dt_900,293,29.300000000000146,B02_CLV,cav,not_applicable,7512.000147215572,3.5,29.999938660177673,2.5558259302727038e-05,lane_1,mainline,,normal,none,commit
BASIC-02,basic_long_dt_900,293,29.300000000000146,B02_CFV,cav,not_applicable,7427.641649878011,3.5,30.004714786490116,-0.4672869048318071,lane_1,mainline,,normal,none,commit
BASIC-02,basic_long_dt_900,293,29.300000000000146,B02_TLV_CLV,cav,not_applicable,7469.83776819058,3.5,29.96461444954551,-0.7924550550742573,lane_1,mainline,,normal,none,commit
BASIC-02,basic_long_dt_900,294,29.400000000000148,B02_MV,cav,not_applicable,7240.167608102705,-3.5,1.4283524864189638,4.0,on_ramp,on_ramp_mv,,normal,not_started,commit
BASIC-02,basic_long_dt_900,294,29.400000000000148,B02_CLV,cav,not_applicable,7515.000141326949,3.5,29.999941113770564,2.4535928930902175e-05,lane_1,mainline,,normal,none,commit
BASIC-02,basic_long_dt_900,294,29.400000000000148,B02_CFV,cav,not_applicable,7430.645570827439,3.5,30.039209494276605,0.34494707786488515,lane_1,mainline,,normal,none,commit
BASIC-02,basic_long_dt_900,294,29.400000000000148,B02_TLV_CLV,cav,not_applicable,7472.83501863963,3.5,29.972504490493982,0.07890040948469867,lane_1,mainline,,normal,none,commit
BASIC-02,basic_long_dt_900,295,29.50000000000015,B02_MV,cav,not_applicable,7240.307028935836,-3.5,1.3942083312993356,4.0,on_ramp,on_ramp_mv,,normal,not_started,commit
BASIC-02,basic_long_dt_900,295,29.50000000000015,B02_CLV,cav,not_applicable,7518.000135673871,3.5,29.99994346921974,2.3554491774291365e-05,lane_1,mainline,,normal,none,commit
BASIC-02,basic_long_dt_900,295,29.50000000000015,B02_CFV,cav,not_applicable,7433.641404980231,3.5,29.958341527920094,-0.8086796635650939,lane_1,mainline,,normal,none,commit
BASIC-02,basic_long_dt_900,295,29.50000000000015,B02_TLV_CLV,cav,not_applicable,7475.840187364757,3.5,30.051687251270003,0.791827607760208,lane_1,mainline,,normal,none,commit
BASIC-02,basic_long_dt_900,296,29.60000000000015,B02_MV,cav,not_applicable,7240.443116973595,-3.5,1.3608803776004175,4.0,on_ramp,on_ramp_mv,,normal,not_started,commit
BASIC-02,basic_long_dt_900,296,29.60000000000015,B02_CLV,cav,not_applicable,7521.000130246916,3.5,29.99994573045095,2.26123121038313e-05,lane_1,mainline,,normal,none,commit
BASIC-02,basic_long_dt_900,296,29.60000000000015,B02_CFV,cav,not_applicable,7436.63789539032,3.5,29.964904100901133,0.06562572981037773,lane_1,mainline,,normal,none,commit
BASIC-02,basic_long_dt_900,296,29.60000000000015,B02_TLV_CLV,cav,not_applicable,7478.8409255884935,3.5,30.007382237359476,-0.44305013910528435,lane_1,mainline,,normal,none,commit
BASIC-02,basic_long_dt_900,297,29.700000000000152,B02_MV,cav,not_applicable,7240.575951885033,-3.5,1.328349114376705,4.0,on_ramp,on_ramp_mv,,normal,not_started,commit
BASIC-02,basic_long_dt_900,297,29.700000000000152,B02_CLV,cav,not_applicable,7524.00012503704,3.5,29.99994790123291,2.1707819620075952e-05,lane_1,mainline,,normal,none,commit
BASIC-02,basic_long_dt_900,297,29.700000000000152,B02_CFV,cav,not_applicable,7439.6421954654725,3.5,30.043000751521983,0.7809665062084908,lane_1,mainline,,normal,none,commit
BASIC-02,basic_long_dt_900,297,29.700000000000152,B02_TLV_CLV,cav,not_applicable,7481.845311583818,3.5,30.043859953250863,0.3647771589138583,lane_1,mainline,,normal,none,commit
BASIC-02,basic_long_dt_900,298,29.800000000000153,B02_MV,cav,not_applicable,7240.705611434741,-3.5,1.2965954970830325,4.0,on_ramp,on_ramp_mv,,normal,not_started,commit
BASIC-02,basic_long_dt_900,298,29.800000000000153,B02_CLV,cav,not_applicable,7527.000120035558,3.5,29.999949985183594,2.0839506835557134e-05,lane_1,mainline,,normal,none,commit
BASIC-02,basic_long_dt_900,298,29.800000000000153,B02_CFV,cav,not_applicable,7442.641976175675,3.5,29.997807102029952,-0.4519364949203256,lane_1,mainline,,normal,none,commit
BASIC-02,basic_long_dt_900,298,29.800000000000153,B02_TLV_CLV,cav,not_applicable,7484.8417730286255,3.5,29.96461444807109,-0.7924550517977522,lane_1,mainline,,normal,none,commit
BASIC-02,basic_long_dt_900,299,29.900000000000155,B02_MV,cav,not_applicable,7240.832171528383,-3.5,1.2656009364261809,4.0,on_ramp,on_ramp_mv,,normal,not_started,commit
BASIC-02,basic_long_dt_900,299,29.900000000000155,B02_CLV,cav,not_applicable,7530.000115234136,3.5,29.99995198577625,2.000592656230538e-05,lane_1,mainline,,normal,none,commit
BASIC-02,basic_long_dt_900,299,29.900000000000155,B02_CFV,cav,not_applicable,7445.64533195092,3.5,30.033557752445564,0.35750650415609725,lane_1,mainline,,normal,none,commit
BASIC-02,basic_long_dt_900,299,29.900000000000155,B02_TLV_CLV,cav,not_applicable,7487.839023477554,3.5,29.972504489287637,0.0789004121654755,lane_1,mainline,,normal,none,commit
BASIC-02,basic_long_dt_900,300,30.000000000000156,B02_MV,cav,not_applicable,7240.955706257131,-3.5,1.2353472874819453,4.0,on_ramp,on_ramp_mv,,normal,not_started,commit
BASIC-02,basic_long_dt_900,300,30.000000000000156,B02_CLV,cav,not_applicable,7533.00011062477,3.5,29.999953906345198,1.920568950026791e-05,lane_1,mainline,,normal,none,commit
BASIC-02,basic_long_dt_900,300,30.000000000000156,B02_CFV,cav,not_applicable,7448.640703688471,3.5,29.95371737551288,-0.7984037693268294,lane_1,mainline,,normal,none,commit
BASIC-02,basic_long_dt_900,300,30.000000000000156,B02_TLV_CLV,cav,not_applicable,7490.844192202582,3.5,30.051687250282995,0.7918276099535708,lane_1,mainline,,normal,none,commit
BASIC-02,basic_long_dt_900,301,30.100000000000158,B02_MV,cav,not_applicable,7241.076287941039,-3.5,1.2058168390726594,4.0,on_ramp,on_ramp_mv,,normal,not_started,commit
BASIC-02,basic_long_dt_900,301,30.100000000000158,B02_CLV,cav,not_applicable,7536.000106199779,3.5,29.999955750091388,1.8437461920939314e-05,lane_1,mainline,,normal,none,commit
BASIC-02,basic_long_dt_900,301,30.100000000000158,B02_CFV,cav,not_applicable,7451.636815758819,3.5,29.96112070347705,0.07403327964168505,lane_1,mainline,,normal,none,commit
BASIC-02,basic_long_dt_900,301,30.100000000000158,B02_TLV_CLV,cav,not_applicable,7493.844930426238,3.5,30.007382236551923,-0.44305013731071474,lane_1,mainline,,normal,none,commit
BASIC-02,basic_long_dt_900,302,30.20000000000016,B02_MV,cav,not_applicable,7241.1939871713785,-3.5,1.1769923033990903,4.0,on_ramp,on_ramp_mv,,normal,not_started,commit
BASIC-02,basic_long_dt_900,302,30.20000000000016,B02_CLV,cav,not_applicable,7539.000101951788,3.5,29.999957520087733,1.7699963444783864e-05,lane_1,mainline,,normal,none,commit
BASIC-02,basic_long_dt_900,302,30.20000000000016,B02_CFV,cav,not_applicable,7454.6408062832725,3.5,30.03990524453864,0.7878454106159242,lane_1,mainline,,normal,none,commit
BASIC-02,basic_long_dt_900,302,30.20000000000016,B02_TLV_CLV,cav,not_applicable,7496.849316421497,3.5,30.043859952590136,0.36477716038214253,lane_1,mainline,,normal,none,commit
BASIC-02,basic_long_dt_900,303,30.30000000000016,B02_MV,cav,not_applicable,7241.308872851971,-3.5,1.1488568059193143,4.0,on_ramp,on_ramp_mv,,normal,not_started,commit
BASIC-02,basic_long_dt_900,303,30.30000000000016,B02_CLV,cav,not_applicable,7542.000097873716,3.5,29.999959219284225,1.6991964906765136e-05,lane_1,mainline,,normal,none,commit
BASIC-02,basic_long_dt_900,303,30.30000000000016,B02_CFV,cav,not_applicable,7457.640333724722,3.5,29.995274414498127,-0.4463083004051529,lane_1,mainline,,normal,none,commit
BASIC-02,basic_long_dt_900,303,30.30000000000016,B02_TLV_CLV,cav,not_applicable,7499.84577786625,3.5,29.964614447530494,-0.7924550505964287,lane_1,mainline,,normal,none,commit
BASIC-02,basic_long_dt_900,304,30.400000000000162,B02_MV,cav,not_applicable,7241.421012239518,-3.5,1.1213938754700024,4.0,on_ramp,on_ramp_mv,,normal,not_started,commit
BASIC-02,basic_long_dt_900,304,30.400000000000162,B02_CLV,cav,not_applicable,7545.000093958767,3.5,29.999960850512856,1.6312286309982937e-05,lane_1,mainline,,normal,none,commit
BASIC-02,basic_long_dt_900,304,30.400000000000162,B02_CFV,cav,not_applicable,7460.6434822800775,3.5,30.031485553555886,0.3621113905776022,lane_1,mainline,,normal,none,commit
BASIC-02,basic_long_dt_900,304,30.400000000000162,B02_TLV_CLV,cav,not_applicable,7502.843028315134,3.5,29.97250448884533,0.07890041314837659,lane_1,mainline,,normal,none,commit
BASIC-02,basic_long_dt_900,305,30.500000000000163,B02_MV,cav,not_applicable,7241.530470982981,-3.5,1.0945874346240343,4.0,on_ramp,on_ramp_mv,,normal,not_started,commit
BASIC-02,basic_long_dt_900,305,30.500000000000163,B02_CLV,cav,not_applicable,7548.000090200417,3.5,29.99996241649234,1.5659794857469934e-05,lane_1,mainline,,normal,none,commit
BASIC-02,basic_long_dt_900,305,30.500000000000163,B02_CFV,cav,not_applicable,7463.638684474084,3.5,29.95202194005769,-0.7946361349819617,lane_1,mainline,,normal,none,commit
BASIC-02,basic_long_dt_900,305,30.500000000000163,B02_TLV_CLV,cav,not_applicable,7505.848197040126,3.5,30.05168724992111,0.7918276107577626,lane_1,mainline,,normal,none,commit
BASIC-02,basic_long_dt_900,306,30.600000000000165,B02_MV,cav,not_applicable,7241.6373131620085,-3.5,1.0684217902783493,4.0,on_ramp,on_ramp_mv,,normal,not_started,commit
BASIC-02,basic_long_dt_900,306,30.600000000000165,B02_CLV,cav,not_applicable,7551.0000865924,3.5,29.99996391983265,1.503340306356904e-05,lane_1,mainline,,normal,none,commit
BASIC-02,basic_long_dt_900,306,30.600000000000165,B02_CFV,cav,not_applicable,7466.634657826985,3.5,29.95973352901371,0.0771158895602132,lane_1,mainline,,normal,none,commit
BASIC-02,basic_long_dt_900,306,30.600000000000165,B02_TLV_CLV,cav,not_applicable,7508.848935263752,3.5,30.007382236255836,-0.4430501366527396,lane_1,mainline,,normal,none,commit
BASIC-02,basic_long_dt_900,307,30.700000000000166,B02_MV,cav,not_applicable,7241.741601324456,-3.5,1.0428816244668164,4.0,on_ramp,on_ramp_mv,,normal,not_started,commit
BASIC-02,basic_long_dt_900,307,30.700000000000166,B02_CLV,cav,not_applicable,7554.000083128704,3.5,29.999965363039344,1.4432066940628374e-05,lane_1,mainline,,normal,none,commit
BASIC-02,basic_long_dt_900,307,30.700000000000166,B02_CFV,cav,not_applicable,7469.638534855347,3.5,30.03877028361409,0.7903675460038109,lane_1,mainline,,normal,none,commit
BASIC-02,basic_long_dt_900,307,30.700000000000166,B02_TLV_CLV,cav,not_applicable,7511.853321258986,3.5,30.043859952347884,0.3647771609204858,lane_1,mainline,,normal,none,commit
BASIC-02,basic_long_dt_900,308,30.800000000000168,B02_MV,cav,not_applicable,7241.843396522995,-3.5,1.0179519853924746,4.0,on_ramp,on_ramp_mv,,normal,not_started,commit
BASIC-02,basic_long_dt_900,308,30.800000000000168,B02_CLV,cav,not_applicable,7557.000079803556,3.5,29.99996674851777,1.3854784262434806e-05,lane_1,mainline,,normal,none,commit
BASIC-02,basic_long_dt_900,308,30.800000000000168,B02_CFV,cav,not_applicable,7472.637969436358,3.5,29.99434581010531,-0.44424473508779105,lane_1,mainline,,normal,none,commit
BASIC-02,basic_long_dt_900,308,30.800000000000168,B02_TLV_CLV,cav,not_applicable,7514.84978270372,3.5,29.964614447332288,-0.7924550501559662,lane_1,mainline,,normal,none,commit
BASIC-02,basic_long_dt_900,309,30.90000000000017,B02_MV,cav,not_applicable,7241.942758350862,-3.5,0.993618278675006,4.0,on_ramp,on_ramp_mv,,normal,not_started,commit
BASIC-02,basic_long_dt_900,309,30.90000000000017,B02_CLV,cav,not_applicable,7560.0000766114135,3.5,29.99996807857706,1.3300592891596353e-05,lane_1,mainline,,normal,none,commit
BASIC-02,basic_long_dt_900,309,30.90000000000017,B02_CFV,cav,not_applicable,7475.6410420149905,3.5,30.0307257863254,0.36379976220089827,lane_1,mainline,,normal,none,commit
BASIC-02,basic_long_dt_900,309,30.90000000000017,B02_TLV_CLV,cav,not_applicable,7517.847033152589,3.5,29.972504488683164,0.07890041350875499,lane_1,mainline,,normal,none,commit
BASIC-02,basic_long_dt_900,310,31.00000000000017,B02_MV,cav,not_applicable,7242.039744976743,-3.5,0.9698662588064925,4.0,on_ramp,on_ramp_mv,,normal,not_started,commit
BASIC-02,basic_long_dt_900,310,31.00000000000017,B02_CLV,cav,not_applicable,7563.000073546957,3.5,29.999969355433976,1.2768569176557777e-05,lane_1,mainline,,normal,none,commit
BASIC-02,basic_long_dt_900,310,31.00000000000017,B02_CFV,cav,not_applicable,7478.6361820462225,3.5,29.951400312323656,-0.7932547400174468,lane_1,mainline,,normal,none,commit
BASIC-02,basic_long_dt_900,310,31.00000000000017,B02_TLV_CLV,cav,not_applicable,7520.852098895078,3.5,30.050657424888488,0.7815293620532442,lane_1,mainline,,normal,none,commit
BASIC-02,basic_long_dt_900,311,31.100000000000172,B02_MV,cav,not_applicable,7242.134413178825,-3.5,0.9466820208113186,4.0,on_ramp,on_ramp_mv,,normal,not_started,commit
BASIC-02,basic_long_dt_900,311,31.100000000000172,B02_CLV,cav,not_applicable,7566.000070605079,3.5,29.999970581216616,1.225782640972284e-05,lane_1,mainline,,normal,none,commit
BASIC-02,basic_long_dt_900,311,31.100000000000172,B02_CFV,cav,not_applicable,7481.632104538673,3.5,29.959224924504046,0.07824612180390722,lane_1,mainline,,normal,none,commit
BASIC-02,basic_long_dt_900,311,31.100000000000172,B02_TLV_CLV,cav,not_applicable,7523.852649877802,3.5,30.0055098272383,-0.4514759765018911,lane_1,mainline,,normal,none,commit
BASIC-02,basic_long_dt_900,312,31.200000000000173,B02_MV,cav,not_applicable,7242.226818378035,-3.5,0.9240519921069629,4.0,on_ramp,on_ramp_mv,,normal,not_started,commit
BASIC-02,basic_long_dt_900,312,31.200000000000173,B02_CLV,cav,not_applicable,7569.000067780876,3.5,29.999971757967952,1.1767513353788673e-05,lane_1,mainline,,normal,none,commit
BASIC-02,basic_long_dt_900,312,31.200000000000173,B02_CFV,cav,not_applicable,7484.635939953938,3.5,30.03835415265164,0.7912922814759241,lane_1,mainline,,normal,none,commit
BASIC-02,basic_long_dt_900,312,31.200000000000173,B02_TLV_CLV,cav,not_applicable,7526.856779693445,3.5,30.041298156433598,0.35788329195299823,lane_1,mainline,,normal,none,commit
BASIC-02,basic_long_dt_900,313,31.300000000000175,B02_MV,cav,not_applicable,7242.317014670491,-3.5,0.9019629245574149,4.0,on_ramp,on_ramp_mv,,normal,not_started,commit
BASIC-02,basic_long_dt_900,313,31.300000000000175,B02_CLV,cav,not_applicable,7572.000065069641,3.5,29.999972887649236,1.1296812819239222e-05,lane_1,mainline,,normal,none,commit
BASIC-02,basic_long_dt_900,313,31.300000000000175,B02_CFV,cav,not_applicable,7487.63534048787,3.5,29.99400533931785,-0.4434881333378803,lane_1,mainline,,normal,none,commit
BASIC-02,basic_long_dt_900,313,31.300000000000175,B02_TLV_CLV,cav,not_applicable,7529.8529285542045,3.5,29.961488607593388,-0.7980954884020923,lane_1,mainline,,normal,none,commit
BASIC-02,basic_long_dt_900,314,31.400000000000176,B02_MV,cav,not_applicable,7242.405054859162,-3.5,0.880401886717697,4.0,on_ramp,on_ramp_mv,,normal,not_started,commit
BASIC-02,basic_long_dt_900,314,31.400000000000176,B02_CLV,cav,not_applicable,7575.0000624668555,3.5,29.999973972143266,1.0844940305787532e-05,lane_1,mainline,,normal,none,commit
BASIC-02,basic_long_dt_900,314,31.400000000000176,B02_CFV,cav,not_applicable,7490.6383852098015,3.5,30.03044721931748,0.3644187999962798,lane_1,mainline,,normal,none,commit
BASIC-02,basic_long_dt_900,314,31.400000000000176,B02_TLV_CLV,cav,not_applicable,7532.849820270058,3.5,29.968917158542308,0.07428550948919721,lane_1,mainline,,normal,none,commit
BASIC-02,basic_long_dt_900,315,31.500000000000178,B02_MV,cav,not_applicable,7242.490990484788,-3.5,0.859356256263402,4.0,on_ramp,on_ramp_mv,,normal,not_started,commit
BASIC-02,basic_long_dt_900,315,31.500000000000178,B02_CLV,cav,not_applicable,7578.000059968182,3.5,29.999975013257536,1.0411142693556031e-05,lane_1,mainline,,normal,none,commit
BASIC-02,basic_long_dt_900,315,31.500000000000178,B02_CFV,cav,not_applicable,7493.633502449188,3.5,29.95117239386263,-0.7927482545484983,lane_1,mainline,,normal,none,commit
BASIC-02,basic_long_dt_900,315,31.500000000000178,B02_TLV_CLV,cav,not_applicable,7535.854592503718,3.5,30.047722336591423,0.7880517804911613,lane_1,mainline,,normal,none,commit
BASIC-02,basic_long_dt_900,316,31.60000000000018,B02_MV,cav,not_applicable,7242.574871856048,-3.5,0.8388137126015512,4.0,on_ramp,on_ramp_mv,,normal,not_started,commit
BASIC-02,basic_long_dt_900,316,31.60000000000018,B02_CLV,cav,not_applicable,7581.000057569454,3.5,29.999976012727235,9.994696985415886e-06,lane_1,mainline,,normal,none,commit
BASIC-02,basic_long_dt_900,316,31.60000000000018,B02_CFV,cav,not_applicable,7496.629406293764,3.5,29.95903844576321,0.0786605190057742,lane_1,mainline,,normal,none,commit
BASIC-02,basic_long_dt_900,316,31.60000000000018,B02_TLV_CLV,cav,not_applicable,7538.8549033428535,3.5,30.003108391358882,-0.4461394523254134,lane_1,mainline,,normal,none,commit
BASIC-02,basic_long_dt_900,317,31.70000000000018,B02_MV,cav,not_applicable,7242.656748079014,-3.5,0.8187622296575569,4.0,on_ramp,on_ramp_mv,,normal,not_started,commit
BASIC-02,basic_long_dt_900,317,31.70000000000018,B02_CLV,cav,not_applicable,7584.000055266676,3.5,29.999976972218146,9.594909106169781e-06,lane_1,mainline,,normal,none,commit
BASIC-02,basic_long_dt_900,317,31.70000000000018,B02_CFV,cav,not_applicable,7499.633226451678,3.5,30.03820157913641,0.7916313337319971,lane_1,mainline,,normal,none,commit
BASIC-02,basic_long_dt_900,317,31.70000000000018,B02_TLV_CLV,cav,not_applicable,7541.858836677379,3.5,30.03933334525953,0.36224953900648,lane_1,mainline,,normal,none,commit
BASIC-02,basic_long_dt_900,318,31.800000000000182,B02_MV,cav,not_applicable,7242.736667085897,-3.5,0.7991900688350241,4.0,on_ramp,on_ramp_mv,,normal,not_started,commit
BASIC-02,basic_long_dt_900,318,31.800000000000182,B02_CLV,cav,not_applicable,7587.000053056009,3.5,29.99997789332942,9.211112741525085e-06,lane_1,mainline,,normal,none,commit
BASIC-02,basic_long_dt_900,318,31.800000000000182,B02_CFV,cav,not_applicable,7502.632614502322,3.5,29.993880506441755,-0.44321072694654773,lane_1,mainline,,normal,none,commit
BASIC-02,basic_long_dt_900,318,31.800000000000182,B02_TLV_CLV,cav,not_applicable,7544.85482478086,3.5,29.959881034814604,-0.7945231044492436,lane_1,mainline,,normal,none,commit
BASIC-02,basic_long_dt_900,319,31.900000000000183,B02_MV,cav,not_applicable,7242.814675663111,-3.5,0.7800857721436125,4.0,on_ramp,on_ramp_mv,,normal,not_started,commit
BASIC-02,basic_long_dt_900,319,31.900000000000183,B02_CLV,cav,not_applicable,7590.000050933769,3.5,29.99997877759624,8.84266823248936e-06,lane_1,mainline,,normal,none,commit
BASIC-02,basic_long_dt_900,319,31.900000000000183,B02_CFV,cav,not_applicable,7505.635649010655,3.5,30.030345083327948,0.3646457688619155,lane_1,mainline,,normal,none,commit
BASIC-02,basic_long_dt_900,319,31.900000000000183,B02_TLV_CLV,cav,not_applicable,7547.8515849680325,3.5,29.967601871723303,0.07720836908698259,lane_1,mainline,,normal,none,commit
BASIC-02,basic_long_dt_900,320,32.000000000000185,B02_MV,cav,not_applicable,7242.890819478661,-3.5,0.7614381554916957,4.0,on_ramp,on_ramp_mv,,normal,not_started,commit
BASIC-02,basic_long_dt_900,320,32.000000000000185,B02_CLV,cav,not_applicable,7593.000048896418,3.5,29.99997962649239,8.488961503871905e-06,lane_1,mainline,,normal,none,commit
BASIC-02,basic_long_dt_900,320,32.000000000000185,B02_CFV,cav,not_applicable,7508.63075789346,3.5,29.951088828053013,-0.7925625527493418,lane_1,mainline,,normal,none,commit
BASIC-02,basic_long_dt_900,320,32.000000000000185,B02_TLV_CLV,cav,not_applicable,7550.856249587316,3.5,30.04664619283042,0.7904432110711676,lane_1,mainline,,normal,none,commit
BASIC-02,basic_long_dt_900,321,32.100000000000186,B02_MV,cav,not_applicable,7242.965143108875,-3.5,0.7432363021379466,4.0,on_ramp,on_ramp_mv,,normal,not_started,commit
BASIC-02,basic_long_dt_900,321,32.100000000000186,B02_CLV,cav,not_applicable,7596.000046940561,3.5,29.999980441432694,8.149403043944403e-06,lane_1,mainline,,normal,none,commit
BASIC-02,basic_long_dt_900,321,32.100000000000186,B02_CFV,cav,not_applicable,7511.626654900834,3.5,29.95897007373716,0.07881245684144766,lane_1,mainline,,normal,none,commit
BASIC-02,basic_long_dt_900,321,32.100000000000186,B02_TLV_CLV,cav,not_applicable,7553.856472378326,3.5,30.00222791009988,-0.44418282730540837,lane_1,mainline,,normal,none,commit
BASIC-02,basic_long_dt_900,322,32.20000000000019,B02_MV,cav,not_applicable,7243.037690064505,-3.5,0.7254695563016341,4.0,on_ramp,on_ramp_mv,,normal,not_started,commit
BASIC-02,basic_long_dt_900,322,32.20000000000019,B02_CLV,cav,not_applicable,7599.000045062939,3.5,29.999981223775386,7.823426922470845e-06,lane_1,mainline,,normal,none,commit
BASIC-02,basic_long_dt_900,322,32.20000000000019,B02_CFV,cav,not_applicable,7514.630469464673,3.5,30.038145638387824,0.791755646506639,lane_1,mainline,,normal,none,commit
BASIC-02,basic_long_dt_900,322,32.20000000000019,B02_TLV_CLV,cav,not_applicable,7556.860333673476,3.5,30.038612951502163,0.36385041402284773,lane_1,mainline,,normal,none,commit
BASIC-02,basic_long_dt_900,323,32.30000000000019,B02_MV,cav,not_applicable,7243.108502816198,-3.5,0.7081275169238022,4.0,on_ramp,on_ramp_mv,,normal,not_started,commit
BASIC-02,basic_long_dt_900,323,32.30000000000019,B02_CLV,cav,not_applicable,7602.000043260421,3.5,29.99998197482437,7.5104898456856976e-06,lane_1,mainline,,normal,none,commit
BASIC-02,basic_long_dt_900,323,32.30000000000019,B02_CFV,cav,not_applicable,7517.6298529383475,3.5,29.993834736738368,-0.443109016494568,lane_1,mainline,,normal,none,commit
BASIC-02,basic_long_dt_900,323,32.30000000000019,B02_TLV_CLV,cav,not_applicable,7559.85626283565,3.5,29.959291621740395,-0.79321329761767,lane_1,mainline,,normal,none,commit
BASIC-02,basic_long_dt_900,324,32.40000000000019,B02_MV,cav,not_applicable,7243.177622819356,-3.5,0.6912000315780272,4.0,on_ramp,on_ramp_mv,,normal,not_started,commit
BASIC-02,basic_long_dt_900,324,32.40000000000019,B02_CLV,cav,not_applicable,7605.000041530005,3.5,29.999982695831395,7.210070252483547e-06,lane_1,mainline,,normal,none,commit
BASIC-02,basic_long_dt_900,324,32.40000000000019,B02_CFV,cav,not_applicable,7520.632883701886,3.5,30.030307635388812,0.3647289865044444,lane_1,mainline,,normal,none,commit
BASIC-02,basic_long_dt_900,324,32.40000000000019,B02_TLV_CLV,cav,not_applicable,7562.8529747981165,3.5,29.967119624662587,0.07828002922190647,lane_1,mainline,,normal,none,commit
BASIC-02,basic_long_dt_900,325,32.50000000000019,B02_MV,cav,not_applicable,7243.2450905384085,-3.5,0.6746771905277115,4.0,on_ramp,on_ramp_mv,,normal,not_started,commit
BASIC-02,basic_long_dt_900,325,32.50000000000019,B02_CLV,cav,not_applicable,7608.000039868804,3.5,29.99998338799814,6.921667441872614e-06,lane_1,mainline,,normal,none,commit
BASIC-02,basic_long_dt_900,325,32.50000000000019,B02_CFV,cav,not_applicable,7523.627989520769,3.5,29.951058188830086,-0.7924944655872728,lane_1,mainline,,normal,none,commit
BASIC-02,basic_long_dt_900,325,32.50000000000019,B02_TLV_CLV,cav,not_applicable,7565.857599960822,3.5,30.04625162705347,0.7913200239088326,lane_1,mainline,,normal,none,commit
BASIC-02,basic_long_dt_900,326,32.60000000000019,B02_MV,cav,not_applicable,7243.310945470501,-3.5,0.6585493209240401,4.0,on_ramp,on_ramp_mv,,normal,not_started,commit
BASIC-02,basic_long_dt_900,326,32.60000000000019,B02_CLV,cav,not_applicable,7611.000038274052,3.5,29.99998405247821,6.6448007444819275e-06,lane_1,mainline,,normal,none,commit
BASIC-02,basic_long_dt_900,326,32.60000000000019,B02_CFV,cav,not_applicable,7526.623884021297,3.5,29.958945005282036,0.07886816451950418,lane_1,mainline,,normal,none,commit
BASIC-02,basic_long_dt_900,326,32.60000000000019,B02_TLV_CLV,cav,not_applicable,7568.857790469177,3.5,30.0019050835551,-0.4434654349836824,lane_1,mainline,,normal,none,commit
BASIC-02,basic_long_dt_900,327,32.700000000000195,B02_MV,cav,not_applicable,7243.375226168615,-3.5,0.6428069811435164,4.0,on_ramp,on_ramp_mv,,normal,not_started,commit
BASIC-02,basic_long_dt_900,327,32.700000000000195,B02_CLV,cav,not_applicable,7614.000036743089,3.5,29.999984690379083,6.379008715384771e-06,lane_1,mainline,,normal,none,commit
BASIC-02,basic_long_dt_900,327,32.700000000000195,B02_CFV,cav,not_applicable,7529.62769653408,3.5,30.03812512783363,0.791801225515958,lane_1,mainline,,normal,none,commit
BASIC-02,basic_long_dt_900,327,32.700000000000195,B02_TLV_CLV,cav,not_applicable,7571.861625351246,3.5,30.0383488206928,0.3644373713769872,lane_1,mainline,,normal,none,commit
BASIC-02,basic_long_dt_900,328,32.800000000000196,B02_MV,cav,not_applicable,7243.437970264141,-3.5,0.6274409552607271,4.0,on_ramp,on_ramp_mv,,normal,not_started,commit
BASIC-02,basic_long_dt_900,328,32.800000000000196,B02_CLV,cav,not_applicable,7617.000035273366,3.5,29.99998530276392,6.123848366712537e-06,lane_1,mainline,,normal,none,commit
BASIC-02,basic_long_dt_900,328,32.800000000000196,B02_CFV,cav,not_applicable,7532.627078329618,3.5,29.993817955375846,-0.4430717245778525,lane_1,mainline,,normal,none,commit
BASIC-02,basic_long_dt_900,328,32.800000000000196,B02_TLV_CLV,cav,not_applicable,7574.857532902718,3.5,29.959075514714552,-0.792733059782465,lane_1,mainline,,normal,none,commit
BASIC-02,basic_long_dt_900,329,32.9000000000002,B02_MV,cav,not_applicable,7243.499214488907,-3.5,0.6124422476528572,4.0,on_ramp,on_ramp_mv,,normal,not_started,commit
BASIC-02,basic_long_dt_900,329,32.9000000000002,B02_CLV,cav,not_applicable,7620.000033862431,3.5,29.999985890653363,5.8788944315324445e-06,lane_1,mainline,,normal,none,commit
BASIC-02,basic_long_dt_900,329,32.9000000000002,B02_CFV,cav,not_applicable,7535.630107720136,3.5,30.03029390518311,0.36475949807266617,lane_1,mainline,,normal,none,commit
BASIC-02,basic_long_dt_900,329,32.9000000000002,B02_TLV_CLV,cav,not_applicable,7577.8542271837005,3.5,29.96694280982326,0.07867295108707417,lane_1,mainline,,normal,none,commit
BASIC-02,basic_long_dt_900,330,33.0000000000002,B02_MV,cav,not_applicable,7243.55899469668,-3.5,0.5978020777335661,4.0,on_ramp,on_ramp_mv,,normal,not_started,commit
BASIC-02,basic_long_dt_900,330,33.0000000000002,B02_CLV,cav,not_applicable,7623.000032507934,3.5,29.99998645502723,5.643738654725894e-06,lane_1,mainline,,normal,none,commit
BASIC-02,basic_long_dt_900,330,33.0000000000002,B02_CFV,cav,not_applicable,7538.625212415639,3.5,29.95104695502542,-0.7924695015769094,lane_1,mainline,,normal,none,commit
BASIC-02,basic_long_dt_900,330,33.0000000000002,B02_TLV_CLV,cav,not_applicable,7580.858837879737,3.5,30.046106960366746,0.7916415054348789,lane_1,mainline,,normal,none,commit
BASIC-02,basic_long_dt_900,331,33.1000000000002,B02_MV,cav,not_applicable,7243.617345884161,-3.5,0.5835118748129605,4.0,on_ramp,on_ramp_mv,,normal,not_started,commit
BASIC-02,basic_long_dt_900,331,33.1000000000002,B02_CLV,cav,not_applicable,7626.000031207616,3.5,29.99998699682614,5.417989108025267e-06,lane_1,mainline,,normal,none,commit
BASIC-02,basic_long_dt_900,331,33.1000000000002,B02_CFV,cav,not_applicable,7541.621105997037,3.5,29.958935813987306,0.07888858961889234,lane_1,mainline,,normal,none,commit
BASIC-02,basic_long_dt_900,331,33.1000000000002,B02_TLV_CLV,cav,not_applicable,7583.859016551727,3.5,30.001786719902327,-0.44320240464419003,lane_1,mainline,,normal,none,commit
BASIC-02,basic_long_dt_900,332,33.2000000000002,B02_MV,cav,not_applicable,7243.67430221147,-3.5,0.5695632730797529,4.0,on_ramp,on_ramp_mv,,normal,not_started,commit
BASIC-02,basic_long_dt_900,332,33.2000000000002,B02_CLV,cav,not_applicable,7629.000029959311,3.5,29.999987516953095,5.20126954342004e-06,lane_1,mainline,,normal,none,commit
BASIC-02,basic_long_dt_900,332,33.2000000000002,B02_CFV,cav,not_applicable,7544.624917757806,3.5,30.038117607683397,0.791817936960912,lane_1,mainline,,normal,none,commit
BASIC-02,basic_long_dt_900,332,33.2000000000002,B02_TLV_CLV,cav,not_applicable,7586.862841749497,3.5,30.038251977704167,0.36465257801839,lane_1,mainline,,normal,none,commit
BASIC-02,basic_long_dt_900,333,33.3000000000002,B02_MV,cav,not_applicable,7243.72989702214,-3.5,0.5559481067034305,4.0,on_ramp,on_ramp_mv,,normal,not_started,commit
BASIC-02,basic_long_dt_900,333,33.3000000000002,B02_CLV,cav,not_applicable,7632.000028760938,3.5,29.99998801627497,4.993218762194829e-06,lane_1,mainline,,normal,none,commit
BASIC-02,basic_long_dt_900,333,33.3000000000002,B02_CFV,cav,not_applicable,7547.624298938058,3.5,29.993811802525652,-0.4430580515774356,lane_1,mainline,,normal,none,commit
BASIC-02,basic_long_dt_900,333,33.3000000000002,B02_TLV_CLV,cav,not_applicable,7589.858741377451,3.5,29.958996279542035,-0.7925569816213172,lane_1,mainline,,normal,none,commit
BASIC-02,basic_long_dt_900,334,33.400000000000205,B02_MV,cav,not_applicable,7243.784162862646,-3.5,0.5426584050546962,4.0,on_ramp,on_ramp_mv,,normal,not_started,commit
BASIC-02,basic_long_dt_900,334,33.400000000000205,B02_CLV,cav,not_applicable,7635.0000276105,3.5,29.99998849562397,4.793490012389157e-06,lane_1,mainline,,normal,none,commit
BASIC-02,basic_long_dt_900,334,33.400000000000205,B02_CFV,cav,not_applicable,7550.627327825161,3.5,30.03028887103295,0.36477068507300725,lane_1,mainline,,normal,none,commit
BASIC-02,basic_long_dt_900,334,33.400000000000205,B02_TLV_CLV,cav,not_applicable,7592.855429175555,3.5,29.966877981045744,0.07881701503710425,lane_1,mainline,,normal,none,commit
BASIC-02,basic_long_dt_900,335,33.500000000000206,B02_MV,cav,not_applicable,7243.837131501449,-3.5,0.5296863880383101,4.0,on_ramp,on_ramp_mv,,normal,not_started,commit
BASIC-02,basic_long_dt_900,335,33.500000000000206,B02_CLV,cav,not_applicable,7638.00002650608,3.5,29.99998895579901,4.601750411836747e-06,lane_1,mainline,,normal,none,commit
BASIC-02,basic_long_dt_900,335,33.500000000000206,B02_CFV,cav,not_applicable,7553.622432108778,3.5,29.951042836175287,-0.7924603485766304,lane_1,mainline,,normal,none,commit
BASIC-02,basic_long_dt_900,335,33.500000000000206,B02_TLV_CLV,cav,not_applicable,7595.8600345674195,3.5,30.04605391863969,0.791759375939449,lane_1,mainline,,normal,none,commit
BASIC-02,basic_long_dt_900,336,33.60000000000021,B02_MV,cav,not_applicable,7243.888833947603,-3.5,0.5170244615392031,4.0,on_ramp,on_ramp_mv,,normal,not_started,commit
BASIC-02,basic_long_dt_900,336,33.60000000000021,B02_CLV,cav,not_applicable,7641.000025445836,3.5,29.999989397567052,4.417680395363277e-06,lane_1,mainline,,normal,none,commit
BASIC-02,basic_long_dt_900,336,33.60000000000021,B02_CFV,cav,not_applicable,7556.61832535318,3.5,29.958932444019016,0.07889607843730251,lane_1,mainline,,normal,none,commit
BASIC-02,basic_long_dt_900,336,33.60000000000021,B02_TLV_CLV,cav,not_applicable,7598.860208899632,3.5,30.001743322125645,-0.44310596514045075,lane_1,mainline,,normal,none,commit
BASIC-02,basic_long_dt_900,337,33.70000000000021,B02_MV,cav,not_applicable,7243.939300468901,-3.5,0.5046652129759902,4.0,on_ramp,on_ramp_mv,,normal,not_started,commit
BASIC-02,basic_long_dt_900,337,33.70000000000021,B02_CLV,cav,not_applicable,7644.000024428003,3.5,29.99998982166437,4.240973179037155e-06,lane_1,mainline,,normal,none,commit
BASIC-02,basic_long_dt_900,337,33.70000000000021,B02_CFV,cav,not_applicable,7559.622136838224,3.5,30.038114850436614,0.7918240641759748,lane_1,mainline,,normal,none,commit
BASIC-02,basic_long_dt_900,337,33.70000000000021,B02_TLV_CLV,cav,not_applicable,7601.864030546675,3.5,30.038216470432335,0.36473148306690395,lane_1,mainline,,normal,none,commit
BASIC-02,basic_long_dt_900,338,33.80000000000021,B02_MV,cav,not_applicable,7243.988560609597,-3.5,0.49260140696232046,4.0,on_ramp,on_ramp_mv,,normal,not_started,commit
BASIC-02,basic_long_dt_900,338,33.80000000000021,B02_CLV,cav,not_applicable,7647.0000234508825,3.5,29.999990228797795,4.071334251420922e-06,lane_1,mainline,,normal,none,commit
BASIC-02,basic_long_dt_900,338,33.80000000000021,B02_CFV,cav,not_applicable,7562.621517792883,3.5,29.993809546596466,-0.44305303840147514,lane_1,mainline,,normal,none,commit
BASIC-02,basic_long_dt_900,338,33.80000000000021,B02_TLV_CLV,cav,not_applicable,7604.859927269489,3.5,29.95896722813781,-0.7924924229452603,lane_1,mainline,,normal,none,commit
BASIC-02,basic_long_dt_900,339,33.90000000000021,B02_MV,cav,not_applicable,7244.0366432077035,-3.5,0.4808259810704102,4.0,on_ramp,on_ramp_mv,,normal,not_started,commit
BASIC-02,basic_long_dt_900,339,33.90000000000021,B02_CLV,cav,not_applicable,7650.000022512847,3.5,29.999990619645885,3.908480881875676e-06,lane_1,mainline,,normal,none,commit
BASIC-02,basic_long_dt_900,339,33.90000000000021,B02_CFV,cav,not_applicable,7565.624546495411,3.5,30.03028702527271,0.36477478676242947,lane_1,mainline,,normal,none,commit
BASIC-02,basic_long_dt_900,339,33.90000000000021,B02_TLV_CLV,cav,not_applicable,7607.856612690661,3.5,29.966854211715013,0.07886983577205975,lane_1,mainline,,normal,none,commit
BASIC-02,basic_long_dt_900,340,34.00000000000021,B02_MV,cav,not_applicable,7244.083576411873,-3.5,0.4693320416967584,4.0,on_ramp,on_ramp_mv,,normal,not_started,commit
BASIC-02,basic_long_dt_900,340,34.00000000000021,B02_CLV,cav,not_applicable,7653.000021612333,3.5,29.99999099486005,3.752141645918528e-06,lane_1,mainline,,normal,none,commit
BASIC-02,basic_long_dt_900,340,34.00000000000021,B02_CFV,cav,not_applicable,7568.619650628012,3.5,29.951041326007818,-0.7924569926489213,lane_1,mainline,,normal,none,commit
BASIC-02,basic_long_dt_900,340,34.00000000000021,B02_TLV_CLV,cav,not_applicable,7610.861216137761,3.5,30.046034471005456,0.7918025929044126,lane_1,mainline,,normal,none,commit
BASIC-02,basic_long_dt_900,341,34.100000000000215,B02_MV,cav,not_applicable,7244.129387697875,-3.5,0.45811286002656737,4.0,on_ramp,on_ramp_mv,,normal,not_started,commit
BASIC-02,basic_long_dt_900,341,34.100000000000215,B02_CLV,cav,not_applicable,7656.000020747839,3.5,29.999991355065646,3.602055980422847e-06,lane_1,mainline,,normal,none,commit
BASIC-02,basic_long_dt_900,341,34.100000000000215,B02_CFV,cav,not_applicable,7571.615543748855,3.5,29.95893120842745,0.0788988241963372,lane_1,mainline,,normal,none,commit
BASIC-02,basic_long_dt_900,341,34.100000000000215,B02_TLV_CLV,cav,not_applicable,7613.861388878804,3.5,30.00172741042491,-0.44307060580548063,lane_1,mainline,,normal,none,commit
BASIC-02,basic_long_dt_900,342,34.200000000000216,B02_MV,cav,not_applicable,7244.174103884685,-3.5,0.44716186809447594,4.0,on_ramp,on_ramp_mv,,normal,not_started,commit
BASIC-02,basic_long_dt_900,342,34.200000000000216,B02_CLV,cav,not_applicable,7659.000019917925,3.5,29.99999170086302,3.4579737416606807e-06,lane_1,mainline,,normal,none,commit
BASIC-02,basic_long_dt_900,342,34.200000000000216,B02_CFV,cav,not_applicable,7574.619355132805,3.5,30.03811383949806,0.7918263107060941,lane_1,mainline,,normal,none,commit
BASIC-02,basic_long_dt_900,342,34.200000000000216,B02_TLV_CLV,cav,not_applicable,7616.865209223981,3.5,30.038203451768098,0.36476041343187954,lane_1,mainline,,normal,none,commit
BASIC-02,basic_long_dt_900,343,34.30000000000022,B02_MV,cav,not_applicable,7244.217751150179,-3.5,0.436472654939432,4.0,on_ramp,on_ramp_mv,,normal,not_started,commit
BASIC-02,basic_long_dt_900,343,34.30000000000022,B02_CLV,cav,not_applicable,7662.0000191212075,3.5,29.9999920328285,3.3196547917668797e-06,lane_1,mainline,,normal,none,commit
BASIC-02,basic_long_dt_900,343,34.30000000000022,B02_CFV,cav,not_applicable,7577.618736004752,3.5,29.993808719464923,-0.44305120033137757,lane_1,mainline,,normal,none,commit
BASIC-02,basic_long_dt_900,343,34.30000000000022,B02_TLV_CLV,cav,not_applicable,7619.861104881631,3.5,29.958956576503432,-0.792468752646644,lane_1,mainline,,normal,none,commit
BASIC-02,basic_long_dt_900,344,34.40000000000022,B02_MV,cav,not_applicable,7244.260355046464,-3.5,0.42603896285196413,4.0,on_ramp,on_ramp_mv,,normal,not_started,commit
BASIC-02,basic_long_dt_900,344,34.40000000000022,B02_CLV,cav,not_applicable,7665.000018356359,3.5,29.99999235151536,3.1868685994140835e-06,lane_1,mainline,,normal,none,commit
BASIC-02,basic_long_dt_900,344,34.40000000000022,B02_CFV,cav,not_applicable,7580.621764639604,3.5,30.03028634852872,0.36477629063796385,lane_1,mainline,,normal,none,commit
BASIC-02,basic_long_dt_900,344,34.40000000000022,B02_TLV_CLV,cav,not_applicable,7622.857789431305,3.5,29.966845496741435,0.07888920238001862,lane_1,mainline,,normal,none,commit
BASIC-02,basic_long_dt_900,345,34.50000000000022,B02_MV,cav,not_applicable,7244.301940514834,-3.5,0.4158546837101573,4.0,on_ramp,on_ramp_mv,,normal,not_started,commit
BASIC-02,basic_long_dt_900,345,34.50000000000022,B02_CLV,cav,not_applicable,7668.000017622105,3.5,29.999992657454744,3.0593938561196413e-06,lane_1,mainline,,normal,none,commit
BASIC-02,basic_long_dt_900,345,34.50000000000022,B02_CFV,cav,not_applicable,7583.616868716836,3.5,29.95104077230819,-0.7924557622053022,lane_1,mainline,,normal,none,commit
BASIC-02,basic_long_dt_900,345,34.50000000000022,B02_TLV_CLV,cav,not_applicable,7625.8623921653625,3.5,30.04602734057253,0.7918184383109244,lane_1,mainline,,normal,none,commit
BASIC-02,basic_long_dt_900,346,34.60000000000022,B02_MV,cav,not_applicable,7244.3425319003745,-3.5,0.4059138554043319,4.0,on_ramp,on_ramp_mv,,normal,not_started,commit
BASIC-02,basic_long_dt_900,346,34.60000000000022,B02_CLV,cav,not_applicable,7671.00001691722,3.5,29.999992951156553,2.937018102500133e-06,lane_1,mainline,,normal,none,commit
BASIC-02,basic_long_dt_900,346,34.60000000000022,B02_CFV,cav,not_applicable,7586.612761792376,3.5,29.958930755400484,0.07889983092293462,lane_1,mainline,,normal,none,commit
BASIC-02,basic_long_dt_900,346,34.60000000000022,B02_TLV_CLV,cav,not_applicable,7628.862564323006,3.5,30.00172157643433,-0.4430576413819709,lane_1,mainline,,normal,none,commit
BASIC-02,basic_long_dt_900,347,34.70000000000022,B02_MV,cav,not_applicable,7244.382152966209,-3.5,0.39621065834629554,4.0,on_ramp,on_ramp_mv,,normal,not_started,commit
BASIC-02,basic_long_dt_900,347,34.70000000000022,B02_CLV,cav,not_applicable,7674.000016240531,3.5,29.999993233110292,2.8195373786843447e-06,lane_1,mainline,,normal,none,commit
BASIC-02,basic_long_dt_900,347,34.70000000000022,B02_CFV,cav,not_applicable,7589.616573139259,3.5,30.038113468839633,0.791827134391492,lane_1,mainline,,normal,none,commit
BASIC-02,basic_long_dt_900,347,34.70000000000022,B02_TLV_CLV,cav,not_applicable,7631.8663841908565,3.5,30.03819867850308,0.3647710206874784,lane_1,mainline,,normal,none,commit
BASIC-02,basic_long_dt_900,348,34.800000000000225,B02_MV,cav,not_applicable,7244.420826907415,-3.5,0.38673941206273305,4.0,on_ramp,on_ramp_mv,,normal,not_started,commit
BASIC-02,basic_long_dt_900,348,34.800000000000225,B02_CLV,cav,not_applicable,7677.00001559091,3.5,29.99999350378588,2.706755883252754e-06,lane_1,mainline,,normal,none,commit
BASIC-02,basic_long_dt_900,348,34.800000000000225,B02_CFV,cav,not_applicable,7592.61595398088,3.5,29.993808416198938,-0.4430505264069611,lane_1,mainline,,normal,none,commit
BASIC-02,basic_long_dt_900,348,34.800000000000225,B02_TLV_CLV,cav,not_applicable,7634.862279457967,3.5,29.958952671104782,-0.7924600739829721,lane_1,mainline,,normal,none,commit
BASIC-02,basic_long_dt_900,349,34.900000000000226,B02_MV,cav,not_applicable,7244.458576364602,-3.5,0.37749457186969065,4.0,on_ramp,on_ramp_mv,,normal,not_started,commit
BASIC-02,basic_long_dt_900,349,34.900000000000226,B02_CLV,cav,not_applicable,7680.000014967273,3.5,29.999993763634446,2.598485647808957e-06,lane_1,mainline,,normal,none,commit
BASIC-02,basic_long_dt_900,349,34.900000000000226,B02_CFV,cav,not_applicable,7595.61898259092,3.5,30.030286100402005,0.36477684203066824,lane_1,mainline,,normal,none,commit
BASIC-02,basic_long_dt_900,349,34.900000000000226,B02_TLV_CLV,cav,not_applicable,7637.858963688109,3.5,29.966842301415266,0.07889630310484108,lane_1,mainline,,normal,none,commit
BASIC-02,basic_long_dt_900,350,35.00000000000023,B02_MV,cav,not_applicable,7244.495423437164,-3.5,0.3684707256264151,4.0,on_ramp,on_ramp_mv,,normal,not_started,commit
BASIC-02,basic_long_dt_900,350,35.00000000000023,B02_CLV,cav,not_applicable,7683.000014368582,3.5,29.99999401308907,2.4945462214986947e-06,lane_1,mainline,,normal,none,commit
BASIC-02,basic_long_dt_900,350,35.00000000000023,B02_CFV,cav,not_applicable,7598.614086647849,3.5,29.951040569295422,-0.7924553110658168,lane_1,mainline,,normal,none,commit
BASIC-02,basic_long_dt_900,350,35.00000000000023,B02_TLV_CLV,cav,not_applicable,7640.863550994025,3.5,30.045873059157724,0.7903075774245696,lane_1,mainline,,normal,none,commit
BASIC-02,basic_long_dt_900,351,35.10000000000023,B02_MV,cav,not_applicable,7244.531389696221,-3.5,0.3596625905670255,4.0,on_ramp,on_ramp_mv,,normal,not_started,commit
BASIC-02,basic_long_dt_900,351,35.10000000000023,B02_CLV,cav,not_applicable,7686.000013793839,3.5,29.999994252565507,2.3947643725819034e-06,lane_1,mainline,,normal,none,commit
BASIC-02,basic_long_dt_900,351,35.10000000000023,B02_CFV,cav,not_applicable,7601.609979706779,3.5,29.95893058929913,0.07890020003705911,lane_1,mainline,,normal,none,commit
BASIC-02,basic_long_dt_900,351,35.10000000000023,B02_TLV_CLV,cav,not_applicable,7643.863695361938,3.5,30.001443679128826,-0.44429380028898846,lane_1,mainline,,normal,none,commit
BASIC-02,basic_long_dt_900,352,35.20000000000023,B02_MV,cav,not_applicable,7244.566496197242,-3.5,0.35106501020806236,4.0,on_ramp,on_ramp_mv,,normal,not_started,commit
BASIC-02,basic_long_dt_900,352,35.20000000000023,B02_CLV,cav,not_applicable,7689.000013242085,3.5,29.99999448246289,2.298973797110193e-06,lane_1,mainline,,normal,none,commit
BASIC-02,basic_long_dt_900,352,35.20000000000023,B02_CFV,cav,not_applicable,7604.613791040073,3.5,30.038113332938526,0.7918274363939575,lane_1,mainline,,normal,none,commit
BASIC-02,basic_long_dt_900,352,35.20000000000023,B02_TLV_CLV,cav,not_applicable,7646.86747732603,3.5,30.037819640923363,0.36375961794537315,lane_1,mainline,,normal,none,commit
BASIC-02,basic_long_dt_900,353,35.30000000000023,B02_MV,cav,not_applicable,7244.600763492374,-3.5,0.3426729513293031,4.0,on_ramp,on_ramp_mv,,normal,not_started,commit
BASIC-02,basic_long_dt_900,353,35.30000000000023,B02_CLV,cav,not_applicable,7692.000012712401,3.5,29.999994703164372,2.207014844657351e-06,lane_1,mainline,,normal,none,commit
BASIC-02,basic_long_dt_900,353,35.30000000000023,B02_CFV,cav,not_applicable,7607.613171870574,3.5,29.99380830500712,-0.44305027931403473,lane_1,mainline,,normal,none,commit
BASIC-02,basic_long_dt_900,353,35.30000000000023,B02_TLV_CLV,cav,not_applicable,7649.863326414269,3.5,29.958490882391622,-0.7932875853174219,lane_1,mainline,,normal,none,commit
BASIC-02,basic_long_dt_900,354,35.40000000000023,B02_MV,cav,not_applicable,7244.634211642478,-3.5,0.3344815010278457,4.0,on_ramp,on_ramp_mv,,normal,not_started,commit
BASIC-02,basic_long_dt_900,354,35.40000000000023,B02_CLV,cav,not_applicable,7695.000012203905,3.5,29.999994915037796,2.1187342511552743e-06,lane_1,mainline,,normal,none,commit
BASIC-02,basic_long_dt_900,354,35.40000000000023,B02_CFV,cav,not_applicable,7610.616200471516,3.5,30.03028600942688,0.364777044197608,lane_1,mainline,,normal,none,commit
BASIC-02,basic_long_dt_900,354,35.40000000000023,B02_TLV_CLV,cav,not_applicable,7652.859957694992,3.5,29.966312807229286,0.07821924837665484,lane_1,mainline,,normal,none,commit
BASIC-02,basic_long_dt_900,355,35.500000000000234,B02_MV,cav,not_applicable,7244.666860228862,-3.5,0.3264858638413287,4.0,on_ramp,on_ramp_mv,,normal,not_started,commit
BASIC-02,basic_long_dt_900,355,35.500000000000234,B02_CLV,cav,not_applicable,7698.000011715748,3.5,29.999995118436285,2.0339848816774976e-06,lane_1,mainline,,normal,none,commit
BASIC-02,basic_long_dt_900,355,35.500000000000234,B02_CFV,cav,not_applicable,7613.611304521002,3.5,29.951040494861232,-0.7924551456565025,lane_1,mainline,,normal,none,commit
BASIC-02,basic_long_dt_900,355,35.500000000000234,B02_TLV_CLV,cav,not_applicable,7655.864501678656,3.5,30.045439836641922,0.791270294126354,lane_1,mainline,,normal,none,commit
BASIC-02,basic_long_dt_900,356,35.600000000000236,B02_MV,cav,not_applicable,7244.698728364756,-3.5,0.3186813589411578,4.0,on_ramp,on_ramp_mv,,normal,not_started,commit
BASIC-02,basic_long_dt_900,356,35.600000000000236,B02_CLV,cav,not_applicable,7701.000011247118,3.5,29.999995313698832,1.952625486012494e-06,lane_1,mainline,,normal,none,commit
BASIC-02,basic_long_dt_900,356,35.600000000000236,B02_CFV,cav,not_applicable,7616.607197573842,3.5,29.958930528398426,0.07890033537195251,lane_1,mainline,,normal,none,commit
BASIC-02,basic_long_dt_900,356,35.600000000000236,B02_TLV_CLV,cav,not_applicable,7658.86461060109,3.5,30.00108922434317,-0.44350612298752856,lane_1,mainline,,normal,none,commit
BASIC-02,basic_long_dt_900,357,35.70000000000024,B02_MV,cav,not_applicable,7244.729834706495,-3.5,0.31106341739182447,4.0,on_ramp,on_ramp_mv,,normal,not_started,commit
BASIC-02,basic_long_dt_900,357,35.70000000000024,B02_CLV,cav,not_applicable,7704.000010797233,3.5,29.999995501150877,1.8745204670267413e-06,lane_1,mainline,,normal,none,commit
BASIC-02,basic_long_dt_900,357,35.70000000000024,B02_CFV,cav,not_applicable,7619.611008902153,3.5,30.038113283110675,0.7918275471225066,lane_1,mainline,,normal,none,commit
BASIC-02,basic_long_dt_900,357,35.70000000000024,B02_TLV_CLV,cav,not_applicable,7661.8683635643365,3.5,30.03752963246237,0.3644040811920221,lane_1,mainline,,normal,none,commit
BASIC-02,basic_long_dt_900,358,35.80000000000024,B02_MV,cav,not_applicable,7244.760197464443,-3.5,0.3036275794761014,4.0,on_ramp,on_ramp_mv,,normal,not_started,commit
BASIC-02,basic_long_dt_900,358,35.80000000000024,B02_CLV,cav,not_applicable,7707.000010365343,3.5,29.999995681104842,1.7995396490277927e-06,lane_1,mainline,,normal,none,commit
BASIC-02,basic_long_dt_900,358,35.80000000000024,B02_CFV,cav,not_applicable,7622.610389728577,3.5,29.99380826423888,-0.4430501887179491,lane_1,mainline,,normal,none,commit
BASIC-02,basic_long_dt_900,358,35.80000000000024,B02_TLV_CLV,cav,not_applicable,7664.864188924611,3.5,29.958253602741717,-0.7927602972065273,lane_1,mainline,,normal,none,commit
BASIC-02,basic_long_dt_900,359,35.90000000000024,B02_MV,cav,not_applicable,7244.789834413652,-3.5,0.2963694920845903,4.0,on_ramp,on_ramp_mv,,normal,not_started,commit
BASIC-02,basic_long_dt_900,359,35.90000000000024,B02_CLV,cav,not_applicable,7710.000009950729,3.5,29.99999585386065,1.7275580631803678e-06,lane_1,mainline,,normal,none,commit
BASIC-02,basic_long_dt_900,359,35.90000000000024,B02_CFV,cav,not_applicable,7625.613418326184,3.5,30.030285976071045,0.36477711832167803,lane_1,mainline,,normal,none,commit
BASIC-02,basic_long_dt_900,359,35.90000000000024,B02_TLV_CLV,cav,not_applicable,7667.8608007915445,3.5,29.96611866933391,0.07865066592193226,lane_1,mainline,,normal,none,commit
BASIC-02,basic_long_dt_900,360,36.00000000000024,B02_MV,cav,not_applicable,7244.818762904269,-3.5,0.2892849061670151,4.0,on_ramp,on_ramp_mv,,normal,not_started,commit
BASIC-02,basic_long_dt_900,360,36.00000000000024,B02_CLV,cav,not_applicable,7713.000009552699,3.5,29.999996019706224,1.6584557400278755e-06,lane_1,mainline,,normal,none,commit
BASIC-02,basic_long_dt_900,360,36.00000000000024,B02_CFV,cav,not_applicable,7628.608522372941,3.5,29.951040467570092,-0.7924550850095361,lane_1,mainline,,normal,none,commit
BASIC-02,basic_long_dt_900,360,36.00000000000024,B02_TLV_CLV,cav,not_applicable,7670.865328891199,3.5,30.045280996545703,0.7916232721179446,lane_1,mainline,,normal,none,commit
BASIC-02,basic_long_dt_900,361,36.10000000000024,B02_MV,cav,not_applicable,7244.846999871693,-3.5,0.28236967424504217,4.0,on_ramp,on_ramp_mv,,normal,not_started,commit
BASIC-02,basic_long_dt_900,361,36.10000000000024,B02_CLV,cav,not_applicable,7716.0000091705915,3.5,29.999996178917975,1.5921175105404474e-06,lane_1,mainline,,normal,none,commit
BASIC-02,basic_long_dt_900,361,36.10000000000024,B02_CFV,cav,not_applicable,7631.604415423548,3.5,29.95893050606931,0.07890038499219776,lane_1,mainline,,normal,none,commit
BASIC-02,basic_long_dt_900,361,36.10000000000024,B02_TLV_CLV,cav,not_applicable,7673.865424817625,3.5,30.000959264264445,-0.44321732281259074,lane_1,mainline,,normal,none,commit
BASIC-02,basic_long_dt_900,362,36.200000000000244,B02_MV,cav,not_applicable,7244.874561846491,-3.5,0.2756197479838014,4.0,on_ramp,on_ramp_mv,,normal,not_started,commit
BASIC-02,basic_long_dt_900,362,36.200000000000244,B02_CLV,cav,not_applicable,7719.000008803768,3.5,29.999996331761256,1.5284328100051426e-06,lane_1,mainline,,normal,none,commit
BASIC-02,basic_long_dt_900,362,36.200000000000244,B02_CFV,cav,not_applicable,7634.608226750032,3.5,30.0381132648414,0.7918275877208891,lane_1,mainline,,normal,none,commit
BASIC-02,basic_long_dt_900,362,36.200000000000244,B02_TLV_CLV,cav,not_applicable,7676.8691671477745,3.5,30.037423301488868,0.364640372244244,lane_1,mainline,,normal,none,commit
BASIC-02,basic_long_dt_900,363,36.300000000000246,B02_MV,cav,not_applicable,7244.901464964073,-3.5,0.26903117582210856,4.0,on_ramp,on_ramp_mv,,normal,not_started,commit
BASIC-02,basic_long_dt_900,363,36.300000000000246,B02_CLV,cav,not_applicable,7722.000008451617,3.5,29.999996478490807,1.4672954975480934e-06,lane_1,mainline,,normal,none,commit
BASIC-02,basic_long_dt_900,363,36.300000000000246,B02_CFV,cav,not_applicable,7637.607607574962,3.5,29.99380824929129,-0.4430501555010907,lane_1,mainline,,normal,none,commit
BASIC-02,basic_long_dt_900,363,36.300000000000246,B02_TLV_CLV,cav,not_applicable,7679.864983808242,3.5,29.95816660467249,-0.7925669681638003,lane_1,mainline,,normal,none,commit
BASIC-02,basic_long_dt_900,364,36.40000000000025,B02_MV,cav,not_applicable,7244.927724974139,-3.5,0.26260010065921374,4.0,on_ramp,on_ramp_mv,,normal,not_started,commit
BASIC-02,basic_long_dt_900,364,36.40000000000025,B02_CLV,cav,not_applicable,7725.000008113552,3.5,29.999996619351176,1.4086036770777357e-06,lane_1,mainline,,normal,none,commit
BASIC-02,basic_long_dt_900,364,36.40000000000025,B02_CFV,cav,not_applicable,7640.6106361713455,3.5,30.0302859638412,0.3647771454991076,lane_1,mainline,,normal,none,commit
BASIC-02,basic_long_dt_900,364,36.40000000000025,B02_TLV_CLV,cav,not_applicable,7682.861588557152,3.5,29.966047489095452,0.07880884422961798,lane_1,mainline,,normal,none,commit
BASIC-02,basic_long_dt_900,365,36.50000000000025,B02_MV,cav,not_applicable,7244.9533572498985,-3.5,0.25632275759677303,4.0,on_ramp,on_ramp_mv,,normal,not_started,commit
BASIC-02,basic_long_dt_900,365,36.50000000000025,B02_CLV,cav,not_applicable,7728.00000778901,3.5,29.99999675457713,1.3522595295967222e-06,lane_1,mainline,,normal,none,commit
BASIC-02,basic_long_dt_900,365,36.50000000000025,B02_CFV,cav,not_applicable,7643.605740217102,3.5,29.951040457563856,-0.7924550627734573,lane_1,mainline,,normal,none,commit
BASIC-02,basic_long_dt_900,365,36.50000000000025,B02_TLV_CLV,cav,not_applicable,7685.8660484384,3.5,30.044598812481738,0.785513233862859,lane_1,mainline,,normal,none,commit
BASIC-02,basic_long_dt_900,366,36.60000000000025,B02_MV,cav,not_applicable,7244.978376797072,-3.5,0.2501954717347375,4.0,on_ramp,on_ramp_mv,,normal,not_started,commit
BASIC-02,basic_long_dt_900,366,36.60000000000025,B02_CLV,cav,not_applicable,7731.00000747745,3.5,29.999996884394044,1.2981691483560099e-06,lane_1,mainline,,normal,none,commit
BASIC-02,basic_long_dt_900,366,36.60000000000025,B02_CFV,cav,not_applicable,7646.60163326689,3.5,29.958930497882392,0.07890040318535319,lane_1,mainline,,normal,none,commit
BASIC-02,basic_long_dt_900,366,36.60000000000025,B02_TLV_CLV,cav,not_applicable,7688.866026155198,3.5,29.99977716797961,-0.4482164450212972,lane_1,mainline,,normal,none,commit
BASIC-02,basic_long_dt_900,367,36.70000000000025,B02_MV,cav,not_applicable,7245.002798262674,-3.5,0.24421465601985565,4.0,on_ramp,on_ramp_mv,,normal,not_started,commit
BASIC-02,basic_long_dt_900,367,36.70000000000025,B02_CLV,cav,not_applicable,7734.000007178352,3.5,29.999997009018283,1.2462423825354564e-06,lane_1,mainline,,normal,none,commit
BASIC-02,basic_long_dt_900,367,36.70000000000025,B02_CFV,cav,not_applicable,7649.605444592704,3.5,30.03811325814301,0.7918276026061981,lane_1,mainline,,normal,none,commit
BASIC-02,basic_long_dt_900,367,36.70000000000025,B02_TLV_CLV,cav,not_applicable,7691.869609373809,3.5,30.03583218611423,0.3605501813462114,lane_1,mainline,,normal,none,commit
BASIC-02,basic_long_dt_900,368,36.80000000000025,B02_MV,cav,not_applicable,7245.026635943589,-3.5,0.23837680914591983,4.0,on_ramp,on_ramp_mv,,normal,not_started,commit
BASIC-02,basic_long_dt_900,368,36.80000000000025,B02_CLV,cav,not_applicable,7737.000006891218,3.5,29.99999712865755,1.1963926866087605e-06,lane_1,mainline,,normal,none,commit
BASIC-02,basic_long_dt_900,368,36.80000000000025,B02_CFV,cav,not_applicable,7652.604825417085,3.5,29.99380824381079,-0.4430501433222015,lane_1,mainline,,normal,none,commit
BASIC-02,basic_long_dt_900,368,36.80000000000025,B02_TLV_CLV,cav,not_applicable,7694.865233457541,3.5,29.956240837315285,-0.7959134879894634,lane_1,mainline,,normal,none,commit
BASIC-02,basic_long_dt_900,369,36.900000000000254,B02_MV,cav,not_applicable,7245.049903794939,-3.5,0.2326785135040171,4.0,on_ramp,on_ramp_mv,,normal,not_started,commit
BASIC-02,basic_long_dt_900,369,36.900000000000254,B02_CLV,cav,not_applicable,7740.000006615569,3.5,29.99999724351125,1.1485369796560009e-06,lane_1,mainline,,normal,none,commit
BASIC-02,basic_long_dt_900,369,36.900000000000254,B02_CFV,cav,not_applicable,7655.60785401302,3.5,30.030285959357155,0.36477715546365336,lane_1,mainline,,normal,none,commit
BASIC-02,basic_long_dt_900,369,36.900000000000254,B02_TLV_CLV,cav,not_applicable,7697.861618249098,3.5,29.963847915570692,0.07607078255407551,lane_1,mainline,,normal,none,commit
BASIC-02,basic_long_dt_900,370,37.000000000000256,B02_MV,cav,not_applicable,7245.072615438257,-3.5,0.2271164331816974,4.0,on_ramp,on_ramp_mv,,normal,not_started,commit
BASIC-02,basic_long_dt_900,370,37.000000000000256,B02_CLV,cav,not_applicable,7743.000006350946,3.5,29.999997353770798,1.1025955004129174e-06,lane_1,mainline,,normal,none,commit
BASIC-02,basic_long_dt_900,370,37.000000000000256,B02_CFV,cav,not_applicable,7658.60295805841,3.5,29.95104045389509,-0.7924550546206472,lane_1,mainline,,normal,none,commit
BASIC-02,basic_long_dt_900,370,37.000000000000256,B02_TLV_CLV,cav,not_applicable,7700.86589816524,3.5,30.042799161416028,0.7895124584533345,lane_1,mainline,,normal,none,commit
BASIC-02,basic_long_dt_900,371,37.10000000000026,B02_MV,cav,not_applicable,7245.094784169459,-3.5,0.2216873120099722,4.0,on_ramp,on_ramp_mv,,normal,not_started,commit
BASIC-02,basic_long_dt_900,371,37.10000000000026,B02_CLV,cav,not_applicable,7746.000006096908,3.5,29.999997459619966,1.0584916807943045e-06,lane_1,mainline,,normal,none,commit
BASIC-02,basic_long_dt_900,371,37.10000000000026,B02_CFV,cav,not_applicable,7661.598851107898,3.5,29.958930494880672,0.07890040985583413,lane_1,mainline,,normal,none,commit
BASIC-02,basic_long_dt_900,371,37.10000000000026,B02_TLV_CLV,cav,not_applicable,7703.865728637859,3.5,29.998304726198572,-0.4449443521745444,lane_1,mainline,,normal,none,commit
BASIC-02,basic_long_dt_900,372,37.20000000000026,B02_MV,cav,not_applicable,7245.116422966625,-3.5,0.21638797165705634,4.0,on_ramp,on_ramp_mv,,normal,not_started,commit
BASIC-02,basic_long_dt_900,372,37.20000000000026,B02_CLV,cav,not_applicable,7749.000005853031,3.5,29.999997561235165,1.0161520137330628e-06,lane_1,mainline,,normal,none,commit
BASIC-02,basic_long_dt_900,372,37.20000000000026,B02_CFV,cav,not_applicable,7664.602662433466,3.5,30.03811325568706,0.7918276080638643,lane_1,mainline,,normal,none,commit
BASIC-02,basic_long_dt_900,372,37.20000000000026,B02_TLV_CLV,cav,not_applicable,7706.869191383961,3.5,30.034627461020655,0.36322734822082736,lane_1,mainline,,normal,none,commit
BASIC-02,basic_long_dt_900,373,37.30000000000026,B02_MV,cav,not_applicable,7245.137544497601,-3.5,0.21121530976820138,4.0,on_ramp,on_ramp_mv,,normal,not_started,commit
BASIC-02,basic_long_dt_900,373,37.30000000000026,B02_CLV,cav,not_applicable,7752.00000561891,3.5,29.99999765878576,9.755059338090177e-07,lane_1,mainline,,normal,none,commit
BASIC-02,basic_long_dt_900,373,37.30000000000026,B02_CFV,cav,not_applicable,7667.602043257646,3.5,29.993808241801375,-0.4430501388568383,lane_1,mainline,,normal,none,commit
BASIC-02,basic_long_dt_900,373,37.30000000000026,B02_TLV_CLV,cav,not_applicable,7709.864716899276,3.5,29.955255153147814,-0.793723078728414,lane_1,mainline,,normal,none,commit
BASIC-02,basic_long_dt_900,374,37.40000000000026,B02_MV,cav,not_applicable,7245.158161127416,-3.5,0.20616629814901044,4.0,on_ramp,on_ramp_mv,,normal,not_started,commit
BASIC-02,basic_long_dt_900,374,37.40000000000026,B02_CLV,cav,not_applicable,7755.000005394154,3.5,29.99999775243433,9.364856964566571e-07,lane_1,mainline,,normal,none,commit
BASIC-02,basic_long_dt_900,374,37.40000000000026,B02_CFV,cav,not_applicable,7670.605071853417,3.5,30.030285957713087,0.3647771591171323,lane_1,mainline,,normal,none,commit
BASIC-02,basic_long_dt_900,374,37.40000000000026,B02_TLV_CLV,cav,not_applicable,7712.8610210439465,3.5,29.9630414467064,0.07786293558584323,lane_1,mainline,,normal,none,commit
BASIC-02,basic_long_dt_900,375,37.50000000000026,B02_MV,cav,not_applicable,7245.178284925515,-3.5,0.20123798099245327,4.0,on_ramp,on_ramp_mv,,normal,not_started,commit
BASIC-02,basic_long_dt_900,375,37.50000000000026,B02_CLV,cav,not_applicable,7758.000005178387,3.5,29.999997842336956,8.990262685415473e-07,lane_1,mainline,,normal,none,commit
BASIC-02,basic_long_dt_900,375,37.50000000000026,B02_CFV,cav,not_applicable,7673.600175898672,3.5,29.951040452549943,-0.7924550516314371,lane_1,mainline,,normal,none,commit
BASIC-02,basic_long_dt_900,375,37.50000000000026,B02_TLV_CLV,cav,not_applicable,7715.8652349762715,3.5,30.042139323254332,0.7909787654793263,lane_1,mainline,,normal,none,commit
BASIC-02,basic_long_dt_900,376,37.600000000000264,B02_MV,cav,not_applicable,7245.19792767283,-3.5,0.1964274731491456,4.0,on_ramp,on_ramp_mv,,normal,not_started,commit
BASIC-02,basic_long_dt_900,376,37.600000000000264,B02_CLV,cav,not_applicable,7761.000004971252,3.5,29.999997928643477,8.630652175156683e-07,lane_1,mainline,,normal,none,commit
BASIC-02,basic_long_dt_900,376,37.600000000000264,B02_CFV,cav,not_applicable,7676.59606894805,3.5,29.958930493780098,0.07890041230155154,lane_1,mainline,,normal,none,commit
BASIC-02,basic_long_dt_900,376,37.600000000000264,B02_TLV_CLV,cav,not_applicable,7718.865011462132,3.5,29.99776485861173,-0.44374464642600575,lane_1,mainline,,normal,none,commit
BASIC-02,basic_long_dt_900,377,37.700000000000266,B02_MV,cav,not_applicable,7245.217100868674,-3.5,0.19173195843784976,4.0,on_ramp,on_ramp_mv,,normal,not_started,commit
BASIC-02,basic_long_dt_900,377,37.700000000000266,B02_CLV,cav,not_applicable,7764.000004772402,3.5,29.999998011497738,8.285426090992588e-07,lane_1,mainline,,normal,none,commit
BASIC-02,basic_long_dt_900,377,37.700000000000266,B02_CFV,cav,not_applicable,7679.5998802735285,3.5,30.038113254786587,0.7918276100649058,lane_1,mainline,,normal,none,commit
BASIC-02,basic_long_dt_900,377,37.700000000000266,B02_TLV_CLV,cav,not_applicable,7721.86843003725,3.5,30.034185751176874,0.3642089256514499,lane_1,mainline,,normal,none,commit
BASIC-02,basic_long_dt_900,378,37.80000000000027,B02_MV,cav,not_applicable,7245.235815737474,-3.5,0.18714868799684845,4.0,on_ramp,on_ramp_mv,,normal,not_started,commit
BASIC-02,basic_long_dt_900,378,37.80000000000027,B02_CLV,cav,not_applicable,7767.000004581505,3.5,29.999998091037828,7.954009049626621e-07,lane_1,mainline,,normal,none,commit
BASIC-02,basic_long_dt_900,378,37.80000000000027,B02_CFV,cav,not_applicable,7682.599261097635,3.5,29.993808241064624,-0.4430501372196225,lane_1,mainline,,normal,none,commit
BASIC-02,basic_long_dt_900,378,37.80000000000027,B02_TLV_CLV,cav,not_applicable,7724.863919412668,3.5,29.95489375418472,-0.7929199699215409,lane_1,mainline,,normal,none,commit
BASIC-02,basic_long_dt_900,379,37.90000000000027,B02_MV,cav,not_applicable,7245.254083235342,-3.5,0.18267497867488727,4.0,on_ramp,on_ramp_mv,,normal,not_started,commit
BASIC-02,basic_long_dt_900,379,37.90000000000027,B02_CLV,cav,not_applicable,7770.0000043982445,3.5,29.999998167396313,7.635848689346859e-07,lane_1,mainline,,normal,none,commit
BASIC-02,basic_long_dt_900,379,37.90000000000027,B02_CFV,cav,not_applicable,7685.6022896933455,3.5,30.03028595711029,0.3647771604566725,lane_1,mainline,,normal,none,commit
BASIC-02,basic_long_dt_900,379,37.90000000000027,B02_TLV_CLV,cav,not_applicable,7727.860193988333,3.5,29.962745756645685,0.07852002460964846,lane_1,mainline,,normal,none,commit
BASIC-02,basic_long_dt_900,380,38.00000000000027,B02_MV,cav,not_applicable,7245.271914056488,-3.5,0.17830821146038156,4.0,on_ramp,on_ramp_mv,,normal,not_started,commit
BASIC-02,basic_long_dt_900,380,38.00000000000027,B02_CLV,cav,not_applicable,7773.000004222315,3.5,29.99999824070046,7.330414746320457e-07,lane_1,mainline,,normal,none,commit
BASIC-02,basic_long_dt_900,380,38.00000000000027,B02_CFV,cav,not_applicable,7688.597393738552,3.5,29.951040452056745,-0.7924550505354497,lane_1,mainline,,normal,none,commit
BASIC-02,basic_long_dt_900,380,38.00000000000027,B02_TLV_CLV,cav,not_applicable,7730.864383727835,3.5,30.041897395022836,0.7915163837715306,lane_1,mainline,,normal,none,commit
BASIC-02,basic_long_dt_900,381,38.10000000000027,B02_MV,cav,not_applicable,7245.289318639482,-3.5,0.17404582994801793,4.0,on_ramp,on_ramp_mv,,normal,not_started,commit
BASIC-02,basic_long_dt_900,381,38.10000000000027,B02_CLV,cav,not_applicable,7776.000004053421,3.5,29.999998311072442,7.03719815930981e-07,lane_1,mainline,,normal,none,commit
BASIC-02,basic_long_dt_900,381,38.10000000000027,B02_CFV,cav,not_applicable,7691.593286787889,3.5,29.95893049337657,0.07890041319826846,lane_1,mainline,,normal,none,commit
BASIC-02,basic_long_dt_900,381,38.10000000000027,B02_TLV_CLV,cav,not_applicable,7733.864140419568,3.5,29.997566917331415,-0.4433047769142022,lane_1,mainline,,normal,none,commit
BASIC-02,basic_long_dt_900,382,38.20000000000027,B02_MV,cav,not_applicable,7245.306307173367,-3.5,0.1698853388423155,4.0,on_ramp,on_ramp_mv,,normal,not_started,commit
BASIC-02,basic_long_dt_900,382,38.20000000000027,B02_CLV,cav,not_applicable,7779.000003891284,3.5,29.999998378629545,6.755710231232115e-07,lane_1,mainline,,normal,none,commit
BASIC-02,basic_long_dt_900,382,38.20000000000027,B02_CFV,cav,not_applicable,7694.597098113335,3.5,30.03811325445643,0.7918276107985833,lane_1,mainline,,normal,none,commit
BASIC-02,basic_long_dt_900,382,38.20000000000027,B02_TLV_CLV,cav,not_applicable,7736.8675427994895,3.5,30.034023799220254,0.36456881888838005,lane_1,mainline,,normal,none,commit
BASIC-02,basic_long_dt_900,383,38.300000000000274,B02_MV,cav,not_applicable,7245.322889603616,-3.5,0.16582430249640792,4.0,on_ramp,on_ramp_mv,,normal,not_started,commit
BASIC-02,basic_long_dt_900,383,38.300000000000274,B02_CLV,cav,not_applicable,7782.000003735632,3.5,29.999998443484362,6.48548181914066e-07,lane_1,mainline,,normal,none,commit
BASIC-02,basic_long_dt_900,383,38.300000000000274,B02_CFV,cav,not_applicable,7697.596478937415,3.5,29.993808240794497,-0.4430501366193409,lane_1,mainline,,normal,none,commit
BASIC-02,basic_long_dt_900,383,38.300000000000274,B02_TLV_CLV,cav,not_applicable,7739.863018924293,3.5,29.954761248038395,-0.7926255118185981,lane_1,mainline,,normal,none,commit
BASIC-02,basic_long_dt_900,384,38.400000000000276,B02_MV,cav,not_applicable,7245.339075637965,-3.5,0.1618603434871329,4.0,on_ramp,on_ramp_mv,,normal,not_started,commit
BASIC-02,basic_long_dt_900,384,38.400000000000276,B02_CLV,cav,not_applicable,7785.000003586207,3.5,29.999998505744987,6.22606255262781e-07,lane_1,mainline,,normal,none,commit
BASIC-02,basic_long_dt_900,384,38.400000000000276,B02_CFV,cav,not_applicable,7700.599507533104,3.5,30.030285956889276,0.36477716094781204,lane_1,mainline,,normal,none,commit
BASIC-02,basic_long_dt_900,384,38.400000000000276,B02_TLV_CLV,cav,not_applicable,7742.859282658545,3.5,29.962637342525962,0.07876094487569252,lane_1,mainline,,normal,none,commit
BASIC-02,basic_long_dt_900,385,38.50000000000028,B02_MV,cav,not_applicable,7245.354874752087,-3.5,0.15799114122208088,4.0,on_ramp,on_ramp_mv,,normal,not_started,commit
BASIC-02,basic_long_dt_900,385,38.50000000000028,B02_CLV,cav,not_applicable,7788.0000034427585,3.5,29.999998565515188,5.977020052227999e-07,lane_1,mainline,,normal,none,commit
BASIC-02,basic_long_dt_900,385,38.50000000000028,B02_CFV,cav,not_applicable,7703.594611578292,3.5,29.951040451875915,-0.7924550501336083,lane_1,mainline,,normal,none,commit
BASIC-02,basic_long_dt_900,385,38.50000000000028,B02_TLV_CLV,cav,not_applicable,7745.863463527801,3.5,30.041808692561247,0.7917135003528394,lane_1,mainline,,normal,none,commit
BASIC-02,basic_long_dt_900,386,38.60000000000028,B02_MV,cav,not_applicable,7245.370296195146,-3.5,0.15421443058186476,4.0,on_ramp,on_ramp_mv,,normal,not_started,commit
BASIC-02,basic_long_dt_900,386,38.60000000000028,B02_CLV,cav,not_applicable,7791.000003305048,3.5,29.99999862289458,5.737939247296709e-07,lane_1,mainline,,normal,none,commit
BASIC-02,basic_long_dt_900,386,38.60000000000028,B02_CFV,cav,not_applicable,7706.590504627615,3.5,29.95893049322862,0.0789004135270478,lane_1,mainline,,normal,none,commit
BASIC-02,basic_long_dt_900,386,38.60000000000028,B02_TLV_CLV,cav,not_applicable,7748.86321296206,3.5,29.997494342590116,-0.44314349971131317,lane_1,mainline,,normal,none,commit
BASIC-02,basic_long_dt_900,387,38.70000000000028,B02_MV,cav,not_applicable,7245.385348995205,-3.5,0.15052800059369628,4.0,on_ramp,on_ramp_mv,,normal,not_started,commit
BASIC-02,basic_long_dt_900,387,38.70000000000028,B02_CLV,cav,not_applicable,7794.000003172846,3.5,29.999998677978798,5.508421679678577e-07,lane_1,mainline,,normal,none,commit
BASIC-02,basic_long_dt_900,387,38.70000000000028,B02_CFV,cav,not_applicable,7709.594315953048,3.5,30.03811325433538,0.7918276110675846,lane_1,mainline,,normal,none,commit
BASIC-02,basic_long_dt_900,387,38.70000000000028,B02_TLV_CLV,cav,not_applicable,7751.866609404049,3.5,30.033964419886463,0.3647007729634711,lane_1,mainline,,normal,none,commit
BASIC-02,basic_long_dt_900,388,38.80000000000028,B02_MV,cav,not_applicable,7245.400041964519,-3.5,0.14692969313735693,4.0,on_ramp,on_ramp_mv,,normal,not_started,commit
BASIC-02,basic_long_dt_900,388,38.80000000000028,B02_CLV,cav,not_applicable,7797.000003045932,3.5,29.999998730859645,5.288084807375526e-07,lane_1,mainline,,normal,none,commit
BASIC-02,basic_long_dt_900,388,38.80000000000028,B02_CFV,cav,not_applicable,7712.593696777118,3.5,29.993808240695454,-0.44305013639924895,lane_1,mainline,,normal,none,commit
BASIC-02,basic_long_dt_900,388,38.80000000000028,B02_TLV_CLV,cav,not_applicable,7754.862080670544,3.5,29.95471266494711,-0.7925175493935236,lane_1,mainline,,normal,none,commit
BASIC-02,basic_long_dt_900,389,38.90000000000028,B02_MV,cav,not_applicable,7245.414383704687,-3.5,0.14341740168138892,4.0,on_ramp,on_ramp_mv,,normal,not_started,commit
BASIC-02,basic_long_dt_900,389,38.90000000000028,B02_CLV,cav,not_applicable,7800.000002924095,3.5,29.99999878162526,5.076561421901716e-07,lane_1,mainline,,normal,none,commit
BASIC-02,basic_long_dt_900,389,38.90000000000028,B02_CFV,cav,not_applicable,7715.596725372799,3.5,30.030285956808243,0.3647771611278873,lane_1,mainline,,normal,none,commit
BASIC-02,basic_long_dt_900,389,38.90000000000028,B02_TLV_CLV,cav,not_applicable,7757.858340429816,3.5,29.962597592724002,0.07884927776893536,lane_1,mainline,,normal,none,commit
BASIC-02,basic_long_dt_900,390,39.000000000000284,B02_MV,cav,not_applicable,7245.428382611692,-3.5,0.13998907005015826,4.0,on_ramp,on_ramp_mv,,normal,not_started,commit
BASIC-02,basic_long_dt_900,390,39.000000000000284,B02_CLV,cav,not_applicable,7803.000002807131,3.5,29.999998830360248,4.873498966162515e-07,lane_1,mainline,,normal,none,commit
BASIC-02,basic_long_dt_900,390,39.000000000000284,B02_CFV,cav,not_applicable,7718.591829417979,3.5,29.951040451809614,-0.7924550499862739,lane_1,mainline,,normal,none,commit
BASIC-02,basic_long_dt_900,390,39.000000000000284,B02_TLV_CLV,cav,not_applicable,7760.862518046815,3.5,30.041776169996005,0.791785772720038,lane_1,mainline,,normal,none,commit
BASIC-02,basic_long_dt_900,391,39.100000000000286,B02_MV,cav,not_applicable,7245.442046880814,-3.5,0.13664269121983386,4.0,on_ramp,on_ramp_mv,,normal,not_started,commit
BASIC-02,basic_long_dt_900,391,39.100000000000286,B02_CLV,cav,not_applicable,7806.0000026948455,3.5,29.99999887714584,4.678559008652883e-07,lane_1,mainline,,normal,none,commit
BASIC-02,basic_long_dt_900,391,39.100000000000286,B02_CFV,cav,not_applicable,7721.587722467297,3.5,29.958930493174375,0.07890041364759415,lane_1,mainline,,normal,none,commit
BASIC-02,basic_long_dt_900,391,39.100000000000286,B02_TLV_CLV,cav,not_applicable,7763.862264820137,3.5,29.997467733218553,-0.4430843677745143,lane_1,mainline,,normal,none,commit
BASIC-02,basic_long_dt_900,392,39.20000000000029,B02_MV,cav,not_applicable,7245.455384511428,-3.5,0.13337630614371676,4.0,on_ramp,on_ramp_mv,,normal,not_started,commit
BASIC-02,basic_long_dt_900,392,39.20000000000029,B02_CLV,cav,not_applicable,7809.000002587051,3.5,29.999998922060005,4.491416646601465e-07,lane_1,mainline,,normal,none,commit
BASIC-02,basic_long_dt_900,392,39.20000000000029,B02_CFV,cav,not_applicable,7724.591533792726,3.5,30.038113254290995,0.7918276111662134,lane_1,mainline,,normal,none,commit
BASIC-02,basic_long_dt_900,392,39.20000000000029,B02_TLV_CLV,cav,not_applicable,7766.865659084995,3.5,30.033942648582457,0.36474915363903376,lane_1,mainline,,normal,none,commit
BASIC-02,basic_long_dt_900,393,39.30000000000029,B02_MV,cav,not_applicable,7245.468403311688,-3.5,0.13018800260561547,4.0,on_ramp,on_ramp_mv,,normal,not_started,commit
BASIC-02,basic_long_dt_900,393,39.30000000000029,B02_CLV,cav,not_applicable,7812.000002483569,3.5,29.999998965177603,4.311759980168972e-07,lane_1,mainline,,normal,none,commit
BASIC-02,basic_long_dt_900,393,39.30000000000029,B02_CFV,cav,not_applicable,7727.590914616792,3.5,29.99380824065914,-0.4430501363185527,lane_1,mainline,,normal,none,commit
BASIC-02,basic_long_dt_900,393,39.30000000000029,B02_TLV_CLV,cav,not_applicable,7769.861128570201,3.5,29.954694852062016,-0.7924779652044269,lane_1,mainline,,normal,none,commit
BASIC-02,basic_long_dt_900,394,39.40000000000029,B02_MV,cav,not_applicable,7245.481110903098,-3.5,0.1270759140995281,4.0,on_ramp,on_ramp_mv,,normal,not_started,commit
BASIC-02,basic_long_dt_900,394,39.40000000000029,B02_CLV,cav,not_applicable,7815.000002384226,3.5,29.999999006570498,4.139289586646555e-07,lane_1,mainline,,normal,none,commit
BASIC-02,basic_long_dt_900,394,39.40000000000029,B02_CFV,cav,not_applicable,7730.593943212471,3.5,30.03028595677853,0.36477716119391146,lane_1,mainline,,normal,none,commit
BASIC-02,basic_long_dt_900,394,39.40000000000029,B02_TLV_CLV,cav,not_applicable,7772.857386872055,3.5,29.96258301854529,0.07888166483274173,lane_1,mainline,,normal,none,commit
BASIC-02,basic_long_dt_900,395,39.50000000000029,B02_MV,cav,not_applicable,7245.493514724972,-3.5,0.12403821873780517,4.0,on_ramp,on_ramp_mv,,normal,not_started,commit
BASIC-02,basic_long_dt_900,395,39.50000000000029,B02_CLV,cav,not_applicable,7818.000002288856,3.5,29.99999904630768,3.973718008865035e-07,lane_1,mainline,,normal,none,commit
BASIC-02,basic_long_dt_900,395,39.50000000000029,B02_CFV,cav,not_applicable,7733.589047257649,3.5,29.951040451785307,-0.7924550499322542,lane_1,mainline,,normal,none,commit
BASIC-02,basic_long_dt_900,395,39.50000000000029,B02_TLV_CLV,cav,not_applicable,7775.861563296622,3.5,30.041764245667967,0.7918122712267887,lane_1,mainline,,normal,none,commit
BASIC-02,basic_long_dt_900,396,39.60000000000029,B02_MV,cav,not_applicable,7245.50562203879,-3.5,0.12107313818409739,4.0,on_ramp,on_ramp_mv,,normal,not_started,commit
BASIC-02,basic_long_dt_900,396,39.60000000000029,B02_CLV,cav,not_applicable,7821.000002197302,3.5,29.99999908445537,3.814769286236697e-07,lane_1,mainline,,normal,none,commit
BASIC-02,basic_long_dt_900,396,39.60000000000029,B02_CFV,cav,not_applicable,7736.584940306965,3.5,29.958930493154487,0.07890041369179202,lane_1,mainline,,normal,none,commit
BASIC-02,basic_long_dt_900,396,39.60000000000029,B02_TLV_CLV,cav,not_applicable,7778.861309094317,3.5,29.99745797695016,-0.44306268717808195,lane_1,mainline,,normal,none,commit
BASIC-02,basic_long_dt_900,397,39.700000000000294,B02_MV,cav,not_applicable,7245.5174399324505,-3.5,0.11817893661260996,4.0,on_ramp,on_ramp_mv,,normal,not_started,commit
BASIC-02,basic_long_dt_900,397,39.700000000000294,B02_CLV,cav,not_applicable,7824.000002109409,3.5,29.999999121077156,3.6621785142187947e-07,lane_1,mainline,,normal,none,commit
BASIC-02,basic_long_dt_900,397,39.700000000000294,B02_CFV,cav,not_applicable,7739.588751632393,3.5,30.038113254274723,0.7918276112023753,lane_1,mainline,,normal,none,commit
BASIC-02,basic_long_dt_900,397,39.700000000000294,B02_TLV_CLV,cav,not_applicable,7781.864702560935,3.5,30.033934666181043,0.3647668923088421,lane_1,mainline,,normal,none,commit
BASIC-02,basic_long_dt_900,398,39.800000000000296,B02_MV,cav,not_applicable,7245.52897532442,-3.5,0.11535391969148973,4.0,on_ramp,on_ramp_mv,,normal,not_started,commit
BASIC-02,basic_long_dt_900,398,39.800000000000296,B02_CLV,cav,not_applicable,7827.000002025033,3.5,29.999999156234068,3.515691375355346e-07,lane_1,mainline,,normal,none,commit
BASIC-02,basic_long_dt_900,398,39.800000000000296,B02_CFV,cav,not_applicable,7742.588132456457,3.5,29.993808240645826,-0.4430501362889656,lane_1,mainline,,normal,none,commit
BASIC-02,basic_long_dt_900,398,39.800000000000296,B02_TLV_CLV,cav,not_applicable,7784.860171393036,3.5,29.954688321006312,-0.792463451747311,lane_1,mainline,,normal,none,commit
BASIC-02,basic_long_dt_900,399,39.9000000000003,B02_MV,cav,not_applicable,7245.540234967779,-3.5,0.11259643359121432,4.0,on_ramp,on_ramp_mv,,normal,not_started,commit
BASIC-02,basic_long_dt_900,399,39.9000000000003,B02_CLV,cav,not_applicable,7830.000001944031,3.5,29.999999189984706,3.375063727162342e-07,lane_1,mainline,,normal,none,commit
BASIC-02,basic_long_dt_900,399,39.9000000000003,B02_CFV,cav,not_applicable,7745.591161052133,3.5,30.03028595676764,0.3647771612181191,lane_1,mainline,,normal,none,commit
BASIC-02,basic_long_dt_900,399,39.9000000000003,B02_TLV_CLV,cav,not_applicable,7787.856429160531,3.5,29.96257767495426,0.07889353947947286,lane_1,mainline,,normal,none,commit
BASIC-02,basic_long_dt_900,400,40.0000000000003,B02_MV,cav,not_applicable,7245.551225454181,-3.5,0.10990486401646189,4.0,on_ramp,on_ramp_mv,,normal,not_started,commit
BASIC-02,basic_long_dt_900,400,40.0000000000003,B02_CLV,cav,not_applicable,7833.0000018662695,3.5,29.999999222385316,3.2400611758021116e-07,lane_1,mainline,,normal,none,commit
BASIC-02,basic_long_dt_900,400,40.0000000000003,B02_CFV,cav,not_applicable,7748.586265097311,3.5,29.951040451776393,-0.792455049912448,lane_1,mainline,,normal,none,commit
BASIC-02,basic_long_dt_900,400,40.0000000000003,B02_TLV_CLV,cav,not_applicable,7790.860605147895,3.5,30.041759873638945,0.7918219868468415,lane_1,mainline,,normal,none,commit
BASIC-02,basic_long_dt_900,401,40.1000000000003,B02_MV,cav,not_applicable,7245.561953217707,-3.5,0.10727763526080877,4.0,on_ramp,on_ramp_mv,,normal,not_started,commit
BASIC-02,basic_long_dt_900,401,40.1000000000003,B02_CLV,cav,not_applicable,7836.000001791618,3.5,29.999999253489904,3.110458735022803e-07,lane_1,mainline,,normal,none,commit
BASIC-02,basic_long_dt_900,401,40.1000000000003,B02_CFV,cav,not_applicable,7751.582158146626,3.5,29.958930493147193,0.07890041370799716,lane_1,mainline,,normal,none,commit
BASIC-02,basic_long_dt_900,401,40.1000000000003,B02_TLV_CLV,cav,not_applicable,7793.860350587878,3.5,29.997454399835505,-0.44305473803440243,lane_1,mainline,,normal,none,commit
BASIC-02,basic_long_dt_900,402,40.2000000000003,B02_MV,cav,not_applicable,7245.5724245386355,-3.5,0.10471320928469029,4.0,on_ramp,on_ramp_mv,,normal,not_started,commit
BASIC-02,basic_long_dt_900,402,40.2000000000003,B02_CLV,cav,not_applicable,7839.000001719954,3.5,29.999999283350306,2.9860403856218913e-07,lane_1,mainline,,normal,none,commit
BASIC-02,basic_long_dt_900,402,40.2000000000003,B02_CFV,cav,not_applicable,7754.585969472053,3.5,30.038113254268758,0.791827611215634,lane_1,mainline,,normal,none,commit
BASIC-02,basic_long_dt_900,402,40.2000000000003,B02_TLV_CLV,cav,not_applicable,7796.863743761824,3.5,30.03393173945087,0.36477339615367077,lane_1,mainline,,normal,none,commit
BASIC-02,basic_long_dt_900,403,40.3000000000003,B02_MV,cav,not_applicable,7245.582645547117,-3.5,0.10221008481445028,4.0,on_ramp,on_ramp_mv,,normal,not_started,commit
BASIC-02,basic_long_dt_900,403,40.3000000000003,B02_CLV,cav,not_applicable,7842.000001651155,3.5,29.999999312016293,2.8665987770182257e-07,lane_1,mainline,,normal,none,commit
BASIC-02,basic_long_dt_900,403,40.3000000000003,B02_CFV,cav,not_applicable,7757.585350296117,3.5,29.993808240640945,-0.4430501362781175,lane_1,mainline,,normal,none,commit
BASIC-02,basic_long_dt_900,403,40.3000000000003,B02_TLV_CLV,cav,not_applicable,7799.859212354464,3.5,29.9546859264089,-0.7924581304197238,lane_1,mainline,,normal,none,commit
BASIC-02,basic_long_dt_900,404,40.400000000000304,B02_MV,cav,not_applicable,7245.5926222267635,-3.5,0.09976679646378402,4.0,on_ramp,on_ramp_mv,,normal,not_started,commit
BASIC-02,basic_long_dt_900,404,40.400000000000304,B02_CLV,cav,not_applicable,7845.000001585108,3.5,29.99999933953564,2.751934829348102e-07,lane_1,mainline,,normal,none,commit
BASIC-02,basic_long_dt_900,404,40.400000000000304,B02_CFV,cav,not_applicable,7760.588378891794,3.5,30.030285956763645,0.36477716122699483,lane_1,mainline,,normal,none,commit
BASIC-02,basic_long_dt_900,404,40.400000000000304,B02_TLV_CLV,cav,not_applicable,7802.855469926038,3.5,29.962575715738193,0.07889789329295338,lane_1,mainline,,normal,none,commit
BASIC-02,basic_long_dt_900,405,40.500000000000306,B02_MV,cav,not_applicable,7245.602360418151,-3.5,0.09738191387583506,4.0,on_ramp,on_ramp_mv,,normal,not_started,commit
BASIC-02,basic_long_dt_900,405,40.500000000000306,B02_CLV,cav,not_applicable,7848.000001521704,3.5,29.999999365954217,2.641857435037309e-07,lane_1,mainline,,normal,none,commit
BASIC-02,basic_long_dt_900,405,40.500000000000306,B02_CFV,cav,not_applicable,7763.5834829369705,3.5,29.951040451773128,-0.792455049905186,lane_1,mainline,,normal,none,commit
BASIC-02,basic_long_dt_900,405,40.500000000000306,B02_TLV_CLV,cav,not_applicable,7805.859645753102,3.5,30.04175827064398,0.791825549057871,lane_1,mainline,,normal,none,commit
BASIC-02,basic_long_dt_900,406,40.60000000000031,B02_MV,cav,not_applicable,7245.611865822239,-3.5,0.0950540408859463,4.0,on_ramp,on_ramp_mv,,normal,not_started,commit
BASIC-02,basic_long_dt_900,406,40.60000000000031,B02_CLV,cav,not_applicable,7851.000001460835,3.5,29.99999939131605,2.536183131951475e-07,lane_1,mainline,,normal,none,commit
BASIC-02,basic_long_dt_900,406,40.60000000000031,B02_CFV,cav,not_applicable,7766.579375986285,3.5,29.95893049314452,0.07890041371393874,lane_1,mainline,,normal,none,commit
BASIC-02,basic_long_dt_900,406,40.60000000000031,B02_TLV_CLV,cav,not_applicable,7808.859391061931,3.5,29.997453088294172,-0.44305182349810557,lane_1,mainline,,normal,none,commit
BASIC-02,basic_long_dt_900,407,40.70000000000031,B02_MV,cav,not_applicable,7245.62114400371,-3.5,0.09278181470397776,4.0,on_ramp,on_ramp_mv,,normal,not_started,commit
BASIC-02,basic_long_dt_900,407,40.70000000000031,B02_CLV,cav,not_applicable,7854.000001402402,3.5,29.999999415663407,2.4347358049681136e-07,lane_1,mainline,,normal,none,commit
BASIC-02,basic_long_dt_900,407,40.70000000000031,B02_CFV,cav,not_applicable,7769.583187311712,3.5,30.03811325426657,0.7918276112204954,lane_1,mainline,,normal,none,commit
BASIC-02,basic_long_dt_900,407,40.70000000000031,B02_TLV_CLV,cav,not_applicable,7811.862784128568,3.5,30.0339306663716,0.3647757807742773,lane_1,mainline,,normal,none,commit
BASIC-02,basic_long_dt_900,408,40.80000000000031,B02_MV,cav,not_applicable,7245.630200394221,-3.5,0.09056390511684378,4.0,on_ramp,on_ramp_mv,,normal,not_started,commit
BASIC-02,basic_long_dt_900,408,40.80000000000031,B02_CLV,cav,not_applicable,7857.000001346305,3.5,29.99999943903687,2.337346373337823e-07,lane_1,mainline,,normal,none,commit
BASIC-02,basic_long_dt_900,408,40.80000000000031,B02_CFV,cav,not_applicable,7772.5825681357765,3.5,29.993808240639154,-0.44305013627414014,lane_1,mainline,,normal,none,commit
BASIC-02,basic_long_dt_900,408,40.80000000000031,B02_TLV_CLV,cav,not_applicable,7814.858252633411,3.5,29.95468504843495,-0.7924561793665004,lane_1,mainline,,normal,none,commit
BASIC-02,basic_long_dt_900,409,40.90000000000031,B02_MV,cav,not_applicable,7245.639040295592,-3.5,0.08839901370953011,4.0,on_ramp,on_ramp_mv,,normal,not_started,commit
BASIC-02,basic_long_dt_900,409,40.90000000000031,B02_CLV,cav,not_applicable,7860.000001292453,3.5,29.999999461475394,2.243852520678047e-07,lane_1,mainline,,normal,none,commit
BASIC-02,basic_long_dt_900,409,40.90000000000031,B02_CFV,cav,not_applicable,7775.585596731453,3.5,30.030285956762178,0.364777161230249,lane_1,mainline,,normal,none,commit
BASIC-02,basic_long_dt_900,409,40.90000000000031,B02_TLV_CLV,cav,not_applicable,7817.854510133151,3.5,29.962574997395873,0.07889948960922699,lane_1,mainline,,normal,none,commit
BASIC-02,basic_long_dt_900,410,41.00000000000031,B02_MV,cav,not_applicable,7245.6476688829025,-3.5,0.08628587310502556,4.0,on_ramp,on_ramp_mv,,normal,not_started,commit
BASIC-02,basic_long_dt_900,410,41.00000000000031,B02_CLV,cav,not_applicable,7863.0000012407545,3.5,29.999999483016378,2.154098424966833e-07,lane_1,mainline,,normal,none,commit
BASIC-02,basic_long_dt_900,410,41.00000000000031,B02_CFV,cav,not_applicable,7778.58070077663,3.5,29.951040451771927,-0.7924550499025235,lane_1,mainline,,normal,none,commit
BASIC-02,basic_long_dt_900,410,41.00000000000031,B02_TLV_CLV,cav,not_applicable,7820.858685901442,3.5,30.041757682909356,0.7918268551348221,lane_1,mainline,,normal,none,commit
BASIC-02,basic_long_dt_900,411,41.100000000000314,B02_MV,cav,not_applicable,7245.656091207525,-3.5,0.08422324622273379,4.0,on_ramp,on_ramp_mv,,normal,not_started,commit
BASIC-02,basic_long_dt_900,411,41.100000000000314,B02_CLV,cav,not_applicable,7866.000001191124,3.5,29.999999503695722,2.0679344885365937e-07,lane_1,mainline,,normal,none,commit
BASIC-02,basic_long_dt_900,411,41.100000000000314,B02_CFV,cav,not_applicable,7781.576593825944,3.5,29.95893049314354,0.07890041371611722,lane_1,mainline,,normal,none,commit
BASIC-02,basic_long_dt_900,411,41.100000000000314,B02_TLV_CLV,cav,not_applicable,7823.858431162184,3.5,29.99745260742039,-0.44305075488969103,lane_1,mainline,,normal,none,commit
BASIC-02,basic_long_dt_900,412,41.200000000000315,B02_MV,cav,not_applicable,7245.66431220008,-3.5,0.08220992555362562,4.0,on_ramp,on_ramp_mv,,normal,not_started,commit
BASIC-02,basic_long_dt_900,412,41.200000000000315,B02_CLV,cav,not_applicable,7869.0000011434795,3.5,29.999999523547892,1.9852171107004324e-07,lane_1,mainline,,normal,none,commit
BASIC-02,basic_long_dt_900,412,41.200000000000315,B02_CFV,cav,not_applicable,7784.5804051513705,3.5,30.038113254265767,0.7918276112222777,lane_1,mainline,,normal,none,commit
BASIC-02,basic_long_dt_900,412,41.200000000000315,B02_TLV_CLV,cav,not_applicable,7826.861824189477,3.5,30.033930272929414,0.3647766550902528,lane_1,mainline,,normal,none,commit
BASIC-02,basic_long_dt_900,413,41.30000000000032,B02_MV,cav,not_applicable,7245.672336673325,-3.5,0.08024473245387134,4.0,on_ramp,on_ramp_mv,,normal,not_started,commit
BASIC-02,basic_long_dt_900,413,41.30000000000032,B02_CLV,cav,not_applicable,7872.00000109774,3.5,29.999999542605977,1.9058084319567572e-07,lane_1,mainline,,normal,none,commit
BASIC-02,basic_long_dt_900,413,41.30000000000032,B02_CFV,cav,not_applicable,7787.579785975435,3.5,29.993808240638497,-0.44305013627268186,lane_1,mainline,,normal,none,commit
BASIC-02,basic_long_dt_900,413,41.30000000000032,B02_TLV_CLV,cav,not_applicable,7829.85729266213,3.5,29.954684726527706,-0.7924554640170658,lane_1,mainline,,normal,none,commit
BASIC-02,basic_long_dt_900,414,41.40000000000032,B02_MV,cav,not_applicable,7245.68016932497,-3.5,0.07832651645434383,4.0,on_ramp,on_ramp_mv,,normal,not_started,commit
BASIC-02,basic_long_dt_900,414,41.40000000000032,B02_CLV,cav,not_applicable,7875.000001053831,3.5,29.99999956090174,1.82957609240475e-07,lane_1,mainline,,normal,none,commit
BASIC-02,basic_long_dt_900,414,41.40000000000032,B02_CFV,cav,not_applicable,7790.582814571111,3.5,30.03028595676164,0.36477716123144216,lane_1,mainline,,normal,none,commit
BASIC-02,basic_long_dt_900,414,41.40000000000032,B02_TLV_CLV,cav,not_applicable,7832.853550135532,3.5,29.96257473401722,0.07890007489512807,lane_1,mainline,,normal,none,commit
BASIC-02,basic_long_dt_900,415,41.50000000000032,B02_MV,cav,not_applicable,7245.687814740429,-3.5,0.0764541545877322,4.0,on_ramp,on_ramp_mv,,normal,not_started,commit
BASIC-02,basic_long_dt_900,415,41.50000000000032,B02_CLV,cav,not_applicable,7878.000001011677,3.5,29.99999957846567,1.7563930470032575e-07,lane_1,mainline,,normal,none,commit
BASIC-02,basic_long_dt_900,415,41.50000000000032,B02_CFV,cav,not_applicable,7793.577918616288,3.5,29.951040451771487,-0.7924550499015472,lane_1,mainline,,normal,none,commit
BASIC-02,basic_long_dt_900,415,41.50000000000032,B02_TLV_CLV,cav,not_applicable,7835.857725882273,3.5,30.04175746741773,0.7918273340051047,lane_1,mainline,,normal,none,commit
BASIC-02,basic_long_dt_900,416,41.60000000000032,B02_MV,cav,not_applicable,7245.695277395502,-3.5,0.07462655073043921,4.0,on_ramp,on_ramp_mv,,normal,not_started,commit
BASIC-02,basic_long_dt_900,416,41.60000000000032,B02_CLV,cav,not_applicable,7881.00000097121,3.5,29.999999595327044,1.686137323986259e-07,lane_1,mainline,,normal,none,commit
BASIC-02,basic_long_dt_900,416,41.60000000000032,B02_CFV,cav,not_applicable,7796.573811665602,3.5,29.95893049314318,0.07890041371691592,lane_1,mainline,,normal,none,commit
BASIC-02,basic_long_dt_900,416,41.60000000000032,B02_TLV_CLV,cav,not_applicable,7838.857471125384,3.5,29.997452431109057,-0.4430503630867324,lane_1,mainline,,normal,none,commit
BASIC-02,basic_long_dt_900,417,41.70000000000032,B02_MV,cav,not_applicable,7245.702561658998,-3.5,0.07284263496143671,4.0,on_ramp,on_ramp_mv,,normal,not_started,commit
BASIC-02,basic_long_dt_900,417,41.70000000000032,B02_CLV,cav,not_applicable,7884.000000932362,3.5,29.99999961151396,1.618691825910901e-07,lane_1,mainline,,normal,none,commit
BASIC-02,basic_long_dt_900,417,41.70000000000032,B02_CFV,cav,not_applicable,7799.577622991029,3.5,30.038113254265472,0.7918276112229312,lane_1,mainline,,normal,none,commit
BASIC-02,basic_long_dt_900,417,41.70000000000032,B02_TLV_CLV,cav,not_applicable,7841.860864138252,3.5,30.033930128674687,0.3647769756563099,lane_1,mainline,,normal,none,commit
BASIC-02,basic_long_dt_900,418,41.800000000000324,B02_MV,cav,not_applicable,7245.709671795292,-3.5,0.07110136293568776,4.0,on_ramp,on_ramp_mv,,normal,not_started,commit
BASIC-02,basic_long_dt_900,418,41.800000000000324,B02_CLV,cav,not_applicable,7887.000000895067,3.5,29.999999627053402,1.5539441591272408e-07,lane_1,mainline,,normal,none,commit
BASIC-02,basic_long_dt_900,418,41.800000000000324,B02_CFV,cav,not_applicable,7802.577003815093,3.5,29.993808240638256,-0.4430501362721472,lane_1,mainline,,normal,none,commit
BASIC-02,basic_long_dt_900,418,41.800000000000324,B02_TLV_CLV,cav,not_applicable,7844.856332599102,3.5,29.95468460850111,-0.7924552017357465,lane_1,mainline,,normal,none,commit
BASIC-02,basic_long_dt_900,419,41.900000000000325,B02_MV,cav,not_applicable,7245.716611966819,-3.5,0.06940171527278732,4.0,on_ramp,on_ramp_mv,,normal,not_started,commit
BASIC-02,basic_long_dt_900,419,41.900000000000325,B02_CLV,cav,not_applicable,7890.000000859264,3.5,29.999999641971264,1.491786392193717e-07,lane_1,mainline,,normal,none,commit
BASIC-02,basic_long_dt_900,419,41.900000000000325,B02_CFV,cav,not_applicable,7805.5800324107695,3.5,30.030285956761443,0.36477716123187964,lane_1,mainline,,normal,none,commit
BASIC-02,basic_long_dt_900,419,41.900000000000325,B02_TLV_CLV,cav,not_applicable,7847.8525900628465,3.5,29.962574637450004,0.0789002894889348,lane_1,mainline,,normal,none,commit
BASIC-02,basic_long_dt_900,420,42.00000000000033,B02_MV,cav,not_applicable,7245.723386236515,-3.5,0.06774269696016966,4.0,on_ramp,on_ramp_mv,,normal,not_started,commit
BASIC-02,basic_long_dt_900,420,42.00000000000033,B02_CLV,cav,not_applicable,7893.0000008248935,3.5,29.999999656292413,1.43211494219031e-07,lane_1,mainline,,normal,none,commit
BASIC-02,basic_long_dt_900,420,42.00000000000033,B02_CFV,cav,not_applicable,7808.575136455946,3.5,29.951040451771323,-0.7924550499011893,lane_1,mainline,,normal,none,commit
BASIC-02,basic_long_dt_900,420,42.00000000000033,B02_TLV_CLV,cav,not_applicable,7850.856765801687,3.5,30.04175738840819,0.7918275095818558,lane_1,mainline,,normal,none,commit
BASIC-02,basic_long_dt_900,421,42.10000000000033,B02_MV,cav,not_applicable,7245.729998570192,-3.5,0.06612333677066463,4.0,on_ramp,on_ramp_mv,,normal,not_started,commit
BASIC-02,basic_long_dt_900,421,42.10000000000033,B02_CLV,cav,not_applicable,7896.000000791898,3.5,29.999999670040715,1.3748303473448686e-07,lane_1,mainline,,normal,none,commit
BASIC-02,basic_long_dt_900,421,42.10000000000033,B02_CFV,cav,not_applicable,7811.57102950526,3.5,29.958930493143043,0.0789004137172088,lane_1,mainline,,normal,none,commit
BASIC-02,basic_long_dt_900,421,42.10000000000033,B02_TLV_CLV,cav,not_applicable,7853.856511038333,3.5,29.997452366464888,-0.443050219433027,lane_1,mainline,,normal,none,commit
BASIC-02,basic_long_dt_900,422,42.20000000000033,B02_MV,cav,not_applicable,7245.736452838862,-3.5,0.06454268669353373,4.0,on_ramp,on_ramp_mv,,normal,not_started,commit
BASIC-02,basic_long_dt_900,422,42.20000000000033,B02_CLV,cav,not_applicable,7899.000000760222,3.5,29.999999683239086,1.319837139135416e-07,lane_1,mainline,,normal,none,commit
BASIC-02,basic_long_dt_900,422,42.20000000000033,B02_CFV,cav,not_applicable,7814.574840830687,3.5,30.03811325426536,0.7918276112231708,lane_1,mainline,,normal,none,commit
BASIC-02,basic_long_dt_900,422,42.20000000000033,B02_TLV_CLV,cav,not_applicable,7856.859904045912,3.5,30.033930075784003,0.36477709319115975,lane_1,mainline,,normal,none,commit
BASIC-02,basic_long_dt_900,423,42.30000000000033,B02_MV,cav,not_applicable,7245.742752821,-3.5,0.0629998213802898,4.0,on_ramp,on_ramp_mv,,normal,not_started,commit
BASIC-02,basic_long_dt_900,423,42.30000000000033,B02_CLV,cav,not_applicable,7902.000000729813,3.5,29.999999695909523,1.2670436575490384e-07,lane_1,mainline,,normal,none,commit
BASIC-02,basic_long_dt_900,423,42.30000000000033,B02_CFV,cav,not_applicable,7817.574221654751,3.5,29.993808240638167,-0.4430501362719511,lane_1,mainline,,normal,none,commit
BASIC-02,basic_long_dt_900,423,42.30000000000033,B02_TLV_CLV,cav,not_applicable,7859.855372502435,3.5,29.954684565226916,-0.7924551055708693,lane_1,mainline,,normal,none,commit
BASIC-02,basic_long_dt_900,424,42.40000000000033,B02_MV,cav,not_applicable,7245.74890220476,-3.5,0.06149383760225707,4.0,on_ramp,on_ramp_mv,,normal,not_started,commit
BASIC-02,basic_long_dt_900,424,42.40000000000033,B02_CLV,cav,not_applicable,7905.00000070062,3.5,29.99999970807314,1.2163619089733402e-07,lane_1,mainline,,normal,none,commit
BASIC-02,basic_long_dt_900,424,42.40000000000033,B02_CFV,cav,not_applicable,7820.577250250428,3.5,30.03028595676137,0.36477716123204007,lane_1,mainline,,normal,none,commit
BASIC-02,basic_long_dt_900,424,42.40000000000033,B02_TLV_CLV,cav,not_applicable,7862.851629962639,3.5,29.962574602043844,0.0789003681692888,lane_1,mainline,,normal,none,commit
BASIC-02,basic_long_dt_900,425,42.500000000000334,B02_MV,cav,not_applicable,7245.754904590132,-3.5,0.06002385372226291,4.0,on_ramp,on_ramp_mv,,normal,not_started,commit
BASIC-02,basic_long_dt_900,425,42.500000000000334,B02_CLV,cav,not_applicable,7908.000000672595,3.5,29.999999719750214,1.1677074382987485e-07,lane_1,mainline,,normal,none,commit
BASIC-02,basic_long_dt_900,425,42.500000000000334,B02_CFV,cav,not_applicable,7823.572354295605,3.5,29.951040451771267,-0.7924550499010581,lane_1,mainline,,normal,none,commit
BASIC-02,basic_long_dt_900,425,42.500000000000334,B02_TLV_CLV,cav,not_applicable,7865.855805698583,3.5,30.04175735943951,0.7918275739566909,lane_1,mainline,,normal,none,commit
BASIC-02,basic_long_dt_900,426,42.600000000000335,B02_MV,cav,not_applicable,7245.76076349105,-3.5,0.05858900917806966,4.0,on_ramp,on_ramp_mv,,normal,not_started,commit
BASIC-02,basic_long_dt_900,426,42.600000000000335,B02_CLV,cav,not_applicable,7911.000000645691,3.5,29.999999730960205,1.1209991441774037e-07,lane_1,mainline,,normal,none,commit
BASIC-02,basic_long_dt_900,426,42.600000000000335,B02_CFV,cav,not_applicable,7826.568247344919,3.5,29.958930493142997,0.07890041371731615,lane_1,mainline,,normal,none,commit
BASIC-02,basic_long_dt_900,426,42.600000000000335,B02_TLV_CLV,cav,not_applicable,7868.855550932859,3.5,29.99745234276324,-0.44305016676270736,lane_1,mainline,,normal,none,commit
BASIC-02,basic_long_dt_900,427,42.70000000000034,B02_MV,cav,not_applicable,7245.766482337448,-3.5,0.05718846397885125,4.0,on_ramp,on_ramp_mv,,normal,not_started,commit
BASIC-02,basic_long_dt_900,427,42.70000000000034,B02_CLV,cav,not_applicable,7914.000000619863,3.5,29.999999741721798,1.0761591795471759e-07,lane_1,mainline,,normal,none,commit
BASIC-02,basic_long_dt_900,427,42.70000000000034,B02_CFV,cav,not_applicable,7829.5720586703455,3.5,30.038113254265323,0.7918276112232587,lane_1,mainline,,normal,none,commit
BASIC-02,basic_long_dt_900,427,42.70000000000034,B02_TLV_CLV,cav,not_applicable,7871.858943938498,3.5,30.033930056391746,0.36477713628505765,lane_1,mainline,,normal,none,commit
BASIC-02,basic_long_dt_900,428,42.80000000000034,B02_MV,cav,not_applicable,7245.772064477269,-3.5,0.05582139821340987,4.0,on_ramp,on_ramp_mv,,normal,not_started,commit
BASIC-02,basic_long_dt_900,428,42.80000000000034,B02_CLV,cav,not_applicable,7917.000000595069,3.5,29.999999752052926,1.033112809523118e-07,lane_1,mainline,,normal,none,commit
BASIC-02,basic_long_dt_900,428,42.80000000000034,B02_CFV,cav,not_applicable,7832.57143949441,3.5,29.993808240638135,-0.44305013627187917,lane_1,mainline,,normal,none,commit
BASIC-02,basic_long_dt_900,428,42.80000000000034,B02_TLV_CLV,cav,not_applicable,7874.854412393433,3.5,29.954684549360525,-0.7924550703122255,lane_1,mainline,,normal,none,commit
BASIC-02,basic_long_dt_900,429,42.90000000000034,B02_MV,cav,not_applicable,7245.777513178426,-3.5,0.054487011570350324,4.0,on_ramp,on_ramp_mv,,normal,not_started,commit
BASIC-02,basic_long_dt_900,429,42.90000000000034,B02_CLV,cav,not_applicable,7920.000000571265,3.5,29.99999976197081,9.917882977106274e-08,lane_1,mainline,,normal,none,commit
BASIC-02,basic_long_dt_900,429,42.90000000000034,B02_CFV,cav,not_applicable,7835.574468090086,3.5,30.030285956761343,0.3647771612320989,lane_1,mainline,,normal,none,commit
BASIC-02,basic_long_dt_900,429,42.90000000000034,B02_TLV_CLV,cav,not_applicable,7877.85066985234,3.5,29.962574589062253,0.07890039701727014,lane_1,mainline,,normal,none,commit
BASIC-02,basic_long_dt_900,430,43.00000000000034,B02_MV,cav,not_applicable,7245.782831630712,-3.5,0.053184522869124895,4.0,on_ramp,on_ramp_mv,,normal,not_started,commit
BASIC-02,basic_long_dt_900,430,43.00000000000034,B02_CLV,cav,not_applicable,7923.000000548414,3.5,29.999999771491975,9.521167640968998e-08,lane_1,mainline,,normal,none,commit
BASIC-02,basic_long_dt_900,430,43.00000000000034,B02_CFV,cav,not_applicable,7838.569572135263,3.5,29.95104045177124,-0.7924550499010099,lane_1,mainline,,normal,none,commit
BASIC-02,basic_long_dt_900,430,43.00000000000034,B02_TLV_CLV,cav,not_applicable,7880.8548455872215,3.5,30.041757348818212,0.7918275975595847,lane_1,mainline,,normal,none,commit
BASIC-02,basic_long_dt_900,431,43.10000000000034,B02_MV,cav,not_applicable,7245.788022947672,-3.5,0.05191316960303582,4.0,on_ramp,on_ramp_mv,,normal,not_started,commit
BASIC-02,basic_long_dt_900,431,43.10000000000034,B02_CLV,cav,not_applicable,7926.000000526477,3.5,29.999999780632297,9.140320997857999e-08,lane_1,mainline,,normal,none,commit
BASIC-02,basic_long_dt_900,431,43.10000000000034,B02_CFV,cav,not_applicable,7841.565465184577,3.5,29.958930493142976,0.07890041371735557,lane_1,mainline,,normal,none,commit
BASIC-02,basic_long_dt_900,431,43.10000000000034,B02_TLV_CLV,cav,not_applicable,7883.854590820629,3.5,29.99745233407309,-0.44305014745124893,lane_1,mainline,,normal,none,commit
BASIC-02,basic_long_dt_900,432,43.200000000000344,B02_MV,cav,not_applicable,7245.793090168421,-3.5,0.050672207492890836,4.0,on_ramp,on_ramp_mv,,normal,not_started,commit
BASIC-02,basic_long_dt_900,432,43.200000000000344,B02_CLV,cav,not_applicable,7929.000000505418,3.5,29.999999789407006,8.774708106784602e-08,lane_1,mainline,,normal,none,commit
BASIC-02,basic_long_dt_900,432,43.200000000000344,B02_CFV,cav,not_applicable,7844.569276510004,3.5,30.038113254265305,0.7918276112232909,lane_1,mainline,,normal,none,commit
BASIC-02,basic_long_dt_900,432,43.200000000000344,B02_TLV_CLV,cav,not_applicable,7886.857983825557,3.5,30.033930049281622,0.36477715208534184,lane_1,mainline,,normal,none,commit
BASIC-02,basic_long_dt_900,433,43.300000000000345,B02_MV,cav,not_applicable,7245.798036259426,-3.5,0.04946091005109455,4.0,on_ramp,on_ramp_mv,,normal,not_started,commit
BASIC-02,basic_long_dt_900,433,43.300000000000345,B02_CLV,cav,not_applicable,7932.000000485201,3.5,29.999999797830725,8.423719748407167e-08,lane_1,mainline,,normal,none,commit
BASIC-02,basic_long_dt_900,433,43.300000000000345,B02_CFV,cav,not_applicable,7847.568657334068,3.5,29.99380824063812,-0.44305013627185286,lane_1,mainline,,normal,none,commit
BASIC-02,basic_long_dt_900,433,43.300000000000345,B02_TLV_CLV,cav,not_applicable,7889.853452279912,3.5,29.95468454354315,-0.7924550573847202,lane_1,mainline,,normal,none,commit
BASIC-02,basic_long_dt_900,434,43.40000000000035,B02_MV,cav,not_applicable,7245.802864116242,-3.5,0.04827856815639283,4.0,on_ramp,on_ramp_mv,,normal,not_started,commit
BASIC-02,basic_long_dt_900,434,43.40000000000035,B02_CLV,cav,not_applicable,7935.000000465792,3.5,29.999999805917497,8.086771003945614e-08,lane_1,mainline,,normal,none,commit
BASIC-02,basic_long_dt_900,434,43.40000000000035,B02_CFV,cav,not_applicable,7850.5716859297445,3.5,30.030285956761332,0.36477716123212045,lane_1,mainline,,normal,none,commit
BASIC-02,basic_long_dt_900,434,43.40000000000035,B02_TLV_CLV,cav,not_applicable,7892.849709738342,3.5,29.96257458430258,0.07890040759431993,lane_1,mainline,,normal,none,commit
BASIC-02,basic_long_dt_900,435,43.50000000000035,B02_MV,cav,not_applicable,7245.807576565206,-3.5,0.04712448963883558,4.0,on_ramp,on_ramp_mv,,normal,not_started,commit
BASIC-02,basic_long_dt_900,435,43.50000000000035,B02_CLV,cav,not_applicable,7938.00000044716,3.5,29.999999813680798,7.763300118313056e-08,lane_1,mainline,,normal,none,commit
BASIC-02,basic_long_dt_900,435,43.50000000000035,B02_CFV,cav,not_applicable,7853.566789974921,3.5,29.951040451771235,-0.7924550499009924,lane_1,mainline,,normal,none,commit
BASIC-02,basic_long_dt_900,435,43.50000000000035,B02_TLV_CLV,cav,not_applicable,7895.853885472835,3.5,30.041757344923933,0.7918276062135345,lane_1,mainline,,normal,none,commit
BASIC-02,basic_long_dt_900,436,43.60000000000035,B02_MV,cav,not_applicable,7245.812176365093,-3.5,0.04599799887452298,4.0,on_ramp,on_ramp_mv,,normal,not_started,commit
BASIC-02,basic_long_dt_900,436,43.60000000000035,B02_CLV,cav,not_applicable,7941.000000429273,3.5,29.999999821133567,7.45276807379014e-08,lane_1,mainline,,normal,none,commit
BASIC-02,basic_long_dt_900,436,43.60000000000035,B02_CFV,cav,not_applicable,7856.562683024235,3.5,29.958930493142972,0.07890041371737,lane_1,mainline,,normal,none,commit
BASIC-02,basic_long_dt_900,436,43.60000000000035,B02_TLV_CLV,cav,not_applicable,7898.853630705924,3.5,29.99745233088686,-0.4430501403707444,lane_1,mainline,,normal,none,commit
BASIC-02,basic_long_dt_900,437,43.70000000000035,B02_MV,cav,not_applicable,7245.816666208732,-3.5,0.044898436389917785,4.0,on_ramp,on_ramp_mv,,normal,not_started,commit
BASIC-02,basic_long_dt_900,437,43.70000000000035,B02_CLV,cav,not_applicable,7944.000000412102,3.5,29.999999828288225,7.15465731104814e-08,lane_1,mainline,,normal,none,commit
BASIC-02,basic_long_dt_900,437,43.70000000000035,B02_CFV,cav,not_applicable,7859.566494349662,3.5,30.0381132542653,0.7918276112233027,lane_1,mainline,,normal,none,commit
BASIC-02,basic_long_dt_900,437,43.70000000000035,B02_TLV_CLV,cav,not_applicable,7901.857023710591,3.5,30.033930046674705,0.36477715787848186,lane_1,mainline,,normal,none,commit
BASIC-02,basic_long_dt_900,438,43.80000000000035,B02_MV,cav,not_applicable,7245.82104872458,-3.5,0.04382515847615853,4.0,on_ramp,on_ramp_mv,,normal,not_started,commit
BASIC-02,basic_long_dt_900,438,43.80000000000035,B02_CLV,cav,not_applicable,7947.0000003956175,3.5,29.999999835156697,6.868471018606215e-08,lane_1,mainline,,normal,none,commit
BASIC-02,basic_long_dt_900,438,43.80000000000035,B02_CFV,cav,not_applicable,7862.565875173726,3.5,29.993808240638117,-0.4430501362718432,lane_1,mainline,,normal,none,commit
BASIC-02,basic_long_dt_900,438,43.80000000000035,B02_TLV_CLV,cav,not_applicable,7904.852492164732,3.5,29.954684541410217,-0.7924550526448784,lane_1,mainline,,normal,none,commit
BASIC-02,basic_long_dt_900,439,43.900000000000354,B02_MV,cav,not_applicable,7245.825326478261,-3.5,0.042777536811851785,4.0,on_ramp,on_ramp_mv,,normal,not_started,commit
BASIC-02,basic_long_dt_900,439,43.900000000000354,B02_CLV,cav,not_applicable,7950.000000379792,3.5,29.99999984175043,6.593732138071573e-08,lane_1,mainline,,normal,none,commit
BASIC-02,basic_long_dt_900,439,43.900000000000354,B02_CFV,cav,not_applicable,7865.568903769403,3.5,30.03028595676133,0.36477716123212833,lane_1,mainline,,normal,none,commit
BASIC-02,basic_long_dt_900,439,43.900000000000354,B02_TLV_CLV,cav,not_applicable,7907.848749622988,3.5,29.962574582557455,0.07890041147237237,lane_1,mainline,,normal,none,commit
BASIC-02,basic_long_dt_900,440,44.000000000000355,B02_MV,cav,not_applicable,7245.82950197407,-3.5,0.04175495809521303,4.0,on_ramp,on_ramp_mv,,normal,not_started,commit
BASIC-02,basic_long_dt_900,440,44.000000000000355,B02_CLV,cav,not_applicable,7953.0000003646,3.5,29.999999848080414,6.329982795705292e-08,lane_1,mainline,,normal,none,commit
BASIC-02,basic_long_dt_900,440,44.000000000000355,B02_CFV,cav,not_applicable,7868.56400781458,3.5,29.95104045177123,-0.7924550499009859,lane_1,mainline,,normal,none,commit
BASIC-02,basic_long_dt_900,440,44.000000000000355,B02_TLV_CLV,cav,not_applicable,7910.852925357338,3.5,30.041757343496105,0.7918276093864864,lane_1,mainline,,normal,none,commit
BASIC-02,basic_long_dt_900,441,44.10000000000036,B02_MV,cav,not_applicable,7245.833577656438,-3.5,0.040756823685338804,4.0,on_ramp,on_ramp_mv,,normal,not_started,commit
BASIC-02,basic_long_dt_900,441,44.10000000000036,B02_CLV,cav,not_applicable,7956.000000350015,3.5,29.999999854157196,6.076783449771029e-08,lane_1,mainline,,normal,none,commit
BASIC-02,basic_long_dt_900,441,44.10000000000036,B02_CFV,cav,not_applicable,7871.559900863894,3.5,29.95893049314297,0.07890041371737522,lane_1,mainline,,normal,none,commit
BASIC-02,basic_long_dt_900,441,44.10000000000036,B02_TLV_CLV,cav,not_applicable,7913.85267059031,3.5,29.997452329718637,-0.44305013777469293,lane_1,mainline,,normal,none,commit
BASIC-02,basic_long_dt_900,442,44.20000000000036,B02_MV,cav,not_applicable,7245.837555911363,-3.5,0.03978254925152309,4.0,on_ramp,on_ramp_mv,,normal,not_started,commit
BASIC-02,basic_long_dt_900,442,44.20000000000036,B02_CLV,cav,not_applicable,7959.000000336015,3.5,29.999999859990908,5.83371217999229e-08,lane_1,mainline,,normal,none,commit
BASIC-02,basic_long_dt_900,442,44.20000000000036,B02_CFV,cav,not_applicable,7874.5637121893205,3.5,30.038113254265298,0.791827611223307,lane_1,mainline,,normal,none,commit
BASIC-02,basic_long_dt_900,442,44.20000000000036,B02_TLV_CLV,cav,not_applicable,7916.856063594882,3.5,30.03393004571889,0.364777160002524,lane_1,mainline,,normal,none,commit
BASIC-02,basic_long_dt_900,443,44.30000000000036,B02_MV,cav,not_applicable,7245.841439067806,-3.5,0.03883156443127006,4.0,on_ramp,on_ramp_mv,,normal,not_started,commit
BASIC-02,basic_long_dt_900,443,44.30000000000036,B02_CLV,cav,not_applicable,7962.000000322574,3.5,29.99999986559127,5.600363692792598e-08,lane_1,mainline,,normal,none,commit
BASIC-02,basic_long_dt_900,443,44.30000000000036,B02_CFV,cav,not_applicable,7877.563093013385,3.5,29.993808240638113,-0.44305013627183965,lane_1,mainline,,normal,none,commit
BASIC-02,basic_long_dt_900,443,44.30000000000036,B02_TLV_CLV,cav,not_applicable,7919.851532048944,3.5,29.954684540628186,-0.7924550509070257,lane_1,mainline,,normal,none,commit
BASIC-02,basic_long_dt_900,444,44.40000000000036,B02_MV,cav,not_applicable,7245.845229399056,-3.5,0.037903312496133656,4.0,on_ramp,on_ramp_mv,,normal,not_started,commit
BASIC-02,basic_long_dt_900,444,44.40000000000036,B02_CLV,cav,not_applicable,7965.000000309671,3.5,29.99999987096762,5.376349179186946e-08,lane_1,mainline,,normal,none,commit
BASIC-02,basic_long_dt_900,444,44.40000000000036,B02_CFV,cav,not_applicable,7880.566121609061,3.5,30.030285956761325,0.3647771612321312,lane_1,mainline,,normal,none,commit
BASIC-02,basic_long_dt_900,444,44.40000000000036,B02_TLV_CLV,cav,not_applicable,7922.8477895071355,3.5,29.96257458191761,0.07890041289425176,lane_1,mainline,,normal,none,commit
BASIC-02,basic_long_dt_900,445,44.50000000000036,B02_MV,cav,not_applicable,7245.8489291240585,-3.5,0.03699725002647103,4.0,on_ramp,on_ramp_mv,,normal,not_started,commit
BASIC-02,basic_long_dt_900,445,44.50000000000036,B02_CLV,cav,not_applicable,7968.000000297284,3.5,29.999999876128914,5.1612951779134165e-08,lane_1,mainline,,normal,none,commit
BASIC-02,basic_long_dt_900,445,44.50000000000036,B02_CFV,cav,not_applicable,7883.561225654238,3.5,29.951040451771227,-0.7924550499009835,lane_1,mainline,,normal,none,commit
BASIC-02,basic_long_dt_900,445,44.50000000000036,B02_TLV_CLV,cav,not_applicable,7925.8519652414325,3.5,30.041757342972595,0.7918276105498424,lane_1,mainline,,normal,none,commit
BASIC-02,basic_long_dt_900,446,44.600000000000364,B02_MV,cav,not_applicable,7245.852540408718,-3.5,0.03611284659250085,4.0,on_ramp,on_ramp_mv,,normal,not_started,commit
BASIC-02,basic_long_dt_900,446,44.600000000000364,B02_CLV,cav,not_applicable,7971.000000285392,3.5,29.999999881083756,4.9548434333246406e-08,lane_1,mainline,,normal,none,commit
BASIC-02,basic_long_dt_900,446,44.600000000000364,B02_CFV,cav,not_applicable,7886.557118703552,3.5,29.958930493142965,0.07890041371737722,lane_1,mainline,,normal,none,commit
BASIC-02,basic_long_dt_900,446,44.600000000000364,B02_TLV_CLV,cav,not_applicable,7928.851710474361,3.5,29.997452329290308,-0.4430501368228562,lane_1,mainline,,normal,none,commit
BASIC-02,basic_long_dt_900,447,44.700000000000365,B02_MV,cav,not_applicable,7245.856065367162,-3.5,0.03524958444427549,4.0,on_ramp,on_ramp_mv,,normal,not_started,commit
BASIC-02,basic_long_dt_900,447,44.700000000000365,B02_CLV,cav,not_applicable,7974.000000273976,3.5,29.999999885840406,4.756649758519416e-08,lane_1,mainline,,normal,none,commit
BASIC-02,basic_long_dt_900,447,44.700000000000365,B02_CFV,cav,not_applicable,7889.560930028979,3.5,30.038113254265298,0.7918276112233087,lane_1,mainline,,normal,none,commit
BASIC-02,basic_long_dt_900,447,44.700000000000365,B02_TLV_CLV,cav,not_applicable,7931.855103478898,3.5,30.03393004536844,0.3647771607812995,lane_1,mainline,,normal,none,commit
BASIC-02,basic_long_dt_900,448,44.80000000000037,B02_MV,cav,not_applicable,7245.859506062983,-3.5,0.03440695820839293,4.0,on_ramp,on_ramp_mv,,normal,not_started,commit
BASIC-02,basic_long_dt_900,448,44.80000000000037,B02_CLV,cav,not_applicable,7977.000000263017,3.5,29.99999989040679,4.566383751125614e-08,lane_1,mainline,,normal,none,commit
BASIC-02,basic_long_dt_900,448,44.80000000000037,B02_CFV,cav,not_applicable,7892.560310853043,3.5,29.993808240638113,-0.4430501362718383,lane_1,mainline,,normal,none,commit
BASIC-02,basic_long_dt_900,448,44.80000000000037,B02_TLV_CLV,cav,not_applicable,7934.850571932932,3.5,29.954684540341454,-0.7924550502698458,lane_1,mainline,,normal,none,commit
BASIC-02,basic_long_dt_900,449,44.90000000000037,B02_MV,cav,not_applicable,7245.862864510443,-3.5,0.03358447459210063,4.0,on_ramp,on_ramp_mv,,normal,not_started,commit
BASIC-02,basic_long_dt_900,449,44.90000000000037,B02_CLV,cav,not_applicable,7980.000000252496,3.5,29.99999989479052,4.3837283669745376e-08,lane_1,mainline,,normal,none,commit
BASIC-02,basic_long_dt_900,449,44.90000000000037,B02_CFV,cav,not_applicable,7895.5633394487195,3.5,30.030285956761325,0.36477716123213233,lane_1,mainline,,normal,none,commit
BASIC-02,basic_long_dt_900,449,44.90000000000037,B02_TLV_CLV,cav,not_applicable,7937.846829391101,3.5,29.96257458168301,0.07890041341558085,lane_1,mainline,,normal,none,commit
BASIC-02,basic_long_dt_900,450,45.00000000000037,B02_MV,cav,not_applicable,7245.866142675653,-3.5,0.03278165209479138,4.0,on_ramp,on_ramp_mv,,normal,not_started,commit
BASIC-02,basic_long_dt_900,450,45.00000000000037,B02_CLV,cav,not_applicable,7983.000000242396,3.5,29.999999898998897,4.2083792095581886e-08,lane_1,mainline,,normal,none,commit
BASIC-02,basic_long_dt_900,450,45.00000000000037,B02_CFV,cav,not_applicable,7898.558443493896,3.5,29.951040451771227,-0.7924550499009826,lane_1,mainline,,normal,none,commit
BASIC-02,basic_long_dt_900,450,45.00000000000037,B02_TLV_CLV,cav,not_applicable,7940.851005125379,3.5,30.04175734278065,0.7918276109763843,lane_1,mainline,,normal,none,commit
BASIC-02,basic_long_dt_900,451,45.10000000000037,B02_MV,cav,not_applicable,7245.869342477725,-3.5,0.03199802072580408,4.0,on_ramp,on_ramp_mv,,normal,not_started,commit
BASIC-02,basic_long_dt_900,451,45.10000000000037,B02_CLV,cav,not_applicable,7986.0000002327,3.5,29.99999990303894,4.040044103703622e-08,lane_1,mainline,,normal,none,commit
BASIC-02,basic_long_dt_900,451,45.10000000000037,B02_CFV,cav,not_applicable,7901.55433654321,3.5,29.958930493142965,0.07890041371737799,lane_1,mainline,,normal,none,commit
BASIC-02,basic_long_dt_900,451,45.10000000000037,B02_TLV_CLV,cav,not_applicable,7943.850750358292,3.5,29.997452329133264,-0.4430501364738674,lane_1,mainline,,normal,none,commit
BASIC-02,basic_long_dt_900,452,45.20000000000037,B02_MV,cav,not_applicable,7245.872465789897,-3.5,0.031233121729616425,4.0,on_ramp,on_ramp_mv,,normal,not_started,commit
BASIC-02,basic_long_dt_900,452,45.20000000000037,B02_CLV,cav,not_applicable,7989.000000223391,3.5,29.99999990691738,3.878442385030212e-08,lane_1,mainline,,normal,none,commit
BASIC-02,basic_long_dt_900,452,45.20000000000037,B02_CFV,cav,not_applicable,7904.558147868637,3.5,30.038113254265298,0.7918276112233092,lane_1,mainline,,normal,none,commit
BASIC-02,basic_long_dt_900,452,45.20000000000037,B02_TLV_CLV,cav,not_applicable,7946.854143362816,3.5,30.03393004523995,0.36477716106683583,lane_1,mainline,,normal,none,commit
BASIC-02,basic_long_dt_900,453,45.300000000000374,B02_MV,cav,not_applicable,7245.875514440629,-3.5,0.030486507316690347,4.0,on_ramp,on_ramp_mv,,normal,not_started,commit
BASIC-02,basic_long_dt_900,453,45.300000000000374,B02_CLV,cav,not_applicable,7992.000000214455,3.5,29.999999910640685,3.7233047578411064e-08,lane_1,mainline,,normal,none,commit
BASIC-02,basic_long_dt_900,453,45.300000000000374,B02_CFV,cav,not_applicable,7907.557528692701,3.5,29.993808240638113,-0.44305013627183787,lane_1,mainline,,normal,none,commit
BASIC-02,basic_long_dt_900,453,45.300000000000374,B02_TLV_CLV,cav,not_applicable,7949.84961181684,3.5,29.954684540236325,-0.7924550500362252,lane_1,mainline,,normal,none,commit
BASIC-02,basic_long_dt_900,454,45.400000000000375,B02_MV,cav,not_applicable,7245.878490214669,-3.5,0.029757740401926785,4.0,on_ramp,on_ramp_mv,,normal,not_started,commit
BASIC-02,basic_long_dt_900,454,45.400000000000375,B02_CLV,cav,not_applicable,7995.000000205877,3.5,29.999999914215056,3.5743725845804876e-08,lane_1,mainline,,normal,none,commit
BASIC-02,basic_long_dt_900,454,45.400000000000375,B02_CFV,cav,not_applicable,7910.560557288378,3.5,30.030285956761325,0.3647771612321327,lane_1,mainline,,normal,none,commit
BASIC-02,basic_long_dt_900,454,45.400000000000375,B02_TLV_CLV,cav,not_applicable,7952.845869274999,3.5,29.962574581596996,0.07890041360672495,lane_1,mainline,,normal,none,commit
BASIC-02,basic_long_dt_900,455,45.50000000000038,B02_MV,cav,not_applicable,7245.881394854104,-3.5,0.02904639434833834,4.0,on_ramp,on_ramp_mv,,normal,not_started,commit
BASIC-02,basic_long_dt_900,455,45.50000000000038,B02_CLV,cav,not_applicable,7998.000000197641,3.5,29.999999917646456,3.431397743725029e-08,lane_1,mainline,,normal,none,commit
BASIC-02,basic_long_dt_900,455,45.50000000000038,B02_CFV,cav,not_applicable,7913.555661333555,3.5,29.951040451771227,-0.7924550499009823,lane_1,mainline,,normal,none,commit
BASIC-02,basic_long_dt_900,455,45.50000000000038,B02_TLV_CLV,cav,not_applicable,7955.85004500927,3.5,30.041757342710273,0.791827611132775,lane_1,mainline,,normal,none,commit
BASIC-02,basic_long_dt_900,456,45.60000000000038,B02_MV,cav,not_applicable,7245.884230059375,-3.5,0.028352052717896467,4.0,on_ramp,on_ramp_mv,,normal,not_started,commit
BASIC-02,basic_long_dt_900,456,45.60000000000038,B02_CLV,cav,not_applicable,8001.000000189735,3.5,29.999999920940596,3.294141777132609e-08,lane_1,mainline,,normal,none,commit
BASIC-02,basic_long_dt_900,456,45.60000000000038,B02_CFV,cav,not_applicable,7916.551554382869,3.5,29.958930493142965,0.07890041371737821,lane_1,mainline,,normal,none,commit
BASIC-02,basic_long_dt_900,456,45.60000000000038,B02_TLV_CLV,cav,not_applicable,7958.849790242177,3.5,29.99745232907568,-0.4430501363459113,lane_1,mainline,,normal,none,commit
BASIC-02,basic_long_dt_900,457,45.70000000000038,B02_MV,cav,not_applicable,7245.886997490278,-3.5,0.027674309027161722,4.0,on_ramp,on_ramp_mv,,normal,not_started,commit
BASIC-02,basic_long_dt_900,457,45.70000000000038,B02_CLV,cav,not_applicable,8004.000000182145,3.5,29.999999924102973,3.162376174259407e-08,lane_1,mainline,,normal,none,commit
BASIC-02,basic_long_dt_900,457,45.70000000000038,B02_CFV,cav,not_applicable,7919.5553657082955,3.5,30.038113254265298,0.7918276112233095,lane_1,mainline,,normal,none,commit
BASIC-02,basic_long_dt_900,457,45.70000000000038,B02_TLV_CLV,cav,not_applicable,7961.853183246696,3.5,30.033930045192832,0.3647771611715272,lane_1,mainline,,normal,none,commit
BASIC-02,basic_long_dt_900,458,45.80000000000038,B02_MV,cav,not_applicable,7245.8896987669295,-3.5,0.02701276650921893,4.0,on_ramp,on_ramp_mv,,normal,not_started,commit
BASIC-02,basic_long_dt_900,458,45.80000000000038,B02_CLV,cav,not_applicable,8007.000000174859,3.5,29.999999927138855,3.035881093182979e-08,lane_1,mainline,,normal,none,commit
BASIC-02,basic_long_dt_900,458,45.80000000000038,B02_CFV,cav,not_applicable,7922.55474653236,3.5,29.993808240638113,-0.44305013627183765,lane_1,mainline,,normal,none,commit
BASIC-02,basic_long_dt_900,458,45.80000000000038,B02_TLV_CLV,cav,not_applicable,7964.848651700716,3.5,29.954684540197775,-0.7924550499505686,lane_1,mainline,,normal,none,commit
BASIC-02,basic_long_dt_900,459,45.90000000000038,B02_MV,cav,not_applicable,7245.892335470718,-3.5,0.02636703788213464,4.0,on_ramp,on_ramp_mv,,normal,not_started,commit
BASIC-02,basic_long_dt_900,459,45.90000000000038,B02_CLV,cav,not_applicable,8010.0000001678645,3.5,29.999999930053303,2.9144457869278997e-08,lane_1,mainline,,normal,none,commit
BASIC-02,basic_long_dt_900,459,45.90000000000038,B02_CFV,cav,not_applicable,7925.557775128036,3.5,30.030285956761325,0.3647771612321329,lane_1,mainline,,normal,none,commit
BASIC-02,basic_long_dt_900,459,45.90000000000038,B02_TLV_CLV,cav,not_applicable,7967.844909158873,3.5,29.962574581565455,0.07890041367680756,lane_1,mainline,,normal,none,commit
BASIC-02,basic_long_dt_900,460,46.000000000000384,B02_MV,cav,not_applicable,7245.89490914523,-3.5,0.02573674512176283,4.0,on_ramp,on_ramp_mv,,normal,not_started,commit
BASIC-02,basic_long_dt_900,460,46.000000000000384,B02_CLV,cav,not_applicable,8013.00000016115,3.5,29.99999993285117,2.7978678929230227e-08,lane_1,mainline,,normal,none,commit
BASIC-02,basic_long_dt_900,460,46.000000000000384,B02_CFV,cav,not_applicable,7928.552879173213,3.5,29.951040451771227,-0.7924550499009821,lane_1,mainline,,normal,none,commit
BASIC-02,basic_long_dt_900,460,46.000000000000384,B02_TLV_CLV,cav,not_applicable,7970.8490848931415,3.5,30.041757342684466,0.7918276111901152,lane_1,mainline,,normal,none,commit
BASIC-02,basic_long_dt_900,461,46.100000000000385,B02_MV,cav,not_applicable,7245.897421297153,-3.5,0.0251215192402033,4.0,on_ramp,on_ramp_mv,,normal,not_started,commit
BASIC-02,basic_long_dt_900,461,46.100000000000385,B02_CLV,cav,not_applicable,8016.000000154703,3.5,29.999999935537126,2.6859531487843924e-08,lane_1,mainline,,normal,none,commit
BASIC-02,basic_long_dt_900,461,46.100000000000385,B02_CFV,cav,not_applicable,7931.548772222527,3.5,29.958930493142965,0.07890041371737833,lane_1,mainline,,normal,none,commit
BASIC-02,basic_long_dt_900,461,46.100000000000385,B02_TLV_CLV,cav,not_applicable,7973.848830126047,3.5,29.997452329054568,-0.4430501362989966,lane_1,mainline,,normal,none,commit
BASIC-02,basic_long_dt_900,462,46.20000000000039,B02_MV,cav,not_applicable,7245.89987339716,-3.5,0.024521000070130118,4.0,on_ramp,on_ramp_mv,,normal,not_started,commit
BASIC-02,basic_long_dt_900,462,46.20000000000039,B02_CLV,cav,not_applicable,8019.000000148515,3.5,29.99999993811564,2.578514965989598e-08,lane_1,mainline,,normal,none,commit
BASIC-02,basic_long_dt_900,462,46.20000000000039,B02_CFV,cav,not_applicable,7934.552583547954,3.5,30.038113254265298,0.7918276112233096,lane_1,mainline,,normal,none,commit
BASIC-02,basic_long_dt_900,462,46.20000000000039,B02_TLV_CLV,cav,not_applicable,7976.852223130564,3.5,30.03393004517556,0.36477716120991194,lane_1,mainline,,normal,none,commit
BASIC-02,basic_long_dt_900,463,46.30000000000039,B02_MV,cav,not_applicable,7245.902266880766,-3.5,0.02393483605390314,4.0,on_ramp,on_ramp_mv,,normal,not_started,commit
BASIC-02,basic_long_dt_900,463,46.30000000000039,B02_CLV,cav,not_applicable,8022.000000142574,3.5,29.999999940591014,2.475374429877775e-08,lane_1,mainline,,normal,none,commit
BASIC-02,basic_long_dt_900,463,46.30000000000039,B02_CFV,cav,not_applicable,7937.551964372018,3.5,29.993808240638113,-0.44305013627183754,lane_1,mainline,,normal,none,commit
BASIC-02,basic_long_dt_900,463,46.30000000000039,B02_TLV_CLV,cav,not_applicable,7979.847691584582,3.5,29.954684540183642,-0.7924550499191629,lane_1,mainline,,normal,none,commit
BASIC-02,basic_long_dt_900,464,46.40000000000039,B02_MV,cav,not_applicable,7245.90460314917,-3.5,0.023362684037679958,4.0,on_ramp,on_ramp_mv,,normal,not_started,commit
BASIC-02,basic_long_dt_900,464,46.40000000000039,B02_CLV,cav,not_applicable,8025.000000136871,3.5,29.999999942967374,2.376359446998322e-08,lane_1,mainline,,normal,none,commit
BASIC-02,basic_long_dt_900,464,46.40000000000039,B02_CFV,cav,not_applicable,7940.5549929676945,3.5,30.030285956761325,0.364777161232133,lane_1,mainline,,normal,none,commit
BASIC-02,basic_long_dt_900,464,46.40000000000039,B02_TLV_CLV,cav,not_applicable,7982.843949042737,3.5,29.96257458155389,0.07890041370250311,lane_1,mainline,,normal,none,commit
BASIC-02,basic_long_dt_900,465,46.50000000000039,B02_MV,cav,not_applicable,7245.906883570077,-3.5,0.022804209070528315,4.0,on_ramp,on_ramp_mv,,normal,not_started,commit
BASIC-02,basic_long_dt_900,465,46.50000000000039,B02_CLV,cav,not_applicable,8028.000000131396,3.5,29.99999994524868,2.281305029327996e-08,lane_1,mainline,,normal,none,commit
BASIC-02,basic_long_dt_900,465,46.50000000000039,B02_CFV,cav,not_applicable,7943.550097012871,3.5,29.951040451771227,-0.792455049900982,lane_1,mainline,,normal,none,commit
BASIC-02,basic_long_dt_900,465,46.50000000000039,B02_TLV_CLV,cav,not_applicable,7985.848124777005,3.5,30.041757342675005,0.7918276112111389,lane_1,mainline,,normal,none,commit
BASIC-02,basic_long_dt_900,466,46.60000000000039,B02_MV,cav,not_applicable,7245.909109478498,-3.5,0.02225908420853895,4.0,on_ramp,on_ramp_mv,,normal,not_started,commit
BASIC-02,basic_long_dt_900,466,46.60000000000039,B02_CLV,cav,not_applicable,8031.00000012614,3.5,29.99999994743873,2.1900528679452694e-08,lane_1,mainline,,normal,none,commit
BASIC-02,basic_long_dt_900,466,46.60000000000039,B02_CFV,cav,not_applicable,7946.545990062185,3.5,29.958930493142965,0.07890041371737844,lane_1,mainline,,normal,none,commit
BASIC-02,basic_long_dt_900,466,46.60000000000039,B02_TLV_CLV,cav,not_applicable,7988.8478700099095,3.5,29.997452329046826,-0.44305013628179546,lane_1,mainline,,normal,none,commit
BASIC-02,basic_long_dt_900,467,46.700000000000394,B02_MV,cav,not_applicable,7245.911282177531,-3.5,0.021726990323286663,4.0,on_ramp,on_ramp_mv,,normal,not_started,commit
BASIC-02,basic_long_dt_900,467,46.700000000000394,B02_CLV,cav,not_applicable,8034.000000121094,3.5,29.99999994954118,2.1024507645961424e-08,lane_1,mainline,,normal,none,commit
BASIC-02,basic_long_dt_900,467,46.700000000000394,B02_CFV,cav,not_applicable,7949.549801387612,3.5,30.038113254265298,0.7918276112233097,lane_1,mainline,,normal,none,commit
BASIC-02,basic_long_dt_900,467,46.700000000000394,B02_TLV_CLV,cav,not_applicable,7991.851263014426,3.5,30.033930045169225,0.36477716122398557,lane_1,mainline,,normal,none,commit
BASIC-02,basic_long_dt_900,468,46.800000000000395,B02_MV,cav,not_applicable,7245.9134029391225,-3.5,0.021207615914639627,4.0,on_ramp,on_ramp_mv,,normal,not_started,commit
BASIC-02,basic_long_dt_900,468,46.800000000000395,B02_CLV,cav,not_applicable,8037.00000011625,3.5,29.999999951559534,2.0183527738026896e-08,lane_1,mainline,,normal,none,commit
BASIC-02,basic_long_dt_900,468,46.800000000000395,B02_CFV,cav,not_applicable,7952.549182211676,3.5,29.993808240638113,-0.44305013627183754,lane_1,mainline,,normal,none,commit
BASIC-02,basic_long_dt_900,468,46.800000000000395,B02_TLV_CLV,cav,not_applicable,7994.846731468444,3.5,29.95468454017846,-0.7924550499076481,lane_1,mainline,,normal,none,commit
BASIC-02,basic_long_dt_900,469,46.9000000000004,B02_MV,cav,not_applicable,7245.915473004816,-3.5,0.020700656929003903,4.0,on_ramp,on_ramp_mv,,normal,not_started,commit
BASIC-02,basic_long_dt_900,469,46.9000000000004,B02_CLV,cav,not_applicable,8040.0000001116,3.5,29.999999953497152,1.9376186344288728e-08,lane_1,mainline,,normal,none,commit
BASIC-02,basic_long_dt_900,469,46.9000000000004,B02_CFV,cav,not_applicable,7955.552210807353,3.5,30.030285956761325,0.364777161232133,lane_1,mainline,,normal,none,commit
BASIC-02,basic_long_dt_900,469,46.9000000000004,B02_TLV_CLV,cav,not_applicable,7997.842988926599,3.5,29.962574581549653,0.07890041371192436,lane_1,mainline,,normal,none,commit
BASIC-02,basic_long_dt_900,470,47.0000000000004,B02_MV,cav,not_applicable,7245.917493586474,-3.5,0.020205816581046608,4.0,on_ramp,on_ramp_mv,,normal,not_started,commit
BASIC-02,basic_long_dt_900,470,47.0000000000004,B02_CLV,cav,not_applicable,8043.000000107135,3.5,29.999999955357268,1.8601139117890853e-08,lane_1,mainline,,normal,none,commit
BASIC-02,basic_long_dt_900,470,47.0000000000004,B02_CFV,cav,not_applicable,7958.54731485253,3.5,29.951040451771227,-0.792455049900982,lane_1,mainline,,normal,none,commit
BASIC-02,basic_long_dt_900,470,47.0000000000004,B02_TLV_CLV,cav,not_applicable,8000.847164660866,3.5,30.041757342671538,0.7918276112188473,lane_1,mainline,,normal,none,commit
BASIC-02,basic_long_dt_900,471,47.1000000000004,B02_MV,cav,not_applicable,7245.919465866992,-3.5,0.019722805179984655,4.0,on_ramp,on_ramp_mv,,normal,not_started,commit
BASIC-02,basic_long_dt_900,471,47.1000000000004,B02_CLV,cav,not_applicable,8046.000000102849,3.5,29.999999957142975,1.785709287105419e-08,lane_1,mainline,,normal,none,commit
BASIC-02,basic_long_dt_900,471,47.1000000000004,B02_CFV,cav,not_applicable,7961.543207901844,3.5,29.958930493142965,0.07890041371737844,lane_1,mainline,,normal,none,commit
BASIC-02,basic_long_dt_900,471,47.1000000000004,B02_TLV_CLV,cav,not_applicable,8003.84690989377,3.5,29.997452329043988,-0.4430501362754886,lane_1,mainline,,normal,none,commit
BASIC-02,basic_long_dt_900,472,47.2000000000004,B02_MV,cav,not_applicable,7245.9213910009885,-3.5,0.019251339959786895,4.0,on_ramp,on_ramp_mv,,normal,not_started,commit
BASIC-02,basic_long_dt_900,472,47.2000000000004,B02_CLV,cav,not_applicable,8049.000000098735,3.5,29.999999958857256,1.714280983833305e-08,lane_1,mainline,,normal,none,commit
BASIC-02,basic_long_dt_900,472,47.2000000000004,B02_CFV,cav,not_applicable,7964.5470192272705,3.5,30.038113254265298,0.7918276112233097,lane_1,mainline,,normal,none,commit
BASIC-02,basic_long_dt_900,472,47.2000000000004,B02_TLV_CLV,cav,not_applicable,8006.850302898287,3.5,30.0339300451669,0.3647771612291457,lane_1,mainline,,normal,none,commit
BASIC-02,basic_long_dt_900,473,47.3000000000004,B02_MV,cav,not_applicable,7245.92327011548,-3.5,0.01879114491394192,4.0,on_ramp,on_ramp_mv,,normal,not_started,commit
BASIC-02,basic_long_dt_900,473,47.3000000000004,B02_CLV,cav,not_applicable,8052.000000094785,3.5,29.999999960502965,1.6457097729016824e-08,lane_1,mainline,,normal,none,commit
BASIC-02,basic_long_dt_900,473,47.3000000000004,B02_CFV,cav,not_applicable,7967.546400051335,3.5,29.993808240638113,-0.44305013627183754,lane_1,mainline,,normal,none,commit
BASIC-02,basic_long_dt_900,473,47.3000000000004,B02_TLV_CLV,cav,not_applicable,8009.845771352305,3.5,29.954684540176558,-0.7924550499034262,lane_1,mainline,,normal,none,commit
BASIC-02,basic_long_dt_900,474,47.400000000000404,B02_MV,cav,not_applicable,7245.925104310543,-3.5,0.018341950633921803,4.0,on_ramp,on_ramp_mv,,normal,not_started,commit
BASIC-02,basic_long_dt_900,474,47.400000000000404,B02_CLV,cav,not_applicable,8055.000000090993,3.5,29.999999962082846,1.5798813990386406e-08,lane_1,mainline,,normal,none,commit
BASIC-02,basic_long_dt_900,474,47.400000000000404,B02_CFV,cav,not_applicable,7970.549428647011,3.5,30.030285956761325,0.364777161232133,lane_1,mainline,,normal,none,commit
BASIC-02,basic_long_dt_900,474,47.400000000000404,B02_TLV_CLV,cav,not_applicable,8012.84202881046,3.5,29.962574581548097,0.07890041371537859,lane_1,mainline,,normal,none,commit
BASIC-02,basic_long_dt_900,475,47.500000000000405,B02_MV,cav,not_applicable,7245.926894659959,-3.5,0.017903494150907036,4.0,on_ramp,on_ramp_mv,,normal,not_started,commit
BASIC-02,basic_long_dt_900,475,47.500000000000405,B02_CLV,cav,not_applicable,8058.000000087353,3.5,29.99999996359953,1.5166861544457788e-08,lane_1,mainline,,normal,none,commit
BASIC-02,basic_long_dt_900,475,47.500000000000405,B02_CFV,cav,not_applicable,7973.544532692188,3.5,29.951040451771227,-0.792455049900982,lane_1,mainline,,normal,none,commit
BASIC-02,basic_long_dt_900,475,47.500000000000405,B02_TLV_CLV,cav,not_applicable,8015.846204544727,3.5,30.041757342670262,0.7918276112216734,lane_1,mainline,,normal,none,commit
BASIC-02,basic_long_dt_900,476,47.600000000000406,B02_MV,cav,not_applicable,7245.928642211837,-3.5,0.0174755187825119,4.0,on_ramp,on_ramp_mv,,normal,not_started,commit
BASIC-02,basic_long_dt_900,476,47.600000000000406,B02_CLV,cav,not_applicable,8061.000000083859,3.5,29.99999996505555,1.4560187366896572e-08,lane_1,mainline,,normal,none,commit
BASIC-02,basic_long_dt_900,476,47.600000000000406,B02_CFV,cav,not_applicable,7976.540425741502,3.5,29.958930493142965,0.07890041371737844,lane_1,mainline,,normal,none,commit
BASIC-02,basic_long_dt_900,476,47.600000000000406,B02_TLV_CLV,cav,not_applicable,8018.845949777631,3.5,29.997452329042943,-0.44305013627317624,lane_1,mainline,,normal,none,commit
BASIC-02,basic_long_dt_900,477,47.70000000000041,B02_MV,cav,not_applicable,7245.930347989235,-3.5,0.017057773982336176,4.0,on_ramp,on_ramp_mv,,normal,not_started,commit
BASIC-02,basic_long_dt_900,477,47.70000000000041,B02_CLV,cav,not_applicable,8064.000000080505,3.5,29.99999996645333,1.3977779644847033e-08,lane_1,mainline,,normal,none,commit
BASIC-02,basic_long_dt_900,477,47.70000000000041,B02_CFV,cav,not_applicable,7979.544237066929,3.5,30.038113254265298,0.7918276112233097,lane_1,mainline,,normal,none,commit
BASIC-02,basic_long_dt_900,477,47.70000000000041,B02_TLV_CLV,cav,not_applicable,8021.849342782148,3.5,30.03393004516605,0.36477716123103765,lane_1,mainline,,normal,none,commit
BASIC-02,basic_long_dt_900,478,47.80000000000041,B02_MV,cav,not_applicable,7245.932012990755,-3.5,0.016650015192778027,4.0,on_ramp,on_ramp_mv,,normal,not_started,commit
BASIC-02,basic_long_dt_900,478,47.80000000000041,B02_CLV,cav,not_applicable,8067.000000077284,3.5,29.999999967795198,1.3418667776932126e-08,lane_1,mainline,,normal,none,commit
BASIC-02,basic_long_dt_900,478,47.80000000000041,B02_CFV,cav,not_applicable,7982.543617890993,3.5,29.993808240638113,-0.44305013627183754,lane_1,mainline,,normal,none,commit
BASIC-02,basic_long_dt_900,478,47.80000000000041,B02_TLV_CLV,cav,not_applicable,8024.844811236166,3.5,29.95468454017586,-0.7924550499018782,lane_1,mainline,,normal,none,commit
BASIC-02,basic_long_dt_900,479,47.90000000000041,B02_MV,cav,not_applicable,7245.933638191125,-3.5,0.016252003702629907,4.0,on_ramp,on_ramp_mv,,normal,not_started,commit
BASIC-02,basic_long_dt_900,479,47.90000000000041,B02_CLV,cav,not_applicable,8070.000000074193,3.5,29.99999996908339,1.2881920952168004e-08,lane_1,mainline,,normal,none,commit
BASIC-02,basic_long_dt_900,479,47.90000000000041,B02_CFV,cav,not_applicable,7985.5466464866695,3.5,30.030285956761325,0.364777161232133,lane_1,mainline,,normal,none,commit
BASIC-02,basic_long_dt_900,479,47.90000000000041,B02_TLV_CLV,cav,not_applicable,8027.841068694321,3.5,29.962574581547525,0.07890041371664513,lane_1,mainline,,normal,none,commit
BASIC-02,basic_long_dt_900,480,48.00000000000041,B02_MV,cav,not_applicable,7245.935224541776,-3.5,0.01586350650684859,4.0,on_ramp,on_ramp_mv,,normal,not_started,commit
BASIC-02,basic_long_dt_900,480,48.00000000000041,B02_CLV,cav,not_applicable,8073.000000071225,3.5,29.999999970320054,1.2366643886707608e-08,lane_1,mainline,,normal,none,commit
BASIC-02,basic_long_dt_900,480,48.00000000000041,B02_CFV,cav,not_applicable,7988.541750531846,3.5,29.951040451771227,-0.792455049900982,lane_1,mainline,,normal,none,commit
BASIC-02,basic_long_dt_900,480,48.00000000000041,B02_TLV_CLV,cav,not_applicable,8030.845244428588,3.5,30.041757342669797,0.7918276112227096,lane_1,mainline,,normal,none,commit
BASIC-02,basic_long_dt_900,481,48.10000000000041,B02_MV,cav,not_applicable,7245.936772971393,-3.5,0.015484296170455991,4.0,on_ramp,on_ramp_mv,,normal,not_started,commit
BASIC-02,basic_long_dt_900,481,48.10000000000041,B02_CLV,cav,not_applicable,8076.000000068376,3.5,29.99999997150725,1.1871978244926141e-08,lane_1,mainline,,normal,none,commit
BASIC-02,basic_long_dt_900,481,48.10000000000041,B02_CFV,cav,not_applicable,7991.53764358116,3.5,29.958930493142965,0.07890041371737844,lane_1,mainline,,normal,none,commit
BASIC-02,basic_long_dt_900,481,48.10000000000041,B02_TLV_CLV,cav,not_applicable,8033.844989661492,3.5,29.997452329042563,-0.4430501362723285,lane_1,mainline,,normal,none,commit
BASIC-02,basic_long_dt_900,482,48.200000000000415,B02_MV,cav,not_applicable,7245.938284386462,-3.5,0.015114150694831522,4.0,on_ramp,on_ramp_mv,,normal,not_started,commit
BASIC-02,basic_long_dt_900,482,48.200000000000415,B02_CLV,cav,not_applicable,8079.000000065641,3.5,29.99999997264696,1.1397099797250122e-08,lane_1,mainline,,normal,none,commit
BASIC-02,basic_long_dt_900,482,48.200000000000415,B02_CFV,cav,not_applicable,7994.541454906587,3.5,30.038113254265298,0.7918276112233097,lane_1,mainline,,normal,none,commit
BASIC-02,basic_long_dt_900,482,48.200000000000415,B02_TLV_CLV,cav,not_applicable,8036.848382666009,3.5,30.033930045165736,0.3647771612317313,lane_1,mainline,,normal,none,commit
BASIC-02,basic_long_dt_900,483,48.300000000000416,B02_MV,cav,not_applicable,7245.939759671801,-3.5,0.014752853388570056,4.0,on_ramp,on_ramp_mv,,normal,not_started,commit
BASIC-02,basic_long_dt_900,483,48.300000000000416,B02_CLV,cav,not_applicable,8082.000000063015,3.5,29.999999973741083,1.0941215577986442e-08,lane_1,mainline,,normal,none,commit
BASIC-02,basic_long_dt_900,483,48.300000000000416,B02_CFV,cav,not_applicable,7997.540835730651,3.5,29.993808240638113,-0.44305013627183754,lane_1,mainline,,normal,none,commit
BASIC-02,basic_long_dt_900,483,48.300000000000416,B02_TLV_CLV,cav,not_applicable,8039.843851120027,3.5,29.954684540175606,-0.7924550499013107,lane_1,mainline,,normal,none,commit
BASIC-02,basic_long_dt_900,484,48.40000000000042,B02_MV,cav,not_applicable,7245.941199691075,-3.5,0.014400192739861789,4.0,on_ramp,on_ramp_mv,,normal,not_started,commit
BASIC-02,basic_long_dt_900,484,48.40000000000042,B02_CLV,cav,not_applicable,8085.000000060494,3.5,29.99999997479144,1.0503566727493308e-08,lane_1,mainline,,normal,none,commit
BASIC-02,basic_long_dt_900,484,48.40000000000042,B02_CFV,cav,not_applicable,8000.543864326328,3.5,30.030285956761325,0.364777161232133,lane_1,mainline,,normal,none,commit
BASIC-02,basic_long_dt_900,484,48.40000000000042,B02_TLV_CLV,cav,not_applicable,8042.840108578182,3.5,29.962574581547315,0.07890041371710954,lane_1,mainline,,normal,none,commit
BASIC-02,basic_long_dt_900,485,48.50000000000042,B02_MV,cav,not_applicable,7245.942605287304,-3.5,0.01405596229300288,4.0,on_ramp,on_ramp_mv,,normal,not_started,commit
BASIC-02,basic_long_dt_900,485,48.50000000000042,B02_CLV,cav,not_applicable,8088.000000058074,3.5,29.99999997579978,1.0083424228923832e-08,lane_1,mainline,,normal,none,commit
BASIC-02,basic_long_dt_900,485,48.50000000000042,B02_CFV,cav,not_applicable,8003.538968371505,3.5,29.951040451771227,-0.792455049900982,lane_1,mainline,,normal,none,commit
BASIC-02,basic_long_dt_900,485,48.50000000000042,B02_TLV_CLV,cav,not_applicable,8045.8442843124485,3.5,30.041757342669623,0.7918276112230896,lane_1,mainline,,normal,none,commit
BASIC-02,basic_long_dt_900,486,48.60000000000042,B02_MV,cav,not_applicable,7245.943977283357,-3.5,0.013719960527732469,4.0,on_ramp,on_ramp_mv,,normal,not_started,commit
BASIC-02,basic_long_dt_900,486,48.60000000000042,B02_CLV,cav,not_applicable,8091.000000055751,3.5,29.99999997676779,9.680087487140555e-09,lane_1,mainline,,normal,none,commit
BASIC-02,basic_long_dt_900,486,48.60000000000042,B02_CFV,cav,not_applicable,8006.534861420819,3.5,29.958930493142965,0.07890041371737844,lane_1,mainline,,normal,none,commit
BASIC-02,basic_long_dt_900,486,48.60000000000042,B02_TLV_CLV,cav,not_applicable,8048.844029545353,3.5,29.99745232904242,-0.4430501362720175,lane_1,mainline,,normal,none,commit
BASIC-02,basic_long_dt_900,487,48.70000000000042,B02_MV,cav,not_applicable,7245.945316482431,-3.5,0.013391990740961169,4.0,on_ramp,on_ramp_mv,,normal,not_started,commit
BASIC-02,basic_long_dt_900,487,48.70000000000042,B02_CLV,cav,not_applicable,8094.000000053521,3.5,29.999999977697076,9.292884328715446e-09,lane_1,mainline,,normal,none,commit
BASIC-02,basic_long_dt_900,487,48.70000000000042,B02_CFV,cav,not_applicable,8009.5386727462455,3.5,30.038113254265298,0.7918276112233097,lane_1,mainline,,normal,none,commit
BASIC-02,basic_long_dt_900,487,48.70000000000042,B02_TLV_CLV,cav,not_applicable,8051.847422549869,3.5,30.03393004516562,0.3647771612319857,lane_1,mainline,,normal,none,commit
BASIC-02,basic_long_dt_900,488,48.80000000000042,B02_MV,cav,not_applicable,7245.946623668524,-3.5,0.013071860931543345,4.0,on_ramp,on_ramp_mv,,normal,not_started,commit
BASIC-02,basic_long_dt_900,488,48.80000000000042,B02_CLV,cav,not_applicable,8097.00000005138,3.5,29.999999978589194,8.921169580844435e-09,lane_1,mainline,,normal,none,commit
BASIC-02,basic_long_dt_900,488,48.80000000000042,B02_CFV,cav,not_applicable,8012.53805357031,3.5,29.993808240638113,-0.44305013627183754,lane_1,mainline,,normal,none,commit
BASIC-02,basic_long_dt_900,488,48.80000000000042,B02_TLV_CLV,cav,not_applicable,8054.8428910038865,3.5,29.95468454017551,-0.7924550499011025,lane_1,mainline,,normal,none,commit
BASIC-02,basic_long_dt_900,489,48.900000000000425,B02_MV,cav,not_applicable,7245.947899606893,-3.5,0.012759383688310548,4.0,on_ramp,on_ramp_mv,,normal,not_started,commit
BASIC-02,basic_long_dt_900,489,48.900000000000425,B02_CLV,cav,not_applicable,8100.000000049325,3.5,29.999999979445626,8.564322229176468e-09,lane_1,mainline,,normal,none,commit
BASIC-02,basic_long_dt_900,489,48.900000000000425,B02_CFV,cav,not_applicable,8015.541082165986,3.5,30.030285956761325,0.364777161232133,lane_1,mainline,,normal,none,commit
BASIC-02,basic_long_dt_900,489,48.900000000000425,B02_TLV_CLV,cav,not_applicable,8057.8391484620415,3.5,29.962574581547237,0.07890041371727985,lane_1,mainline,,normal,none,commit
BASIC-02,basic_long_dt_900,490,49.000000000000426,B02_MV,cav,not_applicable,7245.949145044501,-3.5,0.01245437607984422,4.0,on_ramp,on_ramp_mv,,normal,not_started,commit
BASIC-02,basic_long_dt_900,490,49.000000000000426,B02_CLV,cav,not_applicable,8103.000000047351,3.5,29.999999980267802,8.221749681069924e-09,lane_1,mainline,,normal,none,commit
BASIC-02,basic_long_dt_900,490,49.000000000000426,B02_CFV,cav,not_applicable,8018.536186211163,3.5,29.951040451771227,-0.792455049900982,lane_1,mainline,,normal,none,commit
BASIC-02,basic_long_dt_900,490,49.000000000000426,B02_TLV_CLV,cav,not_applicable,8060.8433241963085,3.5,30.04175734266956,0.791827611223229,lane_1,mainline,,normal,none,commit
BASIC-02,basic_long_dt_900,491,49.10000000000043,B02_MV,cav,not_applicable,7245.950360710456,-3.5,0.012156659547726984,4.0,on_ramp,on_ramp_mv,,normal,not_started,commit
BASIC-02,basic_long_dt_900,491,49.10000000000043,B02_CLV,cav,not_applicable,8106.0000000454565,3.5,29.99999998105709,7.892879239079775e-09,lane_1,mainline,,normal,none,commit
BASIC-02,basic_long_dt_900,491,49.10000000000043,B02_CFV,cav,not_applicable,8021.532079260477,3.5,29.958930493142965,0.07890041371737844,lane_1,mainline,,normal,none,commit
BASIC-02,basic_long_dt_900,491,49.10000000000043,B02_TLV_CLV,cav,not_applicable,8063.843069429213,3.5,29.997452329042368,-0.4430501362719035,lane_1,mainline,,normal,none,commit
BASIC-02,basic_long_dt_900,492,49.20000000000043,B02_MV,cav,not_applicable,7245.9515473164365,-3.5,0.011866059801968044,4.0,on_ramp,on_ramp_mv,,normal,not_started,commit
BASIC-02,basic_long_dt_900,492,49.20000000000043,B02_CLV,cav,not_applicable,8109.0000000436385,3.5,29.999999981814806,7.57716378529949e-09,lane_1,mainline,,normal,none,commit
BASIC-02,basic_long_dt_900,492,49.20000000000043,B02_CFV,cav,not_applicable,8024.535890585904,3.5,30.038113254265298,0.7918276112233097,lane_1,mainline,,normal,none,commit
BASIC-02,basic_long_dt_900,492,49.20000000000043,B02_TLV_CLV,cav,not_applicable,8066.846462433729,3.5,30.033930045165576,0.36477716123207904,lane_1,mainline,,normal,none,commit
BASIC-02,basic_long_dt_900,493,49.30000000000043,B02_MV,cav,not_applicable,7245.952705557108,-3.5,0.011582406718820108,4.0,on_ramp,on_ramp_mv,,normal,not_started,commit
BASIC-02,basic_long_dt_900,493,49.30000000000043,B02_CLV,cav,not_applicable,8112.000000041892,3.5,29.999999982542214,7.274077518104605e-09,lane_1,mainline,,normal,none,commit
BASIC-02,basic_long_dt_900,493,49.30000000000043,B02_CFV,cav,not_applicable,8027.535271409968,3.5,29.993808240638113,-0.44305013627183754,lane_1,mainline,,normal,none,commit
BASIC-02,basic_long_dt_900,493,49.30000000000043,B02_TLV_CLV,cav,not_applicable,8069.8419308877465,3.5,29.954684540175474,-0.7924550499010261,lane_1,mainline,,normal,none,commit
BASIC-02,basic_long_dt_900,494,49.40000000000043,B02_MV,cav,not_applicable,7245.953836110532,-3.5,0.011305534241422624,4.0,on_ramp,on_ramp_mv,,normal,not_started,commit
BASIC-02,basic_long_dt_900,494,49.40000000000043,B02_CLV,cav,not_applicable,8115.000000040216,3.5,29.999999983240524,6.983114531067258e-09,lane_1,mainline,,normal,none,commit
BASIC-02,basic_long_dt_900,494,49.40000000000043,B02_CFV,cav,not_applicable,8030.5383000056445,3.5,30.030285956761325,0.364777161232133,lane_1,mainline,,normal,none,commit
BASIC-02,basic_long_dt_900,494,49.40000000000043,B02_TLV_CLV,cav,not_applicable,8072.8381883459015,3.5,29.96257458154721,0.07890041371734235,lane_1,mainline,,normal,none,commit
BASIC-02,basic_long_dt_900,495,49.50000000000043,B02_MV,cav,not_applicable,7245.954939638561,-3.5,0.011035280281966936,4.0,on_ramp,on_ramp_mv,,normal,not_started,commit
BASIC-02,basic_long_dt_900,495,49.50000000000043,B02_CLV,cav,not_applicable,8118.000000038607,3.5,29.999999983910904,6.703790234041663e-09,lane_1,mainline,,normal,none,commit
BASIC-02,basic_long_dt_900,495,49.50000000000043,B02_CFV,cav,not_applicable,8033.533404050821,3.5,29.951040451771227,-0.792455049900982,lane_1,mainline,,normal,none,commit
BASIC-02,basic_long_dt_900,495,49.50000000000043,B02_TLV_CLV,cav,not_applicable,8075.842364080168,3.5,30.041757342669538,0.7918276112232802,lane_1,mainline,,normal,none,commit
BASIC-02,basic_long_dt_900,496,49.600000000000435,B02_MV,cav,not_applicable,7245.956016787224,-3.5,0.01077148662777479,4.0,on_ramp,on_ramp_mv,,normal,not_started,commit
BASIC-02,basic_long_dt_900,496,49.600000000000435,B02_CLV,cav,not_applicable,8121.000000037063,3.5,29.999999984554467,6.435638510993159e-09,lane_1,mainline,,normal,none,commit
BASIC-02,basic_long_dt_900,496,49.600000000000435,B02_CFV,cav,not_applicable,8036.529297100135,3.5,29.958930493142965,0.07890041371737844,lane_1,mainline,,normal,none,commit
BASIC-02,basic_long_dt_900,496,49.600000000000435,B02_TLV_CLV,cav,not_applicable,8078.842109313073,3.5,29.99745232904235,-0.4430501362718616,lane_1,mainline,,normal,none,commit
BASIC-02,basic_long_dt_900,497,49.700000000000436,B02_MV,cav,not_applicable,7245.957068187109,-3.5,0.01051399884802911,4.0,on_ramp,on_ramp_mv,,normal,not_started,commit
BASIC-02,basic_long_dt_900,497,49.700000000000436,B02_CLV,cav,not_applicable,8124.00000003558,3.5,29.999999985172288,6.178213141083689e-09,lane_1,mainline,,normal,none,commit
BASIC-02,basic_long_dt_900,497,49.700000000000436,B02_CFV,cav,not_applicable,8039.533108425562,3.5,30.038113254265298,0.7918276112233097,lane_1,mainline,,normal,none,commit
BASIC-02,basic_long_dt_900,497,49.700000000000436,B02_TLV_CLV,cav,not_applicable,8081.845502317589,3.5,30.03393004516556,0.36477716123211323,lane_1,mainline,,normal,none,commit
BASIC-02,basic_long_dt_900,498,49.80000000000044,B02_MV,cav,not_applicable,7245.958094453729,-3.5,0.0102626662035485,4.0,on_ramp,on_ramp_mv,,normal,not_started,commit
BASIC-02,basic_long_dt_900,498,49.80000000000044,B02_CLV,cav,not_applicable,8127.000000034157,3.5,29.999999985765395,5.931084956500854e-09,lane_1,mainline,,normal,none,commit
BASIC-02,basic_long_dt_900,498,49.80000000000044,B02_CFV,cav,not_applicable,8042.532489249626,3.5,29.993808240638113,-0.44305013627183754,lane_1,mainline,,normal,none,commit
BASIC-02,basic_long_dt_900,498,49.80000000000044,B02_TLV_CLV,cav,not_applicable,8084.840970771606,3.5,29.95468454017546,-0.7924550499009981,lane_1,mainline,,normal,none,commit
BASIC-02,basic_long_dt_900,499,49.90000000000044,B02_MV,cav,not_applicable,7245.959096187885,-3.5,0.01001734155851845,4.0,on_ramp,on_ramp_mv,,normal,not_started,commit
BASIC-02,basic_long_dt_900,499,49.90000000000044,B02_CLV,cav,not_applicable,8130.00000003279,3.5,29.999999986334778,5.693841842457914e-09,lane_1,mainline,,normal,none,commit
BASIC-02,basic_long_dt_900,499,49.90000000000044,B02_CFV,cav,not_applicable,8045.535517845303,3.5,30.030285956761325,0.364777161232133,lane_1,mainline,,normal,none,commit
BASIC-02,basic_long_dt_900,499,49.90000000000044,B02_TLV_CLV,cav,not_applicable,8087.837228229761,3.5,29.962574581547198,0.07890041371736523,lane_1,mainline,,normal,none,commit
BASIC-02,basic_long_dt_900,500,50.00000000000044,B02_MV,cav,not_applicable,7245.960073976014,-3.5,0.009777881294179246,4.0,on_ramp,on_ramp_mv,,normal,not_started,commit
BASIC-02,basic_long_dt_900,500,50.00000000000044,B02_CLV,cav,not_applicable,8133.0000000314785,3.5,29.999999986881388,5.466088737193787e-09,lane_1,mainline,,normal,none,commit
BASIC-02,basic_long_dt_900,500,50.00000000000044,B02_CFV,cav,not_applicable,8048.53062189048,3.5,29.951040451771227,-0.792455049900982,lane_1,mainline,,normal,none,commit
BASIC-02,basic_long_dt_900,500,50.00000000000044,B02_TLV_CLV,cav,not_applicable,8090.841403964028,3.5,30.041757342669527,0.7918276112232988,lane_1,mainline,,normal,none,commit
BASIC-02,basic_long_dt_900,501,50.10000000000044,B02_MV,cav,not_applicable,7245.961028390537,-3.5,0.009544145224905399,4.0,on_ramp,on_ramp_mv,,normal,not_started,commit
BASIC-02,basic_long_dt_900,501,50.10000000000044,B02_CLV,cav,not_applicable,8136.000000030219,3.5,29.99999998740613,5.247444789802103e-09,lane_1,mainline,,normal,none,commit
BASIC-02,basic_long_dt_900,501,50.10000000000044,B02_CFV,cav,not_applicable,8051.526514939794,3.5,29.958930493142965,0.07890041371737844,lane_1,mainline,,normal,none,commit
BASIC-02,basic_long_dt_900,501,50.10000000000044,B02_TLV_CLV,cav,not_applicable,8093.841149196933,3.5,29.997452329042343,-0.4430501362718464,lane_1,mainline,,normal,none,commit
BASIC-02,basic_long_dt_900,502,50.20000000000044,B02_MV,cav,not_applicable,7245.961959990188,-3.5,0.009315996516459164,4.0,on_ramp,on_ramp_mv,,normal,not_started,commit
BASIC-02,basic_long_dt_900,502,50.20000000000044,B02_CLV,cav,not_applicable,8139.00000002901,3.5,29.999999987909884,5.037547623487626e-09,lane_1,mainline,,normal,none,commit
BASIC-02,basic_long_dt_900,502,50.20000000000044,B02_CFV,cav,not_applicable,8054.5303262652205,3.5,30.038113254265298,0.7918276112233097,lane_1,mainline,,normal,none,commit
BASIC-02,basic_long_dt_900,502,50.20000000000044,B02_TLV_CLV,cav,not_applicable,8096.844542201449,3.5,30.033930045165555,0.3647771612321257,lane_1,mainline,,normal,none,commit
BASIC-02,basic_long_dt_900,503,50.300000000000445,B02_MV,cav,not_applicable,7245.962869320349,-3.5,0.009093301605331141,4.0,on_ramp,on_ramp_mv,,normal,not_started,commit
BASIC-02,basic_long_dt_900,503,50.300000000000445,B02_CLV,cav,not_applicable,8142.00000002785,3.5,29.99999998839349,4.836046230138891e-09,lane_1,mainline,,normal,none,commit
BASIC-02,basic_long_dt_900,503,50.300000000000445,B02_CFV,cav,not_applicable,8057.529707089285,3.5,29.993808240638113,-0.44305013627183754,lane_1,mainline,,normal,none,commit
BASIC-02,basic_long_dt_900,503,50.300000000000445,B02_TLV_CLV,cav,not_applicable,8099.840010655466,3.5,29.954684540175457,-0.7924550499009879,lane_1,mainline,,normal,none,commit
BASIC-02,basic_long_dt_900,504,50.400000000000446,B02_MV,cav,not_applicable,7245.963756913361,-3.5,0.00887593012068978,4.0,on_ramp,on_ramp_mv,,normal,not_started,commit
BASIC-02,basic_long_dt_900,504,50.400000000000446,B02_CLV,cav,not_applicable,8145.0000000267355,3.5,29.999999988857752,4.642603812499147e-09,lane_1,mainline,,normal,none,commit
BASIC-02,basic_long_dt_900,504,50.400000000000446,B02_CFV,cav,not_applicable,8060.532735684961,3.5,30.030285956761325,0.364777161232133,lane_1,mainline,,normal,none,commit
BASIC-02,basic_long_dt_900,504,50.400000000000446,B02_TLV_CLV,cav,not_applicable,8102.836268113621,3.5,29.962574581547194,0.07890041371737355,lane_1,mainline,,normal,none,commit
BASIC-02,basic_long_dt_900,505,50.50000000000045,B02_MV,cav,not_applicable,7245.964623288842,-3.5,0.008663754808287606,4.0,on_ramp,on_ramp_mv,,normal,not_started,commit
BASIC-02,basic_long_dt_900,505,50.50000000000045,B02_CLV,cav,not_applicable,8148.000000025666,3.5,29.999999989303443,4.45689920525183e-09,lane_1,mainline,,normal,none,commit
BASIC-02,basic_long_dt_900,505,50.50000000000045,B02_CFV,cav,not_applicable,8063.527839730138,3.5,29.951040451771227,-0.792455049900982,lane_1,mainline,,normal,none,commit
BASIC-02,basic_long_dt_900,505,50.50000000000045,B02_TLV_CLV,cav,not_applicable,8105.840443847888,3.5,30.041757342669523,0.7918276112233057,lane_1,mainline,,normal,none,commit
BASIC-02,basic_long_dt_900,506,50.60000000000045,B02_MV,cav,not_applicable,7245.9654689539875,-3.5,0.00845665145610671,4.0,on_ramp,on_ramp_mv,,normal,not_started,commit
BASIC-02,basic_long_dt_900,506,50.60000000000045,B02_CLV,cav,not_applicable,8151.000000024639,3.5,29.999999989731307,4.278622611764149e-09,lane_1,mainline,,normal,none,commit
BASIC-02,basic_long_dt_900,506,50.60000000000045,B02_CFV,cav,not_applicable,8066.523732779452,3.5,29.958930493142965,0.07890041371737844,lane_1,mainline,,normal,none,commit
BASIC-02,basic_long_dt_900,506,50.60000000000045,B02_TLV_CLV,cav,not_applicable,8108.840189080793,3.5,29.99745232904234,-0.44305013627184076,lane_1,mainline,,normal,none,commit
BASIC-02,basic_long_dt_900,507,50.70000000000045,B02_MV,cav,not_applicable,7245.96629440387,-3.5,0.008254498820873896,4.0,on_ramp,on_ramp_mv,,normal,not_started,commit
BASIC-02,basic_long_dt_900,507,50.70000000000045,B02_CLV,cav,not_applicable,8154.000000023653,3.5,29.999999990142054,4.107477025172557e-09,lane_1,mainline,,normal,none,commit
BASIC-02,basic_long_dt_900,507,50.70000000000045,B02_CFV,cav,not_applicable,8069.527544104879,3.5,30.038113254265298,0.7918276112233097,lane_1,mainline,,normal,none,commit
BASIC-02,basic_long_dt_900,507,50.70000000000045,B02_TLV_CLV,cav,not_applicable,8111.843582085309,3.5,30.03393004516555,0.36477716123213033,lane_1,mainline,,normal,none,commit
BASIC-02,basic_long_dt_900,508,50.80000000000045,B02_MV,cav,not_applicable,7245.967100121726,-3.5,0.008057178557836988,4.0,on_ramp,on_ramp_mv,,normal,not_started,commit
BASIC-02,basic_long_dt_900,508,50.80000000000045,B02_CLV,cav,not_applicable,8157.000000022706,3.5,29.999999990536374,3.943178228382749e-09,lane_1,mainline,,normal,none,commit
BASIC-02,basic_long_dt_900,508,50.80000000000045,B02_CFV,cav,not_applicable,8072.526924928943,3.5,29.993808240638113,-0.44305013627183754,lane_1,mainline,,normal,none,commit
BASIC-02,basic_long_dt_900,508,50.80000000000045,B02_TLV_CLV,cav,not_applicable,8114.839050539326,3.5,29.954684540175453,-0.7924550499009841,lane_1,mainline,,normal,none,commit
BASIC-02,basic_long_dt_900,509,50.90000000000045,B02_MV,cav,not_applicable,7245.967886579241,-3.5,0.007864575151410778,4.0,on_ramp,on_ramp_mv,,normal,not_started,commit
BASIC-02,basic_long_dt_900,509,50.90000000000045,B02_CLV,cav,not_applicable,8160.000000021798,3.5,29.99999999091492,3.7854505308132506e-09,lane_1,mainline,,normal,none,commit
BASIC-02,basic_long_dt_900,509,50.90000000000045,B02_CFV,cav,not_applicable,8075.5299535246195,3.5,30.030285956761325,0.364777161232133,lane_1,mainline,,normal,none,commit
BASIC-02,basic_long_dt_900,509,50.90000000000045,B02_TLV_CLV,cav,not_applicable,8117.835307997481,3.5,29.96257458154719,0.07890041371737666,lane_1,mainline,,normal,none,commit
BASIC-02,basic_long_dt_900,510,51.000000000000455,B02_MV,cav,not_applicable,7245.968654236826,-3.5,0.0076765758469100305,4.0,on_ramp,on_ramp_mv,,normal,not_started,commit
BASIC-02,basic_long_dt_900,510,51.000000000000455,B02_CLV,cav,not_applicable,8163.000000020926,3.5,29.999999991278322,3.6340324527373016e-09,lane_1,mainline,,normal,none,commit
BASIC-02,basic_long_dt_900,510,51.000000000000455,B02_CFV,cav,not_applicable,8078.525057569796,3.5,29.951040451771227,-0.792455049900982,lane_1,mainline,,normal,none,commit
BASIC-02,basic_long_dt_900,510,51.000000000000455,B02_TLV_CLV,cav,not_applicable,8120.839483731748,3.5,30.041757342669523,0.7918276112233082,lane_1,mainline,,normal,none,commit
BASIC-02,basic_long_dt_900,511,51.100000000000456,B02_MV,cav,not_applicable,7245.969403543885,-3.5,0.0074930705853262355,4.0,on_ramp,on_ramp_mv,,normal,not_started,commit
BASIC-02,basic_long_dt_900,511,51.100000000000456,B02_CLV,cav,not_applicable,8166.000000020088,3.5,29.999999991627188,3.488671040940972e-09,lane_1,mainline,,normal,none,commit
BASIC-02,basic_long_dt_900,511,51.100000000000456,B02_CFV,cav,not_applicable,8081.52095061911,3.5,29.958930493142965,0.07890041371737844,lane_1,mainline,,normal,none,commit
BASIC-02,basic_long_dt_900,511,51.100000000000456,B02_TLV_CLV,cav,not_applicable,8123.839228964653,3.5,29.99745232904234,-0.44305013627183865,lane_1,mainline,,normal,none,commit
BASIC-02,basic_long_dt_900,512,51.20000000000046,B02_MV,cav,not_applicable,7245.970134939079,-3.5,0.007313951938539187,4.0,on_ramp,on_ramp_mv,,normal,not_started,commit
BASIC-02,basic_long_dt_900,512,51.20000000000046,B02_CLV,cav,not_applicable,8169.000000019284,3.5,29.9999999919621,3.3491247108941026e-09,lane_1,mainline,,normal,none,commit
BASIC-02,basic_long_dt_900,512,51.20000000000046,B02_CFV,cav,not_applicable,8084.524761944537,3.5,30.038113254265298,0.7918276112233097,lane_1,mainline,,normal,none,commit
BASIC-02,basic_long_dt_900,512,51.20000000000046,B02_TLV_CLV,cav,not_applicable,8126.842621969169,3.5,30.03393004516555,0.36477716123213205,lane_1,mainline,,normal,none,commit
BASIC-02,basic_long_dt_900,513,51.30000000000046,B02_MV,cav,not_applicable,7245.970848850584,-3.5,0.007139115046485255,4.0,on_ramp,on_ramp_mv,,normal,not_started,commit
BASIC-02,basic_long_dt_900,513,51.30000000000046,B02_CLV,cav,not_applicable,8172.000000018513,3.5,29.999999992283616,3.215160404579365e-09,lane_1,mainline,,normal,none,commit
BASIC-02,basic_long_dt_900,513,51.30000000000046,B02_CFV,cav,not_applicable,8087.524142768601,3.5,29.993808240638113,-0.44305013627183754,lane_1,mainline,,normal,none,commit
BASIC-02,basic_long_dt_900,513,51.30000000000046,B02_TLV_CLV,cav,not_applicable,8129.838090423186,3.5,29.954684540175453,-0.7924550499009828,lane_1,mainline,,normal,none,commit
BASIC-02,basic_long_dt_900,514,51.40000000000046,B02_MV,cav,not_applicable,7245.9715456963395,-3.5,0.006968457555412712,4.0,on_ramp,on_ramp_mv,,normal,not_started,commit
BASIC-02,basic_long_dt_900,514,51.40000000000046,B02_CLV,cav,not_applicable,8175.000000017772,3.5,29.999999992592272,3.0865535904922584e-09,lane_1,mainline,,normal,none,commit
BASIC-02,basic_long_dt_900,514,51.40000000000046,B02_CFV,cav,not_applicable,8090.527171364278,3.5,30.030285956761325,0.364777161232133,lane_1,mainline,,normal,none,commit
BASIC-02,basic_long_dt_900,514,51.40000000000046,B02_TLV_CLV,cav,not_applicable,8132.834347881341,3.5,29.96257458154719,0.07890041371737777,lane_1,mainline,,normal,none,commit
BASIC-02,basic_long_dt_900,515,51.50000000000046,B02_MV,cav,not_applicable,7245.972225884296,-3.5,0.006801879558745995,4.0,on_ramp,on_ramp_mv,,normal,not_started,commit
BASIC-02,basic_long_dt_900,515,51.50000000000046,B02_CLV,cav,not_applicable,8178.000000017061,3.5,29.999999992888583,2.9630911058120546e-09,lane_1,mainline,,normal,none,commit
BASIC-02,basic_long_dt_900,515,51.50000000000046,B02_CFV,cav,not_applicable,8093.522275409455,3.5,29.951040451771227,-0.792455049900982,lane_1,mainline,,normal,none,commit
BASIC-02,basic_long_dt_900,515,51.50000000000046,B02_TLV_CLV,cav,not_applicable,8135.838523615608,3.5,30.041757342669523,0.7918276112233091,lane_1,mainline,,normal,none,commit
BASIC-02,basic_long_dt_900,516,51.60000000000046,B02_MV,cav,not_applicable,7245.97288981265,-3.5,0.00663928353773255,4.0,on_ramp,on_ramp_mv,,normal,not_started,commit
BASIC-02,basic_long_dt_900,516,51.60000000000046,B02_CLV,cav,not_applicable,8181.000000016378,3.5,29.999999993173038,2.844566893145384e-09,lane_1,mainline,,normal,none,commit
BASIC-02,basic_long_dt_900,516,51.60000000000046,B02_CFV,cav,not_applicable,8096.518168458769,3.5,29.958930493142965,0.07890041371737844,lane_1,mainline,,normal,none,commit
BASIC-02,basic_long_dt_900,516,51.60000000000046,B02_TLV_CLV,cav,not_applicable,8138.838268848513,3.5,29.99745232904234,-0.443050136271838,lane_1,mainline,,normal,none,commit
BASIC-02,basic_long_dt_900,517,51.700000000000465,B02_MV,cav,not_applicable,7245.97353787008,-3.5,0.006480574305133427,4.0,on_ramp,on_ramp_mv,,normal,not_started,commit
BASIC-02,basic_long_dt_900,517,51.700000000000465,B02_CLV,cav,not_applicable,8184.000000015722,3.5,29.999999993446117,2.7307848426971762e-09,lane_1,mainline,,normal,none,commit
BASIC-02,basic_long_dt_900,517,51.700000000000465,B02_CFV,cav,not_applicable,8099.5219797841955,3.5,30.038113254265298,0.7918276112233097,lane_1,mainline,,normal,none,commit
BASIC-02,basic_long_dt_900,517,51.700000000000465,B02_TLV_CLV,cav,not_applicable,8141.841661853029,3.5,30.03393004516555,0.3647771612321326,lane_1,mainline,,normal,none,commit
BASIC-02,basic_long_dt_900,518,51.800000000000466,B02_MV,cav,not_applicable,7245.974170435975,-3.5,0.006325658948913885,4.0,on_ramp,on_ramp_mv,,normal,not_started,commit
BASIC-02,basic_long_dt_900,518,51.800000000000466,B02_CLV,cav,not_applicable,8187.000000015093,3.5,29.999999993708272,2.621553107928776e-09,lane_1,mainline,,normal,none,commit
BASIC-02,basic_long_dt_900,518,51.800000000000466,B02_CFV,cav,not_applicable,8102.52136060826,3.5,29.993808240638113,-0.44305013627183754,lane_1,mainline,,normal,none,commit
BASIC-02,basic_long_dt_900,518,51.800000000000466,B02_TLV_CLV,cav,not_applicable,8144.837130307046,3.5,29.954684540175453,-0.7924550499009824,lane_1,mainline,,normal,none,commit
BASIC-02,basic_long_dt_900,519,51.90000000000047,B02_MV,cav,not_applicable,7245.974787880653,-3.5,0.006174446777890681,4.0,on_ramp,on_ramp_mv,,normal,not_started,commit
BASIC-02,basic_long_dt_900,519,51.90000000000047,B02_CLV,cav,not_applicable,8190.000000014489,3.5,29.999999993959943,2.5166912109853005e-09,lane_1,mainline,,normal,none,commit
BASIC-02,basic_long_dt_900,519,51.90000000000047,B02_CFV,cav,not_applicable,8105.524389203936,3.5,30.030285956761325,0.364777161232133,lane_1,mainline,,normal,none,commit
BASIC-02,basic_long_dt_900,519,51.90000000000047,B02_TLV_CLV,cav,not_applicable,8147.833387765201,3.5,29.96257458154719,0.0789004137173781,lane_1,mainline,,normal,none,commit
BASIC-02,basic_long_dt_900,520,52.00000000000047,B02_MV,cav,not_applicable,7245.97539056558,-3.5,0.006026849269118658,4.0,on_ramp,on_ramp_mv,,normal,not_started,commit
BASIC-02,basic_long_dt_900,520,52.00000000000047,B02_CLV,cav,not_applicable,8193.00000001391,3.5,29.999999994201545,2.4160229372682807e-09,lane_1,mainline,,normal,none,commit
BASIC-02,basic_long_dt_900,520,52.00000000000047,B02_CFV,cav,not_applicable,8108.519493249113,3.5,29.951040451771227,-0.792455049900982,lane_1,mainline,,normal,none,commit
BASIC-02,basic_long_dt_900,520,52.00000000000047,B02_TLV_CLV,cav,not_applicable,8150.837563499468,3.5,30.041757342669523,0.7918276112233094,lane_1,mainline,,normal,none,commit
BASIC-02,basic_long_dt_900,521,52.10000000000047,B02_MV,cav,not_applicable,7245.975978843581,-3.5,0.005882780015712142,4.0,on_ramp,on_ramp_mv,,normal,not_started,commit
BASIC-02,basic_long_dt_900,521,52.10000000000047,B02_CLV,cav,not_applicable,8196.000000013353,3.5,29.999999994433484,2.3193820197775494e-09,lane_1,mainline,,normal,none,commit
BASIC-02,basic_long_dt_900,521,52.10000000000047,B02_CFV,cav,not_applicable,8111.515386298427,3.5,29.958930493142965,0.07890041371737844,lane_1,mainline,,normal,none,commit
BASIC-02,basic_long_dt_900,521,52.10000000000047,B02_TLV_CLV,cav,not_applicable,8153.837308732373,3.5,29.99745232904234,-0.44305013627183776,lane_1,mainline,,normal,none,commit
BASIC-02,basic_long_dt_900,522,52.20000000000047,B02_MV,cav,not_applicable,7245.9765530590485,-3.5,0.005742154676188231,4.0,on_ramp,on_ramp_mv,,normal,not_started,commit
BASIC-02,basic_long_dt_900,522,52.20000000000047,B02_CLV,cav,not_applicable,8199.000000012818,3.5,29.999999994656143,2.226606454769353e-09,lane_1,mainline,,normal,none,commit
BASIC-02,basic_long_dt_900,522,52.20000000000047,B02_CFV,cav,not_applicable,8114.519197623854,3.5,30.038113254265298,0.7918276112233097,lane_1,mainline,,normal,none,commit
BASIC-02,basic_long_dt_900,522,52.20000000000047,B02_TLV_CLV,cav,not_applicable,8156.840701736889,3.5,30.03393004516555,0.3647771612321328,lane_1,mainline,,normal,none,commit
BASIC-02,basic_long_dt_900,523,52.30000000000047,B02_MV,cav,not_applicable,7245.977113548141,-3.5,0.005604890925331939,4.0,on_ramp,on_ramp_mv,,normal,not_started,commit
BASIC-02,basic_long_dt_900,523,52.30000000000047,B02_CLV,cav,not_applicable,8202.000000012305,3.5,29.999999994869896,2.137542765012768e-09,lane_1,mainline,,normal,none,commit
BASIC-02,basic_long_dt_900,523,52.30000000000047,B02_CFV,cav,not_applicable,8117.518578447918,3.5,29.993808240638113,-0.44305013627183754,lane_1,mainline,,normal,none,commit
BASIC-02,basic_long_dt_900,523,52.30000000000047,B02_TLV_CLV,cav,not_applicable,8159.836170190906,3.5,29.954684540175453,-0.7924550499009821,lane_1,mainline,,normal,none,commit
BASIC-02,basic_long_dt_900,524,52.400000000000475,B02_MV,cav,not_applicable,7245.977660638981,-3.5,0.005470908405713592,4.0,on_ramp,on_ramp_mv,,normal,not_started,commit
BASIC-02,basic_long_dt_900,524,52.400000000000475,B02_CLV,cav,not_applicable,8205.000000011813,3.5,29.9999999950751,2.0520417365332833e-09,lane_1,mainline,,normal,none,commit
BASIC-02,basic_long_dt_900,524,52.400000000000475,B02_CFV,cav,not_applicable,8120.5216070435945,3.5,30.030285956761325,0.364777161232133,lane_1,mainline,,normal,none,commit
BASIC-02,basic_long_dt_900,524,52.400000000000475,B02_TLV_CLV,cav,not_applicable,8162.832427649061,3.5,29.96257458154719,0.07890041371737833,lane_1,mainline,,normal,none,commit
BASIC-02,basic_long_dt_900,525,52.500000000000476,B02_MV,cav,not_applicable,7245.97819465185,-3.5,0.00534012868072809,4.0,on_ramp,on_ramp_mv,,normal,not_started,commit
BASIC-02,basic_long_dt_900,525,52.500000000000476,B02_CLV,cav,not_applicable,8208.00000001134,3.5,29.999999995272095,1.9699598396982766e-09,lane_1,mainline,,normal,none,commit
BASIC-02,basic_long_dt_900,525,52.500000000000476,B02_CFV,cav,not_applicable,8123.516711088771,3.5,29.951040451771227,-0.792455049900982,lane_1,mainline,,normal,none,commit
BASIC-02,basic_long_dt_900,525,52.500000000000476,B02_TLV_CLV,cav,not_applicable,8165.836603383328,3.5,30.041757342669523,0.7918276112233096,lane_1,mainline,,normal,none,commit
BASIC-02,basic_long_dt_900,526,52.60000000000048,B02_MV,cav,not_applicable,7245.978715899369,-3.5,0.005212475189156043,4.0,on_ramp,on_ramp_mv,,normal,not_started,commit
BASIC-02,basic_long_dt_900,526,52.60000000000048,B02_CLV,cav,not_applicable,8211.000000010885,3.5,29.99999999546121,1.891162071387953e-09,lane_1,mainline,,normal,none,commit
BASIC-02,basic_long_dt_900,526,52.60000000000048,B02_CFV,cav,not_applicable,8126.512604138085,3.5,29.958930493142965,0.07890041371737844,lane_1,mainline,,normal,none,commit
BASIC-02,basic_long_dt_900,526,52.60000000000048,B02_TLV_CLV,cav,not_applicable,8168.8363486162325,3.5,29.99745232904234,-0.44305013627183754,lane_1,mainline,,normal,none,commit
BASIC-02,basic_long_dt_900,527,52.70000000000048,B02_MV,cav,not_applicable,7245.979224686688,-3.5,0.005087873199724911,4.0,on_ramp,on_ramp_mv,,normal,not_started,commit
BASIC-02,basic_long_dt_900,527,52.70000000000048,B02_CLV,cav,not_applicable,8214.000000010448,3.5,29.99999999564276,1.8155162706534612e-09,lane_1,mainline,,normal,none,commit
BASIC-02,basic_long_dt_900,527,52.70000000000048,B02_CFV,cav,not_applicable,8129.516415463512,3.5,30.038113254265298,0.7918276112233097,lane_1,mainline,,normal,none,commit
BASIC-02,basic_long_dt_900,527,52.70000000000048,B02_TLV_CLV,cav,not_applicable,8171.839741620749,3.5,30.03393004516555,0.364777161232133,lane_1,mainline,,normal,none,commit
BASIC-02,basic_long_dt_900,528,52.80000000000048,B02_MV,cav,not_applicable,7245.979721311665,-3.5,0.004966249767626846,4.0,on_ramp,on_ramp_mv,,normal,not_started,commit
BASIC-02,basic_long_dt_900,528,52.80000000000048,B02_CLV,cav,not_applicable,8217.00000001003,3.5,29.99999999581705,1.742895960887836e-09,lane_1,mainline,,normal,none,commit
BASIC-02,basic_long_dt_900,528,52.80000000000048,B02_CFV,cav,not_applicable,8132.515796287576,3.5,29.993808240638113,-0.44305013627183754,lane_1,mainline,,normal,none,commit
BASIC-02,basic_long_dt_900,528,52.80000000000048,B02_TLV_CLV,cav,not_applicable,8174.835210074766,3.5,29.954684540175453,-0.792455049900982,lane_1,mainline,,normal,none,commit
BASIC-02,basic_long_dt_900,529,52.90000000000048,B02_MV,cav,not_applicable,7245.9802060650345,-3.5,0.0048475336914713405,4.0,on_ramp,on_ramp_mv,,normal,not_started,commit
BASIC-02,basic_long_dt_900,529,52.90000000000048,B02_CLV,cav,not_applicable,8220.000000009628,3.5,29.999999995984368,1.673180349825998e-09,lane_1,mainline,,normal,none,commit
BASIC-02,basic_long_dt_900,529,52.90000000000048,B02_CFV,cav,not_applicable,8135.518824883253,3.5,30.030285956761325,0.364777161232133,lane_1,mainline,,normal,none,commit
BASIC-02,basic_long_dt_900,529,52.90000000000048,B02_TLV_CLV,cav,not_applicable,8177.831467532921,3.5,29.96257458154719,0.07890041371737844,lane_1,mainline,,normal,none,commit
BASIC-02,basic_long_dt_900,530,53.00000000000048,B02_MV,cav,not_applicable,7245.980679230582,-3.5,0.004731655472412001,4.0,on_ramp,on_ramp_mv,,normal,not_started,commit
BASIC-02,basic_long_dt_900,530,53.00000000000048,B02_CLV,cav,not_applicable,8223.000000009242,3.5,29.999999996144993,1.6062529084592825e-09,lane_1,mainline,,normal,none,commit
BASIC-02,basic_long_dt_900,530,53.00000000000048,B02_CFV,cav,not_applicable,8138.51392892843,3.5,29.951040451771227,-0.792455049900982,lane_1,mainline,,normal,none,commit
BASIC-02,basic_long_dt_900,530,53.00000000000048,B02_TLV_CLV,cav,not_applicable,8180.835643267188,3.5,30.041757342669523,0.7918276112233097,lane_1,mainline,,normal,none,commit
BASIC-02,basic_long_dt_900,531,53.100000000000485,B02_MV,cav,not_applicable,7245.981141085309,-3.5,0.0046185472726210835,4.0,on_ramp,on_ramp_mv,,normal,not_started,commit
BASIC-02,basic_long_dt_900,531,53.100000000000485,B02_CLV,cav,not_applicable,8226.000000008873,3.5,29.999999996299195,1.5420027921209112e-09,lane_1,mainline,,normal,none,commit
BASIC-02,basic_long_dt_900,531,53.100000000000485,B02_CFV,cav,not_applicable,8141.509821977744,3.5,29.958930493142965,0.07890041371737844,lane_1,mainline,,normal,none,commit
BASIC-02,basic_long_dt_900,531,53.100000000000485,B02_TLV_CLV,cav,not_applicable,8183.835388500092,3.5,29.99745232904234,-0.44305013627183754,lane_1,mainline,,normal,none,commit
BASIC-02,basic_long_dt_900,532,53.200000000000486,B02_MV,cav,not_applicable,7245.981591899596,-3.5,0.0045081428759381256,4.0,on_ramp,on_ramp_mv,,normal,not_started,commit
BASIC-02,basic_long_dt_900,532,53.200000000000486,B02_CLV,cav,not_applicable,8229.000000008518,3.5,29.999999996447226,1.4803219983150485e-09,lane_1,mainline,,normal,none,commit
BASIC-02,basic_long_dt_900,532,53.200000000000486,B02_CFV,cav,not_applicable,8144.5136333031705,3.5,30.038113254265298,0.7918276112233097,lane_1,mainline,,normal,none,commit
BASIC-02,basic_long_dt_900,532,53.200000000000486,B02_TLV_CLV,cav,not_applicable,8186.838781504609,3.5,30.03393004516555,0.364777161232133,lane_1,mainline,,normal,none,commit
BASIC-02,basic_long_dt_900,533,53.30000000000049,B02_MV,cav,not_applicable,7245.982031937361,-3.5,0.004400377649170831,4.0,on_ramp,on_ramp_mv,,normal,not_started,commit
BASIC-02,basic_long_dt_900,533,53.30000000000049,B02_CLV,cav,not_applicable,8232.000000008176,3.5,29.999999996589338,1.4211096299732164e-09,lane_1,mainline,,normal,none,commit
BASIC-02,basic_long_dt_900,533,53.30000000000049,B02_CFV,cav,not_applicable,8147.513014127235,3.5,29.993808240638113,-0.44305013627183754,lane_1,mainline,,normal,none,commit
BASIC-02,basic_long_dt_900,533,53.30000000000049,B02_TLV_CLV,cav,not_applicable,8189.834249958626,3.5,29.954684540175453,-0.792455049900982,lane_1,mainline,,normal,none,commit
BASIC-02,basic_long_dt_900,534,53.40000000000049,B02_MV,cav,not_applicable,7245.982461456211,-3.5,0.004295188504048171,4.0,on_ramp,on_ramp_mv,,normal,not_started,commit
BASIC-02,basic_long_dt_900,534,53.40000000000049,B02_CLV,cav,not_applicable,8235.000000007849,3.5,29.999999996725766,1.3642647900269368e-09,lane_1,mainline,,normal,none,commit
BASIC-02,basic_long_dt_900,534,53.40000000000049,B02_CFV,cav,not_applicable,8150.516042722911,3.5,30.030285956761325,0.364777161232133,lane_1,mainline,,normal,none,commit
BASIC-02,basic_long_dt_900,534,53.40000000000049,B02_TLV_CLV,cav,not_applicable,8192.83050741678,3.5,29.96257458154719,0.07890041371737844,lane_1,mainline,,normal,none,commit
BASIC-02,basic_long_dt_900,535,53.50000000000049,B02_MV,cav,not_applicable,7245.982880707597,-3.5,0.004192513860477962,4.0,on_ramp,on_ramp_mv,,normal,not_started,commit
BASIC-02,basic_long_dt_900,535,53.50000000000049,B02_CLV,cav,not_applicable,8238.000000007534,3.5,29.999999996856737,1.3096936868350895e-09,lane_1,mainline,,normal,none,commit
BASIC-02,basic_long_dt_900,535,53.50000000000049,B02_CFV,cav,not_applicable,8153.511146768088,3.5,29.951040451771227,-0.792455049900982,lane_1,mainline,,normal,none,commit
BASIC-02,basic_long_dt_900,535,53.50000000000049,B02_TLV_CLV,cav,not_applicable,8195.834683151048,3.5,30.041757342669523,0.7918276112233097,lane_1,mainline,,normal,none,commit
BASIC-02,basic_long_dt_900,536,53.60000000000049,B02_MV,cav,not_applicable,7245.9832899369585,-3.5,0.004092293610239248,4.0,on_ramp,on_ramp_mv,,normal,not_started,commit
BASIC-02,basic_long_dt_900,536,53.60000000000049,B02_CLV,cav,not_applicable,8241.000000007232,3.5,29.999999996982467,1.2573053709274973e-09,lane_1,mainline,,normal,none,commit
BASIC-02,basic_long_dt_900,536,53.60000000000049,B02_CFV,cav,not_applicable,8156.507039817402,3.5,29.958930493142965,0.07890041371737844,lane_1,mainline,,normal,none,commit
BASIC-02,basic_long_dt_900,536,53.60000000000049,B02_TLV_CLV,cav,not_applicable,8198.834428383952,3.5,29.99745232904234,-0.44305013627183754,lane_1,mainline,,normal,none,commit
BASIC-02,basic_long_dt_900,537,53.70000000000049,B02_MV,cav,not_applicable,7245.9836893838665,-3.5,0.003994469082196583,4.0,on_ramp,on_ramp_mv,,normal,not_started,commit
BASIC-02,basic_long_dt_900,537,53.70000000000049,B02_CLV,cav,not_applicable,8244.000000006943,3.5,29.999999997103167,1.2070131560903974e-09,lane_1,mainline,,normal,none,commit
BASIC-02,basic_long_dt_900,537,53.70000000000049,B02_CFV,cav,not_applicable,8159.510851142829,3.5,30.038113254265298,0.7918276112233097,lane_1,mainline,,normal,none,commit
BASIC-02,basic_long_dt_900,537,53.70000000000049,B02_TLV_CLV,cav,not_applicable,8201.83782138847,3.5,30.03393004516555,0.364777161232133,lane_1,mainline,,normal,none,commit
BASIC-02,basic_long_dt_900,538,53.800000000000495,B02_MV,cav,not_applicable,7245.984079282167,-3.5,0.0038989830077317033,4.0,on_ramp,on_ramp_mv,,normal,not_started,commit
BASIC-02,basic_long_dt_900,538,53.800000000000495,B02_CLV,cav,not_applicable,8247.000000006665,3.5,29.99999999721904,1.1587331982809702e-09,lane_1,mainline,,normal,none,commit
BASIC-02,basic_long_dt_900,538,53.800000000000495,B02_CFV,cav,not_applicable,8162.510231966893,3.5,29.993808240638113,-0.44305013627183754,lane_1,mainline,,normal,none,commit
BASIC-02,basic_long_dt_900,538,53.800000000000495,B02_TLV_CLV,cav,not_applicable,8204.833289842487,3.5,29.954684540175453,-0.792455049900982,lane_1,mainline,,normal,none,commit
BASIC-02,basic_long_dt_900,539,53.900000000000496,B02_MV,cav,not_applicable,7245.984459860116,-3.5,0.0038057794870448498,4.0,on_ramp,on_ramp_mv,,normal,not_started,commit
BASIC-02,basic_long_dt_900,539,53.900000000000496,B02_CLV,cav,not_applicable,8250.000000006397,3.5,29.999999997330278,1.1123844956273388e-09,lane_1,mainline,,normal,none,commit
BASIC-02,basic_long_dt_900,539,53.900000000000496,B02_CFV,cav,not_applicable,8165.5132605625695,3.5,30.030285956761325,0.364777161232133,lane_1,mainline,,normal,none,commit
BASIC-02,basic_long_dt_900,539,53.900000000000496,B02_TLV_CLV,cav,not_applicable,8207.829547300642,3.5,29.96257458154719,0.07890041371737844,lane_1,mainline,,normal,none,commit
BASIC-02,basic_long_dt_900,540,54.0000000000005,B02_MV,cav,not_applicable,7245.984831340512,-3.5,0.0037148039565431503,4.0,on_ramp,on_ramp_mv,,normal,not_started,commit
BASIC-02,basic_long_dt_900,540,54.0000000000005,B02_CLV,cav,not_applicable,8253.00000000614,3.5,29.999999997437065,1.0678888884285698e-09,lane_1,mainline,,normal,none,commit
BASIC-02,basic_long_dt_900,540,54.0000000000005,B02_CFV,cav,not_applicable,8168.508364607746,3.5,29.951040451771227,-0.792455049900982,lane_1,mainline,,normal,none,commit
BASIC-02,basic_long_dt_900,540,54.0000000000005,B02_TLV_CLV,cav,not_applicable,8210.83372303491,3.5,30.041757342669523,0.7918276112233097,lane_1,mainline,,normal,none,commit
BASIC-02,basic_long_dt_900,541,54.1000000000005,B02_MV,cav,not_applicable,7245.985193940827,-3.5,0.003626003157098637,4.0,on_ramp,on_ramp_mv,,normal,not_started,commit
BASIC-02,basic_long_dt_900,541,54.1000000000005,B02_CLV,cav,not_applicable,8256.000000005895,3.5,29.999999997539582,1.0251739013256155e-09,lane_1,mainline,,normal,none,commit
BASIC-02,basic_long_dt_900,541,54.1000000000005,B02_CFV,cav,not_applicable,8171.50425765706,3.5,29.958930493142965,0.07890041371737844,lane_1,mainline,,normal,none,commit
BASIC-02,basic_long_dt_900,541,54.1000000000005,B02_TLV_CLV,cav,not_applicable,8213.833468267814,3.5,29.99745232904234,-0.44305013627183754,lane_1,mainline,,normal,none,commit
BASIC-02,basic_long_dt_900,542,54.2000000000005,B02_MV,cav,not_applicable,7245.985547873338,-3.5,0.0035393251029585005,4.0,on_ramp,on_ramp_mv,,normal,not_started,commit
BASIC-02,basic_long_dt_900,542,54.2000000000005,B02_CLV,cav,not_applicable,8259.000000005659,3.5,29.999999997638,9.841670589594288e-10,lane_1,mainline,,normal,none,commit
BASIC-02,basic_long_dt_900,542,54.2000000000005,B02_CFV,cav,not_applicable,8174.508068982487,3.5,30.038113254265298,0.7918276112233097,lane_1,mainline,,normal,none,commit
BASIC-02,basic_long_dt_900,542,54.2000000000005,B02_TLV_CLV,cav,not_applicable,8216.836861272332,3.5,30.03393004516555,0.364777161232133,lane_1,mainline,,normal,none,commit
BASIC-02,basic_long_dt_900,543,54.3000000000005,B02_MV,cav,not_applicable,7245.985893345243,-3.5,0.003454719050437932,4.0,on_ramp,on_ramp_mv,,normal,not_started,commit
BASIC-02,basic_long_dt_900,543,54.3000000000005,B02_CLV,cav,not_applicable,8262.000000005432,3.5,29.99999999773248,9.448001492273762e-10,lane_1,mainline,,normal,none,commit
BASIC-02,basic_long_dt_900,543,54.3000000000005,B02_CFV,cav,not_applicable,8177.507449806551,3.5,29.993808240638113,-0.44305013627183754,lane_1,mainline,,normal,none,commit
BASIC-02,basic_long_dt_900,543,54.3000000000005,B02_TLV_CLV,cav,not_applicable,8219.832329726349,3.5,29.954684540175453,-0.792455049900982,lane_1,mainline,,normal,none,commit
BASIC-02,basic_long_dt_900,544,54.4000000000005,B02_MV,cav,not_applicable,7245.98623055879,-3.5,0.003372135469439305,4.0,on_ramp,on_ramp_mv,,normal,not_started,commit
BASIC-02,basic_long_dt_900,544,54.4000000000005,B02_CLV,cav,not_applicable,8265.000000005213,3.5,29.99999999782318,9.070078021977679e-10,lane_1,mainline,,normal,none,commit
BASIC-02,basic_long_dt_900,544,54.4000000000005,B02_CFV,cav,not_applicable,8180.510478402228,3.5,30.030285956761325,0.364777161232133,lane_1,mainline,,normal,none,commit
BASIC-02,basic_long_dt_900,544,54.4000000000005,B02_TLV_CLV,cav,not_applicable,8222.828587184504,3.5,29.96257458154719,0.07890041371737844,lane_1,mainline,,normal,none,commit
BASIC-02,basic_long_dt_900,545,54.500000000000504,B02_MV,cav,not_applicable,7245.986559711392,-3.5,0.0032915260136668965,4.0,on_ramp,on_ramp_mv,,normal,not_started,commit
BASIC-02,basic_long_dt_900,545,54.500000000000504,B02_CLV,cav,not_applicable,8268.000000005004,3.5,29.999999997910255,8.707274901098572e-10,lane_1,mainline,,normal,none,commit
BASIC-02,basic_long_dt_900,545,54.500000000000504,B02_CFV,cav,not_applicable,8183.505582447405,3.5,29.951040451771227,-0.792455049900982,lane_1,mainline,,normal,none,commit
BASIC-02,basic_long_dt_900,545,54.500000000000504,B02_TLV_CLV,cav,not_applicable,8225.832762918772,3.5,30.041757342669523,0.7918276112233097,lane_1,mainline,,normal,none,commit
BASIC-02,basic_long_dt_900,546,54.600000000000506,B02_MV,cav,not_applicable,7245.986880995742,-3.5,0.0032128434923634768,4.0,on_ramp,on_ramp_mv,,normal,not_started,commit
BASIC-02,basic_long_dt_900,546,54.600000000000506,B02_CLV,cav,not_applicable,8271.000000004804,3.5,29.999999997993843,8.358981062883687e-10,lane_1,mainline,,normal,none,commit
BASIC-02,basic_long_dt_900,546,54.600000000000506,B02_CFV,cav,not_applicable,8186.501475496719,3.5,29.958930493142965,0.07890041371737844,lane_1,mainline,,normal,none,commit
BASIC-02,basic_long_dt_900,546,54.600000000000506,B02_TLV_CLV,cav,not_applicable,8228.832508151676,3.5,29.99745232904234,-0.44305013627183754,lane_1,mainline,,normal,none,commit
BASIC-02,basic_long_dt_900,547,54.70000000000051,B02_MV,cav,not_applicable,7245.987194599926,-3.5,0.0031360418431339594,4.0,on_ramp,on_ramp_mv,,normal,not_started,commit
BASIC-02,basic_long_dt_900,547,54.70000000000051,B02_CLV,cav,not_applicable,8274.000000004611,3.5,29.999999998074088,8.024628073144413e-10,lane_1,mainline,,normal,none,commit
BASIC-02,basic_long_dt_900,547,54.70000000000051,B02_CFV,cav,not_applicable,8189.5052868221455,3.5,30.038113254265298,0.7918276112233097,lane_1,mainline,,normal,none,commit
BASIC-02,basic_long_dt_900,547,54.70000000000051,B02_TLV_CLV,cav,not_applicable,8231.835901156193,3.5,30.03393004516555,0.364777161232133,lane_1,mainline,,normal,none,commit
BASIC-02,basic_long_dt_900,548,54.80000000000051,B02_MV,cav,not_applicable,7245.987500707536,-3.5,0.003061076104551638,4.0,on_ramp,on_ramp_mv,,normal,not_started,commit
BASIC-02,basic_long_dt_900,548,54.80000000000051,B02_CLV,cav,not_applicable,8277.000000004426,3.5,29.999999998151125,7.703647497692146e-10,lane_1,mainline,,normal,none,commit
BASIC-02,basic_long_dt_900,548,54.80000000000051,B02_CFV,cav,not_applicable,8192.50466764621,3.5,29.993808240638113,-0.44305013627183754,lane_1,mainline,,normal,none,commit
BASIC-02,basic_long_dt_900,548,54.80000000000051,B02_TLV_CLV,cav,not_applicable,8234.83136961021,3.5,29.954684540175453,-0.792455049900982,lane_1,mainline,,normal,none,commit
BASIC-02,basic_long_dt_900,549,54.90000000000051,B02_MV,cav,not_applicable,7245.987799497775,-3.5,0.002987902389851478,4.0,on_ramp,on_ramp_mv,,normal,not_started,commit
BASIC-02,basic_long_dt_900,549,54.90000000000051,B02_CLV,cav,not_applicable,8280.000000004247,3.5,29.99999999822508,7.395499324047706e-10,lane_1,mainline,,normal,none,commit
BASIC-02,basic_long_dt_900,549,54.90000000000051,B02_CFV,cav,not_applicable,8195.507696241886,3.5,30.030285956761325,0.364777161232133,lane_1,mainline,,normal,none,commit
BASIC-02,basic_long_dt_900,549,54.90000000000051,B02_TLV_CLV,cav,not_applicable,8237.827627068365,3.5,29.96257458154719,0.07890041371737844,lane_1,mainline,,normal,none,commit
BASIC-02,basic_long_dt_900,550,55.00000000000051,B02_MV,cav,not_applicable,7245.988091145561,-3.5,0.002916477861493049,4.0,on_ramp,on_ramp_mv,,normal,not_started,commit
BASIC-02,basic_long_dt_900,550,55.00000000000051,B02_CLV,cav,not_applicable,8283.000000004076,3.5,29.999999998296076,7.099686172296061e-10,lane_1,mainline,,normal,none,commit
BASIC-02,basic_long_dt_900,550,55.00000000000051,B02_CFV,cav,not_applicable,8198.502800287064,3.5,29.951040451771227,-0.792455049900982,lane_1,mainline,,normal,none,commit
BASIC-02,basic_long_dt_900,550,55.00000000000051,B02_TLV_CLV,cav,not_applicable,8240.831802802633,3.5,30.041757342669523,0.7918276112233097,lane_1,mainline,,normal,none,commit
BASIC-02,basic_long_dt_900,551,55.10000000000051,B02_MV,cav,not_applicable,7245.988375821632,-3.5,0.002846760705940871,4.0,on_ramp,on_ramp_mv,,normal,not_started,commit
BASIC-02,basic_long_dt_900,551,55.10000000000051,B02_CLV,cav,not_applicable,8286.000000003913,3.5,29.99999999836423,6.815696451667464e-10,lane_1,mainline,,normal,none,commit
BASIC-02,basic_long_dt_900,551,55.10000000000051,B02_CFV,cav,not_applicable,8201.498693336378,3.5,29.958930493142965,0.07890041371737844,lane_1,mainline,,normal,none,commit
BASIC-02,basic_long_dt_900,551,55.10000000000051,B02_TLV_CLV,cav,not_applicable,8243.831548035538,3.5,29.99745232904234,-0.44305013627183754,lane_1,mainline,,normal,none,commit
BASIC-02,basic_long_dt_900,552,55.200000000000514,B02_MV,cav,not_applicable,7245.988653692643,-3.5,0.0027787101090969942,4.0,on_ramp,on_ramp_mv,,normal,not_started,commit
BASIC-02,basic_long_dt_900,552,55.200000000000514,B02_CLV,cav,not_applicable,8289.000000003756,3.5,29.99999999842966,6.543075414811029e-10,lane_1,mainline,,normal,none,commit
BASIC-02,basic_long_dt_900,552,55.200000000000514,B02_CFV,cav,not_applicable,8204.502504661805,3.5,30.038113254265298,0.7918276112233097,lane_1,mainline,,normal,none,commit
BASIC-02,basic_long_dt_900,552,55.200000000000514,B02_TLV_CLV,cav,not_applicable,8246.834941040055,3.5,30.03393004516555,0.364777161232133,lane_1,mainline,,normal,none,commit
BASIC-02,basic_long_dt_900,553,55.300000000000516,B02_MV,cav,not_applicable,7245.9889249212665,-3.5,0.002712286232603215,4.0,on_ramp,on_ramp_mv,,normal,not_started,commit
BASIC-02,basic_long_dt_900,553,55.300000000000516,B02_CLV,cav,not_applicable,8292.000000003605,3.5,29.999999998492473,6.281354103521154e-10,lane_1,mainline,,normal,none,commit
BASIC-02,basic_long_dt_900,553,55.300000000000516,B02_CFV,cav,not_applicable,8207.501885485868,3.5,29.993808240638113,-0.44305013627183754,lane_1,mainline,,normal,none,commit
BASIC-02,basic_long_dt_900,553,55.300000000000516,B02_TLV_CLV,cav,not_applicable,8249.830409494072,3.5,29.954684540175453,-0.792455049900982,lane_1,mainline,,normal,none,commit
BASIC-02,basic_long_dt_900,554,55.40000000000052,B02_MV,cav,not_applicable,7245.989189666286,-3.5,0.002647450190578123,4.0,on_ramp,on_ramp_mv,,normal,not_started,commit
BASIC-02,basic_long_dt_900,554,55.40000000000052,B02_CLV,cav,not_applicable,8295.00000000346,3.5,29.999999998552774,6.030106192156382e-10,lane_1,mainline,,normal,none,commit
BASIC-02,basic_long_dt_900,554,55.40000000000052,B02_CFV,cav,not_applicable,8210.504914081544,3.5,30.030285956761325,0.364777161232133,lane_1,mainline,,normal,none,commit
BASIC-02,basic_long_dt_900,554,55.40000000000052,B02_TLV_CLV,cav,not_applicable,8252.826666952227,3.5,29.96257458154719,0.07890041371737844,lane_1,mainline,,normal,none,commit
BASIC-02,basic_long_dt_900,555,55.50000000000052,B02_MV,cav,not_applicable,7245.989448082689,-3.5,0.0025841640263541423,4.0,on_ramp,on_ramp_mv,,normal,not_started,commit
BASIC-02,basic_long_dt_900,555,55.50000000000052,B02_CLV,cav,not_applicable,8298.000000003321,3.5,29.99999999861066,5.788905355075258e-10,lane_1,mainline,,normal,none,commit
BASIC-02,basic_long_dt_900,555,55.50000000000052,B02_CFV,cav,not_applicable,8213.500018126722,3.5,29.951040451771227,-0.792455049900982,lane_1,mainline,,normal,none,commit
BASIC-02,basic_long_dt_900,555,55.50000000000052,B02_TLV_CLV,cav,not_applicable,8255.830842686495,3.5,30.041757342669523,0.7918276112233097,lane_1,mainline,,normal,none,commit
BASIC-02,basic_long_dt_900,556,55.60000000000052,B02_MV,cav,not_applicable,7245.9897003217575,-3.5,0.002522390690736448,4.0,on_ramp,on_ramp_mv,,normal,not_started,commit
BASIC-02,basic_long_dt_900,556,55.60000000000052,B02_CLV,cav,not_applicable,8301.000000003189,3.5,29.999999998666237,5.557353688345757e-10,lane_1,mainline,,normal,none,commit
BASIC-02,basic_long_dt_900,556,55.60000000000052,B02_CFV,cav,not_applicable,8216.495911176036,3.5,29.958930493142965,0.07890041371737844,lane_1,mainline,,normal,none,commit
BASIC-02,basic_long_dt_900,556,55.60000000000052,B02_TLV_CLV,cav,not_applicable,8258.8305879194,3.5,29.99745232904234,-0.44305013627183754,lane_1,mainline,,normal,none,commit
BASIC-02,basic_long_dt_900,557,55.70000000000052,B02_MV,cav,not_applicable,7245.989946531159,-3.5,0.002462094020479297,4.0,on_ramp,on_ramp_mv,,normal,not_started,commit
BASIC-02,basic_long_dt_900,557,55.70000000000052,B02_CLV,cav,not_applicable,8304.000000003061,3.5,29.999999998719588,5.335053288035851e-10,lane_1,mainline,,normal,none,commit
BASIC-02,basic_long_dt_900,557,55.70000000000052,B02_CFV,cav,not_applicable,8219.499722501463,3.5,30.038113254265298,0.7918276112233097,lane_1,mainline,,normal,none,commit
BASIC-02,basic_long_dt_900,557,55.70000000000052,B02_TLV_CLV,cav,not_applicable,8261.833980923917,3.5,30.03393004516555,0.364777161232133,lane_1,mainline,,normal,none,commit
BASIC-02,basic_long_dt_900,558,55.80000000000052,B02_MV,cav,not_applicable,7245.9901868550305,-3.5,0.0024032387163275353,4.0,on_ramp,on_ramp_mv,,normal,not_started,commit
BASIC-02,basic_long_dt_900,558,55.80000000000052,B02_CLV,cav,not_applicable,8307.000000002938,3.5,29.999999998770804,5.121648882777663e-10,lane_1,mainline,,normal,none,commit
BASIC-02,basic_long_dt_900,558,55.80000000000052,B02_CFV,cav,not_applicable,8222.499103325526,3.5,29.993808240638113,-0.44305013627183754,lane_1,mainline,,normal,none,commit
BASIC-02,basic_long_dt_900,558,55.80000000000052,B02_TLV_CLV,cav,not_applicable,8264.829449377934,3.5,29.954684540175453,-0.792455049900982,lane_1,mainline,,normal,none,commit
BASIC-02,basic_long_dt_900,559,55.900000000000524,B02_MV,cav,not_applicable,7245.990421434063,-3.5,0.0023457903230148023,4.0,on_ramp,on_ramp_mv,,normal,not_started,commit
BASIC-02,basic_long_dt_900,559,55.900000000000524,B02_CLV,cav,not_applicable,8310.00000000282,3.5,29.999999998819973,4.916785201203311e-10,lane_1,mainline,,normal,none,commit
BASIC-02,basic_long_dt_900,559,55.900000000000524,B02_CFV,cav,not_applicable,8225.502131921203,3.5,30.030285956761325,0.364777161232133,lane_1,mainline,,normal,none,commit
BASIC-02,basic_long_dt_900,559,55.900000000000524,B02_TLV_CLV,cav,not_applicable,8267.825706836089,3.5,29.96257458154719,0.07890041371737844,lane_1,mainline,,normal,none,commit
BASIC-02,basic_long_dt_900,560,56.000000000000526,B02_MV,cav,not_applicable,7245.990650405584,-3.5,0.0022897152088269153,4.0,on_ramp,on_ramp_mv,,normal,not_started,commit
BASIC-02,basic_long_dt_900,560,56.000000000000526,B02_CLV,cav,not_applicable,8313.000000002707,3.5,29.999999998867175,4.720106971944916e-10,lane_1,mainline,,normal,none,commit
BASIC-02,basic_long_dt_900,560,56.000000000000526,B02_CFV,cav,not_applicable,8228.49723596638,3.5,29.951040451771227,-0.792455049900982,lane_1,mainline,,normal,none,commit
BASIC-02,basic_long_dt_900,560,56.000000000000526,B02_TLV_CLV,cav,not_applicable,8270.829882570357,3.5,30.041757342669523,0.7918276112233097,lane_1,mainline,,normal,none,commit
BASIC-02,basic_long_dt_900,561,56.10000000000053,B02_MV,cav,not_applicable,7245.990873903639,-3.5,0.0022349805462523035,4.0,on_ramp,on_ramp_mv,,normal,not_started,commit
BASIC-02,basic_long_dt_900,561,56.10000000000053,B02_CLV,cav,not_applicable,8316.000000002598,3.5,29.999999998912486,4.5313015561987414e-10,lane_1,mainline,,normal,none,commit
BASIC-02,basic_long_dt_900,561,56.10000000000053,B02_CFV,cav,not_applicable,8231.493129015695,3.5,29.958930493142965,0.07890041371737844,lane_1,mainline,,normal,none,commit
BASIC-02,basic_long_dt_900,561,56.10000000000053,B02_TLV_CLV,cav,not_applicable,8273.829627803261,3.5,29.99745232904234,-0.44305013627183754,lane_1,mainline,,normal,none,commit
BASIC-02,basic_long_dt_900,562,56.20000000000053,B02_MV,cav,not_applicable,7245.991092059068,-3.5,0.002181554292415038,4.0,on_ramp,on_ramp_mv,,normal,not_started,commit
BASIC-02,basic_long_dt_900,562,56.20000000000053,B02_CLV,cav,not_applicable,8319.000000002494,3.5,29.999999998955985,4.3500563151610554e-10,lane_1,mainline,,normal,none,commit
BASIC-02,basic_long_dt_900,562,56.20000000000053,B02_CFV,cav,not_applicable,8234.496940341121,3.5,30.038113254265298,0.7918276112233097,lane_1,mainline,,normal,none,commit
BASIC-02,basic_long_dt_900,562,56.20000000000053,B02_TLV_CLV,cav,not_applicable,8276.833020807779,3.5,30.03393004516555,0.364777161232133,lane_1,mainline,,normal,none,commit
BASIC-02,basic_long_dt_900,563,56.30000000000053,B02_MV,cav,not_applicable,7245.991304999586,-3.5,0.0021294051703774994,4.0,on_ramp,on_ramp_mv,,normal,not_started,commit
BASIC-02,basic_long_dt_900,563,56.30000000000053,B02_CLV,cav,not_applicable,8322.000000002394,3.5,29.999999998997747,4.176058610028122e-10,lane_1,mainline,,normal,none,commit
BASIC-02,basic_long_dt_900,563,56.30000000000053,B02_CFV,cav,not_applicable,8237.496321165185,3.5,29.993808240638113,-0.44305013627183754,lane_1,mainline,,normal,none,commit
BASIC-02,basic_long_dt_900,563,56.30000000000053,B02_TLV_CLV,cav,not_applicable,8279.828489261796,3.5,29.954684540175453,-0.792455049900982,lane_1,mainline,,normal,none,commit
BASIC-02,basic_long_dt_900,564,56.40000000000053,B02_MV,cav,not_applicable,7245.991512849851,-3.5,0.00207850265066046,4.0,on_ramp,on_ramp_mv,,normal,not_started,commit
BASIC-02,basic_long_dt_900,564,56.40000000000053,B02_CLV,cav,not_applicable,8325.000000002297,3.5,29.999999999037836,4.0090100128509223e-10,lane_1,mainline,,normal,none,commit
BASIC-02,basic_long_dt_900,564,56.40000000000053,B02_CFV,cav,not_applicable,8240.499349760861,3.5,30.030285956761325,0.364777161232133,lane_1,mainline,,normal,none,commit
BASIC-02,basic_long_dt_900,564,56.40000000000053,B02_TLV_CLV,cav,not_applicable,8282.82474671995,3.5,29.96257458154719,0.07890041371737844,lane_1,mainline,,normal,none,commit
BASIC-02,basic_long_dt_900,565,56.50000000000053,B02_MV,cav,not_applicable,7245.991715731544,-3.5,0.002028816934067626,4.0,on_ramp,on_ramp_mv,,normal,not_started,commit
BASIC-02,basic_long_dt_900,565,56.50000000000053,B02_CLV,cav,not_applicable,8328.000000002205,3.5,29.999999999076323,3.8486547282445827e-10,lane_1,mainline,,normal,none,commit
BASIC-02,basic_long_dt_900,565,56.50000000000053,B02_CFV,cav,not_applicable,8243.494453806039,3.5,29.951040451771227,-0.792455049900982,lane_1,mainline,,normal,none,commit
BASIC-02,basic_long_dt_900,565,56.50000000000053,B02_TLV_CLV,cav,not_applicable,8285.828922454219,3.5,30.041757342669523,0.7918276112233097,lane_1,mainline,,normal,none,commit
BASIC-02,basic_long_dt_900,566,56.600000000000534,B02_MV,cav,not_applicable,7245.991913763437,-3.5,0.0019803189332057223,4.0,on_ramp,on_ramp_mv,,normal,not_started,commit
BASIC-02,basic_long_dt_900,566,56.600000000000534,B02_CLV,cav,not_applicable,8331.000000002115,3.5,29.99999999911327,3.6947085391147995e-10,lane_1,mainline,,normal,none,commit
BASIC-02,basic_long_dt_900,566,56.600000000000534,B02_CFV,cav,not_applicable,8246.490346855353,3.5,29.958930493142965,0.07890041371737844,lane_1,mainline,,normal,none,commit
BASIC-02,basic_long_dt_900,566,56.600000000000534,B02_TLV_CLV,cav,not_applicable,8288.828667687123,3.5,29.99745232904234,-0.44305013627183754,lane_1,mainline,,normal,none,commit
BASIC-02,basic_long_dt_900,567,56.700000000000536,B02_MV,cav,not_applicable,7245.992107061463,-3.5,0.0019329802563960892,4.0,on_ramp,on_ramp_mv,,normal,not_started,commit
BASIC-02,basic_long_dt_900,567,56.700000000000536,B02_CLV,cav,not_applicable,8334.00000000203,3.5,29.99999999914874,3.5469156500766986e-10,lane_1,mainline,,normal,none,commit
BASIC-02,basic_long_dt_900,567,56.700000000000536,B02_CFV,cav,not_applicable,8249.49415818078,3.5,30.038113254265298,0.7918276112233097,lane_1,mainline,,normal,none,commit
BASIC-02,basic_long_dt_900,567,56.700000000000536,B02_TLV_CLV,cav,not_applicable,8291.83206069164,3.5,30.03393004516555,0.364777161232133,lane_1,mainline,,normal,none,commit
BASIC-02,basic_long_dt_900,568,56.80000000000054,B02_MV,cav,not_applicable,7245.992295738782,-3.5,0.001886773190281817,4.0,on_ramp,on_ramp_mv,,normal,not_started,commit
BASIC-02,basic_long_dt_900,568,56.80000000000054,B02_CLV,cav,not_applicable,8337.000000001948,3.5,29.99999999918279,3.405034476600122e-10,lane_1,mainline,,normal,none,commit
BASIC-02,basic_long_dt_900,568,56.80000000000054,B02_CFV,cav,not_applicable,8252.493539004843,3.5,29.993808240638113,-0.44305013627183754,lane_1,mainline,,normal,none,commit
BASIC-02,basic_long_dt_900,568,56.80000000000054,B02_TLV_CLV,cav,not_applicable,8294.827529145658,3.5,29.954684540175453,-0.792455049900982,lane_1,mainline,,normal,none,commit
BASIC-02,basic_long_dt_900,569,56.90000000000054,B02_MV,cav,not_applicable,7245.99247990585,-3.5,0.0018416706843915795,4.0,on_ramp,on_ramp_mv,,normal,not_started,commit
BASIC-02,basic_long_dt_900,569,56.90000000000054,B02_CLV,cav,not_applicable,8340.00000000187,3.5,29.99999999921548,3.268837645009626e-10,lane_1,mainline,,normal,none,commit
BASIC-02,basic_long_dt_900,569,56.90000000000054,B02_CFV,cav,not_applicable,8255.49656760052,3.5,30.030285956761325,0.364777161232133,lane_1,mainline,,normal,none,commit
BASIC-02,basic_long_dt_900,569,56.90000000000054,B02_TLV_CLV,cav,not_applicable,8297.823786603813,3.5,29.96257458154719,0.07890041371737844,lane_1,mainline,,normal,none,commit
BASIC-02,basic_long_dt_900,570,57.00000000000054,B02_MV,cav,not_applicable,7245.992659670484,-3.5,0.0017976463346164103,4.0,on_ramp,on_ramp_mv,,normal,not_started,commit
BASIC-02,basic_long_dt_900,570,57.00000000000054,B02_CLV,cav,not_applicable,8343.000000001795,3.5,29.99999999924686,3.1380835707750525e-10,lane_1,mainline,,normal,none,commit
BASIC-02,basic_long_dt_900,570,57.00000000000054,B02_CFV,cav,not_applicable,8258.491671645697,3.5,29.951040451771227,-0.792455049900982,lane_1,mainline,,normal,none,commit
BASIC-02,basic_long_dt_900,570,57.00000000000054,B02_TLV_CLV,cav,not_applicable,8300.82796233808,3.5,30.041757342669523,0.7918276112233097,lane_1,mainline,,normal,none,commit
BASIC-02,basic_long_dt_900,571,57.10000000000054,B02_MV,cav,not_applicable,7245.99283513792,-3.5,0.0017546743679909469,4.0,on_ramp,on_ramp_mv,,normal,not_started,commit
BASIC-02,basic_long_dt_900,571,57.10000000000054,B02_CLV,cav,not_applicable,8346.000000001723,3.5,29.999999999276987,3.012559091075673e-10,lane_1,mainline,,normal,none,commit
BASIC-02,basic_long_dt_900,571,57.10000000000054,B02_CFV,cav,not_applicable,8261.487564695011,3.5,29.958930493142965,0.07890041371737844,lane_1,mainline,,normal,none,commit
BASIC-02,basic_long_dt_900,571,57.10000000000054,B02_TLV_CLV,cav,not_applicable,8303.827707570985,3.5,29.99745232904234,-0.44305013627183754,lane_1,mainline,,normal,none,commit
BASIC-02,basic_long_dt_900,572,57.20000000000054,B02_MV,cav,not_applicable,7245.993006410883,-3.5,0.0017127296279094936,4.0,on_ramp,on_ramp_mv,,normal,not_started,commit
BASIC-02,basic_long_dt_900,572,57.20000000000054,B02_CLV,cav,not_applicable,8349.000000001653,3.5,29.999999999305906,2.89205104309076e-10,lane_1,mainline,,normal,none,commit
BASIC-02,basic_long_dt_900,572,57.20000000000054,B02_CFV,cav,not_applicable,8264.491376020438,3.5,30.038113254265298,0.7918276112233097,lane_1,mainline,,normal,none,commit
BASIC-02,basic_long_dt_900,572,57.20000000000054,B02_TLV_CLV,cav,not_applicable,8306.831100575502,3.5,30.03393004516555,0.364777161232133,lane_1,mainline,,normal,none,commit
BASIC-02,basic_long_dt_900,573,57.300000000000544,B02_MV,cav,not_applicable,7245.993173589639,-3.5,0.0016717875589072663,4.0,on_ramp,on_ramp_mv,,normal,not_started,commit
BASIC-02,basic_long_dt_900,573,57.300000000000544,B02_CLV,cav,not_applicable,8352.000000001586,3.5,29.99999999933367,2.7763746857090155e-10,lane_1,mainline,,normal,none,commit
BASIC-02,basic_long_dt_900,573,57.300000000000544,B02_CFV,cav,not_applicable,8267.490756844501,3.5,29.993808240638113,-0.44305013627183754,lane_1,mainline,,normal,none,commit
BASIC-02,basic_long_dt_900,573,57.300000000000544,B02_TLV_CLV,cav,not_applicable,8309.82656902952,3.5,29.954684540175453,-0.792455049900982,lane_1,mainline,,normal,none,commit
BASIC-02,basic_long_dt_900,574,57.400000000000546,B02_MV,cav,not_applicable,7245.993336772058,-3.5,0.001631824192528687,4.0,on_ramp,on_ramp_mv,,normal,not_started,commit
BASIC-02,basic_long_dt_900,574,57.400000000000546,B02_CLV,cav,not_applicable,8355.000000001522,3.5,29.999999999360323,2.665316856109712e-10,lane_1,mainline,,normal,none,commit
BASIC-02,basic_long_dt_900,574,57.400000000000546,B02_CFV,cav,not_applicable,8270.493785440178,3.5,30.030285956761325,0.364777161232133,lane_1,mainline,,normal,none,commit
BASIC-02,basic_long_dt_900,574,57.400000000000546,B02_TLV_CLV,cav,not_applicable,8312.822826487674,3.5,29.96257458154719,0.07890041371737844,lane_1,mainline,,normal,none,commit
BASIC-02,basic_long_dt_900,575,57.50000000000055,B02_MV,cav,not_applicable,7245.993496053671,-3.5,0.0015928161334130939,4.0,on_ramp,on_ramp_mv,,normal,not_started,commit
BASIC-02,basic_long_dt_900,575,57.50000000000055,B02_CLV,cav,not_applicable,8358.00000000146,3.5,29.99999999938591,2.5587070240362663e-10,lane_1,mainline,,normal,none,commit
BASIC-02,basic_long_dt_900,575,57.50000000000055,B02_CFV,cav,not_applicable,8273.488889485356,3.5,29.951040451771227,-0.792455049900982,lane_1,mainline,,normal,none,commit
BASIC-02,basic_long_dt_900,575,57.50000000000055,B02_TLV_CLV,cav,not_applicable,8315.827002221942,3.5,30.041757342669523,0.7918276112233097,lane_1,mainline,,normal,none,commit
BASIC-02,basic_long_dt_900,576,57.60000000000055,B02_MV,cav,not_applicable,7245.993651527726,-3.5,0.0015547405451630358,4.0,on_ramp,on_ramp_mv,,normal,not_started,commit
BASIC-02,basic_long_dt_900,576,57.60000000000055,B02_CLV,cav,not_applicable,8361.000000001402,3.5,29.999999999410473,2.456360448377382e-10,lane_1,mainline,,normal,none,commit
BASIC-02,basic_long_dt_900,576,57.60000000000055,B02_CFV,cav,not_applicable,8276.48478253467,3.5,29.958930493142965,0.07890041371737844,lane_1,mainline,,normal,none,commit
BASIC-02,basic_long_dt_900,576,57.60000000000055,B02_TLV_CLV,cav,not_applicable,8318.826747454847,3.5,29.99745232904234,-0.44305013627183754,lane_1,mainline,,normal,none,commit
BASIC-02,basic_long_dt_900,577,57.70000000000055,B02_MV,cav,not_applicable,7245.99380328524,-3.5,0.001517575137517036,4.0,on_ramp,on_ramp_mv,,normal,not_started,commit
BASIC-02,basic_long_dt_900,577,57.70000000000055,B02_CLV,cav,not_applicable,8364.000000001346,3.5,29.999999999434053,2.358106598876475e-10,lane_1,mainline,,normal,none,commit
BASIC-02,basic_long_dt_900,577,57.70000000000055,B02_CFV,cav,not_applicable,8279.488593860096,3.5,30.038113254265298,0.7918276112233097,lane_1,mainline,,normal,none,commit
BASIC-02,basic_long_dt_900,577,57.70000000000055,B02_TLV_CLV,cav,not_applicable,8321.830140459364,3.5,30.03393004516555,0.364777161232133,lane_1,mainline,,normal,none,commit
BASIC-02,basic_long_dt_900,578,57.80000000000055,B02_MV,cav,not_applicable,7245.993951415055,-3.5,0.001481298153087531,4.0,on_ramp,on_ramp_mv,,normal,not_started,commit
BASIC-02,basic_long_dt_900,578,57.80000000000055,B02_CLV,cav,not_applicable,8367.000000001291,3.5,29.99999999945669,2.2637891561316792e-10,lane_1,mainline,,normal,none,commit
BASIC-02,basic_long_dt_900,578,57.80000000000055,B02_CFV,cav,not_applicable,8282.48797468416,3.5,29.993808240638113,-0.44305013627183754,lane_1,mainline,,normal,none,commit
BASIC-02,basic_long_dt_900,578,57.80000000000055,B02_TLV_CLV,cav,not_applicable,8324.825608913381,3.5,29.954684540175453,-0.792455049900982,lane_1,mainline,,normal,none,commit
BASIC-02,basic_long_dt_900,579,57.90000000000055,B02_MV,cav,not_applicable,7245.99409600389,-3.5,0.0014458883545336333,4.0,on_ramp,on_ramp_mv,,normal,not_started,commit
BASIC-02,basic_long_dt_900,579,57.90000000000055,B02_CLV,cav,not_applicable,8370.000000001239,3.5,29.999999999478423,2.1732375898864122e-10,lane_1,mainline,,normal,none,commit
BASIC-02,basic_long_dt_900,579,57.90000000000055,B02_CFV,cav,not_applicable,8285.491003279836,3.5,30.030285956761325,0.364777161232133,lane_1,mainline,,normal,none,commit
BASIC-02,basic_long_dt_900,579,57.90000000000055,B02_TLV_CLV,cav,not_applicable,8327.821866371536,3.5,29.96257458154719,0.07890041371737844,lane_1,mainline,,normal,none,commit
BASIC-02,basic_long_dt_900,580,58.000000000000554,B02_MV,cav,not_applicable,7245.994237136391,-3.5,0.0014113250119513032,4.0,on_ramp,on_ramp_mv,,normal,not_started,commit
BASIC-02,basic_long_dt_900,580,58.000000000000554,B02_CLV,cav,not_applicable,8373.000000001188,3.5,29.999999999499284,2.0863097915935214e-10,lane_1,mainline,,normal,none,commit
BASIC-02,basic_long_dt_900,580,58.000000000000554,B02_CFV,cav,not_applicable,8288.486107325014,3.5,29.951040451771227,-0.792455049900982,lane_1,mainline,,normal,none,commit
BASIC-02,basic_long_dt_900,580,58.000000000000554,B02_TLV_CLV,cav,not_applicable,8330.826042105804,3.5,30.041757342669523,0.7918276112233097,lane_1,mainline,,normal,none,commit
BASIC-02,basic_long_dt_900,581,58.100000000000556,B02_MV,cav,not_applicable,7245.99437489518,-3.5,0.0013775878913505758,4.0,on_ramp,on_ramp_mv,,normal,not_started,commit
BASIC-02,basic_long_dt_900,581,58.100000000000556,B02_CLV,cav,not_applicable,8376.00000000114,3.5,29.999999999519314,2.0028636527058554e-10,lane_1,mainline,,normal,none,commit
BASIC-02,basic_long_dt_900,581,58.100000000000556,B02_CFV,cav,not_applicable,8291.482000374328,3.5,29.958930493142965,0.07890041371737844,lane_1,mainline,,normal,none,commit
BASIC-02,basic_long_dt_900,581,58.100000000000556,B02_TLV_CLV,cav,not_applicable,8333.825787338708,3.5,29.99745232904234,-0.44305013627183754,lane_1,mainline,,normal,none,commit
BASIC-02,basic_long_dt_900,582,58.20000000000056,B02_MV,cav,not_applicable,7245.994509360904,-3.5,0.0013446572422631444,4.0,on_ramp,on_ramp_mv,,normal,not_started,commit
BASIC-02,basic_long_dt_900,582,58.20000000000056,B02_CLV,cav,not_applicable,8379.000000001095,3.5,29.99999999953854,1.9227428538215464e-10,lane_1,mainline,,normal,none,commit
BASIC-02,basic_long_dt_900,582,58.20000000000056,B02_CFV,cav,not_applicable,8294.485811699755,3.5,30.038113254265298,0.7918276112233097,lane_1,mainline,,normal,none,commit
BASIC-02,basic_long_dt_900,582,58.20000000000056,B02_TLV_CLV,cav,not_applicable,8336.829180343226,3.5,30.03393004516555,0.364777161232133,lane_1,mainline,,normal,none,commit
BASIC-02,basic_long_dt_900,583,58.30000000000056,B02_MV,cav,not_applicable,7245.994640612283,-3.5,0.0013125137862195868,4.0,on_ramp,on_ramp_mv,,normal,not_started,commit
BASIC-02,basic_long_dt_900,583,58.30000000000056,B02_CLV,cav,not_applicable,8382.000000001051,3.5,29.999999999557,1.8458337081028733e-10,lane_1,mainline,,normal,none,commit
BASIC-02,basic_long_dt_900,583,58.30000000000056,B02_CFV,cav,not_applicable,8297.485192523818,3.5,29.993808240638113,-0.44305013627183754,lane_1,mainline,,normal,none,commit
BASIC-02,basic_long_dt_900,583,58.30000000000056,B02_TLV_CLV,cav,not_applicable,8339.824648797243,3.5,29.954684540175453,-0.792455049900982,lane_1,mainline,,normal,none,commit
BASIC-02,basic_long_dt_900,584,58.40000000000056,B02_MV,cav,not_applicable,7245.994768726153,-3.5,0.0012811387056614147,4.0,on_ramp,on_ramp_mv,,normal,not_started,commit
BASIC-02,basic_long_dt_900,584,58.40000000000056,B02_CLV,cav,not_applicable,8385.00000000101,3.5,29.999999999574722,1.7719941070026836e-10,lane_1,mainline,,normal,none,commit
BASIC-02,basic_long_dt_900,584,58.40000000000056,B02_CFV,cav,not_applicable,8300.488221119494,3.5,30.030285956761325,0.364777161232133,lane_1,mainline,,normal,none,commit
BASIC-02,basic_long_dt_900,584,58.40000000000056,B02_TLV_CLV,cav,not_applicable,8342.820906255398,3.5,29.96257458154719,0.07890041371737844,lane_1,mainline,,normal,none,commit
BASIC-02,basic_long_dt_900,585,58.50000000000056,B02_MV,cav,not_applicable,7245.994893777516,-3.5,0.0012505136330705313,4.0,on_ramp,on_ramp_mv,,normal,not_started,commit
BASIC-02,basic_long_dt_900,585,58.50000000000056,B02_CLV,cav,not_applicable,8388.00000000097,3.5,29.999999999591733,1.7011103636832559e-10,lane_1,mainline,,normal,none,commit
BASIC-02,basic_long_dt_900,585,58.50000000000056,B02_CFV,cav,not_applicable,8303.483325164672,3.5,29.951040451771227,-0.792455049900982,lane_1,mainline,,normal,none,commit
BASIC-02,basic_long_dt_900,585,58.50000000000056,B02_TLV_CLV,cav,not_applicable,8345.825081989666,3.5,30.041757342669523,0.7918276112233097,lane_1,mainline,,normal,none,commit
BASIC-02,basic_long_dt_900,586,58.60000000000056,B02_MV,cav,not_applicable,7245.99501583958,-3.5,0.00122062063966387,4.0,on_ramp,on_ramp_mv,,normal,not_started,commit
BASIC-02,basic_long_dt_900,586,58.60000000000056,B02_CLV,cav,not_applicable,8391.00000000093,3.5,29.999999999608065,1.6330687913068688e-10,lane_1,mainline,,normal,none,commit
BASIC-02,basic_long_dt_900,586,58.60000000000056,B02_CFV,cav,not_applicable,8306.479218213986,3.5,29.958930493142965,0.07890041371737844,lane_1,mainline,,normal,none,commit
BASIC-02,basic_long_dt_900,586,58.60000000000056,B02_TLV_CLV,cav,not_applicable,8348.82482722257,3.5,29.99745232904234,-0.44305013627183754,lane_1,mainline,,normal,none,commit
BASIC-02,basic_long_dt_900,587,58.700000000000564,B02_MV,cav,not_applicable,7245.995134983803,-3.5,0.0011914422253924961,4.0,on_ramp,on_ramp_mv,,normal,not_started,commit
BASIC-02,basic_long_dt_900,587,58.700000000000564,B02_CLV,cav,not_applicable,8394.000000000891,3.5,29.999999999623743,1.567741492181085e-10,lane_1,mainline,,normal,none,commit
BASIC-02,basic_long_dt_900,587,58.700000000000564,B02_CFV,cav,not_applicable,8309.483029539413,3.5,30.038113254265298,0.7918276112233097,lane_1,mainline,,normal,none,commit
BASIC-02,basic_long_dt_900,587,58.700000000000564,B02_TLV_CLV,cav,not_applicable,8351.828220227088,3.5,30.03393004516555,0.364777161232133,lane_1,mainline,,normal,none,commit
BASIC-02,basic_long_dt_900,588,58.800000000000566,B02_MV,cav,not_applicable,7245.995251279934,-3.5,0.0011629613087232988,4.0,on_ramp,on_ramp_mv,,normal,not_started,commit
BASIC-02,basic_long_dt_900,588,58.800000000000566,B02_CLV,cav,not_applicable,8397.000000000855,3.5,29.999999999638792,1.5050289903228987e-10,lane_1,mainline,,normal,none,commit
BASIC-02,basic_long_dt_900,588,58.800000000000566,B02_CFV,cav,not_applicable,8312.482410363476,3.5,29.993808240638113,-0.44305013627183754,lane_1,mainline,,normal,none,commit
BASIC-02,basic_long_dt_900,588,58.800000000000566,B02_TLV_CLV,cav,not_applicable,8354.823688681105,3.5,29.954684540175453,-0.792455049900982,lane_1,mainline,,normal,none,commit
BASIC-02,basic_long_dt_900,589,58.90000000000057,B02_MV,cav,not_applicable,7245.995364796056,-3.5,0.0011351612162032716,4.0,on_ramp,on_ramp_mv,,normal,not_started,commit
BASIC-02,basic_long_dt_900,589,58.90000000000057,B02_CLV,cav,not_applicable,8400.00000000082,3.5,29.99999999965324,1.444831809749303e-10,lane_1,mainline,,normal,none,commit
BASIC-02,basic_long_dt_900,589,58.90000000000057,B02_CFV,cav,not_applicable,8315.485438959153,3.5,30.030285956761325,0.364777161232133,lane_1,mainline,,normal,none,commit
BASIC-02,basic_long_dt_900,589,58.90000000000057,B02_TLV_CLV,cav,not_applicable,8357.81994613926,3.5,29.96257458154719,0.07890041371737844,lane_1,mainline,,normal,none,commit
BASIC-02,basic_long_dt_900,590,59.00000000000057,B02_MV,cav,not_applicable,7245.995475598623,-3.5,0.0011080256728934368,4.0,on_ramp,on_ramp_mv,,normal,not_started,commit
BASIC-02,basic_long_dt_900,590,59.00000000000057,B02_CLV,cav,not_applicable,8403.000000000788,3.5,29.99999999966711,1.3870362636225763e-10,lane_1,mainline,,normal,none,commit
BASIC-02,basic_long_dt_900,590,59.00000000000057,B02_CFV,cav,not_applicable,8318.48054300433,3.5,29.951040451771227,-0.792455049900982,lane_1,mainline,,normal,none,commit
BASIC-02,basic_long_dt_900,590,59.00000000000057,B02_TLV_CLV,cav,not_applicable,8360.824121873527,3.5,30.041757342669523,0.7918276112233097,lane_1,mainline,,normal,none,commit
BASIC-02,basic_long_dt_900,591,59.10000000000057,B02_MV,cav,not_applicable,7245.995583752502,-3.5,0.0010815387932375908,4.0,on_ramp,on_ramp_mv,,normal,not_started,commit
BASIC-02,basic_long_dt_900,591,59.10000000000057,B02_CLV,cav,not_applicable,8406.000000000755,3.5,29.999999999680426,1.3315570868144277e-10,lane_1,mainline,,normal,none,commit
BASIC-02,basic_long_dt_900,591,59.10000000000057,B02_CFV,cav,not_applicable,8321.476436053645,3.5,29.958930493142965,0.07890041371737844,lane_1,mainline,,normal,none,commit
BASIC-02,basic_long_dt_900,591,59.10000000000057,B02_TLV_CLV,cav,not_applicable,8363.823867106432,3.5,29.99745232904234,-0.44305013627183754,lane_1,mainline,,normal,none,commit
BASIC-02,basic_long_dt_900,592,59.20000000000057,B02_MV,cav,not_applicable,7245.995689321009,-3.5,0.0010556850710614063,4.0,on_ramp,on_ramp_mv,,normal,not_started,commit
BASIC-02,basic_long_dt_900,592,59.20000000000057,B02_CLV,cav,not_applicable,8409.000000000724,3.5,29.99999999969321,1.2782948033418507e-10,lane_1,mainline,,normal,none,commit
BASIC-02,basic_long_dt_900,592,59.20000000000057,B02_CFV,cav,not_applicable,8324.480247379071,3.5,30.038113254265298,0.7918276112233097,lane_1,mainline,,normal,none,commit
BASIC-02,basic_long_dt_900,592,59.20000000000057,B02_TLV_CLV,cav,not_applicable,8366.82726011095,3.5,30.03393004516555,0.364777161232133,lane_1,mainline,,normal,none,commit
BASIC-02,basic_long_dt_900,593,59.30000000000057,B02_MV,cav,not_applicable,7245.995792365947,-3.5,0.001030449371093411,4.0,on_ramp,on_ramp_mv,,normal,not_started,commit
BASIC-02,basic_long_dt_900,593,59.30000000000057,B02_CLV,cav,not_applicable,8412.000000000695,3.5,29.99999999970548,1.2271641480765538e-10,lane_1,mainline,,normal,none,commit
BASIC-02,basic_long_dt_900,593,59.30000000000057,B02_CFV,cav,not_applicable,8327.479628203135,3.5,29.993808240638113,-0.44305013627183754,lane_1,mainline,,normal,none,commit
BASIC-02,basic_long_dt_900,593,59.30000000000057,B02_TLV_CLV,cav,not_applicable,8369.822728564966,3.5,29.954684540175453,-0.792455049900982,lane_1,mainline,,normal,none,commit
BASIC-02,basic_long_dt_900,594,59.400000000000574,B02_MV,cav,not_applicable,7245.995892947639,-3.5,0.0010058169196163215,4.0,on_ramp,on_ramp_mv,,normal,not_started,commit
BASIC-02,basic_long_dt_900,594,59.400000000000574,B02_CLV,cav,not_applicable,8415.000000000666,3.5,29.99999999971726,1.178079855890246e-10,lane_1,mainline,,normal,none,commit
BASIC-02,basic_long_dt_900,594,59.400000000000574,B02_CFV,cav,not_applicable,8330.482656798811,3.5,30.030285956761325,0.364777161232133,lane_1,mainline,,normal,none,commit
BASIC-02,basic_long_dt_900,594,59.400000000000574,B02_TLV_CLV,cav,not_applicable,8372.818986023121,3.5,29.96257458154719,0.07890041371737844,lane_1,mainline,,normal,none,commit
BASIC-02,basic_long_dt_900,595,59.500000000000576,B02_MV,cav,not_applicable,7245.995991124969,-3.5,0.0009817732964228448,4.0,on_ramp,on_ramp_mv,,normal,not_started,commit
BASIC-02,basic_long_dt_900,595,59.500000000000576,B02_CLV,cav,not_applicable,8418.000000000638,3.5,29.99999999972857,1.1309566616546363e-10,lane_1,mainline,,normal,none,commit
BASIC-02,basic_long_dt_900,595,59.500000000000576,B02_CFV,cav,not_applicable,8333.477760843989,3.5,29.951040451771227,-0.792455049900982,lane_1,mainline,,normal,none,commit
BASIC-02,basic_long_dt_900,595,59.500000000000576,B02_TLV_CLV,cav,not_applicable,8375.82316175739,3.5,30.041757342669523,0.7918276112233097,lane_1,mainline,,normal,none,commit
BASIC-02,basic_long_dt_900,596,59.60000000000058,B02_MV,cav,not_applicable,7245.996086955412,-3.5,0.0009583044256844222,4.0,on_ramp,on_ramp_mv,,normal,not_started,commit
BASIC-02,basic_long_dt_900,596,59.60000000000058,B02_CLV,cav,not_applicable,8421.000000000613,3.5,29.999999999739426,1.0857235110961483e-10,lane_1,mainline,,normal,none,commit
BASIC-02,basic_long_dt_900,596,59.60000000000058,B02_CFV,cav,not_applicable,8336.473653893303,3.5,29.958930493142965,0.07890041371737844,lane_1,mainline,,normal,none,commit
BASIC-02,basic_long_dt_900,596,59.60000000000058,B02_TLV_CLV,cav,not_applicable,8378.822906990294,3.5,29.99745232904234,-0.44305013627183754,lane_1,mainline,,normal,none,commit
BASIC-02,basic_long_dt_900,597,59.70000000000058,B02_MV,cav,not_applicable,7245.996180495068,-3.5,0.0009353965683418511,4.0,on_ramp,on_ramp_mv,,normal,not_started,commit
BASIC-02,basic_long_dt_900,597,59.70000000000058,B02_CLV,cav,not_applicable,8424.000000000588,3.5,29.99999999974985,1.042295139086491e-10,lane_1,mainline,,normal,none,commit
BASIC-02,basic_long_dt_900,597,59.70000000000058,B02_CFV,cav,not_applicable,8339.47746521873,3.5,30.038113254265298,0.7918276112233097,lane_1,mainline,,normal,none,commit
BASIC-02,basic_long_dt_900,597,59.70000000000058,B02_TLV_CLV,cav,not_applicable,8381.826299994811,3.5,30.03393004516555,0.364777161232133,lane_1,mainline,,normal,none,commit
BASIC-02,basic_long_dt_900,598,59.80000000000058,B02_MV,cav,not_applicable,7245.996271798699,-3.5,0.0009130363136262637,4.0,on_ramp,on_ramp_mv,,normal,not_started,commit
BASIC-02,basic_long_dt_900,598,59.80000000000058,B02_CLV,cav,not_applicable,8427.000000000564,3.5,29.999999999759854,1.0006004913520883e-10,lane_1,mainline,,normal,none,commit
BASIC-02,basic_long_dt_900,598,59.80000000000058,B02_CFV,cav,not_applicable,8342.476846042793,3.5,29.993808240638113,-0.44305013627183754,lane_1,mainline,,normal,none,commit
BASIC-02,basic_long_dt_900,598,59.80000000000058,B02_TLV_CLV,cav,not_applicable,8384.821768448828,3.5,29.954684540175453,-0.792455049900982,lane_1,mainline,,normal,none,commit
BASIC-02,basic_long_dt_900,599,59.90000000000058,B02_MV,cav,not_applicable,7245.996360919757,-3.5,0.0008912105712323373,4.0,on_ramp,on_ramp_mv,,normal,not_started,commit
BASIC-02,basic_long_dt_900,599,59.90000000000058,B02_CLV,cav,not_applicable,8430.00000000054,3.5,29.99999999976946,9.605827244740794e-11,lane_1,mainline,,normal,none,commit
BASIC-02,basic_long_dt_900,599,59.90000000000058,B02_CFV,cav,not_applicable,8345.47987463847,3.5,30.030285956761325,0.364777161232133,lane_1,mainline,,normal,none,commit
BASIC-02,basic_long_dt_900,599,59.90000000000058,B02_TLV_CLV,cav,not_applicable,8387.818025906983,3.5,29.96257458154719,0.07890041371737844,lane_1,mainline,,normal,none,commit
BASIC-02,basic_long_dt_900,600,60.00000000000058,B02_MV,cav,not_applicable,7245.996447910413,-3.5,0.0008699065637089153,4.0,on_ramp,on_ramp_mv,,normal,not_started,commit
BASIC-02,basic_long_dt_900,600,60.00000000000058,B02_CLV,cav,not_applicable,8433.000000000518,3.5,29.999999999778684,9.221565733241733e-11,lane_1,mainline,,normal,none,commit
BASIC-02,basic_long_dt_900,600,60.00000000000058,B02_CFV,cav,not_applicable,8348.474978683647,3.5,29.951040451771227,-0.792455049900982,lane_1,mainline,,normal,none,commit
BASIC-02,basic_long_dt_900,600,60.00000000000058,B02_TLV_CLV,cav,not_applicable,8390.822201641251,3.5,30.041757342669523,0.7918276112233097,lane_1,mainline,,normal,none,commit
BASIC-02,basic_long_dt_900,601,60.100000000000584,B02_MV,cav,not_applicable,7245.996532821595,-3.5,0.0008491118195018616,4.0,on_ramp,on_ramp_mv,,normal,not_started,commit
BASIC-02,basic_long_dt_900,601,60.100000000000584,B02_CLV,cav,not_applicable,8436.000000000497,3.5,29.999999999787537,8.852651944835088e-11,lane_1,mainline,,normal,none,commit
BASIC-02,basic_long_dt_900,601,60.100000000000584,B02_CFV,cav,not_applicable,8351.470871732961,3.5,29.958930493142965,0.07890041371737844,lane_1,mainline,,normal,none,commit
BASIC-02,basic_long_dt_900,601,60.100000000000584,B02_TLV_CLV,cav,not_applicable,8393.821946874155,3.5,29.99745232904234,-0.44305013627183754,lane_1,mainline,,normal,none,commit
BASIC-02,basic_long_dt_900,602,60.200000000000585,B02_MV,cav,not_applicable,7245.996615703011,-3.5,0.0008288141646924492,4.0,on_ramp,on_ramp_mv,,normal,not_started,commit
BASIC-02,basic_long_dt_900,602,60.200000000000585,B02_CLV,cav,not_applicable,8439.000000000477,3.5,29.999999999796035,8.498517445332255e-11,lane_1,mainline,,normal,none,commit
BASIC-02,basic_long_dt_900,602,60.200000000000585,B02_CFV,cav,not_applicable,8354.474683058388,3.5,30.038113254265298,0.7918276112233097,lane_1,mainline,,normal,none,commit
BASIC-02,basic_long_dt_900,602,60.200000000000585,B02_TLV_CLV,cav,not_applicable,8396.825339878673,3.5,30.03393004516555,0.364777161232133,lane_1,mainline,,normal,none,commit
BASIC-02,basic_long_dt_900,603,60.30000000000059,B02_MV,cav,not_applicable,7245.9966966031825,-3.5,0.0008090017166924465,4.0,on_ramp,on_ramp_mv,,normal,not_started,commit
BASIC-02,basic_long_dt_900,603,60.30000000000059,B02_CLV,cav,not_applicable,8442.000000000457,3.5,29.999999999804192,8.158593800544623e-11,lane_1,mainline,,normal,none,commit
BASIC-02,basic_long_dt_900,603,60.30000000000059,B02_CFV,cav,not_applicable,8357.474063882451,3.5,29.993808240638113,-0.44305013627183754,lane_1,mainline,,normal,none,commit
BASIC-02,basic_long_dt_900,603,60.30000000000059,B02_TLV_CLV,cav,not_applicable,8399.82080833269,3.5,29.954684540175453,-0.792455049900982,lane_1,mainline,,normal,none,commit
BASIC-02,basic_long_dt_900,604,60.40000000000059,B02_MV,cav,not_applicable,7245.996775569471,-3.5,0.0007896628768521498,4.0,on_ramp,on_ramp_mv,,normal,not_started,commit
BASIC-02,basic_long_dt_900,604,60.40000000000059,B02_CLV,cav,not_applicable,8445.000000000438,3.5,29.999999999812026,7.832312576283584e-11,lane_1,mainline,,normal,none,commit
BASIC-02,basic_long_dt_900,604,60.40000000000059,B02_CFV,cav,not_applicable,8360.477092478128,3.5,30.030285956761325,0.364777161232133,lane_1,mainline,,normal,none,commit
BASIC-02,basic_long_dt_900,604,60.40000000000059,B02_TLV_CLV,cav,not_applicable,8402.817065790845,3.5,29.96257458154719,0.07890041371737844,lane_1,mainline,,normal,none,commit
BASIC-02,basic_long_dt_900,605,60.50000000000059,B02_MV,cav,not_applicable,7245.996852648103,-3.5,0.0007707863235032367,4.0,on_ramp,on_ramp_mv,,normal,not_started,commit
BASIC-02,basic_long_dt_900,605,60.50000000000059,B02_CLV,cav,not_applicable,8448.00000000042,3.5,29.999999999819543,7.51896322981338e-11,lane_1,mainline,,normal,none,commit
BASIC-02,basic_long_dt_900,605,60.50000000000059,B02_CFV,cav,not_applicable,8363.472196523306,3.5,29.951040451771227,-0.792455049900982,lane_1,mainline,,normal,none,commit
BASIC-02,basic_long_dt_900,605,60.50000000000059,B02_TLV_CLV,cav,not_applicable,8405.821241525113,3.5,30.041757342669523,0.7918276112233097,lane_1,mainline,,normal,none,commit
BASIC-02,basic_long_dt_900,606,60.60000000000059,B02_MV,cav,not_applicable,7245.996927884204,-3.5,0.0007523610060886743,4.0,on_ramp,on_ramp_mv,,normal,not_started,commit
BASIC-02,basic_long_dt_900,606,60.60000000000059,B02_CLV,cav,not_applicable,8451.000000000402,3.5,29.999999999826763,7.218261544039707e-11,lane_1,mainline,,normal,none,commit
BASIC-02,basic_long_dt_900,606,60.60000000000059,B02_CFV,cav,not_applicable,8366.46808957262,3.5,29.958930493142965,0.07890041371737844,lane_1,mainline,,normal,none,commit
BASIC-02,basic_long_dt_900,606,60.60000000000059,B02_TLV_CLV,cav,not_applicable,8408.820986758017,3.5,29.99745232904234,-0.44305013627183754,lane_1,mainline,,normal,none,commit
BASIC-02,basic_long_dt_900,607,60.70000000000059,B02_MV,cav,not_applicable,7245.997001321817,-3.5,0.000734376138205573,4.0,on_ramp,on_ramp_mv,,normal,not_started,commit
BASIC-02,basic_long_dt_900,607,60.70000000000059,B02_CLV,cav,not_applicable,8454.000000000386,3.5,29.99999999983369,6.929496976226801e-11,lane_1,mainline,,normal,none,commit
BASIC-02,basic_long_dt_900,607,60.70000000000059,B02_CFV,cav,not_applicable,8369.471900898046,3.5,30.038113254265298,0.7918276112233097,lane_1,mainline,,normal,none,commit
BASIC-02,basic_long_dt_900,607,60.70000000000059,B02_TLV_CLV,cav,not_applicable,8411.824379762535,3.5,30.03393004516555,0.364777161232133,lane_1,mainline,,normal,none,commit
BASIC-02,basic_long_dt_900,608,60.800000000000594,B02_MV,cav,not_applicable,7245.997073003936,-3.5,0.0007168211908654512,4.0,on_ramp,on_ramp_mv,,normal,not_started,commit
BASIC-02,basic_long_dt_900,608,60.800000000000594,B02_CLV,cav,not_applicable,8457.00000000037,3.5,29.99999999984034,6.652385309280362e-11,lane_1,mainline,,normal,none,commit
BASIC-02,basic_long_dt_900,608,60.800000000000594,B02_CFV,cav,not_applicable,8372.47128172211,3.5,29.993808240638113,-0.44305013627183754,lane_1,mainline,,normal,none,commit
BASIC-02,basic_long_dt_900,608,60.800000000000594,B02_TLV_CLV,cav,not_applicable,8414.819848216552,3.5,29.954684540175453,-0.792455049900982,lane_1,mainline,,normal,none,commit
BASIC-02,basic_long_dt_900,609,60.900000000000595,B02_MV,cav,not_applicable,7245.997142972525,-3.5,0.0006996858870589647,4.0,on_ramp,on_ramp_mv,,normal,not_started,commit
BASIC-02,basic_long_dt_900,609,60.900000000000595,B02_CLV,cav,not_applicable,8460.000000000355,3.5,29.99999999984673,6.38635810901178e-11,lane_1,mainline,,normal,none,commit
BASIC-02,basic_long_dt_900,609,60.900000000000595,B02_CFV,cav,not_applicable,8375.474310317786,3.5,30.030285956761325,0.364777161232133,lane_1,mainline,,normal,none,commit
BASIC-02,basic_long_dt_900,609,60.900000000000595,B02_TLV_CLV,cav,not_applicable,8417.816105674707,3.5,29.96257458154719,0.07890041371737844,lane_1,mainline,,normal,none,commit
BASIC-02,basic_long_dt_900,610,61.0000000000006,B02_MV,cav,not_applicable,7245.997211268545,-3.5,0.0006829601952335825,4.0,on_ramp,on_ramp_mv,,normal,not_started,commit
BASIC-02,basic_long_dt_900,610,61.0000000000006,B02_CLV,cav,not_applicable,8463.00000000034,3.5,29.99999999985286,6.130846941232448e-11,lane_1,mainline,,normal,none,commit
BASIC-02,basic_long_dt_900,610,61.0000000000006,B02_CFV,cav,not_applicable,8378.469414362964,3.5,29.951040451771227,-0.792455049900982,lane_1,mainline,,normal,none,commit
BASIC-02,basic_long_dt_900,610,61.0000000000006,B02_TLV_CLV,cav,not_applicable,8420.820281408975,3.5,30.041757342669523,0.7918276112233097,lane_1,mainline,,normal,none,commit
BASIC-02,basic_long_dt_900,611,61.1000000000006,B02_MV,cav,not_applicable,7245.997277931977,-3.5,0.0006666343238583157,4.0,on_ramp,on_ramp_mv,,normal,not_started,commit
BASIC-02,basic_long_dt_900,611,61.1000000000006,B02_CLV,cav,not_applicable,8466.000000000326,3.5,29.999999999858748,5.885567588848062e-11,lane_1,mainline,,normal,none,commit
BASIC-02,basic_long_dt_900,611,61.1000000000006,B02_CFV,cav,not_applicable,8381.465307412278,3.5,29.958930493142965,0.07890041371737844,lane_1,mainline,,normal,none,commit
BASIC-02,basic_long_dt_900,611,61.1000000000006,B02_TLV_CLV,cav,not_applicable,8423.820026641879,3.5,29.99745232904234,-0.44305013627183754,lane_1,mainline,,normal,none,commit
BASIC-02,basic_long_dt_900,612,61.2000000000006,B02_MV,cav,not_applicable,7245.997343001848,-3.5,0.0006506987155536265,4.0,on_ramp,on_ramp_mv,,normal,not_started,commit
BASIC-02,basic_long_dt_900,612,61.2000000000006,B02_CLV,cav,not_applicable,8469.000000000313,3.5,29.999999999864396,5.650093726217165e-11,lane_1,mainline,,normal,none,commit
BASIC-02,basic_long_dt_900,612,61.2000000000006,B02_CFV,cav,not_applicable,8384.469118737705,3.5,30.038113254265298,0.7918276112233097,lane_1,mainline,,normal,none,commit
BASIC-02,basic_long_dt_900,612,61.2000000000006,B02_TLV_CLV,cav,not_applicable,8426.823419646396,3.5,30.03393004516555,0.364777161232133,lane_1,mainline,,normal,none,commit
BASIC-02,basic_long_dt_900,613,61.3000000000006,B02_MV,cav,not_applicable,7245.997406516252,-3.5,0.0006351440412213348,4.0,on_ramp,on_ramp_mv,,normal,not_started,commit
BASIC-02,basic_long_dt_900,613,61.3000000000006,B02_CLV,cav,not_applicable,8472.0000000003,3.5,29.99999999986982,5.424141136245453e-11,lane_1,mainline,,normal,none,commit
BASIC-02,basic_long_dt_900,613,61.3000000000006,B02_CFV,cav,not_applicable,8387.468499561768,3.5,29.993808240638113,-0.44305013627183754,lane_1,mainline,,normal,none,commit
BASIC-02,basic_long_dt_900,613,61.3000000000006,B02_TLV_CLV,cav,not_applicable,8429.818888100413,3.5,29.954684540175453,-0.792455049900982,lane_1,mainline,,normal,none,commit
BASIC-02,basic_long_dt_900,614,61.4000000000006,B02_MV,cav,not_applicable,7245.997468512372,-3.5,0.000619961194609349,4.0,on_ramp,on_ramp_mv,,normal,not_started,commit
BASIC-02,basic_long_dt_900,614,61.4000000000006,B02_CLV,cav,not_applicable,8475.000000000287,3.5,29.99999999987503,5.2071413847443186e-11,lane_1,mainline,,normal,none,commit
BASIC-02,basic_long_dt_900,614,61.4000000000006,B02_CFV,cav,not_applicable,8390.471528157444,3.5,30.030285956761325,0.364777161232133,lane_1,mainline,,normal,none,commit
BASIC-02,basic_long_dt_900,614,61.4000000000006,B02_TLV_CLV,cav,not_applicable,8432.815145558568,3.5,29.96257458154719,0.07890041371737844,lane_1,mainline,,normal,none,commit
BASIC-02,basic_long_dt_900,615,61.500000000000604,B02_MV,cav,not_applicable,7245.9975290265,-3.5,0.0006051412875286271,4.0,on_ramp,on_ramp_mv,,normal,not_started,commit
BASIC-02,basic_long_dt_900,615,61.500000000000604,B02_CLV,cav,not_applicable,8478.000000000275,3.5,29.99999999988003,4.9988102546194573e-11,lane_1,mainline,,normal,none,commit
BASIC-02,basic_long_dt_900,615,61.500000000000604,B02_CFV,cav,not_applicable,8393.466632202622,3.5,29.951040451771227,-0.792455049900982,lane_1,mainline,,normal,none,commit
BASIC-02,basic_long_dt_900,615,61.500000000000604,B02_TLV_CLV,cav,not_applicable,8435.819321292836,3.5,30.041757342669523,0.7918276112233097,lane_1,mainline,,normal,none,commit
BASIC-02,basic_long_dt_900,616,61.600000000000605,B02_MV,cav,not_applicable,7245.997588094065,-3.5,0.0005906756439830853,4.0,on_ramp,on_ramp_mv,,normal,not_started,commit
BASIC-02,basic_long_dt_900,616,61.600000000000605,B02_CLV,cav,not_applicable,8481.000000000264,3.5,29.999999999884828,4.798863528776565e-11,lane_1,mainline,,normal,none,commit
BASIC-02,basic_long_dt_900,616,61.600000000000605,B02_CFV,cav,not_applicable,8396.462525251936,3.5,29.958930493142965,0.07890041371737844,lane_1,mainline,,normal,none,commit
BASIC-02,basic_long_dt_900,616,61.600000000000605,B02_TLV_CLV,cav,not_applicable,8438.81906652574,3.5,29.99745232904234,-0.44305013627183754,lane_1,mainline,,normal,none,commit
BASIC-02,basic_long_dt_900,617,61.70000000000061,B02_MV,cav,not_applicable,7245.997645749644,-3.5,0.0005765557953865596,4.0,on_ramp,on_ramp_mv,,normal,not_started,commit
BASIC-02,basic_long_dt_900,617,61.70000000000061,B02_CLV,cav,not_applicable,8484.000000000253,3.5,29.999999999889436,4.606874881574186e-11,lane_1,mainline,,normal,none,commit
BASIC-02,basic_long_dt_900,617,61.70000000000061,B02_CFV,cav,not_applicable,8399.466336577363,3.5,30.038113254265298,0.7918276112233097,lane_1,mainline,,normal,none,commit
BASIC-02,basic_long_dt_900,617,61.70000000000061,B02_TLV_CLV,cav,not_applicable,8441.822459530258,3.5,30.03393004516555,0.364777161232133,lane_1,mainline,,normal,none,commit
BASIC-02,basic_long_dt_900,618,61.80000000000061,B02_MV,cav,not_applicable,7245.997702026992,-3.5,0.000562773475779768,4.0,on_ramp,on_ramp_mv,,normal,not_started,commit
BASIC-02,basic_long_dt_900,618,61.80000000000061,B02_CLV,cav,not_applicable,8487.000000000242,3.5,29.99999999989386,4.422560095918016e-11,lane_1,mainline,,normal,none,commit
BASIC-02,basic_long_dt_900,618,61.80000000000061,B02_CFV,cav,not_applicable,8402.465717401426,3.5,29.993808240638113,-0.44305013627183754,lane_1,mainline,,normal,none,commit
BASIC-02,basic_long_dt_900,618,61.80000000000061,B02_TLV_CLV,cav,not_applicable,8444.817927984275,3.5,29.954684540175453,-0.792455049900982,lane_1,mainline,,normal,none,commit
BASIC-02,basic_long_dt_900,619,61.90000000000061,B02_MV,cav,not_applicable,7245.997756959054,-3.5,0.0005493206166124505,4.0,on_ramp,on_ramp_mv,,normal,not_started,commit
BASIC-02,basic_long_dt_900,619,61.90000000000061,B02_CLV,cav,not_applicable,8490.000000000231,3.5,29.999999999898105,4.245634954713751e-11,lane_1,mainline,,normal,none,commit
BASIC-02,basic_long_dt_900,619,61.90000000000061,B02_CFV,cav,not_applicable,8405.468745997103,3.5,30.030285956761325,0.364777161232133,lane_1,mainline,,normal,none,commit
BASIC-02,basic_long_dt_900,619,61.90000000000061,B02_TLV_CLV,cav,not_applicable,8447.81418544243,3.5,29.96257458154719,0.07890041371737844,lane_1,mainline,,normal,none,commit
BASIC-02,basic_long_dt_900,620,62.00000000000061,B02_MV,cav,not_applicable,7245.997810577988,-3.5,0.0005361893421777426,4.0,on_ramp,on_ramp_mv,,normal,not_started,commit
BASIC-02,basic_long_dt_900,620,62.00000000000061,B02_CLV,cav,not_applicable,8493.000000000222,3.5,29.99999999990218,4.075815240867087e-11,lane_1,mainline,,normal,none,commit
BASIC-02,basic_long_dt_900,620,62.00000000000061,B02_CFV,cav,not_applicable,8408.46385004228,3.5,29.951040451771227,-0.792455049900982,lane_1,mainline,,normal,none,commit
BASIC-02,basic_long_dt_900,620,62.00000000000061,B02_TLV_CLV,cav,not_applicable,8450.818361176698,3.5,30.041757342669523,0.7918276112233097,lane_1,mainline,,normal,none,commit
BASIC-02,basic_long_dt_900,621,62.10000000000061,B02_MV,cav,not_applicable,7245.997862915185,-3.5,0.0005233719652639584,4.0,on_ramp,on_ramp_mv,,normal,not_started,commit
BASIC-02,basic_long_dt_900,621,62.10000000000061,B02_CLV,cav,not_applicable,8496.000000000213,3.5,29.99999999990609,3.91281673728372e-11,lane_1,mainline,,normal,none,commit
BASIC-02,basic_long_dt_900,621,62.10000000000061,B02_CFV,cav,not_applicable,8411.459743091595,3.5,29.958930493142965,0.07890041371737844,lane_1,mainline,,normal,none,commit
BASIC-02,basic_long_dt_900,621,62.10000000000061,B02_TLV_CLV,cav,not_applicable,8453.818106409602,3.5,29.99745232904234,-0.44305013627183754,lane_1,mainline,,normal,none,commit
BASIC-02,basic_long_dt_900,622,62.200000000000614,B02_MV,cav,not_applicable,7245.997914001283,-3.5,0.0005108609823715528,4.0,on_ramp,on_ramp_mv,,normal,not_started,commit
BASIC-02,basic_long_dt_900,622,62.200000000000614,B02_CLV,cav,not_applicable,8499.000000000204,3.5,29.999999999909846,3.756355226869346e-11,lane_1,mainline,,normal,none,commit
BASIC-02,basic_long_dt_900,622,62.200000000000614,B02_CFV,cav,not_applicable,8414.463554417021,3.5,30.038113254265298,0.7918276112233097,lane_1,mainline,,normal,none,commit
BASIC-02,basic_long_dt_900,622,62.200000000000614,B02_TLV_CLV,cav,not_applicable,8456.82149941412,3.5,30.03393004516555,0.364777161232133,lane_1,mainline,,normal,none,commit
BASIC-02,basic_long_dt_900,623,62.300000000000615,B02_MV,cav,not_applicable,7245.99796386619,-3.5,0.0004986490691474945,4.0,on_ramp,on_ramp_mv,,normal,not_started,commit
BASIC-02,basic_long_dt_900,623,62.300000000000615,B02_CLV,cav,not_applicable,8502.000000000195,3.5,29.999999999913452,3.606146492529661e-11,lane_1,mainline,,normal,none,commit
BASIC-02,basic_long_dt_900,623,62.300000000000615,B02_CFV,cav,not_applicable,8417.462935241085,3.5,29.993808240638113,-0.44305013627183754,lane_1,mainline,,normal,none,commit
BASIC-02,basic_long_dt_900,623,62.300000000000615,B02_TLV_CLV,cav,not_applicable,8459.816967868137,3.5,29.954684540175453,-0.792455049900982,lane_1,mainline,,normal,none,commit
BASIC-02,basic_long_dt_900,624,62.40000000000062,B02_MV,cav,not_applicable,7245.9980125390975,-3.5,0.00048672907647187097,4.0,on_ramp,on_ramp_mv,,normal,not_started,commit
BASIC-02,basic_long_dt_900,624,62.40000000000062,B02_CLV,cav,not_applicable,8505.000000000186,3.5,29.999999999916913,3.46190631717036e-11,lane_1,mainline,,normal,none,commit
BASIC-02,basic_long_dt_900,624,62.40000000000062,B02_CFV,cav,not_applicable,8420.465963836761,3.5,30.030285956761325,0.364777161232133,lane_1,mainline,,normal,none,commit
BASIC-02,basic_long_dt_900,624,62.40000000000062,B02_TLV_CLV,cav,not_applicable,8462.813225326292,3.5,29.96257458154719,0.07890041371737844,lane_1,mainline,,normal,none,commit
BASIC-02,basic_long_dt_900,625,62.50000000000062,B02_MV,cav,not_applicable,7245.9980600485005,-3.5,0.0004750940261096723,4.0,on_ramp,on_ramp_mv,,normal,not_started,commit
BASIC-02,basic_long_dt_900,625,62.50000000000062,B02_CLV,cav,not_applicable,8508.000000000178,3.5,29.999999999920234,3.323492592244293e-11,lane_1,mainline,,normal,none,commit
BASIC-02,basic_long_dt_900,625,62.50000000000062,B02_CFV,cav,not_applicable,8423.461067881939,3.5,29.951040451771227,-0.792455049900982,lane_1,mainline,,normal,none,commit
BASIC-02,basic_long_dt_900,625,62.50000000000062,B02_TLV_CLV,cav,not_applicable,8465.81740106056,3.5,30.041757342669523,0.7918276112233097,lane_1,mainline,,normal,none,commit
BASIC-02,basic_long_dt_900,626,62.60000000000062,B02_MV,cav,not_applicable,7245.998106422211,-3.5,0.0004637371065799855,4.0,on_ramp,on_ramp_mv,,normal,not_started,commit
BASIC-02,basic_long_dt_900,626,62.60000000000062,B02_CLV,cav,not_applicable,8511.000000000171,3.5,29.999999999923425,3.190621100657154e-11,lane_1,mainline,,normal,none,commit
BASIC-02,basic_long_dt_900,626,62.60000000000062,B02_CFV,cav,not_applicable,8426.456960931253,3.5,29.958930493142965,0.07890041371737844,lane_1,mainline,,normal,none,commit
BASIC-02,basic_long_dt_900,626,62.60000000000062,B02_TLV_CLV,cav,not_applicable,8468.817146293464,3.5,29.99745232904234,-0.44305013627183754,lane_1,mainline,,normal,none,commit
BASIC-02,basic_long_dt_900,627,62.70000000000062,B02_MV,cav,not_applicable,7245.998151687378,-3.5,0.00045265166946001096,4.0,on_ramp,on_ramp_mv,,normal,not_started,commit
BASIC-02,basic_long_dt_900,627,62.70000000000062,B02_CLV,cav,not_applicable,8514.000000000164,3.5,29.999999999926487,3.06300762531464e-11,lane_1,mainline,,normal,none,commit
BASIC-02,basic_long_dt_900,627,62.70000000000062,B02_CFV,cav,not_applicable,8429.46077225668,3.5,30.038113254265298,0.7918276112233097,lane_1,mainline,,normal,none,commit
BASIC-02,basic_long_dt_900,627,62.70000000000062,B02_TLV_CLV,cav,not_applicable,8471.820539297982,3.5,30.03393004516555,0.364777161232133,lane_1,mainline,,normal,none,commit
BASIC-02,basic_long_dt_900,628,62.80000000000062,B02_MV,cav,not_applicable,7245.9981958705,-3.5,0.00044183122503684566,4.0,on_ramp,on_ramp_mv,,normal,not_started,commit
BASIC-02,basic_long_dt_900,628,62.80000000000062,B02_CLV,cav,not_applicable,8517.000000000156,3.5,29.99999999992943,2.940510057669599e-11,lane_1,mainline,,normal,none,commit
BASIC-02,basic_long_dt_900,628,62.80000000000062,B02_CFV,cav,not_applicable,8432.460153080743,3.5,29.993808240638113,-0.44305013627183754,lane_1,mainline,,normal,none,commit
BASIC-02,basic_long_dt_900,628,62.80000000000062,B02_TLV_CLV,cav,not_applicable,8474.816007751999,3.5,29.954684540175453,-0.792455049900982,lane_1,mainline,,normal,none,commit
BASIC-02,basic_long_dt_900,629,62.900000000000624,B02_MV,cav,not_applicable,7245.998238997444,-3.5,0.00043126943861149957,4.0,on_ramp,on_ramp_mv,,normal,not_started,commit
BASIC-02,basic_long_dt_900,629,62.900000000000624,B02_CLV,cav,not_applicable,8520.00000000015,3.5,29.999999999932253,2.822844180627726e-11,lane_1,mainline,,normal,none,commit
BASIC-02,basic_long_dt_900,629,62.900000000000624,B02_CFV,cav,not_applicable,8435.46318167642,3.5,30.030285956761325,0.364777161232133,lane_1,mainline,,normal,none,commit
BASIC-02,basic_long_dt_900,629,62.900000000000624,B02_TLV_CLV,cav,not_applicable,8477.812265210154,3.5,29.96257458154719,0.07890041371737844,lane_1,mainline,,normal,none,commit
BASIC-02,basic_long_dt_900,630,63.000000000000625,B02_MV,cav,not_applicable,7245.998281093456,-3.5,0.00042096012723773327,4.0,on_ramp,on_ramp_mv,,normal,not_started,commit
BASIC-02,basic_long_dt_900,630,63.000000000000625,B02_CLV,cav,not_applicable,8523.000000000142,3.5,29.999999999934964,2.7098678856418702e-11,lane_1,mainline,,normal,none,commit
BASIC-02,basic_long_dt_900,630,63.000000000000625,B02_CFV,cav,not_applicable,8438.458285721597,3.5,29.951040451771227,-0.792455049900982,lane_1,mainline,,normal,none,commit
BASIC-02,basic_long_dt_900,630,63.000000000000625,B02_TLV_CLV,cav,not_applicable,8480.816440944422,3.5,30.041757342669523,0.7918276112233097,lane_1,mainline,,normal,none,commit
BASIC-02,basic_long_dt_900,631,63.10000000000063,B02_MV,cav,not_applicable,7245.998322183182,-3.5,0.00041089725559125234,4.0,on_ramp,on_ramp_mv,,normal,not_started,commit
BASIC-02,basic_long_dt_900,631,63.10000000000063,B02_CLV,cav,not_applicable,8526.000000000136,3.5,29.999999999937565,2.601439064164879e-11,lane_1,mainline,,normal,none,commit
BASIC-02,basic_long_dt_900,631,63.10000000000063,B02_CFV,cav,not_applicable,8441.454178770911,3.5,29.958930493142965,0.07890041371737844,lane_1,mainline,,normal,none,commit
BASIC-02,basic_long_dt_900,631,63.10000000000063,B02_TLV_CLV,cav,not_applicable,8483.816186177326,3.5,29.99745232904234,-0.44305013627183754,lane_1,mainline,,normal,none,commit
BASIC-02,basic_long_dt_900,632,63.20000000000063,B02_MV,cav,not_applicable,7245.998362290675,-3.5,0.0004010749324911345,4.0,on_ramp,on_ramp_mv,,normal,not_started,commit
BASIC-02,basic_long_dt_900,632,63.20000000000063,B02_CLV,cav,not_applicable,8529.000000000131,3.5,29.999999999940062,2.4974156076496003e-11,lane_1,mainline,,normal,none,commit
BASIC-02,basic_long_dt_900,632,63.20000000000063,B02_CFV,cav,not_applicable,8444.457990096338,3.5,30.038113254265298,0.7918276112233097,lane_1,mainline,,normal,none,commit
BASIC-02,basic_long_dt_900,632,63.20000000000063,B02_TLV_CLV,cav,not_applicable,8486.819579181843,3.5,30.03393004516555,0.364777161232133,lane_1,mainline,,normal,none,commit
BASIC-02,basic_long_dt_900,633,63.30000000000063,B02_MV,cav,not_applicable,7245.998401439416,-3.5,0.00039148740785607805,4.0,on_ramp,on_ramp_mv,,normal,not_started,commit
BASIC-02,basic_long_dt_900,633,63.30000000000063,B02_CLV,cav,not_applicable,8532.000000000126,3.5,29.99999999994246,2.3975132990017302e-11,lane_1,mainline,,normal,none,commit
BASIC-02,basic_long_dt_900,633,63.30000000000063,B02_CFV,cav,not_applicable,8447.457370920401,3.5,29.993808240638113,-0.44305013627183754,lane_1,mainline,,normal,none,commit
BASIC-02,basic_long_dt_900,633,63.30000000000063,B02_TLV_CLV,cav,not_applicable,8489.81504763586,3.5,29.954684540175453,-0.792455049900982,lane_1,mainline,,normal,none,commit
BASIC-02,basic_long_dt_900,634,63.40000000000063,B02_MV,cav,not_applicable,7245.998439652322,-3.5,0.000382129068791007,4.0,on_ramp,on_ramp_mv,,normal,not_started,commit
BASIC-02,basic_long_dt_900,634,63.40000000000063,B02_CLV,cav,not_applicable,8535.00000000012,3.5,29.999999999944762,2.3015900296741167e-11,lane_1,mainline,,normal,none,commit
BASIC-02,basic_long_dt_900,634,63.40000000000063,B02_CFV,cav,not_applicable,8450.460399516078,3.5,30.030285956761325,0.364777161232133,lane_1,mainline,,normal,none,commit
BASIC-02,basic_long_dt_900,634,63.40000000000063,B02_TLV_CLV,cav,not_applicable,8492.811305094016,3.5,29.96257458154719,0.07890041371737844,lane_1,mainline,,normal,none,commit
BASIC-02,basic_long_dt_900,635,63.50000000000063,B02_MV,cav,not_applicable,7245.998476951766,-3.5,0.0003729944369781416,4.0,on_ramp,on_ramp_mv,,normal,not_started,commit
BASIC-02,basic_long_dt_900,635,63.50000000000063,B02_CLV,cav,not_applicable,8538.000000000115,3.5,29.999999999946972,2.2095036911196078e-11,lane_1,mainline,,normal,none,commit
BASIC-02,basic_long_dt_900,635,63.50000000000063,B02_CFV,cav,not_applicable,8453.455503561256,3.5,29.951040451771227,-0.792455049900982,lane_1,mainline,,normal,none,commit
BASIC-02,basic_long_dt_900,635,63.50000000000063,B02_TLV_CLV,cav,not_applicable,8495.815480828283,3.5,30.041757342669523,0.7918276112233097,lane_1,mainline,,normal,none,commit
BASIC-02,basic_long_dt_900,636,63.600000000000634,B02_MV,cav,not_applicable,7245.998513359583,-3.5,0.0003640781645461924,4.0,on_ramp,on_ramp_mv,,normal,not_started,commit
BASIC-02,basic_long_dt_900,636,63.600000000000634,B02_CLV,cav,not_applicable,8541.00000000011,3.5,29.999999999949093,2.1211121747910513e-11,lane_1,mainline,,normal,none,commit
BASIC-02,basic_long_dt_900,636,63.600000000000634,B02_CFV,cav,not_applicable,8456.45139661057,3.5,29.958930493142965,0.07890041371737844,lane_1,mainline,,normal,none,commit
BASIC-02,basic_long_dt_900,636,63.600000000000634,B02_TLV_CLV,cav,not_applicable,8498.815226061188,3.5,29.99745232904234,-0.44305013627183754,lane_1,mainline,,normal,none,commit
BASIC-02,basic_long_dt_900,637,63.700000000000635,B02_MV,cav,not_applicable,7245.998548897086,-3.5,0.00035537503167884163,4.0,on_ramp,on_ramp_mv,,normal,not_started,commit
BASIC-02,basic_long_dt_900,637,63.700000000000635,B02_CLV,cav,not_applicable,8544.000000000104,3.5,29.99999999995113,2.0362733721412952e-11,lane_1,mainline,,normal,none,commit
BASIC-02,basic_long_dt_900,637,63.700000000000635,B02_CFV,cav,not_applicable,8459.455207935996,3.5,30.038113254265298,0.7918276112233097,lane_1,mainline,,normal,none,commit
BASIC-02,basic_long_dt_900,637,63.700000000000635,B02_TLV_CLV,cav,not_applicable,8501.818619065705,3.5,30.03393004516555,0.364777161232133,lane_1,mainline,,normal,none,commit
BASIC-02,basic_long_dt_900,638,63.80000000000064,B02_MV,cav,not_applicable,7245.99858358508,-3.5,0.00034687994357099155,4.0,on_ramp,on_ramp_mv,,normal,not_started,commit
BASIC-02,basic_long_dt_900,638,63.80000000000064,B02_CLV,cav,not_applicable,8547.000000000098,3.5,29.999999999953083,1.9548451746231878e-11,lane_1,mainline,,normal,none,commit
BASIC-02,basic_long_dt_900,638,63.80000000000064,B02_CFV,cav,not_applicable,8462.45458876006,3.5,29.993808240638113,-0.44305013627183754,lane_1,mainline,,normal,none,commit
BASIC-02,basic_long_dt_900,638,63.80000000000064,B02_TLV_CLV,cav,not_applicable,8504.814087519722,3.5,29.954684540175453,-0.792455049900982,lane_1,mainline,,normal,none,commit
BASIC-02,basic_long_dt_900,639,63.90000000000064,B02_MV,cav,not_applicable,7245.998617443873,-3.5,0.00033858792695019136,4.0,on_ramp,on_ramp_mv,,normal,not_started,commit
BASIC-02,basic_long_dt_900,639,63.90000000000064,B02_CLV,cav,not_applicable,8550.000000000095,3.5,29.99999999995496,1.8766854736895768e-11,lane_1,mainline,,normal,none,commit
BASIC-02,basic_long_dt_900,639,63.90000000000064,B02_CFV,cav,not_applicable,8465.457617355736,3.5,30.030285956761325,0.364777161232133,lane_1,mainline,,normal,none,commit
BASIC-02,basic_long_dt_900,639,63.90000000000064,B02_TLV_CLV,cav,not_applicable,8507.810344977877,3.5,29.96257458154719,0.07890041371737844,lane_1,mainline,,normal,none,commit
BASIC-02,basic_long_dt_900,640,64.00000000000064,B02_MV,cav,not_applicable,7245.998650493286,-3.5,0.00033049412746770753,4.0,on_ramp,on_ramp_mv,,normal,not_started,commit
BASIC-02,basic_long_dt_900,640,64.00000000000064,B02_CLV,cav,not_applicable,8553.000000000091,3.5,29.99999999995676,1.8016521607933103e-11,lane_1,mainline,,normal,none,commit
BASIC-02,basic_long_dt_900,640,64.00000000000064,B02_CFV,cav,not_applicable,8468.452721400914,3.5,29.951040451771227,-0.792455049900982,lane_1,mainline,,normal,none,commit
BASIC-02,basic_long_dt_900,640,64.00000000000064,B02_TLV_CLV,cav,not_applicable,8510.814520712145,3.5,30.041757342669523,0.7918276112233097,lane_1,mainline,,normal,none,commit
BASIC-02,basic_long_dt_900,641,64.10000000000063,B02_MV,cav,not_applicable,7245.998682752666,-3.5,0.00032259380665477225,4.0,on_ramp,on_ramp_mv,,normal,not_started,commit
BASIC-02,basic_long_dt_900,641,64.10000000000063,B02_CLV,cav,not_applicable,8556.000000000087,3.5,29.99999999995849,1.729603127387236e-11,lane_1,mainline,,normal,none,commit
BASIC-02,basic_long_dt_900,641,64.10000000000063,B02_CFV,cav,not_applicable,8471.448614450228,3.5,29.958930493142965,0.07890041371737844,lane_1,mainline,,normal,none,commit
BASIC-02,basic_long_dt_900,641,64.10000000000063,B02_TLV_CLV,cav,not_applicable,8513.81426594505,3.5,29.99745232904234,-0.44305013627183754,lane_1,mainline,,normal,none,commit
BASIC-02,basic_long_dt_900,642,64.20000000000063,B02_MV,cav,not_applicable,7245.9987142409,-3.5,0.0003148823397484752,4.0,on_ramp,on_ramp_mv,,normal,not_started,commit
BASIC-02,basic_long_dt_900,642,64.20000000000063,B02_CLV,cav,not_applicable,8559.000000000084,3.5,29.99999999996015,1.6603962649242022e-11,lane_1,mainline,,normal,none,commit
BASIC-02,basic_long_dt_900,642,64.20000000000063,B02_CFV,cav,not_applicable,8474.452425775655,3.5,30.038113254265298,0.7918276112233097,lane_1,mainline,,normal,none,commit
BASIC-02,basic_long_dt_900,642,64.20000000000063,B02_TLV_CLV,cav,not_applicable,8516.817658949567,3.5,30.03393004516555,0.364777161232133,lane_1,mainline,,normal,none,commit
BASIC-02,basic_long_dt_900,643,64.30000000000062,B02_MV,cav,not_applicable,7245.998744976421,-3.5,0.00030735521221319053,4.0,on_ramp,on_ramp_mv,,normal,not_started,commit
BASIC-02,basic_long_dt_900,643,64.30000000000062,B02_CLV,cav,not_applicable,8562.00000000008,3.5,29.999999999961744,1.5940315734042088e-11,lane_1,mainline,,normal,none,commit
BASIC-02,basic_long_dt_900,643,64.30000000000062,B02_CFV,cav,not_applicable,8477.451806599718,3.5,29.993808240638113,-0.44305013627183754,lane_1,mainline,,normal,none,commit
BASIC-02,basic_long_dt_900,643,64.30000000000062,B02_TLV_CLV,cav,not_applicable,8519.813127403584,3.5,29.954684540175453,-0.792455049900982,lane_1,mainline,,normal,none,commit
BASIC-02,basic_long_dt_900,644,64.40000000000062,B02_MV,cav,not_applicable,7245.998774977223,-3.5,0.00030000801734905805,4.0,on_ramp,on_ramp_mv,,normal,not_started,commit
BASIC-02,basic_long_dt_900,644,64.40000000000062,B02_CLV,cav,not_applicable,8565.000000000076,3.5,29.999999999963276,1.5302248357329517e-11,lane_1,mainline,,normal,none,commit
BASIC-02,basic_long_dt_900,644,64.40000000000062,B02_CFV,cav,not_applicable,8480.454835195394,3.5,30.030285956761325,0.364777161232133,lane_1,mainline,,normal,none,commit
BASIC-02,basic_long_dt_900,644,64.40000000000062,B02_TLV_CLV,cav,not_applicable,8522.809384861739,3.5,29.96257458154719,0.07890041371737844,lane_1,mainline,,normal,none,commit
BASIC-02,basic_long_dt_900,645,64.50000000000061,B02_MV,cav,not_applicable,7245.998804260868,-3.5,0.0002928364541178747,4.0,on_ramp,on_ramp_mv,,normal,not_started,commit
BASIC-02,basic_long_dt_900,645,64.50000000000061,B02_CLV,cav,not_applicable,8568.000000000073,3.5,29.999999999964743,1.4689760519104312e-11,lane_1,mainline,,normal,none,commit
BASIC-02,basic_long_dt_900,645,64.50000000000061,B02_CFV,cav,not_applicable,8483.449939240572,3.5,29.951040451771227,-0.792455049900982,lane_1,mainline,,normal,none,commit
BASIC-02,basic_long_dt_900,645,64.50000000000061,B02_TLV_CLV,cav,not_applicable,8525.813560596007,3.5,30.041757342669523,0.7918276112233097,lane_1,mainline,,normal,none,commit
BASIC-02,basic_long_dt_900,646,64.6000000000006,B02_MV,cav,not_applicable,7245.998832844501,-3.5,0.0002858363238819326,4.0,on_ramp,on_ramp_mv,,normal,not_started,commit
BASIC-02,basic_long_dt_900,646,64.6000000000006,B02_CLV,cav,not_applicable,8571.00000000007,3.5,29.999999999966153,1.410285221936647e-11,lane_1,mainline,,normal,none,commit
BASIC-02,basic_long_dt_900,646,64.6000000000006,B02_CFV,cav,not_applicable,8486.445832289886,3.5,29.958930493142965,0.07890041371737844,lane_1,mainline,,normal,none,commit
BASIC-02,basic_long_dt_900,646,64.6000000000006,B02_TLV_CLV,cav,not_applicable,8528.813305828911,3.5,29.99745232904234,-0.44305013627183754,lane_1,mainline,,normal,none,commit
BASIC-02,basic_long_dt_900,647,64.7000000000006,B02_MV,cav,not_applicable,7245.998860744853,-3.5,0.0002790035288821431,4.0,on_ramp,on_ramp_mv,,normal,not_started,commit
BASIC-02,basic_long_dt_900,647,64.7000000000006,B02_CLV,cav,not_applicable,8574.000000000065,3.5,29.999999999967507,1.353868128717295e-11,lane_1,mainline,,normal,none,commit
BASIC-02,basic_long_dt_900,647,64.7000000000006,B02_CFV,cav,not_applicable,8489.449643615313,3.5,30.038113254265298,0.7918276112233097,lane_1,mainline,,normal,none,commit
BASIC-02,basic_long_dt_900,647,64.7000000000006,B02_TLV_CLV,cav,not_applicable,8531.816698833429,3.5,30.03393004516555,0.364777161232133,lane_1,mainline,,normal,none,commit
BASIC-02,basic_long_dt_900,648,64.8000000000006,B02_MV,cav,not_applicable,7245.99888797826,-3.5,0.0002723340689768747,4.0,on_ramp,on_ramp_mv,,normal,not_started,commit
BASIC-02,basic_long_dt_900,648,64.8000000000006,B02_CLV,cav,not_applicable,8577.000000000062,3.5,29.999999999968807,1.2997247722523753e-11,lane_1,mainline,,normal,none,commit
BASIC-02,basic_long_dt_900,648,64.8000000000006,B02_CFV,cav,not_applicable,8492.449024439376,3.5,29.993808240638113,-0.44305013627183754,lane_1,mainline,,normal,none,commit
BASIC-02,basic_long_dt_900,648,64.8000000000006,B02_TLV_CLV,cav,not_applicable,8534.812167287446,3.5,29.954684540175453,-0.792455049900982,lane_1,mainline,,normal,none,commit
BASIC-02,basic_long_dt_900,649,64.90000000000059,B02_MV,cav,not_applicable,7245.998914560664,-3.5,0.00026582403946784474,4.0,on_ramp,on_ramp_mv,,normal,not_started,commit
BASIC-02,basic_long_dt_900,649,64.90000000000059,B02_CLV,cav,not_applicable,8580.000000000058,3.5,29.999999999970054,1.247713043994736e-11,lane_1,mainline,,normal,none,commit
BASIC-02,basic_long_dt_900,649,64.90000000000059,B02_CFV,cav,not_applicable,8495.452053035053,3.5,30.030285956761325,0.364777161232133,lane_1,mainline,,normal,none,commit
BASIC-02,basic_long_dt_900,649,64.90000000000059,B02_TLV_CLV,cav,not_applicable,8537.8084247456,3.5,29.96257458154719,0.07890041371737844,lane_1,mainline,,normal,none,commit
BASIC-02,basic_long_dt_900,650,65.00000000000058,B02_MV,cav,not_applicable,7245.998940507627,-3.5,0.0002594696295782437,4.0,on_ramp,on_ramp_mv,,normal,not_started,commit
BASIC-02,basic_long_dt_900,650,65.00000000000058,B02_CLV,cav,not_applicable,8583.000000000055,3.5,29.99999999997125,1.197832943944377e-11,lane_1,mainline,,normal,none,commit
BASIC-02,basic_long_dt_900,650,65.00000000000058,B02_CFV,cav,not_applicable,8498.44715708023,3.5,29.951040451771227,-0.792455049900982,lane_1,mainline,,normal,none,commit
BASIC-02,basic_long_dt_900,650,65.00000000000058,B02_TLV_CLV,cav,not_applicable,8540.812600479869,3.5,30.041757342669523,0.7918276112233097,lane_1,mainline,,normal,none,commit
BASIC-02,basic_long_dt_900,651,65.10000000000058,B02_MV,cav,not_applicable,7245.998965834338,-3.5,0.00025326711919157306,4.0,on_ramp,on_ramp_mv,,normal,not_started,commit
BASIC-02,basic_long_dt_900,651,65.10000000000058,B02_CLV,cav,not_applicable,8586.000000000051,3.5,29.999999999972403,1.1499423635541462e-11,lane_1,mainline,,normal,none,commit
BASIC-02,basic_long_dt_900,651,65.10000000000058,B02_CFV,cav,not_applicable,8501.443050129545,3.5,29.958930493142965,0.07890041371737844,lane_1,mainline,,normal,none,commit
BASIC-02,basic_long_dt_900,651,65.10000000000058,B02_TLV_CLV,cav,not_applicable,8543.812345712773,3.5,29.99745232904234,-0.44305013627183754,lane_1,mainline,,normal,none,commit
BASIC-02,basic_long_dt_900,652,65.20000000000057,B02_MV,cav,not_applicable,7245.998990555626,-3.5,0.00024721287711235856,4.0,on_ramp,on_ramp_mv,,normal,not_started,commit
BASIC-02,basic_long_dt_900,652,65.20000000000057,B02_CLV,cav,not_applicable,8589.00000000005,3.5,29.999999999973507,1.1038991942768917e-11,lane_1,mainline,,normal,none,commit
BASIC-02,basic_long_dt_900,652,65.20000000000057,B02_CFV,cav,not_applicable,8504.446861454971,3.5,30.038113254265298,0.7918276112233097,lane_1,mainline,,normal,none,commit
BASIC-02,basic_long_dt_900,652,65.20000000000057,B02_TLV_CLV,cav,not_applicable,8546.81573871729,3.5,30.03393004516555,0.364777161232133,lane_1,mainline,,normal,none,commit
BASIC-02,basic_long_dt_900,653,65.30000000000057,B02_MV,cav,not_applicable,7245.999014685962,-3.5,0.00024130335910945303,4.0,on_ramp,on_ramp_mv,,normal,not_started,commit
BASIC-02,basic_long_dt_900,653,65.30000000000057,B02_CLV,cav,not_applicable,8592.000000000047,3.5,29.999999999974566,1.0597034361126135e-11,lane_1,mainline,,normal,none,commit
BASIC-02,basic_long_dt_900,653,65.30000000000057,B02_CFV,cav,not_applicable,8507.446242279035,3.5,29.993808240638113,-0.44305013627183754,lane_1,mainline,,normal,none,commit
BASIC-02,basic_long_dt_900,653,65.30000000000057,B02_TLV_CLV,cav,not_applicable,8549.811207171308,3.5,29.954684540175453,-0.792455049900982,lane_1,mainline,,normal,none,commit
BASIC-02,basic_long_dt_900,654,65.40000000000056,B02_MV,cav,not_applicable,7245.999038239473,-3.5,0.00023553510552451728,4.0,on_ramp,on_ramp_mv,,normal,not_started,commit
BASIC-02,basic_long_dt_900,654,65.40000000000056,B02_CLV,cav,not_applicable,8595.000000000045,3.5,29.999999999975582,1.0173550890613116e-11,lane_1,mainline,,normal,none,commit
BASIC-02,basic_long_dt_900,654,65.40000000000056,B02_CFV,cav,not_applicable,8510.449270874711,3.5,30.030285956761325,0.364777161232133,lane_1,mainline,,normal,none,commit
BASIC-02,basic_long_dt_900,654,65.40000000000056,B02_TLV_CLV,cav,not_applicable,8552.807464629463,3.5,29.96257458154719,0.07890041371737844,lane_1,mainline,,normal,none,commit
BASIC-02,basic_long_dt_900,655,65.50000000000055,B02_MV,cav,not_applicable,7245.999061229946,-3.5,0.0002299047395327336,4.0,on_ramp,on_ramp_mv,,normal,not_started,commit
BASIC-02,basic_long_dt_900,655,65.50000000000055,B02_CLV,cav,not_applicable,8598.000000000044,3.5,29.99999999997656,9.767120445758338e-12,lane_1,mainline,,normal,none,commit
BASIC-02,basic_long_dt_900,655,65.50000000000055,B02_CFV,cav,not_applicable,8513.444374919889,3.5,29.951040451771227,-0.792455049900982,lane_1,mainline,,normal,none,commit
BASIC-02,basic_long_dt_900,655,65.50000000000055,B02_TLV_CLV,cav,not_applicable,8555.81164036373,3.5,30.041757342669523,0.7918276112233097,lane_1,mainline,,normal,none,commit
BASIC-02,basic_long_dt_900,656,65.60000000000055,B02_MV,cav,not_applicable,7245.999083670843,-3.5,0.0002244089651861084,4.0,on_ramp,on_ramp_mv,,normal,not_started,commit
BASIC-02,basic_long_dt_900,656,65.60000000000055,B02_CLV,cav,not_applicable,8601.000000000042,3.5,29.999999999977497,9.376321941090283e-12,lane_1,mainline,,normal,none,commit
BASIC-02,basic_long_dt_900,656,65.60000000000055,B02_CFV,cav,not_applicable,8516.440267969203,3.5,29.958930493142965,0.07890041371737844,lane_1,mainline,,normal,none,commit
BASIC-02,basic_long_dt_900,656,65.60000000000055,B02_TLV_CLV,cav,not_applicable,8558.811385596635,3.5,29.99745232904234,-0.44305013627183754,lane_1,mainline,,normal,none,commit
BASIC-02,basic_long_dt_900,657,65.70000000000054,B02_MV,cav,not_applicable,7245.9991055753,-3.5,0.00021904456480454235,4.0,on_ramp,on_ramp_mv,,normal,not_started,commit
BASIC-02,basic_long_dt_900,657,65.70000000000054,B02_CLV,cav,not_applicable,8604.00000000004,3.5,29.999999999978396,9.00115537660895e-12,lane_1,mainline,,normal,none,commit
BASIC-02,basic_long_dt_900,657,65.70000000000054,B02_CFV,cav,not_applicable,8519.44407929463,3.5,30.038113254265298,0.7918276112233097,lane_1,mainline,,normal,none,commit
BASIC-02,basic_long_dt_900,657,65.70000000000054,B02_TLV_CLV,cav,not_applicable,8561.814778601152,3.5,30.03393004516555,0.364777161232133,lane_1,mainline,,normal,none,commit
BASIC-02,basic_long_dt_900,658,65.80000000000054,B02_MV,cav,not_applicable,7245.99912695614,-3.5,0.00021380839810618727,4.0,on_ramp,on_ramp_mv,,normal,not_started,commit
BASIC-02,basic_long_dt_900,658,65.80000000000054,B02_CLV,cav,not_applicable,8607.000000000038,3.5,29.99999999997926,8.641620752314339e-12,lane_1,mainline,,normal,none,commit
BASIC-02,basic_long_dt_900,658,65.80000000000054,B02_CFV,cav,not_applicable,8522.443460118693,3.5,29.993808240638113,-0.44305013627183754,lane_1,mainline,,normal,none,commit
BASIC-02,basic_long_dt_900,658,65.80000000000054,B02_TLV_CLV,cav,not_applicable,8564.81024705517,3.5,29.954684540175453,-0.792455049900982,lane_1,mainline,,normal,none,commit
BASIC-02,basic_long_dt_900,659,65.90000000000053,B02_MV,cav,not_applicable,7245.99914782588,-3.5,0.0002086973998159269,4.0,on_ramp,on_ramp_mv,,normal,not_started,commit
BASIC-02,basic_long_dt_900,659,65.90000000000053,B02_CLV,cav,not_applicable,8610.000000000036,3.5,29.99999999998009,8.29629698273493e-12,lane_1,mainline,,normal,none,commit
BASIC-02,basic_long_dt_900,659,65.90000000000053,B02_CFV,cav,not_applicable,8525.44648871437,3.5,30.030285956761325,0.364777161232133,lane_1,mainline,,normal,none,commit
BASIC-02,basic_long_dt_900,659,65.90000000000053,B02_TLV_CLV,cav,not_applicable,8567.806504513324,3.5,29.96257458154719,0.07890041371737844,lane_1,mainline,,normal,none,commit
BASIC-02,basic_long_dt_900,660,66.00000000000053,B02_MV,cav,not_applicable,7245.999168196738,-3.5,0.00020370857770867976,4.0,on_ramp,on_ramp_mv,,normal,not_started,commit
BASIC-02,basic_long_dt_900,660,66.00000000000053,B02_CLV,cav,not_applicable,8613.000000000035,3.5,29.999999999980886,7.963762982399203e-12,lane_1,mainline,,normal,none,commit
BASIC-02,basic_long_dt_900,660,66.00000000000053,B02_CFV,cav,not_applicable,8528.441592759547,3.5,29.951040451771227,-0.792455049900982,lane_1,mainline,,normal,none,commit
BASIC-02,basic_long_dt_900,660,66.00000000000053,B02_TLV_CLV,cav,not_applicable,8570.810680247592,3.5,30.041757342669523,0.7918276112233097,lane_1,mainline,,normal,none,commit
BASIC-02,basic_long_dt_900,661,66.10000000000052,B02_MV,cav,not_applicable,7245.999188080638,-3.5,0.00019883901130493406,4.0,on_ramp,on_ramp_mv,,normal,not_started,commit
BASIC-02,basic_long_dt_900,661,66.10000000000052,B02_CLV,cav,not_applicable,8616.000000000033,3.5,29.99999999998165,7.645439836778678e-12,lane_1,mainline,,normal,none,commit
BASIC-02,basic_long_dt_900,661,66.10000000000052,B02_CFV,cav,not_applicable,8531.437485808861,3.5,29.958930493142965,0.07890041371737844,lane_1,mainline,,normal,none,commit
BASIC-02,basic_long_dt_900,661,66.10000000000052,B02_TLV_CLV,cav,not_applicable,8573.810425480497,3.5,29.99745232904234,-0.44305013627183754,lane_1,mainline,,normal,none,commit
BASIC-02,basic_long_dt_900,662,66.20000000000051,B02_MV,cav,not_applicable,7245.999207489223,-3.5,0.00019408584991405052,4.0,on_ramp,on_ramp_mv,,normal,not_started,commit
BASIC-02,basic_long_dt_900,662,66.20000000000051,B02_CLV,cav,not_applicable,8619.000000000031,3.5,29.999999999982386,7.339906460401835e-12,lane_1,mainline,,normal,none,commit
BASIC-02,basic_long_dt_900,662,66.20000000000051,B02_CFV,cav,not_applicable,8534.441297134288,3.5,30.038113254265298,0.7918276112233097,lane_1,mainline,,normal,none,commit
BASIC-02,basic_long_dt_900,662,66.20000000000051,B02_TLV_CLV,cav,not_applicable,8576.813818485014,3.5,30.03393004516555,0.364777161232133,lane_1,mainline,,normal,none,commit
BASIC-02,basic_long_dt_900,663,66.30000000000051,B02_MV,cav,not_applicable,7245.999226433854,-3.5,0.0001894463106775649,4.0,on_ramp,on_ramp_mv,,normal,not_started,commit
BASIC-02,basic_long_dt_900,663,66.30000000000051,B02_CLV,cav,not_applicable,8622.00000000003,3.5,29.99999999998309,7.045741767797154e-12,lane_1,mainline,,normal,none,commit
BASIC-02,basic_long_dt_900,663,66.30000000000051,B02_CFV,cav,not_applicable,8537.440677958351,3.5,29.993808240638113,-0.44305013627183754,lane_1,mainline,,normal,none,commit
BASIC-02,basic_long_dt_900,663,66.30000000000051,B02_TLV_CLV,cav,not_applicable,8579.809286939031,3.5,29.954684540175453,-0.792455049900982,lane_1,mainline,,normal,none,commit
BASIC-02,basic_long_dt_900,664,66.4000000000005,B02_MV,cav,not_applicable,7245.999244925622,-3.5,0.00018491767769954475,4.0,on_ramp,on_ramp_mv,,normal,not_started,commit
BASIC-02,basic_long_dt_900,664,66.4000000000005,B02_CLV,cav,not_applicable,8625.000000000027,3.5,29.999999999983764,6.764366844436154e-12,lane_1,mainline,,normal,none,commit
BASIC-02,basic_long_dt_900,664,66.4000000000005,B02_CFV,cav,not_applicable,8540.443706554028,3.5,30.030285956761325,0.364777161232133,lane_1,mainline,,normal,none,commit
BASIC-02,basic_long_dt_900,664,66.4000000000005,B02_TLV_CLV,cav,not_applicable,8582.805544397186,3.5,29.96257458154719,0.07890041371737844,lane_1,mainline,,normal,none,commit
BASIC-02,basic_long_dt_900,665,66.5000000000005,B02_MV,cav,not_applicable,7245.999262975352,-3.5,0.00018049729965507037,4.0,on_ramp,on_ramp_mv,,normal,not_started,commit
BASIC-02,basic_long_dt_900,665,66.5000000000005,B02_CLV,cav,not_applicable,8628.000000000025,3.5,29.999999999984414,6.494360604847316e-12,lane_1,mainline,,normal,none,commit
BASIC-02,basic_long_dt_900,665,66.5000000000005,B02_CFV,cav,not_applicable,8543.438810599206,3.5,29.951040451771227,-0.792455049900982,lane_1,mainline,,normal,none,commit
BASIC-02,basic_long_dt_900,665,66.5000000000005,B02_TLV_CLV,cav,not_applicable,8585.809720131454,3.5,30.041757342669523,0.7918276112233097,lane_1,mainline,,normal,none,commit
BASIC-02,basic_long_dt_900,666,66.60000000000049,B02_MV,cav,not_applicable,7245.999280593612,-3.5,0.0001761825889205917,4.0,on_ramp,on_ramp_mv,,normal,not_started,commit
BASIC-02,basic_long_dt_900,666,66.60000000000049,B02_CLV,cav,not_applicable,8631.000000000024,3.5,29.999999999985036,6.23430196355912e-12,lane_1,mainline,,normal,none,commit
BASIC-02,basic_long_dt_900,666,66.60000000000049,B02_CFV,cav,not_applicable,8546.43470364852,3.5,29.958930493142965,0.07890041371737844,lane_1,mainline,,normal,none,commit
BASIC-02,basic_long_dt_900,666,66.60000000000049,B02_TLV_CLV,cav,not_applicable,8588.809465364358,3.5,29.99745232904234,-0.44305013627183754,lane_1,mainline,,normal,none,commit
BASIC-02,basic_long_dt_900,667,66.70000000000049,B02_MV,cav,not_applicable,7245.999297790714,-3.5,0.00017197101939981998,4.0,on_ramp,on_ramp_mv,,normal,not_started,commit
BASIC-02,basic_long_dt_900,667,66.70000000000049,B02_CLV,cav,not_applicable,8634.000000000022,3.5,29.999999999985633,5.985612006043085e-12,lane_1,mainline,,normal,none,commit
BASIC-02,basic_long_dt_900,667,66.70000000000049,B02_CFV,cav,not_applicable,8549.438514973946,3.5,30.038113254265298,0.7918276112233097,lane_1,mainline,,normal,none,commit
BASIC-02,basic_long_dt_900,667,66.70000000000049,B02_TLV_CLV,cav,not_applicable,8591.812858368876,3.5,30.03393004516555,0.364777161232133,lane_1,mainline,,normal,none,commit
BASIC-02,basic_long_dt_900,668,66.80000000000048,B02_MV,cav,not_applicable,7245.999314576727,-3.5,0.00016786012565408448,4.0,on_ramp,on_ramp_mv,,normal,not_started,commit
BASIC-02,basic_long_dt_900,668,66.80000000000048,B02_CLV,cav,not_applicable,8637.00000000002,3.5,29.99999999998621,5.746869646827691e-12,lane_1,mainline,,normal,none,commit
BASIC-02,basic_long_dt_900,668,66.80000000000048,B02_CFV,cav,not_applicable,8552.43789579801,3.5,29.993808240638113,-0.44305013627183754,lane_1,mainline,,normal,none,commit
BASIC-02,basic_long_dt_900,668,66.80000000000048,B02_TLV_CLV,cav,not_applicable,8594.808326822893,3.5,29.954684540175453,-0.792455049900982,lane_1,mainline,,normal,none,commit
BASIC-02,basic_long_dt_900,669,66.90000000000047,B02_MV,cav,not_applicable,7245.9993309614765,-3.5,0.00016384750116304615,4.0,on_ramp,on_ramp_mv,,normal,not_started,commit
BASIC-02,basic_long_dt_900,669,66.90000000000047,B02_CLV,cav,not_applicable,8640.000000000018,3.5,29.99999999998676,5.5166538004414185e-12,lane_1,mainline,,normal,none,commit
BASIC-02,basic_long_dt_900,669,66.90000000000047,B02_CFV,cav,not_applicable,8555.440924393686,3.5,30.030285956761325,0.364777161232133,lane_1,mainline,,normal,none,commit
BASIC-02,basic_long_dt_900,669,66.90000000000047,B02_TLV_CLV,cav,not_applicable,8597.804584281048,3.5,29.96257458154719,0.07890041371737844,lane_1,mainline,,normal,none,commit
BASIC-02,basic_long_dt_900,670,67.00000000000047,B02_MV,cav,not_applicable,7245.999346954556,-3.5,0.00015993079680282163,4.0,on_ramp,on_ramp_mv,,normal,not_started,commit
BASIC-02,basic_long_dt_900,670,67.00000000000047,B02_CLV,cav,not_applicable,8643.000000000016,3.5,29.99999999998729,5.2963855523557874e-12,lane_1,mainline,,normal,none,commit
BASIC-02,basic_long_dt_900,670,67.00000000000047,B02_CFV,cav,not_applicable,8558.436028438864,3.5,29.951040451771227,-0.792455049900982,lane_1,mainline,,normal,none,commit
BASIC-02,basic_long_dt_900,670,67.00000000000047,B02_TLV_CLV,cav,not_applicable,8600.808760015316,3.5,30.041757342669523,0.7918276112233097,lane_1,mainline,,normal,none,commit
BASIC-02,basic_long_dt_900,671,67.10000000000046,B02_MV,cav,not_applicable,7245.999362565328,-3.5,0.0001561077195415186,4.0,on_ramp,on_ramp_mv,,normal,not_started,commit
BASIC-02,basic_long_dt_900,671,67.10000000000046,B02_CLV,cav,not_applicable,8646.000000000015,3.5,29.999999999987796,5.084643817099277e-12,lane_1,mainline,,normal,none,commit
BASIC-02,basic_long_dt_900,671,67.10000000000046,B02_CFV,cav,not_applicable,8561.431921488178,3.5,29.958930493142965,0.07890041371737844,lane_1,mainline,,normal,none,commit
BASIC-02,basic_long_dt_900,671,67.10000000000046,B02_TLV_CLV,cav,not_applicable,8603.80850524822,3.5,29.99745232904234,-0.44305013627183754,lane_1,mainline,,normal,none,commit
BASIC-02,basic_long_dt_900,672,67.20000000000046,B02_MV,cav,not_applicable,7245.999377802931,-3.5,0.00015237603135218148,4.0,on_ramp,on_ramp_mv,,normal,not_started,commit
BASIC-02,basic_long_dt_900,672,67.20000000000046,B02_CLV,cav,not_applicable,8649.000000000013,3.5,29.999999999988283,4.881428594671888e-12,lane_1,mainline,,normal,none,commit
BASIC-02,basic_long_dt_900,672,67.20000000000046,B02_CFV,cav,not_applicable,8564.435732813605,3.5,30.038113254265298,0.7918276112233097,lane_1,mainline,,normal,none,commit
BASIC-02,basic_long_dt_900,672,67.20000000000046,B02_TLV_CLV,cav,not_applicable,8606.811898252738,3.5,30.03393004516555,0.364777161232133,lane_1,mainline,,normal,none,commit
BASIC-02,basic_long_dt_900,673,67.30000000000045,B02_MV,cav,not_applicable,7245.999392676285,-3.5,0.00014873354747350505,4.0,on_ramp,on_ramp_mv,,normal,not_started,commit
BASIC-02,basic_long_dt_900,673,67.30000000000045,B02_CLV,cav,not_applicable,8652.000000000011,3.5,29.999999999988752,4.686739885073621e-12,lane_1,mainline,,normal,none,commit
BASIC-02,basic_long_dt_900,673,67.30000000000045,B02_CFV,cav,not_applicable,8567.435113637668,3.5,29.993808240638113,-0.44305013627183754,lane_1,mainline,,normal,none,commit
BASIC-02,basic_long_dt_900,673,67.30000000000045,B02_TLV_CLV,cav,not_applicable,8609.807366706755,3.5,29.954684540175453,-0.792455049900982,lane_1,mainline,,normal,none,commit
BASIC-02,basic_long_dt_900,674,67.40000000000045,B02_MV,cav,not_applicable,7245.999407194099,-3.5,0.00014517813575760184,4.0,on_ramp,on_ramp_mv,,normal,not_started,commit
BASIC-02,basic_long_dt_900,674,67.40000000000045,B02_CLV,cav,not_applicable,8655.00000000001,3.5,29.999999999989203,4.499156602832955e-12,lane_1,mainline,,normal,none,commit
BASIC-02,basic_long_dt_900,674,67.40000000000045,B02_CFV,cav,not_applicable,8570.438142233344,3.5,30.030285956761325,0.364777161232133,lane_1,mainline,,normal,none,commit
BASIC-02,basic_long_dt_900,674,67.40000000000045,B02_TLV_CLV,cav,not_applicable,8612.80362416491,3.5,29.96257458154719,0.07890041371737844,lane_1,mainline,,normal,none,commit
BASIC-02,basic_long_dt_900,675,67.50000000000044,B02_MV,cav,not_applicable,7245.999421364871,-3.5,0.00014170771449589415,4.0,on_ramp,on_ramp_mv,,normal,not_started,commit
BASIC-02,basic_long_dt_900,675,67.50000000000044,B02_CLV,cav,not_applicable,8658.000000000007,3.5,29.999999999989637,4.3186787479498894e-12,lane_1,mainline,,normal,none,commit
BASIC-02,basic_long_dt_900,675,67.50000000000044,B02_CFV,cav,not_applicable,8573.433246278522,3.5,29.951040451771227,-0.792455049900982,lane_1,mainline,,normal,none,commit
BASIC-02,basic_long_dt_900,675,67.50000000000044,B02_TLV_CLV,cav,not_applicable,8615.807799899178,3.5,30.041757342669523,0.7918276112233097,lane_1,mainline,,normal,none,commit
BASIC-02,basic_long_dt_900,676,67.60000000000043,B02_MV,cav,not_applicable,7245.999435196896,-3.5,0.00013832025220170306,4.0,on_ramp,on_ramp_mv,,normal,not_started,commit
BASIC-02,basic_long_dt_900,676,67.60000000000043,B02_CLV,cav,not_applicable,8661.000000000005,3.5,29.999999999990052,4.145306320424424e-12,lane_1,mainline,,normal,none,commit
BASIC-02,basic_long_dt_900,676,67.60000000000043,B02_CFV,cav,not_applicable,8576.429139327836,3.5,29.958930493142965,0.07890041371737844,lane_1,mainline,,normal,none,commit
BASIC-02,basic_long_dt_900,676,67.60000000000043,B02_TLV_CLV,cav,not_applicable,8618.807545132082,3.5,29.99745232904234,-0.44305013627183754,lane_1,mainline,,normal,none,commit
BASIC-02,basic_long_dt_900,677,67.70000000000043,B02_MV,cav,not_applicable,7245.999448698273,-3.5,0.00013501376565355118,4.0,on_ramp,on_ramp_mv,,normal,not_started,commit
BASIC-02,basic_long_dt_900,677,67.70000000000043,B02_CLV,cav,not_applicable,8664.000000000004,3.5,29.99999999999045,3.979039320256561e-12,lane_1,mainline,,normal,none,commit
BASIC-02,basic_long_dt_900,677,67.70000000000043,B02_CFV,cav,not_applicable,8579.432950653263,3.5,30.038113254265298,0.7918276112233097,lane_1,mainline,,normal,none,commit
BASIC-02,basic_long_dt_900,677,67.70000000000043,B02_TLV_CLV,cav,not_applicable,8621.8109381366,3.5,30.03393004516555,0.364777161232133,lane_1,mainline,,normal,none,commit
BASIC-02,basic_long_dt_900,678,67.80000000000042,B02_MV,cav,not_applicable,7245.999461876905,-3.5,0.0001317863192429301,4.0,on_ramp,on_ramp_mv,,normal,not_started,commit
BASIC-02,basic_long_dt_900,678,67.80000000000042,B02_CLV,cav,not_applicable,8667.000000000002,3.5,29.999999999990834,3.819877747446299e-12,lane_1,mainline,,normal,none,commit
BASIC-02,basic_long_dt_900,678,67.80000000000042,B02_CFV,cav,not_applicable,8582.432331477326,3.5,29.993808240638113,-0.44305013627183754,lane_1,mainline,,normal,none,commit
BASIC-02,basic_long_dt_900,678,67.80000000000042,B02_TLV_CLV,cav,not_applicable,8624.806406590616,3.5,29.954684540175453,-0.792455049900982,lane_1,mainline,,normal,none,commit
BASIC-02,basic_long_dt_900,679,67.90000000000042,B02_MV,cav,not_applicable,7245.999474740507,-3.5,0.0001286360236698356,4.0,on_ramp,on_ramp_mv,,normal,not_started,commit
BASIC-02,basic_long_dt_900,679,67.90000000000042,B02_CLV,cav,not_applicable,8670.000000000002,3.5,29.9999999999912,3.666400516522117e-12,lane_1,mainline,,normal,none,commit
BASIC-02,basic_long_dt_900,679,67.90000000000042,B02_CFV,cav,not_applicable,8585.435360073003,3.5,30.030285956761325,0.364777161232133,lane_1,mainline,,normal,none,commit
BASIC-02,basic_long_dt_900,679,67.90000000000042,B02_TLV_CLV,cav,not_applicable,8627.802664048771,3.5,29.96257458154719,0.07890041371737844,lane_1,mainline,,normal,none,commit
BASIC-02,basic_long_dt_900,680,68.00000000000041,B02_MV,cav,not_applicable,7245.999487296611,-3.5,0.00012556103463830264,4.0,on_ramp,on_ramp_mv,,normal,not_started,commit
BASIC-02,basic_long_dt_900,680,68.00000000000041,B02_CLV,cav,not_applicable,8673.000000000002,3.5,29.99999999999155,3.5200287129555366e-12,lane_1,mainline,,normal,none,commit
BASIC-02,basic_long_dt_900,680,68.00000000000041,B02_CFV,cav,not_applicable,8588.43046411818,3.5,29.951040451771227,-0.792455049900982,lane_1,mainline,,normal,none,commit
BASIC-02,basic_long_dt_900,680,68.00000000000041,B02_TLV_CLV,cav,not_applicable,8630.80683978304,3.5,30.041757342669523,0.7918276112233097,lane_1,mainline,,normal,none,commit
BASIC-02,basic_long_dt_900,681,68.1000000000004,B02_MV,cav,not_applicable,7245.999499552566,-3.5,0.00012255955176935138,4.0,on_ramp,on_ramp_mv,,normal,not_started,commit
BASIC-02,basic_long_dt_900,681,68.1000000000004,B02_CLV,cav,not_applicable,8676.000000000002,3.5,29.99999999999189,3.3793412512750366e-12,lane_1,mainline,,normal,none,commit
BASIC-02,basic_long_dt_900,681,68.1000000000004,B02_CFV,cav,not_applicable,8591.426357167495,3.5,29.958930493142965,0.07890041371737844,lane_1,mainline,,normal,none,commit
BASIC-02,basic_long_dt_900,681,68.1000000000004,B02_TLV_CLV,cav,not_applicable,8633.806585015944,3.5,29.99745232904234,-0.44305013627183754,lane_1,mainline,,normal,none,commit
BASIC-02,basic_long_dt_900,682,68.2000000000004,B02_MV,cav,not_applicable,7245.999511515548,-3.5,0.00011962981816616542,4.0,on_ramp,on_ramp_mv,,normal,not_started,commit
BASIC-02,basic_long_dt_900,682,68.2000000000004,B02_CLV,cav,not_applicable,8679.000000000002,3.5,29.999999999992212,3.2443381314806176e-12,lane_1,mainline,,normal,none,commit
BASIC-02,basic_long_dt_900,682,68.2000000000004,B02_CFV,cav,not_applicable,8594.430168492921,3.5,30.038113254265298,0.7918276112233097,lane_1,mainline,,normal,none,commit
BASIC-02,basic_long_dt_900,682,68.2000000000004,B02_TLV_CLV,cav,not_applicable,8636.809978020461,3.5,30.03393004516555,0.364777161232133,lane_1,mainline,,normal,none,commit
BASIC-02,basic_long_dt_900,683,68.3000000000004,B02_MV,cav,not_applicable,7245.9995231925595,-3.5,0.00011677011845739454,4.0,on_ramp,on_ramp_mv,,normal,not_started,commit
BASIC-02,basic_long_dt_900,683,68.3000000000004,B02_CLV,cav,not_applicable,8682.000000000002,3.5,29.999999999992525,3.1150193535722795e-12,lane_1,mainline,,normal,none,commit
BASIC-02,basic_long_dt_900,683,68.3000000000004,B02_CFV,cav,not_applicable,8597.429549316985,3.5,29.993808240638113,-0.44305013627183754,lane_1,mainline,,normal,none,commit
BASIC-02,basic_long_dt_900,683,68.3000000000004,B02_TLV_CLV,cav,not_applicable,8639.805446474478,3.5,29.954684540175453,-0.792455049900982,lane_1,mainline,,normal,none,commit
BASIC-02,basic_long_dt_900,684,68.40000000000039,B02_MV,cav,not_applicable,7245.999534590437,-3.5,0.00011397877879715464,4.0,on_ramp,on_ramp_mv,,normal,not_started,commit
BASIC-02,basic_long_dt_900,684,68.40000000000039,B02_CLV,cav,not_applicable,8685.000000000002,3.5,29.999999999992824,2.9899638320785017e-12,lane_1,mainline,,normal,none,commit
BASIC-02,basic_long_dt_900,684,68.40000000000039,B02_CFV,cav,not_applicable,8600.432577912661,3.5,30.030285956761325,0.364777161232133,lane_1,mainline,,normal,none,commit
BASIC-02,basic_long_dt_900,684,68.40000000000039,B02_TLV_CLV,cav,not_applicable,8642.801703932633,3.5,29.96257458154719,0.07890041371737844,lane_1,mainline,,normal,none,commit
BASIC-02,basic_long_dt_900,685,68.50000000000038,B02_MV,cav,not_applicable,7245.999545715854,-3.5,0.00011125416490833044,4.0,on_ramp,on_ramp_mv,,normal,not_started,commit
BASIC-02,basic_long_dt_900,685,68.50000000000038,B02_CLV,cav,not_applicable,8688.000000000002,3.5,29.99999999999311,2.8705926524708048e-12,lane_1,mainline,,normal,none,commit
BASIC-02,basic_long_dt_900,685,68.50000000000038,B02_CFV,cav,not_applicable,8603.427681957839,3.5,29.951040451771227,-0.792455049900982,lane_1,mainline,,normal,none,commit
BASIC-02,basic_long_dt_900,685,68.50000000000038,B02_TLV_CLV,cav,not_applicable,8645.805879666901,3.5,30.041757342669523,0.7918276112233097,lane_1,mainline,,normal,none,commit
BASIC-02,basic_long_dt_900,686,68.60000000000038,B02_MV,cav,not_applicable,7245.9995565753225,-3.5,0.0001085946816477538,4.0,on_ramp,on_ramp_mv,,normal,not_started,commit
BASIC-02,basic_long_dt_900,686,68.60000000000038,B02_CLV,cav,not_applicable,8691.000000000002,3.5,29.99999999999339,2.7554847292776686e-12,lane_1,mainline,,normal,none,commit
BASIC-02,basic_long_dt_900,686,68.60000000000038,B02_CFV,cav,not_applicable,8606.423575007153,3.5,29.958930493142965,0.07890041371737844,lane_1,mainline,,normal,none,commit
BASIC-02,basic_long_dt_900,686,68.60000000000038,B02_TLV_CLV,cav,not_applicable,8648.805624899805,3.5,29.99745232904234,-0.44305013627183754,lane_1,mainline,,normal,none,commit
BASIC-02,basic_long_dt_900,687,68.70000000000037,B02_MV,cav,not_applicable,7245.999567175199,-3.5,0.00010599877213656047,4.0,on_ramp,on_ramp_mv,,normal,not_started,commit
BASIC-02,basic_long_dt_900,687,68.70000000000037,B02_CLV,cav,not_applicable,8694.000000000002,3.5,29.99999999999365,2.6446400624990932e-12,lane_1,mainline,,normal,none,commit
BASIC-02,basic_long_dt_900,687,68.70000000000037,B02_CFV,cav,not_applicable,8609.42738633258,3.5,30.038113254265298,0.7918276112233097,lane_1,mainline,,normal,none,commit
BASIC-02,basic_long_dt_900,687,68.70000000000037,B02_TLV_CLV,cav,not_applicable,8651.809017904323,3.5,30.03393004516555,0.364777161232133,lane_1,mainline,,normal,none,commit
BASIC-02,basic_long_dt_900,688,68.80000000000037,B02_MV,cav,not_applicable,7245.999577521691,-3.5,0.0001034649168905468,4.0,on_ramp,on_ramp_mv,,normal,not_started,commit
BASIC-02,basic_long_dt_900,688,68.80000000000037,B02_CLV,cav,not_applicable,8697.000000000002,3.5,29.999999999993904,2.5394797376065983e-12,lane_1,mainline,,normal,none,commit
BASIC-02,basic_long_dt_900,688,68.80000000000037,B02_CFV,cav,not_applicable,8612.426767156643,3.5,29.993808240638113,-0.44305013627183754,lane_1,mainline,,normal,none,commit
BASIC-02,basic_long_dt_900,688,68.80000000000037,B02_TLV_CLV,cav,not_applicable,8654.80448635834,3.5,29.954684540175453,-0.792455049900982,lane_1,mainline,,normal,none,commit
BASIC-02,basic_long_dt_900,689,68.90000000000036,B02_MV,cav,not_applicable,7245.999587620854,-3.5,0.00010099163229829403,4.0,on_ramp,on_ramp_mv,,normal,not_started,commit
BASIC-02,basic_long_dt_900,689,68.90000000000036,B02_CLV,cav,not_applicable,8700.000000000002,3.5,29.99999999999415,2.438582669128664e-12,lane_1,mainline,,normal,none,commit
BASIC-02,basic_long_dt_900,689,68.90000000000036,B02_CFV,cav,not_applicable,8615.42979575232,3.5,30.030285956761325,0.364777161232133,lane_1,mainline,,normal,none,commit
BASIC-02,basic_long_dt_900,689,68.90000000000036,B02_TLV_CLV,cav,not_applicable,8657.800743816495,3.5,29.96257458154719,0.07890041371737844,lane_1,mainline,,normal,none,commit
BASIC-02,basic_long_dt_900,690,69.00000000000036,B02_MV,cav,not_applicable,7245.999597478602,-3.5,9.857747062116831e-05,4.0,on_ramp,on_ramp_mv,,normal,not_started,commit
BASIC-02,basic_long_dt_900,690,69.00000000000036,B02_CLV,cav,not_applicable,8703.000000000002,3.5,29.999999999994383,2.3405277715937703e-12,lane_1,mainline,,normal,none,commit
BASIC-02,basic_long_dt_900,690,69.00000000000036,B02_CFV,cav,not_applicable,8618.424899797497,3.5,29.951040451771227,-0.792455049900982,lane_1,mainline,,normal,none,commit
BASIC-02,basic_long_dt_900,690,69.00000000000036,B02_TLV_CLV,cav,not_applicable,8660.804919550763,3.5,30.041757342669523,0.7918276112233097,lane_1,mainline,,normal,none,commit
BASIC-02,basic_long_dt_900,691,69.10000000000035,B02_MV,cav,not_applicable,7245.9996071007035,-3.5,9.622101825403413e-05,4.0,on_ramp,on_ramp_mv,,normal,not_started,commit
BASIC-02,basic_long_dt_900,691,69.10000000000035,B02_CLV,cav,not_applicable,8706.000000000002,3.5,29.999999999994607,2.246736130473437e-12,lane_1,mainline,,normal,none,commit
BASIC-02,basic_long_dt_900,691,69.10000000000035,B02_CFV,cav,not_applicable,8621.420792846811,3.5,29.958930493142965,0.07890041371737844,lane_1,mainline,,normal,none,commit
BASIC-02,basic_long_dt_900,691,69.10000000000035,B02_TLV_CLV,cav,not_applicable,8663.804664783667,3.5,29.99745232904234,-0.44305013627183754,lane_1,mainline,,normal,none,commit
BASIC-02,basic_long_dt_900,692,69.20000000000034,B02_MV,cav,not_applicable,7245.999616492793,-3.5,9.392089594266515e-05,4.0,on_ramp,on_ramp_mv,,normal,not_started,commit
BASIC-02,basic_long_dt_900,692,69.20000000000034,B02_CLV,cav,not_applicable,8709.000000000002,3.5,29.999999999994824,2.1572077457676643e-12,lane_1,mainline,,normal,none,commit
BASIC-02,basic_long_dt_900,692,69.20000000000034,B02_CFV,cav,not_applicable,8624.424604172238,3.5,30.038113254265298,0.7918276112233097,lane_1,mainline,,normal,none,commit
BASIC-02,basic_long_dt_900,692,69.20000000000034,B02_TLV_CLV,cav,not_applicable,8666.808057788185,3.5,30.03393004516555,0.364777161232133,lane_1,mainline,,normal,none,commit
BASIC-02,basic_long_dt_900,693,69.30000000000034,B02_MV,cav,not_applicable,7245.999625660369,-3.5,9.167575704445763e-05,4.0,on_ramp,on_ramp_mv,,normal,not_started,commit
BASIC-02,basic_long_dt_900,693,69.30000000000034,B02_CLV,cav,not_applicable,8712.000000000002,3.5,29.99999999999503,2.070521532004932e-12,lane_1,mainline,,normal,none,commit
BASIC-02,basic_long_dt_900,693,69.30000000000034,B02_CFV,cav,not_applicable,8627.423984996301,3.5,29.993808240638113,-0.44305013627183754,lane_1,mainline,,normal,none,commit
BASIC-02,basic_long_dt_900,693,69.30000000000034,B02_TLV_CLV,cav,not_applicable,8669.803526242202,3.5,29.954684540175453,-0.792455049900982,lane_1,mainline,,normal,none,commit
BASIC-02,basic_long_dt_900,694,69.40000000000033,B02_MV,cav,not_applicable,7245.999634608797,-3.5,8.948428731101969e-05,4.0,on_ramp,on_ramp_mv,,normal,not_started,commit
BASIC-02,basic_long_dt_900,694,69.40000000000033,B02_CLV,cav,not_applicable,8715.000000000002,3.5,29.99999999999523,1.9880985746567604e-12,lane_1,mainline,,normal,none,commit
BASIC-02,basic_long_dt_900,694,69.40000000000033,B02_CFV,cav,not_applicable,8630.427013591978,3.5,30.030285956761325,0.364777161232133,lane_1,mainline,,normal,none,commit
BASIC-02,basic_long_dt_900,694,69.40000000000033,B02_TLV_CLV,cav,not_applicable,8672.799783700357,3.5,29.96257458154719,0.07890041371737844,lane_1,mainline,,normal,none,commit
BASIC-02,basic_long_dt_900,695,69.50000000000033,B02_MV,cav,not_applicable,7245.999643343318,-3.5,8.734520380111713e-05,4.0,on_ramp,on_ramp_mv,,normal,not_started,commit
BASIC-02,basic_long_dt_900,695,69.50000000000033,B02_CLV,cav,not_applicable,8718.000000000002,3.5,29.99999999999542,1.9085177882516293e-12,lane_1,mainline,,normal,none,commit
BASIC-02,basic_long_dt_900,695,69.50000000000033,B02_CFV,cav,not_applicable,8633.422117637156,3.5,29.951040451771227,-0.792455049900982,lane_1,mainline,,normal,none,commit
BASIC-02,basic_long_dt_900,695,69.50000000000033,B02_TLV_CLV,cav,not_applicable,8675.803959434625,3.5,30.041757342669523,0.7918276112233097,lane_1,mainline,,normal,none,commit
BASIC-02,basic_long_dt_900,696,69.60000000000032,B02_MV,cav,not_applicable,7245.999651869043,-3.5,8.525725401103024e-05,4.0,on_ramp,on_ramp_mv,,normal,not_started,commit
BASIC-02,basic_long_dt_900,696,69.60000000000032,B02_CLV,cav,not_applicable,8721.000000000002,3.5,29.999999999995605,1.8317791727895384e-12,lane_1,mainline,,normal,none,commit
BASIC-02,basic_long_dt_900,696,69.60000000000032,B02_CFV,cav,not_applicable,8636.41801068647,3.5,29.958930493142965,0.07890041371737844,lane_1,mainline,,normal,none,commit
BASIC-02,basic_long_dt_900,696,69.60000000000032,B02_TLV_CLV,cav,not_applicable,8678.803704667529,3.5,29.99745232904234,-0.44305013627183754,lane_1,mainline,,normal,none,commit
BASIC-02,basic_long_dt_900,697,69.70000000000032,B02_MV,cav,not_applicable,7245.999660190965,-3.5,8.321921587455374e-05,4.0,on_ramp,on_ramp_mv,,normal,not_started,commit
BASIC-02,basic_long_dt_900,697,69.70000000000032,B02_CLV,cav,not_applicable,8724.000000000002,3.5,29.99999999999578,1.757882728270488e-12,lane_1,mainline,,normal,none,commit
BASIC-02,basic_long_dt_900,697,69.70000000000032,B02_CFV,cav,not_applicable,8639.421822011896,3.5,30.038113254265298,0.7918276112233097,lane_1,mainline,,normal,none,commit
BASIC-02,basic_long_dt_900,697,69.70000000000032,B02_TLV_CLV,cav,not_applicable,8681.807097672046,3.5,30.03393004516555,0.364777161232133,lane_1,mainline,,normal,none,commit
BASIC-02,basic_long_dt_900,698,69.80000000000031,B02_MV,cav,not_applicable,7245.999668313955,-3.5,8.122989602371024e-05,4.0,on_ramp,on_ramp_mv,,normal,not_started,commit
BASIC-02,basic_long_dt_900,698,69.80000000000031,B02_CLV,cav,not_applicable,8727.000000000002,3.5,29.99999999999595,1.6882495401659982e-12,lane_1,mainline,,normal,none,commit
BASIC-02,basic_long_dt_900,698,69.80000000000031,B02_CFV,cav,not_applicable,8642.42120283596,3.5,29.993808240638113,-0.44305013627183754,lane_1,mainline,,normal,none,commit
BASIC-02,basic_long_dt_900,698,69.80000000000031,B02_TLV_CLV,cav,not_applicable,8684.802566126064,3.5,29.954684540175453,-0.792455049900982,lane_1,mainline,,normal,none,commit
BASIC-02,basic_long_dt_900,699,69.9000000000003,B02_MV,cav,not_applicable,7245.999676242768,-3.5,7.928813000616114e-05,4.0,on_ramp,on_ramp_mv,,normal,not_started,commit
BASIC-02,basic_long_dt_900,699,69.9000000000003,B02_CLV,cav,not_applicable,8730.000000000002,3.5,29.999999999996113,1.6200374375330284e-12,lane_1,mainline,,normal,none,commit
BASIC-02,basic_long_dt_900,699,69.9000000000003,B02_CFV,cav,not_applicable,8645.424231431636,3.5,30.030285956761325,0.364777161232133,lane_1,mainline,,normal,none,commit
BASIC-02,basic_long_dt_900,699,69.9000000000003,B02_TLV_CLV,cav,not_applicable,8687.798823584219,3.5,29.96257458154719,0.07890041371737844,lane_1,mainline,,normal,none,commit
BASIC-02,basic_long_dt_900,700,70.0000000000003,B02_MV,cav,not_applicable,7245.999683982046,-3.5,7.739278119815242e-05,4.0,on_ramp,on_ramp_mv,,normal,not_started,commit
BASIC-02,basic_long_dt_900,700,70.0000000000003,B02_CLV,cav,not_applicable,8733.000000000002,3.5,29.99999999999627,1.5546675058430993e-12,lane_1,mainline,,normal,none,commit
BASIC-02,basic_long_dt_900,700,70.0000000000003,B02_CFV,cav,not_applicable,8648.419335476814,3.5,29.951040451771227,-0.792455049900982,lane_1,mainline,,normal,none,commit
BASIC-02,basic_long_dt_900,700,70.0000000000003,B02_TLV_CLV,cav,not_applicable,8690.802999318486,3.5,30.041757342669523,0.7918276112233097,lane_1,mainline,,normal,none,commit
BASIC-02,basic_long_dt_900,701,70.10000000000029,B02_MV,cav,not_applicable,7245.99969153632,-3.5,7.55427399348715e-05,4.0,on_ramp,on_ramp_mv,,normal,not_started,commit
BASIC-02,basic_long_dt_900,701,70.10000000000029,B02_CLV,cav,not_applicable,8736.000000000002,3.5,29.99999999999642,1.4921397450962104e-12,lane_1,mainline,,normal,none,commit
BASIC-02,basic_long_dt_900,701,70.10000000000029,B02_CFV,cav,not_applicable,8651.415228526128,3.5,29.958930493142965,0.07890041371737844,lane_1,mainline,,normal,none,commit
BASIC-02,basic_long_dt_900,701,70.10000000000029,B02_TLV_CLV,cav,not_applicable,8693.80274455139,3.5,29.99745232904234,-0.44305013627183754,lane_1,mainline,,normal,none,commit
BASIC-02,basic_long_dt_900,702,70.20000000000029,B02_MV,cav,not_applicable,7245.999698910012,-3.5,7.373692307562546e-05,4.0,on_ramp,on_ramp_mv,,normal,not_started,commit
BASIC-02,basic_long_dt_900,702,70.20000000000029,B02_CLV,cav,not_applicable,8739.000000000002,3.5,29.99999999999656,1.4324541552923621e-12,lane_1,mainline,,normal,none,commit
BASIC-02,basic_long_dt_900,702,70.20000000000029,B02_CFV,cav,not_applicable,8654.419039851555,3.5,30.038113254265298,0.7918276112233097,lane_1,mainline,,normal,none,commit
BASIC-02,basic_long_dt_900,702,70.20000000000029,B02_TLV_CLV,cav,not_applicable,8696.806137555908,3.5,30.03393004516555,0.364777161232133,lane_1,mainline,,normal,none,commit
BASIC-02,basic_long_dt_900,703,70.30000000000028,B02_MV,cav,not_applicable,7245.999706107439,-3.5,7.197427356901953e-05,4.0,on_ramp,on_ramp_mv,,normal,not_started,commit
BASIC-02,basic_long_dt_900,703,70.30000000000028,B02_CLV,cav,not_applicable,8742.000000000002,3.5,29.9999999999967,1.3756107364315541e-12,lane_1,mainline,,normal,none,commit
BASIC-02,basic_long_dt_900,703,70.30000000000028,B02_CFV,cav,not_applicable,8657.418420675618,3.5,29.993808240638113,-0.44305013627183754,lane_1,mainline,,normal,none,commit
BASIC-02,basic_long_dt_900,703,70.30000000000028,B02_TLV_CLV,cav,not_applicable,8699.801606009925,3.5,29.954684540175453,-0.792455049900982,lane_1,mainline,,normal,none,commit
BASIC-02,basic_long_dt_900,704,70.40000000000028,B02_MV,cav,not_applicable,7245.9997131328155,-3.5,7.025375936590296e-05,4.0,on_ramp,on_ramp_mv,,normal,not_started,commit
BASIC-02,basic_long_dt_900,704,70.40000000000028,B02_CLV,cav,not_applicable,8745.000000000002,3.5,29.99999999999683,1.3201884030422662e-12,lane_1,mainline,,normal,none,commit
BASIC-02,basic_long_dt_900,704,70.40000000000028,B02_CFV,cav,not_applicable,8660.421449271294,3.5,30.030285956761325,0.364777161232133,lane_1,mainline,,normal,none,commit
BASIC-02,basic_long_dt_900,704,70.40000000000028,B02_TLV_CLV,cav,not_applicable,8702.79786346808,3.5,29.96257458154719,0.07890041371737844,lane_1,mainline,,normal,none,commit
BASIC-02,basic_long_dt_900,705,70.50000000000027,B02_MV,cav,not_applicable,7245.999719990253,-3.5,6.857437320195816e-05,4.0,on_ramp,on_ramp_mv,,normal,not_started,commit
BASIC-02,basic_long_dt_900,705,70.50000000000027,B02_CLV,cav,not_applicable,8748.000000000002,3.5,29.99999999999696,1.2676082405960188e-12,lane_1,mainline,,normal,none,commit
BASIC-02,basic_long_dt_900,705,70.50000000000027,B02_CFV,cav,not_applicable,8663.416553316472,3.5,29.951040451771227,-0.792455049900982,lane_1,mainline,,normal,none,commit
BASIC-02,basic_long_dt_900,705,70.50000000000027,B02_TLV_CLV,cav,not_applicable,8705.802039202348,3.5,30.041757342669523,0.7918276112233097,lane_1,mainline,,normal,none,commit
BASIC-02,basic_long_dt_900,706,70.60000000000026,B02_MV,cav,not_applicable,7245.999726683766,-3.5,6.693513216287915e-05,4.0,on_ramp,on_ramp_mv,,normal,not_started,commit
BASIC-02,basic_long_dt_900,706,70.60000000000026,B02_CLV,cav,not_applicable,8751.000000000002,3.5,29.99999999999708,1.2164491636212916e-12,lane_1,mainline,,normal,none,commit
BASIC-02,basic_long_dt_900,706,70.60000000000026,B02_CFV,cav,not_applicable,8666.412446365786,3.5,29.958930493142965,0.07890041371737844,lane_1,mainline,,normal,none,commit
BASIC-02,basic_long_dt_900,706,70.60000000000026,B02_TLV_CLV,cav,not_applicable,8708.801784435253,3.5,29.99745232904234,-0.44305013627183754,lane_1,mainline,,normal,none,commit
BASIC-02,basic_long_dt_900,707,70.70000000000026,B02_MV,cav,not_applicable,7245.999733217274,-3.5,6.533507637990656e-05,4.0,on_ramp,on_ramp_mv,,normal,not_started,commit
BASIC-02,basic_long_dt_900,707,70.70000000000026,B02_CLV,cav,not_applicable,8754.000000000002,3.5,29.999999999997197,1.1681322575896047e-12,lane_1,mainline,,normal,none,commit
BASIC-02,basic_long_dt_900,707,70.70000000000026,B02_CFV,cav,not_applicable,8669.416257691213,3.5,30.038113254265298,0.7918276112233097,lane_1,mainline,,normal,none,commit
BASIC-02,basic_long_dt_900,707,70.70000000000026,B02_TLV_CLV,cav,not_applicable,8711.80517743977,3.5,30.03393004516555,0.364777161232133,lane_1,mainline,,normal,none,commit
BASIC-02,basic_long_dt_900,708,70.80000000000025,B02_MV,cav,not_applicable,7245.999739594601,-3.5,6.377326924723852e-05,4.0,on_ramp,on_ramp_mv,,normal,not_started,commit
BASIC-02,basic_long_dt_900,708,70.80000000000025,B02_CLV,cav,not_applicable,8757.000000000002,3.5,29.99999999999731,1.1212364370294382e-12,lane_1,mainline,,normal,none,commit
BASIC-02,basic_long_dt_900,708,70.80000000000025,B02_CFV,cav,not_applicable,8672.415638515276,3.5,29.993808240638113,-0.44305013627183754,lane_1,mainline,,normal,none,commit
BASIC-02,basic_long_dt_900,708,70.80000000000025,B02_TLV_CLV,cav,not_applicable,8714.800645893787,3.5,29.954684540175453,-0.792455049900982,lane_1,mainline,,normal,none,commit
BASIC-02,basic_long_dt_900,709,70.90000000000025,B02_MV,cav,not_applicable,7245.999745819481,-3.5,6.224879655238737e-05,4.0,on_ramp,on_ramp_mv,,normal,not_started,commit
BASIC-02,basic_long_dt_900,709,70.90000000000025,B02_CLV,cav,not_applicable,8760.000000000002,3.5,29.999999999997417,1.0757617019407917e-12,lane_1,mainline,,normal,none,commit
BASIC-02,basic_long_dt_900,709,70.90000000000025,B02_CFV,cav,not_applicable,8675.418667110953,3.5,30.030285956761325,0.364777161232133,lane_1,mainline,,normal,none,commit
BASIC-02,basic_long_dt_900,709,70.90000000000025,B02_TLV_CLV,cav,not_applicable,8717.796903351942,3.5,29.96257458154719,0.07890041371737844,lane_1,mainline,,normal,none,commit
BASIC-02,basic_long_dt_900,710,71.00000000000024,B02_MV,cav,not_applicable,7245.999751895558,-3.5,6.0760765606536374e-05,4.0,on_ramp,on_ramp_mv,,normal,not_started,commit
BASIC-02,basic_long_dt_900,710,71.00000000000024,B02_CLV,cav,not_applicable,8763.000000000002,3.5,29.99999999999752,1.0331291377951857e-12,lane_1,mainline,,normal,none,commit
BASIC-02,basic_long_dt_900,710,71.00000000000024,B02_CFV,cav,not_applicable,8678.41377115613,3.5,29.951040451771227,-0.792455049900982,lane_1,mainline,,normal,none,commit
BASIC-02,basic_long_dt_900,710,71.00000000000024,B02_TLV_CLV,cav,not_applicable,8720.80107908621,3.5,30.041757342669523,0.7918276112233097,lane_1,mainline,,normal,none,commit
BASIC-02,basic_long_dt_900,711,71.10000000000024,B02_MV,cav,not_applicable,7245.999757826388,-3.5,5.930830546195055e-05,4.0,on_ramp,on_ramp_mv,,normal,not_started,commit
BASIC-02,basic_long_dt_900,711,71.10000000000024,B02_CLV,cav,not_applicable,8766.000000000002,3.5,29.99999999999762,9.919176591210998e-13,lane_1,mainline,,normal,none,commit
BASIC-02,basic_long_dt_900,711,71.10000000000024,B02_CFV,cav,not_applicable,8681.409664205445,3.5,29.958930493142965,0.07890041371737844,lane_1,mainline,,normal,none,commit
BASIC-02,basic_long_dt_900,711,71.10000000000024,B02_TLV_CLV,cav,not_applicable,8723.800824319114,3.5,29.99745232904234,-0.44305013627183754,lane_1,mainline,,normal,none,commit
BASIC-02,basic_long_dt_900,712,71.20000000000023,B02_MV,cav,not_applicable,7245.999763615445,-3.5,5.789056582492257e-05,4.0,on_ramp,on_ramp_mv,,normal,not_started,commit
BASIC-02,basic_long_dt_900,712,71.20000000000023,B02_CLV,cav,not_applicable,8769.000000000002,3.5,29.999999999997716,9.521272659185342e-13,lane_1,mainline,,normal,none,commit
BASIC-02,basic_long_dt_900,712,71.20000000000023,B02_CFV,cav,not_applicable,8684.413475530871,3.5,30.038113254265298,0.7918276112233097,lane_1,mainline,,normal,none,commit
BASIC-02,basic_long_dt_900,712,71.20000000000023,B02_TLV_CLV,cav,not_applicable,8726.804217323632,3.5,30.03393004516555,0.364777161232133,lane_1,mainline,,normal,none,commit
BASIC-02,basic_long_dt_900,713,71.30000000000022,B02_MV,cav,not_applicable,7245.999769266116,-3.5,5.650671662095115e-05,4.0,on_ramp,on_ramp_mv,,normal,not_started,commit
BASIC-02,basic_long_dt_900,713,71.30000000000022,B02_CLV,cav,not_applicable,8772.000000000002,3.5,29.999999999997808,9.137579581874888e-13,lane_1,mainline,,normal,none,commit
BASIC-02,basic_long_dt_900,713,71.30000000000022,B02_CFV,cav,not_applicable,8687.412856354935,3.5,29.993808240638113,-0.44305013627183754,lane_1,mainline,,normal,none,commit
BASIC-02,basic_long_dt_900,713,71.30000000000022,B02_TLV_CLV,cav,not_applicable,8729.799685777649,3.5,29.954684540175453,-0.792455049900982,lane_1,mainline,,normal,none,commit
BASIC-02,basic_long_dt_900,714,71.40000000000022,B02_MV,cav,not_applicable,7245.9997747817115,-3.5,5.515594777733022e-05,4.0,on_ramp,on_ramp_mv,,normal,not_started,commit
BASIC-02,basic_long_dt_900,714,71.40000000000022,B02_CLV,cav,not_applicable,8775.000000000002,3.5,29.999999999997897,8.768097359279637e-13,lane_1,mainline,,normal,none,commit
BASIC-02,basic_long_dt_900,714,71.40000000000022,B02_CFV,cav,not_applicable,8690.415884950611,3.5,30.030285956761325,0.364777161232133,lane_1,mainline,,normal,none,commit
BASIC-02,basic_long_dt_900,714,71.40000000000022,B02_TLV_CLV,cav,not_applicable,8732.795943235804,3.5,29.96257458154719,0.07890041371737844,lane_1,mainline,,normal,none,commit
BASIC-02,basic_long_dt_900,715,71.50000000000021,B02_MV,cav,not_applicable,7245.999780165458,-3.5,5.383746835350563e-05,4.0,on_ramp,on_ramp_mv,,normal,not_started,commit
BASIC-02,basic_long_dt_900,715,71.50000000000021,B02_CLV,cav,not_applicable,8778.000000000002,3.5,29.999999999997982,8.412825991399587e-13,lane_1,mainline,,normal,none,commit
BASIC-02,basic_long_dt_900,715,71.50000000000021,B02_CFV,cav,not_applicable,8693.410988995789,3.5,29.951040451771227,-0.792455049900982,lane_1,mainline,,normal,none,commit
BASIC-02,basic_long_dt_900,715,71.50000000000021,B02_TLV_CLV,cav,not_applicable,8735.800118970072,3.5,30.041757342669523,0.7918276112233097,lane_1,mainline,,normal,none,commit
BASIC-02,basic_long_dt_900,716,71.60000000000021,B02_MV,cav,not_applicable,7245.9997854205085,-3.5,5.2550506758486014e-05,4.0,on_ramp,on_ramp_mv,,normal,not_started,commit
BASIC-02,basic_long_dt_900,716,71.60000000000021,B02_CLV,cav,not_applicable,8781.000000000002,3.5,29.999999999998064,8.071765478234739e-13,lane_1,mainline,,normal,none,commit
BASIC-02,basic_long_dt_900,716,71.60000000000021,B02_CFV,cav,not_applicable,8696.406882045103,3.5,29.958930493142965,0.07890041371737844,lane_1,mainline,,normal,none,commit
BASIC-02,basic_long_dt_900,716,71.60000000000021,B02_TLV_CLV,cav,not_applicable,8738.799864202976,3.5,29.99745232904234,-0.44305013627183754,lane_1,mainline,,normal,none,commit
BASIC-02,basic_long_dt_900,717,71.7000000000002,B02_MV,cav,not_applicable,7245.9997905499395,-3.5,5.129430944637785e-05,4.0,on_ramp,on_ramp_mv,,normal,not_started,commit
BASIC-02,basic_long_dt_900,717,71.7000000000002,B02_CLV,cav,not_applicable,8784.000000000002,3.5,29.999999999998142,7.744915819785092e-13,lane_1,mainline,,normal,none,commit
BASIC-02,basic_long_dt_900,717,71.7000000000002,B02_CFV,cav,not_applicable,8699.41069337053,3.5,30.038113254265298,0.7918276112233097,lane_1,mainline,,normal,none,commit
BASIC-02,basic_long_dt_900,717,71.7000000000002,B02_TLV_CLV,cav,not_applicable,8741.803257207494,3.5,30.03393004516555,0.364777161232133,lane_1,mainline,,normal,none,commit
BASIC-02,basic_long_dt_900,718,71.8000000000002,B02_MV,cav,not_applicable,7245.999795556753,-3.5,5.006814091638547e-05,4.0,on_ramp,on_ramp_mv,,normal,not_started,commit
BASIC-02,basic_long_dt_900,718,71.8000000000002,B02_CLV,cav,not_applicable,8787.000000000002,3.5,29.999999999998217,7.432277016050649e-13,lane_1,mainline,,normal,none,commit
BASIC-02,basic_long_dt_900,718,71.8000000000002,B02_CFV,cav,not_applicable,8702.410074194593,3.5,29.993808240638113,-0.44305013627183754,lane_1,mainline,,normal,none,commit
BASIC-02,basic_long_dt_900,718,71.8000000000002,B02_TLV_CLV,cav,not_applicable,8744.79872566151,3.5,29.954684540175453,-0.792455049900982,lane_1,mainline,,normal,none,commit
BASIC-02,basic_long_dt_900,719,71.90000000000019,B02_MV,cav,not_applicable,7245.999800443881,-3.5,4.887128349540023e-05,4.0,on_ramp,on_ramp_mv,,normal,not_started,commit
BASIC-02,basic_long_dt_900,719,71.90000000000019,B02_CLV,cav,not_applicable,8790.000000000002,3.5,29.999999999998288,7.133849067031406e-13,lane_1,mainline,,normal,none,commit
BASIC-02,basic_long_dt_900,719,71.90000000000019,B02_CFV,cav,not_applicable,8705.41310279027,3.5,30.030285956761325,0.364777161232133,lane_1,mainline,,normal,none,commit
BASIC-02,basic_long_dt_900,719,71.90000000000019,B02_TLV_CLV,cav,not_applicable,8747.794983119666,3.5,29.96257458154719,0.07890041371737844,lane_1,mainline,,normal,none,commit
BASIC-02,basic_long_dt_900,720,72.00000000000018,B02_MV,cav,not_applicable,7245.999805214185,-3.5,4.770303646835728e-05,4.0,on_ramp,on_ramp_mv,,normal,not_started,commit
BASIC-02,basic_long_dt_900,720,72.00000000000018,B02_CLV,cav,not_applicable,8793.000000000002,3.5,29.999999999998355,6.849631972727366e-13,lane_1,mainline,,normal,none,commit
BASIC-02,basic_long_dt_900,720,72.00000000000018,B02_CFV,cav,not_applicable,8708.408206835447,3.5,29.951040451771227,-0.792455049900982,lane_1,mainline,,normal,none,commit
BASIC-02,basic_long_dt_900,720,72.00000000000018,B02_TLV_CLV,cav,not_applicable,8750.799158853933,3.5,30.041757342669523,0.7918276112233097,lane_1,mainline,,normal,none,commit
BASIC-02,basic_long_dt_900,721,72.10000000000018,B02_MV,cav,not_applicable,7245.999809870456,-3.5,4.65627158608247e-05,4.0,on_ramp,on_ramp_mv,,normal,not_started,commit
BASIC-02,basic_long_dt_900,721,72.10000000000018,B02_CLV,cav,not_applicable,8796.000000000002,3.5,29.999999999998423,6.579625733138528e-13,lane_1,mainline,,normal,none,commit
BASIC-02,basic_long_dt_900,721,72.10000000000018,B02_CFV,cav,not_applicable,8711.404099884761,3.5,29.958930493142965,0.07890041371737844,lane_1,mainline,,normal,none,commit
BASIC-02,basic_long_dt_900,721,72.10000000000018,B02_TLV_CLV,cav,not_applicable,8753.798904086838,3.5,29.99745232904234,-0.44305013627183754,lane_1,mainline,,normal,none,commit
BASIC-02,basic_long_dt_900,722,72.20000000000017,B02_MV,cav,not_applicable,7245.9998144154215,-3.5,4.544965400418188e-05,4.0,on_ramp,on_ramp_mv,,normal,not_started,commit
BASIC-02,basic_long_dt_900,722,72.20000000000017,B02_CLV,cav,not_applicable,8799.000000000002,3.5,29.999999999998487,6.30961949354969e-13,lane_1,mainline,,normal,none,commit
BASIC-02,basic_long_dt_900,722,72.20000000000017,B02_CFV,cav,not_applicable,8714.407911210188,3.5,30.038113254265298,0.7918276112233097,lane_1,mainline,,normal,none,commit
BASIC-02,basic_long_dt_900,722,72.20000000000017,B02_TLV_CLV,cav,not_applicable,8756.802297091355,3.5,30.03393004516555,0.364777161232133,lane_1,mainline,,normal,none,commit
BASIC-02,basic_long_dt_900,723,72.30000000000017,B02_MV,cav,not_applicable,7245.999818851741,-3.5,4.436319953561954e-05,4.0,on_ramp,on_ramp_mv,,normal,not_started,commit
BASIC-02,basic_long_dt_900,723,72.30000000000017,B02_CLV,cav,not_applicable,8802.000000000002,3.5,29.999999999998547,6.053824108676054e-13,lane_1,mainline,,normal,none,commit
BASIC-02,basic_long_dt_900,723,72.30000000000017,B02_CFV,cav,not_applicable,8717.407292034251,3.5,29.993808240638113,-0.44305013627183754,lane_1,mainline,,normal,none,commit
BASIC-02,basic_long_dt_900,723,72.30000000000017,B02_TLV_CLV,cav,not_applicable,8759.797765545372,3.5,29.954684540175453,-0.792455049900982,lane_1,mainline,,normal,none,commit
BASIC-02,basic_long_dt_900,724,72.40000000000016,B02_MV,cav,not_applicable,7245.999823182013,-3.5,4.330271631108562e-05,4.0,on_ramp,on_ramp_mv,,normal,not_started,commit
BASIC-02,basic_long_dt_900,724,72.40000000000016,B02_CLV,cav,not_applicable,8805.000000000002,3.5,29.999999999998604,5.81223957851762e-13,lane_1,mainline,,normal,none,commit
BASIC-02,basic_long_dt_900,724,72.40000000000016,B02_CFV,cav,not_applicable,8720.410320629928,3.5,30.030285956761325,0.364777161232133,lane_1,mainline,,normal,none,commit
BASIC-02,basic_long_dt_900,724,72.40000000000016,B02_TLV_CLV,cav,not_applicable,8762.794023003527,3.5,29.96257458154719,0.07890041371737844,lane_1,mainline,,normal,none,commit
BASIC-02,basic_long_dt_900,725,72.50000000000016,B02_MV,cav,not_applicable,7245.999827408771,-3.5,4.2267583405285284e-05,4.0,on_ramp,on_ramp_mv,,normal,not_started,commit
BASIC-02,basic_long_dt_900,725,72.50000000000016,B02_CLV,cav,not_applicable,8808.000000000002,3.5,29.99999999999866,5.584865903074388e-13,lane_1,mainline,,normal,none,commit
BASIC-02,basic_long_dt_900,725,72.50000000000016,B02_CFV,cav,not_applicable,8723.405424675106,3.5,29.951040451771227,-0.792455049900982,lane_1,mainline,,normal,none,commit
BASIC-02,basic_long_dt_900,725,72.50000000000016,B02_TLV_CLV,cav,not_applicable,8765.798198737795,3.5,30.041757342669523,0.7918276112233097,lane_1,mainline,,normal,none,commit
BASIC-02,basic_long_dt_900,726,72.60000000000015,B02_MV,cav,not_applicable,7245.999831534491,-3.5,4.1257194894270097e-05,4.0,on_ramp,on_ramp_mv,,normal,not_started,commit
BASIC-02,basic_long_dt_900,726,72.60000000000015,B02_CLV,cav,not_applicable,8811.000000000002,3.5,29.999999999998714,5.357492227631156e-13,lane_1,mainline,,normal,none,commit
BASIC-02,basic_long_dt_900,726,72.60000000000015,B02_CFV,cav,not_applicable,8726.40131772442,3.5,29.958930493142965,0.07890041371737844,lane_1,mainline,,normal,none,commit
BASIC-02,basic_long_dt_900,726,72.60000000000015,B02_TLV_CLV,cav,not_applicable,8768.7979439707,3.5,29.99745232904234,-0.44305013627183754,lane_1,mainline,,normal,none,commit
BASIC-02,basic_long_dt_900,727,72.70000000000014,B02_MV,cav,not_applicable,7245.999835561587,-3.5,4.027095920320559e-05,4.0,on_ramp,on_ramp_mv,,normal,not_started,commit
BASIC-02,basic_long_dt_900,727,72.70000000000014,B02_CLV,cav,not_applicable,8814.000000000002,3.5,29.999999999998764,5.144329406903126e-13,lane_1,mainline,,normal,none,commit
BASIC-02,basic_long_dt_900,727,72.70000000000014,B02_CFV,cav,not_applicable,8729.405129049846,3.5,30.038113254265298,0.7918276112233097,lane_1,mainline,,normal,none,commit
BASIC-02,basic_long_dt_900,727,72.70000000000014,B02_TLV_CLV,cav,not_applicable,8771.801336975217,3.5,30.03393004516555,0.364777161232133,lane_1,mainline,,normal,none,commit
BASIC-02,basic_long_dt_900,728,72.80000000000014,B02_MV,cav,not_applicable,7245.999839492417,-3.5,3.930829910637126e-05,4.0,on_ramp,on_ramp_mv,,normal,not_started,commit
BASIC-02,basic_long_dt_900,728,72.80000000000014,B02_CLV,cav,not_applicable,8817.000000000002,3.5,29.999999999998813,4.945377440890298e-13,lane_1,mainline,,normal,none,commit
BASIC-02,basic_long_dt_900,728,72.80000000000014,B02_CFV,cav,not_applicable,8732.40450987391,3.5,29.993808240638113,-0.44305013627183754,lane_1,mainline,,normal,none,commit
BASIC-02,basic_long_dt_900,728,72.80000000000014,B02_TLV_CLV,cav,not_applicable,8774.796805429234,3.5,29.954684540175453,-0.792455049900982,lane_1,mainline,,normal,none,commit
BASIC-02,basic_long_dt_900,729,72.90000000000013,B02_MV,cav,not_applicable,7245.999843329282,-3.5,3.836865107492809e-05,4.0,on_ramp,on_ramp_mv,,normal,not_started,commit
BASIC-02,basic_long_dt_900,729,72.90000000000013,B02_CLV,cav,not_applicable,8820.000000000002,3.5,29.99999999999886,4.746425474877469e-13,lane_1,mainline,,normal,none,commit
BASIC-02,basic_long_dt_900,729,72.90000000000013,B02_CFV,cav,not_applicable,8735.407538469586,3.5,30.030285956761325,0.364777161232133,lane_1,mainline,,normal,none,commit
BASIC-02,basic_long_dt_900,729,72.90000000000013,B02_TLV_CLV,cav,not_applicable,8777.79306288739,3.5,29.96257458154719,0.07890041371737844,lane_1,mainline,,normal,none,commit
BASIC-02,basic_long_dt_900,730,73.00000000000013,B02_MV,cav,not_applicable,7245.9998470744285,-3.5,3.7451464842096934e-05,4.0,on_ramp,on_ramp_mv,,normal,not_started,commit
BASIC-02,basic_long_dt_900,730,73.00000000000013,B02_CLV,cav,not_applicable,8823.000000000002,3.5,29.999999999998906,4.561684363579843e-13,lane_1,mainline,,normal,none,commit
BASIC-02,basic_long_dt_900,730,73.00000000000013,B02_CFV,cav,not_applicable,8738.402642514764,3.5,29.951040451771227,-0.792455049900982,lane_1,mainline,,normal,none,commit
BASIC-02,basic_long_dt_900,730,73.00000000000013,B02_TLV_CLV,cav,not_applicable,8780.797238621657,3.5,30.041757342669523,0.7918276112233097,lane_1,mainline,,normal,none,commit
BASIC-02,basic_long_dt_900,731,73.10000000000012,B02_MV,cav,not_applicable,7245.999850730049,-3.5,3.655620362056934e-05,4.0,on_ramp,on_ramp_mv,,normal,not_started,commit
BASIC-02,basic_long_dt_900,731,73.10000000000012,B02_CLV,cav,not_applicable,8826.000000000002,3.5,29.99999999999895,4.376943252282217e-13,lane_1,mainline,,normal,none,commit
BASIC-02,basic_long_dt_900,731,73.10000000000012,B02_CFV,cav,not_applicable,8741.398535564078,3.5,29.958930493142965,0.07890041371737844,lane_1,mainline,,normal,none,commit
BASIC-02,basic_long_dt_900,731,73.10000000000012,B02_TLV_CLV,cav,not_applicable,8783.796983854561,3.5,29.99745232904234,-0.44305013627183754,lane_1,mainline,,normal,none,commit
BASIC-02,basic_long_dt_900,732,73.20000000000012,B02_MV,cav,not_applicable,7245.999854298283,-3.5,3.568234323286427e-05,4.0,on_ramp,on_ramp_mv,,normal,not_started,commit
BASIC-02,basic_long_dt_900,732,73.20000000000012,B02_CLV,cav,not_applicable,8829.000000000002,3.5,29.99999999999899,4.2064129956997933e-13,lane_1,mainline,,normal,none,commit
BASIC-02,basic_long_dt_900,732,73.20000000000012,B02_CFV,cav,not_applicable,8744.402346889505,3.5,30.038113254265298,0.7918276112233097,lane_1,mainline,,normal,none,commit
BASIC-02,basic_long_dt_900,732,73.20000000000012,B02_TLV_CLV,cav,not_applicable,8786.800376859079,3.5,30.03393004516555,0.364777161232133,lane_1,mainline,,normal,none,commit
BASIC-02,basic_long_dt_900,733,73.30000000000011,B02_MV,cav,not_applicable,7245.99985778122,-3.5,3.482937211132811e-05,4.0,on_ramp,on_ramp_mv,,normal,not_started,commit
BASIC-02,basic_long_dt_900,733,73.30000000000011,B02_CLV,cav,not_applicable,8832.000000000002,3.5,29.99999999999903,4.0358827391173694e-13,lane_1,mainline,,normal,none,commit
BASIC-02,basic_long_dt_900,733,73.30000000000011,B02_CFV,cav,not_applicable,8747.401727713568,3.5,29.993808240638113,-0.44305013627183754,lane_1,mainline,,normal,none,commit
BASIC-02,basic_long_dt_900,733,73.30000000000011,B02_TLV_CLV,cav,not_applicable,8789.795845313096,3.5,29.954684540175453,-0.792455049900982,lane_1,mainline,,normal,none,commit
BASIC-02,basic_long_dt_900,734,73.4000000000001,B02_MV,cav,not_applicable,7245.9998611809,-3.5,3.3996790863312994e-05,4.0,on_ramp,on_ramp_mv,,normal,not_started,commit
BASIC-02,basic_long_dt_900,734,73.4000000000001,B02_CLV,cav,not_applicable,8835.000000000002,3.5,29.99999999999907,3.879563337250147e-13,lane_1,mainline,,normal,none,commit
BASIC-02,basic_long_dt_900,734,73.4000000000001,B02_CFV,cav,not_applicable,8750.404756309244,3.5,30.030285956761325,0.364777161232133,lane_1,mainline,,normal,none,commit
BASIC-02,basic_long_dt_900,734,73.4000000000001,B02_TLV_CLV,cav,not_applicable,8792.792102771251,3.5,29.96257458154719,0.07890041371737844,lane_1,mainline,,normal,none,commit
BASIC-02,basic_long_dt_900,735,73.5000000000001,B02_MV,cav,not_applicable,7245.999864499311,-3.5,3.3184112053766066e-05,4.0,on_ramp,on_ramp_mv,,normal,not_started,commit
BASIC-02,basic_long_dt_900,735,73.5000000000001,B02_CLV,cav,not_applicable,8838.000000000002,3.5,29.999999999999105,3.7232439353829254e-13,lane_1,mainline,,normal,none,commit
BASIC-02,basic_long_dt_900,735,73.5000000000001,B02_CFV,cav,not_applicable,8753.399860354422,3.5,29.951040451771227,-0.792455049900982,lane_1,mainline,,normal,none,commit
BASIC-02,basic_long_dt_900,735,73.5000000000001,B02_TLV_CLV,cav,not_applicable,8795.796278505519,3.5,30.041757342669523,0.7918276112233097,lane_1,mainline,,normal,none,commit
BASIC-02,basic_long_dt_900,736,73.6000000000001,B02_MV,cav,not_applicable,7245.999867738397,-3.5,3.239085998781858e-05,4.0,on_ramp,on_ramp_mv,,normal,not_started,commit
BASIC-02,basic_long_dt_900,736,73.6000000000001,B02_CLV,cav,not_applicable,8841.000000000002,3.5,29.99999999999914,3.5811353882309053e-13,lane_1,mainline,,normal,none,commit
BASIC-02,basic_long_dt_900,736,73.6000000000001,B02_CFV,cav,not_applicable,8756.395753403736,3.5,29.958930493142965,0.07890041371737844,lane_1,mainline,,normal,none,commit
BASIC-02,basic_long_dt_900,736,73.6000000000001,B02_TLV_CLV,cav,not_applicable,8798.796023738423,3.5,29.99745232904234,-0.44305013627183754,lane_1,mainline,,normal,none,commit
BASIC-02,basic_long_dt_900,737,73.70000000000009,B02_MV,cav,not_applicable,7245.999870900055,-3.5,3.161657027596432e-05,4.0,on_ramp,on_ramp_mv,,normal,not_started,commit
BASIC-02,basic_long_dt_900,737,73.70000000000009,B02_CLV,cav,not_applicable,8844.000000000002,3.5,29.999999999999176,3.4390268410788853e-13,lane_1,mainline,,normal,none,commit
BASIC-02,basic_long_dt_900,737,73.70000000000009,B02_CFV,cav,not_applicable,8759.399564729163,3.5,30.038113254265298,0.7918276112233097,lane_1,mainline,,normal,none,commit
BASIC-02,basic_long_dt_900,737,73.70000000000009,B02_TLV_CLV,cav,not_applicable,8801.79941674294,3.5,30.03393004516555,0.364777161232133,lane_1,mainline,,normal,none,commit
BASIC-02,basic_long_dt_900,738,73.80000000000008,B02_MV,cav,not_applicable,7245.999873986134,-3.5,3.086078961664876e-05,4.0,on_ramp,on_ramp_mv,,normal,not_started,commit
BASIC-02,basic_long_dt_900,738,73.80000000000008,B02_CLV,cav,not_applicable,8847.000000000002,3.5,29.999999999999208,3.2969182939268653e-13,lane_1,mainline,,normal,none,commit
BASIC-02,basic_long_dt_900,738,73.80000000000008,B02_CFV,cav,not_applicable,8762.398945553226,3.5,29.993808240638113,-0.44305013627183754,lane_1,mainline,,normal,none,commit
BASIC-02,basic_long_dt_900,738,73.80000000000008,B02_TLV_CLV,cav,not_applicable,8804.794885196958,3.5,29.954684540175453,-0.792455049900982,lane_1,mainline,,normal,none,commit
BASIC-02,basic_long_dt_900,739,73.90000000000008,B02_MV,cav,not_applicable,7245.999876998441,-3.5,3.012307557885824e-05,4.0,on_ramp,on_ramp_mv,,normal,not_started,commit
BASIC-02,basic_long_dt_900,739,73.90000000000008,B02_CLV,cav,not_applicable,8850.000000000002,3.5,29.99999999999924,3.169020601490047e-13,lane_1,mainline,,normal,none,commit
BASIC-02,basic_long_dt_900,739,73.90000000000008,B02_CFV,cav,not_applicable,8765.401974148903,3.5,30.030285956761325,0.364777161232133,lane_1,mainline,,normal,none,commit
BASIC-02,basic_long_dt_900,739,73.90000000000008,B02_TLV_CLV,cav,not_applicable,8807.791142655113,3.5,29.96257458154719,0.07890041371737844,lane_1,mainline,,normal,none,commit
BASIC-02,basic_long_dt_900,740,74.00000000000007,B02_MV,cav,not_applicable,7245.999879938741,-3.5,2.9402996384709177e-05,4.0,on_ramp,on_ramp_mv,,normal,not_started,commit
BASIC-02,basic_long_dt_900,740,74.00000000000007,B02_CLV,cav,not_applicable,8853.000000000002,3.5,29.99999999999927,3.041122909053229e-13,lane_1,mainline,,normal,none,commit
BASIC-02,basic_long_dt_900,740,74.00000000000007,B02_CFV,cav,not_applicable,8768.39707819408,3.5,29.951040451771227,-0.792455049900982,lane_1,mainline,,normal,none,commit
BASIC-02,basic_long_dt_900,740,74.00000000000007,B02_TLV_CLV,cav,not_applicable,8810.79531838938,3.5,30.041757342669523,0.7918276112233097,lane_1,mainline,,normal,none,commit
BASIC-02,basic_long_dt_900,741,74.10000000000007,B02_MV,cav,not_applicable,7245.999882808755,-3.5,2.870013025721558e-05,4.0,on_ramp,on_ramp_mv,,normal,not_started,commit
BASIC-02,basic_long_dt_900,741,74.10000000000007,B02_CLV,cav,not_applicable,8856.000000000002,3.5,29.9999999999993,2.913225216616411e-13,lane_1,mainline,,normal,none,commit
BASIC-02,basic_long_dt_900,741,74.10000000000007,B02_CFV,cav,not_applicable,8771.392971243395,3.5,29.958930493142965,0.07890041371737844,lane_1,mainline,,normal,none,commit
BASIC-02,basic_long_dt_900,741,74.10000000000007,B02_TLV_CLV,cav,not_applicable,8813.795063622285,3.5,29.99745232904234,-0.44305013627183754,lane_1,mainline,,normal,none,commit
BASIC-02,basic_long_dt_900,742,74.20000000000006,B02_MV,cav,not_applicable,7245.999885610161,-3.5,2.8014065855110698e-05,4.0,on_ramp,on_ramp_mv,,normal,not_started,commit
BASIC-02,basic_long_dt_900,742,74.20000000000006,B02_CLV,cav,not_applicable,8859.000000000002,3.5,29.99999999999933,2.799538378894795e-13,lane_1,mainline,,normal,none,commit
BASIC-02,basic_long_dt_900,742,74.20000000000006,B02_CFV,cav,not_applicable,8774.396782568821,3.5,30.038113254265298,0.7918276112233097,lane_1,mainline,,normal,none,commit
BASIC-02,basic_long_dt_900,742,74.20000000000006,B02_TLV_CLV,cav,not_applicable,8816.798456626802,3.5,30.03393004516555,0.364777161232133,lane_1,mainline,,normal,none,commit
BASIC-02,basic_long_dt_900,743,74.30000000000005,B02_MV,cav,not_applicable,7245.9998883446015,-3.5,2.7344401620614574e-05,4.0,on_ramp,on_ramp_mv,,normal,not_started,commit
BASIC-02,basic_long_dt_900,743,74.30000000000005,B02_CLV,cav,not_applicable,8862.000000000002,3.5,29.999999999999357,2.685851541173179e-13,lane_1,mainline,,normal,none,commit
BASIC-02,basic_long_dt_900,743,74.30000000000005,B02_CFV,cav,not_applicable,8777.396163392885,3.5,29.993808240638113,-0.44305013627183754,lane_1,mainline,,normal,none,commit
BASIC-02,basic_long_dt_900,743,74.30000000000005,B02_TLV_CLV,cav,not_applicable,8819.79392508082,3.5,29.954684540175453,-0.792455049900982,lane_1,mainline,,normal,none,commit
BASIC-02,basic_long_dt_900,744,74.40000000000005,B02_MV,cav,not_applicable,7245.999891013676,-3.5,2.6690745344612405e-05,4.0,on_ramp,on_ramp_mv,,normal,not_started,commit
BASIC-02,basic_long_dt_900,744,74.40000000000005,B02_CLV,cav,not_applicable,8865.000000000002,3.5,29.999999999999382,2.572164703451563e-13,lane_1,mainline,,normal,none,commit
BASIC-02,basic_long_dt_900,744,74.40000000000005,B02_CFV,cav,not_applicable,8780.399191988561,3.5,30.030285956761325,0.364777161232133,lane_1,mainline,,normal,none,commit
BASIC-02,basic_long_dt_900,744,74.40000000000005,B02_TLV_CLV,cav,not_applicable,8822.790182538974,3.5,29.96257458154719,0.07890041371737844,lane_1,mainline,,normal,none,commit
BASIC-02,basic_long_dt_900,745,74.50000000000004,B02_MV,cav,not_applicable,7245.999893618947,-3.5,2.6052714601476175e-05,4.0,on_ramp,on_ramp_mv,,normal,not_started,commit
BASIC-02,basic_long_dt_900,745,74.50000000000004,B02_CLV,cav,not_applicable,8868.000000000002,3.5,29.999999999999407,2.472688720445149e-13,lane_1,mainline,,normal,none,commit
BASIC-02,basic_long_dt_900,745,74.50000000000004,B02_CFV,cav,not_applicable,8783.394296033739,3.5,29.951040451771227,-0.792455049900982,lane_1,mainline,,normal,none,commit
BASIC-02,basic_long_dt_900,745,74.50000000000004,B02_TLV_CLV,cav,not_applicable,8825.794358273242,3.5,30.041757342669523,0.7918276112233097,lane_1,mainline,,normal,none,commit
BASIC-02,basic_long_dt_900,746,74.60000000000004,B02_MV,cav,not_applicable,7245.99989616194,-3.5,2.5429935662010564e-05,4.0,on_ramp,on_ramp_mv,,normal,not_started,commit
BASIC-02,basic_long_dt_900,746,74.60000000000004,B02_CLV,cav,not_applicable,8871.000000000002,3.5,29.99999999999943,2.3732127374387345e-13,lane_1,mainline,,normal,none,commit
BASIC-02,basic_long_dt_900,746,74.60000000000004,B02_CFV,cav,not_applicable,8786.390189083053,3.5,29.958930493142965,0.07890041371737844,lane_1,mainline,,normal,none,commit
BASIC-02,basic_long_dt_900,746,74.60000000000004,B02_TLV_CLV,cav,not_applicable,8828.794103506147,3.5,29.99745232904234,-0.44305013627183754,lane_1,mainline,,normal,none,commit
BASIC-02,basic_long_dt_900,747,74.70000000000003,B02_MV,cav,not_applicable,7245.999898644145,-3.5,2.48220439282746e-05,4.0,on_ramp,on_ramp_mv,,normal,not_started,commit
BASIC-02,basic_long_dt_900,747,74.70000000000003,B02_CLV,cav,not_applicable,8874.000000000002,3.5,29.999999999999453,2.2737367544323206e-13,lane_1,mainline,,normal,none,commit
BASIC-02,basic_long_dt_900,747,74.70000000000003,B02_CFV,cav,not_applicable,8789.39400040848,3.5,30.038113254265298,0.7918276112233097,lane_1,mainline,,normal,none,commit
BASIC-02,basic_long_dt_900,747,74.70000000000003,B02_TLV_CLV,cav,not_applicable,8831.797496510664,3.5,30.03393004516555,0.364777161232133,lane_1,mainline,,normal,none,commit
BASIC-02,basic_long_dt_900,748,74.80000000000003,B02_MV,cav,not_applicable,7245.9999010670135,-3.5,2.4228683498759993e-05,4.0,on_ramp,on_ramp_mv,,normal,not_started,commit
BASIC-02,basic_long_dt_900,748,74.80000000000003,B02_CLV,cav,not_applicable,8877.000000000002,3.5,29.999999999999474,2.1884716261411086e-13,lane_1,mainline,,normal,none,commit
BASIC-02,basic_long_dt_900,748,74.80000000000003,B02_CFV,cav,not_applicable,8792.393381232543,3.5,29.993808240638113,-0.44305013627183754,lane_1,mainline,,normal,none,commit
BASIC-02,basic_long_dt_900,748,74.80000000000003,B02_TLV_CLV,cav,not_applicable,8834.792964964681,3.5,29.954684540175453,-0.792455049900982,lane_1,mainline,,normal,none,commit
BASIC-02,basic_long_dt_900,749,74.90000000000002,B02_MV,cav,not_applicable,7245.999903431964,-3.5,2.3649507168391173e-05,4.0,on_ramp,on_ramp_mv,,normal,not_started,commit
BASIC-02,basic_long_dt_900,749,74.90000000000002,B02_CLV,cav,not_applicable,8880.000000000002,3.5,29.999999999999496,2.1032064978498967e-13,lane_1,mainline,,normal,none,commit
BASIC-02,basic_long_dt_900,749,74.90000000000002,B02_CFV,cav,not_applicable,8795.39640982822,3.5,30.030285956761325,0.364777161232133,lane_1,mainline,,normal,none,commit
BASIC-02,basic_long_dt_900,749,74.90000000000002,B02_TLV_CLV,cav,not_applicable,8837.789222422836,3.5,29.96257458154719,0.07890041371737844,lane_1,mainline,,normal,none,commit
BASIC-02,basic_long_dt_900,750,75.00000000000001,B02_MV,cav,not_applicable,7245.999905740382,-3.5,2.3084175776292804e-05,4.0,on_ramp,on_ramp_mv,,normal,not_started,commit
BASIC-02,basic_long_dt_900,750,75.00000000000001,B02_CLV,cav,not_applicable,8883.000000000002,3.5,29.999999999999517,2.0179413695586847e-13,lane_1,mainline,,normal,none,commit
BASIC-02,basic_long_dt_900,750,75.00000000000001,B02_CFV,cav,not_applicable,8798.391513873397,3.5,29.951040451771227,-0.792455049900982,lane_1,mainline,,normal,none,commit
BASIC-02,basic_long_dt_900,750,75.00000000000001,B02_TLV_CLV,cav,not_applicable,8840.793398157104,3.5,30.041757342669523,0.7918276112233097,lane_1,mainline,,normal,none,commit
BASIC-02,basic_long_dt_900,751,75.10000000000001,B02_MV,cav,not_applicable,7245.999907993618,-3.5,2.253235842320063e-05,4.0,on_ramp,on_ramp_mv,,normal,not_started,commit
BASIC-02,basic_long_dt_900,751,75.10000000000001,B02_CLV,cav,not_applicable,8886.000000000002,3.5,29.999999999999535,1.9326762412674727e-13,lane_1,mainline,,normal,none,commit
BASIC-02,basic_long_dt_900,751,75.10000000000001,B02_CFV,cav,not_applicable,8801.387406922711,3.5,29.958930493142965,0.07890041371737844,lane_1,mainline,,normal,none,commit
BASIC-02,basic_long_dt_900,751,75.10000000000001,B02_TLV_CLV,cav,not_applicable,8843.793143390008,3.5,29.99745232904234,-0.44305013627183754,lane_1,mainline,,normal,none,commit
BASIC-02,basic_long_dt_900,752,75.2,B02_MV,cav,not_applicable,7245.999910192991,-3.5,2.1993732036639803e-05,4.0,on_ramp,on_ramp_mv,,normal,not_started,commit
BASIC-02,basic_long_dt_900,752,75.2,B02_CLV,cav,not_applicable,8889.000000000002,3.5,29.999999999999552,1.8616219676914627e-13,lane_1,mainline,,normal,none,commit
BASIC-02,basic_long_dt_900,752,75.2,B02_CFV,cav,not_applicable,8804.391218248138,3.5,30.038113254265298,0.7918276112233097,lane_1,mainline,,normal,none,commit
BASIC-02,basic_long_dt_900,752,75.2,B02_TLV_CLV,cav,not_applicable,8846.796536394526,3.5,30.03393004516555,0.364777161232133,lane_1,mainline,,normal,none,commit
BASIC-02,basic_long_dt_900,753,75.3,B02_MV,cav,not_applicable,7245.999912339789,-3.5,2.1467981370924933e-05,4.0,on_ramp,on_ramp_mv,,normal,not_started,commit
BASIC-02,basic_long_dt_900,753,75.3,B02_CLV,cav,not_applicable,8892.000000000002,3.5,29.99999999999957,1.7905676941154527e-13,lane_1,mainline,,normal,none,commit
BASIC-02,basic_long_dt_900,753,75.3,B02_CFV,cav,not_applicable,8807.390599072201,3.5,29.993808240638113,-0.44305013627183754,lane_1,mainline,,normal,none,commit
BASIC-02,basic_long_dt_900,753,75.3,B02_TLV_CLV,cav,not_applicable,8849.792004848543,3.5,29.954684540175453,-0.792455049900982,lane_1,mainline,,normal,none,commit
BASIC-02,basic_long_dt_900,754,75.39999999999999,B02_MV,cav,not_applicable,7245.999914435269,-3.5,2.095479835492759e-05,4.0,on_ramp,on_ramp_mv,,normal,not_started,commit
BASIC-02,basic_long_dt_900,754,75.39999999999999,B02_CLV,cav,not_applicable,8895.000000000002,3.5,29.999999999999588,1.7195134205394427e-13,lane_1,mainline,,normal,none,commit
BASIC-02,basic_long_dt_900,754,75.39999999999999,B02_CFV,cav,not_applicable,8810.393627667878,3.5,30.030285956761325,0.364777161232133,lane_1,mainline,,normal,none,commit
BASIC-02,basic_long_dt_900,754,75.39999999999999,B02_TLV_CLV,cav,not_applicable,8852.788262306698,3.5,29.96257458154719,0.07890041371737844,lane_1,mainline,,normal,none,commit
BASIC-02,basic_long_dt_900,755,75.49999999999999,B02_MV,cav,not_applicable,7245.999916480657,-3.5,2.0453882961719597e-05,4.0,on_ramp,on_ramp_mv,,normal,not_started,commit
BASIC-02,basic_long_dt_900,755,75.49999999999999,B02_CLV,cav,not_applicable,8898.000000000002,3.5,29.999999999999606,1.6484591469634326e-13,lane_1,mainline,,normal,none,commit
BASIC-02,basic_long_dt_900,755,75.49999999999999,B02_CFV,cav,not_applicable,8813.388731713056,3.5,29.951040451771227,-0.792455049900982,lane_1,mainline,,normal,none,commit
BASIC-02,basic_long_dt_900,755,75.49999999999999,B02_TLV_CLV,cav,not_applicable,8855.792438040966,3.5,30.041757342669523,0.7918276112233097,lane_1,mainline,,normal,none,commit
BASIC-02,basic_long_dt_900,756,75.59999999999998,B02_MV,cav,not_applicable,7245.999918477151,-3.5,1.9964941686697303e-05,4.0,on_ramp,on_ramp_mv,,normal,not_started,commit
BASIC-02,basic_long_dt_900,756,75.59999999999998,B02_CLV,cav,not_applicable,8901.000000000002,3.5,29.99999999999962,1.5774048733874226e-13,lane_1,mainline,,normal,none,commit
BASIC-02,basic_long_dt_900,756,75.59999999999998,B02_CFV,cav,not_applicable,8816.38462476237,3.5,29.958930493142965,0.07890041371737844,lane_1,mainline,,normal,none,commit
BASIC-02,basic_long_dt_900,756,75.59999999999998,B02_TLV_CLV,cav,not_applicable,8858.79218327387,3.5,29.99745232904234,-0.44305013627183754,lane_1,mainline,,normal,none,commit
BASIC-02,basic_long_dt_900,757,75.69999999999997,B02_MV,cav,not_applicable,7245.99992042592,-3.5,1.9487688199814032e-05,4.0,on_ramp,on_ramp_mv,,normal,not_started,commit
BASIC-02,basic_long_dt_900,757,75.69999999999997,B02_CLV,cav,not_applicable,8904.000000000002,3.5,29.999999999999634,1.5205614545266145e-13,lane_1,mainline,,normal,none,commit
BASIC-02,basic_long_dt_900,757,75.69999999999997,B02_CFV,cav,not_applicable,8819.388436087796,3.5,30.038113254265298,0.7918276112233097,lane_1,mainline,,normal,none,commit
BASIC-02,basic_long_dt_900,757,75.69999999999997,B02_TLV_CLV,cav,not_applicable,8861.795576278388,3.5,30.03393004516555,0.364777161232133,lane_1,mainline,,normal,none,commit
BASIC-02,basic_long_dt_900,758,75.79999999999997,B02_MV,cav,not_applicable,7245.999922328105,-3.5,1.9021843345580097e-05,4.0,on_ramp,on_ramp_mv,,normal,not_started,commit
BASIC-02,basic_long_dt_900,758,75.79999999999997,B02_CLV,cav,not_applicable,8907.000000000002,3.5,29.99999999999965,1.4637180356658065e-13,lane_1,mainline,,normal,none,commit
BASIC-02,basic_long_dt_900,758,75.79999999999997,B02_CFV,cav,not_applicable,8822.38781691186,3.5,29.993808240638113,-0.44305013627183754,lane_1,mainline,,normal,none,commit
BASIC-02,basic_long_dt_900,758,75.79999999999997,B02_TLV_CLV,cav,not_applicable,8864.791044732405,3.5,29.954684540175453,-0.792455049900982,lane_1,mainline,,normal,none,commit
BASIC-02,basic_long_dt_900,759,75.89999999999996,B02_MV,cav,not_applicable,7245.999924184818,-3.5,1.85671342734195e-05,4.0,on_ramp,on_ramp_mv,,normal,not_started,commit
BASIC-02,basic_long_dt_900,759,75.89999999999996,B02_CLV,cav,not_applicable,8910.000000000002,3.5,29.999999999999662,1.4068746168049984e-13,lane_1,mainline,,normal,none,commit
BASIC-02,basic_long_dt_900,759,75.89999999999996,B02_CFV,cav,not_applicable,8825.390845507536,3.5,30.030285956761325,0.364777161232133,lane_1,mainline,,normal,none,commit
BASIC-02,basic_long_dt_900,759,75.89999999999996,B02_TLV_CLV,cav,not_applicable,8867.78730219056,3.5,29.96257458154719,0.07890041371737844,lane_1,mainline,,normal,none,commit
BASIC-02,basic_long_dt_900,760,75.99999999999996,B02_MV,cav,not_applicable,7245.999925997147,-3.5,1.812329487249161e-05,4.0,on_ramp,on_ramp_mv,,normal,not_started,commit
BASIC-02,basic_long_dt_900,760,75.99999999999996,B02_CLV,cav,not_applicable,8913.000000000002,3.5,29.999999999999677,1.3500311979441904e-13,lane_1,mainline,,normal,none,commit
BASIC-02,basic_long_dt_900,760,75.99999999999996,B02_CFV,cav,not_applicable,8828.385949552714,3.5,29.951040451771227,-0.792455049900982,lane_1,mainline,,normal,none,commit
BASIC-02,basic_long_dt_900,760,75.99999999999996,B02_TLV_CLV,cav,not_applicable,8870.791477924828,3.5,30.041757342669523,0.7918276112233097,lane_1,mainline,,normal,none,commit
BASIC-02,basic_long_dt_900,761,76.09999999999995,B02_MV,cav,not_applicable,7245.999927766154,-3.5,1.7690065336869482e-05,4.0,on_ramp,on_ramp_mv,,normal,not_started,commit
BASIC-02,basic_long_dt_900,761,76.09999999999995,B02_CLV,cav,not_applicable,8916.000000000002,3.5,29.99999999999969,1.2931877790833823e-13,lane_1,mainline,,normal,none,commit
BASIC-02,basic_long_dt_900,761,76.09999999999995,B02_CFV,cav,not_applicable,8831.381842602028,3.5,29.958930493142965,0.07890041371737844,lane_1,mainline,,normal,none,commit
BASIC-02,basic_long_dt_900,761,76.09999999999995,B02_TLV_CLV,cav,not_applicable,8873.791223157732,3.5,29.99745232904234,-0.44305013627183754,lane_1,mainline,,normal,none,commit
BASIC-02,basic_long_dt_900,762,76.19999999999995,B02_MV,cav,not_applicable,7245.999929492873,-3.5,1.7267191948129072e-05,4.0,on_ramp,on_ramp_mv,,normal,not_started,commit
BASIC-02,basic_long_dt_900,762,76.19999999999995,B02_CLV,cav,not_applicable,8919.000000000002,3.5,29.9999999999997,1.2363443602225745e-13,lane_1,mainline,,normal,none,commit
BASIC-02,basic_long_dt_900,762,76.19999999999995,B02_CFV,cav,not_applicable,8834.385653927455,3.5,30.038113254265298,0.7918276112233097,lane_1,mainline,,normal,none,commit
BASIC-02,basic_long_dt_900,762,76.19999999999995,B02_TLV_CLV,cav,not_applicable,8876.79461616225,3.5,30.03393004516555,0.364777161232133,lane_1,mainline,,normal,none,commit
BASIC-02,basic_long_dt_900,763,76.29999999999994,B02_MV,cav,not_applicable,7245.999931178316,-3.5,1.685442707534923e-05,4.0,on_ramp,on_ramp_mv,,normal,not_started,commit
BASIC-02,basic_long_dt_900,763,76.29999999999994,B02_CLV,cav,not_applicable,8922.000000000002,3.5,29.999999999999712,1.1937117960769684e-13,lane_1,mainline,,normal,none,commit
BASIC-02,basic_long_dt_900,763,76.29999999999994,B02_CFV,cav,not_applicable,8837.385034751518,3.5,29.993808240638113,-0.44305013627183754,lane_1,mainline,,normal,none,commit
BASIC-02,basic_long_dt_900,763,76.29999999999994,B02_TLV_CLV,cav,not_applicable,8879.790084616267,3.5,29.954684540175453,-0.792455049900982,lane_1,mainline,,normal,none,commit
BASIC-02,basic_long_dt_900,764,76.39999999999993,B02_MV,cav,not_applicable,7245.999932823469,-3.5,1.6451529175111688e-05,4.0,on_ramp,on_ramp_mv,,normal,not_started,commit
BASIC-02,basic_long_dt_900,764,76.39999999999993,B02_CLV,cav,not_applicable,8925.000000000002,3.5,29.999999999999723,1.1510792319313623e-13,lane_1,mainline,,normal,none,commit
BASIC-02,basic_long_dt_900,764,76.39999999999993,B02_CFV,cav,not_applicable,8840.388063347194,3.5,30.030285956761325,0.364777161232133,lane_1,mainline,,normal,none,commit
BASIC-02,basic_long_dt_900,764,76.39999999999993,B02_TLV_CLV,cav,not_applicable,8882.786342074422,3.5,29.96257458154719,0.07890041371737844,lane_1,mainline,,normal,none,commit
BASIC-02,basic_long_dt_900,765,76.49999999999993,B02_MV,cav,not_applicable,7245.9999344292955,-3.5,1.605826235667944e-05,4.0,on_ramp,on_ramp_mv,,normal,not_started,commit
BASIC-02,basic_long_dt_900,765,76.49999999999993,B02_CLV,cav,not_applicable,8928.000000000002,3.5,29.999999999999734,1.1084466677857564e-13,lane_1,mainline,,normal,none,commit
BASIC-02,basic_long_dt_900,765,76.49999999999993,B02_CFV,cav,not_applicable,8843.383167392372,3.5,29.951040451771227,-0.792455049900982,lane_1,mainline,,normal,none,commit
BASIC-02,basic_long_dt_900,765,76.49999999999993,B02_TLV_CLV,cav,not_applicable,8885.79051780869,3.5,30.041757342669523,0.7918276112233097,lane_1,mainline,,normal,none,commit
BASIC-02,basic_long_dt_900,766,76.59999999999992,B02_MV,cav,not_applicable,7245.999935996735,-3.5,1.5674396381996727e-05,4.0,on_ramp,on_ramp_mv,,normal,not_started,commit
BASIC-02,basic_long_dt_900,766,76.59999999999992,B02_CLV,cav,not_applicable,8931.000000000002,3.5,29.999999999999744,1.0658141036401503e-13,lane_1,mainline,,normal,none,commit
BASIC-02,basic_long_dt_900,766,76.59999999999992,B02_CFV,cav,not_applicable,8846.379060441686,3.5,29.958930493142965,0.07890041371737844,lane_1,mainline,,normal,none,commit
BASIC-02,basic_long_dt_900,766,76.59999999999992,B02_TLV_CLV,cav,not_applicable,8888.790263041594,3.5,29.99745232904234,-0.44305013627183754,lane_1,mainline,,normal,none,commit
BASIC-02,basic_long_dt_900,767,76.69999999999992,B02_MV,cav,not_applicable,7245.999937526706,-3.5,1.529970666568906e-05,4.0,on_ramp,on_ramp_mv,,normal,not_started,commit
BASIC-02,basic_long_dt_900,767,76.69999999999992,B02_CLV,cav,not_applicable,8934.000000000002,3.5,29.999999999999755,1.0231815394945443e-13,lane_1,mainline,,normal,none,commit
BASIC-02,basic_long_dt_900,767,76.69999999999992,B02_CFV,cav,not_applicable,8849.382871767113,3.5,30.038113254265298,0.7918276112233097,lane_1,mainline,,normal,none,commit
BASIC-02,basic_long_dt_900,767,76.69999999999992,B02_TLV_CLV,cav,not_applicable,8891.793656046111,3.5,30.03393004516555,0.364777161232133,lane_1,mainline,,normal,none,commit
BASIC-02,basic_long_dt_900,768,76.79999999999991,B02_MV,cav,not_applicable,7245.999939020104,-3.5,1.4933973622830738e-05,4.0,on_ramp,on_ramp_mv,,normal,not_started,commit
BASIC-02,basic_long_dt_900,768,76.79999999999991,B02_CLV,cav,not_applicable,8937.000000000002,3.5,29.999999999999766,9.805489753489383e-14,lane_1,mainline,,normal,none,commit
BASIC-02,basic_long_dt_900,768,76.79999999999991,B02_CFV,cav,not_applicable,8852.382252591176,3.5,29.993808240638113,-0.44305013627183754,lane_1,mainline,,normal,none,commit
BASIC-02,basic_long_dt_900,768,76.79999999999991,B02_TLV_CLV,cav,not_applicable,8894.789124500128,3.5,29.954684540175453,-0.792455049900982,lane_1,mainline,,normal,none,commit
BASIC-02,basic_long_dt_900,769,76.8999999999999,B02_MV,cav,not_applicable,7245.999940477802,-3.5,1.4576983321177324e-05,4.0,on_ramp,on_ramp_mv,,normal,not_started,commit
BASIC-02,basic_long_dt_900,769,76.8999999999999,B02_CLV,cav,not_applicable,8940.000000000002,3.5,29.999999999999776,9.379164112033323e-14,lane_1,mainline,,normal,none,commit
BASIC-02,basic_long_dt_900,769,76.8999999999999,B02_CFV,cav,not_applicable,8855.385281186853,3.5,30.030285956761325,0.364777161232133,lane_1,mainline,,normal,none,commit
BASIC-02,basic_long_dt_900,769,76.8999999999999,B02_TLV_CLV,cav,not_applicable,8897.785381958283,3.5,29.96257458154719,0.07890041371737844,lane_1,mainline,,normal,none,commit
BASIC-02,basic_long_dt_900,770,76.9999999999999,B02_MV,cav,not_applicable,7245.999941900654,-3.5,1.4228526828933184e-05,4.0,on_ramp,on_ramp_mv,,normal,not_started,commit
BASIC-02,basic_long_dt_900,770,76.9999999999999,B02_CLV,cav,not_applicable,8943.000000000002,3.5,29.999999999999787,8.952838470577263e-14,lane_1,mainline,,normal,none,commit
BASIC-02,basic_long_dt_900,770,76.9999999999999,B02_CFV,cav,not_applicable,8858.38038523203,3.5,29.951040451771227,-0.792455049900982,lane_1,mainline,,normal,none,commit
BASIC-02,basic_long_dt_900,770,76.9999999999999,B02_TLV_CLV,cav,not_applicable,8900.789557692551,3.5,30.041757342669523,0.7918276112233097,lane_1,mainline,,normal,none,commit
BASIC-02,basic_long_dt_900,771,77.0999999999999,B02_MV,cav,not_applicable,7245.999943289495,-3.5,1.3888399997340663e-05,4.0,on_ramp,on_ramp_mv,,normal,not_started,commit
BASIC-02,basic_long_dt_900,771,77.0999999999999,B02_CLV,cav,not_applicable,8946.000000000002,3.5,29.999999999999794,8.526512829121202e-14,lane_1,mainline,,normal,none,commit
BASIC-02,basic_long_dt_900,771,77.0999999999999,B02_CFV,cav,not_applicable,8861.376278281345,3.5,29.958930493142965,0.07890041371737844,lane_1,mainline,,normal,none,commit
BASIC-02,basic_long_dt_900,771,77.0999999999999,B02_TLV_CLV,cav,not_applicable,8903.789302925456,3.5,29.99745232904234,-0.44305013627183754,lane_1,mainline,,normal,none,commit
BASIC-02,basic_long_dt_900,772,77.19999999999989,B02_MV,cav,not_applicable,7245.999944645135,-3.5,1.3556403678090916e-05,4.0,on_ramp,on_ramp_mv,,normal,not_started,commit
BASIC-02,basic_long_dt_900,772,77.19999999999989,B02_CLV,cav,not_applicable,8949.000000000002,3.5,29.9999999999998,8.242295734817163e-14,lane_1,mainline,,normal,none,commit
BASIC-02,basic_long_dt_900,772,77.19999999999989,B02_CFV,cav,not_applicable,8864.380089606771,3.5,30.038113254265298,0.7918276112233097,lane_1,mainline,,normal,none,commit
BASIC-02,basic_long_dt_900,772,77.19999999999989,B02_TLV_CLV,cav,not_applicable,8906.792695929973,3.5,30.03393004516555,0.364777161232133,lane_1,mainline,,normal,none,commit
BASIC-02,basic_long_dt_900,773,77.29999999999988,B02_MV,cav,not_applicable,7245.9999459683695,-3.5,1.3232343723323897e-05,4.0,on_ramp,on_ramp_mv,,normal,not_started,commit
BASIC-02,basic_long_dt_900,773,77.29999999999988,B02_CLV,cav,not_applicable,8952.000000000002,3.5,29.999999999999808,7.958078640513123e-14,lane_1,mainline,,normal,none,commit
BASIC-02,basic_long_dt_900,773,77.29999999999988,B02_CFV,cav,not_applicable,8867.379470430835,3.5,29.993808240638113,-0.44305013627183754,lane_1,mainline,,normal,none,commit
BASIC-02,basic_long_dt_900,773,77.29999999999988,B02_TLV_CLV,cav,not_applicable,8909.78816438399,3.5,29.954684540175453,-0.792455049900982,lane_1,mainline,,normal,none,commit
BASIC-02,basic_long_dt_900,774,77.39999999999988,B02_MV,cav,not_applicable,7245.999947259973,-3.5,1.2916030115985096e-05,4.0,on_ramp,on_ramp_mv,,normal,not_started,commit
BASIC-02,basic_long_dt_900,774,77.39999999999988,B02_CLV,cav,not_applicable,8955.000000000002,3.5,29.999999999999815,7.673861546209083e-14,lane_1,mainline,,normal,none,commit
BASIC-02,basic_long_dt_900,774,77.39999999999988,B02_CFV,cav,not_applicable,8870.382499026511,3.5,30.030285956761325,0.364777161232133,lane_1,mainline,,normal,none,commit
BASIC-02,basic_long_dt_900,774,77.39999999999988,B02_TLV_CLV,cav,not_applicable,8912.784421842145,3.5,29.96257458154719,0.07890041371737844,lane_1,mainline,,normal,none,commit
BASIC-02,basic_long_dt_900,775,77.49999999999987,B02_MV,cav,not_applicable,7245.999948520701,-3.5,1.2607277839468802e-05,4.0,on_ramp,on_ramp_mv,,normal,not_started,commit
BASIC-02,basic_long_dt_900,775,77.49999999999987,B02_CLV,cav,not_applicable,8958.000000000002,3.5,29.999999999999822,7.389644451905042e-14,lane_1,mainline,,normal,none,commit
BASIC-02,basic_long_dt_900,775,77.49999999999987,B02_CFV,cav,not_applicable,8873.377603071689,3.5,29.951040451771227,-0.792455049900982,lane_1,mainline,,normal,none,commit
BASIC-02,basic_long_dt_900,775,77.49999999999987,B02_TLV_CLV,cav,not_applicable,8915.788597576413,3.5,30.041757342669523,0.7918276112233097,lane_1,mainline,,normal,none,commit
BASIC-02,basic_long_dt_900,776,77.59999999999987,B02_MV,cav,not_applicable,7245.999949751292,-3.5,1.2305906225385657e-05,4.0,on_ramp,on_ramp_mv,,normal,not_started,commit
BASIC-02,basic_long_dt_900,776,77.59999999999987,B02_CLV,cav,not_applicable,8961.000000000002,3.5,29.99999999999983,7.105427357601002e-14,lane_1,mainline,,normal,none,commit
BASIC-02,basic_long_dt_900,776,77.59999999999987,B02_CFV,cav,not_applicable,8876.373496121003,3.5,29.958930493142965,0.07890041371737844,lane_1,mainline,,normal,none,commit
BASIC-02,basic_long_dt_900,776,77.59999999999987,B02_TLV_CLV,cav,not_applicable,8918.788342809317,3.5,29.99745232904234,-0.44305013627183754,lane_1,mainline,,normal,none,commit
BASIC-02,basic_long_dt_900,777,77.69999999999986,B02_MV,cav,not_applicable,7245.999950952466,-3.5,1.2011738736151834e-05,4.0,on_ramp,on_ramp_mv,,normal,not_started,commit
BASIC-02,basic_long_dt_900,777,77.69999999999986,B02_CLV,cav,not_applicable,8964.000000000002,3.5,29.999999999999837,6.821210263296963e-14,lane_1,mainline,,normal,none,commit
BASIC-02,basic_long_dt_900,777,77.69999999999986,B02_CFV,cav,not_applicable,8879.37730744643,3.5,30.038113254265298,0.7918276112233097,lane_1,mainline,,normal,none,commit
BASIC-02,basic_long_dt_900,777,77.69999999999986,B02_TLV_CLV,cav,not_applicable,8921.791735813835,3.5,30.03393004516555,0.364777161232133,lane_1,mainline,,normal,none,commit
BASIC-02,basic_long_dt_900,778,77.79999999999986,B02_MV,cav,not_applicable,7245.9999521249265,-3.5,1.172460318239986e-05,4.0,on_ramp,on_ramp_mv,,normal,not_started,commit
BASIC-02,basic_long_dt_900,778,77.79999999999986,B02_CLV,cav,not_applicable,8967.000000000002,3.5,29.999999999999844,6.536993168992922e-14,lane_1,mainline,,normal,none,commit
BASIC-02,basic_long_dt_900,778,77.79999999999986,B02_CFV,cav,not_applicable,8882.376688270493,3.5,29.993808240638113,-0.44305013627183754,lane_1,mainline,,normal,none,commit
BASIC-02,basic_long_dt_900,778,77.79999999999986,B02_TLV_CLV,cav,not_applicable,8924.787204267852,3.5,29.954684540175453,-0.792455049900982,lane_1,mainline,,normal,none,commit
BASIC-02,basic_long_dt_900,779,77.89999999999985,B02_MV,cav,not_applicable,7245.99995326936,-3.5,1.1444331505567793e-05,4.0,on_ramp,on_ramp_mv,,normal,not_started,commit
BASIC-02,basic_long_dt_900,779,77.89999999999985,B02_CLV,cav,not_applicable,8970.000000000002,3.5,29.99999999999985,6.252776074688882e-14,lane_1,mainline,,normal,none,commit
BASIC-02,basic_long_dt_900,779,77.89999999999985,B02_CFV,cav,not_applicable,8885.37971686617,3.5,30.030285956761325,0.364777161232133,lane_1,mainline,,normal,none,commit
BASIC-02,basic_long_dt_900,779,77.89999999999985,B02_TLV_CLV,cav,not_applicable,8927.783461726007,3.5,29.96257458154719,0.07890041371737844,lane_1,mainline,,normal,none,commit
BASIC-02,basic_long_dt_900,780,77.99999999999984,B02_MV,cav,not_applicable,7245.999954386436,-3.5,1.1170759560488402e-05,4.0,on_ramp,on_ramp_mv,,normal,not_started,commit
BASIC-02,basic_long_dt_900,780,77.99999999999984,B02_CLV,cav,not_applicable,8973.000000000002,3.5,29.999999999999858,5.968558980384842e-14,lane_1,mainline,,normal,none,commit
BASIC-02,basic_long_dt_900,780,77.99999999999984,B02_CFV,cav,not_applicable,8888.374820911347,3.5,29.951040451771227,-0.792455049900982,lane_1,mainline,,normal,none,commit
BASIC-02,basic_long_dt_900,780,77.99999999999984,B02_TLV_CLV,cav,not_applicable,8930.787637460275,3.5,30.041757342669523,0.7918276112233097,lane_1,mainline,,normal,none,commit
BASIC-02,basic_long_dt_900,781,78.09999999999984,B02_MV,cav,not_applicable,7245.999955476808,-3.5,1.0903727332799995e-05,4.0,on_ramp,on_ramp_mv,,normal,not_started,commit
BASIC-02,basic_long_dt_900,781,78.09999999999984,B02_CLV,cav,not_applicable,8976.000000000002,3.5,29.999999999999865,5.684341886080802e-14,lane_1,mainline,,normal,none,commit
BASIC-02,basic_long_dt_900,781,78.09999999999984,B02_CFV,cav,not_applicable,8891.370713960661,3.5,29.958930493142965,0.07890041371737844,lane_1,mainline,,normal,none,commit
BASIC-02,basic_long_dt_900,781,78.09999999999984,B02_TLV_CLV,cav,not_applicable,8933.78738269318,3.5,29.99745232904234,-0.44305013627183754,lane_1,mainline,,normal,none,commit
BASIC-02,basic_long_dt_900,782,78.19999999999983,B02_MV,cav,not_applicable,7245.999956541116,-3.5,1.0643078504124775e-05,4.0,on_ramp,on_ramp_mv,,normal,not_started,commit
BASIC-02,basic_long_dt_900,782,78.19999999999983,B02_CLV,cav,not_applicable,8979.000000000002,3.5,29.999999999999872,5.400124791776762e-14,lane_1,mainline,,normal,none,commit
BASIC-02,basic_long_dt_900,782,78.19999999999983,B02_CFV,cav,not_applicable,8894.374525286088,3.5,30.038113254265298,0.7918276112233097,lane_1,mainline,,normal,none,commit
BASIC-02,basic_long_dt_900,782,78.19999999999983,B02_TLV_CLV,cav,not_applicable,8936.790775697697,3.5,30.03393004516555,0.364777161232133,lane_1,mainline,,normal,none,commit
BASIC-02,basic_long_dt_900,783,78.29999999999983,B02_MV,cav,not_applicable,7245.999957579982,-3.5,1.0388660234658028e-05,4.0,on_ramp,on_ramp_mv,,normal,not_started,commit
BASIC-02,basic_long_dt_900,783,78.29999999999983,B02_CLV,cav,not_applicable,8982.000000000002,3.5,29.999999999999876,5.1159076974727215e-14,lane_1,mainline,,normal,none,commit
BASIC-02,basic_long_dt_900,783,78.29999999999983,B02_CFV,cav,not_applicable,8897.373906110151,3.5,29.993808240638113,-0.44305013627183754,lane_1,mainline,,normal,none,commit
BASIC-02,basic_long_dt_900,783,78.29999999999983,B02_TLV_CLV,cav,not_applicable,8939.786244151714,3.5,29.954684540175453,-0.792455049900982,lane_1,mainline,,normal,none,commit
BASIC-02,basic_long_dt_900,784,78.39999999999982,B02_MV,cav,not_applicable,7245.999958594014,-3.5,1.0140323815400568e-05,4.0,on_ramp,on_ramp_mv,,normal,not_started,commit
BASIC-02,basic_long_dt_900,784,78.39999999999982,B02_CLV,cav,not_applicable,8985.000000000002,3.5,29.99999999999988,4.973799150320701e-14,lane_1,mainline,,normal,none,commit
BASIC-02,basic_long_dt_900,784,78.39999999999982,B02_CFV,cav,not_applicable,8900.376934705828,3.5,30.030285956761325,0.364777161232133,lane_1,mainline,,normal,none,commit
BASIC-02,basic_long_dt_900,784,78.39999999999982,B02_TLV_CLV,cav,not_applicable,8942.782501609869,3.5,29.96257458154719,0.07890041371737844,lane_1,mainline,,normal,none,commit
BASIC-02,basic_long_dt_900,785,78.49999999999982,B02_MV,cav,not_applicable,7245.999959583806,-3.5,9.897923798515476e-06,4.0,on_ramp,on_ramp_mv,,normal,not_started,commit
BASIC-02,basic_long_dt_900,785,78.49999999999982,B02_CLV,cav,not_applicable,8988.000000000002,3.5,29.999999999999883,4.831690603168682e-14,lane_1,mainline,,normal,none,commit
BASIC-02,basic_long_dt_900,785,78.49999999999982,B02_CFV,cav,not_applicable,8903.372038751006,3.5,29.951040451771227,-0.792455049900982,lane_1,mainline,,normal,none,commit
BASIC-02,basic_long_dt_900,785,78.49999999999982,B02_TLV_CLV,cav,not_applicable,8945.786677344136,3.5,30.041757342669523,0.7918276112233097,lane_1,mainline,,normal,none,commit
BASIC-02,basic_long_dt_900,786,78.59999999999981,B02_MV,cav,not_applicable,7245.999960549938,-3.5,9.661318214738911e-06,4.0,on_ramp,on_ramp_mv,,normal,not_started,commit
BASIC-02,basic_long_dt_900,786,78.59999999999981,B02_CLV,cav,not_applicable,8991.000000000002,3.5,29.999999999999886,4.6895820560166616e-14,lane_1,mainline,,normal,none,commit
BASIC-02,basic_long_dt_900,786,78.59999999999981,B02_CFV,cav,not_applicable,8906.36793180032,3.5,29.958930493142965,0.07890041371737844,lane_1,mainline,,normal,none,commit
BASIC-02,basic_long_dt_900,786,78.59999999999981,B02_TLV_CLV,cav,not_applicable,8948.78642257704,3.5,29.99745232904234,-0.44305013627183754,lane_1,mainline,,normal,none,commit
BASIC-02,basic_long_dt_900,787,78.6999999999998,B02_MV,cav,not_applicable,7245.999961492975,-3.5,9.430368573380113e-06,4.0,on_ramp,on_ramp_mv,,normal,not_started,commit
BASIC-02,basic_long_dt_900,787,78.6999999999998,B02_CLV,cav,not_applicable,8994.000000000002,3.5,29.99999999999989,4.5474735088646414e-14,lane_1,mainline,,normal,none,commit
BASIC-02,basic_long_dt_900,787,78.6999999999998,B02_CFV,cav,not_applicable,8909.371743125746,3.5,30.038113254265298,0.7918276112233097,lane_1,mainline,,normal,none,commit
BASIC-02,basic_long_dt_900,787,78.6999999999998,B02_TLV_CLV,cav,not_applicable,8951.789815581558,3.5,30.03393004516555,0.364777161232133,lane_1,mainline,,normal,none,commit
BASIC-02,basic_long_dt_900,788,78.7999999999998,B02_MV,cav,not_applicable,7245.999962413469,-3.5,9.204939644910587e-06,4.0,on_ramp,on_ramp_mv,,normal,not_started,commit
BASIC-02,basic_long_dt_900,788,78.7999999999998,B02_CLV,cav,not_applicable,8997.000000000002,3.5,29.999999999999893,4.405364961712621e-14,lane_1,mainline,,normal,none,commit
BASIC-02,basic_long_dt_900,788,78.7999999999998,B02_CFV,cav,not_applicable,8912.37112394981,3.5,29.993808240638113,-0.44305013627183754,lane_1,mainline,,normal,none,commit
BASIC-02,basic_long_dt_900,788,78.7999999999998,B02_TLV_CLV,cav,not_applicable,8954.785284035575,3.5,29.954684540175453,-0.792455049900982,lane_1,mainline,,normal,none,commit
BASIC-02,basic_long_dt_900,789,78.89999999999979,B02_MV,cav,not_applicable,7245.999963311959,-3.5,8.984899460964095e-06,4.0,on_ramp,on_ramp_mv,,normal,not_started,commit
BASIC-02,basic_long_dt_900,789,78.89999999999979,B02_CLV,cav,not_applicable,9000.000000000002,3.5,29.999999999999897,4.263256414560601e-14,lane_1,mainline,,normal,none,commit
BASIC-02,basic_long_dt_900,789,78.89999999999979,B02_CFV,cav,not_applicable,8915.374152545486,3.5,30.030285956761325,0.364777161232133,lane_1,mainline,,normal,none,commit
BASIC-02,basic_long_dt_900,789,78.89999999999979,B02_TLV_CLV,cav,not_applicable,8957.78154149373,3.5,29.96257458154719,0.07890041371737844,lane_1,mainline,,normal,none,commit
BASIC-02,basic_long_dt_900,790,78.99999999999979,B02_MV,cav,not_applicable,7245.999964188971,-3.5,8.770119314336669e-06,4.0,on_ramp,on_ramp_mv,,normal,not_started,commit
BASIC-02,basic_long_dt_900,790,78.99999999999979,B02_CLV,cav,not_applicable,9003.000000000002,3.5,29.9999999999999,4.1211478674085816e-14,lane_1,mainline,,normal,none,commit
BASIC-02,basic_long_dt_900,790,78.99999999999979,B02_CFV,cav,not_applicable,8918.369256590664,3.5,29.951040451771227,-0.792455049900982,lane_1,mainline,,normal,none,commit
BASIC-02,basic_long_dt_900,790,78.99999999999979,B02_TLV_CLV,cav,not_applicable,8960.785717227998,3.5,30.041757342669523,0.7918276112233097,lane_1,mainline,,normal,none,commit
BASIC-02,basic_long_dt_900,791,79.09999999999978,B02_MV,cav,not_applicable,7245.999965045018,-3.5,8.560473324164964e-06,4.0,on_ramp,on_ramp_mv,,normal,not_started,commit
BASIC-02,basic_long_dt_900,791,79.09999999999978,B02_CLV,cav,not_applicable,9006.000000000002,3.5,29.999999999999904,3.9790393202565614e-14,lane_1,mainline,,normal,none,commit
BASIC-02,basic_long_dt_900,791,79.09999999999978,B02_CFV,cav,not_applicable,8921.365149639978,3.5,29.958930493142965,0.07890041371737844,lane_1,mainline,,normal,none,commit
BASIC-02,basic_long_dt_900,791,79.09999999999978,B02_TLV_CLV,cav,not_applicable,8963.785462460903,3.5,29.99745232904234,-0.44305013627183754,lane_1,mainline,,normal,none,commit
BASIC-02,basic_long_dt_900,792,79.19999999999978,B02_MV,cav,not_applicable,7245.999965880602,-3.5,8.355838870747897e-06,4.0,on_ramp,on_ramp_mv,,normal,not_started,commit
BASIC-02,basic_long_dt_900,792,79.19999999999978,B02_CLV,cav,not_applicable,9009.000000000002,3.5,29.999999999999908,3.836930773104541e-14,lane_1,mainline,,normal,none,commit
BASIC-02,basic_long_dt_900,792,79.19999999999978,B02_CFV,cav,not_applicable,8924.368960965405,3.5,30.038113254265298,0.7918276112233097,lane_1,mainline,,normal,none,commit
BASIC-02,basic_long_dt_900,792,79.19999999999978,B02_TLV_CLV,cav,not_applicable,8966.78885546542,3.5,30.03393004516555,0.364777161232133,lane_1,mainline,,normal,none,commit
BASIC-02,basic_long_dt_900,793,79.29999999999977,B02_MV,cav,not_applicable,7245.999966696211,-3.5,8.156096160725019e-06,4.0,on_ramp,on_ramp_mv,,normal,not_started,commit
BASIC-02,basic_long_dt_900,793,79.29999999999977,B02_CLV,cav,not_applicable,9012.000000000002,3.5,29.99999999999991,3.694822225952521e-14,lane_1,mainline,,normal,none,commit
BASIC-02,basic_long_dt_900,793,79.29999999999977,B02_CFV,cav,not_applicable,8927.368341789468,3.5,29.993808240638113,-0.44305013627183754,lane_1,mainline,,normal,none,commit
BASIC-02,basic_long_dt_900,793,79.29999999999977,B02_TLV_CLV,cav,not_applicable,8969.784323919437,3.5,29.954684540175453,-0.792455049900982,lane_1,mainline,,normal,none,commit
BASIC-02,basic_long_dt_900,794,79.39999999999976,B02_MV,cav,not_applicable,7245.999967492324,-3.5,7.961128227076501e-06,4.0,on_ramp,on_ramp_mv,,normal,not_started,commit
BASIC-02,basic_long_dt_900,794,79.39999999999976,B02_CLV,cav,not_applicable,9015.000000000002,3.5,29.999999999999915,3.552713678800501e-14,lane_1,mainline,,normal,none,commit
BASIC-02,basic_long_dt_900,794,79.39999999999976,B02_CFV,cav,not_applicable,8930.371370385144,3.5,30.030285956761325,0.364777161232133,lane_1,mainline,,normal,none,commit
BASIC-02,basic_long_dt_900,794,79.39999999999976,B02_TLV_CLV,cav,not_applicable,8972.780581377592,3.5,29.96257458154719,0.07890041371737844,lane_1,mainline,,normal,none,commit
BASIC-02,basic_long_dt_900,795,79.49999999999976,B02_MV,cav,not_applicable,7245.999968269406,-3.5,7.770820929123147e-06,4.0,on_ramp,on_ramp_mv,,normal,not_started,commit
BASIC-02,basic_long_dt_900,795,79.49999999999976,B02_CLV,cav,not_applicable,9018.000000000002,3.5,29.99999999999992,3.4106051316484814e-14,lane_1,mainline,,normal,none,commit
BASIC-02,basic_long_dt_900,795,79.49999999999976,B02_CFV,cav,not_applicable,8933.366474430322,3.5,29.951040451771227,-0.792455049900982,lane_1,mainline,,normal,none,commit
BASIC-02,basic_long_dt_900,795,79.49999999999976,B02_TLV_CLV,cav,not_applicable,8975.78475711186,3.5,30.041757342669523,0.7918276112233097,lane_1,mainline,,normal,none,commit
BASIC-02,basic_long_dt_900,796,79.59999999999975,B02_MV,cav,not_applicable,7245.999969027912,-3.5,7.58506273511557e-06,4.0,on_ramp,on_ramp_mv,,normal,not_started,commit
BASIC-02,basic_long_dt_900,796,79.59999999999975,B02_CLV,cav,not_applicable,9021.000000000002,3.5,29.999999999999922,3.268496584496461e-14,lane_1,mainline,,normal,none,commit
BASIC-02,basic_long_dt_900,796,79.59999999999975,B02_CFV,cav,not_applicable,8936.362367479636,3.5,29.958930493142965,0.07890041371737844,lane_1,mainline,,normal,none,commit
BASIC-02,basic_long_dt_900,796,79.59999999999975,B02_TLV_CLV,cav,not_applicable,8978.784502344764,3.5,29.99745232904234,-0.44305013627183754,lane_1,mainline,,normal,none,commit
BASIC-02,basic_long_dt_900,797,79.69999999999975,B02_MV,cav,not_applicable,7245.999969768286,-3.5,7.403745157055826e-06,4.0,on_ramp,on_ramp_mv,,normal,not_started,commit
BASIC-02,basic_long_dt_900,797,79.69999999999975,B02_CLV,cav,not_applicable,9024.000000000002,3.5,29.999999999999925,3.126388037344441e-14,lane_1,mainline,,normal,none,commit
BASIC-02,basic_long_dt_900,797,79.69999999999975,B02_CFV,cav,not_applicable,8939.366178805063,3.5,30.038113254265298,0.7918276112233097,lane_1,mainline,,normal,none,commit
BASIC-02,basic_long_dt_900,797,79.69999999999975,B02_TLV_CLV,cav,not_applicable,8981.787895349282,3.5,30.03393004516555,0.364777161232133,lane_1,mainline,,normal,none,commit
BASIC-02,basic_long_dt_900,798,79.79999999999974,B02_MV,cav,not_applicable,7245.999970490962,-3.5,7.226761881054149e-06,4.0,on_ramp,on_ramp_mv,,normal,not_started,commit
BASIC-02,basic_long_dt_900,798,79.79999999999974,B02_CLV,cav,not_applicable,9027.000000000002,3.5,29.99999999999993,2.984279490192421e-14,lane_1,mainline,,normal,none,commit
BASIC-02,basic_long_dt_900,798,79.79999999999974,B02_CFV,cav,not_applicable,8942.365559629126,3.5,29.993808240638113,-0.44305013627183754,lane_1,mainline,,normal,none,commit
BASIC-02,basic_long_dt_900,798,79.79999999999974,B02_TLV_CLV,cav,not_applicable,8984.783363803299,3.5,29.954684540175453,-0.792455049900982,lane_1,mainline,,normal,none,commit
BASIC-02,basic_long_dt_900,799,79.89999999999974,B02_MV,cav,not_applicable,7245.999971196364,-3.5,7.054009202150583e-06,4.0,on_ramp,on_ramp_mv,,normal,not_started,commit
BASIC-02,basic_long_dt_900,799,79.89999999999974,B02_CLV,cav,not_applicable,9030.000000000002,3.5,29.999999999999932,2.842170943040401e-14,lane_1,mainline,,normal,none,commit
BASIC-02,basic_long_dt_900,799,79.89999999999974,B02_CFV,cav,not_applicable,8945.368588224803,3.5,30.030285956761325,0.364777161232133,lane_1,mainline,,normal,none,commit
BASIC-02,basic_long_dt_900,799,79.89999999999974,B02_TLV_CLV,cav,not_applicable,8987.779621261454,3.5,29.96257458154719,0.07890041371737844,lane_1,mainline,,normal,none,commit
BASIC-02,basic_long_dt_900,800,79.99999999999973,B02_MV,cav,not_applicable,7245.999971884902,-3.5,6.8853860243149805e-06,4.0,on_ramp,on_ramp_mv,,normal,not_started,commit
BASIC-02,basic_long_dt_900,800,79.99999999999973,B02_CLV,cav,not_applicable,9033.000000000002,3.5,29.999999999999936,2.700062395888381e-14,lane_1,mainline,,normal,none,commit
BASIC-02,basic_long_dt_900,800,79.99999999999973,B02_CFV,cav,not_applicable,8948.36369226998,3.5,29.951040451771227,-0.792455049900982,lane_1,mainline,,normal,none,commit
BASIC-02,basic_long_dt_900,800,79.99999999999973,B02_TLV_CLV,cav,not_applicable,8990.783796995722,3.5,30.041757342669523,0.7918276112233097,lane_1,mainline,,normal,none,commit
BASIC-02,basic_long_dt_900,801,80.09999999999972,B02_MV,cav,not_applicable,7245.999972556981,-3.5,6.720793860447005e-06,4.0,on_ramp,on_ramp_mv,,normal,not_started,commit
BASIC-02,basic_long_dt_900,801,80.09999999999972,B02_CLV,cav,not_applicable,9036.000000000002,3.5,29.99999999999994,2.5579538487363607e-14,lane_1,mainline,,normal,none,commit
BASIC-02,basic_long_dt_900,801,80.09999999999972,B02_CFV,cav,not_applicable,8951.359585319295,3.5,29.958930493142965,0.07890041371737844,lane_1,mainline,,normal,none,commit
BASIC-02,basic_long_dt_900,801,80.09999999999972,B02_TLV_CLV,cav,not_applicable,8993.783542228626,3.5,29.99745232904234,-0.44305013627183754,lane_1,mainline,,normal,none,commit
BASIC-02,basic_long_dt_900,802,80.19999999999972,B02_MV,cav,not_applicable,7245.999973212995,-3.5,6.5601361801436784e-06,4.0,on_ramp,on_ramp_mv,,normal,not_started,commit
BASIC-02,basic_long_dt_900,802,80.19999999999972,B02_CLV,cav,not_applicable,9039.000000000002,3.5,29.999999999999943,2.415845301584341e-14,lane_1,mainline,,normal,none,commit
BASIC-02,basic_long_dt_900,802,80.19999999999972,B02_CFV,cav,not_applicable,8954.363396644721,3.5,30.038113254265298,0.7918276112233097,lane_1,mainline,,normal,none,commit
BASIC-02,basic_long_dt_900,802,80.19999999999972,B02_TLV_CLV,cav,not_applicable,8996.786935233144,3.5,30.03393004516555,0.364777161232133,lane_1,mainline,,normal,none,commit
BASIC-02,basic_long_dt_900,803,80.29999999999971,B02_MV,cav,not_applicable,7245.999973853327,-3.5,6.4033188445210145e-06,4.0,on_ramp,on_ramp_mv,,normal,not_started,commit
BASIC-02,basic_long_dt_900,803,80.29999999999971,B02_CLV,cav,not_applicable,9042.000000000002,3.5,29.999999999999947,2.2737367544323207e-14,lane_1,mainline,,normal,none,commit
BASIC-02,basic_long_dt_900,803,80.29999999999971,B02_CFV,cav,not_applicable,8957.362777468785,3.5,29.993808240638113,-0.44305013627183754,lane_1,mainline,,normal,none,commit
BASIC-02,basic_long_dt_900,803,80.29999999999971,B02_TLV_CLV,cav,not_applicable,8999.78240368716,3.5,29.954684540175453,-0.792455049900982,lane_1,mainline,,normal,none,commit
BASIC-02,basic_long_dt_900,804,80.39999999999971,B02_MV,cav,not_applicable,7245.999974478352,-3.5,6.250250323624838e-06,4.0,on_ramp,on_ramp_mv,,normal,not_started,commit
BASIC-02,basic_long_dt_900,804,80.39999999999971,B02_CLV,cav,not_applicable,9045.000000000002,3.5,29.99999999999995,2.1316282072803006e-14,lane_1,mainline,,normal,none,commit
BASIC-02,basic_long_dt_900,804,80.39999999999971,B02_CFV,cav,not_applicable,8960.365806064461,3.5,30.030285956761325,0.364777161232133,lane_1,mainline,,normal,none,commit
BASIC-02,basic_long_dt_900,804,80.39999999999971,B02_TLV_CLV,cav,not_applicable,9002.778661145316,3.5,29.96257458154719,0.07890041371737844,lane_1,mainline,,normal,none,commit
BASIC-02,basic_long_dt_900,805,80.4999999999997,B02_MV,cav,not_applicable,7245.999975088436,-3.5,6.100840826787513e-06,4.0,on_ramp,on_ramp_mv,,normal,not_started,commit
BASIC-02,basic_long_dt_900,805,80.4999999999997,B02_CLV,cav,not_applicable,9048.000000000002,3.5,29.999999999999954,1.9895196601282807e-14,lane_1,mainline,,normal,none,commit
BASIC-02,basic_long_dt_900,805,80.4999999999997,B02_CFV,cav,not_applicable,8963.360910109639,3.5,29.951040451771227,-0.792455049900982,lane_1,mainline,,normal,none,commit
BASIC-02,basic_long_dt_900,805,80.4999999999997,B02_TLV_CLV,cav,not_applicable,9005.782836879584,3.5,30.041757342669523,0.7918276112233097,lane_1,mainline,,normal,none,commit
BASIC-02,basic_long_dt_900,806,80.5999999999997,B02_MV,cav,not_applicable,7245.999975683936,-3.5,5.9550027374495795e-06,4.0,on_ramp,on_ramp_mv,,normal,not_started,commit
BASIC-02,basic_long_dt_900,806,80.5999999999997,B02_CLV,cav,not_applicable,9051.000000000002,3.5,29.999999999999957,1.8474111129762605e-14,lane_1,mainline,,normal,none,commit
BASIC-02,basic_long_dt_900,806,80.5999999999997,B02_CFV,cav,not_applicable,8966.356803158953,3.5,29.958930493142965,0.07890041371737844,lane_1,mainline,,normal,none,commit
BASIC-02,basic_long_dt_900,806,80.5999999999997,B02_TLV_CLV,cav,not_applicable,9008.782582112488,3.5,29.99745232904234,-0.44305013627183754,lane_1,mainline,,normal,none,commit
BASIC-02,basic_long_dt_900,807,80.69999999999969,B02_MV,cav,not_applicable,7245.999976265201,-3.5,5.812651047981388e-06,4.0,on_ramp,on_ramp_mv,,normal,not_started,commit
BASIC-02,basic_long_dt_900,807,80.69999999999969,B02_CLV,cav,not_applicable,9054.000000000002,3.5,29.999999999999957,1.7053025658242407e-14,lane_1,mainline,,normal,none,commit
BASIC-02,basic_long_dt_900,807,80.69999999999969,B02_CFV,cav,not_applicable,8969.36061448438,3.5,30.038113254265298,0.7918276112233097,lane_1,mainline,,normal,none,commit
BASIC-02,basic_long_dt_900,807,80.69999999999969,B02_TLV_CLV,cav,not_applicable,9011.785975117005,3.5,30.03393004516555,0.364777161232133,lane_1,mainline,,normal,none,commit
BASIC-02,basic_long_dt_900,808,80.79999999999968,B02_MV,cav,not_applicable,7245.9999768325715,-3.5,5.673702055218191e-06,4.0,on_ramp,on_ramp_mv,,normal,not_started,commit
BASIC-02,basic_long_dt_900,808,80.79999999999968,B02_CLV,cav,not_applicable,9057.000000000002,3.5,29.999999999999957,1.7053025658242407e-14,lane_1,mainline,,normal,none,commit
BASIC-02,basic_long_dt_900,808,80.79999999999968,B02_CFV,cav,not_applicable,8972.359995308443,3.5,29.993808240638113,-0.44305013627183754,lane_1,mainline,,normal,none,commit
BASIC-02,basic_long_dt_900,808,80.79999999999968,B02_TLV_CLV,cav,not_applicable,9014.781443571022,3.5,29.954684540175453,-0.792455049900982,lane_1,mainline,,normal,none,commit
BASIC-02,basic_long_dt_900,809,80.89999999999968,B02_MV,cav,not_applicable,7245.999977386379,-3.5,5.538074664925057e-06,4.0,on_ramp,on_ramp_mv,,normal,not_started,commit
BASIC-02,basic_long_dt_900,809,80.89999999999968,B02_CLV,cav,not_applicable,9060.000000000002,3.5,29.999999999999957,1.7053025658242407e-14,lane_1,mainline,,normal,none,commit
BASIC-02,basic_long_dt_900,809,80.89999999999968,B02_CFV,cav,not_applicable,8975.36302390412,3.5,30.030285956761325,0.364777161232133,lane_1,mainline,,normal,none,commit
BASIC-02,basic_long_dt_900,809,80.89999999999968,B02_TLV_CLV,cav,not_applicable,9017.777701029177,3.5,29.96257458154719,0.07890041371737844,lane_1,mainline,,normal,none,commit
BASIC-02,basic_long_dt_900,810,80.99999999999967,B02_MV,cav,not_applicable,7245.999977926948,-3.5,5.4056893047427724e-06,4.0,on_ramp,on_ramp_mv,,normal,not_started,commit
BASIC-02,basic_long_dt_900,810,80.99999999999967,B02_CLV,cav,not_applicable,9063.000000000002,3.5,29.999999999999957,1.7053025658242407e-14,lane_1,mainline,,normal,none,commit
BASIC-02,basic_long_dt_900,810,80.99999999999967,B02_CFV,cav,not_applicable,8978.358127949297,3.5,29.951040451771227,-0.792455049900982,lane_1,mainline,,normal,none,commit
BASIC-02,basic_long_dt_900,810,80.99999999999967,B02_TLV_CLV,cav,not_applicable,9020.781876763445,3.5,30.041757342669523,0.7918276112233097,lane_1,mainline,,normal,none,commit
BASIC-02,basic_long_dt_900,811,81.09999999999967,B02_MV,cav,not_applicable,7245.999978454595,-3.5,5.2764685764203e-06,4.0,on_ramp,on_ramp_mv,,normal,not_started,commit
BASIC-02,basic_long_dt_900,811,81.09999999999967,B02_CLV,cav,not_applicable,9066.000000000002,3.5,29.999999999999957,1.7053025658242407e-14,lane_1,mainline,,normal,none,commit
BASIC-02,basic_long_dt_900,811,81.09999999999967,B02_CFV,cav,not_applicable,8981.354020998611,3.5,29.958930493142965,0.07890041371737844,lane_1,mainline,,normal,none,commit
BASIC-02,basic_long_dt_900,811,81.09999999999967,B02_TLV_CLV,cav,not_applicable,9023.78162199635,3.5,29.99745232904234,-0.44305013627183754,lane_1,mainline,,normal,none,commit
BASIC-02,basic_long_dt_900,812,81.19999999999966,B02_MV,cav,not_applicable,7245.999978969629,-3.5,5.150336820993143e-06,4.0,on_ramp,on_ramp_mv,,normal,not_started,commit
BASIC-02,basic_long_dt_900,812,81.19999999999966,B02_CLV,cav,not_applicable,9069.000000000002,3.5,29.999999999999957,1.7053025658242407e-14,lane_1,mainline,,normal,none,commit
BASIC-02,basic_long_dt_900,812,81.19999999999966,B02_CFV,cav,not_applicable,8984.357832324038,3.5,30.038113254265298,0.7918276112233097,lane_1,mainline,,normal,none,commit
BASIC-02,basic_long_dt_900,812,81.19999999999966,B02_TLV_CLV,cav,not_applicable,9026.785015000867,3.5,30.03393004516555,0.364777161232133,lane_1,mainline,,normal,none,commit
BASIC-02,basic_long_dt_900,813,81.29999999999966,B02_MV,cav,not_applicable,7245.999979472352,-3.5,5.0272201187833465e-06,4.0,on_ramp,on_ramp_mv,,normal,not_started,commit
BASIC-02,basic_long_dt_900,813,81.29999999999966,B02_CLV,cav,not_applicable,9072.000000000002,3.5,29.999999999999957,1.7053025658242407e-14,lane_1,mainline,,normal,none,commit
BASIC-02,basic_long_dt_900,813,81.29999999999966,B02_CFV,cav,not_applicable,8987.357213148101,3.5,29.993808240638113,-0.44305013627183754,lane_1,mainline,,normal,none,commit
BASIC-02,basic_long_dt_900,813,81.29999999999966,B02_TLV_CLV,cav,not_applicable,9029.780483454884,3.5,29.954684540175453,-0.792455049900982,lane_1,mainline,,normal,none,commit
BASIC-02,basic_long_dt_900,814,81.39999999999965,B02_MV,cav,not_applicable,7245.999979963056,-3.5,4.9070465068103095e-06,4.0,on_ramp,on_ramp_mv,,normal,not_started,commit
BASIC-02,basic_long_dt_900,814,81.39999999999965,B02_CLV,cav,not_applicable,9075.000000000002,3.5,29.999999999999957,1.7053025658242407e-14,lane_1,mainline,,normal,none,commit
BASIC-02,basic_long_dt_900,814,81.39999999999965,B02_CFV,cav,not_applicable,8990.360241743778,3.5,30.030285956761325,0.364777161232133,lane_1,mainline,,normal,none,commit
BASIC-02,basic_long_dt_900,814,81.39999999999965,B02_TLV_CLV,cav,not_applicable,9032.77674091304,3.5,29.96257458154719,0.07890041371737844,lane_1,mainline,,normal,none,commit
BASIC-02,basic_long_dt_900,815,81.49999999999964,B02_MV,cav,not_applicable,7245.99998044203,-3.5,4.789745761379973e-06,4.0,on_ramp,on_ramp_mv,,normal,not_started,commit
BASIC-02,basic_long_dt_900,815,81.49999999999964,B02_CLV,cav,not_applicable,9078.000000000002,3.5,29.999999999999957,1.7053025658242407e-14,lane_1,mainline,,normal,none,commit
BASIC-02,basic_long_dt_900,815,81.49999999999964,B02_CFV,cav,not_applicable,8993.355345788956,3.5,29.951040451771227,-0.792455049900982,lane_1,mainline,,normal,none,commit
BASIC-02,basic_long_dt_900,815,81.49999999999964,B02_TLV_CLV,cav,not_applicable,9035.780916647307,3.5,30.041757342669523,0.7918276112233097,lane_1,mainline,,normal,none,commit
BASIC-02,basic_long_dt_900,816,81.59999999999964,B02_MV,cav,not_applicable,7245.999980909555,-3.5,4.675248963263186e-06,4.0,on_ramp,on_ramp_mv,,normal,not_started,commit
BASIC-02,basic_long_dt_900,816,81.59999999999964,B02_CLV,cav,not_applicable,9081.000000000002,3.5,29.999999999999957,1.7053025658242407e-14,lane_1,mainline,,normal,none,commit
BASIC-02,basic_long_dt_900,816,81.59999999999964,B02_CFV,cav,not_applicable,8996.35123883827,3.5,29.958930493142965,0.07890041371737844,lane_1,mainline,,normal,none,commit
BASIC-02,basic_long_dt_900,816,81.59999999999964,B02_TLV_CLV,cav,not_applicable,9038.780661880211,3.5,29.99745232904234,-0.44305013627183754,lane_1,mainline,,normal,none,commit
BASIC-02,basic_long_dt_900,817,81.69999999999963,B02_MV,cav,not_applicable,7245.999981365904,-3.5,4.56348914992815e-06,4.0,on_ramp,on_ramp_mv,,normal,not_started,commit
BASIC-02,basic_long_dt_900,817,81.69999999999963,B02_CLV,cav,not_applicable,9084.000000000002,3.5,29.999999999999957,1.7053025658242407e-14,lane_1,mainline,,normal,none,commit
BASIC-02,basic_long_dt_900,817,81.69999999999963,B02_CFV,cav,not_applicable,8999.355050163696,3.5,30.038113254265298,0.7918276112233097,lane_1,mainline,,normal,none,commit
BASIC-02,basic_long_dt_900,817,81.69999999999963,B02_TLV_CLV,cav,not_applicable,9041.784054884729,3.5,30.03393004516555,0.364777161232133,lane_1,mainline,,normal,none,commit
BASIC-02,basic_long_dt_900,818,81.79999999999963,B02_MV,cav,not_applicable,7245.999981811345,-3.5,4.454400880718793e-06,4.0,on_ramp,on_ramp_mv,,normal,not_started,commit
BASIC-02,basic_long_dt_900,818,81.79999999999963,B02_CLV,cav,not_applicable,9087.000000000002,3.5,29.999999999999957,1.7053025658242407e-14,lane_1,mainline,,normal,none,commit
BASIC-02,basic_long_dt_900,818,81.79999999999963,B02_CFV,cav,not_applicable,9002.35443098776,3.5,29.993808240638113,-0.44305013627183754,lane_1,mainline,,normal,none,commit
BASIC-02,basic_long_dt_900,818,81.79999999999963,B02_TLV_CLV,cav,not_applicable,9044.779523338746,3.5,29.954684540175453,-0.792455049900982,lane_1,mainline,,normal,none,commit
BASIC-02,basic_long_dt_900,819,81.89999999999962,B02_MV,cav,not_applicable,7245.999982246137,-3.5,4.3479202368547634e-06,4.0,on_ramp,on_ramp_mv,,normal,not_started,commit
BASIC-02,basic_long_dt_900,819,81.89999999999962,B02_CLV,cav,not_applicable,9090.000000000002,3.5,29.999999999999957,1.7053025658242407e-14,lane_1,mainline,,normal,none,commit
BASIC-02,basic_long_dt_900,819,81.89999999999962,B02_CFV,cav,not_applicable,9005.357459583436,3.5,30.030285956761325,0.364777161232133,lane_1,mainline,,normal,none,commit
BASIC-02,basic_long_dt_900,819,81.89999999999962,B02_TLV_CLV,cav,not_applicable,9047.775780796901,3.5,29.96257458154719,0.07890041371737844,lane_1,mainline,,normal,none,commit
BASIC-02,basic_long_dt_900,820,81.99999999999962,B02_MV,cav,not_applicable,7245.999982670535,-3.5,4.243985038842251e-06,4.0,on_ramp,on_ramp_mv,,normal,not_started,commit
BASIC-02,basic_long_dt_900,820,81.99999999999962,B02_CLV,cav,not_applicable,9093.000000000002,3.5,29.999999999999957,1.7053025658242407e-14,lane_1,mainline,,normal,none,commit
BASIC-02,basic_long_dt_900,820,81.99999999999962,B02_CFV,cav,not_applicable,9008.352563628614,3.5,29.951040451771227,-0.792455049900982,lane_1,mainline,,normal,none,commit
BASIC-02,basic_long_dt_900,820,81.99999999999962,B02_TLV_CLV,cav,not_applicable,9050.779956531169,3.5,30.041757342669523,0.7918276112233097,lane_1,mainline,,normal,none,commit
BASIC-02,basic_long_dt_900,821,82.09999999999961,B02_MV,cav,not_applicable,7245.999983084788,-3.5,4.142534411652351e-06,4.0,on_ramp,on_ramp_mv,,normal,not_started,commit
BASIC-02,basic_long_dt_900,821,82.09999999999961,B02_CLV,cav,not_applicable,9096.000000000002,3.5,29.999999999999957,1.7053025658242407e-14,lane_1,mainline,,normal,none,commit
BASIC-02,basic_long_dt_900,821,82.09999999999961,B02_CFV,cav,not_applicable,9011.348456677928,3.5,29.958930493142965,0.07890041371737844,lane_1,mainline,,normal,none,commit
BASIC-02,basic_long_dt_900,821,82.09999999999961,B02_TLV_CLV,cav,not_applicable,9053.779701764073,3.5,29.99745232904234,-0.44305013627183754,lane_1,mainline,,normal,none,commit
BASIC-02,basic_long_dt_900,822,82.1999999999996,B02_MV,cav,not_applicable,7245.99998348914,-3.5,4.043509002131879e-06,4.0,on_ramp,on_ramp_mv,,normal,not_started,commit
BASIC-02,basic_long_dt_900,822,82.1999999999996,B02_CLV,cav,not_applicable,9099.000000000002,3.5,29.999999999999957,1.7053025658242407e-14,lane_1,mainline,,normal,none,commit
BASIC-02,basic_long_dt_900,822,82.1999999999996,B02_CFV,cav,not_applicable,9014.352268003355,3.5,30.038113254265298,0.7918276112233097,lane_1,mainline,,normal,none,commit
BASIC-02,basic_long_dt_900,822,82.1999999999996,B02_TLV_CLV,cav,not_applicable,9056.78309476859,3.5,30.03393004516555,0.364777161232133,lane_1,mainline,,normal,none,commit
BASIC-02,basic_long_dt_900,823,82.2999999999996,B02_MV,cav,not_applicable,7245.999983883825,-3.5,3.9468505441817415e-06,4.0,on_ramp,on_ramp_mv,,normal,not_started,commit
BASIC-02,basic_long_dt_900,823,82.2999999999996,B02_CLV,cav,not_applicable,9102.000000000002,3.5,29.999999999999957,1.7053025658242407e-14,lane_1,mainline,,normal,none,commit
BASIC-02,basic_long_dt_900,823,82.2999999999996,B02_CFV,cav,not_applicable,9017.351648827418,3.5,29.993808240638113,-0.44305013627183754,lane_1,mainline,,normal,none,commit
BASIC-02,basic_long_dt_900,823,82.2999999999996,B02_TLV_CLV,cav,not_applicable,9059.778563222608,3.5,29.954684540175453,-0.792455049900982,lane_1,mainline,,normal,none,commit
BASIC-02,basic_long_dt_900,824,82.3999999999996,B02_MV,cav,not_applicable,7245.999984269075,-3.5,3.852502728400201e-06,4.0,on_ramp,on_ramp_mv,,normal,not_started,commit
BASIC-02,basic_long_dt_900,824,82.3999999999996,B02_CLV,cav,not_applicable,9105.000000000002,3.5,29.999999999999957,1.7053025658242407e-14,lane_1,mainline,,normal,none,commit
BASIC-02,basic_long_dt_900,824,82.3999999999996,B02_CFV,cav,not_applicable,9020.354677423094,3.5,30.030285956761325,0.364777161232133,lane_1,mainline,,normal,none,commit
BASIC-02,basic_long_dt_900,824,82.3999999999996,B02_TLV_CLV,cav,not_applicable,9062.774820680763,3.5,29.96257458154719,0.07890041371737844,lane_1,mainline,,normal,none,commit
BASIC-02,basic_long_dt_900,825,82.49999999999959,B02_MV,cav,not_applicable,7245.999984645116,-3.5,3.7604103324396057e-06,4.0,on_ramp,on_ramp_mv,,normal,not_started,commit
BASIC-02,basic_long_dt_900,825,82.49999999999959,B02_CLV,cav,not_applicable,9108.000000000002,3.5,29.999999999999957,1.7053025658242407e-14,lane_1,mainline,,normal,none,commit
BASIC-02,basic_long_dt_900,825,82.49999999999959,B02_CFV,cav,not_applicable,9023.349781468272,3.5,29.951040451771227,-0.792455049900982,lane_1,mainline,,normal,none,commit
BASIC-02,basic_long_dt_900,825,82.49999999999959,B02_TLV_CLV,cav,not_applicable,9065.77899641503,3.5,30.041757342669523,0.7918276112233097,lane_1,mainline,,normal,none,commit
BASIC-02,basic_long_dt_900,826,82.59999999999958,B02_MV,cav,not_applicable,7245.999985012168,-3.5,3.6705194384172127e-06,4.0,on_ramp,on_ramp_mv,,normal,not_started,commit
BASIC-02,basic_long_dt_900,826,82.59999999999958,B02_CLV,cav,not_applicable,9111.000000000002,3.5,29.999999999999957,1.7053025658242407e-14,lane_1,mainline,,normal,none,commit
BASIC-02,basic_long_dt_900,826,82.59999999999958,B02_CFV,cav,not_applicable,9026.345674517586,3.5,29.958930493142965,0.07890041371737844,lane_1,mainline,,normal,none,commit
BASIC-02,basic_long_dt_900,826,82.59999999999958,B02_TLV_CLV,cav,not_applicable,9068.778741647935,3.5,29.99745232904234,-0.44305013627183754,lane_1,mainline,,normal,none,commit
BASIC-02,basic_long_dt_900,827,82.69999999999958,B02_MV,cav,not_applicable,7245.999985370446,-3.5,3.5827772155043635e-06,4.0,on_ramp,on_ramp_mv,,normal,not_started,commit
BASIC-02,basic_long_dt_900,827,82.69999999999958,B02_CLV,cav,not_applicable,9114.000000000002,3.5,29.999999999999957,1.7053025658242407e-14,lane_1,mainline,,normal,none,commit
BASIC-02,basic_long_dt_900,827,82.69999999999958,B02_CFV,cav,not_applicable,9029.349485843013,3.5,30.038113254265298,0.7918276112233097,lane_1,mainline,,normal,none,commit
BASIC-02,basic_long_dt_900,827,82.69999999999958,B02_TLV_CLV,cav,not_applicable,9071.782134652452,3.5,30.03393004516555,0.364777161232133,lane_1,mainline,,normal,none,commit
BASIC-02,basic_long_dt_900,828,82.79999999999957,B02_MV,cav,not_applicable,7245.999985720159,-3.5,3.4971323547481243e-06,4.0,on_ramp,on_ramp_mv,,normal,not_started,commit
BASIC-02,basic_long_dt_900,828,82.79999999999957,B02_CLV,cav,not_applicable,9117.000000000002,3.5,29.999999999999957,1.7053025658242407e-14,lane_1,mainline,,normal,none,commit
BASIC-02,basic_long_dt_900,828,82.79999999999957,B02_CFV,cav,not_applicable,9032.348866667076,3.5,29.993808240638113,-0.44305013627183754,lane_1,mainline,,normal,none,commit
BASIC-02,basic_long_dt_900,828,82.79999999999957,B02_TLV_CLV,cav,not_applicable,9074.77760310647,3.5,29.954684540175453,-0.792455049900982,lane_1,mainline,,normal,none,commit
BASIC-02,basic_long_dt_900,829,82.89999999999957,B02_MV,cav,not_applicable,7245.999986061513,-3.5,3.4135348516604654e-06,4.0,on_ramp,on_ramp_mv,,normal,not_started,commit
BASIC-02,basic_long_dt_900,829,82.89999999999957,B02_CLV,cav,not_applicable,9120.000000000002,3.5,29.999999999999957,1.7053025658242407e-14,lane_1,mainline,,normal,none,commit
BASIC-02,basic_long_dt_900,829,82.89999999999957,B02_CFV,cav,not_applicable,9035.351895262753,3.5,30.030285956761325,0.364777161232133,lane_1,mainline,,normal,none,commit
BASIC-02,basic_long_dt_900,829,82.89999999999957,B02_TLV_CLV,cav,not_applicable,9077.773860564625,3.5,29.96257458154719,0.07890041371737844,lane_1,mainline,,normal,none,commit
BASIC-02,basic_long_dt_900,830,82.99999999999956,B02_MV,cav,not_applicable,7245.999986394706,-3.5,3.331935788807445e-06,4.0,on_ramp,on_ramp_mv,,normal,not_started,commit
BASIC-02,basic_long_dt_900,830,82.99999999999956,B02_CLV,cav,not_applicable,9123.000000000002,3.5,29.999999999999957,1.7053025658242407e-14,lane_1,mainline,,normal,none,commit
BASIC-02,basic_long_dt_900,830,82.99999999999956,B02_CFV,cav,not_applicable,9038.34699930793,3.5,29.951040451771227,-0.792455049900982,lane_1,mainline,,normal,none,commit
BASIC-02,basic_long_dt_900,830,82.99999999999956,B02_TLV_CLV,cav,not_applicable,9080.778036298892,3.5,30.041757342669523,0.7918276112233097,lane_1,mainline,,normal,none,commit
BASIC-02,basic_long_dt_900,831,83.09999999999955,B02_MV,cav,not_applicable,7245.999986719935,-3.5,3.2522873358092088e-06,4.0,on_ramp,on_ramp_mv,,normal,not_started,commit
BASIC-02,basic_long_dt_900,831,83.09999999999955,B02_CLV,cav,not_applicable,9126.000000000002,3.5,29.999999999999957,1.7053025658242407e-14,lane_1,mainline,,normal,none,commit
BASIC-02,basic_long_dt_900,831,83.09999999999955,B02_CFV,cav,not_applicable,9041.342892357245,3.5,29.958930493142965,0.07890041371737844,lane_1,mainline,,normal,none,commit
BASIC-02,basic_long_dt_900,831,83.09999999999955,B02_TLV_CLV,cav,not_applicable,9083.777781531797,3.5,29.99745232904234,-0.44305013627183754,lane_1,mainline,,normal,none,commit
BASIC-02,basic_long_dt_900,832,83.19999999999955,B02_MV,cav,not_applicable,7245.9999870373895,-3.5,3.17454274933999e-06,4.0,on_ramp,on_ramp_mv,,normal,not_started,commit
BASIC-02,basic_long_dt_900,832,83.19999999999955,B02_CLV,cav,not_applicable,9129.000000000002,3.5,29.999999999999957,1.7053025658242407e-14,lane_1,mainline,,normal,none,commit
BASIC-02,basic_long_dt_900,832,83.19999999999955,B02_CFV,cav,not_applicable,9044.346703682671,3.5,30.038113254265298,0.7918276112233097,lane_1,mainline,,normal,none,commit
BASIC-02,basic_long_dt_900,832,83.19999999999955,B02_TLV_CLV,cav,not_applicable,9086.781174536314,3.5,30.03393004516555,0.364777161232133,lane_1,mainline,,normal,none,commit
BASIC-02,basic_long_dt_900,833,83.29999999999954,B02_MV,cav,not_applicable,7245.999987347255,-3.5,3.098656590538927e-06,4.0,on_ramp,on_ramp_mv,,normal,not_started,commit
BASIC-02,basic_long_dt_900,833,83.29999999999954,B02_CLV,cav,not_applicable,9132.000000000002,3.5,29.999999999999957,1.7053025658242407e-14,lane_1,mainline,,normal,none,commit
BASIC-02,basic_long_dt_900,833,83.29999999999954,B02_CFV,cav,not_applicable,9047.346084506735,3.5,29.993808240638113,-0.44305013627183754,lane_1,mainline,,normal,none,commit
BASIC-02,basic_long_dt_900,833,83.29999999999954,B02_TLV_CLV,cav,not_applicable,9089.776642990331,3.5,29.954684540175453,-0.792455049900982,lane_1,mainline,,normal,none,commit
BASIC-02,basic_long_dt_900,834,83.39999999999954,B02_MV,cav,not_applicable,7245.999987649714,-3.5,3.024584507599246e-06,4.0,on_ramp,on_ramp_mv,,normal,not_started,commit
BASIC-02,basic_long_dt_900,834,83.39999999999954,B02_CLV,cav,not_applicable,9135.000000000002,3.5,29.999999999999957,1.7053025658242407e-14,lane_1,mainline,,normal,none,commit
BASIC-02,basic_long_dt_900,834,83.39999999999954,B02_CFV,cav,not_applicable,9050.349113102411,3.5,30.030285956761325,0.364777161232133,lane_1,mainline,,normal,none,commit
BASIC-02,basic_long_dt_900,834,83.39999999999954,B02_TLV_CLV,cav,not_applicable,9092.772900448486,3.5,29.96257458154719,0.07890041371737844,lane_1,mainline,,normal,none,commit
BASIC-02,basic_long_dt_900,835,83.49999999999953,B02_MV,cav,not_applicable,7245.999987944942,-3.5,2.9522830183574434e-06,4.0,on_ramp,on_ramp_mv,,normal,not_started,commit
BASIC-02,basic_long_dt_900,835,83.49999999999953,B02_CLV,cav,not_applicable,9138.000000000002,3.5,29.999999999999957,1.7053025658242407e-14,lane_1,mainline,,normal,none,commit
BASIC-02,basic_long_dt_900,835,83.49999999999953,B02_CFV,cav,not_applicable,9053.344217147589,3.5,29.951040451771227,-0.792455049900982,lane_1,mainline,,normal,none,commit
BASIC-02,basic_long_dt_900,835,83.49999999999953,B02_TLV_CLV,cav,not_applicable,9095.777076182754,3.5,30.041757342669523,0.7918276112233097,lane_1,mainline,,normal,none,commit
BASIC-02,basic_long_dt_900,836,83.59999999999953,B02_MV,cav,not_applicable,7245.999988233113,-3.5,2.8817099451149198e-06,4.0,on_ramp,on_ramp_mv,,normal,not_started,commit
BASIC-02,basic_long_dt_900,836,83.59999999999953,B02_CLV,cav,not_applicable,9141.000000000002,3.5,29.999999999999957,1.7053025658242407e-14,lane_1,mainline,,normal,none,commit
BASIC-02,basic_long_dt_900,836,83.59999999999953,B02_CFV,cav,not_applicable,9056.340110196903,3.5,29.958930493142965,0.07890041371737844,lane_1,mainline,,normal,none,commit
BASIC-02,basic_long_dt_900,836,83.59999999999953,B02_TLV_CLV,cav,not_applicable,9098.776821415659,3.5,29.99745232904234,-0.44305013627183754,lane_1,mainline,,normal,none,commit
BASIC-02,basic_long_dt_900,837,83.69999999999952,B02_MV,cav,not_applicable,7245.999988514395,-3.5,2.812823979816347e-06,4.0,on_ramp,on_ramp_mv,,normal,not_started,commit
BASIC-02,basic_long_dt_900,837,83.69999999999952,B02_CLV,cav,not_applicable,9144.000000000002,3.5,29.999999999999957,1.7053025658242407e-14,lane_1,mainline,,normal,none,commit
BASIC-02,basic_long_dt_900,837,83.69999999999952,B02_CFV,cav,not_applicable,9059.34392152233,3.5,30.038113254265298,0.7918276112233097,lane_1,mainline,,normal,none,commit
BASIC-02,basic_long_dt_900,837,83.69999999999952,B02_TLV_CLV,cav,not_applicable,9101.780214420176,3.5,30.03393004516555,0.364777161232133,lane_1,mainline,,normal,none,commit
BASIC-02,basic_long_dt_900,838,83.79999999999951,B02_MV,cav,not_applicable,7245.9999887889535,-3.5,2.745584684049666e-06,4.0,on_ramp,on_ramp_mv,,normal,not_started,commit
BASIC-02,basic_long_dt_900,838,83.79999999999951,B02_CLV,cav,not_applicable,9147.000000000002,3.5,29.999999999999957,1.7053025658242407e-14,lane_1,mainline,,normal,none,commit
BASIC-02,basic_long_dt_900,838,83.79999999999951,B02_CFV,cav,not_applicable,9062.343302346393,3.5,29.993808240638113,-0.44305013627183754,lane_1,mainline,,normal,none,commit
BASIC-02,basic_long_dt_900,838,83.79999999999951,B02_TLV_CLV,cav,not_applicable,9104.775682874193,3.5,29.954684540175453,-0.792455049900982,lane_1,mainline,,normal,none,commit
BASIC-02,basic_long_dt_900,839,83.89999999999951,B02_MV,cav,not_applicable,7245.999989056949,-3.5,2.679952706456906e-06,4.0,on_ramp,on_ramp_mv,,normal,not_started,commit
BASIC-02,basic_long_dt_900,839,83.89999999999951,B02_CLV,cav,not_applicable,9150.000000000002,3.5,29.999999999999957,1.7053025658242407e-14,lane_1,mainline,,normal,none,commit
BASIC-02,basic_long_dt_900,839,83.89999999999951,B02_CFV,cav,not_applicable,9065.34633094207,3.5,30.030285956761325,0.364777161232133,lane_1,mainline,,normal,none,commit
BASIC-02,basic_long_dt_900,839,83.89999999999951,B02_TLV_CLV,cav,not_applicable,9107.771940332348,3.5,29.96257458154719,0.07890041371737844,lane_1,mainline,,normal,none,commit
BASIC-02,basic_long_dt_900,840,83.9999999999995,B02_MV,cav,not_applicable,7245.999989318538,-3.5,2.6158895653233662e-06,4.0,on_ramp,on_ramp_mv,,normal,not_started,commit
BASIC-02,basic_long_dt_900,840,83.9999999999995,B02_CLV,cav,not_applicable,9153.000000000002,3.5,29.999999999999957,1.7053025658242407e-14,lane_1,mainline,,normal,none,commit
BASIC-02,basic_long_dt_900,840,83.9999999999995,B02_CFV,cav,not_applicable,9068.341434987247,3.5,29.951040451771227,-0.792455049900982,lane_1,mainline,,normal,none,commit
BASIC-02,basic_long_dt_900,840,83.9999999999995,B02_TLV_CLV,cav,not_applicable,9110.776116066616,3.5,30.041757342669523,0.7918276112233097,lane_1,mainline,,normal,none,commit
BASIC-02,basic_long_dt_900,841,84.0999999999995,B02_MV,cav,not_applicable,7245.999989573874,-3.5,2.553357865988433e-06,4.0,on_ramp,on_ramp_mv,,normal,not_started,commit
BASIC-02,basic_long_dt_900,841,84.0999999999995,B02_CLV,cav,not_applicable,9156.000000000002,3.5,29.999999999999957,1.7053025658242407e-14,lane_1,mainline,,normal,none,commit
BASIC-02,basic_long_dt_900,841,84.0999999999995,B02_CFV,cav,not_applicable,9071.337328036561,3.5,29.958930493142965,0.07890041371737844,lane_1,mainline,,normal,none,commit
BASIC-02,basic_long_dt_900,841,84.0999999999995,B02_TLV_CLV,cav,not_applicable,9113.77586129952,3.5,29.99745232904234,-0.44305013627183754,lane_1,mainline,,normal,none,commit
BASIC-02,basic_long_dt_900,842,84.19999999999949,B02_MV,cav,not_applicable,7245.999989823106,-3.5,2.492320866023946e-06,4.0,on_ramp,on_ramp_mv,,normal,not_started,commit
BASIC-02,basic_long_dt_900,842,84.19999999999949,B02_CLV,cav,not_applicable,9159.000000000002,3.5,29.999999999999957,1.7053025658242407e-14,lane_1,mainline,,normal,none,commit
BASIC-02,basic_long_dt_900,842,84.19999999999949,B02_CFV,cav,not_applicable,9074.341139361988,3.5,30.038113254265298,0.7918276112233097,lane_1,mainline,,normal,none,commit
BASIC-02,basic_long_dt_900,842,84.19999999999949,B02_TLV_CLV,cav,not_applicable,9116.779254304038,3.5,30.03393004516555,0.364777161232133,lane_1,mainline,,normal,none,commit
BASIC-02,basic_long_dt_900,843,84.29999999999949,B02_MV,cav,not_applicable,7245.999990066381,-3.5,2.4327429100558318e-06,4.0,on_ramp,on_ramp_mv,,normal,not_started,commit
BASIC-02,basic_long_dt_900,843,84.29999999999949,B02_CLV,cav,not_applicable,9162.000000000002,3.5,29.999999999999957,1.7053025658242407e-14,lane_1,mainline,,normal,none,commit
BASIC-02,basic_long_dt_900,843,84.29999999999949,B02_CFV,cav,not_applicable,9077.340520186051,3.5,29.993808240638113,-0.44305013627183754,lane_1,mainline,,normal,none,commit
BASIC-02,basic_long_dt_900,843,84.29999999999949,B02_TLV_CLV,cav,not_applicable,9119.774722758055,3.5,29.954684540175453,-0.792455049900982,lane_1,mainline,,normal,none,commit
BASIC-02,basic_long_dt_900,844,84.39999999999948,B02_MV,cav,not_applicable,7245.99999030384,-3.5,2.374589212353287e-06,4.0,on_ramp,on_ramp_mv,,normal,not_started,commit
BASIC-02,basic_long_dt_900,844,84.39999999999948,B02_CLV,cav,not_applicable,9165.000000000002,3.5,29.999999999999957,1.7053025658242407e-14,lane_1,mainline,,normal,none,commit
BASIC-02,basic_long_dt_900,844,84.39999999999948,B02_CFV,cav,not_applicable,9080.343548781728,3.5,30.030285956761325,0.364777161232133,lane_1,mainline,,normal,none,commit
BASIC-02,basic_long_dt_900,844,84.39999999999948,B02_TLV_CLV,cav,not_applicable,9122.77098021621,3.5,29.96257458154719,0.07890041371737844,lane_1,mainline,,normal,none,commit
BASIC-02,basic_long_dt_900,845,84.49999999999947,B02_MV,cav,not_applicable,7245.999990535623,-3.5,2.3178256394179616e-06,4.0,on_ramp,on_ramp_mv,,normal,not_started,commit
BASIC-02,basic_long_dt_900,845,84.49999999999947,B02_CLV,cav,not_applicable,9168.000000000002,3.5,29.999999999999957,1.7053025658242407e-14,lane_1,mainline,,normal,none,commit
BASIC-02,basic_long_dt_900,845,84.49999999999947,B02_CFV,cav,not_applicable,9083.338652826906,3.5,29.951040451771227,-0.792455049900982,lane_1,mainline,,normal,none,commit
BASIC-02,basic_long_dt_900,845,84.49999999999947,B02_TLV_CLV,cav,not_applicable,9125.775155950478,3.5,30.041757342669523,0.7918276112233097,lane_1,mainline,,normal,none,commit
BASIC-02,basic_long_dt_900,846,84.59999999999947,B02_MV,cav,not_applicable,7245.999990761865,-3.5,2.262418927394775e-06,4.0,on_ramp,on_ramp_mv,,normal,not_started,commit
BASIC-02,basic_long_dt_900,846,84.59999999999947,B02_CLV,cav,not_applicable,9171.000000000002,3.5,29.999999999999957,1.7053025658242407e-14,lane_1,mainline,,normal,none,commit
BASIC-02,basic_long_dt_900,846,84.59999999999947,B02_CFV,cav,not_applicable,9086.33454587622,3.5,29.958930493142965,0.07890041371737844,lane_1,mainline,,normal,none,commit
BASIC-02,basic_long_dt_900,846,84.59999999999947,B02_TLV_CLV,cav,not_applicable,9128.774901183382,3.5,29.99745232904234,-0.44305013627183754,lane_1,mainline,,normal,none,commit
BASIC-02,basic_long_dt_900,847,84.69999999999946,B02_MV,cav,not_applicable,7245.999990982698,-3.5,2.208336682071916e-06,4.0,on_ramp,on_ramp_mv,,normal,not_started,commit
BASIC-02,basic_long_dt_900,847,84.69999999999946,B02_CLV,cav,not_applicable,9174.000000000002,3.5,29.999999999999957,1.7053025658242407e-14,lane_1,mainline,,normal,none,commit
BASIC-02,basic_long_dt_900,847,84.69999999999946,B02_CFV,cav,not_applicable,9089.338357201646,3.5,30.038113254265298,0.7918276112233097,lane_1,mainline,,normal,none,commit
BASIC-02,basic_long_dt_900,847,84.69999999999946,B02_TLV_CLV,cav,not_applicable,9131.7782941879,3.5,30.03393004516555,0.364777161232133,lane_1,mainline,,normal,none,commit
BASIC-02,basic_long_dt_900,848,84.79999999999946,B02_MV,cav,not_applicable,7245.999991198253,-3.5,2.1555473788808453e-06,4.0,on_ramp,on_ramp_mv,,normal,not_started,commit
BASIC-02,basic_long_dt_900,848,84.79999999999946,B02_CLV,cav,not_applicable,9177.000000000002,3.5,29.999999999999957,1.7053025658242407e-14,lane_1,mainline,,normal,none,commit
BASIC-02,basic_long_dt_900,848,84.79999999999946,B02_CFV,cav,not_applicable,9092.33773802571,3.5,29.993808240638113,-0.44305013627183754,lane_1,mainline,,normal,none,commit
BASIC-02,basic_long_dt_900,848,84.79999999999946,B02_TLV_CLV,cav,not_applicable,9134.773762641917,3.5,29.954684540175453,-0.792455049900982,lane_1,mainline,,normal,none,commit
BASIC-02,basic_long_dt_900,849,84.89999999999945,B02_MV,cav,not_applicable,7245.999991408655,-3.5,2.104019928074657e-06,4.0,on_ramp,on_ramp_mv,,normal,not_started,commit
BASIC-02,basic_long_dt_900,849,84.89999999999945,B02_CLV,cav,not_applicable,9180.000000000002,3.5,29.999999999999957,1.7053025658242407e-14,lane_1,mainline,,normal,none,commit
BASIC-02,basic_long_dt_900,849,84.89999999999945,B02_CFV,cav,not_applicable,9095.340766621386,3.5,30.030285956761325,0.364777161232133,lane_1,mainline,,normal,none,commit
BASIC-02,basic_long_dt_900,849,84.89999999999945,B02_TLV_CLV,cav,not_applicable,9137.770020100072,3.5,29.96257458154719,0.07890041371737844,lane_1,mainline,,normal,none,commit
BASIC-02,basic_long_dt_900,850,84.99999999999945,B02_MV,cav,not_applicable,7245.999991614027,-3.5,2.053724326960534e-06,4.0,on_ramp,on_ramp_mv,,normal,not_started,commit
BASIC-02,basic_long_dt_900,850,84.99999999999945,B02_CLV,cav,not_applicable,9183.000000000002,3.5,29.999999999999957,1.7053025658242407e-14,lane_1,mainline,,normal,none,commit
BASIC-02,basic_long_dt_900,850,84.99999999999945,B02_CFV,cav,not_applicable,9098.335870666564,3.5,29.951040451771227,-0.792455049900982,lane_1,mainline,,normal,none,commit
BASIC-02,basic_long_dt_900,850,84.99999999999945,B02_TLV_CLV,cav,not_applicable,9140.77419583434,3.5,30.041757342669523,0.7918276112233097,lane_1,mainline,,normal,none,commit
BASIC-02,basic_long_dt_900,851,85.09999999999944,B02_MV,cav,not_applicable,7245.99999181449,-3.5,2.004631007667293e-06,4.0,on_ramp,on_ramp_mv,,normal,not_started,commit
BASIC-02,basic_long_dt_900,851,85.09999999999944,B02_CLV,cav,not_applicable,9186.000000000002,3.5,29.999999999999957,1.7053025658242407e-14,lane_1,mainline,,normal,none,commit
BASIC-02,basic_long_dt_900,851,85.09999999999944,B02_CFV,cav,not_applicable,9101.331763715878,3.5,29.958930493142965,0.07890041371737844,lane_1,mainline,,normal,none,commit
BASIC-02,basic_long_dt_900,851,85.09999999999944,B02_TLV_CLV,cav,not_applicable,9143.773941067244,3.5,29.99745232904234,-0.44305013627183754,lane_1,mainline,,normal,none,commit
BASIC-02,basic_long_dt_900,852,85.19999999999943,B02_MV,cav,not_applicable,7245.999992010162,-3.5,1.956711054556205e-06,4.0,on_ramp,on_ramp_mv,,normal,not_started,commit
BASIC-02,basic_long_dt_900,852,85.19999999999943,B02_CLV,cav,not_applicable,9189.000000000002,3.5,29.999999999999957,1.7053025658242407e-14,lane_1,mainline,,normal,none,commit
BASIC-02,basic_long_dt_900,852,85.19999999999943,B02_CFV,cav,not_applicable,9104.335575041305,3.5,30.038113254265298,0.7918276112233097,lane_1,mainline,,normal,none,commit
BASIC-02,basic_long_dt_900,852,85.19999999999943,B02_TLV_CLV,cav,not_applicable,9146.777334071761,3.5,30.03393004516555,0.364777161232133,lane_1,mainline,,normal,none,commit
BASIC-02,basic_long_dt_900,853,85.29999999999943,B02_MV,cav,not_applicable,7245.999992201156,-3.5,1.9099366390426262e-06,4.0,on_ramp,on_ramp_mv,,normal,not_started,commit
BASIC-02,basic_long_dt_900,853,85.29999999999943,B02_CLV,cav,not_applicable,9192.000000000002,3.5,29.999999999999957,1.7053025658242407e-14,lane_1,mainline,,normal,none,commit
BASIC-02,basic_long_dt_900,853,85.29999999999943,B02_CFV,cav,not_applicable,9107.334955865368,3.5,29.993808240638113,-0.44305013627183754,lane_1,mainline,,normal,none,commit
BASIC-02,basic_long_dt_900,853,85.29999999999943,B02_TLV_CLV,cav,not_applicable,9149.772802525778,3.5,29.954684540175453,-0.792455049900982,lane_1,mainline,,normal,none,commit
BASIC-02,basic_long_dt_900,854,85.39999999999942,B02_MV,cav,not_applicable,7245.999992387584,-3.5,1.8642803673635498e-06,4.0,on_ramp,on_ramp_mv,,normal,not_started,commit
BASIC-02,basic_long_dt_900,854,85.39999999999942,B02_CLV,cav,not_applicable,9195.000000000002,3.5,29.999999999999957,1.7053025658242407e-14,lane_1,mainline,,normal,none,commit
BASIC-02,basic_long_dt_900,854,85.39999999999942,B02_CFV,cav,not_applicable,9110.337984461044,3.5,30.030285956761325,0.364777161232133,lane_1,mainline,,normal,none,commit
BASIC-02,basic_long_dt_900,854,85.39999999999942,B02_TLV_CLV,cav,not_applicable,9152.769059983933,3.5,29.96257458154719,0.07890041371737844,lane_1,mainline,,normal,none,commit
BASIC-02,basic_long_dt_900,855,85.49999999999942,B02_MV,cav,not_applicable,7245.999992569556,-3.5,1.8197154979884209e-06,4.0,on_ramp,on_ramp_mv,,normal,not_started,commit
BASIC-02,basic_long_dt_900,855,85.49999999999942,B02_CLV,cav,not_applicable,9198.000000000002,3.5,29.999999999999957,1.7053025658242407e-14,lane_1,mainline,,normal,none,commit
BASIC-02,basic_long_dt_900,855,85.49999999999942,B02_CFV,cav,not_applicable,9113.333088506222,3.5,29.951040451771227,-0.792455049900982,lane_1,mainline,,normal,none,commit
BASIC-02,basic_long_dt_900,855,85.49999999999942,B02_TLV_CLV,cav,not_applicable,9155.773235718201,3.5,30.041757342669523,0.7918276112233097,lane_1,mainline,,normal,none,commit
BASIC-02,basic_long_dt_900,856,85.59999999999941,B02_MV,cav,not_applicable,7245.999992747177,-3.5,1.7762159416191372e-06,4.0,on_ramp,on_ramp_mv,,normal,not_started,commit
BASIC-02,basic_long_dt_900,856,85.59999999999941,B02_CLV,cav,not_applicable,9201.000000000002,3.5,29.999999999999957,1.7053025658242407e-14,lane_1,mainline,,normal,none,commit
BASIC-02,basic_long_dt_900,856,85.59999999999941,B02_CFV,cav,not_applicable,9116.328981555536,3.5,29.958930493142965,0.07890041371737844,lane_1,mainline,,normal,none,commit
BASIC-02,basic_long_dt_900,856,85.59999999999941,B02_TLV_CLV,cav,not_applicable,9158.772980951106,3.5,29.99745232904234,-0.44305013627183754,lane_1,mainline,,normal,none,commit
BASIC-02,basic_long_dt_900,857,85.6999999999994,B02_MV,cav,not_applicable,7245.999992920553,-3.5,1.7337562611900486e-06,4.0,on_ramp,on_ramp_mv,,normal,not_started,commit
BASIC-02,basic_long_dt_900,857,85.6999999999994,B02_CLV,cav,not_applicable,9204.000000000002,3.5,29.999999999999957,1.7053025658242407e-14,lane_1,mainline,,normal,none,commit
BASIC-02,basic_long_dt_900,857,85.6999999999994,B02_CFV,cav,not_applicable,9119.332792880963,3.5,30.038113254265298,0.7918276112233097,lane_1,mainline,,normal,none,commit
BASIC-02,basic_long_dt_900,857,85.6999999999994,B02_TLV_CLV,cav,not_applicable,9161.776373955623,3.5,30.03393004516555,0.364777161232133,lane_1,mainline,,normal,none,commit
BASIC-02,basic_long_dt_900,858,85.7999999999994,B02_MV,cav,not_applicable,7245.999993089785,-3.5,1.6923114544571408e-06,4.0,on_ramp,on_ramp_mv,,normal,not_started,commit
BASIC-02,basic_long_dt_900,858,85.7999999999994,B02_CLV,cav,not_applicable,9207.000000000002,3.5,29.999999999999957,1.7053025658242407e-14,lane_1,mainline,,normal,none,commit
BASIC-02,basic_long_dt_900,858,85.7999999999994,B02_CFV,cav,not_applicable,9122.332173705026,3.5,29.993808240638113,-0.44305013627183754,lane_1,mainline,,normal,none,commit
BASIC-02,basic_long_dt_900,858,85.7999999999994,B02_TLV_CLV,cav,not_applicable,9164.77184240964,3.5,29.954684540175453,-0.792455049900982,lane_1,mainline,,normal,none,commit
BASIC-02,basic_long_dt_900,859,85.8999999999994,B02_MV,cav,not_applicable,7245.999993254971,-3.5,1.651857388819669e-06,4.0,on_ramp,on_ramp_mv,,normal,not_started,commit
BASIC-02,basic_long_dt_900,859,85.8999999999994,B02_CLV,cav,not_applicable,9210.000000000002,3.5,29.999999999999957,1.7053025658242407e-14,lane_1,mainline,,normal,none,commit
BASIC-02,basic_long_dt_900,859,85.8999999999994,B02_CFV,cav,not_applicable,9125.335202300703,3.5,30.030285956761325,0.364777161232133,lane_1,mainline,,normal,none,commit
BASIC-02,basic_long_dt_900,859,85.8999999999994,B02_TLV_CLV,cav,not_applicable,9167.768099867795,3.5,29.96257458154719,0.07890041371737844,lane_1,mainline,,normal,none,commit
BASIC-02,basic_long_dt_900,860,85.99999999999939,B02_MV,cav,not_applicable,7245.999993416208,-3.5,1.6123703664985234e-06,4.0,on_ramp,on_ramp_mv,,normal,not_started,commit
BASIC-02,basic_long_dt_900,860,85.99999999999939,B02_CLV,cav,not_applicable,9213.000000000002,3.5,29.999999999999957,1.7053025658242407e-14,lane_1,mainline,,normal,none,commit
BASIC-02,basic_long_dt_900,860,85.99999999999939,B02_CFV,cav,not_applicable,9128.33030634588,3.5,29.951040451771227,-0.792455049900982,lane_1,mainline,,normal,none,commit
BASIC-02,basic_long_dt_900,860,85.99999999999939,B02_TLV_CLV,cav,not_applicable,9170.772275602063,3.5,30.041757342669523,0.7918276112233097,lane_1,mainline,,normal,none,commit
BASIC-02,basic_long_dt_900,861,86.09999999999938,B02_MV,cav,not_applicable,7245.9999935735905,-3.5,1.573827341947047e-06,4.0,on_ramp,on_ramp_mv,,normal,not_started,commit
BASIC-02,basic_long_dt_900,861,86.09999999999938,B02_CLV,cav,not_applicable,9216.000000000002,3.5,29.999999999999957,1.7053025658242407e-14,lane_1,mainline,,normal,none,commit
BASIC-02,basic_long_dt_900,861,86.09999999999938,B02_CFV,cav,not_applicable,9131.326199395195,3.5,29.958930493142965,0.07890041371737844,lane_1,mainline,,normal,none,commit
BASIC-02,basic_long_dt_900,861,86.09999999999938,B02_TLV_CLV,cav,not_applicable,9173.772020834967,3.5,29.99745232904234,-0.44305013627183754,lane_1,mainline,,normal,none,commit
BASIC-02,basic_long_dt_900,862,86.19999999999938,B02_MV,cav,not_applicable,7245.999993727211,-3.5,1.5362057044402182e-06,4.0,on_ramp,on_ramp_mv,,normal,not_started,commit
BASIC-02,basic_long_dt_900,862,86.19999999999938,B02_CLV,cav,not_applicable,9219.000000000002,3.5,29.999999999999957,1.7053025658242407e-14,lane_1,mainline,,normal,none,commit
BASIC-02,basic_long_dt_900,862,86.19999999999938,B02_CFV,cav,not_applicable,9134.330010720621,3.5,30.038113254265298,0.7918276112233097,lane_1,mainline,,normal,none,commit
BASIC-02,basic_long_dt_900,862,86.19999999999938,B02_TLV_CLV,cav,not_applicable,9176.775413839485,3.5,30.03393004516555,0.364777161232133,lane_1,mainline,,normal,none,commit
BASIC-02,basic_long_dt_900,863,86.29999999999937,B02_MV,cav,not_applicable,7245.99999387716,-3.5,1.4994832780746493e-06,4.0,on_ramp,on_ramp_mv,,normal,not_started,commit
BASIC-02,basic_long_dt_900,863,86.29999999999937,B02_CLV,cav,not_applicable,9222.000000000002,3.5,29.999999999999957,1.7053025658242407e-14,lane_1,mainline,,normal,none,commit
BASIC-02,basic_long_dt_900,863,86.29999999999937,B02_CFV,cav,not_applicable,9137.329391544685,3.5,29.993808240638113,-0.44305013627183754,lane_1,mainline,,normal,none,commit
BASIC-02,basic_long_dt_900,863,86.29999999999937,B02_TLV_CLV,cav,not_applicable,9179.770882293502,3.5,29.954684540175453,-0.792455049900982,lane_1,mainline,,normal,none,commit
BASIC-02,basic_long_dt_900,864,86.39999999999937,B02_MV,cav,not_applicable,7245.999994023524,-3.5,1.463638756590224e-06,4.0,on_ramp,on_ramp_mv,,normal,not_started,commit
BASIC-02,basic_long_dt_900,864,86.39999999999937,B02_CLV,cav,not_applicable,9225.000000000002,3.5,29.999999999999957,1.7053025658242407e-14,lane_1,mainline,,normal,none,commit
BASIC-02,basic_long_dt_900,864,86.39999999999937,B02_CFV,cav,not_applicable,9140.332420140361,3.5,30.030285956761325,0.364777161232133,lane_1,mainline,,normal,none,commit
BASIC-02,basic_long_dt_900,864,86.39999999999937,B02_TLV_CLV,cav,not_applicable,9182.767139751657,3.5,29.96257458154719,0.07890041371737844,lane_1,mainline,,normal,none,commit
BASIC-02,basic_long_dt_900,865,86.49999999999936,B02_MV,cav,not_applicable,7245.999994166389,-3.5,1.4286510511376428e-06,4.0,on_ramp,on_ramp_mv,,normal,not_started,commit
BASIC-02,basic_long_dt_900,865,86.49999999999936,B02_CLV,cav,not_applicable,9228.000000000002,3.5,29.999999999999957,1.7053025658242407e-14,lane_1,mainline,,normal,none,commit
BASIC-02,basic_long_dt_900,865,86.49999999999936,B02_CFV,cav,not_applicable,9143.327524185539,3.5,29.951040451771227,-0.792455049900982,lane_1,mainline,,normal,none,commit
BASIC-02,basic_long_dt_900,865,86.49999999999936,B02_TLV_CLV,cav,not_applicable,9185.771315485925,3.5,30.041757342669523,0.7918276112233097,lane_1,mainline,,normal,none,commit
BASIC-02,basic_long_dt_900,866,86.59999999999935,B02_MV,cav,not_applicable,7245.999994305839,-3.5,1.3944997251000586e-06,4.0,on_ramp,on_ramp_mv,,normal,not_started,commit
BASIC-02,basic_long_dt_900,866,86.59999999999935,B02_CLV,cav,not_applicable,9231.000000000002,3.5,29.999999999999957,1.7053025658242407e-14,lane_1,mainline,,normal,none,commit
BASIC-02,basic_long_dt_900,866,86.59999999999935,B02_CFV,cav,not_applicable,9146.323417234853,3.5,29.958930493142965,0.07890041371737844,lane_1,mainline,,normal,none,commit
BASIC-02,basic_long_dt_900,866,86.59999999999935,B02_TLV_CLV,cav,not_applicable,9188.77106071883,3.5,29.99745232904234,-0.44305013627183754,lane_1,mainline,,normal,none,commit
BASIC-02,basic_long_dt_900,867,86.69999999999935,B02_MV,cav,not_applicable,7245.999994441956,-3.5,1.3611647766822597e-06,4.0,on_ramp,on_ramp_mv,,normal,not_started,commit
BASIC-02,basic_long_dt_900,867,86.69999999999935,B02_CLV,cav,not_applicable,9234.000000000002,3.5,29.999999999999957,1.7053025658242407e-14,lane_1,mainline,,normal,none,commit
BASIC-02,basic_long_dt_900,867,86.69999999999935,B02_CFV,cav,not_applicable,9149.32722856028,3.5,30.038113254265298,0.7918276112233097,lane_1,mainline,,normal,none,commit
BASIC-02,basic_long_dt_900,867,86.69999999999935,B02_TLV_CLV,cav,not_applicable,9191.774453723347,3.5,30.03393004516555,0.364777161232133,lane_1,mainline,,normal,none,commit
BASIC-02,basic_long_dt_900,868,86.79999999999934,B02_MV,cav,not_applicable,7245.999994574819,-3.5,1.3286266389106696e-06,4.0,on_ramp,on_ramp_mv,,normal,not_started,commit
BASIC-02,basic_long_dt_900,868,86.79999999999934,B02_CLV,cav,not_applicable,9237.000000000002,3.5,29.999999999999957,1.7053025658242407e-14,lane_1,mainline,,normal,none,commit
BASIC-02,basic_long_dt_900,868,86.79999999999934,B02_CFV,cav,not_applicable,9152.326609384343,3.5,29.993808240638113,-0.44305013627183754,lane_1,mainline,,normal,none,commit
BASIC-02,basic_long_dt_900,868,86.79999999999934,B02_TLV_CLV,cav,not_applicable,9194.769922177364,3.5,29.954684540175453,-0.792455049900982,lane_1,mainline,,normal,none,commit
BASIC-02,basic_long_dt_900,869,86.89999999999934,B02_MV,cav,not_applicable,7245.999994704505,-3.5,1.296866397044164e-06,4.0,on_ramp,on_ramp_mv,,normal,not_started,commit
BASIC-02,basic_long_dt_900,869,86.89999999999934,B02_CLV,cav,not_applicable,9240.000000000002,3.5,29.999999999999957,1.7053025658242407e-14,lane_1,mainline,,normal,none,commit
BASIC-02,basic_long_dt_900,869,86.89999999999934,B02_CFV,cav,not_applicable,9155.32963798002,3.5,30.030285956761325,0.364777161232133,lane_1,mainline,,normal,none,commit
BASIC-02,basic_long_dt_900,869,86.89999999999934,B02_TLV_CLV,cav,not_applicable,9197.766179635519,3.5,29.96257458154719,0.07890041371737844,lane_1,mainline,,normal,none,commit
BASIC-02,basic_long_dt_900,870,86.99999999999933,B02_MV,cav,not_applicable,7245.9999948310915,-3.5,1.2658653537524361e-06,4.0,on_ramp,on_ramp_mv,,normal,not_started,commit
BASIC-02,basic_long_dt_900,870,86.99999999999933,B02_CLV,cav,not_applicable,9243.000000000002,3.5,29.999999999999957,1.7053025658242407e-14,lane_1,mainline,,normal,none,commit
BASIC-02,basic_long_dt_900,870,86.99999999999933,B02_CFV,cav,not_applicable,9158.324742025197,3.5,29.951040451771227,-0.792455049900982,lane_1,mainline,,normal,none,commit
BASIC-02,basic_long_dt_900,870,86.99999999999933,B02_TLV_CLV,cav,not_applicable,9200.770355369787,3.5,30.041757342669523,0.7918276112233097,lane_1,mainline,,normal,none,commit
BASIC-02,basic_long_dt_900,871,87.09999999999933,B02_MV,cav,not_applicable,7245.999994954652,-3.5,1.235605463937632e-06,4.0,on_ramp,on_ramp_mv,,normal,not_started,commit
BASIC-02,basic_long_dt_900,871,87.09999999999933,B02_CLV,cav,not_applicable,9246.000000000002,3.5,29.999999999999957,1.7053025658242407e-14,lane_1,mainline,,normal,none,commit
BASIC-02,basic_long_dt_900,871,87.09999999999933,B02_CFV,cav,not_applicable,9161.320635074511,3.5,29.958930493142965,0.07890041371737844,lane_1,mainline,,normal,none,commit
BASIC-02,basic_long_dt_900,871,87.09999999999933,B02_TLV_CLV,cav,not_applicable,9203.770100602691,3.5,29.99745232904234,-0.44305013627183754,lane_1,mainline,,normal,none,commit
BASIC-02,basic_long_dt_900,872,87.19999999999932,B02_MV,cav,not_applicable,7245.999995075259,-3.5,1.2060688999127148e-06,4.0,on_ramp,on_ramp_mv,,normal,not_started,commit
BASIC-02,basic_long_dt_900,872,87.19999999999932,B02_CLV,cav,not_applicable,9249.000000000002,3.5,29.999999999999957,1.7053025658242407e-14,lane_1,mainline,,normal,none,commit
BASIC-02,basic_long_dt_900,872,87.19999999999932,B02_CFV,cav,not_applicable,9164.324446399938,3.5,30.038113254265298,0.7918276112233097,lane_1,mainline,,normal,none,commit
BASIC-02,basic_long_dt_900,872,87.19999999999932,B02_TLV_CLV,cav,not_applicable,9206.773493607208,3.5,30.03393004516555,0.364777161232133,lane_1,mainline,,normal,none,commit
BASIC-02,basic_long_dt_900,873,87.29999999999932,B02_MV,cav,not_applicable,7245.999995192983,-3.5,1.1772382688122833e-06,4.0,on_ramp,on_ramp_mv,,normal,not_started,commit
BASIC-02,basic_long_dt_900,873,87.29999999999932,B02_CLV,cav,not_applicable,9252.000000000002,3.5,29.999999999999957,1.7053025658242407e-14,lane_1,mainline,,normal,none,commit
BASIC-02,basic_long_dt_900,873,87.29999999999932,B02_CFV,cav,not_applicable,9167.323827224001,3.5,29.993808240638113,-0.44305013627183754,lane_1,mainline,,normal,none,commit
BASIC-02,basic_long_dt_900,873,87.29999999999932,B02_TLV_CLV,cav,not_applicable,9209.768962061225,3.5,29.954684540175453,-0.792455049900982,lane_1,mainline,,normal,none,commit
BASIC-02,basic_long_dt_900,874,87.39999999999931,B02_MV,cav,not_applicable,7245.999995307893,-3.5,1.1490968300033882e-06,4.0,on_ramp,on_ramp_mv,,normal,not_started,commit
BASIC-02,basic_long_dt_900,874,87.39999999999931,B02_CLV,cav,not_applicable,9255.000000000002,3.5,29.999999999999957,1.7053025658242407e-14,lane_1,mainline,,normal,none,commit
BASIC-02,basic_long_dt_900,874,87.39999999999931,B02_CFV,cav,not_applicable,9170.326855819678,3.5,30.030285956761325,0.364777161232133,lane_1,mainline,,normal,none,commit
BASIC-02,basic_long_dt_900,874,87.39999999999931,B02_TLV_CLV,cav,not_applicable,9212.76521951938,3.5,29.96257458154719,0.07890041371737844,lane_1,mainline,,normal,none,commit
BASIC-02,basic_long_dt_900,875,87.4999999999993,B02_MV,cav,not_applicable,7245.999995420056,-3.5,1.1216280602638981e-06,4.0,on_ramp,on_ramp_mv,,normal,not_started,commit
BASIC-02,basic_long_dt_900,875,87.4999999999993,B02_CLV,cav,not_applicable,9258.000000000002,3.5,29.999999999999957,1.7053025658242407e-14,lane_1,mainline,,normal,none,commit
BASIC-02,basic_long_dt_900,875,87.4999999999993,B02_CFV,cav,not_applicable,9173.321959864856,3.5,29.951040451771227,-0.792455049900982,lane_1,mainline,,normal,none,commit
BASIC-02,basic_long_dt_900,875,87.4999999999993,B02_TLV_CLV,cav,not_applicable,9215.769395253648,3.5,30.041757342669523,0.7918276112233097,lane_1,mainline,,normal,none,commit
BASIC-02,basic_long_dt_900,876,87.5999999999993,B02_MV,cav,not_applicable,7245.999995529537,-3.5,1.0948160886041342e-06,4.0,on_ramp,on_ramp_mv,,normal,not_started,commit
BASIC-02,basic_long_dt_900,876,87.5999999999993,B02_CLV,cav,not_applicable,9261.000000000002,3.5,29.999999999999957,1.7053025658242407e-14,lane_1,mainline,,normal,none,commit
BASIC-02,basic_long_dt_900,876,87.5999999999993,B02_CFV,cav,not_applicable,9176.31785291417,3.5,29.958930493142965,0.07890041371737844,lane_1,mainline,,normal,none,commit
BASIC-02,basic_long_dt_900,876,87.5999999999993,B02_TLV_CLV,cav,not_applicable,9218.769140486553,3.5,29.99745232904234,-0.44305013627183754,lane_1,mainline,,normal,none,commit
BASIC-02,basic_long_dt_900,877,87.69999999999929,B02_MV,cav,not_applicable,7245.999995636402,-3.5,1.0686450440344176e-06,4.0,on_ramp,on_ramp_mv,,normal,not_started,commit
BASIC-02,basic_long_dt_900,877,87.69999999999929,B02_CLV,cav,not_applicable,9264.000000000002,3.5,29.999999999999957,1.7053025658242407e-14,lane_1,mainline,,normal,none,commit
BASIC-02,basic_long_dt_900,877,87.69999999999929,B02_CFV,cav,not_applicable,9179.321664239596,3.5,30.038113254265298,0.7918276112233097,lane_1,mainline,,normal,none,commit
BASIC-02,basic_long_dt_900,877,87.69999999999929,B02_TLV_CLV,cav,not_applicable,9221.77253349107,3.5,30.03393004516555,0.364777161232133,lane_1,mainline,,normal,none,commit
BASIC-02,basic_long_dt_900,878,87.79999999999929,B02_MV,cav,not_applicable,7245.999995740712,-3.5,1.0430994903867043e-06,4.0,on_ramp,on_ramp_mv,,normal,not_started,commit
BASIC-02,basic_long_dt_900,878,87.79999999999929,B02_CLV,cav,not_applicable,9267.000000000002,3.5,29.999999999999957,1.7053025658242407e-14,lane_1,mainline,,normal,none,commit
BASIC-02,basic_long_dt_900,878,87.79999999999929,B02_CFV,cav,not_applicable,9182.32104506366,3.5,29.993808240638113,-0.44305013627183754,lane_1,mainline,,normal,none,commit
BASIC-02,basic_long_dt_900,878,87.79999999999929,B02_TLV_CLV,cav,not_applicable,9224.768001945087,3.5,29.954684540175453,-0.792455049900982,lane_1,mainline,,normal,none,commit
BASIC-02,basic_long_dt_900,879,87.89999999999928,B02_MV,cav,not_applicable,7245.999995842528,-3.5,1.018164643725403e-06,4.0,on_ramp,on_ramp_mv,,normal,not_started,commit
BASIC-02,basic_long_dt_900,879,87.89999999999928,B02_CLV,cav,not_applicable,9270.000000000002,3.5,29.999999999999957,1.7053025658242407e-14,lane_1,mainline,,normal,none,commit
BASIC-02,basic_long_dt_900,879,87.89999999999928,B02_CFV,cav,not_applicable,9185.324073659336,3.5,30.030285956761325,0.364777161232133,lane_1,mainline,,normal,none,commit
BASIC-02,basic_long_dt_900,879,87.89999999999928,B02_TLV_CLV,cav,not_applicable,9227.764259403242,3.5,29.96257458154719,0.07890041371737844,lane_1,mainline,,normal,none,commit
BASIC-02,basic_long_dt_900,880,87.99999999999928,B02_MV,cav,not_applicable,7245.99999594191,-3.5,9.938259375257399e-07,4.0,on_ramp,on_ramp_mv,,normal,not_started,commit
BASIC-02,basic_long_dt_900,880,87.99999999999928,B02_CLV,cav,not_applicable,9273.000000000002,3.5,29.999999999999957,1.7053025658242407e-14,lane_1,mainline,,normal,none,commit
BASIC-02,basic_long_dt_900,880,87.99999999999928,B02_CFV,cav,not_applicable,9188.319177704514,3.5,29.951040451771227,-0.792455049900982,lane_1,mainline,,normal,none,commit
BASIC-02,basic_long_dt_900,880,87.99999999999928,B02_TLV_CLV,cav,not_applicable,9230.76843513751,3.5,30.041757342669523,0.7918276112233097,lane_1,mainline,,normal,none,commit
BASIC-02,basic_long_dt_900,881,88.09999999999927,B02_MV,cav,not_applicable,7245.999996038917,-3.5,9.70069022673759e-07,4.0,on_ramp,on_ramp_mv,,normal,not_started,commit
BASIC-02,basic_long_dt_900,881,88.09999999999927,B02_CLV,cav,not_applicable,9276.000000000002,3.5,29.999999999999957,1.7053025658242407e-14,lane_1,mainline,,normal,none,commit
BASIC-02,basic_long_dt_900,881,88.09999999999927,B02_CFV,cav,not_applicable,9191.315070753828,3.5,29.958930493142965,0.07890041371737844,lane_1,mainline,,normal,none,commit
BASIC-02,basic_long_dt_900,881,88.09999999999927,B02_TLV_CLV,cav,not_applicable,9233.768180370414,3.5,29.99745232904234,-0.44305013627183754,lane_1,mainline,,normal,none,commit
BASIC-02,basic_long_dt_900,882,88.19999999999926,B02_MV,cav,not_applicable,7245.999996133605,-3.5,9.468799848771384e-07,4.0,on_ramp,on_ramp_mv,,normal,not_started,commit
BASIC-02,basic_long_dt_900,882,88.19999999999926,B02_CLV,cav,not_applicable,9279.000000000002,3.5,29.999999999999957,1.7053025658242407e-14,lane_1,mainline,,normal,none,commit
BASIC-02,basic_long_dt_900,882,88.19999999999926,B02_CFV,cav,not_applicable,9194.318882079255,3.5,30.038113254265298,0.7918276112233097,lane_1,mainline,,normal,none,commit
BASIC-02,basic_long_dt_900,882,88.19999999999926,B02_TLV_CLV,cav,not_applicable,9236.771573374932,3.5,30.03393004516555,0.364777161232133,lane_1,mainline,,normal,none,commit
BASIC-02,basic_long_dt_900,883,88.29999999999926,B02_MV,cav,not_applicable,7245.99999622603,-3.5,9.24245127254375e-07,4.0,on_ramp,on_ramp_mv,,normal,not_started,commit
BASIC-02,basic_long_dt_900,883,88.29999999999926,B02_CLV,cav,not_applicable,9282.000000000002,3.5,29.999999999999957,1.7053025658242407e-14,lane_1,mainline,,normal,none,commit
BASIC-02,basic_long_dt_900,883,88.29999999999926,B02_CFV,cav,not_applicable,9197.318262903318,3.5,29.993808240638113,-0.44305013627183754,lane_1,mainline,,normal,none,commit
BASIC-02,basic_long_dt_900,883,88.29999999999926,B02_TLV_CLV,cav,not_applicable,9239.767041828949,3.5,29.954684540175453,-0.792455049900982,lane_1,mainline,,normal,none,commit
BASIC-02,basic_long_dt_900,884,88.39999999999925,B02_MV,cav,not_applicable,7245.999996316245,-3.5,9.021514051564174e-07,4.0,on_ramp,on_ramp_mv,,normal,not_started,commit
BASIC-02,basic_long_dt_900,884,88.39999999999925,B02_CLV,cav,not_applicable,9285.000000000002,3.5,29.999999999999957,1.7053025658242407e-14,lane_1,mainline,,normal,none,commit
BASIC-02,basic_long_dt_900,884,88.39999999999925,B02_CFV,cav,not_applicable,9200.321291498994,3.5,30.030285956761325,0.364777161232133,lane_1,mainline,,normal,none,commit
BASIC-02,basic_long_dt_900,884,88.39999999999925,B02_TLV_CLV,cav,not_applicable,9242.763299287104,3.5,29.96257458154719,0.07890041371737844,lane_1,mainline,,normal,none,commit
BASIC-02,basic_long_dt_900,885,88.49999999999925,B02_MV,cav,not_applicable,7245.999996404304,-3.5,8.805857739342145e-07,4.0,on_ramp,on_ramp_mv,,normal,not_started,commit
BASIC-02,basic_long_dt_900,885,88.49999999999925,B02_CLV,cav,not_applicable,9288.000000000002,3.5,29.999999999999957,1.7053025658242407e-14,lane_1,mainline,,normal,none,commit
BASIC-02,basic_long_dt_900,885,88.49999999999925,B02_CFV,cav,not_applicable,9203.316395544172,3.5,29.951040451771227,-0.792455049900982,lane_1,mainline,,normal,none,commit
BASIC-02,basic_long_dt_900,885,88.49999999999925,B02_TLV_CLV,cav,not_applicable,9245.767475021372,3.5,30.041757342669523,0.7918276112233097,lane_1,mainline,,normal,none,commit
BASIC-02,basic_long_dt_900,886,88.59999999999924,B02_MV,cav,not_applicable,7245.999996490257,-3.5,8.595358411711676e-07,4.0,on_ramp,on_ramp_mv,,normal,not_started,commit
BASIC-02,basic_long_dt_900,886,88.59999999999924,B02_CLV,cav,not_applicable,9291.000000000002,3.5,29.999999999999957,1.7053025658242407e-14,lane_1,mainline,,normal,none,commit
BASIC-02,basic_long_dt_900,886,88.59999999999924,B02_CFV,cav,not_applicable,9206.312288593486,3.5,29.958930493142965,0.07890041371737844,lane_1,mainline,,normal,none,commit
BASIC-02,basic_long_dt_900,886,88.59999999999924,B02_TLV_CLV,cav,not_applicable,9248.767220254276,3.5,29.99745232904234,-0.44305013627183754,lane_1,mainline,,normal,none,commit
BASIC-02,basic_long_dt_900,887,88.69999999999924,B02_MV,cav,not_applicable,7245.999996574156,-3.5,8.389889970398606e-07,4.0,on_ramp,on_ramp_mv,,normal,not_started,commit
BASIC-02,basic_long_dt_900,887,88.69999999999924,B02_CLV,cav,not_applicable,9294.000000000002,3.5,29.999999999999957,1.7053025658242407e-14,lane_1,mainline,,normal,none,commit
BASIC-02,basic_long_dt_900,887,88.69999999999924,B02_CFV,cav,not_applicable,9209.316099918913,3.5,30.038113254265298,0.7918276112233097,lane_1,mainline,,normal,none,commit
BASIC-02,basic_long_dt_900,887,88.69999999999924,B02_TLV_CLV,cav,not_applicable,9251.770613258794,3.5,30.03393004516555,0.364777161232133,lane_1,mainline,,normal,none,commit
BASIC-02,basic_long_dt_900,888,88.79999999999923,B02_MV,cav,not_applicable,7245.99999665605,-3.5,8.189332839453299e-07,4.0,on_ramp,on_ramp_mv,,normal,not_started,commit
BASIC-02,basic_long_dt_900,888,88.79999999999923,B02_CLV,cav,not_applicable,9297.000000000002,3.5,29.999999999999957,1.7053025658242407e-14,lane_1,mainline,,normal,none,commit
BASIC-02,basic_long_dt_900,888,88.79999999999923,B02_CFV,cav,not_applicable,9212.315480742976,3.5,29.993808240638113,-0.44305013627183754,lane_1,mainline,,normal,none,commit
BASIC-02,basic_long_dt_900,888,88.79999999999923,B02_TLV_CLV,cav,not_applicable,9254.76608171281,3.5,29.954684540175453,-0.792455049900982,lane_1,mainline,,normal,none,commit
BASIC-02,basic_long_dt_900,889,88.89999999999922,B02_MV,cav,not_applicable,7245.999996735985,-3.5,7.993569617034296e-07,4.0,on_ramp,on_ramp_mv,,normal,not_started,commit
BASIC-02,basic_long_dt_900,889,88.89999999999922,B02_CLV,cav,not_applicable,9300.000000000002,3.5,29.999999999999957,1.7053025658242407e-14,lane_1,mainline,,normal,none,commit
BASIC-02,basic_long_dt_900,889,88.89999999999922,B02_CFV,cav,not_applicable,9215.318509338653,3.5,30.030285956761325,0.364777161232133,lane_1,mainline,,normal,none,commit
BASIC-02,basic_long_dt_900,889,88.89999999999922,B02_TLV_CLV,cav,not_applicable,9257.762339170966,3.5,29.96257458154719,0.07890041371737844,lane_1,mainline,,normal,none,commit
BASIC-02,basic_long_dt_900,890,88.99999999999922,B02_MV,cav,not_applicable,7245.99999681401,-3.5,7.802487249516485e-07,4.0,on_ramp,on_ramp_mv,,normal,not_started,commit
BASIC-02,basic_long_dt_900,890,88.99999999999922,B02_CLV,cav,not_applicable,9303.000000000002,3.5,29.999999999999957,1.7053025658242407e-14,lane_1,mainline,,normal,none,commit
BASIC-02,basic_long_dt_900,890,88.99999999999922,B02_CFV,cav,not_applicable,9218.31361338383,3.5,29.951040451771227,-0.792455049900982,lane_1,mainline,,normal,none,commit
BASIC-02,basic_long_dt_900,890,88.99999999999922,B02_TLV_CLV,cav,not_applicable,9260.766514905234,3.5,30.041757342669523,0.7918276112233097,lane_1,mainline,,normal,none,commit
BASIC-02,basic_long_dt_900,891,89.09999999999921,B02_MV,cav,not_applicable,7245.99999689017,-3.5,7.615972683274757e-07,4.0,on_ramp,on_ramp_mv,,normal,not_started,commit
BASIC-02,basic_long_dt_900,891,89.09999999999921,B02_CLV,cav,not_applicable,9306.000000000002,3.5,29.999999999999957,1.7053025658242407e-14,lane_1,mainline,,normal,none,commit
BASIC-02,basic_long_dt_900,891,89.09999999999921,B02_CFV,cav,not_applicable,9221.309506433145,3.5,29.958930493142965,0.07890041371737844,lane_1,mainline,,normal,none,commit
BASIC-02,basic_long_dt_900,891,89.09999999999921,B02_TLV_CLV,cav,not_applicable,9263.766260138138,3.5,29.99745232904234,-0.44305013627183754,lane_1,mainline,,normal,none,commit
BASIC-02,basic_long_dt_900,892,89.1999999999992,B02_MV,cav,not_applicable,7245.99999696451,-3.5,7.433915038792177e-07,4.0,on_ramp,on_ramp_mv,,normal,not_started,commit
BASIC-02,basic_long_dt_900,892,89.1999999999992,B02_CLV,cav,not_applicable,9309.000000000002,3.5,29.999999999999957,1.7053025658242407e-14,lane_1,mainline,,normal,none,commit
BASIC-02,basic_long_dt_900,892,89.1999999999992,B02_CFV,cav,not_applicable,9224.313317758571,3.5,30.038113254265298,0.7918276112233097,lane_1,mainline,,normal,none,commit
BASIC-02,basic_long_dt_900,892,89.1999999999992,B02_TLV_CLV,cav,not_applicable,9266.769653142655,3.5,30.03393004516555,0.364777161232133,lane_1,mainline,,normal,none,commit
BASIC-02,basic_long_dt_900,893,89.2999999999992,B02_MV,cav,not_applicable,7245.999997037072,-3.5,7.256209958876336e-07,4.0,on_ramp,on_ramp_mv,,normal,not_started,commit
BASIC-02,basic_long_dt_900,893,89.2999999999992,B02_CLV,cav,not_applicable,9312.000000000002,3.5,29.999999999999957,1.7053025658242407e-14,lane_1,mainline,,normal,none,commit
BASIC-02,basic_long_dt_900,893,89.2999999999992,B02_CFV,cav,not_applicable,9227.312698582635,3.5,29.993808240638113,-0.44305013627183754,lane_1,mainline,,normal,none,commit
BASIC-02,basic_long_dt_900,893,89.2999999999992,B02_TLV_CLV,cav,not_applicable,9269.765121596673,3.5,29.954684540175453,-0.792455049900982,lane_1,mainline,,normal,none,commit
BASIC-02,basic_long_dt_900,894,89.3999999999992,B02_MV,cav,not_applicable,7245.9999971079,-3.5,7.082753086334825e-07,4.0,on_ramp,on_ramp_mv,,normal,not_started,commit
BASIC-02,basic_long_dt_900,894,89.3999999999992,B02_CLV,cav,not_applicable,9315.000000000002,3.5,29.999999999999957,1.7053025658242407e-14,lane_1,mainline,,normal,none,commit
BASIC-02,basic_long_dt_900,894,89.3999999999992,B02_CFV,cav,not_applicable,9230.315727178311,3.5,30.030285956761325,0.364777161232133,lane_1,mainline,,normal,none,commit
BASIC-02,basic_long_dt_900,894,89.3999999999992,B02_TLV_CLV,cav,not_applicable,9272.761379054828,3.5,29.96257458154719,0.07890041371737844,lane_1,mainline,,normal,none,commit
BASIC-02,basic_long_dt_900,895,89.49999999999919,B02_MV,cav,not_applicable,7245.999997177034,-3.5,6.913442238083408e-07,4.0,on_ramp,on_ramp_mv,,normal,not_started,commit
BASIC-02,basic_long_dt_900,895,89.49999999999919,B02_CLV,cav,not_applicable,9318.000000000002,3.5,29.999999999999957,1.7053025658242407e-14,lane_1,mainline,,normal,none,commit
BASIC-02,basic_long_dt_900,895,89.49999999999919,B02_CFV,cav,not_applicable,9233.310831223489,3.5,29.951040451771227,-0.792455049900982,lane_1,mainline,,normal,none,commit
BASIC-02,basic_long_dt_900,895,89.49999999999919,B02_TLV_CLV,cav,not_applicable,9275.765554789095,3.5,30.041757342669523,0.7918276112233097,lane_1,mainline,,normal,none,commit
BASIC-02,basic_long_dt_900,896,89.59999999999918,B02_MV,cav,not_applicable,7245.999997244516,-3.5,6.748179579254202e-07,4.0,on_ramp,on_ramp_mv,,normal,not_started,commit
BASIC-02,basic_long_dt_900,896,89.59999999999918,B02_CLV,cav,not_applicable,9321.000000000002,3.5,29.999999999999957,1.7053025658242407e-14,lane_1,mainline,,normal,none,commit
BASIC-02,basic_long_dt_900,896,89.59999999999918,B02_CFV,cav,not_applicable,9236.306724272803,3.5,29.958930493142965,0.07890041371737844,lane_1,mainline,,normal,none,commit
BASIC-02,basic_long_dt_900,896,89.59999999999918,B02_TLV_CLV,cav,not_applicable,9278.765300022,3.5,29.99745232904234,-0.44305013627183754,lane_1,mainline,,normal,none,commit
BASIC-02,basic_long_dt_900,897,89.69999999999918,B02_MV,cav,not_applicable,7245.999997310384,-3.5,6.586867274979325e-07,4.0,on_ramp,on_ramp_mv,,normal,not_started,commit
BASIC-02,basic_long_dt_900,897,89.69999999999918,B02_CLV,cav,not_applicable,9324.000000000002,3.5,29.999999999999957,1.7053025658242407e-14,lane_1,mainline,,normal,none,commit
BASIC-02,basic_long_dt_900,897,89.69999999999918,B02_CFV,cav,not_applicable,9239.31053559823,3.5,30.038113254265298,0.7918276112233097,lane_1,mainline,,normal,none,commit
BASIC-02,basic_long_dt_900,897,89.69999999999918,B02_TLV_CLV,cav,not_applicable,9281.768693026517,3.5,30.03393004516555,0.364777161232133,lane_1,mainline,,normal,none,commit
BASIC-02,basic_long_dt_900,898,89.79999999999917,B02_MV,cav,not_applicable,7245.999997374678,-3.5,6.429411838607242e-07,4.0,on_ramp,on_ramp_mv,,normal,not_started,commit
BASIC-02,basic_long_dt_900,898,89.79999999999917,B02_CLV,cav,not_applicable,9327.000000000002,3.5,29.999999999999957,1.7053025658242407e-14,lane_1,mainline,,normal,none,commit
BASIC-02,basic_long_dt_900,898,89.79999999999917,B02_CFV,cav,not_applicable,9242.309916422293,3.5,29.993808240638113,-0.44305013627183754,lane_1,mainline,,normal,none,commit
BASIC-02,basic_long_dt_900,898,89.79999999999917,B02_TLV_CLV,cav,not_applicable,9284.764161480534,3.5,29.954684540175453,-0.792455049900982,lane_1,mainline,,normal,none,commit
BASIC-02,basic_long_dt_900,899,89.89999999999917,B02_MV,cav,not_applicable,7245.999997437435,-3.5,6.27571978348642e-07,4.0,on_ramp,on_ramp_mv,,normal,not_started,commit
BASIC-02,basic_long_dt_900,899,89.89999999999917,B02_CLV,cav,not_applicable,9330.000000000002,3.5,29.999999999999957,1.7053025658242407e-14,lane_1,mainline,,normal,none,commit
BASIC-02,basic_long_dt_900,899,89.89999999999917,B02_CFV,cav,not_applicable,9245.31294501797,3.5,30.030285956761325,0.364777161232133,lane_1,mainline,,normal,none,commit
BASIC-02,basic_long_dt_900,899,89.89999999999917,B02_TLV_CLV,cav,not_applicable,9287.76041893869,3.5,29.96257458154719,0.07890041371737844,lane_1,mainline,,normal,none,commit
