scenario_id,run_id,step,t,vehicle_id,vehicle_type,compliance_state,x_global,y,v,a,physical_lane,road_role,primary_leader_id,lane_change_state,merge_state,active_event_tags
BASIC-05,basic_long_dt_900,0,0.0,B05_MV,cav,not_applicable,6852.04,-3.5,20.4,4.0,on_ramp,on_ramp_mv,,normal,not_started,commit
BASIC-05,basic_long_dt_900,0,0.0,B05_CLV,cav,not_applicable,6866.04,0.0,20.4,4.0,lane_2,mainline,,normal,none,commit
BASIC-05,basic_long_dt_900,0,0.0,B05_CFV,cav,not_applicable,6826.007272727273,0.0,20.072727272727274,0.7272727272727273,lane_2,mainline,,normal,none,commit
BASIC-05,basic_long_dt_900,0,0.0,B05_TLV_CLV,cav,not_applicable,6874.54,3.5,15.4,4.0,lane_1,mainline,,normal,none,commit
BASIC-05,basic_long_dt_900,1,0.1,B05_MV,cav,not_applicable,6854.1184,-3.5,20.784,3.8400000000000007,on_ramp,on_ramp_mv,,normal,not_started,commit
BASIC-05,basic_long_dt_900,1,0.1,B05_CLV,cav,not_applicable,6868.1184,0.0,20.784,3.8400000000000007,lane_2,mainline,,normal,none,commit
BASIC-05,basic_long_dt_900,1,0.1,B05_CFV,cav,not_applicable,6828.027768595041,0.0,20.20495867768595,1.322314049586777,lane_2,mainline,,normal,none,commit
BASIC-05,basic_long_dt_900,1,0.1,B05_TLV_CLV,cav,not_applicable,6876.12,3.5,15.8,4.0,lane_1,mainline,,normal,none,commit
BASIC-05,basic_long_dt_900,2,0.2,B05_MV,cav,not_applicable,6856.233664,-3.5,21.152639999999998,3.686400000000001,on_ramp,on_ramp_mv,,normal,not_started,commit
BASIC-05,basic_long_dt_900,2,0.2,B05_CLV,cav,not_applicable,6870.233664,0.0,21.152639999999998,3.686400000000001,lane_2,mainline,,normal,none,commit
BASIC-05,basic_long_dt_900,2,0.2,B05_CFV,cav,not_applicable,6830.066356123216,0.0,20.38587528174305,1.8091660405709993,lane_2,mainline,,normal,none,commit
BASIC-05,basic_long_dt_900,2,0.2,B05_TLV_CLV,cav,not_applicable,6877.74,3.5,16.2,4.0,lane_1,mainline,,normal,none,commit
BASIC-05,basic_long_dt_900,3,0.30000000000000004,B05_MV,cav,not_applicable,6858.38431744,-3.5,21.5065344,3.5389440000000008,on_ramp,on_ramp_mv,,normal,not_started,commit
BASIC-05,basic_long_dt_900,3,0.30000000000000004,B05_CLV,cav,not_applicable,6872.38431744,0.0,21.5065344,3.5389440000000008,lane_2,mainline,,normal,none,commit
BASIC-05,basic_long_dt_900,3,0.30000000000000004,B05_CFV,cav,not_applicable,6832.127018646268,0.0,20.606625230517043,2.2074994877399083,lane_2,mainline,,normal,none,commit
BASIC-05,basic_long_dt_900,3,0.30000000000000004,B05_TLV_CLV,cav,not_applicable,6879.4,3.5,16.599999999999998,4.0,lane_1,mainline,,normal,none,commit
BASIC-05,basic_long_dt_900,4,0.4,B05_MV,cav,not_applicable,6860.5689447424,-3.5,21.846273024,3.3973862400000003,on_ramp,on_ramp_mv,,normal,not_started,commit
BASIC-05,basic_long_dt_900,4,0.4,B05_CLV,cav,not_applicable,6874.5689447424,0.0,21.846273024,3.3973862400000003,lane_2,mainline,,normal,none,commit
BASIC-05,basic_long_dt_900,4,0.4,B05_CFV,cav,not_applicable,6834.213015256038,0.0,20.859966097695764,2.5334086717871975,lane_2,mainline,,normal,none,commit
BASIC-05,basic_long_dt_900,4,0.4,B05_TLV_CLV,cav,not_applicable,6881.099999999999,3.5,16.999999999999996,4.0,lane_1,mainline,,normal,none,commit
BASIC-05,basic_long_dt_900,5,0.5,B05_MV,cav,not_applicable,6862.786186952704,-3.5,22.17242210304,3.261490790400001,on_ramp,on_ramp_mv,,normal,not_started,commit
BASIC-05,basic_long_dt_900,5,0.5,B05_CLV,cav,not_applicable,6876.786186952704,0.0,22.17242210304,3.261490790400001,lane_2,mainline,,normal,none,commit
BASIC-05,basic_long_dt_900,5,0.5,B05_CFV,cav,not_applicable,6836.327012482213,0.0,21.13997226175108,2.800061640553161,lane_2,mainline,,normal,none,commit
BASIC-05,basic_long_dt_900,5,0.5,B05_TLV_CLV,cav,not_applicable,6882.839999999999,3.5,17.399999999999995,4.0,lane_1,mainline,,normal,none,commit
BASIC-05,basic_long_dt_900,6,0.6,B05_MV,cav,not_applicable,6865.034739474596,-3.5,22.485525218918397,3.1310311587840007,on_ramp,on_ramp_mv,,normal,not_started,commit
BASIC-05,basic_long_dt_900,6,0.6,B05_CLV,cav,not_applicable,6879.034739474596,0.0,22.485525218918397,3.1310311587840007,lane_2,mainline,,normal,none,commit
BASIC-05,basic_long_dt_900,6,0.6,B05_CFV,cav,not_applicable,6838.471192030902,0.0,21.441795486887248,3.0182322513616775,lane_2,mainline,,normal,none,commit
BASIC-05,basic_long_dt_900,6,0.6,B05_TLV_CLV,cav,not_applicable,6884.619999999999,3.5,17.799999999999994,4.0,lane_1,mainline,,normal,none,commit
BASIC-05,basic_long_dt_900,7,0.7,B05_MV,cav,not_applicable,6867.313349895612,-3.5,22.78610421016166,3.0057899124326415,on_ramp,on_ramp_mv,,normal,not_started,commit
BASIC-05,basic_long_dt_900,7,0.7,B05_CLV,cav,not_applicable,6881.313349895612,0.0,22.78610421016166,3.0057899124326415,lane_2,mainline,,normal,none,commit
BASIC-05,basic_long_dt_900,7,0.7,B05_CFV,cav,not_applicable,6840.647338934375,0.0,21.76146903472593,3.1967354783868265,lane_2,mainline,,normal,none,commit
BASIC-05,basic_long_dt_900,7,0.7,B05_TLV_CLV,cav,not_applicable,6886.439999999999,3.5,18.199999999999992,4.0,lane_1,mainline,,normal,none,commit
BASIC-05,basic_long_dt_900,8,0.7999999999999999,B05_MV,cav,not_applicable,6869.620815899788,-3.5,23.074660041755195,2.885558315935336,on_ramp,on_ramp_mv,,normal,not_started,commit
BASIC-05,basic_long_dt_900,8,0.7999999999999999,B05_CLV,cav,not_applicable,6883.620815899788,0.0,23.074660041755195,2.885558315935336,lane_2,mainline,,normal,none,commit
BASIC-05,basic_long_dt_900,8,0.7999999999999999,B05_CFV,cav,not_applicable,6842.85691367358,0.0,22.095747392048487,3.342783573225585,lane_2,mainline,,normal,none,commit
BASIC-05,basic_long_dt_900,8,0.7999999999999999,B05_TLV_CLV,cav,not_applicable,6888.299999999998,3.5,18.59999999999999,4.0,lane_1,mainline,,normal,none,commit
BASIC-05,basic_long_dt_900,9,0.8999999999999999,B05_MV,cav,not_applicable,6871.955983263796,-3.5,23.351673640084986,2.7701359832979224,on_ramp,on_ramp_mv,,normal,not_started,commit
BASIC-05,basic_long_dt_900,9,0.8999999999999999,B05_CLV,cav,not_applicable,6885.955983263796,0.0,23.351673640084986,2.7701359832979224,lane_2,mainline,,normal,none,commit
BASIC-05,basic_long_dt_900,9,0.8999999999999999,B05_CFV,cav,not_applicable,6845.101111187474,0.0,22.441975138948763,3.4622774690027516,lane_2,mainline,,normal,none,commit
BASIC-05,basic_long_dt_900,9,0.8999999999999999,B05_TLV_CLV,cav,not_applicable,6890.199999999998,3.5,18.99999999999999,4.0,lane_1,mainline,,normal,none,commit
BASIC-05,basic_long_dt_900,10,0.9999999999999999,B05_MV,cav,not_applicable,6874.317743933244,-3.5,23.617606694481587,2.6593305439660058,on_ramp,on_ramp_mv,,normal,not_started,commit
BASIC-05,basic_long_dt_900,10,0.9999999999999999,B05_CLV,cav,not_applicable,6888.317743933244,0.0,23.617606694481587,2.6593305439660058,lane_2,mainline,,normal,none,commit
BASIC-05,basic_long_dt_900,10,0.9999999999999999,B05_CFV,cav,not_applicable,6847.3809091533885,0.0,22.797979659139898,3.5600452019113424,lane_2,mainline,,normal,none,commit
BASIC-05,basic_long_dt_900,10,0.9999999999999999,B05_TLV_CLV,cav,not_applicable,6892.139999999998,3.5,19.399999999999988,4.0,lane_1,mainline,,normal,none,commit
BASIC-05,basic_long_dt_900,11,1.0999999999999999,B05_MV,cav,not_applicable,6876.705034175914,-3.5,23.872902426702325,2.5529573222073654,on_ramp,on_ramp_mv,,normal,not_started,commit
BASIC-05,basic_long_dt_900,11,1.0999999999999999,B05_CLV,cav,not_applicable,6890.705034175914,0.0,23.872902426702325,2.5529573222073654,lane_2,mainline,,normal,none,commit
BASIC-05,basic_long_dt_900,11,1.0999999999999999,B05_CFV,cav,not_applicable,6849.697107489136,0.0,23.1619833574781,3.640036983382007,lane_2,mainline,,normal,none,commit
BASIC-05,basic_long_dt_900,11,1.0999999999999999,B05_TLV_CLV,cav,not_applicable,6894.119999999997,3.5,19.799999999999986,4.0,lane_1,mainline,,normal,none,commit
BASIC-05,basic_long_dt_900,12,1.2,B05_MV,cav,not_applicable,6879.116832808878,-3.5,24.11798632963423,2.45083902931907,on_ramp,on_ramp_mv,,normal,not_started,commit
BASIC-05,basic_long_dt_900,12,1.2,B05_CLV,cav,not_applicable,6893.116832808878,0.0,24.11798632963423,2.45083902931907,lane_2,mainline,,normal,none,commit
BASIC-05,basic_long_dt_900,12,1.2,B05_CFV,cav,not_applicable,6852.05036067293,0.0,23.532531837936627,3.7054848045852786,lane_2,mainline,,normal,none,commit
BASIC-05,basic_long_dt_900,12,1.2,B05_TLV_CLV,cav,not_applicable,6896.139999999998,3.5,20.199999999999985,4.0,lane_1,mainline,,normal,none,commit
BASIC-05,basic_long_dt_900,13,1.3,B05_MV,cav,not_applicable,6881.552159496523,-3.5,24.353266876448863,2.3528054681463075,on_ramp,on_ramp_mv,,normal,not_started,commit
BASIC-05,basic_long_dt_900,13,1.3,B05_CLV,cav,not_applicable,6895.552159496523,0.0,24.353266876448863,2.3528054681463075,lane_2,mainline,,normal,none,commit
BASIC-05,basic_long_dt_900,13,1.3,B05_CFV,cav,not_applicable,6854.441204186943,0.0,23.908435140129967,3.7590330219334094,lane_2,mainline,,normal,none,commit
BASIC-05,basic_long_dt_900,13,1.3,B05_TLV_CLV,cav,not_applicable,6898.199199999997,3.5,20.591999999999985,3.920000000000006,lane_1,mainline,,normal,none,commit
BASIC-05,basic_long_dt_900,14,1.4000000000000001,B05_MV,cav,not_applicable,6884.010073116662,-3.5,24.57913620139091,2.2586932494204546,on_ramp,on_ramp_mv,,normal,not_started,commit
BASIC-05,basic_long_dt_900,14,1.4000000000000001,B05_CLV,cav,not_applicable,6898.010073116662,0.0,24.57913620139091,2.2586932494204546,lane_2,mainline,,normal,none,commit
BASIC-05,basic_long_dt_900,14,1.4000000000000001,B05_CFV,cav,not_applicable,6856.8700761529535,0.0,24.288719660106338,3.8028451997636985,lane_2,mainline,,normal,none,commit
BASIC-05,basic_long_dt_900,14,1.4000000000000001,B05_TLV_CLV,cav,not_applicable,6900.2960319999975,3.5,20.968319999999984,3.7632000000000065,lane_1,mainline,,normal,none,commit
BASIC-05,basic_long_dt_900,15,1.5000000000000002,B05_MV,cav,not_applicable,6886.489670191996,-3.5,24.795970753335272,2.1683455194436365,on_ramp,on_ramp_mv,,normal,not_started,commit
BASIC-05,basic_long_dt_900,15,1.5000000000000002,B05_CLV,cav,not_applicable,6900.489670191996,0.0,24.795970753335272,2.1683455194436365,lane_2,mainline,,normal,none,commit
BASIC-05,basic_long_dt_900,15,1.5000000000000002,B05_CFV,cav,not_applicable,6859.337335034235,0.0,24.672588812814276,3.8386915270793898,lane_2,mainline,,normal,none,commit
BASIC-05,basic_long_dt_900,15,1.5000000000000002,B05_TLV_CLV,cav,not_applicable,6902.428990719997,3.5,21.329587199999985,3.6126720000000065,lane_1,mainline,,normal,none,commit
BASIC-05,basic_long_dt_900,16,1.6000000000000003,B05_MV,cav,not_applicable,6888.990083384317,-3.5,25.00413192320186,2.0816116986658915,on_ramp,on_ramp_mv,,normal,not_started,commit
BASIC-05,basic_long_dt_900,16,1.6000000000000003,B05_CLV,cav,not_applicable,6902.990083384317,0.0,25.00413192320186,2.0816116986658915,lane_2,mainline,,normal,none,commit
BASIC-05,basic_long_dt_900,16,1.6000000000000003,B05_CFV,cav,not_applicable,6861.830619280728,0.0,24.932842464920885,2.602536521066077,lane_2,mainline,,normal,none,commit
BASIC-05,basic_long_dt_900,16,1.6000000000000003,B05_TLV_CLV,cav,not_applicable,6904.596631091197,3.5,21.676403711999985,3.4681651200000063,lane_1,mainline,,normal,none,commit
BASIC-05,basic_long_dt_900,17,1.7000000000000004,B05_MV,cav,not_applicable,6891.510480048944,-3.5,25.203966646273788,1.9983472307192558,on_ramp,on_ramp_mv,,normal,not_started,commit
BASIC-05,basic_long_dt_900,17,1.7000000000000004,B05_CLV,cav,not_applicable,6905.510480048944,0.0,25.203966646273788,1.9983472307192558,lane_2,mainline,,normal,none,commit
BASIC-05,basic_long_dt_900,17,1.7000000000000004,B05_CFV,cav,not_applicable,6864.3524697351195,0.0,25.2185045439172,2.856620789963154,lane_2,mainline,,normal,none,commit
BASIC-05,basic_long_dt_900,17,1.7000000000000004,B05_TLV_CLV,cav,not_applicable,6906.797565847549,3.5,22.009347563519984,3.3294385152000063,lane_1,mainline,,normal,none,commit
BASIC-05,basic_long_dt_900,18,1.8000000000000005,B05_MV,cav,not_applicable,6894.0500608469865,-3.5,25.395807980422838,1.918413341490485,on_ramp,on_ramp_mv,,normal,not_started,commit
BASIC-05,basic_long_dt_900,18,1.8000000000000005,B05_CLV,cav,not_applicable,6908.0500608469865,0.0,25.395807980422838,1.918413341490485,lane_2,mainline,,normal,none,commit
BASIC-05,basic_long_dt_900,18,1.8000000000000005,B05_CFV,cav,not_applicable,6866.904965268702,0.0,25.524955335823275,3.0645079190607625,lane_2,mainline,,normal,none,commit
BASIC-05,basic_long_dt_900,18,1.8000000000000005,B05_TLV_CLV,cav,not_applicable,6909.030463213647,3.5,22.328973660979184,3.1962609745920063,lane_1,mainline,,normal,none,commit
BASIC-05,basic_long_dt_900,19,1.9000000000000006,B05_MV,cav,not_applicable,6896.608058413107,-3.5,25.579975661205925,1.841676807830865,on_ramp,on_ramp_mv,,normal,not_started,commit
BASIC-05,basic_long_dt_900,19,1.9000000000000006,B05_CLV,cav,not_applicable,6910.608058413107,0.0,25.579975661205925,1.841676807830865,lane_2,mainline,,normal,none,commit
BASIC-05,basic_long_dt_900,19,1.9000000000000006,B05_CFV,cav,not_applicable,6869.471624957985,0.0,25.666596892837337,1.4164155701406238,lane_2,mainline,,normal,none,commit
BASIC-05,basic_long_dt_900,19,1.9000000000000006,B05_TLV_CLV,cav,not_applicable,6911.294044685101,3.5,22.635814714540018,3.0684105356083267,lane_1,mainline,,normal,none,commit
BASIC-05,basic_long_dt_900,20,2.0000000000000004,B05_MV,cav,not_applicable,6899.183736076583,-3.5,25.75677663475769,1.76800973551763,on_ramp,on_ramp_mv,,normal,not_started,commit
BASIC-05,basic_long_dt_900,20,2.0000000000000004,B05_CLV,cav,not_applicable,6913.183736076583,0.0,25.75677663475769,1.76800973551763,lane_2,mainline,,normal,none,commit
BASIC-05,basic_long_dt_900,20,2.0000000000000004,B05_CFV,cav,not_applicable,6872.057146229206,0.0,25.855212712212477,1.8861581937514194,lane_2,mainline,,normal,none,commit
BASIC-05,basic_long_dt_900,20,2.0000000000000004,B05_TLV_CLV,cav,not_applicable,6913.587082897697,3.5,22.930382125958417,2.945674114183993,lane_1,mainline,,normal,none,commit
BASIC-05,basic_long_dt_900,21,2.1000000000000005,B05_MV,cav,not_applicable,6901.77638663352,-3.5,25.926505569367382,1.6972893460969247,on_ramp,on_ramp_mv,,normal,not_started,commit
BASIC-05,basic_long_dt_900,21,2.1000000000000005,B05_CLV,cav,not_applicable,6915.77638663352,0.0,25.926505569367382,1.6972893460969247,lane_2,mainline,,normal,none,commit
BASIC-05,basic_long_dt_900,21,2.1000000000000005,B05_CFV,cav,not_applicable,6874.665372431104,0.0,26.082262018973957,2.2704930676147974,lane_2,mainline,,normal,none,commit
BASIC-05,basic_long_dt_900,21,2.1000000000000005,B05_TLV_CLV,cav,not_applicable,6915.908399581789,3.5,23.21316684092008,2.8278471496166335,lane_1,mainline,,normal,none,commit
BASIC-05,basic_long_dt_900,22,2.2000000000000006,B05_MV,cav,not_applicable,6904.38533116818,-3.5,26.089445346592687,1.6293977722530473,on_ramp,on_ramp_mv,,normal,not_started,commit
BASIC-05,basic_long_dt_900,22,2.2000000000000006,B05_CLV,cav,not_applicable,6918.38533116818,0.0,26.089445346592687,1.6293977722530473,lane_2,mainline,,normal,none,commit
BASIC-05,basic_long_dt_900,22,2.2000000000000006,B05_CFV,cav,not_applicable,6877.299448121736,0.0,26.34075690632426,2.584948873503016,lane_2,mainline,,normal,none,commit
BASIC-05,basic_long_dt_900,22,2.2000000000000006,B05_TLV_CLV,cav,not_applicable,6918.256863598517,3.5,23.484640167283278,2.7147332636319677,lane_1,mainline,,normal,none,commit
BASIC-05,basic_long_dt_900,23,2.3000000000000007,B05_MV,cav,not_applicable,6907.009917921452,-3.5,26.24586753272898,1.5642218613629255,on_ramp,on_ramp_mv,,normal,not_started,commit
BASIC-05,basic_long_dt_900,23,2.3000000000000007,B05_CLV,cav,not_applicable,6921.009917921452,0.0,26.24586753272898,1.5642218613629255,lane_2,mainline,,normal,none,commit
BASIC-05,basic_long_dt_900,23,2.3000000000000007,B05_CFV,cav,not_applicable,6879.9437643031515,0.0,26.443161814156323,1.0240490783206493,lane_2,mainline,,normal,none,commit
BASIC-05,basic_long_dt_900,23,2.3000000000000007,B05_TLV_CLV,cav,not_applicable,6920.631389054576,3.5,23.745254560591945,2.606143933086689,lane_1,mainline,,normal,none,commit
BASIC-05,basic_long_dt_900,24,2.400000000000001,B05_MV,cav,not_applicable,6909.649521204594,-3.5,26.39603283141982,1.5016529869084083,on_ramp,on_ramp_mv,,normal,not_started,commit
BASIC-05,basic_long_dt_900,24,2.400000000000001,B05_CLV,cav,not_applicable,6923.649521204594,0.0,26.39603283141982,1.5016529869084083,lane_2,mainline,,normal,none,commit
BASIC-05,basic_long_dt_900,24,2.400000000000001,B05_CFV,cav,not_applicable,6882.603731795208,0.0,26.599674920564375,1.5651310640805312,lane_2,mainline,,normal,none,commit
BASIC-05,basic_long_dt_900,24,2.400000000000001,B05_TLV_CLV,cav,not_applicable,6923.030933492393,3.5,23.99544437816827,2.501898175763222,lane_1,mainline,,normal,none,commit
BASIC-05,basic_long_dt_900,25,2.500000000000001,B05_MV,cav,not_applicable,6912.30354035641,-3.5,26.540191518163027,1.441586867432072,on_ramp,on_ramp_mv,,normal,not_started,commit
BASIC-05,basic_long_dt_900,25,2.500000000000001,B05_CLV,cav,not_applicable,6926.30354035641,0.0,26.540191518163027,1.441586867432072,lane_2,mainline,,normal,none,commit
BASIC-05,basic_long_dt_900,25,2.500000000000001,B05_CFV,cav,not_applicable,6885.283777632334,0.0,26.800458371261872,2.00783450697498,lane_2,mainline,,normal,none,commit
BASIC-05,basic_long_dt_900,25,2.500000000000001,B05_TLV_CLV,cav,not_applicable,6925.454496152697,3.5,24.23562660304154,2.4018222487326923,lane_1,mainline,,normal,none,commit
BASIC-05,basic_long_dt_900,26,2.600000000000001,B05_MV,cav,not_applicable,6914.971398742154,-3.5,26.678583857436507,1.3839233927347891,on_ramp,on_ramp_mv,,normal,not_started,commit
BASIC-05,basic_long_dt_900,26,2.600000000000001,B05_CLV,cav,not_applicable,6928.971398742154,0.0,26.678583857436507,1.3839233927347891,lane_2,mainline,,normal,none,commit
BASIC-05,basic_long_dt_900,26,2.600000000000001,B05_CFV,cav,not_applicable,6887.969342115426,0.0,26.85564483092346,0.5518645966158928,lane_2,mainline,,normal,none,commit
BASIC-05,basic_long_dt_900,26,2.600000000000001,B05_TLV_CLV,cav,not_applicable,6927.901116306589,3.5,24.466201538919876,2.305749358783385,lane_1,mainline,,normal,none,commit
BASIC-05,basic_long_dt_900,27,2.700000000000001,B05_MV,cav,not_applicable,6917.652542792468,-3.5,26.811440503139046,1.3285664570253972,on_ramp,on_ramp_mv,,normal,not_started,commit
BASIC-05,basic_long_dt_900,27,2.700000000000001,B05_CLV,cav,not_applicable,6931.652542792468,0.0,26.811440503139046,1.3285664570253972,lane_2,mainline,,normal,none,commit
BASIC-05,basic_long_dt_900,27,2.700000000000001,B05_CFV,cav,not_applicable,6890.666694581581,0.0,26.97352466155567,1.1787983063220941,lane_2,mainline,,normal,none,commit
BASIC-05,basic_long_dt_900,27,2.700000000000001,B05_TLV_CLV,cav,not_applicable,6930.369871654325,3.5,24.687553477363082,2.21351938443205,lane_1,mainline,,normal,none,commit
BASIC-05,basic_long_dt_900,28,2.800000000000001,B05_MV,cav,not_applicable,6920.346441080769,-3.5,26.938982883013484,1.2754237987443817,on_ramp,on_ramp_mv,,normal,not_started,commit
BASIC-05,basic_long_dt_900,28,2.800000000000001,B05_CLV,cav,not_applicable,6934.346441080769,0.0,26.938982883013484,1.2754237987443817,lane_2,mainline,,normal,none,commit
BASIC-05,basic_long_dt_900,28,2.800000000000001,B05_CFV,cav,not_applicable,6893.380964488425,0.0,27.142699068436567,1.691744068808986,lane_2,mainline,,normal,none,commit
BASIC-05,basic_long_dt_900,28,2.800000000000001,B05_TLV_CLV,cav,not_applicable,6932.859876788152,3.5,24.900051338268558,2.1249786090547675,lane_1,mainline,,normal,none,commit
BASIC-05,basic_long_dt_900,29,2.9000000000000012,B05_MV,cav,not_applicable,6923.0525834375385,-3.5,27.061423567692945,1.2244068467946065,on_ramp,on_ramp_mv,,normal,not_started,commit
BASIC-05,basic_long_dt_900,29,2.9000000000000012,B05_CLV,cav,not_applicable,6937.0525834375385,0.0,27.061423567692945,1.2244068467946065,lane_2,mainline,,normal,none,commit
BASIC-05,basic_long_dt_900,29,2.9000000000000012,B05_CFV,cav,not_applicable,6896.098166846741,0.0,27.1720235831573,0.29324514720735206,lane_2,mainline,,normal,none,commit
BASIC-05,basic_long_dt_900,29,2.9000000000000012,B05_TLV_CLV,cav,not_applicable,6935.370281716626,3.5,25.104049284737815,2.039979464692577,lane_1,mainline,,normal,none,commit
BASIC-05,basic_long_dt_900,30,3.0000000000000013,B05_MV,cav,not_applicable,6925.770480100037,-3.5,27.178966624985225,1.1754305729228223,on_ramp,on_ramp_mv,,normal,not_started,commit
BASIC-05,basic_long_dt_900,30,3.0000000000000013,B05_CLV,cav,not_applicable,6939.770480100037,0.0,27.178966624985225,1.1754305729228223,lane_2,mainline,,normal,none,commit
BASIC-05,basic_long_dt_900,30,3.0000000000000013,B05_CFV,cav,not_applicable,6898.825041210806,0.0,27.268743640656083,0.9672005749878335,lane_2,mainline,,normal,none,commit
BASIC-05,basic_long_dt_900,30,3.0000000000000013,B05_TLV_CLV,cav,not_applicable,6937.900270447961,3.5,25.299887313348304,1.958380286104874,lane_1,mainline,,normal,none,commit
BASIC-05,basic_long_dt_900,31,3.1000000000000014,B05_MV,cav,not_applicable,6928.4996608960355,-3.5,27.291807959985817,1.12841335000591,on_ramp,on_ramp_mv,,normal,not_started,commit
BASIC-05,basic_long_dt_900,31,3.1000000000000014,B05_CLV,cav,not_applicable,6942.4996608960355,0.0,27.291807959985817,1.12841335000591,lane_2,mainline,,normal,none,commit
BASIC-05,basic_long_dt_900,31,3.1000000000000014,B05_CFV,cav,not_applicable,6901.567101761395,0.0,27.42060550588236,1.5186186522627727,lane_2,mainline,,normal,none,commit
BASIC-05,basic_long_dt_900,31,3.1000000000000014,B05_TLV_CLV,cav,not_applicable,6940.449059630042,3.5,25.487891820814372,1.8800450746606785,lane_1,mainline,,normal,none,commit
BASIC-05,basic_long_dt_900,32,3.2000000000000015,B05_MV,cav,not_applicable,6931.239674460194,-3.5,27.400135641586385,1.0832768160056732,on_ramp,on_ramp_mv,,normal,not_started,commit
BASIC-05,basic_long_dt_900,32,3.2000000000000015,B05_CLV,cav,not_applicable,6945.239674460194,0.0,27.400135641586385,1.0832768160056732,lane_2,mainline,,normal,none,commit
BASIC-05,basic_long_dt_900,32,3.2000000000000015,B05_CFV,cav,not_applicable,6904.3106782827745,0.0,27.43576521379477,0.15159707912408682,lane_2,mainline,,normal,none,commit
BASIC-05,basic_long_dt_900,32,3.2000000000000015,B05_TLV_CLV,cav,not_applicable,6943.01589724484,3.5,25.668376147981796,1.804843271674251,lane_1,mainline,,normal,none,commit
BASIC-05,basic_long_dt_900,33,3.3000000000000016,B05_MV,cav,not_applicable,6933.990087481786,-3.5,27.504130215922928,1.0399457433654462,on_ramp,on_ramp_mv,,normal,not_started,commit
BASIC-05,basic_long_dt_900,33,3.3000000000000016,B05_CLV,cav,not_applicable,6947.990087481786,0.0,27.504130215922928,1.0399457433654462,lane_2,mainline,,normal,none,commit
BASIC-05,basic_long_dt_900,33,3.3000000000000016,B05_CFV,cav,not_applicable,6907.062767871165,0.0,27.520895883904924,0.8513067011015256,lane_2,mainline,,normal,none,commit
BASIC-05,basic_long_dt_900,33,3.3000000000000016,B05_TLV_CLV,cav,not_applicable,6945.600061355046,3.5,25.841641102062525,1.7326495408072817,lane_1,mainline,,normal,none,commit
BASIC-05,basic_long_dt_900,34,3.4000000000000017,B05_MV,cav,not_applicable,6936.750483982514,-3.5,27.60396500728601,0.9983479136308291,on_ramp,on_ramp_mv,,normal,not_started,commit
BASIC-05,basic_long_dt_900,34,3.4000000000000017,B05_CLV,cav,not_applicable,6950.750483982514,0.0,27.60396500728601,0.9983479136308291,lane_2,mainline,,normal,none,commit
BASIC-05,basic_long_dt_900,34,3.4000000000000017,B05_CFV,cav,not_applicable,6909.8290954234735,0.0,27.663275523085957,1.4237963918103391,lane_2,mainline,,normal,none,commit
BASIC-05,basic_long_dt_900,34,3.4000000000000017,B05_TLV_CLV,cav,not_applicable,6948.200858900844,3.5,26.007975457980024,1.66334355917499,lane_1,mainline,,normal,none,commit
BASIC-05,basic_long_dt_900,35,3.5000000000000018,B05_MV,cav,not_applicable,6939.520464623213,-3.5,27.69980640699457,0.9584139970855958,on_ramp,on_ramp_mv,,normal,not_started,commit
BASIC-05,basic_long_dt_900,35,3.5000000000000018,B05_CLV,cav,not_applicable,6953.520464623213,0.0,27.69980640699457,0.9584139970855958,lane_2,mainline,,normal,none,commit
BASIC-05,basic_long_dt_900,35,3.5000000000000018,B05_CFV,cav,not_applicable,6912.596163128079,0.0,27.67067704605226,0.07401522966300478,lane_2,mainline,,normal,none,commit
BASIC-05,basic_long_dt_900,35,3.5000000000000018,B05_TLV_CLV,cav,not_applicable,6950.817624544809,3.5,26.167656439660824,1.5968098168079905,lane_1,mainline,,normal,none,commit
BASIC-05,basic_long_dt_900,36,3.600000000000002,B05_MV,cav,not_applicable,6942.299646038285,-3.5,27.791814150714785,0.9200774372021727,on_ramp,on_ramp_mv,,normal,not_started,commit
BASIC-05,basic_long_dt_900,36,3.600000000000002,B05_CLV,cav,not_applicable,6956.299646038285,0.0,27.791814150714785,0.9200774372021727,lane_2,mainline,,normal,none,commit
BASIC-05,basic_long_dt_900,36,3.600000000000002,B05_CFV,cav,not_applicable,6915.371109139109,0.0,27.749460110297413,0.7878306424515493,lane_2,mainline,,normal,none,commit
BASIC-05,basic_long_dt_900,36,3.600000000000002,B05_TLV_CLV,cav,not_applicable,6953.4497195630165,3.5,26.32095018207439,1.5329374241356704,lane_1,mainline,,normal,none,commit
BASIC-05,basic_long_dt_900,37,3.700000000000002,B05_MV,cav,not_applicable,6945.087660196753,-3.5,27.880141584686193,0.883274339714086,on_ramp,on_ramp_mv,,normal,not_started,commit
BASIC-05,basic_long_dt_900,37,3.700000000000002,B05_CLV,cav,not_applicable,6959.087660196753,0.0,27.880141584686193,0.883274339714086,lane_2,mainline,,normal,none,commit
BASIC-05,basic_long_dt_900,37,3.700000000000002,B05_CFV,cav,not_applicable,6918.159773764486,0.0,27.88664625377072,1.3718614347330857,lane_2,mainline,,normal,none,commit
BASIC-05,basic_long_dt_900,37,3.700000000000002,B05_TLV_CLV,cav,not_applicable,6956.096530780495,3.5,26.468112174791415,1.4716199271702437,lane_1,mainline,,normal,none,commit
BASIC-05,basic_long_dt_900,38,3.800000000000002,B05_MV,cav,not_applicable,6947.884153788883,-3.5,27.964935921298746,0.8479433661255229,on_ramp,on_ramp_mv,,normal,not_started,commit
BASIC-05,basic_long_dt_900,38,3.800000000000002,B05_CLV,cav,not_applicable,6961.884153788883,0.0,27.964935921298746,0.8479433661255229,lane_2,mainline,,normal,none,commit
BASIC-05,basic_long_dt_900,38,3.800000000000002,B05_CFV,cav,not_applicable,6920.948753619784,0.0,27.889798552976156,0.031522992054342946,lane_2,mainline,,normal,none,commit
BASIC-05,basic_long_dt_900,38,3.800000000000002,B05_TLV_CLV,cav,not_applicable,6958.757469549276,3.5,26.609387687799757,1.4127551300834342,lane_1,mainline,,normal,none,commit
BASIC-05,basic_long_dt_900,39,3.900000000000002,B05_MV,cav,not_applicable,6950.688787637328,-3.5,28.046338484446796,0.8140256314805016,on_ramp,on_ramp_mv,,normal,not_started,commit
BASIC-05,basic_long_dt_900,39,3.900000000000002,B05_CLV,cav,not_applicable,6964.688787637328,0.0,28.046338484446796,0.8140256314805016,lane_2,mainline,,normal,none,commit
BASIC-05,basic_long_dt_900,39,3.900000000000002,B05_CFV,cav,not_applicable,6923.745264117744,0.0,27.965104979598784,0.7530642662262806,lane_2,mainline,,normal,none,commit
BASIC-05,basic_long_dt_900,39,3.900000000000002,B05_TLV_CLV,cav,not_applicable,6961.431970767305,3.5,26.745012180287766,1.3562449248800974,lane_1,mainline,,normal,none,commit
BASIC-05,basic_long_dt_900,40,4.000000000000002,B05_MV,cav,not_applicable,6953.501236131834,-3.5,28.124484945068925,0.7814646062212817,on_ramp,on_ramp_mv,,normal,not_started,commit
BASIC-05,basic_long_dt_900,40,4.000000000000002,B05_CLV,cav,not_applicable,6967.501236131834,0.0,28.124484945068925,0.7814646062212817,lane_2,mainline,,normal,none,commit
BASIC-05,basic_long_dt_900,40,4.000000000000002,B05_CFV,cav,not_applicable,6926.555208777882,0.0,28.099446601380933,1.3434162178215023,lane_2,mainline,,normal,none,commit
BASIC-05,basic_long_dt_900,40,4.000000000000002,B05_TLV_CLV,cav,not_applicable,6964.119491936613,3.5,26.875211693076256,1.3019951278848936,lane_1,mainline,,normal,none,commit
BASIC-05,basic_long_dt_900,41,4.100000000000001,B05_MV,cav,not_applicable,6956.32118668656,-3.5,28.199505547266167,0.75020602197243,on_ramp,on_ramp_mv,,normal,not_started,commit
BASIC-05,basic_long_dt_900,41,4.100000000000001,B05_CLV,cav,not_applicable,6970.32118668656,0.0,28.199505547266167,0.75020602197243,lane_2,mainline,,normal,none,commit
BASIC-05,basic_long_dt_900,41,4.100000000000001,B05_CFV,cav,not_applicable,6929.365235934348,0.0,28.100271564657238,0.008249632763047465,lane_2,mainline,,normal,none,commit
BASIC-05,basic_long_dt_900,41,4.100000000000001,B05_TLV_CLV,cav,not_applicable,6966.819512259148,3.5,27.000203225353207,1.2499153227694977,lane_1,mainline,,normal,none,commit
BASIC-05,basic_long_dt_900,42,4.200000000000001,B05_MV,cav,not_applicable,6959.148339219098,-3.5,28.27152532537552,0.7201977810935333,on_ramp,on_ramp_mv,,normal,not_started,commit
BASIC-05,basic_long_dt_900,42,4.200000000000001,B05_CLV,cav,not_applicable,6973.148339219098,0.0,28.27152532537552,0.7201977810935333,lane_2,mainline,,normal,none,commit
BASIC-05,basic_long_dt_900,42,4.200000000000001,B05_CFV,cav,not_applicable,6932.182603315082,0.0,28.17367380733785,0.7340224268061297,lane_2,mainline,,normal,none,commit
BASIC-05,basic_long_dt_900,42,4.200000000000001,B05_TLV_CLV,cav,not_applicable,6969.531531768782,3.5,27.120195096339078,1.1999187098587172,lane_1,mainline,,normal,none,commit
BASIC-05,basic_long_dt_900,43,4.300000000000001,B05_MV,cav,not_applicable,6961.982405650334,-3.5,28.3406643123605,0.6913898698497918,on_ramp,on_ramp_mv,,normal,not_started,commit
BASIC-05,basic_long_dt_900,43,4.300000000000001,B05_CLV,cav,not_applicable,6975.982405650334,0.0,28.3406643123605,0.6913898698497918,lane_2,mainline,,normal,none,commit
BASIC-05,basic_long_dt_900,43,4.300000000000001,B05_CFV,cav,not_applicable,6935.013249061126,0.0,28.306457460440168,1.327836531023197,lane_2,mainline,,normal,none,commit
BASIC-05,basic_long_dt_900,43,4.300000000000001,B05_TLV_CLV,cav,not_applicable,6972.25507049803,3.5,27.235387292485516,1.151921961464369,lane_1,mainline,,normal,none,commit
BASIC-05,basic_long_dt_900,44,4.4,B05_MV,cav,not_applicable,6964.82310942432,-3.5,28.40703773986608,0.6637342750558006,on_ramp,on_ramp_mv,,normal,not_started,commit
BASIC-05,basic_long_dt_900,44,4.4,B05_CLV,cav,not_applicable,6978.82310942432,0.0,28.40703773986608,0.6637342750558006,lane_2,mainline,,normal,none,commit
BASIC-05,basic_long_dt_900,44,4.4,B05_CFV,cav,not_applicable,6937.843849833333,0.0,28.30600772206934,-0.004497383708293334,lane_2,mainline,,normal,none,commit
BASIC-05,basic_long_dt_900,44,4.4,B05_TLV_CLV,cav,not_applicable,6974.989667678109,3.5,27.345971800786096,1.1058450830057935,lane_1,mainline,,normal,none,commit
BASIC-05,basic_long_dt_900,45,4.5,B05_MV,cav,not_applicable,6967.670185047347,-3.5,28.470756230271437,0.637184904053568,on_ramp,on_ramp_mv,,normal,not_started,commit
BASIC-05,basic_long_dt_900,45,4.5,B05_CLV,cav,not_applicable,6981.670185047347,0.0,28.470756230271437,0.637184904053568,lane_2,mainline,,normal,none,commit
BASIC-05,basic_long_dt_900,45,4.5,B05_CFV,cav,not_applicable,6940.681686536036,0.0,28.37836702703866,0.7235930496932146,lane_2,mainline,,normal,none,commit
BASIC-05,basic_long_dt_900,45,4.5,B05_TLV_CLV,cav,not_applicable,6977.734880970985,3.5,27.45213292875465,1.0616112796855617,lane_1,mainline,,normal,none,commit
BASIC-05,basic_long_dt_900,46,4.6,B05_MV,cav,not_applicable,6970.523377645453,-3.5,28.53192598106058,0.6116975078914252,on_ramp,on_ramp_mv,,normal,not_started,commit
BASIC-05,basic_long_dt_900,46,4.6,B05_CLV,cav,not_applicable,6984.523377645453,0.0,28.53192598106058,0.6116975078914252,lane_2,mainline,,normal,none,commit
BASIC-05,basic_long_dt_900,46,4.6,B05_CFV,cav,not_applicable,6943.52202582609,0.0,28.403392900535085,0.250258734964259,lane_2,mainline,,normal,none,commit
BASIC-05,basic_long_dt_900,46,4.6,B05_TLV_CLV,cav,not_applicable,6980.490285732145,3.5,27.554047611604464,1.0191468284981398,lane_1,mainline,,normal,none,commit
BASIC-05,basic_long_dt_900,47,4.699999999999999,B05_MV,cav,not_applicable,6973.382442539635,-3.5,28.59064894181816,0.5872296075757675,on_ramp,on_ramp_mv,,normal,not_started,commit
BASIC-05,basic_long_dt_900,47,4.699999999999999,B05_CLV,cav,not_applicable,6987.382442539635,0.0,28.59064894181816,0.5872296075757675,lane_2,mainline,,normal,none,commit
BASIC-05,basic_long_dt_900,47,4.699999999999999,B05_CFV,cav,not_applicable,6946.371685414884,0.0,28.49659588794125,0.9320298740616665,lane_2,mainline,,normal,none,commit
BASIC-05,basic_long_dt_900,47,4.699999999999999,B05_TLV_CLV,cav,not_applicable,6983.255474302859,3.5,27.651885707140284,0.9783809553582146,lane_1,mainline,,normal,none,commit
BASIC-05,basic_long_dt_900,48,4.799999999999999,B05_MV,cav,not_applicable,6976.247144838049,-3.5,28.647022984145433,0.5637404232727363,on_ramp,on_ramp_mv,,normal,not_started,commit
BASIC-05,basic_long_dt_900,48,4.799999999999999,B05_CLV,cav,not_applicable,6990.247144838049,0.0,28.647022984145433,0.5637404232727363,lane_2,mainline,,normal,none,commit
BASIC-05,basic_long_dt_900,48,4.799999999999999,B05_CFV,cav,not_applicable,6949.218061611738,0.0,28.463761968546297,-0.3283391939495456,lane_2,mainline,,normal,none,commit
BASIC-05,basic_long_dt_900,48,4.799999999999999,B05_TLV_CLV,cav,not_applicable,6986.030055330744,3.5,27.745810278854673,0.9392457171438864,lane_1,mainline,,normal,none,commit
BASIC-05,basic_long_dt_900,49,4.899999999999999,B05_MV,cav,not_applicable,6979.117259044528,-3.5,28.701142064779617,0.5411908063418267,on_ramp,on_ramp_mv,,normal,not_started,commit
BASIC-05,basic_long_dt_900,49,4.899999999999999,B05_CLV,cav,not_applicable,6993.117259044528,0.0,28.701142064779617,0.5411908063418267,lane_2,mainline,,normal,none,commit
BASIC-05,basic_long_dt_900,49,4.899999999999999,B05_CFV,cav,not_applicable,6952.069024124279,0.0,28.50962512540497,0.4586315685867355,lane_2,mainline,,normal,none,commit
BASIC-05,basic_long_dt_900,49,4.899999999999999,B05_TLV_CLV,cav,not_applicable,6988.813653117514,3.5,27.835977867700485,0.9016758884581307,lane_1,mainline,,normal,none,commit
BASIC-05,basic_long_dt_900,50,4.999999999999998,B05_MV,cav,not_applicable,6981.992568682746,-3.5,28.75309638218843,0.5195431740881532,on_ramp,on_ramp_mv,,normal,not_started,commit
BASIC-05,basic_long_dt_900,50,4.999999999999998,B05_CLV,cav,not_applicable,6995.992568682746,0.0,28.75309638218843,0.5195431740881532,lane_2,mainline,,normal,none,commit
BASIC-05,basic_long_dt_900,50,4.999999999999998,B05_CFV,cav,not_applicable,6954.931011804199,0.0,28.61987679919843,1.1025167379346017,lane_2,mainline,,normal,none,commit
BASIC-05,basic_long_dt_900,50,4.999999999999998,B05_TLV_CLV,cav,not_applicable,6991.605906992813,3.5,27.922538752992466,0.8656088529198058,lane_1,mainline,,normal,none,commit
BASIC-05,basic_long_dt_900,51,5.099999999999998,B05_MV,cav,not_applicable,6984.8728659354365,-3.5,28.802972526900895,0.4987614471246275,on_ramp,on_ramp_mv,,normal,not_started,commit
BASIC-05,basic_long_dt_900,51,5.099999999999998,B05_CLV,cav,not_applicable,6998.8728659354365,0.0,28.802972526900895,0.4987614471246275,lane_2,mainline,,normal,none,commit
BASIC-05,basic_long_dt_900,51,5.099999999999998,B05_CFV,cav,not_applicable,6957.791110984703,0.0,28.60099180502944,-0.18884994168987135,lane_2,mainline,,normal,none,commit
BASIC-05,basic_long_dt_900,51,5.099999999999998,B05_TLV_CLV,cav,not_applicable,6994.4064707131,3.5,28.005637202872766,0.8309844988030136,lane_1,mainline,,normal,none,commit
BASIC-05,basic_long_dt_900,52,5.1999999999999975,B05_MV,cav,not_applicable,6987.757951298019,-3.5,28.850853625824858,0.47881098923964205,on_ramp,on_ramp_mv,,normal,not_started,commit
BASIC-05,basic_long_dt_900,52,5.1999999999999975,B05_CLV,cav,not_applicable,7001.757951298019,0.0,28.850853625824858,0.47881098923964205,lane_2,mainline,,normal,none,commit
BASIC-05,basic_long_dt_900,52,5.1999999999999975,B05_CFV,cav,not_applicable,6960.656937756592,0.0,28.658267718891178,0.572759138617378,lane_2,mainline,,normal,none,commit
BASIC-05,basic_long_dt_900,52,5.1999999999999975,B05_TLV_CLV,cav,not_applicable,6997.215011884576,3.5,28.085411714757853,0.7977451188508937,lane_1,mainline,,normal,none,commit
BASIC-05,basic_long_dt_900,53,5.299999999999997,B05_MV,cav,not_applicable,6990.647633246098,-3.5,28.896819480791862,0.459658549670057,on_ramp,on_ramp_mv,,normal,not_started,commit
BASIC-05,basic_long_dt_900,53,5.299999999999997,B05_CLV,cav,not_applicable,7004.647633246098,0.0,28.896819480791862,0.459658549670057,lane_2,mainline,,normal,none,commit
BASIC-05,basic_long_dt_900,53,5.299999999999997,B05_CFV,cav,not_applicable,6963.532440755334,0.0,28.75502998742012,0.967622685289409,lane_2,mainline,,normal,none,commit
BASIC-05,basic_long_dt_900,53,5.299999999999997,B05_TLV_CLV,cav,not_applicable,7000.031211409192,3.5,28.16199524616754,0.7658353140968587,lane_1,mainline,,normal,none,commit
BASIC-05,basic_long_dt_900,54,5.399999999999997,B05_MV,cav,not_applicable,6993.541727916254,-3.5,28.940946701560186,0.44127220768325515,on_ramp,on_ramp_mv,,normal,not_started,commit
BASIC-05,basic_long_dt_900,54,5.399999999999997,B05_CLV,cav,not_applicable,7007.541727916254,0.0,28.940946701560186,0.44127220768325515,lane_2,mainline,,normal,none,commit
BASIC-05,basic_long_dt_900,54,5.399999999999997,B05_CFV,cav,not_applicable,6966.404951576047,0.0,28.725108207125615,-0.299217802945029,lane_2,mainline,,normal,none,commit
BASIC-05,basic_long_dt_900,54,5.399999999999997,B05_TLV_CLV,cav,not_applicable,7002.854762952824,3.5,28.23551543632084,0.7352019015329845,lane_1,mainline,,normal,none,commit
BASIC-05,basic_long_dt_900,55,5.4999999999999964,B05_MV,cav,not_applicable,6996.440058799603,-3.5,28.98330883349778,0.4236213193759255,on_ramp,on_ramp_mv,,normal,not_started,commit
BASIC-05,basic_long_dt_900,55,5.4999999999999964,B05_CLV,cav,not_applicable,7010.440058799603,0.0,28.98330883349778,0.4236213193759255,lane_2,mainline,,normal,none,commit
BASIC-05,basic_long_dt_900,55,5.4999999999999964,B05_CFV,cav,not_applicable,6969.282286978372,0.0,28.773354023248295,0.4824581612267945,lane_2,mainline,,normal,none,commit
BASIC-05,basic_long_dt_900,55,5.4999999999999964,B05_TLV_CLV,cav,not_applicable,7005.685372434711,3.5,28.306094818868004,0.7057938254716647,lane_1,mainline,,normal,none,commit
BASIC-05,basic_long_dt_900,56,5.599999999999996,B05_MV,cav,not_applicable,6999.342456447619,-3.5,29.02397648015787,0.40667646660088796,on_ramp,on_ramp_mv,,normal,not_started,commit
BASIC-05,basic_long_dt_900,56,5.599999999999996,B05_CLV,cav,not_applicable,7013.342456447619,0.0,29.02397648015787,0.40667646660088796,lane_2,mainline,,normal,none,commit
BASIC-05,basic_long_dt_900,56,5.599999999999996,B05_CFV,cav,not_applicable,6972.170842492926,0.0,28.88555514553049,1.1220112228219228,lane_2,mainline,,normal,none,commit
BASIC-05,basic_long_dt_900,56,5.599999999999996,B05_TLV_CLV,cav,not_applicable,7008.522757537323,3.5,28.373851026113286,0.6775620724527983,lane_1,mainline,,normal,none,commit
BASIC-05,basic_long_dt_900,57,5.699999999999996,B05_MV,cav,not_applicable,7002.248758189714,-3.5,29.063017420951557,0.39040940793685197,on_ramp,on_ramp_mv,,normal,not_started,commit
BASIC-05,basic_long_dt_900,57,5.699999999999996,B05_CLV,cav,not_applicable,7016.248758189714,0.0,29.063017420951557,0.39040940793685197,lane_2,mainline,,normal,none,commit
BASIC-05,basic_long_dt_900,57,5.699999999999996,B05_CFV,cav,not_applicable,6975.057669008393,0.0,28.868265154670464,-0.17289990860024496,lane_2,mainline,,normal,none,commit
BASIC-05,basic_long_dt_900,57,5.699999999999996,B05_TLV_CLV,cav,not_applicable,7011.36664723583,3.5,28.438896985068755,0.6504595895546856,lane_1,mainline,,normal,none,commit
BASIC-05,basic_long_dt_900,58,5.799999999999995,B05_MV,cav,not_applicable,7005.158807862125,-3.5,29.100496724113494,0.3747930316193774,on_ramp,on_ramp_mv,,normal,not_started,commit
BASIC-05,basic_long_dt_900,58,5.799999999999995,B05_CLV,cav,not_applicable,7019.158807862125,0.0,29.100496724113494,0.3747930316193774,lane_2,mainline,,normal,none,commit
BASIC-05,basic_long_dt_900,58,5.799999999999995,B05_CFV,cav,not_applicable,6977.950353615516,0.0,28.926846071239535,0.5858091656907087,lane_2,mainline,,normal,none,commit
BASIC-05,basic_long_dt_900,58,5.799999999999995,B05_TLV_CLV,cav,not_applicable,7014.216781346397,3.5,28.501341105666004,0.624441205972498,lane_1,mainline,,normal,none,commit
BASIC-05,basic_long_dt_900,59,5.899999999999995,B05_MV,cav,not_applicable,7008.07245554764,-3.5,29.136476855148956,0.35980131035460233,on_ramp,on_ramp_mv,,normal,not_started,commit
BASIC-05,basic_long_dt_900,59,5.899999999999995,B05_CLV,cav,not_applicable,7022.07245554764,0.0,29.136476855148956,0.35980131035460233,lane_2,mainline,,normal,none,commit
BASIC-05,basic_long_dt_900,59,5.899999999999995,B05_CFV,cav,not_applicable,6980.836922115814,0.0,28.865685002977866,-0.6116106826166928,lane_2,mainline,,normal,none,commit
BASIC-05,basic_long_dt_900,59,5.899999999999995,B05_TLV_CLV,cav,not_applicable,7017.072910092541,3.5,28.561287461439363,0.5994635577335984,lane_1,mainline,,normal,none,commit
BASIC-05,basic_long_dt_900,60,5.999999999999995,B05_MV,cav,not_applicable,7010.9895573257345,-3.5,29.171017780942996,0.34540925794041755,on_ramp,on_ramp_mv,,normal,not_started,commit
BASIC-05,basic_long_dt_900,60,5.999999999999995,B05_CLV,cav,not_applicable,7024.9895573257345,0.0,29.171017780942996,0.34540925794041755,lane_2,mainline,,normal,none,commit
BASIC-05,basic_long_dt_900,60,5.999999999999995,B05_CFV,cav,not_applicable,6983.725759255981,0.0,28.888371401672863,0.22686398694997867,lane_2,mainline,,normal,none,commit
BASIC-05,basic_long_dt_900,60,5.999999999999995,B05_TLV_CLV,cav,not_applicable,7019.934793688839,3.5,28.618835962981787,0.5754850154242547,lane_1,mainline,,normal,none,commit
BASIC-05,basic_long_dt_900,61,6.099999999999994,B05_MV,cav,not_applicable,7013.909975032705,-3.5,29.204177069705278,0.3315928876228014,on_ramp,on_ramp_mv,,normal,not_started,commit
BASIC-05,basic_long_dt_900,61,6.099999999999994,B05_CLV,cav,not_applicable,7027.909975032705,0.0,29.204177069705278,0.3315928876228014,lane_2,mainline,,normal,none,commit
BASIC-05,basic_long_dt_900,61,6.099999999999994,B05_CFV,cav,not_applicable,6986.623725283314,0.0,28.979660273332406,0.9128887165954371,lane_2,mainline,,normal,none,commit
BASIC-05,basic_long_dt_900,61,6.099999999999994,B05_TLV_CLV,cav,not_applicable,7022.802201941286,3.5,28.674082524462516,0.5524656148072851,lane_1,mainline,,normal,none,commit
BASIC-05,basic_long_dt_900,62,6.199999999999994,B05_MV,cav,not_applicable,7016.833576031397,-3.5,29.236009986917068,0.31832917211788897,on_ramp,on_ramp_mv,,normal,not_started,commit
BASIC-05,basic_long_dt_900,62,6.199999999999994,B05_CLV,cav,not_applicable,7030.833576031397,0.0,29.236009986917068,0.31832917211788897,lane_2,mainline,,normal,none,commit
BASIC-05,basic_long_dt_900,62,6.199999999999994,B05_CFV,cav,not_applicable,6989.518251309238,0.0,28.94526025923567,-0.34400014096736964,lane_2,mainline,,normal,none,commit
BASIC-05,basic_long_dt_900,62,6.199999999999994,B05_TLV_CLV,cav,not_applicable,7025.674913863634,3.5,28.727119223484017,0.5303669902149935,lane_1,mainline,,normal,none,commit
BASIC-05,basic_long_dt_900,63,6.299999999999994,B05_MV,cav,not_applicable,7019.760232990141,-3.5,29.266569587440387,0.30559600523317276,on_ramp,on_ramp_mv,,normal,not_started,commit
BASIC-05,basic_long_dt_900,63,6.299999999999994,B05_CLV,cav,not_applicable,7033.760232990141,0.0,29.266569587440387,0.30559600523317276,lane_2,mainline,,normal,none,commit
BASIC-05,basic_long_dt_900,63,6.299999999999994,B05_CFV,cav,not_applicable,6992.417235515826,0.0,28.989842065883796,0.44581806648124306,lane_2,mainline,,normal,none,commit
BASIC-05,basic_long_dt_900,63,6.299999999999994,B05_TLV_CLV,cav,not_applicable,7028.552717309089,3.5,28.778034454544656,0.5091523106063932,lane_1,mainline,,normal,none,commit
BASIC-05,basic_long_dt_900,64,6.399999999999993,B05_MV,cav,not_applicable,7022.689823670536,-3.5,29.29590680394277,0.2933721650238454,on_ramp,on_ramp_mv,,normal,not_started,commit
BASIC-05,basic_long_dt_900,64,6.399999999999993,B05_CLV,cav,not_applicable,7036.689823670536,0.0,29.29590680394277,0.2933721650238454,lane_2,mainline,,normal,none,commit
BASIC-05,basic_long_dt_900,64,6.399999999999993,B05_CFV,cav,not_applicable,6995.32714005205,0.0,29.09904536223226,1.0920329634846535,lane_2,mainline,,normal,none,commit
BASIC-05,basic_long_dt_900,64,6.399999999999993,B05_TLV_CLV,cav,not_applicable,7031.435408616725,3.5,28.82691307636287,0.48878621818213763,lane_1,mainline,,normal,none,commit
BASIC-05,basic_long_dt_900,65,6.499999999999993,B05_MV,cav,not_applicable,7025.622230723714,-3.5,29.32407053178506,0.28163727842289177,on_ramp,on_ramp_mv,,normal,not_started,commit
BASIC-05,basic_long_dt_900,65,6.499999999999993,B05_CLV,cav,not_applicable,7039.622230723714,0.0,29.32407053178506,0.28163727842289177,lane_2,mainline,,normal,none,commit
BASIC-05,basic_long_dt_900,65,6.499999999999993,B05_CFV,cav,not_applicable,6998.235070312519,0.0,29.079302604699187,-0.19742757533073807,lane_2,mainline,,normal,none,commit
BASIC-05,basic_long_dt_900,65,6.499999999999993,B05_TLV_CLV,cav,not_applicable,7034.322792272056,3.5,28.873836553308355,0.46923476945485165,lane_1,mainline,,normal,none,commit
BASIC-05,basic_long_dt_900,66,6.5999999999999925,B05_MV,cav,not_applicable,7028.557341494766,-3.5,29.35110771051366,0.27037178728597555,on_ramp,on_ramp_mv,,normal,not_started,commit
BASIC-05,basic_long_dt_900,66,6.5999999999999925,B05_CLV,cav,not_applicable,7042.557341494766,0.0,29.35110771051366,0.27037178728597555,lane_2,mainline,,normal,none,commit
BASIC-05,basic_long_dt_900,66,6.5999999999999925,B05_CFV,cav,not_applicable,7001.1486579837365,0.0,29.135876712172127,0.5657410747293962,lane_2,mainline,,normal,none,commit
BASIC-05,basic_long_dt_900,66,6.5999999999999925,B05_TLV_CLV,cav,not_applicable,7037.2146805811735,3.5,28.91888309117602,0.4504653786766582,lane_1,mainline,,normal,none,commit
BASIC-05,basic_long_dt_900,67,6.699999999999992,B05_MV,cav,not_applicable,7031.495047834975,-3.5,29.377063402093114,0.25955691579453627,on_ramp,on_ramp_mv,,normal,not_started,commit
BASIC-05,basic_long_dt_900,67,6.699999999999992,B05_CLV,cav,not_applicable,7045.495047834975,0.0,29.377063402093114,0.25955691579453627,lane_2,mainline,,normal,none,commit
BASIC-05,basic_long_dt_900,67,6.699999999999992,B05_CFV,cav,not_applicable,7004.055965354656,0.0,29.07307370919544,-0.6280300297668576,lane_2,mainline,,normal,none,commit
BASIC-05,basic_long_dt_900,67,6.699999999999992,B05_TLV_CLV,cav,not_applicable,7040.110893357926,3.5,28.96212776752898,0.43244676352959177,lane_1,mainline,,normal,none,commit
BASIC-05,basic_long_dt_900,68,6.799999999999992,B05_MV,cav,not_applicable,7034.435245921575,-3.5,29.40198086600939,0.2491746391627544,on_ramp,on_ramp_mv,,normal,not_started,commit
BASIC-05,basic_long_dt_900,68,6.799999999999992,B05_CLV,cav,not_applicable,7048.435245921575,0.0,29.40198086600939,0.2491746391627544,lane_2,mainline,,normal,none,commit
BASIC-05,basic_long_dt_900,68,6.799999999999992,B05_CFV,cav,not_applicable,7006.965407025332,0.0,29.094416706759972,0.21342997564529842,lane_2,mainline,,normal,none,commit
BASIC-05,basic_long_dt_900,68,6.799999999999992,B05_TLV_CLV,cav,not_applicable,7043.011257623609,3.5,29.00364265682782,0.4151488929884082,lane_1,mainline,,normal,none,commit
BASIC-05,basic_long_dt_900,69,6.8999999999999915,B05_MV,cav,not_applicable,7037.377836084712,-3.5,29.425901631369012,0.23920765359624455,on_ramp,on_ramp_mv,,normal,not_started,commit
BASIC-05,basic_long_dt_900,69,6.8999999999999915,B05_CLV,cav,not_applicable,7051.377836084712,0.0,29.425901631369012,0.23920765359624455,lane_2,mainline,,normal,none,commit
BASIC-05,basic_long_dt_900,69,6.8999999999999915,B05_CFV,cav,not_applicable,7009.8838676685355,0.0,29.18460643204004,0.9018972528006988,lane_2,mainline,,normal,none,commit
BASIC-05,basic_long_dt_900,69,6.8999999999999915,B05_TLV_CLV,cav,not_applicable,7045.915607318664,3.5,29.043496950554708,0.39854293726887136,lane_1,mainline,,normal,none,commit
BASIC-05,basic_long_dt_900,70,6.999999999999991,B05_MV,cav,not_applicable,7040.322722641323,-3.5,29.44886556611425,0.22963934745239528,on_ramp,on_ramp_mv,,normal,not_started,commit
BASIC-05,basic_long_dt_900,70,6.999999999999991,B05_CLV,cav,not_applicable,7054.322722641323,0.0,29.44886556611425,0.22963934745239528,lane_2,mainline,,normal,none,commit
BASIC-05,basic_long_dt_900,70,6.999999999999991,B05_CFV,cav,not_applicable,7012.798798380171,0.0,29.1493071163601,-0.3529931567994282,lane_2,mainline,,normal,none,commit
BASIC-05,basic_long_dt_900,70,6.999999999999991,B05_TLV_CLV,cav,not_applicable,7048.823783025918,3.5,29.08175707253252,0.3826012197781168,lane_1,mainline,,normal,none,commit
BASIC-05,basic_long_dt_900,71,7.099999999999991,B05_MV,cav,not_applicable,7043.26981373567,-3.5,29.47091094346968,0.22045377355429993,on_ramp,on_ramp_mv,,normal,not_started,commit
BASIC-05,basic_long_dt_900,71,7.099999999999991,B05_CLV,cav,not_applicable,7057.26981373567,0.0,29.47091094346968,0.22045377355429993,lane_2,mainline,,normal,none,commit
BASIC-05,basic_long_dt_900,71,7.099999999999991,B05_CFV,cav,not_applicable,7015.718113693251,0.0,29.193153130803783,0.4384601444368315,lane_2,mainline,,normal,none,commit
BASIC-05,basic_long_dt_900,71,7.099999999999991,B05_TLV_CLV,cav,not_applicable,7051.735631704881,3.5,29.118486789631216,0.3672971709869927,lane_1,mainline,,normal,none,commit
BASIC-05,basic_long_dt_900,72,7.19999999999999,B05_MV,cav,not_applicable,7046.2190211862435,-3.5,29.49207450573089,0.21163562261212832,on_ramp,on_ramp_mv,,normal,not_started,commit
BASIC-05,basic_long_dt_900,72,7.19999999999999,B05_CLV,cav,not_applicable,7060.2190211862435,0.0,29.49207450573089,0.21163562261212832,lane_2,mainline,,normal,none,commit
BASIC-05,basic_long_dt_900,72,7.19999999999999,B05_CFV,cav,not_applicable,7018.648289134786,0.0,29.301754415348615,1.0860128454483167,lane_2,mainline,,normal,none,commit
BASIC-05,basic_long_dt_900,72,7.19999999999999,B05_TLV_CLV,cav,not_applicable,7054.651006436685,3.5,29.15374731804597,0.3526052841475135,lane_1,mainline,,normal,none,commit
BASIC-05,basic_long_dt_900,73,7.29999999999999,B05_MV,cav,not_applicable,7049.170260338794,-3.5,29.512391525501656,0.20317019770764377,on_ramp,on_ramp_mv,,normal,not_started,commit
BASIC-05,basic_long_dt_900,73,7.29999999999999,B05_CLV,cav,not_applicable,7063.170260338794,0.0,29.512391525501656,0.20317019770764377,lane_2,mainline,,normal,none,commit
BASIC-05,basic_long_dt_900,73,7.29999999999999,B05_CFV,cav,not_applicable,7021.5764410450565,0.0,29.281519102703477,-0.20235312645137726,lane_2,mainline,,normal,none,commit
BASIC-05,basic_long_dt_900,73,7.29999999999999,B05_TLV_CLV,cav,not_applicable,7057.569766179217,3.5,29.18759742532413,0.33850107278161234,lane_1,mainline,,normal,none,commit
BASIC-05,basic_long_dt_900,74,7.39999999999999,B05_MV,cav,not_applicable,7052.123449925242,-3.5,29.53189586448159,0.19504338979933777,on_ramp,on_ramp_mv,,normal,not_started,commit
BASIC-05,basic_long_dt_900,74,7.39999999999999,B05_CLV,cav,not_applicable,7066.123449925242,0.0,29.53189586448159,0.19504338979933777,lane_2,mainline,,normal,none,commit
BASIC-05,basic_long_dt_900,74,7.39999999999999,B05_CFV,cav,not_applicable,7024.510210066111,0.0,29.337690210539275,0.5617110783579641,lane_2,mainline,,normal,none,commit
BASIC-05,basic_long_dt_900,74,7.39999999999999,B05_TLV_CLV,cav,not_applicable,7060.491775532048,3.5,29.220093528311168,0.32496102987034736,lane_1,mainline,,normal,none,commit
BASIC-05,basic_long_dt_900,75,7.499999999999989,B05_MV,cav,not_applicable,7055.078511928233,-3.5,29.550620029902326,0.18724165420736372,on_ramp,on_ramp_mv,,normal,not_started,commit
BASIC-05,basic_long_dt_900,75,7.499999999999989,B05_CLV,cav,not_applicable,7069.078511928233,0.0,29.550620029902326,0.18724165420736372,lane_2,mainline,,normal,none,commit
BASIC-05,basic_long_dt_900,75,7.499999999999989,B05_CFV,cav,not_applicable,7027.437665814169,0.0,29.274557480586743,-0.6313272995253021,lane_2,mainline,,normal,none,commit
BASIC-05,basic_long_dt_900,75,7.499999999999989,B05_TLV_CLV,cav,not_applicable,7063.4169045107665,3.5,29.25128978717872,0.311962588675533,lane_1,mainline,,normal,none,commit
BASIC-05,basic_long_dt_900,76,7.599999999999989,B05_MV,cav,not_applicable,7058.035371451103,-3.5,29.568595228706233,0.1797519880390695,on_ramp,on_ramp_mv,,normal,not_started,commit
BASIC-05,basic_long_dt_900,76,7.599999999999989,B05_CLV,cav,not_applicable,7072.035371451103,0.0,29.568595228706233,0.1797519880390695,lane_2,mainline,,normal,none,commit
BASIC-05,basic_long_dt_900,76,7.599999999999989,B05_CFV,cav,not_applicable,7030.367228884323,0.0,29.295630701534673,0.21073220947929838,lane_2,mainline,,normal,none,commit
BASIC-05,basic_long_dt_900,76,7.599999999999989,B05_TLV_CLV,cav,not_applicable,7066.3450283303355,3.5,29.28123819569157,0.2994840851285119,lane_1,mainline,,normal,none,commit
BASIC-05,basic_long_dt_900,77,7.699999999999989,B05_MV,cav,not_applicable,7060.993956593059,-3.5,29.585851419557983,0.17256190851750688,on_ramp,on_ramp_mv,,normal,not_started,commit
BASIC-05,basic_long_dt_900,77,7.699999999999989,B05_CLV,cav,not_applicable,7074.993956593059,0.0,29.585851419557983,0.17256190851750688,lane_2,mainline,,normal,none,commit
BASIC-05,basic_long_dt_900,77,7.699999999999989,B05_CFV,cav,not_applicable,7033.305788854372,0.0,29.38559970049207,0.8996899895739714,lane_2,mainline,,normal,none,commit
BASIC-05,basic_long_dt_900,77,7.699999999999989,B05_TLV_CLV,cav,not_applicable,7069.276027197122,3.5,29.30998866786391,0.28750472172337144,lane_1,mainline,,normal,none,commit
BASIC-05,basic_long_dt_900,78,7.799999999999988,B05_MV,cav,not_applicable,7063.954198329337,-3.5,29.602417362775665,0.16565943217680684,on_ramp,on_ramp_mv,,normal,not_started,commit
BASIC-05,basic_long_dt_900,78,7.799999999999988,B05_CLV,cav,not_applicable,7077.954198329337,0.0,29.602417362775665,0.16565943217680684,lane_2,mainline,,normal,none,commit
BASIC-05,basic_long_dt_900,78,7.799999999999988,B05_CFV,cav,not_applicable,7036.240800833427,0.0,29.35011979054812,-0.35479909943947796,lane_2,mainline,,normal,none,commit
BASIC-05,basic_long_dt_900,78,7.799999999999988,B05_TLV_CLV,cav,not_applicable,7072.209786109237,3.5,29.337589121149353,0.2760045328544365,lane_1,mainline,,normal,none,commit
BASIC-05,basic_long_dt_900,79,7.899999999999988,B05_MV,cav,not_applicable,7066.9160303961635,-3.5,29.618320668264637,0.15903305488973418,on_ramp,on_ramp_mv,,normal,not_started,commit
BASIC-05,basic_long_dt_900,79,7.899999999999988,B05_CLV,cav,not_applicable,7080.9160303961635,0.0,29.618320668264637,0.15903305488973418,lane_2,mainline,,normal,none,commit
BASIC-05,basic_long_dt_900,79,7.899999999999988,B05_CFV,cav,not_applicable,7039.1801826380315,0.0,29.393818046048526,0.4369825550040635,lane_2,mainline,,normal,none,commit
BASIC-05,basic_long_dt_900,79,7.899999999999988,B05_TLV_CLV,cav,not_applicable,7075.146194664867,3.5,29.36408555630338,0.26496435154025877,lane_1,mainline,,normal,none,commit
BASIC-05,basic_long_dt_900,80,7.999999999999988,B05_MV,cav,not_applicable,7069.879389180317,-3.5,29.63358784153405,0.15267173269414513,on_ramp,on_ramp_mv,,normal,not_started,commit
BASIC-05,basic_long_dt_900,80,7.999999999999988,B05_CLV,cav,not_applicable,7083.879389180317,0.0,29.63358784153405,0.15267173269414513,lane_2,mainline,,normal,none,commit
BASIC-05,basic_long_dt_900,80,7.999999999999988,B05_CFV,cav,not_applicable,7042.127529406841,0.0,29.473467688089894,0.7964964204136895,lane_2,mainline,,normal,none,commit
BASIC-05,basic_long_dt_900,80,7.999999999999988,B05_TLV_CLV,cav,not_applicable,7078.085146878272,3.5,29.389522134051244,0.2543657774786482,lane_1,mainline,,normal,none,commit
BASIC-05,basic_long_dt_900,81,8.099999999999987,B05_MV,cav,not_applicable,7072.844213613104,-3.5,29.64824432787269,0.14656486338637933,on_ramp,on_ramp_mv,,normal,not_started,commit
BASIC-05,basic_long_dt_900,81,8.099999999999987,B05_CLV,cav,not_applicable,7086.844213613104,0.0,29.64824432787269,0.14656486338637933,lane_2,mainline,,normal,none,commit
BASIC-05,basic_long_dt_900,81,8.099999999999987,B05_CFV,cav,not_applicable,7045.070483873636,0.0,29.429544667941922,-0.4392302014797086,lane_2,mainline,,normal,none,commit
BASIC-05,basic_long_dt_900,81,8.099999999999987,B05_TLV_CLV,cav,not_applicable,7081.026541003141,3.5,29.413941248689195,0.24419114637950232,lane_1,mainline,,normal,none,commit
BASIC-05,basic_long_dt_900,82,8.199999999999987,B05_MV,cav,not_applicable,7075.8104450685805,-3.5,29.66231455475778,0.14070226885092438,on_ramp,on_ramp_mv,,normal,not_started,commit
BASIC-05,basic_long_dt_900,82,8.199999999999987,B05_CLV,cav,not_applicable,7089.8104450685805,0.0,29.66231455475778,0.14070226885092438,lane_2,mainline,,normal,none,commit
BASIC-05,basic_long_dt_900,82,8.199999999999987,B05_CFV,cav,not_applicable,7048.017117366054,0.0,29.46633492418449,0.367902562425693,lane_2,mainline,,normal,none,commit
BASIC-05,basic_long_dt_900,82,8.199999999999987,B05_TLV_CLV,cav,not_applicable,7083.970279363015,3.5,29.437383598741626,0.23442350052432204,lane_1,mainline,,normal,none,commit
BASIC-05,basic_long_dt_900,83,8.299999999999986,B05_MV,cav,not_applicable,7078.778027265837,-3.5,29.67582197256747,0.13507417809688746,on_ramp,on_ramp_mv,,normal,not_started,commit
BASIC-05,basic_long_dt_900,83,8.299999999999986,B05_CLV,cav,not_applicable,7092.778027265837,0.0,29.67582197256747,0.13507417809688746,lane_2,mainline,,normal,none,commit
BASIC-05,basic_long_dt_900,83,8.299999999999986,B05_CFV,cav,not_applicable,7050.974033697619,0.0,29.569163315655683,1.0282839147119307,lane_2,mainline,,normal,none,commit
BASIC-05,basic_long_dt_900,83,8.299999999999986,B05_TLV_CLV,cav,not_applicable,7086.9162681884945,3.5,29.45988825479196,0.22504656050334973,lane_1,mainline,,normal,none,commit
BASIC-05,basic_long_dt_900,84,8.399999999999986,B05_MV,cav,not_applicable,7081.746906175204,-3.5,29.68878909366477,0.12967121097301232,on_ramp,on_ramp_mv,,normal,not_started,commit
BASIC-05,basic_long_dt_900,84,8.399999999999986,B05_CLV,cav,not_applicable,7095.746906175204,0.0,29.68878909366477,0.12967121097301232,lane_2,mainline,,normal,none,commit
BASIC-05,basic_long_dt_900,84,8.399999999999986,B05_CFV,cav,not_applicable,7053.9284541703055,0.0,29.544204726859387,-0.24958588796296577,lane_2,mainline,,normal,none,commit
BASIC-05,basic_long_dt_900,84,8.399999999999986,B05_TLV_CLV,cav,not_applicable,7089.864417460954,3.5,29.48149272460028,0.21604469808321625,lane_1,mainline,,normal,none,commit
BASIC-05,basic_long_dt_900,85,8.499999999999986,B05_MV,cav,not_applicable,7084.717029928195,-3.5,29.701237529918178,0.124484362534092,on_ramp,on_ramp_mv,,normal,not_started,commit
BASIC-05,basic_long_dt_900,85,8.499999999999986,B05_CLV,cav,not_applicable,7098.717029928195,0.0,29.701237529918178,0.124484362534092,lane_2,mainline,,normal,none,commit
BASIC-05,basic_long_dt_900,85,8.499999999999986,B05_CFV,cav,not_applicable,7056.888105303908,0.0,29.596511336026055,0.5230660916666644,lane_2,mainline,,normal,none,commit
BASIC-05,basic_long_dt_900,85,8.499999999999986,B05_TLV_CLV,cav,not_applicable,7092.814640762516,3.5,29.50223301561627,0.20740291015988818,lane_1,mainline,,normal,none,commit
BASIC-05,basic_long_dt_900,86,8.599999999999985,B05_MV,cav,not_applicable,7087.688348731067,-3.5,29.71318802872145,0.11950498803272894,on_ramp,on_ramp_mv,,normal,not_started,commit
BASIC-05,basic_long_dt_900,86,8.599999999999985,B05_CLV,cav,not_applicable,7101.688348731067,0.0,29.71318802872145,0.11950498803272894,lane_2,mainline,,normal,none,commit
BASIC-05,basic_long_dt_900,86,8.599999999999985,B05_CFV,cav,not_applicable,7059.84112697826,0.0,29.530216743526054,-0.6629459250000018,lane_2,mainline,,normal,none,commit
BASIC-05,basic_long_dt_900,86,8.599999999999985,B05_TLV_CLV,cav,not_applicable,7095.766855132016,3.5,29.52214369499162,0.1991067937534922,lane_1,mainline,,normal,none,commit
BASIC-05,basic_long_dt_900,87,8.699999999999985,B05_MV,cav,not_applicable,7090.660814781824,-3.5,29.724660507572594,0.11472478851141972,on_ramp,on_ramp_mv,,normal,not_started,commit
BASIC-05,basic_long_dt_900,87,8.699999999999985,B05_CLV,cav,not_applicable,7104.660814781824,0.0,29.724660507572594,0.11472478851141972,lane_2,mainline,,normal,none,commit
BASIC-05,basic_long_dt_900,87,8.699999999999985,B05_CFV,cav,not_applicable,7062.795997276863,0.0,29.548702986026054,0.1848624249999986,lane_2,mainline,,normal,none,commit
BASIC-05,basic_long_dt_900,87,8.699999999999985,B05_TLV_CLV,cav,not_applicable,7098.720980926735,3.5,29.541257947191955,0.19114252200335216,lane_1,mainline,,normal,none,commit
BASIC-05,basic_long_dt_900,88,8.799999999999985,B05_MV,cav,not_applicable,7093.634382190551,-3.5,29.73567408726969,0.11013579697096249,on_ramp,on_ramp_mv,,normal,not_started,commit
BASIC-05,basic_long_dt_900,88,8.799999999999985,B05_CLV,cav,not_applicable,7107.634382190551,0.0,29.73567408726969,0.11013579697096249,lane_2,mainline,,normal,none,commit
BASIC-05,basic_long_dt_900,88,8.799999999999985,B05_CFV,cav,not_applicable,7065.759652813488,0.0,29.636555366253326,0.8785238022727262,lane_2,mainline,,normal,none,commit
BASIC-05,basic_long_dt_900,88,8.799999999999985,B05_TLV_CLV,cav,not_applicable,7101.676941689666,3.5,29.559607629304278,0.18349682112321802,lane_1,mainline,,normal,none,commit
BASIC-05,basic_long_dt_900,89,8.899999999999984,B05_MV,cav,not_applicable,7096.609006902929,-3.5,29.7462471237789,0.10573036509212415,on_ramp,on_ramp_mv,,normal,not_started,commit
BASIC-05,basic_long_dt_900,89,8.899999999999984,B05_CLV,cav,not_applicable,7110.609006902929,0.0,29.7462471237789,0.10573036509212415,lane_2,mainline,,normal,none,commit
BASIC-05,basic_long_dt_900,89,8.899999999999984,B05_CFV,cav,not_applicable,7068.719587181223,0.0,29.59934367734837,-0.3721168890495876,lane_2,mainline,,normal,none,commit
BASIC-05,basic_long_dt_900,89,8.899999999999984,B05_TLV_CLV,cav,not_applicable,7104.634664022079,3.5,29.577223324132106,0.1761569482782889,lane_1,mainline,,normal,none,commit
BASIC-05,basic_long_dt_900,90,8.999999999999984,B05_MV,cav,not_applicable,7099.584646626811,-3.5,29.756397238827745,0.10150115048843987,on_ramp,on_ramp_mv,,normal,not_started,commit
BASIC-05,basic_long_dt_900,90,8.999999999999984,B05_CLV,cav,not_applicable,7113.584646626811,0.0,29.756397238827745,0.10150115048843987,lane_2,mainline,,normal,none,commit
BASIC-05,basic_long_dt_900,90,8.999999999999984,B05_CFV,cav,not_applicable,7071.683749683501,0.0,29.641625022789768,0.42281345441397383,lane_2,mainline,,normal,none,commit
BASIC-05,basic_long_dt_900,90,8.999999999999984,B05_TLV_CLV,cav,not_applicable,7107.594077461195,3.5,29.594134391166822,0.16911067034715757,lane_1,mainline,,normal,none,commit
BASIC-05,basic_long_dt_900,91,9.099999999999984,B05_MV,cav,not_applicable,7102.561260761739,-3.5,29.766141349274633,0.09744110446890204,on_ramp,on_ramp_mv,,normal,not_started,commit
BASIC-05,basic_long_dt_900,91,9.099999999999984,B05_CLV,cav,not_applicable,7116.561260761739,0.0,29.766141349274633,0.09744110446890204,lane_2,mainline,,normal,none,commit
BASIC-05,basic_long_dt_900,91,9.099999999999984,B05_CFV,cav,not_applicable,7074.640462477681,0.0,29.567127941787273,-0.7449708100249304,lane_2,mainline,,normal,none,commit
BASIC-05,basic_long_dt_900,91,9.099999999999984,B05_TLV_CLV,cav,not_applicable,7110.555114362747,3.5,29.61036901552015,0.1623462435332712,lane_1,mainline,,normal,none,commit
BASIC-05,basic_long_dt_900,92,9.199999999999983,B05_MV,cav,not_applicable,7105.538810331269,-3.5,29.775495695303647,0.09354346029014665,on_ramp,on_ramp_mv,,normal,not_started,commit
BASIC-05,basic_long_dt_900,92,9.199999999999983,B05_CLV,cav,not_applicable,7119.538810331269,0.0,29.775495695303647,0.09354346029014665,lane_2,mainline,,normal,none,commit
BASIC-05,basic_long_dt_900,92,9.199999999999983,B05_CFV,cav,not_applicable,7077.598352783413,0.0,29.578903057330688,0.11775115543414794,lane_2,mainline,,normal,none,commit
BASIC-05,basic_long_dt_900,92,9.199999999999983,B05_TLV_CLV,cav,not_applicable,7113.517709788237,3.5,29.625954254899344,0.15585239379194038,lane_1,mainline,,normal,none,commit
BASIC-05,basic_long_dt_900,93,9.299999999999983,B05_MV,cav,not_applicable,7108.517257918018,-3.5,29.7844758674915,0.08980172187854124,on_ramp,on_ramp_mv,,normal,not_started,commit
BASIC-05,basic_long_dt_900,93,9.299999999999983,B05_CLV,cav,not_applicable,7122.517257918018,0.0,29.7844758674915,0.08980172187854124,lane_2,mainline,,normal,none,commit
BASIC-05,basic_long_dt_900,93,9.299999999999983,B05_CFV,cav,not_applicable,7080.564479234963,0.0,29.661264515502573,0.8236145817188483,lane_2,mainline,,normal,none,commit
BASIC-05,basic_long_dt_900,93,9.299999999999983,B05_TLV_CLV,cav,not_applicable,7116.481801396707,3.5,29.64091608470337,0.14961829804026225,lane_1,mainline,,normal,none,commit
BASIC-05,basic_long_dt_900,94,9.399999999999983,B05_MV,cav,not_applicable,7111.496567601297,-3.5,29.793096832791843,0.08620965300339947,on_ramp,on_ramp_mv,,normal,not_started,commit
BASIC-05,basic_long_dt_900,94,9.399999999999983,B05_CLV,cav,not_applicable,7125.496567601297,0.0,29.793096832791843,0.08620965300339947,lane_2,mainline,,normal,none,commit
BASIC-05,basic_long_dt_900,94,9.399999999999983,B05_CFV,cav,not_applicable,7083.5264352603635,0.0,29.619560254006842,-0.4170426149573059,lane_2,mainline,,normal,none,commit
BASIC-05,basic_long_dt_900,94,9.399999999999983,B05_TLV_CLV,cav,not_applicable,7119.447329340838,3.5,29.655279441315237,0.14363356611865186,lane_1,mainline,,normal,none,commit
BASIC-05,basic_long_dt_900,95,9.499999999999982,B05_MV,cav,not_applicable,7114.476704897245,-3.5,29.80137295948017,0.08276126688326287,on_ramp,on_ramp_mv,,normal,not_started,commit
BASIC-05,basic_long_dt_900,95,9.499999999999982,B05_CLV,cav,not_applicable,7128.476704897245,0.0,29.80137295948017,0.08276126688326287,lane_2,mainline,,normal,none,commit
BASIC-05,basic_long_dt_900,95,9.499999999999982,B05_CFV,cav,not_applicable,7086.492251846187,0.0,29.65816585823761,0.3860560423076589,lane_2,mainline,,normal,none,commit
BASIC-05,basic_long_dt_900,95,9.499999999999982,B05_TLV_CLV,cav,not_applicable,7122.414236167205,3.5,29.669068263662627,0.13788822347390522,lane_1,mainline,,normal,none,commit
BASIC-05,basic_long_dt_900,96,9.599999999999982,B05_MV,cav,not_applicable,7117.457636701355,-3.5,29.809318041100962,0.07945081620793247,on_ramp,on_ramp_mv,,normal,not_started,commit
BASIC-05,basic_long_dt_900,96,9.599999999999982,B05_CLV,cav,not_applicable,7131.457636701355,0.0,29.809318041100962,0.07945081620793247,lane_2,mainline,,normal,none,commit
BASIC-05,basic_long_dt_900,96,9.599999999999982,B05_CFV,cav,not_applicable,7089.45953092302,0.0,29.672790768327268,0.14624910089657478,lane_2,mainline,,normal,none,commit
BASIC-05,basic_long_dt_900,96,9.599999999999982,B05_TLV_CLV,cav,not_applicable,7125.382466720516,3.5,29.68230553311612,0.13237269453494918,lane_1,mainline,,normal,none,commit
BASIC-05,basic_long_dt_900,97,9.699999999999982,B05_MV,cav,not_applicable,7120.4393312333,-3.5,29.816945319456924,0.07627278355961523,on_ramp,on_ramp_mv,,normal,not_started,commit
BASIC-05,basic_long_dt_900,97,9.699999999999982,B05_CLV,cav,not_applicable,7134.4393312333,0.0,29.816945319456924,0.07627278355961523,lane_2,mainline,,normal,none,commit
BASIC-05,basic_long_dt_900,97,9.699999999999982,B05_CFV,cav,not_applicable,7092.435279310678,0.0,29.75748387658244,0.846931082551743,lane_2,mainline,,normal,none,commit
BASIC-05,basic_long_dt_900,97,9.699999999999982,B05_TLV_CLV,cav,not_applicable,7128.351968051696,3.5,29.695013311791477,0.12707778675355144,lane_1,mainline,,normal,none,commit
BASIC-05,basic_long_dt_900,98,9.799999999999981,B05_MV,cav,not_applicable,7123.421757983969,-3.5,29.82426750667865,0.07322187221723056,on_ramp,on_ramp_mv,,normal,not_started,commit
BASIC-05,basic_long_dt_900,98,9.799999999999981,B05_CLV,cav,not_applicable,7137.421757983969,0.0,29.82426750667865,0.07322187221723056,lane_2,mainline,,normal,none,commit
BASIC-05,basic_long_dt_900,98,9.799999999999981,B05_CFV,cav,not_applicable,7095.407048043558,0.0,29.71768732879122,-0.39796547791221026,lane_2,mainline,,normal,none,commit
BASIC-05,basic_long_dt_900,98,9.799999999999981,B05_TLV_CLV,cav,not_applicable,7131.322689329628,3.5,29.707212779319818,0.12199467528340904,lane_1,mainline,,normal,none,commit
BASIC-05,basic_long_dt_900,99,9.89999999999998,B05_MV,cav,not_applicable,7126.351938418758,-3.5,29.301804347895157,0.0702929973285407,on_ramp,on_ramp_mv,,normal,not_started,commit
BASIC-05,basic_long_dt_900,99,9.89999999999998,B05_CLV,cav,not_applicable,7140.40488766461,0.0,29.8312968064115,0.0702929973285407,lane_2,mainline,,normal,none,commit
BASIC-05,basic_long_dt_900,99,9.89999999999998,B05_CFV,cav,not_applicable,7098.382833422526,0.0,29.757853789689314,0.40166460898091894,lane_2,mainline,,normal,none,commit
BASIC-05,basic_long_dt_900,99,9.89999999999998,B05_TLV_CLV,cav,not_applicable,7134.294581756442,3.5,29.718924268147024,0.1171148882720729,lane_1,mainline,,normal,none,commit
BASIC-05,basic_long_dt_900,100,9.99999999999998,B05_MV,cav,not_applicable,7129.212074143825,-3.5,28.60135725066065,0.27927826084193724,on_ramp,on_ramp_mv,,normal,not_started,commit
BASIC-05,basic_long_dt_900,100,9.99999999999998,B05_CLV,cav,not_applicable,7143.388692158026,0.0,29.83804493415504,0.06748127743539954,lane_2,mainline,,normal,none,commit
BASIC-05,basic_long_dt_900,100,9.99999999999998,B05_CFV,cav,not_applicable,7101.3509960573865,0.0,29.681626348605935,-0.7622744108337935,lane_2,mainline,,normal,none,commit
BASIC-05,basic_long_dt_900,100,9.99999999999998,B05_TLV_CLV,cav,not_applicable,7137.267598486184,3.5,29.730167297421144,0.11243029274119039,lane_1,mainline,,normal,none,commit
BASIC-05,basic_long_dt_900,101,10.09999999999998,B05_MV,cav,not_applicable,7132.003839547987,-3.5,27.917654041624917,0.5594570997357394,on_ramp,on_ramp_mv,,normal,not_started,commit
BASIC-05,basic_long_dt_900,101,10.09999999999998,B05_CLV,cav,not_applicable,7146.373144471705,0.0,29.844523136788837,0.06478202633798417,lane_2,mainline,,normal,none,commit
BASIC-05,basic_long_dt_900,101,10.09999999999998,B05_CFV,cav,not_applicable,7104.3201946288855,0.0,29.69198571499226,0.10359366386325985,lane_2,mainline,,normal,none,commit
BASIC-05,basic_long_dt_900,101,10.09999999999998,B05_TLV_CLV,cav,not_applicable,7140.241694546737,3.5,29.740960605524297,0.1079330810315426,lane_1,mainline,,normal,none,commit
BASIC-05,basic_long_dt_900,102,10.19999999999998,B05_MV,cav,not_applicable,7134.728868994517,-3.5,27.250294465304005,0.832938383350033,on_ramp,on_ramp_mv,,normal,not_started,commit
BASIC-05,basic_long_dt_900,102,10.19999999999998,B05_CLV,cav,not_applicable,7149.358218692837,0.0,29.850742211317282,0.06219074528446527,lane_2,mainline,,normal,none,commit
BASIC-05,basic_long_dt_900,102,10.19999999999998,B05_CFV,cav,not_applicable,7107.29751351218,0.0,29.773188832944708,0.8120311795244853,lane_2,mainline,,normal,none,commit
BASIC-05,basic_long_dt_900,102,10.19999999999998,B05_TLV_CLV,cav,not_applicable,7143.216826764867,3.5,29.751322181303326,0.1036157577902813,lane_1,mainline,,normal,none,commit
BASIC-05,basic_long_dt_900,103,10.29999999999998,B05_MV,cav,not_applicable,7137.388757777932,-3.5,26.598887834149682,1.099882213878398,on_ramp,on_ramp_mv,,normal,not_started,commit
BASIC-05,basic_long_dt_900,103,10.29999999999998,B05_CLV,cav,not_applicable,7152.343889945123,0.0,29.85671252286459,0.05970311547308711,lane_2,mainline,,normal,none,commit
BASIC-05,basic_long_dt_900,103,10.29999999999998,B05_CFV,cav,not_applicable,7110.270567196034,0.0,29.730536838542164,-0.42651994402542104,lane_2,mainline,,normal,none,commit
BASIC-05,basic_long_dt_900,103,10.29999999999998,B05_TLV_CLV,cav,not_applicable,7146.192953694272,3.5,29.761269294051193,0.09947112747866954,lane_1,mainline,,normal,none,commit
BASIC-05,basic_long_dt_900,104,10.399999999999979,B05_MV,cav,not_applicable,7139.985063057916,-3.5,25.963052799832578,1.3604448663401272,on_ramp,on_ramp_mv,,normal,not_started,commit
BASIC-05,basic_long_dt_900,104,10.399999999999979,B05_CLV,cav,not_applicable,7155.330134347318,0.0,29.862444021950008,0.05731499085416374,lane_2,mainline,,normal,none,commit
BASIC-05,basic_long_dt_900,104,10.399999999999979,B05_CFV,cav,not_applicable,7113.247403898528,0.0,29.768367024940083,0.378301863979201,lane_2,mainline,,normal,none,commit
BASIC-05,basic_long_dt_900,104,10.399999999999979,B05_TLV_CLV,cav,not_applicable,7149.170035546501,3.5,29.770818522289144,0.09549228237952292,lane_1,mainline,,normal,none,commit
BASIC-05,basic_long_dt_900,105,10.499999999999979,B05_MV,cav,not_applicable,7142.519304770915,-3.5,25.34241712999215,1.614778880066969,on_ramp,on_ramp_mv,,normal,not_started,commit
BASIC-05,basic_long_dt_900,105,10.499999999999979,B05_CLV,cav,not_applicable,7158.316928973425,0.0,29.867946261072007,0.055022391219996795,lane_2,mainline,,normal,none,commit
BASIC-05,basic_long_dt_900,105,10.499999999999979,B05_CFV,cav,not_applicable,7116.2199957140565,0.0,29.725918155279267,-0.4244886966081767,lane_2,mainline,,normal,none,commit
BASIC-05,basic_long_dt_900,105,10.499999999999979,B05_TLV_CLV,cav,not_applicable,7152.148034124641,3.5,29.779985781397578,0.09167259108434252,lane_1,mainline,,normal,none,commit
BASIC-05,basic_long_dt_900,106,10.599999999999978,B05_MV,cav,not_applicable,7144.992966519948,-3.5,24.736617490323013,1.8630331480031401,on_ramp,on_ramp_mv,,normal,not_started,commit
BASIC-05,basic_long_dt_900,106,10.599999999999978,B05_CLV,cav,not_applicable,7161.304251814488,0.0,29.873228410629125,0.05282149557119738,lane_2,mainline,,normal,none,commit
BASIC-05,basic_long_dt_900,106,10.599999999999978,B05_CFV,cav,not_applicable,7119.196387167522,0.0,29.76391453464769,0.3799637936842191,lane_2,mainline,,normal,none,commit
BASIC-05,basic_long_dt_900,106,10.599999999999978,B05_TLV_CLV,cav,not_applicable,7155.126912759655,3.5,29.788786350141674,0.08800568744096893,lane_1,mainline,,normal,none,commit
BASIC-05,basic_long_dt_900,107,10.699999999999978,B05_MV,cav,not_applicable,7147.407496443135,-3.5,24.145299231871043,2.105353003870795,on_ramp,on_ramp_mv,,normal,not_started,commit
BASIC-05,basic_long_dt_900,107,10.699999999999978,B05_CLV,cav,not_applicable,7164.292081741909,0.0,29.87829927420396,0.05070863574835016,lane_2,mainline,,normal,none,commit
BASIC-05,basic_long_dt_900,107,10.699999999999978,B05_CFV,cav,not_applicable,7122.171829206596,0.0,29.754420390744585,-0.0949414390310635,lane_2,mainline,,normal,none,commit
BASIC-05,basic_long_dt_900,107,10.699999999999978,B05_TLV_CLV,cav,not_applicable,7158.106636249268,3.5,29.797234896136008,0.08448545994333045,lane_1,mainline,,normal,none,commit
BASIC-05,basic_long_dt_900,108,10.799999999999978,B05_MV,cav,not_applicable,7149.764308061476,-3.5,23.568116183413668,2.341880307251583,on_ramp,on_ramp_mv,,normal,not_started,commit
BASIC-05,basic_long_dt_900,108,10.799999999999978,B05_CLV,cav,not_applicable,7167.280398472232,0.0,29.8831673032358,0.04868029031841559,lane_2,mainline,,normal,none,commit
BASIC-05,basic_long_dt_900,108,10.799999999999978,B05_CFV,cav,not_applicable,7125.153767179351,0.0,29.819379727551134,0.6495933680654935,lane_2,mainline,,normal,none,commit
BASIC-05,basic_long_dt_900,108,10.799999999999978,B05_TLV_CLV,cav,not_applicable,7161.087170799297,3.5,29.805345500290567,0.08110604154559696,lane_1,mainline,,normal,none,commit
BASIC-05,basic_long_dt_900,109,10.899999999999977,B05_MV,cav,not_applicable,7152.064781106356,-3.5,23.004730448802988,2.572753526634533,on_ramp,on_ramp_mv,,normal,not_started,commit
BASIC-05,basic_long_dt_900,109,10.899999999999977,B05_CLV,cav,not_applicable,7170.269182533343,0.0,29.88784061110637,0.04673307870567953,lane_2,mainline,,normal,none,commit
BASIC-05,basic_long_dt_900,109,10.899999999999977,B05_CFV,cav,not_applicable,7128.130110916027,0.0,29.76343736675649,-0.5594236079464143,lane_2,mainline,,normal,none,commit
BASIC-05,basic_long_dt_900,109,10.899999999999977,B05_TLV_CLV,cav,not_applicable,7164.068483967325,3.5,29.813131680278943,0.07786179988377313,lane_1,mainline,,normal,none,commit
BASIC-05,basic_long_dt_900,110,10.999999999999977,B05_MV,cav,not_applicable,7154.310262327272,-3.5,22.454812209154316,2.798107820478805,on_ramp,on_ramp_mv,,normal,not_started,commit
BASIC-05,basic_long_dt_900,110,10.999999999999977,B05_CLV,cav,not_applicable,7173.25841523201,0.0,29.892326986662116,0.044863755557452124,lane_2,mainline,,normal,none,commit
BASIC-05,basic_long_dt_900,110,10.999999999999977,B05_CFV,cav,not_applicable,7131.109150277728,0.0,29.79039361701542,0.2695625025892974,lane_2,mainline,,normal,none,commit
BASIC-05,basic_long_dt_900,110,10.999999999999977,B05_TLV_CLV,cav,not_applicable,7167.050544608632,3.5,29.820606413067786,0.0747473278884229,lane_1,mainline,,normal,none,commit
BASIC-05,basic_long_dt_900,111,11.099999999999977,B05_MV,cav,not_applicable,7156.502066280248,-3.4958529467902686,21.9180395297621,3.0180751163382737,on_ramp,on_ramp_mv,,normal,executing,commit
BASIC-05,basic_long_dt_900,111,11.099999999999977,B05_CLV,cav,not_applicable,7176.248078622729,0.0,29.896633907195632,0.04306920533515353,lane_2,mainline,,normal,none,commit
BASIC-05,basic_long_dt_900,111,11.099999999999977,B05_CFV,cav,not_applicable,7134.097667878087,0.0,29.88517600359091,0.9478238657548798,lane_2,mainline,,normal,none,commit
BASIC-05,basic_long_dt_900,111,11.099999999999977,B05_TLV_CLV,cav,not_applicable,7170.033322824286,3.5,29.827782156545073,0.07175743477288564,lane_1,mainline,,normal,none,commit
BASIC-05,basic_long_dt_900,112,11.199999999999976,B05_MV,cav,not_applicable,7158.641476097411,-3.4838245317910066,21.39409817163217,3.2327841880951595,on_ramp,on_ramp_mv,,normal,executing,commit
BASIC-05,basic_long_dt_900,112,11.199999999999976,B05_CLV,cav,not_applicable,7179.238155477819,0.0,29.900768550907806,0.041346437121747216,lane_2,mainline,,normal,none,commit
BASIC-05,basic_long_dt_900,112,11.199999999999976,B05_CFV,cav,not_applicable,7137.083031310075,0.0,29.853634319879944,-0.31541683710964386,lane_2,mainline,,normal,none,commit
BASIC-05,basic_long_dt_900,112,11.199999999999976,B05_TLV_CLV,cav,not_applicable,7173.016789911315,3.5,29.83467087028327,0.06888713738197083,lane_1,mainline,,normal,none,commit
BASIC-05,basic_long_dt_900,113,11.299999999999976,B05_MV,cav,not_applicable,7160.729744238163,-3.4645321163513056,20.882681407519318,3.4423607313471325,on_ramp,on_ramp_mv,,normal,executing,commit
BASIC-05,basic_long_dt_900,113,11.299999999999976,B05_CLV,cav,not_applicable,7182.228629258707,0.0,29.904737808871495,0.03969257963687767,lane_2,mainline,,normal,none,commit
BASIC-05,basic_long_dt_900,113,11.299999999999976,B05_CFV,cav,not_applicable,7140.073086786123,0.0,29.900554760480066,0.4692044060012005,lane_2,mainline,,normal,none,commit
BASIC-05,basic_long_dt_900,113,11.299999999999976,B05_TLV_CLV,cav,not_applicable,7176.000918314862,3.5,29.841284035471936,0.06613165188669257,lane_1,mainline,,normal,none,commit
BASIC-05,basic_long_dt_900,114,11.399999999999975,B05_MV,cav,not_applicable,7162.768093222399,-3.43858575562159,20.38348984236165,3.6469274369922733,on_ramp,on_ramp_mv,,normal,executing,commit
BASIC-05,basic_long_dt_900,114,11.399999999999975,B05_CLV,cav,not_applicable,7185.2194840883585,0.0,29.908548296516635,0.038104876451401995,lane_2,mainline,,normal,none,commit
BASIC-05,basic_long_dt_900,114,11.399999999999975,B05_CFV,cav,not_applicable,7143.056072116402,0.0,29.829853302789257,-0.7070145769081086,lane_2,mainline,,normal,none,commit
BASIC-05,basic_long_dt_900,114,11.399999999999975,B05_TLV_CLV,cav,not_applicable,7178.985681582268,3.5,29.84763267405306,0.06348638581122544,lane_1,mainline,,normal,none,commit
BASIC-05,basic_long_dt_900,115,11.499999999999975,B05_MV,cav,not_applicable,7164.7577163462,-3.406582875716225,19.896231238008312,3.8466040630553398,on_ramp,on_ramp_mv,,normal,executing,commit
BASIC-05,basic_long_dt_900,115,11.499999999999975,B05_CLV,cav,not_applicable,7188.210704724824,0.0,29.91220636465597,0.036580681393346026,lane_2,mainline,,normal,none,commit
BASIC-05,basic_long_dt_900,115,11.499999999999975,B05_CFV,cav,not_applicable,7146.040545509233,0.0,29.844733928314955,0.14880625525700208,lane_2,mainline,,normal,none,commit
BASIC-05,basic_long_dt_900,115,11.499999999999975,B05_TLV_CLV,cav,not_applicable,7181.971054318977,3.5,29.853727367090936,0.06094693037877619,lane_1,mainline,,normal,none,commit
BASIC-05,basic_long_dt_900,116,11.599999999999975,B05_MV,cav,not_applicable,7166.699778380414,-3.3691039231533906,19.42062034213631,4.0,on_ramp,on_ramp_mv,,normal,executing,commit
BASIC-05,basic_long_dt_900,116,11.599999999999975,B05_CLV,cav,not_applicable,7191.202276535831,0.0,29.91571811006973,0.03511745413761247,lane_2,mainline,,normal,none,commit
BASIC-05,basic_long_dt_900,116,11.599999999999975,B05_CFV,cav,not_applicable,7149.033509135063,0.0,29.92963625829053,0.849023299755729,lane_2,mainline,,normal,none,commit
BASIC-05,basic_long_dt_900,116,11.599999999999975,B05_TLV_CLV,cav,not_applicable,7184.9570121462175,3.5,29.859578272407298,0.058509053163625424,lane_1,mainline,,normal,none,commit
BASIC-05,basic_long_dt_900,117,11.699999999999974,B05_MV,cav,not_applicable,7168.5954162525395,-3.32670888542549,18.956378721257497,4.0,on_ramp,on_ramp_mv,,normal,executing,commit
BASIC-05,basic_long_dt_900,117,11.699999999999974,B05_CLV,cav,not_applicable,7194.194185474397,0.0,29.91908938566694,0.03371275597210826,lane_2,mainline,,normal,none,commit
BASIC-05,basic_long_dt_900,117,11.699999999999974,B05_CFV,cav,not_applicable,7152.022510224253,0.0,29.890010891906908,-0.39625366383622174,lane_2,mainline,,normal,none,commit
BASIC-05,basic_long_dt_900,117,11.699999999999974,B05_TLV_CLV,cav,not_applicable,7187.9435316603685,3.5,29.865195141511006,0.05616869103708098,lane_1,mainline,,normal,none,commit
BASIC-05,basic_long_dt_900,118,11.799999999999974,B05_MV,cav,not_applicable,7170.4457397123115,-3.279934585300646,18.503234597716965,4.0,on_ramp,on_ramp_mv,,normal,executing,commit
BASIC-05,basic_long_dt_900,118,11.799999999999974,B05_CLV,cav,not_applicable,7197.186418055421,0.0,29.922325810240263,0.0323642457332241,lane_2,mainline,,normal,none,commit
BASIC-05,basic_long_dt_900,118,11.799999999999974,B05_CFV,cav,not_applicable,7155.015541965285,0.0,29.930317410320306,0.40306518413400044,lane_2,mainline,,normal,none,commit
BASIC-05,basic_long_dt_900,118,11.799999999999974,B05_TLV_CLV,cav,not_applicable,7190.930590393954,3.5,29.870587335850566,0.0539219433955978,lane_1,mainline,,normal,none,commit
BASIC-05,basic_long_dt_900,119,11.899999999999974,B05_MV,cav,not_applicable,7172.251831981371,-3.2292926564162765,18.06092269058855,4.0,on_ramp,on_ramp_mv,,normal,executing,commit
BASIC-05,basic_long_dt_900,119,11.899999999999974,B05_CLV,cav,not_applicable,7200.178961333204,0.0,29.925432777830654,0.031069675903894735,lane_2,mainline,,normal,none,commit
BASIC-05,basic_long_dt_900,119,11.899999999999974,B05_CFV,cav,not_applicable,7158.00096242146,0.0,29.85420456174945,-0.761128485708545,lane_2,mainline,,normal,none,commit
BASIC-05,basic_long_dt_900,119,11.899999999999974,B05_TLV_CLV,cav,not_applicable,7193.918166778196,3.5,29.875763842416543,0.05176506565977377,lane_1,mainline,,normal,none,commit
BASIC-05,basic_long_dt_900,120,11.999999999999973,B05_MV,cav,not_applicable,7174.014750387408,-3.17526811351342,17.629184060373092,4.0,on_ramp,on_ramp_mv,,normal,executing,commit
BASIC-05,basic_long_dt_900,120,11.999999999999973,B05_CLV,cav,not_applicable,7203.171802879876,0.0,29.92841546671743,0.029826888867738433,lane_2,mainline,,normal,none,commit
BASIC-05,basic_long_dt_900,120,11.999999999999973,B05_CFV,cav,not_applicable,7160.987428190025,0.0,29.864657685646026,0.10453123896573602,lane_2,mainline,,normal,none,commit
BASIC-05,basic_long_dt_900,120,11.999999999999973,B05_TLV_CLV,cav,not_applicable,7196.906240107068,3.5,29.88073328871988,0.049694463033382874,lane_1,mainline,,normal,none,commit
BASIC-05,basic_long_dt_900,121,12.099999999999973,B05_MV,cav,not_applicable,7175.735526983149,-3.1183184369604597,17.207765957409574,4.0,on_ramp,on_ramp_mv,,normal,executing,commit
BASIC-05,basic_long_dt_900,121,12.099999999999973,B05_CLV,cav,not_applicable,7206.164930764681,0.0,29.93127884804873,0.02863381331302861,lane_2,mainline,,normal,none,commit
BASIC-05,basic_long_dt_900,121,12.099999999999973,B05_CFV,cav,not_applicable,7163.982021941453,0.0,29.945937514288676,0.8127982864265113,lane_2,mainline,,normal,none,commit
BASIC-05,basic_long_dt_900,121,12.099999999999973,B05_TLV_CLV,cav,not_applicable,7199.894790502785,3.5,29.885503957171085,0.04770668451204756,lane_1,mainline,,normal,none,commit
BASIC-05,basic_long_dt_900,122,12.199999999999973,B05_MV,cav,not_applicable,7177.415169150539,-3.0588730977738594,16.79642167390904,4.0,on_ramp,on_ramp_mv,,normal,executing,commit
BASIC-05,basic_long_dt_900,122,12.199999999999973,B05_CLV,cav,not_applicable,7209.158333534094,0.0,29.934027694126783,0.02748846078050775,lane_2,mainline,,normal,none,commit
BASIC-05,basic_long_dt_900,122,12.199999999999973,B05_CFV,cav,not_applicable,7166.972356769771,0.0,29.90334828317812,-0.4258923111055817,lane_2,mainline,,normal,none,commit
BASIC-05,basic_long_dt_900,122,12.199999999999973,B05_TLV_CLV,cav,not_applicable,7202.883798882674,3.5,29.89008379888424,0.04579841713156583,lane_1,mainline,,normal,none,commit
BASIC-05,basic_long_dt_900,123,12.299999999999972,B05_MV,cav,not_applicable,7179.0546601904925,-2.9973334559616776,16.394910399527074,4.0,on_ramp,on_ramp_mv,,normal,executing,commit
BASIC-05,basic_long_dt_900,123,12.299999999999972,B05_CLV,cav,not_applicable,7212.15200019273,0.0,29.93666658636171,0.02638892234928676,lane_2,mainline,,normal,none,commit
BASIC-05,basic_long_dt_900,123,12.299999999999972,B05_CFV,cav,not_applicable,7169.966479751907,0.0,29.941229821360388,0.37881538182270597,lane_2,mainline,,normal,none,commit
BASIC-05,basic_long_dt_900,123,12.299999999999972,B05_TLV_CLV,cav,not_applicable,7205.873246927366,3.5,29.89448044692887,0.04396648044630354,lane_1,mainline,,normal,none,commit
BASIC-05,basic_long_dt_900,124,12.399999999999972,B05_MV,cav,not_applicable,7180.654959898531,-2.9340729715385896,16.002997080387207,4.0,on_ramp,on_ramp_mv,,normal,executing,commit
BASIC-05,basic_long_dt_900,124,12.399999999999972,B05_CLV,cav,not_applicable,7215.145920185021,0.0,29.939199922907243,0.025333365455315972,lane_2,mainline,,normal,none,commit
BASIC-05,basic_long_dt_900,124,12.399999999999972,B05_CFV,cav,not_applicable,7172.9527930417125,0.0,29.86313289805497,-0.7809692330541496,lane_2,mainline,,normal,none,commit
BASIC-05,basic_long_dt_900,124,12.399999999999972,B05_TLV_CLV,cav,not_applicable,7208.863117050271,3.5,29.898701229051717,0.04220782122845179,lane_1,mainline,,normal,none,commit
BASIC-05,basic_long_dt_900,125,12.499999999999972,B05_MV,cav,not_applicable,7182.2170051266785,-2.8694376738728593,15.620452281475758,4.0,on_ramp,on_ramp_mv,,normal,executing,commit
BASIC-05,basic_long_dt_900,125,12.499999999999972,B05_CLV,cav,not_applicable,7218.140083377621,0.0,29.941631925990954,0.02432003083710299,lane_2,mainline,,normal,none,commit
BASIC-05,basic_long_dt_900,125,12.499999999999972,B05_CFV,cav,not_applicable,7175.93998931052,0.0,29.871962688077815,0.08829790022842321,lane_2,mainline,,normal,none,commit
BASIC-05,basic_long_dt_900,125,12.499999999999972,B05_TLV_CLV,cav,not_applicable,7211.85339236826,3.5,29.902753179889647,0.04051950837931315,lane_1,mainline,,normal,none,commit
BASIC-05,basic_long_dt_900,126,12.599999999999971,B05_MV,cav,not_applicable,7183.741710331911,-2.8037468410420754,15.247052052324568,4.0,on_ramp,on_ramp_mv,,normal,executing,commit
BASIC-05,basic_long_dt_900,126,12.599999999999971,B05_CLV,cav,not_applicable,7221.134480042516,0.0,29.943966648951317,0.023347229603618305,lane_2,mainline,,normal,none,commit
BASIC-05,basic_long_dt_900,126,12.599999999999971,B05_CFV,cav,not_applicable,7178.935180743966,0.0,29.95191433446014,0.7995164638232554,lane_2,mainline,,normal,none,commit
BASIC-05,basic_long_dt_900,126,12.599999999999971,B05_TLV_CLV,cav,not_applicable,7214.844056673529,3.5,29.90664305269406,0.038898728044141254,lane_1,mainline,,normal,none,commit
BASIC-05,basic_long_dt_900,127,12.69999999999997,B05_MV,cav,not_applicable,7185.229968111502,-2.7372938465375887,14.882577795905517,4.0,on_ramp,on_ramp_mv,,normal,executing,commit
BASIC-05,basic_long_dt_900,127,12.69999999999997,B05_CLV,cav,not_applicable,7224.129100840815,0.0,29.946207982993265,0.022413340419473116,lane_2,mainline,,normal,none,commit
BASIC-05,basic_long_dt_900,127,12.69999999999997,B05_CFV,cav,not_applicable,7181.926004584843,0.0,29.908238408772952,-0.436759256871882,lane_2,mainline,,normal,none,commit
BASIC-05,basic_long_dt_900,127,12.69999999999997,B05_TLV_CLV,cav,not_applicable,7217.835094406588,3.5,29.9103773305863,0.03734277892237543,lane_1,mainline,,normal,none,commit
BASIC-05,basic_long_dt_900,128,12.79999999999997,B05_MV,cav,not_applicable,7186.682649725568,-2.670347135930875,14.526816140659275,4.0,on_ramp,on_ramp_mv,,normal,executing,commit
BASIC-05,basic_long_dt_900,128,12.79999999999997,B05_CLV,cav,not_applicable,7227.123936807183,0.0,29.948359663673536,0.021516806802694077,lane_2,mainline,,normal,none,commit
BASIC-05,basic_long_dt_900,128,12.79999999999997,B05_CFV,cav,not_applicable,7184.920527668164,0.0,29.945230833210708,0.3699242443775511,lane_2,mainline,,normal,none,commit
BASIC-05,basic_long_dt_900,128,12.79999999999997,B05_TLV_CLV,cav,not_applicable,7220.826490630324,3.5,29.91396223736285,0.03584906776547996,lane_1,mainline,,normal,none,commit
BASIC-05,basic_long_dt_900,129,12.89999999999997,B05_MV,cav,not_applicable,7188.100605607126,-2.603151300978973,14.17955881558212,4.0,on_ramp,on_ramp_mv,,normal,executing,commit
BASIC-05,basic_long_dt_900,129,12.89999999999997,B05_CLV,cav,not_applicable,7230.118979334896,0.0,29.950425277126595,0.02065613453058575,lane_2,mainline,,normal,none,commit
BASIC-05,basic_long_dt_900,129,12.89999999999997,B05_CFV,cav,not_applicable,7187.907168313484,0.0,29.866406453205236,-0.7882438000547308,lane_2,mainline,,normal,none,commit
BASIC-05,basic_long_dt_900,129,12.89999999999997,B05_TLV_CLV,cav,not_applicable,7223.818231005111,3.5,29.917403747868335,0.03441510505486036,lane_1,mainline,,normal,none,commit
BASIC-05,basic_long_dt_900,130,12.99999999999997,B05_MV,cav,not_applicable,7189.484665859956,-2.5359282230944586,13.840602528299568,4.0,on_ramp,on_ramp_mv,,normal,executing,commit
BASIC-05,basic_long_dt_900,130,12.99999999999997,B05_CLV,cav,not_applicable,7233.1142201615,0.0,29.95240826604153,0.019829889149362147,lane_2,mainline,,normal,none,commit
BASIC-05,basic_long_dt_900,130,12.99999999999997,B05_CFV,cav,not_applicable,7190.894632418623,0.0,29.874641051382575,0.08234598177340213,lane_2,mainline,,normal,none,commit
BASIC-05,basic_long_dt_900,130,12.99999999999997,B05_TLV_CLV,cav,not_applicable,7226.810301764906,3.5,29.9207075979536,0.03303850085266618,lane_1,mainline,,normal,none,commit
BASIC-05,basic_long_dt_900,131,13.09999999999997,B05_MV,cav,not_applicable,7190.835640744562,-2.4688782621423107,13.509748846054604,4.0,on_ramp,on_ramp_mv,,normal,executing,commit
BASIC-05,basic_long_dt_900,131,13.09999999999997,B05_CLV,cav,not_applicable,7236.10965135504,0.0,29.95431193539987,0.019036693583387887,lane_2,mainline,,normal,none,commit
BASIC-05,basic_long_dt_900,131,13.09999999999997,B05_CFV,cav,not_applicable,7193.8900429908845,0.0,29.954105722618582,0.7946467123600564,lane_2,mainline,,normal,none,commit
BASIC-05,basic_long_dt_900,131,13.09999999999997,B05_TLV_CLV,cav,not_applicable,7229.80268969431,3.5,29.92387929403546,0.03171696081855942,lane_1,mainline,,normal,none,commit
BASIC-05,basic_long_dt_900,132,13.199999999999969,B05_MV,cav,not_applicable,7192.154321152516,-2.402181470163352,13.186804079540078,4.0,on_ramp,on_ramp_mv,,normal,executing,commit
BASIC-05,basic_long_dt_900,132,13.199999999999969,B05_CLV,cav,not_applicable,7239.105265300838,0.0,29.956139457983873,0.018275225840052655,lane_2,mainline,,normal,none,commit
BASIC-05,basic_long_dt_900,132,13.199999999999969,B05_CFV,cav,not_applicable,7196.881046127157,0.0,29.91003136272077,-0.44074359897813564,lane_2,mainline,,normal,none,commit
BASIC-05,basic_long_dt_900,132,13.199999999999969,B05_TLV_CLV,cav,not_applicable,7232.7953821065375,3.5,29.92692412227404,0.030448282385816584,lane_1,mainline,,normal,none,commit
BASIC-05,basic_long_dt_900,133,13.299999999999969,B05_MV,cav,not_applicable,7193.441479069466,-2.33599881287915,12.871579169508966,4.0,on_ramp,on_ramp_mv,,normal,executing,commit
BASIC-05,basic_long_dt_900,133,13.299999999999969,B05_CLV,cav,not_applicable,7242.101054688805,0.0,29.957893879664518,0.017544216806450665,lane_2,mainline,,normal,none,commit
BASIC-05,basic_long_dt_900,133,13.299999999999969,B05_CFV,cav,not_applicable,7199.87571590671,0.0,29.946697795531648,0.3666643281087982,lane_2,mainline,,normal,none,commit
BASIC-05,basic_long_dt_900,133,13.299999999999969,B05_TLV_CLV,cav,not_applicable,7235.788366822276,3.5,29.92984715738308,0.029230351090383522,lane_1,mainline,,normal,none,commit
BASIC-05,basic_long_dt_900,134,13.399999999999968,B05_MV,cav,not_applicable,7194.697868027076,-2.2704733847277376,12.563889576094867,4.0,on_ramp,on_ramp_mv,,normal,executing,commit
BASIC-05,basic_long_dt_900,134,13.399999999999968,B05_CLV,cav,not_applicable,7245.097012501253,0.0,29.959578124477936,0.01684244813419298,lane_2,mainline,,normal,none,commit
BASIC-05,basic_long_dt_900,134,13.399999999999968,B05_CFV,cav,not_applicable,7202.862476576221,0.0,29.867606695104186,-0.7909110042746197,lane_2,mainline,,normal,none,commit
BASIC-05,basic_long_dt_900,134,13.399999999999968,B05_TLV_CLV,cav,not_applicable,7238.781632149385,3.5,29.932653271087755,0.028061137046768183,lane_1,mainline,,normal,none,commit
BASIC-05,basic_long_dt_900,135,13.499999999999968,B05_MV,cav,not_applicable,7195.924223544153,-2.205731605737148,12.263555170777533,4.0,on_ramp,on_ramp_mv,,normal,executing,commit
BASIC-05,basic_long_dt_900,135,13.499999999999968,B05_CLV,cav,not_applicable,7248.093132001202,0.0,29.96119499949882,0.016168750208825602,lane_2,mainline,,normal,none,commit
BASIC-05,basic_long_dt_900,135,13.499999999999968,B05_CFV,cav,not_applicable,7205.850038882969,0.0,29.87562306748172,0.08016372377531122,lane_2,mainline,,normal,none,commit
BASIC-05,basic_long_dt_900,135,13.499999999999968,B05_TLV_CLV,cav,not_applicable,7241.775166863409,3.5,29.935347140244247,0.026938691564897966,lane_1,mainline,,normal,none,commit
BASIC-05,basic_long_dt_900,136,13.599999999999968,B05_MV,cav,not_applicable,7197.1212635572465,-2.1418843907896443,11.970400130932303,4.0,on_ramp,on_ramp_mv,,normal,executing,commit
BASIC-05,basic_long_dt_900,136,13.599999999999968,B05_CLV,cav,not_applicable,7251.089406721154,0.0,29.962747199518866,0.01552200020047252,lane_2,mainline,,normal,none,commit
BASIC-05,basic_long_dt_900,136,13.599999999999968,B05_CFV,cav,not_applicable,7208.845529802003,0.0,29.954909190336064,0.7928612285434364,lane_2,mainline,,normal,none,commit
BASIC-05,basic_long_dt_900,136,13.599999999999968,B05_TLV_CLV,cav,not_applicable,7244.768960188872,3.5,29.937933254634476,0.025861143902301365,lane_1,mainline,,normal,none,commit
BASIC-05,basic_long_dt_900,137,13.699999999999967,B05_MV,cav,not_applicable,7198.289688840937,-2.079028283789531,11.684252836898926,4.0,on_ramp,on_ramp_mv,,normal,executing,commit
BASIC-05,basic_long_dt_900,137,13.699999999999967,B05_CLV,cav,not_applicable,7254.085830452308,0.0,29.96423731153811,0.014901120192453732,lane_2,mainline,,normal,none,commit
BASIC-05,basic_long_dt_900,137,13.699999999999967,B05_CFV,cav,not_applicable,7211.836598676542,0.0,29.91068874539871,-0.44220444937355197,lane_2,mainline,,normal,none,commit
BASIC-05,basic_long_dt_900,137,13.699999999999967,B05_TLV_CLV,cav,not_applicable,7247.763001781317,3.5,29.9404159244491,0.024826698146209483,lane_1,mainline,,normal,none,commit
BASIC-05,basic_long_dt_900,138,13.799999999999967,B05_MV,cav,not_applicable,7199.430183418088,-2.0172465509469824,11.404945771511656,4.0,on_ramp,on_ramp_mv,,normal,executing,commit
BASIC-05,basic_long_dt_900,138,13.799999999999967,B05_CLV,cav,not_applicable,7257.082397234216,0.0,29.965667819076586,0.014305075384756095,lane_2,mainline,,normal,none,commit
BASIC-05,basic_long_dt_900,138,13.799999999999967,B05_CFV,cav,not_applicable,7214.831322241951,0.0,29.947235654086327,0.3654690868761848,lane_2,mainline,,normal,none,commit
BASIC-05,basic_long_dt_900,138,13.799999999999967,B05_TLV_CLV,cav,not_applicable,7250.7572817100645,3.5,29.942799287471136,0.023833630220360648,lane_1,mainline,,normal,none,commit
BASIC-05,basic_long_dt_900,139,13.899999999999967,B05_MV,cav,not_applicable,7200.543414960291,-1.9566102288543465,11.132315422031333,4.0,on_ramp,on_ramp_mv,,normal,executing,commit
BASIC-05,basic_long_dt_900,139,13.899999999999967,B05_CLV,cav,not_applicable,7260.079101344847,0.0,29.967041106313523,0.013732872369365623,lane_2,mainline,,normal,none,commit
BASIC-05,basic_long_dt_900,139,13.899999999999967,B05_CFV,cav,not_applicable,7217.81812691807,0.0,29.86804676119438,-0.791888928919485,lane_2,mainline,,normal,none,commit
BASIC-05,basic_long_dt_900,139,13.899999999999967,B05_TLV_CLV,cav,not_applicable,7253.751790441662,3.5,29.94508731597229,0.02288028501154571,lane_1,mainline,,normal,none,commit
BASIC-05,basic_long_dt_900,140,13.999999999999966,B05_MV,cav,not_applicable,7201.630035178733,-1.8971791242837202,10.866202184420484,4.0,on_ramp,on_ramp_mv,,normal,executing,commit
BASIC-05,basic_long_dt_900,140,13.999999999999966,B05_CLV,cav,not_applicable,7263.075937291053,0.0,29.96835946206098,0.013183557474590657,lane_2,mainline,,normal,none,commit
BASIC-05,basic_long_dt_900,140,13.999999999999966,B05_CFV,cav,not_applicable,7220.805725230226,0.0,29.87598312155551,0.07936360361133055,lane_2,mainline,,normal,none,commit
BASIC-05,basic_long_dt_900,140,13.999999999999966,B05_TLV_CLV,cav,not_applicable,7256.746518823995,3.5,29.9472838233334,0.0219650736110836,lane_1,mainline,,normal,none,commit
BASIC-05,basic_long_dt_900,141,14.099999999999966,B05_MV,cav,not_applicable,7202.690680205724,-1.8390027636977486,10.606450269907755,4.0,on_ramp,on_ramp_mv,,normal,executing,commit
BASIC-05,basic_long_dt_900,141,14.099999999999966,B05_CLV,cav,not_applicable,7266.072899799411,0.0,29.969625083578542,0.0126562151756076,lane_2,mainline,,normal,none,commit
BASIC-05,basic_long_dt_900,141,14.099999999999966,B05_CFV,cav,not_applicable,7223.80124560823,0.0,29.9552037800328,0.7922065847729068,lane_2,mainline,,normal,none,commit
BASIC-05,basic_long_dt_900,141,14.099999999999966,B05_TLV_CLV,cav,not_applicable,7259.741458071035,3.5,29.949392470400063,0.021086470666639913,lane_1,mainline,,normal,none,commit
BASIC-05,basic_long_dt_900,142,14.199999999999966,B05_MV,cav,not_applicable,7203.7259709671025,-1.7821212913607414,10.352907613786263,4.0,on_ramp,on_ramp_mv,,normal,executing,commit
BASIC-05,basic_long_dt_900,142,14.199999999999966,B05_CLV,cav,not_applicable,7269.069983807434,0.0,29.9708400802354,0.012149966568583182,lane_2,mainline,,normal,none,commit
BASIC-05,basic_long_dt_900,142,14.199999999999966,B05_CFV,cav,not_applicable,7226.792338585563,0.0,29.910929773332402,-0.44274006700398527,lane_2,mainline,,normal,none,commit
BASIC-05,basic_long_dt_900,142,14.199999999999966,B05_TLV_CLV,cav,not_applicable,7262.736599748193,3.5,29.95141677158406,0.020243011839974658,lane_1,mainline,,normal,none,commit
BASIC-05,basic_long_dt_900,143,14.299999999999965,B05_MV,cav,not_applicable,7204.736513545741,-1.7265663156838365,10.10542578639037,4.0,on_ramp,on_ramp_mv,,normal,executing,commit
BASIC-05,basic_long_dt_900,143,14.299999999999965,B05_CLV,cav,not_applicable,7272.067184455137,0.0,29.972006477025985,0.011663967905839456,lane_2,mainline,,normal,none,commit
BASIC-05,basic_long_dt_900,143,14.299999999999965,B05_CFV,cav,not_applicable,7229.787081871439,0.0,29.94743285875935,0.36503085426946663,lane_2,mainline,,normal,none,commit
BASIC-05,basic_long_dt_900,143,14.299999999999965,B05_TLV_CLV,cav,not_applicable,7265.731935758265,3.5,29.953360100720698,0.019433291366375727,lane_1,mainline,,normal,none,commit
BASIC-05,basic_long_dt_900,144,14.399999999999965,B05_MV,cav,not_applicable,7205.722899536361,-1.672361704054102,9.863859906202464,4.0,on_ramp,on_ramp_mv,,normal,executing,commit
BASIC-05,basic_long_dt_900,144,14.399999999999965,B05_CLV,cav,not_applicable,7275.064497076932,0.0,29.973126217944944,0.011197409189605878,lane_2,mainline,,normal,none,commit
BASIC-05,basic_long_dt_900,144,14.399999999999965,B05_CFV,cav,not_applicable,7232.773902682487,0.0,29.868208110472306,-0.7922474828704363,lane_2,mainline,,normal,none,commit
BASIC-05,basic_long_dt_900,144,14.399999999999965,B05_TLV_CLV,cav,not_applicable,7268.727458327934,3.5,29.95522569669187,0.018655959711720984,lane_1,mainline,,normal,none,commit
BASIC-05,basic_long_dt_900,145,14.499999999999964,B05_MV,cav,not_applicable,7206.685706391865,-1.619524326899528,9.628068555035338,4.0,on_ramp,on_ramp_mv,,normal,executing,commit
BASIC-05,basic_long_dt_900,145,14.499999999999964,B05_CLV,cav,not_applicable,7278.061917193854,0.0,29.974201169227147,0.010749512822022212,lane_2,mainline,,normal,none,commit
BASIC-05,basic_long_dt_900,145,14.499999999999964,B05_CFV,cav,not_applicable,7235.761514195947,0.0,29.87611513460109,0.07907024128782492,lane_2,mainline,,normal,none,commit
BASIC-05,basic_long_dt_900,145,14.499999999999964,B05_TLV_CLV,cav,not_applicable,7271.723159994816,3.5,29.957016668824195,0.01790972132325237,lane_1,mainline,,normal,none,commit
BASIC-05,basic_long_dt_900,146,14.599999999999964,B05_MV,cav,not_applicable,7207.62549776139,-1.568064752144781,9.397913695243025,4.0,on_ramp,on_ramp_mv,,normal,executing,commit
BASIC-05,basic_long_dt_900,146,14.599999999999964,B05_CLV,cav,not_applicable,7281.0594405061,0.0,29.97523312245806,0.010319532309141267,lane_2,mainline,,normal,none,commit
BASIC-05,basic_long_dt_900,146,14.599999999999964,B05_CFV,cav,not_applicable,7238.757045375018,0.0,29.955311790706457,0.7919665610536749,lane_2,mainline,,normal,none,commit
BASIC-05,basic_long_dt_900,146,14.599999999999964,B05_TLV_CLV,cav,not_applicable,7274.719033595024,3.5,29.958736002071227,0.017193332470321822,lane_1,mainline,,normal,none,commit
BASIC-05,basic_long_dt_900,147,14.699999999999964,B05_MV,cav,not_applicable,7208.542823820281,-1.5179878915297071,9.173260588910718,4.0,on_ramp,on_ramp_mv,,normal,executing,commit
BASIC-05,basic_long_dt_900,147,14.699999999999964,B05_CLV,cav,not_applicable,7284.057062885856,0.0,29.97622379755974,0.009906751016775673,lane_2,mainline,,normal,none,commit
BASIC-05,basic_long_dt_900,147,14.699999999999964,B05_CFV,cav,not_applicable,7241.748147189588,0.0,29.911018145701757,-0.4429364500469932,lane_2,mainline,,normal,none,commit
BASIC-05,basic_long_dt_900,147,14.699999999999964,B05_TLV_CLV,cav,not_applicable,7277.715072251222,3.5,29.96038656198838,0.01650559917150929,lane_1,mainline,,normal,none,commit
BASIC-05,basic_long_dt_900,148,14.799999999999963,B05_MV,cav,not_applicable,7209.438221592179,-1.4692936005060253,8.953977718975729,4.0,on_ramp,on_ramp_mv,,normal,executing,commit
BASIC-05,basic_long_dt_900,148,14.799999999999963,B05_CLV,cav,not_applicable,7287.054780370421,0.0,29.977174845657352,0.009510480976103963,lane_2,mainline,,normal,none,commit
BASIC-05,basic_long_dt_900,148,14.799999999999963,B05_CFV,cav,not_applicable,7244.742897705931,0.0,29.947505163425184,0.36487017723427834,lane_2,mainline,,normal,none,commit
BASIC-05,basic_long_dt_900,148,14.799999999999963,B05_TLV_CLV,cav,not_applicable,7280.711269361173,3.5,29.961971099508844,0.01584537520464835,lane_1,mainline,,normal,none,commit
BASIC-05,basic_long_dt_900,149,14.899999999999963,B05_MV,cav,not_applicable,7210.312215263402,-1.4219772336080565,8.739936712234503,4.0,on_ramp,on_ramp_mv,,normal,executing,commit
BASIC-05,basic_long_dt_900,149,14.899999999999963,B05_CLV,cav,not_applicable,7290.052589155604,0.0,29.97808785183106,0.009130061737059237,lane_2,mainline,,normal,none,commit
BASIC-05,basic_long_dt_900,149,14.899999999999963,B05_CFV,cav,not_applicable,7247.730520766999,0.0,29.87623061067699,-0.7127455274819274,lane_2,mainline,,normal,none,commit
BASIC-05,basic_long_dt_900,149,14.899999999999963,B05_TLV_CLV,cav,not_applicable,7283.707618586726,3.5,29.96349225552849,0.015211560196462415,lane_1,mainline,,normal,none,commit
BASIC-05,basic_long_dt_900,150,14.999999999999963,B05_MV,cav,not_applicable,7211.165316489822,-1.3760301573203213,8.53101226418977,4.0,on_ramp,on_ramp_mv,,normal,executing,commit
BASIC-05,basic_long_dt_900,150,14.999999999999963,B05_CLV,cav,not_applicable,7293.0504855893805,0.0,29.978964337757816,0.008764859267576242,lane_2,mainline,,normal,none,commit
BASIC-05,basic_long_dt_900,150,14.999999999999963,B05_CFV,cav,not_applicable,7250.719585001023,0.0,29.89064234024665,0.14411729569660492,lane_2,mainline,,normal,none,commit
BASIC-05,basic_long_dt_900,150,14.999999999999963,B05_TLV_CLV,cav,not_applicable,7286.704113843257,3.5,29.96495256530735,0.014603097788604203,lane_1,mainline,,normal,none,commit
BASIC-05,basic_long_dt_900,151,15.099999999999962,B05_MV,cav,not_applicable,7211.998024696391,-1.3314402225467434,8.327082065694846,4.0,on_ramp,on_ramp_mv,,normal,executing,commit
BASIC-05,basic_long_dt_900,151,15.099999999999962,B05_CLV,cav,not_applicable,7296.048466165806,0.0,29.9798057642475,0.008414264896873648,lane_2,mainline,,normal,none,commit
BASIC-05,basic_long_dt_900,151,15.099999999999962,B05_CFV,cav,not_applicable,7253.717101103831,0.0,29.97516102807637,0.8451868782972223,lane_2,mainline,,normal,none,commit
BASIC-05,basic_long_dt_900,151,15.099999999999962,B05_TLV_CLV,cav,not_applicable,7289.700749289526,3.5,29.966354462695055,0.014018973877060149,lane_1,mainline,,normal,none,commit
BASIC-05,basic_long_dt_900,152,15.199999999999962,B05_MV,cav,not_applicable,7212.810827369526,-1.2881921988304499,8.128026731350893,4.0,on_ramp,on_ramp_mv,,normal,executing,commit
BASIC-05,basic_long_dt_900,152,15.199999999999962,B05_CLV,cav,not_applicable,7299.046527519174,0.0,29.9806135336776,0.008077694300999383,lane_2,mainline,,normal,none,commit
BASIC-05,basic_long_dt_900,152,15.199999999999962,B05_CFV,cav,not_applicable,7256.7106232810975,0.0,29.935221772664327,-0.3993925541204545,lane_2,mainline,,normal,none,commit
BASIC-05,basic_long_dt_900,152,15.199999999999962,B05_TLV_CLV,cav,not_applicable,7292.697519317945,3.5,29.967700284187252,0.013458214921978141,lane_1,mainline,,normal,none,commit
BASIC-05,basic_long_dt_900,153,15.299999999999962,B05_MV,cav,not_applicable,7213.604200342488,-1.2462681724862081,7.933729729616083,4.0,on_ramp,on_ramp_mv,,normal,executing,commit
BASIC-05,basic_long_dt_900,153,15.299999999999962,B05_CLV,cav,not_applicable,7302.044666418406,0.0,29.981388992330498,0.007754586528959351,lane_2,mainline,,normal,none,commit
BASIC-05,basic_long_dt_900,153,15.299999999999962,B05_CFV,cav,not_applicable,7259.708150428376,0.0,29.975271472781746,0.40049700117417364,lane_2,mainline,,normal,none,commit
BASIC-05,basic_long_dt_900,153,15.299999999999962,B05_TLV_CLV,cav,not_applicable,7295.694418545227,3.5,29.96899227281976,0.012919886325099128,lane_1,mainline,,normal,none,commit
BASIC-05,basic_long_dt_900,154,15.399999999999961,B05_MV,cav,not_applicable,7214.378608073946,-1.2056479107950322,7.744077314584695,4.0,on_ramp,on_ramp_mv,,normal,executing,commit
BASIC-05,basic_long_dt_900,154,15.399999999999961,B05_CLV,cav,not_applicable,7305.0428797616705,0.0,29.982133432637276,0.00744440306780092,lane_2,mainline,,normal,none,commit
BASIC-05,basic_long_dt_900,154,15.399999999999961,B05_CFV,cav,not_applicable,7262.698045278391,0.0,29.898948500150542,-0.7632297263120397,lane_2,mainline,,normal,none,commit
BASIC-05,basic_long_dt_900,154,15.399999999999961,B05_TLV_CLV,cav,not_applicable,7298.691441803418,3.5,29.97023258190697,0.012403090872095391,lane_1,mainline,,normal,none,commit
BASIC-05,basic_long_dt_900,155,15.499999999999961,B05_MV,cav,not_applicable,7215.134503919886,-1.1663091943772823,7.558958459398962,4.0,on_ramp,on_ramp_mv,,normal,executing,commit
BASIC-05,basic_long_dt_900,155,15.499999999999961,B05_CLV,cav,not_applicable,7308.041164571204,0.0,29.982848095331786,0.007146626945089452,lane_2,mainline,,normal,none,commit
BASIC-05,basic_long_dt_900,155,15.499999999999961,B05_CFV,cav,not_applicable,7265.688968248827,0.0,29.909229704361376,0.10281204210833128,lane_2,mainline,,normal,none,commit
BASIC-05,basic_long_dt_900,155,15.499999999999961,B05_TLV_CLV,cav,not_applicable,7301.688584131281,3.5,29.97142327863069,0.01190696723721203,lane_1,mainline,,normal,none,commit
BASIC-05,basic_long_dt_900,156,15.59999999999996,B05_MV,cav,not_applicable,7215.872330399011,-1.1282281198109163,7.378264791250191,4.0,on_ramp,on_ramp_mv,,normal,executing,commit
BASIC-05,basic_long_dt_900,156,15.59999999999996,B05_CLV,cav,not_applicable,7311.039517988355,0.0,29.983534171518514,0.006860761867285703,lane_2,mainline,,normal,none,commit
BASIC-05,basic_long_dt_900,156,15.59999999999996,B05_CFV,cav,not_applicable,7268.688005135971,0.0,29.990368871442968,0.8113916708159075,lane_2,mainline,,normal,none,commit
BASIC-05,basic_long_dt_900,156,15.59999999999996,B05_TLV_CLV,cav,not_applicable,7304.685840766029,3.5,29.972566347485465,0.011430688547723378,lane_1,mainline,,normal,none,commit
BASIC-05,basic_long_dt_900,157,15.69999999999996,B05_MV,cav,not_applicable,7216.592519451804,-1.0913793744990068,7.20189052793525,4.0,on_ramp,on_ramp_mv,,normal,executing,commit
BASIC-05,basic_long_dt_900,157,15.69999999999996,B05_CLV,cav,not_applicable,7314.037937268821,0.0,29.984192804657773,0.006586331392594503,lane_2,mainline,,normal,none,commit
BASIC-05,basic_long_dt_900,157,15.69999999999996,B05_CFV,cav,not_applicable,7271.682771591331,0.0,29.94766455360063,-0.4270431784233484,lane_2,mainline,,normal,none,commit
BASIC-05,basic_long_dt_900,157,15.69999999999996,B05_TLV_CLV,cav,not_applicable,7307.683207135388,3.5,29.973663693586047,0.010973461005814046,lane_1,mainline,,normal,none,commit
BASIC-05,basic_long_dt_900,158,15.79999999999996,B05_MV,cav,not_applicable,7217.295492693397,-1.0557364857183154,7.0297324159297,4.0,on_ramp,on_ramp_mv,,normal,executing,commit
BASIC-05,basic_long_dt_900,158,15.79999999999996,B05_CLV,cav,not_applicable,7317.036419778068,0.0,29.984825092471464,0.006322878136890609,lane_2,mainline,,normal,none,commit
BASIC-05,basic_long_dt_900,158,15.79999999999996,B05_CFV,cav,not_applicable,7274.681316784323,0.0,29.98545192991145,0.37787376310816956,lane_2,mainline,,normal,none,commit
BASIC-05,basic_long_dt_900,158,15.79999999999996,B05_TLV_CLV,cav,not_applicable,7310.6806788499725,3.5,29.974717145842604,0.01053452256558103,lane_1,mainline,,normal,none,commit
BASIC-05,basic_long_dt_900,159,15.89999999999996,B05_MV,cav,not_applicable,7217.981661660391,-1.0212720457012305,6.861689669939977,4.0,on_ramp,on_ramp_mv,,normal,executing,commit
BASIC-05,basic_long_dt_900,159,15.89999999999996,B05_CLV,cav,not_applicable,7320.034962986945,0.0,29.985432088772605,0.006069963011414359,lane_2,mainline,,normal,none,commit
BASIC-05,basic_long_dt_900,159,15.89999999999996,B05_CFV,cav,not_applicable,7277.6720445808305,0.0,29.907277965074844,-0.781739648366043,lane_2,mainline,,normal,none,commit
BASIC-05,basic_long_dt_900,159,15.89999999999996,B05_TLV_CLV,cav,not_applicable,7313.678251695974,3.5,29.9757284600089,0.01011314166295847,lane_1,mainline,,normal,none,commit
BASIC-05,basic_long_dt_900,160,15.99999999999996,B05_MV,cav,not_applicable,7218.651428051781,-0.9879579145189137,6.697663913902235,4.0,on_ramp,on_ramp_mv,,normal,executing,commit
BASIC-05,basic_long_dt_900,160,15.99999999999996,B05_CLV,cav,not_applicable,7323.033564467467,0.0,29.9860148052217,0.005827164490958126,lane_2,mainline,,normal,none,commit
BASIC-05,basic_long_dt_900,160,15.99999999999996,B05_CFV,cav,not_applicable,7280.663649052943,0.0,29.916044721117622,0.08766756042778301,lane_2,mainline,,normal,none,commit
BASIC-05,basic_long_dt_900,160,15.99999999999996,B05_TLV_CLV,cav,not_applicable,7316.675921628134,3.5,29.976699321608542,0.00970861599644053,lane_1,mainline,,normal,none,commit
BASIC-05,basic_long_dt_900,161,16.09999999999996,B05_MV,cav,not_applicable,7219.30518396412,-0.9557654024459521,6.537559123390211,4.0,on_ramp,on_ramp_mv,,normal,executing,commit
BASIC-05,basic_long_dt_900,161,16.09999999999996,B05_CLV,cav,not_applicable,7326.032221888769,0.0,29.986574213012833,0.005594077911320028,lane_2,mainline,,normal,none,commit
BASIC-05,basic_long_dt_900,161,16.09999999999996,B05_CFV,cav,not_applicable,7283.663243532367,0.0,29.99594479424353,0.7990007312590952,lane_2,mainline,,normal,none,commit
BASIC-05,basic_long_dt_900,161,16.09999999999996,B05_TLV_CLV,cav,not_applicable,7319.673684763009,3.5,29.9776313487442,0.009320271356583022,lane_1,mainline,,normal,none,commit
BASIC-05,basic_long_dt_900,162,16.19999999999996,B05_MV,cav,not_applicable,7219.94331212106,-0.9246654333976374,6.381281569400403,4.0,on_ramp,on_ramp_mv,,normal,executing,commit
BASIC-05,basic_long_dt_900,162,16.19999999999996,B05_CLV,cav,not_applicable,7329.030933013218,0.0,29.98711124449232,0.005370314794866715,lane_2,mainline,,normal,none,commit
BASIC-05,basic_long_dt_900,162,16.19999999999996,B05_CFV,cav,not_applicable,7286.658466199593,0.0,29.952226672255637,-0.4371812198789221,lane_2,mainline,,normal,none,commit
BASIC-05,basic_long_dt_900,162,16.19999999999996,B05_TLV_CLV,cav,not_applicable,7322.671537372488,3.5,29.978526094794432,0.00894746050231987,lane_1,mainline,,normal,none,commit
BASIC-05,basic_long_dt_900,163,16.29999999999996,B05_MV,cav,not_applicable,7220.566186097409,-0.8946286909415475,6.228739763481056,4.0,on_ramp,on_ramp_mv,,normal,executing,commit
BASIC-05,basic_long_dt_900,163,16.29999999999996,B05_CLV,cav,not_applicable,7332.029695692689,0.0,29.987626794712625,0.005155502203072615,lane_2,mainline,,normal,none,commit
BASIC-05,basic_long_dt_900,163,16.29999999999996,B05_CFV,cav,not_applicable,7289.657384656838,0.0,29.98918457244736,0.3695790019172456,lane_2,mainline,,normal,none,commit
BASIC-05,basic_long_dt_900,163,16.29999999999996,B05_TLV_CLV,cav,not_applicable,7325.669475877588,3.5,29.979385051002655,0.008589562082227076,lane_1,mainline,,normal,none,commit
BASIC-05,basic_long_dt_900,164,16.399999999999963,B05_MV,cav,not_applicable,7221.174170537826,-0.8656257482963046,6.07984440417279,4.0,on_ramp,on_ramp_mv,,normal,executing,commit
BASIC-05,basic_long_dt_900,164,16.399999999999963,B05_CLV,cav,not_applicable,7335.028507864981,0.0,29.98812172292412,0.004949282114949938,lane_2,mainline,,normal,none,commit
BASIC-05,basic_long_dt_900,164,16.399999999999963,B05_CFV,cav,not_applicable,7292.648417851371,0.0,29.9103319453315,-0.7885262711586172,lane_2,mainline,,normal,none,commit
BASIC-05,basic_long_dt_900,164,16.399999999999963,B05_TLV_CLV,cav,not_applicable,7328.667496842485,3.5,29.98020964896255,0.008245979598937936,lane_1,mainline,,normal,none,commit
BASIC-05,basic_long_dt_900,165,16.499999999999964,B05_MV,cav,not_applicable,7221.767621370299,-0.8376271836431766,5.934508324729342,4.0,on_ramp,on_ramp_mv,,normal,executing,commit
BASIC-05,basic_long_dt_900,165,16.499999999999964,B05_CLV,cav,not_applicable,7338.027367550382,0.0,29.988596854007156,0.004751310830351941,lane_2,mainline,,normal,none,commit
BASIC-05,basic_long_dt_900,165,16.499999999999964,B05_CFV,cav,not_applicable,7295.640272194595,0.0,29.918543432236703,0.08211486905204057,lane_2,mainline,,normal,none,commit
BASIC-05,basic_long_dt_900,165,16.499999999999964,B05_TLV_CLV,cav,not_applicable,7331.665596968785,3.5,29.981001263004046,0.007916140414980078,lane_1,mainline,,normal,none,commit
BASIC-05,basic_long_dt_900,166,16.599999999999966,B05_MV,cav,not_applicable,7222.346886014508,-0.8106036819910947,5.792646442088423,4.0,on_ramp,on_ramp_mv,,normal,executing,commit
BASIC-05,basic_long_dt_900,166,16.599999999999966,B05_CLV,cav,not_applicable,7341.026272848367,0.0,29.98905297984687,0.004561258397137636,lane_2,mainline,,normal,none,commit
BASIC-05,basic_long_dt_900,166,16.599999999999966,B05_CFV,cav,not_applicable,7298.64007111402,0.0,29.997989194250053,0.7944576201334878,lane_2,mainline,,normal,none,commit
BASIC-05,basic_long_dt_900,166,16.599999999999966,B05_TLV_CLV,cav,not_applicable,7334.663773090034,3.5,29.981761212483885,0.007599494798381557,lane_1,mainline,,normal,none,commit
BASIC-05,basic_long_dt_900,167,16.699999999999967,B05_MV,cav,not_applicable,7222.9123035852135,-0.7845261247533091,5.654175707061592,4.0,on_ramp,on_ramp_mv,,normal,executing,commit
BASIC-05,basic_long_dt_900,167,16.699999999999967,B05_CLV,cav,not_applicable,7344.025221934432,0.0,29.989490860652996,0.004378808061251504,lane_2,mainline,,normal,none,commit
BASIC-05,basic_long_dt_900,167,16.699999999999967,B05_CFV,cav,not_applicable,7301.635461050338,0.0,29.953899363170066,-0.4408983107998736,lane_2,mainline,,normal,none,commit
BASIC-05,basic_long_dt_900,167,16.699999999999967,B05_TLV_CLV,cav,not_applicable,7337.6620221664325,3.5,29.98249076398453,0.007295515006445897,lane_1,mainline,,normal,none,commit
BASIC-05,basic_long_dt_900,168,16.79999999999997,B05_MV,cav,not_applicable,7223.464205090785,-0.7593656681145586,5.5190150557159825,4.0,on_ramp,on_ramp_mv,,normal,executing,commit
BASIC-05,basic_long_dt_900,168,16.79999999999997,B05_CLV,cav,not_applicable,7347.024213057055,0.0,29.989911226226877,0.004203655738801615,lane_2,mainline,,normal,none,commit
BASIC-05,basic_long_dt_900,168,16.79999999999997,B05_CFV,cav,not_applicable,7304.634516364112,0.0,29.990553137740985,0.36653774570919434,lane_2,mainline,,normal,none,commit
BASIC-05,basic_long_dt_900,168,16.79999999999997,B05_TLV_CLV,cav,not_applicable,7340.660341279775,3.5,29.983191133425148,0.007003694406188288,lane_1,mainline,,normal,none,commit
BASIC-05,basic_long_dt_900,169,16.89999999999997,B05_MV,cav,not_applicable,7224.002913626977,-0.7350938111916578,5.387085361917213,4.0,on_ramp,on_ramp_mv,,normal,executing,commit
BASIC-05,basic_long_dt_900,169,16.89999999999997,B05_CLV,cav,not_applicable,7350.023244534773,0.0,29.9903147771778,0.00403550950924938,lane_2,mainline,,normal,none,commit
BASIC-05,basic_long_dt_900,169,16.89999999999997,B05_CFV,cav,not_applicable,7307.625698164538,0.0,29.911818004269612,-0.7873513347137218,lane_2,mainline,,normal,none,commit
BASIC-05,basic_long_dt_900,169,16.89999999999997,B05_TLV_CLV,cav,not_applicable,7343.658727628584,3.5,29.983863488088144,0.0067235466299408134,lane_1,mainline,,normal,none,commit
BASIC-05,basic_long_dt_900,170,16.99999999999997,B05_MV,cav,not_applicable,7224.528744566078,-0.7116824549179501,5.258309391007411,4.0,on_ramp,on_ramp_mv,,normal,executing,commit
BASIC-05,basic_long_dt_900,170,16.99999999999997,B05_CLV,cav,not_applicable,7353.022314753382,0.0,29.99070218609069,0.003874089128879632,lane_2,mainline,,normal,none,commit
BASIC-05,basic_long_dt_900,170,16.99999999999997,B05_CFV,cav,not_applicable,7310.617710726772,0.0,29.92012562233849,0.0830761806887732,lane_2,mainline,,normal,none,commit
BASIC-05,basic_long_dt_900,170,16.99999999999997,B05_TLV_CLV,cav,not_applicable,7346.65717852344,3.5,29.984508948564617,0.006454604764742556,lane_1,mainline,,normal,none,commit
BASIC-05,basic_long_dt_900,171,17.099999999999973,B05_MV,cav,not_applicable,7225.042005741537,-0.6891039525132108,5.132611754590057,4.0,on_ramp,on_ramp_mv,,normal,executing,commit
BASIC-05,basic_long_dt_900,171,17.099999999999973,B05_CLV,cav,not_applicable,7356.021422163246,0.0,29.99107409864706,0.0037191255637239354,lane_2,mainline,,normal,none,commit
BASIC-05,basic_long_dt_900,171,17.099999999999973,B05_CFV,cav,not_applicable,7313.617675730485,0.0,29.999650037122116,0.795244147836269,lane_2,mainline,,normal,none,commit
BASIC-05,basic_long_dt_900,171,17.099999999999973,B05_TLV_CLV,cav,not_applicable,7349.6556913825025,3.5,29.985128590622033,0.006196420574153195,lane_1,mainline,,normal,none,commit
BASIC-05,basic_long_dt_900,172,17.199999999999974,B05_MV,cav,not_applicable,7225.542997628177,-0.6673311523354362,5.00991886639625,4.0,on_ramp,on_ramp_mv,,normal,executing,commit
BASIC-05,basic_long_dt_900,172,17.199999999999974,B05_CLV,cav,not_applicable,7359.020565276716,0.0,29.99143113470118,0.0035703605411754324,lane_2,mainline,,normal,none,commit
BASIC-05,basic_long_dt_900,172,17.199999999999974,B05_CFV,cav,not_applicable,7316.613238186315,0.0,29.95562455830872,-0.4402547881339617,lane_2,mainline,,normal,none,commit
BASIC-05,basic_long_dt_900,172,17.199999999999974,B05_TLV_CLV,cav,not_applicable,7352.654263727202,3.5,29.985723446997152,0.005948563751186953,lane_1,mainline,,normal,none,commit
BASIC-05,basic_long_dt_900,173,17.299999999999976,B05_MV,cav,not_applicable,7226.032013518097,-0.6463374338494936,4.890158899204967,4.0,on_ramp,on_ramp_mv,,normal,executing,commit
BASIC-05,basic_long_dt_900,173,17.299999999999976,B05_CLV,cav,not_applicable,7362.019742665648,0.0,29.991773889313134,0.003427546119527847,lane_2,mainline,,normal,none,commit
BASIC-05,basic_long_dt_900,173,17.299999999999976,B05_CFV,cav,not_applicable,7319.612471284789,0.0,29.992330984734124,0.3670642642540314,lane_2,mainline,,normal,none,commit
BASIC-05,basic_long_dt_900,173,17.299999999999976,B05_TLV_CLV,cav,not_applicable,7355.652893178114,3.5,29.986294509117265,0.005710621201139077,lane_1,mainline,,normal,none,commit
BASIC-05,basic_long_dt_900,174,17.399999999999977,B05_MV,cav,not_applicable,7226.509339692377,-0.6260967373897257,4.773261742794507,4.0,on_ramp,on_ramp_mv,,normal,executing,commit
BASIC-05,basic_long_dt_900,174,17.399999999999977,B05_CLV,cav,not_applicable,7365.018952959022,0.0,29.992102933740608,0.0032904442747465623,lane_2,mainline,,normal,none,commit
BASIC-05,basic_long_dt_900,174,17.399999999999977,B05_CFV,cav,not_applicable,7322.604907688791,0.0,29.924364040029353,-0.6796694470477131,lane_2,mainline,,normal,none,commit
BASIC-05,basic_long_dt_900,174,17.399999999999977,B05_TLV_CLV,cav,not_applicable,7358.651577450989,3.5,29.986842728752574,0.0054821963530940826,lane_1,mainline,,normal,none,commit
BASIC-05,basic_long_dt_900,175,17.49999999999998,B05_MV,cav,not_applicable,7226.975255588666,-0.6065835883393751,4.65915896289794,4.0,on_ramp,on_ramp_mv,,normal,executing,commit
BASIC-05,basic_long_dt_900,175,17.49999999999998,B05_CLV,cav,not_applicable,7368.018194840661,0.0,29.992418816390984,0.003158826503756984,lane_2,mainline,,normal,none,commit
BASIC-05,basic_long_dt_900,175,17.49999999999998,B05_CFV,cav,not_applicable,7325.599055888228,0.0,29.941481994361812,0.1711795433245984,lane_2,mainline,,normal,none,commit
BASIC-05,basic_long_dt_900,175,17.49999999999998,B05_TLV_CLV,cav,not_applicable,7361.650314352949,3.5,29.987369019602472,0.005262908498970376,lane_1,mainline,,normal,none,commit
BASIC-05,basic_long_dt_900,176,17.59999999999998,B05_MV,cav,not_applicable,7227.43003396478,-0.5877731162988598,4.547783761140159,4.0,on_ramp,on_ramp_mv,,normal,executing,commit
BASIC-05,basic_long_dt_900,176,17.59999999999998,B05_CLV,cav,not_applicable,7371.017467047034,0.0,29.992722063735343,0.0030324734436064206,lane_2,mainline,,normal,none,commit
BASIC-05,basic_long_dt_900,176,17.59999999999998,B05_CFV,cav,not_applicable,7328.6018773748365,0.0,30.02821486608837,0.8673287172655805,lane_2,mainline,,normal,none,commit
BASIC-05,basic_long_dt_900,176,17.59999999999998,B05_TLV_CLV,cav,not_applicable,7364.649101778831,3.5,29.987874258818373,0.0050523921590112765,lane_1,mainline,,normal,none,commit
BASIC-05,basic_long_dt_900,177,17.69999999999998,B05_MV,cav,not_applicable,7227.873941058373,-0.5696410697675107,4.439070935932635,4.0,on_ramp,on_ramp_mv,,normal,executing,commit
BASIC-05,basic_long_dt_900,177,17.69999999999998,B05_CLV,cav,not_applicable,7374.0167683651525,0.0,29.99301318118593,0.002911174505862846,lane_2,mainline,,normal,none,commit
BASIC-05,basic_long_dt_900,177,17.69999999999998,B05_CFV,cav,not_applicable,7331.600886096405,0.0,29.990087215682827,-0.3812765040554341,lane_2,mainline,,normal,none,commit
BASIC-05,basic_long_dt_900,177,17.69999999999998,B05_TLV_CLV,cav,not_applicable,7367.647937707678,3.5,29.988359288465638,0.00485029647265094,lane_1,mainline,,normal,none,commit
BASIC-05,basic_long_dt_900,178,17.799999999999983,B05_MV,cav,not_applicable,7228.307236742803,-0.552163826819144,4.332956844302814,4.0,on_ramp,on_ramp_mv,,normal,executing,commit
BASIC-05,basic_long_dt_900,178,17.799999999999983,B05_CLV,cav,not_applicable,7377.016097630546,0.0,29.993292653938493,0.0027947275256281047,lane_2,mainline,,normal,none,commit
BASIC-05,basic_long_dt_900,178,17.799999999999983,B05_CFV,cav,not_applicable,7334.604048010213,0.0,30.03161913807829,0.4153192239546449,lane_2,mainline,,normal,none,commit
BASIC-05,basic_long_dt_900,178,17.799999999999983,B05_TLV_CLV,cav,not_applicable,7370.64682019937,3.5,29.988824916927012,0.004656284613744788,lane_1,mainline,,normal,none,commit
BASIC-05,basic_long_dt_900,179,17.899999999999984,B05_MV,cav,not_applicable,7228.730174679266,-0.5353184022107289,4.229379364636429,4.0,on_ramp,on_ramp_mv,,normal,executing,commit
BASIC-05,basic_long_dt_900,179,17.899999999999984,B05_CLV,cav,not_applicable,7380.015453725324,0.0,29.993560947780953,0.00268293842460281,lane_2,mainline,,normal,none,commit
BASIC-05,basic_long_dt_900,179,17.899999999999984,B05_CFV,cav,not_applicable,7337.599698899489,0.0,29.956508892765488,-0.7511024531280177,lane_2,mainline,,normal,none,commit
BASIC-05,basic_long_dt_900,179,17.899999999999984,B05_TLV_CLV,cav,not_applicable,7373.645747391395,3.5,29.98927192024993,0.004470033229195281,lane_1,mainline,,normal,none,commit
BASIC-05,basic_long_dt_900,180,17.999999999999986,B05_MV,cav,not_applicable,7229.143002465297,-0.5190824513252137,4.128277860309669,4.0,on_ramp,on_ramp_mv,,normal,executing,commit
BASIC-05,basic_long_dt_900,180,17.999999999999986,B05_CLV,cav,not_applicable,7383.01483557631,0.0,29.993818509869715,0.002575620887618868,lane_2,mainline,,normal,none,commit
BASIC-05,basic_long_dt_900,180,17.999999999999986,B05_CFV,cav,not_applicable,7340.5964771323315,0.0,29.96778232841865,0.1127343565316219,lane_2,mainline,,normal,none,commit
BASIC-05,basic_long_dt_900,180,17.999999999999986,B05_TLV_CLV,cav,not_applicable,7376.644717495739,3.5,29.989701043439933,0.004291231900027981,lane_1,mainline,,normal,none,commit
BASIC-05,basic_long_dt_900,181,18.099999999999987,B05_MV,cav,not_applicable,7229.545961779716,-0.5034342713141586,4.029593144191206,4.0,on_ramp,on_ramp_mv,,normal,executing,commit
BASIC-05,basic_long_dt_900,181,18.099999999999987,B05_CLV,cav,not_applicable,7386.014242153258,0.0,29.994065769474926,0.0024725960521138294,lane_2,mainline,,normal,none,commit
BASIC-05,basic_long_dt_900,181,18.099999999999987,B05_CFV,cav,not_applicable,7343.6014504644545,0.0,30.049733321225784,0.819509928071327,lane_2,mainline,,normal,none,commit
BASIC-05,basic_long_dt_900,181,18.099999999999987,B05_TLV_CLV,cav,not_applicable,7379.64372879591,3.5,29.990113001702337,0.004119582624026919,lane_1,mainline,,normal,none,commit
BASIC-05,basic_long_dt_900,182,18.19999999999999,B05_MV,cav,not_applicable,7229.939288524115,-0.4883527997730983,3.933267443993006,4.0,on_ramp,on_ramp_mv,,normal,executing,commit
BASIC-05,basic_long_dt_900,182,18.19999999999999,B05_CLV,cav,not_applicable,7389.013672467127,0.0,29.99430313869593,0.0023736922100297876,lane_2,mainline,,normal,none,commit
BASIC-05,basic_long_dt_900,182,18.19999999999999,B05_CFV,cav,not_applicable,7346.602219786898,0.0,30.00769322443162,-0.4204009679416415,lane_2,mainline,,normal,none,commit
BASIC-05,basic_long_dt_900,182,18.19999999999999,B05_TLV_CLV,cav,not_applicable,7382.642779644073,3.5,29.990508481634244,0.003954799319065216,lane_1,mainline,,normal,none,commit
BASIC-05,basic_long_dt_900,183,18.29999999999999,B05_MV,cav,not_applicable,7230.32321296096,-0.4738176112522332,3.8392443684485937,4.0,on_ramp,on_ramp_mv,,normal,executing,commit
BASIC-05,basic_long_dt_900,183,18.29999999999999,B05_CLV,cav,not_applicable,7392.013125568442,0.0,29.99453101314809,0.0022787445216280846,lane_2,mainline,,normal,none,commit
BASIC-05,basic_long_dt_900,183,18.29999999999999,B05_CFV,cav,not_applicable,7349.606822192331,0.0,30.046024054327304,0.3833082989568388,lane_2,mainline,,normal,none,commit
BASIC-05,basic_long_dt_900,183,18.29999999999999,B05_TLV_CLV,cav,not_applicable,7385.64186845831,3.5,29.990888142368874,0.003796607346302494,lane_1,mainline,,normal,none,commit
BASIC-05,basic_long_dt_900,184,18.39999999999999,B05_MV,cav,not_applicable,7230.6979598483895,-0.45980891187717887,3.747468874300739,4.0,on_ramp,on_ramp_mv,,normal,executing,commit
BASIC-05,basic_long_dt_900,184,18.39999999999999,B05_CLV,cav,not_applicable,7395.012600545704,0.0,29.994749772622168,0.0021875947407636433,lane_2,mainline,,normal,none,commit
BASIC-05,basic_long_dt_900,184,18.39999999999999,B05_CFV,cav,not_applicable,7352.603651665664,0.0,29.968294733332865,-0.7772932099444045,lane_2,mainline,,normal,none,commit
BASIC-05,basic_long_dt_900,184,18.39999999999999,B05_TLV_CLV,cav,not_applicable,7388.640993719977,3.5,29.991252616674117,0.0036447430524503945,lane_1,mainline,,normal,none,commit
BASIC-05,basic_long_dt_900,185,18.499999999999993,B05_MV,cav,not_applicable,7231.063748571797,-0.4463075323287047,3.6578872340777013,4.0,on_ramp,on_ramp_mv,,normal,executing,commit
BASIC-05,basic_long_dt_900,185,18.499999999999993,B05_CLV,cav,not_applicable,7398.012096523876,0.0,29.99495978171728,0.002100090951132927,lane_2,mainline,,normal,none,commit
BASIC-05,basic_long_dt_900,185,18.499999999999993,B05_CFV,cav,not_applicable,7355.601394194552,0.0,29.97742528888287,0.09130555550003272,lane_2,mainline,,normal,none,commit
BASIC-05,basic_long_dt_900,185,18.499999999999993,B05_TLV_CLV,cav,not_applicable,7391.640153971178,3.5,29.99160251200715,0.003498953330353061,lane_1,mainline,,normal,none,commit
BASIC-05,basic_long_dt_900,186,18.599999999999994,B05_MV,cav,not_applicable,7231.420793272261,-0.4332949194067557,3.5704470046399663,4.0,on_ramp,on_ramp_mv,,normal,executing,commit
BASIC-05,basic_long_dt_900,186,18.599999999999994,B05_CLV,cav,not_applicable,7401.011612662921,0.0,29.99516139044859,0.0020160873130876666,lane_2,mainline,,normal,none,commit
BASIC-05,basic_long_dt_900,186,18.599999999999994,B05_CFV,cav,not_applicable,7358.607156496168,0.0,30.057623016151055,0.8019772726818449,lane_2,mainline,,normal,none,commit
BASIC-05,basic_long_dt_900,186,18.599999999999994,B05_TLV_CLV,cav,not_applicable,7394.639347812331,3.5,29.991938411526867,0.003358995197139336,lane_1,mainline,,normal,none,commit
BASIC-05,basic_long_dt_900,187,18.699999999999996,B05_MV,cav,not_applicable,7231.769302971909,-0.4207531263822677,3.4850969964787986,4.0,on_ramp,on_ramp_mv,,normal,executing,commit
BASIC-05,basic_long_dt_900,187,18.699999999999996,B05_CLV,cav,not_applicable,7404.011148156404,0.0,29.995354934830647,0.0019354438205638758,lane_2,mainline,,normal,none,commit
BASIC-05,basic_long_dt_900,187,18.699999999999996,B05_CFV,cav,not_applicable,7361.608571339105,0.0,30.01414842937048,-0.4347458678057632,lane_2,mainline,,normal,none,commit
BASIC-05,basic_long_dt_900,187,18.699999999999996,B05_TLV_CLV,cav,not_applicable,7397.638573899838,3.5,29.992260875065792,0.0032246353892531943,lane_1,mainline,,normal,none,commit
BASIC-05,basic_long_dt_900,188,18.799999999999997,B05_MV,cav,not_applicable,7232.109481696284,-0.4086648023203088,3.4017872437487675,4.0,on_ramp,on_ramp_mv,,normal,executing,commit
BASIC-05,basic_long_dt_900,188,18.799999999999997,B05_CLV,cav,not_applicable,7407.010702230147,0.0,29.995540737437423,0.0018580260677410366,lane_2,mainline,,normal,none,commit
BASIC-05,basic_long_dt_900,188,18.799999999999997,B05_CFV,cav,not_applicable,7364.613701897669,0.0,30.051305585640918,0.37157156270437564,lane_2,mainline,,normal,none,commit
BASIC-05,basic_long_dt_900,188,18.799999999999997,B05_TLV_CLV,cav,not_applicable,7400.637830943844,3.5,29.99257044006316,0.0030956499736831235,lane_1,mainline,,normal,none,commit
BASIC-05,basic_long_dt_900,189,18.9,B05_MV,cav,not_applicable,7232.441528593786,-0.3970131805397772,3.3204689750168614,4.0,on_ramp,on_ramp_mv,,normal,executing,commit
BASIC-05,basic_long_dt_900,189,18.9,B05_CLV,cav,not_applicable,7410.010274140941,0.0,29.995719107939927,0.001783705025030713,lane_2,mainline,,normal,none,commit
BASIC-05,basic_long_dt_900,189,18.9,B05_CFV,cav,not_applicable,7367.610963496291,0.0,29.972615986225822,-0.7868959941509653,lane_2,mainline,,normal,none,commit
BASIC-05,basic_long_dt_900,189,18.9,B05_TLV_CLV,cav,not_applicable,7403.63711770609,3.5,29.992867622460636,0.002971823974735344,lane_1,mainline,,normal,none,commit
BASIC-05,basic_long_dt_900,190,19.0,B05_MV,cav,not_applicable,7232.765638052257,-0.3857820663581051,3.241094584709924,4.0,on_ramp,on_ramp_mv,,normal,executing,commit
BASIC-05,basic_long_dt_900,190,19.0,B05_CLV,cav,not_applicable,7413.0098631753035,0.0,29.995890343622328,0.0017123568240293707,lane_2,mainline,,normal,none,commit
BASIC-05,basic_long_dt_900,190,19.0,B05_CFV,cav,not_applicable,7370.609059582234,0.0,29.98096085943165,0.08344873205830117,lane_2,mainline,,normal,none,commit
BASIC-05,basic_long_dt_900,190,19.0,B05_TLV_CLV,cav,not_applicable,7406.636432997846,3.5,29.99315291756221,0.0028529510157454755,lane_1,mainline,,normal,none,commit
BASIC-05,basic_long_dt_900,191,19.1,B05_MV,cav,not_applicable,7233.081999812781,-0.37495582425410934,3.1636176052458507,4.0,on_ramp,on_ramp_mv,,normal,executing,commit
BASIC-05,basic_long_dt_900,191,19.1,B05_CLV,cav,not_applicable,7416.009468648292,0.0,29.996054729877436,0.0016438625510687645,lane_2,mainline,,normal,none,commit
BASIC-05,basic_long_dt_900,191,19.1,B05_CFV,cav,not_applicable,7373.615111157804,0.0,30.060515755690965,0.7955489625931556,lane_2,mainline,,normal,none,commit
BASIC-05,basic_long_dt_900,191,19.1,B05_TLV_CLV,cav,not_applicable,7409.635775677932,3.5,29.993426800859723,0.002738832975116168,lane_1,mainline,,normal,none,commit
BASIC-05,basic_long_dt_900,192,19.200000000000003,B05_MV,cav,not_applicable,7233.390799080764,-0.36451936456808465,3.0879926798302764,4.0,on_ramp,on_ramp_mv,,normal,executing,commit
BASIC-05,basic_long_dt_900,192,19.200000000000003,B05_CLV,cav,not_applicable,7419.00908990236,0.0,29.99621254068234,0.0015781080490256728,lane_2,mainline,,normal,none,commit
BASIC-05,basic_long_dt_900,192,19.200000000000003,B05_CFV,cav,not_applicable,7376.61676267943,0.0,30.016515216266768,-0.4400053942419636,lane_2,mainline,,normal,none,commit
BASIC-05,basic_long_dt_900,192,19.200000000000003,B05_TLV_CLV,cav,not_applicable,7412.635144650814,3.5,29.993689728825334,0.0026292796561108393,lane_1,mainline,,normal,none,commit
BASIC-05,basic_long_dt_900,193,19.300000000000004,B05_MV,cav,not_applicable,7233.692216634354,-0.3544581298454892,3.014175535903322,4.0,on_ramp,on_ramp_mv,,normal,executing,commit
BASIC-05,basic_long_dt_900,193,19.300000000000004,B05_CLV,cav,not_applicable,7422.008726306265,0.0,29.996364039055045,0.0015149837270641343,lane_2,mainline,,normal,none,commit
BASIC-05,basic_long_dt_900,193,19.300000000000004,B05_CFV,cav,not_applicable,7379.622086884195,0.0,30.05324204764697,0.36726831380202984,lane_2,mainline,,normal,none,commit
BASIC-05,basic_long_dt_900,193,19.300000000000004,B05_TLV_CLV,cav,not_applicable,7415.6345388647815,3.5,29.99394213967232,0.0025241084698663487,lane_1,mainline,,normal,none,commit
BASIC-05,basic_long_dt_900,194,19.400000000000006,B05_MV,cav,not_applicable,7233.986428930276,-0.3447580809189117,2.942122959222052,4.0,on_ramp,on_ramp_mv,,normal,executing,commit
BASIC-05,basic_long_dt_900,194,19.400000000000006,B05_CLV,cav,not_applicable,7425.008377254015,0.0,29.996509477492843,0.00145438437798191,lane_2,mainline,,normal,none,commit
BASIC-05,basic_long_dt_900,194,19.400000000000006,B05_CFV,cav,not_applicable,7382.619506920618,0.0,29.974200364230775,-0.7904168341619755,lane_2,mainline,,normal,none,commit
BASIC-05,basic_long_dt_900,194,19.400000000000006,B05_TLV_CLV,cav,not_applicable,7418.63395731019,3.5,29.994184454085428,0.0024231441310718083,lane_1,mainline,,normal,none,commit
BASIC-05,basic_long_dt_900,195,19.500000000000007,B05_MV,cav,not_applicable,7234.273608207132,-0.3354056828123966,2.8717927685612468,4.0,on_ramp,on_ramp_mv,,normal,executing,commit
BASIC-05,basic_long_dt_900,195,19.500000000000007,B05_CLV,cav,not_applicable,7428.008042163854,0.0,29.996649098393128,0.0013962090028627472,lane_2,mainline,,normal,none,commit
BASIC-05,basic_long_dt_900,195,19.500000000000007,B05_CFV,cav,not_applicable,7385.617732637489,0.0,29.982257168708433,0.08056804477656554,lane_2,mainline,,normal,none,commit
BASIC-05,basic_long_dt_900,195,19.500000000000007,B05_TLV_CLV,cav,not_applicable,7421.633399017783,3.5,29.994417075922012,0.002326218365828936,lane_1,mainline,,normal,none,commit
BASIC-05,basic_long_dt_900,196,19.60000000000001,B05_MV,cav,not_applicable,7234.553922586234,-0.3263878905425903,2.803143791019882,4.0,on_ramp,on_ramp_mv,,normal,executing,commit
BASIC-05,basic_long_dt_900,196,19.60000000000001,B05_CLV,cav,not_applicable,7431.0077204773,0.0,29.996783134457402,0.0013403606427488059,lane_2,mainline,,normal,none,commit
BASIC-05,basic_long_dt_900,196,19.60000000000001,B05_CFV,cav,not_applicable,7388.623890274726,0.0,30.06157637237197,0.7931920366353719,lane_2,mainline,,normal,none,commit
BASIC-05,basic_long_dt_900,196,19.60000000000001,B05_TLV_CLV,cav,not_applicable,7424.6328630570715,3.5,29.99464039288513,0.002233169631195153,lane_1,mainline,,normal,none,commit
BASIC-05,basic_long_dt_900,197,19.70000000000001,B05_MV,cav,not_applicable,7234.827536170026,-0.3176921348823907,2.736135837917878,4.0,on_ramp,on_ramp_mv,,normal,executing,commit
BASIC-05,basic_long_dt_900,197,19.70000000000001,B05_CLV,cav,not_applicable,7434.007411658207,0.0,29.996911809079105,0.001286746217039081,lane_2,mainline,,normal,none,commit
BASIC-05,basic_long_dt_900,197,19.70000000000001,B05_CFV,cav,not_applicable,7391.625628574082,0.0,30.017382993551227,-0.441933788207423,lane_2,mainline,,normal,none,commit
BASIC-05,basic_long_dt_900,197,19.70000000000001,B05_TLV_CLV,cav,not_applicable,7427.632348534788,3.5,29.994854777169724,0.0021438428459475745,lane_1,mainline,,normal,none,commit
BASIC-05,basic_long_dt_900,198,19.80000000000001,B05_MV,cav,not_applicable,7235.094609138153,-0.3093063081448655,2.670729681267685,4.0,on_ramp,on_ramp_mv,,normal,executing,commit
BASIC-05,basic_long_dt_900,198,19.80000000000001,B05_CLV,cav,not_applicable,7437.007115191879,0.0,29.99703533671594,0.0012352763683580294,lane_2,mainline,,normal,none,commit
BASIC-05,basic_long_dt_900,198,19.80000000000001,B05_CFV,cav,not_applicable,7394.631023778807,0.0,30.053952047243346,0.3656905369211994,lane_2,mainline,,normal,none,commit
BASIC-05,basic_long_dt_900,198,19.80000000000001,B05_TLV_CLV,cav,not_applicable,7430.631854593396,3.5,29.995060586082936,0.002058089132110297,lane_1,mainline,,normal,none,commit
BASIC-05,basic_long_dt_900,199,19.900000000000013,B05_MV,cav,not_applicable,7235.355297841234,-0.30121875003799126,2.6068870308106984,4.0,on_ramp,on_ramp_mv,,normal,executing,commit
BASIC-05,basic_long_dt_900,199,19.900000000000013,B05_CLV,cav,not_applicable,7440.006830584204,0.0,29.9971539232473,0.0011858653136243903,lane_2,mainline,,normal,none,commit
BASIC-05,basic_long_dt_900,199,19.900000000000013,B05_CFV,cav,not_applicable,7397.628501906106,0.0,29.974781272991443,-0.7917077425190187,lane_2,mainline,,normal,none,commit
BASIC-05,basic_long_dt_900,199,19.900000000000013,B05_TLV_CLV,cav,not_applicable,7433.631380409661,3.5,29.99525816263962,0.001975765566825771,lane_1,mainline,,normal,none,commit
BASIC-05,basic_long_dt_900,200,20.000000000000014,B05_MV,cav,not_applicable,7235.6097548923935,-0.29341823363428654,2.5445705116002486,4.0,on_ramp,on_ramp_mv,,normal,executing,commit
BASIC-05,basic_long_dt_900,200,20.000000000000014,B05_CLV,cav,not_applicable,7443.006557360836,0.0,29.997267766317407,0.00113843070108004,lane_2,mainline,,normal,none,commit
BASIC-05,basic_long_dt_900,200,20.000000000000014,B05_CFV,cav,not_applicable,7400.626775151875,0.0,29.982732457694432,0.07951184702989389,lane_2,mainline,,normal,none,commit
BASIC-05,basic_long_dt_900,200,20.000000000000014,B05_TLV_CLV,cav,not_applicable,7436.630925193274,3.5,29.995447836134034,0.0018967349441524563,lane_1,mainline,,normal,none,commit
BASIC-05,basic_long_dt_900,201,20.100000000000016,B05_MV,cav,not_applicable,7235.858129256606,-0.28589395149351127,2.483743642121592,4.0,on_ramp,on_ramp_mv,,normal,executing,commit
BASIC-05,basic_long_dt_900,201,20.100000000000016,B05_CLV,cav,not_applicable,7446.006295066402,0.0,29.99737705566471,0.001092893473037293,lane_2,mainline,,normal,none,commit
BASIC-05,basic_long_dt_900,201,20.100000000000016,B05_CFV,cav,not_applicable,7403.632971676393,0.0,30.061965245178698,0.7923278748426404,lane_2,mainline,,normal,none,commit
BASIC-05,basic_long_dt_900,201,20.100000000000016,B05_TLV_CLV,cav,not_applicable,7439.630488185543,3.5,29.99562992268867,0.0018208655463865854,lane_1,mainline,,normal,none,commit
BASIC-05,basic_long_dt_900,202,20.200000000000017,B05_MV,cav,not_applicable,7236.100566337899,-0.2786355019713067,2.4243708129352126,4.0,on_ramp,on_ramp_mv,,normal,executing,commit
BASIC-05,basic_long_dt_900,202,20.200000000000017,B05_CLV,cav,not_applicable,7449.0060432637465,0.0,29.997481973438124,0.0010491777341158583,lane_2,mainline,,normal,none,commit
BASIC-05,basic_long_dt_900,202,20.200000000000017,B05_CFV,cav,not_applicable,7406.6347417926145,0.0,30.017701162211278,-0.44264082967420326,lane_2,mainline,,normal,none,commit
BASIC-05,basic_long_dt_900,202,20.200000000000017,B05_TLV_CLV,cav,not_applicable,7442.630068658121,3.5,29.995804725781124,0.001748030924531463,lane_1,mainline,,normal,none,commit
BASIC-05,basic_long_dt_900,203,20.30000000000002,B05_MV,cav,not_applicable,7236.337208064482,-0.2716328757418949,2.366417265830169,4.0,on_ramp,on_ramp_mv,,normal,executing,commit
BASIC-05,basic_long_dt_900,203,20.30000000000002,B05_CLV,cav,not_applicable,7452.005801533197,0.0,29.997582694500597,0.0010072106247505986,lane_2,mainline,,normal,none,commit
BASIC-05,basic_long_dt_900,203,20.30000000000002,B05_CFV,cav,not_applicable,7409.64016302932,0.0,30.054212367056117,0.3651120484483792,lane_2,mainline,,normal,none,commit
BASIC-05,basic_long_dt_900,203,20.30000000000002,B05_TLV_CLV,cav,not_applicable,7445.629665911796,3.5,29.99597253674988,0.0016781096875504887,lane_1,mainline,,normal,none,commit
BASIC-05,basic_long_dt_900,204,20.40000000000002,B05_MV,cav,not_applicable,7236.568192971829,-0.2648764425586312,2.309849073475311,4.0,on_ramp,on_ramp_mv,,normal,executing,commit
BASIC-05,basic_long_dt_900,204,20.40000000000002,B05_CLV,cav,not_applicable,7455.005569471869,0.0,29.997679386720574,0.0009669221997611999,lane_2,mainline,,normal,none,commit
BASIC-05,basic_long_dt_900,204,20.40000000000002,B05_CFV,cav,not_applicable,7412.637662455513,0.0,29.974994261929165,-0.7921810512695079,lane_2,mainline,,normal,none,commit
BASIC-05,basic_long_dt_900,204,20.40000000000002,B05_TLV_CLV,cav,not_applicable,7448.629279275324,3.5,29.996133635279882,0.0016109853000486397,lane_1,mainline,,normal,none,commit
BASIC-05,basic_long_dt_900,205,20.50000000000002,B05_MV,cav,not_applicable,7236.793656283785,-0.2583569382723656,2.254633119558147,4.0,on_ramp,on_ramp_mv,,normal,executing,commit
BASIC-05,basic_long_dt_900,205,20.50000000000002,B05_CLV,cav,not_applicable,7458.005346692995,0.0,29.99777221125175,0.0009282453117705814,lane_2,mainline,,normal,none,commit
BASIC-05,basic_long_dt_900,205,20.50000000000002,B05_CFV,cav,not_applicable,7415.63595312765,0.0,29.98290672137075,0.07912459441585729,lane_2,mainline,,normal,none,commit
BASIC-05,basic_long_dt_900,205,20.50000000000002,B05_TLV_CLV,cav,not_applicable,7451.6289081043105,3.5,29.996288289868687,0.001546545888047035,lane_1,mainline,,normal,none,commit
BASIC-05,basic_long_dt_900,206,20.600000000000023,B05_MV,cav,not_applicable,7237.013729991725,-0.25206545212410747,2.2007370793972387,4.0,on_ramp,on_ramp_mv,,normal,executing,commit
BASIC-05,basic_long_dt_900,206,20.600000000000023,B05_CLV,cav,not_applicable,7461.005132825275,0.0,29.99786132280168,0.0008911154993000991,lane_2,mainline,,normal,none,commit
BASIC-05,basic_long_dt_900,206,20.600000000000023,B05_CFV,cav,not_applicable,7418.642163910105,0.0,30.06210782455023,0.7920110317947924,lane_2,mainline,,normal,none,commit
BASIC-05,basic_long_dt_900,206,20.600000000000023,B05_TLV_CLV,cav,not_applicable,7454.628551780138,3.5,29.99643675827394,0.0014846840525251537,lane_1,mainline,,normal,none,commit
BASIC-05,basic_long_dt_900,207,20.700000000000024,B05_MV,cav,not_applicable,7237.228542931827,-0.24599341432540278,2.1481294010187595,4.0,on_ramp,on_ramp_mv,,normal,executing,commit
BASIC-05,basic_long_dt_900,207,20.700000000000024,B05_CLV,cav,not_applicable,7464.004927512264,0.0,29.997946869889613,0.0008554708793283794,lane_2,mainline,,normal,none,commit
BASIC-05,basic_long_dt_900,207,20.700000000000024,B05_CFV,cav,not_applicable,7421.6439456919115,0.0,30.01781781806071,-0.44290006489516986,lane_2,mainline,,normal,none,commit
BASIC-05,basic_long_dt_900,207,20.700000000000024,B05_TLV_CLV,cav,not_applicable,7457.628209708932,3.5,29.996579287942982,0.0014252966904237498,lane_1,mainline,,normal,none,commit
BASIC-05,basic_long_dt_900,208,20.800000000000026,B05_MV,cav,not_applicable,7237.438220860496,-0.24013258393704717,2.0967792866857082,4.0,on_ramp,on_ramp_mv,,normal,executing,commit
BASIC-05,basic_long_dt_900,208,20.800000000000026,B05_CLV,cav,not_applicable,7467.004730411773,0.0,29.998028995094028,0.0008212520441546189,lane_2,mainline,,normal,none,commit
BASIC-05,basic_long_dt_900,208,20.800000000000026,B05_CFV,cav,not_applicable,7424.649376473187,0.0,30.054307812751105,0.364899946903952,lane_2,mainline,,normal,none,commit
BASIC-05,basic_long_dt_900,208,20.800000000000026,B05_TLV_CLV,cav,not_applicable,7460.627881320575,3.5,29.99671611642526,0.0013682848228071976,lane_1,mainline,,normal,none,commit
BASIC-05,basic_long_dt_900,209,20.900000000000027,B05_MV,cav,not_applicable,7237.642886527982,-0.23447503705434114,2.046656674867595,4.0,on_ramp,on_ramp_mv,,normal,executing,commit
BASIC-05,basic_long_dt_900,209,20.900000000000027,B05_CLV,cav,not_applicable,7470.004541195302,0.0,29.998107835290266,0.0007884019623887184,lane_2,mainline,,normal,none,commit
BASIC-05,basic_long_dt_900,209,20.900000000000027,B05_CFV,cav,not_applicable,7427.646883708573,0.0,29.975072353861428,-0.7923545888967665,lane_2,mainline,,normal,none,commit
BASIC-05,basic_long_dt_900,209,20.900000000000027,B05_TLV_CLV,cav,not_applicable,7463.627566067752,3.5,29.996847471768252,0.0013135534298953644,lane_1,mainline,,normal,none,commit
BASIC-05,basic_long_dt_900,210,21.00000000000003,B05_MV,cav,not_applicable,7237.842659750247,-0.22901315530486555,1.9977322226419059,4.0,on_ramp,on_ramp_mv,,normal,executing,commit
BASIC-05,basic_long_dt_900,210,21.00000000000003,B05_CLV,cav,not_applicable,7473.00435954749,0.0,29.998183521878655,0.0007568658838934539,lane_2,mainline,,normal,none,commit
BASIC-05,basic_long_dt_900,210,21.00000000000003,B05_CFV,cav,not_applicable,7430.6451807700505,0.0,29.982970614769876,0.07898260908446386,lane_2,mainline,,normal,none,commit
BASIC-05,basic_long_dt_900,210,21.00000000000003,B05_TLV_CLV,cav,not_applicable,7466.627263425042,3.5,29.99697357289752,0.0012610112926992657,lane_1,mainline,,normal,none,commit
BASIC-05,basic_long_dt_900,211,21.10000000000003,B05_MV,cav,not_applicable,7238.037657479098,-0.22373961466285763,1.9499772885160371,4.0,on_ramp,on_ramp_mv,,normal,executing,commit
BASIC-05,basic_long_dt_900,211,21.10000000000003,B05_CLV,cav,not_applicable,7476.004185165591,0.0,29.99825618100351,0.000726591248538,lane_2,mainline,,normal,none,commit
BASIC-05,basic_long_dt_900,211,21.10000000000003,B05_CFV,cav,not_applicable,7433.6513967801475,0.0,30.062160100967695,0.7918948619781977,lane_2,mainline,,normal,none,commit
BASIC-05,basic_long_dt_900,211,21.10000000000003,B05_TLV_CLV,cav,not_applicable,7469.62697288804,3.5,29.997094629981618,0.0012105708409919204,lane_1,mainline,,normal,none,commit
BASIC-05,basic_long_dt_900,212,21.20000000000003,B05_MV,cav,not_applicable,7238.227993870664,-0.21864737458251904,1.903363915660358,4.0,on_ramp,on_ramp_mv,,normal,executing,commit
BASIC-05,basic_long_dt_900,212,21.20000000000003,B05_CLV,cav,not_applicable,7479.004017758967,0.0,29.99832593376337,0.0006975275985965368,lane_2,mainline,,normal,none,commit
BASIC-05,basic_long_dt_900,212,21.20000000000003,B05_CFV,cav,not_applicable,7436.653182839115,0.0,30.017860589675003,-0.44299511292692917,lane_2,mainline,,normal,none,commit
BASIC-05,basic_long_dt_900,212,21.20000000000003,B05_TLV_CLV,cav,not_applicable,7472.626693972518,3.5,29.99721084478235,0.0011621480073529256,lane_1,mainline,,normal,none,commit
BASIC-05,basic_long_dt_900,213,21.300000000000033,B05_MV,cav,not_applicable,7238.413780352218,-0.21372966745112576,1.8578648155408706,4.0,on_ramp,on_ramp_mv,,normal,executing,commit
BASIC-05,basic_long_dt_900,213,21.300000000000033,B05_CLV,cav,not_applicable,7482.003857048609,0.0,29.998392896412835,0.0006696264946526754,lane_2,mainline,,normal,none,commit
BASIC-05,basic_long_dt_900,213,21.300000000000033,B05_CFV,cav,not_applicable,7439.658617119886,0.0,30.054342807708252,0.36482218033251257,lane_2,mainline,,normal,none,commit
BASIC-05,basic_long_dt_900,213,21.300000000000033,B05_TLV_CLV,cav,not_applicable,7475.626426213617,3.5,29.997322410991057,0.001115662087059377,lane_1,mainline,,normal,none,commit
BASIC-05,basic_long_dt_900,214,21.400000000000034,B05_MV,cav,not_applicable,7238.595125687412,-0.20897998836143294,1.8134533519447338,4.0,on_ramp,on_ramp_mv,,normal,executing,commit
BASIC-05,basic_long_dt_900,214,21.400000000000034,B05_CLV,cav,not_applicable,7485.003702766664,0.0,29.998457180556322,0.0006428414348661704,lane_2,mainline,,normal,none,commit
BASIC-05,basic_long_dt_900,214,21.400000000000034,B05_CFV,cav,not_applicable,7442.656127218496,0.0,29.975100986099093,-0.7924182160915806,lane_2,mainline,,normal,none,commit
BASIC-05,basic_long_dt_900,214,21.400000000000034,B05_TLV_CLV,cav,not_applicable,7478.6261691650725,3.5,29.997429514551413,0.0010710356035772862,lane_1,mainline,,normal,none,commit
BASIC-05,basic_long_dt_900,215,21.500000000000036,B05_MV,cav,not_applicable,7238.772136039951,-0.20439208520177443,1.7701035253860362,4.0,on_ramp,on_ramp_mv,,normal,executing,commit
BASIC-05,basic_long_dt_900,215,21.500000000000036,B05_CLV,cav,not_applicable,7488.0035546559975,0.0,29.99851889333407,0.0006171277774711826,lane_2,mainline,,normal,none,commit
BASIC-05,basic_long_dt_900,215,21.500000000000036,B05_CFV,cav,not_applicable,7445.654426622611,0.0,29.982994041146146,0.078930550470525,lane_2,mainline,,normal,none,commit
BASIC-05,basic_long_dt_900,215,21.500000000000036,B05_TLV_CLV,cav,not_applicable,7481.62592239847,3.5,29.997532333969357,0.0010281941794346495,lane_1,mainline,,normal,none,commit
BASIC-05,basic_long_dt_900,216,21.600000000000037,B05_MV,cav,not_applicable,7238.9449150357395,-0.19995994906119696,1.7277899578855185,4.0,on_ramp,on_ramp_mv,,normal,executing,commit
BASIC-05,basic_long_dt_900,216,21.600000000000037,B05_CLV,cav,not_applicable,7491.003412469758,0.0,29.998578137600706,0.0005924426663725058,lane_2,mainline,,normal,none,commit
BASIC-05,basic_long_dt_900,216,21.600000000000037,B05_CFV,cav,not_applicable,7448.660644549412,0.0,30.062179268002826,0.7918522685667932,lane_2,mainline,,normal,none,commit
BASIC-05,basic_long_dt_900,216,21.600000000000037,B05_TLV_CLV,cav,not_applicable,7484.625685502531,3.5,29.99763104061058,0.0009870664122573203,lane_1,mainline,,normal,none,commit
BASIC-05,basic_long_dt_900,217,21.70000000000004,B05_MV,cav,not_applicable,7239.113563823551,-0.19567780494613718,1.686487878113804,4.0,on_ramp,on_ramp_mv,,normal,executing,commit
BASIC-05,basic_long_dt_900,217,21.70000000000004,B05_CLV,cav,not_applicable,7494.0032759709675,0.0,29.998635012096678,0.0005687449597175487,lane_2,mainline,,normal,none,commit
BASIC-05,basic_long_dt_900,217,21.70000000000004,B05_CFV,cav,not_applicable,7451.662432176591,0.0,30.017876271794655,-0.44302996208171463,lane_2,mainline,,normal,none,commit
BASIC-05,basic_long_dt_900,217,21.70000000000004,B05_TLV_CLV,cav,not_applicable,7487.62545808243,3.5,29.99772579898616,0.0009475837557673117,lane_1,mainline,,normal,none,commit
BASIC-05,basic_long_dt_900,218,21.80000000000004,B05_MV,cav,not_applicable,7239.27818113424,-0.19154010280438571,1.6461731068894454,4.0,on_ramp,on_ramp_mv,,normal,executing,commit
BASIC-05,basic_long_dt_900,218,21.80000000000004,B05_CLV,cav,not_applicable,7497.003144932129,0.0,29.99868961161281,0.0005459951613289605,lane_2,mainline,,normal,none,commit
BASIC-05,basic_long_dt_900,218,21.80000000000004,B05_CFV,cav,not_applicable,7454.667867740444,0.0,30.054355638533423,0.3647936673876881,lane_2,mainline,,normal,none,commit
BASIC-05,basic_long_dt_900,218,21.80000000000004,B05_TLV_CLV,cav,not_applicable,7490.6252397591325,3.5,29.997816767026713,0.0009096804055360509,lane_1,mainline,,normal,none,commit
BASIC-05,basic_long_dt_900,219,21.90000000000004,B05_MV,cav,not_applicable,7239.438863338542,-0.18754150885144938,1.606822043023959,4.0,on_ramp,on_ramp_mv,,normal,executing,commit
BASIC-05,basic_long_dt_900,219,21.90000000000004,B05_CLV,cav,not_applicable,7500.003019134843,0.0,29.9987420271483,0.0005241553548756883,lane_2,mainline,,normal,none,commit
BASIC-05,basic_long_dt_900,219,21.90000000000004,B05_CFV,cav,not_applicable,7457.665378888849,0.0,29.975111484046963,-0.7924415448646187,lane_2,mainline,,normal,none,commit
BASIC-05,basic_long_dt_900,219,21.90000000000004,B05_TLV_CLV,cav,not_applicable,7493.625030168767,3.5,29.997904096345643,0.0008732931893149498,lane_1,mainline,,normal,none,commit
BASIC-05,basic_long_dt_900,220,22.000000000000043,B05_MV,cav,not_applicable,7239.595704503493,-0.18367689719389535,1.568411649505367,4.0,on_ramp,on_ramp_mv,,normal,executing,commit
BASIC-05,basic_long_dt_900,220,22.000000000000043,B05_CLV,cav,not_applicable,7503.002898369449,0.0,29.998792346062366,0.0005031891406801492,lane_2,mainline,,normal,none,commit
BASIC-05,basic_long_dt_900,220,22.000000000000043,B05_CFV,cav,not_applicable,7460.663679151887,0.0,29.98300263037622,0.0789114632925848,lane_2,mainline,,normal,none,commit
BASIC-05,basic_long_dt_900,220,22.000000000000043,B05_TLV_CLV,cav,not_applicable,7496.624828962016,3.5,29.997987932491817,0.0008383614617429203,lane_1,mainline,,normal,none,commit
BASIC-05,basic_long_dt_900,221,22.100000000000044,B05_MV,cav,not_applicable,7239.748796447494,-0.17994134174378784,1.5309194400113344,4.0,on_ramp,on_ramp_mv,,normal,executing,commit
BASIC-05,basic_long_dt_900,221,22.100000000000044,B05_CLV,cav,not_applicable,7506.002782434672,0.0,29.998840652219872,0.00048306157505351166,lane_2,mainline,,normal,none,commit
BASIC-05,basic_long_dt_900,221,22.100000000000044,B05_CFV,cav,not_applicable,7463.669897781442,0.0,30.062186295554703,0.7918366517848421,lane_2,mainline,,normal,none,commit
BASIC-05,basic_long_dt_900,221,22.100000000000044,B05_TLV_CLV,cav,not_applicable,7499.624635803535,3.5,29.998068415192144,0.0008048270032730898,lane_1,mainline,,normal,none,commit
BASIC-05,basic_long_dt_900,222,22.200000000000045,B05_MV,cav,not_applicable,7239.898228794069,-0.1763301084179849,1.4943234657455968,4.0,on_ramp,on_ramp_mv,,normal,executing,commit
BASIC-05,basic_long_dt_900,222,22.200000000000045,B05_CLV,cav,not_applicable,7509.002671137285,0.0,29.998887026131076,0.000463739112051087,lane_2,mainline,,normal,none,commit
BASIC-05,basic_long_dt_900,222,22.200000000000045,B05_CFV,cav,not_applicable,7466.671685983603,0.0,30.017882021609825,-0.4430427394487655,lane_2,mainline,,normal,none,commit
BASIC-05,basic_long_dt_900,222,22.200000000000045,B05_TLV_CLV,cav,not_applicable,7502.624450371393,3.5,29.998145678584457,0.0007726339231425073,lane_1,mainline,,normal,none,commit
BASIC-05,basic_long_dt_900,223,22.300000000000047,B05_MV,cav,not_applicable,7240.044089024328,-0.17283864761574064,1.4586023025883286,4.0,on_ramp,on_ramp_mv,,normal,executing,commit
BASIC-05,basic_long_dt_900,223,22.300000000000047,B05_CLV,cav,not_applicable,7512.0025642917935,0.0,29.99893154508583,0.0004451895475696688,lane_2,mainline,,normal,none,commit
BASIC-05,basic_long_dt_900,223,22.300000000000047,B05_CFV,cav,not_applicable,7469.677122017896,0.0,30.054360342927655,0.36478321317828283,lane_2,mainline,,normal,none,commit
BASIC-05,basic_long_dt_900,223,22.300000000000047,B05_TLV_CLV,cav,not_applicable,7505.624272356537,3.5,29.99821985144108,0.000741728566217148,lane_1,mainline,,normal,none,commit
BASIC-05,basic_long_dt_900,224,22.40000000000005,B05_MV,cav,not_applicable,7240.186462528183,-0.16946258696783234,1.4237350385543652,4.0,on_ramp,on_ramp_mv,,normal,executing,commit
BASIC-05,basic_long_dt_900,224,22.40000000000005,B05_CLV,cav,not_applicable,7515.002461720122,0.0,29.998974283282397,0.00042738196566745047,lane_2,mainline,,normal,none,commit
BASIC-05,basic_long_dt_900,224,22.40000000000005,B05_CFV,cav,not_applicable,7472.674633551206,0.0,29.975115333096788,-0.7924500983086776,lane_2,mainline,,normal,none,commit
BASIC-05,basic_long_dt_900,224,22.40000000000005,B05_TLV_CLV,cav,not_applicable,7508.624101462276,3.5,29.998291057383437,0.0007120594235686895,lane_1,mainline,,normal,none,commit
BASIC-05,basic_long_dt_900,225,22.50000000000005,B05_MV,cav,not_applicable,7240.325432654338,-0.1661977243502566,1.3897012615505828,4.0,on_ramp,on_ramp_mv,,normal,executing,commit
BASIC-05,basic_long_dt_900,225,22.50000000000005,B05_CLV,cav,not_applicable,7518.002363251317,0.0,29.9990153119511,0.00041028668704115037,lane_2,mainline,,normal,none,commit
BASIC-05,basic_long_dt_900,225,22.50000000000005,B05_CFV,cav,not_applicable,7475.672934129166,0.0,29.983005779598805,0.0789044650201729,lane_2,mainline,,normal,none,commit
BASIC-05,basic_long_dt_900,225,22.50000000000005,B05_TLV_CLV,cav,not_applicable,7511.623937403784,3.5,29.9983594150881,0.0006835770466253167,lane_1,mainline,,normal,none,commit
BASIC-05,basic_long_dt_900,226,22.60000000000005,B05_MV,cav,not_applicable,7240.461080759081,-0.16304002115538196,1.3564810474259124,4.0,on_ramp,on_ramp_mv,,normal,executing,commit
BASIC-05,basic_long_dt_900,226,22.60000000000005,B05_CLV,cav,not_applicable,7521.002268721264,0.0,29.999054699473056,0.0003938752195594475,lane_2,mainline,,normal,none,commit
BASIC-05,basic_long_dt_900,226,22.60000000000005,B05_CFV,cav,not_applicable,7478.679153016385,0.0,30.062188872191363,0.791830925925596,lane_2,mainline,,normal,none,commit
BASIC-05,basic_long_dt_900,226,22.60000000000005,B05_TLV_CLV,cav,not_applicable,7514.6237799076325,3.5,29.998425038484577,0.0006562339647601334,lane_1,mainline,,normal,none,commit
BASIC-05,basic_long_dt_900,227,22.700000000000053,B05_MV,cav,not_applicable,7240.593486253912,-0.1599855958133971,1.3240549483079012,4.0,on_ramp,on_ramp_mv,,normal,executing,commit
BASIC-05,basic_long_dt_900,227,22.700000000000053,B05_CLV,cav,not_applicable,7524.002177972414,0.0,29.999092511494133,0.0003781202107774107,lane_2,mainline,,normal,none,commit
BASIC-05,basic_long_dt_900,227,22.700000000000053,B05_CFV,cav,not_applicable,7481.680941429361,0.0,30.017884129767094,-0.44304742424269417,lane_2,mainline,,normal,none,commit
BASIC-05,basic_long_dt_900,227,22.700000000000053,B05_TLV_CLV,cav,not_applicable,7517.623628711327,3.5,29.998488036945194,0.000629984606169387,lane_1,mainline,,normal,none,commit
BASIC-05,basic_long_dt_900,228,22.800000000000054,B05_MV,cav,not_applicable,7240.722726652033,-0.15703071755679776,1.2924039812169095,4.0,on_ramp,on_ramp_mv,,normal,executing,commit
BASIC-05,basic_long_dt_900,228,22.800000000000054,B05_CLV,cav,not_applicable,7527.002090853517,0.0,29.999128811034367,0.0003629954023466553,lane_2,mainline,,normal,none,commit
BASIC-05,basic_long_dt_900,228,22.800000000000054,B05_CFV,cav,not_applicable,7484.68637763614,0.0,30.0543620677836,0.36477938016506845,lane_2,mainline,,normal,none,commit
BASIC-05,basic_long_dt_900,228,22.800000000000054,B05_TLV_CLV,cav,not_applicable,7520.623483562874,3.5,29.998548515467387,0.0006047852219225547,lane_1,mainline,,normal,none,commit
BASIC-05,basic_long_dt_900,229,22.900000000000055,B05_MV,cav,not_applicable,7240.848877613728,-0.154171800420686,1.2615096169535904,4.0,on_ramp,on_ramp_mv,,normal,executing,commit
BASIC-05,basic_long_dt_900,229,22.900000000000055,B05_CLV,cav,not_applicable,7530.0020072193765,0.0,29.99916365859299,0.00034847558625301646,lane_2,mainline,,normal,none,commit
BASIC-05,basic_long_dt_900,229,22.900000000000055,B05_CFV,cav,not_applicable,7487.683889310574,0.0,29.97511674434256,-0.7924532344103985,lane_2,mainline,,normal,none,commit
BASIC-05,basic_long_dt_900,229,22.900000000000055,B05_TLV_CLV,cav,not_applicable,7523.623344220358,3.5,29.998606574848694,0.0005805938130450273,lane_1,mainline,,normal,none,commit
BASIC-05,basic_long_dt_900,230,23.000000000000057,B05_MV,cav,not_applicable,7240.972012990654,-0.15140539747164006,1.2313537692509597,4.0,on_ramp,on_ramp_mv,,normal,executing,commit
BASIC-05,basic_long_dt_900,230,23.000000000000057,B05_CLV,cav,not_applicable,7533.001926930601,0.0,29.99919711224927,0.0003345365628035779,lane_2,mainline,,normal,none,commit
BASIC-05,basic_long_dt_900,230,23.000000000000057,B05_CFV,cav,not_applicable,7490.6821900039995,0.0,29.983006934254437,0.07890189911876488,lane_2,mainline,,normal,none,commit
BASIC-05,basic_long_dt_900,230,23.000000000000057,B05_TLV_CLV,cav,not_applicable,7526.623210451544,3.5,29.998662311854744,0.0005573700605225441,lane_1,mainline,,normal,none,commit
BASIC-05,basic_long_dt_900,231,23.10000000000006,B05_MV,cav,not_applicable,7241.092204869073,-0.14872819525796244,1.2019187841864898,4.0,on_ramp,on_ramp_mv,,normal,executing,commit
BASIC-05,basic_long_dt_900,231,23.10000000000006,B05_CLV,cav,not_applicable,7536.001849853377,0.0,29.9992292277593,0.00032115510029200327,lane_2,mainline,,normal,none,commit
BASIC-05,basic_long_dt_900,231,23.10000000000006,B05_CFV,cav,not_applicable,7493.68840898569,0.0,30.06218981690961,0.7918288265517167,lane_2,mainline,,normal,none,commit
BASIC-05,basic_long_dt_900,231,23.10000000000006,B05_TLV_CLV,cav,not_applicable,7529.623082033482,3.5,29.998715819380553,0.0005350752581023244,lane_1,mainline,,normal,none,commit
BASIC-05,basic_long_dt_900,232,23.20000000000006,B05_MV,cav,not_applicable,7241.209523612058,-0.1461370084741791,1.1731874298472686,4.0,on_ramp,on_ramp_mv,,normal,executing,commit
BASIC-05,basic_long_dt_900,232,23.20000000000006,B05_CLV,cav,not_applicable,7539.001775859242,0.0,29.99926005864893,0.000308308896279641,lane_2,mainline,,normal,none,commit
BASIC-05,basic_long_dt_900,232,23.20000000000006,B05_CFV,cav,not_applicable,7496.690197475962,0.0,30.017884902718386,-0.44304914191223177,lane_2,mainline,,normal,none,commit
BASIC-05,basic_long_dt_900,232,23.20000000000006,B05_TLV_CLV,cav,not_applicable,7532.622958752143,3.5,29.99876718660533,0.0005136722477786293,lane_1,mainline,,normal,none,commit
BASIC-05,basic_long_dt_900,233,23.30000000000006,B05_MV,cav,not_applicable,7241.324037900682,-0.14362877483274827,1.14514288624192,4.0,on_ramp,on_ramp_mv,,normal,executing,commit
BASIC-05,basic_long_dt_900,233,23.30000000000006,B05_CLV,cav,not_applicable,7542.001704824873,0.0,29.99928965630297,0.00029597654042845534,lane_2,mainline,,normal,none,commit
BASIC-05,basic_long_dt_900,233,23.30000000000006,B05_CFV,cav,not_applicable,7499.695633745982,0.0,30.054362700198293,0.36477797479908314,lane_2,mainline,,normal,none,commit
BASIC-05,basic_long_dt_900,233,23.30000000000006,B05_TLV_CLV,cav,not_applicable,7535.622840402057,3.5,29.998816499141117,0.000493125357867541,lane_1,mainline,,normal,none,commit
BASIC-05,basic_long_dt_900,234,23.400000000000063,B05_MV,cav,not_applicable,7241.435814774228,-0.14120055013602917,1.1177687354536336,4.0,on_ramp,on_ramp_mv,,normal,executing,commit
BASIC-05,basic_long_dt_900,234,23.400000000000063,B05_CLV,cav,not_applicable,7545.001636631878,0.0,29.99931807005085,0.00028413747881188555,lane_2,mainline,,normal,none,commit
BASIC-05,basic_long_dt_900,234,23.400000000000063,B05_CFV,cav,not_applicable,7502.69314547216,0.0,29.975117261772763,-0.7924543842552956,lane_2,mainline,,normal,none,commit
BASIC-05,basic_long_dt_900,234,23.400000000000063,B05_TLV_CLV,cav,not_applicable,7538.622726785974,3.5,29.998863839175474,0.0004734003435530099,lane_1,mainline,,normal,none,commit
BASIC-05,basic_long_dt_900,235,23.500000000000064,B05_MV,cav,not_applicable,7241.544919669431,-0.13884950354167724,1.0910489520288669,4.0,on_ramp,on_ramp_mv,,normal,executing,commit
BASIC-05,basic_long_dt_900,235,23.500000000000064,B05_CLV,cav,not_applicable,7548.001571166603,0.0,29.999345347248816,0.00027277197965958067,lane_2,mainline,,normal,none,commit
BASIC-05,basic_long_dt_900,235,23.500000000000064,B05_CFV,cav,not_applicable,7505.69144620792,0.0,29.98300735760642,0.0789009583365764,lane_2,mainline,,normal,none,commit
BASIC-05,basic_long_dt_900,235,23.500000000000064,B05_TLV_CLV,cav,not_applicable,7541.6226177145345,3.5,29.998909285608455,0.0004544643298103779,lane_1,mainline,,normal,none,commit
BASIC-05,basic_long_dt_900,236,23.600000000000065,B05_MV,cav,not_applicable,7241.651416458791,-0.1365729130147617,1.0649678935958513,4.0,on_ramp,on_ramp_mv,,normal,executing,commit
BASIC-05,basic_long_dt_900,236,23.600000000000065,B05_CLV,cav,not_applicable,7551.001508319939,0.0,29.999371533358865,0.00026186110047348165,lane_2,mainline,,normal,none,commit
BASIC-05,basic_long_dt_900,236,23.600000000000065,B05_CFV,cav,not_applicable,7508.697665224249,0.0,30.062190163288506,0.7918280568208352,lane_2,mainline,,normal,none,commit
BASIC-05,basic_long_dt_900,236,23.600000000000065,B05_TLV_CLV,cav,not_applicable,7544.622513005953,3.5,29.998952914184116,0.0004362857566178491,lane_1,mainline,,normal,none,commit
BASIC-05,basic_long_dt_900,237,23.700000000000067,B05_MV,cav,not_applicable,7241.755367487961,-0.13436816096003845,1.0395102917068137,4.0,on_ramp,on_ramp_mv,,normal,executing,commit
BASIC-05,basic_long_dt_900,237,23.700000000000067,B05_CLV,cav,not_applicable,7554.001447987142,0.0,29.99939667202451,0.0002513866564541445,lane_2,mainline,,normal,none,commit
BASIC-05,basic_long_dt_900,237,23.700000000000067,B05_CFV,cav,not_applicable,7511.699453742861,0.0,30.0178851861193,-0.44304977169204385,lane_2,mainline,,normal,none,commit
BASIC-05,basic_long_dt_900,237,23.700000000000067,B05_TLV_CLV,cav,not_applicable,7547.622412485714,3.5,29.998994797616753,0.00041883432635358986,lane_1,mainline,,normal,none,commit
BASIC-05,basic_long_dt_900,238,23.800000000000068,B05_MV,cav,not_applicable,7241.856833612251,-0.13223273002794134,1.0146612429000004,4.0,on_ramp,on_ramp_mv,,normal,executing,commit
BASIC-05,basic_long_dt_900,238,23.800000000000068,B05_CLV,cav,not_applicable,7557.001390067656,0.0,29.99942080514353,0.0002413311901960924,lane_2,mainline,,normal,none,commit
BASIC-05,basic_long_dt_900,238,23.800000000000068,B05_CFV,cav,not_applicable,7514.704890036068,0.0,30.05436293207177,0.3647774595246914,lane_2,mainline,,normal,none,commit
BASIC-05,basic_long_dt_900,238,23.800000000000068,B05_TLV_CLV,cav,not_applicable,7550.622315986286,3.5,29.999035005712084,0.00040208095329887785,lane_1,mainline,,normal,none,commit
BASIC-05,basic_long_dt_900,239,23.90000000000007,B05_MV,cav,not_applicable,7241.955874232248,-0.13016419908802357,0.9904061999741106,4.0,on_ramp,on_ramp_mv,,normal,executing,commit
BASIC-05,basic_long_dt_900,239,23.90000000000007,B05_CLV,cav,not_applicable,7560.00133446495,0.0,29.999443972937787,0.0002316779425882487,lane_2,mainline,,normal,none,commit
BASIC-05,basic_long_dt_900,239,23.90000000000007,B05_CFV,cav,not_applicable,7517.702401781216,0.0,29.975117451487424,-0.7924548058434342,lane_2,mainline,,normal,none,commit
BASIC-05,basic_long_dt_900,239,23.90000000000007,B05_TLV_CLV,cav,not_applicable,7553.622223346834,3.5,29.999073605483602,0.00038599771516629745,lane_1,mainline,,normal,none,commit
BASIC-05,basic_long_dt_900,240,24.00000000000007,B05_MV,cav,not_applicable,7242.052547328595,-0.12816023936372467,0.966730963472751,4.0,on_ramp,on_ramp_mv,,normal,executing,commit
BASIC-05,basic_long_dt_900,240,24.00000000000007,B05_CLV,cav,not_applicable,7563.001281086352,0.0,29.999466214020273,0.00022241082488534404,lane_2,mainline,,normal,none,commit
BASIC-05,basic_long_dt_900,240,24.00000000000007,B05_CFV,cav,not_applicable,7520.700702532499,0.0,29.983007512827506,0.07890061340082666,lane_2,mainline,,normal,none,commit
BASIC-05,basic_long_dt_900,240,24.00000000000007,B05_TLV_CLV,cav,not_applicable,7556.622134412961,3.5,29.999110661264258,0.00037055780655919084,lane_1,mainline,,normal,none,commit
BASIC-05,basic_long_dt_900,241,24.100000000000072,B05_MV,cav,not_applicable,7242.146909495932,-0.12621861072250384,0.9436216733712969,4.0,on_ramp,on_ramp_mv,,normal,executing,commit
BASIC-05,basic_long_dt_900,241,24.100000000000072,B05_CLV,cav,not_applicable,7566.001229842897,0.0,29.99948756545946,0.0002135143918906124,lane_2,mainline,,normal,none,commit
BASIC-05,basic_long_dt_900,241,24.100000000000072,B05_CFV,cav,not_applicable,7523.706921561528,0.0,30.062190290287575,0.7918277746006763,lane_2,mainline,,normal,none,commit
BASIC-05,basic_long_dt_900,241,24.100000000000072,B05_TLV_CLV,cav,not_applicable,7559.622049036442,3.5,29.999146234813686,0.0003557354942969937,lane_1,mainline,,normal,none,commit
BASIC-05,basic_long_dt_900,242,24.200000000000074,B05_MV,cav,not_applicable,7242.239015976028,-0.1243371581155337,0.9210648009633389,4.0,on_ramp,on_ramp_mv,,normal,executing,commit
BASIC-05,basic_long_dt_900,242,24.200000000000074,B05_CLV,cav,not_applicable,7569.001180649181,0.0,29.999508062841084,0.00020497381621567003,lane_2,mainline,,normal,none,commit
BASIC-05,basic_long_dt_900,242,24.200000000000074,B05_CFV,cav,not_applicable,7526.708710090531,0.0,30.01788529002763,-0.4430500025994466,lane_2,mainline,,normal,none,commit
BASIC-05,basic_long_dt_900,242,24.200000000000074,B05_TLV_CLV,cav,not_applicable,7562.621967074984,3.5,29.999180385421138,0.00034150607452545503,lane_1,mainline,,normal,none,commit
BASIC-05,basic_long_dt_900,243,24.300000000000075,B05_MV,cav,not_applicable,7242.328920690122,-0.12251380816133084,0.8990471409401886,4.0,on_ramp,on_ramp_mv,,normal,executing,commit
BASIC-05,basic_long_dt_900,243,24.300000000000075,B05_CLV,cav,not_applicable,7572.001133423214,0.0,29.99952774032744,0.00019677486356641796,lane_2,mainline,,normal,none,commit
BASIC-05,basic_long_dt_900,243,24.300000000000075,B05_CFV,cav,not_applicable,7529.71414639224,0.0,30.054363017087674,0.36477727060045284,lane_2,mainline,,normal,none,commit
BASIC-05,basic_long_dt_900,243,24.300000000000075,B05_TLV_CLV,cav,not_applicable,7565.621888391985,3.5,29.999213170004293,0.0003278458315449484,lane_1,mainline,,normal,none,commit
BASIC-05,basic_long_dt_900,244,24.400000000000077,B05_MV,cav,not_applicable,7242.416676270488,-0.12074656586783838,0.877555803660403,4.0,on_ramp,on_ramp_mv,,normal,executing,commit
BASIC-05,basic_long_dt_900,244,24.400000000000077,B05_CLV,cav,not_applicable,7575.001088086286,0.0,29.99954663071434,0.00018890386902370437,lane_2,mainline,,normal,none,commit
BASIC-05,basic_long_dt_900,244,24.400000000000077,B05_CFV,cav,not_applicable,7532.711658144344,0.0,29.975117521045892,-0.7924549604178113,lane_2,mainline,,normal,none,commit
BASIC-05,basic_long_dt_900,244,24.400000000000077,B05_TLV_CLV,cav,not_applicable,7568.621812856305,3.5,29.999244643204122,0.00031473199828297994,lane_1,mainline,,normal,none,commit
BASIC-05,basic_long_dt_900,245,24.500000000000078,B05_MV,cav,not_applicable,7242.5023340912485,-0.1190335114876695,0.8565782076038891,4.0,on_ramp,on_ramp_mv,,normal,executing,commit
BASIC-05,basic_long_dt_900,245,24.500000000000078,B05_CLV,cav,not_applicable,7578.001044562834,0.0,29.99956476548577,0.00018134771426332464,lane_2,mainline,,normal,none,commit
BASIC-05,basic_long_dt_900,245,24.500000000000078,B05_CFV,cav,not_applicable,7535.709958901318,0.0,29.98300756973898,0.07890048693088181,lane_2,mainline,,normal,none,commit
BASIC-05,basic_long_dt_900,245,24.500000000000078,B05_TLV_CLV,cav,not_applicable,7571.621740342052,3.5,29.999274857475957,0.00030214271835120603,lane_1,mainline,,normal,none,commit
BASIC-05,basic_long_dt_900,246,24.60000000000008,B05_MV,cav,not_applicable,7242.585944298449,-0.11737279750135876,0.8361020720066783,4.0,on_ramp,on_ramp_mv,,normal,executing,commit
BASIC-05,basic_long_dt_900,246,24.60000000000008,B05_CLV,cav,not_applicable,7581.001002780321,0.0,29.999582174866337,0.00017409380569262113,lane_2,mainline,,normal,none,commit
BASIC-05,basic_long_dt_900,246,24.60000000000008,B05_CFV,cav,not_applicable,7538.716177935003,0.0,30.062190336851508,0.791827671125267,lane_2,mainline,,normal,none,commit
BASIC-05,basic_long_dt_900,246,24.60000000000008,B05_TLV_CLV,cav,not_applicable,7574.62167072837,3.5,29.99930386317692,0.0002900570096173283,lane_1,mainline,,normal,none,commit
BASIC-05,basic_long_dt_900,247,24.70000000000008,B05_MV,cav,not_applicable,7242.667555839416,-0.11576264572365691,0.8161154096709324,4.0,on_ramp,on_ramp_mv,,normal,executing,commit
BASIC-05,basic_long_dt_900,247,24.70000000000008,B05_CLV,cav,not_applicable,7584.000962669108,0.0,29.999598887871684,0.0001671300534653142,lane_2,mainline,,normal,none,commit
BASIC-05,basic_long_dt_900,247,24.70000000000008,B05_CFV,cav,not_applicable,7541.717966467815,0.0,30.017885328125395,-0.44305008726114514,lane_2,mainline,,normal,none,commit
BASIC-05,basic_long_dt_900,247,24.70000000000008,B05_TLV_CLV,cav,not_applicable,7577.621603899235,3.5,29.999331708649844,0.0002784547292321804,lane_1,mainline,,normal,none,commit
BASIC-05,basic_long_dt_900,248,24.800000000000082,B05_MV,cav,not_applicable,7242.747216491411,-0.1142013445280452,0.7966065199477932,4.0,on_ramp,on_ramp_mv,,normal,executing,commit
BASIC-05,basic_long_dt_900,248,24.800000000000082,B05_CLV,cav,not_applicable,7587.000924162344,0.0,29.999614932356817,0.00016044485132624687,lane_2,mainline,,normal,none,commit
BASIC-05,basic_long_dt_900,248,24.800000000000082,B05_CFV,cav,not_applicable,7544.723402772641,0.0,30.054363048258573,0.36477720133179037,lane_2,mainline,,normal,none,commit
BASIC-05,basic_long_dt_900,248,24.800000000000082,B05_TLV_CLV,cav,not_applicable,7580.621539743265,3.5,29.99935844030385,0.00026731654006226794,lane_1,mainline,,normal,none,commit
BASIC-05,basic_long_dt_900,249,24.900000000000084,B05_MV,cav,not_applicable,7242.8249728896,-0.11268724618481718,0.7775639818874187,4.0,on_ramp,on_ramp_mv,,normal,executing,commit
BASIC-05,basic_long_dt_900,249,24.900000000000084,B05_CLV,cav,not_applicable,7590.00088719585,0.0,29.999630335062545,0.00015402705727325384,lane_2,mainline,,normal,none,commit
BASIC-05,basic_long_dt_900,249,24.900000000000084,B05_CFV,cav,not_applicable,7547.7209145272955,0.0,29.975117546549356,-0.7924550170921715,lane_2,mainline,,normal,none,commit
BASIC-05,basic_long_dt_900,249,24.900000000000084,B05_TLV_CLV,cav,not_applicable,7583.621478153535,3.5,29.999384102691696,0.0002566238784595498,lane_1,mainline,,normal,none,commit
BASIC-05,basic_long_dt_900,250,25.000000000000085,B05_MV,cav,not_applicable,7242.900870554355,-0.1112187643082363,0.7589766475525143,4.0,on_ramp,on_ramp_mv,,normal,executing,commit
BASIC-05,basic_long_dt_900,250,25.000000000000085,B05_CLV,cav,not_applicable,7593.000851708016,0.0,29.99964512166004,0.00014786597498215315,lane_2,mainline,,normal,none,commit
BASIC-05,basic_long_dt_900,250,25.000000000000085,B05_CFV,cav,not_applicable,7550.719215286356,0.0,29.98300759060545,0.07890044056095069,lane_2,mainline,,normal,none,commit
BASIC-05,basic_long_dt_900,250,25.000000000000085,B05_TLV_CLV,cav,not_applicable,7586.621419027393,3.5,29.999408738584027,0.00024635892332156576,lane_1,mainline,,normal,none,commit
BASIC-05,basic_long_dt_900,251,25.100000000000087,B05_MV,cav,not_applicable,7242.974953917904,-0.10979437140841686,0.7408336354931813,4.0,on_ramp,on_ramp_mv,,normal,executing,commit
BASIC-05,basic_long_dt_900,251,25.100000000000087,B05_CLV,cav,not_applicable,7596.000817639695,0.0,29.99965931679364,0.0001419513359834923,lane_2,mainline,,normal,none,commit
BASIC-05,basic_long_dt_900,251,25.100000000000087,B05_CFV,cav,not_applicable,7553.725434321749,0.0,30.062190353924073,0.7918276331862324,lane_2,mainline,,normal,none,commit
BASIC-05,basic_long_dt_900,251,25.100000000000087,B05_TLV_CLV,cav,not_applicable,7589.621362266297,3.5,29.999432389040667,0.00023650456638932838,lane_1,mainline,,normal,none,commit
BASIC-05,basic_long_dt_900,252,25.200000000000088,B05_MV,cav,not_applicable,7243.0472663503415,-0.10841259654375435,0.7231243243752585,4.0,on_ramp,on_ramp_mv,,normal,executing,commit
BASIC-05,basic_long_dt_900,252,25.200000000000088,B05_CLV,cav,not_applicable,7599.000784934107,0.0,29.999672944121894,0.0001362732825441526,lane_2,mainline,,normal,none,commit
BASIC-05,basic_long_dt_900,252,25.200000000000088,B05_CFV,cav,not_applicable,7556.727222855959,0.0,30.017885342093855,-0.44305011830217345,lane_2,mainline,,normal,none,commit
BASIC-05,basic_long_dt_900,252,25.200000000000088,B05_TLV_CLV,cav,not_applicable,7592.621307775645,3.5,29.99945509347904,0.00022704438373324367,lane_1,mainline,,normal,none,commit
BASIC-05,basic_long_dt_900,253,25.30000000000009,B05_MV,cav,not_applicable,7243.117850185018,-0.10707202306984875,0.7058383467632425,4.0,on_ramp,on_ramp_mv,,normal,executing,commit
BASIC-05,basic_long_dt_900,253,25.30000000000009,B05_CLV,cav,not_applicable,7602.000753536743,0.0,29.99968602635702,0.00013082235124244336,lane_2,mainline,,normal,none,commit
BASIC-05,basic_long_dt_900,253,25.30000000000009,B05_CFV,cav,not_applicable,7559.732659161928,0.0,30.054363059687315,0.3647771759345854,lane_2,mainline,,normal,none,commit
BASIC-05,basic_long_dt_900,253,25.30000000000009,B05_TLV_CLV,cav,not_applicable,7595.621255464619,3.5,29.999476889739878,0.0002179626083844255,lane_1,mainline,,normal,none,commit
BASIC-05,basic_long_dt_900,254,25.40000000000009,B05_MV,cav,not_applicable,7243.186746743323,-0.10577128648103828,0.6889655830508293,4.0,on_ramp,on_ramp_mv,,normal,executing,commit
BASIC-05,basic_long_dt_900,254,25.40000000000009,B05_CLV,cav,not_applicable,7605.000723395274,0.0,29.99969858530274,0.00012558945719263193,lane_2,mainline,,normal,none,commit
BASIC-05,basic_long_dt_900,254,25.40000000000009,B05_CFV,cav,not_applicable,7562.730170917517,0.0,29.975117555900145,-0.7924550378717028,lane_2,mainline,,normal,none,commit
BASIC-05,basic_long_dt_900,254,25.40000000000009,B05_TLV_CLV,cav,not_applicable,7598.621205246034,3.5,29.99949781415028,0.00020924410404887794,lane_1,mainline,,normal,none,commit
BASIC-05,basic_long_dt_900,255,25.500000000000092,B05_MV,cav,not_applicable,7243.253996358877,-0.104509072340782,0.6724961555366876,4.0,on_ramp,on_ramp_mv,,normal,executing,commit
BASIC-05,basic_long_dt_900,255,25.500000000000092,B05_CLV,cav,not_applicable,7608.0006944594625,0.0,29.99971064189063,0.00012056587890469929,lane_2,mainline,,normal,none,commit
BASIC-05,basic_long_dt_900,255,25.500000000000092,B05_CFV,cav,not_applicable,7565.728471677343,0.0,29.983007598256098,0.07890042355951599,lane_2,mainline,,normal,none,commit
BASIC-05,basic_long_dt_900,255,25.500000000000092,B05_TLV_CLV,cav,not_applicable,7601.621157036193,3.5,29.99951790158427,0.00020087433988749128,lane_1,mainline,,normal,none,commit
BASIC-05,basic_long_dt_900,256,25.600000000000094,B05_MV,cav,not_applicable,7243.319638401141,-0.10328411429728623,0.6564204226413309,4.0,on_ramp,on_ramp_mv,,normal,executing,commit
BASIC-05,basic_long_dt_900,256,25.600000000000094,B05_CLV,cav,not_applicable,7611.000666681084,0.0,29.999722216215005,0.00011574324374805656,lane_2,mainline,,normal,none,commit
BASIC-05,basic_long_dt_900,256,25.600000000000094,B05_CFV,cav,not_applicable,7568.7346907133615,0.0,30.062190360183696,0.7918276192759677,lane_2,mainline,,normal,none,commit
BASIC-05,basic_long_dt_900,256,25.600000000000094,B05_TLV_CLV,cav,not_applicable,7604.621110754745,3.5,29.9995371855209,0.00019283936629221898,lane_1,mainline,,normal,none,commit
BASIC-05,basic_long_dt_900,257,25.700000000000095,B05_MV,cav,not_applicable,7243.3837112984675,-0.10209519218088614,0.6407289732635673,4.0,on_ramp,on_ramp_mv,,normal,executing,commit
BASIC-05,basic_long_dt_900,257,25.700000000000095,B05_CLV,cav,not_applicable,7614.000640013841,0.0,29.999733327566403,0.00011111351399790693,lane_2,mainline,,normal,none,commit
BASIC-05,basic_long_dt_900,257,25.700000000000095,B05_CFV,cav,not_applicable,7571.736479248083,0.0,30.017885347215365,-0.44305012968329915,lane_2,mainline,,normal,none,commit
BASIC-05,basic_long_dt_900,257,25.700000000000095,B05_TLV_CLV,cav,not_applicable,7607.621066324555,3.5,29.999555698100064,0.0001851257916399618,lane_1,mainline,,normal,none,commit
BASIC-05,basic_long_dt_900,258,25.800000000000097,B05_MV,cav,not_applicable,7243.446252560594,-0.10094113017984663,0.6254126212700049,4.0,on_ramp,on_ramp_mv,,normal,executing,commit
BASIC-05,basic_long_dt_900,258,25.800000000000097,B05_CLV,cav,not_applicable,7617.000614413288,0.0,29.999743994463746,0.00010666897343867277,lane_2,mainline,,normal,none,commit
BASIC-05,basic_long_dt_900,258,25.800000000000097,B05_CFV,cav,not_applicable,7574.74191555447,0.0,30.05436306387764,0.3647771666227553,lane_2,mainline,,normal,none,commit
BASIC-05,basic_long_dt_900,258,25.800000000000097,B05_TLV_CLV,cav,not_applicable,7610.621023671572,3.5,29.99957347017606,0.00017772075997442017,lane_1,mainline,,normal,none,commit
BASIC-05,basic_long_dt_900,259,25.900000000000098,B05_MV,cav,not_applicable,7243.507298800606,-0.099820795091345,0.6104624001184824,4.0,on_ramp,on_ramp_mv,,normal,executing,commit
BASIC-05,basic_long_dt_900,259,25.900000000000098,B05_CLV,cav,not_applicable,7620.000589836756,0.0,29.999754234685195,0.00010240221450175113,lane_2,mainline,,normal,none,commit
BASIC-05,basic_long_dt_900,259,25.900000000000098,B05_CFV,cav,not_applicable,7577.739427310403,0.0,29.975117559328595,-0.7924550454904729,lane_2,mainline,,normal,none,commit
BASIC-05,basic_long_dt_900,259,25.900000000000098,B05_TLV_CLV,cav,not_applicable,7613.620982724709,3.5,29.999590531369016,0.00017061192957612548,lane_1,mainline,,normal,none,commit
BASIC-05,basic_long_dt_900,260,26.0000000000001,B05_MV,cav,not_applicable,7243.566885756367,-0.09873309464455993,0.5958695576075983,4.0,on_ramp,on_ramp_mv,,normal,executing,commit
BASIC-05,basic_long_dt_900,260,26.0000000000001,B05_CLV,cav,not_applicable,7623.000566243286,0.0,29.999764065297786,9.830612592196531e-05,lane_2,mainline,,normal,none,commit
BASIC-05,basic_long_dt_900,260,26.0000000000001,B05_CFV,cav,not_applicable,7580.737728070509,0.0,29.983007601061193,0.07890041732597686,lane_2,mainline,,normal,none,commit
BASIC-05,basic_long_dt_900,260,26.0000000000001,B05_TLV_CLV,cav,not_applicable,7616.620943415721,3.5,29.999606910114256,0.0001637874523936489,lane_1,mainline,,normal,none,commit
BASIC-05,basic_long_dt_900,261,26.1000000000001,B05_MV,cav,not_applicable,7243.625048311443,-0.09767697589287305,0.5816255507538589,4.0,on_ramp,on_ramp_mv,,normal,executing,commit
BASIC-05,basic_long_dt_900,261,26.1000000000001,B05_CLV,cav,not_applicable,7626.0005435935545,0.0,29.999773502685873,9.437388088571197e-05,lane_2,mainline,,normal,none,commit
BASIC-05,basic_long_dt_900,261,26.1000000000001,B05_CFV,cav,not_applicable,7583.743947106756,0.0,30.062190362478773,0.7918276141757993,lane_2,mainline,,normal,none,commit
BASIC-05,basic_long_dt_900,261,26.1000000000001,B05_TLV_CLV,cav,not_applicable,7619.620905679092,3.5,29.999622633709684,0.00015723595429761872,lane_1,mainline,,normal,none,commit
BASIC-05,basic_long_dt_900,262,26.200000000000102,B05_MV,cav,not_applicable,7243.681820515521,-0.09665142367232482,0.5677220407901431,4.0,on_ramp,on_ramp_mv,,normal,executing,commit
BASIC-05,basic_long_dt_900,262,26.200000000000102,B05_CLV,cav,not_applicable,7629.000521849813,0.0,29.99978256257844,9.059892565090878e-05,lane_2,mainline,,normal,none,commit
BASIC-05,basic_long_dt_900,262,26.200000000000102,B05_CFV,cav,not_applicable,7586.745735641665,0.0,30.017885349093156,-0.4430501338561642,lane_2,mainline,,normal,none,commit
BASIC-05,basic_long_dt_900,262,26.200000000000102,B05_TLV_CLV,cav,not_applicable,7622.620869451928,3.5,29.999637728361296,0.00015094651612628242,lane_1,mainline,,normal,none,commit
BASIC-05,basic_long_dt_900,263,26.300000000000104,B05_MV,cav,not_applicable,7243.73723560435,-0.09565545912359319,0.5541508882841771,4.0,on_ramp,on_ramp_mv,,normal,executing,commit
BASIC-05,basic_long_dt_900,263,26.300000000000104,B05_CLV,cav,not_applicable,7632.000500975821,0.0,29.999791260075302,8.697496862453136e-05,lane_2,mainline,,normal,none,commit
BASIC-05,basic_long_dt_900,263,26.300000000000104,B05_CFV,cav,not_applicable,7589.751171948206,0.0,30.054363065414016,0.364777163208593,lane_2,mainline,,normal,none,commit
BASIC-05,basic_long_dt_900,263,26.300000000000104,B05_TLV_CLV,cav,not_applicable,7625.620834673851,3.5,29.999652219226846,0.00014490865548140165,lane_1,mainline,,normal,none,commit
BASIC-05,basic_long_dt_900,264,26.400000000000105,B05_MV,cav,not_applicable,7243.791326019187,-0.09468813827482547,0.5409041483728892,4.0,on_ramp,on_ramp_mv,,normal,executing,commit
BASIC-05,basic_long_dt_900,264,26.400000000000105,B05_CLV,cav,not_applicable,7635.000480936787,0.0,29.99979960967229,8.349596987926589e-05,lane_2,mainline,,normal,none,commit
BASIC-05,basic_long_dt_900,264,26.400000000000105,B05_CFV,cav,not_applicable,7592.748683704265,0.0,29.975117560585627,-0.7924550482838784,lane_2,mainline,,normal,none,commit
BASIC-05,basic_long_dt_900,264,26.400000000000105,B05_TLV_CLV,cav,not_applicable,7628.620801286897,3.5,29.999666130457772,0.00013911230926169082,lane_1,mainline,,normal,none,commit
BASIC-05,basic_long_dt_900,265,26.500000000000107,B05_MV,cav,not_applicable,7243.844123425798,-0.09374855068282084,0.5279740661119929,4.0,on_ramp,on_ramp_mv,,normal,executing,commit
BASIC-05,basic_long_dt_900,265,26.500000000000107,B05_CLV,cav,not_applicable,7638.000461699316,0.0,29.9998076252854,8.015613108369735e-05,lane_2,mainline,,normal,none,commit
BASIC-05,basic_long_dt_900,265,26.500000000000107,B05_CFV,cav,not_applicable,7595.746984464474,0.0,29.983007602089675,0.07890041504046319,lane_2,mainline,,normal,none,commit
BASIC-05,basic_long_dt_900,265,26.500000000000107,B05_TLV_CLV,cav,not_applicable,7631.620769235421,3.5,29.99967948523946,0.00013354781689116637,lane_1,mainline,,normal,none,commit
BASIC-05,basic_long_dt_900,266,26.600000000000108,B05_MV,cav,not_applicable,7243.895658732991,-0.092835818130105,0.5153530719360134,4.0,on_ramp,on_ramp_mv,,normal,executing,commit
BASIC-05,basic_long_dt_900,266,26.600000000000108,B05_CLV,cav,not_applicable,7641.000443231343,0.0,29.99981532027398,7.694988584034946e-05,lane_2,mainline,,normal,none,commit
BASIC-05,basic_long_dt_900,266,26.600000000000108,B05_CFV,cav,not_applicable,7598.753203500806,0.0,30.06219036332026,0.7918276123058335,lane_2,mainline,,normal,none,commit
BASIC-05,basic_long_dt_900,266,26.600000000000108,B05_TLV_CLV,cav,not_applicable,7634.620738466004,3.5,29.999692305829882,0.00012820590421540602,lane_1,mainline,,normal,none,commit
BASIC-05,basic_long_dt_900,267,26.70000000000011,B05_MV,cav,not_applicable,7243.9459621107135,-0.0919490933755771,0.5030337772263687,4.0,on_ramp,on_ramp_mv,,normal,executing,commit
BASIC-05,basic_long_dt_900,267,26.70000000000011,B05_CLV,cav,not_applicable,7644.000425502089,0.0,29.99982270746302,7.38718904074176e-05,lane_2,mainline,,normal,none,commit
BASIC-05,basic_long_dt_900,267,26.70000000000011,B05_CFV,cav,not_applicable,7601.754992035784,0.0,30.017885349781643,-0.44305013538613613,lane_2,mainline,,normal,none,commit
BASIC-05,basic_long_dt_900,267,26.70000000000011,B05_TLV_CLV,cav,not_applicable,7637.620708927363,3.5,29.999704613596688,0.00012307766804724453,lane_1,mainline,,normal,none,commit
BASIC-05,basic_long_dt_900,268,26.80000000000011,B05_MV,cav,not_applicable,7243.995063007712,-0.09108755895648235,0.49100896998641597,4.0,on_ramp,on_ramp_mv,,normal,executing,commit
BASIC-05,basic_long_dt_900,268,26.80000000000011,B05_CLV,cav,not_applicable,7647.000408482005,0.0,29.9998297991645,7.09170147914051e-05,lane_2,mainline,,normal,none,commit
BASIC-05,basic_long_dt_900,268,26.80000000000011,B05_CFV,cav,not_applicable,7604.760428342382,0.0,30.054363065977324,0.36477716195679777,lane_2,mainline,,normal,none,commit
BASIC-05,basic_long_dt_900,268,26.80000000000011,B05_TLV_CLV,cav,not_applicable,7640.620680570269,3.5,29.99971642905282,0.00011815456132495683,lane_1,mainline,,normal,none,commit
BASIC-05,basic_long_dt_900,269,26.900000000000112,B05_MV,cav,not_applicable,7244.042990168774,-0.09025042603956113,0.4792716106191162,4.0,on_ramp,on_ramp_mv,,normal,executing,commit
BASIC-05,basic_long_dt_900,269,26.900000000000112,B05_CLV,cav,not_applicable,7650.000392142724,0.0,29.99983660719792,6.808033419929416e-05,lane_2,mainline,,normal,none,commit
BASIC-05,basic_long_dt_900,269,26.900000000000112,B05_CFV,cav,not_applicable,7607.757940098486,0.0,29.975117561046517,-0.7924550493080744,lane_2,mainline,,normal,none,commit
BASIC-05,basic_long_dt_900,269,26.900000000000112,B05_TLV_CLV,cav,not_applicable,7643.620653347458,3.5,29.999727771890708,0.00011342837887156066,lane_1,mainline,,normal,none,commit
BASIC-05,basic_long_dt_900,270,27.000000000000114,B05_MV,cav,not_applicable,7244.089771651555,-0.0894369333193139,0.467814827806012,4.0,on_ramp,on_ramp_mv,,normal,executing,commit
BASIC-05,basic_long_dt_900,270,27.000000000000114,B05_CLV,cav,not_applicable,7653.000376457016,0.0,29.999843142910002,6.535712083177714e-05,lane_2,mainline,,normal,none,commit
BASIC-05,basic_long_dt_900,270,27.000000000000114,B05_CFV,cav,not_applicable,7610.756240858733,0.0,29.983007602466767,0.07890041420248461,lane_2,mainline,,normal,none,commit
BASIC-05,basic_long_dt_900,270,27.000000000000114,B05_TLV_CLV,cav,not_applicable,7646.62062721356,3.5,29.99973866101508,0.00010889124371686876,lane_1,mainline,,normal,none,commit
BASIC-05,basic_long_dt_900,271,27.100000000000115,B05_MV,cav,not_applicable,7244.135434843003,-0.0886463459614002,0.4566319144846928,4.0,on_ramp,on_ramp_mv,,normal,executing,commit
BASIC-05,basic_long_dt_900,271,27.100000000000115,B05_CLV,cav,not_applicable,7656.000361398735,0.0,29.9998494171936,6.27428359990745e-05,lane_2,mainline,,normal,none,commit
BASIC-05,basic_long_dt_900,271,27.100000000000115,B05_CFV,cav,not_applicable,7613.762459895096,0.0,30.062190363628787,0.7918276116202148,lane_2,mainline,,normal,none,commit
BASIC-05,basic_long_dt_900,271,27.100000000000115,B05_TLV_CLV,cav,not_applicable,7649.620602125017,3.5,29.999749114574477,0.00010453559396808033,lane_1,mainline,,normal,none,commit
BASIC-05,basic_long_dt_900,272,27.200000000000117,B05_MV,cav,not_applicable,7244.180006475395,-0.0878779545892856,0.4457163239221379,4.0,on_ramp,on_ramp_mv,,normal,executing,commit
BASIC-05,basic_long_dt_900,272,27.200000000000117,B05_CLV,cav,not_applicable,7659.000346942786,0.0,29.999855440505858,6.023312255933888e-05,lane_2,mainline,,normal,none,commit
BASIC-05,basic_long_dt_900,272,27.200000000000117,B05_CFV,cav,not_applicable,7616.7642484300995,0.0,30.017885350034078,-0.44305013594709697,lane_2,mainline,,normal,none,commit
BASIC-05,basic_long_dt_900,272,27.200000000000117,B05_TLV_CLV,cav,not_applicable,7652.620578040017,3.5,29.999759149991498,0.00010035417020901605,lane_1,mainline,,normal,none,commit
BASIC-05,basic_long_dt_900,273,27.300000000000118,B05_MV,cav,not_applicable,7244.223512641984,-0.08713107431230549,0.4350616658821987,4.0,on_ramp,on_ramp_mv,,normal,executing,commit
BASIC-05,basic_long_dt_900,273,27.300000000000118,B05_CLV,cav,not_applicable,7662.000333065074,0.0,29.999861222885624,5.7823797656908486e-05,lane_2,mainline,,normal,none,commit
BASIC-05,basic_long_dt_900,273,27.300000000000118,B05_CFV,cav,not_applicable,7619.769684736718,0.0,30.05436306618386,0.3647771614978298,lane_2,mainline,,normal,none,commit
BASIC-05,basic_long_dt_900,273,27.300000000000118,B05_TLV_CLV,cav,not_applicable,7655.620554918416,3.5,29.999768783991836,9.634000340099647e-05,lane_1,mainline,,normal,none,commit
BASIC-05,basic_long_dt_900,274,27.40000000000012,B05_MV,cav,not_applicable,7244.265978812272,-0.08640504379341607,0.42466170288439337,4.0,on_ramp,on_ramp_mv,,normal,executing,commit
BASIC-05,basic_long_dt_900,274,27.40000000000012,B05_CLV,cav,not_applicable,7665.000319742471,0.0,29.999866773970197,5.551084575046162e-05,lane_2,mainline,,normal,none,commit
BASIC-05,basic_long_dt_900,274,27.40000000000012,B05_CFV,cav,not_applicable,7622.7671964928395,0.0,29.9751175612155,-0.7924550496835938,lane_2,mainline,,normal,none,commit
BASIC-05,basic_long_dt_900,274,27.40000000000012,B05_TLV_CLV,cav,not_applicable,7658.620532721679,3.5,29.999778032632165,9.24864032654682e-05,lane_1,mainline,,normal,none,commit
BASIC-05,basic_long_dt_900,275,27.50000000000012,B05_MV,cav,not_applicable,7244.307429846927,-0.08569922435495059,0.414510346552927,4.0,on_ramp,on_ramp_mv,,normal,executing,commit
BASIC-05,basic_long_dt_900,275,27.50000000000012,B05_CLV,cav,not_applicable,7668.000306952772,0.0,29.999872103011388,5.3290411921125275e-05,lane_2,mainline,,normal,none,commit
BASIC-05,basic_long_dt_900,275,27.50000000000012,B05_CFV,cav,not_applicable,7625.7654972531,0.0,29.983007602605024,0.0789004138952415,lane_2,mainline,,normal,none,commit
BASIC-05,basic_long_dt_900,275,27.50000000000012,B05_TLV_CLV,cav,not_applicable,7661.620511412812,3.5,29.99978691132688,8.878694713416736e-05,lane_1,mainline,,normal,none,commit
BASIC-05,basic_long_dt_900,276,27.600000000000122,B05_MV,cav,not_applicable,7244.347890012333,-0.08501299912079308,0.4046016540515888,4.0,on_ramp,on_ramp_mv,,normal,executing,commit
BASIC-05,basic_long_dt_900,276,27.600000000000122,B05_CLV,cav,not_applicable,7671.000294674661,0.0,29.999877218890934,5.115879544490554e-05,lane_2,mainline,,normal,none,commit
BASIC-05,basic_long_dt_900,276,27.600000000000122,B05_CFV,cav,not_applicable,7628.771716289474,0.0,30.06219036374191,0.791827611368834,lane_2,mainline,,normal,none,commit
BASIC-05,basic_long_dt_900,276,27.600000000000122,B05_TLV_CLV,cav,not_applicable,7664.6204909563,3.5,29.999795434873803,8.523546924834592e-05,lane_1,mainline,,normal,none,commit
BASIC-05,basic_long_dt_900,277,27.700000000000124,B05_MV,cav,not_applicable,7244.387382994793,-0.08434577219342332,0.3949298246053968,4.0,on_ramp,on_ramp_mv,,normal,executing,commit
BASIC-05,basic_long_dt_900,277,27.700000000000124,B05_CLV,cav,not_applicable,7674.000282887674,0.0,29.999882130135298,4.9112443626597724e-05,lane_2,mainline,,normal,none,commit
BASIC-05,basic_long_dt_900,277,27.700000000000124,B05_CFV,cav,not_applicable,7631.773504824487,0.0,30.017885350126633,-0.4430501361527722,lane_2,mainline,,normal,none,commit
BASIC-05,basic_long_dt_900,277,27.700000000000124,B05_TLV_CLV,cav,not_applicable,7667.620471318048,3.5,29.99980361747885,8.182605047863946e-05,lane_1,mainline,,normal,none,commit
BASIC-05,basic_long_dt_900,278,27.800000000000125,B05_MV,cav,not_applicable,7244.425931914404,-0.08369696786437597,0.38548919610442306,4.0,on_ramp,on_ramp_mv,,normal,executing,commit
BASIC-05,basic_long_dt_900,278,27.800000000000125,B05_CLV,cav,not_applicable,7677.000271572167,0.0,29.999886844929886,4.7147945880965385e-05,lane_2,mainline,,normal,none,commit
BASIC-05,basic_long_dt_900,278,27.800000000000125,B05_CFV,cav,not_applicable,7634.778941131112,0.0,30.054363066259587,0.36477716132955007,lane_2,mainline,,normal,none,commit
BASIC-05,basic_long_dt_900,278,27.800000000000125,B05_TLV_CLV,cav,not_applicable,7670.620452465326,3.5,29.999811472779697,7.855300845989178e-05,lane_1,mainline,,normal,none,commit
BASIC-05,basic_long_dt_900,279,27.900000000000126,B05_MV,cav,not_applicable,7244.463559338583,-0.08306602985669498,0.37627424178893126,4.0,on_ramp,on_ramp_mv,,normal,executing,commit
BASIC-05,basic_long_dt_900,279,27.900000000000126,B05_CLV,cav,not_applicable,7680.00026070928,0.0,29.99989137113269,4.5262028045556235e-05,lane_2,mainline,,normal,none,commit
BASIC-05,basic_long_dt_900,279,27.900000000000126,B05_CFV,cav,not_applicable,7637.77645288724,0.0,29.975117561277457,-0.7924550498212772,lane_2,mainline,,normal,none,commit
BASIC-05,basic_long_dt_900,279,27.900000000000126,B05_TLV_CLV,cav,not_applicable,7673.620434366712,3.5,29.99981901386851,7.541088812104136e-05,lane_1,mainline,,normal,none,commit
BASIC-05,basic_long_dt_900,280,28.000000000000128,B05_MV,cav,not_applicable,7244.500287295285,-0.08245242059804392,0.36727956701408626,4.0,on_ramp,on_ramp_mv,,normal,executing,commit
BASIC-05,basic_long_dt_900,280,28.000000000000128,B05_CLV,cav,not_applicable,7683.000250280909,0.0,29.999895716287384,4.345154692373399e-05,lane_2,mainline,,normal,none,commit
BASIC-05,basic_long_dt_900,280,28.000000000000128,B05_CFV,cav,not_applicable,7640.774753647506,0.0,29.983007602655718,0.07890041378259138,lane_2,mainline,,normal,none,commit
BASIC-05,basic_long_dt_900,280,28.000000000000128,B05_TLV_CLV,cav,not_applicable,7676.620416992044,3.5,29.99982625331377,7.239445259585864e-05,lane_1,mainline,,normal,none,commit
BASIC-05,basic_long_dt_900,281,28.10000000000013,B05_MV,cav,not_applicable,7244.536137285893,-0.08185562052317907,0.35849990609162696,4.0,on_ramp,on_ramp_mv,,normal,executing,commit
BASIC-05,basic_long_dt_900,281,28.10000000000013,B05_CLV,cav,not_applicable,7686.000240269673,0.0,29.999899887635888,4.171348504655725e-05,lane_2,mainline,,normal,none,commit
BASIC-05,basic_long_dt_900,281,28.10000000000013,B05_CFV,cav,not_applicable,7643.780972683885,0.0,30.062190363783383,0.7918276112766657,lane_2,mainline,,normal,none,commit
BASIC-05,basic_long_dt_900,281,28.10000000000013,B05_TLV_CLV,cav,not_applicable,7679.620400312362,3.5,29.99983320318122,6.949867449179692e-05,lane_1,mainline,,normal,none,commit
BASIC-05,basic_long_dt_900,282,28.20000000000013,B05_MV,cav,not_applicable,7244.571130297814,-0.08127512740454268,0.34993011920763334,4.0,on_ramp,on_ramp_mv,,normal,executing,commit
BASIC-05,basic_long_dt_900,282,28.20000000000013,B05_CLV,cav,not_applicable,7689.000230658886,0.0,29.99990389213045,4.0044945644979184e-05,lane_2,mainline,,normal,none,commit
BASIC-05,basic_long_dt_900,282,28.20000000000013,B05_CFV,cav,not_applicable,7646.782761218901,0.0,30.017885350160565,-0.44305013622818257,lane_2,mainline,,normal,none,commit
BASIC-05,basic_long_dt_900,282,28.20000000000013,B05_TLV_CLV,cav,not_applicable,7682.6203842998675,3.5,29.99983987505397,6.671872751269347e-05,lane_1,mainline,,normal,none,commit
BASIC-05,basic_long_dt_900,283,28.300000000000132,B05_MV,cav,not_applicable,7244.605286816755,-0.0807104557098004,0.3415651894126911,4.0,on_ramp,on_ramp_mv,,normal,executing,commit
BASIC-05,basic_long_dt_900,283,28.300000000000132,B05_CLV,cav,not_applicable,7692.00022143253,0.0,29.999907736445234,3.844314781957792e-05,lane_2,mainline,,normal,none,commit
BASIC-05,basic_long_dt_900,283,28.300000000000132,B05_CFV,cav,not_applicable,7649.7881975255295,0.0,30.05436306628735,0.36477716126785065,lane_2,mainline,,normal,none,commit
BASIC-05,basic_long_dt_900,283,28.300000000000132,B05_TLV_CLV,cav,not_applicable,7685.620368927873,3.5,29.99984628005181,6.404997841258364e-05,lane_1,mainline,,normal,none,commit
BASIC-05,basic_long_dt_900,284,28.400000000000134,B05_MV,cav,not_applicable,7244.638626838724,-0.08016113598518437,0.33340021968597583,4.0,on_ramp,on_ramp_mv,,normal,executing,commit
BASIC-05,basic_long_dt_900,284,28.400000000000134,B05_CLV,cav,not_applicable,7695.000212575229,0.0,29.999911426987424,3.69054219063969e-05,lane_2,mainline,,normal,none,commit
BASIC-05,basic_long_dt_900,284,28.400000000000134,B05_CFV,cav,not_applicable,7652.785709281659,0.0,29.975117561300173,-0.7924550498717585,lane_2,mainline,,normal,none,commit
BASIC-05,basic_long_dt_900,284,28.400000000000134,B05_TLV_CLV,cav,not_applicable,7688.620354170757,3.5,29.999852428849735,6.148797927636451e-05,lane_1,mainline,,normal,none,commit
BASIC-05,basic_long_dt_900,285,28.500000000000135,B05_MV,cav,not_applicable,7244.671169881731,-0.07962671426355517,0.3254304300673871,4.0,on_ramp,on_ramp_mv,,normal,executing,commit
BASIC-05,basic_long_dt_900,285,28.500000000000135,B05_CLV,cav,not_applicable,7698.00020407222,0.0,29.999914969907927,3.54292050303684e-05,lane_2,mainline,,normal,none,commit
BASIC-05,basic_long_dt_900,285,28.500000000000135,B05_CFV,cav,not_applicable,7655.784010041927,0.0,29.983007602674302,0.07890041374128853,lane_2,mainline,,normal,none,commit
BASIC-05,basic_long_dt_900,285,28.500000000000135,B05_TLV_CLV,cav,not_applicable,7691.620340003927,3.5,29.999858331695744,5.9028460105992055e-05,lane_1,mainline,,normal,none,commit
BASIC-05,basic_long_dt_900,286,28.600000000000136,B05_MV,cav,not_applicable,7244.702934997217,-0.07910675149614743,0.31765115486012324,4.0,on_ramp,on_ramp_mv,,normal,executing,commit
BASIC-05,basic_long_dt_900,286,28.600000000000136,B05_CLV,cav,not_applicable,7701.0001959093315,0.0,29.999918371111608,3.401203682926734e-05,lane_2,mainline,,normal,none,commit
BASIC-05,basic_long_dt_900,286,28.600000000000136,B05_CFV,cav,not_applicable,7658.790229078307,0.0,30.06219036379859,0.7918276112428725,lane_2,mainline,,normal,none,commit
BASIC-05,basic_long_dt_900,286,28.600000000000136,B05_TLV_CLV,cav,not_applicable,7694.6203264037695,3.5,29.999863998427916,5.666732170226397e-05,lane_1,mainline,,normal,none,commit
BASIC-05,basic_long_dt_900,287,28.700000000000138,B05_MV,cav,not_applicable,7244.733940781207,-0.07860082300699789,0.31005783989847985,4.0,on_ramp,on_ramp_mv,,normal,executing,commit
BASIC-05,basic_long_dt_900,287,28.700000000000138,B05_CLV,cav,not_applicable,7704.000188072958,0.0,29.999921636267143,3.265155535672193e-05,lane_2,mainline,,normal,none,commit
BASIC-05,basic_long_dt_900,287,28.700000000000138,B05_CFV,cav,not_applicable,7661.792017613324,0.0,30.017885350173007,-0.44305013625583156,lane_2,mainline,,normal,none,commit
BASIC-05,basic_long_dt_900,287,28.700000000000138,B05_TLV_CLV,cav,not_applicable,7697.620313347618,3.5,29.999869438490798,5.440062883366181e-05,lane_1,mainline,,normal,none,commit
BASIC-05,basic_long_dt_900,288,28.80000000000014,B05_MV,cav,not_applicable,7244.764205385195,-0.07810851796910967,0.3026460398826105,4.0,on_ramp,on_ramp_mv,,normal,executing,commit
BASIC-05,basic_long_dt_900,288,28.80000000000014,B05_CLV,cav,not_applicable,7707.00018055004,0.0,29.999924770816456,3.134549314296464e-05,lane_2,mainline,,normal,none,commit
BASIC-05,basic_long_dt_900,288,28.80000000000014,B05_CFV,cav,not_applicable,7664.797453919954,0.0,30.05436306629753,0.36477716124522874,lane_2,mainline,,normal,none,commit
BASIC-05,basic_long_dt_900,288,28.80000000000014,B05_TLV_CLV,cav,not_applicable,7700.620300813714,3.5,29.999874660951164,5.222460368088378e-05,lane_1,mainline,,normal,none,commit
BASIC-05,basic_long_dt_900,289,28.90000000000014,B05_MV,cav,not_applicable,7244.793746526772,-0.07762943890142981,0.29541141577524943,4.0,on_ramp,on_ramp_mv,,normal,executing,commit
BASIC-05,basic_long_dt_900,289,28.90000000000014,B05_CLV,cav,not_applicable,7710.000173328038,0.0,29.999927779983796,3.009167341758712e-05,lane_2,mainline,,normal,none,commit
BASIC-05,basic_long_dt_900,289,28.90000000000014,B05_CFV,cav,not_applicable,7667.794965676085,0.0,29.975117561308505,-0.7924550498902674,lane_2,mainline,,normal,none,commit
BASIC-05,basic_long_dt_900,289,28.90000000000014,B05_TLV_CLV,cav,not_applicable,7703.620288781165,3.5,29.999879674513117,5.013561953433055e-05,lane_1,mainline,,normal,none,commit
BASIC-05,basic_long_dt_900,290,29.000000000000142,B05_MV,cav,not_applicable,7244.822581499999,-0.07716320118578546,0.2883497322621361,4.0,on_ramp,on_ramp_mv,,normal,executing,commit
BASIC-05,basic_long_dt_900,290,29.000000000000142,B05_CLV,cav,not_applicable,7713.000166394916,0.0,29.999930668784444,2.888800648150891e-05,lane_2,mainline,,normal,none,commit
BASIC-05,basic_long_dt_900,290,29.000000000000142,B05_CFV,cav,not_applicable,7670.7932664363525,0.0,29.98300760268112,0.07890041372614498,lane_2,mainline,,normal,none,commit
BASIC-05,basic_long_dt_900,290,29.000000000000142,B05_TLV_CLV,cav,not_applicable,7706.620277229918,3.5,29.999884487532594,4.813019475307101e-05,lane_1,mainline,,normal,none,commit
BASIC-05,basic_long_dt_900,291,29.100000000000144,B05_MV,cav,not_applicable,7244.850727185526,-0.07670943260292029,0.28145685527222714,4.0,on_ramp,on_ramp_mv,,normal,executing,commit
BASIC-05,basic_long_dt_900,291,29.100000000000144,B05_CLV,cav,not_applicable,7716.000159739119,0.0,29.999933442033065,2.773248622247593e-05,lane_2,mainline,,normal,none,commit
BASIC-05,basic_long_dt_900,291,29.100000000000144,B05_CFV,cav,not_applicable,7673.799485472733,0.0,30.062190363804167,0.7918276112304823,lane_2,mainline,,normal,none,commit
BASIC-05,basic_long_dt_900,291,29.100000000000144,B05_TLV_CLV,cav,not_applicable,7709.6202661407215,3.5,29.99988910803129,4.620498696255027e-05,lane_1,mainline,,normal,none,commit
BASIC-05,basic_long_dt_900,292,29.200000000000145,B05_MV,cav,not_applicable,7244.8782000604815,-0.07626777288684705,0.274728749557914,4.0,on_ramp,on_ramp_mv,,normal,executing,commit
BASIC-05,basic_long_dt_900,292,29.200000000000145,B05_CLV,cav,not_applicable,7719.000153349554,0.0,29.999936104351743,2.6623186774088484e-05,lane_2,mainline,,normal,none,commit
BASIC-05,basic_long_dt_900,292,29.200000000000145,B05_CFV,cav,not_applicable,7676.801274007751,0.0,30.01788535017757,-0.443050136265969,lane_2,mainline,,normal,none,commit
BASIC-05,basic_long_dt_900,292,29.200000000000145,B05_TLV_CLV,cav,not_applicable,7712.620255495092,3.5,29.999893543710037,4.435678748393457e-05,lane_1,mainline,,normal,none,commit
BASIC-05,basic_long_dt_900,293,29.300000000000146,B05_MV,cav,not_applicable,7244.905016208115,-0.07583787329674552,0.2681614763324198,4.0,on_ramp,on_ramp_mv,,normal,executing,commit
BASIC-05,basic_long_dt_900,293,29.300000000000146,B05_CLV,cav,not_applicable,7722.000147215572,0.0,29.999938660177673,2.5558259302727038e-05,lane_2,mainline,,normal,none,commit
BASIC-05,basic_long_dt_900,293,29.300000000000146,B05_CFV,cav,not_applicable,7679.806710314381,0.0,30.054363066301264,0.3647771612369345,lane_2,mainline,,normal,none,commit
BASIC-05,basic_long_dt_900,293,29.300000000000146,B05_TLV_CLV,cav,not_applicable,7715.620245275289,3.5,29.999897801961637,4.258251598514562e-05,lane_1,mainline,,normal,none,commit
BASIC-05,basic_long_dt_900,294,29.400000000000148,B05_MV,cav,not_applicable,7244.931191327211,-0.07541939620567017,0.26175119096372257,4.0,on_ramp,on_ramp_mv,,normal,executing,commit
BASIC-05,basic_long_dt_900,294,29.400000000000148,B05_CLV,cav,not_applicable,7725.000141326949,0.0,29.999941113770564,2.4535928930902175e-05,lane_2,mainline,,normal,none,commit
BASIC-05,basic_long_dt_900,294,29.400000000000148,B05_CFV,cav,not_applicable,7682.804222070512,0.0,29.97511756131156,-0.7924550498970535,lane_2,mainline,,normal,none,commit
BASIC-05,basic_long_dt_900,294,29.400000000000148,B05_TLV_CLV,cav,not_applicable,7718.620235464277,3.5,29.999901889883173,4.0879215345057676e-05,lane_1,mainline,,normal,none,commit
BASIC-05,basic_long_dt_900,295,29.50000000000015,B05_MV,cav,not_applicable,7244.956740741284,-0.07501201470537167,0.2554941407243533,4.0,on_ramp,on_ramp_mv,,normal,executing,commit
BASIC-05,basic_long_dt_900,295,29.50000000000015,B05_CLV,cav,not_applicable,7728.000135673871,0.0,29.99994346921974,2.3554491774291365e-05,lane_2,mainline,,normal,none,commit
BASIC-05,basic_long_dt_900,295,29.50000000000015,B05_CFV,cav,not_applicable,7685.802522830781,0.0,29.983007602683617,0.07890041372059264,lane_2,mainline,,normal,none,commit
BASIC-05,basic_long_dt_900,295,29.50000000000015,B05_TLV_CLV,cav,not_applicable,7721.620226045706,3.5,29.999905814287846,3.9244046730857464e-05,lane_1,mainline,,normal,none,commit
BASIC-05,basic_long_dt_900,296,29.60000000000015,B05_MV,cav,not_applicable,7244.981679407543,-0.07461541222655566,0.2493866625940249,4.0,on_ramp,on_ramp_mv,,normal,executing,commit
BASIC-05,basic_long_dt_900,296,29.60000000000015,B05_CLV,cav,not_applicable,7731.000130246916,0.0,29.99994573045095,2.26123121038313e-05,lane_2,mainline,,normal,none,commit
BASIC-05,basic_long_dt_900,296,29.60000000000015,B05_CFV,cav,not_applicable,7688.808741867161,0.0,30.062190363806213,0.7918276112259395,lane_2,mainline,,normal,none,commit
BASIC-05,basic_long_dt_900,296,29.60000000000015,B05_TLV_CLV,cav,not_applicable,7724.620217003878,3.5,29.99990958171633,3.767428486156632e-05,lane_1,mainline,,normal,none,commit
BASIC-05,basic_long_dt_900,297,29.700000000000152,B05_MV,cav,not_applicable,7245.006021925655,-0.07422928217393476,0.24342518111574407,4.0,on_ramp,on_ramp_mv,,normal,executing,commit
BASIC-05,basic_long_dt_900,297,29.700000000000152,B05_CLV,cav,not_applicable,7734.00012503704,0.0,29.99994790123291,2.1707819620075952e-05,lane_2,mainline,,normal,none,commit
BASIC-05,basic_long_dt_900,297,29.700000000000152,B05_CFV,cav,not_applicable,7691.810530402179,0.0,30.017885350179245,-0.4430501362696858,lane_2,mainline,,normal,none,commit
BASIC-05,basic_long_dt_900,297,29.700000000000152,B05_TLV_CLV,cav,not_applicable,7727.620208323722,3.5,29.99991319844768,3.61673134676721e-05,lane_1,mainline,,normal,none,commit
BASIC-05,basic_long_dt_900,298,29.800000000000153,B05_MV,cav,not_applicable,7245.029782546285,-0.07385332757547003,0.23760620630171042,4.0,on_ramp,on_ramp_mv,,normal,executing,commit
BASIC-05,basic_long_dt_900,298,29.800000000000153,B05_CLV,cav,not_applicable,7737.000120035558,0.0,29.999949985183594,2.0839506835557134e-05,lane_2,mainline,,normal,none,commit
BASIC-05,basic_long_dt_900,298,29.800000000000153,B05_CFV,cav,not_applicable,7694.815966708809,0.0,30.054363066302635,0.3647771612338935,lane_2,mainline,,normal,none,commit
BASIC-05,basic_long_dt_900,298,29.800000000000153,B05_TLV_CLV,cav,not_applicable,7730.6201999907735,3.5,29.999916670509773,3.4720620928396786e-05,lane_1,mainline,,normal,none,commit
BASIC-05,basic_long_dt_900,299,29.900000000000155,B05_MV,cav,not_applicable,7245.052975179444,-0.07348726074519663,0.23192633159117643,4.0,on_ramp,on_ramp_mv,,normal,executing,commit
BASIC-05,basic_long_dt_900,299,29.900000000000155,B05_CLV,cav,not_applicable,7740.000115234136,0.0,29.99995198577625,2.000592656230538e-05,lane_2,mainline,,normal,none,commit
BASIC-05,basic_long_dt_900,299,29.900000000000155,B05_CFV,cav,not_applicable,7697.813478464941,0.0,29.97511756131268,-0.7924550498995416,lane_2,mainline,,normal,none,commit
BASIC-05,basic_long_dt_900,299,29.900000000000155,B05_TLV_CLV,cav,not_applicable,7733.620191991143,3.5,29.999920003689382,3.333179609086301e-05,lane_1,mainline,,normal,none,commit
BASIC-05,basic_long_dt_900,300,30.000000000000156,B05_MV,cav,not_applicable,7245.07561340263,-0.07313080295907959,0.22638223185570341,4.0,on_ramp,on_ramp_mv,,normal,executing,commit
BASIC-05,basic_long_dt_900,300,30.000000000000156,B05_CLV,cav,not_applicable,7743.00011062477,0.0,29.999953906345198,1.920568950026791e-05,lane_2,mainline,,normal,none,commit
BASIC-05,basic_long_dt_900,300,30.000000000000156,B05_CFV,cav,not_applicable,7700.81177922521,0.0,29.983007602684534,0.07890041371855694,lane_2,mainline,,normal,none,commit
BASIC-05,basic_long_dt_900,300,30.000000000000156,B05_TLV_CLV,cav,not_applicable,7736.620184311497,3.5,29.999923203541808,3.199852424700112e-05,lane_1,mainline,,normal,none,commit
BASIC-05,basic_long_dt_900,301,30.100000000000158,B05_MV,cav,not_applicable,7245.0977104687745,-0.07278368414336578,0.22097066145246497,4.0,on_ramp,on_ramp_mv,,normal,executing,commit
BASIC-05,basic_long_dt_900,301,30.100000000000158,B05_CLV,cav,not_applicable,7746.000106199779,0.0,29.999955750091388,1.8437461920939314e-05,lane_2,mainline,,normal,none,commit
BASIC-05,basic_long_dt_900,301,30.100000000000158,B05_CFV,cav,not_applicable,7703.81799826159,0.0,30.062190363806963,0.7918276112242739,lane_2,mainline,,normal,none,commit
BASIC-05,basic_long_dt_900,301,30.100000000000158,B05_TLV_CLV,cav,not_applicable,7739.620176939037,3.5,29.999926275400135,3.0718583276723165e-05,lane_1,mainline,,normal,none,commit
BASIC-05,basic_long_dt_900,302,30.20000000000016,B05_MV,cav,not_applicable,7245.119279314007,-0.07244564257490005,0.2156884523247287,4.0,on_ramp,on_ramp_mv,,normal,executing,commit
BASIC-05,basic_long_dt_900,302,30.20000000000016,B05_CLV,cav,not_applicable,7749.000101951788,0.0,29.999957520087733,1.7699963444783864e-05,lane_2,mainline,,normal,none,commit
BASIC-05,basic_long_dt_900,302,30.20000000000016,B05_CFV,cav,not_applicable,7706.819786796608,0.0,30.017885350179856,-0.4430501362710486,lane_2,mainline,,normal,none,commit
BASIC-05,basic_long_dt_900,302,30.20000000000016,B05_TLV_CLV,cav,not_applicable,7742.620169861476,3.5,29.99992922438413,2.94898399459953e-05,lane_1,mainline,,normal,none,commit
BASIC-05,basic_long_dt_900,303,30.30000000000016,B05_MV,cav,not_applicable,7245.140332565222,-0.07211642459292777,0.21053251214625482,4.0,on_ramp,on_ramp_mv,,normal,executing,commit
BASIC-05,basic_long_dt_900,303,30.30000000000016,B05_CLV,cav,not_applicable,7752.000097873716,0.0,29.999959219284225,1.6991964906765136e-05,lane_2,mainline,,normal,none,commit
BASIC-05,basic_long_dt_900,303,30.30000000000016,B05_CFV,cav,not_applicable,7709.825223103238,0.0,30.054363066303136,0.3647771612327785,lane_2,mainline,,normal,none,commit
BASIC-05,basic_long_dt_900,303,30.30000000000016,B05_TLV_CLV,cav,not_applicable,7745.620163067017,3.5,29.999932055408763,2.8310246348439706e-05,lane_1,mainline,,normal,none,commit
BASIC-05,basic_long_dt_900,304,30.400000000000162,B05_MV,cav,not_applicable,7245.160882547473,-0.07179578432190237,0.20549982251200338,4.0,on_ramp,on_ramp_mv,,normal,executing,commit
BASIC-05,basic_long_dt_900,304,30.400000000000162,B05_CLV,cav,not_applicable,7755.000093958767,0.0,29.999960850512856,1.6312286309982937e-05,lane_2,mainline,,normal,none,commit
BASIC-05,basic_long_dt_900,304,30.400000000000162,B05_CFV,cav,not_applicable,7712.82273485937,0.0,29.97511756131309,-0.7924550499004539,lane_2,mainline,,normal,none,commit
BASIC-05,basic_long_dt_900,304,30.400000000000162,B05_TLV_CLV,cav,not_applicable,7748.620156544336,3.5,29.99993477319241,2.7177836494729492e-05,lane_1,mainline,,normal,none,commit
BASIC-05,basic_long_dt_900,305,30.500000000000163,B05_MV,cav,not_applicable,7245.18094129119,-0.07148348340484167,0.20058743717036695,4.0,on_ramp,on_ramp_mv,,normal,executing,commit
BASIC-05,basic_long_dt_900,305,30.500000000000163,B05_CLV,cav,not_applicable,7758.000090200417,0.0,29.99996241649234,1.5659794857469934e-05,lane_2,mainline,,normal,none,commit
BASIC-05,basic_long_dt_900,305,30.500000000000163,B05_CFV,cav,not_applicable,7715.821035619639,0.0,29.98300760268487,0.07890041371781054,lane_2,mainline,,normal,none,commit
BASIC-05,basic_long_dt_900,305,30.500000000000163,B05_TLV_CLV,cav,not_applicable,7751.6201502825625,3.5,29.999937382264715,2.609072303556559e-05,lane_1,mainline,,normal,none,commit
BASIC-05,basic_long_dt_900,306,30.600000000000165,B05_MV,cav,not_applicable,7245.20052053922,-0.07117929074681273,0.19579248029888535,4.0,on_ramp,on_ramp_mv,,normal,executing,commit
BASIC-05,basic_long_dt_900,306,30.600000000000165,B05_CLV,cav,not_applicable,7761.0000865924,0.0,29.99996391983265,1.503340306356904e-05,lane_2,mainline,,normal,none,commit
BASIC-05,basic_long_dt_900,306,30.600000000000165,B05_CFV,cav,not_applicable,7718.827254656019,0.0,30.06219036380724,0.7918276112236632,lane_2,mainline,,normal,none,commit
BASIC-05,basic_long_dt_900,306,30.600000000000165,B05_TLV_CLV,cav,not_applicable,7754.62014427126,3.5,29.999939886974126,2.5047094113972437e-05,lane_1,mainline,,normal,none,commit
BASIC-05,basic_long_dt_900,307,30.700000000000166,B05_MV,cav,not_applicable,7245.219631753702,-0.07088298226811629,0.19111214481996405,4.0,on_ramp,on_ramp_mv,,normal,executing,commit
BASIC-05,basic_long_dt_900,307,30.700000000000166,B05_CLV,cav,not_applicable,7764.000083128704,0.0,29.999965363039344,1.4432066940628374e-05,lane_2,mainline,,normal,none,commit
BASIC-05,basic_long_dt_900,307,30.700000000000166,B05_CFV,cav,not_applicable,7721.829043191037,0.0,30.017885350180084,-0.4430501362715483,lane_2,mainline,,normal,none,commit
BASIC-05,basic_long_dt_900,307,30.700000000000166,B05_TLV_CLV,cav,not_applicable,7757.62013850041,3.5,29.99994229149516,2.40452103497546e-05,lane_1,mainline,,normal,none,commit
BASIC-05,basic_long_dt_900,308,30.800000000000168,B05_MV,cav,not_applicable,7245.238286122778,-0.07059434066678705,0.18654369075833555,4.0,on_ramp,on_ramp_mv,,normal,executing,commit
BASIC-05,basic_long_dt_900,308,30.800000000000168,B05_CLV,cav,not_applicable,7767.000079803556,0.0,29.99996674851777,1.3854784262434806e-05,lane_2,mainline,,normal,none,commit
BASIC-05,basic_long_dt_900,308,30.800000000000168,B05_CFV,cav,not_applicable,7724.834479497667,0.0,30.05436306630332,0.3647771612323696,lane_2,mainline,,normal,none,commit
BASIC-05,basic_long_dt_900,308,30.800000000000168,B05_TLV_CLV,cav,not_applicable,7760.620132960393,3.5,29.999944599835352,2.3083401936219163e-05,lane_1,mainline,,normal,none,commit
BASIC-05,basic_long_dt_900,309,30.90000000000017,B05_MV,cav,not_applicable,7245.256494567142,-0.07031315519001513,0.1820844436365674,4.0,on_ramp,on_ramp_mv,,normal,executing,commit
BASIC-05,basic_long_dt_900,309,30.90000000000017,B05_CLV,cav,not_applicable,7770.0000766114135,0.0,29.99996807857706,1.3300592891596353e-05,lane_2,mainline,,normal,none,commit
BASIC-05,basic_long_dt_900,309,30.90000000000017,B05_CFV,cav,not_applicable,7727.831991253799,0.0,29.97511756131324,-0.7924550499007885,lane_2,mainline,,normal,none,commit
BASIC-05,basic_long_dt_900,309,30.90000000000017,B05_TLV_CLV,cav,not_applicable,7763.620127641977,3.5,29.999946815841938,2.2160065859111457e-05,lane_1,mainline,,normal,none,commit
BASIC-05,basic_long_dt_900,310,31.00000000000017,B05_MV,cav,not_applicable,7245.274267746433,-0.07003922141413943,0.17773179290948696,4.0,on_ramp,on_ramp_mv,,normal,executing,commit
BASIC-05,basic_long_dt_900,310,31.00000000000017,B05_CLV,cav,not_applicable,7773.000073546957,0.0,29.999969355433976,1.2768569176557777e-05,lane_2,mainline,,normal,none,commit
BASIC-05,basic_long_dt_900,310,31.00000000000017,B05_CFV,cav,not_applicable,7730.830292014068,0.0,29.983007602684992,0.07890041371753675,lane_2,mainline,,normal,none,commit
BASIC-05,basic_long_dt_900,310,31.00000000000017,B05_TLV_CLV,cav,not_applicable,7766.6201225362975,3.5,29.99994894320826,2.127366322497437e-05,lane_1,mainline,,normal,none,commit
BASIC-05,basic_long_dt_900,311,31.100000000000172,B05_MV,cav,not_applicable,7245.291616065477,-0.06977234103285479,0.17348319043600086,4.0,on_ramp,on_ramp_mv,,normal,executing,commit
BASIC-05,basic_long_dt_900,311,31.100000000000172,B05_CLV,cav,not_applicable,7776.000070605079,0.0,29.999970581216616,1.225782640972284e-05,lane_2,mainline,,normal,none,commit
BASIC-05,basic_long_dt_900,311,31.100000000000172,B05_CFV,cav,not_applicable,7733.835849505788,0.0,30.05557491720923,0.7256731452424036,lane_2,mainline,,normal,none,commit
BASIC-05,basic_long_dt_900,311,31.100000000000172,B05_TLV_CLV,cav,not_applicable,7769.620117634846,3.5,29.99995098547993,2.0422716696089085e-05,lane_1,mainline,,normal,none,commit
BASIC-05,basic_long_dt_900,312,31.200000000000173,B05_MV,cav,not_applicable,7245.308549680375,-0.06951232165330712,0.16933614898700441,4.0,on_ramp,on_ramp_mv,,normal,executing,commit
BASIC-05,basic_long_dt_900,312,31.200000000000173,B05_CLV,cav,not_applicable,7779.000067780876,0.0,29.999971757967952,1.1767513353788673e-05,lane_2,mainline,,normal,none,commit
BASIC-05,basic_long_dt_900,312,31.200000000000173,B05_CFV,cav,not_applicable,7736.836435232334,0.0,30.00585726545634,-0.49717651752894254,lane_2,mainline,,normal,none,commit
BASIC-05,basic_long_dt_900,312,31.200000000000173,B05_TLV_CLV,cav,not_applicable,7772.620112929452,3.5,29.999952946060734,1.960580802773393e-05,lane_1,mainline,,normal,none,commit
BASIC-05,basic_long_dt_900,313,31.300000000000175,B05_MV,cav,not_applicable,7245.325078504454,-0.06925897659975,0.16528824078981624,4.0,on_ramp,on_ramp_mv,,normal,executing,commit
BASIC-05,basic_long_dt_900,313,31.300000000000175,B05_CLV,cav,not_applicable,7782.000065069641,0.0,29.999972887649236,1.1296812819239222e-05,lane_2,mainline,,normal,none,commit
BASIC-05,basic_long_dt_900,313,31.300000000000175,B05_CFV,cav,not_applicable,7739.840225878282,0.0,30.037906459476698,0.3204919402035925,lane_2,mainline,,normal,none,commit
BASIC-05,basic_long_dt_900,313,31.300000000000175,B05_TLV_CLV,cav,not_applicable,7775.620108412274,3.5,29.999954828218304,1.8821575706340356e-05,lane_1,mainline,,normal,none,commit
BASIC-05,basic_long_dt_900,314,31.400000000000176,B05_MV,cav,not_applicable,7245.341212214064,-0.06901212472446172,0.16133709610631158,4.0,on_ramp,on_ramp_mv,,normal,executing,commit
BASIC-05,basic_long_dt_900,314,31.400000000000176,B05_CLV,cav,not_applicable,7785.0000624668555,0.0,29.999973972143266,1.0844940305787532e-05,lane_2,mainline,,normal,none,commit
BASIC-05,basic_long_dt_900,314,31.400000000000176,B05_CFV,cav,not_applicable,7742.835729640104,0.0,29.95503761822063,-0.828688412560697,lane_2,mainline,,normal,none,commit
BASIC-05,basic_long_dt_900,314,31.400000000000176,B05_TLV_CLV,cav,not_applicable,7778.620104075783,3.5,29.99995663508957,1.8068712678598333e-05,lane_1,mainline,,normal,none,commit
BASIC-05,basic_long_dt_900,315,31.500000000000178,B05_MV,cav,not_applicable,7245.356960254249,-0.06877159022563051,0.1574804018460586,4.0,on_ramp,on_ramp_mv,,normal,executing,commit
BASIC-05,basic_long_dt_900,315,31.500000000000178,B05_CLV,cav,not_applicable,7788.000059968182,0.0,29.999975013257536,1.0411142693556031e-05,lane_2,mainline,,normal,none,commit
BASIC-05,basic_long_dt_900,315,31.500000000000178,B05_CFV,cav,not_applicable,7745.831725951278,0.0,29.95996311173839,0.04925493517761159,lane_2,mainline,,normal,none,commit
BASIC-05,basic_long_dt_900,315,31.500000000000178,B05_TLV_CLV,cav,not_applicable,7781.620099912752,3.5,29.999958369685988,1.734596417151124e-05,lane_1,mainline,,normal,none,commit
BASIC-05,basic_long_dt_900,316,31.60000000000018,B05_MV,cav,not_applicable,7245.372331844271,-0.0685372024719273,0.1537159002120665,4.0,on_ramp,on_ramp_mv,,normal,executing,commit
BASIC-05,basic_long_dt_900,316,31.60000000000018,B05_CLV,cav,not_applicable,7791.000057569454,0.0,29.999976012727235,9.994696985415886e-06,lane_2,mainline,,normal,none,commit
BASIC-05,basic_long_dt_900,316,31.60000000000018,B05_CFV,cav,not_applicable,7748.835397984649,0.0,30.036720333707468,0.7675722196907732,lane_2,mainline,,normal,none,commit
BASIC-05,basic_long_dt_900,316,31.60000000000018,B05_TLV_CLV,cav,not_applicable,7784.6200959162425,3.5,29.99996003489855,1.6652125604821322e-05,lane_1,mainline,,normal,none,commit
BASIC-05,basic_long_dt_900,317,31.70000000000018,B05_MV,cav,not_applicable,7245.387335983009,-0.0683087958334947,0.15004138737914505,4.0,on_ramp,on_ramp_mv,,normal,executing,commit
BASIC-05,basic_long_dt_900,317,31.70000000000018,B05_CLV,cav,not_applicable,7794.000055266676,0.0,29.999976972218146,9.594909106169781e-06,lane_2,mainline,,normal,none,commit
BASIC-05,basic_long_dt_900,317,31.70000000000018,B05_CFV,cav,not_applicable,7751.834441063454,0.0,29.990430788045803,-0.4628954566166401,lane_2,mainline,,normal,none,commit
BASIC-05,basic_long_dt_900,317,31.70000000000018,B05_TLV_CLV,cav,not_applicable,7787.620092079593,3.5,29.999961633502608,1.598604058017372e-05,lane_1,mainline,,normal,none,commit
BASIC-05,basic_long_dt_900,318,31.800000000000182,B05_MV,cav,not_applicable,7245.401981454229,-0.06808620951910127,0.1464547122035715,4.0,on_ramp,on_ramp_mv,,normal,executing,commit
BASIC-05,basic_long_dt_900,318,31.800000000000182,B05_CLV,cav,not_applicable,7797.000053056009,0.0,29.99997789332942,9.211112741525085e-06,lane_2,mainline,,normal,none,commit
BASIC-05,basic_long_dt_900,318,31.800000000000182,B05_CFV,cav,not_applicable,7754.836969543067,0.0,30.025284796140806,0.34854008095002176,lane_2,mainline,,normal,none,commit
BASIC-05,basic_long_dt_900,318,31.800000000000182,B05_TLV_CLV,cav,not_applicable,7790.620088396409,3.5,29.999963168162502,1.5346598956966773e-05,lane_1,mainline,,normal,none,commit
BASIC-05,basic_long_dt_900,319,31.900000000000183,B05_MV,cav,not_applicable,7245.416276831726,-0.06786928741921106,0.14295377496362965,4.0,on_ramp,on_ramp_mv,,normal,executing,commit
BASIC-05,basic_long_dt_900,319,31.900000000000183,B05_CLV,cav,not_applicable,7800.000050933769,0.0,29.99997877759624,8.84266823248936e-06,lane_2,mainline,,normal,none,commit
BASIC-05,basic_long_dt_900,319,31.900000000000183,B05_CFV,cav,not_applicable,7757.831440623344,0.0,29.94471080276399,-0.8057399337681639,lane_2,mainline,,normal,none,commit
BASIC-05,basic_long_dt_900,319,31.900000000000183,B05_TLV_CLV,cav,not_applicable,7793.620084860553,3.5,29.999964641436,1.4732734999256537e-05,lane_1,mainline,,normal,none,commit
BASIC-05,basic_long_dt_900,320,32.000000000000185,B05_MV,cav,not_applicable,7245.430230484339,-0.06765787795473344,0.13953652613058645,4.0,on_ramp,on_ramp_mv,,normal,executing,commit
BASIC-05,basic_long_dt_900,320,32.000000000000185,B05_CLV,cav,not_applicable,7803.000048896418,0.0,29.99997962649239,8.488961503871905e-06,lane_2,mainline,,normal,none,commit
BASIC-05,basic_long_dt_900,320,32.000000000000185,B05_CFV,cav,not_applicable,7760.8265920132535,0.0,29.95151389909205,0.06803096328059322,lane_2,mainline,,normal,none,commit
BASIC-05,basic_long_dt_900,320,32.000000000000185,B05_TLV_CLV,cav,not_applicable,7796.620081466131,3.5,29.99996605577856,1.4143425599399962e-05,lane_1,mainline,,normal,none,commit
BASIC-05,basic_long_dt_900,321,32.100000000000186,B05_MV,cav,not_applicable,7245.443850580856,-0.06745183393123044,0.13620096516901928,4.0,on_ramp,on_ramp_mv,,normal,executing,commit
BASIC-05,basic_long_dt_900,321,32.100000000000186,B05_CLV,cav,not_applicable,7806.000046940561,0.0,29.999980441432694,8.149403043944403e-06,lane_2,mainline,,normal,none,commit
BASIC-05,basic_long_dt_900,321,32.100000000000186,B05_CFV,cav,not_applicable,7763.829572747408,0.0,30.02980734154228,0.7829344245023035,lane_2,mainline,,normal,none,commit
BASIC-05,basic_long_dt_900,321,32.100000000000186,B05_TLV_CLV,cav,not_applicable,7799.620078207486,3.5,29.99996741354742,1.3577688575594495e-05,lane_1,mainline,,normal,none,commit
BASIC-05,basic_long_dt_900,322,32.20000000000019,B05_MV,cav,not_applicable,7245.457145094792,-0.0672510123983594,0.1329451393651888,4.0,on_ramp,on_ramp_mv,,normal,executing,commit
BASIC-05,basic_long_dt_900,322,32.20000000000019,B05_CLV,cav,not_applicable,7809.000045062939,0.0,29.999981223775386,7.823426922470845e-06,lane_2,mainline,,normal,none,commit
BASIC-05,basic_long_dt_900,322,32.20000000000019,B05_CFV,cav,not_applicable,7766.828050217762,0.0,29.984774703547014,-0.45032637995266067,lane_2,mainline,,normal,none,commit
BASIC-05,basic_long_dt_900,322,32.20000000000019,B05_TLV_CLV,cav,not_applicable,7802.620075079186,3.5,29.999968717005522,1.3034581031945436e-05,lane_1,mainline,,normal,none,commit
BASIC-05,basic_long_dt_900,323,32.30000000000019,B05_MV,cav,not_applicable,7245.47012180906,-0.06705527451435378,0.12976714268432799,4.0,on_ramp,on_ramp_mv,,normal,executing,commit
BASIC-05,basic_long_dt_900,323,32.30000000000019,B05_CLV,cav,not_applicable,7812.000043260421,0.0,29.99998197482437,7.5104898456856976e-06,lane_2,mainline,,normal,none,commit
BASIC-05,basic_long_dt_900,323,32.30000000000019,B05_CFV,cav,not_applicable,7769.830115926827,0.0,30.020657090641798,0.35882387094782314,lane_2,mainline,,normal,none,commit
BASIC-05,basic_long_dt_900,323,32.30000000000019,B05_TLV_CLV,cav,not_applicable,7805.620072076018,3.5,29.999969968325303,1.251319779100868e-05,lane_1,mainline,,normal,none,commit
BASIC-05,basic_long_dt_900,324,32.40000000000019,B05_MV,cav,not_applicable,7245.482788320526,-0.06686448541533219,0.12666511465467212,4.0,on_ramp,on_ramp_mv,,normal,executing,commit
BASIC-05,basic_long_dt_900,324,32.40000000000019,B05_CLV,cav,not_applicable,7815.000041530005,0.0,29.999982695831395,7.210070252483547e-06,lane_2,mainline,,normal,none,commit
BASIC-05,basic_long_dt_900,324,32.40000000000019,B05_CFV,cav,not_applicable,7772.824208376654,0.0,29.940924498264803,-0.7973259237699628,lane_2,mainline,,normal,none,commit
BASIC-05,basic_long_dt_900,324,32.40000000000019,B05_TLV_CLV,cav,not_applicable,7808.620069192977,3.5,29.99997116959229,1.2012669878913585e-05,lane_1,mainline,,normal,none,commit
BASIC-05,basic_long_dt_900,325,32.50000000000019,B05_MV,cav,not_applicable,7245.495152044454,-0.06667851408925829,0.12363723927779598,4.0,on_ramp,on_ramp_mv,,normal,executing,commit
BASIC-05,basic_long_dt_900,325,32.50000000000019,B05_CLV,cav,not_applicable,7818.000039868804,0.0,29.99998338799814,6.921667441872614e-06,lane_2,mainline,,normal,none,commit
BASIC-05,basic_long_dt_900,325,32.50000000000019,B05_CFV,cav,not_applicable,7775.819049978013,0.0,29.948416013592716,0.07491515327912146,lane_2,mainline,,normal,none,commit
BASIC-05,basic_long_dt_900,325,32.50000000000019,B05_TLV_CLV,cav,not_applicable,7811.620066425258,3.5,29.9999723228086,1.153216308438232e-05,lane_1,mainline,,normal,none,commit
BASIC-05,basic_long_dt_900,326,32.60000000000019,B05_MV,cav,not_applicable,7245.50722021885,-0.06649723325435897,0.1206817439665619,4.0,on_ramp,on_ramp_mv,,normal,executing,commit
BASIC-05,basic_long_dt_900,326,32.60000000000019,B05_CLV,cav,not_applicable,7821.000038274052,0.0,29.99998405247821,6.6448007444819275e-06,lane_2,mainline,,normal,none,commit
BASIC-05,basic_long_dt_900,326,32.60000000000019,B05_CFV,cav,not_applicable,7778.821777248808,0.0,30.027272707951916,0.7885669435920085,lane_2,mainline,,normal,none,commit
BASIC-05,basic_long_dt_900,326,32.60000000000019,B05_TLV_CLV,cav,not_applicable,7814.620063768248,3.5,29.999973429896254,1.1070876560381748e-05,lane_1,mainline,,normal,none,commit
BASIC-05,basic_long_dt_900,327,32.700000000000195,B05_MV,cav,not_applicable,7245.518999908701,-0.06632051924183191,0.11779689850633089,4.0,on_ramp,on_ramp_mv,,normal,executing,commit
BASIC-05,basic_long_dt_900,327,32.700000000000195,B05_CLV,cav,not_applicable,7824.000036743089,0.0,29.999984690379083,6.379008715384771e-06,lane_2,mainline,,normal,none,commit
BASIC-05,basic_long_dt_900,327,32.700000000000195,B05_CFV,cav,not_applicable,7781.82004734005,0.0,29.982700912427624,-0.44571795524290214,lane_2,mainline,,normal,none,commit
BASIC-05,basic_long_dt_900,327,32.700000000000195,B05_TLV_CLV,cav,not_applicable,7817.620061217518,3.5,29.999974492700403,1.0628041498250696e-05,lane_1,mainline,,normal,none,commit
BASIC-05,basic_long_dt_900,328,32.800000000000196,B05_MV,cav,not_applicable,7245.530498010105,-0.06614825188267393,0.11498101404269793,4.0,on_ramp,on_ramp_mv,,normal,executing,commit
BASIC-05,basic_long_dt_900,328,32.800000000000196,B05_CLV,cav,not_applicable,7827.000035273366,0.0,29.99998530276392,6.123848366712537e-06,lane_2,mainline,,normal,none,commit
BASIC-05,basic_long_dt_900,328,32.800000000000196,B05_CFV,cav,not_applicable,7784.821943375296,0.0,30.018960352453206,0.36259440025580736,lane_2,mainline,,normal,none,commit
BASIC-05,basic_long_dt_900,328,32.800000000000196,B05_TLV_CLV,cav,not_applicable,7820.620058768817,3.5,29.999975512992386,1.0202919838775415e-05,lane_1,mainline,,normal,none,commit
BASIC-05,basic_long_dt_900,329,32.9000000000002,B05_MV,cav,not_applicable,7245.541721254313,-0.06598031439847674,0.11223244209249009,4.0,on_ramp,on_ramp_mv,,normal,executing,commit
BASIC-05,basic_long_dt_900,329,32.9000000000002,B05_CLV,cav,not_applicable,7830.000033862431,0.0,29.999985890653363,5.8788944315324445e-06,lane_2,mainline,,normal,none,commit
BASIC-05,basic_long_dt_900,329,32.9000000000002,B05_CFV,cav,not_applicable,7787.815897001088,0.0,29.93953625792868,-0.7942409452452485,lane_2,mainline,,normal,none,commit
BASIC-05,basic_long_dt_900,329,32.9000000000002,B05_TLV_CLV,cav,not_applicable,7823.620056418064,3.5,29.99997649247269,9.794803045792834e-06,lane_1,mainline,,normal,none,commit
BASIC-05,basic_long_dt_900,330,33.0000000000002,B05_MV,cav,not_applicable,7245.5526762116715,-0.06581659329601752,0.10954957357889733,4.0,on_ramp,on_ramp_mv,,normal,executing,commit
BASIC-05,basic_long_dt_900,330,33.0000000000002,B05_CLV,cav,not_applicable,7833.000032507934,0.0,29.99998645502723,5.643738654725894e-06,lane_2,mainline,,normal,none,commit
BASIC-05,basic_long_dt_900,330,33.0000000000002,B05_CFV,cav,not_applicable,7790.810625019147,0.0,29.947280180590433,0.077439226617524,lane_2,mainline,,normal,none,commit
BASIC-05,basic_long_dt_900,330,33.0000000000002,B05_TLV_CLV,cav,not_applicable,7826.620054161342,3.5,29.999977432773782,9.403010923847433e-06,lane_1,mainline,,normal,none,commit
BASIC-05,basic_long_dt_900,331,33.1000000000002,B05_MV,cav,not_applicable,7245.563369295461,-0.06565697826552963,0.10693083788921405,4.0,on_ramp,on_ramp_mv,,normal,executing,commit
BASIC-05,basic_long_dt_900,331,33.1000000000002,B05_CLV,cav,not_applicable,7836.000031207616,0.0,29.99998699682614,5.417989108025267e-06,lane_2,mainline,,normal,none,commit
BASIC-05,basic_long_dt_900,331,33.1000000000002,B05_CFV,cav,not_applicable,7793.813259358151,0.0,30.026343390040957,0.790632094505247,lane_2,mainline,,normal,none,commit
BASIC-05,basic_long_dt_900,331,33.1000000000002,B05_TLV_CLV,cav,not_applicable,7829.620051994888,3.5,29.99997833546283,9.026890487007222e-06,lane_1,mainline,,normal,none,commit
BASIC-05,basic_long_dt_900,332,33.2000000000002,B05_MV,cav,not_applicable,7245.573806765657,-0.06550136208247359,0.10437470195584354,4.0,on_ramp,on_ramp_mv,,normal,executing,commit
BASIC-05,basic_long_dt_900,332,33.2000000000002,B05_CLV,cav,not_applicable,7839.000029959311,0.0,29.999987516953095,5.20126954342004e-06,lane_2,mainline,,normal,none,commit
BASIC-05,basic_long_dt_900,332,33.2000000000002,B05_CFV,cav,not_applicable,7796.811453414292,0.0,29.98194056140957,-0.4440282863138888,lane_2,mainline,,normal,none,commit
BASIC-05,basic_long_dt_900,332,33.2000000000002,B05_TLV_CLV,cav,not_applicable,7832.620049915093,3.5,29.99997920204432,8.66581486747009e-06,lane_1,mainline,,normal,none,commit
BASIC-05,basic_long_dt_900,333,33.3000000000002,B05_MV,cav,not_applicable,7245.583994732592,-0.0653496405127103,0.10187966935839136,4.0,on_ramp,on_ramp_mv,,normal,executing,commit
BASIC-05,basic_long_dt_900,333,33.3000000000002,B05_CLV,cav,not_applicable,7842.000028760938,0.0,29.99998801627497,4.993218762194829e-06,lane_2,mainline,,normal,none,commit
BASIC-05,basic_long_dt_900,333,33.3000000000002,B05_CFV,cav,not_applicable,7799.813287239,0.0,30.018338247074798,0.36397685665227286,lane_2,mainline,,normal,none,commit
BASIC-05,basic_long_dt_900,333,33.3000000000002,B05_TLV_CLV,cav,not_applicable,7835.620047918489,3.5,29.999980033962547,8.31918227248707e-06,lane_1,mainline,,normal,none,commit
BASIC-05,basic_long_dt_900,334,33.400000000000205,B05_MV,cav,not_applicable,7245.593939160537,-0.06520171222091875,0.09944427944793445,4.0,on_ramp,on_ramp_mv,,normal,executing,commit
BASIC-05,basic_long_dt_900,334,33.400000000000205,B05_CLV,cav,not_applicable,7845.0000276105,0.0,29.99998849562397,4.793490012389157e-06,lane_2,mainline,,normal,none,commit
BASIC-05,basic_long_dt_900,334,33.400000000000205,B05_CFV,cav,not_applicable,7802.807189965261,0.0,29.939027262619074,-0.7931098445572312,lane_2,mainline,,normal,none,commit
BASIC-05,basic_long_dt_900,334,33.400000000000205,B05_TLV_CLV,cav,not_applicable,7838.62004600175,3.5,29.999980832604045,7.986414981075996e-06,lane_1,mainline,,normal,none,commit
BASIC-05,basic_long_dt_900,335,33.500000000000206,B05_MV,cav,not_applicable,7245.603645871186,-0.06505747868215295,0.09706710649129227,4.0,on_ramp,on_ramp_mv,,normal,executing,commit
BASIC-05,basic_long_dt_900,335,33.500000000000206,B05_CLV,cav,not_applicable,7848.00002650608,0.0,29.99998895579901,4.601750411836747e-06,lane_2,mainline,,normal,none,commit
BASIC-05,basic_long_dt_900,335,33.500000000000206,B05_CFV,cav,not_applicable,7805.80187633825,0.0,29.946863729882573,0.0783646726349927,lane_2,mainline,,normal,none,commit
BASIC-05,basic_long_dt_900,335,33.500000000000206,B05_TLV_CLV,cav,not_applicable,7841.62004416168,3.5,29.999981599299883,7.666958381946642e-06,lane_1,mainline,,normal,none,commit
BASIC-05,basic_long_dt_900,336,33.60000000000021,B05_MV,cav,not_applicable,7245.61312054707,-0.06491684409640675,0.09474675883725624,4.0,on_ramp,on_ramp_mv,,normal,executing,commit
BASIC-05,basic_long_dt_900,336,33.60000000000021,B05_CLV,cav,not_applicable,7851.000025445836,0.0,29.999989397567052,4.417680395363277e-06,lane_2,mainline,,normal,none,commit
BASIC-05,basic_long_dt_900,336,33.60000000000021,B05_CFV,cav,not_applicable,7808.804476604014,0.0,30.026002657643616,0.7913892776104485,lane_2,mainline,,normal,none,commit
BASIC-05,basic_long_dt_900,336,33.60000000000021,B05_TLV_CLV,cav,not_applicable,7844.620042395213,3.5,29.999982335327886,7.3602800469529945e-06,lane_1,mainline,,normal,none,commit
BASIC-05,basic_long_dt_900,337,33.70000000000021,B05_MV,cav,not_applicable,7245.62236873488,-0.06477971530608428,0.0924818781010818,4.0,on_ramp,on_ramp_mv,,normal,executing,commit
BASIC-05,basic_long_dt_900,337,33.70000000000021,B05_CLV,cav,not_applicable,7854.000024428003,0.0,29.99998982166437,4.240973179037155e-06,lane_2,mainline,,normal,none,commit
BASIC-05,basic_long_dt_900,337,33.70000000000021,B05_CFV,cav,not_applicable,7811.80264278205,0.0,29.981661780357197,-0.44340877286417846,lane_2,mainline,,normal,none,commit
BASIC-05,basic_long_dt_900,337,33.70000000000021,B05_TLV_CLV,cav,not_applicable,7847.620040699405,3.5,29.99998304191477,7.065868845756996e-06,lane_1,mainline,,normal,none,commit
BASIC-05,basic_long_dt_900,338,33.80000000000021,B05_MV,cav,not_applicable,7245.631395848717,-0.06464600171624912,0.09027113837006928,4.0,on_ramp,on_ramp_mv,,normal,executing,commit
BASIC-05,basic_long_dt_900,338,33.80000000000021,B05_CLV,cav,not_applicable,7857.0000234508825,0.0,29.999990228797795,4.071334251420922e-06,lane_2,mainline,,normal,none,commit
BASIC-05,basic_long_dt_900,338,33.80000000000021,B05_CFV,cav,not_applicable,7814.804453797398,0.0,30.01811015348649,0.3644837312929449,lane_2,mainline,,normal,none,commit
BASIC-05,basic_long_dt_900,338,33.80000000000021,B05_TLV_CLV,cav,not_applicable,7850.620039071428,3.5,29.99998372023818,6.783234091756185e-06,lane_1,mainline,,normal,none,commit
BASIC-05,basic_long_dt_900,339,33.90000000000021,B05_MV,cav,not_applicable,7245.64020717326,-0.06451561521757165,0.08811324542653763,4.0,on_ramp,on_ramp_mv,,normal,executing,commit
BASIC-05,basic_long_dt_900,339,33.90000000000021,B05_CLV,cav,not_applicable,7860.000022512847,0.0,29.999990619645885,3.908480881875676e-06,lane_2,mainline,,normal,none,commit
BASIC-05,basic_long_dt_900,339,33.90000000000021,B05_CFV,cav,not_applicable,7817.798337861457,0.0,29.938840640592275,-0.7926951289421359,lane_2,mainline,,normal,none,commit
BASIC-05,basic_long_dt_900,339,33.90000000000021,B05_TLV_CLV,cav,not_applicable,7853.620037508571,3.5,29.999984371428653,6.511904727801721e-06,lane_1,mainline,,normal,none,commit
BASIC-05,basic_long_dt_900,340,34.00000000000021,B05_MV,cav,not_applicable,7245.648807866859,-0.06438847011184778,0.08600693599058254,4.0,on_ramp,on_ramp_mv,,normal,executing,commit
BASIC-05,basic_long_dt_900,340,34.00000000000021,B05_CLV,cav,not_applicable,7863.000021612333,0.0,29.99999099486005,3.752141645918528e-06,lane_2,mainline,,normal,none,commit
BASIC-05,basic_long_dt_900,340,34.00000000000021,B05_CFV,cav,not_applicable,7820.793008965371,0.0,29.946711039133373,0.07870398541097978,lane_2,mainline,,normal,none,commit
BASIC-05,basic_long_dt_900,340,34.00000000000021,B05_TLV_CLV,cav,not_applicable,7856.620036008228,3.5,29.999984996571506,6.251428538917026e-06,lane_1,mainline,,normal,none,commit
BASIC-05,basic_long_dt_900,341,34.100000000000215,B05_MV,cav,not_applicable,7245.657202964557,-0.06426448304001431,0.08395097698066224,4.0,on_ramp,on_ramp_mv,,normal,executing,commit
BASIC-05,basic_long_dt_900,341,34.100000000000215,B05_CLV,cav,not_applicable,7866.000020747839,0.0,29.999991355065646,3.602055980422847e-06,lane_2,mainline,,normal,none,commit
BASIC-05,basic_long_dt_900,341,34.100000000000215,B05_CFV,cav,not_applicable,7823.795596738256,0.0,30.025877728848815,0.791666897154438,lane_2,mainline,,normal,none,commit
BASIC-05,basic_long_dt_900,341,34.100000000000215,B05_TLV_CLV,cav,not_applicable,7859.620034567899,3.5,29.999985596708644,6.001371397701405e-06,lane_1,mainline,,normal,none,commit
BASIC-05,basic_long_dt_900,342,34.200000000000216,B05_MV,cav,not_applicable,7245.665397381036,-0.06414357291255524,0.08194416479135881,4.0,on_ramp,on_ramp_mv,,normal,executing,commit
BASIC-05,basic_long_dt_900,342,34.200000000000216,B05_CLV,cav,not_applicable,7869.000019917925,0.0,29.99999170086302,3.4579737416606807e-06,lane_2,mainline,,normal,none,commit
BASIC-05,basic_long_dt_900,342,34.200000000000216,B05_CFV,cav,not_applicable,7826.793752694844,0.0,29.981559565888723,-0.44318162960091434,lane_2,mainline,,normal,none,commit
BASIC-05,basic_long_dt_900,342,34.200000000000216,B05_TLV_CLV,cav,not_applicable,7862.620033185183,3.5,29.9999861728403,5.761316542418627e-06,lane_1,mainline,,normal,none,commit
BASIC-05,basic_long_dt_900,343,34.30000000000022,B05_MV,cav,not_applicable,7245.673395913495,-0.06402566084221473,0.07998532458874966,4.0,on_ramp,on_ramp_mv,,normal,executing,commit
BASIC-05,basic_long_dt_900,343,34.30000000000022,B05_CLV,cav,not_applicable,7872.0000191212075,0.0,29.9999920328285,3.3196547917668797e-06,lane_2,mainline,,normal,none,commit
BASIC-05,basic_long_dt_900,343,34.30000000000022,B05_CFV,cav,not_applicable,7829.795555347191,0.0,30.01802652346683,0.3646695757810701,lane_2,mainline,,normal,none,commit
BASIC-05,basic_long_dt_900,343,34.30000000000022,B05_TLV_CLV,cav,not_applicable,7865.620031857776,3.5,29.999986725926686,5.530863880665038e-06,lane_1,mainline,,normal,none,commit
BASIC-05,basic_long_dt_900,344,34.40000000000022,B05_MV,cav,not_applicable,7245.681203244458,-0.0639106700789327,0.07807330962317195,4.0,on_ramp,on_ramp_mv,,normal,executing,commit
BASIC-05,basic_long_dt_900,344,34.40000000000022,B05_CLV,cav,not_applicable,7875.000018356359,0.0,29.99999235151536,3.1868685994140835e-06,lane_2,mainline,,normal,none,commit
BASIC-05,basic_long_dt_900,344,34.40000000000022,B05_CFV,cav,not_applicable,7832.789432568794,0.0,29.938772216030735,-0.7925430743609425,lane_2,mainline,,normal,none,commit
BASIC-05,basic_long_dt_900,344,34.40000000000022,B05_TLV_CLV,cav,not_applicable,7868.6200305834645,3.5,29.999987256889618,5.309629325722654e-06,lane_1,mainline,,normal,none,commit
BASIC-05,basic_long_dt_900,345,34.50000000000022,B05_MV,cav,not_applicable,7245.688823944513,-0.06379852594691515,0.07620700055742324,4.0,on_ramp,on_ramp_mv,,normal,executing,commit
BASIC-05,basic_long_dt_900,345,34.50000000000022,B05_CLV,cav,not_applicable,7878.000017622105,0.0,29.999992657454744,3.0593938561196413e-06,lane_2,mainline,,normal,none,commit
BASIC-05,basic_long_dt_900,345,34.50000000000022,B05_CFV,cav,not_applicable,7835.784098074334,0.0,29.9466550554012,0.07882839370468342,lane_2,mainline,,normal,none,commit
BASIC-05,basic_long_dt_900,345,34.50000000000022,B05_TLV_CLV,cav,not_applicable,7871.620029360126,3.5,29.999987766614034,5.097244152807434e-06,lane_1,mainline,,normal,none,commit
BASIC-05,basic_long_dt_900,346,34.60000000000022,B05_MV,cav,not_applicable,7245.696262474995,-0.06368915578377043,0.07438530481148516,4.0,on_ramp,on_ramp_mv,,normal,executing,commit
BASIC-05,basic_long_dt_900,346,34.60000000000022,B05_CLV,cav,not_applicable,7881.00001691722,0.0,29.999992951156553,2.937018102500133e-06,lane_2,mainline,,normal,none,commit
BASIC-05,basic_long_dt_900,346,34.60000000000022,B05_CFV,cav,not_applicable,7838.786681266732,0.0,30.02583192397704,0.7917686857583773,lane_2,mainline,,normal,none,commit
BASIC-05,basic_long_dt_900,346,34.60000000000022,B05_TLV_CLV,cav,not_applicable,7874.620028185721,3.5,29.99998825594947,4.89335438658145e-06,lane_1,mainline,,normal,none,commit
BASIC-05,basic_long_dt_900,347,34.70000000000022,B05_MV,cav,not_applicable,7245.7035231905875,-0.06358248888162965,0.07260715592290087,4.0,on_ramp,on_ramp_mv,,normal,executing,commit
BASIC-05,basic_long_dt_900,347,34.70000000000022,B05_CLV,cav,not_applicable,7884.000016240531,0.0,29.999993233110292,2.8195373786843447e-06,lane_2,mainline,,normal,none,commit
BASIC-05,basic_long_dt_900,347,34.70000000000022,B05_CFV,cav,not_applicable,7841.784833475649,0.0,29.981522089175453,-0.4430983480158731,lane_2,mainline,,normal,none,commit
BASIC-05,basic_long_dt_900,347,34.70000000000022,B05_TLV_CLV,cav,not_applicable,7877.620027058292,3.5,29.999988725711493,4.6976202114024095e-06,lane_1,mainline,,normal,none,commit
BASIC-05,basic_long_dt_900,348,34.800000000000225,B05_MV,cav,not_applicable,7245.71061034188,-0.06347845643017536,0.07087151292280601,4.0,on_ramp,on_ramp_mv,,normal,executing,commit
BASIC-05,basic_long_dt_900,348,34.800000000000225,B05_CLV,cav,not_applicable,7887.00001559091,0.0,29.99999350378588,2.706755883252754e-06,lane_2,mainline,,normal,none,commit
BASIC-05,basic_long_dt_900,348,34.800000000000225,B05_CFV,cav,not_applicable,7844.786633061719,0.0,30.017995860701426,0.36473771525974025,lane_2,mainline,,normal,none,commit
BASIC-05,basic_long_dt_900,348,34.800000000000225,B05_TLV_CLV,cav,not_applicable,7880.620025975961,3.5,29.999989176683034,4.509715402889469e-06,lane_1,mainline,,normal,none,commit
BASIC-05,basic_long_dt_900,349,34.900000000000226,B05_MV,cav,not_applicable,7245.717528077853,-0.06337699146152076,0.06917735972609132,4.0,on_ramp,on_ramp_mv,,normal,executing,commit
BASIC-05,basic_long_dt_900,349,34.900000000000226,B05_CLV,cav,not_applicable,7890.000014967273,0.0,29.999993763634446,2.598485647808957e-06,lane_2,mainline,,normal,none,commit
BASIC-05,basic_long_dt_900,349,34.900000000000226,B05_CFV,cav,not_applicable,7847.780507774551,0.0,29.938747128313587,-0.7924873238783943,lane_2,mainline,,normal,none,commit
BASIC-05,basic_long_dt_900,349,34.900000000000226,B05_TLV_CLV,cav,not_applicable,7883.620024936922,3.5,29.999989609615714,4.329326786489674e-06,lane_1,mainline,,normal,none,commit
BASIC-05,basic_long_dt_900,350,35.00000000000023,B05_MV,cav,not_applicable,7245.724280448307,-0.06327802879685906,0.06752370453678407,4.0,on_ramp,on_ramp_mv,,normal,executing,commit
BASIC-05,basic_long_dt_900,350,35.00000000000023,B05_CLV,cav,not_applicable,7893.000014368582,0.0,29.99999401308907,2.4945462214986947e-06,lane_2,mainline,,normal,none,commit
BASIC-05,basic_long_dt_900,350,35.00000000000023,B05_CFV,cav,not_applicable,7850.775171227459,0.0,29.946634529087174,0.07887400773585929,lane_2,mainline,,normal,none,commit
BASIC-05,basic_long_dt_900,350,35.00000000000023,B05_TLV_CLV,cav,not_applicable,7886.620023939446,3.5,29.999990025231085,4.156153714518496e-06,lane_1,mainline,,normal,none,commit
BASIC-05,basic_long_dt_900,351,35.10000000000023,B05_MV,cav,not_applicable,7245.730871406234,-0.06318150499483322,0.06590957926734377,4.0,on_ramp,on_ramp_mv,,normal,executing,commit
BASIC-05,basic_long_dt_900,351,35.10000000000023,B05_CLV,cav,not_applicable,7896.000013793839,0.0,29.999994252565507,2.3947643725819034e-06,lane_2,mainline,,normal,none,commit
BASIC-05,basic_long_dt_900,351,35.10000000000023,B05_CFV,cav,not_applicable,7853.777752740431,0.0,30.025815129720108,0.7918060063293394,lane_2,mainline,,normal,none,commit
BASIC-05,basic_long_dt_900,351,35.10000000000023,B05_TLV_CLV,cav,not_applicable,7889.620022981868,3.5,29.999990424221842,3.989907565937756e-06,lane_1,mainline,,normal,none,commit
BASIC-05,basic_long_dt_900,352,35.20000000000023,B05_MV,cav,not_applicable,7245.737304810131,-0.06308735830154921,0.0643340389718722,4.0,on_ramp,on_ramp_mv,,normal,executing,commit
BASIC-05,basic_long_dt_900,352,35.20000000000023,B05_CLV,cav,not_applicable,7899.000013242085,0.0,29.99999448246289,2.298973797110193e-06,lane_2,mainline,,normal,none,commit
BASIC-05,basic_long_dt_900,352,35.20000000000023,B05_CFV,cav,not_applicable,7856.775903575273,0.0,29.98150834841978,-0.4430678130032677,lane_2,mainline,,normal,none,commit
BASIC-05,basic_long_dt_900,352,35.20000000000023,B05_TLV_CLV,cav,not_applicable,7892.620022062593,3.5,29.999990807252967,3.830311263186559e-06,lane_1,mainline,,normal,none,commit
BASIC-05,basic_long_dt_900,353,35.30000000000023,B05_MV,cav,not_applicable,7245.74358442626,-0.06299552860218771,0.06279616129323763,4.0,on_ramp,on_ramp_mv,,normal,executing,commit
BASIC-05,basic_long_dt_900,353,35.30000000000023,B05_CLV,cav,not_applicable,7902.000012712401,0.0,29.999994703164372,2.207014844657351e-06,lane_2,mainline,,normal,none,commit
BASIC-05,basic_long_dt_900,353,35.30000000000023,B05_CFV,cav,not_applicable,7859.7777020370995,0.0,30.01798461826497,0.3647626984518719,lane_2,mainline,,normal,none,commit
BASIC-05,basic_long_dt_900,353,35.30000000000023,B05_TLV_CLV,cav,not_applicable,7895.62002118009,3.5,29.999991174962847,3.6770988131706875e-06,lane_1,mainline,,normal,none,commit
BASIC-05,basic_long_dt_900,354,35.40000000000023,B05_MV,cav,not_applicable,7245.7497139308525,-0.06290595737414639,0.06129504592259158,4.0,on_ramp,on_ramp_mv,,normal,executing,commit
BASIC-05,basic_long_dt_900,354,35.40000000000023,B05_CLV,cav,not_applicable,7905.000012203905,0.0,29.999994915037796,2.1187342511552743e-06,lane_2,mainline,,normal,none,commit
BASIC-05,basic_long_dt_900,354,35.40000000000023,B05_CFV,cav,not_applicable,7862.771575830096,0.0,29.938737929956485,-0.792466883084832,lane_2,mainline,,normal,none,commit
BASIC-05,basic_long_dt_900,354,35.40000000000023,B05_TLV_CLV,cav,not_applicable,7898.620020332886,3.5,29.999991527964333,3.530014861041764e-06,lane_1,mainline,,normal,none,commit
BASIC-05,basic_long_dt_900,355,35.500000000000234,B05_MV,cav,not_applicable,7245.75569691226,-0.06281858764166959,0.0598298140725824,4.0,on_ramp,on_ramp_mv,,normal,executing,commit
BASIC-05,basic_long_dt_900,355,35.500000000000234,B05_CLV,cav,not_applicable,7908.000011715748,0.0,29.999995118436285,2.0339848816774976e-06,lane_2,mainline,,normal,none,commit
BASIC-05,basic_long_dt_900,355,35.500000000000234,B05_CFV,cav,not_applicable,7865.766238530411,0.0,29.946627003158635,0.0788907320215011,lane_2,mainline,,normal,none,commit
BASIC-05,basic_long_dt_900,355,35.500000000000234,B05_TLV_CLV,cav,not_applicable,7901.620019519571,3.5,29.99999186684576,3.38881426671378e-06,lane_1,mainline,,normal,none,commit
BASIC-05,basic_long_dt_900,356,35.600000000000236,B05_MV,cav,not_applicable,7245.761536873056,-0.06273336393189899,0.05839960796317869,4.0,on_ramp,on_ramp_mv,,normal,executing,commit
BASIC-05,basic_long_dt_900,356,35.600000000000236,B05_CLV,cav,not_applicable,7911.000011247118,0.0,29.999995313698832,1.952625486012494e-06,lane_2,mainline,,normal,none,commit
BASIC-05,basic_long_dt_900,356,35.600000000000236,B05_CFV,cav,not_applicable,7868.768819427625,0.0,30.02580897214221,0.7918196898357737,lane_2,mainline,,normal,none,commit
BASIC-05,basic_long_dt_900,356,35.600000000000236,B05_TLV_CLV,cav,not_applicable,7904.620018738788,3.5,29.99999219217193,3.2532616955904814e-06,lane_1,mainline,,normal,none,commit
BASIC-05,basic_long_dt_900,357,35.70000000000024,B05_MV,cav,not_applicable,7245.767237232088,-0.06265023223231125,0.05700359031901547,4.0,on_ramp,on_ramp_mv,,normal,executing,commit
BASIC-05,basic_long_dt_900,357,35.70000000000024,B05_CLV,cav,not_applicable,7914.000010797233,0.0,29.999995501150877,1.8745204670267413e-06,lane_2,mainline,,normal,none,commit
BASIC-05,basic_long_dt_900,357,35.70000000000024,B05_CFV,cav,not_applicable,7871.766969758665,0.0,29.981503310401504,-0.44305661740709423,lane_2,mainline,,normal,none,commit
BASIC-05,basic_long_dt_900,357,35.70000000000024,B05_TLV_CLV,cav,not_applicable,7907.620017989236,3.5,29.999992504485054,3.1231312277668622e-06,lane_1,mainline,,normal,none,commit
BASIC-05,basic_long_dt_900,358,35.80000000000024,B05_MV,cav,not_applicable,7245.772801326476,-0.06256913994947677,0.055640943879350195,4.0,on_ramp,on_ramp_mv,,normal,executing,commit
BASIC-05,basic_long_dt_900,358,35.80000000000024,B05_CLV,cav,not_applicable,7917.000010365343,0.0,29.999995681104842,1.7995396490277927e-06,lane_2,mainline,,normal,none,commit
BASIC-05,basic_long_dt_900,358,35.80000000000024,B05_CFV,cav,not_applicable,7874.76876780829,0.0,30.017980496250015,0.36477185848510474,lane_2,mainline,,normal,none,commit
BASIC-05,basic_long_dt_900,358,35.80000000000024,B05_TLV_CLV,cav,not_applicable,7910.620017269666,3.5,29.999992804305652,2.9982059785993442e-06,lane_1,mainline,,normal,none,commit
BASIC-05,basic_long_dt_900,359,35.90000000000024,B05_MV,cav,not_applicable,7245.778232413568,-0.06249003586911028,0.054310870919759016,4.0,on_ramp,on_ramp_mv,,normal,executing,commit
BASIC-05,basic_long_dt_900,359,35.90000000000024,B05_CLV,cav,not_applicable,7920.000009950729,0.0,29.99999585386065,1.7275580631803678e-06,lane_2,mainline,,normal,none,commit
BASIC-05,basic_long_dt_900,359,35.90000000000024,B05_CFV,cav,not_applicable,7877.76264126403,0.0,29.938734557398796,-0.7924593885121869,lane_2,mainline,,normal,none,commit
BASIC-05,basic_long_dt_900,359,35.90000000000024,B05_TLV_CLV,cav,not_applicable,7913.62001657888,3.5,29.999993092133426,2.8782777391711535e-06,lane_1,mainline,,normal,none,commit
BASIC-05,basic_long_dt_900,360,36.00000000000024,B05_MV,cav,not_applicable,7245.783533672847,-0.0624128701173543,0.053012592785355674,4.0,on_ramp,on_ramp_mv,,normal,executing,commit
BASIC-05,basic_long_dt_900,360,36.00000000000024,B05_CLV,cav,not_applicable,7923.000009552699,0.0,29.999996019706224,1.6584557400278755e-06,lane_2,mainline,,normal,none,commit
BASIC-05,basic_long_dt_900,360,36.00000000000024,B05_CFV,cav,not_applicable,7880.75730368841,0.0,29.946624243793252,0.0788968639445744,lane_2,mainline,,normal,none,commit
BASIC-05,basic_long_dt_900,360,36.00000000000024,B05_TLV_CLV,cav,not_applicable,7916.620015915724,3.5,29.999993368448088,2.763146629547464e-06,lane_1,mainline,,normal,none,commit
BASIC-05,basic_long_dt_900,361,36.10000000000024,B05_MV,cav,not_applicable,7245.7887082077905,-0.06233759412326201,0.05174534943422883,4.0,on_ramp,on_ramp_mv,,normal,executing,commit
BASIC-05,basic_long_dt_900,361,36.10000000000024,B05_CLV,cav,not_applicable,7926.0000091705915,0.0,29.999996178917975,1.5921175105404474e-06,lane_2,mainline,,normal,none,commit
BASIC-05,basic_long_dt_900,361,36.10000000000024,B05_CFV,cav,not_applicable,7883.759884359858,0.0,30.025806714479625,0.7918247068637427,lane_2,mainline,,normal,none,commit
BASIC-05,basic_long_dt_900,361,36.10000000000024,B05_TLV_CLV,cav,not_applicable,7919.620015279095,3.5,29.999993633710165,2.6526207648203126e-06,lane_1,mainline,,normal,none,commit
BASIC-05,basic_long_dt_900,362,36.200000000000244,B05_MV,cav,not_applicable,7245.7937590476895,-0.062264160582434336,0.05050839899327176,4.0,on_ramp,on_ramp_mv,,normal,executing,commit
BASIC-05,basic_long_dt_900,362,36.200000000000244,B05_CLV,cav,not_applicable,7929.000008803768,0.0,29.999996331761256,1.5284328100051426e-06,lane_2,mainline,,normal,none,commit
BASIC-05,basic_long_dt_900,362,36.200000000000244,B05_CFV,cav,not_applicable,7886.758034506181,0.0,29.981501463223022,-0.4430525125660286,lane_2,mainline,,normal,none,commit
BASIC-05,basic_long_dt_900,362,36.200000000000244,B05_TLV_CLV,cav,not_applicable,7922.620014667931,3.5,29.999993888361757,2.546515933943283e-06,lane_1,mainline,,normal,none,commit
BASIC-05,basic_long_dt_900,363,36.300000000000246,B05_MV,cav,not_applicable,7245.798689149422,-0.06219252342176862,0.04930101732357811,4.0,on_ramp,on_ramp_mv,,normal,executing,commit
BASIC-05,basic_long_dt_900,363,36.300000000000246,B05_CLV,cav,not_applicable,7932.000008451617,0.0,29.999996478490807,1.4672954975480934e-06,lane_2,mainline,,normal,none,commit
BASIC-05,basic_long_dt_900,363,36.300000000000246,B05_CFV,cav,not_applicable,7889.759832404673,0.0,30.017978984922166,0.3647752169914312,lane_2,mainline,,normal,none,commit
BASIC-05,basic_long_dt_900,363,36.300000000000246,B05_TLV_CLV,cav,not_applicable,7925.620014081214,3.5,29.999994132827286,2.4446552970402993e-06,lane_1,mainline,,normal,none,commit
BASIC-05,basic_long_dt_900,364,36.40000000000025,B05_MV,cav,not_applicable,7245.803501399181,-0.06212263776529081,0.04812249759605601,4.0,on_ramp,on_ramp_mv,,normal,executing,commit
BASIC-05,basic_long_dt_900,364,36.40000000000025,B05_CLV,cav,not_applicable,7935.000008113552,0.0,29.999996619351176,1.4086036770777357e-06,lane_2,mainline,,normal,none,commit
BASIC-05,basic_long_dt_900,364,36.40000000000025,B05_CFV,cav,not_applicable,7892.753705736759,0.0,29.93873332085783,-0.7924566406433744,lane_2,mainline,,normal,none,commit
BASIC-05,basic_long_dt_900,364,36.40000000000025,B05_TLV_CLV,cav,not_applicable,7928.620013517966,3.5,29.999994367514194,2.346869085556591e-06,lane_1,mainline,,normal,none,commit
BASIC-05,basic_long_dt_900,365,36.50000000000025,B05_MV,cav,not_applicable,7245.808198614169,-0.06205445990102154,0.046972149878564906,4.0,on_ramp,on_ramp_mv,,normal,executing,commit
BASIC-05,basic_long_dt_900,365,36.50000000000025,B05_CLV,cav,not_applicable,7938.00000778901,0.0,29.99999675457713,1.3522595295967222e-06,lane_2,mainline,,normal,none,commit
BASIC-05,basic_long_dt_900,365,36.50000000000025,B05_CFV,cav,not_applicable,7895.748368059967,0.0,29.946623232077915,0.07889911220087553,lane_2,mainline,,normal,none,commit
BASIC-05,basic_long_dt_900,365,36.50000000000025,B05_TLV_CLV,cav,not_applicable,7931.620012977248,3.5,29.999994592813625,2.2529943223048575e-06,lane_1,mainline,,normal,none,commit
BASIC-05,basic_long_dt_900,366,36.60000000000025,B05_MV,cav,not_applicable,7245.812783544242,-0.0619879472488476,0.045849300731096644,4.0,on_ramp,on_ramp_mv,,normal,executing,commit
BASIC-05,basic_long_dt_900,366,36.60000000000025,B05_CLV,cav,not_applicable,7941.00000747745,0.0,29.999996884394044,1.2981691483560099e-06,lane_2,mainline,,normal,none,commit
BASIC-05,basic_long_dt_900,366,36.60000000000025,B05_CFV,cav,not_applicable,7898.750948648639,0.0,30.025805886712533,0.7918265463461709,lane_2,mainline,,normal,none,commit
BASIC-05,basic_long_dt_900,366,36.60000000000025,B05_TLV_CLV,cav,not_applicable,7934.620012458158,3.5,29.99999480910108,2.162874550037941e-06,lane_1,mainline,,normal,none,commit
BASIC-05,basic_long_dt_900,367,36.70000000000025,B05_MV,cav,not_applicable,7245.817258873523,-0.061923058329368175,0.044753292812044446,4.0,on_ramp,on_ramp_mv,,normal,executing,commit
BASIC-05,basic_long_dt_900,367,36.70000000000025,B05_CLV,cav,not_applicable,7944.000007178352,0.0,29.999997009018283,1.2462423825354564e-06,lane_2,mainline,,normal,none,commit
BASIC-05,basic_long_dt_900,367,36.70000000000025,B05_CFV,cav,not_applicable,7901.749098727235,0.0,29.98150078595904,-0.4430510075349511,lane_2,mainline,,normal,none,commit
BASIC-05,basic_long_dt_900,367,36.70000000000025,B05_TLV_CLV,cav,not_applicable,7937.620011959832,3.5,29.999995016737035,2.0763595685480142e-06,lane_1,mainline,,normal,none,commit
BASIC-05,basic_long_dt_900,368,36.80000000000025,B05_MV,cav,not_applicable,7245.821627221972,-0.0618597527336755,0.04368348449338579,4.0,on_ramp,on_ramp_mv,,normal,executing,commit
BASIC-05,basic_long_dt_900,368,36.80000000000025,B05_CLV,cav,not_applicable,7947.000006891218,0.0,29.99999712865755,1.1963926866087605e-06,lane_2,mainline,,normal,none,commit
BASIC-05,basic_long_dt_900,368,36.80000000000025,B05_CFV,cav,not_applicable,7904.750896570315,0.0,30.01797843079709,0.3647764483804946,lane_2,mainline,,normal,none,commit
BASIC-05,basic_long_dt_900,368,36.80000000000025,B05_TLV_CLV,cav,not_applicable,7940.620011481438,3.5,29.999995216067553,1.993305185976624e-06,lane_1,mainline,,normal,none,commit
BASIC-05,basic_long_dt_900,369,36.900000000000254,B05_MV,cav,not_applicable,7245.825891146921,-0.061797991094039606,0.04263924948499652,4.0,on_ramp,on_ramp_mv,,normal,executing,commit
BASIC-05,basic_long_dt_900,369,36.900000000000254,B05_CLV,cav,not_applicable,7950.000006615569,0.0,29.99999724351125,1.1485369796560009e-06,lane_2,mainline,,normal,none,commit
BASIC-05,basic_long_dt_900,369,36.900000000000254,B05_CFV,cav,not_applicable,7907.744769857063,0.0,29.938732867482766,-0.7924556331432316,lane_2,mainline,,normal,none,commit
BASIC-05,basic_long_dt_900,369,36.900000000000254,B05_TLV_CLV,cav,not_applicable,7943.620011022181,3.5,29.99999540742485,1.9135729786512457e-06,lane_1,mainline,,normal,none,commit
BASIC-05,basic_long_dt_900,370,37.000000000000256,B05_MV,cav,not_applicable,7245.8300531445675,-0.06173773505547775,0.04161997646766134,4.0,on_ramp,on_ramp_mv,,normal,executing,commit
BASIC-05,basic_long_dt_900,370,37.000000000000256,B05_CLV,cav,not_applicable,7953.000006350946,0.0,29.999997353770798,1.1025955004129174e-06,lane_2,mainline,,normal,none,commit
BASIC-05,basic_long_dt_900,370,37.000000000000256,B05_CFV,cav,not_applicable,7910.739432143177,0.0,29.946622861134685,0.07889993651917415,lane_2,mainline,,normal,none,commit
BASIC-05,basic_long_dt_900,370,37.000000000000256,B05_TLV_CLV,cav,not_applicable,7946.620010581293,3.5,29.999995591127856,1.8370300594483526e-06,lane_1,mainline,,normal,none,commit
BASIC-05,basic_long_dt_900,371,37.10000000000026,B05_MV,cav,not_applicable,7245.834115651441,-0.06167894724815959,0.04062506873586791,4.0,on_ramp,on_ramp_mv,,normal,executing,commit
BASIC-05,basic_long_dt_900,371,37.10000000000026,B05_CLV,cav,not_applicable,7956.000006096908,0.0,29.999997459619966,1.0584916807943045e-06,lane_2,mainline,,normal,none,commit
BASIC-05,basic_long_dt_900,371,37.10000000000026,B05_CFV,cav,not_applicable,7913.7420127014975,0.0,30.025805583213526,0.7918272207884153,lane_2,mainline,,normal,none,commit
BASIC-05,basic_long_dt_900,371,37.10000000000026,B05_TLV_CLV,cav,not_applicable,7949.620010158042,3.5,29.99999576748274,1.7635488575251657e-06,lane_1,mainline,,normal,none,commit
BASIC-05,basic_long_dt_900,372,37.20000000000026,B05_MV,cav,not_applicable,7245.838081045826,-0.061621591260641484,0.03965394384777538,4.0,on_ramp,on_ramp_mv,,normal,executing,commit
BASIC-05,basic_long_dt_900,372,37.20000000000026,B05_CLV,cav,not_applicable,7959.000005853031,0.0,29.999997561235165,1.0161520137330628e-06,lane_2,mainline,,normal,none,commit
BASIC-05,basic_long_dt_900,372,37.20000000000026,B05_CFV,cav,not_applicable,7916.740162755262,0.0,29.98150053764167,-0.44305045571856927,lane_2,mainline,,normal,none,commit
BASIC-05,basic_long_dt_900,372,37.20000000000026,B05_TLV_CLV,cav,not_applicable,7952.62000975172,3.5,29.99999593678343,1.6930069037357498e-06,lane_1,mainline,,normal,none,commit
BASIC-05,basic_long_dt_900,373,37.30000000000026,B05_MV,cav,not_applicable,7245.841951649154,-0.0615656316138824,0.03870603328453166,4.0,on_ramp,on_ramp_mv,,normal,executing,commit
BASIC-05,basic_long_dt_900,373,37.30000000000026,B05_CLV,cav,not_applicable,7962.00000561891,0.0,29.99999765878576,9.755059338090177e-07,lane_2,mainline,,normal,none,commit
BASIC-05,basic_long_dt_900,373,37.30000000000026,B05_CFV,cav,not_applicable,7919.741960578024,0.0,30.01797822762833,0.3647768998666252,lane_2,mainline,,normal,none,commit
BASIC-05,basic_long_dt_900,373,37.30000000000026,B05_TLV_CLV,cav,not_applicable,7955.620009361652,3.5,29.999996099312096,1.6252866274157896e-06,lane_1,mainline,,normal,none,commit
BASIC-05,basic_long_dt_900,374,37.40000000000026,B05_MV,cav,not_applicable,7245.845729727366,-0.0615110337360365,0.03778078211785226,4.0,on_ramp,on_ramp_mv,,normal,executing,commit
BASIC-05,basic_long_dt_900,374,37.40000000000026,B05_CLV,cav,not_applicable,7965.000005394154,0.0,29.99999775243433,9.364856964566571e-07,lane_2,mainline,,normal,none,commit
BASIC-05,basic_long_dt_900,374,37.40000000000026,B05_CFV,cav,not_applicable,7922.73583384815,0.0,29.93873270125378,-0.7924552637454885,lane_2,mainline,,normal,none,commit
BASIC-05,basic_long_dt_900,374,37.40000000000026,B05_TLV_CLV,cav,not_applicable,7958.620008987185,3.5,29.99999625533961,1.5602751616938804e-06,lane_1,mainline,,normal,none,commit
BASIC-05,basic_long_dt_900,375,37.50000000000026,B05_MV,cav,not_applicable,7245.849417492234,-0.06145776393797586,0.036877648684338925,4.0,on_ramp,on_ramp_mv,,normal,executing,commit
BASIC-05,basic_long_dt_900,375,37.50000000000026,B05_CLV,cav,not_applicable,7968.000005178387,0.0,29.999997842336956,8.990262685415473e-07,lane_2,mainline,,normal,none,commit
BASIC-05,basic_long_dt_900,375,37.50000000000026,B05_CFV,cav,not_applicable,7925.730496120663,0.0,29.94662272512915,0.07890023875369134,lane_2,mainline,,normal,none,commit
BASIC-05,basic_long_dt_900,375,37.50000000000026,B05_TLV_CLV,cav,not_applicable,7961.620008627698,3.5,29.999996405126026,1.4978641559082463e-06,lane_1,mainline,,normal,none,commit
BASIC-05,basic_long_dt_900,376,37.600000000000264,B05_MV,cav,not_applicable,7245.853017102661,-0.06140578938953656,0.03599610426936425,4.0,on_ramp,on_ramp_mv,,normal,executing,commit
BASIC-05,basic_long_dt_900,376,37.600000000000264,B05_CLV,cav,not_applicable,7971.000004971252,0.0,29.999997928643477,8.630652175156683e-07,lane_2,mainline,,normal,none,commit
BASIC-05,basic_long_dt_900,376,37.600000000000264,B05_CFV,cav,not_applicable,7928.733076667856,0.0,30.02580547193627,0.7918274680712021,lane_2,mainline,,normal,none,commit
BASIC-05,basic_long_dt_900,376,37.600000000000264,B05_TLV_CLV,cav,not_applicable,7964.62000828259,3.5,29.999996548920986,1.4379495894445428e-06,lane_1,mainline,,normal,none,commit
BASIC-05,basic_long_dt_900,377,37.700000000000266,B05_MV,cav,not_applicable,7245.856530665941,-0.06135507809645491,0.03513563279639167,4.0,on_ramp,on_ramp_mv,,normal,executing,commit
BASIC-05,basic_long_dt_900,377,37.700000000000266,B05_CLV,cav,not_applicable,7974.000004772402,0.0,29.999998011497738,8.285426090992588e-07,lane_2,mainline,,normal,none,commit
BASIC-05,basic_long_dt_900,377,37.700000000000266,B05_CFV,cav,not_applicable,7931.731226712515,0.0,29.98150044659664,-0.44305025339628923,lane_2,mainline,,normal,none,commit
BASIC-05,basic_long_dt_900,377,37.700000000000266,B05_TLV_CLV,cav,not_applicable,7967.620007951286,3.5,29.999996686964145,1.380431605468857e-06,lane_1,mainline,,normal,none,commit
BASIC-05,basic_long_dt_900,378,37.80000000000027,B05_MV,cav,not_applicable,7245.859960238994,-0.06130559887797604,0.03429573052586146,4.0,on_ramp,on_ramp_mv,,normal,executing,commit
BASIC-05,basic_long_dt_900,378,37.80000000000027,B05_CLV,cav,not_applicable,7977.000004581505,0.0,29.999998091037828,7.954009049626621e-07,lane_2,mainline,,normal,none,commit
BASIC-05,basic_long_dt_900,378,37.80000000000027,B05_CFV,cav,not_applicable,7934.733024527829,0.0,30.017978153136944,0.3647770654030361,lane_2,mainline,,normal,none,commit
BASIC-05,basic_long_dt_900,378,37.80000000000027,B05_TLV_CLV,cav,not_applicable,7970.620007633235,3.5,29.99999681948558,1.325214341818537e-06,lane_1,mainline,,normal,none,commit
BASIC-05,basic_long_dt_900,379,37.90000000000027,B05_MV,cav,not_applicable,7245.86330782957,-0.061257321345105975,0.03347590575972943,4.0,on_ramp,on_ramp_mv,,normal,executing,commit
BASIC-05,basic_long_dt_900,379,37.90000000000027,B05_CLV,cav,not_applicable,7980.0000043982445,0.0,29.999998167396313,7.635848689346859e-07,lane_2,mainline,,normal,none,commit
BASIC-05,basic_long_dt_900,379,37.90000000000027,B05_CFV,cav,not_applicable,7937.726897791859,0.0,29.938732640306284,-0.7924551283066068,lane_2,mainline,,normal,none,commit
BASIC-05,basic_long_dt_900,379,37.90000000000027,B05_TLV_CLV,cav,not_applicable,7973.620007327906,3.5,29.99999694670616,1.2722057675773613e-06,lane_1,mainline,,normal,none,commit
BASIC-05,basic_long_dt_900,380,38.00000000000027,B05_MV,cav,not_applicable,7245.866575397426,-0.061210215879500485,0.03267567855404983,4.0,on_ramp,on_ramp_mv,,normal,executing,commit
BASIC-05,basic_long_dt_900,380,38.00000000000027,B05_CLV,cav,not_applicable,7983.000004222315,0.0,29.99999824070046,7.330414746320457e-07,lane_2,mainline,,normal,none,commit
BASIC-05,basic_long_dt_900,380,38.00000000000027,B05_CFV,cav,not_applicable,7940.721560059385,0.0,29.946622675263015,0.07890034956732173,lane_2,mainline,,normal,none,commit
BASIC-05,basic_long_dt_900,380,38.00000000000027,B05_TLV_CLV,cav,not_applicable,7976.6200070347895,3.5,29.999997068837914,1.2213175367037367e-06,lane_1,mainline,,normal,none,commit
BASIC-05,basic_long_dt_900,381,38.10000000000027,B05_MV,cav,not_applicable,7245.869764855469,-0.06116425361295663,0.03189458043721094,4.0,on_ramp,on_ramp_mv,,normal,executing,commit
BASIC-05,basic_long_dt_900,381,38.10000000000027,B05_CLV,cav,not_applicable,7986.000004053421,0.0,29.999998311072442,7.03719815930981e-07,lane_2,mainline,,normal,none,commit
BASIC-05,basic_long_dt_900,381,38.10000000000027,B05_CFV,cav,not_applicable,7943.724140602499,0.0,30.025805431136703,0.7918275587368996,lane_2,mainline,,normal,none,commit
BASIC-05,basic_long_dt_900,381,38.10000000000027,B05_TLV_CLV,cav,not_applicable,7979.620006753398,3.5,29.999997186084396,1.172464834553466e-06,lane_1,mainline,,normal,none,commit
BASIC-05,basic_long_dt_900,382,38.20000000000027,B05_MV,cav,not_applicable,7245.8728780708825,-0.06111940640749047,0.031132154136867044,4.0,on_ramp,on_ramp_mv,,normal,executing,commit
BASIC-05,basic_long_dt_900,382,38.20000000000027,B05_CLV,cav,not_applicable,7989.000003891284,0.0,29.999998378629545,6.755710231232115e-07,lane_2,mainline,,normal,none,commit
BASIC-05,basic_long_dt_900,382,38.20000000000027,B05_CFV,cav,not_applicable,7946.72229064382,0.0,29.981500413215176,-0.4430501792152639,lane_2,mainline,,normal,none,commit
BASIC-05,basic_long_dt_900,382,38.20000000000027,B05_TLV_CLV,cav,not_applicable,7982.620006483262,3.5,29.99999729864102,1.1255662414555446e-06,lane_1,mainline,,normal,none,commit
BASIC-05,basic_long_dt_900,383,38.300000000000274,B05_MV,cav,not_applicable,7245.875916866214,-0.06107564683599076,0.030387953311001303,4.0,on_ramp,on_ramp_mv,,normal,executing,commit
BASIC-05,basic_long_dt_900,383,38.300000000000274,B05_CLV,cav,not_applicable,7992.000003735632,0.0,29.999998443484362,6.48548181914066e-07,lane_2,mainline,,normal,none,commit
BASIC-05,basic_long_dt_900,383,38.300000000000274,B05_CFV,cav,not_applicable,7949.724088456403,0.0,30.017978125824836,0.3647771260966023,lane_2,mainline,,normal,none,commit
BASIC-05,basic_long_dt_900,383,38.300000000000274,B05_TLV_CLV,cav,not_applicable,7985.620006223931,3.5,29.99999740669538,1.0805435920246965e-06,lane_1,mainline,,normal,none,commit
BASIC-05,basic_long_dt_900,384,38.400000000000276,B05_MV,cav,not_applicable,7245.878883020442,-0.06103294816342064,0.029661542287467556,4.0,on_ramp,on_ramp_mv,,normal,executing,commit
BASIC-05,basic_long_dt_900,384,38.400000000000276,B05_CLV,cav,not_applicable,7995.000003586207,0.0,29.999998505744987,6.22606255262781e-07,lane_2,mainline,,normal,none,commit
BASIC-05,basic_long_dt_900,384,38.400000000000276,B05_CFV,cav,not_applicable,7952.717961718198,0.0,29.938732617960014,-0.7924550786482345,lane_2,mainline,,normal,none,commit
BASIC-05,basic_long_dt_900,384,38.400000000000276,B05_TLV_CLV,cav,not_applicable,7988.620005974974,3.5,29.999997510427562,1.037321848684769e-06,lane_1,mainline,,normal,none,commit
BASIC-05,basic_long_dt_900,385,38.50000000000028,B05_MV,cav,not_applicable,7245.881778270023,-0.06099128432855494,0.02895249580875004,4.0,on_ramp,on_ramp_mv,,normal,executing,commit
BASIC-05,basic_long_dt_900,385,38.50000000000028,B05_CLV,cav,not_applicable,7998.0000034427585,0.0,29.999998565515188,5.977020052227999e-07,lane_2,mainline,,normal,none,commit
BASIC-05,basic_long_dt_900,385,38.50000000000028,B05_CFV,cav,not_applicable,7955.712623983896,0.0,29.946622656979702,0.0789003901968991,lane_2,mainline,,normal,none,commit
BASIC-05,basic_long_dt_900,385,38.50000000000028,B05_TLV_CLV,cav,not_applicable,7991.620005735976,3.5,29.99999761001046,9.958289751921257e-07,lane_1,mainline,,normal,none,commit
BASIC-05,basic_long_dt_900,386,38.60000000000028,B05_MV,cav,not_applicable,7245.884604309901,-0.06095062992623301,0.028260398782810583,4.0,on_ramp,on_ramp_mv,,normal,executing,commit
BASIC-05,basic_long_dt_900,386,38.60000000000028,B05_CLV,cav,not_applicable,8001.000003305048,0.0,29.99999862289458,5.737939247296709e-07,lane_2,mainline,,normal,none,commit
BASIC-05,basic_long_dt_900,386,38.60000000000028,B05_CFV,cav,not_applicable,7958.715204525514,0.0,30.02580541617763,0.7918275919792811,lane_2,mainline,,normal,none,commit
BASIC-05,basic_long_dt_900,386,38.60000000000028,B05_TLV_CLV,cav,not_applicable,7994.6200055065365,3.5,29.999997705610042,9.559958158433801e-07,lane_1,mainline,,normal,none,commit
BASIC-05,basic_long_dt_900,387,38.70000000000028,B05_MV,cav,not_applicable,7245.887362794505,-0.06091096019011655,0.027584846040023318,4.0,on_ramp,on_ramp_mv,,normal,executing,commit
BASIC-05,basic_long_dt_900,387,38.70000000000028,B05_CLV,cav,not_applicable,8004.000003172846,0.0,29.999998677978798,5.508421679678577e-07,lane_2,mainline,,normal,none,commit
BASIC-05,basic_long_dt_900,387,38.70000000000028,B05_CFV,cav,not_applicable,7961.713354565612,0.0,29.981500400975936,-0.44305015201695175,lane_2,mainline,,normal,none,commit
BASIC-05,basic_long_dt_900,387,38.70000000000028,B05_TLV_CLV,cav,not_applicable,7997.620005286275,3.5,29.99999779738564,9.177559832096449e-07,lane_1,mainline,,normal,none,commit
BASIC-05,basic_long_dt_900,388,38.80000000000028,B05_MV,cav,not_applicable,7245.890055338715,-0.06087225097593141,0.026925442096631703,4.0,on_ramp,on_ramp_mv,,normal,executing,commit
BASIC-05,basic_long_dt_900,388,38.80000000000028,B05_CLV,cav,not_applicable,8007.000003045932,0.0,29.999998730859645,5.288084807375526e-07,lane_2,mainline,,normal,none,commit
BASIC-05,basic_long_dt_900,388,38.80000000000028,B05_CFV,cav,not_applicable,7964.715152377193,0.0,30.017978115810912,0.3647771483497668,lane_2,mainline,,normal,none,commit
BASIC-05,basic_long_dt_900,388,38.80000000000028,B05_TLV_CLV,cav,not_applicable,8000.620005074824,3.5,29.999997885490213,8.810457444496933e-07,lane_1,mainline,,normal,none,commit
BASIC-05,basic_long_dt_900,389,38.90000000000028,B05_MV,cav,not_applicable,7245.892683518807,-0.06083447874517933,0.026281800922336368,4.0,on_ramp,on_ramp_mv,,normal,executing,commit
BASIC-05,basic_long_dt_900,389,38.90000000000028,B05_CLV,cav,not_applicable,8010.000002924095,0.0,29.99999878162526,5.076561421901716e-07,lane_2,mainline,,normal,none,commit
BASIC-05,basic_long_dt_900,389,38.90000000000028,B05_CFV,cav,not_applicable,7967.70902563817,0.0,29.938732609766802,-0.7924550604410998,lane_2,mainline,,normal,none,commit
BASIC-05,basic_long_dt_900,389,38.90000000000028,B05_TLV_CLV,cav,not_applicable,8003.620004871831,3.5,29.999997970070606,8.45803914728549e-07,lane_1,mainline,,normal,none,commit
BASIC-05,basic_long_dt_900,390,39.000000000000284,B05_MV,cav,not_applicable,7245.8952488733785,-0.06079762054930793,0.025653545715057503,4.0,on_ramp,on_ramp_mv,,normal,executing,commit
BASIC-05,basic_long_dt_900,390,39.000000000000284,B05_CLV,cav,not_applicable,8013.000002807131,0.0,29.999998830360248,4.873498966162515e-07,lane_2,mainline,,normal,none,commit
BASIC-05,basic_long_dt_900,390,39.000000000000284,B05_CFV,cav,not_applicable,7970.7036879031975,0.0,29.94662265027617,0.07890040509364571,lane_2,mainline,,normal,none,commit
BASIC-05,basic_long_dt_900,390,39.000000000000284,B05_TLV_CLV,cav,not_applicable,8006.620004676958,3.5,29.99999805126778,8.119717577415032e-07,lane_1,mainline,,normal,none,commit
BASIC-05,basic_long_dt_900,391,39.100000000000286,B05_MV,cav,not_applicable,7245.897752904247,-0.060761654014317656,0.025040308679610646,4.0,on_ramp,on_ramp_mv,,normal,executing,commit
BASIC-05,basic_long_dt_900,391,39.100000000000286,B05_CLV,cav,not_applicable,8016.0000026948455,0.0,29.99999887714584,4.678559008652883e-07,lane_2,mainline,,normal,none,commit
BASIC-05,basic_long_dt_900,391,39.100000000000286,B05_CFV,cav,not_applicable,7973.706268444267,0.0,30.02580541069292,0.7918276041675283,lane_2,mainline,,normal,none,commit
BASIC-05,basic_long_dt_900,391,39.100000000000286,B05_TLV_CLV,cav,not_applicable,8009.62000448988,3.5,29.99999812921707,7.794928876592167e-07,lane_1,mainline,,normal,none,commit
BASIC-05,basic_long_dt_900,392,39.20000000000029,B05_MV,cav,not_applicable,7245.900197077328,-0.060726557325808006,0.024441730813122203,4.0,on_ramp,on_ramp_mv,,normal,executing,commit
BASIC-05,basic_long_dt_900,392,39.20000000000029,B05_CLV,cav,not_applicable,8019.000002587051,0.0,29.999998922060005,4.491416646601465e-07,lane_2,mainline,,normal,none,commit
BASIC-05,basic_long_dt_900,392,39.20000000000029,B05_CFV,cav,not_applicable,7976.704418483916,0.0,29.981500396488446,-0.4430501420447496,lane_2,mainline,,normal,none,commit
BASIC-05,basic_long_dt_900,392,39.20000000000029,B05_TLV_CLV,cav,not_applicable,8012.6200043102845,3.5,29.999998204048385,7.483131724939085e-07,lane_1,mainline,,normal,none,commit
BASIC-05,basic_long_dt_900,393,39.30000000000029,B05_MV,cav,not_applicable,7245.902582823497,-0.06069230921442692,0.02385746169457579,4.0,on_ramp,on_ramp_mv,,normal,executing,commit
BASIC-05,basic_long_dt_900,393,39.30000000000029,B05_CLV,cav,not_applicable,8022.000002483569,0.0,29.999998965177603,4.311759980168972e-07,lane_2,mainline,,normal,none,commit
BASIC-05,basic_long_dt_900,393,39.30000000000029,B05_CFV,cav,not_applicable,7979.70621629513,0.0,30.017978112139332,0.3647771565088413,lane_2,mainline,,normal,none,commit
BASIC-05,basic_long_dt_900,393,39.30000000000029,B05_TLV_CLV,cav,not_applicable,8015.620004137873,3.5,29.99999827588645,7.183806459920562e-07,lane_1,mainline,,normal,none,commit
BASIC-05,basic_long_dt_900,394,39.40000000000029,B05_MV,cav,not_applicable,7245.9049115394255,-0.060658888941730105,0.023287159279358982,4.0,on_ramp,on_ramp_mv,,normal,executing,commit
BASIC-05,basic_long_dt_900,394,39.40000000000029,B05_CLV,cav,not_applicable,8025.000002384226,0.0,29.999999006570498,4.139289586646555e-07,lane_2,mainline,,normal,none,commit
BASIC-05,basic_long_dt_900,394,39.40000000000029,B05_CFV,cav,not_applicable,7982.700089555806,0.0,29.938732606762784,-0.7924550537654934,lane_2,mainline,,normal,none,commit
BASIC-05,basic_long_dt_900,394,39.40000000000029,B05_TLV_CLV,cav,not_applicable,8018.620003972358,3.5,29.999998344850994,6.896454195270963e-07,lane_1,mainline,,normal,none,commit
BASIC-05,basic_long_dt_900,395,39.50000000000029,B05_MV,cav,not_applicable,7245.9071845883955,-0.06062627628643025,0.022730489699245397,4.0,on_ramp,on_ramp_mv,,normal,executing,commit
BASIC-05,basic_long_dt_900,395,39.50000000000029,B05_CLV,cav,not_applicable,8028.000002288856,0.0,29.99999904630768,3.973718008865035e-07,lane_2,mainline,,normal,none,commit
BASIC-05,basic_long_dt_900,395,39.50000000000029,B05_CFV,cav,not_applicable,7985.694751820588,0.0,29.946622647818334,0.07890041055550545,lane_2,mainline,,normal,none,commit
BASIC-05,basic_long_dt_900,395,39.50000000000029,B05_TLV_CLV,cav,not_applicable,8021.620003813464,3.5,29.999998411056954,6.620596025186388e-07,lane_1,mainline,,normal,none,commit
BASIC-05,basic_long_dt_900,396,39.60000000000029,B05_MV,cav,not_applicable,7245.909403301102,-0.060594451531023275,0.02218712706737717,4.0,on_ramp,on_ramp_mv,,normal,executing,commit
BASIC-05,basic_long_dt_900,396,39.60000000000029,B05_CLV,cav,not_applicable,8031.000002197302,0.0,29.99999908445537,3.814769286236697e-07,lane_2,mainline,,normal,none,commit
BASIC-05,basic_long_dt_900,396,39.60000000000029,B05_CFV,cav,not_applicable,7988.697332361457,0.0,30.025805408681965,0.7918276086363226,lane_2,mainline,,normal,none,commit
BASIC-05,basic_long_dt_900,396,39.60000000000029,B05_TLV_CLV,cav,not_applicable,8024.620003660925,3.5,29.999998474614674,6.355772185884235e-07,lane_1,mainline,,normal,none,commit
BASIC-05,basic_long_dt_900,397,39.700000000000294,B05_MV,cav,not_applicable,7245.911568976431,-0.06056339544878142,0.021656753286726022,4.0,on_ramp,on_ramp_mv,,normal,executing,commit
BASIC-05,basic_long_dt_900,397,39.700000000000294,B05_CLV,cav,not_applicable,8034.000002109409,0.0,29.999999121077156,3.6621785142187947e-07,lane_2,mainline,,normal,none,commit
BASIC-05,basic_long_dt_900,397,39.700000000000294,B05_CFV,cav,not_applicable,7991.695482400941,0.0,29.981500394843117,-0.4430501383884633,lane_2,mainline,,normal,none,commit
BASIC-05,basic_long_dt_900,397,39.700000000000294,B05_TLV_CLV,cav,not_applicable,8027.620003514488,3.5,29.999998535630088,6.101541302427905e-07,lane_1,mainline,,normal,none,commit
BASIC-05,basic_long_dt_900,398,39.800000000000296,B05_MV,cav,not_applicable,7245.9136828822175,-0.0605330892911069,0.021139057864424438,4.0,on_ramp,on_ramp_mv,,normal,executing,commit
BASIC-05,basic_long_dt_900,398,39.800000000000296,B05_CLV,cav,not_applicable,8037.000002025033,0.0,29.999999156234068,3.515691375355346e-07,lane_2,mainline,,normal,none,commit
BASIC-05,basic_long_dt_900,398,39.800000000000296,B05_CFV,cav,not_applicable,7994.69728021202,0.0,30.017978110793152,0.3647771595003483,lane_2,mainline,,normal,none,commit
BASIC-05,basic_long_dt_900,398,39.800000000000296,B05_TLV_CLV,cav,not_applicable,8030.620003373909,3.5,29.999998594204882,5.857479649762354e-07,lane_1,mainline,,normal,none,commit
BASIC-05,basic_long_dt_900,399,39.9000000000003,B05_MV,cav,not_applicable,7245.915746255991,-0.06050351477522575,0.020633737729792784,4.0,on_ramp,on_ramp_mv,,normal,executing,commit
BASIC-05,basic_long_dt_900,399,39.9000000000003,B05_CLV,cav,not_applicable,8040.000001944031,0.0,29.999999189984706,3.375063727162342e-07,lane_2,mainline,,normal,none,commit
BASIC-05,basic_long_dt_900,399,39.9000000000003,B05_CFV,cav,not_applicable,7997.691153472586,0.0,29.93873260566136,-0.7924550513178967,lane_2,mainline,,normal,none,commit
BASIC-05,basic_long_dt_900,399,39.9000000000003,B05_TLV_CLV,cav,not_applicable,8033.620003238952,3.5,29.999998650436687,5.623180470593071e-07,lane_1,mainline,,normal,none,commit
BASIC-05,basic_long_dt_900,400,40.0000000000003,B05_MV,cav,not_applicable,7245.917760305696,-0.060474654072221856,0.020140497056714713,4.0,on_ramp,on_ramp_mv,,normal,executing,commit
BASIC-05,basic_long_dt_900,400,40.0000000000003,B05_CLV,cav,not_applicable,8043.0000018662695,0.0,29.999999222385316,3.2400611758021116e-07,lane_2,mainline,,normal,none,commit
BASIC-05,basic_long_dt_900,400,40.0000000000003,B05_CFV,cav,not_applicable,8000.685815737278,0.0,29.94662264691717,0.07890041255808455,lane_2,mainline,,normal,none,commit
BASIC-05,basic_long_dt_900,400,40.0000000000003,B05_TLV_CLV,cav,not_applicable,8036.620003109394,3.5,29.99999870441922,5.398253250632479e-07,lane_1,mainline,,normal,none,commit
BASIC-05,basic_long_dt_900,401,40.1000000000003,B05_MV,cav,not_applicable,7245.919726210405,-0.0604464897953898,0.019659047091012925,4.0,on_ramp,on_ramp_mv,,normal,executing,commit
BASIC-05,basic_long_dt_900,401,40.1000000000003,B05_CLV,cav,not_applicable,8046.000001791618,0.0,29.999999253489904,3.110458735022803e-07,lane_2,mainline,,normal,none,commit
BASIC-05,basic_long_dt_900,401,40.1000000000003,B05_CFV,cav,not_applicable,8003.688396278072,0.0,30.02580540794465,0.7918276102747964,lane_2,mainline,,normal,none,commit
BASIC-05,basic_long_dt_900,401,40.1000000000003,B05_TLV_CLV,cav,not_applicable,8039.620002985018,3.5,29.99999875624245,5.182323121744048e-07,lane_1,mainline,,normal,none,commit
BASIC-05,basic_long_dt_900,402,40.2000000000003,B05_MV,cav,not_applicable,7245.921645121003,-0.06041900498891328,0.019189105980651364,4.0,on_ramp,on_ramp_mv,,normal,executing,commit
BASIC-05,basic_long_dt_900,402,40.2000000000003,B05_CLV,cav,not_applicable,8049.000001719954,0.0,29.999999283350306,2.9860403856218913e-07,lane_2,mainline,,normal,none,commit
BASIC-05,basic_long_dt_900,402,40.2000000000003,B05_CFV,cav,not_applicable,8006.686546317496,0.0,29.98150039423986,-0.44305013704789376,lane_2,mainline,,normal,none,commit
BASIC-05,basic_long_dt_900,402,40.2000000000003,B05_TLV_CLV,cav,not_applicable,8042.620002865618,3.5,29.999998805992753,4.975030194032116e-07,lane_1,mainline,,normal,none,commit
BASIC-05,basic_long_dt_900,403,40.3000000000003,B05_MV,cav,not_applicable,7245.923518160865,-0.060392183116841025,0.01873039861159002,4.0,on_ramp,on_ramp_mv,,normal,executing,commit
BASIC-05,basic_long_dt_900,403,40.3000000000003,B05_CLV,cav,not_applicable,8052.000001651155,0.0,29.999999312016293,2.8665987770182257e-07,lane_2,mainline,,normal,none,commit
BASIC-05,basic_long_dt_900,403,40.3000000000003,B05_CFV,cav,not_applicable,8009.688344128526,0.0,30.017978110299577,0.3647771605971779,lane_2,mainline,,normal,none,commit
BASIC-05,basic_long_dt_900,403,40.3000000000003,B05_TLV_CLV,cav,not_applicable,8045.620002750993,3.5,29.99999885375304,4.776028987407699e-07,lane_1,mainline,,normal,none,commit
BASIC-05,basic_long_dt_900,404,40.400000000000304,B05_MV,cav,not_applicable,7245.925346426509,-0.06036600805236292,0.018282656445813877,4.0,on_ramp,on_ramp_mv,,normal,executing,commit
BASIC-05,basic_long_dt_900,404,40.400000000000304,B05_CLV,cav,not_applicable,8055.000001585108,0.0,29.99999933953564,2.751934829348102e-07,lane_2,mainline,,normal,none,commit
BASIC-05,basic_long_dt_900,404,40.400000000000304,B05_CFV,cav,not_applicable,8012.682217389052,0.0,29.938732605257528,-0.7924550504204908,lane_2,mainline,,normal,none,commit
BASIC-05,basic_long_dt_900,404,40.400000000000304,B05_TLV_CLV,cav,not_applicable,8048.620002640953,3.5,29.999998899602918,4.5849878347326014e-07,lane_1,mainline,,normal,none,commit
BASIC-05,basic_long_dt_900,405,40.500000000000306,B05_MV,cav,not_applicable,7245.927130988246,-0.06034046406737881,0.01784561736501455,4.0,on_ramp,on_ramp_mv,,normal,executing,commit
BASIC-05,basic_long_dt_900,405,40.500000000000306,B05_CLV,cav,not_applicable,8058.000001521704,0.0,29.999999365954217,2.641857435037309e-07,lane_2,mainline,,normal,none,commit
BASIC-05,basic_long_dt_900,405,40.500000000000306,B05_CFV,cav,not_applicable,8015.676879653711,0.0,29.94662264658676,0.07890041329232578,lane_2,mainline,,normal,none,commit
BASIC-05,basic_long_dt_900,405,40.500000000000306,B05_TLV_CLV,cav,not_applicable,8051.6200025353155,3.5,29.999998943618802,4.4015883275960733e-07,lane_1,mainline,,normal,none,commit
BASIC-05,basic_long_dt_900,406,40.60000000000031,B05_MV,cav,not_applicable,7245.928872890798,-0.06031553582234128,0.017419025516445998,4.0,on_ramp,on_ramp_mv,,normal,executing,commit
BASIC-05,basic_long_dt_900,406,40.60000000000031,B05_CLV,cav,not_applicable,8061.000001460835,0.0,29.99999939131605,2.536183131951475e-07,lane_2,mainline,,normal,none,commit
BASIC-05,basic_long_dt_900,406,40.60000000000031,B05_CFV,cav,not_applicable,8018.679460194478,0.0,30.025805407674316,0.7918276108755393,lane_2,mainline,,normal,none,commit
BASIC-05,basic_long_dt_900,406,40.60000000000031,B05_TLV_CLV,cav,not_applicable,8054.620002433903,3.5,29.99999898587405,4.225524790513191e-07,lane_1,mainline,,normal,none,commit
BASIC-05,basic_long_dt_900,407,40.70000000000031,B05_MV,cav,not_applicable,7245.930573153914,-0.06029120835637558,0.017002631163563296,4.0,on_ramp,on_ramp_mv,,normal,executing,commit
BASIC-05,basic_long_dt_900,407,40.70000000000031,B05_CLV,cav,not_applicable,8064.000001402402,0.0,29.999999415663407,2.4347358049681136e-07,lane_2,mainline,,normal,none,commit
BASIC-05,basic_long_dt_900,407,40.70000000000031,B05_CFV,cav,not_applicable,8021.67761023388,0.0,29.981500394018678,-0.44305013655637693,lane_2,mainline,,normal,none,commit
BASIC-05,basic_long_dt_900,407,40.70000000000031,B05_TLV_CLV,cav,not_applicable,8057.620002336547,3.5,29.999999026439088,4.056503797755795e-07,lane_1,mainline,,normal,none,commit
BASIC-05,basic_long_dt_900,408,40.80000000000031,B05_MV,cav,not_applicable,7245.932232772968,-0.0602674670776584,0.01659619053948775,4.0,on_ramp,on_ramp_mv,,normal,executing,commit
BASIC-05,basic_long_dt_900,408,40.80000000000031,B05_CLV,cav,not_applicable,8067.000001346305,0.0,29.99999943903687,2.337346373337823e-07,lane_2,mainline,,normal,none,commit
BASIC-05,basic_long_dt_900,408,40.80000000000031,B05_CFV,cav,not_applicable,8024.679408044892,0.0,30.017978110118612,0.364777160999328,lane_2,mainline,,normal,none,commit
BASIC-05,basic_long_dt_900,408,40.80000000000031,B05_TLV_CLV,cav,not_applicable,8060.620002243086,3.5,29.999999065381523,3.8942436475508657e-07,lane_1,mainline,,normal,none,commit
BASIC-05,basic_long_dt_900,409,40.90000000000031,B05_MV,cav,not_applicable,7245.933852719539,-0.0602442977540627,0.01619946570482022,4.0,on_ramp,on_ramp_mv,,normal,executing,commit
BASIC-05,basic_long_dt_900,409,40.90000000000031,B05_CLV,cav,not_applicable,8070.000001292453,0.0,29.999999461475394,2.243852520678047e-07,lane_2,mainline,,normal,none,commit
BASIC-05,basic_long_dt_900,409,40.90000000000031,B05_CFV,cav,not_applicable,8027.673281305402,0.0,29.938732605109465,-0.7924550500914589,lane_2,mainline,,normal,none,commit
BASIC-05,basic_long_dt_900,409,40.90000000000031,B05_TLV_CLV,cav,not_applicable,8063.620002153362,3.5,29.999999102766264,3.7384739073331733e-07,lane_1,mainline,,normal,none,commit
BASIC-05,basic_long_dt_900,410,41.00000000000031,B05_MV,cav,not_applicable,7245.93543394198,-0.06022168650403881,0.015812224407411136,4.0,on_ramp,on_ramp_mv,,normal,executing,commit
BASIC-05,basic_long_dt_900,410,41.00000000000031,B05_CLV,cav,not_applicable,8073.0000012407545,0.0,29.999999483016378,2.154098424966833e-07,lane_2,mainline,,normal,none,commit
BASIC-05,basic_long_dt_900,410,41.00000000000031,B05_CFV,cav,not_applicable,8030.667943570049,0.0,29.946622646465617,0.07890041356153366,lane_2,mainline,,normal,none,commit
BASIC-05,basic_long_dt_900,410,41.00000000000031,B05_TLV_CLV,cav,not_applicable,8066.620002067228,3.5,29.999999138655614,3.58893494478707e-07,lane_1,mainline,,normal,none,commit
BASIC-05,basic_long_dt_900,411,41.100000000000314,B05_MV,cav,not_applicable,7245.936977365975,-0.06019961978775079,0.0154342399475658,4.0,on_ramp,on_ramp_mv,,normal,executing,commit
BASIC-05,basic_long_dt_900,411,41.100000000000314,B05_CLV,cav,not_applicable,8076.000001191124,0.0,29.999999503695722,2.0679344885365937e-07,lane_2,mainline,,normal,none,commit
BASIC-05,basic_long_dt_900,411,41.100000000000314,B05_CFV,cav,not_applicable,8033.670524110807,0.0,30.025805407575195,0.7918276110958002,lane_2,mainline,,normal,none,commit
BASIC-05,basic_long_dt_900,411,41.100000000000314,B05_TLV_CLV,cav,not_applicable,8069.620001984538,3.5,29.99999917310939,3.4453775441534165e-07,lane_1,mainline,,normal,none,commit
BASIC-05,basic_long_dt_900,412,41.200000000000315,B05_MV,cav,not_applicable,7245.938483895079,-0.060178084398436305,0.015065291044554145,4.0,on_ramp,on_ramp_mv,,normal,executing,commit
BASIC-05,basic_long_dt_900,412,41.200000000000315,B05_CLV,cav,not_applicable,8079.0000011434795,0.0,29.999999523547892,1.9852171107004324e-07,lane_2,mainline,,normal,none,commit
BASIC-05,basic_long_dt_900,412,41.200000000000315,B05_CFV,cav,not_applicable,8036.668674150201,0.0,29.98150039393758,-0.4430501363761634,lane_2,mainline,,normal,none,commit
BASIC-05,basic_long_dt_900,412,41.200000000000315,B05_TLV_CLV,cav,not_applicable,8072.620001905157,3.5,29.999999206185016,3.307562437271372e-07,lane_1,mainline,,normal,none,commit
BASIC-05,basic_long_dt_900,413,41.30000000000032,B05_MV,cav,not_applicable,7245.93995441125,-0.06015706745400484,0.014705161707251287,4.0,on_ramp,on_ramp_mv,,normal,executing,commit
BASIC-05,basic_long_dt_900,413,41.30000000000032,B05_CLV,cav,not_applicable,8082.00000109774,0.0,29.999999542605977,1.9058084319567572e-07,lane_2,mainline,,normal,none,commit
BASIC-05,basic_long_dt_900,413,41.30000000000032,B05_CFV,cav,not_applicable,8039.670471961206,0.0,30.01797811005226,0.36477716114677544,lane_2,mainline,,normal,none,commit
BASIC-05,basic_long_dt_900,413,41.30000000000032,B05_TLV_CLV,cav,not_applicable,8075.62000182895,3.5,29.999999237937615,3.1752599340961754e-07,lane_1,mainline,,normal,none,commit
BASIC-05,basic_long_dt_900,414,41.40000000000032,B05_MV,cav,not_applicable,7245.941389775361,-0.060136556388848295,0.014353641107604441,4.0,on_ramp,on_ramp_mv,,normal,executing,commit
BASIC-05,basic_long_dt_900,414,41.40000000000032,B05_CLV,cav,not_applicable,8085.000001053831,0.0,29.99999956090174,1.82957609240475e-07,lane_2,mainline,,normal,none,commit
BASIC-05,basic_long_dt_900,414,41.40000000000032,B05_CFV,cav,not_applicable,8042.664345221711,0.0,29.938732605055176,-0.7924550499708201,lane_2,mainline,,normal,none,commit
BASIC-05,basic_long_dt_900,414,41.40000000000032,B05_TLV_CLV,cav,not_applicable,8078.620001755792,3.5,29.99999926842011,3.0482495390060653e-07,lane_1,mainline,,normal,none,commit
BASIC-05,basic_long_dt_900,415,41.50000000000032,B05_MV,cav,not_applicable,7245.942790827707,-0.060116538945877984,0.01401052345757839,4.0,on_ramp,on_ramp_mv,,normal,executing,commit
BASIC-05,basic_long_dt_900,415,41.50000000000032,B05_CLV,cav,not_applicable,8088.000001011677,0.0,29.99999957846567,1.7563930470032575e-07,lane_2,mainline,,normal,none,commit
BASIC-05,basic_long_dt_900,415,41.50000000000032,B05_CFV,cav,not_applicable,8045.659007486353,0.0,29.9466226464212,0.07890041366023826,lane_2,mainline,,normal,none,commit
BASIC-05,basic_long_dt_900,415,41.50000000000032,B05_TLV_CLV,cav,not_applicable,8081.62000168556,3.5,29.999999297683306,2.926319552898349e-07,lane_1,mainline,,normal,none,commit
BASIC-05,basic_long_dt_900,416,41.60000000000032,B05_MV,cav,not_applicable,7245.944158388495,-0.06009700316875932,0.013675607888275078,4.0,on_ramp,on_ramp_mv,,normal,executing,commit
BASIC-05,basic_long_dt_900,416,41.60000000000032,B05_CLV,cav,not_applicable,8091.00000097121,0.0,29.999999595327044,1.686137323986259e-07,lane_2,mainline,,normal,none,commit
BASIC-05,basic_long_dt_900,416,41.60000000000032,B05_CFV,cav,not_applicable,8048.661588027107,0.0,30.025805407538858,0.7918276111765585,lane_2,mainline,,normal,none,commit
BASIC-05,basic_long_dt_900,416,41.60000000000032,B05_TLV_CLV,cav,not_applicable,8084.620001618137,3.5,29.999999325775974,2.809266774761454e-07,lane_1,mainline,,normal,none,commit
BASIC-05,basic_long_dt_900,417,41.70000000000032,B05_MV,cav,not_applicable,7245.9454932583285,-0.06007793739436185,0.013348698332314352,4.0,on_ramp,on_ramp_mv,,normal,executing,commit
BASIC-05,basic_long_dt_900,417,41.70000000000032,B05_CLV,cav,not_applicable,8094.000000932362,0.0,29.99999961151396,1.618691825910901e-07,lane_2,mainline,,normal,none,commit
BASIC-05,basic_long_dt_900,417,41.70000000000032,B05_CFV,cav,not_applicable,8051.659738066498,0.0,29.981500393907847,-0.4430501363100885,lane_2,mainline,,normal,none,commit
BASIC-05,basic_long_dt_900,417,41.70000000000032,B05_TLV_CLV,cav,not_applicable,8087.620001553412,3.5,29.999999352744936,2.696896103770996e-07,lane_1,mainline,,normal,none,commit
BASIC-05,basic_long_dt_900,418,41.800000000000324,B05_MV,cav,not_applicable,7245.946796218669,-0.06005933024539711,0.013029603409475874,4.0,on_ramp,on_ramp_mv,,normal,executing,commit
BASIC-05,basic_long_dt_900,418,41.800000000000324,B05_CLV,cav,not_applicable,8097.000000895067,0.0,29.999999627053402,1.5539441591272408e-07,lane_2,mainline,,normal,none,commit
BASIC-05,basic_long_dt_900,418,41.800000000000324,B05_CFV,cav,not_applicable,8054.661535877501,0.0,30.01797811002793,0.36477716120083675,lane_2,mainline,,normal,none,commit
BASIC-05,basic_long_dt_900,418,41.800000000000324,B05_TLV_CLV,cav,not_applicable,8090.620001491276,3.5,29.999999378635138,2.589020255072683e-07,lane_1,mainline,,normal,none,commit
BASIC-05,basic_long_dt_900,419,41.900000000000325,B05_MV,cav,not_applicable,7245.9480680323,-0.06004117062325465,0.012718136314297728,4.0,on_ramp,on_ramp_mv,,normal,executing,commit
BASIC-05,basic_long_dt_900,419,41.900000000000325,B05_CLV,cav,not_applicable,8100.000000859264,0.0,29.999999641971264,1.491786392193717e-07,lane_2,mainline,,normal,none,commit
BASIC-05,basic_long_dt_900,419,41.900000000000325,B05_CFV,cav,not_applicable,8057.655409138004,0.0,29.93873260503527,-0.7924550499265881,lane_2,mainline,,normal,none,commit
BASIC-05,basic_long_dt_900,419,41.900000000000325,B05_TLV_CLV,cav,not_applicable,8093.620001431625,3.5,29.99999940348973,2.485459447143512e-07,lane_1,mainline,,normal,none,commit
BASIC-05,basic_long_dt_900,420,42.00000000000033,B05_MV,cav,not_applicable,7245.949309443771,-0.0600234477010253,0.01241411470671878,4.0,on_ramp,on_ramp_mv,,normal,executing,commit
BASIC-05,basic_long_dt_900,420,42.00000000000033,B05_CLV,cav,not_applicable,8103.0000008248935,0.0,29.999999656292413,1.43211494219031e-07,lane_2,mainline,,normal,none,commit
BASIC-05,basic_long_dt_900,420,42.00000000000033,B05_CFV,cav,not_applicable,8060.650071402644,0.0,29.94662264640491,0.07890041369642797,lane_2,mainline,,normal,none,commit
BASIC-05,basic_long_dt_900,420,42.00000000000033,B05_TLV_CLV,cav,not_applicable,8096.620001374359,3.5,29.999999427350144,2.386041074942114e-07,lane_1,mainline,,normal,none,commit
BASIC-05,basic_long_dt_900,421,42.10000000000033,B05_MV,cav,not_applicable,7245.950521179831,-0.06000615091670136,0.012117360605547377,4.0,on_ramp,on_ramp_mv,,normal,executing,commit
BASIC-05,basic_long_dt_900,421,42.10000000000033,B05_CLV,cav,not_applicable,8106.000000791898,0.0,29.999999670040715,1.3748303473448686e-07,lane_2,mainline,,normal,none,commit
BASIC-05,basic_long_dt_900,421,42.10000000000033,B05_CFV,cav,not_applicable,8063.652651943396,0.0,30.025805407525528,0.7918276112061684,lane_2,mainline,,normal,none,commit
BASIC-05,basic_long_dt_900,421,42.10000000000033,B05_TLV_CLV,cav,not_applicable,8099.620001319385,3.5,29.999999450256137,2.290599425691653e-07,lane_1,mainline,,normal,none,commit
BASIC-05,basic_long_dt_900,422,42.20000000000033,B05_MV,cav,not_applicable,7245.95170394986,-0.059989269966558734,0.011827700284321561,4.0,on_ramp,on_ramp_mv,,normal,executing,commit
BASIC-05,basic_long_dt_900,422,42.20000000000033,B05_CLV,cav,not_applicable,8109.000000760222,0.0,29.999999683239086,1.319837139135416e-07,lane_2,mainline,,normal,none,commit
BASIC-05,basic_long_dt_900,422,42.20000000000033,B05_CFV,cav,not_applicable,8066.650801982786,0.0,29.98150039389694,-0.4430501362858622,lane_2,mainline,,normal,none,commit
BASIC-05,basic_long_dt_900,422,42.20000000000033,B05_TLV_CLV,cav,not_applicable,8102.6200012666095,3.5,29.999999472245893,2.198975451506158e-07,lane_1,mainline,,normal,none,commit
BASIC-05,basic_long_dt_900,423,42.30000000000033,B05_MV,cav,not_applicable,7245.952858446277,-0.05997279479870876,0.011544964169125994,4.0,on_ramp,on_ramp_mv,,normal,executing,commit
BASIC-05,basic_long_dt_900,423,42.30000000000033,B05_CLV,cav,not_applicable,8112.000000729813,0.0,29.999999695909523,1.2670436575490384e-07,lane_2,mainline,,normal,none,commit
BASIC-05,basic_long_dt_900,423,42.30000000000033,B05_CFV,cav,not_applicable,8069.652599793788,0.0,30.017978110019005,0.36477716122065823,lane_2,mainline,,normal,none,commit
BASIC-05,basic_long_dt_900,423,42.30000000000033,B05_TLV_CLV,cav,not_applicable,8105.620001215945,3.5,29.999999493356057,2.1110164283300037e-07,lane_1,mainline,,normal,none,commit
BASIC-05,basic_long_dt_900,424,42.40000000000033,B05_MV,cav,not_applicable,7245.9539853449505,-0.05995671560681659,0.011268986739670027,4.0,on_ramp,on_ramp_mv,,normal,executing,commit
BASIC-05,basic_long_dt_900,424,42.40000000000033,B05_CLV,cav,not_applicable,8115.00000070062,0.0,29.99999970807314,1.2163619089733402e-07,lane_2,mainline,,normal,none,commit
BASIC-05,basic_long_dt_900,424,42.40000000000033,B05_CFV,cav,not_applicable,8072.64647305429,0.0,29.93873260502797,-0.7924550499103704,lane_2,mainline,,normal,none,commit
BASIC-05,basic_long_dt_900,424,42.40000000000033,B05_TLV_CLV,cav,not_applicable,8108.620001167307,3.5,29.999999513621816,2.0265757711968037e-07,lane_1,mainline,,normal,none,commit
BASIC-05,basic_long_dt_900,425,42.500000000000334,B05_MV,cav,not_applicable,7245.9550853055935,-0.059941022823982504,0.0109996064327573,4.0,on_ramp,on_ramp_mv,,normal,executing,commit
BASIC-05,basic_long_dt_900,425,42.500000000000334,B05_CLV,cav,not_applicable,8118.000000672595,0.0,29.999999719750214,1.1677074382987485e-07,lane_2,mainline,,normal,none,commit
BASIC-05,basic_long_dt_900,425,42.500000000000334,B05_CFV,cav,not_applicable,8075.6411353189305,0.0,29.94662264639894,0.07890041370969703,lane_2,mainline,,normal,none,commit
BASIC-05,basic_long_dt_900,425,42.500000000000334,B05_TLV_CLV,cav,not_applicable,8111.620001120615,3.5,29.999999533076945,1.945512735801458e-07,lane_1,mainline,,normal,none,commit
BASIC-05,basic_long_dt_900,426,42.600000000000335,B05_MV,cav,not_applicable,7245.956158972148,-0.05992570711678091,0.010736665546842399,4.0,on_ramp,on_ramp_mv,,normal,executing,commit
BASIC-05,basic_long_dt_900,426,42.600000000000335,B05_CLV,cav,not_applicable,8121.000000645691,0.0,29.999999730960205,1.1209991441774037e-07,lane_2,mainline,,normal,none,commit
BASIC-05,basic_long_dt_900,426,42.600000000000335,B05_CFV,cav,not_applicable,8078.643715859683,0.0,30.025805407520643,0.7918276112170248,lane_2,mainline,,normal,none,commit
BASIC-05,basic_long_dt_900,426,42.600000000000335,B05_TLV_CLV,cav,not_applicable,8114.62000107579,3.5,29.999999551753866,1.8676922195481895e-07,lane_1,mainline,,normal,none,commit
BASIC-05,basic_long_dt_900,427,42.70000000000034,B05_MV,cav,not_applicable,7245.957206973163,-0.05991075937945567,0.01048001015028348,4.0,on_ramp,on_ramp_mv,,normal,executing,commit
BASIC-05,basic_long_dt_900,427,42.70000000000034,B05_CLV,cav,not_applicable,8124.000000619863,0.0,29.999999741721798,1.0761591795471759e-07,lane_2,mainline,,normal,none,commit
BASIC-05,basic_long_dt_900,427,42.70000000000034,B05_CFV,cav,not_applicable,8081.641865899072,0.0,29.981500393892944,-0.44305013627697964,lane_2,mainline,,normal,none,commit
BASIC-05,basic_long_dt_900,427,42.70000000000034,B05_TLV_CLV,cav,not_applicable,8117.620001032758,3.5,29.999999569683713,1.792984534176867e-07,lane_1,mainline,,normal,none,commit
BASIC-05,basic_long_dt_900,428,42.80000000000034,B05_MV,cav,not_applicable,7245.958229922162,-0.0598961707282597,0.010229489991116789,4.0,on_ramp,on_ramp_mv,,normal,executing,commit
BASIC-05,basic_long_dt_900,428,42.80000000000034,B05_CLV,cav,not_applicable,8127.000000595069,0.0,29.999999752052926,1.033112809523118e-07,lane_2,mainline,,normal,none,commit
BASIC-05,basic_long_dt_900,428,42.80000000000034,B05_CFV,cav,not_applicable,8084.643663710074,0.0,30.017978110015736,0.3647771612279258,lane_2,mainline,,normal,none,commit
BASIC-05,basic_long_dt_900,428,42.80000000000034,B05_TLV_CLV,cav,not_applicable,8120.620000991448,3.5,29.999999586896365,1.7212651499676214e-07,lane_1,mainline,,normal,none,commit
BASIC-05,basic_long_dt_900,429,42.90000000000034,B05_MV,cav,not_applicable,7245.959228418003,-0.05988193249594387,0.009984958409222684,4.0,on_ramp,on_ramp_mv,,normal,executing,commit
BASIC-05,basic_long_dt_900,429,42.90000000000034,B05_CLV,cav,not_applicable,8130.000000571265,0.0,29.99999976197081,9.917882977106274e-08,lane_2,mainline,,normal,none,commit
BASIC-05,basic_long_dt_900,429,42.90000000000034,B05_CFV,cav,not_applicable,8087.637536970577,0.0,29.938732605025294,-0.7924550499044243,lane_2,mainline,,normal,none,commit
BASIC-05,basic_long_dt_900,429,42.90000000000034,B05_TLV_CLV,cav,not_applicable,8123.620000951791,3.5,29.99999960342051,1.652414539421443e-07,lane_1,mainline,,normal,none,commit
BASIC-05,basic_long_dt_900,430,43.00000000000034,B05_MV,cav,not_applicable,7245.960203045228,-0.05986803622638881,0.009746272250230963,4.0,on_ramp,on_ramp_mv,,normal,executing,commit
BASIC-05,basic_long_dt_900,430,43.00000000000034,B05_CLV,cav,not_applicable,8133.000000548414,0.0,29.999999771491975,9.521167640968998e-08,lane_2,mainline,,normal,none,commit
BASIC-05,basic_long_dt_900,430,43.00000000000034,B05_CFV,cav,not_applicable,8090.632199235216,0.0,29.94662264639675,0.07890041371456202,lane_2,mainline,,normal,none,commit
BASIC-05,basic_long_dt_900,430,43.00000000000034,B05_TLV_CLV,cav,not_applicable,8126.620000913719,3.5,29.999999619283688,1.5863179640973614e-07,lane_1,mainline,,normal,none,commit
BASIC-05,basic_long_dt_900,431,43.10000000000034,B05_MV,cav,not_applicable,7245.961154374406,-0.05985447366936825,0.009513291781600274,4.0,on_ramp,on_ramp_mv,,normal,executing,commit
BASIC-05,basic_long_dt_900,431,43.10000000000034,B05_CLV,cav,not_applicable,8136.000000526477,0.0,29.999999780632297,9.140320997857999e-08,lane_2,mainline,,normal,none,commit
BASIC-05,basic_long_dt_900,431,43.10000000000034,B05_CFV,cav,not_applicable,8093.634779775968,0.0,30.025805407518853,0.7918276112210053,lane_2,mainline,,normal,none,commit
BASIC-05,basic_long_dt_900,431,43.10000000000034,B05_TLV_CLV,cav,not_applicable,8129.62000087717,3.5,29.999999634512342,1.5228652472387694e-07,lane_1,mainline,,normal,none,commit
BASIC-05,basic_long_dt_900,432,43.200000000000344,B05_MV,cav,not_applicable,7245.962082962467,-0.05984123677545128,0.009285880611523889,4.0,on_ramp,on_ramp_mv,,normal,executing,commit
BASIC-05,basic_long_dt_900,432,43.200000000000344,B05_CLV,cav,not_applicable,8139.000000505418,0.0,29.999999789407006,8.774708106784602e-08,lane_2,mainline,,normal,none,commit
BASIC-05,basic_long_dt_900,432,43.200000000000344,B05_CFV,cav,not_applicable,8096.632929815357,0.0,29.98150039389148,-0.4430501362737229,lane_2,mainline,,normal,none,commit
BASIC-05,basic_long_dt_900,432,43.200000000000344,B05_TLV_CLV,cav,not_applicable,8132.620000842084,3.5,29.999999649131848,1.4619506316648767e-07,lane_1,mainline,,normal,none,commit
BASIC-05,basic_long_dt_900,433,43.300000000000345,B05_MV,cav,not_applicable,7245.962989353028,-0.05982831769103525,0.00906390560805288,4.0,on_ramp,on_ramp_mv,,normal,executing,commit
BASIC-05,basic_long_dt_900,433,43.300000000000345,B05_CLV,cav,not_applicable,8142.000000485201,0.0,29.999999797830725,8.423719748407167e-08,lane_2,mainline,,normal,none,commit
BASIC-05,basic_long_dt_900,433,43.300000000000345,B05_CFV,cav,not_applicable,8099.634727626359,0.0,30.01797811001454,0.3647771612305904,lane_2,mainline,,normal,none,commit
BASIC-05,basic_long_dt_900,433,43.300000000000345,B05_TLV_CLV,cav,not_applicable,8135.620000808401,3.5,29.999999663166573,1.4034726092404526e-07,lane_1,mainline,,normal,none,commit
BASIC-05,basic_long_dt_900,434,43.40000000000035,B05_MV,cav,not_applicable,7245.96387407671,-0.05981570875350117,0.008847236822132684,4.0,on_ramp,on_ramp_mv,,normal,executing,commit
BASIC-05,basic_long_dt_900,434,43.40000000000035,B05_CLV,cav,not_applicable,8145.000000465792,0.0,29.999999805917497,8.086771003945614e-08,lane_2,mainline,,normal,none,commit
BASIC-05,basic_long_dt_900,434,43.40000000000035,B05_CFV,cav,not_applicable,8102.628600886861,0.0,29.938732605024313,-0.7924550499022441,lane_2,mainline,,normal,none,commit
BASIC-05,basic_long_dt_900,434,43.40000000000035,B05_TLV_CLV,cav,not_applicable,8138.620000776064,3.5,29.99999967663991,1.3473337077130054e-07,lane_1,mainline,,normal,none,commit
BASIC-05,basic_long_dt_900,435,43.50000000000035,B05_MV,cav,not_applicable,7245.964737651451,-0.059803402486495294,0.00863574741085709,4.0,on_ramp,on_ramp_mv,,normal,executing,commit
BASIC-05,basic_long_dt_900,435,43.50000000000035,B05_CLV,cav,not_applicable,8148.00000044716,0.0,29.999999813680798,7.763300118313056e-08,lane_2,mainline,,normal,none,commit
BASIC-05,basic_long_dt_900,435,43.50000000000035,B05_CFV,cav,not_applicable,8105.6232631515,0.0,29.946622646395948,0.07890041371634582,lane_2,mainline,,normal,none,commit
BASIC-05,basic_long_dt_900,435,43.50000000000035,B05_TLV_CLV,cav,not_applicable,8141.620000745022,3.5,29.999999689574313,1.2934403628150904e-07,lane_1,mainline,,normal,none,commit
BASIC-05,basic_long_dt_900,436,43.60000000000035,B05_MV,cav,not_applicable,7245.965580582808,-0.0597913915953332,0.008429313563548561,4.0,on_ramp,on_ramp_mv,,normal,executing,commit
BASIC-05,basic_long_dt_900,436,43.60000000000035,B05_CLV,cav,not_applicable,8151.000000429273,0.0,29.999999821133567,7.45276807379014e-08,lane_2,mainline,,normal,none,commit
BASIC-05,basic_long_dt_900,436,43.60000000000035,B05_CFV,cav,not_applicable,8108.625843692253,0.0,30.025805407518195,0.7918276112224648,lane_2,mainline,,normal,none,commit
BASIC-05,basic_long_dt_900,436,43.60000000000035,B05_TLV_CLV,cav,not_applicable,8144.620000715221,3.5,29.999999701991342,1.2417027477340526e-07,lane_1,mainline,,normal,none,commit
BASIC-05,basic_long_dt_900,437,43.70000000000035,B05_MV,cav,not_applicable,7245.966403364251,-0.059779668962512744,0.008227814428925603,4.0,on_ramp,on_ramp_mv,,normal,executing,commit
BASIC-05,basic_long_dt_900,437,43.70000000000035,B05_CLV,cav,not_applicable,8154.000000412102,0.0,29.999999828288225,7.15465731104814e-08,lane_2,mainline,,normal,none,commit
BASIC-05,basic_long_dt_900,437,43.70000000000035,B05_CFV,cav,not_applicable,8111.623993731641,0.0,29.981500393890943,-0.44305013627252876,lane_2,mainline,,normal,none,commit
BASIC-05,basic_long_dt_900,437,43.70000000000035,B05_TLV_CLV,cav,not_applicable,8147.620000686612,3.5,29.999999713911688,1.1920346310034802e-07,lane_1,mainline,,normal,none,commit
BASIC-05,basic_long_dt_900,438,43.80000000000035,B05_MV,cav,not_applicable,7245.967206477456,-0.059768227643351324,0.008031132044879081,4.0,on_ramp,on_ramp_mv,,normal,executing,commit
BASIC-05,basic_long_dt_900,438,43.80000000000035,B05_CLV,cav,not_applicable,8157.0000003956175,0.0,29.999999835156697,6.868471018606215e-08,lane_2,mainline,,normal,none,commit
BASIC-05,basic_long_dt_900,438,43.80000000000035,B05_CFV,cav,not_applicable,8114.625791542643,0.0,30.0179781100141,0.36477716123156745,lane_2,mainline,,normal,none,commit
BASIC-05,basic_long_dt_900,438,43.80000000000035,B05_TLV_CLV,cav,not_applicable,8150.620000659147,3.5,29.99999972535522,1.144353248605512e-07,lane_1,mainline,,normal,none,commit
BASIC-05,basic_long_dt_900,439,43.900000000000354,B05_MV,cav,not_applicable,7245.967990392583,-0.05975706086172483,0.007839151269118159,4.0,on_ramp,on_ramp_mv,,normal,executing,commit
BASIC-05,basic_long_dt_900,439,43.900000000000354,B05_CLV,cav,not_applicable,8160.000000379792,0.0,29.99999984175043,6.593732138071573e-08,lane_2,mainline,,normal,none,commit
BASIC-05,basic_long_dt_900,439,43.900000000000354,B05_CFV,cav,not_applicable,8117.6196648031455,0.0,29.938732605023954,-0.7924550499014448,lane_2,mainline,,normal,none,commit
BASIC-05,basic_long_dt_900,439,43.900000000000354,B05_TLV_CLV,cav,not_applicable,8153.620000632781,3.5,29.99999973634101,1.0985791192297257e-07,lane_1,mainline,,normal,none,commit
BASIC-05,basic_long_dt_900,440,44.000000000000355,B05_MV,cav,not_applicable,7245.968755568554,-0.059746162005918535,0.007651759711772954,4.0,on_ramp,on_ramp_mv,,normal,executing,commit
BASIC-05,basic_long_dt_900,440,44.000000000000355,B05_CLV,cav,not_applicable,8163.0000003646,0.0,29.999999848080414,6.329982795705292e-08,lane_2,mainline,,normal,none,commit
BASIC-05,basic_long_dt_900,440,44.000000000000355,B05_CFV,cav,not_applicable,8120.614327067785,0.0,29.946622646395653,0.07890041371699985,lane_2,mainline,,normal,none,commit
BASIC-05,basic_long_dt_900,440,44.000000000000355,B05_TLV_CLV,cav,not_applicable,8156.62000060747,3.5,29.99999974688737,1.0546359590080102e-07,lane_1,mainline,,normal,none,commit
BASIC-05,basic_long_dt_900,441,44.10000000000036,B05_MV,cav,not_applicable,7245.969502453321,-0.05973552462458409,0.0074688476693016434,4.0,on_ramp,on_ramp_mv,,normal,executing,commit
BASIC-05,basic_long_dt_900,441,44.10000000000036,B05_CLV,cav,not_applicable,8166.000000350015,0.0,29.999999854157196,6.076783449771029e-08,lane_2,mainline,,normal,none,commit
BASIC-05,basic_long_dt_900,441,44.10000000000036,B05_CFV,cav,not_applicable,8123.616907608537,0.0,30.025805407517954,0.7918276112229999,lane_2,mainline,,normal,none,commit
BASIC-05,basic_long_dt_900,441,44.10000000000036,B05_TLV_CLV,cav,not_applicable,8159.620000583171,3.5,29.999999757011874,1.0124505251951632e-07,lane_1,mainline,,normal,none,commit
BASIC-05,basic_long_dt_900,442,44.20000000000036,B05_MV,cav,not_applicable,7245.970231484127,-0.05972514242279425,0.007290308061006505,4.0,on_ramp,on_ramp_mv,,normal,executing,commit
BASIC-05,basic_long_dt_900,442,44.20000000000036,B05_CLV,cav,not_applicable,8169.000000336015,0.0,29.999999859990908,5.83371217999229e-08,lane_2,mainline,,normal,none,commit
BASIC-05,basic_long_dt_900,442,44.20000000000036,B05_CFV,cav,not_applicable,8126.615057647926,0.0,29.981500393890745,-0.4430501362720909,lane_2,mainline,,normal,none,commit
BASIC-05,basic_long_dt_900,442,44.20000000000036,B05_TLV_CLV,cav,not_applicable,8162.620000559844,3.5,29.9999997667314,9.719525024820541e-08,lane_1,mainline,,normal,none,commit
BASIC-05,basic_long_dt_900,443,44.30000000000036,B05_MV,cav,not_applicable,7245.970943087764,-0.05971500925820061,0.007116036365767375,4.0,on_ramp,on_ramp_mv,,normal,executing,commit
BASIC-05,basic_long_dt_900,443,44.30000000000036,B05_CLV,cav,not_applicable,8172.000000322574,0.0,29.99999986559127,5.600363692792598e-08,lane_2,mainline,,normal,none,commit
BASIC-05,basic_long_dt_900,443,44.30000000000036,B05_CFV,cav,not_applicable,8129.616855458928,0.0,30.01797811001394,0.36477716123192566,lane_2,mainline,,normal,none,commit
BASIC-05,basic_long_dt_900,443,44.30000000000036,B05_TLV_CLV,cav,not_applicable,8165.62000053745,3.5,29.999999776062143,9.330744035196404e-08,lane_1,mainline,,normal,none,commit
BASIC-05,basic_long_dt_900,444,44.40000000000036,B05_MV,cav,not_applicable,7245.97163768082,-0.059705119137287266,0.00694593056073179,4.0,on_ramp,on_ramp_mv,,normal,executing,commit
BASIC-05,basic_long_dt_900,444,44.40000000000036,B05_CLV,cav,not_applicable,8175.000000309671,0.0,29.99999987096762,5.376349179186946e-08,lane_2,mainline,,normal,none,commit
BASIC-05,basic_long_dt_900,444,44.40000000000036,B05_CFV,cav,not_applicable,8132.61072871943,0.0,29.938732605023823,-0.7924550499011517,lane_2,mainline,,normal,none,commit
BASIC-05,basic_long_dt_900,444,44.40000000000036,B05_TLV_CLV,cav,not_applicable,8168.620000515953,3.5,29.999999785019657,8.957514268104206e-08,lane_1,mainline,,normal,none,commit
BASIC-05,basic_long_dt_900,445,44.50000000000036,B05_MV,cav,not_applicable,7245.9723156699265,-0.05969546621171862,0.006779891062179252,4.0,on_ramp,on_ramp_mv,,normal,executing,commit
BASIC-05,basic_long_dt_900,445,44.50000000000036,B05_CLV,cav,not_applicable,8178.000000297284,0.0,29.999999876128914,5.1612951779134165e-08,lane_2,mainline,,normal,none,commit
BASIC-05,basic_long_dt_900,445,44.50000000000036,B05_CFV,cav,not_applicable,8135.605390984069,0.0,29.946622646395546,0.07890041371723966,lane_2,mainline,,normal,none,commit
BASIC-05,basic_long_dt_900,445,44.50000000000036,B05_TLV_CLV,cav,not_applicable,8171.620000495314,3.5,29.99999979361887,8.599213714433063e-08,lane_1,mainline,,normal,none,commit
BASIC-05,basic_long_dt_900,446,44.600000000000364,B05_MV,cav,not_applicable,7245.972977451993,-0.05968604477477779,0.006617820666820301,4.0,on_ramp,on_ramp_mv,,normal,executing,commit
BASIC-05,basic_long_dt_900,446,44.600000000000364,B05_CLV,cav,not_applicable,8181.000000285392,0.0,29.999999881083756,4.9548434333246406e-08,lane_2,mainline,,normal,none,commit
BASIC-05,basic_long_dt_900,446,44.600000000000364,B05_CFV,cav,not_applicable,8138.607971524822,0.0,30.025805407517865,0.7918276112231961,lane_2,mainline,,normal,none,commit
BASIC-05,basic_long_dt_900,446,44.600000000000364,B05_TLV_CLV,cav,not_applicable,8174.620000475502,3.5,29.999999801874115,8.255245234067843e-08,lane_1,mainline,,normal,none,commit
BASIC-05,basic_long_dt_900,447,44.700000000000365,B05_MV,cav,not_applicable,7245.973623414442,-0.05967684925789607,0.006459624495052297,4.0,on_ramp,on_ramp_mv,,normal,executing,commit
BASIC-05,basic_long_dt_900,447,44.700000000000365,B05_CLV,cav,not_applicable,8184.000000273976,0.0,29.999999885840406,4.756649758519416e-08,lane_2,mainline,,normal,none,commit
BASIC-05,basic_long_dt_900,447,44.700000000000365,B05_CFV,cav,not_applicable,8141.60612156421,0.0,29.981500393890673,-0.44305013627193046,lane_2,mainline,,normal,none,commit
BASIC-05,basic_long_dt_900,447,44.700000000000365,B05_TLV_CLV,cav,not_applicable,8177.620000456482,3.5,29.99999980979915,7.925035419020788e-08,lane_1,mainline,,normal,none,commit
BASIC-05,basic_long_dt_900,448,44.80000000000037,B05_MV,cav,not_applicable,7245.974253935436,-0.05966787422726938,0.006305209935084834,4.0,on_ramp,on_ramp_mv,,normal,executing,commit
BASIC-05,basic_long_dt_900,448,44.80000000000037,B05_CLV,cav,not_applicable,8187.000000263017,0.0,29.99999989040679,4.566383751125614e-08,lane_2,mainline,,normal,none,commit
BASIC-05,basic_long_dt_900,448,44.80000000000037,B05_CFV,cav,not_applicable,8144.607919375212,0.0,30.01797811001388,0.36477716123205695,lane_2,mainline,,normal,none,commit
BASIC-05,basic_long_dt_900,448,44.80000000000037,B05_TLV_CLV,cav,not_applicable,8180.620000438223,3.5,29.999999817407183,7.608034024997323e-08,lane_1,mainline,,normal,none,commit
BASIC-05,basic_long_dt_900,449,44.90000000000037,B05_MV,cav,not_applicable,7245.974869384095,-0.059659114380558265,0.006154486589021866,4.0,on_ramp,on_ramp_mv,,normal,executing,commit
BASIC-05,basic_long_dt_900,449,44.90000000000037,B05_CLV,cav,not_applicable,8190.000000252496,0.0,29.99999989479052,4.3837283669745376e-08,lane_2,mainline,,normal,none,commit
BASIC-05,basic_long_dt_900,449,44.90000000000037,B05_CFV,cav,not_applicable,8147.601792635714,0.0,29.938732605023773,-0.7924550499010443,lane_2,mainline,,normal,none,commit
BASIC-05,basic_long_dt_900,449,44.90000000000037,B05_TLV_CLV,cav,not_applicable,8183.620000420694,3.5,29.999999824710894,7.30371269241914e-08,lane_1,mainline,,normal,none,commit
BASIC-05,basic_long_dt_900,450,45.00000000000037,B05_MV,cav,not_applicable,7245.975470120717,-0.05965056454367135,0.006007366220030868,4.0,on_ramp,on_ramp_mv,,normal,executing,commit
BASIC-05,basic_long_dt_900,450,45.00000000000037,B05_CLV,cav,not_applicable,8193.000000242395,0.0,29.999999898998897,4.2083792095581886e-08,lane_2,mainline,,normal,none,commit
BASIC-05,basic_long_dt_900,450,45.00000000000037,B05_CFV,cav,not_applicable,8150.596454900354,0.0,29.946622646395507,0.07890041371732748,lane_2,mainline,,normal,none,commit
BASIC-05,basic_long_dt_900,450,45.00000000000037,B05_TLV_CLV,cav,not_applicable,8186.6200004038665,3.5,29.99999983172246,7.011564235881451e-08,lane_1,mainline,,normal,none,commit
BASIC-05,basic_long_dt_900,451,45.10000000000037,B05_MV,cav,not_applicable,7245.9760564969865,-0.059642219667627394,0.00586376270059907,4.0,on_ramp,on_ramp_mv,,normal,executing,commit
BASIC-05,basic_long_dt_900,451,45.10000000000037,B05_CLV,cav,not_applicable,8196.0000002327,0.0,29.99999990303894,4.040044103703622e-08,lane_2,mainline,,normal,none,commit
BASIC-05,basic_long_dt_900,451,45.10000000000037,B05_CFV,cav,not_applicable,8153.599035441106,0.0,30.025805407517833,0.791827611223268,lane_2,mainline,,normal,none,commit
BASIC-05,basic_long_dt_900,451,45.10000000000037,B05_TLV_CLV,cav,not_applicable,8189.620000387712,3.5,29.99999983845356,6.731101649393168e-08,lane_1,mainline,,normal,none,commit
BASIC-05,basic_long_dt_900,452,45.20000000000037,B05_MV,cav,not_applicable,7245.976628856182,-0.05963407482549954,0.005723591961876731,4.0,on_ramp,on_ramp_mv,,normal,executing,commit
BASIC-05,basic_long_dt_900,452,45.20000000000037,B05_CLV,cav,not_applicable,8199.000000223392,0.0,29.99999990691738,3.878442385030212e-08,lane_2,mainline,,normal,none,commit
BASIC-05,basic_long_dt_900,452,45.20000000000037,B05_CFV,cav,not_applicable,8156.597185480495,0.0,29.981500393890645,-0.4430501362718716,lane_2,mainline,,normal,none,commit
BASIC-05,basic_long_dt_900,452,45.20000000000037,B05_TLV_CLV,cav,not_applicable,8192.620000372204,3.5,29.99999984491542,6.461857537942706e-08,lane_1,mainline,,normal,none,commit
BASIC-05,basic_long_dt_900,453,45.300000000000374,B05_MV,cav,not_applicable,7245.977187533376,-0.059626125209432335,0.00558677194475971,4.0,on_ramp,on_ramp_mv,,normal,executing,commit
BASIC-05,basic_long_dt_900,453,45.300000000000374,B05_CLV,cav,not_applicable,8202.000000214455,0.0,29.999999910640685,3.7233047578411064e-08,lane_2,mainline,,normal,none,commit
BASIC-05,basic_long_dt_900,453,45.300000000000374,B05_CFV,cav,not_applicable,8159.598983291497,0.0,30.017978110013857,0.3647771612321051,lane_2,mainline,,normal,none,commit
BASIC-05,basic_long_dt_900,453,45.300000000000374,B05_TLV_CLV,cav,not_applicable,8195.620000357316,3.5,29.9999998511188,6.203383264846707e-08,lane_1,mainline,,normal,none,commit
BASIC-05,basic_long_dt_900,454,45.400000000000375,B05_MV,cav,not_applicable,7245.977732855631,-0.05961836612773341,0.005453222551624258,4.0,on_ramp,on_ramp_mv,,normal,executing,commit
BASIC-05,basic_long_dt_900,454,45.400000000000375,B05_CLV,cav,not_applicable,8205.000000205877,0.0,29.999999914215056,3.5743725845804876e-08,lane_2,mainline,,normal,none,commit
BASIC-05,basic_long_dt_900,454,45.400000000000375,B05_CFV,cav,not_applicable,8162.592856551999,0.0,29.938732605023755,-0.7924550499010049,lane_2,mainline,,normal,none,commit
BASIC-05,basic_long_dt_900,454,45.400000000000375,B05_TLV_CLV,cav,not_applicable,8198.620000343024,3.5,29.999999857074048,5.9552479569902064e-08,lane_1,mainline,,normal,none,commit
BASIC-05,basic_long_dt_900,455,45.50000000000038,B05_MV,cav,not_applicable,7245.978265142191,-0.05961079300203975,0.005322865599583698,4.0,on_ramp,on_ramp_mv,,normal,executing,commit
BASIC-05,basic_long_dt_900,455,45.50000000000038,B05_CLV,cav,not_applicable,8208.000000197642,0.0,29.999999917646456,3.431397743725029e-08,lane_2,mainline,,normal,none,commit
BASIC-05,basic_long_dt_900,455,45.50000000000038,B05_CFV,cav,not_applicable,8165.587518816638,0.0,29.94662264639549,0.07890041371735967,lane_2,mainline,,normal,none,commit
BASIC-05,basic_long_dt_900,455,45.50000000000038,B05_TLV_CLV,cav,not_applicable,8201.620000329303,3.5,29.999999862791086,5.7170380785009916e-08,lane_1,mainline,,normal,none,commit
BASIC-05,basic_long_dt_900,456,45.60000000000038,B05_MV,cav,not_applicable,7245.978784704668,-0.05960340136455278,0.0051956247746147415,4.0,on_ramp,on_ramp_mv,,normal,executing,commit
BASIC-05,basic_long_dt_900,456,45.60000000000038,B05_CLV,cav,not_applicable,8211.000000189737,0.0,29.999999920940596,3.294141777132609e-08,lane_2,mainline,,normal,none,commit
BASIC-05,basic_long_dt_900,456,45.60000000000038,B05_CFV,cav,not_applicable,8168.5900993573905,0.0,30.02580540751782,0.7918276112232943,lane_2,mainline,,normal,none,commit
BASIC-05,basic_long_dt_900,456,45.60000000000038,B05_TLV_CLV,cav,not_applicable,8204.620000316132,3.5,29.999999868279442,5.488356578098319e-08,lane_1,mainline,,normal,none,commit
BASIC-05,basic_long_dt_900,457,45.70000000000038,B05_MV,cav,not_applicable,7245.979291847227,-0.059596186855342737,0.005071425587205677,4.0,on_ramp,on_ramp_mv,,normal,executing,commit
BASIC-05,basic_long_dt_900,457,45.70000000000038,B05_CLV,cav,not_applicable,8214.000000182148,0.0,29.999999924102973,3.162376174259407e-08,lane_2,mainline,,normal,none,commit
BASIC-05,basic_long_dt_900,457,45.70000000000038,B05_CFV,cav,not_applicable,8171.588249396779,0.0,29.981500393890634,-0.4430501362718501,lane_2,mainline,,normal,none,commit
BASIC-05,basic_long_dt_900,457,45.70000000000038,B05_TLV_CLV,cav,not_applicable,8207.620000303486,3.5,29.999999873548266,5.268822320658728e-08,lane_1,mainline,,normal,none,commit
BASIC-05,basic_long_dt_900,458,45.80000000000038,B05_MV,cav,not_applicable,7245.979786866759,-0.059589145219716144,0.004950195328221981,4.0,on_ramp,on_ramp_mv,,normal,executing,commit
BASIC-05,basic_long_dt_900,458,45.80000000000038,B05_CLV,cav,not_applicable,8217.000000174861,0.0,29.999999927138855,3.035881093182979e-08,lane_2,mainline,,normal,none,commit
BASIC-05,basic_long_dt_900,458,45.80000000000038,B05_CFV,cav,not_applicable,8174.590047207781,0.0,30.017978110013846,0.3647771612321227,lane_2,mainline,,normal,none,commit
BASIC-05,basic_long_dt_900,458,45.80000000000038,B05_TLV_CLV,cav,not_applicable,8210.620000291347,3.5,29.999999878606335,5.0580693766733026e-08,lane_1,mainline,,normal,none,commit
BASIC-05,basic_long_dt_900,459,45.90000000000038,B05_MV,cav,not_applicable,7245.980270053062,-0.059582272305660045,0.0048318630267286155,4.0,on_ramp,on_ramp_mv,,normal,executing,commit
BASIC-05,basic_long_dt_900,459,45.90000000000038,B05_CLV,cav,not_applicable,8220.000000167867,0.0,29.999999930053303,2.9144457869278997e-08,lane_2,mainline,,normal,none,commit
BASIC-05,basic_long_dt_900,459,45.90000000000038,B05_CFV,cav,not_applicable,8177.583920468283,0.0,29.93873260502375,-0.7924550499009904,lane_2,mainline,,normal,none,commit
BASIC-05,basic_long_dt_900,459,45.90000000000038,B05_TLV_CLV,cav,not_applicable,8213.620000279692,3.5,29.99999988346208,4.8557465959220286e-08,lane_1,mainline,,normal,none,commit
BASIC-05,basic_long_dt_900,460,46.000000000000384,B05_MV,cav,not_applicable,7245.980741689003,-0.059575564061331576,0.0047163594082471495,4.0,on_ramp,on_ramp_mv,,normal,executing,commit
BASIC-05,basic_long_dt_900,460,46.000000000000384,B05_CLV,cav,not_applicable,8223.000000161152,0.0,29.99999993285117,2.7978678929230227e-08,lane_2,mainline,,normal,none,commit
BASIC-05,basic_long_dt_900,460,46.000000000000384,B05_CFV,cav,not_applicable,8180.578582732923,0.0,29.946622646395486,0.07890041371737155,lane_2,mainline,,normal,none,commit
BASIC-05,basic_long_dt_900,460,46.000000000000384,B05_TLV_CLV,cav,not_applicable,8216.620000268505,3.5,29.999999888123597,4.661516754822515e-08,lane_1,mainline,,normal,none,commit
BASIC-05,basic_long_dt_900,461,46.100000000000385,B05_MV,cav,not_applicable,7245.981202050688,-0.059569016532628805,0.004603616854317352,4.0,on_ramp,on_ramp_mv,,normal,executing,commit
BASIC-05,basic_long_dt_900,461,46.100000000000385,B05_CLV,cav,not_applicable,8226.000000154705,0.0,29.999999935537126,2.6859531487843924e-08,lane_2,mainline,,normal,none,commit
BASIC-05,basic_long_dt_900,461,46.100000000000385,B05_CFV,cav,not_applicable,8183.581163273675,0.0,30.025805407517815,0.791827611223304,lane_2,mainline,,normal,none,commit
BASIC-05,basic_long_dt_900,461,46.100000000000385,B05_TLV_CLV,cav,not_applicable,8219.620000257766,3.5,29.99999989259865,4.4750561301043494e-08,lane_1,mainline,,normal,none,commit
BASIC-05,basic_long_dt_900,462,46.20000000000039,B05_MV,cav,not_applicable,7245.981651407624,-0.059562625860807294,0.0044935693629284176,4.0,on_ramp,on_ramp_mv,,normal,executing,commit
BASIC-05,basic_long_dt_900,462,46.20000000000039,B05_CLV,cav,not_applicable,8229.000000148517,0.0,29.99999993811564,2.578514965989598e-08,lane_2,mainline,,normal,none,commit
BASIC-05,basic_long_dt_900,462,46.20000000000039,B05_CFV,cav,not_applicable,8186.579313313064,0.0,29.98150039389063,-0.4430501362718421,lane_2,mainline,,normal,none,commit
BASIC-05,basic_long_dt_900,462,46.20000000000039,B05_TLV_CLV,cav,not_applicable,8222.620000247456,3.5,29.999999896894707,4.2960539303749104e-08,lane_1,mainline,,normal,none,commit
BASIC-05,basic_long_dt_900,463,46.30000000000039,B05_MV,cav,not_applicable,7245.982090022875,-0.0595563882801633,0.004386152509819845,4.0,on_ramp,on_ramp_mv,,normal,executing,commit
BASIC-05,basic_long_dt_900,463,46.30000000000039,B05_CLV,cav,not_applicable,8232.000000142576,0.0,29.999999940591014,2.475374429877775e-08,lane_2,mainline,,normal,none,commit
BASIC-05,basic_long_dt_900,463,46.30000000000039,B05_CFV,cav,not_applicable,8189.5811111240655,0.0,30.017978110013843,0.3647771612321292,lane_2,mainline,,normal,none,commit
BASIC-05,basic_long_dt_900,463,46.30000000000039,B05_TLV_CLV,cav,not_applicable,8225.620000237557,3.5,29.999999901018917,4.1242117276851786e-08,lane_1,mainline,,normal,none,commit
BASIC-05,basic_long_dt_900,464,46.40000000000039,B05_MV,cav,not_applicable,7245.982518153216,-0.05955030011577156,0.004281303410434544,4.0,on_ramp,on_ramp_mv,,normal,executing,commit
BASIC-05,basic_long_dt_900,464,46.40000000000039,B05_CLV,cav,not_applicable,8235.000000136873,0.0,29.999999942967374,2.376359446998322e-08,lane_2,mainline,,normal,none,commit
BASIC-05,basic_long_dt_900,464,46.40000000000039,B05_CFV,cav,not_applicable,8192.574984384568,0.0,29.938732605023745,-0.7924550499009851,lane_2,mainline,,normal,none,commit
BASIC-05,basic_long_dt_900,464,46.40000000000039,B05_TLV_CLV,cav,not_applicable,8228.620000228055,3.5,29.99999990497816,3.959243315421191e-08,lane_1,mainline,,normal,none,commit
BASIC-05,basic_long_dt_900,465,46.50000000000039,B05_MV,cav,not_applicable,7245.982936049284,-0.0595443577812782,0.004178960684046046,4.0,on_ramp,on_ramp_mv,,normal,executing,commit
BASIC-05,basic_long_dt_900,465,46.50000000000039,B05_CLV,cav,not_applicable,8238.000000131398,0.0,29.99999994524868,2.281305029327996e-08,lane_2,mainline,,normal,none,commit
BASIC-05,basic_long_dt_900,465,46.50000000000039,B05_CFV,cav,not_applicable,8195.569646649208,0.0,29.946622646395483,0.07890041371737588,lane_2,mainline,,normal,none,commit
BASIC-05,basic_long_dt_900,465,46.50000000000039,B05_TLV_CLV,cav,not_applicable,8231.620000218933,3.5,29.999999908779035,3.800873571435659e-08,lane_1,mainline,,normal,none,commit
BASIC-05,basic_long_dt_900,466,46.60000000000039,B05_MV,cav,not_applicable,7245.983343955726,-0.05953855777675088,0.0040790644167986705,4.0,on_ramp,on_ramp_mv,,normal,executing,commit
BASIC-05,basic_long_dt_900,466,46.60000000000039,B05_CLV,cav,not_applicable,8241.000000126141,0.0,29.99999994743873,2.1900528679452694e-08,lane_2,mainline,,normal,none,commit
BASIC-05,basic_long_dt_900,466,46.60000000000039,B05_CFV,cav,not_applicable,8198.57222718996,0.0,30.02580540751781,0.7918276112233076,lane_2,mainline,,normal,none,commit
BASIC-05,basic_long_dt_900,466,46.60000000000039,B05_TLV_CLV,cav,not_applicable,8234.620000210176,3.5,29.999999912427874,3.648838600156524e-08,lane_1,mainline,,normal,none,commit
BASIC-05,basic_long_dt_900,467,46.700000000000394,B05_MV,cav,not_applicable,7245.983742111339,-0.05953289668658046,0.003981556126921791,4.0,on_ramp,on_ramp_mv,,normal,executing,commit
BASIC-05,basic_long_dt_900,467,46.700000000000394,B05_CLV,cav,not_applicable,8244.000000121096,0.0,29.99999994954118,2.1024507645961424e-08,lane_2,mainline,,normal,none,commit
BASIC-05,basic_long_dt_900,467,46.700000000000394,B05_CFV,cav,not_applicable,8201.57037722935,0.0,29.981500393890627,-0.4430501362718392,lane_2,mainline,,normal,none,commit
BASIC-05,basic_long_dt_900,467,46.700000000000394,B05_TLV_CLV,cav,not_applicable,8237.620000201769,3.5,29.999999915930758,3.502885022044211e-08,lane_1,mainline,,normal,none,commit
BASIC-05,basic_long_dt_900,468,46.800000000000395,B05_MV,cav,not_applicable,7245.9841307492115,-0.05952737117743245,0.0038863787310311594,4.0,on_ramp,on_ramp_mv,,normal,executing,commit
BASIC-05,basic_long_dt_900,468,46.800000000000395,B05_CLV,cav,not_applicable,8247.000000116252,0.0,29.999999951559534,2.0183527738026896e-08,lane_2,mainline,,normal,none,commit
BASIC-05,basic_long_dt_900,468,46.800000000000395,B05_CFV,cav,not_applicable,8204.57217504035,0.0,30.01797811001384,0.3647771612321316,lane_2,mainline,,normal,none,commit
BASIC-05,basic_long_dt_900,468,46.800000000000395,B05_TLV_CLV,cav,not_applicable,8240.620000193698,3.5,29.99999991929353,3.3627696893745455e-08,lane_1,mainline,,normal,none,commit
BASIC-05,basic_long_dt_900,469,46.9000000000004,B05_MV,cav,not_applicable,7245.984510096862,-0.05952197799625125,0.003793476510212819,4.0,on_ramp,on_ramp_mv,,normal,executing,commit
BASIC-05,basic_long_dt_900,469,46.9000000000004,B05_CLV,cav,not_applicable,8250.0000001116,0.0,29.999999953497152,1.9376186344288728e-08,lane_2,mainline,,normal,none,commit
BASIC-05,basic_long_dt_900,469,46.9000000000004,B05_CFV,cav,not_applicable,8207.566048300852,0.0,29.93873260502374,-0.7924550499009831,lane_2,mainline,,normal,none,commit
BASIC-05,basic_long_dt_900,469,46.9000000000004,B05_TLV_CLV,cav,not_applicable,8243.62000018595,3.5,29.999999922521788,3.228258833587461e-08,lane_1,mainline,,normal,none,commit
BASIC-05,basic_long_dt_900,470,47.0000000000004,B05_MV,cav,not_applicable,7245.98488037637,-0.059516713968313706,0.00370279507719407,4.0,on_ramp,on_ramp_mv,,normal,executing,commit
BASIC-05,basic_long_dt_900,470,47.0000000000004,B05_CLV,cav,not_applicable,8253.000000107137,0.0,29.999999955357268,1.8601139117890853e-08,lane_2,mainline,,normal,none,commit
BASIC-05,basic_long_dt_900,470,47.0000000000004,B05_CFV,cav,not_applicable,8210.560710565493,0.0,29.94662264639548,0.07890041371737755,lane_2,mainline,,normal,none,commit
BASIC-05,basic_long_dt_900,470,47.0000000000004,B05_TLV_CLV,cav,not_applicable,8246.620000178513,3.5,29.999999925620916,3.0991284916126464e-08,lane_1,mainline,,normal,none,commit
BASIC-05,basic_long_dt_900,471,47.1000000000004,B05_MV,cav,not_applicable,7245.985241804504,-0.0595115759953293,0.0036142813450363125,4.0,on_ramp,on_ramp_mv,,normal,executing,commit
BASIC-05,basic_long_dt_900,471,47.1000000000004,B05_CLV,cav,not_applicable,8256.000000102851,0.0,29.999999957142975,1.785709287105419e-08,lane_2,mainline,,normal,none,commit
BASIC-05,basic_long_dt_900,471,47.1000000000004,B05_CFV,cav,not_applicable,8213.563291106244,0.0,30.02580540751781,0.7918276112233089,lane_2,mainline,,normal,none,commit
BASIC-05,basic_long_dt_900,471,47.1000000000004,B05_TLV_CLV,cav,not_applicable,8249.620000171373,3.5,29.99999992859608,2.975163369001166e-08,lane_1,mainline,,normal,none,commit
BASIC-05,basic_long_dt_900,472,47.2000000000004,B05_MV,cav,not_applicable,7245.985594592854,-0.05950656105358787,0.003527883495827887,4.0,on_ramp,on_ramp_mv,,normal,executing,commit
BASIC-05,basic_long_dt_900,472,47.2000000000004,B05_CLV,cav,not_applicable,8259.000000098737,0.0,29.999999958857256,1.714280983833305e-08,lane_2,mainline,,normal,none,commit
BASIC-05,basic_long_dt_900,472,47.2000000000004,B05_CFV,cav,not_applicable,8216.561441145634,0.0,29.981500393890627,-0.4430501362718381,lane_2,mainline,,normal,none,commit
BASIC-05,basic_long_dt_900,472,47.2000000000004,B05_TLV_CLV,cav,not_applicable,8252.62000016452,3.5,29.999999931452237,2.8561568399254614e-08,lane_1,mainline,,normal,none,commit
BASIC-05,basic_long_dt_900,473,47.3000000000004,B05_MV,cav,not_applicable,7245.985938947949,-0.05950166619215125,0.0034435509500291527,4.0,on_ramp,on_ramp_mv,,normal,executing,commit
BASIC-05,basic_long_dt_900,473,47.3000000000004,B05_CLV,cav,not_applicable,8262.000000094788,0.0,29.999999960502965,1.6457097729016824e-08,lane_2,mainline,,normal,none,commit
BASIC-05,basic_long_dt_900,473,47.3000000000004,B05_CFV,cav,not_applicable,8219.563238956634,0.0,30.01797811001384,0.3647771612321325,lane_2,mainline,,normal,none,commit
BASIC-05,basic_long_dt_900,473,47.3000000000004,B05_TLV_CLV,cav,not_applicable,8255.620000157938,3.5,29.999999934194147,2.7419105208537076e-08,lane_1,mainline,,normal,none,commit
BASIC-05,basic_long_dt_900,474,47.400000000000404,B05_MV,cav,not_applicable,7245.986275071383,-0.05949688853109247,0.0033612343377742555,4.0,on_ramp,on_ramp_mv,,normal,executing,commit
BASIC-05,basic_long_dt_900,474,47.400000000000404,B05_CLV,cav,not_applicable,8265.000000090995,0.0,29.999999962082846,1.5798813990386406e-08,lane_2,mainline,,normal,none,commit
BASIC-05,basic_long_dt_900,474,47.400000000000404,B05_CFV,cav,not_applicable,8222.557112217137,0.0,29.93873260502374,-0.7924550499009824,lane_2,mainline,,normal,none,commit
BASIC-05,basic_long_dt_900,474,47.400000000000404,B05_TLV_CLV,cav,not_applicable,8258.62000015162,3.5,29.99999993682638,2.6322341284412688e-08,lane_1,mainline,,normal,none,commit
BASIC-05,basic_long_dt_900,475,47.500000000000405,B05_MV,cav,not_applicable,7245.9866031599295,-0.05949222525977227,0.003280885468868439,4.0,on_ramp,on_ramp_mv,,normal,executing,commit
BASIC-05,basic_long_dt_900,475,47.500000000000405,B05_CLV,cav,not_applicable,8268.000000087355,0.0,29.99999996359953,1.5166861544457788e-08,lane_2,mainline,,normal,none,commit
BASIC-05,basic_long_dt_900,475,47.500000000000405,B05_CFV,cav,not_applicable,8225.551774481777,0.0,29.94662264639548,0.0789004137173781,lane_2,mainline,,normal,none,commit
BASIC-05,basic_long_dt_900,475,47.500000000000405,B05_TLV_CLV,cav,not_applicable,8261.620000145556,3.5,29.999999939353327,2.52694476898796e-08,lane_1,mainline,,normal,none,commit
BASIC-05,basic_long_dt_900,476,47.600000000000406,B05_MV,cav,not_applicable,7245.98692340566,-0.059487673635166605,0.0032024573053942786,4.0,on_ramp,on_ramp_mv,,normal,executing,commit
BASIC-05,basic_long_dt_900,476,47.600000000000406,B05_CLV,cav,not_applicable,8271.00000008386,0.0,29.99999996505555,1.4560187366896572e-08,lane_2,mainline,,normal,none,commit
BASIC-05,basic_long_dt_900,476,47.600000000000406,B05_CFV,cav,not_applicable,8228.554355022528,0.0,30.02580540751781,0.7918276112233094,lane_2,mainline,,normal,none,commit
BASIC-05,basic_long_dt_900,476,47.600000000000406,B05_TLV_CLV,cav,not_applicable,8264.620000139734,3.5,29.999999941779194,2.4258669384380484e-08,lane_1,mainline,,normal,none,commit
BASIC-05,basic_long_dt_900,477,47.70000000000041,B05_MV,cav,not_applicable,7245.987235996053,-0.05948323098022712,0.003125903933665687,4.0,on_ramp,on_ramp_mv,,normal,executing,commit
BASIC-05,basic_long_dt_900,477,47.70000000000041,B05_CLV,cav,not_applicable,8274.000000080507,0.0,29.99999996645333,1.3977779644847033e-08,lane_2,mainline,,normal,none,commit
BASIC-05,basic_long_dt_900,477,47.70000000000041,B05_CFV,cav,not_applicable,8231.552505061918,0.0,29.981500393890627,-0.44305013627183776,lane_2,mainline,,normal,none,commit
BASIC-05,basic_long_dt_900,477,47.70000000000041,B05_TLV_CLV,cav,not_applicable,8267.620000134144,3.5,29.999999944108026,2.3288322381631588e-08,lane_1,mainline,,normal,none,commit
BASIC-05,basic_long_dt_900,478,47.80000000000041,B05_MV,cav,not_applicable,7245.9875411141065,-0.059478894682285066,0.0030511805374863845,4.0,on_ramp,on_ramp_mv,,normal,executing,commit
BASIC-05,basic_long_dt_900,478,47.80000000000041,B05_CLV,cav,not_applicable,8277.000000077287,0.0,29.999999967795198,1.3418667776932126e-08,lane_2,mainline,,normal,none,commit
BASIC-05,basic_long_dt_900,478,47.80000000000041,B05_CFV,cav,not_applicable,8234.554302872919,0.0,30.01797811001384,0.3647771612321328,lane_2,mainline,,normal,none,commit
BASIC-05,basic_long_dt_900,478,47.80000000000041,B05_TLV_CLV,cav,not_applicable,8270.620000128778,3.5,29.999999946343706,2.2356789486366327e-08,lane_1,mainline,,normal,none,commit
BASIC-05,basic_long_dt_900,479,47.90000000000041,B05_MV,cav,not_applicable,7245.987838938444,-0.05947466219149522,0.002978243372060599,4.0,on_ramp,on_ramp_mv,,normal,executing,commit
BASIC-05,basic_long_dt_900,479,47.90000000000041,B05_CLV,cav,not_applicable,8280.000000074195,0.0,29.99999996908339,1.2881920952168004e-08,lane_2,mainline,,normal,none,commit
BASIC-05,basic_long_dt_900,479,47.90000000000041,B05_CFV,cav,not_applicable,8237.548639311983,0.0,29.94336439064364,-0.7461371937019716,lane_2,mainline,,normal,none,commit
BASIC-05,basic_long_dt_900,479,47.90000000000041,B05_TLV_CLV,cav,not_applicable,8273.620000123627,3.5,29.999999948489958,2.1462517452164322e-08,lane_1,mainline,,normal,none,commit
BASIC-05,basic_long_dt_900,480,48.00000000000041,B05_MV,cav,not_applicable,7245.988129643418,-0.059470531019315764,0.002907049738338592,4.0,on_ramp,on_ramp_mv,,normal,executing,commit
BASIC-05,basic_long_dt_900,480,48.00000000000041,B05_CLV,cav,not_applicable,8283.000000071226,0.0,29.999999970320054,1.2366643886707608e-08,lane_2,mainline,,normal,none,commit
BASIC-05,basic_long_dt_900,480,48.00000000000041,B05_CFV,cav,not_applicable,8240.544143719462,0.0,29.955044074795296,0.11679684151656877,lane_2,mainline,,normal,none,commit
BASIC-05,basic_long_dt_900,480,48.00000000000041,B05_TLV_CLV,cav,not_applicable,8276.62000011868,3.5,29.99999995055036,2.0604016981451424e-08,lane_1,mainline,,normal,none,commit
BASIC-05,basic_long_dt_900,481,48.10000000000041,B05_MV,cav,not_applicable,7245.988413399214,-0.05946649873702681,0.0028375579580144123,4.0,on_ramp,on_ramp_mv,,normal,executing,commit
BASIC-05,basic_long_dt_900,481,48.10000000000041,B05_CLV,cav,not_applicable,8286.000000068378,0.0,29.99999997150725,1.1871978244926141e-08,lane_2,mainline,,normal,none,commit
BASIC-05,basic_long_dt_900,481,48.10000000000041,B05_CFV,cav,not_applicable,8243.547876464736,0.0,30.03732745273756,0.8228337794226472,lane_2,mainline,,normal,none,commit
BASIC-05,basic_long_dt_900,481,48.10000000000041,B05_TLV_CLV,cav,not_applicable,8279.620000113933,3.5,29.999999952528345,1.977985562007234e-08,lane_1,mainline,,normal,none,commit
BASIC-05,basic_long_dt_900,482,48.200000000000415,B05_MV,cav,not_applicable,7245.988690371949,-0.059462562974285316,0.0027697273489584746,4.0,on_ramp,on_ramp_mv,,normal,executing,commit
BASIC-05,basic_long_dt_900,482,48.200000000000415,B05_CLV,cav,not_applicable,8289.000000065642,0.0,29.99999997264696,1.1397099797250122e-08,lane_2,mainline,,normal,none,commit
BASIC-05,basic_long_dt_900,482,48.200000000000415,B05_CFV,cav,not_applicable,8246.547432395479,0.0,29.995559307417594,-0.4176814531996522,lane_2,mainline,,normal,none,commit
BASIC-05,basic_long_dt_900,482,48.200000000000415,B05_TLV_CLV,cav,not_applicable,8282.620000109377,3.5,29.99999995442721,1.8988662020547054e-08,lane_1,mainline,,normal,none,commit
BASIC-05,basic_long_dt_900,483,48.300000000000416,B05_MV,cav,not_applicable,7245.988960723769,-0.059458721417711136,0.0027035182015197807,4.0,on_ramp,on_ramp_mv,,normal,executing,commit
BASIC-05,basic_long_dt_900,483,48.300000000000416,B05_CLV,cav,not_applicable,8292.000000063015,0.0,29.999999973741083,1.0941215577986442e-08,lane_2,mainline,,normal,none,commit
BASIC-05,basic_long_dt_900,483,48.300000000000416,B05_CFV,cav,not_applicable,8249.550843659785,0.0,30.034112643064894,0.38553335647301185,lane_2,mainline,,normal,none,commit
BASIC-05,basic_long_dt_900,483,48.300000000000416,B05_TLV_CLV,cav,not_applicable,8285.620000105002,3.5,29.99999995625012,1.8229115994472522e-08,lane_1,mainline,,normal,none,commit
BASIC-05,basic_long_dt_900,484,48.40000000000042,B05_MV,cav,not_applicable,7245.989224612945,-0.05945497180951698,0.0026388917554803727,4.0,on_ramp,on_ramp_mv,,normal,executing,commit
BASIC-05,basic_long_dt_900,484,48.40000000000042,B05_CLV,cav,not_applicable,8295.000000060494,0.0,29.99999997479144,1.0503566727493308e-08,lane_2,mainline,,normal,none,commit
BASIC-05,basic_long_dt_900,484,48.40000000000042,B05_CFV,cav,not_applicable,8252.546500197008,0.0,29.95656537223087,-0.775472708340263,lane_2,mainline,,normal,none,commit
BASIC-05,basic_long_dt_900,484,48.40000000000042,B05_TLV_CLV,cav,not_applicable,8288.620000100802,3.5,29.999999958000117,1.7499951354693623e-08,lane_1,mainline,,normal,none,commit
BASIC-05,basic_long_dt_900,485,48.50000000000042,B05_MV,cav,not_applicable,7245.989482193962,-0.059451311946158825,0.0025758101770097853,4.0,on_ramp,on_ramp_mv,,normal,executing,commit
BASIC-05,basic_long_dt_900,485,48.50000000000042,B05_CLV,cav,not_applicable,8298.000000058075,0.0,29.99999997579978,1.0083424228923832e-08,lane_2,mainline,,normal,none,commit
BASIC-05,basic_long_dt_900,485,48.50000000000042,B05_CFV,cav,not_applicable,8255.5430846848,0.0,29.965844877912122,0.0927950568125121,lane_2,mainline,,normal,none,commit
BASIC-05,basic_long_dt_900,485,48.50000000000042,B05_TLV_CLV,cav,not_applicable,8291.62000009677,3.5,29.999999959680114,1.6799953073132202e-08,lane_1,mainline,,normal,none,commit
BASIC-05,basic_long_dt_900,486,48.60000000000042,B05_MV,cav,not_applicable,7245.989733617616,-0.05944773967703343,0.0025142365367065555,4.0,on_ramp,on_ramp_mv,,normal,executing,commit
BASIC-05,basic_long_dt_900,486,48.60000000000042,B05_CLV,cav,not_applicable,8301.000000055752,0.0,29.99999997676779,9.680087487140555e-09,lane_2,mainline,,normal,none,commit
BASIC-05,basic_long_dt_900,486,48.60000000000042,B05_CFV,cav,not_applicable,8258.547701132145,0.0,30.04616447346951,0.8031959555738736,lane_2,mainline,,normal,none,commit
BASIC-05,basic_long_dt_900,486,48.60000000000042,B05_TLV_CLV,cav,not_applicable,8294.620000092898,3.5,29.99999996129291,1.6127954438616145e-08,lane_1,mainline,,normal,none,commit
BASIC-05,basic_long_dt_900,487,48.70000000000042,B05_MV,cav,not_applicable,7245.989979031096,-0.05944425290319444,0.002454134787857138,4.0,on_ramp,on_ramp_mv,,normal,executing,commit
BASIC-05,basic_long_dt_900,487,48.70000000000042,B05_CLV,cav,not_applicable,8304.000000053522,0.0,29.999999977697076,9.292884328715446e-09,lane_2,mainline,,normal,none,commit
BASIC-05,basic_long_dt_900,487,48.70000000000042,B05_CFV,cav,not_applicable,8261.547980091857,0.0,30.002789597107373,-0.43374876362137615,lane_2,mainline,,normal,none,commit
BASIC-05,basic_long_dt_900,487,48.70000000000042,B05_TLV_CLV,cav,not_applicable,8297.620000089182,3.5,29.999999962841194,1.548283563579389e-08,lane_1,mainline,,normal,none,commit
BASIC-05,basic_long_dt_900,488,48.80000000000042,B05_MV,cav,not_applicable,7245.99021857807,-0.05944084957610807,0.002395469745564469,4.0,on_ramp,on_ramp_mv,,normal,executing,commit
BASIC-05,basic_long_dt_900,488,48.80000000000042,B05_CLV,cav,not_applicable,8307.000000051381,0.0,29.999999978589194,8.921169580844435e-09,lane_2,mainline,,normal,none,commit
BASIC-05,basic_long_dt_900,488,48.80000000000042,B05_CFV,cav,not_applicable,8264.551982925319,0.0,30.04002833462926,0.3723873752188741,lane_2,mainline,,normal,none,commit
BASIC-05,basic_long_dt_900,488,48.80000000000042,B05_TLV_CLV,cav,not_applicable,8300.620000085615,3.5,29.999999964327547,1.4863522324048973e-08,lane_1,mainline,,normal,none,commit
BASIC-05,basic_long_dt_900,489,48.900000000000425,B05_MV,cav,not_applicable,7245.990452398777,-0.05943752769643895,0.0023382070660939373,4.0,on_ramp,on_ramp_mv,,normal,executing,commit
BASIC-05,basic_long_dt_900,489,48.900000000000425,B05_CLV,cav,not_applicable,8310.000000049326,0.0,29.999999979445626,8.564322229176468e-09,lane_2,mainline,,normal,none,commit
BASIC-05,basic_long_dt_900,489,48.900000000000425,B05_CFV,cav,not_applicable,8267.54812347367,0.0,29.961405483510802,-0.7862285111845575,lane_2,mainline,,normal,none,commit
BASIC-05,basic_long_dt_900,489,48.900000000000425,B05_TLV_CLV,cav,not_applicable,8303.62000008219,3.5,29.999999965754444,1.4268981374243595e-08,lane_1,mainline,,normal,none,commit
BASIC-05,basic_long_dt_900,490,49.000000000000426,B05_MV,cav,not_applicable,7245.9906806301,-0.059434285312858215,0.002282313226436768,4.0,on_ramp,on_ramp_mv,,normal,executing,commit
BASIC-05,basic_long_dt_900,490,49.000000000000426,B05_CLV,cav,not_applicable,8313.000000047352,0.0,29.999999980267802,8.221749681069924e-09,lane_2,mainline,,normal,none,commit
BASIC-05,basic_long_dt_900,490,49.000000000000426,B05_CFV,cav,not_applicable,8270.545103970566,0.0,29.969804968959338,0.08399485448536215,lane_2,mainline,,normal,none,commit
BASIC-05,basic_long_dt_900,490,49.000000000000426,B05_TLV_CLV,cav,not_applicable,8306.620000078903,3.5,29.999999967124268,1.3698222289804108e-08,lane_1,mainline,,normal,none,commit
BASIC-05,basic_long_dt_900,491,49.10000000000043,B05_MV,cav,not_applicable,7245.99090340565,-0.05943112052089061,0.0022277555051778697,4.0,on_ramp,on_ramp_mv,,normal,executing,commit
BASIC-05,basic_long_dt_900,491,49.10000000000043,B05_CLV,cav,not_applicable,8316.000000045458,0.0,29.99999998105709,7.892879239079775e-09,lane_2,mainline,,normal,none,commit
BASIC-05,basic_long_dt_900,491,49.10000000000043,B05_CFV,cav,not_applicable,8273.550044425361,0.0,30.049404547962684,0.7959957900334781,lane_2,mainline,,normal,none,commit
BASIC-05,basic_long_dt_900,491,49.10000000000043,B05_TLV_CLV,cav,not_applicable,8309.620000075747,3.5,29.999999968439298,1.3150292943464593e-08,lane_1,mainline,,normal,none,commit
BASIC-05,basic_long_dt_900,492,49.20000000000043,B05_MV,cav,not_applicable,7245.991120855846,-0.05942803146178255,0.0021745019629288635,4.0,on_ramp,on_ramp_mv,,normal,executing,commit
BASIC-05,basic_long_dt_900,492,49.20000000000043,B05_CLV,cav,not_applicable,8319.00000004364,0.0,29.999999981814806,7.57716378529949e-09,lane_2,mainline,,normal,none,commit
BASIC-05,basic_long_dt_900,492,49.20000000000043,B05_CFV,cav,not_applicable,8276.550588482076,0.0,30.005440567147243,-0.43963980815442694,lane_2,mainline,,normal,none,commit
BASIC-05,basic_long_dt_900,492,49.20000000000043,B05_TLV_CLV,cav,not_applicable,8312.620000072717,3.5,29.999999969701726,1.2624280998352334e-08,lane_1,mainline,,normal,none,commit
BASIC-05,basic_long_dt_900,493,49.30000000000043,B05_MV,cav,not_applicable,7245.991333107989,-0.05942501632140029,0.0021225214238481593,4.0,on_ramp,on_ramp_mv,,normal,executing,commit
BASIC-05,basic_long_dt_900,493,49.30000000000043,B05_CLV,cav,not_applicable,8322.000000041893,0.0,29.999999982542214,7.274077518104605e-09,lane_2,mainline,,normal,none,commit
BASIC-05,basic_long_dt_900,493,49.30000000000043,B05_CFV,cav,not_applicable,8279.554808213088,0.0,30.042197310116425,0.36756742969183254,lane_2,mainline,,normal,none,commit
BASIC-05,basic_long_dt_900,493,49.30000000000043,B05_TLV_CLV,cav,not_applicable,8315.620000069808,3.5,29.999999970913656,1.2119309644731403e-08,lane_1,mainline,,normal,none,commit
BASIC-05,basic_long_dt_900,494,49.40000000000043,B05_MV,cav,not_applicable,7245.991540286334,-0.05942207332915439,0.0020717834571610406,4.0,on_ramp,on_ramp_mv,,normal,executing,commit
BASIC-05,basic_long_dt_900,494,49.40000000000043,B05_CLV,cav,not_applicable,8325.000000040218,0.0,29.999999983240524,6.983114531067258e-09,lane_2,mainline,,normal,none,commit
BASIC-05,basic_long_dt_900,494,49.40000000000043,B05_CFV,cav,not_applicable,8282.55112622307,0.0,29.963180099818484,-0.7901721029794098,lane_2,mainline,,normal,none,commit
BASIC-05,basic_long_dt_900,494,49.40000000000043,B05_TLV_CLV,cav,not_applicable,8318.620000067016,3.5,29.99999997207711,1.163453760000266e-08,lane_1,mainline,,normal,none,commit
BASIC-05,basic_long_dt_900,495,49.50000000000043,B05_MV,cav,not_applicable,7245.99174251217,-0.0594192007569494,0.002022258359984206,4.0,on_ramp,on_ramp_mv,,normal,executing,commit
BASIC-05,basic_long_dt_900,495,49.50000000000043,B05_CLV,cav,not_applicable,8328.000000038608,0.0,29.999999983910904,6.703790234041663e-09,lane_2,mainline,,normal,none,commit
BASIC-05,basic_long_dt_900,495,49.50000000000043,B05_CFV,cav,not_applicable,8285.548251915847,0.0,29.97125692775653,0.08076827938048303,lane_2,mainline,,normal,none,commit
BASIC-05,basic_long_dt_900,495,49.50000000000043,B05_TLV_CLV,cav,not_applicable,8321.620000064335,3.5,29.999999973194026,1.116915626653281e-08,lane_1,mainline,,normal,none,commit
BASIC-05,basic_long_dt_900,496,49.600000000000435,B05_MV,cav,not_applicable,7245.9919399038845,-0.05941639691816203,0.0019739171390632648,4.0,on_ramp,on_ramp_mv,,normal,executing,commit
BASIC-05,basic_long_dt_900,496,49.600000000000435,B05_CLV,cav,not_applicable,8331.000000037064,0.0,29.999999984554467,6.435638510993159e-09,lane_2,mainline,,normal,none,commit
BASIC-05,basic_long_dt_900,496,49.600000000000435,B05_CFV,cav,not_applicable,8288.553311167272,0.0,30.0505925142513,0.793355864947668,lane_2,mainline,,normal,none,commit
BASIC-05,basic_long_dt_900,496,49.600000000000435,B05_TLV_CLV,cav,not_applicable,8324.620000061761,3.5,29.999999974266263,1.0722389731654404e-08,lane_1,mainline,,normal,none,commit
BASIC-05,basic_long_dt_900,497,49.700000000000436,B05_MV,cav,not_applicable,7245.992132577034,-0.05941366016664151,0.0019267314942495101,4.0,on_ramp,on_ramp_mv,,normal,executing,commit
BASIC-05,basic_long_dt_900,497,49.700000000000436,B05_CLV,cav,not_applicable,8334.000000035581,0.0,29.999999985172288,6.178213141083689e-09,lane_2,mainline,,normal,none,commit
BASIC-05,basic_long_dt_900,497,49.700000000000436,B05_CFV,cav,not_applicable,8291.553952421229,0.0,30.0064125395652,-0.4417997468609989,lane_2,mainline,,normal,none,commit
BASIC-05,basic_long_dt_900,497,49.700000000000436,B05_TLV_CLV,cav,not_applicable,8327.62000005929,3.5,29.999999975295612,1.0293494767665835e-08,lane_1,mainline,,normal,none,commit
BASIC-05,basic_long_dt_900,498,49.80000000000044,B05_MV,cav,not_applicable,7245.992320644414,-0.0594109888957326,0.0018806738021941122,4.0,on_ramp,on_ramp_mv,,normal,executing,commit
BASIC-05,basic_long_dt_900,498,49.80000000000044,B05_CLV,cav,not_applicable,8337.000000034157,0.0,29.999999985765395,5.931084956500854e-09,lane_2,mainline,,normal,none,commit
BASIC-05,basic_long_dt_900,498,49.80000000000044,B05_CFV,cav,not_applicable,8294.558251677257,0.0,30.042992560276573,0.36580020711372824,lane_2,mainline,,normal,none,commit
BASIC-05,basic_long_dt_900,498,49.80000000000044,B05_TLV_CLV,cav,not_applicable,8330.620000056919,3.5,29.99999997628379,9.881755147489458e-09,lane_1,mainline,,normal,none,commit
BASIC-05,basic_long_dt_900,499,49.90000000000044,B05_MV,cav,not_applicable,7245.992504216124,-0.05940838153732786,0.0018357170996074817,4.0,on_ramp,on_ramp_mv,,normal,executing,commit
BASIC-05,basic_long_dt_900,499,49.90000000000044,B05_CLV,cav,not_applicable,8340.000000032791,0.0,29.999999986334778,5.693841842457914e-09,lane_2,mainline,,normal,none,commit
BASIC-05,basic_long_dt_900,499,49.90000000000044,B05_CFV,cav,not_applicable,8297.554634753162,0.0,29.963830759040423,-0.7916180123614951,lane_2,mainline,,normal,none,commit
BASIC-05,basic_long_dt_900,499,49.90000000000044,B05_TLV_CLV,cav,not_applicable,8333.620000054641,3.5,29.999999977232438,9.486484486842528e-09,lane_1,mainline,,normal,none,commit
BASIC-05,basic_long_dt_900,500,50.00000000000044,B05_MV,cav,not_applicable,7245.992683399631,-0.05940583656093823,0.0017918350676056933,4.0,on_ramp,on_ramp_mv,,normal,executing,commit
BASIC-05,basic_long_dt_900,500,50.00000000000044,B05_CLV,cav,not_applicable,8343.00000003148,0.0,29.999999986881388,5.466088737193787e-09,lane_2,mainline,,normal,none,commit
BASIC-05,basic_long_dt_900,500,50.00000000000044,B05_CFV,cav,not_applicable,8300.551813681692,0.0,29.971789285301757,0.07958526261332222,lane_2,mainline,,normal,none,commit
BASIC-05,basic_long_dt_900,500,50.00000000000044,B05_TLV_CLV,cav,not_applicable,8336.620000052455,3.5,29.99999997814314,9.107024823151733e-09,lane_1,mainline,,normal,none,commit
BASIC-05,basic_long_dt_900,501,50.10000000000044,B05_MV,cav,not_applicable,7245.992858299832,-0.05940335247278661,0.0017490020169265486,4.0,on_ramp,on_ramp_mv,,normal,executing,commit
BASIC-05,basic_long_dt_900,501,50.10000000000044,B05_CLV,cav,not_applicable,8346.00000003022,0.0,29.99999998740613,5.247444789802103e-09,lane_2,mainline,,normal,none,commit
BASIC-05,basic_long_dt_900,501,50.10000000000044,B05_CFV,cav,not_applicable,8303.556916489644,0.0,30.051028079515575,0.7923879421381728,lane_2,mainline,,normal,none,commit
BASIC-05,basic_long_dt_900,501,50.10000000000044,B05_TLV_CLV,cav,not_applicable,8339.620000050356,3.5,29.999999979017414,8.742743773382245e-09,lane_1,mainline,,normal,none,commit
BASIC-05,basic_long_dt_900,502,50.20000000000044,B05_MV,cav,not_applicable,7245.993029019119,-0.059400927814924565,0.0017071928720585876,4.0,on_ramp,on_ramp_mv,,normal,executing,commit
BASIC-05,basic_long_dt_900,502,50.20000000000044,B05_CLV,cav,not_applicable,8349.000000029011,0.0,29.999999987909884,5.037547623487626e-09,lane_2,mainline,,normal,none,commit
BASIC-05,basic_long_dt_900,502,50.20000000000044,B05_CFV,cav,not_applicable,8306.55759338076,0.0,30.006768911145063,-0.44259168370513136,lane_2,mainline,,normal,none,commit
BASIC-05,basic_long_dt_900,502,50.20000000000044,B05_TLV_CLV,cav,not_applicable,8342.620000048342,3.5,29.999999979856717,8.393034534037725e-09,lane_1,mainline,,normal,none,commit
BASIC-05,basic_long_dt_900,503,50.300000000000445,B05_MV,cav,not_applicable,7245.993195657435,-0.05939856116437214,0.001666383156891974,4.0,on_ramp,on_ramp_mv,,normal,executing,commit
BASIC-05,basic_long_dt_900,503,50.300000000000445,B05_CLV,cav,not_applicable,8352.00000002785,0.0,29.99999998839349,4.836046230138891e-09,lane_2,mainline,,normal,none,commit
BASIC-05,basic_long_dt_900,503,50.300000000000445,B05_CFV,cav,not_applicable,8309.561921794462,0.0,30.043284137023733,0.36515225878671076,lane_2,mainline,,normal,none,commit
BASIC-05,basic_long_dt_900,503,50.300000000000445,B05_TLV_CLV,cav,not_applicable,8345.620000046409,3.5,29.999999980662448,8.057313038989378e-09,lane_1,mainline,,normal,none,commit
BASIC-05,basic_long_dt_900,504,50.400000000000446,B05_MV,cav,not_applicable,7245.993358312333,-0.0593962511322732,0.0016265489803693812,4.0,on_ramp,on_ramp_mv,,normal,executing,commit
BASIC-05,basic_long_dt_900,504,50.400000000000446,B05_CLV,cav,not_applicable,8355.000000026736,0.0,29.999999988857752,4.642603812499147e-09,lane_2,mainline,,normal,none,commit
BASIC-05,basic_long_dt_900,504,50.400000000000446,B05_CFV,cav,not_applicable,8312.558328726645,0.0,29.964069321833556,-0.7921481519017821,lane_2,mainline,,normal,none,commit
BASIC-05,basic_long_dt_900,504,50.400000000000446,B05_TLV_CLV,cav,not_applicable,8348.620000044551,3.5,29.99999998143595,7.735020801646898e-09,lane_1,mainline,,normal,none,commit
BASIC-05,basic_long_dt_900,505,50.50000000000045,B05_MV,cav,not_applicable,7245.993517079035,-0.059393996363077406,0.0015876670227891116,4.0,on_ramp,on_ramp_mv,,normal,executing,commit
BASIC-05,basic_long_dt_900,505,50.50000000000045,B05_CLV,cav,not_applicable,8358.000000025666,0.0,29.999999989303443,4.45689920525183e-09,lane_2,mainline,,normal,none,commit
BASIC-05,basic_long_dt_900,505,50.50000000000045,B05_CFV,cav,not_applicable,8315.55552717395,0.0,29.97198447304159,0.0791515120803602,lane_2,mainline,,normal,none,commit
BASIC-05,basic_long_dt_900,505,50.50000000000045,B05_TLV_CLV,cav,not_applicable,8351.620000042769,3.5,29.99999998217851,7.425620651702048e-09,lane_1,mainline,,normal,none,commit
BASIC-05,basic_long_dt_900,506,50.60000000000045,B05_MV,cav,not_applicable,7245.9936720504875,-0.05939179553373819,0.001549714521890803,4.0,on_ramp,on_ramp_mv,,normal,executing,commit
BASIC-05,basic_long_dt_900,506,50.60000000000045,B05_CLV,cav,not_applicable,8361.000000024638,0.0,29.999999989731307,4.278622611764149e-09,lane_2,mainline,,normal,none,commit
BASIC-05,basic_long_dt_900,506,50.60000000000045,B05_CFV,cav,not_applicable,8318.560645951808,0.0,30.05118777857544,0.7920330553384766,lane_2,mainline,,normal,none,commit
BASIC-05,basic_long_dt_900,506,50.60000000000045,B05_TLV_CLV,cav,not_applicable,8354.620000041057,3.5,29.99999998289137,7.128595314043196e-09,lane_1,mainline,,normal,none,commit
BASIC-05,basic_long_dt_900,507,50.70000000000045,B05_MV,cav,not_applicable,7245.993823317413,-0.059389647352928954,0.001512669259158548,4.0,on_ramp,on_ramp_mv,,normal,executing,commit
BASIC-05,basic_long_dt_900,507,50.70000000000045,B05_CLV,cav,not_applicable,8364.000000023652,0.0,29.999999990142054,4.107477025172557e-09,lane_2,mainline,,normal,none,commit
BASIC-05,basic_long_dt_900,507,50.70000000000045,B05_CFV,cav,not_applicable,8321.56133590921,0.0,30.006899574012223,-0.4428820456321555,lane_2,mainline,,normal,none,commit
BASIC-05,basic_long_dt_900,507,50.70000000000045,B05_TLV_CLV,cav,not_applicable,8357.620000039415,3.5,29.999999983575716,6.843451672011725e-09,lane_1,mainline,,normal,none,commit
BASIC-05,basic_long_dt_900,508,50.80000000000045,B05_MV,cav,not_applicable,7245.993970968369,-0.05938755056028544,0.001476509547645889,4.0,on_ramp,on_ramp_mv,,normal,executing,commit
BASIC-05,basic_long_dt_900,508,50.80000000000045,B05_CLV,cav,not_applicable,8367.000000022706,0.0,29.999999990536374,3.943178228382749e-09,lane_2,mainline,,normal,none,commit
BASIC-05,basic_long_dt_900,508,50.80000000000045,B05_CFV,cav,not_applicable,8324.56567501351,0.0,30.043391043005958,0.36491468993732734,lane_2,mainline,,normal,none,commit
BASIC-05,basic_long_dt_900,508,50.80000000000045,B05_TLV_CLV,cav,not_applicable,8360.620000037838,3.5,29.999999984232687,6.569713661974674e-09,lane_1,mainline,,normal,none,commit
BASIC-05,basic_long_dt_900,509,50.90000000000045,B05_MV,cav,not_applicable,7245.99411508979,-0.05938550392565478,0.001441214218496345,4.0,on_ramp,on_ramp_mv,,normal,executing,commit
BASIC-05,basic_long_dt_900,509,50.90000000000045,B05_CLV,cav,not_applicable,8370.000000021799,0.0,29.99999999091492,3.7854505308132506e-09,lane_2,mainline,,normal,none,commit
BASIC-05,basic_long_dt_900,509,50.90000000000045,B05_CFV,cav,not_applicable,8327.562090692545,0.0,29.964156790364466,-0.792342526414914,lane_2,mainline,,normal,none,commit
BASIC-05,basic_long_dt_900,509,50.90000000000045,B05_TLV_CLV,cav,not_applicable,8363.620000036324,3.5,29.99999998486338,6.306925115495688e-09,lane_1,mainline,,normal,none,commit
BASIC-05,basic_long_dt_900,510,51.000000000000455,B05_MV,cav,not_applicable,7245.9942557660515,-0.059383506248375184,0.0014067626092032302,4.0,on_ramp,on_ramp_mv,,normal,executing,commit
BASIC-05,basic_long_dt_900,510,51.000000000000455,B05_CLV,cav,not_applicable,8373.000000020927,0.0,29.999999991278322,3.6340324527373016e-09,lane_2,mainline,,normal,none,commit
BASIC-05,basic_long_dt_900,510,51.000000000000455,B05_CFV,cav,not_applicable,8330.559296296366,0.0,29.972056038203245,0.07899247838779777,lane_2,mainline,,normal,none,commit
BASIC-05,basic_long_dt_900,510,51.000000000000455,B05_TLV_CLV,cav,not_applicable,8366.62000003487,3.5,29.999999985468843,6.054648338249535e-09,lane_1,mainline,,normal,none,commit
BASIC-05,basic_long_dt_900,511,51.100000000000456,B05_MV,cav,not_applicable,7245.994393079507,-0.05938155635656184,0.001373134550782414,4.0,on_ramp,on_ramp_mv,,normal,executing,commit
BASIC-05,basic_long_dt_900,511,51.100000000000456,B05_CLV,cav,not_applicable,8376.00000002009,0.0,29.999999991627188,3.488671040940972e-09,lane_2,mainline,,normal,none,commit
BASIC-05,basic_long_dt_900,511,51.100000000000456,B05_CFV,cav,not_applicable,8333.564420929555,0.0,30.05124633188952,0.7919029368627436,lane_2,mainline,,normal,none,commit
BASIC-05,basic_long_dt_900,511,51.100000000000456,B05_TLV_CLV,cav,not_applicable,8369.620000033476,3.5,29.99999998605009,5.812462688936648e-09,lane_1,mainline,,normal,none,commit
BASIC-05,basic_long_dt_900,512,51.20000000000046,B05_MV,cav,not_applicable,7245.994527110543,-0.05937965310642035,0.0013403103566843701,4.0,on_ramp,on_ramp_mv,,normal,executing,commit
BASIC-05,basic_long_dt_900,512,51.20000000000046,B05_CLV,cav,not_applicable,8379.000000019287,0.0,29.9999999919621,3.3491247108941026e-09,lane_2,mainline,,normal,none,commit
BASIC-05,basic_long_dt_900,512,51.20000000000046,B05_CFV,cav,not_applicable,8336.565115677682,0.0,30.006947481269197,-0.44298850620320973,lane_2,mainline,,normal,none,commit
BASIC-05,basic_long_dt_900,512,51.20000000000046,B05_TLV_CLV,cav,not_applicable,8372.620000032137,3.5,29.999999986608085,5.579964579283115e-09,lane_1,mainline,,normal,none,commit
BASIC-05,basic_long_dt_900,513,51.30000000000046,B05_MV,cav,not_applicable,7245.994657937624,-0.05937779538156729,0.001308270811053992,4.0,on_ramp,on_ramp_mv,,normal,executing,commit
BASIC-05,basic_long_dt_900,513,51.30000000000046,B05_CLV,cav,not_applicable,8382.000000018515,0.0,29.999999992283616,3.215160404579365e-09,lane_2,mainline,,normal,none,commit
BASIC-05,basic_long_dt_900,513,51.30000000000046,B05_CFV,cav,not_applicable,8339.569458701668,0.0,30.043430239852572,0.36482758583373753,lane_2,mainline,,normal,none,commit
BASIC-05,basic_long_dt_900,513,51.30000000000046,B05_TLV_CLV,cav,not_applicable,8375.62000003085,3.5,29.999999987143763,5.356766052955209e-09,lane_1,mainline,,normal,none,commit
BASIC-05,basic_long_dt_900,514,51.40000000000046,B05_MV,cav,not_applicable,7245.994785637339,-0.059375982092376045,0.001276997156990409,4.0,on_ramp,on_ramp_mv,,normal,executing,commit
BASIC-05,basic_long_dt_900,514,51.40000000000046,B05_CLV,cav,not_applicable,8385.000000017775,0.0,29.999999992592272,3.0865535904922584e-09,lane_2,mainline,,normal,none,commit
BASIC-05,basic_long_dt_900,514,51.40000000000046,B05_CFV,cav,not_applicable,8342.565877587718,0.0,29.964188860511697,-0.7924137934087601,lane_2,mainline,,normal,none,commit
BASIC-05,basic_long_dt_900,514,51.40000000000046,B05_TLV_CLV,cav,not_applicable,8378.620000029616,3.5,29.99999998765801,5.142494785559393e-09,lane_1,mainline,,normal,none,commit
BASIC-05,basic_long_dt_900,515,51.50000000000046,B05_MV,cav,not_applicable,7245.9949102844475,-0.059374212175328456,0.0012464710863286778,4.0,on_ramp,on_ramp_mv,,normal,executing,commit
BASIC-05,basic_long_dt_900,515,51.50000000000046,B05_CLV,cav,not_applicable,8388.000000017064,0.0,29.999999992888583,2.9630911058120546e-09,lane_2,mainline,,normal,none,commit
BASIC-05,basic_long_dt_900,515,51.50000000000046,B05_CFV,cav,not_applicable,8345.56308581546,0.0,29.972082277414618,0.07893416902919637,lane_2,mainline,,normal,none,commit
BASIC-05,basic_long_dt_900,515,51.50000000000046,B05_TLV_CLV,cav,not_applicable,8381.620000028432,3.5,29.99999998815169,4.936795505727787e-09,lane_1,mainline,,normal,none,commit
BASIC-05,basic_long_dt_900,516,51.60000000000046,B05_MV,cav,not_applicable,7245.99503195192,-0.05937248459239308,0.00121667472833442,4.0,on_ramp,on_ramp_mv,,normal,executing,commit
BASIC-05,basic_long_dt_900,516,51.60000000000046,B05_CLV,cav,not_applicable,8391.000000016382,0.0,29.999999993173038,2.844566893145384e-09,lane_2,mainline,,normal,none,commit
BASIC-05,basic_long_dt_900,516,51.60000000000046,B05_CFV,cav,not_applicable,8348.568212595494,0.0,30.05126780033519,0.7918552292057062,lane_2,mainline,,normal,none,commit
BASIC-05,basic_long_dt_900,516,51.60000000000046,B05_TLV_CLV,cav,not_applicable,8384.620000027295,3.5,29.99999998862562,4.7393243107762835e-09,lane_1,mainline,,normal,none,commit
BASIC-05,basic_long_dt_900,517,51.700000000000465,B05_MV,cav,not_applicable,7245.9951507109845,-0.059370798330410146,0.0011875906394855132,4.0,on_ramp,on_ramp_mv,,normal,executing,commit
BASIC-05,basic_long_dt_900,517,51.700000000000465,B05_CLV,cav,not_applicable,8394.000000015727,0.0,29.999999993446117,2.7307848426971762e-09,lane_2,mainline,,normal,none,commit
BASIC-05,basic_long_dt_900,517,51.700000000000465,B05_CFV,cav,not_applicable,8351.56890910013,0.0,30.00696504636111,-0.4430275397407858,lane_2,mainline,,normal,none,commit
BASIC-05,basic_long_dt_900,517,51.700000000000465,B05_TLV_CLV,cav,not_applicable,8387.620000026203,3.5,29.999999989080596,4.549751508875489e-09,lane_1,mainline,,normal,none,commit
BASIC-05,basic_long_dt_900,518,51.800000000000466,B05_MV,cav,not_applicable,7245.995266631164,-0.05936915240049423,0.001159201793253784,4.0,on_ramp,on_ramp_mv,,normal,executing,commit
BASIC-05,basic_long_dt_900,518,51.800000000000466,B05_CLV,cav,not_applicable,8397.000000015098,0.0,29.999999993708272,2.621553107928776e-09,lane_2,mainline,,normal,none,commit
BASIC-05,basic_long_dt_900,518,51.800000000000466,B05_CFV,cav,not_applicable,8354.573253561259,0.0,30.04344461129141,0.36479564930299346,lane_2,mainline,,normal,none,commit
BASIC-05,basic_long_dt_900,518,51.800000000000466,B05_TLV_CLV,cav,not_applicable,8390.620000025156,3.5,29.999999989517374,4.3677616190507255e-09,lane_1,mainline,,normal,none,commit
BASIC-05,basic_long_dt_900,519,51.90000000000047,B05_MV,cav,not_applicable,7245.995379780321,-0.05936754583745385,0.0011314915703215193,4.0,on_ramp,on_ramp_mv,,normal,executing,commit
BASIC-05,basic_long_dt_900,519,51.90000000000047,B05_CLV,cav,not_applicable,8400.000000014494,0.0,29.999999993959943,2.5166912109853005e-09,lane_2,mainline,,normal,none,commit
BASIC-05,basic_long_dt_900,519,51.90000000000047,B05_CFV,cav,not_applicable,8357.569673623155,0.0,29.964200618961655,-0.7924399232975508,lane_2,mainline,,normal,none,commit
BASIC-05,basic_long_dt_900,519,51.90000000000047,B05_TLV_CLV,cav,not_applicable,8393.62000002415,3.5,29.99999998993668,4.193050529011089e-09,lane_1,mainline,,normal,none,commit
BASIC-05,basic_long_dt_900,520,52.00000000000047,B05_MV,cav,not_applicable,7245.9954902246955,-0.0593659776992177,0.0011044437483631589,4.0,on_ramp,on_ramp_mv,,normal,executing,commit
BASIC-05,basic_long_dt_900,520,52.00000000000047,B05_CLV,cav,not_applicable,8403.000000013913,0.0,29.999999994201545,2.4160229372682807e-09,lane_2,mainline,,normal,none,commit
BASIC-05,basic_long_dt_900,520,52.00000000000047,B05_CFV,cav,not_applicable,8360.566882812951,0.0,29.97209189796458,0.07891279002927676,lane_2,mainline,,normal,none,commit
BASIC-05,basic_long_dt_900,520,52.00000000000047,B05_TLV_CLV,cav,not_applicable,8396.620000023184,3.5,29.999999990339212,4.025328337320388e-09,lane_1,mainline,,normal,none,commit
BASIC-05,basic_long_dt_900,521,52.10000000000047,B05_MV,cav,not_applicable,7245.995598028945,-0.05936444706628441,0.001078042493131452,4.0,on_ramp,on_ramp_mv,,normal,executing,commit
BASIC-05,basic_long_dt_900,521,52.10000000000047,B05_CLV,cav,not_applicable,8406.000000013357,0.0,29.999999994433484,2.3193820197775494e-09,lane_2,mainline,,normal,none,commit
BASIC-05,basic_long_dt_900,521,52.10000000000047,B05_CFV,cav,not_applicable,8363.57201038012,0.0,30.05127567169425,0.7918377372966809,lane_2,mainline,,normal,none,commit
BASIC-05,basic_long_dt_900,521,52.10000000000047,B05_TLV_CLV,cav,not_applicable,8399.620000022256,3.5,29.999999990725644,3.864315090140735e-09,lane_1,mainline,,normal,none,commit
BASIC-05,basic_long_dt_900,522,52.20000000000047,B05_MV,cav,not_applicable,7245.99570325618,-0.059362953041179,0.00105227234845656,4.0,on_ramp,on_ramp_mv,,normal,executing,commit
BASIC-05,basic_long_dt_900,522,52.20000000000047,B05_CLV,cav,not_applicable,8409.000000012822,0.0,29.999999994656143,2.226606454769353e-09,lane_2,mainline,,normal,none,commit
BASIC-05,basic_long_dt_900,522,52.20000000000047,B05_CFV,cav,not_applicable,8366.572707528776,0.0,30.006971486563977,-0.44304185130271556,lane_2,mainline,,normal,none,commit
BASIC-05,basic_long_dt_900,522,52.20000000000047,B05_TLV_CLV,cav,not_applicable,8402.620000021367,3.5,29.99999999109662,3.709742202318012e-09,lane_1,mainline,,normal,none,commit
BASIC-05,basic_long_dt_900,523,52.30000000000047,B05_MV,cav,not_applicable,7245.995805968003,-0.05936149474792307,0.0010271182282018548,4.0,on_ramp,on_ramp_mv,,normal,executing,commit
BASIC-05,basic_long_dt_900,523,52.30000000000047,B05_CLV,cav,not_applicable,8412.00000001231,0.0,29.999999994869896,2.137542765012768e-09,lane_2,mainline,,normal,none,commit
BASIC-05,basic_long_dt_900,523,52.30000000000047,B05_CFV,cav,not_applicable,8369.57705251683,0.0,30.0434498805483,0.36478393984323276,lane_2,mainline,,normal,none,commit
BASIC-05,basic_long_dt_900,523,52.30000000000047,B05_TLV_CLV,cav,not_applicable,8405.620000020512,3.5,29.999999991452754,3.5613524573818726e-09,lane_1,mainline,,normal,none,commit
BASIC-05,basic_long_dt_900,524,52.400000000000475,B05_MV,cav,not_applicable,7245.995906224543,-0.05936007133152055,0.0010025654062630228,4.0,on_ramp,on_ramp_mv,,normal,executing,commit
BASIC-05,basic_long_dt_900,524,52.400000000000475,B05_CLV,cav,not_applicable,8415.000000011816,0.0,29.9999999950751,2.0520417365332833e-09,lane_2,mainline,,normal,none,commit
BASIC-05,basic_long_dt_900,524,52.400000000000475,B05_CFV,cav,not_applicable,8372.573473009847,0.0,29.96420493017184,-0.7924495037646277,lane_2,mainline,,normal,none,commit
BASIC-05,basic_long_dt_900,524,52.400000000000475,B05_TLV_CLV,cav,not_applicable,8408.620000019691,3.5,29.999999991794642,3.418898586460273e-09,lane_1,mainline,,normal,none,commit
BASIC-05,basic_long_dt_900,525,52.500000000000476,B05_MV,cav,not_applicable,7245.996004084494,-0.05935868195745364,0.0009785995091760957,4.0,on_ramp,on_ramp_mv,,normal,executing,commit
BASIC-05,basic_long_dt_900,525,52.500000000000476,B05_CLV,cav,not_applicable,8418.000000011343,0.0,29.999999995272095,1.9699598396982766e-09,lane_2,mainline,,normal,none,commit
BASIC-05,basic_long_dt_900,525,52.500000000000476,B05_CFV,cav,not_applicable,8375.570682552378,0.0,29.97209542531837,0.07890495146530463,lane_2,mainline,,normal,none,commit
BASIC-05,basic_long_dt_900,525,52.500000000000476,B05_TLV_CLV,cav,not_applicable,8411.620000018904,3.5,29.999999992122856,3.2821432682794696e-09,lane_1,mainline,,normal,none,commit
BASIC-05,basic_long_dt_900,526,52.60000000000048,B05_MV,cav,not_applicable,7245.996099605145,-0.05935732581118991,0.0009552065065513763,4.0,on_ramp,on_ramp_mv,,normal,executing,commit
BASIC-05,basic_long_dt_900,526,52.60000000000048,B05_CLV,cav,not_applicable,8421.000000010888,0.0,29.99999999546121,1.891162071387953e-09,lane_2,mainline,,normal,none,commit
BASIC-05,basic_long_dt_900,526,52.60000000000048,B05_CFV,cav,not_applicable,8378.575810408149,0.0,30.051278557710983,0.7918313239261583,lane_2,mainline,,normal,none,commit
BASIC-05,basic_long_dt_900,526,52.60000000000048,B05_TLV_CLV,cav,not_applicable,8414.620000018147,3.5,29.999999992437942,3.1508577080785475e-09,lane_1,mainline,,normal,none,commit
BASIC-05,basic_long_dt_900,527,52.70000000000048,B05_MV,cav,not_applicable,7245.996192842415,-0.05935600209770575,0.0009323727036814687,4.0,on_ramp,on_ramp_mv,,normal,executing,commit
BASIC-05,basic_long_dt_900,527,52.70000000000048,B05_CLV,cav,not_applicable,8424.000000010452,0.0,29.99999999564276,1.8155162706534612e-09,lane_2,mainline,,normal,none,commit
BASIC-05,basic_long_dt_900,527,52.70000000000048,B05_CFV,cav,not_applicable,8381.576507792934,0.0,30.006973847850396,-0.44304709860587044,lane_2,mainline,,normal,none,commit
BASIC-05,basic_long_dt_900,527,52.70000000000048,B05_TLV_CLV,cav,not_applicable,8417.620000017421,3.5,29.999999992740424,3.024823058694892e-09,lane_1,mainline,,normal,none,commit
BASIC-05,basic_long_dt_900,528,52.80000000000048,B05_MV,cav,not_applicable,7245.996283850889,-0.05935471004101567,0.0009100847330622577,4.0,on_ramp,on_ramp_mv,,normal,executing,commit
BASIC-05,basic_long_dt_900,528,52.80000000000048,B05_CLV,cav,not_applicable,8427.000000010034,0.0,29.99999999581705,1.742895960887836e-09,lane_2,mainline,,normal,none,commit
BASIC-05,basic_long_dt_900,528,52.80000000000048,B05_CFV,cav,not_applicable,8384.580852974184,0.0,30.043451812509915,0.36477964659519696,lane_2,mainline,,normal,none,commit
BASIC-05,basic_long_dt_900,528,52.80000000000048,B05_TLV_CLV,cav,not_applicable,8420.620000016725,3.5,29.99999999303081,2.903830420564191e-09,lane_1,mainline,,normal,none,commit
BASIC-05,basic_long_dt_900,529,52.90000000000048,B05_MV,cav,not_applicable,7245.996372683844,-0.05935344888371663,0.00088832954678353,4.0,on_ramp,on_ramp_mv,,normal,executing,commit
BASIC-05,basic_long_dt_900,529,52.90000000000048,B05_CLV,cav,not_applicable,8430.000000009632,0.0,29.999999995984368,1.673180349825998e-09,lane_2,mainline,,normal,none,commit
BASIC-05,basic_long_dt_900,529,52.90000000000048,B05_CFV,cav,not_applicable,8387.577273625271,0.0,29.964206510867704,-0.7924530164221115,lane_2,mainline,,normal,none,commit
BASIC-05,basic_long_dt_900,529,52.90000000000048,B05_TLV_CLV,cav,not_applicable,8423.620000016055,3.5,29.999999993309576,2.787676578464016e-09,lane_1,mainline,,normal,none,commit
BASIC-05,basic_long_dt_900,530,53.00000000000048,B05_MV,cav,not_applicable,7245.996459393285,-0.05935221788654266,0.0008670944089195952,4.0,on_ramp,on_ramp_mv,,normal,executing,commit
BASIC-05,basic_long_dt_900,530,53.00000000000048,B05_CLV,cav,not_applicable,8433.000000009246,0.0,29.999999996144993,1.6062529084592825e-09,lane_2,mainline,,normal,none,commit
BASIC-05,basic_long_dt_900,530,53.00000000000048,B05_CFV,cav,not_applicable,8390.574483297132,0.0,29.972096718614985,0.07890207747281797,lane_2,mainline,,normal,none,commit
BASIC-05,basic_long_dt_900,530,53.00000000000048,B05_TLV_CLV,cav,not_applicable,8426.620000015413,3.5,29.99999999357719,2.6761696858557117e-09,lane_1,mainline,,normal,none,commit
BASIC-05,basic_long_dt_900,531,53.100000000000485,B05_MV,cav,not_applicable,7245.996544029973,-0.059351016327928274,0.0008463668881373186,4.0,on_ramp,on_ramp_mv,,normal,executing,commit
BASIC-05,basic_long_dt_900,531,53.100000000000485,B05_CLV,cav,not_applicable,8436.000000008877,0.0,29.999999996299195,1.5420027921209112e-09,lane_2,mainline,,normal,none,commit
BASIC-05,basic_long_dt_900,531,53.100000000000485,B05_CFV,cav,not_applicable,8393.579611258718,0.0,30.05127961586276,0.7918289724777602,lane_2,mainline,,normal,none,commit
BASIC-05,basic_long_dt_900,531,53.100000000000485,B05_TLV_CLV,cav,not_applicable,8429.620000014796,3.5,29.999999993834102,2.5691235805425094e-09,lane_1,mainline,,normal,none,commit
BASIC-05,basic_long_dt_900,532,53.200000000000486,B05_MV,cav,not_applicable,7245.996626643458,-0.059349843503586186,0.0008261348498693309,4.0,on_ramp,on_ramp_mv,,normal,executing,commit
BASIC-05,basic_long_dt_900,532,53.200000000000486,B05_CLV,cav,not_applicable,8439.000000008522,0.0,29.999999996447226,1.4803219983150485e-09,lane_2,mainline,,normal,none,commit
BASIC-05,basic_long_dt_900,532,53.200000000000486,B05_CFV,cav,not_applicable,8396.58030873008,0.0,30.00697471361094,-0.4430490225181962,lane_2,mainline,,normal,none,commit
BASIC-05,basic_long_dt_900,532,53.200000000000486,B05_TLV_CLV,cav,not_applicable,8432.620000014205,3.5,29.99999999408074,2.4663592057549978e-09,lane_1,mainline,,normal,none,commit
BASIC-05,basic_long_dt_900,533,53.30000000000049,B05_MV,cav,not_applicable,7245.996707282103,-0.059348698726091165,0.0008063864497917046,4.0,on_ramp,on_ramp_mv,,normal,executing,commit
BASIC-05,basic_long_dt_900,533,53.30000000000049,B05_CLV,cav,not_applicable,8442.00000000818,0.0,29.999999996589338,1.4211096299732164e-09,lane_2,mainline,,normal,none,commit
BASIC-05,basic_long_dt_900,533,53.30000000000049,B05_CFV,cav,not_applicable,8399.584653982165,0.0,30.04345252085945,0.36477807248511224,lane_2,mainline,,normal,none,commit
BASIC-05,basic_long_dt_900,533,53.30000000000049,B05_TLV_CLV,cav,not_applicable,8435.620000013638,3.5,29.99999999431751,2.3677046101511227e-09,lane_1,mainline,,normal,none,commit
BASIC-05,basic_long_dt_900,534,53.40000000000049,B05_MV,cav,not_applicable,7245.996785993116,-0.05934758132447726,0.0007871101266493963,4.0,on_ramp,on_ramp_mv,,normal,executing,commit
BASIC-05,basic_long_dt_900,534,53.40000000000049,B05_CLV,cav,not_applicable,8445.000000007853,0.0,29.999999996725766,1.3642647900269368e-09,lane_2,mainline,,normal,none,commit
BASIC-05,basic_long_dt_900,534,53.40000000000049,B05_CFV,cav,not_applicable,8402.581074691208,0.0,29.964207090426413,-0.7924543043303627,lane_2,mainline,,normal,none,commit
BASIC-05,basic_long_dt_900,534,53.40000000000049,B05_TLV_CLV,cav,not_applicable,8438.620000013092,3.5,29.999999994544808,2.272996368901659e-09,lane_1,mainline,,normal,none,commit
BASIC-05,basic_long_dt_900,535,53.50000000000049,B05_MV,cav,not_applicable,7245.996862822575,-0.059346490643840344,0.0007682945957339229,4.0,on_ramp,on_ramp_mv,,normal,executing,commit
BASIC-05,basic_long_dt_900,535,53.50000000000049,B05_CLV,cav,not_applicable,8448.000000007538,0.0,29.999999996856737,1.3096936868350895e-09,lane_2,mainline,,normal,none,commit
BASIC-05,basic_long_dt_900,535,53.50000000000049,B05_CFV,cav,not_applicable,8405.578284410489,0.0,29.972097192799385,0.07890102372970331,lane_2,mainline,,normal,none,commit
BASIC-05,basic_long_dt_900,535,53.50000000000049,B05_TLV_CLV,cav,not_applicable,8441.620000012568,3.5,29.999999994763016,2.1820767415192677e-09,lane_1,mainline,,normal,none,commit
BASIC-05,basic_long_dt_900,536,53.60000000000049,B05_MV,cav,not_applicable,7245.996937815459,-0.05934542604495663,0.0007499288421436255,4.0,on_ramp,on_ramp_mv,,normal,executing,commit
BASIC-05,basic_long_dt_900,536,53.60000000000049,B05_CLV,cav,not_applicable,8451.000000007236,0.0,29.999999996982467,1.2573053709274973e-09,lane_2,mainline,,normal,none,commit
BASIC-05,basic_long_dt_900,536,53.60000000000049,B05_CFV,cav,not_applicable,8408.583412410871,0.0,30.051280003831817,0.7918281103243028,lane_2,mainline,,normal,none,commit
BASIC-05,basic_long_dt_900,536,53.60000000000049,B05_TLV_CLV,cav,not_applicable,8444.620000012066,3.5,29.999999994972494,2.094793671858497e-09,lane_1,mainline,,normal,none,commit
BASIC-05,basic_long_dt_900,537,53.70000000000049,B05_MV,cav,not_applicable,7245.997011015671,-0.05934438690390431,0.0007320021140439345,4.0,on_ramp,on_ramp_mv,,normal,executing,commit
BASIC-05,basic_long_dt_900,537,53.70000000000049,B05_CLV,cav,not_applicable,8454.000000006947,0.0,29.999999997103167,1.2070131560903974e-09,lane_2,mainline,,normal,none,commit
BASIC-05,basic_long_dt_900,537,53.70000000000049,B05_CFV,cav,not_applicable,8411.584109913976,0.0,30.00697503104017,-0.44304972791647956,lane_2,mainline,,normal,none,commit
BASIC-05,basic_long_dt_900,537,53.70000000000049,B05_TLV_CLV,cav,not_applicable,8447.620000011584,3.5,29.999999995173596,2.0110022092012516e-09,lane_1,mainline,,normal,none,commit
BASIC-05,basic_long_dt_900,538,53.800000000000495,B05_MV,cav,not_applicable,7245.997082466062,-0.0593433726116972,0.0007145039165798665,4.0,on_ramp,on_ramp_mv,,normal,executing,commit
BASIC-05,basic_long_dt_900,538,53.800000000000495,B05_CLV,cav,not_applicable,8457.000000006668,0.0,29.99999999721904,1.1587331982809702e-09,lane_2,mainline,,normal,none,commit
BASIC-05,basic_long_dt_900,538,53.800000000000495,B05_CFV,cav,not_applicable,8414.588455192034,0.0,30.043452780574277,0.36477749534106224,lane_2,mainline,,normal,none,commit
BASIC-05,basic_long_dt_900,538,53.800000000000495,B05_TLV_CLV,cav,not_applicable,8450.62000001112,3.5,29.99999999536665,1.9305616660858506e-09,lane_1,mainline,,normal,none,commit
BASIC-05,basic_long_dt_900,539,53.900000000000496,B05_MV,cav,not_applicable,7245.9971522084625,-0.05934238257392632,0.0006974240062233433,4.0,on_ramp,on_ramp_mv,,normal,executing,commit
BASIC-05,basic_long_dt_900,539,53.900000000000496,B05_CLV,cav,not_applicable,8460.000000006401,0.0,29.999999997330278,1.1123844956273388e-09,lane_2,mainline,,normal,none,commit
BASIC-05,basic_long_dt_900,539,53.900000000000496,B05_CFV,cav,not_applicable,8417.584875922326,0.0,29.964207302920364,-0.7924547765391308,lane_2,mainline,,normal,none,commit
BASIC-05,basic_long_dt_900,539,53.900000000000496,B05_TLV_CLV,cav,not_applicable,8453.620000010675,3.5,29.999999995551985,1.853339881563443e-09,lane_1,mainline,,normal,none,commit
BASIC-05,basic_long_dt_900,540,54.0000000000005,B05_MV,cav,not_applicable,7245.997220283701,-0.05934141621041267,0.0006807523838160457,4.0,on_ramp,on_ramp_mv,,normal,executing,commit
BASIC-05,basic_long_dt_900,540,54.0000000000005,B05_CLV,cav,not_applicable,8463.000000006145,0.0,29.999999997437065,1.0678888884285698e-09,lane_2,mainline,,normal,none,commit
BASIC-05,basic_long_dt_900,540,54.0000000000005,B05_CFV,cav,not_applicable,8420.582085658993,0.0,29.972097366658073,0.07890063737707487,lane_2,mainline,,normal,none,commit
BASIC-05,basic_long_dt_900,540,54.0000000000005,B05_TLV_CLV,cav,not_applicable,8456.620000010247,3.5,29.999999995729905,1.7792061157706485e-09,lane_1,mainline,,normal,none,commit
BASIC-05,basic_long_dt_900,541,54.1000000000005,B05_MV,cav,not_applicable,7245.99728673163,-0.059340472954862555,0.0006644792893515534,4.0,on_ramp,on_ramp_mv,,normal,executing,commit
BASIC-05,basic_long_dt_900,541,54.1000000000005,B05_CLV,cav,not_applicable,8466.000000005899,0.0,29.999999997539582,1.0251739013256155e-09,lane_2,mainline,,normal,none,commit
BASIC-05,basic_long_dt_900,541,54.1000000000005,B05_CFV,cav,not_applicable,8423.5872136736,0.0,30.051280146079833,0.7918277942176067,lane_2,mainline,,normal,none,commit
BASIC-05,basic_long_dt_900,541,54.1000000000005,B05_TLV_CLV,cav,not_applicable,8459.620000009838,3.5,29.99999999590071,1.7080381553569168e-09,lane_1,mainline,,normal,none,commit
BASIC-05,basic_long_dt_900,542,54.2000000000005,B05_MV,cav,not_applicable,7245.99735159115,-0.059339552254538575,0.0006485951961052537,4.0,on_ramp,on_ramp_mv,,normal,executing,commit
BASIC-05,basic_long_dt_900,542,54.2000000000005,B05_CLV,cav,not_applicable,8469.000000005663,0.0,29.999999997638,9.841670589594288e-10,lane_2,mainline,,normal,none,commit
BASIC-05,basic_long_dt_900,542,54.2000000000005,B05_CFV,cav,not_applicable,8426.587911188342,0.0,30.00697514742491,-0.4430499865492308,lane_2,mainline,,normal,none,commit
BASIC-05,basic_long_dt_900,542,54.2000000000005,B05_TLV_CLV,cav,not_applicable,8462.620000009445,3.5,29.99999999606468,1.6397166291426402e-09,lane_1,mainline,,normal,none,commit
BASIC-05,basic_long_dt_900,543,54.3000000000005,B05_MV,cav,not_applicable,7245.99741490023,-0.0593386535699314,0.0006330908054164812,4.0,on_ramp,on_ramp_mv,,normal,executing,commit
BASIC-05,basic_long_dt_900,543,54.3000000000005,B05_CLV,cav,not_applicable,8472.000000005435,0.0,29.99999999773248,9.448001492273762e-10,lane_2,mainline,,normal,none,commit
BASIC-05,basic_long_dt_900,543,54.3000000000005,B05_CFV,cav,not_applicable,8429.592256475922,0.0,30.043452875798156,0.3647772837324476,lane_2,mainline,,normal,none,commit
BASIC-05,basic_long_dt_900,543,54.3000000000005,B05_TLV_CLV,cav,not_applicable,8465.620000009067,3.5,29.999999996222094,1.574127850290097e-09,lane_1,mainline,,normal,none,commit
BASIC-05,basic_long_dt_900,544,54.4000000000005,B05_MV,cav,not_applicable,7245.997476695934,-0.059337776374445816,0.0006179570406010153,4.0,on_ramp,on_ramp_mv,,normal,executing,commit
BASIC-05,basic_long_dt_900,544,54.4000000000005,B05_CLV,cav,not_applicable,8475.000000005217,0.0,29.99999999782318,9.070078021977679e-10,lane_2,mainline,,normal,none,commit
BASIC-05,basic_long_dt_900,544,54.4000000000005,B05_CFV,cav,not_applicable,8432.588677214006,0.0,29.96420738083081,-0.7924549496734519,lane_2,mainline,,normal,none,commit
BASIC-05,basic_long_dt_900,544,54.4000000000005,B05_TLV_CLV,cav,not_applicable,8468.620000008705,3.5,29.99999999637321,1.5111623952179799e-09,lane_1,mainline,,normal,none,commit
BASIC-05,basic_long_dt_900,545,54.500000000000504,B05_MV,cav,not_applicable,7245.997537014438,-0.05933692015408809,0.0006031850419506312,4.0,on_ramp,on_ramp_mv,,normal,executing,commit
BASIC-05,basic_long_dt_900,545,54.500000000000504,B05_CLV,cav,not_applicable,8478.000000005008,0.0,29.999999997910255,8.707274901098572e-10,lane_2,mainline,,normal,none,commit
BASIC-05,basic_long_dt_900,545,54.500000000000504,B05_CFV,cav,not_applicable,8435.585886957046,0.0,29.972097430402982,0.07890049572172131,lane_2,mainline,,normal,none,commit
BASIC-05,basic_long_dt_900,545,54.500000000000504,B05_TLV_CLV,cav,not_applicable,8471.620000008357,3.5,29.99999999651828,1.4507165246868682e-09,lane_1,mainline,,normal,none,commit
BASIC-05,basic_long_dt_900,546,54.600000000000506,B05_MV,cav,not_applicable,7245.9975958910545,-0.05933608440716709,0.0005887661615152405,4.0,on_ramp,on_ramp_mv,,normal,executing,commit
BASIC-05,basic_long_dt_900,546,54.600000000000506,B05_CLV,cav,not_applicable,8481.000000004808,0.0,29.999999997993843,8.358981062883687e-10,lane_2,mainline,,normal,none,commit
BASIC-05,basic_long_dt_900,546,54.600000000000506,B05_CFV,cav,not_applicable,8438.59101497687,0.0,30.05128019823476,0.791827678317772,lane_2,mainline,,normal,none,commit
BASIC-05,basic_long_dt_900,546,54.600000000000506,B05_TLV_CLV,cav,not_applicable,8474.620000008023,3.5,29.99999999665755,1.3926879205428124e-09,lane_1,mainline,,normal,none,commit
BASIC-05,basic_long_dt_900,547,54.70000000000051,B05_MV,cav,not_applicable,7245.99765336025,-0.0593352686439963,0.0005746919583198531,4.0,on_ramp,on_ramp_mv,,normal,executing,commit
BASIC-05,basic_long_dt_900,547,54.70000000000051,B05_CLV,cav,not_applicable,8484.000000004615,0.0,29.999999998074088,8.024628073144413e-10,lane_2,mainline,,normal,none,commit
BASIC-05,basic_long_dt_900,547,54.70000000000051,B05_CFV,cav,not_applicable,8441.59171249588,0.0,30.006975190097123,-0.44305008137636837,lane_2,mainline,,normal,none,commit
BASIC-05,basic_long_dt_900,547,54.70000000000051,B05_TLV_CLV,cav,not_applicable,8477.620000007702,3.5,29.99999999679125,1.336979948973749e-09,lane_1,mainline,,normal,none,commit
BASIC-05,basic_long_dt_900,548,54.80000000000051,B05_MV,cav,not_applicable,7245.99770945567,-0.05933447238661094,0.0005609541929293064,4.0,on_ramp,on_ramp_mv,,normal,executing,commit
BASIC-05,basic_long_dt_900,548,54.80000000000051,B05_CLV,cav,not_applicable,8487.00000000443,0.0,29.999999998151125,7.703647497692146e-10,lane_2,mainline,,normal,none,commit
BASIC-05,basic_long_dt_900,548,54.80000000000051,B05_CFV,cav,not_applicable,8444.59605778695,0.0,30.043452910711782,0.36477720614660775,lane_2,mainline,,normal,none,commit
BASIC-05,basic_long_dt_900,548,54.80000000000051,B05_TLV_CLV,cav,not_applicable,8480.620000007395,3.5,29.9999999969196,1.2835002394240292e-09,lane_1,mainline,,normal,none,commit
BASIC-05,basic_long_dt_900,549,54.90000000000051,B05_MV,cav,not_applicable,7245.997764210152,-0.05933369516848064,0.000547544822882639,4.0,on_ramp,on_ramp_mv,,normal,executing,commit
BASIC-05,basic_long_dt_900,549,54.90000000000051,B05_CLV,cav,not_applicable,8490.000000004251,0.0,29.99999999822508,7.395499324047706e-10,lane_2,mainline,,normal,none,commit
BASIC-05,basic_long_dt_900,549,54.90000000000051,B05_CFV,cav,not_applicable,8447.59247852789,0.0,29.964207409396504,-0.7924550131527754,lane_2,mainline,,normal,none,commit
BASIC-05,basic_long_dt_900,549,54.90000000000051,B05_TLV_CLV,cav,not_applicable,8483.620000007098,3.5,29.999999997042814,1.232160684594419e-09,lane_1,mainline,,normal,none,commit
BASIC-05,basic_long_dt_900,550,55.00000000000051,B05_MV,cav,not_applicable,7245.9978176557515,-0.059332936534242986,0.0005344559981274626,4.0,on_ramp,on_ramp_mv,,normal,executing,commit
BASIC-05,basic_long_dt_900,550,55.00000000000051,B05_CLV,cav,not_applicable,8493.00000000408,0.0,29.999999998296076,7.099686172296061e-10,lane_2,mainline,,normal,none,commit
BASIC-05,basic_long_dt_900,550,55.00000000000051,B05_CFV,cav,not_applicable,8450.589688273267,0.0,29.972097453774914,0.07890044378409289,lane_2,mainline,,normal,none,commit
BASIC-05,basic_long_dt_900,550,55.00000000000051,B05_TLV_CLV,cav,not_applicable,8486.620000006815,3.5,29.9999999971611,1.1828745982711554e-09,lane_1,mainline,,normal,none,commit
BASIC-05,basic_long_dt_900,551,55.10000000000051,B05_MV,cav,not_applicable,7245.997869823757,-0.05933219603942819,0.0005216800562369245,4.0,on_ramp,on_ramp_mv,,normal,executing,commit
BASIC-05,basic_long_dt_900,551,55.10000000000051,B05_CLV,cav,not_applicable,8496.000000003916,0.0,29.99999999836423,6.815696451667464e-10,lane_2,mainline,,normal,none,commit
BASIC-05,basic_long_dt_900,551,55.10000000000051,B05_CFV,cav,not_applicable,8453.594816295003,0.0,30.05128021735725,0.7918276358233487,lane_2,mainline,,normal,none,commit
BASIC-05,basic_long_dt_900,551,55.10000000000051,B05_TLV_CLV,cav,not_applicable,8489.620000006542,3.5,29.999999997274656,1.1355595574968903e-09,lane_1,mainline,,normal,none,commit
BASIC-05,basic_long_dt_900,552,55.200000000000514,B05_MV,cav,not_applicable,7245.9979207447095,-0.05933147325020505,0.0005092095176266696,4.0,on_ramp,on_ramp_mv,,normal,executing,commit
BASIC-05,basic_long_dt_900,552,55.200000000000514,B05_CLV,cav,not_applicable,8499.00000000376,0.0,29.99999999842966,6.543075414811029e-10,lane_2,mainline,,normal,none,commit
BASIC-05,basic_long_dt_900,552,55.200000000000514,B05_CFV,cav,not_applicable,8456.595513815577,0.0,30.006975205742794,-0.4430501161445328,lane_2,mainline,,normal,none,commit
BASIC-05,basic_long_dt_900,552,55.200000000000514,B05_TLV_CLV,cav,not_applicable,8492.62000000628,3.5,29.99999999738367,1.0901374025706901e-09,lane_1,mainline,,normal,none,commit
BASIC-05,basic_long_dt_900,553,55.300000000000516,B05_MV,cav,not_applicable,7245.997970448418,-0.059330767743121626,0.0004970370818588565,4.0,on_ramp,on_ramp_mv,,normal,executing,commit
BASIC-05,basic_long_dt_900,553,55.300000000000516,B05_CLV,cav,not_applicable,8502.000000003609,0.0,29.999999998492473,6.281354103521154e-10,lane_2,mainline,,normal,none,commit
BASIC-05,basic_long_dt_900,553,55.300000000000516,B05_CFV,cav,not_applicable,8459.599859107928,0.0,30.04345292351279,0.36477717769992773,lane_2,mainline,,normal,none,commit
BASIC-05,basic_long_dt_900,553,55.300000000000516,B05_TLV_CLV,cav,not_applicable,8495.620000006029,3.5,29.999999997488324,1.0465313948770928e-09,lane_1,mainline,,normal,none,commit
BASIC-05,basic_long_dt_900,554,55.40000000000052,B05_MV,cav,not_applicable,7245.99801896398,-0.05933007910485877,0.00048515562307653007,4.0,on_ramp,on_ramp_mv,,normal,executing,commit
BASIC-05,basic_long_dt_900,554,55.40000000000052,B05_CLV,cav,not_applicable,8505.000000003463,0.0,29.999999998552774,6.030106192156382e-10,lane_2,mainline,,normal,none,commit
BASIC-05,basic_long_dt_900,554,55.40000000000052,B05_CFV,cav,not_applicable,8462.596279849915,0.0,29.964207419870053,-0.7924550364273317,lane_2,mainline,,normal,none,commit
BASIC-05,basic_long_dt_900,554,55.40000000000052,B05_TLV_CLV,cav,not_applicable,8498.620000005787,3.5,29.99999999758879,1.0046704801425223e-09,lane_1,mainline,,normal,none,commit
BASIC-05,basic_long_dt_900,555,55.50000000000052,B05_MV,cav,not_applicable,7245.998066319798,-0.05932940693198763,0.00047355818543799467,4.0,on_ramp,on_ramp_mv,,normal,executing,commit
BASIC-05,basic_long_dt_900,555,55.50000000000052,B05_CLV,cav,not_applicable,8508.000000003325,0.0,29.99999999861066,5.788905355075258e-10,lane_2,mainline,,normal,none,commit
BASIC-05,basic_long_dt_900,555,55.50000000000052,B05_CFV,cav,not_applicable,8465.593489596149,0.0,29.97209746234418,0.07890042474127412,lane_2,mainline,,normal,none,commit
BASIC-05,basic_long_dt_900,555,55.50000000000052,B05_TLV_CLV,cav,not_applicable,8501.620000005556,3.5,29.99999999768524,9.644836040934024e-10,lane_1,mainline,,normal,none,commit
BASIC-05,basic_long_dt_900,556,55.60000000000052,B05_MV,cav,not_applicable,7245.998112543596,-0.05932875083072986,0.00046223797963824075,4.0,on_ramp,on_ramp_mv,,normal,executing,commit
BASIC-05,basic_long_dt_900,556,55.60000000000052,B05_CLV,cav,not_applicable,8511.000000003192,0.0,29.999999998666237,5.557353688345757e-10,lane_2,mainline,,normal,none,commit
BASIC-05,basic_long_dt_900,556,55.60000000000052,B05_CFV,cav,not_applicable,8468.598617618585,0.0,30.051280224368465,0.7918276202428607,lane_2,mainline,,normal,none,commit
BASIC-05,basic_long_dt_900,556,55.60000000000052,B05_TLV_CLV,cav,not_applicable,8504.620000005334,3.5,29.99999999777783,9.259039757125721e-10,lane_1,mainline,,normal,none,commit
BASIC-05,basic_long_dt_900,557,55.70000000000052,B05_MV,cav,not_applicable,7245.998157662434,-0.05932811041673025,0.00045118837856072876,4.0,on_ramp,on_ramp_mv,,normal,executing,commit
BASIC-05,basic_long_dt_900,557,55.70000000000052,B05_CLV,cav,not_applicable,8514.000000003065,0.0,29.999999998719588,5.335053288035851e-10,lane_2,mainline,,normal,none,commit
BASIC-05,basic_long_dt_900,557,55.70000000000052,B05_CFV,cav,not_applicable,8471.599315139732,0.0,30.006975211479244,-0.44305012889220485,lane_2,mainline,,normal,none,commit
BASIC-05,basic_long_dt_900,557,55.70000000000052,B05_TLV_CLV,cav,not_applicable,8507.620000005121,3.5,29.999999997866716,8.888676461538125e-10,lane_1,mainline,,normal,none,commit
BASIC-05,basic_long_dt_900,558,55.80000000000052,B05_MV,cav,not_applicable,7245.998201702725,-0.05932748531482934,0.0004404029133639942,4.0,on_ramp,on_ramp_mv,,normal,executing,commit
BASIC-05,basic_long_dt_900,558,55.80000000000052,B05_CLV,cav,not_applicable,8517.000000002941,0.0,29.999999998770804,5.121648882777663e-10,lane_2,mainline,,normal,none,commit
BASIC-05,basic_long_dt_900,558,55.80000000000052,B05_CFV,cav,not_applicable,8474.603660432553,0.0,30.043452928206246,0.36477716727001425,lane_2,mainline,,normal,none,commit
BASIC-05,basic_long_dt_900,558,55.80000000000052,B05_TLV_CLV,cav,not_applicable,8510.620000004916,3.5,29.99999999795205,8.533135087418487e-10,lane_1,mainline,,normal,none,commit
BASIC-05,basic_long_dt_900,559,55.900000000000524,B05_MV,cav,not_applicable,7245.998244690252,-0.05932687515884316,0.00042987527022048545,4.0,on_ramp,on_ramp_mv,,normal,executing,commit
BASIC-05,basic_long_dt_900,559,55.900000000000524,B05_CLV,cav,not_applicable,8520.000000002823,0.0,29.999999998819973,4.916785201203311e-10,lane_2,mainline,,normal,none,commit
BASIC-05,basic_long_dt_900,559,55.900000000000524,B05_CFV,cav,not_applicable,8477.600081174924,0.0,29.964207423710157,-0.7924550449608974,lane_2,mainline,,normal,none,commit
BASIC-05,basic_long_dt_900,559,55.900000000000524,B05_TLV_CLV,cav,not_applicable,8513.62000000472,3.5,29.999999998033967,8.19180456801405e-10,lane_1,mainline,,normal,none,commit
BASIC-05,basic_long_dt_900,560,56.000000000000526,B05_MV,cav,not_applicable,7245.9982866501805,-0.05932627959134873,0.00041959928575093663,4.0,on_ramp,on_ramp_mv,,normal,executing,commit
BASIC-05,basic_long_dt_900,560,56.000000000000526,B05_CLV,cav,not_applicable,8523.00000000271,0.0,29.999999998867175,4.720106971944916e-10,lane_2,mainline,,normal,none,commit
BASIC-05,basic_long_dt_900,560,56.000000000000526,B05_CFV,cav,not_applicable,8480.597290921472,0.0,29.972097465486083,0.07890041775926582,lane_2,mainline,,normal,none,commit
BASIC-05,basic_long_dt_900,560,56.000000000000526,B05_TLV_CLV,cav,not_applicable,8516.62000000453,3.5,29.99999999811261,7.864130679990922e-10,lane_1,mainline,,normal,none,commit
BASIC-05,basic_long_dt_900,561,56.10000000000053,B05_MV,cav,not_applicable,7245.998327607075,-0.059325698263473114,0.0004095689444154379,4.0,on_ramp,on_ramp_mv,,normal,executing,commit
BASIC-05,basic_long_dt_900,561,56.10000000000053,B05_CLV,cav,not_applicable,8526.000000002601,0.0,29.999999998912486,4.5313015561987414e-10,lane_2,mainline,,normal,none,commit
BASIC-05,basic_long_dt_900,561,56.10000000000053,B05_CFV,cav,not_applicable,8483.602418944167,0.0,30.051280226939113,0.7918276145303084,lane_2,mainline,,normal,none,commit
BASIC-05,basic_long_dt_900,561,56.10000000000053,B05_TLV_CLV,cav,not_applicable,8519.620000004348,3.5,29.999999998188105,7.54955920001521e-10,lane_1,mainline,,normal,none,commit
BASIC-05,basic_long_dt_900,562,56.20000000000053,B05_MV,cav,not_applicable,7245.998367584913,-0.05932513083469182,0.000399778373947808,4.0,on_ramp,on_ramp_mv,,normal,executing,commit
BASIC-05,basic_long_dt_900,562,56.20000000000053,B05_CLV,cav,not_applicable,8529.000000002497,0.0,29.999999998955985,4.3500563151610554e-10,lane_2,mainline,,normal,none,commit
BASIC-05,basic_long_dt_900,562,56.20000000000053,B05_CFV,cav,not_applicable,8486.603116465525,0.0,30.006975213582503,-0.44305013356611134,lane_2,mainline,,normal,none,commit
BASIC-05,basic_long_dt_900,562,56.20000000000053,B05_TLV_CLV,cav,not_applicable,8522.620000004174,3.5,29.99999999826058,7.247578537317168e-10,lane_1,mainline,,normal,none,commit
BASIC-05,basic_long_dt_900,563,56.30000000000053,B05_MV,cav,not_applicable,7245.9984066070965,-0.05932457697262494,0.00039022184296407544,4.0,on_ramp,on_ramp_mv,,normal,executing,commit
BASIC-05,basic_long_dt_900,563,56.30000000000053,B05_CLV,cav,not_applicable,8532.000000002397,0.0,29.999999998997747,4.176058610028122e-10,lane_2,mainline,,normal,none,commit
BASIC-05,basic_long_dt_900,563,56.30000000000053,B05_CFV,cav,not_applicable,8489.607461758518,0.0,30.043452929927096,0.36477716344590894,lane_2,mainline,,normal,none,commit
BASIC-05,basic_long_dt_900,563,56.30000000000053,B05_TLV_CLV,cav,not_applicable,8525.620000004006,3.5,29.999999998330157,6.957677101127047e-10,lane_1,mainline,,normal,none,commit
BASIC-05,basic_long_dt_900,564,56.40000000000053,B05_MV,cav,not_applicable,7245.998444696472,-0.05932403635284356,0.00038089375683167306,4.0,on_ramp,on_ramp_mv,,normal,executing,commit
BASIC-05,basic_long_dt_900,564,56.40000000000053,B05_CLV,cav,not_applicable,8535.000000002301,0.0,29.999999999037836,4.0090100128509223e-10,lane_2,mainline,,normal,none,commit
BASIC-05,basic_long_dt_900,564,56.40000000000053,B05_CFV,cav,not_applicable,8492.60388250103,0.0,29.964207425118126,-0.7924550480897108,lane_2,mainline,,normal,none,commit
BASIC-05,basic_long_dt_900,564,56.40000000000053,B05_TLV_CLV,cav,not_applicable,8528.620000003846,3.5,29.99999999839695,6.679371722384531e-10,lane_1,mainline,,normal,none,commit
BASIC-05,basic_long_dt_900,565,56.50000000000053,B05_MV,cav,not_applicable,7245.998481875337,-0.059323508658681856,0.00037178865462568635,4.0,on_ramp,on_ramp_mv,,normal,executing,commit
BASIC-05,basic_long_dt_900,565,56.50000000000053,B05_CLV,cav,not_applicable,8538.000000002208,0.0,29.999999999076323,3.8486547282445827e-10,lane_2,mainline,,normal,none,commit
BASIC-05,basic_long_dt_900,565,56.50000000000053,B05_CFV,cav,not_applicable,8495.601092247693,0.0,29.972097466638058,0.07890041519932756,lane_2,mainline,,normal,none,commit
BASIC-05,basic_long_dt_900,565,56.50000000000053,B05_TLV_CLV,cav,not_applicable,8531.620000003692,3.5,29.999999998461075,6.412193442884018e-10,lane_1,mainline,,normal,none,commit
BASIC-05,basic_long_dt_900,566,56.600000000000534,B05_MV,cav,not_applicable,7245.998518165458,-0.059322993581047534,0.00036290120586769144,4.0,on_ramp,on_ramp_mv,,normal,executing,commit
BASIC-05,basic_long_dt_900,566,56.600000000000534,B05_CLV,cav,not_applicable,8541.00000000212,0.0,29.99999999911327,3.6947085391147995e-10,lane_2,mainline,,normal,none,commit
BASIC-05,basic_long_dt_900,566,56.600000000000534,B05_CFV,cav,not_applicable,8498.606220270482,0.0,30.051280227881637,0.7918276124358135,lane_2,mainline,,normal,none,commit
BASIC-05,basic_long_dt_900,566,56.600000000000534,B05_TLV_CLV,cav,not_applicable,8534.620000003544,3.5,29.999999998522632,6.155701726129337e-10,lane_1,mainline,,normal,none,commit
BASIC-05,basic_long_dt_900,567,56.700000000000536,B05_MV,cav,not_applicable,7245.998553588079,-0.0593224908182437,0.0003542262076994142,4.0,on_ramp,on_ramp_mv,,normal,executing,commit
BASIC-05,basic_long_dt_900,567,56.700000000000536,B05_CLV,cav,not_applicable,8544.000000002034,0.0,29.99999999914874,3.5469156500766986e-10,lane_2,mainline,,normal,none,commit
BASIC-05,basic_long_dt_900,567,56.700000000000536,B05_CFV,cav,not_applicable,8501.606917791916,0.0,30.00697521435366,-0.443050135279789,lane_2,mainline,,normal,none,commit
BASIC-05,basic_long_dt_900,567,56.700000000000536,B05_TLV_CLV,cav,not_applicable,8537.620000003402,3.5,29.99999999858173,5.909470246479032e-10,lane_1,mainline,,normal,none,commit
BASIC-05,basic_long_dt_900,568,56.80000000000054,B05_MV,cav,not_applicable,7245.998588163937,-0.05932200007578814,0.0003457585818389791,4.0,on_ramp,on_ramp_mv,,normal,executing,commit
BASIC-05,basic_long_dt_900,568,56.80000000000054,B05_CLV,cav,not_applicable,8547.000000001952,0.0,29.99999999918279,3.405034476600122e-10,lane_2,mainline,,normal,none,commit
BASIC-05,basic_long_dt_900,568,56.80000000000054,B05_CFV,cav,not_applicable,8504.611263084971,0.0,30.04345293055804,0.36477716204380906,lane_2,mainline,,normal,none,commit
BASIC-05,basic_long_dt_900,568,56.80000000000054,B05_TLV_CLV,cav,not_applicable,8540.620000003266,3.5,29.999999998638458,5.673086889146362e-10,lane_1,mainline,,normal,none,commit
BASIC-05,basic_long_dt_900,569,56.90000000000054,B05_MV,cav,not_applicable,7245.998621913274,-0.05932152106624544,0.000337493370884925,4.0,on_ramp,on_ramp_mv,,normal,executing,commit
BASIC-05,basic_long_dt_900,569,56.90000000000054,B05_CLV,cav,not_applicable,8550.000000001874,0.0,29.99999999921548,3.268837645009626e-10,lane_2,mainline,,normal,none,commit
BASIC-05,basic_long_dt_900,569,56.90000000000054,B05_CFV,cav,not_applicable,8507.607683827535,0.0,29.964207425634353,-0.7924550492368834,lane_2,mainline,,normal,none,commit
BASIC-05,basic_long_dt_900,569,56.90000000000054,B05_TLV_CLV,cav,not_applicable,8543.620000003135,3.5,29.99999999869292,5.446167961054016e-10,lane_1,mainline,,normal,none,commit
BASIC-05,basic_long_dt_900,570,57.00000000000054,B05_MV,cav,not_applicable,7245.998654855848,-0.05932105350905381,0.0003294257361420972,4.0,on_ramp,on_ramp_mv,,normal,executing,commit
BASIC-05,basic_long_dt_900,570,57.00000000000054,B05_CLV,cav,not_applicable,8553.000000001799,0.0,29.99999999924686,3.1380835707750525e-10,lane_2,mainline,,normal,none,commit
BASIC-05,basic_long_dt_900,570,57.00000000000054,B05_CFV,cav,not_applicable,8510.60489357424,0.0,29.972097467060426,0.07890041426073191,lane_2,mainline,,normal,none,commit
BASIC-05,basic_long_dt_900,570,57.00000000000054,B05_TLV_CLV,cav,not_applicable,8546.62000000301,3.5,29.999999998745203,5.228315558269969e-10,lane_1,mainline,,normal,none,commit
BASIC-05,basic_long_dt_900,571,57.10000000000054,B05_MV,cav,not_applicable,7245.998687010943,-0.05932059713036297,0.0003215509547953067,4.0,on_ramp,on_ramp_mv,,normal,executing,commit
BASIC-05,basic_long_dt_900,571,57.10000000000054,B05_CLV,cav,not_applicable,8556.000000001726,0.0,29.999999999276987,3.012559091075673e-10,lane_2,mainline,,normal,none,commit
BASIC-05,basic_long_dt_900,571,57.10000000000054,B05_CFV,cav,not_applicable,8513.610021597064,0.0,30.051280228227213,0.7918276116678715,lane_2,mainline,,normal,none,commit
BASIC-05,basic_long_dt_900,571,57.10000000000054,B05_TLV_CLV,cav,not_applicable,8549.62000000289,3.5,29.999999998795396,5.019188620281057e-10,lane_1,mainline,,normal,none,commit
BASIC-05,basic_long_dt_900,572,57.20000000000054,B05_MV,cav,not_applicable,7245.998718397385,-0.059320151662873855,0.00031386441686557886,4.0,on_ramp,on_ramp_mv,,normal,executing,commit
BASIC-05,basic_long_dt_900,572,57.20000000000054,B05_CLV,cav,not_applicable,8559.000000001657,0.0,29.999999999305906,2.89205104309076e-10,lane_2,mainline,,normal,none,commit
BASIC-05,basic_long_dt_900,572,57.20000000000054,B05_CFV,cav,not_applicable,8516.610719118527,0.0,30.0069752146364,-0.44305013590810505,lane_2,mainline,,normal,none,commit
BASIC-05,basic_long_dt_900,572,57.20000000000054,B05_TLV_CLV,cav,not_applicable,8552.620000002773,3.5,29.99999999884358,4.818417664864682e-10,lane_1,mainline,,normal,none,commit
BASIC-05,basic_long_dt_900,573,57.300000000000544,B05_MV,cav,not_applicable,7245.998749033548,-0.05931971684567916,0.0003063616221664018,4.0,on_ramp,on_ramp_mv,,normal,executing,commit
BASIC-05,basic_long_dt_900,573,57.300000000000544,B05_CLV,cav,not_applicable,8562.00000000159,0.0,29.99999999933367,2.7763746857090155e-10,lane_2,mainline,,normal,none,commit
BASIC-05,basic_long_dt_900,573,57.300000000000544,B05_CFV,cav,not_applicable,8519.615064411606,0.0,30.043452930789375,0.3647771615297323,lane_2,mainline,,normal,none,commit
BASIC-05,basic_long_dt_900,573,57.300000000000544,B05_TLV_CLV,cav,not_applicable,8555.620000002662,3.5,29.999999998889837,4.625675842362398e-10,lane_1,mainline,,normal,none,commit
BASIC-05,basic_long_dt_900,574,57.400000000000546,B05_MV,cav,not_applicable,7245.998778937365,-0.059319292424115044,0.00029903817856444004,4.0,on_ramp,on_ramp_mv,,normal,executing,commit
BASIC-05,basic_long_dt_900,574,57.400000000000546,B05_CLV,cav,not_applicable,8565.000000001526,0.0,29.999999999360323,2.665316856109712e-10,lane_2,mainline,,normal,none,commit
BASIC-05,basic_long_dt_900,574,57.400000000000546,B05_CFV,cav,not_applicable,8522.611485154188,0.0,29.964207425823627,-0.7924550496574917,lane_2,mainline,,normal,none,commit
BASIC-05,basic_long_dt_900,574,57.400000000000546,B05_TLV_CLV,cav,not_applicable,8558.620000002555,3.5,29.999999998934243,4.440650513970468e-10,lane_1,mainline,,normal,none,commit
BASIC-05,basic_long_dt_900,575,57.50000000000055,B05_MV,cav,not_applicable,7245.9988081263455,-0.059318878149605236,0.0002918897989357829,4.0,on_ramp,on_ramp_mv,,normal,executing,commit
BASIC-05,basic_long_dt_900,575,57.50000000000055,B05_CLV,cav,not_applicable,8568.000000001464,0.0,29.99999999938591,2.5587070240362663e-10,lane_2,mainline,,normal,none,commit
BASIC-05,basic_long_dt_900,575,57.50000000000055,B05_CFV,cav,not_applicable,8525.60869490091,0.0,29.97209746721529,0.07890041391659774,lane_2,mainline,,normal,none,commit
BASIC-05,basic_long_dt_900,575,57.50000000000055,B05_TLV_CLV,cav,not_applicable,8561.620000002453,3.5,29.99999999897687,4.263029040885158e-10,lane_1,mainline,,normal,none,commit
BASIC-05,basic_long_dt_900,576,57.60000000000055,B05_MV,cav,not_applicable,7245.998836617575,-0.0593184737795216,0.0002849122981221931,4.0,on_ramp,on_ramp_mv,,normal,executing,commit
BASIC-05,basic_long_dt_900,576,57.60000000000055,B05_CLV,cav,not_applicable,8571.000000001406,0.0,29.999999999410473,2.456360448377382e-10,lane_2,mainline,,normal,none,commit
BASIC-05,basic_long_dt_900,576,57.60000000000055,B05_CFV,cav,not_applicable,8528.613822923746,0.0,30.05128022835392,0.7918276113863073,lane_2,mainline,,normal,none,commit
BASIC-05,basic_long_dt_900,576,57.60000000000055,B05_TLV_CLV,cav,not_applicable,8564.620000002355,3.5,29.999999999017795,4.092512995157449e-10,lane_1,mainline,,normal,none,commit
BASIC-05,basic_long_dt_900,577,57.70000000000055,B05_MV,cav,not_applicable,7245.998864427734,-0.05931807907703801,0.00027810159162664194,4.0,on_ramp,on_ramp_mv,,normal,executing,commit
BASIC-05,basic_long_dt_900,577,57.70000000000055,B05_CLV,cav,not_applicable,8574.00000000135,0.0,29.999999999434053,2.358106598876475e-10,lane_2,mainline,,normal,none,commit
BASIC-05,basic_long_dt_900,577,57.70000000000055,B05_CFV,cav,not_applicable,8531.61452044522,0.0,30.006975214740073,-0.44305013613847577,lane_2,mainline,,normal,none,commit
BASIC-05,basic_long_dt_900,577,57.70000000000055,B05_TLV_CLV,cav,not_applicable,8567.62000000226,3.5,29.999999999057085,3.9288181596930375e-10,lane_1,mainline,,normal,none,commit
BASIC-05,basic_long_dt_900,578,57.80000000000055,B05_MV,cav,not_applicable,7245.998891573103,-0.05931769381099272,0.00027145369213473614,4.0,on_ramp,on_ramp_mv,,normal,executing,commit
BASIC-05,basic_long_dt_900,578,57.80000000000055,B05_CLV,cav,not_applicable,8577.000000001295,0.0,29.99999999945669,2.2637891561316792e-10,lane_2,mainline,,normal,none,commit
BASIC-05,basic_long_dt_900,578,57.80000000000055,B05_CFV,cav,not_applicable,8534.618865738308,0.0,30.0434529308742,0.36477716134124716,lane_2,mainline,,normal,none,commit
BASIC-05,basic_long_dt_900,578,57.80000000000055,B05_TLV_CLV,cav,not_applicable,8570.620000002169,3.5,29.9999999990948,3.7716603173976183e-10,lane_1,mainline,,normal,none,commit
BASIC-05,basic_long_dt_900,579,57.90000000000055,B05_MV,cav,not_applicable,7245.998918069574,-0.05931731775575377,0.0002649647077754312,4.0,on_ramp,on_ramp_mv,,normal,executing,commit
BASIC-05,basic_long_dt_900,579,57.90000000000055,B05_CLV,cav,not_applicable,8580.000000001242,0.0,29.999999999478423,2.1732375898864122e-10,lane_2,mainline,,normal,none,commit
BASIC-05,basic_long_dt_900,579,57.90000000000055,B05_CFV,cav,not_applicable,8537.615286480897,0.0,29.96420742589303,-0.7924550498117069,lane_2,mainline,,normal,none,commit
BASIC-05,basic_long_dt_900,579,57.90000000000055,B05_TLV_CLV,cav,not_applicable,8573.620000002082,3.5,29.99999999913101,3.620797883741034e-10,lane_1,mainline,,normal,none,commit
BASIC-05,basic_long_dt_900,580,58.000000000000554,B05_MV,cav,not_applicable,7245.998943932658,-0.059316950691084,0.0002586308397295127,4.0,on_ramp,on_ramp_mv,,normal,executing,commit
BASIC-05,basic_long_dt_900,580,58.000000000000554,B05_CLV,cav,not_applicable,8583.000000001191,0.0,29.999999999499284,2.0863097915935214e-10,lane_2,mainline,,normal,none,commit
BASIC-05,basic_long_dt_900,580,58.000000000000554,B05_CFV,cav,not_applicable,8540.612496227624,0.0,29.97209746727207,0.07890041379042168,lane_2,mainline,,normal,none,commit
BASIC-05,basic_long_dt_900,580,58.000000000000554,B05_TLV_CLV,cav,not_applicable,8576.620000001998,3.5,29.99999999916577,3.475960852483695e-10,lane_1,mainline,,normal,none,commit
BASIC-05,basic_long_dt_900,581,58.100000000000556,B05_MV,cav,not_applicable,7245.998969177496,-0.05931659240201448,0.00025244838005548774,4.0,on_ramp,on_ramp_mv,,normal,executing,commit
BASIC-05,basic_long_dt_900,581,58.100000000000556,B05_CLV,cav,not_applicable,8586.000000001144,0.0,29.999999999519314,2.0028636527058554e-10,lane_2,mainline,,normal,none,commit
BASIC-05,basic_long_dt_900,581,58.100000000000556,B05_CFV,cav,not_applicable,8543.617624250464,0.0,30.05128022840038,0.7918276112830723,lane_2,mainline,,normal,none,commit
BASIC-05,basic_long_dt_900,581,58.100000000000556,B05_TLV_CLV,cav,not_applicable,8579.620000001918,3.5,29.99999999919914,3.3369218499501585e-10,lane_1,mainline,,normal,none,commit
BASIC-05,basic_long_dt_900,582,58.20000000000056,B05_MV,cav,not_applicable,7245.998993818867,-0.05931624267871749,0.0002464137095154772,4.0,on_ramp,on_ramp_mv,,normal,executing,commit
BASIC-05,basic_long_dt_900,582,58.20000000000056,B05_CLV,cav,not_applicable,8589.000000001099,0.0,29.99999999953854,1.9227428538215464e-10,lane_2,mainline,,normal,none,commit
BASIC-05,basic_long_dt_900,582,58.20000000000056,B05_CFV,cav,not_applicable,8546.618321771943,0.0,30.006975214778084,-0.44305013622294076,lane_2,mainline,,normal,none,commit
BASIC-05,basic_long_dt_900,582,58.20000000000056,B05_TLV_CLV,cav,not_applicable,8582.620000001842,3.5,29.999999999231175,3.203439291610266e-10,lane_1,mainline,,normal,none,commit
BASIC-05,basic_long_dt_900,583,58.30000000000056,B05_MV,cav,not_applicable,7245.999017871197,-0.05931590131638398,0.00024052329518369628,4.0,on_ramp,on_ramp_mv,,normal,executing,commit
BASIC-05,basic_long_dt_900,583,58.30000000000056,B05_CLV,cav,not_applicable,8592.000000001055,0.0,29.999999999557,1.8458337081028733e-10,lane_2,mainline,,normal,none,commit
BASIC-05,basic_long_dt_900,583,58.30000000000056,B05_CFV,cav,not_applicable,8549.622667065034,0.0,30.043452930905296,0.36477716127213944,lane_2,mainline,,normal,none,commit
BASIC-05,basic_long_dt_900,583,58.30000000000056,B05_TLV_CLV,cav,not_applicable,8585.620000001767,3.5,29.999999999261927,3.0753000146432896e-10,lane_1,mainline,,normal,none,commit
BASIC-05,basic_long_dt_900,584,58.40000000000056,B05_MV,cav,not_applicable,7245.999041348566,-0.05931556811510186,0.00023477368870716833,4.0,on_ramp,on_ramp_mv,,normal,executing,commit
BASIC-05,basic_long_dt_900,584,58.40000000000056,B05_CLV,cav,not_applicable,8595.000000001013,0.0,29.999999999574722,1.7719941070026836e-10,lane_2,mainline,,normal,none,commit
BASIC-05,basic_long_dt_900,584,58.40000000000056,B05_CFV,cav,not_applicable,8552.619087807625,0.0,29.96420742591847,-0.7924550498682494,lane_2,mainline,,normal,none,commit
BASIC-05,basic_long_dt_900,584,58.40000000000056,B05_TLV_CLV,cav,not_applicable,8588.620000001696,3.5,29.99999999929145,2.9522908562285013e-10,lane_1,mainline,,normal,none,commit
BASIC-05,basic_long_dt_900,585,58.50000000000056,B05_MV,cav,not_applicable,7245.999064264718,-0.05931524287974055,0.00022916152413161658,4.0,on_ramp,on_ramp_mv,,normal,executing,commit
BASIC-05,basic_long_dt_900,585,58.50000000000056,B05_CLV,cav,not_applicable,8598.000000000973,0.0,29.999999999591733,1.7011103636832559e-10,lane_2,mainline,,normal,none,commit
BASIC-05,basic_long_dt_900,585,58.50000000000056,B05_CFV,cav,not_applicable,8555.616297554354,0.0,29.972097467292887,0.07890041374415957,lane_2,mainline,,normal,none,commit
BASIC-05,basic_long_dt_900,585,58.50000000000056,B05_TLV_CLV,cav,not_applicable,8591.620000001629,3.5,29.999999999319794,2.8341986535451726e-10,lane_1,mainline,,normal,none,commit
BASIC-05,basic_long_dt_900,586,58.60000000000056,B05_MV,cav,not_applicable,7245.99908663307,-0.059314925419836406,0.00022368351594476659,4.0,on_ramp,on_ramp_mv,,normal,executing,commit
BASIC-05,basic_long_dt_900,586,58.60000000000056,B05_CLV,cav,not_applicable,8601.000000000933,0.0,29.999999999608065,1.6330687913068688e-10,lane_2,mainline,,normal,none,commit
BASIC-05,basic_long_dt_900,586,58.60000000000056,B05_CFV,cav,not_applicable,8558.621425577196,0.0,30.051280228417408,0.7918276112452215,lane_2,mainline,,normal,none,commit
BASIC-05,basic_long_dt_900,586,58.60000000000056,B05_TLV_CLV,cav,not_applicable,8594.620000001563,3.5,29.999999999347,2.720824454627291e-10,lane_1,mainline,,normal,none,commit
BASIC-05,basic_long_dt_900,587,58.700000000000564,B05_MV,cav,not_applicable,7245.999108466715,-0.05931461554948125,0.00021833645711964917,4.0,on_ramp,on_ramp_mv,,normal,executing,commit
BASIC-05,basic_long_dt_900,587,58.700000000000564,B05_CLV,cav,not_applicable,8604.000000000895,0.0,29.999999999623743,1.567741492181085e-10,lane_2,mainline,,normal,none,commit
BASIC-05,basic_long_dt_900,587,58.700000000000564,B05_CFV,cav,not_applicable,8561.622123098676,0.0,30.006975214792018,-0.44305013625390965,lane_2,mainline,,normal,none,commit
BASIC-05,basic_long_dt_900,587,58.700000000000564,B05_TLV_CLV,cav,not_applicable,8597.620000001501,3.5,29.99999999937312,2.611997729218274e-10,lane_1,mainline,,normal,none,commit
BASIC-05,basic_long_dt_900,588,58.800000000000566,B05_MV,cav,not_applicable,7245.999129778437,-0.05931431308721136,0.00021311721759272452,4.0,on_ramp,on_ramp_mv,,normal,executing,commit
BASIC-05,basic_long_dt_900,588,58.800000000000566,B05_CLV,cav,not_applicable,8607.000000000859,0.0,29.999999999638792,1.5050289903228987e-10,lane_2,mainline,,normal,none,commit
BASIC-05,basic_long_dt_900,588,58.800000000000566,B05_CFV,cav,not_applicable,8564.626468391767,0.0,30.043452930916697,0.36477716124680126,lane_2,mainline,,normal,none,commit
BASIC-05,basic_long_dt_900,588,58.800000000000566,B05_TLV_CLV,cav,not_applicable,8600.620000001441,3.5,29.999999999398195,2.507519525352109e-10,lane_1,mainline,,normal,none,commit
BASIC-05,basic_long_dt_900,589,58.90000000000057,B05_MV,cav,not_applicable,7245.999150580711,-0.05931401785590307,0.00020802274165495236,4.0,on_ramp,on_ramp_mv,,normal,executing,commit
BASIC-05,basic_long_dt_900,589,58.90000000000057,B05_CLV,cav,not_applicable,8610.000000000824,0.0,29.99999999965324,1.444831809749303e-10,lane_2,mainline,,normal,none,commit
BASIC-05,basic_long_dt_900,589,58.90000000000057,B05_CFV,cav,not_applicable,8567.62288913436,0.0,29.9642074259278,-0.7924550498889807,lane_2,mainline,,normal,none,commit
BASIC-05,basic_long_dt_900,589,58.90000000000057,B05_TLV_CLV,cav,not_applicable,8603.620000001383,3.5,29.99999999942227,2.407219312772213e-10,lane_1,mainline,,normal,none,commit
BASIC-05,basic_long_dt_900,590,59.00000000000057,B05_MV,cav,not_applicable,7245.999170885716,-0.05931372968266935,0.00020305004708214878,4.0,on_ramp,on_ramp_mv,,normal,executing,commit
BASIC-05,basic_long_dt_900,590,59.00000000000057,B05_CLV,cav,not_applicable,8613.000000000791,0.0,29.99999999966711,1.3870362636225763e-10,lane_2,mainline,,normal,none,commit
BASIC-05,basic_long_dt_900,590,59.00000000000057,B05_CFV,cav,not_applicable,8570.62009888109,0.0,29.972097467300518,0.0789004137271977,lane_2,mainline,,normal,none,commit
BASIC-05,basic_long_dt_900,590,59.00000000000057,B05_TLV_CLV,cav,not_applicable,8606.620000001329,3.5,29.99999999944538,2.3109265612220043e-10,lane_1,mainline,,normal,none,commit
BASIC-05,basic_long_dt_900,591,59.10000000000057,B05_MV,cav,not_applicable,7245.999190705338,-0.05931344839875763,0.00019819622252605643,4.0,on_ramp,on_ramp_mv,,normal,executing,commit
BASIC-05,basic_long_dt_900,591,59.10000000000057,B05_CLV,cav,not_applicable,8616.000000000759,0.0,29.999999999680426,1.3315570868144277e-10,lane_2,mainline,,normal,none,commit
BASIC-05,basic_long_dt_900,591,59.10000000000057,B05_CFV,cav,not_applicable,8573.625226903932,0.0,30.051280228423654,0.7918276112313436,lane_2,mainline,,normal,none,commit
BASIC-05,basic_long_dt_900,591,59.10000000000057,B05_TLV_CLV,cav,not_applicable,8609.620000001276,3.5,29.999999999467562,2.2184849512996153e-10,lane_1,mainline,,normal,none,commit
BASIC-05,basic_long_dt_900,592,59.20000000000057,B05_MV,cav,not_applicable,7245.999210051181,-0.05931317383944945,0.00019345842664470107,4.0,on_ramp,on_ramp_mv,,normal,executing,commit
BASIC-05,basic_long_dt_900,592,59.20000000000057,B05_CLV,cav,not_applicable,8619.000000000728,0.0,29.99999999969321,1.2782948033418507e-10,lane_2,mainline,,normal,none,commit
BASIC-05,basic_long_dt_900,592,59.20000000000057,B05_CFV,cav,not_applicable,8576.625924425412,0.0,30.006975214797126,-0.44305013626526435,lane_2,mainline,,normal,none,commit
BASIC-05,basic_long_dt_900,592,59.20000000000057,B05_TLV_CLV,cav,not_applicable,8612.620000001225,3.5,29.99999999948886,2.129752374457894e-10,lane_1,mainline,,normal,none,commit
BASIC-05,basic_long_dt_900,593,59.30000000000057,B05_MV,cav,not_applicable,7245.999228934569,-0.05931290584396587,0.00018883388571087285,4.0,on_ramp,on_ramp_mv,,normal,executing,commit
BASIC-05,basic_long_dt_900,593,59.30000000000057,B05_CLV,cav,not_applicable,8622.000000000698,0.0,29.99999999970548,1.2271641480765538e-10,lane_2,mainline,,normal,none,commit
BASIC-05,basic_long_dt_900,593,59.30000000000057,B05_CFV,cav,not_applicable,8579.630269718504,0.0,30.04345293092088,0.364777161237511,lane_2,mainline,,normal,none,commit
BASIC-05,basic_long_dt_900,593,59.30000000000057,B05_TLV_CLV,cav,not_applicable,8615.620000001176,3.5,29.999999999509306,2.044558300440258e-10,lane_1,mainline,,normal,none,commit
BASIC-05,basic_long_dt_900,594,59.400000000000574,B05_MV,cav,not_applicable,7245.999247366559,-0.05931264425537375,0.00018431989252507198,4.0,on_ramp,on_ramp_mv,,normal,executing,commit
BASIC-05,basic_long_dt_900,594,59.400000000000574,B05_CLV,cav,not_applicable,8625.00000000067,0.0,29.99999999971726,1.178079855890246e-10,lane_2,mainline,,normal,none,commit
BASIC-05,basic_long_dt_900,594,59.400000000000574,B05_CFV,cav,not_applicable,8582.626690461097,0.0,29.96420742593122,-0.7924550498965819,lane_2,mainline,,normal,none,commit
BASIC-05,basic_long_dt_900,594,59.400000000000574,B05_TLV_CLV,cav,not_applicable,8618.620000001129,3.5,29.999999999528935,1.9627748315542705e-10,lane_1,mainline,,normal,none,commit
BASIC-05,basic_long_dt_900,595,59.500000000000576,B05_MV,cav,not_applicable,7245.999265357939,-0.059312388920492065,0.0001799138042414007,4.0,on_ramp,on_ramp_mv,,normal,executing,commit
BASIC-05,basic_long_dt_900,595,59.500000000000576,B05_CLV,cav,not_applicable,8628.000000000642,0.0,29.99999999972857,1.1309566616546363e-10,lane_2,mainline,,normal,none,commit
BASIC-05,basic_long_dt_900,595,59.500000000000576,B05_CFV,cav,not_applicable,8585.623900207827,0.0,29.972097467303318,0.07890041372097856,lane_2,mainline,,normal,none,commit
BASIC-05,basic_long_dt_900,595,59.500000000000576,B05_TLV_CLV,cav,not_applicable,8621.620000001083,3.5,29.99999999954778,1.8842598592527794e-10,lane_1,mainline,,normal,none,commit
BASIC-05,basic_long_dt_900,596,59.60000000000058,B05_MV,cav,not_applicable,7245.999282919243,-0.0593121396898022,0.00017561304171533082,4.0,on_ramp,on_ramp_mv,,normal,executing,commit
BASIC-05,basic_long_dt_900,596,59.60000000000058,B05_CLV,cav,not_applicable,8631.000000000617,0.0,29.999999999739426,1.0857235110961483e-10,lane_2,mainline,,normal,none,commit
BASIC-05,basic_long_dt_900,596,59.60000000000058,B05_CFV,cav,not_applicable,8588.629028230669,0.0,30.05128022842594,0.7918276112262552,lane_2,mainline,,normal,none,commit
BASIC-05,basic_long_dt_900,596,59.60000000000058,B05_TLV_CLV,cav,not_applicable,8624.62000000104,3.5,29.99999999956587,1.808885485843348e-10,lane_1,mainline,,normal,none,commit
BASIC-05,basic_long_dt_900,597,59.70000000000058,B05_MV,cav,not_applicable,7245.999300060752,-0.05931189641736179,0.0001714150871121846,4.0,on_ramp,on_ramp_mv,,normal,executing,commit
BASIC-05,basic_long_dt_900,597,59.70000000000058,B05_CLV,cav,not_applicable,8634.000000000591,0.0,29.99999999974985,1.042295139086491e-10,lane_2,mainline,,normal,none,commit
BASIC-05,basic_long_dt_900,597,59.70000000000058,B05_CFV,cav,not_applicable,8591.62972575215,0.0,30.006975214799,-0.44305013626942746,lane_2,mainline,,normal,none,commit
BASIC-05,basic_long_dt_900,597,59.70000000000058,B05_TLV_CLV,cav,not_applicable,8627.620000000998,3.5,29.999999999583235,1.7365238136335394e-10,lane_1,mainline,,normal,none,commit
BASIC-05,basic_long_dt_900,598,59.80000000000058,B05_MV,cav,not_applicable,7245.9993167925,-0.05931165896071722,0.00016731748282008082,4.0,on_ramp,on_ramp_mv,,normal,executing,commit
BASIC-05,basic_long_dt_900,598,59.80000000000058,B05_CLV,cav,not_applicable,8637.000000000568,0.0,29.999999999759854,1.0006004913520883e-10,lane_2,mainline,,normal,none,commit
BASIC-05,basic_long_dt_900,598,59.80000000000058,B05_CFV,cav,not_applicable,8594.634071045242,0.0,30.04345293092241,0.36477716123410486,lane_2,mainline,,normal,none,commit
BASIC-05,basic_long_dt_900,598,59.80000000000058,B05_TLV_CLV,cav,not_applicable,8630.620000000958,3.5,29.999999999599904,1.667061155785632e-10,lane_1,mainline,,normal,none,commit
BASIC-05,basic_long_dt_900,599,59.90000000000058,B05_MV,cav,not_applicable,7245.999333124283,-0.05931142718082327,0.00016331782992805896,4.0,on_ramp,on_ramp_mv,,normal,executing,commit
BASIC-05,basic_long_dt_900,599,59.90000000000058,B05_CLV,cav,not_applicable,8640.000000000544,0.0,29.99999999976946,9.605827244740794e-11,lane_2,mainline,,normal,none,commit
BASIC-05,basic_long_dt_900,599,59.90000000000058,B05_CFV,cav,not_applicable,8597.630491787835,0.0,29.96420742593247,-0.7924550498993688,lane_2,mainline,,normal,none,commit
BASIC-05,basic_long_dt_900,599,59.90000000000058,B05_TLV_CLV,cav,not_applicable,8633.62000000092,3.5,29.99999999961591,1.6003838254619042e-10,lane_1,mainline,,normal,none,commit
BASIC-05,basic_long_dt_900,600,60.00000000000058,B05_MV,cav,not_applicable,7245.999349065662,-0.05931120094195785,0.00015941378713902514,4.0,on_ramp,on_ramp_mv,,normal,executing,commit
BASIC-05,basic_long_dt_900,600,60.00000000000058,B05_CLV,cav,not_applicable,8643.000000000522,0.0,29.999999999778684,9.221565733241733e-11,lane_2,mainline,,normal,none,commit
BASIC-05,basic_long_dt_900,600,60.00000000000058,B05_CFV,cav,not_applicable,8600.627701534566,0.0,29.97209746730434,0.07890041371869838,lane_2,mainline,,normal,none,commit
BASIC-05,basic_long_dt_900,600,60.00000000000058,B05_TLV_CLV,cav,not_applicable,8636.620000000883,3.5,29.99999999963127,1.5363639249699191e-10,lane_1,mainline,,normal,none,commit
BASIC-05,basic_long_dt_900,601,60.100000000000584,B05_MV,cav,not_applicable,7245.999364625968,-0.05931098011164382,0.00015560306881305482,4.0,on_ramp,on_ramp_mv,,normal,executing,commit
BASIC-05,basic_long_dt_900,601,60.100000000000584,B05_CLV,cav,not_applicable,8646.0000000005,0.0,29.999999999787537,8.852651944835088e-11,lane_2,mainline,,normal,none,commit
BASIC-05,basic_long_dt_900,601,60.100000000000584,B05_CFV,cav,not_applicable,8603.63282955741,0.0,30.05128022842678,0.7918276112243896,lane_2,mainline,,normal,none,commit
BASIC-05,basic_long_dt_900,601,60.100000000000584,B05_TLV_CLV,cav,not_applicable,8639.620000000848,3.5,29.999999999646022,1.4749161891813857e-10,lane_1,mainline,,normal,none,commit
BASIC-05,basic_long_dt_900,602,60.200000000000585,B05_MV,cav,not_applicable,7245.999379814312,-0.059310764560573936,0.0001518834440977494,4.0,on_ramp,on_ramp_mv,,normal,executing,commit
BASIC-05,basic_long_dt_900,602,60.200000000000585,B05_CLV,cav,not_applicable,8649.00000000048,0.0,29.999999999796035,8.498517445332255e-11,lane_2,mainline,,normal,none,commit
BASIC-05,basic_long_dt_900,602,60.200000000000585,B05_CFV,cav,not_applicable,8606.63352707889,0.0,30.006975214799684,-0.4430501362709539,lane_2,mainline,,normal,none,commit
BASIC-05,basic_long_dt_900,602,60.200000000000585,B05_TLV_CLV,cav,not_applicable,8642.620000000814,3.5,29.99999999966018,1.415912720403867e-10,lane_1,mainline,,normal,none,commit
BASIC-05,basic_long_dt_900,603,60.30000000000059,B05_MV,cav,not_applicable,7245.999394639586,-0.05931055416253184,0.00014825273540636062,4.0,on_ramp,on_ramp_mv,,normal,executing,commit
BASIC-05,basic_long_dt_900,603,60.30000000000059,B05_CLV,cav,not_applicable,8652.00000000046,0.0,29.999999999804192,8.158593800544623e-11,lane_2,mainline,,normal,none,commit
BASIC-05,basic_long_dt_900,603,60.30000000000059,B05_CFV,cav,not_applicable,8609.637872371983,0.0,30.04345293092297,0.3647771612328559,lane_2,mainline,,normal,none,commit
BASIC-05,basic_long_dt_900,603,60.30000000000059,B05_TLV_CLV,cav,not_applicable,8645.620000000781,3.5,29.999999999673772,1.359282464363787e-10,lane_1,mainline,,normal,none,commit
BASIC-05,basic_long_dt_900,604,60.40000000000059,B05_MV,cav,not_applicable,7245.999409110468,-0.059310348794317846,0.00014470881711332558,4.0,on_ramp,on_ramp_mv,,normal,executing,commit
BASIC-05,basic_long_dt_900,604,60.40000000000059,B05_CLV,cav,not_applicable,8655.000000000442,0.0,29.999999999812026,7.832312576283584e-11,lane_2,mainline,,normal,none,commit
BASIC-05,basic_long_dt_900,604,60.40000000000059,B05_CFV,cav,not_applicable,8612.634293114575,0.0,29.964207425932933,-0.7924550499003906,lane_2,mainline,,normal,none,commit
BASIC-05,basic_long_dt_900,604,60.40000000000059,B05_TLV_CLV,cav,not_applicable,8648.62000000075,3.5,29.99999999968682,1.304911734223424e-10,lane_1,mainline,,normal,none,commit
BASIC-05,basic_long_dt_900,605,60.50000000000059,B05_MV,cav,not_applicable,7245.999423235429,-0.059310148335681045,0.00014124961468462354,4.0,on_ramp,on_ramp_mv,,normal,executing,commit
BASIC-05,basic_long_dt_900,605,60.50000000000059,B05_CLV,cav,not_applicable,8658.000000000424,0.0,29.999999999819543,7.51896322981338e-11,lane_2,mainline,,normal,none,commit
BASIC-05,basic_long_dt_900,605,60.50000000000059,B05_CFV,cav,not_applicable,8615.631502861306,0.0,29.97209746730472,0.07890041371786227,lane_2,mainline,,normal,none,commit
BASIC-05,basic_long_dt_900,605,60.50000000000059,B05_TLV_CLV,cav,not_applicable,8651.62000000072,3.5,29.999999999699348,1.2527152648544871e-10,lane_1,mainline,,normal,none,commit
BASIC-05,basic_long_dt_900,606,60.60000000000059,B05_MV,cav,not_applicable,7245.99943702274,-0.05930995266924288,0.00013787310315590008,4.0,on_ramp,on_ramp_mv,,normal,executing,commit
BASIC-05,basic_long_dt_900,606,60.60000000000059,B05_CLV,cav,not_applicable,8661.000000000406,0.0,29.999999999826763,7.218261544039707e-11,lane_2,mainline,,normal,none,commit
BASIC-05,basic_long_dt_900,606,60.60000000000059,B05_CFV,cav,not_applicable,8618.63663088415,0.0,30.051280228427093,0.7918276112237055,lane_2,mainline,,normal,none,commit
BASIC-05,basic_long_dt_900,606,60.60000000000059,B05_TLV_CLV,cav,not_applicable,8654.62000000069,3.5,29.999999999711374,1.2026077911286848e-10,lane_1,mainline,,normal,none,commit
BASIC-05,basic_long_dt_900,607,60.70000000000059,B05_MV,cav,not_applicable,7245.99945048047,-0.05930976168043278,0.00013457730561059153,4.0,on_ramp,on_ramp_mv,,normal,executing,commit
BASIC-05,basic_long_dt_900,607,60.70000000000059,B05_CLV,cav,not_applicable,8664.00000000039,0.0,29.99999999983369,6.929496976226801e-11,lane_2,mainline,,normal,none,commit
BASIC-05,basic_long_dt_900,607,60.70000000000059,B05_CFV,cav,not_applicable,8621.63732840563,0.0,30.00697521479994,-0.4430501362715137,lane_2,mainline,,normal,none,commit
BASIC-05,basic_long_dt_900,607,60.70000000000059,B05_TLV_CLV,cav,not_applicable,8657.620000000663,3.5,29.99999999972292,1.154504047917726e-10,lane_1,mainline,,normal,none,commit
BASIC-05,basic_long_dt_900,608,60.800000000000594,B05_MV,cav,not_applicable,7245.999463616499,-0.0593095752574202,0.0001313602927451032,4.0,on_ramp,on_ramp_mv,,normal,executing,commit
BASIC-05,basic_long_dt_900,608,60.800000000000594,B05_CLV,cav,not_applicable,8667.000000000373,0.0,29.99999999984034,6.652385309280362e-11,lane_2,mainline,,normal,none,commit
BASIC-05,basic_long_dt_900,608,60.800000000000594,B05_CFV,cav,not_applicable,8624.641673698723,0.0,30.04345293092318,0.36477716123239795,lane_2,mainline,,normal,none,commit
BASIC-05,basic_long_dt_900,608,60.800000000000594,B05_TLV_CLV,cav,not_applicable,8660.620000000636,3.5,29.999999999734005,1.1083187700933195e-10,lane_1,mainline,,normal,none,commit
BASIC-05,basic_long_dt_900,609,60.900000000000595,B05_MV,cav,not_applicable,7245.999476438517,-0.05930939329104712,0.00012822018112952296,4.0,on_ramp,on_ramp_mv,,normal,executing,commit
BASIC-05,basic_long_dt_900,609,60.900000000000595,B05_CLV,cav,not_applicable,8670.000000000358,0.0,29.99999999984673,6.38635810901178e-11,lane_2,mainline,,normal,none,commit
BASIC-05,basic_long_dt_900,609,60.900000000000595,B05_CFV,cav,not_applicable,8627.638094441316,0.0,29.964207425933104,-0.7924550499007652,lane_2,mainline,,normal,none,commit
BASIC-05,basic_long_dt_900,609,60.900000000000595,B05_TLV_CLV,cav,not_applicable,8663.62000000061,3.5,29.999999999744645,1.0639809033818893e-10,lane_1,mainline,,normal,none,commit
BASIC-05,basic_long_dt_900,610,61.0000000000006,B05_MV,cav,not_applicable,7245.99948895403,-0.05930921567476766,0.00012515513255538863,4.0,on_ramp,on_ramp_mv,,normal,executing,commit
BASIC-05,basic_long_dt_900,610,61.0000000000006,B05_CLV,cav,not_applicable,8673.000000000344,0.0,29.99999999985286,6.130846941232448e-11,lane_2,mainline,,normal,none,commit
BASIC-05,basic_long_dt_900,610,61.0000000000006,B05_CFV,cav,not_applicable,8630.635304188047,0.0,29.97209746730486,0.07890041371755585,lane_2,mainline,,normal,none,commit
BASIC-05,basic_long_dt_900,610,61.0000000000006,B05_TLV_CLV,cav,not_applicable,8666.620000000587,3.5,29.99999999975486,1.0214193935098593e-10,lane_1,mainline,,normal,none,commit
BASIC-05,basic_long_dt_900,611,61.1000000000006,B05_MV,cav,not_applicable,7245.999501170366,-0.059309042304581006,0.00012216335273122325,4.0,on_ramp,on_ramp_mv,,normal,executing,commit
BASIC-05,basic_long_dt_900,611,61.1000000000006,B05_CLV,cav,not_applicable,8676.00000000033,0.0,29.999999999858748,5.885567588848062e-11,lane_2,mainline,,normal,none,commit
BASIC-05,basic_long_dt_900,611,61.1000000000006,B05_CFV,cav,not_applicable,8633.64043221089,0.0,30.051280228427206,0.7918276112234548,lane_2,mainline,,normal,none,commit
BASIC-05,basic_long_dt_900,611,61.1000000000006,B05_TLV_CLV,cav,not_applicable,8669.620000000563,3.5,29.999999999764665,9.805631862036535e-11,lane_1,mainline,,normal,none,commit
BASIC-05,basic_long_dt_900,612,61.2000000000006,B05_MV,cav,not_applicable,7245.9995130946745,-0.05930887307897503,0.00011924308997807006,4.0,on_ramp,on_ramp_mv,,normal,executing,commit
BASIC-05,basic_long_dt_900,612,61.2000000000006,B05_CLV,cav,not_applicable,8679.000000000317,0.0,29.999999999864396,5.650093726217165e-11,lane_2,mainline,,normal,none,commit
BASIC-05,basic_long_dt_900,612,61.2000000000006,B05_CFV,cav,not_applicable,8636.64112973237,0.0,30.006975214800036,-0.44305013627171874,lane_2,mainline,,normal,none,commit
BASIC-05,basic_long_dt_900,612,61.2000000000006,B05_TLV_CLV,cav,not_applicable,8672.620000000541,3.5,29.99999999977408,9.41341227189696e-11,lane_1,mainline,,normal,none,commit
BASIC-05,basic_long_dt_900,613,61.3000000000006,B05_MV,cav,not_applicable,7245.999524733938,-0.05930870789886322,0.00011639263501208174,4.0,on_ramp,on_ramp_mv,,normal,executing,commit
BASIC-05,basic_long_dt_900,613,61.3000000000006,B05_CLV,cav,not_applicable,8682.000000000304,0.0,29.99999999986982,5.424141136245453e-11,lane_2,mainline,,normal,none,commit
BASIC-05,basic_long_dt_900,613,61.3000000000006,B05_CFV,cav,not_applicable,8639.645475025463,0.0,30.04345293092326,0.36477716123223014,lane_2,mainline,,normal,none,commit
BASIC-05,basic_long_dt_900,613,61.3000000000006,B05_TLV_CLV,cav,not_applicable,8675.62000000052,3.5,29.999999999783117,9.036824621944107e-11,lane_1,mainline,,normal,none,commit
BASIC-05,basic_long_dt_900,614,61.4000000000006,B05_MV,cav,not_applicable,7245.999536094971,-0.059308546667529605,0.00011361031877041217,4.0,on_ramp,on_ramp_mv,,normal,executing,commit
BASIC-05,basic_long_dt_900,614,61.4000000000006,B05_CLV,cav,not_applicable,8685.000000000291,0.0,29.99999999987503,5.2071413847443186e-11,lane_2,mainline,,normal,none,commit
BASIC-05,basic_long_dt_900,614,61.4000000000006,B05_CFV,cav,not_applicable,8642.641895768056,0.0,29.964207425933168,-0.7924550499009025,lane_2,mainline,,normal,none,commit
BASIC-05,basic_long_dt_900,614,61.4000000000006,B05_TLV_CLV,cav,not_applicable,8678.6200000005,3.5,29.999999999791793,8.675300477989368e-11,lane_1,mainline,,normal,none,commit
BASIC-05,basic_long_dt_900,615,61.500000000000604,B05_MV,cav,not_applicable,7245.999547184422,-0.059308389290569696,0.00011089451262862732,4.0,on_ramp,on_ramp_mv,,normal,executing,commit
BASIC-05,basic_long_dt_900,615,61.500000000000604,B05_CLV,cav,not_applicable,8688.000000000278,0.0,29.99999999988003,4.9988102546194573e-11,lane_2,mainline,,normal,none,commit
BASIC-05,basic_long_dt_900,615,61.500000000000604,B05_CFV,cav,not_applicable,8645.639105514787,0.0,29.972097467304913,0.0789004137174435,lane_2,mainline,,normal,none,commit
BASIC-05,basic_long_dt_900,615,61.500000000000604,B05_TLV_CLV,cav,not_applicable,8681.62000000048,3.5,29.99999999980012,8.328271405844134e-11,lane_1,mainline,,normal,none,commit
BASIC-05,basic_long_dt_900,616,61.600000000000605,B05_MV,cav,not_applicable,7245.999558008785,-0.05930823567583676,0.00010824362666141867,4.0,on_ramp,on_ramp_mv,,normal,executing,commit
BASIC-05,basic_long_dt_900,616,61.600000000000605,B05_CLV,cav,not_applicable,8691.000000000267,0.0,29.999999999884828,4.798863528776565e-11,lane_2,mainline,,normal,none,commit
BASIC-05,basic_long_dt_900,616,61.600000000000605,B05_CFV,cav,not_applicable,8648.64423353763,0.0,30.05128022842725,0.7918276112233629,lane_2,mainline,,normal,none,commit
BASIC-05,basic_long_dt_900,616,61.600000000000605,B05_TLV_CLV,cav,not_applicable,8684.62000000046,3.5,29.999999999808114,7.9951689713198e-11,lane_1,mainline,,normal,none,commit
BASIC-05,basic_long_dt_900,617,61.70000000000061,B05_MV,cav,not_applicable,7245.999568574396,-0.05930808573338675,0.00010565610899037077,4.0,on_ramp,on_ramp_mv,,normal,executing,commit
BASIC-05,basic_long_dt_900,617,61.70000000000061,B05_CLV,cav,not_applicable,8694.000000000256,0.0,29.999999999889436,4.606874881574186e-11,lane_2,mainline,,normal,none,commit
BASIC-05,basic_long_dt_900,617,61.70000000000061,B05_CFV,cav,not_applicable,8651.64493105911,0.0,30.006975214800068,-0.443050136271794,lane_2,mainline,,normal,none,commit
BASIC-05,basic_long_dt_900,617,61.70000000000061,B05_TLV_CLV,cav,not_applicable,8687.620000000441,3.5,29.99999999981579,7.675424740227755e-11,lane_1,mainline,,normal,none,commit
BASIC-05,basic_long_dt_900,618,61.80000000000061,B05_MV,cav,not_applicable,7245.99957888744,-0.05930793937542678,0.00010313044491431796,4.0,on_ramp,on_ramp_mv,,normal,executing,commit
BASIC-05,basic_long_dt_900,618,61.80000000000061,B05_CLV,cav,not_applicable,8697.000000000246,0.0,29.99999999989386,4.422560095918016e-11,lane_2,mainline,,normal,none,commit
BASIC-05,basic_long_dt_900,618,61.80000000000061,B05_CFV,cav,not_applicable,8654.649276352204,0.0,30.043452930923284,0.3647771612321686,lane_2,mainline,,normal,none,commit
BASIC-05,basic_long_dt_900,618,61.80000000000061,B05_TLV_CLV,cav,not_applicable,8690.620000000423,3.5,29.999999999823157,7.368470278379391e-11,lane_1,mainline,,normal,none,commit
BASIC-05,basic_long_dt_900,619,61.90000000000061,B05_MV,cav,not_applicable,7245.999588953956,-0.05930779651626228,0.00010066515582229029,4.0,on_ramp,on_ramp_mv,,normal,executing,commit
BASIC-05,basic_long_dt_900,619,61.90000000000061,B05_CLV,cav,not_applicable,8700.000000000235,0.0,29.999999999898105,4.245634954713751e-11,lane_2,mainline,,normal,none,commit
BASIC-05,basic_long_dt_900,619,61.90000000000061,B05_CFV,cav,not_applicable,8657.645697094797,0.0,29.96420742593319,-0.792455049900953,lane_2,mainline,,normal,none,commit
BASIC-05,basic_long_dt_900,619,61.90000000000061,B05_TLV_CLV,cav,not_applicable,8693.620000000406,3.5,29.99999999983023,7.073737151586102e-11,lane_1,mainline,,normal,none,commit
BASIC-05,basic_long_dt_900,620,62.00000000000061,B05_MV,cav,not_applicable,7245.999598779836,-0.05930765707224861,9.825879832387025e-05,4.0,on_ramp,on_ramp_mv,,normal,executing,commit
BASIC-05,basic_long_dt_900,620,62.00000000000061,B05_CLV,cav,not_applicable,8703.000000000226,0.0,29.99999999990218,4.075815240867087e-11,lane_2,mainline,,normal,none,commit
BASIC-05,basic_long_dt_900,620,62.00000000000061,B05_CFV,cav,not_applicable,8660.642906841527,0.0,29.97209746730493,0.0789004137174022,lane_2,mainline,,normal,none,commit
BASIC-05,basic_long_dt_900,620,62.00000000000061,B05_TLV_CLV,cav,not_applicable,8696.62000000039,3.5,29.99999999983702,6.79079903420643e-11,lane_1,mainline,,normal,none,commit
BASIC-05,basic_long_dt_900,621,62.10000000000061,B05_MV,cav,not_applicable,7245.999608370832,-0.05930752096173819,9.590996381437112e-05,4.0,on_ramp,on_ramp_mv,,normal,executing,commit
BASIC-05,basic_long_dt_900,621,62.10000000000061,B05_CLV,cav,not_applicable,8706.000000000216,0.0,29.99999999990609,3.91281673728372e-11,lane_2,mainline,,normal,none,commit
BASIC-05,basic_long_dt_900,621,62.10000000000061,B05_CFV,cav,not_applicable,8663.64803486437,0.0,30.051280228427263,0.7918276112233291,lane_2,mainline,,normal,none,commit
BASIC-05,basic_long_dt_900,621,62.10000000000061,B05_TLV_CLV,cav,not_applicable,8699.620000000374,3.5,29.99999999984354,6.519229600598919e-11,lane_1,mainline,,normal,none,commit
BASIC-05,basic_long_dt_900,622,62.200000000000614,B05_MV,cav,not_applicable,7245.999617732559,-0.05930738810504099,9.361727717037211e-05,4.0,on_ramp,on_ramp_mv,,normal,executing,commit
BASIC-05,basic_long_dt_900,622,62.200000000000614,B05_CLV,cav,not_applicable,8709.000000000207,0.0,29.999999999909846,3.756355226869346e-11,lane_2,mainline,,normal,none,commit
BASIC-05,basic_long_dt_900,622,62.200000000000614,B05_CFV,cav,not_applicable,8666.648732385851,0.0,30.006975214800082,-0.44305013627182155,lane_2,mainline,,normal,none,commit
BASIC-05,basic_long_dt_900,622,62.200000000000614,B05_TLV_CLV,cav,not_applicable,8702.62000000036,3.5,29.9999999998498,6.258460416574962e-11,lane_1,mainline,,normal,none,commit
BASIC-05,basic_long_dt_900,623,62.300000000000615,B05_MV,cav,not_applicable,7245.999626870499,-0.05930725842436679,9.137939631489667e-05,4.0,on_ramp,on_ramp_mv,,normal,executing,commit
BASIC-05,basic_long_dt_900,623,62.300000000000615,B05_CLV,cav,not_applicable,8712.000000000198,0.0,29.999999999913452,3.606146492529661e-11,lane_2,mainline,,normal,none,commit
BASIC-05,basic_long_dt_900,623,62.300000000000615,B05_CFV,cav,not_applicable,8669.653077678944,0.0,30.043452930923298,0.36477716123214604,lane_2,mainline,,normal,none,commit
BASIC-05,basic_long_dt_900,623,62.300000000000615,B05_TLV_CLV,cav,not_applicable,8705.620000000345,3.5,29.999999999855806,6.008065156493103e-11,lane_1,mainline,,normal,none,commit
BASIC-05,basic_long_dt_900,624,62.40000000000062,B05_MV,cav,not_applicable,7245.99963579,-0.05930713184378744,8.91950109129476e-05,4.0,on_ramp,on_ramp_mv,,normal,executing,commit
BASIC-05,basic_long_dt_900,624,62.40000000000062,B05_CLV,cav,not_applicable,8715.00000000019,0.0,29.999999999916913,3.46190631717036e-11,lane_2,mainline,,normal,none,commit
BASIC-05,basic_long_dt_900,624,62.40000000000062,B05_CFV,cav,not_applicable,8672.649498421537,0.0,29.9642074259332,-0.7924550499009714,lane_2,mainline,,normal,none,commit
BASIC-05,basic_long_dt_900,624,62.40000000000062,B05_TLV_CLV,cav,not_applicable,8708.62000000033,3.5,29.999999999861572,5.7677596032590376e-11,lane_1,mainline,,normal,none,commit
BASIC-05,basic_long_dt_900,625,62.50000000000062,B05_MV,cav,not_applicable,7245.999644496284,-0.05930700828919111,8.706284237150706e-05,4.0,on_ramp,on_ramp_mv,,normal,executing,commit
BASIC-05,basic_long_dt_900,625,62.50000000000062,B05_CLV,cav,not_applicable,8718.000000000182,0.0,29.999999999920234,3.323492592244293e-11,lane_2,mainline,,normal,none,commit
BASIC-05,basic_long_dt_900,625,62.50000000000062,B05_CFV,cav,not_applicable,8675.646708168268,0.0,29.972097467304938,0.0789004137173871,lane_2,mainline,,normal,none,commit
BASIC-05,basic_long_dt_900,625,62.50000000000062,B05_TLV_CLV,cav,not_applicable,8711.620000000317,3.5,29.99999999986711,5.537117431231309e-11,lane_1,mainline,,normal,none,commit
BASIC-05,basic_long_dt_900,626,62.60000000000062,B05_MV,cav,not_applicable,7245.999652994448,-0.05930688768823611,8.498164231766088e-05,4.0,on_ramp,on_ramp_mv,,normal,executing,commit
BASIC-05,basic_long_dt_900,626,62.60000000000062,B05_CLV,cav,not_applicable,8721.000000000175,0.0,29.999999999923425,3.190621100657154e-11,lane_2,mainline,,normal,none,commit
BASIC-05,basic_long_dt_900,626,62.60000000000062,B05_CFV,cav,not_applicable,8678.651836191111,0.0,30.05128022842727,0.7918276112233167,lane_2,mainline,,normal,none,commit
BASIC-05,basic_long_dt_900,626,62.60000000000062,B05_TLV_CLV,cav,not_applicable,8714.620000000305,3.5,29.999999999872426,5.3155702062213095e-11,lane_1,mainline,,normal,none,commit
BASIC-05,basic_long_dt_900,627,62.70000000000062,B05_MV,cav,not_applicable,7245.999661289467,-0.059306769970312256,8.295019259859848e-05,4.0,on_ramp,on_ramp_mv,,normal,executing,commit
BASIC-05,basic_long_dt_900,627,62.70000000000062,B05_CLV,cav,not_applicable,8724.000000000167,0.0,29.999999999926487,3.06300762531464e-11,lane_2,mainline,,normal,none,commit
BASIC-05,basic_long_dt_900,627,62.70000000000062,B05_CFV,cav,not_applicable,8681.652533712591,0.0,30.006975214800086,-0.44305013627183176,lane_2,mainline,,normal,none,commit
BASIC-05,basic_long_dt_900,627,62.70000000000062,B05_TLV_CLV,cav,not_applicable,8717.620000000292,3.5,29.999999999877527,5.1029758196818876e-11,lane_1,mainline,,normal,none,commit
BASIC-05,basic_long_dt_900,628,62.80000000000062,B05_MV,cav,not_applicable,7245.999669386198,-0.05930665506649513,8.096730375973721e-05,4.0,on_ramp,on_ramp_mv,,normal,executing,commit
BASIC-05,basic_long_dt_900,628,62.80000000000062,B05_CLV,cav,not_applicable,8727.00000000016,0.0,29.99999999992943,2.940510057669599e-11,lane_2,mainline,,normal,none,commit
BASIC-05,basic_long_dt_900,628,62.80000000000062,B05_CFV,cav,not_applicable,8684.656879005684,0.0,30.0434529309233,0.3647771612321377,lane_2,mainline,,normal,none,commit
BASIC-05,basic_long_dt_900,628,62.80000000000062,B05_TLV_CLV,cav,not_applicable,8720.620000000281,3.5,29.999999999882426,4.898907945971587e-11,lane_1,mainline,,normal,none,commit
BASIC-05,basic_long_dt_900,629,62.900000000000624,B05_MV,cav,not_applicable,7245.999677289379,-0.059306542909510096,7.903181504472236e-05,4.0,on_ramp,on_ramp_mv,,normal,executing,commit
BASIC-05,basic_long_dt_900,629,62.900000000000624,B05_CLV,cav,not_applicable,8730.000000000153,0.0,29.999999999932253,2.822844180627726e-11,lane_2,mainline,,normal,none,commit
BASIC-05,basic_long_dt_900,629,62.900000000000624,B05_CFV,cav,not_applicable,8687.653299748277,0.0,29.964207425933203,-0.7924550499009781,lane_2,mainline,,normal,none,commit
BASIC-05,basic_long_dt_900,629,62.900000000000624,B05_TLV_CLV,cav,not_applicable,8723.62000000027,3.5,29.99999999988713,4.702940259448951e-11,lane_1,mainline,,normal,none,commit
BASIC-05,basic_long_dt_900,630,63.000000000000625,B05_MV,cav,not_applicable,7245.999685003639,-0.059306433433690575,7.714259330837297e-05,4.0,on_ramp,on_ramp_mv,,normal,executing,commit
BASIC-05,basic_long_dt_900,630,63.000000000000625,B05_CLV,cav,not_applicable,8733.000000000146,0.0,29.999999999934964,2.7098678856418702e-11,lane_2,mainline,,normal,none,commit
BASIC-05,basic_long_dt_900,630,63.000000000000625,B05_CFV,cav,not_applicable,8690.650509495008,0.0,29.97209746730494,0.07890041371738155,lane_2,mainline,,normal,none,commit
BASIC-05,basic_long_dt_900,630,63.000000000000625,B05_TLV_CLV,cav,not_applicable,8726.62000000026,3.5,29.999999999891646,4.5147885430196766e-11,lane_1,mainline,,normal,none,commit
BASIC-05,basic_long_dt_900,631,63.10000000000063,B05_MV,cav,not_applicable,7245.999692533492,-0.059306326574939394,7.529853258186036e-05,4.0,on_ramp,on_ramp_mv,,normal,executing,commit
BASIC-05,basic_long_dt_900,631,63.10000000000063,B05_CLV,cav,not_applicable,8736.00000000014,0.0,29.999999999937565,2.601439064164879e-11,lane_2,mainline,,normal,none,commit
BASIC-05,basic_long_dt_900,631,63.10000000000063,B05_CFV,cav,not_applicable,8693.655637517852,0.0,30.051280228427274,0.7918276112233122,lane_2,mainline,,normal,none,commit
BASIC-05,basic_long_dt_900,631,63.10000000000063,B05_TLV_CLV,cav,not_applicable,8729.620000000248,3.5,29.99999999989598,4.334168579589459e-11,lane_1,mainline,,normal,none,commit
BASIC-05,basic_long_dt_900,632,63.20000000000063,B05_MV,cav,not_applicable,7245.999699883347,-0.05930622227069238,7.349855342047554e-05,4.0,on_ramp,on_ramp_mv,,normal,executing,commit
BASIC-05,basic_long_dt_900,632,63.20000000000063,B05_CLV,cav,not_applicable,8739.000000000135,0.0,29.999999999940062,2.4974156076496003e-11,lane_2,mainline,,normal,none,commit
BASIC-05,basic_long_dt_900,632,63.20000000000063,B05_CFV,cav,not_applicable,8696.656335039332,0.0,30.00697521480009,-0.4430501362718354,lane_2,mainline,,normal,none,commit
BASIC-05,basic_long_dt_900,632,63.20000000000063,B05_TLV_CLV,cav,not_applicable,8732.620000000239,3.5,29.99999999990014,4.160796152063995e-11,lane_1,mainline,,normal,none,commit
BASIC-05,basic_long_dt_900,633,63.30000000000063,B05_MV,cav,not_applicable,7245.999707057507,-0.05930612045987971,7.174160203398598e-05,4.0,on_ramp,on_ramp_mv,,normal,executing,commit
BASIC-05,basic_long_dt_900,633,63.30000000000063,B05_CLV,cav,not_applicable,8742.00000000013,0.0,29.99999999994246,2.3975132990017302e-11,lane_2,mainline,,normal,none,commit
BASIC-05,basic_long_dt_900,633,63.30000000000063,B05_CFV,cav,not_applicable,8699.660680332425,0.0,30.0434529309233,0.3647771612321347,lane_2,mainline,,normal,none,commit
BASIC-05,basic_long_dt_900,633,63.30000000000063,B05_TLV_CLV,cav,not_applicable,8735.62000000023,3.5,29.999999999904134,3.9943870433489795e-11,lane_1,mainline,,normal,none,commit
BASIC-05,basic_long_dt_900,634,63.40000000000063,B05_MV,cav,not_applicable,7245.999714060173,-0.059306021082894844,7.002664963440318e-05,4.0,on_ramp,on_ramp_mv,,normal,executing,commit
BASIC-05,basic_long_dt_900,634,63.40000000000063,B05_CLV,cav,not_applicable,8745.000000000124,0.0,29.999999999944762,2.3015900296741167e-11,lane_2,mainline,,normal,none,commit
BASIC-05,basic_long_dt_900,634,63.40000000000063,B05_CFV,cav,not_applicable,8702.657101075018,0.0,29.964207425933203,-0.7924550499009806,lane_2,mainline,,normal,none,commit
BASIC-05,basic_long_dt_900,634,63.40000000000063,B05_TLV_CLV,cav,not_applicable,8738.62000000022,3.5,29.999999999907967,3.834657036350109e-11,lane_1,mainline,,normal,none,commit
BASIC-05,basic_long_dt_900,635,63.50000000000063,B05_MV,cav,not_applicable,7245.999720895442,-0.05930592408155322,6.835269243598267e-05,4.0,on_ramp,on_ramp_mv,,normal,executing,commit
BASIC-05,basic_long_dt_900,635,63.50000000000063,B05_CLV,cav,not_applicable,8748.000000000118,0.0,29.999999999946972,2.2095036911196078e-11,lane_2,mainline,,normal,none,commit
BASIC-05,basic_long_dt_900,635,63.50000000000063,B05_CFV,cav,not_applicable,8705.654310821748,0.0,29.97209746730494,0.07890041371737955,lane_2,mainline,,normal,none,commit
BASIC-05,basic_long_dt_900,635,63.50000000000063,B05_TLV_CLV,cav,not_applicable,8741.620000000212,3.5,29.999999999911648,3.681321913973079e-11,lane_1,mainline,,normal,none,commit
BASIC-05,basic_long_dt_900,636,63.600000000000634,B05_MV,cav,not_applicable,7245.999727567317,-0.05930582939906204,6.671875056816987e-05,4.0,on_ramp,on_ramp_mv,,normal,executing,commit
BASIC-05,basic_long_dt_900,636,63.600000000000634,B05_CLV,cav,not_applicable,8751.000000000113,0.0,29.999999999949093,2.1211121747910513e-11,lane_2,mainline,,normal,none,commit
BASIC-05,basic_long_dt_900,636,63.600000000000634,B05_CFV,cav,not_applicable,8708.659438844592,0.0,30.051280228427274,0.7918276112233106,lane_2,mainline,,normal,none,commit
BASIC-05,basic_long_dt_900,636,63.600000000000634,B05_TLV_CLV,cav,not_applicable,8744.620000000203,3.5,29.999999999915183,3.5340974591235864e-11,lane_1,mainline,,normal,none,commit
BASIC-05,basic_long_dt_900,637,63.700000000000635,B05_MV,cav,not_applicable,7245.999734079704,-0.05930573697998698,6.51238674233677e-05,4.0,on_ramp,on_ramp_mv,,normal,executing,commit
BASIC-05,basic_long_dt_900,637,63.700000000000635,B05_CLV,cav,not_applicable,8754.000000000107,0.0,29.99999999995113,2.0362733721412952e-11,lane_2,mainline,,normal,none,commit
BASIC-05,basic_long_dt_900,637,63.700000000000635,B05_CFV,cav,not_applicable,8711.660136366072,0.0,30.00697521480009,-0.44305013627183676,lane_2,mainline,,normal,none,commit
BASIC-05,basic_long_dt_900,637,63.700000000000635,B05_TLV_CLV,cav,not_applicable,8747.620000000195,3.5,29.999999999918575,3.3926994547073265e-11,lane_1,mainline,,normal,none,commit
BASIC-05,basic_long_dt_900,638,63.80000000000064,B05_MV,cav,not_applicable,7245.999740436415,-0.059305646770218434,6.356710922211492e-05,4.0,on_ramp,on_ramp_mv,,normal,executing,commit
BASIC-05,basic_long_dt_900,638,63.80000000000064,B05_CLV,cav,not_applicable,8757.000000000102,0.0,29.999999999953083,1.9548451746231878e-11,lane_2,mainline,,normal,none,commit
BASIC-05,basic_long_dt_900,638,63.80000000000064,B05_CFV,cav,not_applicable,8714.664481659165,0.0,30.0434529309233,0.3647771612321336,lane_2,mainline,,normal,none,commit
BASIC-05,basic_long_dt_900,638,63.80000000000064,B05_TLV_CLV,cav,not_applicable,8750.620000000188,3.5,29.999999999921833,3.2569857921771474e-11,lane_1,mainline,,normal,none,commit
BASIC-05,basic_long_dt_900,639,63.90000000000064,B05_MV,cav,not_applicable,7245.999746641171,-0.05930555871694132,6.204756457826448e-05,4.0,on_ramp,on_ramp_mv,,normal,executing,commit
BASIC-05,basic_long_dt_900,639,63.90000000000064,B05_CLV,cav,not_applicable,8760.000000000098,0.0,29.99999999995496,1.8766854736895768e-11,lane_2,mainline,,normal,none,commit
BASIC-05,basic_long_dt_900,639,63.90000000000064,B05_CFV,cav,not_applicable,8717.660902401758,0.0,29.964207425933203,-0.7924550499009815,lane_2,mainline,,normal,none,commit
BASIC-05,basic_long_dt_900,639,63.90000000000064,B05_TLV_CLV,cav,not_applicable,8753.62000000018,3.5,29.99999999992496,3.126672254438745e-11,lane_1,mainline,,normal,none,commit
BASIC-05,basic_long_dt_900,640,64.00000000000064,B05_MV,cav,not_applicable,7245.999752697606,-0.05930547276860221,6.0564344064161925e-05,4.0,on_ramp,on_ramp_mv,,normal,executing,commit
BASIC-05,basic_long_dt_900,640,64.00000000000064,B05_CLV,cav,not_applicable,8763.000000000095,0.0,29.99999999995676,1.8016521607933103e-11,lane_2,mainline,,normal,none,commit
BASIC-05,basic_long_dt_900,640,64.00000000000064,B05_CFV,cav,not_applicable,8720.658112148489,0.0,29.97209746730494,0.07890041371737888,lane_2,mainline,,normal,none,commit
BASIC-05,basic_long_dt_900,640,64.00000000000064,B05_TLV_CLV,cav,not_applicable,8756.620000000174,3.5,29.99999999992796,3.0016167329449676e-11,lane_1,mainline,,normal,none,commit
BASIC-05,basic_long_dt_900,641,64.10000000000063,B05_MV,cav,not_applicable,7245.999758609264,-0.059305388874880016,5.911657934100206e-05,4.0,on_ramp,on_ramp_mv,,normal,executing,commit
BASIC-05,basic_long_dt_900,641,64.10000000000063,B05_CLV,cav,not_applicable,8766.000000000091,0.0,29.99999999995849,1.729603127387236e-11,lane_2,mainline,,normal,none,commit
BASIC-05,basic_long_dt_900,641,64.10000000000063,B05_CFV,cav,not_applicable,8723.663240171332,0.0,30.051280228427274,0.79182761122331,lane_2,mainline,,normal,none,commit
BASIC-05,basic_long_dt_900,641,64.10000000000063,B05_TLV_CLV,cav,not_applicable,8759.620000000166,3.5,29.999999999930843,2.8815350106015104e-11,lane_1,mainline,,normal,none,commit
BASIC-05,basic_long_dt_900,642,64.20000000000063,B05_MV,cav,not_applicable,7245.999764379606,-0.059305306986658035,5.770342272400739e-05,4.0,on_ramp,on_ramp_mv,,normal,executing,commit
BASIC-05,basic_long_dt_900,642,64.20000000000063,B05_CLV,cav,not_applicable,8769.000000000087,0.0,29.99999999996015,1.6603962649242022e-11,lane_2,mainline,,normal,none,commit
BASIC-05,basic_long_dt_900,642,64.20000000000063,B05_CFV,cav,not_applicable,8726.663937692812,0.0,30.00697521480009,-0.4430501362718372,lane_2,mainline,,normal,none,commit
BASIC-05,basic_long_dt_900,642,64.20000000000063,B05_TLV_CLV,cav,not_applicable,8762.620000000159,3.5,29.99999999993361,2.7662849788612222e-11,lane_1,mainline,,normal,none,commit
BASIC-05,basic_long_dt_900,643,64.30000000000062,B05_MV,cav,not_applicable,7245.99977001201,-0.05930522705599195,5.6324047182428074e-05,4.0,on_ramp,on_ramp_mv,,normal,executing,commit
BASIC-05,basic_long_dt_900,643,64.30000000000062,B05_CLV,cav,not_applicable,8772.000000000084,0.0,29.999999999961744,1.5940315734042088e-11,lane_2,mainline,,normal,none,commit
BASIC-05,basic_long_dt_900,643,64.30000000000062,B05_CFV,cav,not_applicable,8729.668282985906,0.0,30.0434529309233,0.3647771612321332,lane_2,mainline,,normal,none,commit
BASIC-05,basic_long_dt_900,643,64.30000000000062,B05_TLV_CLV,cav,not_applicable,8765.620000000152,3.5,29.999999999936264,2.6555824206297985e-11,lane_1,mainline,,normal,none,commit
BASIC-05,basic_long_dt_900,644,64.40000000000062,B05_MV,cav,not_applicable,7245.999775509775,-0.059305149036085414,5.497764503507701e-05,4.0,on_ramp,on_ramp_mv,,normal,executing,commit
BASIC-05,basic_long_dt_900,644,64.40000000000062,B05_CLV,cav,not_applicable,8775.00000000008,0.0,29.999999999963276,1.5302248357329517e-11,lane_2,mainline,,normal,none,commit
BASIC-05,basic_long_dt_900,644,64.40000000000062,B05_CFV,cav,not_applicable,8732.664703728498,0.0,29.964207425933203,-0.7924550499009819,lane_2,mainline,,normal,none,commit
BASIC-05,basic_long_dt_900,644,64.40000000000062,B05_TLV_CLV,cav,not_applicable,8768.620000000146,3.5,29.999999999938815,2.5494273359072395e-11,lane_1,mainline,,normal,none,commit
BASIC-05,basic_long_dt_900,645,64.50000000000061,B05_MV,cav,not_applicable,7245.999780876117,-0.0593050728812603,5.3663427950329895e-05,4.0,on_ramp,on_ramp_mv,,normal,executing,commit
BASIC-05,basic_long_dt_900,645,64.50000000000061,B05_CLV,cav,not_applicable,8778.000000000076,0.0,29.999999999964743,1.4689760519104312e-11,lane_2,mainline,,normal,none,commit
BASIC-05,basic_long_dt_900,645,64.50000000000061,B05_CFV,cav,not_applicable,8735.661913475229,0.0,29.97209746730494,0.07890041371737855,lane_2,mainline,,normal,none,commit
BASIC-05,basic_long_dt_900,645,64.50000000000061,B05_TLV_CLV,cav,not_applicable,8771.62000000014,3.5,29.999999999941263,2.447393399052089e-11,lane_1,mainline,,normal,none,commit
BASIC-05,basic_long_dt_900,646,64.6000000000006,B05_MV,cav,not_applicable,7245.99978611418,-0.059304998546930054,5.238062672871433e-05,4.0,on_ramp,on_ramp_mv,,normal,executing,commit
BASIC-05,basic_long_dt_900,646,64.6000000000006,B05_CLV,cav,not_applicable,8781.000000000073,0.0,29.999999999966153,1.410285221936647e-11,lane_2,mainline,,normal,none,commit
BASIC-05,basic_long_dt_900,646,64.6000000000006,B05_CFV,cav,not_applicable,8738.667041498073,0.0,30.051280228427274,0.7918276112233097,lane_2,mainline,,normal,none,commit
BASIC-05,basic_long_dt_900,646,64.6000000000006,B05_TLV_CLV,cav,not_applicable,8774.620000000135,3.5,29.99999999994361,2.3494806100643475e-11,lane_1,mainline,,normal,none,commit
BASIC-05,basic_long_dt_900,647,64.7000000000006,B05_MV,cav,not_applicable,7245.999791227029,-0.05930492598957393,5.11284902158558e-05,4.0,on_ramp,on_ramp_mv,,normal,executing,commit
BASIC-05,basic_long_dt_900,647,64.7000000000006,B05_CLV,cav,not_applicable,8784.00000000007,0.0,29.999999999967507,1.353868128717295e-11,lane_2,mainline,,normal,none,commit
BASIC-05,basic_long_dt_900,647,64.7000000000006,B05_CFV,cav,not_applicable,8741.667739019553,0.0,30.00697521480009,-0.44305013627183754,lane_2,mainline,,normal,none,commit
BASIC-05,basic_long_dt_900,647,64.7000000000006,B05_TLV_CLV,cav,not_applicable,8777.62000000013,3.5,29.999999999945867,2.255546860396862e-11,lane_1,mainline,,normal,none,commit
BASIC-05,basic_long_dt_900,648,64.8000000000006,B05_MV,cav,not_applicable,7245.999796217658,-0.059304855166712134,4.9906285519888426e-05,4.0,on_ramp,on_ramp_mv,,normal,executing,commit
BASIC-05,basic_long_dt_900,648,64.8000000000006,B05_CLV,cav,not_applicable,8787.000000000065,0.0,29.999999999968807,1.2997247722523753e-11,lane_2,mainline,,normal,none,commit
BASIC-05,basic_long_dt_900,648,64.8000000000006,B05_CFV,cav,not_applicable,8744.672084312646,0.0,30.0434529309233,0.364777161232133,lane_2,mainline,,normal,none,commit
BASIC-05,basic_long_dt_900,648,64.8000000000006,B05_TLV_CLV,cav,not_applicable,8780.620000000124,3.5,29.99999999994803,2.1653079329553294e-11,lane_1,mainline,,normal,none,commit
BASIC-05,basic_long_dt_900,649,64.90000000000059,B05_MV,cav,not_applicable,7245.999801088988,-0.05930478603688094,4.8713297141811766e-05,4.0,on_ramp,on_ramp_mv,,normal,executing,commit
BASIC-05,basic_long_dt_900,649,64.90000000000059,B05_CLV,cav,not_applicable,8790.000000000062,0.0,29.999999999970054,1.247713043994736e-11,lane_2,mainline,,normal,none,commit
BASIC-05,basic_long_dt_900,649,64.90000000000059,B05_CFV,cav,not_applicable,8747.668505055239,0.0,29.964207425933203,-0.792455049900982,lane_2,mainline,,normal,none,commit
BASIC-05,basic_long_dt_900,649,64.90000000000059,B05_TLV_CLV,cav,not_applicable,8783.620000000119,3.5,29.99999999995011,2.0787638277397494e-11,lane_1,mainline,,normal,none,commit
BASIC-05,basic_long_dt_900,650,65.00000000000058,B05_MV,cav,not_applicable,7245.9998058438705,-0.059304718559607394,4.7548826540669125e-05,4.0,on_ramp,on_ramp_mv,,normal,executing,commit
BASIC-05,basic_long_dt_900,650,65.00000000000058,B05_CLV,cav,not_applicable,8793.000000000058,0.0,29.99999999997125,1.197832943944377e-11,lane_2,mainline,,normal,none,commit
BASIC-05,basic_long_dt_900,650,65.00000000000058,B05_CFV,cav,not_applicable,8750.66571480197,0.0,29.97209746730494,0.07890041371737844,lane_2,mainline,,normal,none,commit
BASIC-05,basic_long_dt_900,650,65.00000000000058,B05_TLV_CLV,cav,not_applicable,8786.620000000114,3.5,29.999999999952106,1.9956303276558176e-11,lane_1,mainline,,normal,none,commit
BASIC-05,basic_long_dt_900,651,65.10000000000058,B05_MV,cav,not_applicable,7245.999810485089,-0.05930465269538532,4.6412192133547586e-05,4.0,on_ramp,on_ramp_mv,,normal,executing,commit
BASIC-05,basic_long_dt_900,651,65.10000000000058,B05_CLV,cav,not_applicable,8796.000000000055,0.0,29.999999999972403,1.1499423635541462e-11,lane_2,mainline,,normal,none,commit
BASIC-05,basic_long_dt_900,651,65.10000000000058,B05_CFV,cav,not_applicable,8753.670842824813,0.0,30.051280228427274,0.7918276112233097,lane_2,mainline,,normal,none,commit
BASIC-05,basic_long_dt_900,651,65.10000000000058,B05_TLV_CLV,cav,not_applicable,8789.620000000108,3.5,29.99999999995402,1.9157653241563823e-11,lane_1,mainline,,normal,none,commit
BASIC-05,basic_long_dt_900,652,65.20000000000057,B05_MV,cav,not_applicable,7245.999815015362,-0.05930458840565356,4.530272864334554e-05,4.0,on_ramp,on_ramp_mv,,normal,executing,commit
BASIC-05,basic_long_dt_900,652,65.20000000000057,B05_CLV,cav,not_applicable,8799.000000000053,0.0,29.999999999973507,1.1038991942768917e-11,lane_2,mainline,,normal,none,commit
BASIC-05,basic_long_dt_900,652,65.20000000000057,B05_CFV,cav,not_applicable,8756.671540346293,0.0,30.00697521480009,-0.44305013627183754,lane_2,mainline,,normal,none,commit
BASIC-05,basic_long_dt_900,652,65.20000000000057,B05_TLV_CLV,cav,not_applicable,8792.620000000104,3.5,29.99999999995586,1.8391688172414434e-11,lane_1,mainline,,normal,none,commit
BASIC-05,basic_long_dt_900,653,65.30000000000057,B05_MV,cav,not_applicable,7245.999819437341,-0.059304525652773776,4.421978622912941e-05,4.0,on_ramp,on_ramp_mv,,normal,executing,commit
BASIC-05,basic_long_dt_900,653,65.30000000000057,B05_CLV,cav,not_applicable,8802.000000000051,0.0,29.999999999974566,1.0597034361126135e-11,lane_2,mainline,,normal,none,commit
BASIC-05,basic_long_dt_900,653,65.30000000000057,B05_CFV,cav,not_applicable,8759.675885639386,0.0,30.0434529309233,0.364777161232133,lane_2,mainline,,normal,none,commit
BASIC-05,basic_long_dt_900,653,65.30000000000057,B05_TLV_CLV,cav,not_applicable,8795.6200000001,3.5,29.999999999957627,1.765556589816697e-11,lane_1,mainline,,normal,none,commit
BASIC-05,basic_long_dt_900,654,65.40000000000056,B05_MV,cav,not_applicable,7245.999823753614,-0.059304464400006474,4.316273113836613e-05,4.0,on_ramp,on_ramp_mv,,normal,executing,commit
BASIC-05,basic_long_dt_900,654,65.40000000000056,B05_CLV,cav,not_applicable,8805.00000000005,0.0,29.999999999975582,1.0173550890613116e-11,lane_2,mainline,,normal,none,commit
BASIC-05,basic_long_dt_900,654,65.40000000000056,B05_CFV,cav,not_applicable,8762.672306381979,0.0,29.964207425933203,-0.792455049900982,lane_2,mainline,,normal,none,commit
BASIC-05,basic_long_dt_900,654,65.40000000000056,B05_TLV_CLV,cav,not_applicable,8798.620000000097,3.5,29.99999999995932,1.694928641882143e-11,lane_1,mainline,,normal,none,commit
BASIC-05,basic_long_dt_900,655,65.50000000000055,B05_MV,cav,not_applicable,7245.999827966708,-0.05930440461148967,4.213094461986905e-05,4.0,on_ramp,on_ramp_mv,,normal,executing,commit
BASIC-05,basic_long_dt_900,655,65.50000000000055,B05_CLV,cav,not_applicable,8808.000000000047,0.0,29.99999999997656,9.767120445758338e-12,lane_2,mainline,,normal,none,commit
BASIC-05,basic_long_dt_900,655,65.50000000000055,B05_CFV,cav,not_applicable,8765.66951612871,0.0,29.97209746730494,0.07890041371737844,lane_2,mainline,,normal,none,commit
BASIC-05,basic_long_dt_900,655,65.50000000000055,B05_TLV_CLV,cav,not_applicable,8801.620000000094,3.5,29.99999999996095,1.6271428648906294e-11,lane_1,mainline,,normal,none,commit
BASIC-05,basic_long_dt_900,656,65.60000000000055,B05_MV,cav,not_applicable,7245.99983207909,-0.05930434625222114,4.112382248897627e-05,4.0,on_ramp,on_ramp_mv,,normal,executing,commit
BASIC-05,basic_long_dt_900,656,65.60000000000055,B05_CLV,cav,not_applicable,8811.000000000045,0.0,29.999999999977497,9.376321941090283e-12,lane_2,mainline,,normal,none,commit
BASIC-05,basic_long_dt_900,656,65.60000000000055,B05_CFV,cav,not_applicable,8768.674644151553,0.0,30.051280228427274,0.7918276112233097,lane_2,mainline,,normal,none,commit
BASIC-05,basic_long_dt_900,656,65.60000000000055,B05_TLV_CLV,cav,not_applicable,8804.62000000009,3.5,29.99999999996251,1.5620571502950043e-11,lane_1,mainline,,normal,none,commit
BASIC-05,basic_long_dt_900,657,65.70000000000054,B05_MV,cav,not_applicable,7245.999836093168,-0.05930428928803222,4.014077512755069e-05,4.0,on_ramp,on_ramp_mv,,normal,executing,commit
BASIC-05,basic_long_dt_900,657,65.70000000000054,B05_CLV,cav,not_applicable,8814.000000000044,0.0,29.999999999978396,9.00115537660895e-12,lane_2,mainline,,normal,none,commit
BASIC-05,basic_long_dt_900,657,65.70000000000054,B05_CFV,cav,not_applicable,8771.675341673033,0.0,30.00697521480009,-0.44305013627183754,lane_2,mainline,,normal,none,commit
BASIC-05,basic_long_dt_900,657,65.70000000000054,B05_TLV_CLV,cav,not_applicable,8807.620000000086,3.5,29.99999999996401,1.4995293895481155e-11,lane_1,mainline,,normal,none,commit
BASIC-05,basic_long_dt_900,658,65.80000000000054,B05_MV,cav,not_applicable,7245.99984001129,-0.059304233685574026,3.9181227049158334e-05,4.0,on_ramp,on_ramp_mv,,normal,executing,commit
BASIC-05,basic_long_dt_900,658,65.80000000000054,B05_CLV,cav,not_applicable,8817.000000000042,0.0,29.99999999997926,8.641620752314339e-12,lane_2,mainline,,normal,none,commit
BASIC-05,basic_long_dt_900,658,65.80000000000054,B05_CFV,cav,not_applicable,8774.679686966127,0.0,30.0434529309233,0.364777161232133,lane_2,mainline,,normal,none,commit
BASIC-05,basic_long_dt_900,658,65.80000000000054,B05_TLV_CLV,cav,not_applicable,8810.620000000083,3.5,29.99999999996545,1.439559582649963e-11,lane_1,mainline,,normal,none,commit
BASIC-05,basic_long_dt_900,659,65.90000000000053,B05_MV,cav,not_applicable,7245.999843835752,-0.059304179412293934,3.8244616681657544e-05,4.0,on_ramp,on_ramp_mv,,normal,executing,commit
BASIC-05,basic_long_dt_900,659,65.90000000000053,B05_CLV,cav,not_applicable,8820.00000000004,0.0,29.99999999998009,8.29629698273493e-12,lane_2,mainline,,normal,none,commit
BASIC-05,basic_long_dt_900,659,65.90000000000053,B05_CFV,cav,not_applicable,8777.67610770872,0.0,29.964207425933203,-0.792455049900982,lane_2,mainline,,normal,none,commit
BASIC-05,basic_long_dt_900,659,65.90000000000053,B05_TLV_CLV,cav,not_applicable,8813.620000000079,3.5,29.999999999966832,1.3820056210533949e-11,lane_1,mainline,,normal,none,commit
BASIC-05,basic_long_dt_900,660,66.00000000000053,B05_MV,cav,not_applicable,7245.999847568791,-0.05930412643641603,3.7330395497555716e-05,4.0,on_ramp,on_ramp_mv,,normal,executing,commit
BASIC-05,basic_long_dt_900,660,66.00000000000053,B05_CLV,cav,not_applicable,8823.000000000038,0.0,29.999999999980886,7.963762982399203e-12,lane_2,mainline,,normal,none,commit
BASIC-05,basic_long_dt_900,660,66.00000000000053,B05_CFV,cav,not_applicable,8780.67331745545,0.0,29.97209746730494,0.07890041371737844,lane_2,mainline,,normal,none,commit
BASIC-05,basic_long_dt_900,660,66.00000000000053,B05_TLV_CLV,cav,not_applicable,8816.620000000075,3.5,29.999999999968157,1.3267253962112591e-11,lane_1,mainline,,normal,none,commit
BASIC-05,basic_long_dt_900,661,66.10000000000052,B05_MV,cav,not_applicable,7245.999851212594,-0.05930407472692689,3.643802844883094e-05,4.0,on_ramp,on_ramp_mv,,normal,executing,commit
BASIC-05,basic_long_dt_900,661,66.10000000000052,B05_CLV,cav,not_applicable,8826.000000000036,0.0,29.99999999998165,7.645439836778678e-12,lane_2,mainline,,normal,none,commit
BASIC-05,basic_long_dt_900,661,66.10000000000052,B05_CFV,cav,not_applicable,8783.678445478294,0.0,30.051280228427274,0.7918276112233097,lane_2,mainline,,normal,none,commit
BASIC-05,basic_long_dt_900,661,66.10000000000052,B05_TLV_CLV,cav,not_applicable,8819.620000000072,3.5,29.999999999969432,1.2737189081235557e-11,lane_1,mainline,,normal,none,commit
BASIC-05,basic_long_dt_900,662,66.20000000000051,B05_MV,cav,not_applicable,7245.999854769293,-0.059304024253551635,3.556699287987791e-05,4.0,on_ramp,on_ramp_mv,,normal,executing,commit
BASIC-05,basic_long_dt_900,662,66.20000000000051,B05_CLV,cav,not_applicable,8829.000000000035,0.0,29.999999999982386,7.339906460401835e-12,lane_2,mainline,,normal,none,commit
BASIC-05,basic_long_dt_900,662,66.20000000000051,B05_CFV,cav,not_applicable,8786.679142999774,0.0,30.00697521480009,-0.44305013627183754,lane_2,mainline,,normal,none,commit
BASIC-05,basic_long_dt_900,662,66.20000000000051,B05_TLV_CLV,cav,not_applicable,8822.620000000068,3.5,29.999999999970655,1.2227019396959805e-11,lane_1,mainline,,normal,none,commit
BASIC-05,basic_long_dt_900,663,66.30000000000051,B05_MV,cav,not_applicable,7245.999858240971,-0.05930397498674189,3.471677917974033e-05,4.0,on_ramp,on_ramp_mv,,normal,executing,commit
BASIC-05,basic_long_dt_900,663,66.30000000000051,B05_CLV,cav,not_applicable,8832.000000000033,0.0,29.99999999998309,7.045741767797154e-12,lane_2,mainline,,normal,none,commit
BASIC-05,basic_long_dt_900,663,66.30000000000051,B05_CFV,cav,not_applicable,8789.683488292867,0.0,30.0434529309233,0.364777161232133,lane_2,mainline,,normal,none,commit
BASIC-05,basic_long_dt_900,663,66.30000000000051,B05_TLV_CLV,cav,not_applicable,8825.620000000064,3.5,29.999999999971827,1.1738165994756855e-11,lane_1,mainline,,normal,none,commit
BASIC-05,basic_long_dt_900,664,66.4000000000005,B05_MV,cav,not_applicable,7245.99986162966,-0.05930392689765274,3.388688947764611e-05,4.0,on_ramp,on_ramp_mv,,normal,executing,commit
BASIC-05,basic_long_dt_900,664,66.4000000000005,B05_CLV,cav,not_applicable,8835.000000000031,0.0,29.999999999983764,6.764366844436154e-12,lane_2,mainline,,normal,none,commit
BASIC-05,basic_long_dt_900,664,66.4000000000005,B05_CFV,cav,not_applicable,8792.67990903546,0.0,29.964207425933203,-0.792455049900982,lane_2,mainline,,normal,none,commit
BASIC-05,basic_long_dt_900,664,66.4000000000005,B05_TLV_CLV,cav,not_applicable,8828.620000000063,3.5,29.999999999972953,1.1269207789155189e-11,lane_1,mainline,,normal,none,commit
BASIC-05,basic_long_dt_900,665,66.5000000000005,B05_MV,cav,not_applicable,7245.999864937344,-0.05930387995813202,3.307683786041809e-05,4.0,on_ramp,on_ramp_mv,,normal,executing,commit
BASIC-05,basic_long_dt_900,665,66.5000000000005,B05_CLV,cav,not_applicable,8838.00000000003,0.0,29.999999999984414,6.494360604847316e-12,lane_2,mainline,,normal,none,commit
BASIC-05,basic_long_dt_900,665,66.5000000000005,B05_CFV,cav,not_applicable,8795.67711878219,0.0,29.97209746730494,0.07890041371737844,lane_2,mainline,,normal,none,commit
BASIC-05,basic_long_dt_900,665,66.5000000000005,B05_TLV_CLV,cav,not_applicable,8831.62000000006,3.5,29.999999999974037,1.0818723694683286e-11,lane_1,mainline,,normal,none,commit
BASIC-05,basic_long_dt_900,666,66.60000000000049,B05_MV,cav,not_applicable,7245.999868165959,-0.05930383414069729,3.2286150155063244e-05,4.0,on_ramp,on_ramp_mv,,normal,executing,commit
BASIC-05,basic_long_dt_900,666,66.60000000000049,B05_CLV,cav,not_applicable,8841.000000000027,0.0,29.999999999985036,6.23430196355912e-12,lane_2,mainline,,normal,none,commit
BASIC-05,basic_long_dt_900,666,66.60000000000049,B05_CFV,cav,not_applicable,8798.682246805034,0.0,30.051280228427274,0.7918276112233097,lane_2,mainline,,normal,none,commit
BASIC-05,basic_long_dt_900,666,66.60000000000049,B05_TLV_CLV,cav,not_applicable,8834.620000000059,3.5,29.999999999975074,1.0385292625869625e-11,lane_1,mainline,,normal,none,commit
BASIC-05,basic_long_dt_900,667,66.70000000000049,B05_MV,cav,not_applicable,7245.999871317395,-0.05930378941852643,3.151436349395109e-05,4.0,on_ramp,on_ramp_mv,,normal,executing,commit
BASIC-05,basic_long_dt_900,667,66.70000000000049,B05_CLV,cav,not_applicable,8844.000000000025,0.0,29.999999999985633,5.985612006043085e-12,lane_2,mainline,,normal,none,commit
BASIC-05,basic_long_dt_900,667,66.70000000000049,B05_CFV,cav,not_applicable,8801.682944326514,0.0,30.00697521480009,-0.44305013627183754,lane_2,mainline,,normal,none,commit
BASIC-05,basic_long_dt_900,667,66.70000000000049,B05_TLV_CLV,cav,not_applicable,8837.620000000057,3.5,29.999999999976072,9.970335668185726e-12,lane_1,mainline,,normal,none,commit
BASIC-05,basic_long_dt_900,668,66.80000000000048,B05_MV,cav,not_applicable,7245.999874393498,-0.05930374576543551,3.076102609740281e-05,4.0,on_ramp,on_ramp_mv,,normal,executing,commit
BASIC-05,basic_long_dt_900,668,66.80000000000048,B05_CLV,cav,not_applicable,8847.000000000024,0.0,29.99999999998621,5.746869646827691e-12,lane_2,mainline,,normal,none,commit
BASIC-05,basic_long_dt_900,668,66.80000000000048,B05_CFV,cav,not_applicable,8804.687289619607,0.0,30.0434529309233,0.364777161232133,lane_2,mainline,,normal,none,commit
BASIC-05,basic_long_dt_900,668,66.80000000000048,B05_TLV_CLV,cav,not_applicable,8840.620000000055,3.5,29.999999999977028,9.57101065068855e-12,lane_1,mainline,,normal,none,commit
BASIC-05,basic_long_dt_900,669,66.90000000000047,B05_MV,cav,not_applicable,7245.999877396068,-0.059303703155868526,3.0025696838869662e-05,4.0,on_ramp,on_ramp_mv,,normal,executing,commit
BASIC-05,basic_long_dt_900,669,66.90000000000047,B05_CLV,cav,not_applicable,8850.000000000022,0.0,29.99999999998676,5.5166538004414185e-12,lane_2,mainline,,normal,none,commit
BASIC-05,basic_long_dt_900,669,66.90000000000047,B05_CFV,cav,not_applicable,8807.6837103622,0.0,29.964207425933203,-0.792455049900982,lane_2,mainline,,normal,none,commit
BASIC-05,basic_long_dt_900,669,66.90000000000047,B05_TLV_CLV,cav,not_applicable,8843.620000000054,3.5,29.99999999997795,9.188738658849616e-12,lane_1,mainline,,normal,none,commit
BASIC-05,basic_long_dt_900,670,67.00000000000047,B05_MV,cav,not_applicable,7245.999880326863,-0.059303661564879206,2.930794546234378e-05,4.0,on_ramp,on_ramp_mv,,normal,executing,commit
BASIC-05,basic_long_dt_900,670,67.00000000000047,B05_CLV,cav,not_applicable,8853.00000000002,0.0,29.99999999998729,5.2963855523557874e-12,lane_2,mainline,,normal,none,commit
BASIC-05,basic_long_dt_900,670,67.00000000000047,B05_CFV,cav,not_applicable,8810.68092010893,0.0,29.97209746730494,0.07890041371737844,lane_2,mainline,,normal,none,commit
BASIC-05,basic_long_dt_900,670,67.00000000000047,B05_TLV_CLV,cav,not_applicable,8846.620000000052,3.5,29.99999999997883,8.820677521725884e-12,lane_1,mainline,,normal,none,commit
BASIC-05,basic_long_dt_900,671,67.10000000000046,B05_MV,cav,not_applicable,7245.999883187598,-0.05930362096811859,2.8607351495304074e-05,4.0,on_ramp,on_ramp_mv,,normal,executing,commit
BASIC-05,basic_long_dt_900,671,67.10000000000046,B05_CLV,cav,not_applicable,8856.000000000018,0.0,29.999999999987796,5.084643817099277e-12,lane_2,mainline,,normal,none,commit
BASIC-05,basic_long_dt_900,671,67.10000000000046,B05_CFV,cav,not_applicable,8813.686048131774,0.0,30.051280228427274,0.7918276112233097,lane_2,mainline,,normal,none,commit
BASIC-05,basic_long_dt_900,671,67.10000000000046,B05_TLV_CLV,cav,not_applicable,8849.62000000005,3.5,29.999999999979675,8.468248324788874e-12,lane_1,mainline,,normal,none,commit
BASIC-05,basic_long_dt_900,672,67.20000000000046,B05_MV,cav,not_applicable,7245.999885979949,-0.059303581341819456,2.7923504900948707e-05,4.0,on_ramp,on_ramp_mv,,normal,executing,commit
BASIC-05,basic_long_dt_900,672,67.20000000000046,B05_CLV,cav,not_applicable,8859.000000000016,0.0,29.999999999988283,4.881428594671888e-12,lane_2,mainline,,normal,none,commit
BASIC-05,basic_long_dt_900,672,67.20000000000046,B05_CFV,cav,not_applicable,8816.686745653255,0.0,30.00697521480009,-0.44305013627183754,lane_2,mainline,,normal,none,commit
BASIC-05,basic_long_dt_900,672,67.20000000000046,B05_TLV_CLV,cav,not_applicable,8852.620000000048,3.5,29.99999999998049,8.130029982567067e-12,lane_1,mainline,,normal,none,commit
BASIC-05,basic_long_dt_900,673,67.30000000000045,B05_MV,cav,not_applicable,7245.999888705549,-0.05930354266278304,2.725600542596263e-05,4.0,on_ramp,on_ramp_mv,,normal,executing,commit
BASIC-05,basic_long_dt_900,673,67.30000000000045,B05_CLV,cav,not_applicable,8862.000000000015,0.0,29.999999999988752,4.686739885073621e-12,lane_2,mainline,,normal,none,commit
BASIC-05,basic_long_dt_900,673,67.30000000000045,B05_CFV,cav,not_applicable,8819.691090946348,0.0,30.0434529309233,0.364777161232133,lane_2,mainline,,normal,none,commit
BASIC-05,basic_long_dt_900,673,67.30000000000045,B05_TLV_CLV,cav,not_applicable,8855.620000000046,3.5,29.99999999998127,7.804601409588941e-12,lane_1,mainline,,normal,none,commit
BASIC-05,basic_long_dt_900,674,67.40000000000045,B05_MV,cav,not_applicable,7245.999891365996,-0.059303504908364335,2.6604462383106746e-05,4.0,on_ramp,on_ramp_mv,,normal,executing,commit
BASIC-05,basic_long_dt_900,674,67.40000000000045,B05_CLV,cav,not_applicable,8865.000000000013,0.0,29.999999999989203,4.499156602832955e-12,lane_2,mainline,,normal,none,commit
BASIC-05,basic_long_dt_900,674,67.40000000000045,B05_CFV,cav,not_applicable,8822.68751168894,0.0,29.964207425933203,-0.792455049900982,lane_2,mainline,,normal,none,commit
BASIC-05,basic_long_dt_900,674,67.40000000000045,B05_TLV_CLV,cav,not_applicable,8858.620000000044,3.5,29.99999999998202,7.491962605854497e-12,lane_1,mainline,,normal,none,commit
BASIC-05,basic_long_dt_900,675,67.50000000000044,B05_MV,cav,not_applicable,7245.999893962845,-0.05930346805646014,2.5968493998985506e-05,4.0,on_ramp,on_ramp_mv,,normal,executing,commit
BASIC-05,basic_long_dt_900,675,67.50000000000044,B05_CLV,cav,not_applicable,8868.000000000011,0.0,29.999999999989637,4.3186787479498894e-12,lane_2,mainline,,normal,none,commit
BASIC-05,basic_long_dt_900,675,67.50000000000044,B05_CFV,cav,not_applicable,8825.684721435671,0.0,29.97209746730494,0.07890041371737844,lane_2,mainline,,normal,none,commit
BASIC-05,basic_long_dt_900,675,67.50000000000044,B05_TLV_CLV,cav,not_applicable,8861.620000000043,3.5,29.999999999982737,7.1921135713637344e-12,lane_1,mainline,,normal,none,commit
BASIC-05,basic_long_dt_900,676,67.60000000000043,B05_MV,cav,not_applicable,7245.999896497618,-0.05930343208549527,2.5347728283690126e-05,4.0,on_ramp,on_ramp_mv,,normal,executing,commit
BASIC-05,basic_long_dt_900,676,67.60000000000043,B05_CLV,cav,not_applicable,8871.00000000001,0.0,29.999999999990052,4.145306320424424e-12,lane_2,mainline,,normal,none,commit
BASIC-05,basic_long_dt_900,676,67.60000000000043,B05_CFV,cav,not_applicable,8828.689849458515,0.0,30.051280228427274,0.7918276112233097,lane_2,mainline,,normal,none,commit
BASIC-05,basic_long_dt_900,676,67.60000000000043,B05_TLV_CLV,cav,not_applicable,8864.62000000004,3.5,29.999999999983427,6.905054306116654e-12,lane_1,mainline,,normal,none,commit
BASIC-05,basic_long_dt_900,677,67.70000000000043,B05_MV,cav,not_applicable,7245.999898971798,-0.05930339697441234,2.4741801726333717e-05,4.0,on_ramp,on_ramp_mv,,normal,executing,commit
BASIC-05,basic_long_dt_900,677,67.70000000000043,B05_CLV,cav,not_applicable,8874.000000000007,0.0,29.99999999999045,3.979039320256561e-12,lane_2,mainline,,normal,none,commit
BASIC-05,basic_long_dt_900,677,67.70000000000043,B05_CFV,cav,not_applicable,8831.690546979995,0.0,30.00697521480009,-0.44305013627183754,lane_2,mainline,,normal,none,commit
BASIC-05,basic_long_dt_900,677,67.70000000000043,B05_TLV_CLV,cav,not_applicable,8867.620000000039,3.5,29.99999999998409,6.629363724641735e-12,lane_1,mainline,,normal,none,commit
BASIC-05,basic_long_dt_900,678,67.80000000000042,B05_MV,cav,not_applicable,7245.999901386834,-0.05930336270265402,2.4150359512462085e-05,4.0,on_ramp,on_ramp_mv,,normal,executing,commit
BASIC-05,basic_long_dt_900,678,67.80000000000042,B05_CLV,cav,not_applicable,8877.000000000005,0.0,29.999999999990834,3.819877747446299e-12,lane_2,mainline,,normal,none,commit
BASIC-05,basic_long_dt_900,678,67.80000000000042,B05_CFV,cav,not_applicable,8834.694892273088,0.0,30.0434529309233,0.364777161232133,lane_2,mainline,,normal,none,commit
BASIC-05,basic_long_dt_900,678,67.80000000000042,B05_TLV_CLV,cav,not_applicable,8870.620000000037,3.5,29.999999999984727,6.3636207414674574e-12,lane_1,mainline,,normal,none,commit
BASIC-05,basic_long_dt_900,679,67.90000000000042,B05_MV,cav,not_applicable,7245.999903744139,-0.059303329250156356,2.357305552405374e-05,4.0,on_ramp,on_ramp_mv,,normal,executing,commit
BASIC-05,basic_long_dt_900,679,67.90000000000042,B05_CLV,cav,not_applicable,8880.000000000005,0.0,29.9999999999912,3.666400516522117e-12,lane_2,mainline,,normal,none,commit
BASIC-05,basic_long_dt_900,679,67.90000000000042,B05_CFV,cav,not_applicable,8837.69131301568,0.0,29.964207425933203,-0.792455049900982,lane_2,mainline,,normal,none,commit
BASIC-05,basic_long_dt_900,679,67.90000000000042,B05_TLV_CLV,cav,not_applicable,8873.620000000035,3.5,29.999999999985338,6.109246442065342e-12,lane_1,mainline,,normal,none,commit
BASIC-05,basic_long_dt_900,680,68.00000000000041,B05_MV,cav,not_applicable,7245.999906045095,-0.05930329659733591,2.3009551687287443e-05,4.0,on_ramp,on_ramp_mv,,normal,executing,commit
BASIC-05,basic_long_dt_900,680,68.00000000000041,B05_CLV,cav,not_applicable,8883.000000000005,0.0,29.99999999999155,3.5200287129555366e-12,lane_2,mainline,,normal,none,commit
BASIC-05,basic_long_dt_900,680,68.00000000000041,B05_CFV,cav,not_applicable,8840.688522762412,0.0,29.97209746730494,0.07890041371737844,lane_2,mainline,,normal,none,commit
BASIC-05,basic_long_dt_900,680,68.00000000000041,B05_TLV_CLV,cav,not_applicable,8876.620000000034,3.5,29.999999999985924,5.8648197409638676e-12,lane_1,mainline,,normal,none,commit
BASIC-05,basic_long_dt_900,681,68.1000000000004,B05_MV,cav,not_applicable,7245.999908291046,-0.05930326472507552,2.245951818995301e-05,4.0,on_ramp,on_ramp_mv,,normal,executing,commit
BASIC-05,basic_long_dt_900,681,68.1000000000004,B05_CLV,cav,not_applicable,8886.000000000005,0.0,29.99999999999189,3.3793412512750366e-12,lane_2,mainline,,normal,none,commit
BASIC-05,basic_long_dt_900,681,68.1000000000004,B05_CFV,cav,not_applicable,8843.693650785255,0.0,30.051280228427274,0.7918276112233097,lane_2,mainline,,normal,none,commit
BASIC-05,basic_long_dt_900,681,68.1000000000004,B05_TLV_CLV,cav,not_applicable,8879.620000000032,3.5,29.999999999986485,5.6303406381630345e-12,lane_1,mainline,,normal,none,commit
BASIC-05,basic_long_dt_900,682,68.2000000000004,B05_MV,cav,not_applicable,7245.99991048331,-0.0593032336147159,2.1922633046629702e-05,4.0,on_ramp,on_ramp_mv,,normal,executing,commit
BASIC-05,basic_long_dt_900,682,68.2000000000004,B05_CLV,cav,not_applicable,8889.000000000005,0.0,29.999999999992212,3.2443381314806176e-12,lane_2,mainline,,normal,none,commit
BASIC-05,basic_long_dt_900,682,68.2000000000004,B05_CFV,cav,not_applicable,8846.694348306735,0.0,30.00697521480009,-0.44305013627183754,lane_2,mainline,,normal,none,commit
BASIC-05,basic_long_dt_900,682,68.2000000000004,B05_TLV_CLV,cav,not_applicable,8882.62000000003,3.5,29.999999999987025,5.405809133662843e-12,lane_1,mainline,,normal,none,commit
BASIC-05,basic_long_dt_900,683,68.3000000000004,B05_MV,cav,not_applicable,7245.999912623168,-0.059303203248044056,2.139858188127538e-05,4.0,on_ramp,on_ramp_mv,,normal,executing,commit
BASIC-05,basic_long_dt_900,683,68.3000000000004,B05_CLV,cav,not_applicable,8892.000000000005,0.0,29.999999999992525,3.1150193535722795e-12,lane_2,mainline,,normal,none,commit
BASIC-05,basic_long_dt_900,683,68.3000000000004,B05_CFV,cav,not_applicable,8849.698693599828,0.0,30.0434529309233,0.364777161232133,lane_2,mainline,,normal,none,commit
BASIC-05,basic_long_dt_900,683,68.3000000000004,B05_TLV_CLV,cav,not_applicable,8885.620000000028,3.5,29.999999999987544,5.189804141991772e-12,lane_1,mainline,,normal,none,commit
BASIC-05,basic_long_dt_900,684,68.40000000000039,B05_MV,cav,not_applicable,7245.999914711873,-0.05930317360728132,2.0887057927226528e-05,4.0,on_ramp,on_ramp_mv,,normal,executing,commit
BASIC-05,basic_long_dt_900,684,68.40000000000039,B05_CLV,cav,not_applicable,8895.000000000005,0.0,29.999999999992824,2.9899638320785017e-12,lane_2,mainline,,normal,none,commit
BASIC-05,basic_long_dt_900,684,68.40000000000039,B05_CFV,cav,not_applicable,8852.695114342421,0.0,29.964207425933203,-0.792455049900982,lane_2,mainline,,normal,none,commit
BASIC-05,basic_long_dt_900,684,68.40000000000039,B05_TLV_CLV,cav,not_applicable,8888.620000000026,3.5,29.99999999998804,4.982325663149823e-12,lane_1,mainline,,normal,none,commit
BASIC-05,basic_long_dt_900,685,68.50000000000038,B05_MV,cav,not_applicable,7245.999916750649,-0.05930314467507625,2.0387761809787416e-05,4.0,on_ramp,on_ramp_mv,,normal,executing,commit
BASIC-05,basic_long_dt_900,685,68.50000000000038,B05_CLV,cav,not_applicable,8898.000000000005,0.0,29.99999999999311,2.8705926524708048e-12,lane_2,mainline,,normal,none,commit
BASIC-05,basic_long_dt_900,685,68.50000000000038,B05_CFV,cav,not_applicable,8855.692324089152,0.0,29.97209746730494,0.07890041371737844,lane_2,mainline,,normal,none,commit
BASIC-05,basic_long_dt_900,685,68.50000000000038,B05_TLV_CLV,cav,not_applicable,8891.620000000024,3.5,29.99999999998852,4.783373697136995e-12,lane_1,mainline,,normal,none,commit
BASIC-05,basic_long_dt_900,686,68.60000000000038,B05_MV,cav,not_applicable,7245.999918740689,-0.05930311643448949,1.9900401111408488e-05,4.0,on_ramp,on_ramp_mv,,normal,executing,commit
BASIC-05,basic_long_dt_900,686,68.60000000000038,B05_CLV,cav,not_applicable,8901.000000000005,0.0,29.99999999999339,2.7554847292776686e-12,lane_2,mainline,,normal,none,commit
BASIC-05,basic_long_dt_900,686,68.60000000000038,B05_CFV,cav,not_applicable,8858.697452111996,0.0,30.051280228427274,0.7918276112233097,lane_2,mainline,,normal,none,commit
BASIC-05,basic_long_dt_900,686,68.60000000000038,B05_TLV_CLV,cav,not_applicable,8894.620000000023,3.5,29.99999999998898,4.591527158481768e-12,lane_1,mainline,,normal,none,commit
BASIC-05,basic_long_dt_900,687,68.70000000000037,B05_MV,cav,not_applicable,7245.999920683158,-0.05930308886898761,1.9424690589097154e-05,4.0,on_ramp,on_ramp_mv,,normal,executing,commit
BASIC-05,basic_long_dt_900,687,68.70000000000037,B05_CLV,cav,not_applicable,8904.000000000005,0.0,29.99999999999365,2.6446400624990932e-12,lane_2,mainline,,normal,none,commit
BASIC-05,basic_long_dt_900,687,68.70000000000037,B05_CFV,cav,not_applicable,8861.698149633476,0.0,30.00697521480009,-0.44305013627183754,lane_2,mainline,,normal,none,commit
BASIC-05,basic_long_dt_900,687,68.70000000000037,B05_TLV_CLV,cav,not_applicable,8897.62000000002,3.5,29.99999999998942,4.408207132655662e-12,lane_1,mainline,,normal,none,commit
BASIC-05,basic_long_dt_900,688,68.80000000000037,B05_MV,cav,not_applicable,7245.9999225791935,-0.05930306196243329,1.8960351739596174e-05,4.0,on_ramp,on_ramp_mv,,normal,executing,commit
BASIC-05,basic_long_dt_900,688,68.80000000000037,B05_CLV,cav,not_applicable,8907.000000000005,0.0,29.999999999993904,2.5394797376065983e-12,lane_2,mainline,,normal,none,commit
BASIC-05,basic_long_dt_900,688,68.80000000000037,B05_CFV,cav,not_applicable,8864.702494926569,0.0,30.0434529309233,0.364777161232133,lane_2,mainline,,normal,none,commit
BASIC-05,basic_long_dt_900,688,68.80000000000037,B05_TLV_CLV,cav,not_applicable,8900.620000000019,3.5,29.999999999989843,4.231992534187157e-12,lane_1,mainline,,normal,none,commit
BASIC-05,basic_long_dt_900,689,68.90000000000036,B05_MV,cav,not_applicable,7245.999924429905,-0.059303035699075135,1.8507112581972832e-05,4.0,on_ramp,on_ramp_mv,,normal,executing,commit
BASIC-05,basic_long_dt_900,689,68.90000000000036,B05_CLV,cav,not_applicable,8910.000000000005,0.0,29.99999999999415,2.438582669128664e-12,lane_2,mainline,,normal,none,commit
BASIC-05,basic_long_dt_900,689,68.90000000000036,B05_CFV,cav,not_applicable,8867.698915669162,0.0,29.964207425933203,-0.792455049900982,lane_2,mainline,,normal,none,commit
BASIC-05,basic_long_dt_900,689,68.90000000000036,B05_TLV_CLV,cav,not_applicable,8903.620000000017,3.5,29.999999999990248,4.062883363076253e-12,lane_1,mainline,,normal,none,commit
BASIC-05,basic_long_dt_900,690,69.00000000000036,B05_MV,cav,not_applicable,7245.999926236376,-0.059303010063536554,1.806470787502975e-05,4.0,on_ramp,on_ramp_mv,,normal,executing,commit
BASIC-05,basic_long_dt_900,690,69.00000000000036,B05_CLV,cav,not_applicable,8913.000000000005,0.0,29.999999999994383,2.3405277715937703e-12,lane_2,mainline,,normal,none,commit
BASIC-05,basic_long_dt_900,690,69.00000000000036,B05_CFV,cav,not_applicable,8870.696125415892,0.0,29.97209746730494,0.07890041371737844,lane_2,mainline,,normal,none,commit
BASIC-05,basic_long_dt_900,690,69.00000000000036,B05_TLV_CLV,cav,not_applicable,8906.620000000015,3.5,29.99999999999064,3.90087961932295e-12,lane_1,mainline,,normal,none,commit
BASIC-05,basic_long_dt_900,691,69.10000000000035,B05_MV,cav,not_applicable,7245.999927999665,-0.05930298504081044,1.7632878682483263e-05,4.0,on_ramp,on_ramp_mv,,normal,executing,commit
BASIC-05,basic_long_dt_900,691,69.10000000000035,B05_CLV,cav,not_applicable,8916.000000000005,0.0,29.999999999994607,2.246736130473437e-12,lane_2,mainline,,normal,none,commit
BASIC-05,basic_long_dt_900,691,69.10000000000035,B05_CFV,cav,not_applicable,8873.701253438736,0.0,30.051280228427274,0.7918276112233097,lane_2,mainline,,normal,none,commit
BASIC-05,basic_long_dt_900,691,69.10000000000035,B05_TLV_CLV,cav,not_applicable,8909.620000000015,3.5,29.99999999999101,3.744560217455728e-12,lane_1,mainline,,normal,none,commit
BASIC-05,basic_long_dt_900,692,69.20000000000034,B05_MV,cav,not_applicable,7245.999929720801,-0.05930296061624585,1.72113721555526e-05,4.0,on_ramp,on_ramp_mv,,normal,executing,commit
BASIC-05,basic_long_dt_900,692,69.20000000000034,B05_CLV,cav,not_applicable,8919.000000000005,0.0,29.999999999994824,2.1572077457676643e-12,lane_2,mainline,,normal,none,commit
BASIC-05,basic_long_dt_900,692,69.20000000000034,B05_CFV,cav,not_applicable,8876.701950960216,0.0,30.00697521480009,-0.44305013627183754,lane_2,mainline,,normal,none,commit
BASIC-05,basic_long_dt_900,692,69.20000000000034,B05_TLV_CLV,cav,not_applicable,8912.620000000015,3.5,29.99999999999137,3.595346242946107e-12,lane_1,mainline,,normal,none,commit
BASIC-05,basic_long_dt_900,693,69.30000000000034,B05_MV,cav,not_applicable,7245.9999314007955,-0.05930293677554577,1.679994175037069e-05,4.0,on_ramp,on_ramp_mv,,normal,executing,commit
BASIC-05,basic_long_dt_900,693,69.30000000000034,B05_CLV,cav,not_applicable,8922.000000000005,0.0,29.99999999999503,2.070521532004932e-12,lane_2,mainline,,normal,none,commit
BASIC-05,basic_long_dt_900,693,69.30000000000034,B05_CFV,cav,not_applicable,8879.70629625331,0.0,30.0434529309233,0.364777161232133,lane_2,mainline,,normal,none,commit
BASIC-05,basic_long_dt_900,693,69.30000000000034,B05_TLV_CLV,cav,not_applicable,8915.620000000015,3.5,29.999999999991715,3.4518166103225668e-12,lane_1,mainline,,normal,none,commit
BASIC-05,basic_long_dt_900,694,69.40000000000033,B05_MV,cav,not_applicable,7245.99993304063,-0.059302913504751587,1.6398346358340908e-05,4.0,on_ramp,on_ramp_mv,,normal,executing,commit
BASIC-05,basic_long_dt_900,694,69.40000000000033,B05_CLV,cav,not_applicable,8925.000000000005,0.0,29.99999999999523,1.9880985746567604e-12,lane_2,mainline,,normal,none,commit
BASIC-05,basic_long_dt_900,694,69.40000000000033,B05_CFV,cav,not_applicable,8882.702716995902,0.0,29.964207425933203,-0.792455049900982,lane_2,mainline,,normal,none,commit
BASIC-05,basic_long_dt_900,694,69.40000000000033,B05_TLV_CLV,cav,not_applicable,8918.620000000015,3.5,29.999999999992045,3.3139713195851075e-12,lane_1,mainline,,normal,none,commit
BASIC-05,basic_long_dt_900,695,69.50000000000033,B05_MV,cav,not_applicable,7245.999934641265,-0.05930289079023998,1.6006350958369512e-05,4.0,on_ramp,on_ramp_mv,,normal,executing,commit
BASIC-05,basic_long_dt_900,695,69.50000000000033,B05_CLV,cav,not_applicable,8928.000000000005,0.0,29.99999999999542,1.9085177882516293e-12,lane_2,mainline,,normal,none,commit
BASIC-05,basic_long_dt_900,695,69.50000000000033,B05_CFV,cav,not_applicable,8885.699926742633,0.0,29.97209746730494,0.07890041371737844,lane_2,mainline,,normal,none,commit
BASIC-05,basic_long_dt_900,695,69.50000000000033,B05_TLV_CLV,cav,not_applicable,8921.620000000015,3.5,29.999999999992365,3.1818103707337287e-12,lane_1,mainline,,normal,none,commit
BASIC-05,basic_long_dt_900,696,69.60000000000032,B05_MV,cav,not_applicable,7245.999936203638,-0.05930286861871359,1.5623725964633202e-05,4.0,on_ramp,on_ramp_mv,,normal,executing,commit
BASIC-05,basic_long_dt_900,696,69.60000000000032,B05_CLV,cav,not_applicable,8931.000000000005,0.0,29.999999999995605,1.8317791727895384e-12,lane_2,mainline,,normal,none,commit
BASIC-05,basic_long_dt_900,696,69.60000000000032,B05_CFV,cav,not_applicable,8888.705054765476,0.0,30.051280228427274,0.7918276112233097,lane_2,mainline,,normal,none,commit
BASIC-05,basic_long_dt_900,696,69.60000000000032,B05_TLV_CLV,cav,not_applicable,8924.620000000015,3.5,29.99999999999267,3.0539126782969107e-12,lane_1,mainline,,normal,none,commit
BASIC-05,basic_long_dt_900,697,69.70000000000032,B05_MV,cav,not_applicable,7245.999937728662,-0.05930284697719168,1.5250247443989933e-05,4.0,on_ramp,on_ramp_mv,,normal,executing,commit
BASIC-05,basic_long_dt_900,697,69.70000000000032,B05_CLV,cav,not_applicable,8934.000000000005,0.0,29.99999999999578,1.757882728270488e-12,lane_2,mainline,,normal,none,commit
BASIC-05,basic_long_dt_900,697,69.70000000000032,B05_CFV,cav,not_applicable,8891.705752286956,0.0,30.00697521480009,-0.44305013627183754,lane_2,mainline,,normal,none,commit
BASIC-05,basic_long_dt_900,697,69.70000000000032,B05_TLV_CLV,cav,not_applicable,8927.620000000015,3.5,29.999999999992966,2.9316993277461735e-12,lane_1,mainline,,normal,none,commit
BASIC-05,basic_long_dt_900,698,69.80000000000031,B05_MV,cav,not_applicable,7245.999939217232,-0.05930282585300439,1.48856968985681e-05,4.0,on_ramp,on_ramp_mv,,normal,executing,commit
BASIC-05,basic_long_dt_900,698,69.80000000000031,B05_CLV,cav,not_applicable,8937.000000000005,0.0,29.99999999999595,1.6882495401659982e-12,lane_2,mainline,,normal,none,commit
BASIC-05,basic_long_dt_900,698,69.80000000000031,B05_CFV,cav,not_applicable,8894.71009758005,0.0,30.0434529309233,0.364777161232133,lane_2,mainline,,normal,none,commit
BASIC-05,basic_long_dt_900,698,69.80000000000031,B05_TLV_CLV,cav,not_applicable,8930.620000000015,3.5,29.999999999993246,2.8137492336099967e-12,lane_1,mainline,,normal,none,commit
BASIC-05,basic_long_dt_900,699,69.9000000000003,B05_MV,cav,not_applicable,7245.999940670218,-0.05930280523378606,1.452986061353408e-05,4.0,on_ramp,on_ramp_mv,,normal,executing,commit
BASIC-05,basic_long_dt_900,699,69.9000000000003,B05_CLV,cav,not_applicable,8940.000000000005,0.0,29.999999999996113,1.6200374375330284e-12,lane_2,mainline,,normal,none,commit
BASIC-05,basic_long_dt_900,699,69.9000000000003,B05_CFV,cav,not_applicable,8897.706518322642,0.0,29.964207425933203,-0.792455049900982,lane_2,mainline,,normal,none,commit
BASIC-05,basic_long_dt_900,699,69.9000000000003,B05_TLV_CLV,cav,not_applicable,8933.620000000015,3.5,29.999999999993516,2.7014834813599012e-12,lane_1,mainline,,normal,none,commit
BASIC-05,basic_long_dt_900,700,70.0000000000003,B05_MV,cav,not_applicable,7245.9999420884715,-0.05930278510746456,1.4182530526735506e-05,4.0,on_ramp,on_ramp_mv,,normal,executing,commit
BASIC-05,basic_long_dt_900,700,70.0000000000003,B05_CLV,cav,not_applicable,8943.000000000005,0.0,29.99999999999627,1.5546675058430993e-12,lane_2,mainline,,normal,none,commit
BASIC-05,basic_long_dt_900,700,70.0000000000003,B05_CFV,cav,not_applicable,8900.703728069373,0.0,29.97209746730494,0.07890041371737844,lane_2,mainline,,normal,none,commit
BASIC-05,basic_long_dt_900,700,70.0000000000003,B05_TLV_CLV,cav,not_applicable,8936.620000000015,3.5,29.999999999993776,2.5934809855243657e-12,lane_1,mainline,,normal,none,commit
BASIC-05,basic_long_dt_900,701,70.10000000000029,B05_MV,cav,not_applicable,7245.9999434728215,-0.05930276546225732,1.3843503141647182e-05,4.0,on_ramp,on_ramp_mv,,normal,executing,commit
BASIC-05,basic_long_dt_900,701,70.10000000000029,B05_CLV,cav,not_applicable,8946.000000000005,0.0,29.99999999999642,1.4921397450962104e-12,lane_2,mainline,,normal,none,commit
BASIC-05,basic_long_dt_900,701,70.10000000000029,B05_CFV,cav,not_applicable,8903.708856092217,0.0,30.051280228427274,0.7918276112233097,lane_2,mainline,,normal,none,commit
BASIC-05,basic_long_dt_900,701,70.10000000000029,B05_TLV_CLV,cav,not_applicable,8939.620000000015,3.5,29.999999999994024,2.4897417461033913e-12,lane_1,mainline,,normal,none,commit
BASIC-05,basic_long_dt_900,702,70.20000000000029,B05_MV,cav,not_applicable,7245.99994482408,-0.05930274628666332,1.3512580179603528e-05,4.0,on_ramp,on_ramp_mv,,normal,executing,commit
BASIC-05,basic_long_dt_900,702,70.20000000000029,B05_CLV,cav,not_applicable,8949.000000000005,0.0,29.99999999999656,1.4324541552923621e-12,lane_2,mainline,,normal,none,commit
BASIC-05,basic_long_dt_900,702,70.20000000000029,B05_CFV,cav,not_applicable,8906.709553613697,0.0,30.00697521480009,-0.44305013627183754,lane_2,mainline,,normal,none,commit
BASIC-05,basic_long_dt_900,702,70.20000000000029,B05_TLV_CLV,cav,not_applicable,8942.620000000015,3.5,29.999999999994262,2.3902657630969773e-12,lane_1,mainline,,normal,none,commit
BASIC-05,basic_long_dt_900,703,70.30000000000028,B05_MV,cav,not_applicable,7245.999946143036,-0.059302727569457314,1.3189567710155318e-05,4.0,on_ramp,on_ramp_mv,,normal,executing,commit
BASIC-05,basic_long_dt_900,703,70.30000000000028,B05_CLV,cav,not_applicable,8952.000000000005,0.0,29.9999999999967,1.3756107364315541e-12,lane_2,mainline,,normal,none,commit
BASIC-05,basic_long_dt_900,703,70.30000000000028,B05_CFV,cav,not_applicable,8909.71389890679,0.0,30.0434529309233,0.364777161232133,lane_2,mainline,,normal,none,commit
BASIC-05,basic_long_dt_900,703,70.30000000000028,B05_TLV_CLV,cav,not_applicable,8945.620000000015,3.5,29.999999999994493,2.2950530365051236e-12,lane_1,mainline,,normal,none,commit
BASIC-05,basic_long_dt_900,704,70.40000000000028,B05_MV,cav,not_applicable,7245.999947430464,-0.05930270929968007,1.2874276803302128e-05,4.0,on_ramp,on_ramp_mv,,normal,executing,commit
BASIC-05,basic_long_dt_900,704,70.40000000000028,B05_CLV,cav,not_applicable,8955.000000000005,0.0,29.99999999999683,1.3201884030422662e-12,lane_2,mainline,,normal,none,commit
BASIC-05,basic_long_dt_900,704,70.40000000000028,B05_CFV,cav,not_applicable,8912.710319649383,0.0,29.964207425933203,-0.792455049900982,lane_2,mainline,,normal,none,commit
BASIC-05,basic_long_dt_900,704,70.40000000000028,B05_TLV_CLV,cav,not_applicable,8948.620000000015,3.5,29.999999999994714,2.2026824808563106e-12,lane_1,mainline,,normal,none,commit
BASIC-05,basic_long_dt_900,705,70.50000000000027,B05_MV,cav,not_applicable,7245.999948687117,-0.05930269146663658,1.2566522659849065e-05,4.0,on_ramp,on_ramp_mv,,normal,executing,commit
BASIC-05,basic_long_dt_900,705,70.50000000000027,B05_CLV,cav,not_applicable,8958.000000000005,0.0,29.99999999999696,1.2676082405960188e-12,lane_2,mainline,,normal,none,commit
BASIC-05,basic_long_dt_900,705,70.50000000000027,B05_CFV,cav,not_applicable,8915.707529396113,0.0,29.97209746730494,0.07890041371737844,lane_2,mainline,,normal,none,commit
BASIC-05,basic_long_dt_900,705,70.50000000000027,B05_TLV_CLV,cav,not_applicable,8951.620000000015,3.5,29.999999999994927,2.1145751816220583e-12,lane_1,mainline,,normal,none,commit
BASIC-05,basic_long_dt_900,706,70.60000000000026,B05_MV,cav,not_applicable,7245.999949913729,-0.05930267405988765,1.2266125263639224e-05,4.0,on_ramp,on_ramp_mv,,normal,executing,commit
BASIC-05,basic_long_dt_900,706,70.60000000000026,B05_CLV,cav,not_applicable,8961.000000000005,0.0,29.99999999999708,1.2164491636212916e-12,lane_2,mainline,,normal,none,commit
BASIC-05,basic_long_dt_900,706,70.60000000000026,B05_CFV,cav,not_applicable,8918.712657418957,0.0,30.051280228427274,0.7918276112233097,lane_2,mainline,,normal,none,commit
BASIC-05,basic_long_dt_900,706,70.60000000000026,B05_TLV_CLV,cav,not_applicable,8954.620000000015,3.5,29.99999999999513,2.0293100533308463e-12,lane_1,mainline,,normal,none,commit
BASIC-05,basic_long_dt_900,707,70.70000000000026,B05_MV,cav,not_applicable,7245.99995111102,-0.05930265706924143,1.1972908729321233e-05,4.0,on_ramp,on_ramp_mv,,normal,executing,commit
BASIC-05,basic_long_dt_900,707,70.70000000000026,B05_CLV,cav,not_applicable,8964.000000000005,0.0,29.999999999997197,1.1681322575896047e-12,lane_2,mainline,,normal,none,commit
BASIC-05,basic_long_dt_900,707,70.70000000000026,B05_CFV,cav,not_applicable,8921.713354940437,0.0,30.00697521480009,-0.44305013627183754,lane_2,mainline,,normal,none,commit
BASIC-05,basic_long_dt_900,707,70.70000000000026,B05_TLV_CLV,cav,not_applicable,8957.620000000015,3.5,29.999999999995325,1.9483081814541946e-12,lane_1,mainline,,normal,none,commit
BASIC-05,basic_long_dt_900,708,70.80000000000025,B05_MV,cav,not_applicable,7245.99995227969,-0.05930264048475209,1.1686701519760068e-05,4.0,on_ramp,on_ramp_mv,,normal,executing,commit
BASIC-05,basic_long_dt_900,708,70.80000000000025,B05_CLV,cav,not_applicable,8967.000000000005,0.0,29.99999999999731,1.1212364370294382e-12,lane_2,mainline,,normal,none,commit
BASIC-05,basic_long_dt_900,708,70.80000000000025,B05_CFV,cav,not_applicable,8924.71770023353,0.0,30.0434529309233,0.364777161232133,lane_2,mainline,,normal,none,commit
BASIC-05,basic_long_dt_900,708,70.80000000000025,B05_TLV_CLV,cav,not_applicable,8960.620000000015,3.5,29.999999999995513,1.8701484805205836e-12,lane_1,mainline,,normal,none,commit
BASIC-05,basic_long_dt_900,709,70.90000000000025,B05_MV,cav,not_applicable,7245.9999534204235,-0.05930262429671007,1.140733601121542e-05,4.0,on_ramp,on_ramp_mv,,normal,executing,commit
BASIC-05,basic_long_dt_900,709,70.90000000000025,B05_CLV,cav,not_applicable,8970.000000000005,0.0,29.999999999997417,1.0757617019407917e-12,lane_2,mainline,,normal,none,commit
BASIC-05,basic_long_dt_900,709,70.90000000000025,B05_CFV,cav,not_applicable,8927.714120976123,0.0,29.964207425933203,-0.792455049900982,lane_2,mainline,,normal,none,commit
BASIC-05,basic_long_dt_900,709,70.90000000000025,B05_TLV_CLV,cav,not_applicable,8963.620000000015,3.5,29.999999999995694,1.7948309505300132e-12,lane_1,mainline,,normal,none,commit
BASIC-05,basic_long_dt_900,710,71.00000000000024,B05_MV,cav,not_applicable,7245.999954533889,-0.05930260849563762,1.1134648493341697e-05,4.0,on_ramp,on_ramp_mv,,normal,executing,commit
BASIC-05,basic_long_dt_900,710,71.00000000000024,B05_CLV,cav,not_applicable,8973.000000000005,0.0,29.99999999999752,1.0331291377951857e-12,lane_2,mainline,,normal,none,commit
BASIC-05,basic_long_dt_900,710,71.00000000000024,B05_CFV,cav,not_applicable,8930.711330722854,0.0,29.97209746730494,0.07890041371737844,lane_2,mainline,,normal,none,commit
BASIC-05,basic_long_dt_900,710,71.00000000000024,B05_TLV_CLV,cav,not_applicable,8966.620000000015,3.5,29.999999999995865,1.7223555914824829e-12,lane_1,mainline,,normal,none,commit
BASIC-05,basic_long_dt_900,711,71.10000000000024,B05_MV,cav,not_applicable,7245.999955620737,-0.059302593072286136,1.0868479386598843e-05,4.0,on_ramp,on_ramp_mv,,normal,executing,commit
BASIC-05,basic_long_dt_900,711,71.10000000000024,B05_CLV,cav,not_applicable,8976.000000000005,0.0,29.99999999999762,9.919176591210998e-13,lane_2,mainline,,normal,none,commit
BASIC-05,basic_long_dt_900,711,71.10000000000024,B05_CFV,cav,not_applicable,8933.716458745697,0.0,30.051280228427274,0.7918276112233097,lane_2,mainline,,normal,none,commit
BASIC-05,basic_long_dt_900,711,71.10000000000024,B05_TLV_CLV,cav,not_applicable,8969.620000000015,3.5,29.99999999999603,1.6541434888495133e-12,lane_1,mainline,,normal,none,commit
BASIC-05,basic_long_dt_900,712,71.20000000000023,B05_MV,cav,not_applicable,7245.999956681604,-0.05930257801762462,1.0608673024841511e-05,4.0,on_ramp,on_ramp_mv,,normal,executing,commit
BASIC-05,basic_long_dt_900,712,71.20000000000023,B05_CLV,cav,not_applicable,8979.000000000005,0.0,29.999999999997716,9.521272659185342e-13,lane_2,mainline,,normal,none,commit
BASIC-05,basic_long_dt_900,712,71.20000000000023,B05_CFV,cav,not_applicable,8936.717156267177,0.0,30.00697521480009,-0.44305013627183754,lane_2,mainline,,normal,none,commit
BASIC-05,basic_long_dt_900,712,71.20000000000023,B05_TLV_CLV,cav,not_applicable,8972.620000000015,3.5,29.99999999999619,1.5873524716880639e-12,lane_1,mainline,,normal,none,commit
BASIC-05,basic_long_dt_900,713,71.30000000000022,B05_MV,cav,not_applicable,7245.999957717112,-0.05930256332284012,1.0355077220497439e-05,4.0,on_ramp,on_ramp_mv,,normal,executing,commit
BASIC-05,basic_long_dt_900,713,71.30000000000022,B05_CLV,cav,not_applicable,8982.000000000005,0.0,29.999999999997808,9.137579581874888e-13,lane_2,mainline,,normal,none,commit
BASIC-05,basic_long_dt_900,713,71.30000000000022,B05_CFV,cav,not_applicable,8939.72150156027,0.0,30.0434529309233,0.364777161232133,lane_2,mainline,,normal,none,commit
BASIC-05,basic_long_dt_900,713,71.30000000000022,B05_TLV_CLV,cav,not_applicable,8975.620000000015,3.5,29.999999999996344,1.5234036254696548e-12,lane_1,mainline,,normal,none,commit
BASIC-05,basic_long_dt_900,714,71.40000000000022,B05_MV,cav,not_applicable,7245.999958727866,-0.05930254897933018,1.0107543481978261e-05,4.0,on_ramp,on_ramp_mv,,normal,executing,commit
BASIC-05,basic_long_dt_900,714,71.40000000000022,B05_CLV,cav,not_applicable,8985.000000000005,0.0,29.999999999997897,8.768097359279637e-13,lane_2,mainline,,normal,none,commit
BASIC-05,basic_long_dt_900,714,71.40000000000022,B05_CFV,cav,not_applicable,8942.717922302863,0.0,29.964207425933203,-0.792455049900982,lane_2,mainline,,normal,none,commit
BASIC-05,basic_long_dt_900,714,71.40000000000022,B05_TLV_CLV,cav,not_applicable,8978.620000000015,3.5,29.99999999999649,1.4622969501942863e-12,lane_1,mainline,,normal,none,commit
BASIC-05,basic_long_dt_900,715,71.50000000000021,B05_MV,cav,not_applicable,7245.999959714459,-0.05930253497869753,9.86592701367951e-06,4.0,on_ramp,on_ramp_mv,,normal,executing,commit
BASIC-05,basic_long_dt_900,715,71.50000000000021,B05_CLV,cav,not_applicable,8988.000000000005,0.0,29.999999999997982,8.412825991399587e-13,lane_2,mainline,,normal,none,commit
BASIC-05,basic_long_dt_900,715,71.50000000000021,B05_CFV,cav,not_applicable,8945.715132049594,0.0,29.97209746730494,0.07890041371737844,lane_2,mainline,,normal,none,commit
BASIC-05,basic_long_dt_900,715,71.50000000000021,B05_TLV_CLV,cav,not_applicable,8981.620000000015,3.5,29.999999999996632,1.4040324458619581e-12,lane_1,mainline,,normal,none,commit
BASIC-05,basic_long_dt_900,716,71.60000000000021,B05_MV,cav,not_applicable,7245.999960677467,-0.05930252131274516,9.630086281158978e-06,4.0,on_ramp,on_ramp_mv,,normal,executing,commit
BASIC-05,basic_long_dt_900,716,71.60000000000021,B05_CLV,cav,not_applicable,8991.000000000005,0.0,29.999999999998064,8.071765478234739e-13,lane_2,mainline,,normal,none,commit
BASIC-05,basic_long_dt_900,716,71.60000000000021,B05_CFV,cav,not_applicable,8948.720260072438,0.0,30.051280228427274,0.7918276112233097,lane_2,mainline,,normal,none,commit
BASIC-05,basic_long_dt_900,716,71.60000000000021,B05_TLV_CLV,cav,not_applicable,8984.620000000015,3.5,29.999999999996767,1.3471890270011501e-12,lane_1,mainline,,normal,none,commit
BASIC-05,basic_long_dt_900,717,71.7000000000002,B05_MV,cav,not_applicable,7245.9999616174555,-0.05930250797347325,9.399883228547541e-06,4.0,on_ramp,on_ramp_mv,,normal,executing,commit
BASIC-05,basic_long_dt_900,717,71.7000000000002,B05_CLV,cav,not_applicable,8994.000000000005,0.0,29.999999999998142,7.744915819785092e-13,lane_2,mainline,,normal,none,commit
BASIC-05,basic_long_dt_900,717,71.7000000000002,B05_CFV,cav,not_applicable,8951.720957593918,0.0,30.00697521480009,-0.44305013627183754,lane_2,mainline,,normal,none,commit
BASIC-05,basic_long_dt_900,717,71.7000000000002,B05_TLV_CLV,cav,not_applicable,8987.620000000015,3.5,29.999999999996895,1.2931877790833823e-12,lane_1,mainline,,normal,none,commit
BASIC-05,basic_long_dt_900,718,71.8000000000002,B05_MV,cav,not_applicable,7245.999962534974,-0.05930249495307205,9.17518306113834e-06,4.0,on_ramp,on_ramp_mv,,normal,executing,commit
BASIC-05,basic_long_dt_900,718,71.8000000000002,B05_CLV,cav,not_applicable,8997.000000000005,0.0,29.999999999998217,7.432277016050649e-13,lane_2,mainline,,normal,none,commit
BASIC-05,basic_long_dt_900,718,71.8000000000002,B05_CFV,cav,not_applicable,8954.725302887011,0.0,30.0434529309233,0.364777161232133,lane_2,mainline,,normal,none,commit
BASIC-05,basic_long_dt_900,718,71.8000000000002,B05_TLV_CLV,cav,not_applicable,8990.620000000015,3.5,29.99999999999702,1.2420287021086552e-12,lane_1,mainline,,normal,none,commit
BASIC-05,basic_long_dt_900,719,71.90000000000019,B05_MV,cav,not_applicable,7245.99996343056,-0.05930248224391965,8.955854245386772e-06,4.0,on_ramp,on_ramp_mv,,normal,executing,commit
BASIC-05,basic_long_dt_900,719,71.90000000000019,B05_CLV,cav,not_applicable,9000.000000000005,0.0,29.999999999998288,7.133849067031406e-13,lane_2,mainline,,normal,none,commit
BASIC-05,basic_long_dt_900,719,71.90000000000019,B05_CFV,cav,not_applicable,8957.721723629604,0.0,29.964207425933203,-0.792455049900982,lane_2,mainline,,normal,none,commit
BASIC-05,basic_long_dt_900,719,71.90000000000019,B05_TLV_CLV,cav,not_applicable,8993.620000000015,3.5,29.99999999999714,1.1922907106054482e-12,lane_1,mainline,,normal,none,commit
BASIC-05,basic_long_dt_900,720,72.00000000000018,B05_MV,cav,not_applicable,7245.999964304737,-0.0593024698385749,8.741768291499684e-06,4.0,on_ramp,on_ramp_mv,,normal,executing,commit
BASIC-05,basic_long_dt_900,720,72.00000000000018,B05_CLV,cav,not_applicable,9003.000000000005,0.0,29.999999999998355,6.849631972727366e-13,lane_2,mainline,,normal,none,commit
BASIC-05,basic_long_dt_900,720,72.00000000000018,B05_CFV,cav,not_applicable,8960.718933376334,0.0,29.97209746730494,0.07890041371737844,lane_2,mainline,,normal,none,commit
BASIC-05,basic_long_dt_900,720,72.00000000000018,B05_TLV_CLV,cav,not_applicable,8996.620000000015,3.5,29.999999999997254,1.1439738045737613e-12,lane_1,mainline,,normal,none,commit
BASIC-05,basic_long_dt_900,721,72.10000000000018,B05_MV,cav,not_applicable,7245.9999651580165,-0.05930245772977649,8.532799970846187e-06,4.0,on_ramp,on_ramp_mv,,normal,executing,commit
BASIC-05,basic_long_dt_900,721,72.10000000000018,B05_CLV,cav,not_applicable,9006.000000000005,0.0,29.999999999998423,6.579625733138528e-13,lane_2,mainline,,normal,none,commit
BASIC-05,basic_long_dt_900,721,72.10000000000018,B05_CFV,cav,not_applicable,8963.724061399178,0.0,30.051280228427274,0.7918276112233097,lane_2,mainline,,normal,none,commit
BASIC-05,basic_long_dt_900,721,72.10000000000018,B05_TLV_CLV,cav,not_applicable,8999.620000000015,3.5,29.999999999997364,1.098499069485115e-12,lane_1,mainline,,normal,none,commit
BASIC-05,basic_long_dt_900,722,72.20000000000017,B05_MV,cav,not_applicable,7245.999965990899,-0.05930244591043454,8.328827098546833e-06,4.0,on_ramp,on_ramp_mv,,normal,executing,commit
BASIC-05,basic_long_dt_900,722,72.20000000000017,B05_CLV,cav,not_applicable,9009.000000000005,0.0,29.999999999998487,6.30961949354969e-13,lane_2,mainline,,normal,none,commit
BASIC-05,basic_long_dt_900,722,72.20000000000017,B05_CFV,cav,not_applicable,8966.724758920658,0.0,30.00697521480009,-0.44305013627183754,lane_2,mainline,,normal,none,commit
BASIC-05,basic_long_dt_900,722,72.20000000000017,B05_TLV_CLV,cav,not_applicable,9002.620000000015,3.5,29.99999999999747,1.0544454198679887e-12,lane_1,mainline,,normal,none,commit
BASIC-05,basic_long_dt_900,723,72.30000000000017,B05_MV,cav,not_applicable,7245.999966803872,-0.05930243437363014,8.129730098651987e-06,4.0,on_ramp,on_ramp_mv,,normal,executing,commit
BASIC-05,basic_long_dt_900,723,72.30000000000017,B05_CLV,cav,not_applicable,9012.000000000005,0.0,29.999999999998547,6.053824108676054e-13,lane_2,mainline,,normal,none,commit
BASIC-05,basic_long_dt_900,723,72.30000000000017,B05_CFV,cav,not_applicable,8969.729104213751,0.0,30.0434529309233,0.364777161232133,lane_2,mainline,,normal,none,commit
BASIC-05,basic_long_dt_900,723,72.30000000000017,B05_TLV_CLV,cav,not_applicable,9005.620000000015,3.5,29.99999999999757,1.0118128557223827e-12,lane_1,mainline,,normal,none,commit
BASIC-05,basic_long_dt_900,724,72.40000000000016,B05_MV,cav,not_applicable,7245.999967597411,-0.05930242311260869,7.93539243896346e-06,4.0,on_ramp,on_ramp_mv,,normal,executing,commit
BASIC-05,basic_long_dt_900,724,72.40000000000016,B05_CLV,cav,not_applicable,9015.000000000005,0.0,29.999999999998604,5.81223957851762e-13,lane_2,mainline,,normal,none,commit
BASIC-05,basic_long_dt_900,724,72.40000000000016,B05_CFV,cav,not_applicable,8972.725524956344,0.0,29.964207425933203,-0.792455049900982,lane_2,mainline,,normal,none,commit
BASIC-05,basic_long_dt_900,724,72.40000000000016,B05_TLV_CLV,cav,not_applicable,9008.620000000015,3.5,29.999999999997666,9.720224625198171e-13,lane_1,mainline,,normal,none,commit
BASIC-05,basic_long_dt_900,725,72.50000000000016,B05_MV,cav,not_applicable,7245.999968371982,-0.059302412120779024,7.745700196212868e-06,4.0,on_ramp,on_ramp_mv,,normal,executing,commit
BASIC-05,basic_long_dt_900,725,72.50000000000016,B05_CLV,cav,not_applicable,9018.000000000005,0.0,29.99999999999866,5.584865903074388e-13,lane_2,mainline,,normal,none,commit
BASIC-05,basic_long_dt_900,725,72.50000000000016,B05_CFV,cav,not_applicable,8975.722734703075,0.0,29.97209746730494,0.07890041371737844,lane_2,mainline,,normal,none,commit
BASIC-05,basic_long_dt_900,725,72.50000000000016,B05_TLV_CLV,cav,not_applicable,9011.620000000015,3.5,29.99999999999776,9.336531547887717e-13,lane_1,mainline,,normal,none,commit
BASIC-05,basic_long_dt_900,726,72.60000000000015,B05_MV,cav,not_applicable,7245.999969128035,-0.05930240139170451,7.560542490883278e-06,4.0,on_ramp,on_ramp_mv,,normal,executing,commit
BASIC-05,basic_long_dt_900,726,72.60000000000015,B05_CLV,cav,not_applicable,9021.000000000005,0.0,29.999999999998714,5.357492227631156e-13,lane_2,mainline,,normal,none,commit
BASIC-05,basic_long_dt_900,726,72.60000000000015,B05_CFV,cav,not_applicable,8978.727862725918,0.0,30.051280228427274,0.7918276112233097,lane_2,mainline,,normal,none,commit
BASIC-05,basic_long_dt_900,726,72.60000000000015,B05_TLV_CLV,cav,not_applicable,9014.620000000015,3.5,29.999999999997847,8.967049325292465e-13,lane_1,mainline,,normal,none,commit
BASIC-05,basic_long_dt_900,727,72.70000000000014,B05_MV,cav,not_applicable,7245.999969866017,-0.059302390919105274,7.379811052387567e-06,4.0,on_ramp,on_ramp_mv,,normal,executing,commit
BASIC-05,basic_long_dt_900,727,72.70000000000014,B05_CLV,cav,not_applicable,9024.000000000005,0.0,29.999999999998764,5.144329406903126e-13,lane_2,mainline,,normal,none,commit
BASIC-05,basic_long_dt_900,727,72.70000000000014,B05_CFV,cav,not_applicable,8981.728560247398,0.0,30.00697521480009,-0.44305013627183754,lane_2,mainline,,normal,none,commit
BASIC-05,basic_long_dt_900,727,72.70000000000014,B05_TLV_CLV,cav,not_applicable,9017.620000000015,3.5,29.999999999997932,8.611777957412414e-13,lane_1,mainline,,normal,none,commit
BASIC-05,basic_long_dt_900,728,72.80000000000014,B05_MV,cav,not_applicable,7245.9999705863565,-0.05930238069684979,7.2033997842467835e-06,4.0,on_ramp,on_ramp_mv,,normal,executing,commit
BASIC-05,basic_long_dt_900,728,72.80000000000014,B05_CLV,cav,not_applicable,9027.000000000005,0.0,29.999999999998813,4.945377440890298e-13,lane_2,mainline,,normal,none,commit
BASIC-05,basic_long_dt_900,728,72.80000000000014,B05_CFV,cav,not_applicable,8984.732905540492,0.0,30.0434529309233,0.364777161232133,lane_2,mainline,,normal,none,commit
BASIC-05,basic_long_dt_900,728,72.80000000000014,B05_TLV_CLV,cav,not_applicable,9020.620000000015,3.5,29.999999999998014,8.270717444247567e-13,lane_1,mainline,,normal,none,commit
BASIC-05,basic_long_dt_900,729,72.90000000000013,B05_MV,cav,not_applicable,7245.999971289477,-0.059302370718953945,7.031205633733425e-06,4.0,on_ramp,on_ramp_mv,,normal,executing,commit
BASIC-05,basic_long_dt_900,729,72.90000000000013,B05_CLV,cav,not_applicable,9030.000000000005,0.0,29.99999999999886,4.746425474877469e-13,lane_2,mainline,,normal,none,commit
BASIC-05,basic_long_dt_900,729,72.90000000000013,B05_CFV,cav,not_applicable,8987.729326283084,0.0,29.964207425933203,-0.792455049900982,lane_2,mainline,,normal,none,commit
BASIC-05,basic_long_dt_900,729,72.90000000000013,B05_TLV_CLV,cav,not_applicable,9023.620000000015,3.5,29.999999999998092,7.943867785797921e-13,lane_1,mainline,,normal,none,commit
BASIC-05,basic_long_dt_900,730,73.00000000000013,B05_MV,cav,not_applicable,7245.99997197579,-0.059302360979576196,6.86312772222816e-06,4.0,on_ramp,on_ramp_mv,,normal,executing,commit
BASIC-05,basic_long_dt_900,730,73.00000000000013,B05_CLV,cav,not_applicable,9033.000000000005,0.0,29.999999999998906,4.561684363579843e-13,lane_2,mainline,,normal,none,commit
BASIC-05,basic_long_dt_900,730,73.00000000000013,B05_CFV,cav,not_applicable,8990.726536029815,0.0,29.97209746730494,0.07890041371737844,lane_2,mainline,,normal,none,commit
BASIC-05,basic_long_dt_900,730,73.00000000000013,B05_TLV_CLV,cav,not_applicable,9026.620000000015,3.5,29.999999999998167,7.631228982063476e-13,lane_1,mainline,,normal,none,commit
BASIC-05,basic_long_dt_900,731,73.10000000000012,B05_MV,cav,not_applicable,7245.999972645696,-0.05930235147301488,6.699067562630655e-06,4.0,on_ramp,on_ramp_mv,,normal,executing,commit
BASIC-05,basic_long_dt_900,731,73.10000000000012,B05_CLV,cav,not_applicable,9036.000000000005,0.0,29.99999999999895,4.376943252282217e-13,lane_2,mainline,,normal,none,commit
BASIC-05,basic_long_dt_900,731,73.10000000000012,B05_CFV,cav,not_applicable,8993.731664052659,0.0,30.051280228427274,0.7918276112233097,lane_2,mainline,,normal,none,commit
BASIC-05,basic_long_dt_900,731,73.10000000000012,B05_TLV_CLV,cav,not_applicable,9029.620000000015,3.5,29.99999999999824,7.332801033044234e-13,lane_1,mainline,,normal,none,commit
BASIC-05,basic_long_dt_900,732,73.20000000000012,B05_MV,cav,not_applicable,7245.999973299589,-0.05930234219370423,6.5389292767703825e-06,4.0,on_ramp,on_ramp_mv,,normal,executing,commit
BASIC-05,basic_long_dt_900,732,73.20000000000012,B05_CLV,cav,not_applicable,9039.000000000005,0.0,29.99999999999899,4.2064129956997933e-13,lane_2,mainline,,normal,none,commit
BASIC-05,basic_long_dt_900,732,73.20000000000012,B05_CFV,cav,not_applicable,8996.732361574139,0.0,30.00697521480009,-0.44305013627183754,lane_2,mainline,,normal,none,commit
BASIC-05,basic_long_dt_900,732,73.20000000000012,B05_TLV_CLV,cav,not_applicable,9032.620000000015,3.5,29.999999999998312,7.034373084024992e-13,lane_1,mainline,,normal,none,commit
BASIC-05,basic_long_dt_900,733,73.30000000000011,B05_MV,cav,not_applicable,7245.999973937851,-0.05930233313621214,6.382618943174174e-06,4.0,on_ramp,on_ramp_mv,,normal,executing,commit
BASIC-05,basic_long_dt_900,733,73.30000000000011,B05_CLV,cav,not_applicable,9042.000000000005,0.0,29.99999999999903,4.0358827391173694e-13,lane_2,mainline,,normal,none,commit
BASIC-05,basic_long_dt_900,733,73.30000000000011,B05_CFV,cav,not_applicable,8999.736706867232,0.0,30.0434529309233,0.364777161232133,lane_2,mainline,,normal,none,commit
BASIC-05,basic_long_dt_900,733,73.30000000000011,B05_TLV_CLV,cav,not_applicable,9035.620000000015,3.5,29.99999999999838,6.750155989720952e-13,lane_1,mainline,,normal,none,commit
BASIC-05,basic_long_dt_900,734,73.4000000000001,B05_MV,cav,not_applicable,7245.999974560856,-0.05930232429523663,6.230045249298671e-06,4.0,on_ramp,on_ramp_mv,,normal,executing,commit
BASIC-05,basic_long_dt_900,734,73.4000000000001,B05_CLV,cav,not_applicable,9045.000000000005,0.0,29.99999999999907,3.879563337250147e-13,lane_2,mainline,,normal,none,commit
BASIC-05,basic_long_dt_900,734,73.4000000000001,B05_CFV,cav,not_applicable,9002.733127609825,0.0,29.964207425933203,-0.792455049900982,lane_2,mainline,,normal,none,commit
BASIC-05,basic_long_dt_900,734,73.4000000000001,B05_TLV_CLV,cav,not_applicable,9038.620000000015,3.5,29.999999999998444,6.480149750132114e-13,lane_1,mainline,,normal,none,commit
BASIC-05,basic_long_dt_900,735,73.5000000000001,B05_MV,cav,not_applicable,7245.9999751689675,-0.05930231566560096,6.081118621887058e-06,4.0,on_ramp,on_ramp_mv,,normal,executing,commit
BASIC-05,basic_long_dt_900,735,73.5000000000001,B05_CLV,cav,not_applicable,9048.000000000005,0.0,29.999999999999105,3.7232439353829254e-13,lane_2,mainline,,normal,none,commit
BASIC-05,basic_long_dt_900,735,73.5000000000001,B05_CFV,cav,not_applicable,9005.730337356556,0.0,29.97209746730494,0.07890041371737844,lane_2,mainline,,normal,none,commit
BASIC-05,basic_long_dt_900,735,73.5000000000001,B05_TLV_CLV,cav,not_applicable,9041.620000000015,3.5,29.999999999998508,6.224354365258478e-13,lane_1,mainline,,normal,none,commit
BASIC-05,basic_long_dt_900,736,73.6000000000001,B05_MV,cav,not_applicable,7245.999975762543,-0.059302307242253605,5.935752096612323e-06,4.0,on_ramp,on_ramp_mv,,normal,executing,commit
BASIC-05,basic_long_dt_900,736,73.6000000000001,B05_CLV,cav,not_applicable,9051.000000000005,0.0,29.99999999999914,3.5811353882309053e-13,lane_2,mainline,,normal,none,commit
BASIC-05,basic_long_dt_900,736,73.6000000000001,B05_CFV,cav,not_applicable,9008.7354653794,0.0,30.051280228427274,0.7918276112233097,lane_2,mainline,,normal,none,commit
BASIC-05,basic_long_dt_900,736,73.6000000000001,B05_TLV_CLV,cav,not_applicable,9044.620000000015,3.5,29.99999999999857,5.968558980384842e-13,lane_1,mainline,,normal,none,commit
BASIC-05,basic_long_dt_900,737,73.70000000000009,B05_MV,cav,not_applicable,7245.999976341929,-0.05930229902026385,5.793860448434002e-06,4.0,on_ramp,on_ramp_mv,,normal,executing,commit
BASIC-05,basic_long_dt_900,737,73.70000000000009,B05_CLV,cav,not_applicable,9054.000000000005,0.0,29.999999999999176,3.4390268410788853e-13,lane_2,mainline,,normal,none,commit
BASIC-05,basic_long_dt_900,737,73.70000000000009,B05_CFV,cav,not_applicable,9011.73616290088,0.0,30.00697521480009,-0.44305013627183754,lane_2,mainline,,normal,none,commit
BASIC-05,basic_long_dt_900,737,73.70000000000009,B05_TLV_CLV,cav,not_applicable,9047.620000000015,3.5,29.999999999998625,5.726974450226408e-13,lane_1,mainline,,normal,none,commit
BASIC-05,basic_long_dt_900,738,73.80000000000008,B05_MV,cav,not_applicable,7245.999976907465,-0.05930229099481732,5.655360626419802e-06,4.0,on_ramp,on_ramp_mv,,normal,executing,commit
BASIC-05,basic_long_dt_900,738,73.80000000000008,B05_CLV,cav,not_applicable,9057.000000000005,0.0,29.999999999999208,3.2969182939268653e-13,lane_2,mainline,,normal,none,commit
BASIC-05,basic_long_dt_900,738,73.80000000000008,B05_CFV,cav,not_applicable,9014.740508193972,0.0,30.0434529309233,0.364777161232133,lane_2,mainline,,normal,none,commit
BASIC-05,basic_long_dt_900,738,73.80000000000008,B05_TLV_CLV,cav,not_applicable,9050.620000000015,3.5,29.99999999999868,5.499600774783176e-13,lane_1,mainline,,normal,none,commit
BASIC-05,basic_long_dt_900,739,73.90000000000008,B05_MV,cav,not_applicable,7245.999977459482,-0.05930228316121644,5.520171753745604e-06,4.0,on_ramp,on_ramp_mv,,normal,executing,commit
BASIC-05,basic_long_dt_900,739,73.90000000000008,B05_CLV,cav,not_applicable,9060.000000000005,0.0,29.99999999999924,3.169020601490047e-13,lane_2,mainline,,normal,none,commit
BASIC-05,basic_long_dt_900,739,73.90000000000008,B05_CFV,cav,not_applicable,9017.736928936565,0.0,29.964207425933203,-0.792455049900982,lane_2,mainline,,normal,none,commit
BASIC-05,basic_long_dt_900,739,73.90000000000008,B05_TLV_CLV,cav,not_applicable,9053.620000000015,3.5,29.99999999999873,5.286437954055146e-13,lane_1,mainline,,normal,none,commit
BASIC-05,basic_long_dt_900,740,74.00000000000007,B05_MV,cav,not_applicable,7245.999977998303,-0.0593022755148751,5.388214475463015e-06,4.0,on_ramp,on_ramp_mv,,normal,executing,commit
BASIC-05,basic_long_dt_900,740,74.00000000000007,B05_CLV,cav,not_applicable,9063.000000000005,0.0,29.99999999999927,3.041122909053229e-13,lane_2,mainline,,normal,none,commit
BASIC-05,basic_long_dt_900,740,74.00000000000007,B05_CFV,cav,not_applicable,9020.734138683296,0.0,29.97209746730494,0.07890041371737844,lane_2,mainline,,normal,none,commit
BASIC-05,basic_long_dt_900,740,74.00000000000007,B05_TLV_CLV,cav,not_applicable,9056.620000000015,3.5,29.99999999999878,5.073275133327116e-13,lane_1,mainline,,normal,none,commit
BASIC-05,basic_long_dt_900,741,74.10000000000007,B05_MV,cav,not_applicable,7245.9999785242435,-0.05930226805131644,5.259411610731815e-06,4.0,on_ramp,on_ramp_mv,,normal,executing,commit
BASIC-05,basic_long_dt_900,741,74.10000000000007,B05_CLV,cav,not_applicable,9066.000000000005,0.0,29.9999999999993,2.913225216616411e-13,lane_2,mainline,,normal,none,commit
BASIC-05,basic_long_dt_900,741,74.10000000000007,B05_CFV,cav,not_applicable,9023.73926670614,0.0,30.051280228427274,0.7918276112233097,lane_2,mainline,,normal,none,commit
BASIC-05,basic_long_dt_900,741,74.10000000000007,B05_TLV_CLV,cav,not_applicable,9059.620000000015,3.5,29.99999999999883,4.874323167314288e-13,lane_1,mainline,,normal,none,commit
BASIC-05,basic_long_dt_900,742,74.20000000000006,B05_MV,cav,not_applicable,7245.999979037612,-0.05930226076617151,5.133687717998325e-06,4.0,on_ramp,on_ramp_mv,,normal,executing,commit
BASIC-05,basic_long_dt_900,742,74.20000000000006,B05_CLV,cav,not_applicable,9069.000000000005,0.0,29.99999999999933,2.799538378894795e-13,lane_2,mainline,,normal,none,commit
BASIC-05,basic_long_dt_900,742,74.20000000000006,B05_CFV,cav,not_applicable,9026.73996422762,0.0,30.00697521480009,-0.44305013627183754,lane_2,mainline,,normal,none,commit
BASIC-05,basic_long_dt_900,742,74.20000000000006,B05_TLV_CLV,cav,not_applicable,9062.620000000015,3.5,29.999999999998877,4.675371201301459e-13,lane_1,mainline,,normal,none,commit
BASIC-05,basic_long_dt_900,743,74.30000000000005,B05_MV,cav,not_applicable,7245.999979538709,-0.059302253655174386,5.010969094995405e-06,4.0,on_ramp,on_ramp_mv,,normal,executing,commit
BASIC-05,basic_long_dt_900,743,74.30000000000005,B05_CLV,cav,not_applicable,9072.000000000005,0.0,29.999999999999357,2.685851541173179e-13,lane_2,mainline,,normal,none,commit
BASIC-05,basic_long_dt_900,743,74.30000000000005,B05_CFV,cav,not_applicable,9029.744309520713,0.0,30.0434529309233,0.364777161232133,lane_2,mainline,,normal,none,commit
BASIC-05,basic_long_dt_900,743,74.30000000000005,B05_TLV_CLV,cav,not_applicable,9065.620000000015,3.5,29.999999999998924,4.4906300900038334e-13,lane_1,mainline,,normal,none,commit
BASIC-05,basic_long_dt_900,744,74.40000000000005,B05_MV,cav,not_applicable,7245.999980027827,-0.05930224671416351,4.8911839961532755e-06,4.0,on_ramp,on_ramp_mv,,normal,executing,commit
BASIC-05,basic_long_dt_900,744,74.40000000000005,B05_CLV,cav,not_applicable,9075.000000000005,0.0,29.999999999999382,2.572164703451563e-13,lane_2,mainline,,normal,none,commit
BASIC-05,basic_long_dt_900,744,74.40000000000005,B05_CFV,cav,not_applicable,9032.740730263306,0.0,29.964207425933203,-0.792455049900982,lane_2,mainline,,normal,none,commit
BASIC-05,basic_long_dt_900,744,74.40000000000005,B05_TLV_CLV,cav,not_applicable,9068.620000000015,3.5,29.999999999998966,4.305888978706207e-13,lane_1,mainline,,normal,none,commit
BASIC-05,basic_long_dt_900,745,74.50000000000004,B05_MV,cav,not_applicable,7245.999980505254,-0.05930223993907546,4.7742624151886934e-06,4.0,on_ramp,on_ramp_mv,,normal,executing,commit
BASIC-05,basic_long_dt_900,745,74.50000000000004,B05_CLV,cav,not_applicable,9078.000000000005,0.0,29.999999999999407,2.472688720445149e-13,lane_2,mainline,,normal,none,commit
BASIC-05,basic_long_dt_900,745,74.50000000000004,B05_CFV,cav,not_applicable,9035.737940010036,0.0,29.97209746730494,0.07890041371737844,lane_2,mainline,,normal,none,commit
BASIC-05,basic_long_dt_900,745,74.50000000000004,B05_TLV_CLV,cav,not_applicable,9071.620000000015,3.5,29.99999999999901,4.1353587221237833e-13,lane_1,mainline,,normal,none,commit
BASIC-05,basic_long_dt_900,746,74.60000000000004,B05_MV,cav,not_applicable,7245.999980971267,-0.059302233325942755,4.660135650283324e-06,4.0,on_ramp,on_ramp_mv,,normal,executing,commit
BASIC-05,basic_long_dt_900,746,74.60000000000004,B05_CLV,cav,not_applicable,9081.000000000005,0.0,29.99999999999943,2.3732127374387345e-13,lane_2,mainline,,normal,none,commit
BASIC-05,basic_long_dt_900,746,74.60000000000004,B05_CFV,cav,not_applicable,9038.74306803288,0.0,30.051280228427274,0.7918276112233097,lane_2,mainline,,normal,none,commit
BASIC-05,basic_long_dt_900,746,74.60000000000004,B05_TLV_CLV,cav,not_applicable,9074.620000000015,3.5,29.999999999999048,3.9648284655413593e-13,lane_1,mainline,,normal,none,commit
BASIC-05,basic_long_dt_900,747,74.70000000000003,B05_MV,cav,not_applicable,7245.999981426141,-0.05930222687089426,4.548737173727005e-06,4.0,on_ramp,on_ramp_mv,,normal,executing,commit
BASIC-05,basic_long_dt_900,747,74.70000000000003,B05_CLV,cav,not_applicable,9084.000000000005,0.0,29.999999999999453,2.2737367544323206e-13,lane_2,mainline,,normal,none,commit
BASIC-05,basic_long_dt_900,747,74.70000000000003,B05_CFV,cav,not_applicable,9041.74376555436,0.0,30.00697521480009,-0.44305013627183754,lane_2,mainline,,normal,none,commit
BASIC-05,basic_long_dt_900,747,74.70000000000003,B05_TLV_CLV,cav,not_applicable,9077.620000000015,3.5,29.999999999999087,3.808509063674137e-13,lane_1,mainline,,normal,none,commit
BASIC-05,basic_long_dt_900,748,74.80000000000003,B05_MV,cav,not_applicable,7245.999981870141,-0.059302220570151665,4.440001544863665e-06,4.0,on_ramp,on_ramp_mv,,normal,executing,commit
BASIC-05,basic_long_dt_900,748,74.80000000000003,B05_CLV,cav,not_applicable,9087.000000000005,0.0,29.999999999999474,2.1884716261411086e-13,lane_2,mainline,,normal,none,commit
BASIC-05,basic_long_dt_900,748,74.80000000000003,B05_CFV,cav,not_applicable,9044.748110847453,0.0,30.0434529309233,0.364777161232133,lane_2,mainline,,normal,none,commit
BASIC-05,basic_long_dt_900,748,74.80000000000003,B05_TLV_CLV,cav,not_applicable,9080.620000000015,3.5,29.999999999999122,3.6521896618069154e-13,lane_1,mainline,,normal,none,commit
BASIC-05,basic_long_dt_900,749,74.90000000000002,B05_MV,cav,not_applicable,7245.999982303528,-0.05930221442002548,4.333865279734586e-06,4.0,on_ramp,on_ramp_mv,,normal,executing,commit
BASIC-05,basic_long_dt_900,749,74.90000000000002,B05_CLV,cav,not_applicable,9090.000000000005,0.0,29.999999999999496,2.1032064978498967e-13,lane_2,mainline,,normal,none,commit
BASIC-05,basic_long_dt_900,749,74.90000000000002,B05_CFV,cav,not_applicable,9047.744531590046,0.0,29.964207425933203,-0.792455049900982,lane_2,mainline,,normal,none,commit
BASIC-05,basic_long_dt_900,749,74.90000000000002,B05_TLV_CLV,cav,not_applicable,9083.620000000015,3.5,29.999999999999158,3.5100811146548953e-13,lane_1,mainline,,normal,none,commit
BASIC-05,basic_long_dt_900,750,75.00000000000001,B05_MV,cav,not_applicable,7245.999982726555,-0.059302208416915914,4.230265981435141e-06,4.0,on_ramp,on_ramp_mv,,normal,executing,commit
BASIC-05,basic_long_dt_900,750,75.00000000000001,B05_CLV,cav,not_applicable,9093.000000000005,0.0,29.999999999999517,2.0179413695586847e-13,lane_2,mainline,,normal,none,commit
BASIC-05,basic_long_dt_900,750,75.00000000000001,B05_CFV,cav,not_applicable,9050.741741336777,0.0,29.97209746730494,0.07890041371737844,lane_2,mainline,,normal,none,commit
BASIC-05,basic_long_dt_900,750,75.00000000000001,B05_TLV_CLV,cav,not_applicable,9086.620000000015,3.5,29.99999999999919,3.3679725675028753e-13,lane_1,mainline,,normal,none,commit
BASIC-05,basic_long_dt_900,751,75.10000000000001,B05_MV,cav,not_applicable,7245.999983139469,-0.05930220255730889,4.12914320975806e-06,4.0,on_ramp,on_ramp_mv,,normal,executing,commit
BASIC-05,basic_long_dt_900,751,75.10000000000001,B05_CLV,cav,not_applicable,9096.000000000005,0.0,29.999999999999535,1.9326762412674727e-13,lane_2,mainline,,normal,none,commit
BASIC-05,basic_long_dt_900,751,75.10000000000001,B05_CFV,cav,not_applicable,9053.74686935962,0.0,30.051280228427274,0.7918276112233097,lane_2,mainline,,normal,none,commit
BASIC-05,basic_long_dt_900,751,75.10000000000001,B05_TLV_CLV,cav,not_applicable,9089.620000000015,3.5,29.999999999999222,3.240074875066057e-13,lane_1,mainline,,normal,none,commit
BASIC-05,basic_long_dt_900,752,75.2,B05_MV,cav,not_applicable,7245.999983542512,-0.05930219683777338,4.0304378289609775e-06,4.0,on_ramp,on_ramp_mv,,normal,executing,commit
BASIC-05,basic_long_dt_900,752,75.2,B05_CLV,cav,not_applicable,9099.000000000005,0.0,29.999999999999552,1.8616219676914627e-13,lane_2,mainline,,normal,none,commit
BASIC-05,basic_long_dt_900,752,75.2,B05_CFV,cav,not_applicable,9056.7475668811,0.0,30.00697521480009,-0.44305013627183754,lane_2,mainline,,normal,none,commit
BASIC-05,basic_long_dt_900,752,75.2,B05_TLV_CLV,cav,not_applicable,9092.620000000015,3.5,29.999999999999254,3.112177182629239e-13,lane_1,mainline,,normal,none,commit
BASIC-05,basic_long_dt_900,753,75.3,B05_MV,cav,not_applicable,7245.999983935922,-0.0593021912549605,3.934092007766433e-06,4.0,on_ramp,on_ramp_mv,,normal,executing,commit
BASIC-05,basic_long_dt_900,753,75.3,B05_CLV,cav,not_applicable,9102.000000000005,0.0,29.99999999999957,1.7905676941154527e-13,lane_2,mainline,,normal,none,commit
BASIC-05,basic_long_dt_900,753,75.3,B05_CFV,cav,not_applicable,9059.751912174193,0.0,30.0434529309233,0.364777161232133,lane_2,mainline,,normal,none,commit
BASIC-05,basic_long_dt_900,753,75.3,B05_TLV_CLV,cav,not_applicable,9095.620000000015,3.5,29.999999999999282,2.984279490192421e-13,lane_1,mainline,,normal,none,commit
BASIC-05,basic_long_dt_900,754,75.39999999999999,B05_MV,cav,not_applicable,7245.999984319927,-0.059302185805603536,3.8400492193618715e-06,4.0,on_ramp,on_ramp_mv,,normal,executing,commit
BASIC-05,basic_long_dt_900,754,75.39999999999999,B05_CLV,cav,not_applicable,9105.000000000005,0.0,29.999999999999588,1.7195134205394427e-13,lane_2,mainline,,normal,none,commit
BASIC-05,basic_long_dt_900,754,75.39999999999999,B05_CFV,cav,not_applicable,9062.748332916786,0.0,29.964207425933203,-0.792455049900982,lane_2,mainline,,normal,none,commit
BASIC-05,basic_long_dt_900,754,75.39999999999999,B05_TLV_CLV,cav,not_applicable,9098.620000000015,3.5,29.99999999999931,2.870592652470805e-13,lane_1,mainline,,normal,none,commit
BASIC-05,basic_long_dt_900,755,75.49999999999999,B05_MV,cav,not_applicable,7245.999984694752,-0.059302180486510814,3.7482544588104605e-06,4.0,on_ramp,on_ramp_mv,,normal,executing,commit
BASIC-05,basic_long_dt_900,755,75.49999999999999,B05_CLV,cav,not_applicable,9108.000000000005,0.0,29.999999999999606,1.6484591469634326e-13,lane_2,mainline,,normal,none,commit
BASIC-05,basic_long_dt_900,755,75.49999999999999,B05_CFV,cav,not_applicable,9065.745542663517,0.0,29.97209746730494,0.07890041371737844,lane_2,mainline,,normal,none,commit
BASIC-05,basic_long_dt_900,755,75.49999999999999,B05_TLV_CLV,cav,not_applicable,9101.620000000015,3.5,29.99999999999934,2.756905814749189e-13,lane_1,mainline,,normal,none,commit
BASIC-05,basic_long_dt_900,756,75.59999999999998,B05_MV,cav,not_applicable,7245.999985060617,-0.05930217529456927,3.6586540256402733e-06,4.0,on_ramp,on_ramp_mv,,normal,executing,commit
BASIC-05,basic_long_dt_900,756,75.59999999999998,B05_CLV,cav,not_applicable,9111.000000000005,0.0,29.99999999999962,1.5774048733874226e-13,lane_2,mainline,,normal,none,commit
BASIC-05,basic_long_dt_900,756,75.59999999999998,B05_CFV,cav,not_applicable,9068.75067068636,0.0,30.051280228427274,0.7918276112233097,lane_2,mainline,,normal,none,commit
BASIC-05,basic_long_dt_900,756,75.59999999999998,B05_TLV_CLV,cav,not_applicable,9104.620000000015,3.5,29.999999999999364,2.643218977027573e-13,lane_1,mainline,,normal,none,commit
BASIC-05,basic_long_dt_900,757,75.69999999999997,B05_MV,cav,not_applicable,7245.999985417737,-0.05930217022673823,3.571195523844287e-06,4.0,on_ramp,on_ramp_mv,,normal,executing,commit
BASIC-05,basic_long_dt_900,757,75.69999999999997,B05_CLV,cav,not_applicable,9114.000000000005,0.0,29.999999999999634,1.5205614545266145e-13,lane_2,mainline,,normal,none,commit
BASIC-05,basic_long_dt_900,757,75.69999999999997,B05_CFV,cav,not_applicable,9071.75136820784,0.0,30.00697521480009,-0.44305013627183754,lane_2,mainline,,normal,none,commit
BASIC-05,basic_long_dt_900,757,75.69999999999997,B05_TLV_CLV,cav,not_applicable,9107.620000000015,3.5,29.99999999999939,2.543742994021159e-13,lane_1,mainline,,normal,none,commit
BASIC-05,basic_long_dt_900,758,75.79999999999997,B05_MV,cav,not_applicable,7245.99998576632,-0.0593021652800525,3.4858276444695676e-06,4.0,on_ramp,on_ramp_mv,,normal,executing,commit
BASIC-05,basic_long_dt_900,758,75.79999999999997,B05_CLV,cav,not_applicable,9117.000000000005,0.0,29.99999999999965,1.4637180356658065e-13,lane_2,mainline,,normal,none,commit
BASIC-05,basic_long_dt_900,758,75.79999999999997,B05_CFV,cav,not_applicable,9074.755713500934,0.0,30.0434529309233,0.364777161232133,lane_2,mainline,,normal,none,commit
BASIC-05,basic_long_dt_900,758,75.79999999999997,B05_TLV_CLV,cav,not_applicable,9110.620000000015,3.5,29.999999999999414,2.4442670110147445e-13,lane_1,mainline,,normal,none,commit
BASIC-05,basic_long_dt_900,759,75.89999999999996,B05_MV,cav,not_applicable,7245.99998610657,-0.05930216045161574,3.4025003830280853e-06,4.0,on_ramp,on_ramp_mv,,normal,executing,commit
BASIC-05,basic_long_dt_900,759,75.89999999999996,B05_CLV,cav,not_applicable,9120.000000000005,0.0,29.999999999999662,1.4068746168049984e-13,lane_2,mainline,,normal,none,commit
BASIC-05,basic_long_dt_900,759,75.89999999999996,B05_CFV,cav,not_applicable,9077.752134243527,0.0,29.964207425933203,-0.792455049900982,lane_2,mainline,,normal,none,commit
BASIC-05,basic_long_dt_900,759,75.89999999999996,B05_TLV_CLV,cav,not_applicable,9113.620000000015,3.5,29.99999999999944,2.3447910280083306e-13,lane_1,mainline,,normal,none,commit
BASIC-05,basic_long_dt_900,760,75.99999999999996,B05_MV,cav,not_applicable,7245.999986438686,-0.05930215573859998,3.3211650394967158e-06,4.0,on_ramp,on_ramp_mv,,normal,executing,commit
BASIC-05,basic_long_dt_900,760,75.99999999999996,B05_CLV,cav,not_applicable,9123.000000000005,0.0,29.999999999999677,1.3500311979441904e-13,lane_2,mainline,,normal,none,commit
BASIC-05,basic_long_dt_900,760,75.99999999999996,B05_CFV,cav,not_applicable,9080.749343990257,0.0,29.97209746730494,0.07890041371737844,lane_2,mainline,,normal,none,commit
BASIC-05,basic_long_dt_900,760,75.99999999999996,B05_TLV_CLV,cav,not_applicable,9116.620000000015,3.5,29.99999999999946,2.2453150450019167e-13,lane_1,mainline,,normal,none,commit
BASIC-05,basic_long_dt_900,761,76.09999999999995,B05_MV,cav,not_applicable,7245.999986762864,-0.05930215113824788,3.2417740009064224e-06,4.0,on_ramp,on_ramp_mv,,normal,executing,commit
BASIC-05,basic_long_dt_900,761,76.09999999999995,B05_CLV,cav,not_applicable,9126.000000000005,0.0,29.99999999999969,1.2931877790833823e-13,lane_2,mainline,,normal,none,commit
BASIC-05,basic_long_dt_900,761,76.09999999999995,B05_CFV,cav,not_applicable,9083.7544720131,0.0,30.051280228427274,0.7918276112233097,lane_2,mainline,,normal,none,commit
BASIC-05,basic_long_dt_900,761,76.09999999999995,B05_TLV_CLV,cav,not_applicable,9119.620000000015,3.5,29.99999999999948,2.1600499167107047e-13,lane_1,mainline,,normal,none,commit
BASIC-05,basic_long_dt_900,762,76.19999999999995,B05_MV,cav,not_applicable,7245.999987079292,-0.05930214664786515,3.164280741342256e-06,4.0,on_ramp,on_ramp_mv,,normal,executing,commit
BASIC-05,basic_long_dt_900,762,76.19999999999995,B05_CLV,cav,not_applicable,9129.000000000005,0.0,29.9999999999997,1.2363443602225745e-13,lane_2,mainline,,normal,none,commit
BASIC-05,basic_long_dt_900,762,76.19999999999995,B05_CFV,cav,not_applicable,9086.755169534581,0.0,30.00697521480009,-0.44305013627183754,lane_2,mainline,,normal,none,commit
BASIC-05,basic_long_dt_900,762,76.19999999999995,B05_TLV_CLV,cav,not_applicable,9122.620000000015,3.5,29.999999999999503,2.0747847884194927e-13,lane_1,mainline,,normal,none,commit
BASIC-05,basic_long_dt_900,763,76.29999999999994,B05_MV,cav,not_applicable,7245.999987388156,-0.05930214226482278,3.088640039354173e-06,4.0,on_ramp,on_ramp_mv,,normal,executing,commit
BASIC-05,basic_long_dt_900,763,76.29999999999994,B05_CLV,cav,not_applicable,9132.000000000005,0.0,29.999999999999712,1.1937117960769684e-13,lane_2,mainline,,normal,none,commit
BASIC-05,basic_long_dt_900,763,76.29999999999994,B05_CFV,cav,not_applicable,9089.759514827674,0.0,30.0434529309233,0.364777161232133,lane_2,mainline,,normal,none,commit
BASIC-05,basic_long_dt_900,763,76.29999999999994,B05_TLV_CLV,cav,not_applicable,9125.620000000015,3.5,29.999999999999524,1.9895196601282805e-13,lane_1,mainline,,normal,none,commit
BASIC-05,basic_long_dt_900,764,76.39999999999993,B05_MV,cav,not_applicable,7245.999987689637,-0.05930213798655615,3.0148073257245805e-06,4.0,on_ramp,on_ramp_mv,,normal,executing,commit
BASIC-05,basic_long_dt_900,764,76.39999999999993,B05_CLV,cav,not_applicable,9135.000000000005,0.0,29.999999999999723,1.1510792319313623e-13,lane_2,mainline,,normal,none,commit
BASIC-05,basic_long_dt_900,764,76.39999999999993,B05_CFV,cav,not_applicable,9092.755935570267,0.0,29.964207425933203,-0.792455049900982,lane_2,mainline,,normal,none,commit
BASIC-05,basic_long_dt_900,764,76.39999999999993,B05_TLV_CLV,cav,not_applicable,9128.620000000015,3.5,29.99999999999954,1.9042545318370685e-13,lane_1,mainline,,normal,none,commit
BASIC-05,basic_long_dt_900,765,76.49999999999993,B05_MV,cav,not_applicable,7245.9999879839115,-0.05930213381055971,2.942739553111611e-06,4.0,on_ramp,on_ramp_mv,,normal,executing,commit
BASIC-05,basic_long_dt_900,765,76.49999999999993,B05_CLV,cav,not_applicable,9138.000000000005,0.0,29.999999999999734,1.1084466677857564e-13,lane_2,mainline,,normal,none,commit
BASIC-05,basic_long_dt_900,765,76.49999999999993,B05_CFV,cav,not_applicable,9095.753145316998,0.0,29.97209746730494,0.07890041371737844,lane_2,mainline,,normal,none,commit
BASIC-05,basic_long_dt_900,765,76.49999999999993,B05_TLV_CLV,cav,not_applicable,9131.620000000015,3.5,29.99999999999956,1.8332002582610585e-13,lane_1,mainline,,normal,none,commit
BASIC-05,basic_long_dt_900,766,76.59999999999992,B05_MV,cav,not_applicable,7245.999988271151,-0.05930212973438831,2.8723945438166656e-06,4.0,on_ramp,on_ramp_mv,,normal,executing,commit
BASIC-05,basic_long_dt_900,766,76.59999999999992,B05_CLV,cav,not_applicable,9141.000000000005,0.0,29.999999999999744,1.0658141036401503e-13,lane_2,mainline,,normal,none,commit
BASIC-05,basic_long_dt_900,766,76.59999999999992,B05_CFV,cav,not_applicable,9098.758273339841,0.0,30.051280228427274,0.7918276112233097,lane_2,mainline,,normal,none,commit
BASIC-05,basic_long_dt_900,766,76.59999999999992,B05_TLV_CLV,cav,not_applicable,9134.620000000015,3.5,29.999999999999577,1.7621459846850485e-13,lane_1,mainline,,normal,none,commit
BASIC-05,basic_long_dt_900,767,76.69999999999992,B05_MV,cav,not_applicable,7245.999988551524,-0.05930212575565674,2.8037312071952324e-06,4.0,on_ramp,on_ramp_mv,,normal,executing,commit
BASIC-05,basic_long_dt_900,767,76.69999999999992,B05_CLV,cav,not_applicable,9144.000000000005,0.0,29.999999999999755,1.0231815394945443e-13,lane_2,mainline,,normal,none,commit
BASIC-05,basic_long_dt_900,767,76.69999999999992,B05_CFV,cav,not_applicable,9101.758970861321,0.0,30.00697521480009,-0.44305013627183754,lane_2,mainline,,normal,none,commit
BASIC-05,basic_long_dt_900,767,76.69999999999992,B05_TLV_CLV,cav,not_applicable,9137.620000000015,3.5,29.999999999999595,1.6910917111090385e-13,lane_1,mainline,,normal,none,commit
BASIC-05,basic_long_dt_900,768,76.79999999999991,B05_MV,cav,not_applicable,7245.999988825195,-0.059302121872034874,2.7367091048352537e-06,4.0,on_ramp,on_ramp_mv,,normal,executing,commit
BASIC-05,basic_long_dt_900,768,76.79999999999991,B05_CLV,cav,not_applicable,9147.000000000005,0.0,29.999999999999766,9.805489753489383e-14,lane_2,mainline,,normal,none,commit
BASIC-05,basic_long_dt_900,768,76.79999999999991,B05_CFV,cav,not_applicable,9104.763316154414,0.0,30.0434529309233,0.364777161232133,lane_2,mainline,,normal,none,commit
BASIC-05,basic_long_dt_900,768,76.79999999999991,B05_TLV_CLV,cav,not_applicable,9140.620000000015,3.5,29.999999999999613,1.6200374375330285e-13,lane_1,mainline,,normal,none,commit
BASIC-05,basic_long_dt_900,769,76.8999999999999,B05_MV,cav,not_applicable,7245.999989092324,-0.0593021180812503,2.6712893202003927e-06,4.0,on_ramp,on_ramp_mv,,normal,executing,commit
BASIC-05,basic_long_dt_900,769,76.8999999999999,B05_CLV,cav,not_applicable,9150.000000000005,0.0,29.999999999999776,9.379164112033323e-14,lane_2,mainline,,normal,none,commit
BASIC-05,basic_long_dt_900,769,76.8999999999999,B05_CFV,cav,not_applicable,9107.759736897007,0.0,29.964207425933203,-0.792455049900982,lane_2,mainline,,normal,none,commit
BASIC-05,basic_long_dt_900,769,76.8999999999999,B05_TLV_CLV,cav,not_applicable,9143.620000000015,3.5,29.999999999999627,1.5489831639570185e-13,lane_1,mainline,,normal,none,commit
BASIC-05,basic_long_dt_900,770,76.9999999999999,B05_MV,cav,not_applicable,7245.999989353067,-0.05930211438108213,2.6074333715759488e-06,4.0,on_ramp,on_ramp_mv,,normal,executing,commit
BASIC-05,basic_long_dt_900,770,76.9999999999999,B05_CLV,cav,not_applicable,9153.000000000005,0.0,29.999999999999787,8.952838470577263e-14,lane_2,mainline,,normal,none,commit
BASIC-05,basic_long_dt_900,770,76.9999999999999,B05_CFV,cav,not_applicable,9110.756946643738,0.0,29.97209746730494,0.07890041371737844,lane_2,mainline,,normal,none,commit
BASIC-05,basic_long_dt_900,770,76.9999999999999,B05_TLV_CLV,cav,not_applicable,9146.620000000015,3.5,29.99999999999964,1.4921397450962104e-13,lane_1,mainline,,normal,none,commit
BASIC-05,basic_long_dt_900,771,77.0999999999999,B05_MV,cav,not_applicable,7245.999989607577,-0.05930211076936498,2.5451038643013087e-06,4.0,on_ramp,on_ramp_mv,,normal,executing,commit
BASIC-05,basic_long_dt_900,771,77.0999999999999,B05_CLV,cav,not_applicable,9156.000000000005,0.0,29.999999999999794,8.526512829121202e-14,lane_2,mainline,,normal,none,commit
BASIC-05,basic_long_dt_900,771,77.0999999999999,B05_CFV,cav,not_applicable,9113.762074666582,0.0,30.051280228427274,0.7918276112233097,lane_2,mainline,,normal,none,commit
BASIC-05,basic_long_dt_900,771,77.0999999999999,B05_TLV_CLV,cav,not_applicable,9149.620000000015,3.5,29.999999999999655,1.4352963262354026e-13,lane_1,mainline,,normal,none,commit
BASIC-05,basic_long_dt_900,772,77.19999999999989,B05_MV,cav,not_applicable,7245.999989856004,-0.059302107243984103,2.4842642733591292e-06,4.0,on_ramp,on_ramp_mv,,normal,executing,commit
BASIC-05,basic_long_dt_900,772,77.19999999999989,B05_CLV,cav,not_applicable,9159.000000000005,0.0,29.9999999999998,8.242295734817163e-14,lane_2,mainline,,normal,none,commit
BASIC-05,basic_long_dt_900,772,77.19999999999989,B05_CFV,cav,not_applicable,9116.762772188062,0.0,30.00697521480009,-0.44305013627183754,lane_2,mainline,,normal,none,commit
BASIC-05,basic_long_dt_900,772,77.19999999999989,B05_TLV_CLV,cav,not_applicable,9152.620000000015,3.5,29.99999999999967,1.3784529073745945e-13,lane_1,mainline,,normal,none,commit
BASIC-05,basic_long_dt_900,773,77.29999999999988,B05_MV,cav,not_applicable,7245.999990098491,-0.05930210380287626,2.424878943375337e-06,4.0,on_ramp,on_ramp_mv,,normal,executing,commit
BASIC-05,basic_long_dt_900,773,77.29999999999988,B05_CLV,cav,not_applicable,9162.000000000005,0.0,29.999999999999808,7.958078640513123e-14,lane_2,mainline,,normal,none,commit
BASIC-05,basic_long_dt_900,773,77.29999999999988,B05_CFV,cav,not_applicable,9119.767117481155,0.0,30.0434529309233,0.364777161232133,lane_2,mainline,,normal,none,commit
BASIC-05,basic_long_dt_900,773,77.29999999999988,B05_TLV_CLV,cav,not_applicable,9155.620000000015,3.5,29.999999999999684,1.3216094885137864e-13,lane_1,mainline,,normal,none,commit
BASIC-05,basic_long_dt_900,774,77.39999999999988,B05_MV,cav,not_applicable,7245.999990335183,-0.05930210044402706,2.3669133060299468e-06,4.0,on_ramp,on_ramp_mv,,normal,executing,commit
BASIC-05,basic_long_dt_900,774,77.39999999999988,B05_CLV,cav,not_applicable,9165.000000000005,0.0,29.999999999999815,7.673861546209083e-14,lane_2,mainline,,normal,none,commit
BASIC-05,basic_long_dt_900,774,77.39999999999988,B05_CFV,cav,not_applicable,9122.763538223748,0.0,29.964207425933203,-0.792455049900982,lane_2,mainline,,normal,none,commit
BASIC-05,basic_long_dt_900,774,77.39999999999988,B05_TLV_CLV,cav,not_applicable,9158.620000000015,3.5,29.999999999999698,1.2647660696529784e-13,lane_1,mainline,,normal,none,commit
BASIC-05,basic_long_dt_900,775,77.49999999999987,B05_MV,cav,not_applicable,7245.999990566216,-0.059302097165469636,2.3103332278246074e-06,4.0,on_ramp,on_ramp_mv,,normal,executing,commit
BASIC-05,basic_long_dt_900,775,77.49999999999987,B05_CLV,cav,not_applicable,9168.000000000005,0.0,29.999999999999822,7.389644451905042e-14,lane_2,mainline,,normal,none,commit
BASIC-05,basic_long_dt_900,775,77.49999999999987,B05_CFV,cav,not_applicable,9125.760747970478,0.0,29.97209746730494,0.07890041371737844,lane_2,mainline,,normal,none,commit
BASIC-05,basic_long_dt_900,775,77.49999999999987,B05_TLV_CLV,cav,not_applicable,9161.620000000015,3.5,29.99999999999971,1.2079226507921703e-13,lane_1,mainline,,normal,none,commit
BASIC-05,basic_long_dt_900,776,77.59999999999987,B05_MV,cav,not_applicable,7245.999990791726,-0.05930209396528463,2.2551056623150567e-06,4.0,on_ramp,on_ramp_mv,,normal,executing,commit
BASIC-05,basic_long_dt_900,776,77.59999999999987,B05_CLV,cav,not_applicable,9171.000000000005,0.0,29.99999999999983,7.105427357601002e-14,lane_2,mainline,,normal,none,commit
BASIC-05,basic_long_dt_900,776,77.59999999999987,B05_CFV,cav,not_applicable,9128.765875993322,0.0,30.051280228427274,0.7918276112233097,lane_2,mainline,,normal,none,commit
BASIC-05,basic_long_dt_900,776,77.59999999999987,B05_TLV_CLV,cav,not_applicable,9164.620000000015,3.5,29.99999999999972,1.1652900866465645e-13,lane_1,mainline,,normal,none,commit
BASIC-05,basic_long_dt_900,777,77.69999999999986,B05_MV,cav,not_applicable,7245.999991011846,-0.059302090841598876,2.201198432700301e-06,4.0,on_ramp,on_ramp_mv,,normal,executing,commit
BASIC-05,basic_long_dt_900,777,77.69999999999986,B05_CLV,cav,not_applicable,9174.000000000005,0.0,29.999999999999837,6.821210263296963e-14,lane_2,mainline,,normal,none,commit
BASIC-05,basic_long_dt_900,777,77.69999999999986,B05_CFV,cav,not_applicable,9131.766573514802,0.0,30.00697521480009,-0.44305013627183754,lane_2,mainline,,normal,none,commit
BASIC-05,basic_long_dt_900,777,77.69999999999986,B05_TLV_CLV,cav,not_applicable,9167.620000000015,3.5,29.99999999999973,1.1226575225009583e-13,lane_1,mainline,,normal,none,commit
BASIC-05,basic_long_dt_900,778,77.79999999999986,B05_MV,cav,not_applicable,7245.999991226704,-0.05930208779258317,2.1485797970009833e-06,4.0,on_ramp,on_ramp_mv,,normal,executing,commit
BASIC-05,basic_long_dt_900,778,77.79999999999986,B05_CLV,cav,not_applicable,9177.000000000005,0.0,29.999999999999844,6.536993168992922e-14,lane_2,mainline,,normal,none,commit
BASIC-05,basic_long_dt_900,778,77.79999999999986,B05_CFV,cav,not_applicable,9134.770918807895,0.0,30.0434529309233,0.364777161232133,lane_2,mainline,,normal,none,commit
BASIC-05,basic_long_dt_900,778,77.79999999999986,B05_TLV_CLV,cav,not_applicable,9170.620000000015,3.5,29.99999999999974,1.0800249583553524e-13,lane_1,mainline,,normal,none,commit
BASIC-05,basic_long_dt_900,779,77.89999999999985,B05_MV,cav,not_applicable,7245.999991436426,-0.059302084816453604,2.0972188828810147e-06,4.0,on_ramp,on_ramp_mv,,normal,executing,commit
BASIC-05,basic_long_dt_900,779,77.89999999999985,B05_CLV,cav,not_applicable,9180.000000000005,0.0,29.99999999999985,6.252776074688882e-14,lane_2,mainline,,normal,none,commit
BASIC-05,basic_long_dt_900,779,77.89999999999985,B05_CFV,cav,not_applicable,9137.767339550488,0.0,29.964207425933203,-0.792455049900982,lane_2,mainline,,normal,none,commit
BASIC-05,basic_long_dt_900,779,77.89999999999985,B05_TLV_CLV,cav,not_applicable,9173.620000000015,3.5,29.99999999999975,1.0373923942097464e-13,lane_1,mainline,,normal,none,commit
BASIC-05,basic_long_dt_900,780,77.99999999999984,B05_MV,cav,not_applicable,7245.999991641134,-0.059302081911466686,2.047085687647579e-06,4.0,on_ramp,on_ramp_mv,,normal,executing,commit
BASIC-05,basic_long_dt_900,780,77.99999999999984,B05_CLV,cav,not_applicable,9183.000000000005,0.0,29.999999999999858,5.968558980384842e-14,lane_2,mainline,,normal,none,commit
BASIC-05,basic_long_dt_900,780,77.99999999999984,B05_CFV,cav,not_applicable,9140.764549297219,0.0,29.97209746730494,0.07890041371737844,lane_2,mainline,,normal,none,commit
BASIC-05,basic_long_dt_900,780,77.99999999999984,B05_TLV_CLV,cav,not_applicable,9176.620000000015,3.5,29.999999999999762,9.947598300641403e-14,lane_1,mainline,,normal,none,commit
BASIC-05,basic_long_dt_900,781,78.09999999999984,B05_MV,cav,not_applicable,7245.999991840949,-0.05930207907592244,1.9981510782511275e-06,4.0,on_ramp,on_ramp_mv,,normal,executing,commit
BASIC-05,basic_long_dt_900,781,78.09999999999984,B05_CLV,cav,not_applicable,9186.000000000005,0.0,29.999999999999865,5.684341886080802e-14,lane_2,mainline,,normal,none,commit
BASIC-05,basic_long_dt_900,781,78.09999999999984,B05_CFV,cav,not_applicable,9143.769677320062,0.0,30.051280228427274,0.7918276112233097,lane_2,mainline,,normal,none,commit
BASIC-05,basic_long_dt_900,781,78.09999999999984,B05_TLV_CLV,cav,not_applicable,9179.620000000015,3.5,29.999999999999773,9.521272659185343e-14,lane_1,mainline,,normal,none,commit
BASIC-05,basic_long_dt_900,782,78.19999999999983,B05_MV,cav,not_applicable,7245.999992035988,-0.05930207630816087,1.95038613905293e-06,4.0,on_ramp,on_ramp_mv,,normal,executing,commit
BASIC-05,basic_long_dt_900,782,78.19999999999983,B05_CLV,cav,not_applicable,9189.000000000005,0.0,29.999999999999872,5.400124791776762e-14,lane_2,mainline,,normal,none,commit
BASIC-05,basic_long_dt_900,782,78.19999999999983,B05_CFV,cav,not_applicable,9146.770374841542,0.0,30.00697521480009,-0.44305013627183754,lane_2,mainline,,normal,none,commit
BASIC-05,basic_long_dt_900,782,78.19999999999983,B05_TLV_CLV,cav,not_applicable,9182.620000000015,3.5,29.999999999999783,9.094947017729283e-14,lane_1,mainline,,normal,none,commit
BASIC-05,basic_long_dt_900,783,78.29999999999983,B05_MV,cav,not_applicable,7245.999992226364,-0.059302073606561034,1.903763041468345e-06,4.0,on_ramp,on_ramp_mv,,normal,executing,commit
BASIC-05,basic_long_dt_900,783,78.29999999999983,B05_CLV,cav,not_applicable,9192.000000000005,0.0,29.999999999999876,5.1159076974727215e-14,lane_2,mainline,,normal,none,commit
BASIC-05,basic_long_dt_900,783,78.29999999999983,B05_CFV,cav,not_applicable,9149.774720134636,0.0,30.0434529309233,0.364777161232133,lane_2,mainline,,normal,none,commit
BASIC-05,basic_long_dt_900,783,78.29999999999983,B05_TLV_CLV,cav,not_applicable,9185.620000000015,3.5,29.99999999999979,8.668621376273223e-14,lane_1,mainline,,normal,none,commit
BASIC-05,basic_long_dt_900,784,78.39999999999982,B05_MV,cav,not_applicable,7245.999992412189,-0.05930207096954199,1.8582543917343643e-06,4.0,on_ramp,on_ramp_mv,,normal,executing,commit
BASIC-05,basic_long_dt_900,784,78.39999999999982,B05_CLV,cav,not_applicable,9195.000000000005,0.0,29.99999999999988,4.973799150320701e-14,lane_2,mainline,,normal,none,commit
BASIC-05,basic_long_dt_900,784,78.39999999999982,B05_CFV,cav,not_applicable,9152.771140877228,0.0,29.964207425933203,-0.792455049900982,lane_2,mainline,,normal,none,commit
BASIC-05,basic_long_dt_900,784,78.39999999999982,B05_TLV_CLV,cav,not_applicable,9188.620000000015,3.5,29.999999999999797,8.384404281969183e-14,lane_1,mainline,,normal,none,commit
BASIC-05,basic_long_dt_900,785,78.49999999999982,B05_MV,cav,not_applicable,7245.999992593573,-0.05930206839556007,1.8138336657312507e-06,4.0,on_ramp,on_ramp_mv,,normal,executing,commit
BASIC-05,basic_long_dt_900,785,78.49999999999982,B05_CLV,cav,not_applicable,9198.000000000005,0.0,29.999999999999883,4.831690603168682e-14,lane_2,mainline,,normal,none,commit
BASIC-05,basic_long_dt_900,785,78.49999999999982,B05_CFV,cav,not_applicable,9155.76835062396,0.0,29.97209746730494,0.07890041371737844,lane_2,mainline,,normal,none,commit
BASIC-05,basic_long_dt_900,785,78.49999999999982,B05_TLV_CLV,cav,not_applicable,9191.620000000015,3.5,29.999999999999805,8.100187187665142e-14,lane_1,mainline,,normal,none,commit
BASIC-05,basic_long_dt_900,786,78.59999999999981,B05_MV,cav,not_applicable,7245.99999277062,-0.059302065883108046,1.770474774160902e-06,4.0,on_ramp,on_ramp_mv,,normal,executing,commit
BASIC-05,basic_long_dt_900,786,78.59999999999981,B05_CLV,cav,not_applicable,9201.000000000005,0.0,29.999999999999886,4.6895820560166616e-14,lane_2,mainline,,normal,none,commit
BASIC-05,basic_long_dt_900,786,78.59999999999981,B05_CFV,cav,not_applicable,9158.773478646803,0.0,30.051280228427274,0.7918276112233097,lane_2,mainline,,normal,none,commit
BASIC-05,basic_long_dt_900,786,78.59999999999981,B05_TLV_CLV,cav,not_applicable,9194.620000000015,3.5,29.99999999999981,7.815970093361102e-14,lane_1,mainline,,normal,none,commit
BASIC-05,basic_long_dt_900,787,78.6999999999998,B05_MV,cav,not_applicable,7245.999992943435,-0.05930206343071509,1.7281522799576684e-06,4.0,on_ramp,on_ramp_mv,,normal,executing,commit
BASIC-05,basic_long_dt_900,787,78.6999999999998,B05_CLV,cav,not_applicable,9204.000000000005,0.0,29.99999999999989,4.5474735088646414e-14,lane_2,mainline,,normal,none,commit
BASIC-05,basic_long_dt_900,787,78.6999999999998,B05_CFV,cav,not_applicable,9161.774176168283,0.0,30.00697521480009,-0.44305013627183754,lane_2,mainline,,normal,none,commit
BASIC-05,basic_long_dt_900,787,78.6999999999998,B05_TLV_CLV,cav,not_applicable,9197.620000000015,3.5,29.99999999999982,7.531752999057063e-14,lane_1,mainline,,normal,none,commit
BASIC-05,basic_long_dt_900,788,78.7999999999998,B05_MV,cav,not_applicable,7245.999993112119,-0.05930206103694502,1.68684161569917e-06,4.0,on_ramp,on_ramp_mv,,normal,executing,commit
BASIC-05,basic_long_dt_900,788,78.7999999999998,B05_CLV,cav,not_applicable,9207.000000000005,0.0,29.999999999999893,4.405364961712621e-14,lane_2,mainline,,normal,none,commit
BASIC-05,basic_long_dt_900,788,78.7999999999998,B05_CFV,cav,not_applicable,9164.778521461376,0.0,30.0434529309233,0.364777161232133,lane_2,mainline,,normal,none,commit
BASIC-05,basic_long_dt_900,788,78.7999999999998,B05_TLV_CLV,cav,not_applicable,9200.620000000015,3.5,29.999999999999826,7.247535904753023e-14,lane_1,mainline,,normal,none,commit
BASIC-05,basic_long_dt_900,789,78.89999999999979,B05_MV,cav,not_applicable,7245.999993276771,-0.059302058700397176,1.6465184313738448e-06,4.0,on_ramp,on_ramp_mv,,normal,executing,commit
BASIC-05,basic_long_dt_900,789,78.89999999999979,B05_CLV,cav,not_applicable,9210.000000000005,0.0,29.999999999999897,4.263256414560601e-14,lane_2,mainline,,normal,none,commit
BASIC-05,basic_long_dt_900,789,78.89999999999979,B05_CFV,cav,not_applicable,9167.774942203969,0.0,29.964207425933203,-0.792455049900982,lane_2,mainline,,normal,none,commit
BASIC-05,basic_long_dt_900,789,78.89999999999979,B05_TLV_CLV,cav,not_applicable,9203.620000000015,3.5,29.999999999999833,6.963318810448982e-14,lane_1,mainline,,normal,none,commit
BASIC-05,basic_long_dt_900,790,78.99999999999979,B05_MV,cav,not_applicable,7245.999993437487,-0.05930205641970421,1.6071590292025831e-06,4.0,on_ramp,on_ramp_mv,,normal,executing,commit
BASIC-05,basic_long_dt_900,790,78.99999999999979,B05_CLV,cav,not_applicable,9213.000000000005,0.0,29.9999999999999,4.1211478674085816e-14,lane_2,mainline,,normal,none,commit
BASIC-05,basic_long_dt_900,790,78.99999999999979,B05_CFV,cav,not_applicable,9170.7721519507,0.0,29.97209746730494,0.07890041371737844,lane_2,mainline,,normal,none,commit
BASIC-05,basic_long_dt_900,790,78.99999999999979,B05_TLV_CLV,cav,not_applicable,9206.620000000015,3.5,29.99999999999984,6.679101716144942e-14,lane_1,mainline,,normal,none,commit
BASIC-05,basic_long_dt_900,791,79.09999999999978,B05_MV,cav,not_applicable,7245.9999935943615,-0.05930205419352985,1.5687405810495455e-06,4.0,on_ramp,on_ramp_mv,,normal,executing,commit
BASIC-05,basic_long_dt_900,791,79.09999999999978,B05_CLV,cav,not_applicable,9216.000000000005,0.0,29.999999999999904,3.9790393202565614e-14,lane_2,mainline,,normal,none,commit
BASIC-05,basic_long_dt_900,791,79.09999999999978,B05_CFV,cav,not_applicable,9173.777279973543,0.0,30.051280228427274,0.7918276112233097,lane_2,mainline,,normal,none,commit
BASIC-05,basic_long_dt_900,791,79.09999999999978,B05_TLV_CLV,cav,not_applicable,9209.620000000015,3.5,29.999999999999847,6.394884621840902e-14,lane_1,mainline,,normal,none,commit
BASIC-05,basic_long_dt_900,792,79.19999999999978,B05_MV,cav,not_applicable,7245.999993747486,-0.059302052020571594,1.5312404761897099e-06,4.0,on_ramp,on_ramp_mv,,normal,executing,commit
BASIC-05,basic_long_dt_900,792,79.19999999999978,B05_CLV,cav,not_applicable,9219.000000000005,0.0,29.999999999999908,3.836930773104541e-14,lane_2,mainline,,normal,none,commit
BASIC-05,basic_long_dt_900,792,79.19999999999978,B05_CFV,cav,not_applicable,9176.777977495023,0.0,30.00697521480009,-0.44305013627183754,lane_2,mainline,,normal,none,commit
BASIC-05,basic_long_dt_900,792,79.19999999999978,B05_TLV_CLV,cav,not_applicable,9212.620000000015,3.5,29.999999999999854,6.110667527536861e-14,lane_1,mainline,,normal,none,commit
BASIC-05,basic_long_dt_900,793,79.29999999999977,B05_MV,cav,not_applicable,7245.9999938969495,-0.05930204989955712,1.4946367561305068e-06,4.0,on_ramp,on_ramp_mv,,normal,executing,commit
BASIC-05,basic_long_dt_900,793,79.29999999999977,B05_CLV,cav,not_applicable,9222.000000000005,0.0,29.99999999999991,3.694822225952521e-14,lane_2,mainline,,normal,none,commit
BASIC-05,basic_long_dt_900,793,79.29999999999977,B05_CFV,cav,not_applicable,9179.782322788116,0.0,30.0434529309233,0.364777161232133,lane_2,mainline,,normal,none,commit
BASIC-05,basic_long_dt_900,793,79.29999999999977,B05_TLV_CLV,cav,not_applicable,9215.620000000015,3.5,29.99999999999986,5.826450433232822e-14,lane_1,mainline,,normal,none,commit
BASIC-05,basic_long_dt_900,794,79.39999999999976,B05_MV,cav,not_applicable,7245.999994042841,-0.05930204782924431,1.4589081146118192e-06,4.0,on_ramp,on_ramp_mv,,normal,executing,commit
BASIC-05,basic_long_dt_900,794,79.39999999999976,B05_CLV,cav,not_applicable,9225.000000000005,0.0,29.999999999999915,3.552713678800501e-14,lane_2,mainline,,normal,none,commit
BASIC-05,basic_long_dt_900,794,79.39999999999976,B05_CFV,cav,not_applicable,9182.77874353071,0.0,29.964207425933203,-0.792455049900982,lane_2,mainline,,normal,none,commit
BASIC-05,basic_long_dt_900,794,79.39999999999976,B05_TLV_CLV,cav,not_applicable,9218.620000000015,3.5,29.99999999999987,5.542233338928782e-14,lane_1,mainline,,normal,none,commit
BASIC-05,basic_long_dt_900,795,79.49999999999976,B05_MV,cav,not_applicable,7245.999994185244,-0.05930204580842169,1.424033462784348e-06,4.0,on_ramp,on_ramp_mv,,normal,executing,commit
BASIC-05,basic_long_dt_900,795,79.49999999999976,B05_CLV,cav,not_applicable,9228.000000000005,0.0,29.99999999999992,3.4106051316484814e-14,lane_2,mainline,,normal,none,commit
BASIC-05,basic_long_dt_900,795,79.49999999999976,B05_CFV,cav,not_applicable,9185.77595327744,0.0,29.97209746730494,0.07890041371737844,lane_2,mainline,,normal,none,commit
BASIC-05,basic_long_dt_900,795,79.49999999999976,B05_TLV_CLV,cav,not_applicable,9221.620000000015,3.5,29.999999999999872,5.2580162446247416e-14,lane_1,mainline,,normal,none,commit
BASIC-05,basic_long_dt_900,796,79.59999999999975,B05_MV,cav,not_applicable,7245.999994324243,-0.059302043835906204,1.3899925814420636e-06,4.0,on_ramp,on_ramp_mv,,normal,executing,commit
BASIC-05,basic_long_dt_900,796,79.59999999999975,B05_CLV,cav,not_applicable,9231.000000000005,0.0,29.999999999999922,3.268496584496461e-14,lane_2,mainline,,normal,none,commit
BASIC-05,basic_long_dt_900,796,79.59999999999975,B05_CFV,cav,not_applicable,9188.781081300283,0.0,30.051280228427274,0.7918276112233097,lane_2,mainline,,normal,none,commit
BASIC-05,basic_long_dt_900,796,79.59999999999975,B05_TLV_CLV,cav,not_applicable,9224.620000000015,3.5,29.999999999999876,5.1159076974727215e-14,lane_1,mainline,,normal,none,commit
BASIC-05,basic_long_dt_900,797,79.69999999999975,B05_MV,cav,not_applicable,7245.999994459919,-0.059302041910542336,1.3567654687897546e-06,4.0,on_ramp,on_ramp_mv,,normal,executing,commit
BASIC-05,basic_long_dt_900,797,79.69999999999975,B05_CLV,cav,not_applicable,9234.000000000005,0.0,29.999999999999925,3.126388037344441e-14,lane_2,mainline,,normal,none,commit
BASIC-05,basic_long_dt_900,797,79.69999999999975,B05_CFV,cav,not_applicable,9191.781778821764,0.0,30.00697521480009,-0.44305013627183754,lane_2,mainline,,normal,none,commit
BASIC-05,basic_long_dt_900,797,79.69999999999975,B05_TLV_CLV,cav,not_applicable,9227.620000000015,3.5,29.99999999999988,4.973799150320701e-14,lane_1,mainline,,normal,none,commit
BASIC-05,basic_long_dt_900,798,79.79999999999974,B05_MV,cav,not_applicable,7245.999994592353,-0.05930204003120387,1.3243325578538437e-06,4.0,on_ramp,on_ramp_mv,,normal,executing,commit
BASIC-05,basic_long_dt_900,798,79.79999999999974,B05_CLV,cav,not_applicable,9237.000000000005,0.0,29.99999999999993,2.984279490192421e-14,lane_2,mainline,,normal,none,commit
BASIC-05,basic_long_dt_900,798,79.79999999999974,B05_CFV,cav,not_applicable,9194.786124114857,0.0,30.0434529309233,0.364777161232133,lane_2,mainline,,normal,none,commit
BASIC-05,basic_long_dt_900,798,79.79999999999974,B05_TLV_CLV,cav,not_applicable,9230.620000000015,3.5,29.999999999999883,4.831690603168682e-14,lane_1,mainline,,normal,none,commit
BASIC-05,basic_long_dt_900,799,79.89999999999974,B05_MV,cav,not_applicable,7245.99999472162,-0.05930203819678992,1.2926749338932072e-06,4.0,on_ramp,on_ramp_mv,,normal,executing,commit
BASIC-05,basic_long_dt_900,799,79.89999999999974,B05_CLV,cav,not_applicable,9240.000000000005,0.0,29.999999999999932,2.842170943040401e-14,lane_2,mainline,,normal,none,commit
BASIC-05,basic_long_dt_900,799,79.89999999999974,B05_CFV,cav,not_applicable,9197.78254485745,0.0,29.964207425933203,-0.792455049900982,lane_2,mainline,,normal,none,commit
BASIC-05,basic_long_dt_900,799,79.89999999999974,B05_TLV_CLV,cav,not_applicable,9233.620000000015,3.5,29.999999999999886,4.6895820560166616e-14,lane_1,mainline,,normal,none,commit
BASIC-05,basic_long_dt_900,800,79.99999999999973,B05_MV,cav,not_applicable,7245.999994847798,-0.059302036406227554,1.2617741169883558e-06,4.0,on_ramp,on_ramp_mv,,normal,executing,commit
BASIC-05,basic_long_dt_900,800,79.99999999999973,B05_CLV,cav,not_applicable,9243.000000000005,0.0,29.999999999999936,2.700062395888381e-14,lane_2,mainline,,normal,none,commit
BASIC-05,basic_long_dt_900,800,79.99999999999973,B05_CFV,cav,not_applicable,9200.77975460418,0.0,29.97209746730494,0.07890041371737844,lane_2,mainline,,normal,none,commit
BASIC-05,basic_long_dt_900,800,79.99999999999973,B05_TLV_CLV,cav,not_applicable,9236.620000000015,3.5,29.99999999999989,4.5474735088646414e-14,lane_1,mainline,,normal,none,commit
BASIC-05,basic_long_dt_900,801,80.09999999999972,B05_MV,cav,not_applicable,7245.999994970959,-0.059302034658467395,1.231611844630618e-06,4.0,on_ramp,on_ramp_mv,,normal,executing,commit
BASIC-05,basic_long_dt_900,801,80.09999999999972,B05_CLV,cav,not_applicable,9246.000000000005,0.0,29.99999999999994,2.5579538487363607e-14,lane_2,mainline,,normal,none,commit
BASIC-05,basic_long_dt_900,801,80.09999999999972,B05_CFV,cav,not_applicable,9203.784882627024,0.0,30.051280228427274,0.7918276112233097,lane_2,mainline,,normal,none,commit
BASIC-05,basic_long_dt_900,801,80.09999999999972,B05_TLV_CLV,cav,not_applicable,9239.620000000015,3.5,29.999999999999893,4.405364961712621e-14,lane_1,mainline,,normal,none,commit
BASIC-05,basic_long_dt_900,802,80.19999999999972,B05_MV,cav,not_applicable,7245.999995091176,-0.059302032952486705,1.2021707239545918e-06,4.0,on_ramp,on_ramp_mv,,normal,executing,commit
BASIC-05,basic_long_dt_900,802,80.19999999999972,B05_CLV,cav,not_applicable,9249.000000000005,0.0,29.999999999999943,2.415845301584341e-14,lane_2,mainline,,normal,none,commit
BASIC-05,basic_long_dt_900,802,80.19999999999972,B05_CFV,cav,not_applicable,9206.785580148504,0.0,30.00697521480009,-0.44305013627183754,lane_2,mainline,,normal,none,commit
BASIC-05,basic_long_dt_900,802,80.19999999999972,B05_TLV_CLV,cav,not_applicable,9242.620000000015,3.5,29.999999999999897,4.263256414560601e-14,lane_1,mainline,,normal,none,commit
BASIC-05,basic_long_dt_900,803,80.29999999999971,B05_MV,cav,not_applicable,7245.999995208519,-0.05930203128728717,1.173433362094876e-06,4.0,on_ramp,on_ramp_mv,,normal,executing,commit
BASIC-05,basic_long_dt_900,803,80.29999999999971,B05_CLV,cav,not_applicable,9252.000000000005,0.0,29.999999999999947,2.2737367544323207e-14,lane_2,mainline,,normal,none,commit
BASIC-05,basic_long_dt_900,803,80.29999999999971,B05_CFV,cav,not_applicable,9209.789925441597,0.0,30.0434529309233,0.364777161232133,lane_2,mainline,,normal,none,commit
BASIC-05,basic_long_dt_900,803,80.29999999999971,B05_TLV_CLV,cav,not_applicable,9245.620000000015,3.5,29.9999999999999,4.1211478674085816e-14,lane_1,mainline,,normal,none,commit
BASIC-05,basic_long_dt_900,804,80.39999999999971,B05_MV,cav,not_applicable,7245.999995323057,-0.05930202966189313,1.1453830184185216e-06,4.0,on_ramp,on_ramp_mv,,normal,executing,commit
BASIC-05,basic_long_dt_900,804,80.39999999999971,B05_CLV,cav,not_applicable,9255.000000000005,0.0,29.99999999999995,2.1316282072803006e-14,lane_2,mainline,,normal,none,commit
BASIC-05,basic_long_dt_900,804,80.39999999999971,B05_CFV,cav,not_applicable,9212.78634618419,0.0,29.964207425933203,-0.792455049900982,lane_2,mainline,,normal,none,commit
BASIC-05,basic_long_dt_900,804,80.39999999999971,B05_TLV_CLV,cav,not_applicable,9248.620000000015,3.5,29.999999999999904,3.9790393202565614e-14,lane_1,mainline,,normal,none,commit
BASIC-05,basic_long_dt_900,805,80.4999999999997,B05_MV,cav,not_applicable,7245.999995434858,-0.05930202807535334,1.118003169703397e-06,4.0,on_ramp,on_ramp_mv,,normal,executing,commit
BASIC-05,basic_long_dt_900,805,80.4999999999997,B05_CLV,cav,not_applicable,9258.000000000005,0.0,29.999999999999954,1.9895196601282807e-14,lane_2,mainline,,normal,none,commit
BASIC-05,basic_long_dt_900,805,80.4999999999997,B05_CFV,cav,not_applicable,9215.78355593092,0.0,29.97209746730494,0.07890041371737844,lane_2,mainline,,normal,none,commit
BASIC-05,basic_long_dt_900,805,80.4999999999997,B05_TLV_CLV,cav,not_applicable,9251.620000000015,3.5,29.999999999999908,3.836930773104541e-14,lane_1,mainline,,normal,none,commit
BASIC-05,basic_long_dt_900,806,80.5999999999997,B05_MV,cav,not_applicable,7245.999995543985,-0.05930202652673966,1.0912777275490057e-06,4.0,on_ramp,on_ramp_mv,,normal,executing,commit
BASIC-05,basic_long_dt_900,806,80.5999999999997,B05_CLV,cav,not_applicable,9261.000000000005,0.0,29.999999999999957,1.8474111129762605e-14,lane_2,mainline,,normal,none,commit
BASIC-05,basic_long_dt_900,806,80.5999999999997,B05_CFV,cav,not_applicable,9218.788683953764,0.0,30.051280228427274,0.7918276112233097,lane_2,mainline,,normal,none,commit
BASIC-05,basic_long_dt_900,806,80.5999999999997,B05_TLV_CLV,cav,not_applicable,9254.620000000015,3.5,29.99999999999991,3.694822225952521e-14,lane_1,mainline,,normal,none,commit
BASIC-05,basic_long_dt_900,807,80.69999999999969,B05_MV,cav,not_applicable,7245.999995650504,-0.05930202501514348,1.0651912557873041e-06,4.0,on_ramp,on_ramp_mv,,normal,executing,commit
BASIC-05,basic_long_dt_900,807,80.69999999999969,B05_CLV,cav,not_applicable,9264.000000000005,0.0,29.999999999999957,1.7053025658242407e-14,lane_2,mainline,,normal,none,commit
BASIC-05,basic_long_dt_900,807,80.69999999999969,B05_CFV,cav,not_applicable,9221.789381475244,0.0,30.00697521480009,-0.44305013627183754,lane_2,mainline,,normal,none,commit
BASIC-05,basic_long_dt_900,807,80.69999999999969,B05_TLV_CLV,cav,not_applicable,9257.620000000015,3.5,29.999999999999915,3.552713678800501e-14,lane_1,mainline,,normal,none,commit
BASIC-05,basic_long_dt_900,808,80.79999999999968,B05_MV,cav,not_applicable,7245.999995754477,-0.059302023539682835,1.0397283182502483e-06,4.0,on_ramp,on_ramp_mv,,normal,executing,commit
BASIC-05,basic_long_dt_900,808,80.79999999999968,B05_CLV,cav,not_applicable,9267.000000000005,0.0,29.999999999999957,1.7053025658242407e-14,lane_2,mainline,,normal,none,commit
BASIC-05,basic_long_dt_900,808,80.79999999999968,B05_CFV,cav,not_applicable,9224.793726768337,0.0,30.0434529309233,0.364777161232133,lane_2,mainline,,normal,none,commit
BASIC-05,basic_long_dt_900,808,80.79999999999968,B05_TLV_CLV,cav,not_applicable,9260.620000000015,3.5,29.99999999999992,3.4106051316484814e-14,lane_1,mainline,,normal,none,commit
BASIC-05,basic_long_dt_900,809,80.89999999999968,B05_MV,cav,not_applicable,7245.999995855965,-0.05930202209949176,1.0148741310022466e-06,4.0,on_ramp,on_ramp_mv,,normal,executing,commit
BASIC-05,basic_long_dt_900,809,80.89999999999968,B05_CLV,cav,not_applicable,9270.000000000005,0.0,29.999999999999957,1.7053025658242407e-14,lane_2,mainline,,normal,none,commit
BASIC-05,basic_long_dt_900,809,80.89999999999968,B05_CFV,cav,not_applicable,9227.79014751093,0.0,29.964207425933203,-0.792455049900982,lane_2,mainline,,normal,none,commit
BASIC-05,basic_long_dt_900,809,80.89999999999968,B05_TLV_CLV,cav,not_applicable,9263.620000000015,3.5,29.999999999999922,3.268496584496461e-14,lane_1,mainline,,normal,none,commit
BASIC-05,basic_long_dt_900,810,80.99999999999967,B05_MV,cav,not_applicable,7245.999995955026,-0.05930202069372825,9.906139101077082e-07,4.0,on_ramp,on_ramp_mv,,normal,executing,commit
BASIC-05,basic_long_dt_900,810,80.99999999999967,B05_CLV,cav,not_applicable,9273.000000000005,0.0,29.999999999999957,1.7053025658242407e-14,lane_2,mainline,,normal,none,commit
BASIC-05,basic_long_dt_900,810,80.99999999999967,B05_CFV,cav,not_applicable,9230.787357257661,0.0,29.97209746730494,0.07890041371737844,lane_2,mainline,,normal,none,commit
BASIC-05,basic_long_dt_900,810,80.99999999999967,B05_TLV_CLV,cav,not_applicable,9266.620000000015,3.5,29.999999999999925,3.126388037344441e-14,lane_1,mainline,,normal,none,commit
BASIC-05,basic_long_dt_900,811,81.09999999999967,B05_MV,cav,not_applicable,7245.999996051719,-0.05930201932156853,9.669337412743115e-07,4.0,on_ramp,on_ramp_mv,,normal,executing,commit
BASIC-05,basic_long_dt_900,811,81.09999999999967,B05_CLV,cav,not_applicable,9276.000000000005,0.0,29.999999999999957,1.7053025658242407e-14,lane_2,mainline,,normal,none,commit
BASIC-05,basic_long_dt_900,811,81.09999999999967,B05_CFV,cav,not_applicable,9233.792485280504,0.0,30.051280228427274,0.7918276112233097,lane_2,mainline,,normal,none,commit
BASIC-05,basic_long_dt_900,811,81.09999999999967,B05_TLV_CLV,cav,not_applicable,9269.620000000015,3.5,29.99999999999993,2.984279490192421e-14,lane_1,mainline,,normal,none,commit
BASIC-05,basic_long_dt_900,812,81.19999999999966,B05_MV,cav,not_applicable,7245.999996146101,-0.05930201798220924,9.438197102097352e-07,4.0,on_ramp,on_ramp_mv,,normal,executing,commit
BASIC-05,basic_long_dt_900,812,81.19999999999966,B05_CLV,cav,not_applicable,9279.000000000005,0.0,29.999999999999957,1.7053025658242407e-14,lane_2,mainline,,normal,none,commit
BASIC-05,basic_long_dt_900,812,81.19999999999966,B05_CFV,cav,not_applicable,9236.793182801985,0.0,30.00697521480009,-0.44305013627183754,lane_2,mainline,,normal,none,commit
BASIC-05,basic_long_dt_900,812,81.19999999999966,B05_TLV_CLV,cav,not_applicable,9272.620000000015,3.5,29.999999999999932,2.842170943040401e-14,lane_1,mainline,,normal,none,commit
BASIC-05,basic_long_dt_900,813,81.29999999999966,B05_MV,cav,not_applicable,7245.999996238226,-0.05930201667486834,9.212581200324759e-07,4.0,on_ramp,on_ramp_mv,,normal,executing,commit
BASIC-05,basic_long_dt_900,813,81.29999999999966,B05_CLV,cav,not_applicable,9282.000000000005,0.0,29.999999999999957,1.7053025658242407e-14,lane_2,mainline,,normal,none,commit
BASIC-05,basic_long_dt_900,813,81.29999999999966,B05_CFV,cav,not_applicable,9239.797528095078,0.0,30.0434529309233,0.364777161232133,lane_2,mainline,,normal,none,commit
BASIC-05,basic_long_dt_900,813,81.29999999999966,B05_TLV_CLV,cav,not_applicable,9275.620000000015,3.5,29.999999999999936,2.700062395888381e-14,lane_1,mainline,,normal,none,commit
BASIC-05,basic_long_dt_900,814,81.39999999999965,B05_MV,cav,not_applicable,7245.99999632815,-0.05930201539877711,8.992359260934821e-07,4.0,on_ramp,on_ramp_mv,,normal,executing,commit
BASIC-05,basic_long_dt_900,814,81.39999999999965,B05_CLV,cav,not_applicable,9285.000000000005,0.0,29.999999999999957,1.7053025658242407e-14,lane_2,mainline,,normal,none,commit
BASIC-05,basic_long_dt_900,814,81.39999999999965,B05_CFV,cav,not_applicable,9242.79394883767,0.0,29.964207425933203,-0.792455049900982,lane_2,mainline,,normal,none,commit
BASIC-05,basic_long_dt_900,814,81.39999999999965,B05_TLV_CLV,cav,not_applicable,9278.620000000015,3.5,29.99999999999994,2.5579538487363607e-14,lane_1,mainline,,normal,none,commit
BASIC-05,basic_long_dt_900,815,81.49999999999964,B05_MV,cav,not_applicable,7245.999996415924,-0.05930201415319081,8.777400837437029e-07,4.0,on_ramp,on_ramp_mv,,normal,executing,commit
BASIC-05,basic_long_dt_900,815,81.49999999999964,B05_CLV,cav,not_applicable,9288.000000000005,0.0,29.999999999999957,1.7053025658242407e-14,lane_2,mainline,,normal,none,commit
BASIC-05,basic_long_dt_900,815,81.49999999999964,B05_CFV,cav,not_applicable,9245.791158584401,0.0,29.97209746730494,0.07890041371737844,lane_2,mainline,,normal,none,commit
BASIC-05,basic_long_dt_900,815,81.49999999999964,B05_TLV_CLV,cav,not_applicable,9281.620000000015,3.5,29.999999999999943,2.415845301584341e-14,lane_1,mainline,,normal,none,commit
BASIC-05,basic_long_dt_900,816,81.59999999999964,B05_MV,cav,not_applicable,7245.9999965016,-0.0593020129373798,8.56757983155722e-07,4.0,on_ramp,on_ramp_mv,,normal,executing,commit
BASIC-05,basic_long_dt_900,816,81.59999999999964,B05_CLV,cav,not_applicable,9291.000000000005,0.0,29.999999999999957,1.7053025658242407e-14,lane_2,mainline,,normal,none,commit
BASIC-05,basic_long_dt_900,816,81.59999999999964,B05_CFV,cav,not_applicable,9248.796286607245,0.0,30.051280228427274,0.7918276112233097,lane_2,mainline,,normal,none,commit
BASIC-05,basic_long_dt_900,816,81.59999999999964,B05_TLV_CLV,cav,not_applicable,9284.620000000015,3.5,29.999999999999947,2.2737367544323207e-14,lane_1,mainline,,normal,none,commit
BASIC-05,basic_long_dt_900,817,81.69999999999963,B05_MV,cav,not_applicable,7245.9999965852285,-0.059302011750632655,8.362774493237584e-07,4.0,on_ramp,on_ramp_mv,,normal,executing,commit
BASIC-05,basic_long_dt_900,817,81.69999999999963,B05_CLV,cav,not_applicable,9294.000000000005,0.0,29.999999999999957,1.7053025658242407e-14,lane_2,mainline,,normal,none,commit
BASIC-05,basic_long_dt_900,817,81.69999999999963,B05_CFV,cav,not_applicable,9251.796984128725,0.0,30.00697521480009,-0.44305013627183754,lane_2,mainline,,normal,none,commit
BASIC-05,basic_long_dt_900,817,81.69999999999963,B05_TLV_CLV,cav,not_applicable,9287.620000000015,3.5,29.99999999999995,2.1316282072803006e-14,lane_1,mainline,,normal,none,commit
BASIC-05,basic_long_dt_900,818,81.79999999999963,B05_MV,cav,not_applicable,7245.999996666857,-0.05930201059225437,8.162865246528486e-07,4.0,on_ramp,on_ramp_mv,,normal,executing,commit
BASIC-05,basic_long_dt_900,818,81.79999999999963,B05_CLV,cav,not_applicable,9297.000000000005,0.0,29.999999999999957,1.7053025658242407e-14,lane_2,mainline,,normal,none,commit
BASIC-05,basic_long_dt_900,818,81.79999999999963,B05_CFV,cav,not_applicable,9254.801329421818,0.0,30.0434529309233,0.364777161232133,lane_2,mainline,,normal,none,commit
BASIC-05,basic_long_dt_900,818,81.79999999999963,B05_TLV_CLV,cav,not_applicable,9290.620000000015,3.5,29.999999999999954,1.9895196601282807e-14,lane_1,mainline,,normal,none,commit
BASIC-05,basic_long_dt_900,819,81.89999999999962,B05_MV,cav,not_applicable,7245.999996746535,-0.059302009461566385,7.967734689588464e-07,4.0,on_ramp,on_ramp_mv,,normal,executing,commit
BASIC-05,basic_long_dt_900,819,81.89999999999962,B05_CLV,cav,not_applicable,9300.000000000005,0.0,29.999999999999957,1.7053025658242407e-14,lane_2,mainline,,normal,none,commit
BASIC-05,basic_long_dt_900,819,81.89999999999962,B05_CFV,cav,not_applicable,9257.79775016441,0.0,29.964207425933203,-0.792455049900982,lane_2,mainline,,normal,none,commit
BASIC-05,basic_long_dt_900,819,81.89999999999962,B05_TLV_CLV,cav,not_applicable,9293.620000000015,3.5,29.999999999999957,1.8474111129762605e-14,lane_1,mainline,,normal,none,commit
BASIC-05,basic_long_dt_900,820,81.99999999999962,B05_MV,cav,not_applicable,7245.999996824307,-0.059302008357907,7.777269768792409e-07,4.0,on_ramp,on_ramp_mv,,normal,executing,commit
BASIC-05,basic_long_dt_900,820,81.99999999999962,B05_CLV,cav,not_applicable,9303.000000000005,0.0,29.999999999999957,1.7053025658242407e-14,lane_2,mainline,,normal,none,commit
BASIC-05,basic_long_dt_900,820,81.99999999999962,B05_CFV,cav,not_applicable,9260.794959911142,0.0,29.97209746730494,0.07890041371737844,lane_2,mainline,,normal,none,commit
BASIC-05,basic_long_dt_900,820,81.99999999999962,B05_TLV_CLV,cav,not_applicable,9296.620000000015,3.5,29.999999999999957,1.7053025658242407e-14,lane_1,mainline,,normal,none,commit
BASIC-05,basic_long_dt_900,821,82.09999999999961,B05_MV,cav,not_applicable,7245.999996900221,-0.05930200728063051,7.591357430515209e-07,4.0,on_ramp,on_ramp_mv,,normal,executing,commit
BASIC-05,basic_long_dt_900,821,82.09999999999961,B05_CLV,cav,not_applicable,9306.000000000005,0.0,29.999999999999957,1.7053025658242407e-14,lane_2,mainline,,normal,none,commit
BASIC-05,basic_long_dt_900,821,82.09999999999961,B05_CFV,cav,not_applicable,9263.800087933985,0.0,30.051280228427274,0.7918276112233097,lane_2,mainline,,normal,none,commit
BASIC-05,basic_long_dt_900,821,82.09999999999961,B05_TLV_CLV,cav,not_applicable,9299.620000000015,3.5,29.999999999999957,1.7053025658242407e-14,lane_1,mainline,,normal,none,commit
BASIC-05,basic_long_dt_900,822,82.1999999999996,B05_MV,cav,not_applicable,7245.99999697432,-0.05930200622910542,7.409888969348107e-07,4.0,on_ramp,on_ramp_mv,,normal,executing,commit
BASIC-05,basic_long_dt_900,822,82.1999999999996,B05_CLV,cav,not_applicable,9309.000000000005,0.0,29.999999999999957,1.7053025658242407e-14,lane_2,mainline,,normal,none,commit
BASIC-05,basic_long_dt_900,822,82.1999999999996,B05_CFV,cav,not_applicable,9266.800785455465,0.0,30.00697521480009,-0.44305013627183754,lane_2,mainline,,normal,none,commit
BASIC-05,basic_long_dt_900,822,82.1999999999996,B05_TLV_CLV,cav,not_applicable,9302.620000000015,3.5,29.999999999999957,1.7053025658242407e-14,lane_1,mainline,,normal,none,commit
BASIC-05,basic_long_dt_900,823,82.2999999999996,B05_MV,cav,not_applicable,7245.999997046648,-0.05930200520271711,7.232757853990517e-07,4.0,on_ramp,on_ramp_mv,,normal,executing,commit
BASIC-05,basic_long_dt_900,823,82.2999999999996,B05_CLV,cav,not_applicable,9312.000000000005,0.0,29.999999999999957,1.7053025658242407e-14,lane_2,mainline,,normal,none,commit
BASIC-05,basic_long_dt_900,823,82.2999999999996,B05_CFV,cav,not_applicable,9269.805130748558,0.0,30.0434529309233,0.364777161232133,lane_2,mainline,,normal,none,commit
BASIC-05,basic_long_dt_900,823,82.2999999999996,B05_TLV_CLV,cav,not_applicable,9305.620000000015,3.5,29.999999999999957,1.7053025658242407e-14,lane_1,mainline,,normal,none,commit
BASIC-05,basic_long_dt_900,824,82.3999999999996,B05_MV,cav,not_applicable,7245.9999971172465,-0.059302004200863845,7.059861901358205e-07,4.0,on_ramp,on_ramp_mv,,normal,executing,commit
BASIC-05,basic_long_dt_900,824,82.3999999999996,B05_CLV,cav,not_applicable,9315.000000000005,0.0,29.999999999999957,1.7053025658242407e-14,lane_2,mainline,,normal,none,commit
BASIC-05,basic_long_dt_900,824,82.3999999999996,B05_CFV,cav,not_applicable,9272.801551491151,0.0,29.964207425933203,-0.792455049900982,lane_2,mainline,,normal,none,commit
BASIC-05,basic_long_dt_900,824,82.3999999999996,B05_TLV_CLV,cav,not_applicable,9308.620000000015,3.5,29.999999999999957,1.7053025658242407e-14,lane_1,mainline,,normal,none,commit
BASIC-05,basic_long_dt_900,825,82.49999999999959,B05_MV,cav,not_applicable,7245.999997186157,-0.059302003222959865,6.891098928366937e-07,4.0,on_ramp,on_ramp_mv,,normal,executing,commit
BASIC-05,basic_long_dt_900,825,82.49999999999959,B05_CLV,cav,not_applicable,9318.000000000005,0.0,29.999999999999957,1.7053025658242407e-14,lane_2,mainline,,normal,none,commit
BASIC-05,basic_long_dt_900,825,82.49999999999959,B05_CFV,cav,not_applicable,9275.798761237882,0.0,29.97209746730494,0.07890041371737844,lane_2,mainline,,normal,none,commit
BASIC-05,basic_long_dt_900,825,82.49999999999959,B05_TLV_CLV,cav,not_applicable,9311.620000000015,3.5,29.999999999999957,1.7053025658242407e-14,lane_1,mainline,,normal,none,commit
BASIC-05,basic_long_dt_900,826,82.59999999999958,B05_MV,cav,not_applicable,7245.999997253421,-0.05930200226843185,6.726371100148831e-07,4.0,on_ramp,on_ramp_mv,,normal,executing,commit
BASIC-05,basic_long_dt_900,826,82.59999999999958,B05_CLV,cav,not_applicable,9321.000000000005,0.0,29.999999999999957,1.7053025658242407e-14,lane_2,mainline,,normal,none,commit
BASIC-05,basic_long_dt_900,826,82.59999999999958,B05_CFV,cav,not_applicable,9278.803889260726,0.0,30.051280228427274,0.7918276112233097,lane_2,mainline,,normal,none,commit
BASIC-05,basic_long_dt_900,826,82.59999999999958,B05_TLV_CLV,cav,not_applicable,9314.620000000015,3.5,29.999999999999957,1.7053025658242407e-14,lane_1,mainline,,normal,none,commit
BASIC-05,basic_long_dt_900,827,82.69999999999958,B05_MV,cav,not_applicable,7245.999997319076,-0.05930200133672159,6.565580581835999e-07,4.0,on_ramp,on_ramp_mv,,normal,executing,commit
BASIC-05,basic_long_dt_900,827,82.69999999999958,B05_CLV,cav,not_applicable,9324.000000000005,0.0,29.999999999999957,1.7053025658242407e-14,lane_2,mainline,,normal,none,commit
BASIC-05,basic_long_dt_900,827,82.69999999999958,B05_CFV,cav,not_applicable,9281.804586782206,0.0,30.00697521480009,-0.44305013627183754,lane_2,mainline,,normal,none,commit
BASIC-05,basic_long_dt_900,827,82.69999999999958,B05_TLV_CLV,cav,not_applicable,9317.620000000015,3.5,29.999999999999957,1.7053025658242407e-14,lane_1,mainline,,normal,none,commit
BASIC-05,basic_long_dt_900,828,82.79999999999957,B05_MV,cav,not_applicable,7245.999997383163,-0.059302000427283286,6.408633886776912e-07,4.0,on_ramp,on_ramp_mv,,normal,executing,commit
BASIC-05,basic_long_dt_900,828,82.79999999999957,B05_CLV,cav,not_applicable,9327.000000000005,0.0,29.999999999999957,1.7053025658242407e-14,lane_2,mainline,,normal,none,commit
BASIC-05,basic_long_dt_900,828,82.79999999999957,B05_CFV,cav,not_applicable,9284.808932075299,0.0,30.0434529309233,0.364777161232133,lane_2,mainline,,normal,none,commit
BASIC-05,basic_long_dt_900,828,82.79999999999957,B05_TLV_CLV,cav,not_applicable,9320.620000000015,3.5,29.999999999999957,1.7053025658242407e-14,lane_1,mainline,,normal,none,commit
BASIC-05,basic_long_dt_900,829,82.89999999999957,B05_MV,cav,not_applicable,7245.999997445717,-0.05930199953958448,6.255437528320034e-07,4.0,on_ramp,on_ramp_mv,,normal,executing,commit
BASIC-05,basic_long_dt_900,829,82.89999999999957,B05_CLV,cav,not_applicable,9330.000000000005,0.0,29.999999999999957,1.7053025658242407e-14,lane_2,mainline,,normal,none,commit
BASIC-05,basic_long_dt_900,829,82.89999999999957,B05_CFV,cav,not_applicable,9287.805352817892,0.0,29.964207425933203,-0.792455049900982,lane_2,mainline,,normal,none,commit
BASIC-05,basic_long_dt_900,829,82.89999999999957,B05_TLV_CLV,cav,not_applicable,9323.620000000015,3.5,29.999999999999957,1.7053025658242407e-14,lane_1,mainline,,normal,none,commit
BASIC-05,basic_long_dt_900,830,82.99999999999956,B05_MV,cav,not_applicable,7245.999997506776,-0.05930199867310604,6.105904542138358e-07,4.0,on_ramp,on_ramp_mv,,normal,executing,commit
BASIC-05,basic_long_dt_900,830,82.99999999999956,B05_CLV,cav,not_applicable,9333.000000000005,0.0,29.999999999999957,1.7053025658242407e-14,lane_2,mainline,,normal,none,commit
BASIC-05,basic_long_dt_900,830,82.99999999999956,B05_CFV,cav,not_applicable,9290.802562564622,0.0,29.97209746730494,0.07890041371737844,lane_2,mainline,,normal,none,commit
BASIC-05,basic_long_dt_900,830,82.99999999999956,B05_TLV_CLV,cav,not_applicable,9326.620000000015,3.5,29.999999999999957,1.7053025658242407e-14,lane_1,mainline,,normal,none,commit
BASIC-05,basic_long_dt_900,831,83.09999999999955,B05_MV,cav,not_applicable,7245.999997566375,-0.05930199782734036,5.959945789796701e-07,4.0,on_ramp,on_ramp_mv,,normal,executing,commit
BASIC-05,basic_long_dt_900,831,83.09999999999955,B05_CLV,cav,not_applicable,9336.000000000005,0.0,29.999999999999957,1.7053025658242407e-14,lane_2,mainline,,normal,none,commit
BASIC-05,basic_long_dt_900,831,83.09999999999955,B05_CFV,cav,not_applicable,9293.807690587466,0.0,30.051280228427274,0.7918276112233097,lane_2,mainline,,normal,none,commit
BASIC-05,basic_long_dt_900,831,83.09999999999955,B05_TLV_CLV,cav,not_applicable,9329.620000000015,3.5,29.999999999999957,1.7053025658242407e-14,lane_1,mainline,,normal,none,commit
BASIC-05,basic_long_dt_900,832,83.19999999999955,B05_MV,cav,not_applicable,7245.99999762455,-0.05930199700179184,5.817476481076231e-07,4.0,on_ramp,on_ramp_mv,,normal,executing,commit
BASIC-05,basic_long_dt_900,832,83.19999999999955,B05_CLV,cav,not_applicable,9339.000000000005,0.0,29.999999999999957,1.7053025658242407e-14,lane_2,mainline,,normal,none,commit
BASIC-05,basic_long_dt_900,832,83.19999999999955,B05_CFV,cav,not_applicable,9296.808388108946,0.0,30.00697521480009,-0.44305013627183754,lane_2,mainline,,normal,none,commit
BASIC-05,basic_long_dt_900,832,83.19999999999955,B05_TLV_CLV,cav,not_applicable,9332.620000000015,3.5,29.999999999999957,1.7053025658242407e-14,lane_1,mainline,,normal,none,commit
BASIC-05,basic_long_dt_900,833,83.29999999999954,B05_MV,cav,not_applicable,7245.999997681334,-0.05930199619597776,5.678411825758115e-07,4.0,on_ramp,on_ramp_mv,,normal,executing,commit
BASIC-05,basic_long_dt_900,833,83.29999999999954,B05_CLV,cav,not_applicable,9342.000000000005,0.0,29.999999999999957,1.7053025658242407e-14,lane_2,mainline,,normal,none,commit
BASIC-05,basic_long_dt_900,833,83.29999999999954,B05_CFV,cav,not_applicable,9299.81273340204,0.0,30.0434529309233,0.364777161232133,lane_2,mainline,,normal,none,commit
BASIC-05,basic_long_dt_900,833,83.29999999999954,B05_TLV_CLV,cav,not_applicable,9335.620000000015,3.5,29.999999999999957,1.7053025658242407e-14,lane_1,mainline,,normal,none,commit
BASIC-05,basic_long_dt_900,834,83.39999999999954,B05_MV,cav,not_applicable,7245.999997736761,-0.05930199540942693,5.54267138183987e-07,4.0,on_ramp,on_ramp_mv,,normal,executing,commit
BASIC-05,basic_long_dt_900,834,83.39999999999954,B05_CLV,cav,not_applicable,9345.000000000005,0.0,29.999999999999957,1.7053025658242407e-14,lane_2,mainline,,normal,none,commit
BASIC-05,basic_long_dt_900,834,83.39999999999954,B05_CFV,cav,not_applicable,9302.809154144632,0.0,29.964207425933203,-0.792455049900982,lane_2,mainline,,normal,none,commit
BASIC-05,basic_long_dt_900,834,83.39999999999954,B05_TLV_CLV,cav,not_applicable,9338.620000000015,3.5,29.999999999999957,1.7053025658242407e-14,lane_1,mainline,,normal,none,commit
BASIC-05,basic_long_dt_900,835,83.49999999999953,B05_MV,cav,not_applicable,7245.999997790863,-0.05930199464167796,5.410176881427191e-07,4.0,on_ramp,on_ramp_mv,,normal,executing,commit
BASIC-05,basic_long_dt_900,835,83.49999999999953,B05_CLV,cav,not_applicable,9348.000000000005,0.0,29.999999999999957,1.7053025658242407e-14,lane_2,mainline,,normal,none,commit
BASIC-05,basic_long_dt_900,835,83.49999999999953,B05_CFV,cav,not_applicable,9305.806363891363,0.0,29.97209746730494,0.07890041371737844,lane_2,mainline,,normal,none,commit
BASIC-05,basic_long_dt_900,835,83.49999999999953,B05_TLV_CLV,cav,not_applicable,9341.620000000015,3.5,29.999999999999957,1.7053025658242407e-14,lane_1,mainline,,normal,none,commit
BASIC-05,basic_long_dt_900,836,83.59999999999953,B05_MV,cav,not_applicable,7245.999997843672,-0.05930199389228186,5.280847882517593e-07,4.0,on_ramp,on_ramp_mv,,normal,executing,commit
BASIC-05,basic_long_dt_900,836,83.59999999999953,B05_CLV,cav,not_applicable,9351.000000000005,0.0,29.999999999999957,1.7053025658242407e-14,lane_2,mainline,,normal,none,commit
BASIC-05,basic_long_dt_900,836,83.59999999999953,B05_CFV,cav,not_applicable,9308.811491914206,0.0,30.051280228427274,0.7918276112233097,lane_2,mainline,,normal,none,commit
BASIC-05,basic_long_dt_900,836,83.59999999999953,B05_TLV_CLV,cav,not_applicable,9344.620000000015,3.5,29.999999999999957,1.7053025658242407e-14,lane_1,mainline,,normal,none,commit
BASIC-05,basic_long_dt_900,837,83.69999999999952,B05_MV,cav,not_applicable,7245.999997895218,-0.05930199316079987,5.154610465433123e-07,4.0,on_ramp,on_ramp_mv,,normal,executing,commit
BASIC-05,basic_long_dt_900,837,83.69999999999952,B05_CLV,cav,not_applicable,9354.000000000005,0.0,29.999999999999957,1.7053025658242407e-14,lane_2,mainline,,normal,none,commit
BASIC-05,basic_long_dt_900,837,83.69999999999952,B05_CFV,cav,not_applicable,9311.812189435686,0.0,30.00697521480009,-0.44305013627183754,lane_2,mainline,,normal,none,commit
BASIC-05,basic_long_dt_900,837,83.69999999999952,B05_TLV_CLV,cav,not_applicable,9347.620000000015,3.5,29.999999999999957,1.7053025658242407e-14,lane_1,mainline,,normal,none,commit
BASIC-05,basic_long_dt_900,838,83.79999999999951,B05_MV,cav,not_applicable,7245.999997945532,-0.0593019924468039,5.031390710495821e-07,4.0,on_ramp,on_ramp_mv,,normal,executing,commit
BASIC-05,basic_long_dt_900,838,83.79999999999951,B05_CLV,cav,not_applicable,9357.000000000005,0.0,29.999999999999957,1.7053025658242407e-14,lane_2,mainline,,normal,none,commit
BASIC-05,basic_long_dt_900,838,83.79999999999951,B05_CFV,cav,not_applicable,9314.81653472878,0.0,30.0434529309233,0.364777161232133,lane_2,mainline,,normal,none,commit
BASIC-05,basic_long_dt_900,838,83.79999999999951,B05_TLV_CLV,cav,not_applicable,9350.620000000015,3.5,29.999999999999957,1.7053025658242407e-14,lane_1,mainline,,normal,none,commit
BASIC-05,basic_long_dt_900,839,83.89999999999951,B05_MV,cav,not_applicable,7245.999997994643,-0.05930199174987516,4.911116872135908e-07,4.0,on_ramp,on_ramp_mv,,normal,executing,commit
BASIC-05,basic_long_dt_900,839,83.89999999999951,B05_CLV,cav,not_applicable,9360.000000000005,0.0,29.999999999999957,1.7053025658242407e-14,lane_2,mainline,,normal,none,commit
BASIC-05,basic_long_dt_900,839,83.89999999999951,B05_CFV,cav,not_applicable,9317.812955471372,0.0,29.964207425933203,-0.792455049900982,lane_2,mainline,,normal,none,commit
BASIC-05,basic_long_dt_900,839,83.89999999999951,B05_TLV_CLV,cav,not_applicable,9353.620000000015,3.5,29.999999999999957,1.7053025658242407e-14,lane_1,mainline,,normal,none,commit
BASIC-05,basic_long_dt_900,840,83.9999999999995,B05_MV,cav,not_applicable,7245.999998042581,-0.05930199106960732,4.793719378891776e-07,4.0,on_ramp,on_ramp_mv,,normal,executing,commit
BASIC-05,basic_long_dt_900,840,83.9999999999995,B05_CLV,cav,not_applicable,9363.000000000005,0.0,29.999999999999957,1.7053025658242407e-14,lane_2,mainline,,normal,none,commit
BASIC-05,basic_long_dt_900,840,83.9999999999995,B05_CFV,cav,not_applicable,9320.810165218103,0.0,29.97209746730494,0.07890041371737844,lane_2,mainline,,normal,none,commit
BASIC-05,basic_long_dt_900,840,83.9999999999995,B05_TLV_CLV,cav,not_applicable,9356.620000000015,3.5,29.999999999999957,1.7053025658242407e-14,lane_1,mainline,,normal,none,commit
BASIC-05,basic_long_dt_900,841,84.0999999999995,B05_MV,cav,not_applicable,7245.999998089373,-0.05930199040560025,4.679126485193645e-07,4.0,on_ramp,on_ramp_mv,,normal,executing,commit
BASIC-05,basic_long_dt_900,841,84.0999999999995,B05_CLV,cav,not_applicable,9366.000000000005,0.0,29.999999999999957,1.7053025658242407e-14,lane_2,mainline,,normal,none,commit
BASIC-05,basic_long_dt_900,841,84.0999999999995,B05_CFV,cav,not_applicable,9323.815293240947,0.0,30.051280228427274,0.7918276112233097,lane_2,mainline,,normal,none,commit
BASIC-05,basic_long_dt_900,841,84.0999999999995,B05_TLV_CLV,cav,not_applicable,9359.620000000015,3.5,29.999999999999957,1.7053025658242407e-14,lane_1,mainline,,normal,none,commit
BASIC-05,basic_long_dt_900,842,84.19999999999949,B05_MV,cav,not_applicable,7245.999998135046,-0.05930198975746581,4.567272967796258e-07,4.0,on_ramp,on_ramp_mv,,normal,executing,commit
BASIC-05,basic_long_dt_900,842,84.19999999999949,B05_CLV,cav,not_applicable,9369.000000000005,0.0,29.999999999999957,1.7053025658242407e-14,lane_2,mainline,,normal,none,commit
BASIC-05,basic_long_dt_900,842,84.19999999999949,B05_CFV,cav,not_applicable,9326.815990762427,0.0,30.00697521480009,-0.44305013627183754,lane_2,mainline,,normal,none,commit
BASIC-05,basic_long_dt_900,842,84.19999999999949,B05_TLV_CLV,cav,not_applicable,9362.620000000015,3.5,29.999999999999957,1.7053025658242407e-14,lane_1,mainline,,normal,none,commit
BASIC-05,basic_long_dt_900,843,84.29999999999949,B05_MV,cav,not_applicable,7245.999998179626,-0.05930198912482565,4.45809360345436e-07,4.0,on_ramp,on_ramp_mv,,normal,executing,commit
BASIC-05,basic_long_dt_900,843,84.29999999999949,B05_CLV,cav,not_applicable,9372.000000000005,0.0,29.999999999999957,1.7053025658242407e-14,lane_2,mainline,,normal,none,commit
BASIC-05,basic_long_dt_900,843,84.29999999999949,B05_CFV,cav,not_applicable,9329.82033605552,0.0,30.0434529309233,0.364777161232133,lane_2,mainline,,normal,none,commit
BASIC-05,basic_long_dt_900,843,84.29999999999949,B05_TLV_CLV,cav,not_applicable,9365.620000000015,3.5,29.999999999999957,1.7053025658242407e-14,lane_1,mainline,,normal,none,commit
BASIC-05,basic_long_dt_900,844,84.39999999999948,B05_MV,cav,not_applicable,7245.999998223142,-0.05930198850730761,4.3515253430308703e-07,4.0,on_ramp,on_ramp_mv,,normal,executing,commit
BASIC-05,basic_long_dt_900,844,84.39999999999948,B05_CLV,cav,not_applicable,9375.000000000005,0.0,29.999999999999957,1.7053025658242407e-14,lane_2,mainline,,normal,none,commit
BASIC-05,basic_long_dt_900,844,84.39999999999948,B05_CFV,cav,not_applicable,9332.816756798113,0.0,29.964207425933203,-0.792455049900982,lane_2,mainline,,normal,none,commit
BASIC-05,basic_long_dt_900,844,84.39999999999948,B05_TLV_CLV,cav,not_applicable,9368.620000000015,3.5,29.999999999999957,1.7053025658242407e-14,lane_1,mainline,,normal,none,commit
BASIC-05,basic_long_dt_900,845,84.49999999999947,B05_MV,cav,not_applicable,7245.999998265617,-0.059301987904551545,4.2475029632805327e-07,4.0,on_ramp,on_ramp_mv,,normal,executing,commit
BASIC-05,basic_long_dt_900,845,84.49999999999947,B05_CLV,cav,not_applicable,9378.000000000005,0.0,29.999999999999957,1.7053025658242407e-14,lane_2,mainline,,normal,none,commit
BASIC-05,basic_long_dt_900,845,84.49999999999947,B05_CFV,cav,not_applicable,9335.813966544843,0.0,29.97209746730494,0.07890041371737844,lane_2,mainline,,normal,none,commit
BASIC-05,basic_long_dt_900,845,84.49999999999947,B05_TLV_CLV,cav,not_applicable,9371.620000000015,3.5,29.999999999999957,1.7053025658242407e-14,lane_1,mainline,,normal,none,commit
BASIC-05,basic_long_dt_900,846,84.59999999999947,B05_MV,cav,not_applicable,7245.999998307077,-0.059301987316204396,4.145967763282617e-07,4.0,on_ramp,on_ramp_mv,,normal,executing,commit
BASIC-05,basic_long_dt_900,846,84.59999999999947,B05_CLV,cav,not_applicable,9381.000000000005,0.0,29.999999999999957,1.7053025658242407e-14,lane_2,mainline,,normal,none,commit
BASIC-05,basic_long_dt_900,846,84.59999999999947,B05_CFV,cav,not_applicable,9338.819094567687,0.0,30.051280228427274,0.7918276112233097,lane_2,mainline,,normal,none,commit
BASIC-05,basic_long_dt_900,846,84.59999999999947,B05_TLV_CLV,cav,not_applicable,9374.620000000015,3.5,29.999999999999957,1.7053025658242407e-14,lane_1,mainline,,normal,none,commit
BASIC-05,basic_long_dt_900,847,84.69999999999946,B05_MV,cav,not_applicable,7245.999998347545,-0.05930198674192155,4.046861042116394e-07,4.0,on_ramp,on_ramp_mv,,normal,executing,commit
BASIC-05,basic_long_dt_900,847,84.69999999999946,B05_CLV,cav,not_applicable,9384.000000000005,0.0,29.999999999999957,1.7053025658242407e-14,lane_2,mainline,,normal,none,commit
BASIC-05,basic_long_dt_900,847,84.69999999999946,B05_CFV,cav,not_applicable,9341.819792089167,0.0,30.00697521480009,-0.44305013627183754,lane_2,mainline,,normal,none,commit
BASIC-05,basic_long_dt_900,847,84.69999999999946,B05_TLV_CLV,cav,not_applicable,9377.620000000015,3.5,29.999999999999957,1.7053025658242407e-14,lane_1,mainline,,normal,none,commit
BASIC-05,basic_long_dt_900,848,84.79999999999946,B05_MV,cav,not_applicable,7245.999998387047,-0.059301986181366395,3.9501219247529565e-07,4.0,on_ramp,on_ramp_mv,,normal,executing,commit
BASIC-05,basic_long_dt_900,848,84.79999999999946,B05_CLV,cav,not_applicable,9387.000000000005,0.0,29.999999999999957,1.7053025658242407e-14,lane_2,mainline,,normal,none,commit
BASIC-05,basic_long_dt_900,848,84.79999999999946,B05_CFV,cav,not_applicable,9344.82413738226,0.0,30.0434529309233,0.364777161232133,lane_2,mainline,,normal,none,commit
BASIC-05,basic_long_dt_900,848,84.79999999999946,B05_TLV_CLV,cav,not_applicable,9380.620000000015,3.5,29.999999999999957,1.7053025658242407e-14,lane_1,mainline,,normal,none,commit
BASIC-05,basic_long_dt_900,849,84.89999999999945,B05_MV,cav,not_applicable,7245.999998425604,-0.059301985634211185,3.855696058487926e-07,4.0,on_ramp,on_ramp_mv,,normal,executing,commit
BASIC-05,basic_long_dt_900,849,84.89999999999945,B05_CLV,cav,not_applicable,9390.000000000005,0.0,29.999999999999957,1.7053025658242407e-14,lane_2,mainline,,normal,none,commit
BASIC-05,basic_long_dt_900,849,84.89999999999945,B05_CFV,cav,not_applicable,9347.820558124853,0.0,29.964207425933203,-0.792455049900982,lane_2,mainline,,normal,none,commit
BASIC-05,basic_long_dt_900,849,84.89999999999945,B05_TLV_CLV,cav,not_applicable,9383.620000000015,3.5,29.999999999999957,1.7053025658242407e-14,lane_1,mainline,,normal,none,commit
BASIC-05,basic_long_dt_900,850,84.99999999999945,B05_MV,cav,not_applicable,7245.999998463239,-0.059301985100135735,3.7635269165087465e-07,4.0,on_ramp,on_ramp_mv,,normal,executing,commit
BASIC-05,basic_long_dt_900,850,84.99999999999945,B05_CLV,cav,not_applicable,9393.000000000005,0.0,29.999999999999957,1.7053025658242407e-14,lane_2,mainline,,normal,none,commit
BASIC-05,basic_long_dt_900,850,84.99999999999945,B05_CFV,cav,not_applicable,9350.817767871584,0.0,29.97209746730494,0.07890041371737844,lane_2,mainline,,normal,none,commit
BASIC-05,basic_long_dt_900,850,84.99999999999945,B05_TLV_CLV,cav,not_applicable,9386.620000000015,3.5,29.999999999999957,1.7053025658242407e-14,lane_1,mainline,,normal,none,commit
BASIC-05,basic_long_dt_900,851,85.09999999999944,B05_MV,cav,not_applicable,7245.999998499974,-0.059301984578826517,3.6735623202192144e-07,4.0,on_ramp,on_ramp_mv,,normal,executing,commit
BASIC-05,basic_long_dt_900,851,85.09999999999944,B05_CLV,cav,not_applicable,9396.000000000005,0.0,29.999999999999957,1.7053025658242407e-14,lane_2,mainline,,normal,none,commit
BASIC-05,basic_long_dt_900,851,85.09999999999944,B05_CFV,cav,not_applicable,9353.822895894427,0.0,30.051280228427274,0.7918276112233097,lane_2,mainline,,normal,none,commit
BASIC-05,basic_long_dt_900,851,85.09999999999944,B05_TLV_CLV,cav,not_applicable,9389.620000000015,3.5,29.999999999999957,1.7053025658242407e-14,lane_1,mainline,,normal,none,commit
BASIC-05,basic_long_dt_900,852,85.19999999999943,B05_MV,cav,not_applicable,7245.999998535832,-0.05930198406997933,3.5857479169149486e-07,4.0,on_ramp,on_ramp_mv,,normal,executing,commit
BASIC-05,basic_long_dt_900,852,85.19999999999943,B05_CLV,cav,not_applicable,9399.000000000005,0.0,29.999999999999957,1.7053025658242407e-14,lane_2,mainline,,normal,none,commit
BASIC-05,basic_long_dt_900,852,85.19999999999943,B05_CFV,cav,not_applicable,9356.823593415907,0.0,30.00697521480009,-0.44305013627183754,lane_2,mainline,,normal,none,commit
BASIC-05,basic_long_dt_900,852,85.19999999999943,B05_TLV_CLV,cav,not_applicable,9392.620000000015,3.5,29.999999999999957,1.7053025658242407e-14,lane_1,mainline,,normal,none,commit
BASIC-05,basic_long_dt_900,853,85.29999999999943,B05_MV,cav,not_applicable,7245.999998570832,-0.05930198357329575,3.500031527999746e-07,4.0,on_ramp,on_ramp_mv,,normal,executing,commit
BASIC-05,basic_long_dt_900,853,85.29999999999943,B05_CLV,cav,not_applicable,9402.000000000005,0.0,29.999999999999957,1.7053025658242407e-14,lane_2,mainline,,normal,none,commit
BASIC-05,basic_long_dt_900,853,85.29999999999943,B05_CFV,cav,not_applicable,9359.827938709,0.0,30.0434529309233,0.364777161232133,lane_2,mainline,,normal,none,commit
BASIC-05,basic_long_dt_900,853,85.29999999999943,B05_TLV_CLV,cav,not_applicable,9395.620000000015,3.5,29.999999999999957,1.7053025658242407e-14,lane_1,mainline,,normal,none,commit
BASIC-05,basic_long_dt_900,854,85.39999999999942,B05_MV,cav,not_applicable,7245.999998604995,-0.05930198308848489,3.416365323093751e-07,4.0,on_ramp,on_ramp_mv,,normal,executing,commit
BASIC-05,basic_long_dt_900,854,85.39999999999942,B05_CLV,cav,not_applicable,9405.000000000005,0.0,29.999999999999957,1.7053025658242407e-14,lane_2,mainline,,normal,none,commit
BASIC-05,basic_long_dt_900,854,85.39999999999942,B05_CFV,cav,not_applicable,9362.824359451593,0.0,29.964207425933203,-0.792455049900982,lane_2,mainline,,normal,none,commit
BASIC-05,basic_long_dt_900,854,85.39999999999942,B05_TLV_CLV,cav,not_applicable,9398.620000000015,3.5,29.999999999999957,1.7053025658242407e-14,lane_1,mainline,,normal,none,commit
BASIC-05,basic_long_dt_900,855,85.49999999999942,B05_MV,cav,not_applicable,7245.999998638342,-0.05930198261526387,3.334699297708934e-07,4.0,on_ramp,on_ramp_mv,,normal,executing,commit
BASIC-05,basic_long_dt_900,855,85.49999999999942,B05_CLV,cav,not_applicable,9408.000000000005,0.0,29.999999999999957,1.7053025658242407e-14,lane_2,mainline,,normal,none,commit
BASIC-05,basic_long_dt_900,855,85.49999999999942,B05_CFV,cav,not_applicable,9365.821569198324,0.0,29.97209746730494,0.07890041371737844,lane_2,mainline,,normal,none,commit
BASIC-05,basic_long_dt_900,855,85.49999999999942,B05_TLV_CLV,cav,not_applicable,9401.620000000015,3.5,29.999999999999957,1.7053025658242407e-14,lane_1,mainline,,normal,none,commit
BASIC-05,basic_long_dt_900,856,85.59999999999941,B05_MV,cav,not_applicable,7245.999998670892,-0.05930198215335425,3.2549856214654424e-07,4.0,on_ramp,on_ramp_mv,,normal,executing,commit
BASIC-05,basic_long_dt_900,856,85.59999999999941,B05_CLV,cav,not_applicable,9411.000000000005,0.0,29.999999999999957,1.7053025658242407e-14,lane_2,mainline,,normal,none,commit
BASIC-05,basic_long_dt_900,856,85.59999999999941,B05_CFV,cav,not_applicable,9368.826697221168,0.0,30.051280228427274,0.7918276112233097,lane_2,mainline,,normal,none,commit
BASIC-05,basic_long_dt_900,856,85.59999999999941,B05_TLV_CLV,cav,not_applicable,9404.620000000015,3.5,29.999999999999957,1.7053025658242407e-14,lane_1,mainline,,normal,none,commit
BASIC-05,basic_long_dt_900,857,85.6999999999994,B05_MV,cav,not_applicable,7245.999998702663,-0.059301981702486906,3.17717646398342e-07,4.0,on_ramp,on_ramp_mv,,normal,executing,commit
BASIC-05,basic_long_dt_900,857,85.6999999999994,B05_CLV,cav,not_applicable,9414.000000000005,0.0,29.999999999999957,1.7053025658242407e-14,lane_2,mainline,,normal,none,commit
BASIC-05,basic_long_dt_900,857,85.6999999999994,B05_CFV,cav,not_applicable,9371.827394742648,0.0,30.00697521480009,-0.44305013627183754,lane_2,mainline,,normal,none,commit
BASIC-05,basic_long_dt_900,857,85.6999999999994,B05_TLV_CLV,cav,not_applicable,9407.620000000015,3.5,29.999999999999957,1.7053025658242407e-14,lane_1,mainline,,normal,none,commit
BASIC-05,basic_long_dt_900,858,85.7999999999994,B05_MV,cav,not_applicable,7245.999998733675,-0.05930198126239672,3.1012283430993643e-07,4.0,on_ramp,on_ramp_mv,,normal,executing,commit
BASIC-05,basic_long_dt_900,858,85.7999999999994,B05_CLV,cav,not_applicable,9417.000000000005,0.0,29.999999999999957,1.7053025658242407e-14,lane_2,mainline,,normal,none,commit
BASIC-05,basic_long_dt_900,858,85.7999999999994,B05_CFV,cav,not_applicable,9374.831740035741,0.0,30.0434529309233,0.364777161232133,lane_2,mainline,,normal,none,commit
BASIC-05,basic_long_dt_900,858,85.7999999999994,B05_TLV_CLV,cav,not_applicable,9410.620000000015,3.5,29.999999999999957,1.7053025658242407e-14,lane_1,mainline,,normal,none,commit
BASIC-05,basic_long_dt_900,859,85.8999999999994,B05_MV,cav,not_applicable,7245.999998763946,-0.05930198083282656,3.027095602541595e-07,4.0,on_ramp,on_ramp_mv,,normal,executing,commit
BASIC-05,basic_long_dt_900,859,85.8999999999994,B05_CLV,cav,not_applicable,9420.000000000005,0.0,29.999999999999957,1.7053025658242407e-14,lane_2,mainline,,normal,none,commit
BASIC-05,basic_long_dt_900,859,85.8999999999994,B05_CFV,cav,not_applicable,9377.828160778334,0.0,29.964207425933203,-0.792455049900982,lane_2,mainline,,normal,none,commit
BASIC-05,basic_long_dt_900,859,85.8999999999994,B05_TLV_CLV,cav,not_applicable,9413.620000000015,3.5,29.999999999999957,1.7053025658242407e-14,lane_1,mainline,,normal,none,commit
BASIC-05,basic_long_dt_900,860,85.99999999999939,B05_MV,cav,not_applicable,7245.999998793493,-0.05930198041352508,2.9547347601466097e-07,4.0,on_ramp,on_ramp_mv,,normal,executing,commit
BASIC-05,basic_long_dt_900,860,85.99999999999939,B05_CLV,cav,not_applicable,9423.000000000005,0.0,29.999999999999957,1.7053025658242407e-14,lane_2,mainline,,normal,none,commit
BASIC-05,basic_long_dt_900,860,85.99999999999939,B05_CFV,cav,not_applicable,9380.825370525064,0.0,29.97209746730494,0.07890041371737844,lane_2,mainline,,normal,none,commit
BASIC-05,basic_long_dt_900,860,85.99999999999939,B05_TLV_CLV,cav,not_applicable,9416.620000000015,3.5,29.999999999999957,1.7053025658242407e-14,lane_1,mainline,,normal,none,commit
BASIC-05,basic_long_dt_900,861,86.09999999999938,B05_MV,cav,not_applicable,7245.999998822334,-0.05930198000424758,2.8841023337509035e-07,4.0,on_ramp,on_ramp_mv,,normal,executing,commit
BASIC-05,basic_long_dt_900,861,86.09999999999938,B05_CLV,cav,not_applicable,9426.000000000005,0.0,29.999999999999957,1.7053025658242407e-14,lane_2,mainline,,normal,none,commit
BASIC-05,basic_long_dt_900,861,86.09999999999938,B05_CFV,cav,not_applicable,9383.830498547908,0.0,30.051280228427274,0.7918276112233097,lane_2,mainline,,normal,none,commit
BASIC-05,basic_long_dt_900,861,86.09999999999938,B05_TLV_CLV,cav,not_applicable,9419.620000000015,3.5,29.999999999999957,1.7053025658242407e-14,lane_1,mainline,,normal,none,commit
BASIC-05,basic_long_dt_900,862,86.19999999999938,B05_MV,cav,not_applicable,7245.999998850486,-0.05930197960475292,2.8151591894073227e-07,4.0,on_ramp,on_ramp_mv,,normal,executing,commit
BASIC-05,basic_long_dt_900,862,86.19999999999938,B05_CLV,cav,not_applicable,9429.000000000005,0.0,29.999999999999957,1.7053025658242407e-14,lane_2,mainline,,normal,none,commit
BASIC-05,basic_long_dt_900,862,86.19999999999938,B05_CFV,cav,not_applicable,9386.831196069388,0.0,30.00697521480009,-0.44305013627183754,lane_2,mainline,,normal,none,commit
BASIC-05,basic_long_dt_900,862,86.19999999999938,B05_TLV_CLV,cav,not_applicable,9422.620000000015,3.5,29.999999999999957,1.7053025658242407e-14,lane_1,mainline,,normal,none,commit
BASIC-05,basic_long_dt_900,863,86.29999999999937,B05_MV,cav,not_applicable,7245.999998877965,-0.0593019792148084,2.7478640190605395e-07,4.0,on_ramp,on_ramp_mv,,normal,executing,commit
BASIC-05,basic_long_dt_900,863,86.29999999999937,B05_CLV,cav,not_applicable,9432.000000000005,0.0,29.999999999999957,1.7053025658242407e-14,lane_2,mainline,,normal,none,commit
BASIC-05,basic_long_dt_900,863,86.29999999999937,B05_CFV,cav,not_applicable,9389.835541362481,0.0,30.0434529309233,0.364777161232133,lane_2,mainline,,normal,none,commit
BASIC-05,basic_long_dt_900,863,86.29999999999937,B05_TLV_CLV,cav,not_applicable,9425.620000000015,3.5,29.999999999999957,1.7053025658242407e-14,lane_1,mainline,,normal,none,commit
BASIC-05,basic_long_dt_900,864,86.39999999999937,B05_MV,cav,not_applicable,7245.9999989047865,-0.05930197883418575,2.6821776887634e-07,4.0,on_ramp,on_ramp_mv,,normal,executing,commit
BASIC-05,basic_long_dt_900,864,86.39999999999937,B05_CLV,cav,not_applicable,9435.000000000005,0.0,29.999999999999957,1.7053025658242407e-14,lane_2,mainline,,normal,none,commit
BASIC-05,basic_long_dt_900,864,86.39999999999937,B05_CFV,cav,not_applicable,9392.831962105074,0.0,29.964207425933203,-0.792455049900982,lane_2,mainline,,normal,none,commit
BASIC-05,basic_long_dt_900,864,86.39999999999937,B05_TLV_CLV,cav,not_applicable,9428.620000000015,3.5,29.999999999999957,1.7053025658242407e-14,lane_1,mainline,,normal,none,commit
BASIC-05,basic_long_dt_900,865,86.49999999999936,B05_MV,cav,not_applicable,7245.999998930967,-0.05930197846266072,2.61806106456875e-07,4.0,on_ramp,on_ramp_mv,,normal,executing,commit
BASIC-05,basic_long_dt_900,865,86.49999999999936,B05_CLV,cav,not_applicable,9438.000000000005,0.0,29.999999999999957,1.7053025658242407e-14,lane_2,mainline,,normal,none,commit
BASIC-05,basic_long_dt_900,865,86.49999999999936,B05_CFV,cav,not_applicable,9395.829171851805,0.0,29.97209746730494,0.07890041371737844,lane_2,mainline,,normal,none,commit
BASIC-05,basic_long_dt_900,865,86.49999999999936,B05_TLV_CLV,cav,not_applicable,9431.620000000015,3.5,29.999999999999957,1.7053025658242407e-14,lane_1,mainline,,normal,none,commit
BASIC-05,basic_long_dt_900,866,86.59999999999935,B05_MV,cav,not_applicable,7245.999998956522,-0.05930197810001747,2.5554771866376124e-07,4.0,on_ramp,on_ramp_mv,,normal,executing,commit
BASIC-05,basic_long_dt_900,866,86.59999999999935,B05_CLV,cav,not_applicable,9441.000000000005,0.0,29.999999999999957,1.7053025658242407e-14,lane_2,mainline,,normal,none,commit
BASIC-05,basic_long_dt_900,866,86.59999999999935,B05_CFV,cav,not_applicable,9398.834299874648,0.0,30.051280228427274,0.7918276112233097,lane_2,mainline,,normal,none,commit
BASIC-05,basic_long_dt_900,866,86.59999999999935,B05_TLV_CLV,cav,not_applicable,9434.620000000015,3.5,29.999999999999957,1.7053025658242407e-14,lane_1,mainline,,normal,none,commit
BASIC-05,basic_long_dt_900,867,86.69999999999935,B05_MV,cav,not_applicable,7245.999998981466,-0.059301977746042844,2.4943890951310085e-07,4.0,on_ramp,on_ramp_mv,,normal,executing,commit
BASIC-05,basic_long_dt_900,867,86.69999999999935,B05_CLV,cav,not_applicable,9444.000000000005,0.0,29.999999999999957,1.7053025658242407e-14,lane_2,mainline,,normal,none,commit
BASIC-05,basic_long_dt_900,867,86.69999999999935,B05_CFV,cav,not_applicable,9401.834997396129,0.0,30.00697521480009,-0.44305013627183754,lane_2,mainline,,normal,none,commit
BASIC-05,basic_long_dt_900,867,86.69999999999935,B05_TLV_CLV,cav,not_applicable,9437.620000000015,3.5,29.999999999999957,1.7053025658242407e-14,lane_1,mainline,,normal,none,commit
BASIC-05,basic_long_dt_900,868,86.79999999999934,B05_MV,cav,not_applicable,7245.999999005813,-0.05930197740052989,2.4347620043181347e-07,4.0,on_ramp,on_ramp_mv,,normal,executing,commit
BASIC-05,basic_long_dt_900,868,86.79999999999934,B05_CLV,cav,not_applicable,9447.000000000005,0.0,29.999999999999957,1.7053025658242407e-14,lane_2,mainline,,normal,none,commit
BASIC-05,basic_long_dt_900,868,86.79999999999934,B05_CFV,cav,not_applicable,9404.839342689222,0.0,30.0434529309233,0.364777161232133,lane_2,mainline,,normal,none,commit
BASIC-05,basic_long_dt_900,868,86.79999999999934,B05_TLV_CLV,cav,not_applicable,9440.620000000015,3.5,29.999999999999957,1.7053025658242407e-14,lane_1,mainline,,normal,none,commit
BASIC-05,basic_long_dt_900,869,86.89999999999934,B05_MV,cav,not_applicable,7245.999999029579,-0.05930197706327611,2.376561128468188e-07,4.0,on_ramp,on_ramp_mv,,normal,executing,commit
BASIC-05,basic_long_dt_900,869,86.89999999999934,B05_CLV,cav,not_applicable,9450.000000000005,0.0,29.999999999999957,1.7053025658242407e-14,lane_2,mainline,,normal,none,commit
BASIC-05,basic_long_dt_900,869,86.89999999999934,B05_CFV,cav,not_applicable,9407.835763431814,0.0,29.964207425933203,-0.792455049900982,lane_2,mainline,,normal,none,commit
BASIC-05,basic_long_dt_900,869,86.89999999999934,B05_TLV_CLV,cav,not_applicable,9443.620000000015,3.5,29.999999999999957,1.7053025658242407e-14,lane_1,mainline,,normal,none,commit
BASIC-05,basic_long_dt_900,870,86.99999999999933,B05_MV,cav,not_applicable,7245.999999052777,-0.05930197673408433,2.3197495077421907e-07,4.0,on_ramp,on_ramp_mv,,normal,executing,commit
BASIC-05,basic_long_dt_900,870,86.99999999999933,B05_CLV,cav,not_applicable,9453.000000000005,0.0,29.999999999999957,1.7053025658242407e-14,lane_2,mainline,,normal,none,commit
BASIC-05,basic_long_dt_900,870,86.99999999999933,B05_CFV,cav,not_applicable,9410.832973178545,0.0,29.97209746730494,0.07890041371737844,lane_2,mainline,,normal,none,commit
BASIC-05,basic_long_dt_900,870,86.99999999999933,B05_TLV_CLV,cav,not_applicable,9446.620000000015,3.5,29.999999999999957,1.7053025658242407e-14,lane_1,mainline,,normal,none,commit
BASIC-05,basic_long_dt_900,871,87.09999999999933,B05_MV,cav,not_applicable,7245.9999990754195,-0.05930197641276225,2.2642967046256897e-07,4.0,on_ramp,on_ramp_mv,,normal,executing,commit
BASIC-05,basic_long_dt_900,871,87.09999999999933,B05_CLV,cav,not_applicable,9456.000000000005,0.0,29.999999999999957,1.7053025658242407e-14,lane_2,mainline,,normal,none,commit
BASIC-05,basic_long_dt_900,871,87.09999999999933,B05_CFV,cav,not_applicable,9413.838101201389,0.0,30.051280228427274,0.7918276112233097,lane_2,mainline,,normal,none,commit
BASIC-05,basic_long_dt_900,871,87.09999999999933,B05_TLV_CLV,cav,not_applicable,9449.620000000015,3.5,29.999999999999957,1.7053025658242407e-14,lane_1,mainline,,normal,none,commit
BASIC-05,basic_long_dt_900,872,87.19999999999932,B05_MV,cav,not_applicable,7245.999999097521,-0.05930197609912069,2.2101701074960572e-07,4.0,on_ramp,on_ramp_mv,,normal,executing,commit
BASIC-05,basic_long_dt_900,872,87.19999999999932,B05_CLV,cav,not_applicable,9459.000000000005,0.0,29.999999999999957,1.7053025658242407e-14,lane_2,mainline,,normal,none,commit
BASIC-05,basic_long_dt_900,872,87.19999999999932,B05_CFV,cav,not_applicable,9416.838798722869,0.0,30.00697521480009,-0.44305013627183754,lane_2,mainline,,normal,none,commit
BASIC-05,basic_long_dt_900,872,87.19999999999932,B05_TLV_CLV,cav,not_applicable,9452.620000000015,3.5,29.999999999999957,1.7053025658242407e-14,lane_1,mainline,,normal,none,commit
BASIC-05,basic_long_dt_900,873,87.29999999999932,B05_MV,cav,not_applicable,7245.999999119094,-0.05930197579297669,2.157337104730665e-07,4.0,on_ramp,on_ramp_mv,,normal,executing,commit
BASIC-05,basic_long_dt_900,873,87.29999999999932,B05_CLV,cav,not_applicable,9462.000000000005,0.0,29.999999999999957,1.7053025658242407e-14,lane_2,mainline,,normal,none,commit
BASIC-05,basic_long_dt_900,873,87.29999999999932,B05_CFV,cav,not_applicable,9419.843144015962,0.0,30.0434529309233,0.364777161232133,lane_2,mainline,,normal,none,commit
BASIC-05,basic_long_dt_900,873,87.29999999999932,B05_TLV_CLV,cav,not_applicable,9455.620000000015,3.5,29.999999999999957,1.7053025658242407e-14,lane_1,mainline,,normal,none,commit
BASIC-05,basic_long_dt_900,874,87.39999999999931,B05_MV,cav,not_applicable,7245.999999140152,-0.05930197549415084,2.1057672588150608e-07,4.0,on_ramp,on_ramp_mv,,normal,executing,commit
BASIC-05,basic_long_dt_900,874,87.39999999999931,B05_CLV,cav,not_applicable,9465.000000000005,0.0,29.999999999999957,1.7053025658242407e-14,lane_2,mainline,,normal,none,commit
BASIC-05,basic_long_dt_900,874,87.39999999999931,B05_CFV,cav,not_applicable,9422.839564758555,0.0,29.964207425933203,-0.792455049900982,lane_2,mainline,,normal,none,commit
BASIC-05,basic_long_dt_900,874,87.39999999999931,B05_TLV_CLV,cav,not_applicable,9458.620000000015,3.5,29.999999999999957,1.7053025658242407e-14,lane_1,mainline,,normal,none,commit
BASIC-05,basic_long_dt_900,875,87.4999999999993,B05_MV,cav,not_applicable,7245.9999991607065,-0.05930197520246816,2.0554301322347913e-07,4.0,on_ramp,on_ramp_mv,,normal,executing,commit
BASIC-05,basic_long_dt_900,875,87.4999999999993,B05_CLV,cav,not_applicable,9468.000000000005,0.0,29.999999999999957,1.7053025658242407e-14,lane_2,mainline,,normal,none,commit
BASIC-05,basic_long_dt_900,875,87.4999999999993,B05_CFV,cav,not_applicable,9425.836774505286,0.0,29.97209746730494,0.07890041371737844,lane_2,mainline,,normal,none,commit
BASIC-05,basic_long_dt_900,875,87.4999999999993,B05_TLV_CLV,cav,not_applicable,9461.620000000015,3.5,29.999999999999957,1.7053025658242407e-14,lane_1,mainline,,normal,none,commit
BASIC-05,basic_long_dt_900,876,87.5999999999993,B05_MV,cav,not_applicable,7245.999999180769,-0.05930197491775813,2.0062952874754046e-07,4.0,on_ramp,on_ramp_mv,,normal,executing,commit
BASIC-05,basic_long_dt_900,876,87.5999999999993,B05_CLV,cav,not_applicable,9471.000000000005,0.0,29.999999999999957,1.7053025658242407e-14,lane_2,mainline,,normal,none,commit
BASIC-05,basic_long_dt_900,876,87.5999999999993,B05_CFV,cav,not_applicable,9428.84190252813,0.0,30.051280228427274,0.7918276112233097,lane_2,mainline,,normal,none,commit
BASIC-05,basic_long_dt_900,876,87.5999999999993,B05_TLV_CLV,cav,not_applicable,9464.620000000015,3.5,29.999999999999957,1.7053025658242407e-14,lane_1,mainline,,normal,none,commit
BASIC-05,basic_long_dt_900,877,87.69999999999929,B05_MV,cav,not_applicable,7245.999999200352,-0.05930197463985376,1.9583366352387974e-07,4.0,on_ramp,on_ramp_mv,,normal,executing,commit
BASIC-05,basic_long_dt_900,877,87.69999999999929,B05_CLV,cav,not_applicable,9474.000000000005,0.0,29.999999999999957,1.7053025658242407e-14,lane_2,mainline,,normal,none,commit
BASIC-05,basic_long_dt_900,877,87.69999999999929,B05_CFV,cav,not_applicable,9431.84260004961,0.0,30.00697521480009,-0.44305013627183754,lane_2,mainline,,normal,none,commit
BASIC-05,basic_long_dt_900,877,87.69999999999929,B05_TLV_CLV,cav,not_applicable,9467.620000000015,3.5,29.999999999999957,1.7053025658242407e-14,lane_1,mainline,,normal,none,commit
BASIC-05,basic_long_dt_900,878,87.79999999999929,B05_MV,cav,not_applicable,7245.999999219467,-0.05930197436859297,1.9115237380105178e-07,4.0,on_ramp,on_ramp_mv,,normal,executing,commit
BASIC-05,basic_long_dt_900,878,87.79999999999929,B05_CLV,cav,not_applicable,9477.000000000005,0.0,29.999999999999957,1.7053025658242407e-14,lane_2,mainline,,normal,none,commit
BASIC-05,basic_long_dt_900,878,87.79999999999929,B05_CFV,cav,not_applicable,9434.846945342702,0.0,30.0434529309233,0.364777161232133,lane_2,mainline,,normal,none,commit
BASIC-05,basic_long_dt_900,878,87.79999999999929,B05_TLV_CLV,cav,not_applicable,9470.620000000015,3.5,29.999999999999957,1.7053025658242407e-14,lane_1,mainline,,normal,none,commit
BASIC-05,basic_long_dt_900,879,87.89999999999928,B05_MV,cav,not_applicable,7245.999999238125,-0.059301974103816324,1.8658305064924633e-07,4.0,on_ramp,on_ramp_mv,,normal,executing,commit
BASIC-05,basic_long_dt_900,879,87.89999999999928,B05_CLV,cav,not_applicable,9480.000000000005,0.0,29.999999999999957,1.7053025658242407e-14,lane_2,mainline,,normal,none,commit
BASIC-05,basic_long_dt_900,879,87.89999999999928,B05_CFV,cav,not_applicable,9437.843366085295,0.0,29.964207425933203,-0.792455049900982,lane_2,mainline,,normal,none,commit
BASIC-05,basic_long_dt_900,879,87.89999999999928,B05_TLV_CLV,cav,not_applicable,9473.620000000015,3.5,29.999999999999957,1.7053025658242407e-14,lane_1,mainline,,normal,none,commit
BASIC-05,basic_long_dt_900,880,87.99999999999928,B05_MV,cav,not_applicable,7245.999999256338,-0.059301973845368394,1.821228677278356e-07,4.0,on_ramp,on_ramp_mv,,normal,executing,commit
BASIC-05,basic_long_dt_900,880,87.99999999999928,B05_CLV,cav,not_applicable,9483.000000000005,0.0,29.999999999999957,1.7053025658242407e-14,lane_2,mainline,,normal,none,commit
BASIC-05,basic_long_dt_900,880,87.99999999999928,B05_CFV,cav,not_applicable,9440.840575832026,0.0,29.97209746730494,0.07890041371737844,lane_2,mainline,,normal,none,commit
BASIC-05,basic_long_dt_900,880,87.99999999999928,B05_TLV_CLV,cav,not_applicable,9476.620000000015,3.5,29.999999999999957,1.7053025658242407e-14,lane_1,mainline,,normal,none,commit
BASIC-05,basic_long_dt_900,881,88.09999999999927,B05_MV,cav,not_applicable,7245.999999274115,-0.05930197359309952,1.777692161070094e-07,4.0,on_ramp,on_ramp_mv,,normal,executing,commit
BASIC-05,basic_long_dt_900,881,88.09999999999927,B05_CLV,cav,not_applicable,9486.000000000005,0.0,29.999999999999957,1.7053025658242407e-14,lane_2,mainline,,normal,none,commit
BASIC-05,basic_long_dt_900,881,88.09999999999927,B05_CFV,cav,not_applicable,9443.84570385487,0.0,30.051280228427274,0.7918276112233097,lane_2,mainline,,normal,none,commit
BASIC-05,basic_long_dt_900,881,88.09999999999927,B05_TLV_CLV,cav,not_applicable,9479.620000000015,3.5,29.999999999999957,1.7053025658242407e-14,lane_1,mainline,,normal,none,commit
BASIC-05,basic_long_dt_900,882,88.19999999999926,B05_MV,cav,not_applicable,7245.999999291467,-0.05930197334686049,1.7351970426777498e-07,4.0,on_ramp,on_ramp_mv,,normal,executing,commit
BASIC-05,basic_long_dt_900,882,88.19999999999926,B05_CLV,cav,not_applicable,9489.000000000005,0.0,29.999999999999957,1.7053025658242407e-14,lane_2,mainline,,normal,none,commit
BASIC-05,basic_long_dt_900,882,88.19999999999926,B05_CFV,cav,not_applicable,9446.84640137635,0.0,30.00697521480009,-0.44305013627183754,lane_2,mainline,,normal,none,commit
BASIC-05,basic_long_dt_900,882,88.19999999999926,B05_TLV_CLV,cav,not_applicable,9482.620000000015,3.5,29.999999999999957,1.7053025658242407e-14,lane_1,mainline,,normal,none,commit
BASIC-05,basic_long_dt_900,883,88.29999999999926,B05_MV,cav,not_applicable,7245.999999308405,-0.059301973106507866,1.6937172328032213e-07,4.0,on_ramp,on_ramp_mv,,normal,executing,commit
BASIC-05,basic_long_dt_900,883,88.29999999999926,B05_CLV,cav,not_applicable,9492.000000000005,0.0,29.999999999999957,1.7053025658242407e-14,lane_2,mainline,,normal,none,commit
BASIC-05,basic_long_dt_900,883,88.29999999999926,B05_CFV,cav,not_applicable,9449.850746669443,0.0,30.0434529309233,0.364777161232133,lane_2,mainline,,normal,none,commit
BASIC-05,basic_long_dt_900,883,88.29999999999926,B05_TLV_CLV,cav,not_applicable,9485.620000000015,3.5,29.999999999999957,1.7053025658242407e-14,lane_1,mainline,,normal,none,commit
BASIC-05,basic_long_dt_900,884,88.39999999999925,B05_MV,cav,not_applicable,7245.999999324937,-0.05930197287190131,1.6532288162565813e-07,4.0,on_ramp,on_ramp_mv,,normal,executing,commit
BASIC-05,basic_long_dt_900,884,88.39999999999925,B05_CLV,cav,not_applicable,9495.000000000005,0.0,29.999999999999957,1.7053025658242407e-14,lane_2,mainline,,normal,none,commit
BASIC-05,basic_long_dt_900,884,88.39999999999925,B05_CFV,cav,not_applicable,9452.847167412036,0.0,29.964207425933203,-0.792455049900982,lane_2,mainline,,normal,none,commit
BASIC-05,basic_long_dt_900,884,88.39999999999925,B05_TLV_CLV,cav,not_applicable,9488.620000000015,3.5,29.999999999999957,1.7053025658242407e-14,lane_1,mainline,,normal,none,commit
BASIC-05,basic_long_dt_900,885,88.49999999999925,B05_MV,cav,not_applicable,7245.999999341074,-0.05930197264290227,1.613710051956078e-07,4.0,on_ramp,on_ramp_mv,,normal,executing,commit
BASIC-05,basic_long_dt_900,885,88.49999999999925,B05_CLV,cav,not_applicable,9498.000000000005,0.0,29.999999999999957,1.7053025658242407e-14,lane_2,mainline,,normal,none,commit
BASIC-05,basic_long_dt_900,885,88.49999999999925,B05_CFV,cav,not_applicable,9455.844377158766,0.0,29.97209746730494,0.07890041371737844,lane_2,mainline,,normal,none,commit
BASIC-05,basic_long_dt_900,885,88.49999999999925,B05_TLV_CLV,cav,not_applicable,9491.620000000015,3.5,29.999999999999957,1.7053025658242407e-14,lane_1,mainline,,normal,none,commit
BASIC-05,basic_long_dt_900,886,88.59999999999924,B05_MV,cav,not_applicable,7245.999999356825,-0.05930197241937751,1.575134850603609e-07,4.0,on_ramp,on_ramp_mv,,normal,executing,commit
BASIC-05,basic_long_dt_900,886,88.59999999999924,B05_CLV,cav,not_applicable,9501.000000000005,0.0,29.999999999999957,1.7053025658242407e-14,lane_2,mainline,,normal,none,commit
BASIC-05,basic_long_dt_900,886,88.59999999999924,B05_CFV,cav,not_applicable,9458.84950518161,0.0,30.051280228427274,0.7918276112233097,lane_2,mainline,,normal,none,commit
BASIC-05,basic_long_dt_900,886,88.59999999999924,B05_TLV_CLV,cav,not_applicable,9494.620000000015,3.5,29.999999999999957,1.7053025658242407e-14,lane_1,mainline,,normal,none,commit
BASIC-05,basic_long_dt_900,887,88.69999999999924,B05_MV,cav,not_applicable,7245.9999993722,-0.059301972201196484,1.537481471117422e-07,4.0,on_ramp,on_ramp_mv,,normal,executing,commit
BASIC-05,basic_long_dt_900,887,88.69999999999924,B05_CLV,cav,not_applicable,9504.000000000005,0.0,29.999999999999957,1.7053025658242407e-14,lane_2,mainline,,normal,none,commit
BASIC-05,basic_long_dt_900,887,88.69999999999924,B05_CFV,cav,not_applicable,9461.85020270309,0.0,30.00697521480009,-0.44305013627183754,lane_2,mainline,,normal,none,commit
BASIC-05,basic_long_dt_900,887,88.69999999999924,B05_TLV_CLV,cav,not_applicable,9497.620000000015,3.5,29.999999999999957,1.7053025658242407e-14,lane_1,mainline,,normal,none,commit
BASIC-05,basic_long_dt_900,888,88.79999999999923,B05_MV,cav,not_applicable,7245.999999387208,-0.059301971988230395,1.5007281724157654e-07,4.0,on_ramp,on_ramp_mv,,normal,executing,commit
BASIC-05,basic_long_dt_900,888,88.79999999999923,B05_CLV,cav,not_applicable,9507.000000000005,0.0,29.999999999999957,1.7053025658242407e-14,lane_2,mainline,,normal,none,commit
BASIC-05,basic_long_dt_900,888,88.79999999999923,B05_CFV,cav,not_applicable,9464.854547996183,0.0,30.0434529309233,0.364777161232133,lane_2,mainline,,normal,none,commit
BASIC-05,basic_long_dt_900,888,88.79999999999923,B05_TLV_CLV,cav,not_applicable,9500.620000000015,3.5,29.999999999999957,1.7053025658242407e-14,lane_1,mainline,,normal,none,commit
BASIC-05,basic_long_dt_900,889,88.89999999999922,B05_MV,cav,not_applicable,7245.999999401856,-0.05930197178035623,1.4648532134168875e-07,4.0,on_ramp,on_ramp_mv,,normal,executing,commit
BASIC-05,basic_long_dt_900,889,88.89999999999922,B05_CLV,cav,not_applicable,9510.000000000005,0.0,29.999999999999957,1.7053025658242407e-14,lane_2,mainline,,normal,none,commit
BASIC-05,basic_long_dt_900,889,88.89999999999922,B05_CFV,cav,not_applicable,9467.850968738776,0.0,29.964207425933203,-0.792455049900982,lane_2,mainline,,normal,none,commit
BASIC-05,basic_long_dt_900,889,88.89999999999922,B05_TLV_CLV,cav,not_applicable,9503.620000000015,3.5,29.999999999999957,1.7053025658242407e-14,lane_1,mainline,,normal,none,commit
BASIC-05,basic_long_dt_900,890,88.99999999999922,B05_MV,cav,not_applicable,7245.999999416154,-0.0593019715774501,1.4298370271472112e-07,4.0,on_ramp,on_ramp_mv,,normal,executing,commit
BASIC-05,basic_long_dt_900,890,88.99999999999922,B05_CLV,cav,not_applicable,9513.000000000005,0.0,29.999999999999957,1.7053025658242407e-14,lane_2,mainline,,normal,none,commit
BASIC-05,basic_long_dt_900,890,88.99999999999922,B05_CFV,cav,not_applicable,9470.848178485507,0.0,29.97209746730494,0.07890041371737844,lane_2,mainline,,normal,none,commit
BASIC-05,basic_long_dt_900,890,88.99999999999922,B05_TLV_CLV,cav,not_applicable,9506.620000000015,3.5,29.999999999999957,1.7053025658242407e-14,lane_1,mainline,,normal,none,commit
BASIC-05,basic_long_dt_900,891,89.09999999999921,B05_MV,cav,not_applicable,7245.999999430111,-0.05930197137939475,1.3956578725249845e-07,4.0,on_ramp,on_ramp_mv,,normal,executing,commit
BASIC-05,basic_long_dt_900,891,89.09999999999921,B05_CLV,cav,not_applicable,9516.000000000005,0.0,29.999999999999957,1.7053025658242407e-14,lane_2,mainline,,normal,none,commit
BASIC-05,basic_long_dt_900,891,89.09999999999921,B05_CFV,cav,not_applicable,9473.853186092527,0.0,30.05007607019872,0.7797860289377907,lane_2,mainline,,normal,none,commit
BASIC-05,basic_long_dt_900,891,89.09999999999921,B05_TLV_CLV,cav,not_applicable,9509.620000000015,3.5,29.999999999999957,1.7053025658242407e-14,lane_1,mainline,,normal,none,commit
BASIC-05,basic_long_dt_900,892,89.1999999999992,B05_MV,cav,not_applicable,7245.999999443734,-0.05930197118607383,1.362296182576631e-07,4.0,on_ramp,on_ramp_mv,,normal,executing,commit
BASIC-05,basic_long_dt_900,892,89.1999999999992,B05_CLV,cav,not_applicable,9519.000000000005,0.0,29.999999999999957,1.7053025658242407e-14,lane_2,mainline,,normal,none,commit
BASIC-05,basic_long_dt_900,892,89.1999999999992,B05_CFV,cav,not_applicable,9476.853664676148,0.0,30.00478583620272,-0.4529023399599894,lane_2,mainline,,normal,none,commit
BASIC-05,basic_long_dt_900,892,89.1999999999992,B05_TLV_CLV,cav,not_applicable,9512.620000000015,3.5,29.999999999999957,1.7053025658242407e-14,lane_1,mainline,,normal,none,commit
BASIC-05,basic_long_dt_900,893,89.2999999999992,B05_MV,cav,not_applicable,7245.999999457032,-0.05930197099737411,1.3297302162203983e-07,4.0,on_ramp,on_ramp_mv,,normal,executing,commit
BASIC-05,basic_long_dt_900,893,89.2999999999992,B05_CLV,cav,not_applicable,9522.000000000005,0.0,29.999999999999957,1.7053025658242407e-14,lane_2,mainline,,normal,none,commit
BASIC-05,basic_long_dt_900,893,89.2999999999992,B05_CFV,cav,not_applicable,9479.85771042244,0.0,30.04045746293327,0.35671626730546324,lane_2,mainline,,normal,none,commit
BASIC-05,basic_long_dt_900,893,89.2999999999992,B05_TLV_CLV,cav,not_applicable,9515.620000000015,3.5,29.999999999999957,1.7053025658242407e-14,lane_1,mainline,,normal,none,commit
BASIC-05,basic_long_dt_900,894,89.3999999999992,B05_MV,cav,not_applicable,7245.999999470011,-0.059301970813185,1.297942580590885e-07,4.0,on_ramp,on_ramp_mv,,normal,executing,commit
BASIC-05,basic_long_dt_900,894,89.3999999999992,B05_CLV,cav,not_applicable,9525.000000000005,0.0,29.999999999999957,1.7053025658242407e-14,lane_2,mainline,,normal,none,commit
BASIC-05,basic_long_dt_900,894,89.3999999999992,B05_CFV,cav,not_applicable,9482.853765665466,0.0,29.96055243025826,-0.7990503267500755,lane_2,mainline,,normal,none,commit
BASIC-05,basic_long_dt_900,894,89.3999999999992,B05_TLV_CLV,cav,not_applicable,9518.620000000015,3.5,29.999999999999957,1.7053025658242407e-14,lane_1,mainline,,normal,none,commit
BASIC-05,basic_long_dt_900,895,89.49999999999919,B05_MV,cav,not_applicable,7245.99999948268,-0.05930197063339948,1.2669158828226899e-07,4.0,on_ramp,on_ramp_mv,,normal,executing,commit
BASIC-05,basic_long_dt_900,895,89.49999999999919,B05_CLV,cav,not_applicable,9528.000000000005,0.0,29.999999999999957,1.7053025658242407e-14,lane_2,mainline,,normal,none,commit
BASIC-05,basic_long_dt_900,895,89.49999999999919,B05_CFV,cav,not_applicable,9485.850555951272,0.0,29.967902858069618,0.07350427811357463,lane_2,mainline,,normal,none,commit
BASIC-05,basic_long_dt_900,895,89.49999999999919,B05_TLV_CLV,cav,not_applicable,9521.620000000015,3.5,29.999999999999957,1.7053025658242407e-14,lane_1,mainline,,normal,none,commit
BASIC-05,basic_long_dt_900,896,89.59999999999918,B05_MV,cav,not_applicable,7245.999999495047,-0.05930197045791141,1.236630555942236e-07,4.0,on_ramp,on_ramp_mv,,normal,executing,commit
BASIC-05,basic_long_dt_900,896,89.59999999999918,B05_CLV,cav,not_applicable,9531.000000000005,0.0,29.999999999999957,1.7053025658242407e-14,lane_2,mainline,,normal,none,commit
BASIC-05,basic_long_dt_900,896,89.59999999999918,B05_CFV,cav,not_applicable,9488.855220362992,0.0,30.046644117188002,0.7874125911838338,lane_2,mainline,,normal,none,commit
BASIC-05,basic_long_dt_900,896,89.59999999999918,B05_TLV_CLV,cav,not_applicable,9524.620000000015,3.5,29.999999999999957,1.7053025658242407e-14,lane_1,mainline,,normal,none,commit
BASIC-05,basic_long_dt_900,897,89.69999999999918,B05_MV,cav,not_applicable,7245.9999995071175,-0.05930197028661821,1.2070692070841217e-07,4.0,on_ramp,on_ramp_mv,,normal,executing,commit
BASIC-05,basic_long_dt_900,897,89.69999999999918,B05_CLV,cav,not_applicable,9534.000000000005,0.0,29.999999999999957,1.7053025658242407e-14,lane_2,mainline,,normal,none,commit
BASIC-05,basic_long_dt_900,897,89.69999999999918,B05_CFV,cav,not_applicable,9491.855418150457,0.0,30.001977874648496,-0.4466624253950451,lane_2,mainline,,normal,none,commit
BASIC-05,basic_long_dt_900,897,89.69999999999918,B05_TLV_CLV,cav,not_applicable,9527.620000000015,3.5,29.999999999999957,1.7053025658242407e-14,lane_1,mainline,,normal,none,commit
BASIC-05,basic_long_dt_900,898,89.79999999999917,B05_MV,cav,not_applicable,7245.9999995189,-0.05930197011941951,1.1782144433829453e-07,4.0,on_ramp,on_ramp_mv,,normal,executing,commit
BASIC-05,basic_long_dt_900,898,89.79999999999917,B05_CLV,cav,not_applicable,9537.000000000005,0.0,29.999999999999957,1.7053025658242407e-14,lane_2,mainline,,normal,none,commit
BASIC-05,basic_long_dt_900,898,89.79999999999917,B05_CFV,cav,not_applicable,9494.85923415444,0.0,30.038160039843447,0.3618216519495086,lane_2,mainline,,normal,none,commit
BASIC-05,basic_long_dt_900,898,89.79999999999917,B05_TLV_CLV,cav,not_applicable,9530.620000000015,3.5,29.999999999999957,1.7053025658242407e-14,lane_1,mainline,,normal,none,commit
BASIC-05,basic_long_dt_900,899,89.89999999999917,B05_MV,cav,not_applicable,7245.999999530401,-0.05930196995621806,1.1500488719733056e-07,4.0,on_ramp,on_ramp_mv,,normal,executing,commit
BASIC-05,basic_long_dt_900,899,89.89999999999917,B05_CLV,cav,not_applicable,9540.000000000005,0.0,29.999999999999957,1.7053025658242407e-14,lane_2,mainline,,normal,none,commit
BASIC-05,basic_long_dt_900,899,89.89999999999917,B05_CFV,cav,not_applicable,9497.855101426487,0.0,29.958672720457496,-0.7948731938594928,lane_2,mainline,,normal,none,commit
BASIC-05,basic_long_dt_900,899,89.89999999999917,B05_TLV_CLV,cav,not_applicable,9533.620000000015,3.5,29.999999999999957,1.7053025658242407e-14,lane_1,mainline,,normal,none,commit
